COSMO_name,Molecule name,COSMO calculational method,CAS number,Molecular Weight,Sum Formula,file_name,SMILES
"((1,1-dimethylethoxy)methyl)oxirane","OXIRANE,(1,1-DIMETHYLETHOXY)METHYL-",BP-TZVP,007665-72-7,130.19,C7H14O2,,O1[C@@H](COC(C)(C)C)C1
((1-methylethyl)thio)benzene,,,,,,,S(C(C)C)c1ccccc1
"(+)-(1'r,2's,4's)-(e)-beta-santalol",,,,,,,C1C[C@@H]2C(=C)[C@]([C@H]1C2)(CC/C=C(/CO)\C)C
"(+)-(1'r,2's,4's)-beta-santalol",,,,,,,[C@@]1(C(=C)[C@H]2CC[C@@H]1C2)(CC/C=C(/C)\CO)C
"(+)-(1'r,3's,6's)-3'-methyl-norlimbanol",,,,,,,[C@H]1([C@H](CC[C@@H](C1(C)C)C)C)CC[C@@H](CCC)O
(+)-(14r)-14-methyl-15-pentadecanolide,,,,,,,C1CCCCC[C@H](COC(=O)CCCCCC1)C
"(+)-(1r,2r)-2-tert-butylcyclohexyl_acetate",,,,,,,C(=O)(C)O[C@@H]1CCCC[C@@H]1C(C)(C)C
"(+)-(1r,2s,2'r,4r)-2'-isopropyl-1,7,7-trimethylspiro(bicyclo(2_2_1)heptane-2,4'-(1,3)dioxane)",,,,,,,C1[C@]2([C@]3(C[C@@H](C1)C2(C)C)CCO[C@H](O3)C(C)C)C
"(+)-(1r,3r)-3-methylcyclopentadecanol",,,,,,,C1[C@H](C[C@@H](CCCCCCCCCCC1)C)O
"(+)-(1r,3r,4ar,9as)-magnolan",,,,,,,O1[C@H](O[C@@H]2[C@H]([C@H]1C)Cc1ccccc21)C
"(+)-(1r,3r,4as,9ar)-magnolan",,,,,,,O1[C@H](O[C@H]2[C@@H]([C@H]1C)Cc1ccccc21)C
"(+)-(1s,1'r)-rosamusk",,,,,,,C1(CCC[C@H](C1)[C@@H](OC(=O)C)C)(C)C
"(+)-(1s,2r)-2-heptylcyclopropanecarboxylicacid",,,,,,,[C@H]1([C@@H](C1)CCCCCCC)C(=O)O
"(+)-(1s,2r)-georgywood",,,,,,,C1CCC2=C(C1(C)C)[C@@H]([C@](CC2)(C)C(=O)C)C
"(+)-(1s,2r,2'r,4s)-1,2',7,7-tetramethyl-spiro(bicyclo(2_2_1)heptane-2,4'-(1,3)dioxane)",,,,,,,C1C[C@@]2([C@@]3(C[C@H]1C2(C)C)CCO[C@H](O3)C)C
"(+)-(1s,2r,2'r,4s)-2'-isopropyl-1,7,7-trimethylspiro(bicyclo(2_2_1)heptane-2,4'-(1,3)dioxane)",,,,,,,C1C[C@@]2([C@@]3(C[C@H]1C2(C)C)CCO[C@H](O3)C(C)C)C
"(+)-(1s,3r)-3-methylcyclopentadecanol",,,,,,,C1[C@@H](C[C@@H](CCCCCCCCCCC1)C)O
"(+)-(1s,3r,6r,8r)-8-tertbutylbicyclodecan-3-ol",,,,,,,[C@@H]12[C@H](C[C@@H](CC1)O)CC[C@H](C2)C(C)(C)C
"(+)-(1s,4r,5r,9s)-1-hydroxy-1,4,7,7,9-pentamethylspiro(4_5)decan-2-one",,,,,,,[C@]1(C(=O)C[C@H]([C@]21CC(C[C@@H](C2)C)(C)C)C)(C)O
"(+)-(2r,3s)-2,3-methano-1-pentanol",,,,,,,[C@H]1([C@@H](C1)CO)CC
"(+)-(2r,3s)-2,3-methanodimethyloctenol",,,,,,,CC(=CCC[C@@]1([C@@H](C1)CO)C)C
"(+)-(2r,4ar,8as)-polywood",,,,,,,C1CC([C@@H]2[C@@](C1)(C[C@@H](CC2)OC(=O)C)C)(C)C
"(+)-(2r,4r)-2-acetyl-p-menth-6-ene",,,,,,,C1=C([C@@H](C[C@@H](C1)C(C)C)C(=O)C)C
"(+)-(2r,4r)-clarycet",,,,,,,C1CO[C@@H](C[C@]1(C)OC(=O)C)CCC
"(+)-(2r,4r)-rhubafuran",,,,,,,[C@H]1(C[C@](CO1)(C)c1ccccc1)C
"(+)-(2r,4s)-clarycet",,,,,,,C1CO[C@@H](C[C@@]1(C)OC(=O)C)CCC
"(+)-(2r,4s)-disila-okoumal",,,,,,,O1[C@](O[C@H](C1)C)(c1cc2c(cc1)[Si](CC[Si]2(C)C)(C)C)C
"(+)-(2r,4s)-okoumal",,,,,,,O1[C@](O[C@H](C1)C)(c1cc2c(cc1)C(CCC2(C)C)(C)C)C
"(+)-(2r,4s,6r)-floropal",,,,,,,O1[C@@](C[C@H](O[C@H]1C)C)(c1ccccc1)C
"(+)-(2s)-2-ethyl-4,4-dimethyl-1-cyclohexanone",,,,,,,[C@@H]1(CC(CCC1=O)(C)C)CC
"(+)-(2s,4r)-florol",,,,,,,C1CO[C@H](C[C@]1(C)O)CCC
"(+)-(2s,4r)-rhubafuran",,,,,,,[C@@H]1(C[C@@](CO1)(C)c1ccccc1)C
"(+)-(2s,4s)-disila-okoumal",,,,,,,O1[C@@](O[C@H](C1)C)(c1cc2c(cc1)[Si](CC[Si]2(C)C)(C)C)C
"(+)-(2s,4s)-florol",,,,,,,C1CO[C@H](C[C@@]1(C)O)CCC
"(+)-(2s,5r)-2,6,10,10-tetramethyl-1-oxaspiro(4_5)dec-6-ene",,,,,,,C1CC=C([C@@]2(C1(C)C)O[C@H](CC2)C)C
"(+)-(3ar,6s,7ar)-perhydro-3,3,6-trimethyl-2-benzo[b]furanone",,,,,,,O1[C@H]2[C@@H](C(C1=O)(C)C)CC[C@@H](C2)C
"(+)-(3r,3ar,6s,7ar)-perhydro-3,6-dimethyl-2-benzo[b]furanone",,,,,,,O1[C@H]2[C@@H]([C@H](C1=O)C)CC[C@@H](C2)C
"(+)-(3r,3as,6r,7ar)-perhydro-3,6-dimethyl-2-benzo[b]furanone",,,,,,,O1[C@H]2[C@H]([C@H](C1=O)C)CC[C@H](C2)C
"(+)-(3r,3as,6s,7ar)-perhydro-3,6-dimethyl-2-benzo[b]furanone",,,,,,,O1[C@H]2[C@H]([C@H](C1=O)C)CC[C@@H](C2)C
"(+)-(3r,6e)-2,3-dihydrofarnesol",,,,,,,CC(=CCC/C(=C/CC[C@H](CCO)C)/C)C
"(+)-(3s,3as,6r,7ar)-perhydro-3,6-dimethyl-2-benzo[b]furanone",,,,,,,O1[C@H]2[C@H]([C@@H](C1=O)C)CC[C@H](C2)C
"(+)-(3s,3as,6s,7ar)-perhydro-3,6-dimethyl-2-benzo[b]furanone",,,,,,,O1[C@H]2[C@@H]([C@H](C1=O)C)CC[C@H](C2)C
"(+)-(3s,5s)-3,5-dimethylcyclohexanone",,,,,,,C1(=O)C[C@H](C[C@@H](C1)C)C
"(+)-(4ar,5s)-karanone",,,,,,,C12=CC(=O)C(=C(C)C)C[C@@]1([C@H](CC=C2)C)C
"(+)-(4ar,8as)-5,5,8a-trimethyloctahydronaphthalen-2-one",,,,,,,C1CC([C@@H]2[C@@](C1)(CC(=O)CC2)C)(C)C
"(+)-(4r,4ar,8as)-geosmin",,,,,,,C1[C@]2([C@@]([C@@H](CC1)C)(O)CCCC2)C
"(+)-(6s)-3,4-didehydro-7,8-dihydro-g-ionone",,,,,,,C1C=CC(=C)[C@H](C1(C)C)CCC(=O)C
"(+)-(6s)-3,4-didehydro-g-ionone",,,,,,,C1C=CC(=C)[C@H](C1(C)C)/C=C/C(=O)C
(+)-(6s)-dictyopterene_d,,,,,,,C1=C[C@@H](CC=CC1)/C=C\CC
"(+)-(7s,9r)-7,11-epoxymegastigma-5(6)-en-9-ol",,,,,,,C1CCC2=C(C1(C)C)[C@@H](OC2)C[C@@H](C)O
"(+)-(7s,9s)-7,11-epoxymegastigma-5(6)-en-9-ol",,,,,,,C1CCC2=C(C1(C)C)[C@@H](OC2)C[C@H](C)O
(+)-(e)-alpha-photosantalol,,,,,,,C1[C@@H]2[C@H]3[C@@]2([C@@]([C@@H]1C3)(C/C=C/C(C)(C)O)C)C
(+)-(r)-12-oxo-muscolide,,,,,,,C1CCCC(=O)C[C@H](COC(=O)CCCCCC1)C
"(+)-(r)-2,5,6-trimethyl-2-heptanol",,,,,,,CC([C@@H](CCC(C)(C)O)C)C
"(+)-(r)-4,8-dimethylnon-7-en-4-olide",,,,,,,C1[C@](OC(=O)C1)(CCC=C(C)C)C
"(+)-(s)-1,2-methano-3-octanol",,,,,,,C(CC[C@@H](C1CC1)O)CC
(+)-(s)-13-tetradecanolide,,,,,,,C1CCCCCC[C@@H](OC(=O)CCC1)C
"(+)-(s,s)-epoxydecenal",,,,,,,CCCCC[C@H]1[C@H](/C=C/C=O)O1
(+)-(z)-epi-beta-santalol,,,,,,,C1C[C@@H]2C(=C)[C@]([C@H]1C2)(C)CC/C=C(\CO)/C
"(+)-1'-[(1s,1'rs,3r)-3-isopropyl-1-methylcyclopentyl]ethanol",,,,,,,[C@H]1(CC[C@@](C1)([C@@H](O)C)C)C(C)C
"(+)-1'r,3r,6's-norlimbanol",,,,,,,[C@H]1([C@H](CCCC1(C)C)C)CC[C@@H](CCC)O
"(+)-1'r,3s,6's-5-methyl-norlimbanol",,,,,,,[C@H]1([C@H](CCCC1(C)C)C)CC[C@H](CC(C)C)O
"(+)-1'r,3s,6's-norlimbanol",,,,,,,[C@H]1([C@H](CCCC1(C)C)C)CC[C@H](CCC)O
"(+)-1-[(1s,3r)-3-isopropyl-1-methylcyclopentyl]ethanone",,,,,,,[C@H]1(CC[C@@](C1)(C(=O)C)C)C(C)C
"(+)-1-[(1s,3r)-3-isopropyl-1-methylcyclopentyl]propan-1-one",,,,,,,[C@H]1(CC[C@@](C1)(C(=O)CC)C)C(C)C
"(+)-20-desmethyl-8a,13-desoxyambreinolide",,,,,,,C1CC([C@H]2[C@](C1)([C@@H]1[C@@H](CC2)OCCC1)C)(C)C
(+)-3s-1-methoxyhexane-3-thiol,,,,,,,CCC[C@@H](CCOC)S
(+)-4-(2-endo-bornyl)-2-methylcyclohexanone,,,,,,,C1C[C@]2([C@H](C[C@@H]1C2(C)C)[C@H]1CCC(=O)[C@H](C1)C)C
"(+)-8-dehydro-11,12-dihydronootkatone",,,,,,,C1C(=O)C=C2[C@]([C@@H]1C)(C[C@@H](C=C2)C(C)C)C
"(+)-8b,13-desoxyambreinolide",,,,,,,C1CC([C@H]2[C@](C1)([C@@H]1[C@](CC2)(OCCC1)C)C)(C)C
"(+)-9a,13-epoxy-14,15,16,20-tetranorlabdane",,,,,,,C1CC([C@@H]2[C@@](C1)([C@]1(CCC2)OCCC1)C)(C)C
"(+)-9b,13-epoxy-14,15,16,20-tetranorlabdane",,,,,,,C1CC([C@@H]2[C@@](C1)([C@@]1(CCC2)OCCC1)C)(C)C
(+)-ambrox,,,,,,,[C@H]12[C@]3([C@H](CC[C@@]1(OCC2)C)C(CCC3)(C)C)C
(+)-androsta-16-en-3-one,,,,,,,[C@H]12CC(=O)CC[C@]1(C)[C@@H]1[C@@H](CC2)[C@H]2[C@@](CC1)(C)C=CC2
"(+)-androsta-4,16-dien-3-one",,,,,,,C12=CC(=O)CC[C@]1(C)[C@@H]1[C@@H](CC2)[C@H]2[C@@](CC1)(C)C=CC2
(+)-cedrol,,,,,,,C[C@@H]1CC[C@H]2C(C)(C)[C@H]3C[C@@]12CC[C@@]3(C)O
(+)-dehydrogeosmin,,,,,,,C1=CC[C@]2([C@](C1)(CCC[C@@H]2C)C)O
(+)-dihydrokaranone,,,,,,,C12=CC(=O)C(=C(C)C)C[C@@]1([C@H](CCC2)C)C
(+)-ent-13-desoxyambreinolide,,,,,,,C1CC([C@@H]2[C@@](C1)([C@H]1[C@](CC2)(OCCC1)C)C)(C)C
"(+)-ethyl(2r)-2-(1,1-dimethylpropoxy)propanoate",,,,,,,CCOC(=O)[C@H](OC(C)(CC)C)C
(+)-ethyl-(s)-3-methyl-2-oxo-pentanoate,,,,,,,CC[C@@H](C(=O)C(=O)OCC)C
(+)-helvetolide,,,,,,,C(C(O[C@@H](C)[C@H]1CC(CCC1)(C)C)(C)C)OC(=O)CC
(+)-isopinocamphone,,,,,,,[C@H]12C([C@H](CC(=O)[C@@H]1C)C2)(C)C
(+)-jinkohol2,,,,,,,[C@H]12[C@@]3(C[C@H]([C@H](C1(C)C)CO)CC3)[C@H](CC2)C
"(+)-methyl(1r)-1,4-dimethylcyclohex-3-ene-1-carboxylate",,,,,,,C1C[C@](CC=C1C)(C(=O)OC)C
(+)-methyl_(s)-3-hydroxyhexanoate,,,,,,,C(=O)(C[C@H](CCC)O)OC
(+)-patchoulenol,,,,,,,C1=C[C@H]2C[C@H]3[C@@]1([C@@](C2(C)C)(CC[C@H]3C)O)C
(+)-rieslingacetal_1b,,,,,,,C1C=C[C@@]2([C@@]3(C1(C)C)CC[C@](O2)(C)O3)C
(+)-s-methyl_(2s)-2-methylbutanethioate,,,,,,,C(=O)([C@H](CC)C)SC
(+)-tetrahydronootkatone,,,,,,,C1C(=O)C[C@H]2[C@]([C@@H]1C)(C[C@@H](CC2)C(C)C)C
(+)-tricycloketone,,,,,,,C1C(=O)C=C2[C@@]([C@H]1C)(C[C@]1([C@@H]2C1)C(C)C)C
"(+)-[(1s,3r)-3-isopropyl-1-methylcyclopentyl]methanol",,,,,,,[C@H]1(CC[C@@](C1)(CO)C)C(C)C
"(-)-(1's,3'r,6'r)-3'-methyl-norlimbanol",,,,,,,[C@@H]1([C@@H](CC[C@H](C1(C)C)C)C)CC[C@H](CCC)O
(-)-(11s)-11-methyl-12-dodecanolide,,,,,,,C1CCCC(=O)OC[C@H](CCCCC1)C
(-)-(14s)-14-methyl-15-pentadecanolide,,,,,,,C1CCCCC[C@@H](COC(=O)CCCCCC1)C
"(-)-(1r,1's)-rosamusk",,,,,,,C1(CCC[C@@H](C1)[C@H](OC(=O)C)C)(C)C
"(-)-(1r,2s)-2-heptylcyclopropanecarboxylicacid",,,,,,,[C@@H]1([C@H](C1)CCCCCCC)C(=O)O
"(-)-(1r,2s)-georgywood",,,,,,,C1CCC2=C(C1(C)C)[C@H]([C@@](CC2)(C)C(=O)C)C
"(-)-(1r,2s,2's,4r)-1,2',7,7-tetramethyl-spiro(bicyclo(2_2_1)heptane-2,4'-(1,3)dioxane)",,,,,,,C1C[C@]2([C@]3(C[C@@H]1C2(C)C)CCO[C@@H](O3)C)C
"(-)-(1r,2s,2's,4r)-2'-isopropyl-1,7,7-trimethylspiro(bicyclo(2_2_1)heptane-2,4'-(1,3)dioxane)",,,,,,,C1C[C@]2([C@]3(C[C@@H]1C2(C)C)CCO[C@@H](O3)C(C)C)C
"(-)-(1r,3s)-3-methylcyclopentadecanol",,,,,,,C1[C@H](C[C@H](CCCCCCCCCCC1)C)O
"(-)-(1r,3s,6s,8s)-8-tertbutylbicyclodecan-3-ol",,,,,,,[C@H]12[C@@H](C[C@H](CC1)O)CC[C@@H](C2)C(C)(C)C
"(-)-(1r,4s,5s,9r)-1-hydroxy-1,4,7,7,9-pentamethylspiro(4_5)decan-2-one",,,,,,,[C@@]1(C(=O)C[C@@H]([C@@]21CC(C[C@H](C2)C)(C)C)C)(C)O
"(-)-(1s,2r,2's,4s)-2'-isopropyl-1,7,7-trimethylspiro(bicyclo(2_2_1)heptane-2,4'-(1,3)dioxane)",,,,,,,C1[C@@]2([C@@]3(C[C@H](C1)C2(C)C)CCO[C@@H](O3)C(C)C)C
"(-)-(1s,3s)-3-methylcyclopentadecanol",,,,,,,C1[C@@H](C[C@H](CCCCCCCCCCC1)C)O
"(-)-(1s,3s,4ar,9as)-magnolan",,,,,,,O1[C@@H](O[C@@H]2[C@H]([C@@H]1C)Cc1ccccc21)C
"(-)-(1s,3s,4as,9ar)-magnolan",,,,,,,O1[C@@H](O[C@H]2[C@@H]([C@@H]1C)Cc1ccccc21)C
"(-)-(2r)-2-ethyl-4,4-dimethyl-1-cyclohexanone",,,,,,,[C@H]1(CC(CCC1=O)(C)C)CC
"(-)-(2r,4r)-disila-okoumal",,,,,,,O1[C@](O[C@@H](C1)C)(c1cc2c(cc1)[Si](CC[Si]2(C)C)(C)C)C
"(-)-(2r,4r)-florol",,,,,,,C1CO[C@@H](C[C@]1(C)O)CCC
"(-)-(2r,4s)-florol",,,,,,,C1CO[C@@H](C[C@@]1(C)O)CCC
"(-)-(2r,5r)-2,6,10,10-tetramethyl-1-oxaspiro(4_5)dec-6-ene",,,,,,,C1CC=C([C@@]2(C1(C)C)O[C@@H](CC2)C)C
"(-)-(2s,3r)-2,3-methano-1-pentanol",,,,,,,[C@@H]1([C@H](C1)CO)CC
"(-)-(2s,3r)-2,3-methanodimethyloctenol",,,,,,,CC(=CCC[C@]1([C@H](C1)CO)C)C
"(-)-(2s,4as,8ar)-polywood",,,,,,,C1CC([C@H]2[C@](C1)(C[C@H](CC2)OC(=O)C)C)(C)C
"(-)-(2s,4r)-disila-okoumal",,,,,,,O1[C@@](O[C@@H](C1)C)(c1cc2c(cc1)[Si](CC[Si]2(C)C)(C)C)C
"(-)-(2s,4r)-okoumal",,,,,,,O1[C@@](O[C@@H](C1)C)(c1cc2c(cc1)C(CCC2(C)C)(C)C)C
"(-)-(2s,4r,6s)-floropal",,,,,,,O1[C@](C[C@@H](O[C@@H]1C)C)(c1ccccc1)C
"(-)-(2s,4s)-2-acetyl-p-menth-6-ene",,,,,,,C1=C([C@H](C[C@H](C1)C(C)C)C(=O)C)C
"(-)-(2s,4s)-clarycet",,,,,,,C1CO[C@H](C[C@@]1(C)OC(=O)C)CCC
"(-)-(3as,6r,7as)-perhydro-3,3,6-trimethyl-2-benzo[b]furanone",,,,,,,O1[C@@H]2[C@H](C(C1=O)(C)C)CC[C@H](C2)C
"(-)-(3r,3ar,6r,7as)-perhydro-3,6-dimethyl-2-benzo[b]furanone",,,,,,,O1[C@@H]2[C@@H]([C@H](C1=O)C)CC[C@H](C2)C
"(-)-(3r,3ar,6s,7as)-perhydro-3,6-dimethyl-2-benzo[b]furanone",,,,,,,O1[C@@H]2[C@@H]([C@H](C1=O)C)CC[C@@H](C2)C
"(-)-(3r,5e)-3-methylcyclopentadec-5-en-1-one",,,,,,,C1CCC(=O)C[C@@H](C/C=C/CCCCCC1)C
"(-)-(3r,5r)-3,5-dimethylcyclohexanone",,,,,,,C1(=O)C[C@@H](C[C@H](C1)C)C
"(-)-(3r,5z)-3-methylcyclopentadec-5-en-1-one",,,,,,,C1CC(=O)C[C@@H](C/C=C\CCCCCCC1)C
"(-)-(3s,3ar,6s,7as)-perhydro-3,6-dimethyl-2-benzo[b]furanone",,,,,,,O1[C@@H]2[C@@H]([C@@H](C1=O)C)CC[C@@H](C2)C
"(-)-(3s,3as,6r,7as)-perhydro-3,6-dimethyl-2-benzo[b]furanone",,,,,,,O1[C@@H]2[C@H]([C@@H](C1=O)C)CC[C@H](C2)C
"(-)-(3s,6e)-2,3-dihydrofarnesol",,,,,,,CC(=CCC/C(=C/CC[C@@H](CCO)C)/C)C
"(-)-(4as,5r)-karanone",,,,,,,C12=CC(=O)C(=C(C)C)C[C@]1([C@@H](CC=C2)C)C
"(-)-(4as,8ar)-5,5,8a-trimethyloctahydronaphthalen-2-one",,,,,,,C1CC([C@H]2[C@](C1)(CC(=O)CC2)C)(C)C
"(-)-(6r)-3,4-didehydro-7,8-dihydro-g-ionone",,,,,,,C1C=CC(=C)[C@@H](C1(C)C)CCC(=O)C
"(-)-(6r)-3,4-didehydro-g-ionone",,,,,,,C1C=CC(=C)[C@@H](C1(C)C)/C=C/C(=O)C
(-)-(6r)-dictyopterene_d,,,,,,,C1=C[C@H](CC=CC1)/C=C\CC
"(-)-(7r,9r)-7,11-epoxymegastigma-5(6)-en-9-ol",,,,,,,C1CCC2=C(C1(C)C)[C@H](OC2)C[C@@H](C)O
"(-)-(7r,9s)-7,11-epoxymegastigma-5(6)-en-9-ol",,,,,,,C1CCC2=C(C1(C)C)[C@H](OC2)C[C@H](C)O
(-)-(e)-alpha-photosantalol,,,,,,,C1[C@H]2[C@@H]3[C@]2([C@]([C@H]1C3)(C/C=C/C(C)(C)O)C)C
"(-)-(e,r)-filbertone",,,,,,,C/C=C/C(=O)[C@@H](CC)C
"(-)-(r)-1,2-methano-3-octanol",,,,,,,C(CC[C@H](C1CC1)O)CC
(-)-(r)-13-tetradecanolide,,,,,,,C1CCCCCC[C@H](OC(=O)CCC1)C
"(-)-(r,r)-epoxydecenal",,,,,,,CCCCC[C@@H]1[C@@H](/C=C/C=O)O1
"(-)-(s)-2,5,6-trimethyl-2-heptanol",,,,,,,CC([C@H](CCC(C)(C)O)C)C
"(-)-(s)-4,8-dimethylnon-7-en-4-olide",,,,,,,C1[C@@](OC(=O)C1)(CCC=C(C)C)C
(-)-(s)-isomethylionone,,,,,,,C1CC=C([C@H](C1(C)C)/C=C(/C(=O)C)\C)C
(-)-(s)-n-methylionone,,,,,,,C1CC=C([C@H](C1(C)C)/C=C/C(=O)CC)C
(-)-(z)-epi-beta-santalol,,,,,,,C1C[C@H]2C(=C)[C@@]([C@@H]1C2)(C)CC/C=C(\CO)/C
"(-)-1'-[(1r,1'rs,3s)-3-isopropyl-1-methylcyclopentyl]ethanol",,,,,,,[C@@H]1(CC[C@](C1)([C@H](O)C)C)C(C)C
"(-)-1's,3r,6'r-5-methyl-norlimbanol",,,,,,,[C@@H]1([C@@H](CCCC1(C)C)C)CC[C@@H](CC(C)C)O
"(-)-1's,3r,6'r-norlimbanol",,,,,,,[C@@H]1([C@@H](CCCC1(C)C)C)CC[C@@H](CCC)O
"(-)-1's,3s,6'r-norlimbanol",,,,,,,[C@@H]1([C@@H](CCCC1(C)C)C)CC[C@H](CCC)O
"(-)-1-[(1r,3s)-3-isopropyl-1-methylcyclopentyl]ethanone",,,,,,,[C@@H]1(CC[C@](C1)(C(=O)C)C)C(C)C
"(-)-1-[(1r,3s)-3-isopropyl-1-methylcyclopentyl]propan-1-one",,,,,,,[C@@H]1(CC[C@](C1)(C(=O)CC)C)C(C)C
(-)-13-desoxyambreinolide,,,,,,,C1CC([C@H]2[C@](C1)([C@@H]1[C@@](CC2)(OCCC1)C)C)(C)C
"(-)-20-desmethyl-8a,13-desoxyambreinolide",,,,,,,C1CC([C@@H]2[C@@](C1)([C@H]1[C@H](CC2)OCCC1)C)(C)C
"(-)-20-desmethyl-8b,13-desoxyambreinolide",,,,,,,C1CC([C@@H]2[C@@](C1)([C@H]1[C@@H](CC2)OCCC1)C)(C)C
(-)-3r-1-methoxyhexane-3-thiol,,,,,,,CCC[C@H](CCOC)S
(-)-4-(2-endo-bornyl)-2-methylcyclohexanone,,,,,,,C1C[C@@]2([C@@H](C[C@H]1C2(C)C)[C@@H]1CCC(=O)[C@@H](C1)C)C
(-)-4-(2-exo-bornyl)-2-methylcyclohexanone,,,,,,,C1C[C@]2([C@@H](C[C@@H]1C2(C)C)[C@H]1CCC(=O)[C@H](C1)C)C
"(-)-8-dehydro-11,12-dihydronootkatone",,,,,,,C1C(=O)C=C2[C@@]([C@H]1C)(C[C@H](C=C2)C(C)C)C
"(-)-9a,13-epoxy-14,15,16,20-tetranorlabdane",,,,,,,C1CC([C@H]2[C@](C1)([C@@]1(CCC2)OCCC1)C)(C)C
"(-)-9b,13-epoxy-14,15,16,20-tetranorlabdane",,,,,,,C1CC([C@H]2[C@](C1)([C@]1(CCC2)OCCC1)C)(C)C
(-)-ambrox,,,,,,,[C@@]12([C@@H](CC[C@@]3([C@@H]1CCO3)C)C(CCC2)(C)C)C
(-)-androsta-16-en-3-one,,,,,,,[C@H]12CC[C@H]3[C@]([C@@H]1CC[C@@]1([C@@H]2CC=C1)C)(CCC(=O)C3)C
"(-)-androsta-4,16-dien-3-one",,,,,,,[C@H]12CCC3=CC(=O)CC[C@]3([C@@H]1CC[C@@]1([C@@H]2CC=C1)C)C
(-)-cubenol,,,,,,,C1C[C@H]([C@]2([C@H]([C@@H]1C(C)C)C=C(CC2)C)O)C
(-)-dehydrogeosmin,,,,,,,C1=CC[C@@]2([C@@](C1)(CCC[C@H]2C)C)O
"(-)-ent-8b,13-desoxyambreinolide",,,,,,,C1CC([C@@H]2[C@@](C1)([C@H]1[C@@](CC2)(OCCC1)C)C)(C)C
"(-)-ethyl(2s)-2-(1,1-dimethylpropoxy)propanoate",,,,,,,CCOC(=O)[C@@H](OC(C)(CC)C)C
(-)-ethyl-(r)-3-methyl-2-oxo-pentanoate,,,,,,,CC[C@H](C(=O)C(=O)OCC)C
(-)-ethyl_(r)-3-hydroxyhexanoate,,,,,,,C(=O)(C[C@@H](CCC)O)OCC
(-)-gamma-elemene,,,,,,,[C@]1([C@H](CC(=C(C)C)CC1)C(=C)C)(C)C=C
(-)-helvetolide,,,,,,,C(C(O[C@H](C)[C@@H]1CC(CCC1)(C)C)(C)C)OC(=O)CC
(-)-isopinocamphone,,,,,,,[C@H]12C[C@H](CC(=O)[C@H]1C)C2(C)C
(-)-jinkohol2,,,,,,,[C@@H]12[C@]3(C[C@@H]([C@@H](C1(C)C)CO)CC3)[C@@H](CC2)C
"(-)-methyl(1s)-1,4-dimethylcyclohex-3-ene-1-carboxylate",,,,,,,C1C[C@@](CC=C1C)(C(=O)OC)C
(-)-methyl_(r)-3-hydroxyhexanoate,,,,,,,C(=O)(C[C@@H](CCC)O)OC
(-)-patchoulenol,,,,,,,C1=C[C@@H]2C[C@@H]3[C@]1([C@](C2(C)C)(CC[C@@H]3C)O)C
(-)-patchoulol,,,,,,,C1[C@]2([C@H]3C[C@@H](C1)C([C@@]2(CC[C@@H]3C)O)(C)C)C
(-)-rieslingacetal_1c,,,,,,,C1C=C[C@]2([C@]3(C1(C)C)CC[C@@](O2)(C)O3)C
(-)-s-methyl_(2r)-2-methylbutanethioate,,,,,,,C(=O)([C@@H](CC)C)SC
(-)-tetrahydronootkatone,,,,,,,C1C(=O)C[C@@H]2[C@@]([C@H]1C)(C[C@H](CC2)CC)C
(-)-tricycloketone,,,,,,,C1C(=O)C=C2[C@]([C@@H]1C)(C[C@@]1([C@H]2C1)C(C)C)C
"(-)-[(1r,3s)-3-isopropyl-1-methylcyclopentyl]methanol",,,,,,,[C@@H]1(CC[C@](C1)(CO)C)C(C)C
(1'r)-(+)-campholenicaldehyde,,,,,,,C1(=CC[C@@H](C1(C)C)CC=O)C
"(1'r,1''r,2'r,3''s,5''s-javanol",,,,,,,C1[C@@](C)(CO)[C@@H]1C[C@@H]1C[C@@H]2[C@](C1(C)C)(C2)C
"(1'r,1''s,2'r,3''r,5''r-javanol",,,,,,,[C@@]12([C@H](C[C@@H](C1(C)C)C[C@@H]1C[C@@]1(C)CO)C2)C
"(1'r,6's)-(-)-1',2,3,6'-tetrahydrodamascone",,,,,,,[C@H]1([C@H](CCCC1(C)C)C)C(=O)CCC
(1's)-(-)-campholenicaldehyde,,,,,,,C1(=CC[C@H](C1(C)C)CC=O)C
"(1's,1''r,2's,3''s,5''s-javanol",,,,,,,[C@]12([C@@H](C[C@H](C1(C)C)C[C@H]1C[C@]1(C)CO)C2)C
"(1's,6'r)-(+)-1',2,3,6'-tetrahydrodamascone",,,,,,,[C@@H]1([C@@H](CCCC1(C)C)C)C(=O)CCC
"(1,1,2,2-tetrafluoro-1,2-ethanediyl)bis[trimethyl-silane",,,,,,,C[Si](C)(C)C(C(F)(F)[Si](C)(C)C)(F)F
"(1,1-dimethylbutyl)benzene",,,,,,,c1ccc(C(C)(C)CCC)cc1
"(1,1-dimethylethyl)-urea",,,,,,,CC(NC(=O)N)(C)C
"(1,1-dimethylethyl)benzene",,,,,,,c1(ccccc1)C(C)(C)C
"(1,1-dimethylethyl)dimethyl(1-methylethyl)-silane",,,,,,,CC(C)[Si](C)(C)C(C)(C)C
"(1,1-dimethylethyl)methoxydimethyl-silane",,,,,,,CC(C)(C)[Si](C)(C)OC
"(1,1-dimethylpropoxy)trimethyl-silane",,,,,,,CCC(C)(C)O[Si](C)(C)C
"(1,1-dimethylpropyl)benzene",,,,,,,c1(ccccc1)C(CC)(C)C
"(1,2-propadienylsulfonyl)-benzene","(1,2-propadienylsulphonyl)-benzene",BP-TZVP,002525-42-0,180.22,C9H8O2S,,c1c(cccc1)S(=O)(=O)C=C=C
(1-chloroethenyl)benzene,,,,,,,ClC(=C)c1ccccc1
(1-chloroethyl)trimethylsilane,,,,,,,C[C@@H]([Si](C)(C)C)Cl
(1-ethyl-1-methylpropyl)benzene,,,,,,,c1ccc(C(C)(CC)CC)cc1
(1-methylbutyl)benzene,,,,,,,c1ccc([C@@H](C)CCC)cc1
(1-methylenepropyl)-benzene,,,,,,,C=C(c1ccccc1)CC
(1-methylethyl)-cyclopentane,,,,,,,C1CCCC1C(C)C
(1-methylpropyl)-urea,,,,,,,NC(=O)N[C@@H](CC)C
(1-methylvinyl)cyclopropane,,,,,,,C1CC1C(=C)C
(12r)-(+)-12-methyl-13-tridecanolide,,,,,,,C1(=O)CCCCCCCCCC[C@H](CO1)C
(12r)-(-)-12-methyl-9-oxa-14-tetradecanolide,,,,,,,C1C(=O)OCC[C@@H](CCOCCCCCC1)C
"(12r,13s)-(+)-12-methyl-13-tetradecanolide",,,,,,,C1(=O)CCCCCCCCCC[C@H]([C@@H](O1)C)C
"(12r,9z)-nirvanolide",,,,,,,C1CCC(=O)OCC[C@@H](C/C=C\CCCC1)C
(12s)-(+)-12-methyl-9-oxa-14-tetradecanolide,,,,,,,C1C(=O)OCC[C@H](CCOCCCCCC1)C
(12s)-(-)-12-methyl-13-tridecanolide,,,,,,,C1(=O)CCCCCCCCCC[C@@H](CO1)C
"(12s,13r)-(-)-12-methyl-13-tetradecanolide",,,,,,,C1(=O)CCCCCCCCCC[C@@H]([C@H](O1)C)C
(18)-annulene,(18)-annulene,BP-TZVP,002040-73-5,234.34,C18H18,,C\1=C/C=C/[CH][CH]/C=C/C=C/C=C\C=C\[CH]/C=C/[CH]1
"(1e)-1,3-dichloro-1-fluoroprop-1-ene",,,,,,,C(/C=C(\F)/Cl)Cl
"(1e)-2,2,2-trifluoro-n-(1,1,2,2,2-pentafluoroethyl)ethanimidoylfluoride",,,,,,,C(=N\C(C(F)(F)F)(F)F)(\C(F)(F)F)/F
(1e)-n'-(3-bromophenyl)-n-phenylethanimidamide,,,,,,,Brc1cc(ccc1)/N=C(\C)/Nc1ccccc1
(1e)-n'-(3-chlorophenyl)-n-methyl-n-phenylethanimidamide,,,,,,,Clc1cc(ccc1)/N=C(\C)/N(C)c1ccccc1
(1e)-n'-(4-bromophenyl)-n-(4-methylphenyl)ethanimidamide,,,,,,,Cc1ccc(cc1)N/C(=N/c1ccc(cc1)Br)/C
(1e)-n'-(4-bromophenyl)-n-methyl-n-(4-methylphenyl)ethanimidamide,,,,,,,Cc1ccc(cc1)N(C)/C(=N/c1ccc(cc1)Br)/C
(1e)-n'-(4-bromophenyl)-n-methyl-n-phenylethanimidamide,,,,,,,Brc1ccc(cc1)/N=C(\C)/N(C)c1ccccc1
(1e)-n'-(4-bromophenyl)-n-phenylethanimidamide,,,,,,,Brc1ccc(cc1)/N=C(\C)/Nc1ccccc1
(1e)-n'-(4-nitrophenyl)-n-phenylethanimidamide,,,,,,,C/C(=N\c1ccc(cc1)N(=O)=O)/Nc1ccccc1
"(1e)-n'-[(dimethylamino)carbonothioyl]-n,n-dimethylethanimidamide",,,,,,,CN(C)[C](C)[N]C(=S)N(C)C
"(1e)-n,n'-bis(3-chlorophenyl)-n-methylethanimidamide",,,,,,,Clc1cc(ccc1)/N=C(\C)/N(C)c1cccc(c1)Cl
"(1e)-n,n'-bis(4-bromophenyl)-n-methylethanimidamide",,,,,,,Brc1ccc(cc1)/N=C(\C)/N(C)c1ccc(cc1)Br
"(1e)-n,n'-bis(4-chlorophenyl)ethanimidamide",,,,,,,Clc1ccc(cc1)/N=C(\C)/Nc1ccc(cc1)Cl
"(1e)-n,n'-bis(4-methylphenyl)ethanimidamide",,,,,,,Cc1ccc(cc1)/N=C(\C)/Nc1ccc(cc1)C
"(1e)-n,n'-diphenylethanimidamide",,,,,,,C/C(=N\c1ccccc1)/Nc1ccccc1
(1e)-n-(3-chlorophenyl)-n-methyl-n'-phenylethanimidamide,,,,,,,Clc1cc(ccc1)N(C)/C(=N/c1ccccc1)/C
(1e)-n-(4-bromophenyl)-n-methyl-n'-phenylethanimidamide,,,,,,,Brc1ccc(cc1)N(C)/C(=N/c1ccccc1)/C
(1e)-n-(4-methylphenyl)-n'-phenylethanimidamide,,,,,,,Cc1ccc(cc1)N/C(=N/c1ccccc1)/C
(1e)-n-methyl-n'-(4-methylphenyl)-n-phenylethanimidamide,,,,,,,Cc1ccc(cc1)/N=C(\C)/N(C)c1ccccc1
"(1e)-n-methyl-n,n'-bis(4-methylphenyl)ethanimidamide",,,,,,,Cc1ccc(cc1)/N=C(\C)/N(C)c1ccc(cc1)C
"(1e)-n-methyl-n,n'-diphenylethanimidamide",,,,,,,CN(c1ccccc1)/C(=N/c1ccccc1)/C
(1e)-n-methyl-n-(4-methylphenyl)-n'-phenylethanimidamide,,,,,,,Cc1ccc(cc1)N(C)/C(=N/c1ccccc1)/C
(1r)-(+)-styrallylacetate,,,,,,,c1c(cccc1)[C@@H](C)OC(=O)C
(1r)-1-(4-methylphenyl)ethylpropylether,,,,,,,c1c(ccc(c1)[C@@H](C)OCCC)C
(1r)-1-(trifluoromethoxy)ethanol,,,,,,,C[C@H](O)OC(F)(F)F
(1r)-1-chloro-1-methoxyethane,,,,,,,C[C@H](OC)Cl
(1r)-1-fluoroethanol,,,,,,,C[C@H](O)F
(1r)-1-fluoropropan-1-ol,,,,,,,CC[C@H](O)F
(1r)-1-methylbutyloxypyrazine,,,,,,,c1cncc(n1)O[C@@H](CCC)C
(1r)-1-methylheptyloxypyrazine,,,,,,,c1cncc(n1)O[C@@H](CCCCCC)C
(1r)-1-methylhexyloxypyrazine,,,,,,,c1cncc(n1)O[C@@H](CCCCC)C
(1r)-1-methylpropyloxypyrazine,,,,,,,c1cncc(n1)O[C@@H](CC)C
"(1r)-2,6,6-trimethylcyclohex-2-en-1-yl-acetone",,,,,,,C1CC=C([C@@H](C1(C)C)CC(=O)C)C
"(1r,2'r,3'r)-ebanol",,,,,,,C[C@H]([C@@H](/C=C/[C@@H]1C(C(=CC1)C)(C)C)C)O
"(1r,2's,3'r)-ebanol",,,,,,,C[C@@H]([C@@H](/C=C/[C@@H]1C(C(=CC1)C)(C)C)C)O
"(1r,2's,3's)-ebanol",,,,,,,C[C@@H]([C@H](/C=C/[C@@H]1C(C(=CC1)C)(C)C)C)O
"(1r,2r)-2-tert-butylcyclohexanol",,,,,,,[C@@H]1([C@H](CCCC1)C(C)(C)C)O
"(1r,2r,4e,5r)-(+)--4-(3'-methoxybenzylidene)isopinocamphone",,,,,,,[C@H]12C([C@H](/C(=C\c3cc(ccc3)OC)/C(=O)[C@@H]1C)C2)(C)C
"(1r,2r,4e,5r)-(+)--4-(4'-methoxybenzylidene)isopinocamphone",,,,,,,[C@H]12C([C@H](/C(=C\c3ccc(cc3)OC)/C(=O)[C@@H]1C)C2)(C)C
"(1r,2r,4e,5r)-(+)--4-cyclohexylmethyleneisopinocamphone",,,,,,,[C@H]12C([C@H](/C(=C\C3CCCCC3)/C(=O)[C@@H]1C)C2)(C)C
"(1r,2r,4e,5r)-(+)-4-benzylideneisopinocamphone",,,,,,,[C@H]12C([C@H](/C(=C\c3ccccc3)/C(=O)[C@@H]1C)C2)(C)C
"(1r,2r,4e,5r)-(+)-4-cinnamylideneisopinocamphone",,,,,,,[C@H]12C([C@H](/C(=C\C=C\c3ccccc3)/C(=O)[C@@H]1C)C2)(C)C
"(1r,2r,4e,5r)-(+)-4-dodecylideneisopinocamphone",,,,,,,[C@H]12C([C@H](/C(=C\CCCCCCCCCCC)/C(=O)[C@@H]1C)C2)(C)C
"(1r,2r,4e,5r)-(+)-4-furfuryideneisopinocamphone",,,,,,,[C@H]12C([C@H](/C(=C\c3ccco3)/C(=O)[C@@H]1C)C2)(C)C
"(1r,2r,4e,5r)-(+)-4-heptylideneisopinocamphone",,,,,,,[C@H]12C([C@H](/C(=C\CCCCCC)/C(=O)[C@@H]1C)C2)(C)C
"(1r,2r,4e,5r)-(+)-4-propylideneisopinocamphone",,,,,,,[C@H]12C([C@H](/C(=C\CC)/C(=O)[C@@H]1C)C2)(C)C
"(1r,2s)-methylepidihydrojasmonate",,,,,,,C1C[C@@H]([C@@H](C1=O)CCCCC)CC(=O)OC
"(1r,2s,2's,4r)-2'-ethyl-1,7,7-trimethylspiro(bicyclo(2_2_1)heptane-2,4'-(1,3)dioxane",,,,,,,C1[C@]2([C@@]3(C[C@@H](C1)C2(C)C)O[C@H](OCC3)CC)C
"(1r,2s,3r,4r,5s,7r)-2,4-difluoroadamantane",,,,,,,F[C@H]1[C@H]2C[C@@H]3C[C@@H](C[C@H]1C3)[C@H]2F
"(1r,2s,4r)-1,7,7-trimethyl-dispirobicyclo(2_2_1)heptane-2,4-(1,3-dioxane)-2',1-cyclopentane",,,,,,,C1[C@]2([C@@]3(C[C@@H](C1)C2(C)C)OC1(OCC3)CCCC1)C
"(1r,2s,5r)-menthyloxypyrazine",,,,,,,c1cncc(n1)O[C@@H]1C[C@@H](CC[C@H]1C(C)C)C
"(1r,3r,6r)-2,2,3,6-tetramethylcyclohexylpent-1-en-3-one",,,,,,,[C@@H]1([C@@H](CC[C@H](C1(C)C)C)C)/C=C/C(=O)CC
"(1r,3s,6s)-2,2,3,6-tetramethylcyclohexylpentan-3-one",,,,,,,[C@H]1([C@H](CC[C@@H](C1(C)C)C)C)CCC(=O)CC
"(1r,3s,6s)-tetrahydroirone",,,,,,,[C@H]1([C@H](CC[C@@H](C1(C)C)C)C)CCC(=O)C
"(1r,4s,5r)-5-acetoxycineole",,,,,,,[C@@H]12[C@@H](C[C@@](CC1)(OC2(C)C)C)OC(=O)C
"(1r,4s,5s)-5-acetoxycineole",,,,,,,[C@@H]12[C@H](C[C@@](CC1)(OC2(C)C)C)OC(=O)C
"(1r,4s,6r)-6-acetoxycineole",,,,,,,[C@@H]12C[C@H]([C@@](CC1)(OC2(C)C)C)OC(=O)C
"(1r,4s,6s)-6-acetoxycineole",,,,,,,[C@@H]12C[C@@H]([C@@](CC1)(OC2(C)C)C)OC(=O)C
"(1r,5r)-(+)-trans-gamma-irone",,,,,,,[C@H]1(CCC(=C)[C@H](C1(C)C)/C=C/C(=O)C)C
"(1r,5s)-(-)-cis-alpha-irone",,,,,,,[C@H]1(C(=CC[C@H](C1(C)C)C)C)/C=C/C(=O)C
"(1r,5s)-(-)-cis-gamma-irone",,,,,,,[C@H]1(C(=C)CC[C@@H](C1(C)C)C)/C=C/C(=O)C
"(1r,6r)-2,2,6-trimethylcyclohexylhex-1-en-3-one",,,,,,,[C@@H]1([C@@H](CCCC1(C)C)C)/C=C/C(=O)CCC
"(1r,6r)-2,2,6-trimethylcyclohexylpent-1-en-3-one",,,,,,,[C@@H]1([C@@H](CCCC1(C)C)C)/C=C/C(=O)CC
"(1r,6s)-(+)-1,6-dihydroionone",,,,,,,[C@H]1([C@H](CCCC1(C)C)C)/C=C/C(=O)C
"(1r,6s)-(+)-ethyltetrahydrosafranate",,,,,,,[C@H]1([C@H](CCCC1(C)C)C)C(=O)OCC
"(1r,6s)-(-)-1,6-dihydrodamascone",,,,,,,[C@H]1([C@H](CCCC1(C)C)C)C(=O)/C=C/C
"(1r,6s)-(-)-tetrahydroionol",,,,,,,[C@H]1([C@H](CCCC1(C)C)C)CC[C@@H](C)O
"(1r,6s)-2,2,6-trimethylcyclohexylhexan-3-one",,,,,,,[C@H]1([C@H](CCCC1(C)C)C)CCC(=O)CCC
"(1r,6s)-2,2,6-trimethylcyclohexylpentan-3-one",,,,,,,[C@H]1([C@H](CCCC1(C)C)C)CCC(=O)CC
"(1r,6s)-tetrahydroionone",,,,,,,[C@H]1([C@H](CCCC1(C)C)C)CCC(=O)C
(1s)-(-)-menthofuran,,,,,,,[C@@H]1(CCc2c(C1)occ2C)C
(1s)-1-(4-methylphenyl)ethylpropylether,,,,,,,c1c(ccc(c1)[C@H](C)OCCC)C
(1s)-1-chloro-1-fluoropropan-2-one,,,,,,,CC(=O)[C@@H](F)Cl
(1s)-1-methylbutyloxypyrazine,,,,,,,c1cncc(n1)O[C@H](CCC)C
(1s)-1-methylheptyloxypyrazine,,,,,,,c1cncc(n1)O[C@H](CCCCCC)C
(1s)-1-methylhexyloxypyrazine,,,,,,,c1cncc(n1)O[C@H](CCCCC)C
(1s)-1-methylpropyloxypyrazine,,,,,,,c1cncc(n1)O[C@H](CC)C
"(1s)-2,2,3,3,3-pentafluoro-1-methoxypropan-1-ol",,,,,,,CO[C@@H](C(C(F)(F)F)(F)F)O
"(1s)-2,6,6-trimethylcyclohex-2-en-1-yl]acetone",,,,,,,C1CC=C([C@H](C1(C)C)CC(=O)C)C
"(1s,2'r,3'r)-ebanol",,,,,,,C[C@H]([C@@H](/C=C/[C@H]1C(C(=CC1)C)(C)C)C)O
"(1s,2'r,3's)-ebanol",,,,,,,C[C@H]([C@H](/C=C/[C@H]1C(C(=CC1)C)(C)C)C)O
"(1s,2's,3'r)-ebanol",,,,,,,C[C@@H]([C@@H](/C=C/[C@H]1C(C(=CC1)C)(C)C)C)O
"(1s,2's,3's)-ebanol",,,,,,,C[C@@H]([C@H](/C=C/[C@H]1C(C(=CC1)C)(C)C)C)O
"(1s,2r)-1,2-difluorocyclopentane",,,,,,,C1C[C@H]([C@H](C1)F)F
"(1s,2r)-methylepidihydrojasmonate",,,,,,,C1C[C@H]([C@H](C1=O)CCCCC)CC(=O)OC
"(1s,2r,5s)-menthyloxypyrazine",,,,,,,c1cncc(n1)O[C@H]1C[C@H](CC[C@@H]1C(C)C)C
"(1s,2s)-2-tert-butylcyclohexanol",,,,,,,[C@H]1([C@@H](CCCC1)C(C)(C)C)O
"(1s,2s)-methyldihydrojasmonate",,,,,,,C1C[C@H]([C@@H](C1=O)CCCCC)CC(=O)OC
"(1s,2s,4e,5s)-(-)-4-(3'-methoxybenzylidene)isopinocamphone",,,,,,,[C@H]12C[C@H](/C(=C\c3cc(ccc3)OC)/C(=O)[C@H]1C)C2(C)C
"(1s,2s,4e,5s)-(-)-4-(4'-methoxybenzylidene)isopinocamphone",,,,,,,[C@H]12C[C@H](/C(=C\c3ccc(cc3)OC)/C(=O)[C@H]1C)C2(C)C
"(1s,2s,4e,5s)-(-)-4-benzylideneisopinocamphone",,,,,,,[C@H]12C[C@H](/C(=C\c3ccccc3)/C(=O)[C@H]1C)C2(C)C
"(1s,2s,4e,5s)-(-)-4-cinnamylideneisopinocamphone",,,,,,,[C@H]12C[C@H](/C(=C\C=C\c3ccccc3)/C(=O)[C@H]1C)C2(C)C
"(1s,2s,4e,5s)-(-)-4-cyclohexylmethyleneisopinocamphone",,,,,,,[C@H]12C[C@H](/C(=C\C3CCCCC3)/C(=O)[C@H]1C)C2(C)C
"(1s,2s,4e,5s)-(-)-4-dodecylideneisopinocamphone",,,,,,,[C@H]12C[C@H](/C(=C\CCCCCCCCCCC)/C(=O)[C@H]1C)C2(C)C
"(1s,2s,4e,5s)-(-)-4-furfuryideneisopinocamphone",,,,,,,[C@H]12C[C@H](/C(=C\c3ccco3)/C(=O)[C@H]1C)C2(C)C
"(1s,2s,4e,5s)-(-)-4-heptylideneisopinocamphone",,,,,,,[C@H]12C[C@H](/C(=C\CCCCCC)/C(=O)[C@H]1C)C2(C)C
"(1s,2s,4e,5s)-(-)-4-propylideneisopinocamphone",,,,,,,[C@H]12C[C@H](/C(=C\CC)/C(=O)[C@H]1C)C2(C)C
"(1s,3r,6r)-2,2,3,6-tetramethylcyclohexylpentan-3-one",,,,,,,[C@@H]1([C@@H](CC[C@H](C1(C)C)C)C)CCC(=O)CC
"(1s,3r,6r)-tetrahydroirone",,,,,,,[C@@H]1([C@@H](CC[C@H](C1(C)C)C)C)CCC(=O)C
"(1s,3s,6s)-2,2,3,6-tetramethylcyclohexylpent-1-en-3-one",,,,,,,[C@H]1([C@H](CC[C@@H](C1(C)C)C)C)/C=C/C(=O)CC
"(1s,4r,5r)-5-acetoxycineole",,,,,,,[C@@H]12CC[C@@](C[C@H]1OC(=O)C)(OC2(C)C)C
"(1s,4r,5s)-5-acetoxycineole",,,,,,,[C@@H]12CC[C@@](C[C@@H]1OC(=O)C)(OC2(C)C)C
"(1s,4r,6s)-6-acetoxycineole",,,,,,,[C@@H]12CC[C@@]([C@H](C1)OC(=O)C)(OC2(C)C)C
"(1s,5r)-(+)-cis-gamma-irone",,,,,,,[C@@H]1(C(=C)CC[C@H](C1(C)C)C)/C=C/C(=O)C
"(1s,5s)-(+)-trans-alpha-irone",,,,,,,[C@@H]1(C(=CC[C@@H](C1(C)C)C)C)/C=C/C(=O)C
"(1s,5s)-(-)-trans-gamma-irone",,,,,,,[C@@H]1(C(=C)CC[C@@H](C1(C)C)C)/C=C/C(=O)C
"(1s,6r)-(+)-tetrahydroionol",,,,,,,[C@@H]1([C@@H](CCCC1(C)C)C)CC[C@H](C)O
"(1s,6r)-(-)-dinorlimbanol",,,,,,,[C@@H]1([C@@H](CCCC1(C)C)C)CC[C@H](CC)O
"(1s,6r)-(-)-ethyltetrahydrosafranate",,,,,,,[C@@H]1([C@@H](CCCC1(C)C)C)C(=O)OCC
"(1s,6r)-2,2,6-trimethylcyclohexylhexan-3-one",,,,,,,[C@@H]1([C@@H](CCCC1(C)C)C)CCC(=O)CCC
"(1s,6r)-2,2,6-trimethylcyclohexylpentan-3-one",,,,,,,[C@@H]1([C@@H](CCCC1(C)C)C)CCC(=O)CC
"(1s,6r)-tetrahydroionone",,,,,,,[C@@H]1([C@@H](CCCC1(C)C)C)CCC(=O)C
"(1s,6s)-2,2,6-trimethylcyclohexylhex-1-en-3-one",,,,,,,[C@H]1([C@H](CCCC1(C)C)C)/C=C/C(=O)CCC
"(1s,6s)-2,2,6-trimethylcyclohexylpent-1-en-3-one",,,,,,,[C@H]1([C@H](CCCC1(C)C)C)/C=C/C(=O)CC
"(2,2)metacyclophane",,,,,,,C1Cc2cc(CCc3cc1ccc3)ccc2
"(2,2)paracyclophane",,,,,,,c1c2ccc(c1)CCc1ccc(cc1)CC2
"(2,2,2-trifluoro-1-hydroxyethyl)-2,2,2-trifluoroacetate",,,,,,,[C@H](C(F)(F)F)(O)OC(=O)C(F)(F)F
"(2,4,5-trichlorophenoxy)-aceticacid","(2,4,5-trichlorophenoxy)-Aceticacid",BP-TZVP,000093-76-5,255.48,C8H5Cl3O3,,c1(cc(c(cc1Cl)OCC(=O)O)Cl)Cl
"(2,4-dihydroxyphenyl)phenyl-methanone",,,,,,,C(=O)(c1c(cc(cc1)O)O)c1ccccc1
(2-aminoethoxy)trimethylsilane,,,,,,,C[Si](C)(C)OCCN
"(2-chloro-1,1,2,2-tetrafluoroethyl)-2,2,2-trifluoroacetate",,,,,,,C(=O)(C(F)(F)F)OC(C(F)(F)Cl)(F)F
(2-chloroethoxy)benzene,,,,,,,ClCCOc1ccccc1
(2-ethoxyethyl)-ethyl-dimethylammonium_cation,,,,,,,[N](CC)(C)(C)CCOCC
(2-ethoxymethylethoxy)-2-propanol,,,,,,,CCOC[C@H](C)OC[C@H](C)O
(2-furyl)-2-propanone,,,,,,,CC(=O)Cc1occc1
(2-hydroxyphenyl)(phenyl)methanone,,,,,,,Oc1ccccc1C(=O)c1ccccc1
(2-methoxyethyl)(trimethyl)silane,,,,,,,COCC[Si](C)(C)C
(2-methyl-1-propenyl)benzene,,,,,,,C(=C(C)C)c1ccccc1
(2-methylbutyl)benzene,,,,,,,c1ccc(C[C@@H](C)CC)cc1
(2-methylphenyl)thiourea,,,,,,,NC(=S)Nc1c(cccc1)C
(2-methylpropoxy)benzene,,,,,,,c1ccc(OCC(C)C)cc1
(2-propenyloxy)methyl-oxirane,,,,,,,C=CCOC[C@@H]1OC1
(2r)-(+)-beta-irone,,,,,,,C1(=C(CC[C@H](C1(C)C)C)C)/C=C/C(=O)C
(2r)-(-)-2-butylbutanoate,,,,,,,C[C@@H](OC(=O)CCC)CC
(2r)-(-)-2-butylhexanoate,,,,,,,C[C@@H](OC(=O)CCCCC)CC
(2r)-(-)-2-butyloctanoate,,,,,,,C[C@@H](OC(=O)CCCCCCC)CC
(2r)-(-)-2-heptylbutanoate,,,,,,,C[C@@H](OC(=O)CCC)CCCCC
(2r)-(-)-2-heptylcyclopentanone,,,,,,,C1CC[C@H](C1=O)CCCCCCC
(2r)-(-)-2-heptylhexanoate,,,,,,,C[C@@H](OC(=O)CCCCC)CCCCC
(2r)-(-)-2-heptyloctanoate,,,,,,,C[C@@H](OC(=O)CCCCCCC)CCCCC
(2r)-(-)-2-hexylbutanoate,,,,,,,C[C@@H](OC(=O)CCC)CCCC
(2r)-(-)-2-hexylhexanoate,,,,,,,C[C@@H](OC(=O)CCCCC)CCCC
(2r)-(-)-2-hexyloctanoate,,,,,,,C[C@@H](OC(=O)CCCCCCC)CCCC
(2r)-(-)-2-nonylacetate,,,,,,,C[C@@H](OC(=O)C)CCCCCCC
(2r)-(-)-2-nonylbutanoate,,,,,,,C[C@@H](OC(=O)CCC)CCCCCCC
(2r)-(-)-2-nonylhexanoate,,,,,,,C[C@@H](OC(=O)CCCCC)CCCCCCC
(2r)-(-)-2-nonyloctanoate,,,,,,,C[C@@H](OC(=O)CCCCCCC)CCCCCCC
(2r)-(-)-2-octylbutanoate,,,,,,,C[C@@H](OC(=O)CCC)CCCCCC
(2r)-(-)-2-octylhexanoate,,,,,,,C[C@@H](OC(=O)CCCCC)CCCCCC
(2r)-(-)-2-octyloctanoate,,,,,,,C[C@@H](OC(=O)CCCCCCC)CCCCCC
(2r)-(-)-2-pentylbutanoate,,,,,,,C[C@@H](OC(=O)CCC)CCC
(2r)-(-)-2-pentyloctanoate,,,,,,,C[C@@H](OC(=O)CCCCCCC)CCC
"(2r)-(-)-n,2-dimethyl-n-(3-methylphenyl)butanamide",,,,,,,c1(cccc(c1)N(C(=O)[C@@H](CC)C)C)C
"(2r)-1,1,1,2,3,3-hexafluoropropan-2-ol",,,,,,,C([C@@](C(F)(F)F)(O)F)(F)F
"(2r)-1,1,1-trifluoro-2,3-dimethylbutan-2-ol",,,,,,,CC(C)[C@](C)(C(F)(F)F)O
"(2r)-1,1,1-trifluoro-2,3-dimethylbutane",,,,,,,C[C@H](C(C)C)C(F)(F)F
"(2r)-1,1,1-trifluoro-2,4-dimethylpentane",,,,,,,C[C@H](CC(C)C)C(F)(F)F
"(2r)-1,1,1-trifluoro-2-methylbutane",,,,,,,CC[C@@H](C)C(F)(F)F
"(2r)-1,1,1-trifluoro-3,3-dimethylbutan-2-ol",,,,,,,CC(C)(C)[C@H](C(F)(F)F)O
"(2r)-1,1,1-trifluoro-3-methylbutan-2-ol",,,,,,,CC(C)[C@H](C(F)(F)F)O
"(2r)-1,2-dimethylpyrrolidine",,,,,,,C[C@@H]1CCCN1C
(2r)-1-chloropropan-2-amine,,,,,,,C[C@H](CCl)N
"(2r)-1-n-methylpropane-1,2-diamine",,,,,,,C[C@H](CNC)N
(2r)-2-aminopropanal,,,,,,,C[C@H](C=O)N
"(2r)-2-chloro-1,1,1-trifluoro-3-methylbutane",,,,,,,CC(C)[C@H](C(F)(F)F)Cl
(2r)-2-chloro-3-methylbutane,,,,,,,C[C@H](C(C)C)Cl
(2r)-2-fluoroheptane,,,,,,,CCCCC[C@@H](C)F
(2r)-2-fluorohexane,,,,,,,CCCC[C@@H](C)F
(2r)-2-fluoropyrrolidine,,,,,,,C1C[C@H](NC1)F
(2r)-2-heptylacetate,,,,,,,CCCCC[C@@H](C)OC(=O)C
(2r)-2-methoxy-3-methylbutane,,,,,,,C[C@H](C(C)C)OC
(2r)-2-methoxypentane,,,,,,,CCC[C@@H](C)OC
(2r)-2-methyl-n-((2'r)-2'-methylbutylidene)butan-1-amine,,,,,,,CC[C@H](/C=N/C[C@@H](CC)C)C
(2r)-2-methyl-n-((2's)-2-methylbutylidene)butan-1-amine,,,,,,,CC[C@@H](/C=N/C[C@@H](CC)C)C
(2r)-2-methyl-n-(3'-methylbutylidene)butan-1-amine,,,,,,,CC(C/C=N/C[C@@H](CC)C)C
"(2r)-2-[chloro(difluoro)methoxy]-1,1,1,2-tetrafluoroethane",,,,,,,[C@@H](C(F)(F)F)(OC(F)(F)Cl)F
"(2r)-3,3,3-trifluoro-2-methoxypropan-1-amine",,,,,,,CO[C@H](CN)C(F)(F)F
"(2r)-3,3,3-trifluoro-2-methylpropane-1,2-diamine",,,,,,,C[C@@](CN)(C(F)(F)F)N
(2r)-3-mercapto-2-methylpropan-1-ol,,,,,,,C([C@H](CS)C)O
"(2r)-4,4-difluorobutan-2-amine",,,,,,,C[C@H](CC(F)F)N
(2r)-4-fluoro-4-methylpentan-2-amine,,,,,,,C[C@H](CC(C)(C)F)N
(2r)-but-3-en-2-ol,,,,,,,C[C@H](C=C)O
(2r)-gardamide,,,,,,,c1cccc(c1)N(C(=O)[C@@H](CC)C)C
(2r)-heptanethiol,,,,,,,CCCCC[C@@H](C)S
"(2r)-n,3,3-trimethylbutan-2-amine",,,,,,,C[C@H](C(C)(C)C)NC
"(2r)-n,n,3-trimethylbutan-2-amine",,,,,,,C[C@H](C(C)C)N(C)C
(2r)-n-ethyl-n-methylbutan-2-amine,,,,,,,CC[C@@H](C)N(C)CC
(2r)-n-methylpentan-2-amine,,,,,,,CCC[C@@H](C)NC
"(2r,2'r,5'r)-lilacalcohol",,,,,,,C1[C@](O[C@](C1)(C=C)C)(C)[C@H](C)CO
"(2r,2'r,5's)-lilacalcohol",,,,,,,C1[C@](O[C@@](C1)(C=C)C)(C)[C@H](C)CO
"(2r,2'r,5's)-lilacaldehyde",,,,,,,C1[C@](O[C@@](C1)(C=C)C)(C)[C@@H](C)C=O
"(2r,2's,5'r)-lilacalcohol",,,,,,,C1[C@@](O[C@](C1)(C=C)C)(C)[C@H](C)CO
"(2r,2's,5'r)-lilacaldehyde",,,,,,,C1[C@@](O[C@](C1)(C=C)C)(C)[C@@H](C)C=O
"(2r,2's,5's)-lilacaldehyde",,,,,,,C1[C@@](O[C@@](C1)(C=C)C)(C)[C@@H](C)C=O
"(2r,3r)-2-fluoro-3-methylpentane",,,,,,,CC[C@@H](C)[C@@H](C)F
"(2r,3r)-3-mercapto-2-methyl-pentane-1-ol",,,,,,,C([C@H]([C@@H](CO)C)S)C
"(2r,3r)-magnolione",,,,,,,C1C[C@@H]([C@H](C1=O)CCCCC)CC(=O)C
"(2r,3r)-muguesia",,,,,,,c1cccc(c1)C[C@H]([C@@H](C)O)C
"(2r,3r,1r',2r'6r',7r')tricyclodecenylbutanol",,,,,,,[C@@H]12[C@@H]([C@H]3C/C(=C\[C@H]([C@@H](C)O)C)/[C@@H]1C3)CC=C2
"(2r,3r,1s',2s'6s',7s')tricyclodecenylbutanol",,,,,,,[C@H]12[C@H]([C@@H]3C/C(=C\[C@H]([C@@H](C)O)C)/[C@H]1C3)CC=C2
"(2r,3s)-3-mercapto-2-methyl-pentane-1-ol",,,,,,,C([C@@H]([C@@H](CO)C)S)C
"(2r,3s)-magnolione",,,,,,,C1C[C@H]([C@H](C1=O)CCCCC)CC(=O)C
"(2r,3s)-methylhydroxymethylpentanoate",,,,,,,C([C@@H]([C@H](C(=O)OC)O)C)C
"(2r,3s,1s',2s'6s',7s')tricyclodecenylbutanol",,,,,,,[C@H]12[C@H]([C@@H]3C/C(=C\[C@@H]([C@@H](C)O)C)/[C@H]1C3)CC=C2
"(2r,4ar)-(+)-alpha-ambrinol",,,,,,,[C@]1(CC[C@H]2C(=CCCC2(C)C)C1)(C)O
"(2r,4r)-doremox",,,,,,,C1[C@@H](OCC[C@H]1C)c1ccccc1
"(2r,4r)-pamplefluer",,,,,,,c1cccc(c1)[C@@H](C[C@H](CO)C)C
"(2r,4r)-trans-2-methyl-4-phenyl-[1,3]dioxolane",,,,,,,c1cccc(c1)[C@@H]1CO[C@H](O1)C
"(2r,4r,5r,6r)-2,4,5,6-tetramethyl-4-phenyl-(1,3)-dioxane",,,,,,,O1[C@H](O[C@]([C@@H]([C@H]1C)C)(c1ccccc1)C)C
"(2r,4r,6r)-floropal",,,,,,,O1[C@](C[C@H](O[C@H]1C)C)(c1ccccc1)C
"(2r,4s)-pamplefluer",,,,,,,c1cccc(c1)[C@H](C[C@H](CO)C)C
"(2r,4s,6r)-2,4,6-trimethyl-4-(2-phenylvinyl)-1,3-dioxane",,,,,,,O1[C@H](O[C@@](C[C@H]1C)(/C=C/c1ccccc1)C)C
"(2r,6r)-cis-pelargene_a",,,,,,,C1[C@H](O[C@H](C=C1C)c1ccccc1)C
"(2r,6r)-cis-pelargene_b",,,,,,,C1=C(C[C@@H](O[C@@H]1C)c1ccccc1)C
"(2r,6s)-exopelargene",,,,,,,C1[C@H](O[C@@H](CC1=C)c1ccccc1)C
"(2r,6s)-trans-pelargene_a",,,,,,,C1[C@H](O[C@@H](C=C1C)c1ccccc1)C
"(2r,6s)-trans-pelargene_b",,,,,,,C1=C(C[C@@H](O[C@H]1C)c1ccccc1)C
"(2r,8ar)-3,4-dihydro-3-oxoedulan",,,,,,,C1C(=O)C[C@@]2(C(=CC[C@H](O2)C)C1(C)C)C
"(2r,8as)-3,4-dihydro-3-oxoedulan",,,,,,,C1C(=O)C[C@]2(C(=CC[C@H](O2)C)C1(C)C)C
"(2r2'r,1''r)-nectaryl",,,,,,,C1=C(CC[C@H](C1)[C@@H](C[C@@H]1C(=O)CCC1)C)C
(2s)-(+)-2-butylbutanoate,,,,,,,C[C@H](OC(=O)CCC)CC
(2s)-(+)-2-butylhexanoate,,,,,,,C[C@H](OC(=O)CCCCC)CC
(2s)-(+)-2-butyloctanoate,,,,,,,C[C@H](OC(=O)CCCCCCC)CC
(2s)-(+)-2-heptylbutanoate,,,,,,,C[C@H](OC(=O)CCC)CCCCC
(2s)-(+)-2-heptylhexanoate,,,,,,,C[C@H](OC(=O)CCCCC)CCCCC
(2s)-(+)-2-heptyloctanoate,,,,,,,C[C@H](OC(=O)CCCCCCC)CCCCC
(2s)-(+)-2-hexylbutanoate,,,,,,,C[C@H](OC(=O)CCC)CCCC
(2s)-(+)-2-hexylhexanoate,,,,,,,C[C@H](OC(=O)CCCCC)CCCC
(2s)-(+)-2-hexyllcyclopentanone,,,,,,,C1CC[C@@H](C1=O)CCCCCC
(2s)-(+)-2-hexyloctanoate,,,,,,,C[C@H](OC(=O)CCCCCCC)CCCC
(2s)-(+)-2-nonylacetate,,,,,,,C[C@H](OC(=O)C)CCCCCCC
(2s)-(+)-2-nonylbutanoate,,,,,,,C[C@H](OC(=O)CCC)CCCCCCC
(2s)-(+)-2-nonylhexanoate,,,,,,,C[C@H](OC(=O)CCCCC)CCCCCCC
(2s)-(+)-2-nonyloctanoate,,,,,,,C[C@H](OC(=O)CCCCCCC)CCCCCCC
(2s)-(+)-2-octylbutanoate,,,,,,,C[C@H](OC(=O)CCC)CCCCCC
(2s)-(+)-2-octylhexanoate,,,,,,,C[C@H](OC(=O)CCCCC)CCCCCC
(2s)-(+)-2-octyloctanoate,,,,,,,C[C@H](OC(=O)CCCCCCC)CCCCCC
(2s)-(+)-2-pentylbutanoate,,,,,,,C[C@H](OC(=O)CCC)CCC
(2s)-(+)-2-pentyloctanoate,,,,,,,C[C@H](OC(=O)CCCCCCC)CCC
"(2s)-(+)-n,2-dimethyl-n-(3-methylphenyl)butanamide",,,,,,,c1(cccc(c1)N(C(=O)[C@H](CC)C)C)C
(2s)-(-)-beta-irone,,,,,,,C1(=C(CC[C@@H](C1(C)C)C)C)/C=C/C(=O)C
"(2s)-1,1,1-trifluoro-2-propan-2-yloxypropane",,,,,,,C[C@@H](C(F)(F)F)OC(C)C
"(2s)-1,1,2-trifluoropropan-2-amine",,,,,,,C[C@](C(F)F)(N)F
"(2s)-1,1,2-trifluoropropane",,,,,,,C[C@@H](C(F)F)F
"(2s)-1,1-difluorobutan-2-amine",,,,,,,CC[C@@H](C(F)F)N
"(2s)-1-chloro-1,1,3,3,3-pentafluoropropan-2-ol",,,,,,,[C@H](C(F)(F)F)(C(F)(F)Cl)O
(2s)-1-fluoropropan-2-amine,,,,,,,C[C@@H](CF)N
(2s)-2-fluoro-3-methylbutanal,,,,,,,CC(C)[C@@H](C=O)F
(2s)-2-fluorobutanal,,,,,,,CC[C@@H](C=O)F
(2s)-2-methyl-n-((2's)-2'-methylbutylidene)butan-1-amine,,,,,,,CC[C@@H](/C=N/C[C@H](CC)C)C
(2s)-2-methyl-n-(3'-methylbutylidene)butan-1-amine,,,,,,,CC(C/C=N/C[C@H](CC)C)C
"(2s)-3,3,3-trifluoro-2-hydroxypropanal",,,,,,,C(=O)[C@@H](C(F)(F)F)O
"(2s)-3,3,3-trifluoropropane-1,2-diamine",,,,,,,C([C@@H](C(F)(F)F)N)N
(2s)-3-mercapto-2-methylpropan-1-ol,,,,,,,C([C@@H](CS)C)O
"(2s)-4,4,4-trifluoro-2-methylbutan-1-amine",,,,,,,C[C@@H](CC(F)(F)F)CN
(2s)-gardamide,,,,,,,c1cccc(c1)N(C(=O)[C@H](CC)C)C
(2s)-heptanethiol,,,,,,,CCCCC[C@H](C)S
"(2s)-n,n-dimethylpentan-2-amine",,,,,,,CCC[C@H](C)N(C)C
(2s)-n-methylpentan-2-amine,,,,,,,CCC[C@H](C)NC
"(2s,2'r,5'r)-lilacaldehyde",,,,,,,C1[C@](O[C@](C1)(C=C)C)(C)[C@H](C)C=O
"(2s,2'r,5's)-lilacalcohol",,,,,,,C1[C@](O[C@@](C1)(C=C)C)(C)[C@@H](C)CO
"(2s,2'r,5's)-lilacaldehyde",,,,,,,C1[C@](O[C@@](C1)(C=C)C)(C)[C@H](C)C=O
"(2s,2's,5'r)-lilacalcohol",,,,,,,C1[C@@](O[C@](C1)(C=C)C)(C)[C@@H](C)CO
"(2s,2's,5'r)-lilacaldehyde",,,,,,,C1[C@@](O[C@](C1)(C=C)C)(C)[C@H](C)C=O
"(2s,2's,5's)-lilacalcohol",,,,,,,C1[C@@](O[C@@](C1)(C=C)C)(C)[C@@H](C)CO
"(2s,3r)-3-mercapto-2-methyl-pentane-1-ol",,,,,,,C([C@H]([C@H](CO)C)S)C
"(2s,3r)-magnolione",,,,,,,C1C[C@@H]([C@@H](C1=O)CCCCC)CC(=O)C
"(2s,3r)-methylhydroxymethylpentanoate",,,,,,,C([C@H]([C@@H](C(=O)OC)O)C)C
"(2s,3r)-muguesia",,,,,,,c1cccc(c1)C[C@H]([C@H](C)O)C
"(2s,3r,1r',2r'6r',7r')tricyclodecenylbutanol",,,,,,,[C@@H]12[C@@H]([C@H]3C/C(=C\[C@H]([C@H](C)O)C)/[C@@H]1C3)CC=C2
"(2s,3r,1s',2s'6s',7s')tricyclodecenylbutanol",,,,,,,[C@H]12[C@H]([C@@H]3C/C(=C\[C@H]([C@H](C)O)C)/[C@H]1C3)CC=C2
"(2s,3s)-1,1,1-trifluoro-2,3-dimethylpentane",,,,,,,CC[C@H](C)[C@H](C)C(F)(F)F
"(2s,3s)-3-chlorobutan-2-amine",,,,,,,C[C@@H]([C@H](C)Cl)N
"(2s,3s)-3-fluorobutan-2-amine",,,,,,,C[C@@H]([C@H](C)F)N
"(2s,3s)-3-mercapto-2-methyl-pentane-1-ol",,,,,,,C([C@@H]([C@H](CO)C)S)C
"(2s,3s)-muguesia",,,,,,,c1cccc(c1)C[C@@H]([C@H](C)O)C
"(2s,3s,1r',2r'6r',7r')tricyclodecenylbutanol",,,,,,,[C@@H]12[C@@H]([C@H]3C/C(=C\[C@@H]([C@H](C)O)C)/[C@@H]1C3)CC=C2
"(2s,3s,1s',2s'6s',7s')tricyclodecenylbutanol",,,,,,,[C@H]12[C@H]([C@@H]3C/C(=C\[C@@H]([C@H](C)O)C)/[C@H]1C3)CC=C2
"(2s,4as)-(-)-alpha-ambrinol",,,,,,,[C@H]12C(=CCCC2(C)C)C[C@@](CC1)(C)O
"(2s,4r)-cis-2-methyl-4-phenyl-[1,3]dioxolane",,,,,,,c1cccc(c1)[C@@H]1CO[C@@H](O1)C
"(2s,4r)-doremox",,,,,,,C1[C@H](OCC[C@H]1C)c1ccccc1
"(2s,4r,s)-2,4,6-trimethyl-4-(2-phenylvinyl)-1,3-dioxane",,,,,,,O1[C@@H](O[C@](C[C@@H]1C)(/C=C/c1ccccc1)C)C
"(2s,4s)-trans-2-methyl-4-phenyl-[1,3]dioxolane",,,,,,,c1cccc(c1)[C@H]1CO[C@@H](O1)C
"(2s,4s,5s,6s)-2,4,5,6-tetramethyl-4-phenyl-(1,3)-dioxane",,,,,,,O1[C@@H](O[C@@]([C@H]([C@@H]1C)C)(c1ccccc1)C)C
"(2s,4s,6s)-floropal",,,,,,,O1[C@@](C[C@@H](O[C@@H]1C)C)(c1ccccc1)C
"(2s,6r)-exopelargene",,,,,,,C1[C@@H](O[C@H](CC1=C)c1ccccc1)C
"(2s,6r)-trans-pelargene_a",,,,,,,C1[C@@H](O[C@H](C=C1C)c1ccccc1)C
"(2s,6r)-trans-pelargene_b",,,,,,,C1=C(C[C@H](O[C@@H]1C)c1ccccc1)C
"(2s,6s)-cis-pelargene_a",,,,,,,C1[C@@H](O[C@@H](C=C1C)c1ccccc1)C
"(2s,6s)-cis-pelargene_b",,,,,,,C1=C(C[C@H](O[C@H]1C)c1ccccc1)C
"(2s,8ar)-3,4-dihydro-3-oxoedulan",,,,,,,C1C(=O)C[C@@]2(C(=CC[C@@H](O2)C)C1(C)C)C
"(2s,8as)-3,4-dihydro-3-oxoedulan",,,,,,,C1C(=O)C[C@]2(C(=CC[C@@H](O2)C)C1(C)C)C
"(2s2's,1''r)-nectaryl",,,,,,,C1C[C@H](CC=C1C)[C@H](C[C@H]1C(=O)CCC1)C
"(2z)-butane-2,3-dionedimethylhydrazone",,,,,,,CN(C)/N=C(\C)/C(=O)C
"(3,3,3-trifluoropropyl)methyldichlorosilane","(3,3,3-TRIFLUOROPROPYL)METHYLDICHLOROSILANE",BP-TZVP,000675-62-7,211.09,C4H7Cl2F3Si,,FC(CC[Si](Cl)(Cl)C)(F)F
(3-chloropropyl)dimethylchlorosilane,,,,,,,ClCCC[Si](C)(C)Cl
(3-chloropropyl)trimethoxy-silane,,,,,,,CO[Si](OC)(OC)CCCCl
(3-chloropropyl)trimethylsilane,,,,,,,ClCCC[Si](C)(C)C
(3-methylacryloxypropyl)trichlorosilane,,,,,,,CC(=C)C(=O)OCCC[Si](Cl)(Cl)Cl
(3-methylbutyl)benzene,(3-methylbutyl)benzene,BP-TZVP,002049-94-7,148.25,C11H16,,c1ccc(CCC(C)C)cc1
(3-methylpentyl)amine,,,,,,,CC[C@@H](C)CCN
"(3ar,6s,7ar)-perhydro-6-methyl-3-methylene-2-benzo[b]furanone",,,,,,,O1[C@H]2[C@@H](C(=C)C1=O)CC[C@@H](C2)C
"(3as,6r,7as)-perhydro-6-methyl-3-methylene-2-benzo[b]furanone",,,,,,,O1[C@@H]2[C@H](C(=C)C1=O)CC[C@H](C2)C
(3b)-cholest-5-en-3-ol,,,,,,,C1[C@@H](O)CC2=CC[C@H]3[C@@H]4CC[C@H]([C@H](C)CCCC(C)C)[C@@]4(C)CC[C@@H]3[C@@]2(C)C1
(3r)-(+)-3-mercapto-3-methylhexan-1-ol,,,,,,,CCC[C@@](CCO)(C)S
"(3r)-(+)-3-methyl-1,4-dioxa-(ez)-6-cyclohexadecen-2-one",,,,,,,C1/C=C/CCCCCCCCCOC(=O)[C@H](O1)C
"(3r)-(+)-3-methyl-1,4-dioxa-(ez)-6-cyclopentadecen-2-one",,,,,,,C1O[C@@H](C(=O)OCCCCCCCC/C=C\1)C
"(3r)-(+)-3-methyl-1,4-dioxacyclohexadecan-2-one",,,,,,,C1CCCCCCO[C@@H](C(=O)OCCCCC1)C
(3r)-(+)-fixolide,,,,,,,[C@H]1(CC(c2c(C1(C)C)cc(c(c2)C(=O)C)C)(C)C)C
(3r)-(-)-hotrienol,,,,,,,C=C[C@@](C/C=C/C(=C)C)(O)C
"(3r)-1,1,1,3-tetrafluoro-2-(trifluoromethyl)butane",,,,,,,C[C@H](C(C(F)(F)F)C(F)(F)F)F
"(3r)-1,1-difluoro-3-methylcyclopentane",,,,,,,C[C@@H]1CCC(C1)(F)F
"(3r)-3,7-dimethyloct-6-enyl_ethyl_oxalate",,,,,,,C(=C(C)C)CC[C@H](CCOC(=O)C(=O)OCC)C
(3r)-3-(methylthio)hexylacetate,,,,,,,O(CC[C@@H](CCC)SC)C(=O)C
(3r)-3-(methylthio)hexylbutyrate,,,,,,,O(CC[C@@H](CCC)SC)C(=O)CCC
(3r)-3-(methylthio)hexylhexanoate,,,,,,,O(CC[C@@H](CCC)SC)C(=O)CCCCC
(3r)-3-acetylthiohexanal,,,,,,,CCC[C@H](CC=O)SC(=O)C
(3r)-3-acetylthiohexanol,,,,,,,CCC[C@H](CCO)SC(=O)C
"(3r)-3-fluoro-2,2,4-trimethylpentane",,,,,,,CC(C)[C@H](C(C)(C)C)F
(3r)-3-mercaptoheptyl_acetate,,,,,,,C(=O)(C)OCC[C@@H](CCCC)S
(3r)-3-mercaptohexanal,,,,,,,CCC[C@H](CC=O)S
(3r)-3-mercaptohexylacetate,,,,,,,CCC[C@H](CCOC(=O)C)S
(3r)-3-mercaptohexylbutanoate,,,,,,,CCC[C@H](CCOC(=O)CCC)S
(3r)-3-mercaptohexylhexanoate,,,,,,,O(CC[C@@H](CCC)S)C(=O)CCCCC
"(3r)-3-methyl-1,4-dioxacyclopentadecan-2-one",,,,,,,C1CCCCOC(=O)[C@H](OCCCCCC1)C
"(3r,1'r)-homopolysantol",,,,,,,C1(=CC[C@@H](C1(C)C)/C=C/C([C@H](O)CC)(C)C)C
"(3r,1's)-homopolysantol",,,,,,,C1(=CC[C@H](C1(C)C)/C=C/C([C@H](O)CC)(C)C)C
"(3r,3ar,7ar)-winelactone",,,,,,,C1C[C@H]2[C@H](C=C1C)OC(=O)[C@@H]2C
"(3r,3ar,7as)-3-butylhexahydrophthalide",,,,,,,C1CC[C@H]2[C@H](OC(=O)[C@H]2C1)CCCC
"(3r,3ar,7as)-dillether",,,,,,,C1C[C@H]2[C@@H](C=C1C)OC[C@@H]2C
"(3r,3ar,7as)-winelactone",,,,,,,C1C[C@H]2[C@@H](C=C1C)OC(=O)[C@@H]2C
"(3r,3as,7ar)-dillether",,,,,,,C1C[C@@H]2[C@H](C=C1C)OC[C@@H]2C
"(3r,3as,7ar)-winelactone",,,,,,,C1C[C@@H]2[C@H](C=C1C)OC(=O)[C@@H]2C
"(3r,3as,7as)-winelactone",,,,,,,C1C[C@@H]2[C@@H](C=C1C)OC(=O)[C@@H]2C
"(3r,4r)-(+)-3-methyl-4-decanolide",,,,,,,[C@@H]1([C@H](OC(=O)C1)CCCCCC)C
"(3r,4r)-(+)-cis-3,4-dimethylbutanolide",,,,,,,[C@H]1([C@@H](CC(=O)O1)C)C
"(3r,4r)-(+)-whiskeylactone",,,,,,,[C@@H]1(OC(=O)C[C@H]1C)CCCC
"(3r,4r)-jasmal",,,,,,,[C@H]1(COCC[C@H]1OC(=O)C)CCCCC
"(3r,4s)-(-)-trans-3,4-dimethylbutanolide",,,,,,,[C@@H]1([C@@H](CC(=O)O1)C)C
"(3r,4s)-jasmal",,,,,,,[C@H]1(COCC[C@@H]1OC(=O)C)CCCCC
"(3r,7s)-methyl_4,5-didehydrojasmonate",,,,,,,C1=C[C@H]([C@@H](C1=O)C/C=C\CC)CC(=O)OC
(3s)-(+)-hotrienol,,,,,,,C=C[C@](C/C=C/C(=C)C)(O)C
(3s)-(-)-3-mercapto-3-methylhexan-1-ol,,,,,,,CCC[C@](CCO)(C)S
"(3s)-(-)-3-methyl-1,4-dioxa-(ez)-6-cyclohexadecen-2-one",,,,,,,C1/C=C/CCCCCCCCCOC(=O)[C@@H](O1)C
"(3s)-(-)-3-methyl-1,4-dioxa-(ez)-6-cyclopentadecen-2-one",,,,,,,C1O[C@H](C(=O)OCCCCCCCC/C=C\1)C
"(3s)-(-)-3-methyl-1,4-dioxacyclohexadecan-2-one",,,,,,,C1CCCOC(=O)[C@@H](OCCCCCCCC1)C
"(3s)-1,1,1-trifluoro-4-methylpentan-3-amine",,,,,,,CC(C)[C@H](CC(F)(F)F)N
"(3s)-2,2-dimethyl-3-(trifluoromethoxy)butane",,,,,,,C[C@@H](C(C)(C)C)OC(F)(F)F
(3s)-2-methylpentan-3-amine,,,,,,,CC[C@@H](C(C)C)N
"(3s)-3,7-dimethyloct-6-enyl_ethyl_oxalate",,,,,,,C(=C(C)C)CC[C@@H](CCOC(=O)C(=O)OCC)C
(3s)-3-(methylthio)hexylacetate,,,,,,,O(CC[C@H](CCC)SC)C(=O)C
(3s)-3-(methylthio)hexylbutyrate,,,,,,,O(CC[C@H](CCC)SC)C(=O)CCC
(3s)-3-(methylthio)hexylhexanoate,,,,,,,O(CC[C@H](CCC)SC)C(=O)CCCCC
(3s)-3-acetylthiohexanal,,,,,,,CCC[C@@H](CC=O)SC(=O)C
(3s)-3-acetylthiohexanol,,,,,,,CCC[C@@H](CCO)SC(=O)C
"(3s)-3-amino-1,1,1-trifluorobutan-2-one",,,,,,,C[C@@H](C(=O)C(F)(F)F)N
(3s)-3-chloro-3-fluorobutan-2-one,,,,,,,CC(=O)[C@@](C)(F)Cl
(3s)-3-fluoro-1-methylpyrrolidine,,,,,,,CN1CC[C@@H](C1)F
(3s)-3-mercaptoheptyl_acetate,,,,,,,C(=O)(C)OCC[C@H](CCCC)S
(3s)-3-mercaptohexanal,,,,,,,CCC[C@@H](CC=O)S
(3s)-3-mercaptohexylacetate,,,,,,,CCC[C@@H](CCOC(=O)C)S
(3s)-3-mercaptohexylbutanoate,,,,,,,CCC[C@@H](CCOC(=O)CCC)S
(3s)-3-mercaptohexylhexanoate,,,,,,,O(CC[C@H](CCC)S)C(=O)CCCCC
"(3s)-3-methyl-1,4-dioxacyclopentadecan-2-one",,,,,,,C1CCCCO[C@H](C(=O)OCCCCCC1)C
"(3s,1'r)-homopolysantol",,,,,,,C1(=CC[C@@H](C1(C)C)/C=C/C([C@@H](O)CC)(C)C)C
"(3s,1's)-homopolysantol",,,,,,,C1(=CC[C@H](C1(C)C)/C=C/C([C@@H](O)CC)(C)C)C
"(3s,3ar,7ar)-winelactone",,,,,,,C1C[C@H]2[C@H](C=C1C)OC(=O)[C@H]2C
"(3s,3ar,7as)-dillether",,,,,,,C1C[C@H]2[C@@H](C=C1C)OC[C@H]2C
"(3s,3ar,7as)-winelactone",,,,,,,C1C[C@H]2[C@@H](C=C1C)OC(=O)[C@H]2C
"(3s,3as,7ar)-3-butylhexahydrophthalide",,,,,,,C1CC[C@@H]2[C@@H](OC(=O)[C@@H]2C1)CCCC
"(3s,3as,7ar)-dillether",,,,,,,C1C[C@@H]2[C@H](C=C1C)OC[C@H]2C
"(3s,3as,7ar)-winelactone",,,,,,,C1C[C@@H]2[C@H](C=C1C)OC(=O)[C@H]2C
"(3s,3as,7as)-winelactone",,,,,,,C1C[C@@H]2[C@@H](C=C1C)OC(=O)[C@H]2C
"(3s,4r)-(+)-trans-3,4-dimethylbutanolide",,,,,,,[C@H]1([C@H](CC(=O)O1)C)C
"(3s,4r)-(+)-whiskeylactone",,,,,,,[C@@H]1(OC(=O)C[C@@H]1C)CCCC
"(3s,4s)-(-)-3-methyl-4-decanolide",,,,,,,[C@H]1([C@@H](OC(=O)C1)CCCCCC)C
"(3s,4s)-(-)-whiskeylactone",,,,,,,[C@H]1(OC(=O)C[C@@H]1C)CCCC
"(3s,4s)-jasmal",,,,,,,[C@@H]1(COCC[C@@H]1OC(=O)C)CCCCC
"(3s,7r)-methyl_4,5-didehydrojasmonate",,,,,,,C1=C[C@@H]([C@H](C1=O)C/C=C\CC)CC(=O)OC
(4-ethoxyphenyl)-urea,,,,,,,O=C(N)Nc1ccc(OCC)cc1
(4-hydroxyphenyl)acetonitrile,,,,,,,Oc1ccc(CC#N)cc1
(4-methoxyphenyl)(phenyl)methanone,,,,,,,COc1ccc(cc1)C(=O)c1ccccc1
(4-nitrophenyl)hydrazine,,,,,,,O=N(=O)c1ccc(NN)cc1
"(4r)-(-)-(2z,6z)-2,6-nonadien-4-olide",,,,,,,C1=CC(=O)O[C@@H]1C/C=C\CC
"(4r)-2,2-dimethyl-4-propyl-1,3-oxathiane",,,,,,,S1[C@@H](CCOC1(C)C)CCC
"(4r)-4,7-dimethyl-3-octenon",,,,,,,CCC(=O)[C@@H](CC=C(C)C)C
(4r)-4-methylhexan-1-ol,,,,,,,CC[C@H](CCCO)C
(4r)-4-methylhexanal,,,,,,,CC[C@H](CCC=O)C
(4r)-4-methylnonanoicacid,,,,,,,C(CCC[C@H](CCC(=O)O)C)C
(4r)-4-methyloctanoicacid,,,,,,,CCCC[C@H](CCC(=O)O)C
(4r)-4-methyloxacyclopentadec-9-en-2-one,,,,,,,C1CC/C=C\CCCC[C@H](CC(=O)OCC1)C
"(4r)-4-propyl-1,3-oxathiane",,,,,,,S1[C@@H](CCOC1)CCC
(4r)-delta-decathionolactone,,,,,,,C1C(=S)O[C@@H](CC1)CCCCC
(4r)-delta-hexathionolactone,,,,,,,C1C(=S)O[C@@H](CC1)C
(4r)-delta-octathionolactone,,,,,,,C1C(=S)O[C@@H](CC1)CCC
(4r)-gamma-decathionolactone,,,,,,,C1(=S)O[C@@H](CC1)CCCCCC
(4r)-gamma-hexathionolactone,,,,,,,C1(=S)O[C@@H](CC1)CC
(4r)-gamma-octathionolactone,,,,,,,C1(=S)O[C@@H](CC1)CCCC
(4r)-solerone,,,,,,,C1C(=O)O[C@@H](C1)C(=O)C
"(4r,4as)-(+)-alpha-vetivone",,,,,,,C1(=O)C[C@H]([C@]2([C@H](C1)CCC(=C(C)C)C2)C)C
"(4r,5r)-(+)-cis-aerangislactone",,,,,,,C1C[C@H]([C@H](OC1=O)CCCCC)C
"(4r,5r)-solerole",,,,,,,C1C(=O)O[C@H](C1)[C@@H](C)O
"(4r,5s)-solerole",,,,,,,C1C(=O)O[C@H](C1)[C@@H](O)C
"(4r,5s)-trans-aerangislactone",,,,,,,C1CC(=O)O[C@H]([C@@H]1C)CCCCC
"(4r,7r)-(+)-galaxolide",,,,,,,c12c(COC[C@@H]1C)cc1c(c2)C([C@H](C1(C)C)C)(C)C
"(4r,7s)-(+)-galaxolide",,,,,,,c12c(COC[C@@H]1C)cc1c(c2)C([C@@H](C1(C)C)C)(C)C
"(4s)-(+)-(2z,6z)-2,6-nonadien-4-olide",,,,,,,C1=CC(=O)O[C@H]1C/C=C\CC
"(4s)-2,2-dimethyl-4-propyl-1,3-oxathiane",,,,,,,S1[C@H](CCOC1(C)C)CCC
(4s)-4-methylhexan-1-ol,,,,,,,CC[C@@H](CCCO)C
(4s)-4-methylhexanal,,,,,,,CC[C@@H](CCC=O)C
(4s)-4-methylnonanoicacid,,,,,,,C(CCC[C@@H](CCC(=O)O)C)C
(4s)-4-methyloctanoicacid,,,,,,,CCCC[C@@H](CCC(=O)O)C
(4s)-4-methyloxacyclopentadec-9-en-2-one,,,,,,,C1CC/C=C\CCCC[C@@H](CC(=O)OCC1)C
"(4s)-4-propyl-1,3-oxathiane",,,,,,,S1[C@H](CCOC1)CCC
(4s)-delta-decathionolactone,,,,,,,C1C(=S)O[C@H](CC1)CCCCC
(4s)-delta-hexathionolactone,,,,,,,C1C(=S)O[C@H](CC1)C
(4s)-delta-octathionolactone,,,,,,,C1C(=S)O[C@H](CC1)CCC
(4s)-gamma-decathionolactone,,,,,,,C1(=S)O[C@H](CC1)CCCCCC
(4s)-gamma-hexathionolactone,,,,,,,C1(=S)O[C@H](CC1)CC
(4s)-gamma-octathionolactone,,,,,,,C1(=S)O[C@H](CC1)CCCC
(4s)-solerone,,,,,,,C1C(=O)O[C@H](C1)C(=O)C
"(4s,4ar)-(-)-alpha-vetivone",,,,,,,[C@@]12([C@@H](CC(=O)C[C@@H]1C)CCC(=C(C)C)C2)C
"(4s,5r)-solerole",,,,,,,C1C(=O)O[C@@H](C1)[C@H](O)C
"(4s,5r)-trans-aerangislactone",,,,,,,C1CC(=O)O[C@@H]([C@H]1C)CCCCC
"(4s,5s)-(-)-cis-aerangislactone",,,,,,,C1C[C@@H]([C@@H](OC1=O)CCCCC)C
"(4s,5s)-solerole",,,,,,,C1C(=O)O[C@@H](C1)[C@H](C)O
"(4s,7r)-(-)-galaxolide",,,,,,,c12c(COC[C@H]1C)cc1c(c2)C([C@H](C1(C)C)C)(C)C
(5r)-(+)-10-demethyl-beta-vetivone,,,,,,,C1=C([C@]2(CCC1=O)CC(=C(C)C)CC2)C
"(5r,10r)-(-)-6-demethyl-beta-vetivone",,,,,,,C1=C[C@@]2([C@@H](CC1=O)C)CC(=C(C)C)CC2
"(5r,8r,9s,10r,13s)-8b,13,13,20-diepoxy-15,16-dinorlabdane",,,,,,,C1CC([C@@H]2[C@@](C1)([C@H]1[C@@]3(CC2)O[C@](CC1)(C)OC3)C)(C)C
"(5r,8s,9s,10r,13r)-8a,13,13,20-diepoxy-15,16-dinorlabdane",,,,,,,C1CC([C@@H]2[C@@](C1)([C@H]1[C@]3(CC2)O[C@@](CC1)(C)OC3)C)(C)C
(5s)-(-)-10-demethyl-beta-vetivone,,,,,,,C1=C([C@@]2(CCC1=O)CC(=C(C)C)CC2)C
(5s)-2-methyl-5-prop-1-en-2-ylcyclohex-2-en-1-one,,,,,,,[C@@H]1(CC(=O)C(=CC1)C)C(C)C
(5s)-undecavertol,,,,,,,CC/C=C(/[C@H](CCCCC)O)\C
"(5s,10s)-(+)-6-demethyl-beta-vetivone",,,,,,,C1=C[C@]2([C@H](CC1=O)C)CC(=C(C)C)CC2
"(5s,10s)-(+)-beta-vetivone",,,,,,,C1=C([C@]2([C@H](CC1=O)C)CC(=C(C)C)CC2)C
"(5s,8r,9r,10s,13s)-8a,13,13,20-diepoxy-15,16-dinorlabdane",,,,,,,C1CC([C@H]2[C@](C1)([C@@H]1[C@@]3(CC2)O[C@](CC1)(C)OC3)C)(C)C
"(5s,8s,9r,10s,13r)-8b,13,13,20-diepoxy-15,16-dinorlabdane",,,,,,,C1CC([C@H]2[C@](C1)([C@@H]1[C@]3(CC2)O[C@@](CC1)(C)OC3)C)(C)C
"(6r)-(+)-6,7-epoxygeraniol",,,,,,,CC1(C)[C@@H](CC/C(=C/CO)/C)O1
"(6r)-(-)-8,9-dehydrotheaspirone",,,,,,,C1C(=O)C=C([C@@]2(C1(C)C)OC(=CC2)C)C
"(6r)-2,6-dimethylocta-3,7-diene-2,6-diol",,,,,,,CC(C)(/C=C/C[C@](C)(C=C)O)O
(6r)-6-methyloctanal,,,,,,,C([C@H](CCCCC=O)C)C
"(6s)-(+)-8,9-dehydrotheaspirone",,,,,,,C1C(=O)C=C([C@]2(C1(C)C)OC(=CC2)C)C
"(6s)-(-)-6,7-epoxygeraniol",,,,,,,CC1(C)[C@H](CC/C(=C/CO)/C)O1
"(6s)-2,6-dimethylocta-3,7-diene-2,6-diol",,,,,,,CC(C)(/C=C/C[C@@](C)(C=C)O)O
(6s)-6-methyloctanal,,,,,,,C([C@@H](CCCCC=O)C)C
(8r)-8-methyldecanal,,,,,,,C([C@H](CCCCCCC=O)C)C
(8s)-8-methyldecanal,,,,,,,C([C@@H](CCCCCCC=O)C)C
(aminoiminomethyl)-urea,,,,,,,O=C(NC(=N)N)N
(bromomethyl)chlorodimethylsilane,,,,,,,BrC[Si](Cl)(C)C
(bromomethyl)trimethylsilane,,,,,,,BrC[Si](C)(C)C
(butoxymethyl)benzene,,,,,,,c1ccc(COCCCC)cc1
(c-chloroethoxy)ethene,,,,,,,O(C=C)CCCl
(chlorodifluoromethyl)trimethyl-silane,,,,,,,C[Si](C)(C)C(F)(F)Cl
(chloromethoxy)difluoro-methane,,,,,,,C(OC(F)F)Cl
(chloromethyl)-benzene,,,,,,,c1ccccc1CCl
(chloromethyl)-oxirane,,,,,,,ClC[C@@H]1CO1
(chloromethyl)cyclopropane,,,,,,,C1(CCl)CC1
(chloromethyl)dimethylphenylsilane,,,,,,,ClC[Si](C)(C)c1ccccc1
(chloromethyl)trimethylsilane,,,,,,,ClC[Si](C)(C)C
(di)nitrogenoxide,,,,,,,O=N(=O)ON(=O)=O
(dichloromethyl)-benzene,,,,,,,c1ccccc1C(Cl)Cl
(dichloromethyl)dimethylchlorosilane,,,,,,,Cl[Si](C)(C)C(Cl)Cl
(dichloromethyl)trimethylsilane,,,,,,,C[Si](C)(C)C(Cl)Cl
(difluoromethoxy)-ethane,,,,,,,CCOC(F)F
(difluoromethoxy)pentafluoro-ethane,,,,,,,C(OC(C(F)(F)F)(F)F)(F)F
(difluoromethylene)bis[trimethyl-silane,,,,,,,C[Si](C)(C)C(F)(F)[Si](C)(C)C
(dimethylamino)-acetaldehyde,,,,,,,CN(C)CC=O
(dimethylsilanediyl)dimethanamine,,,,,,,C[Si](C)(CN)CN
(dinitromethyl)benzene,,,,,,,c1cc(ccc1)C(N(=O)=O)N(=O)=O
(e)-(1-methyl-1-propenyl)benzene,,,,,,,C(=C\C)(/c1ccccc1)\C
(e)-(2-phenylethenyl)-sulfonylbenzene,,,,,,,c1ccc(cc1)/C=C/S(=O)(=O)c1ccccc1
"(e)-1,1'-(1,2-ethenediyl)bis-benzene",,,,,,,c1ccccc1/C=C/c1ccccc1
"(e)-1,2-dichloro-1-fluoroethene",,,,,,,C(=C(\F)/Cl)\Cl
"(e)-1,2-difluoro-1-iodoethene",,,,,,,C(=C(\F)/I)\F
"(e)-1,2-diiodoethylene","(E)-1,2-Diiodoethylene",BP-TZVP,000590-27-2,279.85,C2H2I2,,C(=C\I)/I
"(e)-1,3-dichloro-1,2-difluoroprop-1-ene",,,,,,,C(/C(=C(/F)\Cl)/F)Cl
"(e)-1,3-hexadiene",,,,,,,CC/C=C/C=C
"(e)-1-bromo-1,2-dichloroethene",,,,,,,C(=C(\Cl)/Br)\Cl
(e)-1-bromo-1-chloro-2-fluoroethene,,,,,,,C(=C(\Cl)/Br)\F
(e)-1-bromo-2-fluoroethene,,,,,,,C(=C\Br)/F
(e)-1-chloro-2-fluoroprop-1-ene,,,,,,,C/C(=C\Cl)/F
(e)-1-chloro-2-methoxyethene,,,,,,,CO/C=C/Cl
(e)-1-chloro-3-fluoroprop-1-ene,,,,,,,C(/C=C/Cl)F
(e)-1-fluoro-2-iodoethene,,,,,,,C(=C\I)/F
(e)-1-methyl-4-(1-propenylsulfonyl)-benzene,,,,,,,c1c(ccc(c1)C)S(=O)(=O)/C=C/C
(e)-1-methyl-4-(2-phenylethenyl)sulfonylbenzene,,,,,,,c1cc(ccc1S(=O)(=O)/C=C/c1ccccc1)C
(e)-1-methylsulfanylprop-1-ene,,,,,,,C/C=C/SC
(e)-1-propenol,,,,,,,C/C=C/O
(e)-1-propenylbenzene,,,,,,,c1cccc(c1)/C=C/C
(e)-2-bromo-1-chloro-1-fluoroethene,,,,,,,C(=C(\F)/Cl)\Br
(e)-2-bromo-1-fluoroprop-1-ene,,,,,,,C/C(=C\F)/Br
(e)-2-butenedinitrile,,,,,,,N#C/C=C/C#N
(e)-2-butenedioicacid-di-2-propenylester,,,,,,,C=CCOC(=O)/C=C/C(=O)OCC=C
(e)-2-butenedioicaciddimethylester,,,,,,,COC(=O)/C=C/C(=O)OC
(e)-2-butenedioicaciddipropylester,,,,,,,CCCOC(=O)/C=C/C(=O)OCCC
(e)-2-butenenitrile,,,,,,,C/C=C/C#N
(e)-2-decene,,,,,,,C/C=C/CCCCCCC
(e)-2-decenoic-acid,,,,,,,CCCCCCC/C=C/C(=O)O
(e)-2-dodecen-1-ol,,,,,,,CCCCCCCCCC/C=C/O
(e)-2-dodecene,,,,,,,C/C=C/CCCCCCCCC
(e)-2-heptenoic-acid,,,,,,,CCCC/C=C/C(=O)O
"(e)-2-methyl-1,3-pentadiene",,,,,,,C=C(C)/C=C/C
(e)-2-methyl-2-butenedioicacid,,,,,,,OC(=O)/C=C(\C)/C(=O)O
(e)-2-nonenoic-acid,,,,,,,CCCCCC/C=C/C(=O)O
(e)-2-octen-1-ol,,,,,,,CCCCC/C=C/CO
(e)-2-octen-4-ol,,,,,,,CCCC[C@@H](O)/C=C/C
(e)-2-penten-1-ol,,,,,,,OC/C=C/CC
(e)-3-chloroprop-2-en-1-amine,,,,,,,C(/C=C/Cl)N
(e)-3-methyl-2-pentene,,,,,,,C/C=C(\C)/CC
(e)-4-fluorobut-3-en-2-one,,,,,,,CC(=O)/C=C/F
(e)-4-hexen-1-ol,,,,,,,OCCC/C=C/C
(e)-4-octene,,,,,,,CCC/C=C/CCC
(e)-5-undecene,,,,,,,C(=C\CCCCC)/CCCC
(e)-alpha-bergamotene,,,,,,,[C@@H]12C(=CC[C@@H]([C@@]1(CCC=C(C)C)C)C2)C
(e)-but-1-ene-1-thiol,,,,,,,CC/C=C/S
(e)-diethylstilbestrol,,,,,,,CC/C(=C(/CC)\c1ccc(O)cc1)/c1ccc(O)cc1
(e)-isoelemicin,,,,,,,c1(c(c(cc(c1)/C=C/C)OC)OC)OC
(e)-n-(fluoromethyl)ethanimine,,,,,,,C/C=N/CF
(e)-n-(trimethylsilylmethyl)ethanimine,,,,,,,C/C=N/C[Si](C)(C)C
(e)-prop-1-en-1-amine,,,,,,,C/C=C/N
"(e,e)-2,4-decadien-1-ol",,,,,,,CCCCC/C=C/C=C/CO
"(e,e)-2,4-octadien-1-ol",,,,,,,CCC/C=C/C=C/CO
"(e,z)-2,4-hexadiene",,,,,,,C/C=C/C=C\C
"(e,z)-3,6-nonadien-1-ol",,,,,,,C(=C\CC)\C/C=C/CCO
(e-)-3-hexenedinitrile,,,,,,,N#CC/C=C/CC#N
(ethenyloxy)-benzene,,,,,,,C(=C)Oc1ccccc1
(ethoxycarbonylmethyl)-ethyl-dimethylammonium_cation,,,,,,,[N](CC)(C)(C)CC(=O)OCC
(ethoxymethyl)-benzene,,,,,,,c1ccccc1COCC
(ethoxymethyl)-dimethyl-ethylammonium_cation,,,,,,,[N](CC)(C)(C)COCC
(ethoxymethylene)propanedinitrile,,,,,,,N#CC(=COCC)C#N
(ethylthio)aceticacid,,,,,,,O=C(O)CSCC
(fluoromethyl)-cyclopentane,,,,,,,C1CCC(C1)CF
(fluoromethyl)oxirane,,,,,,,O1[C@@H](CF)C1
(heptafluoropropyl)trimethylsilane,,,,,,,C[Si](C)(C)C(C(C(F)(F)F)(F)F)(F)F
(methoxymethyl)trimethylsilane,,,,,,,COC[Si](C)(C)C
(methylamino)acetonitrile,,,,,,,CNCC#N
(methyleneamino)-methylene,,,,,,,C=NC
(methyleneamino)acetonitrile,"acetonitrile,(methyleneamino)-",BP-TZVP,000109-82-0,68.08,C3H4N2,,N#CCN=C
(methylideneamino)methanamine,,,,,,,C=NCN
(methylthio)-ethane,,,,,,,CSCC
(methylthio)acetonitrile,,,,,,,CSCC#N
(pentafluoroethyl)trimethylsilane,,,,,,,C[Si](C)(C)C(C(F)(F)F)(F)F
(phenoxymethyl)-oxirane,,,,,,,c1(ccccc1)OC[C@@H]1OC1
(phenylmethyl)selenopropanoicacid,,,,,,,c1ccccc1C[Se]CCC(=O)O
(propylthio)benzene,,,,,,,S(CCC)c1ccccc1
(r)-(+)-2-methylborneol,,,,,,,C1C[C@@H]2C([C@]1([C@@](C2)(O)C)C)(C)C
(r)-(+)-2-methylisoborneol,,,,,,,[C@@]1(C[C@@H]2C([C@]1(CC2)C)(C)C)(O)C
(r)-(+)-4-ethyloctanoicacid,,,,,,,[C@H](CCC(=O)O)(CCCC)CC
(r)-(+)-4-methylhexanoicacid,,,,,,,[C@H](CCC(=O)O)(CC)C
(r)-(+)-8-methyl-gamma-ionone,,,,,,,C1CCC(=C)[C@@H](C1(C)C)/C=C(/C(=O)C)\C
(r)-(+)-citralis,,,,,,,c1(CC[C@H](CC=O)C)ccccc1
(r)-(+)-citronellyl_ethyl_ether,,,,,,,C[C@H](CCC=C(C)C)CCOCC
(r)-(+)-delta-undecalactone,,,,,,,C1CC[C@H](OC1=O)CCCCCC
(r)-(+)-dihydrocitronellylethylether,,,,,,,C[C@H](CCCC(C)C)CCOCC
(r)-(+)-phenoxanol,,,,,,,c1(CC[C@H](CCO)C)ccccc1
(r)-(-)-(z)-7-gamma-decenolactone,,,,,,,[C@@H]1(OC(=O)CC1)CC/C=C\CC
(r)-(-)-(z)-nerolidol,,,,,,,CC(=CCC/C(=C\CC[C@@](C=C)(C)O)/C)C
(r)-(-)-10-methyl-gamma-ionone,,,,,,,C1CCC(=C)[C@@H](C1(C)C)/C=C/C(=O)CC
(r)-(-)-2-cyclododecylopropanol,,,,,,,C1CCC(CCCCCCCC1)[C@@H](C)CO
(r)-(-)-2-methylenecitronellol,,,,,,,CC(=CCC[C@H](C(=C)CO)C)C
(r)-(-)-2-pentylhexanoate,,,,,,,CCC[C@@H](C)OC(=O)CCCCC
(r)-(-)-citralis_nitrile,,,,,,,c1(CC[C@H](CC#N)C)ccccc1
(r)-(-)-delta-jasmolactone,,,,,,,C1C(=O)O[C@H](CC1)CC/C=C/C
(r)-(-)-gamma-ionone,,,,,,,[C@@H]1(C(=C)CCCC1(C)C)/C=C/C(=O)C
(r)-(-)-lilial,,,,,,,c1(ccc(cc1)C(C)(C)C)C[C@H](C=O)C
(r)-(-)-massoialactone,,,,,,,C1=CC[C@H](OC1=O)CCCCC
(r)-(-)-tuberolactone,,,,,,,C1=CC[C@H](OC1=O)C/C=C\CC
"(r)-1,1,1-trifluoro-2-pentylamine",,,,,,,CCC[C@H](C(F)(F)F)N
"(r)-1,1,1-trifluoro-4-methyl-2-pentylamine",,,,,,,CC(C)C[C@H](C(F)(F)F)N
(r)-1-(2-methylbutyl)pyrrolidine,,,,,,,C1CN(CC1)C[C@@H](CC)C
(r)-1-methoxyheptane-3-thiol,,,,,,,C(C[C@@H](CCCC)S)OC
"(r)-2,2-dimethyl-1-trifluoromethyl-propylamine",,,,,,,CC(C)(C)[C@H](C(F)(F)F)N
"(r)-2,5-dimethyl-2-indanmethanol",,,,,,,c1(ccc2c(c1)C[C@](C2)(C)CO)C
(r)-2-hexylacetate,,,,,,,C[C@H](CCCC)OC(=O)C
(r)-2-methyl-1-((r)-2-methylbutyl)pyrrolidine,,,,,,,C1CN([C@@H](C1)C)C[C@@H](CC)C
(r)-2-methyl-1-((s)-2-methylbutyl)pyrrolidine,,,,,,,C1[C@H](N(CC1)C[C@H](CC)C)C
(r)-2-octylacetate,,,,,,,C[C@H](CCCCCC)OC(=O)C
"(r)-3,7-dimethyl-2-methyleneoctanal",,,,,,,CC(CCC[C@H](C(=C)C=O)C)C
(r)-3-heptylacetate,,,,,,,CCCC[C@@H](CC)OC(=O)C
(r)-3-hydroxy-3-methylhexanoicacid,,,,,,,CCC[C@](CC(=O)O)(O)C
(r)-4-(6-methylheptan-2-yloxy)butanal,,,,,,,C(=O)CCCO[C@@H](CCCC(C)C)C
(r)-cassiffix,,,,,,,C1(=CC[C@H](C1(C)C)[C@]12CC[C@@](OC1)(C)CC2)C
(r)-cis-6-gamma-dodecenolactone,,,,,,,C1(=O)CC[C@H](C/C=C\CCCCC)O1
(r)-cyclamenaldehyde,,,,,,,c1c(ccc(c1)C(C)C)C[C@H](C=O)C
(r)-demethylmarmelolactone,,,,,,,C1C(=O)O[C@H](C1)/C=C\C(=C)C
(r)-dihydrobovolide,,,,,,,C1(=C(C(=O)O[C@@H]1CCCCC)C)C
(r)-heptenol,,,,,,,C(CC[C@H](C=C)O)C
(r)-methyl-2-fluoropropionate,,,,,,,C[C@H](C(=O)OC)F
"(r)-n-methyl-1,1,1-trifluoro-2-propylamine",,,,,,,C[C@H](C(F)(F)F)NC
(r)-nonenol,,,,,,,C(CC[C@H](C=C)O)CCC
(r)-suzaral,,,,,,,c1c(ccc(c1)C[C@H](C=O)C)CC(C)C
"(r,r)-(+)-vulcanolide",,,,,,,[C@H]1([C@H](C(c2c(C1(C)C)cc(c(c2)C=O)C)(C)C)C)C
"(r,r)-(+)-vulcanonitrile",,,,,,,[C@H]1([C@H](C(c2c(C1(C)C)cc(c(c2)C#N)C)(C)C)C)C
"(r,r)-5-methyl-2-(1-methyl-allyl)-hex-4-en-1-ol",,,,,,,C[C@@H]([C@H](CO)CC=C(C)C)C=C
"(r,r)-exopelargene",,,,,,,C1[C@H](O[C@H](CC1=C)c1ccccc1)C
"(r,r)-isobetabisabolol",,,,,,,C1C(=CC[C@](C1)([C@@H](CCCC(=C)C)C)O)C
"(r,r)-methylhydroxymethylpentanoate",,,,,,,C([C@H]([C@H](C(=O)OC)O)C)C
"(r,r,r)-jessemal",,,,,,,[C@H]1(COC[C@H]([C@H]1OC(=O)C)C)CCCCC
"(r,s,r)-jessemal",,,,,,,[C@H]1(COC[C@H]([C@@H]1OC(=O)C)C)CCCCC
(s)-(+)-(z)-7-delta-decenolactone,,,,,,,C1C(=O)O[C@@H](CC1)C/C=C\CC
(s)-(+)-(z)-7-gamma-decenolactone,,,,,,,[C@H]1(OC(=O)CC1)CC/C=C\CC
(s)-(+)-(z)-nerolidol,,,,,,,CC(=CCC/C(=C\CC[C@](C=C)(C)O)/C)C
(s)-(+)-10-methyl-gamma-ionone,,,,,,,C1CCC(=C)[C@H](C1(C)C)/C=C/C(=O)CC
(s)-(+)-2-methylenecitronellal,,,,,,,CC(=CCC[C@@H](C(=C)C=O)C)C
(s)-(+)-2-methylenecitronellol,,,,,,,CC(=CCC[C@@H](C(=C)CO)C)C
(s)-(+)-2-pentylhexanoate,,,,,,,CCC[C@H](C)OC(=O)CCCCC
(s)-(+)-citronellyl_nitrile,,,,,,,C[C@@H](CCC=C(C)C)CC#N
(s)-(+)-delta-jasmolactone,,,,,,,C1C(=O)O[C@@H](CC1)CC/C=C/C
(s)-(+)-dihydro-gamma-ionone,,,,,,,[C@H]1(C(=C)CCCC1(C)C)CCC(=O)C
(s)-(+)-dihydrocitronellylnitrile,,,,,,,C[C@@H](CCCC(C)C)CC#N
(s)-(+)-gamma-ionone,,,,,,,[C@H]1(C(=C)CCCC1(C)C)/C=C/C(=O)C
(s)-(+)-tuberolactone,,,,,,,C1=CC[C@@H](OC1=O)C/C=C\CC
(s)-(-)-2-methylborneol,,,,,,,[C@]1(C[C@@H]2C([C@]1(CC2)C)(C)C)(O)C
(s)-(-)-2-methylisoborneol,,,,,,,C1C[C@@H]2C([C@]1([C@](C2)(O)C)C)(C)C
(s)-(-)-4-ethyloctanoicacid,,,,,,,[C@@H](CCC(=O)O)(CCCC)CC
(s)-(-)-4-methylhexanoicacid,,,,,,,[C@@H](CCC(=O)O)(CC)C
(s)-(-)-8-methyl-gamma-ionone,,,,,,,C1CCC(=C)[C@H](C1(C)C)/C=C(/C(=O)C)\C
(s)-(-)-citronellal,,,,,,,CC(=CCC[C@@H](CC=O)C)C
(s)-(-)-citronellyl_acetate,,,,,,,C[C@@H](CCC=C(C)C)CCOC(=O)C
(s)-(-)-citronellyl_ethyl_ether,,,,,,,C[C@@H](CCC=C(C)C)CCOCC
(s)-(-)-delta-undecalactone,,,,,,,C1CC[C@@H](OC1=O)CCCCCC
(s)-(-)-dihydrocitronellylethylether,,,,,,,C[C@@H](CCCC(C)C)CCOCC
(s)-(-)-dihydrocitronellyl_acetate,,,,,,,C[C@@H](CCCC(C)C)CCOC(=O)C
"(s)-1,1,1,4,4,4-hexafluoro-2-butylamine",,,,,,,C([C@@H](C(F)(F)F)N)C(F)(F)F
(s)-1-(2-methylbutyl)pyrrolidine,,,,,,,C1CN(CC1)C[C@H](CC)C
(s)-1-methoxyheptane-3-thiol,,,,,,,C(C[C@H](CCCC)S)OC
"(s)-2,5-dimethyl-2-indanmethanol",,,,,,,c1(ccc2c(c1)C[C@@](C2)(C)CO)C
(s)-2-heptylacetate,,,,,,,C(CC[C@H](C)OC(=O)C)CC
(s)-2-hexylacetate,,,,,,,C(CC[C@H](C)OC(=O)C)C
(s)-2-methyl-1-((r)-2-methylbutyl)pyrrolidine,,,,,,,C1CN([C@H](C1)C)C[C@@H](CC)C
(s)-2-methyl-1-((s)-2-methylbutyl)pyrrolidine,,,,,,,C1[C@@H](N(CC1)C[C@H](CC)C)C
(s)-2-octylacetate,,,,,,,C(CC[C@H](C)OC(=O)C)CCC
(s)-2-phenylpropanaldimethylacetal,,,,,,,c1(ccccc1)[C@@H](C(OC)OC)C
"(s)-3,7-dimethyl-2-methyleneoctanal",,,,,,,CC(CCC[C@@H](C(=C)C=O)C)C
(s)-3-heptylacetate,,,,,,,CCCC[C@H](CC)OC(=O)C
(s)-3-hydroxy-3-methylhexanoicacid,,,,,,,CCC[C@@](CC(=O)O)(O)C
(s)-4-(2-methyl-1-pentenyl)isobutyrate,,,,,,,C([C@H](C)OC(=O)C(C)C)C(=C)C
(s)-4-(6-methylheptan-2-yloxy)butanal,,,,,,,C(=O)CCCO[C@H](CCCC(C)C)C
(s)-aurantiol,,,,,,,C([C@@H](C/C=N/c1ccccc1C(=O)OC)C)CCC(O)(C)C
(s)-cis-6-gamma-dodecenolactone,,,,,,,C1(=O)CC[C@@H](C/C=C\CCCCC)O1
(s)-cotinine,,,,,,,CN1C(=O)CC[C@H]1c1cccnc1
(s)-demethylmarmelolactone,,,,,,,C1C(=O)O[C@@H](C1)/C=C\C(=C)C
(s)-dihydrobovolide,,,,,,,C1(=C(C(=O)O[C@H]1CCCCC)C)C
(s)-ethyl_2-methylpentanoate,,,,,,,CCC[C@@H](C(=O)OCC)C
(s)-florhydral,,,,,,,c1cc(cc(c1)[C@H](CC=O)C)C(C)C
(s)-gamma-damascone,,,,,,,[C@H]1(C(=C)CCCC1(C)C)C(=O)/C=C/C
(s)-heptenol,,,,,,,C(CC[C@@H](C=C)O)C
(s)-lavandulol,,,,,,,C([C@@H](CC=C(C)C)C(=C)C)O
(s)-nonenol,,,,,,,C(CC[C@@H](C=C)O)CCC
"(s,r,s)-jessemal",,,,,,,[C@@H]1(COC[C@@H]([C@H]1OC(=O)C)C)CCCCC
"(s,s)-(-)-vulcanolide",,,,,,,[C@@H]1([C@@H](C(c2c(C1(C)C)cc(c(c2)C=O)C)(C)C)C)C
"(s,s)-(-)-vulcanonitrile",,,,,,,[C@@H]1([C@@H](C(c2c(C1(C)C)cc(c(c2)C#N)C)(C)C)C)C
"(s,s)-5-methyl-2-(1-methyl-allyl)-hex-4-en-1-ol",,,,,,,C[C@H]([C@@H](CO)CC=C(C)C)C=C
"(s,s)-exopelargene",,,,,,,C1[C@@H](O[C@@H](CC1=C)c1ccccc1)C
"(s,s)-isobetabisabolol",,,,,,,C1C(=CC[C@@](C1)([C@H](CCCC(=C)C)C)O)C
"(s,s)-methylhydroxymethylpentanoate",,,,,,,C([C@@H]([C@@H](C(=O)OC)O)C)C
"(s,s,s)-jessemal",,,,,,,[C@@H]1(COC[C@@H]([C@@H]1OC(=O)C)C)CCCCC
(trichloromethyl)-benzene,,,,,,,c1ccccc1C(Cl)(Cl)Cl
(trichloromethyl)-phosphonousdifluoride,,,,,,,FP(F)C(Cl)(Cl)Cl
(trifluoromethoxy)ethane,,,,,,,CCOC(F)(F)F
(trifluoromethyl)-carbonimidicdifluoride,,,,,,,C(=NC(F)(F)F)(F)F
(trifluoromethyl)trimethylsilane,,,,,,,C[Si](C)(C)C(F)(F)F
(z)-(1-methyl-1-propenyl)benzene,,,,,,,C(=C\C)(\c1ccccc1)/C
"(z)-1,2-dichloro-1-fluoroethene",,,,,,,C(=C(\F)/Cl)/Cl
"(z)-1,2-difluoro-1-iodoethene",,,,,,,C(=C(\F)/I)/F
"(z)-1,2-dimethylcyclopentane",,,,,,,C1[C@@H](C)[C@@H](C)CC1
"(z)-1,3-dichloro-1-fluoroprop-1-ene",,,,,,,C(/C=C(/F)\Cl)Cl
"(z)-1,3-dimethoxy-5-(2-phenylethenyl)-benzene",,,,,,,c1ccccc1/C=C\c1cc(OC)cc(OC)c1
"(z)-1,3-dimethylcyclopentane",,,,,,,C1[C@@H](C)C[C@@H](C)C1
"(z)-1,3-pentadiene",,,,,,,C=C/C=C\C
(z)-1-aminoprop-1-en-1-ol,,,,,,,C/C=C(/N)\O
"(z)-1-bromo-1,2-dichloroethene",,,,,,,C(=C(\Cl)/Br)/Cl
"(z)-1-bromo-1,2-difluoroethene",,,,,,,C(=C(\F)/Br)/F
(z)-1-bromo-1-chloro-2-fluoroethene,,,,,,,C(=C(\Cl)/Br)/F
(z)-1-bromo-2-chloroethene,,,,,,,C(=C\Br)\Cl
(z)-1-bromo-2-fluoroethene,,,,,,,C(=C\Br)\F
(z)-1-chloro-2-fluoroprop-1-ene,,,,,,,C/C(=C/Cl)/F
(z)-1-chloroprop-1-en-1-ol,,,,,,,C/C=C(/O)\Cl
(z)-1-fluoro-2-iodoethene,,,,,,,C(=C\I)\F
(z)-1-methyl-4-(2-phenylethenyl)sulfonylbenzene,,,,,,,c1cc(ccc1S(=O)(=O)/C=C\c1ccccc1)C
(z)-1-methylsulfanylprop-1-ene,,,,,,,C/C=C\SC
(z)-1-propenol,,,,,,,C/C=C\O
(z)-2-bromo-1-chloro-1-fluoroethene,,,,,,,C(=C(\F)/Cl)/Br
(z)-2-bromo-1-fluoroprop-1-ene,,,,,,,C/C(=C/F)/Br
(z)-2-butenedioicaciddibutylester,,,,,,,CCCCOC(=O)/C=C\C(=O)OCCCC
(z)-2-butenedioicacid,,,,,,,C(=O)(O)/C=C\C(=O)O
(z)-2-butenoicacid,,,,,,,C/C=C\C(=O)O
(z)-2-hexen-1-ol,,,,,,,CCC/C=C\CO
(z)-2-hexene,,,,,,,C/C=C\CCC
(z)-2-methyl-2-pentenal,,,,,,,O=C/C(=C\CC)/C
(z)-2-octene,,,,,,,C/C=C\CCCCC
(z)-2-pentene,,,,,,,C/C=C\CC
(z)-3-chloroprop-2-en-1-amine,,,,,,,C(/C=C\Cl)N
(z)-3-hexenal,,,,,,,O=CC/C=C/CC
(z)-3-phenyl-2-propenoicacid,,,,,,,c1ccccc1/C=C\C(=O)O
"(z)-4,4-dimethyl-2-pentene",,,,,,,C(=C\C)/C(C)(C)C
(z)-4-hepten-1-ol,,,,,,,CC/C=C\CCCO
(z)-5-undecene,,,,,,,C(=C\CCCCC)\CCCC
(z)-9-cycloheptadecen-1-one,,,,,,,C\1=C\CCCCCCCC(=O)CCCCCCC1
"(z)-9-octadecenoicacid-2,3-dihydroxypropylester",,,,,,,CCCCCCCC/C=C\CCCCCCCC(=O)OC[C@H](O)CO
(z)-beta-farnesene,,,,,,,C(/C=C(\CCC=C(C)C)/C)CC(=C)C=C
(z)-diethylstilbestrol,,,,,,,CC/C(=C(\CC)/c1ccc(O)cc1)/c1ccc(O)cc1
(z)-limoneneoxide,,,,,,,C1[C@H](CC[C@]2([C@@H]1O2)C)C(=C)C
"(z)-n'-methylethene-1,2-diamine",,,,,,,CN/C=C\N
(z)-n-(methoxymethyl)ethanimine,,,,,,,C/C=N\COC
(z)-n-[(methylideneamino)methyl]ethanimine,,,,,,,C/C=N\CN=C
(z)-prop-1-en-1-amine,,,,,,,C/C=C\N
"(z,z)-9,12-octadecadienoicacid","(Z,Z)-9,12-OCTADECADIENOICACID",BP-TZVP,000060-33-3,280.45,C18H32O2,,CCCCC/C=C\C/C=C\CCCCCCCC(=O)O
(z-)-2-hexenedinitrile,,,,,,,N#C/C=C\CCC#N
[(1r)-1-butoxyethyl]benzene,,,,,,,c1cccc(c1)[C@@H](C)OCCCC
[(1r)-1-chloropropyl]-trimethylsilane,,,,,,,CC[C@H]([Si](C)(C)C)Cl
[(1r)-1-ethoxyethyl]benzene,,,,,,,c1cccc(c1)[C@@H](C)OCC
[(1r)-1-isobutoxyethyl]benzene,,,,,,,c1cccc(c1)[C@@H](C)OCC(C)C
[(1r)-1-isopropoxyethyl]benzene,,,,,,,c1cccc(c1)[C@@H](C)OC(C)C
[(1r)-1-methoxypropyl]benzene,,,,,,,c1cccc(c1)[C@@H](CC)OC
[(1r)-1-propoxyethyl]benzene,,,,,,,c1cccc(c1)[C@@H](C)OCCC
[(1s)-1-butoxyethyl]benzene,,,,,,,c1cccc(c1)[C@H](C)OCCCC
[(1s)-1-ethoxyethyl]benzene,,,,,,,c1cccc(c1)[C@H](C)OCC
[(1s)-1-isobutoxyethyl]benzene,,,,,,,c1cccc(c1)[C@H](C)OCC(C)C
[(1s)-1-isopropoxyethyl]benzene,,,,,,,c1cccc(c1)[C@H](C)OC(C)C
[(1s)-1-methoxypropyl]benzene,,,,,,,c1cccc(c1)[C@H](CC)OC
[(1s)-1-propoxyethyl]benzene,,,,,,,c1cccc(c1)[C@H](C)OCCC
[(methoxydimethylsilyl)methyl]trimethyl-silane,,,,,,,CO[Si](C)(C)C[Si](C)(C)C
"[1,1'-biphenyl]-2,2'-dicarboxylicacid",,,,,,,OC(=O)c1c(cccc1)c1c(C(=O)O)cccc1
"[1,1'-biphenyl]-3-ol",,,,,,,c1(O)cc(ccc1)c1ccccc1
"[1,2,5]selenadiazolo[3,4-d]pyrimidine",,,,,,,O=c1n(c(=O)c2n[se]nc2n1C)C
[2-(heptyloxy)-2-oxoethyl]trihexylphosphonium_cation,,,,,,,[P](CCCCCC)(CCCCCC)(CCCCCC)CC(=O)OCCCCCCC
"[3-(2,3-epoxyproxy)propyl]trimethoxysilane","[3-(2,3-EPOXYPROXY)PROPYL]TRIMETHOXYSILANE",BP-TZVP,002530-83-8,236.34,C9H20O5Si,,CO[Si](OC)(OC)CCCOC[C@H]1CO1
[3-(glycidyloxy)propyl]methyldiethoxysilane,,,,,,,O1C[C@H]1COCCC[Si](OCC)(OCC)C
[3-(mercapto)propyl]triethoxysilane,,,,,,,[Si](OCC)(OCC)(OCC)CCCS
[4-(acetyloxy)butyl]tricyclohexyl-phosphonium_cation,,,,,,,[P](C1CCCCC1)(C1CCCCC1)(C1CCCCC1)CCCCOC(=O)C
[4-(acetyloxy)butyl]trihexyl-phosphonium_cation,,,,,,,[P](CCCCCC)(CCCCCC)(CCCCCC)CCCCOC(=O)C
[4-(dimethylamino)phenyl](phenyl)methanone,,,,,,,CN(C)c1ccc(cc1)C(=O)c1ccccc1
[bromo(difluoro)methoxy]ethane,,,,,,,CCOC(F)(F)Br
[bromo(fluoro)methoxy]-difluoromethane,,,,,,,C(O[C@@H](F)Br)(F)F
[chloro(difluoro)methoxy]ethane,,,,,,,CCOC(F)(F)Cl
[chloro(difluoro)methyl]formate,,,,,,,C(=O)OC(F)(F)Cl
"[cis-4-[(1r)-2,2,3-trimethylcyclopent-3-en-1-yl]cyclohexyl]methanol",,,,,,,[C@@H]1(CC[C@@H](CC1)CO)[C@H]1CC=C(C1(C)C)C
"[cis-4-[(1s)-2,2,3-trimethylcyclopent-3-en-1-yl]cyclohexyl]methanol",,,,,,,[C@H]1(CC[C@H](CC1)CO)[C@@H]1CC=C(C1(C)C)C
[dichloro(fluoro)methoxy]ethane,,,,,,,CCOC(F)(Cl)Cl
[fluoro-bis(trimethylsilyl)methyl]-trimethylsilane,,,,,,,C[Si](C)(C)C(F)([Si](C)(C)C)[Si](C)(C)C
"1's,1''s,2's,3''r,5''r-javanol",,,,,,,C1[C@](C)(CO)[C@H]1C[C@H]1C[C@H]2[C@@](C1(C)C)(C2)C
1(2h)-isoquinolinone,,,,,,,c1ccc2cc[nH]c(=O)c2c1
"1,1',1''-(1-ethanyl-2-ylidene)trisbenzene",,,,,,,C(c1ccccc1)(c1ccccc1)Cc1ccccc1
"1,1',1''-(1-ethenyl-2-ylidene)tris-benzene",,,,,,,c1ccccc1C=C(c1ccccc1)c1ccccc1
"1,1',1''-phosphoryltripiperidine",,,,,,,O=P(N1CCCCC1)(N1CCCCC1)N1CCCCC1
"1,1'-(1,1-me-3-meyl-1,3-prdiyl)-bisbenzene",,,,,,,C=C(c1ccccc1)CC(C)(c1ccccc1)C
"1,1'-(1,2-ethanediyl)bis(4-ethyl-)benzene","1,1'-(1,2-ETHANEDIYL)BIS(4-ETHYL-)BENZENE",BP-TZVP,051526-06-8,238.37,C18H22,,CCc1ccc(CCc2ccc(CC)cc2)cc1
"1,1'-(1,2-ethanediyl)bis-benzene","1,1'-(1,2-ETHANEDIYL)BIS-BENZENE",BP-TZVP,000103-29-7,182.26,C14H14,,c1ccccc1CCc1ccccc1
"1,1'-(1,2-ethanediyl)bispyridinium_dication",,,,,,,[CH]1N(C=CC=C1)CCN1[CH]C=CC=C1
"1,1'-(1,2-ethanediyl)bis[3-ethylimidazolium]_dication",,,,,,,[CH]1N(C=CN1CC)CCN1C=CN([CH]1)CC
"1,1'-(1,2-ethynediyl)bisbenzene",,,,,,,c1ccccc1C#Cc1ccccc1
"1,1'-(1,3-phenylene)diethanone",,,,,,,CC(=O)c1cc(C(=O)C)ccc1
"1,1'-(1-methyl-1,2-ethylidene)bisbenzene",,,,,,,C(=C\c1ccccc1)(\c1ccccc1)/C
"1,1'-(1-methyl-1,3-propanediyl)bisbenzene",,,,,,,c1ccc(cc1)CC[C@H](C)c1ccccc1
"1,1'-(1-methylethylidene)bisbenzene",,,,,,,C(c1ccccc1)(c1ccccc1)(C)C
"1,1'-(bromomethylene)bisbenzene",,,,,,,C(c1ccccc1)(c1ccccc1)Br
"1,1'-(methylenebis(oxy))bis(2-methyl)propane",,,,,,,O(COCC(C)C)CC(C)C
"1,1'-2',1''-terphenyl",,,,,,,c1ccccc1c1c(c2ccccc2)cccc1
"1,1'-4',1''-terphenyl",,,,,,,c1ccccc1c1ccc(c2ccccc2)cc1
"1,1'-bicyclohexyl-2-one",,,,,,,C1(=O)[C@H](C2CCCCC2)CCCC1
"1,1'-biphenyl-4-amine",,,,,,,c1ccccc1c1ccc(N)cc1
"1,1'-butylidenebisbenzene",,,,,,,C(c1ccccc1)(c1ccccc1)CCC
"1,1'-carbonylbis-1h-imidazole",,,,,,,c1nccn1C(=O)n1cncc1
"1,1'-diphenyl-1,1'-bicyclohexyl",,,,,,,c1cccc(c1)C1(C2(c3ccccc3)CCCCC2)CCCCC1
"1,1'-diphenyl-1,1'-bicyclooctyl",,,,,,,c1cccc(c1)C1(C2(c3ccccc3)CCCCCCC2)CCCCCCC1
"1,1'-diphenyl-1,1'-bicyclopentyl",,,,,,,C1CCCC1(c1ccccc1)C1(CCCC1)c1ccccc1
"1,1'-dithiobispiperidine",,,,,,,C1CCCCN1SSN1CCCCC1
"1,1'-iminobis-2-propanol",,,,,,,C[C@@H](O)CNC[C@@H](O)C
"1,1'-methylenebis(oxy)bisbutane",,,,,,,O(CCCC)COCCCC
"1,1'-methylenebis(oxy)bispropane",,,,,,,O(CCC)COCCC
"1,1'-methylenebis4-isocyanatobenzene",,,,,,,O=C=Nc1ccc(cc1)Cc1ccc(cc1)N=C=O
"1,1'-oxybis-2-ethoxy-ethane",,,,,,,CCOCCOCCOCC
"1,1'-oxybis-octane","1,1'-OXYBIS-OCTANE",BP-TZVP,000629-82-3,242.44,C16H34O,,CCCCCCCCOCCCCCCCC
"1,1'-oxybis2-methylpropane",,,,,,,CC(C)COCC(C)C
"1,1'-sulfinylbisbutane",,,,,,,S(=O)(CCCC)CCCC
"1,1'-sulfinylbisethene",,,,,,,C=CS(=O)C=C
"1,1'-sulfinylbispropane","1,1'-sulfinylbispropane",BP-TZVP,004253-91-2,134.24,C6H14OS,,S(=O)(CCC)CCC
"1,1'-sulfonylbis(4-methyl-)benzene",,,,,,,S(=O)(=O)(c1ccc(cc1)C)c1ccc(cc1)C
"1,1'-sulfonylbisbutane",DI-N-BUTYLSULFOXIDE,BP-TZVP,000598-04-9,178.29,C8H18O2S,,S(=O)(=O)(CCCC)CCCC
"1,1'-thiobis-octane",,,,,,,CCCCCCCCSCCCCCCCC
"1,1'-thiobis2-methylpropane",,,,,,,S(CC(C)C)CC(C)C
"1,1'-thiobisethene",,,,,,,S(C=C)C=C
"1,1'-thiobispiperidine",,,,,,,S(N1CCCCC1)N1CCCCC1
"1,1'-thiobispropane","1,1'-THIOBISPROPANE",BP-TZVP,000111-47-7,118.24,C6H14S,,CCCSCCC
"1,1'-[thiobis(methylene)]bisbenzene",,,,,,,c1(ccccc1)CSCc1ccccc1
"1,1,1,2,2,3,3,4,4,5,6,6,6-tridecafluoro-5-(trifluoromethyl)-hexane",,,,,,,C(C(C(C(C(F)(F)F)(F)F)(F)F)(F)F)(C(F)(F)F)(C(F)(F)F)F
"1,1,1,2,2,3,3,4,4,5,6,6,6-tridecafluorohexane",,,,,,,[C@H](C(C(C(C(F)(F)F)(F)F)(F)F)(F)F)(C(F)(F)F)F
"1,1,1,2,2,3,3,4,4-fluoro-5-oxaheptane",,,,,,,CCOC(C(C(C(F)(F)F)(F)F)(F)F)(F)F
"1,1,1,2,2,3,3,4,4-nonafluoro-4-(pentafluoroethoxy)-butane",,,,,,,C(C(C(F)(F)F)(F)F)(C(OC(C(F)(F)F)(F)F)(F)F)(F)F
"1,1,1,2,2,3,3,4,4-nonafluoro-4-(trifluoromethoxy)-butane",,,,,,,C(C(C(F)(F)F)(F)F)(C(OC(F)(F)F)(F)F)(F)F
"1,1,1,2,2,3,3,4,4-nonafluoro-5-methylhexane",,,,,,,CC(C)C(C(C(C(F)(F)F)(F)F)(F)F)(F)F
"1,1,1,2,2,3,3,4,4-nonafluoro-5-oxahexane",,,,,,,COC(F)(F)C(F)(F)C(F)(F)C(F)(F)F
"1,1,1,2,2,3,3,4,4-nonafluoro-heptane",,,,,,,CCCC(C(C(C(F)(F)F)(F)F)(F)F)(F)F
"1,1,1,2,2,3,3,4,4-nonafluoro-pentane",,,,,,,CC(C(C(C(F)(F)F)(F)F)(F)F)(F)F
"1,1,1,2,2,3,3,4,4-nonafluorobutane",,,,,,,FC(C(C(C(F)F)(F)F)(F)F)(F)F
"1,1,1,2,2,3,3,4,4-nonafluorohexane",,,,,,,CCC(C(C(C(F)(F)F)(F)F)(F)F)(F)F
"1,1,1,2,2,3,3,4,5,5,5-undecafluoro-4-methyl-pentane",,,,,,,C[C@@](C(C(C(F)(F)F)(F)F)(F)F)(C(F)(F)F)F
"1,1,1,2,2,3,3,4,5,5,5-undecafluoropentane",,,,,,,[C@H](C(C(C(F)(F)F)(F)F)(F)F)(C(F)(F)F)F
"1,1,1,2,2,3,3,4,5,5,6,6,6-tridecafluoro-4-(trifluoromethyl)-hexane",,,,,,,[C@@](C(C(C(F)(F)F)(F)F)(F)F)(C(C(F)(F)F)(F)F)(C(F)(F)F)F
"1,1,1,2,2,3,3,4,5,5,6,6,6-tridecafluorohexane",,,,,,,[C@H](C(C(C(F)(F)F)(F)F)(F)F)(C(C(F)(F)F)(F)F)F
"1,1,1,2,2,3,3,4,5,5-decafluoro-pentane",,,,,,,[C@H](C(F)F)(C(C(C(F)(F)F)(F)F)(F)F)F
"1,1,1,2,2,3,3,4,5-nonafluoro-pentane",,,,,,,C([C@@H](C(C(C(F)(F)F)(F)F)(F)F)F)F
"1,1,1,2,2,3,3,4-octafluoro-4-methylhexane",,,,,,,CC[C@@](C)(C(C(C(F)(F)F)(F)F)(F)F)F
"1,1,1,2,2,3,3,4-octafluoro-4-methylpentane",,,,,,,CC(C)(C(C(C(F)(F)F)(F)F)(F)F)F
"1,1,1,2,2,3,3,4-octafluoro-5-methylhexane",,,,,,,CC(C)[C@@H](C(C(C(F)(F)F)(F)F)(F)F)F
"1,1,1,2,2,3,3,4-octafluorobutane",,,,,,,C(C(C(C(F)(F)F)(F)F)(F)F)F
"1,1,1,2,2,3,3,5,5,5-decafluoro-4-(trifluoromethyl)pentane",,,,,,,C(C(C(C(F)(F)F)(F)F)(F)F)(C(F)(F)F)C(F)(F)F
"1,1,1,2,2,3,3,5,5,5-decafluoro-4-methylpentane",,,,,,,C[C@@H](C(C(C(F)(F)F)(F)F)(F)F)C(F)(F)F
"1,1,1,2,2,3,3-heptachloro-3-fluoropropane",,,,,,,ClC(C(Cl)(Cl)F)(C(Cl)(Cl)Cl)Cl
"1,1,1,2,2,3,3-heptafluoro-3-(1,1,1,3-tetrafluoropropan-2-yloxy)propane",,,,,,,C([C@@H](C(F)(F)F)OC(C(C(F)(F)F)(F)F)(F)F)F
"1,1,1,2,2,3,3-heptafluoro-3-(1,1,2-trifluoroethoxy)propane",,,,,,,C(C(OC(C(C(F)(F)F)(F)F)(F)F)(F)F)F
"1,1,1,2,2,3,3-heptafluoro-3-(fluoromethoxy)-propane",,,,,,,C(OC(C(C(F)(F)F)(F)F)(F)F)F
"1,1,1,2,2,3,3-heptafluoro-3-(pentafluoroethoxy)-propane",,,,,,,C(C(OC(C(F)(F)F)(F)F)(F)F)(C(F)(F)F)(F)F
"1,1,1,2,2,3,3-heptafluoro-3-propoxypropane",,,,,,,CCCOC(C(C(F)(F)F)(F)F)(F)F
"1,1,1,2,2,3,3-heptafluoro-4,4-dimethylpentane",,,,,,,CC(C)(C)C(C(C(F)(F)F)(F)F)(F)F
"1,1,1,2,2,3,3-heptafluoro-4-(trifluoromethoxy)butane",,,,,,,C(C(C(C(F)(F)F)(F)F)(F)F)OC(F)(F)F
"1,1,1,2,2,3,3-heptafluoro-4-chlorobutane",,,,,,,C(C(C(C(F)(F)F)(F)F)(F)F)Cl
"1,1,1,2,2,3,3-heptafluoro-4-methoxy-butane",,,,,,,COCC(C(C(F)(F)F)(F)F)(F)F
"1,1,1,2,2,3,3-heptafluoro-4-methylpentane",,,,,,,CC(C)C(C(C(F)(F)F)(F)F)(F)F
"1,1,1,2,2,3,3-heptafluoro-5-methylhexane",,,,,,,CC(C)CC(C(C(F)(F)F)(F)F)(F)F
"1,1,1,2,2,3,3-heptafluoro-heptane",,,,,,,CCCCC(C(C(F)(F)F)(F)F)(F)F
"1,1,1,2,2,3,3-heptafluoro-hexane",,,,,,,CCCC(C(C(F)(F)F)(F)F)(F)F
"1,1,1,2,2,3,3-heptafluorobutane",,,,,,,FC(C(C(C)(F)F)(F)F)(F)F
"1,1,1,2,2,3,4,4,4-nonafluoro-3-(fluoromethyl)butane",,,,,,,C([C@@](C(C(F)(F)F)(F)F)(C(F)(F)F)F)F
"1,1,1,2,2,3,4,4,4-nonafluoro-3-methoxy-butane",,,,,,,CO[C@@](C(C(F)(F)F)(F)F)(C(F)(F)F)F
"1,1,1,2,2,3,4,4,4-nonafluoro-3-methylbutane",,,,,,,C[C@@](C(C(F)(F)F)(F)F)(C(F)(F)F)F
"1,1,1,2,2,3,4,4,4-nonafluorobutane",,,,,,,[C@H](C(C(F)(F)F)(F)F)(C(F)(F)F)F
"1,1,1,2,2,3,4,4,5,5,5-undecafluoro-3-(trifluoromethyl)pentane",,,,,,,C(C(C(F)(F)F)(F)F)(C(C(F)(F)F)(F)F)(C(F)(F)F)F
"1,1,1,2,2,3,4,4,5,5,5-undecafluoro-3-methylpentane",,,,,,,CC(C(C(F)(F)F)(F)F)(C(C(F)(F)F)(F)F)F
"1,1,1,2,2,3,4,4,5,5,5-undecafluoro-pentane",,,,,,,C(C(C(F)(F)F)(F)F)(C(C(F)(F)F)(F)F)F
"1,1,1,2,2,3,4,4-octafluoro-3-(trifluoromethyl)pentane",,,,,,,CC([C@@](C(C(F)(F)F)(F)F)(C(F)(F)F)F)(F)F
"1,1,1,2,2,3,4,4-octafluoro-3-methylbutane",,,,,,,C[C@@](C(F)F)(C(C(F)(F)F)(F)F)F
"1,1,1,2,2,3,4,4-octafluoro-butane",,,,,,,[C@H](C(F)F)(C(C(F)(F)F)(F)F)F
"1,1,1,2,2,3,4,5,5,5-decafluoro-3-(trifluoromethoxy)-4-(trifluoromethyl)pentane",,,,,,,C([C@@](C(C(F)(F)F)(F)F)(OC(F)(F)F)F)(C(F)(F)F)(C(F)(F)F)F
"1,1,1,2,2,3,4,5-octafluoro-pentane",,,,,,,C([C@@H]([C@@H](C(C(F)(F)F)(F)F)F)F)F
"1,1,1,2,2,3,5,5,5-nonafluoro-3,4,4-tris(trifluoromethyl)pentane",,,,,,,C([C@@](C(C(F)(F)F)(F)F)(C(F)(F)F)F)(C(F)(F)F)(C(F)(F)F)C(F)(F)F
"1,1,1,2,2,3,5,5,5-nonafluoropentane",,,,,,,C([C@@H](C(C(F)(F)F)(F)F)F)C(F)(F)F
"1,1,1,2,2,3-hexachloro-3,3-difluoropropane",,,,,,,ClC(C(C(F)(F)Cl)(Cl)Cl)(Cl)Cl
"1,1,1,2,2,3-hexachloro-3-fluoropropane",,,,,,,[C@H](C(Cl)(C(Cl)(Cl)Cl)Cl)(Cl)F
"1,1,1,2,2,3-hexafluoro-3,4,4-trimethylpentane",,,,,,,CC(C)(C)[C@@](C)(C(C(F)(F)F)(F)F)F
"1,1,1,2,2,3-hexafluoro-3-(trifluoromethyl)pentane",,,,,,,CC[C@@](C(C(F)(F)F)(F)F)(C(F)(F)F)F
"1,1,1,2,2,3-hexafluoro-3-methylpentane",,,,,,,CC[C@@](C)(C(C(F)(F)F)(F)F)F
"1,1,1,2,2,3-hexafluoro-4-methyl-3-(trifluoromethyl)pentane",,,,,,,CC(C)[C@@](C(C(F)(F)F)(F)F)(C(F)(F)F)F
"1,1,1,2,2,3-hexafluoroheptane",,,,,,,CCCC[C@@H](C(C(F)(F)F)(F)F)F
"1,1,1,2,2,3-hexafluoropentan-3-amine",,,,,,,CC[C@@](C(C(F)(F)F)(F)F)(N)F
"1,1,1,2,2,3-hexafluoropentane",,,,,,,CC[C@@H](C(C(F)(F)F)(F)F)F
"1,1,1,2,2,3-hexafluoropropane",,,,,,,FC(C(CF)(F)F)(F)F
"1,1,1,2,2,4,4,4-octafluoro-3,3-dimethylbutane",,,,,,,CC(C)(C(C(F)(F)F)(F)F)C(F)(F)F
"1,1,1,2,2,4,4,4-octafluoro-3-(trifluoromethyl)-butane",,,,,,,C(C(C(F)(F)F)(F)F)(C(F)(F)F)C(F)(F)F
"1,1,1,2,2,4,4,4-octafluoro-3-methyl-butane",,,,,,,C[C@@H](C(C(F)(F)F)(F)F)C(F)(F)F
"1,1,1,2,2,4,4,4-octafluoro-butane",,,,,,,C(C(C(F)(F)F)(F)F)C(F)(F)F
"1,1,1,2,2,4,4,5,5,5-decafluoro-3,3-dimethylpentane",,,,,,,CC(C)(C(C(F)(F)F)(F)F)C(C(F)(F)F)(F)F
"1,1,1,2,2,4,4,5,5,5-decafluoro-3-methyl-3-(trifluoromethyl)-pentane",,,,,,,CC(C(C(F)(F)F)(F)F)(C(C(F)(F)F)(F)F)C(F)(F)F
"1,1,1,2,2,4,4,5,5,5-decafluoro-3-methylpentane",,,,,,,CC(C(C(F)(F)F)(F)F)C(C(F)(F)F)(F)F
"1,1,1,2,2,4,4,5,5,5-decafluoro-pentane",,,,,,,C(C(C(F)(F)F)(F)F)C(C(F)(F)F)(F)F
"1,1,1,2,2,4,4,5,5-nonafluoro-3-(trifluoromethyl)-pentane",,,,,,,[C@H](C(C(F)F)(F)F)(C(C(F)(F)F)(F)F)C(F)(F)F
"1,1,1,2,2,4,4-heptafluoro-butane",,,,,,,C(C(F)F)C(C(F)(F)F)(F)F
"1,1,1,2,2,4,5,5,5-nonafluoro-4-(trifluoromethyl)pentane",,,,,,,C(C(C(F)(F)F)(C(F)(F)F)F)C(C(F)(F)F)(F)F
"1,1,1,2,2,4,5,5,5-nonafluoropentane",,,,,,,C([C@@H](C(F)(F)F)F)C(C(F)(F)F)(F)F
"1,1,1,2,2,4-hexafluoro-3,3-dimethylbutane",,,,,,,CC(C)(CF)C(C(F)(F)F)(F)F
"1,1,1,2,2,4-hexafluoro-butane",,,,,,,C(CF)C(C(F)(F)F)(F)F
"1,1,1,2,2,4-hexafluoropentane",,,,,,,C[C@@H](CC(C(F)(F)F)(F)F)F
"1,1,1,2,2,5,5,5-octafluoro-3-methoxypentane",,,,,,,CO[C@@H](CC(F)(F)F)C(C(F)(F)F)(F)F
"1,1,1,2,2,5,5,5-octafluoro-4-methyl-4-(trifluoromethyl)pentane",,,,,,,CC(CC(C(F)(F)F)(F)F)(C(F)(F)F)C(F)(F)F
"1,1,1,2,2,5,5,6,6,6-decafluoro-3-methylhexane",,,,,,,C[C@@H](CC(C(F)(F)F)(F)F)C(C(F)(F)F)(F)F
"1,1,1,2,2-pentafluoro-2-(1-fluoroethoxy)ethane",,,,,,,C[C@@H](OC(C(F)(F)F)(F)F)F
"1,1,1,2,2-pentafluoro-2-(2,2,2-trifluoroethoxy)ethane",,,,,,,C(C(F)(F)F)OC(C(F)(F)F)(F)F
"1,1,1,2,2-pentafluoro-2-[1-fluoro-1-(fluoromethoxy)ethoxy]ethane",,,,,,,C[C@@](OCF)(OC(C(F)(F)F)(F)F)F
"1,1,1,2,2-pentafluoro-3,3-dimethyl-butane",,,,,,,CC(C)(C)C(C(F)(F)F)(F)F
"1,1,1,2,2-pentafluoro-3,4-dimethylpentane",,,,,,,CC(C)[C@@H](C)C(C(F)(F)F)(F)F
"1,1,1,2,2-pentafluoro-3-(1,1,2,2-tetrafluoroethoxy)propane",,,,,,,C(C(C(F)(F)F)(F)F)OC(C(F)F)(F)F
"1,1,1,2,2-pentafluoro-3-(fluoromethoxy)-propane",,,,,,,C(C(C(F)(F)F)(F)F)OCF
"1,1,1,2,2-pentafluoro-3-(trifluoromethoxy)propane",,,,,,,C(C(C(F)(F)F)(F)F)OC(F)(F)F
"1,1,1,2,2-pentafluoro-3-(trifluoromethyl)pentane",,,,,,,CC[C@@H](C(C(F)(F)F)(F)F)C(F)(F)F
"1,1,1,2,2-pentafluoro-3-methoxybutane",,,,,,,C[C@@H](C(C(F)(F)F)(F)F)OC
"1,1,1,2,2-pentafluoro-3-methoxypropane",,,,,,,COCC(C(F)(F)F)(F)F
"1,1,1,2,2-pentafluoro-3-methyl-3-(trifluoromethyl)pentane",,,,,,,CC[C@@](C)(C(C(F)(F)F)(F)F)C(F)(F)F
"1,1,1,2,2-pentafluoro-3-methylbutane",,,,,,,CC(C)C(C(F)(F)F)(F)F
"1,1,1,2,2-pentafluoro-4,4-dimethylpentane",,,,,,,CC(C)(C)CC(C(F)(F)F)(F)F
"1,1,1,2,2-pentafluoro-4-methoxybutane",,,,,,,COCCC(C(F)(F)F)(F)F
"1,1,1,2,2-pentafluoro-4-methylpentan-3-ol",,,,,,,CC(C)[C@@H](C(C(F)(F)F)(F)F)O
"1,1,1,2,2-pentafluoro-4-methylpentan-3-one",,,,,,,CC(C)C(=O)C(C(F)(F)F)(F)F
"1,1,1,2,2-pentafluoro-4-methylpentane",,,,,,,CC(C)CC(C(F)(F)F)(F)F
"1,1,1,2,2-pentafluoro-pentane",,,,,,,CCCC(C(F)(F)F)(F)F
"1,1,1,2,2-pentafluorohexan-3-one",,,,,,,CCCC(=O)C(C(F)(F)F)(F)F
"1,1,1,2,2-pentafluorohexane",,,,,,,CCCCC(C(F)(F)F)(F)F
"1,1,1,2,2-pentafluoropentan-3-ol",,,,,,,CC[C@@H](C(C(F)(F)F)(F)F)O
"1,1,1,2,2-pentafluoropentan-3-one",,,,,,,CCC(=O)C(C(F)(F)F)(F)F
"1,1,1,2,2-pentafluoropropane",,,,,,,FC(F)(F)C(F)(F)C
"1,1,1,2,3,3,3-heptafluoro-2-(fluoromethoxy)propane",,,,,,,C(OC(C(F)(F)F)(C(F)(F)F)F)F
"1,1,1,2,3,3,3-heptafluoro-2-(fluoromethyl)-propane",,,,,,,C(C(C(F)(F)F)(C(F)(F)F)F)F
"1,1,1,2,3,3,3-heptafluoro-2-(methoxymethoxy)propane",,,,,,,COCOC(C(F)(F)F)(C(F)(F)F)F
"1,1,1,2,3,3,3-heptafluoro-2-(methoxymethyl)propane",,,,,,,COCC(C(F)(F)F)(C(F)(F)F)F
"1,1,1,2,3,3,3-heptafluoro-2-(trifluoromethoxy)-propane",,,,,,,C(C(F)(F)F)(C(F)(F)F)(OC(F)(F)F)F
"1,1,1,2,3,3,3-heptafluoro-2-(trifluoromethoxymethyl)propane",,,,,,,C(C(C(F)(F)F)(C(F)(F)F)F)OC(F)(F)F
"1,1,1,2,3,3,3-heptafluoro-2-methoxypropane",,,,,,,FC(C(C(F)(F)F)(OC)F)(F)F
"1,1,1,2,3,3,3-heptafluoro-2-propanamine",,,,,,,C(C(F)(F)F)(C(F)(F)F)(N)F
"1,1,1,2,3,3,3-heptafluoropropane",,,,,,,C(C(F)(F)F)(F)C(F)(F)F
"1,1,1,2,3,3,4,4,4-nonafluorobutan-2-amine",,,,,,,[C@@](C(C(F)(F)F)(F)F)(C(F)(F)F)(N)F
"1,1,1,2,3,3,4,4,4-nonafluorobutan-2-ol",,,,,,,[C@@](C(C(F)(F)F)(F)F)(C(F)(F)F)(O)F
"1,1,1,2,3,3,4,4,5,5,5-undecafluoropentan-2-ol",,,,,,,[C@@](C(C(C(F)(F)F)(F)F)(F)F)(C(F)(F)F)(O)F
"1,1,1,2,3,3,4,4,5,5-decafluoro-2-(trifluoromethyl)pentane",,,,,,,C(C(C(C(C(F)(F)F)(C(F)(F)F)F)(F)F)(F)F)(F)F
"1,1,1,2,3,3,4,4,5,5-decafluoro-pentane",,,,,,,[C@H](C(C(C(F)F)(F)F)(F)F)(C(F)(F)F)F
"1,1,1,2,3,3,4,4,5-nonafluoro-pentane",,,,,,,C(C(C([C@@H](C(F)(F)F)F)(F)F)(F)F)F
"1,1,1,2,3,3,4,4-octafluoro-2-(fluoromethyl)pentane",,,,,,,CC(C([C@@](CF)(C(F)(F)F)F)(F)F)(F)F
"1,1,1,2,3,3,4,4-octafluoro-2-(trifluoromethyl)-butane",,,,,,,C(C(C(C(F)(F)F)(C(F)(F)F)F)(F)F)(F)F
"1,1,1,2,3,3,4,4-octafluoro-2-(trifluoromethyl)hexane",,,,,,,CCC(C(C(C(F)(F)F)(C(F)(F)F)F)(F)F)(F)F
"1,1,1,2,3,3,4,4-octafluoro-2-(trifluoromethyl)pentane",,,,,,,CC(C(C(C(F)(F)F)(C(F)(F)F)F)(F)F)(F)F
"1,1,1,2,3,3,4,4-octafluoro-2-methylhexane",,,,,,,CCC(C([C@@](C)(C(F)(F)F)F)(F)F)(F)F
"1,1,1,2,3,3,4,4-octafluorobutan-2-ol",,,,,,,C(C([C@@](C(F)(F)F)(O)F)(F)F)(F)F
"1,1,1,2,3,3,5-heptafluoro-2-(trifluoromethyl)pentane",,,,,,,C(CF)C(C(C(F)(F)F)(C(F)(F)F)F)(F)F
"1,1,1,2,3,3-hexafluoro-2,3-bis(trifluoromethoxy)-propane",,,,,,,[C@@](C(OC(F)(F)F)(F)F)(C(F)(F)F)(OC(F)(F)F)F
"1,1,1,2,3,3-hexafluoro-2-(fluoromethoxy)propane",,,,,,,C(O[C@@](C(F)F)(C(F)(F)F)F)F
"1,1,1,2,3,3-hexafluoro-2-(methoxymethoxy)propane",,,,,,,COCO[C@@](C(F)F)(C(F)(F)F)F
"1,1,1,2,3,3-hexafluoro-2-(trifluoromethyl)hexane",,,,,,,CCCC(C(C(F)(F)F)(C(F)(F)F)F)(F)F
"1,1,1,2,3,3-hexafluoro-2-(trifluoromethyl)pentane",,,,,,,CCC(C(C(F)(F)F)(C(F)(F)F)F)(F)F
"1,1,1,2,3,3-hexafluoro-2-methoxybutane",,,,,,,CC([C@@](C(F)(F)F)(OC)F)(F)F
"1,1,1,2,3,3-hexafluoro-2-methylbutane",,,,,,,C[C@@](C(C)(F)F)(C(F)(F)F)F
"1,1,1,2,3,3-hexafluoro-3-(1,2,2,2-tetrafluoroethoxy)-propane",,,,,,,[C@H](C(O[C@@H](C(F)(F)F)F)(F)F)(C(F)(F)F)F
"1,1,1,2,3,3-hexafluoro-3-(1-methylethoxy)-propane",,,,,,,CC(C)OC([C@@H](C(F)(F)F)F)(F)F
"1,1,1,2,3,3-hexafluoro-3-(2,2,2-trifluoroethoxy)propane",,,,,,,C(C(F)(F)F)OC([C@@H](C(F)(F)F)F)(F)F
"1,1,1,2,3,3-hexafluoro-3-(pentafluoroethoxy)-propane",,,,,,,[C@H](C(OC(C(F)(F)F)(F)F)(F)F)(C(F)(F)F)F
"1,1,1,2,3,3-hexafluoro-3-(trifluoromethoxy)propane",,,,,,,[C@H](C(OC(F)(F)F)(F)F)(C(F)(F)F)F
"1,1,1,2,3,3-hexafluoro-3-methoxy-2-methylpropane",,,,,,,C[C@@](C(OC)(F)F)(C(F)(F)F)F
"1,1,1,2,3,3-hexafluoro-3-propoxy-propane",,,,,,,CCCOC([C@@H](C(F)(F)F)F)(F)F
"1,1,1,2,3,3-hexafluoro-4-(trifluoromethoxy)-butane",,,,,,,C(C([C@@H](C(F)(F)F)F)(F)F)OC(F)(F)F
"1,1,1,2,3,3-hexafluoro-4-methyl-2-(trifluoromethyl)pentane",,,,,,,CC(C)C(C(C(F)(F)F)(C(F)(F)F)F)(F)F
"1,1,1,2,3,3-hexafluoropropan-2-amine",,,,,,,C([C@@](C(F)(F)F)(N)F)(F)F
"1,1,1,2,3,3-hexafluoropropane",,,,,,,C([C@H](C(F)F)F)(F)(F)F
"1,1,1,2,3,4,4,4-octafluoro-2,3-bis(trifluoromethoxy)-butane",,,,,,,[C@@]([C@@](C(F)(F)F)(OC(F)(F)F)F)(C(F)(F)F)(OC(F)(F)F)F
"1,1,1,2,3,4,4,4-octafluoro-2,3-dimethylbutane",,,,,,,C[C@]([C@](C)(C(F)(F)F)F)(C(F)(F)F)F
"1,1,1,2,3,4,4,4-octafluoro-2-(trifluoromethyl)butane",,,,,,,[C@H](C(C(F)(F)F)(C(F)(F)F)F)(C(F)(F)F)F
"1,1,1,2,3,4,4,4-octafluoro-2-butene",,,,,,,FC(F)(F)/C(=C(\F)/C(F)(F)F)/F
"1,1,1,2,3,4,4,4-octafluoro-2-methoxy-3-(trifluoromethyl)-butane",,,,,,,CO[C@@](C(C(F)(F)F)(C(F)(F)F)F)(C(F)(F)F)F
"1,1,1,2,3,4,4,4-octafluoro-2-methylbutane",,,,,,,C[C@@]([C@@H](C(F)(F)F)F)(C(F)(F)F)F
"1,1,1,2,3,4,4,4-octafluorobutane",,,,,,,FC([C@@H]([C@H](C(F)(F)F)F)F)(F)F
"1,1,1,2,3,4,4-heptafluoro-2-(trifluoromethyl)-butane",,,,,,,[C@H](C(F)F)(C(C(F)(F)F)(C(F)(F)F)F)F
"1,1,1,2,3,4,5,5,5-nonafluoro-2-(trifluoromethyl)pentane",,,,,,,[C@H]([C@@H](C(F)(F)F)F)(C(C(F)(F)F)(C(F)(F)F)F)F
"1,1,1,2,3,4,5,5,5-nonafluoro-2-methyl-4-(trifluoromethyl)pentane",,,,,,,C[C@@]([C@@H](C(C(F)(F)F)(C(F)(F)F)F)F)(C(F)(F)F)F
"1,1,1,2,3,4,5,5-octafluoro-2-(trifluoromethyl)pentane",,,,,,,[C@H]([C@@H](C(C(F)(F)F)(C(F)(F)F)F)F)(C(F)F)F
"1,1,1,2,3,4,5-heptafluoro-2-(trifluoromethyl)pentane",,,,,,,C([C@@H]([C@@H](C(C(F)(F)F)(C(F)(F)F)F)F)F)F
"1,1,1,2,3,4-hexafluoro-2,3-dimethylbutane",,,,,,,C[C@@](CF)([C@@](C)(C(F)(F)F)F)F
"1,1,1,2,3,4-hexafluoro-2,4-bis(trifluoromethyl)hexane",,,,,,,CC[C@@]([C@@H](C(C(F)(F)F)(C(F)(F)F)F)F)(C(F)(F)F)F
"1,1,1,2,3,4-hexafluoro-2-(trifluoromethyl)butane",,,,,,,C([C@@H](C(C(F)(F)F)(C(F)(F)F)F)F)F
"1,1,1,2,3,5,5,5-octafluoro-2-(trifluoromethyl)pentane",,,,,,,C([C@@H](C(C(F)(F)F)(C(F)(F)F)F)F)C(F)(F)F
"1,1,1,2,3,5,5,5-octafluoro-4-(trifluoromethyl)pentane",,,,,,,[C@H](C(C(F)(F)F)C(F)(F)F)([C@@H](C(F)(F)F)F)F
"1,1,1,2,3-pentafluoro-2,3-dimethylbutane",,,,,,,CC(C)([C@@](C)(C(F)(F)F)F)F
"1,1,1,2,3-pentafluoro-2-(fluoromethoxy)propane",,,,,,,C([C@@](C(F)(F)F)(OCF)F)F
"1,1,1,2,3-pentafluoro-2-(trifluoromethoxy)propane",,,,,,,C([C@@](C(F)(F)F)(OC(F)(F)F)F)F
"1,1,1,2,3-pentafluoro-2-(trifluoromethyl)butane",,,,,,,C[C@@H](C(C(F)(F)F)(C(F)(F)F)F)F
"1,1,1,2,3-pentafluoro-2-methoxypropane",,,,,,,CO[C@@](CF)(C(F)(F)F)F
"1,1,1,2,3-pentafluoro-2-methyl-propane",,,,,,,C[C@@](CF)(C(F)(F)F)F
"1,1,1,2,3-pentafluoro-2-methylbutane",,,,,,,C[C@@H]([C@@](C)(C(F)(F)F)F)F
"1,1,1,2,3-pentafluoro-3-(fluoromethoxy)propane",,,,,,,C(O[C@@H]([C@@H](C(F)(F)F)F)F)F
"1,1,1,2,3-pentafluoro-3-methoxypropane",,,,,,,CO[C@@H]([C@@H](C(F)(F)F)F)F
"1,1,1,2,3-pentafluoro-3-methyl-2-(trifluoromethyl)butane",,,,,,,CC(C)(C(C(F)(F)F)(C(F)(F)F)F)F
"1,1,1,2,3-pentafluoro-3-methyl-2-(trifluoromethyl)pentane",,,,,,,CC[C@@](C)(C(C(F)(F)F)(C(F)(F)F)F)F
"1,1,1,2,3-pentafluoropropane",,,,,,,C(F)[C@@H](F)C(F)(F)F
"1,1,1,2,4,4,4-heptafluoro-2-(trifluoromethyl)-butane",,,,,,,C(C(C(F)(F)F)(C(F)(F)F)F)C(F)(F)F
"1,1,1,2,4,4,4-heptafluoro-3-(trifluoromethyl)-butane",,,,,,,C([C@@H](C(F)(F)F)F)(C(F)(F)F)C(F)(F)F
"1,1,1,2,4,4,4-heptafluoro-3-methylbutane",,,,,,,C[C@@H]([C@@H](C(F)(F)F)F)C(F)(F)F
"1,1,1,2,4,4,4-heptafluorobutane",,,,,,,C([C@@H](C(F)(F)F)F)C(F)(F)F
"1,1,1,2,4,4-hexafluoro-2-(trifluoromethyl)-butane",,,,,,,C(C(F)F)C(C(F)(F)F)(C(F)(F)F)F
"1,1,1,2,4,5,5,5-octafluoro-3-methoxypentane",,,,,,,CO[C@H]([C@@H](C(F)(F)F)F)[C@@H](C(F)(F)F)F
"1,1,1,2,4,5,5-heptafluoro-3-methoxypentane",,,,,,,CO[C@@H]([C@@H](C(F)F)F)[C@@H](C(F)(F)F)F
"1,1,1,2,4-pentafluoro-2-(fluoromethyl)butane",,,,,,,C(CF)[C@@](CF)(C(F)(F)F)F
"1,1,1,2,4-pentafluoro-2-propoxybutane",,,,,,,CCCO[C@@](CCF)(C(F)(F)F)F
"1,1,1,2,4-pentafluoro-3-methoxybutane",,,,,,,CO[C@@H](CF)[C@@H](C(F)(F)F)F
"1,1,1,2,5,5,5-heptafluoro-3-methoxypentane",,,,,,,CO[C@@H](CC(F)(F)F)[C@@H](C(F)(F)F)F
"1,1,1,2,5,5,5-heptafluoro-4-methyl-2-(trifluoromethyl)-pentane",,,,,,,C[C@@H](CC(C(F)(F)F)(C(F)(F)F)F)C(F)(F)F
"1,1,1,2,5,5,5-heptafluoro-4-methylpentane",,,,,,,C[C@@H](C[C@@H](C(F)(F)F)F)C(F)(F)F
"1,1,1,2,5,5,5-heptafluoro-pentane",,,,,,,C(CC(F)(F)F)[C@@H](C(F)(F)F)F
"1,1,1,2,5-pentafluoro-3-methoxypentane",,,,,,,CO[C@@H](CCF)[C@@H](C(F)(F)F)F
"1,1,1,2-tetrachloro-2-fluoroethane",,,,,,,[C@H](C(Cl)(Cl)Cl)(Cl)F
"1,1,1,2-tetrachloro-3,3,3-trifluoropropane",,,,,,,ClC([C@@H](C(F)(F)F)Cl)(Cl)Cl
"1,1,1,2-tetrachloroethane",,,,,,,C(Cl)(Cl)(Cl)CCl
"1,1,1,2-tetrafluoro-2,3-dimethylbutane",,,,,,,CC(C)[C@@](C)(C(F)(F)F)F
"1,1,1,2-tetrafluoro-2-(1,1,2,2-tetrafluoroethoxy)-ethane",,,,,,,[C@H](C(F)(F)F)(OC(C(F)F)(F)F)F
"1,1,1,2-tetrafluoro-2-(1,1,2-trifluoroethoxy)ethane",,,,,,,C(C(O[C@@H](C(F)(F)F)F)(F)F)F
"1,1,1,2-tetrafluoro-2-(fluoromethoxy)-ethane",,,,,,,C(O[C@@H](C(F)(F)F)F)F
"1,1,1,2-tetrafluoro-2-(fluoromethoxy)butane",,,,,,,CC[C@@](C(F)(F)F)(OCF)F
"1,1,1,2-tetrafluoro-2-(fluoromethoxy)propane",,,,,,,C[C@@](C(F)(F)F)(OCF)F
"1,1,1,2-tetrafluoro-2-(fluoromethyl)butane",,,,,,,CC[C@@](CF)(C(F)(F)F)F
"1,1,1,2-tetrafluoro-2-(trifluoromethoxy)ethane",,,,,,,FC([C@@H](OC(F)(F)F)F)(F)F
"1,1,1,2-tetrafluoro-2-(trifluoromethoxy)propane",,,,,,,C[C@@](C(F)(F)F)(OC(F)(F)F)F
"1,1,1,2-tetrafluoro-2-(trifluoromethyl)hexane",,,,,,,CCCCC(C(F)(F)F)(C(F)(F)F)F
"1,1,1,2-tetrafluoro-2-(trifluoromethyl)pentane",,,,,,,CCCC(C(F)(F)F)(C(F)(F)F)F
"1,1,1,2-tetrafluoro-2-methoxy-propane",,,,,,,C[C@@](C(F)(F)F)(OC)F
"1,1,1,2-tetrafluoro-2-methoxyethane",,,,,,,CO[C@@H](C(F)(F)F)F
"1,1,1,2-tetrafluoro-2-methylbutane",,,,,,,CC[C@@](C)(C(F)(F)F)F
"1,1,1,2-tetrafluoro-2-methylhexane",,,,,,,CCCC[C@@](C)(C(F)(F)F)F
"1,1,1,2-tetrafluoro-2-methylpentane",,,,,,,CCC[C@@](C)(C(F)(F)F)F
"1,1,1,2-tetrafluoro-2-methylpropane",,,,,,,CC(C)(C(F)(F)F)F
"1,1,1,2-tetrafluoro-3-(fluoromethoxy)propane",,,,,,,C([C@@H](C(F)(F)F)F)OCF
"1,1,1,2-tetrafluoro-3-(trifluoromethoxy)propane",,,,,,,C([C@@H](C(F)(F)F)F)OC(F)(F)F
"1,1,1,2-tetrafluoro-3-methoxy-2-methylpentane",,,,,,,CC[C@@H]([C@@](C)(C(F)(F)F)F)OC
"1,1,1,2-tetrafluoro-3-methoxypropane",,,,,,,COC[C@@H](C(F)(F)F)F
"1,1,1,2-tetrafluoro-3-methyl-2-(trifluoromethyl)butane",,,,,,,CC(C)C(C(F)(F)F)(C(F)(F)F)F
"1,1,1,2-tetrafluoro-3-methylbutane",,,,,,,CC(C)[C@@H](C(F)(F)F)F
"1,1,1,2-tetrafluoro-3-propan-2-yloxypropane",,,,,,,CC(C)OC[C@@H](C(F)(F)F)F
"1,1,1,2-tetrafluoro-4-methyl-2-(trifluoromethyl)pentane",,,,,,,CC(C)CC(C(F)(F)F)(C(F)(F)F)F
"1,1,1,2-tetrafluoroethane",,,,,,,C(CF)(F)(F)F
"1,1,1,2-tetrafluoropropan-2-amine",,,,,,,C[C@@](C(F)(F)F)(N)F
"1,1,1,2-tetrafluoropropan-2-ol",,,,,,,C[C@@](C(F)(F)F)(O)F
"1,1,1,2-tetraphenylethane",,,,,,,C(C(c1ccccc1)(c1ccccc1)c1ccccc1)c1ccccc1
"1,1,1,3,3,3-hexafluoro-2,2-bis(trifluoromethyl)-propane",,,,,,,C(C(F)(F)F)(C(F)(F)F)(C(F)(F)F)C(F)(F)F
"1,1,1,3,3,3-hexafluoro-2,2-propanediol",,,,,,,OC(O)(C(F)(F)F)C(F)(F)F
"1,1,1,3,3,3-hexafluoro-2-(1-fluoroethoxy)propane",,,,,,,C[C@@H](OC(C(F)(F)F)C(F)(F)F)F
"1,1,1,3,3,3-hexafluoro-2-(difluoromethoxy)propane",,,,,,,C(C(F)(F)F)(C(F)(F)F)OC(F)F
"1,1,1,3,3,3-hexafluoro-2-(fluoromethyl)-2-(trifluoromethyl)propane",,,,,,,C(C(C(F)(F)F)(C(F)(F)F)C(F)(F)F)F
"1,1,1,3,3,3-hexafluoro-2-(fluoromethyl)-2-methylpropane",,,,,,,CC(CF)(C(F)(F)F)C(F)(F)F
"1,1,1,3,3,3-hexafluoro-2-(fluoromethyl)-2-propanol",,,,,,,C(C(C(F)(F)F)(C(F)(F)F)O)F
"1,1,1,3,3,3-hexafluoro-2-(methoxymethyl)-2-methylpropane",,,,,,,CC(COC)(C(F)(F)F)C(F)(F)F
"1,1,1,3,3,3-hexafluoro-2-(methoxymethyl)propane",,,,,,,COCC(C(F)(F)F)C(F)(F)F
"1,1,1,3,3,3-hexafluoro-2-(trifluoromethoxy)-propane",,,,,,,C(C(F)(F)F)(C(F)(F)F)OC(F)(F)F
"1,1,1,3,3,3-hexafluoro-2-(trifluoromethoxymethyl)propane",,,,,,,C(C(C(F)(F)F)C(F)(F)F)OC(F)(F)F
"1,1,1,3,3,3-hexafluoro-2-bromo-propane",,,,,,,C(C(F)(F)F)(C(F)(F)F)Br
"1,1,1,3,3,3-hexafluoro-2-methoxy-2-(trifluoromethyl)-propane",,,,,,,COC(C(F)(F)F)(C(F)(F)F)C(F)(F)F
"1,1,1,3,3,3-hexafluoro-2-methoxy-2-propanol",,,,,,,COC(C(F)(F)F)(C(F)(F)F)O
"1,1,1,3,3,3-hexafluoro-2-methyl-2-(trifluoromethyl)-propane",,,,,,,CC(C(F)(F)F)(C(F)(F)F)C(F)(F)F
"1,1,1,3,3,3-hexafluoro-2-methylpropan-2-ol",,,,,,,CC(C(F)(F)F)(C(F)(F)F)O
"1,1,1,3,3,3-hexafluoro-2-methylpropane",,,,,,,CC(C(F)(F)F)C(F)(F)F
"1,1,1,3,3,3-hexafluoro-2-propanone",,,,,,,FC(F)(F)C(=O)C(F)(F)F
"1,1,1,3,3,3-hexafluoro-2-[fluoro(methoxy)methyl]propane",,,,,,,CO[C@@H](C(C(F)(F)F)C(F)(F)F)F
"1,1,1,3,3,3-hexafluoro-n-(trifluoromethyl)propan-2-imine",,,,,,,C(=NC(F)(F)F)(C(F)(F)F)C(F)(F)F
"1,1,1,3,3,3-hexafluoroisopropylmethylether",,,,,,,COC(C(F)(F)F)C(F)(F)F
"1,1,1,3,3,3-hexafluoropropan-2-imine",,,,,,,C(=N)(C(F)(F)F)C(F)(F)F
"1,1,1,3,3,3-hexafluoropropan-2-yl-2,2,2-trifluoroacetate",,,,,,,C(C(F)(F)F)(C(F)(F)F)OC(=O)C(F)(F)F
"1,1,1,3,3,3-hexafluoropropane",,,,,,,C(CC(F)(F)F)(F)(F)F
"1,1,1,3,3,4,4,4-octafluoro-2-(trifluoromethyl)butan-2-ol",,,,,,,C(C(C(F)(F)F)(F)F)(C(F)(F)F)(C(F)(F)F)O
"1,1,1,3,3,4,4,4-octafluoro-2-butanol",,,,,,,[C@H](C(C(F)(F)F)(F)F)(C(F)(F)F)O
"1,1,1,3,3,4,4,4-octafluoro-2-methylbutane-2-ol",,,,,,,C[C@@](C(C(F)(F)F)(F)F)(C(F)(F)F)O
"1,1,1,3,3,4,4,5,5,5-decafluoro-2-pentanone",,,,,,,C(=O)(C(C(C(F)(F)F)(F)F)(F)F)C(F)(F)F
"1,1,1,3,3,4,4-heptafluoro-2,2-bis(trifluoromethyl)pentane",,,,,,,CC(C(C(C(F)(F)F)(C(F)(F)F)C(F)(F)F)(F)F)(F)F
"1,1,1,3,3,4,4-heptafluoro-2-methyl-2-(trifluoromethyl)pentane",,,,,,,CC(C(C(C)(F)F)(F)F)(C(F)(F)F)C(F)(F)F
"1,1,1,3,3,4,4-heptafluorobutan-2-ol",,,,,,,[C@H](C(C(F)F)(F)F)(C(F)(F)F)O
"1,1,1,3,3,4,4-heptafluorohexane",,,,,,,CCC(C(CC(F)(F)F)(F)F)(F)F
"1,1,1,3,3,4,5,5,5-nonafluoro-4-(trifluoromethyl)-2-pentanone",,,,,,,C(=O)(C(C(C(F)(F)F)(C(F)(F)F)F)(F)F)C(F)(F)F
"1,1,1,3,3,4-hexafluoro-2-(trifluoromethyl)-2-butanol",,,,,,,C(C(C(C(F)(F)F)(C(F)(F)F)O)(F)F)F
"1,1,1,3,3,4-hexafluorobutan-2-one",,,,,,,C(C(C(=O)C(F)(F)F)(F)F)F
"1,1,1,3,3-pentachloro-2,2,3-trifluoropropane",,,,,,,ClC(C(F)(C(Cl)(Cl)Cl)F)(F)Cl
"1,1,1,3,3-pentachloro-2,2-difluoropropane",,,,,,,C(C(F)(C(Cl)(Cl)Cl)F)(Cl)Cl
"1,1,1,3,3-pentachloro-3-fluoropropane",,,,,,,ClC(CC(F)(Cl)Cl)(Cl)Cl
"1,1,1,3,3-pentafluoro-2,2-bis(trifluoromethyl)butane",,,,,,,CC(C(C(F)(F)F)(C(F)(F)F)C(F)(F)F)(F)F
"1,1,1,3,3-pentafluoro-2,2-dimethylpropane",,,,,,,CC(C)(C(F)F)C(F)(F)F
"1,1,1,3,3-pentafluoro-2-(fluoromethyl)-3-methoxy-propane",,,,,,,COC([C@@H](CF)C(F)(F)F)(F)F
"1,1,1,3,3-pentafluoro-2-methoxypropane",,,,,,,CO[C@@H](C(F)F)C(F)(F)F
"1,1,1,3,3-pentafluoro-2-methyl-propane",,,,,,,C[C@@H](C(F)F)C(F)(F)F
"1,1,1,3,3-pentafluoro-2-propoxypropane",,,,,,,CCCO[C@@H](C(F)F)C(F)(F)F
"1,1,1,3,3-pentafluoro-3-(1,2,2,2-tetrafluoroethoxy)-2-propanone",,,,,,,[C@H](C(F)(F)F)(OC(C(=O)C(F)(F)F)(F)F)F
"1,1,1,3,3-pentafluoro-3-(2,2,2-trifluoroethoxy)propane",,,,,,,C(C(OCC(F)(F)F)(F)F)C(F)(F)F
"1,1,1,3,3-pentafluoro-3-(fluoromethoxy)propane",,,,,,,C(C(OCF)(F)F)C(F)(F)F
"1,1,1,3,3-pentafluoro-3-(trifluoromethoxy)propan-2-one",,,,,,,C(=O)(C(OC(F)(F)F)(F)F)C(F)(F)F
"1,1,1,3,3-pentafluoro-3-methoxy-2-propanone",,,,,,,COC(C(=O)C(F)(F)F)(F)F
"1,1,1,3,3-pentafluoro-3-methoxypropane",,,,,,,COC(CC(F)(F)F)(F)F
"1,1,1,3,3-pentafluoro-3-propan-2-yloxypropane",,,,,,,CC(C)OC(CC(F)(F)F)(F)F
"1,1,1,3,3-pentafluorobutan-2-ol",,,,,,,CC([C@@H](C(F)(F)F)O)(F)F
"1,1,1,3,3-pentafluorobutan-2-one",,,,,,,CC(C(=O)C(F)(F)F)(F)F
"1,1,1,3,3-pentafluorobutane",,,,,,,C(CC(C)(F)F)(F)(F)F
"1,1,1,3,3-pentafluoropentan-2-ol",,,,,,,CCC([C@@H](C(F)(F)F)O)(F)F
"1,1,1,3,3-pentafluoropentane-2,4-dione",,,,,,,CC(=O)C(C(=O)C(F)(F)F)(F)F
"1,1,1,3,3-pentafluoropropane",,,,,,,C(CC(F)F)(F)(F)F
"1,1,1,3,4,4,4-heptafluoro-2,3-dimethylbutan-2-ol",,,,,,,C[C@@]([C@@](C)(C(F)(F)F)F)(C(F)(F)F)O
"1,1,1,3,4,4,4-heptafluoro-2-methoxy-2-(trifluoromethyl)butane",,,,,,,COC([C@@H](C(F)(F)F)F)(C(F)(F)F)C(F)(F)F
"1,1,1,3,4,4,4-heptafluoro-2-methyl-2-(trifluoromethyl)butane",,,,,,,CC([C@@H](C(F)(F)F)F)(C(F)(F)F)C(F)(F)F
"1,1,1,3,4,4,4-heptafluoro-3-(trifluoromethyl)-2-butanol",,,,,,,[C@H](C(C(F)(F)F)(C(F)(F)F)F)(C(F)(F)F)O
"1,1,1,3,4,4,4-heptafluoro-3-methylbutan-2-one",,,,,,,C[C@@](C(=O)C(F)(F)F)(C(F)(F)F)F
"1,1,1,3,4,4,4-heptafluorobutan-2-ol",,,,,,,[C@H]([C@@H](C(F)(F)F)F)(C(F)(F)F)O
"1,1,1,3,4,4-hexafluoro-2-(trifluoromethyl)butane",,,,,,,[C@H](C(C(F)(F)F)C(F)(F)F)(C(F)F)F
"1,1,1,3,4,5,5-heptafluoro-2-(trifluoromethyl)pentane",,,,,,,[C@H]([C@@H](C(F)F)F)(C(C(F)(F)F)C(F)(F)F)F
"1,1,1,3,4,5-hexafluoro-4-methylpentane",,,,,,,C[C@@](CF)([C@@H](CC(F)(F)F)F)F
"1,1,1,3,5,7,7,7-octamethyltetrasiloxane",,,,,,,[Si](O[Si@H](O[Si@H](O[Si](C)(C)C)C)C)(C)(C)C
"1,1,1,3-tetrachloro-2,2,3-trifluoropropane",,,,,,,ClC(C([C@@H](F)Cl)(F)F)(Cl)Cl
"1,1,1,3-tetrachloro-2,2-difluoropropane",,,,,,,ClC(C(CCl)(F)F)(Cl)Cl
"1,1,1,3-tetrachloro-3,3-difluoropropane",,,,,,,C(C(F)(F)Cl)C(Cl)(Cl)Cl
"1,1,1,3-tetrafluoro-2,2-bis(fluoromethyl)propane",,,,,,,C(C(CF)(CF)C(F)(F)F)F
"1,1,1,3-tetrafluoro-2,2-dimethylpropane",,,,,,,CC(C)(CF)C(F)(F)F
"1,1,1,3-tetrafluoro-2-(1,1,1,3-tetrafluoropropan-2-yloxy)propane",,,,,,,C([C@@H](C(F)(F)F)O[C@@H](CF)C(F)(F)F)F
"1,1,1,3-tetrafluoro-2-(fluoromethoxy)propane",,,,,,,C([C@@H](C(F)(F)F)OCF)F
"1,1,1,3-tetrafluoro-2-(trifluoromethoxy)propane",,,,,,,C([C@@H](C(F)(F)F)OC(F)(F)F)F
"1,1,1,3-tetrafluoro-2-methoxybutane",,,,,,,C[C@@H]([C@@H](C(F)(F)F)OC)F
"1,1,1,3-tetrafluoro-2-methoxypropane",,,,,,,CO[C@@H](CF)C(F)(F)F
"1,1,1,3-tetrafluoro-2-methylbutane",,,,,,,C[C@@H]([C@@H](C)F)C(F)(F)F
"1,1,1,3-tetrafluoro-2-methylpentane",,,,,,,CC[C@@H]([C@@H](C)C(F)(F)F)F
"1,1,1,3-tetrafluoro-2-propan-2-yloxypropane",,,,,,,CC(C)O[C@@H](CF)C(F)(F)F
"1,1,1,3-tetrafluoro-2-propoxypropane",,,,,,,CCCO[C@@H](CF)C(F)(F)F
"1,1,1,3-tetrafluoro-3-(trifluoromethoxy)propane",,,,,,,C([C@@H](OC(F)(F)F)F)C(F)(F)F
"1,1,1,3-tetrafluoroacetone",,,,,,,C(C(=O)C(F)(F)F)F
"1,1,1,3-tetrafluoropentan-2-one",,,,,,,CC[C@@H](C(=O)C(F)(F)F)F
"1,1,1,3-tetrafluoropentane",,,,,,,CC[C@@H](CC(F)(F)F)F
"1,1,1,3-tetrafluoropropane",,,,,,,C(CF)C(F)(F)F
"1,1,1,4,4,4-hexafluoro-2,2,3,3-tetrakis(trifluoromethyl)butane",,,,,,,C(C(C(F)(F)F)(C(F)(F)F)C(F)(F)F)(C(F)(F)F)(C(F)(F)F)C(F)(F)F
"1,1,1,4,4,4-hexafluoro-2,2,3,3-tetramethylbutane",,,,,,,CC(C)(C(C)(C)C(F)(F)F)C(F)(F)F
"1,1,1,4,4,4-hexafluoro-2,3-bis(trifluoromethyl)-butane",,,,,,,C(C(C(F)(F)F)C(F)(F)F)(C(F)(F)F)C(F)(F)F
"1,1,1,4,4,4-hexafluoro-2,3-dimethyl-2,3-bis(trifluoromethyl)butane",,,,,,,CC(C(C)(C(F)(F)F)C(F)(F)F)(C(F)(F)F)C(F)(F)F
"1,1,1,4,4,4-hexafluoro-2,3-dimethylbutan-2-ol",,,,,,,C[C@@H]([C@@](C)(C(F)(F)F)O)C(F)(F)F
"1,1,1,4,4,4-hexafluoro-2,3-dimethylbutane",,,,,,,C[C@@H]([C@@H](C)C(F)(F)F)C(F)(F)F
"1,1,1,4,4,4-hexafluoro-2-(trifluoromethoxy)butane",,,,,,,C([C@H](C(F)(F)F)OC(F)(F)F)C(F)(F)F
"1,1,1,4,4,4-hexafluoro-2-(trifluoromethyl)-butane",,,,,,,C(C(C(F)(F)F)C(F)(F)F)C(F)(F)F
"1,1,1,4,4,4-hexafluoro-2-butyne",,,,,,,FC(F)(F)C#CC(F)(F)F
"1,1,1,4,4,4-hexafluoro-2-methoxybutane",,,,,,,CO[C@@H](CC(F)(F)F)C(F)(F)F
"1,1,1,4,4,4-hexafluoro-3-(trifluoromethyl)butan-2-one",,,,,,,C(C(=O)C(F)(F)F)(C(F)(F)F)C(F)(F)F
"1,1,1,4,4,4-hexafluoro-n-methylbutan-2-amine",,,,,,,CN[C@@H](CC(F)(F)F)C(F)(F)F
"1,1,1,4,4,4-hexafluorobutan-2-one",,,,,,,C(C(=O)C(F)(F)F)C(F)(F)F
"1,1,1,4,4,4-hexafluorobutane-2,3-dione",,,,,,,C(=O)(C(=O)C(F)(F)F)C(F)(F)F
"1,1,1,4,4,4-hexafluorobutane",,,,,,,C(CC(F)(F)F)C(F)(F)F
"1,1,1,4,4,5,5-heptafluoro-3-oxa-pentane",,,,,,,C(F)(F)(F)COC(F)(F)C(F)F
"1,1,1,4,4,5,5-heptafluoroheptane",,,,,,,CCC(C(CCC(F)(F)F)(F)F)(F)F
"1,1,1,4,4-pentafluoro-2-(trifluoromethoxy)butane",,,,,,,C([C@@H](C(F)(F)F)OC(F)(F)F)C(F)F
"1,1,1,4,4-pentafluoro-2-methoxybutane",,,,,,,CO[C@@H](CC(F)F)C(F)(F)F
"1,1,1,4,4-pentafluoro-2-methylhexane",,,,,,,CCC(C[C@@H](C)C(F)(F)F)(F)F
"1,1,1,4,4-pentafluoro-4-methoxybutane",,,,,,,COC(CCC(F)(F)F)(F)F
"1,1,1,4,5,5,5-heptafluoro-4-(trifluoromethyl)-2,3-pentanedione",,,,,,,C(=O)(C(=O)C(F)(F)F)C(C(F)(F)F)(C(F)(F)F)F
"1,1,1,4-tetrafluoro-2-methoxybutane",,,,,,,CO[C@@H](CCF)C(F)(F)F
"1,1,1,4-tetrafluoro-2-methylbutane",,,,,,,C[C@@H](CCF)C(F)(F)F
"1,1,1,4-tetrafluoro-3,3-bis(fluoromethyl)butane",,,,,,,C(C(CF)(CF)CF)C(F)(F)F
"1,1,1,4-tetrafluoropentane",,,,,,,C[C@@H](CCC(F)(F)F)F
"1,1,1,5-tetrafluoropentane",,,,,,,C(CCF)CC(F)(F)F
"1,1,1-ethanetricarbonitrile",,,,,,,CC(C#N)(C#N)C#N
"1,1,1-trichloro-2,2,2-trifluoroethane",,,,,,,ClC(Cl)(Cl)C(F)(F)F
"1,1,1-trichloro-2,2,3,3,3-pentafluoropropane",,,,,,,ClC(C(C(F)(F)F)(F)F)(Cl)Cl
"1,1,1-trichloro-2,2,3,3-tetrafluoropropane",,,,,,,C(C(F)(C(Cl)(Cl)Cl)F)(F)F
"1,1,1-trichloro-2,2,3-trifluoropropane",,,,,,,ClC(C(CF)(F)F)(Cl)Cl
"1,1,1-trichloro-2,2-difluoroethane",,,,,,,C(C(Cl)(Cl)Cl)(F)F
"1,1,1-trichloro-2,3-epoxypropane",,,,,,,O1[C@@H](C(Cl)(Cl)Cl)C1
"1,1,1-trichloro-2-fluoroethane","1,1,1-TRICHLORO-2-FLUOROETHANE",BP-TZVP,002366-36-1,151.4,C2H2Cl3F,,ClC(Cl)(Cl)CF
"1,1,1-trichloro-2-propanol","1,1,1-trichloro-2-propanol",BP-TZVP,000076-00-6,163.43,C3H5Cl3O,,C(Cl)(Cl)(Cl)[C@@H](O)C
"1,1,1-trichloro-3,3,3-trifluoropropane",,,,,,,ClC(CC(F)(F)F)(Cl)Cl
"1,1,1-trichloro-3-fluoropropane",,,,,,,ClC(CCF)(Cl)Cl
"1,1,1-trichloroacetone",,,,,,,ClC(Cl)(Cl)C(=O)C
"1,1,1-trichloroethane",,,,,,,ClC(Cl)(Cl)C
"1,1,1-triethoxyethane",,,,,,,O(C(OCC)(OCC)C)CC
"1,1,1-triethyl-3,3,3-trimethyl-disiloxane",,,,,,,CC[Si](CC)(CC)O[Si](C)(C)C
"1,1,1-trifluoro-2,2,3,3-tetramethylbutane",,,,,,,CC(C)(C)C(C)(C)C(F)(F)F
"1,1,1-trifluoro-2,2,3-trimethylbutane",,,,,,,CC(C)C(C)(C)C(F)(F)F
"1,1,1-trifluoro-2,2-bis(trifluoromethyl)butane",,,,,,,CCC(C(F)(F)F)(C(F)(F)F)C(F)(F)F
"1,1,1-trifluoro-2,2-bis(trifluoromethyl)pentane",,,,,,,CCCC(C(F)(F)F)(C(F)(F)F)C(F)(F)F
"1,1,1-trifluoro-2,2-dichloropropane",,,,,,,FC(C(C)(Cl)Cl)(F)F
"1,1,1-trifluoro-2,2-dimethoxy-propane",,,,,,,CC(C(F)(F)F)(OC)OC
"1,1,1-trifluoro-2,2-dimethylbutane",,,,,,,CCC(C)(C)C(F)(F)F
"1,1,1-trifluoro-2,2-dimethylpentane",,,,,,,CCCC(C)(C)C(F)(F)F
"1,1,1-trifluoro-2,3,3-trimethyl-2-(trifluoromethyl)butane",,,,,,,CC(C)(C)C(C)(C(F)(F)F)C(F)(F)F
"1,1,1-trifluoro-2,3,3-trimethylpentane",,,,,,,CCC(C)(C)[C@@H](C)C(F)(F)F
"1,1,1-trifluoro-2,3-dimethyl-2-(trifluoromethyl)butane",,,,,,,CC(C)C(C)(C(F)(F)F)C(F)(F)F
"1,1,1-trifluoro-2-(1,1,2,2-tetrafluoroethoxy)-propane",,,,,,,C[C@@H](C(F)(F)F)OC(C(F)F)(F)F
"1,1,1-trifluoro-2-(1,1,2-trifluoroethoxy)-ethane",,,,,,,C(C(F)(F)F)OC(CF)(F)F
"1,1,1-trifluoro-2-(1-fluoroethoxy)ethane",,,,,,,C[C@@H](OCC(F)(F)F)F
"1,1,1-trifluoro-2-(fluoromethoxy)propane",,,,,,,C[C@@H](C(F)(F)F)OCF
"1,1,1-trifluoro-2-(fluoromethyl)-2-methylbutane",,,,,,,CC[C@@](C)(CF)C(F)(F)F
"1,1,1-trifluoro-2-(fluoromethyl)butane",,,,,,,CC[C@@H](CF)C(F)(F)F
"1,1,1-trifluoro-2-(trifluoromethoxy)ethane",,,,,,,C(C(F)(F)F)OC(F)(F)F
"1,1,1-trifluoro-2-(trifluoromethoxy)propane",,,,,,,C[C@@H](C(F)(F)F)OC(F)(F)F
"1,1,1-trifluoro-2-(trifluoromethyl)butane",,,,,,,CCC(C(F)(F)F)C(F)(F)F
"1,1,1-trifluoro-2-bromoethane",,,,,,,C(F)(F)(F)CBr
"1,1,1-trifluoro-2-methoxy-2-methylpropane",,,,,,,CC(C)(C(F)(F)F)OC
"1,1,1-trifluoro-2-methoxy-3-methylbutane",,,,,,,CC(C)[C@@H](C(F)(F)F)OC
"1,1,1-trifluoro-2-methoxybutane",,,,,,,CC[C@@H](C(F)(F)F)OC
"1,1,1-trifluoro-2-methoxypentane",,,,,,,CCC[C@@H](C(F)(F)F)OC
"1,1,1-trifluoro-2-methyl-2-(trifluoromethyl)butane",,,,,,,CCC(C)(C(F)(F)F)C(F)(F)F
"1,1,1-trifluoro-2-methyl-2-(trifluoromethyl)pentane",,,,,,,CCCC(C)(C(F)(F)F)C(F)(F)F
"1,1,1-trifluoro-2-methylbutan-2-ol",,,,,,,CC[C@@](C)(C(F)(F)F)O
"1,1,1-trifluoro-2-methylhexane",,,,,,,CCCC[C@@H](C)C(F)(F)F
"1,1,1-trifluoro-2-methylpropan-2-amine",,,,,,,CC(C)(C(F)(F)F)N
"1,1,1-trifluoro-2-propanol",,,,,,,FC(F)(F)[C@@H](O)C
"1,1,1-trifluoro-2-propanone",,,,,,,C(=O)(C(F)(F)F)C
"1,1,1-trifluoro-3,3,4-trimethylpentane",,,,,,,CC(C)C(C)(C)CC(F)(F)F
"1,1,1-trifluoro-3,3-dimethoxypropane",,,,,,,COC(CC(F)(F)F)OC
"1,1,1-trifluoro-3,3-dimethyl-butan-2-one",,,,,,,CC(C)(C)C(=O)C(F)(F)F
"1,1,1-trifluoro-3,3-dimethyl-butane",,,,,,,CC(C)(C)CC(F)(F)F
"1,1,1-trifluoro-3,3-dimethylpentane",,,,,,,CCC(C)(C)CC(F)(F)F
"1,1,1-trifluoro-3,4-dimethylpentane",,,,,,,CC(C)[C@@H](C)CC(F)(F)F
"1,1,1-trifluoro-3-(fluoromethoxy)propane",,,,,,,C(COCF)C(F)(F)F
"1,1,1-trifluoro-3-(trifluoromethyl)hexane",,,,,,,CCC[C@@H](CC(F)(F)F)C(F)(F)F
"1,1,1-trifluoro-3-(trifluoromethyl)pentane",,,,,,,CC[C@@H](CC(F)(F)F)C(F)(F)F
"1,1,1-trifluoro-3-methoxy-2-methylpropane",,,,,,,C[C@@H](COC)C(F)(F)F
"1,1,1-trifluoro-3-methoxybutane",,,,,,,C[C@@H](CC(F)(F)F)OC
"1,1,1-trifluoro-3-methoxypropane",,,,,,,COCCC(F)(F)F
"1,1,1-trifluoro-3-methyl-2,2-bis(trifluoromethyl)butane",,,,,,,CC(C)C(C(F)(F)F)(C(F)(F)F)C(F)(F)F
"1,1,1-trifluoro-3-methyl-2-(trifluoromethyl)pentane",,,,,,,CC[C@@H](C)C(C(F)(F)F)C(F)(F)F
"1,1,1-trifluoro-3-methyl-pentane",,,,,,,CC[C@@H](C)CC(F)(F)F
"1,1,1-trifluoro-3-methylbutan-2-imine",,,,,,,CC(C)C(=N)C(F)(F)F
"1,1,1-trifluoro-3-methylbutan-2-one",,,,,,,CC(C)C(=O)C(F)(F)F
"1,1,1-trifluoro-3-methylbutane",,,,,,,CC(C)CC(F)(F)F
"1,1,1-trifluoro-4-hydroxy-4-(2-th)-3-buten-2-one",,,,,,,c1ccc(s1)/C(=C/C(=O)C(F)(F)F)/O
"1,1,1-trifluoro-4-methoxybutane",,,,,,,COCCCC(F)(F)F
"1,1,1-trifluoro-4-methyl-2-(trifluoromethyl)pentane",,,,,,,CC(C)CC(C(F)(F)F)C(F)(F)F
"1,1,1-trifluoro-4-methyl-pentane",,,,,,,CC(C)CCC(F)(F)F
"1,1,1-trifluoro-4-methylhexane",,,,,,,CC[C@@H](C)CCC(F)(F)F
"1,1,1-trifluoro-4-sh-4-(2-thia)-3-buten-2-one",,,,,,,C(=C(\C(F)(F)F)/O)/C(=S)c1cccs1
"1,1,1-trifluoro-5-methyl-hexane",,,,,,,CC(C)CCCC(F)(F)F
"1,1,1-trifluoro-n,3-dimethylbutan-2-amine",,,,,,,CC(C)[C@@H](C(F)(F)F)NC
"1,1,1-trifluoro-n,3-dimethylpentan-2-amine",,,,,,,CC[C@@H](C)[C@@H](C(F)(F)F)NC
"1,1,1-trifluoro-n,n,3-trimethylbutan-2-amine",,,,,,,CC(C)[C@@H](C(F)(F)F)N(C)C
"1,1,1-trifluoro-n-(fluoromethyl)-n-(trifluoromethyl)-methanamine",,,,,,,C(N(C(F)(F)F)C(F)(F)F)F
"1,1,1-trifluoro-n-(fluoromethyl)-n-methyl-methanamine",,,,,,,CN(CF)C(F)(F)F
"1,1,1-trifluoro-n-methyl-methanamine",,,,,,,CNC(F)(F)F
"1,1,1-trifluoro-n-methyl-n-(trifluoromethyl)-methanamine",,,,,,,CN(C(F)(F)F)C(F)(F)F
"1,1,1-trifluoro-n-methylbutan-2-amine",,,,,,,CC[C@@H](C(F)(F)F)NC
"1,1,1-trifluoro-n-methylpentan-2-amine",,,,,,,CCC[C@@H](C(F)(F)F)NC
"1,1,1-trifluorobutan-2-amine",,,,,,,CC[C@@H](C(F)(F)F)N
"1,1,1-trifluorobutan-2-imine",,,,,,,CCC(=N)C(F)(F)F
"1,1,1-trifluorobutan-2-ol",,,,,,,CC[C@@H](C(F)(F)F)O
"1,1,1-trifluorobutan-2-one",,,,,,,CCC(=O)C(F)(F)F
"1,1,1-trifluorobutane",,,,,,,CCCC(F)(F)F
"1,1,1-trifluoroethane",,,,,,,CC(F)(F)F
"1,1,1-trifluorohexan-2-imine",,,,,,,CCCCC(=N)C(F)(F)F
"1,1,1-trifluoromethylmethylether",,,,,,,COC(F)(F)F
"1,1,1-trifluoropentan-2-one",,,,,,,CCCC(=O)C(F)(F)F
"1,1,1-trifluoropentane",,,,,,,CCCCC(F)(F)F
"1,1,1-trifluoropropan-2-amine",,,,,,,C[C@@H](C(F)(F)F)N
"1,1,1-trifluoropropane",,,,,,,CCC(F)(F)F
"1,1,1-trifluorotrimethylamine",,,,,,,CN(C)C(F)(F)F
"1,1,2,2,2-pentafluoroethanol",,,,,,,C(C(F)(F)F)(O)(F)F
"1,1,2,2,2-pentafluoroethylacetate",,,,,,,CC(=O)OC(C(F)(F)F)(F)F
"1,1,2,2,3,3,3-heptafluoro-1-propanamine",,,,,,,C(C(N)(F)F)(C(F)(F)F)(F)F
"1,1,2,2,3,3,3-heptafluoropropan-1-ol",,,,,,,C(C(O)(F)F)(C(F)(F)F)(F)F
"1,1,2,2,3,3,3-heptafluoropropane",,,,,,,C(C(C(F)(F)F)(F)F)(F)F
"1,1,2,2,3,3,4,4,5,5,5-undecafluoro-1-pentanol",,,,,,,C(C(C(O)(F)F)(F)F)(C(C(F)(F)F)(F)F)(F)F
"1,1,2,2,3,3,4,4,5,5-decafluoro-hexane",,,,,,,CC(C(C(C(C(F)F)(F)F)(F)F)(F)F)(F)F
"1,1,2,2,3,3,4,4,5,5-decafluoro-pentane",,,,,,,C(C(C(C(C(F)F)(F)F)(F)F)(F)F)(F)F
"1,1,2,2,3,3,4,4,5-nonafluoro-5-methylcyclopentane",,,,,,,CC1(C(C(C(C1(F)F)(F)F)(F)F)(F)F)F
"1,1,2,2,3,3,4,4,5-nonafluoro-hexane",,,,,,,C[C@@H](C(C(C(C(F)F)(F)F)(F)F)(F)F)F
"1,1,2,2,3,3,4,4-octafluoro-1-methoxybutane",,,,,,,COC(C(C(C(F)F)(F)F)(F)F)(F)F
"1,1,2,2,3,3,4,4-octafluoro-hexane",,,,,,,CCC(C(C(C(F)F)(F)F)(F)F)(F)F
"1,1,2,2,3,3,4,4-octafluorobutan-1-ol",,,,,,,C(C(C(C(O)(F)F)(F)F)(F)F)(F)F
"1,1,2,2,3,3,4,4-octafluorobutane",,,,,,,C(C(C(C(F)F)(F)F)(F)F)(F)F
"1,1,2,2,3,3,4,4-octafluoropentane",,,,,,,CC(C(C(C(F)F)(F)F)(F)F)(F)F
"1,1,2,2,3,3,4,5-octafluoro-4-methylcyclopentane",,,,,,,C[C@]1([C@@H](C(C(C1(F)F)(F)F)(F)F)F)F
"1,1,2,2,3,3,4,5-octafluoro-pentane",,,,,,,C([C@@H](C(C(C(F)F)(F)F)(F)F)F)F
"1,1,2,2,3,3,4-heptafluoro-butane",,,,,,,C(C(C(C(F)F)(F)F)(F)F)F
"1,1,2,2,3,3,4-heptafluorocyclopentane",,,,,,,C1[C@@H](C(C(C1(F)F)(F)F)(F)F)F
"1,1,2,2,3,3-hexafluoro-1-(1-methylethoxy)-propane",,,,,,,CC(C)OC(C(C(F)F)(F)F)(F)F
"1,1,2,2,3,3-hexafluoro-1-(trifluoromethoxy)propane",,,,,,,C(C(C(OC(F)(F)F)(F)F)(F)F)(F)F
"1,1,2,2,3,3-hexafluoro-1-methoxybutane",,,,,,,CC(C(C(OC)(F)F)(F)F)(F)F
"1,1,2,2,3,3-hexafluoro-4-(trifluoromethoxy)butane",,,,,,,C(C(C(C(F)F)(F)F)(F)F)OC(F)(F)F
"1,1,2,2,3,3-hexafluoro-4-methoxy-butane",,,,,,,COCC(C(C(F)F)(F)F)(F)F
"1,1,2,2,3,3-hexafluoroheptane",,,,,,,CCCCC(C(C(F)F)(F)F)(F)F
"1,1,2,2,3,3-hexafluorohexane",,,,,,,CCCC(C(C(F)F)(F)F)(F)F
"1,1,2,2,3,3-hexafluoropentan-1-ol",,,,,,,CCC(C(C(O)(F)F)(F)F)(F)F
"1,1,2,2,3,3-hexafluoropentane",,,,,,,CCC(C(C(F)F)(F)F)(F)F
"1,1,2,2,3,3-hexafluoropropane-1,3-diol",,,,,,,C(C(O)(F)F)(C(O)(F)F)(F)F
"1,1,2,2,3,3-hexafluoropropane",,,,,,,C(C(C(F)F)(F)F)(F)F
"1,1,2,2,3,4,4,5,5-nonafluoro-3-(trifluoromethyl)pentane",,,,,,,C(C(C(C(C(F)F)(F)F)(C(F)(F)F)F)(F)F)(F)F
"1,1,2,2,3,4,4-heptafluorocyclopentane",,,,,,,C1C([C@@H](C(C1(F)F)(F)F)F)(F)F
"1,1,2,2,3-pentafluoro-1-(1,1,2,2,2-pentafluoroethoxy)propane",,,,,,,C(C(C(OC(C(F)(F)F)(F)F)(F)F)(F)F)F
"1,1,2,2,3-pentafluoro-1-(1,1,2-trifluoroethoxy)propane",,,,,,,C(C(C(OC(CF)(F)F)(F)F)(F)F)F
"1,1,2,2,3-pentafluoro-1-(fluoromethoxy)propane",,,,,,,C(C(C(OCF)(F)F)(F)F)F
"1,1,2,2,3-pentafluoro-1-methoxypropane",,,,,,,COC(C(CF)(F)F)(F)F
"1,1,2,2,3-pentafluoro-3-methylbutan-1-amine",,,,,,,CC(C)(C(C(N)(F)F)(F)F)F
"1,1,2,2,3-pentafluoro-butane",,,,,,,C[C@@H](C(C(F)F)(F)F)F
"1,1,2,2,3-pentafluorobutan-1-ol",,,,,,,C[C@@H](C(C(O)(F)F)(F)F)F
"1,1,2,2,3-pentafluoropentan-1-ol",,,,,,,CC[C@@H](C(C(O)(F)F)(F)F)F
"1,1,2,2,3-pentafluoropentane",,,,,,,CC[C@@H](C(C(F)F)(F)F)F
"1,1,2,2,3-pentafluoropropane",,,,,,,C(F)(F)C(F)(F)CF
"1,1,2,2,3-pentchloro-3,3-difluoropropane",,,,,,,ClC(C(C(F)(F)Cl)(Cl)Cl)Cl
"1,1,2,2,4,4,4-heptafluorobutan-1-ol",,,,,,,C(C(C(O)(F)F)(F)F)C(F)(F)F
"1,1,2,2,4,4-hexafluorocyclopentane",,,,,,,C1C(CC(C1(F)F)(F)F)(F)F
"1,1,2,2-tetra-t-butylethane",,,,,,,C(C(C(C)(C)C)C(C)(C)C)(C(C)(C)C)C(C)(C)C
"1,1,2,2-tetrabromoethane",,,,,,,C(Br)(Br)C(Br)Br
"1,1,2,2-tetrachloro-1,2-difluoro-ethane",,,,,,,ClC(Cl)(F)C(Cl)(Cl)F
"1,1,2,2-tetrachloro-1-fluoroethane",,,,,,,C(C(Cl)(Cl)F)(Cl)Cl
"1,1,2,2-tetrachloroethane",,,,,,,C(C(Cl)Cl)(Cl)Cl
"1,1,2,2-tetrafluoro-1,2-dimethoxy-ethane",,,,,,,COC(C(OC)(F)F)(F)F
"1,1,2,2-tetrafluoro-1-(1,1,2,2,2-pentafluoroethoxy)propane",,,,,,,CC(C(OC(C(F)(F)F)(F)F)(F)F)(F)F
"1,1,2,2-tetrafluoro-1-(1,1,2-trifluoroethoxy)propane",,,,,,,CC(C(OC(CF)(F)F)(F)F)(F)F
"1,1,2,2-tetrafluoro-1-(1,2,2-trifluoroethoxy)-ethane",,,,,,,[C@H](C(F)F)(OC(C(F)F)(F)F)F
"1,1,2,2-tetrafluoro-1-(1-fluoroethoxy)ethane",,,,,,,C[C@@H](OC(C(F)F)(F)F)F
"1,1,2,2-tetrafluoro-1-(2-fluoroethoxy)ethane",,,,,,,C(CF)OC(C(F)F)(F)F
"1,1,2,2-tetrafluoro-1-(difluoromethoxy)ethane",,,,,,,C(C(OC(F)F)(F)F)(F)F
"1,1,2,2-tetrafluoro-1-(fluoromethoxy)-2-methoxyethane",,,,,,,COC(C(OCF)(F)F)(F)F
"1,1,2,2-tetrafluoro-1-(fluoromethoxy)propane",,,,,,,CC(C(OCF)(F)F)(F)F
"1,1,2,2-tetrafluoro-1-(trifluoromethoxy)ethane",,,,,,,FC(C(F)F)(OC(F)(F)F)F
"1,1,2,2-tetrafluoro-1-(trifluoromethoxy)propane",,,,,,,CC(C(OC(F)(F)F)(F)F)(F)F
"1,1,2,2-tetrafluoro-1-methoxypentane",,,,,,,CCCC(C(OC)(F)F)(F)F
"1,1,2,2-tetrafluoro-1-methoxypropane",,,,,,,CC(C(OC)(F)F)(F)F
"1,1,2,2-tetrafluoro-1-propan-2-yloxypropane",,,,,,,CC(C)OC(C(C)(F)F)(F)F
"1,1,2,2-tetrafluoro-1-propoxypropane",,,,,,,CCCOC(C(C)(F)F)(F)F
"1,1,2,2-tetrafluoro-2-(fluoromethoxy)ethanol",,,,,,,C(OC(C(O)(F)F)(F)F)F
"1,1,2,2-tetrafluoro-2-(trifluoromethoxy)ethanol",,,,,,,C(C(OC(F)(F)F)(F)F)(O)(F)F
"1,1,2,2-tetrafluoro-2-methoxyethanol",,,,,,,COC(C(O)(F)F)(F)F
"1,1,2,2-tetrafluoro-3,3-dimethylbutane",,,,,,,CC(C)(C)C(C(F)F)(F)F
"1,1,2,2-tetrafluoro-3-methylbutane",,,,,,,CC(C)C(C(F)F)(F)F
"1,1,2,2-tetrafluoro-4-methylpentane",,,,,,,CC(C)CC(C(F)F)(F)F
"1,1,2,2-tetrafluoro-n,n-bis(trifluoromethyl)-ethanamine",,,,,,,C(C(N(C(F)(F)F)C(F)(F)F)(F)F)(F)F
"1,1,2,2-tetrafluorobutan-1-amine",,,,,,,CCC(C(N)(F)F)(F)F
"1,1,2,2-tetrafluoroethane-1,2-diol",,,,,,,C(C(O)(F)F)(O)(F)F
"1,1,2,2-tetrafluoroethane",,,,,,,FC(F)C(F)F
"1,1,2,2-tetrafluoroethylether",,,,,,,C(C(OC(C(F)F)(F)F)(F)F)(F)F
"1,1,2,2-tetrafluoroethylmethylether",,,,,,,FC(C(F)F)(F)OC
"1,1,2,2-tetrafluoropentan-1-ol",,,,,,,CCCC(C(O)(F)F)(F)F
"1,1,2,2-tetrafluoropentane",,,,,,,CCCC(C(F)F)(F)F
"1,1,2,2-tetrafluoropropane",,,,,,,CC(C(F)F)(F)F
"1,1,2,2-tetramethyldisilane",,,,,,,C[Si]([Si](C)C)C
"1,1,2,2-tetraphenylethane",,,,,,,C(c1ccccc1)(c1ccccc1)C(c1ccccc1)c1ccccc1
"1,1,2,3,3,3-hexafluoro-1-propanamine",,,,,,,[C@H](C(N)(F)F)(C(F)(F)F)F
"1,1,2,3,3,3-hexafluoro-1-propene",,,,,,,C(=C(C(F)(F)F)F)(F)F
"1,1,2,3,3,3-hexafluoro-2-methylpropan-1-ol",,,,,,,C[C@@](C(O)(F)F)(C(F)(F)F)F
"1,1,2,3,3,3-hexafluoro-n,n-dimethyl-1-propanamine",,,,,,,CN(C)C([C@@H](C(F)(F)F)F)(F)F
"1,1,2,3,3,3-hexafluoropropan-1-ol",,,,,,,[C@H](C(O)(F)F)(C(F)(F)F)F
"1,1,2,3,3,3-hexafluoropropane-1,2-diol",,,,,,,[C@@](C(O)(F)F)(C(F)(F)F)(O)F
"1,1,2,3,3,3-hexafluoropropyl-methylether",,,,,,,COC([C@@H](C(F)(F)F)F)(F)F
"1,1,2,3,3,4,4,4-octafluorobutan-2-ol",,,,,,,C([C@@](C(C(F)(F)F)(F)F)(O)F)(F)F
"1,1,2,3,3,4,4-heptafluoro-pentane",,,,,,,CC(C([C@@H](C(F)F)F)(F)F)(F)F
"1,1,2,3,3,4,5,5-octafluoro-pentane",,,,,,,[C@H](C(F)F)(C([C@@H](C(F)F)F)(F)F)F
"1,1,2,3,3,4-hexafluoro-2,4-dimethylhexane",,,,,,,CC[C@@](C)(C([C@@](C)(C(F)F)F)(F)F)F
"1,1,2,3,3,4-hexafluoro-2-methylbutane",,,,,,,C[C@@](C(F)F)(C(CF)(F)F)F
"1,1,2,3,3,4-hexafluoro-butane",,,,,,,C(C([C@@H](C(F)F)F)(F)F)F
"1,1,2,3,3-pentafluoro-2-(fluoromethyl)-propane",,,,,,,C(C(C(F)F)(C(F)F)F)F
"1,1,2,3,3-pentafluoro-2-methoxy-propane",,,,,,,COC(C(F)F)(C(F)F)F
"1,1,2,3,3-pentafluoro-2-methyl-propane",,,,,,,CC(C(F)F)(C(F)F)F
"1,1,2,3,3-pentafluoropropane",,,,,,,FC(C(C(F)F)F)F
"1,1,2,3,3-pentaisopropylguanidine",,,,,,,CC(C)[N][C](N(C(C)C)C(C)C)N(C(C)C)C(C)C
"1,1,2,3,3-pentamethylguanidine",,,,,,,C[N][C](N(C)C)N(C)C
"1,1,2,3,4,4-hexachloro-1,3-butadiene",,,,,,,C(=C(Cl)C(=C(Cl)Cl)Cl)(Cl)Cl
"1,1,2,3,4-pentafluorobutane",,,,,,,C([C@@H]([C@@H](C(F)F)F)F)F
"1,1,2,3-tetrafluoro-1-(fluoromethoxy)propane",,,,,,,C([C@@H](C(OCF)(F)F)F)F
"1,1,2,3-tetrafluoro-2-(fluoromethyl)-propane",,,,,,,C(C(CF)(C(F)F)F)F
"1,1,2,3-tetrafluoro-2-methyl-propane",,,,,,,C[C@@](CF)(C(F)F)F
"1,1,2,4-tetrafluoro-3-methoxybutane",,,,,,,CO[C@@H](CF)[C@@H](C(F)F)F
"1,1,2,5-tetramethylsilolane",,,,,,,C[C@H]1CC[C@@H]([Si]1(C)C)C
"1,1,2-trichloro-1,2,2-trifluoroethane",,,,,,,C(C(F)(Cl)F)(Cl)(F)Cl
"1,1,2-trichloro-1,2,3,3,3-pentafluoro-propane",,,,,,,[C@@](C(F)(F)F)(C(F)(Cl)Cl)(F)Cl
"1,1,2-trichloro-1,2-difluoroethane",,,,,,,[C@H](Cl)(F)C(Cl)(Cl)F
"1,1,2-trichloro-1,3,3,3-tetrafluoro-2-(trifluoromethyl)propane",,,,,,,C(C(F)(F)F)(C(F)(F)F)(C(F)(Cl)Cl)Cl
"1,1,2-trichloro-1-fluoroethane",,,,,,,C(Cl)C(Cl)(F)Cl
"1,1,2-trichloro-2,3,3,3-tetrachloropropane",,,,,,,ClC(C(C(Cl)(Cl)Cl)(Cl)Cl)Cl
"1,1,2-trichloro-2-fluoroethane",,,,,,,ClC(Cl)[C@@H](Cl)F
"1,1,2-trichloroethane",,,,,,,ClC(Cl)CCl
"1,1,2-trichloropropane","1,1,2-trichloropropane",BP-TZVP,000598-77-6,147.43,C3H5Cl3,,[C@H](C(Cl)Cl)(Cl)C
"1,1,2-trifluoro-1,2-diphenylethane",,,,,,,[C@H](C(c1ccccc1)(F)F)(c1ccccc1)F
"1,1,2-trifluoro-1-(2-fluoroethoxy)ethane",,,,,,,C(CF)OC(CF)(F)F
"1,1,2-trifluoro-1-(fluoromethoxy)-ethane",,,,,,,C(C(OCF)(F)F)F
"1,1,2-trifluoro-1-(trifluoromethoxy)butane",,,,,,,CC[C@@H](C(OC(F)(F)F)(F)F)F
"1,1,2-trifluoro-1-(trifluoromethoxy)ethane",,,,,,,C(C(OC(F)(F)F)(F)F)F
"1,1,2-trifluoro-1-methoxy-2-(trifluoromethoxy)-ethane",,,,,,,COC([C@@H](OC(F)(F)F)F)(F)F
"1,1,2-trifluoro-1-methoxy-2-methylbutane",,,,,,,CC[C@@](C)(C(OC)(F)F)F
"1,1,2-trifluoro-1-methoxy-2-methylpropane",,,,,,,CC(C)(C(OC)(F)F)F
"1,1,2-trifluoro-1-methoxy-ethane",,,,,,,COC(CF)(F)F
"1,1,2-trifluoro-2-(1,1,2,2,2-pentafluoroethoxy)ethanol",,,,,,,[C@H](C(O)(F)F)(OC(C(F)(F)F)(F)F)F
"1,1,2-trifluoro-2-(fluoromethoxy)-ethane",,,,,,,C(O[C@@H](C(F)F)F)F
"1,1,2-trifluoro-2-(fluoromethyl)butane",,,,,,,CC[C@@](CF)(C(F)F)F
"1,1,2-trifluoro-2-(trifluoromethoxy)ethane",,,,,,,[C@H](C(F)F)(OC(F)(F)F)F
"1,1,2-trifluoro-2-(trifluoromethoxy)ethanol",,,,,,,[C@H](C(O)(F)F)(OC(F)(F)F)F
"1,1,2-trifluoro-2-methylbutane",,,,,,,CC[C@@](C)(C(F)F)F
"1,1,2-trifluoro-2-methylpentane",,,,,,,CCC[C@@](C)(C(F)F)F
"1,1,2-trifluoro-2-methylpropan-1-ol",,,,,,,CC(C)(C(O)(F)F)F
"1,1,2-trifluoro-2-methylpropane",,,,,,,CC(C)(C(F)F)F
"1,1,2-trifluoro-3,3-dimethylbutane",,,,,,,CC(C)(C)[C@@H](C(F)F)F
"1,1,2-trifluoro-3,4-dimethylpentane",,,,,,,CC(C)[C@@H](C)[C@@H](C(F)F)F
"1,1,2-trifluoro-3-methoxypropane",,,,,,,COC[C@@H](C(F)F)F
"1,1,2-trifluoro-3-methylbutane",,,,,,,CC(C)[C@@H](C(F)F)F
"1,1,2-trifluoro-3-methylhexane",,,,,,,CCC[C@@H](C)[C@@H](C(F)F)F
"1,1,2-trifluoro-ethanamine",,,,,,,C(C(N)(F)F)F
"1,1,2-trifluoro-n,n-dimethylpropan-1-amine",,,,,,,C[C@@H](C(N(C)C)(F)F)F
"1,1,2-trifluorobutan-1-ol",,,,,,,CC[C@@H](C(O)(F)F)F
"1,1,2-trifluoroethane",,,,,,,FC(F)CF
"1,1,2-trifluoroethanol",,,,,,,C(C(O)(F)F)F
"1,1,2-trifluorohexane",,,,,,,CCCC[C@@H](C(F)F)F
"1,1,2-trifluoropentan-1-amine",,,,,,,CCC[C@@H](C(N)(F)F)F
"1,1,2-trifluoropentane",,,,,,,CCC[C@@H](C(F)F)F
"1,1,2-trimethylcyclohexane",,,,,,,C1CCC(C)(C)[C@@H](C1)C
"1,1,2-trimethylcyclopentane","1,1,2-TRIMETHYLCYCLOPENTANE",BP-TZVP,004259-00-1,112.21,C8H16,,C1(CCC[C@H]1C)(C)C
"1,1,2-trimethylcyclopropane",,,,,,,C1[C@@H](C)C1(C)C
"1,1,3,3,3-pentafluoro-2,2-dimethylpropan-1-ol",,,,,,,CC(C)(C(O)(F)F)C(F)(F)F
"1,1,3,3,3-pentafluoro-2-(trifluoromethyl)propan-1-ol",,,,,,,C(C(O)(F)F)(C(F)(F)F)C(F)(F)F
"1,1,3,3,3-pentafluoropropan-1-ol",,,,,,,C(C(O)(F)F)C(F)(F)F
"1,1,3,3,4,4-hexafluorohexane",,,,,,,CCC(C(CC(F)F)(F)F)(F)F
"1,1,3,3-tetrachloro-1,2,2-trifluoropropane",,,,,,,C(C(F)(C(F)(Cl)Cl)F)(Cl)Cl
"1,1,3,3-tetrachloro-1-fluoropropane",,,,,,,ClC(CC(Cl)Cl)(F)Cl
"1,1,3,3-tetrachloro-2,2-difluoropropane",,,,,,,ClC(C(C(Cl)Cl)(F)F)Cl
"1,1,3,3-tetrafluoro-1-(trifluoromethoxy)propane",,,,,,,C(C(F)F)C(OC(F)(F)F)(F)F
"1,1,3,3-tetrafluoro-1-methoxypropane",,,,,,,COC(CC(F)F)(F)F
"1,1,3,3-tetrafluoro-2,2-dimethylpropane",,,,,,,CC(C)(C(F)F)C(F)F
"1,1,3,3-tetrafluoro-2-(fluoromethyl)-propane",,,,,,,C(C(C(F)F)C(F)F)F
"1,1,3,3-tetrafluoro-2-methoxypropane",,,,,,,COC(C(F)F)C(F)F
"1,1,3,3-tetrafluoro-2-methylpropan-2-ol",,,,,,,CC(C(F)F)(C(F)F)O
"1,1,3,3-tetrafluoro-propane",,,,,,,C(C(F)F)C(F)F
"1,1,3,3-tetrafluoroacetone",,,,,,,C(C(=O)C(F)F)(F)F
"1,1,3,3-tetrafluorocyclopentane",,,,,,,C1CC(CC1(F)F)(F)F
"1,1,3,3-tetrafluoropropan-1-ol",,,,,,,C(C(F)F)C(O)(F)F
"1,1,3,3-tetrafluoropropan-2-amine",,,,,,,C(C(F)F)(C(F)F)N
"1,1,3,3-tetramethoxypropane","1,1,3,3-tetramethoxypropane",BP-TZVP,000102-52-3,164.2,C7H16O4,,O(C(OC)CC(OC)OC)C
"1,1,3,3-tetramethyl-1,3-diphenyldisiloxane",,,,,,,c1ccccc1[Si](O[Si](C)(C)c1ccccc1)(C)C
"1,1,3,3-tetramethyl-1,3-disilolane",,,,,,,C[Si]1(CC[Si](C1)(C)C)C
"1,1,3,3-tetramethyl-1,3-disiloxanediol",,,,,,,[Si](O)(O[Si](O)(C)C)(C)C
"1,1,3,3-tetramethylcyclopentane",,,,,,,C1CC(C)(C)CC1(C)C
"1,1,3,3-tetramethylguanidine","GUANIDINE,N,N,N',N'-TETRAMETHYL-",BP-TZVP,000080-70-6,115.18,C5H13N3,,N=C(N(C)C)N(C)C
"1,1,3,3-tetraphenylurea",,,,,,,O=C(N(c1ccccc1)c1ccccc1)N(c1ccccc1)c1ccccc1
"1,1,3,4,4,4-hexafluoro-3-(trifluoromethyl)-2-butanone",,,,,,,C(C(=O)C(C(F)(F)F)(C(F)(F)F)F)(F)F
"1,1,3-trichloro-1,2,2,3,3-pentafluoropropane",,,,,,,C(C(F)(F)Cl)(C(F)(Cl)Cl)(F)F
"1,1,3-trichloro-1,2,2,3-tetrafluoropropane",,,,,,,ClC(C([C@@H](F)Cl)(F)F)(F)Cl
"1,1,3-trichloro-1,2,2-trifluoropropane",,,,,,,ClC(C(CCl)(F)F)(F)Cl
"1,1,3-trichloro-2,2,3-trifluoropropane",,,,,,,ClC(C([C@@H](F)Cl)(F)F)Cl
"1,1,3-trichloropropene",,,,,,,ClC(=CCCl)Cl
"1,1,3-trifluoro-1-propoxypropane",,,,,,,CCCOC(CCF)(F)F
"1,1,3-trifluoro-2,2-dimethyl-1-(trifluoromethoxy)propane",,,,,,,CC(C)(CF)C(OC(F)(F)F)(F)F
"1,1,3-trifluoro-2-methoxybutane",,,,,,,C[C@@H]([C@@H](C(F)F)OC)F
"1,1,3-trifluoro-2-methoxypropane",,,,,,,CO[C@@H](CF)C(F)F
"1,1,3-trifluoro-2-methyl-1-(2,2,2-trifluoroethoxy)propane",,,,,,,C[C@@H](CF)C(OCC(F)(F)F)(F)F
"1,1,3-trifluoro-2-methyl-1-propoxypropane",,,,,,,CCCOC([C@@H](C)CF)(F)F
"1,1,3-trifluorocyclopentane",,,,,,,C1CC(C[C@H]1F)(F)F
"1,1,3-trifluoropropan-1-ol",,,,,,,C(CF)C(O)(F)F
"1,1,3-trimethoxypropane",,,,,,,COC(OC)CCOC
"1,1,3-trimethylcyclohexane",,,,,,,C1(CCC[C@@H](C)C1)(C)C
"1,1,3-trimethylcyclopentane",,,,,,,[C@H]1(CC(CC1)(C)C)C
"1,1,4,4,4-pentafluorobutan-1-ol",,,,,,,C(CC(F)(F)F)C(O)(F)F
"1,1,4,4-tetrafluoropentane",,,,,,,CC(CCC(F)F)(F)F
"1,1,4-trifluoro-3-methoxybutane",,,,,,,CO[C@@H](CC(F)F)CF
"1,1,5-trifluoro-3-methylpentane",,,,,,,C[C@@H](CCF)CC(F)F
"1,1,5-trifluoro-4-methylpentane",,,,,,,C[C@@H](CCC(F)F)CF
"1,1-bis(difluoromethoxy)-1,2,2,2-tetrafluoro-ethane",,,,,,,C(OC(C(F)(F)F)(OC(F)F)F)(F)F
"1,1-bis(fluoromethoxy)ethane",,,,,,,CC(OCF)OCF
"1,1-diallylethanol","4-METHYL-HEPTA-1,6-DIEN-4-OL",BP-TZVP,025201-40-5,126.2,C8H14O,,C=CCC(O)(C)CC=C
"1,1-dibromoethane",,,,,,,CC(Br)Br
"1,1-dicarboxycyclobutane",,,,,,,C(=O)(O)C1(C(=O)O)CCC1
"1,1-dichloro-1,2,2,3,3,3-hexafluoropropane",,,,,,,C(C(F)(F)F)(C(F)(Cl)Cl)(F)F
"1,1-dichloro-1,2,2,3,3,4,4,4-octafluoro-butane",,,,,,,C(C(C(F)(Cl)Cl)(F)F)(C(F)(F)F)(F)F
"1,1-dichloro-1,2,2,3,3,4,4-heptafluorobutane",,,,,,,C(C(C(C(F)(Cl)Cl)(F)F)(F)F)(F)F
"1,1-dichloro-1,2,2,3,3,4-hexafluorobutane",,,,,,,C(C(C(C(F)(Cl)Cl)(F)F)(F)F)F
"1,1-dichloro-1,2,2,3,3-pentafluorobutane",,,,,,,CC(C(C(F)(Cl)Cl)(F)F)(F)F
"1,1-dichloro-1,2,2,3,3-pentafluoropropane",,,,,,,C(C(F)(C(Cl)(F)Cl)F)(F)F
"1,1-dichloro-1,2,2,3-tetrafluoropropane",,,,,,,ClC(C(CF)(F)F)(F)Cl
"1,1-dichloro-1,2,2-trifluoroethane",,,,,,,FC(Cl)(Cl)C(F)F
"1,1-dichloro-1,2,2-trifluoropropane",,,,,,,ClC(C(C)(F)F)(F)Cl
"1,1-dichloro-1,2,3,3,3-pentafluoropropane",,,,,,,ClC([C@@H](C(F)(F)F)F)(F)Cl
"1,1-dichloro-1,2,3,3-tetrafluoropropane",,,,,,,[C@H](C(F)F)(C(F)(Cl)Cl)F
"1,1-dichloro-1,2-difluoro-2-methylpropane",,,,,,,CC(C)(C(F)(Cl)Cl)F
"1,1-dichloro-1,2-difluoroethane",,,,,,,C(C(F)(Cl)Cl)F
"1,1-dichloro-1,2-difluoropropane",,,,,,,C[C@@H](C(F)(Cl)Cl)F
"1,1-dichloro-1,3,3,3-tetrafluoropropane",,,,,,,C(C(F)(F)F)C(F)(Cl)Cl
"1,1-dichloro-1-fluorobutane",,,,,,,CCCC(F)(Cl)Cl
"1,1-dichloro-1-fluoroethane",,,,,,,C(C)(Cl)(Cl)F
"1,1-dichloro-1-fluoropropane",,,,,,,ClC(CC)(F)Cl
"1,1-dichloro-1-nitroethane",,,,,,,CC(Cl)(Cl)N(=O)=O
"1,1-dichloro-1-nitropropane",,,,,,,CCC(N(=O)=O)(Cl)Cl
"1,1-dichloro-2,2,2-trifluoroethane",,,,,,,C(F)(C(Cl)Cl)(F)F
"1,1-dichloro-2,2,2-trifluoroethanol",,,,,,,C(C(F)(F)F)(O)(Cl)Cl
"1,1-dichloro-2,2,2-trifluoroethyl-difluoromethylether",,,,,,,C(OC(C(F)(F)F)(Cl)Cl)(F)F
"1,1-dichloro-2,2,3,3,3-pentafluoropropane",,,,,,,ClC(C(C(F)(F)F)(F)F)Cl
"1,1-dichloro-2,2,3,3-tetrafluoropropane",,,,,,,C(C(F)(C(F)F)F)(Cl)Cl
"1,1-dichloro-2,2,3-trifluoropropane",,,,,,,ClC(C(CF)(F)F)Cl
"1,1-dichloro-2,2-difluoroethane",,,,,,,C(C(F)F)(Cl)Cl
"1,1-dichloro-2,2-difluoroethanol",,,,,,,C(C(O)(Cl)Cl)(F)F
"1,1-dichloro-2,2-difluoroethylene",,,,,,,FC(=C(Cl)Cl)F
"1,1-dichloro-2,2-difluoroethylmethylether",,,,,,,FC(F)C(Cl)(Cl)OC
"1,1-dichloro-2,2-difluoropropane",,,,,,,ClC(C(C)(F)F)Cl
"1,1-dichloro-2-fluoro-1-propene",,,,,,,ClC(=C(F)C)Cl
"1,1-dichloro-2-fluoro-ethene",,,,,,,C(=C(Cl)Cl)F
"1,1-dichloro-2-fluoroethane",,,,,,,C(C(Cl)Cl)F
"1,1-dichloro-2-methylpropane",,,,,,,ClC(Cl)C(C)C
"1,1-dichloro-3-methylbutane","1,1-dichloro-3-methylbutane",BP-TZVP,000625-66-1,141.04,C5H10Cl2,,ClC(Cl)CC(C)C
"1,1-dichloro-ethanol",,,,,,,CC(O)(Cl)Cl
"1,1-dichloroacetone",,,,,,,ClC(Cl)C(=O)C
"1,1-dichlorobutane",,,,,,,C(Cl)(Cl)CCC
"1,1-dichlorocyclohexane",,,,,,,ClC1(Cl)CCCCC1
"1,1-dichloroethane",,,,,,,C(C)(Cl)Cl
"1,1-dichloroethylene",,,,,,,C=C(Cl)Cl
"1,1-dichloropropane",,,,,,,CCC(Cl)Cl
"1,1-dichloropropene",,,,,,,ClC(=CC)Cl
"1,1-dichlorotetrafluoroethane",,,,,,,C(Cl)(Cl)(F)C(F)(F)F
"1,1-diethoxy-n,n-dimethylmethanamine",,,,,,,O(C(OCC)N(C)C)CC
"1,1-diethoxyethane",,,,,,,CCOC(C)OCC
"1,1-diethoxypropane",,,,,,,O(C(OCC)CC)CC
"1,1-diethyl-3,3-dimethylthiourea",,,,,,,CCN(CC)C(=S)N(C)C
"1,1-diethyl-3,3-diphenylurea",,,,,,,CCN(CC)C(=O)N(c1ccccc1)c1ccccc1
"1,1-diethylcyclohexane",,,,,,,C1(CCCCC1)(CC)CC
"1,1-diethylgermacyclohexan-4-one",,,,,,,C1CC(=O)CC[Ge]1(CC)CC
"1,1-diethylhydrazine",,,,,,,NN(CC)CC
"1,1-difluoro-1,2,2-trichloroethane",,,,,,,FC(F)(Cl)C(Cl)Cl
"1,1-difluoro-1-(2-fluoroethoxy)ethane",,,,,,,CC(OCCF)(F)F
"1,1-difluoro-1-(fluoromethoxy)butane",,,,,,,CCCC(OCF)(F)F
"1,1-difluoro-1-(fluoromethoxy)ethane",,,,,,,CC(OCF)(F)F
"1,1-difluoro-1-(fluoromethoxy)propane",,,,,,,CCC(OCF)(F)F
"1,1-difluoro-1-(methoxymethoxy)ethane",,,,,,,CC(OCOC)(F)F
"1,1-difluoro-1-(trifluoromethoxy)-ethane",,,,,,,CC(OC(F)(F)F)(F)F
"1,1-difluoro-1-(trifluoromethoxy)propane",,,,,,,CCC(OC(F)(F)F)(F)F
"1,1-difluoro-1-iodoethane",,,,,,,CC(F)(F)I
"1,1-difluoro-1-methoxy-2-methylpropane",,,,,,,CC(C)C(OC)(F)F
"1,1-difluoro-1-methoxybutane",,,,,,,CCCC(OC)(F)F
"1,1-difluoro-1-methoxypropane",,,,,,,CCC(OC)(F)F
"1,1-difluoro-2,2,3,3-tetramethylbutane",,,,,,,CC(C)(C)C(C)(C)C(F)F
"1,1-difluoro-2,2-dimethylpentane",,,,,,,CCCC(C)(C)C(F)F
"1,1-difluoro-2,2-dimethylpropan-1-amine",,,,,,,CC(C)(C)C(N)(F)F
"1,1-difluoro-2,3,3-trimethylbutane",,,,,,,C[C@@H](C(F)F)C(C)(C)C
"1,1-difluoro-2-(trifluoromethoxy)ethane",,,,,,,C(C(F)F)OC(F)(F)F
"1,1-difluoro-2-methoxy-2-methylpropane",,,,,,,CC(C)(C(F)F)OC
"1,1-difluoro-2-methoxyethane",,,,,,,FC(F)COC
"1,1-difluoro-2-methyl-1-(2,2,2-trifluoroethoxy)propane",,,,,,,CC(C)C(OCC(F)(F)F)(F)F
"1,1-difluoro-2-methyl-butane",,,,,,,CC[C@@H](C)C(F)F
"1,1-difluoro-2-methyl-cyclopentane",,,,,,,C[C@H]1CCCC1(F)F
"1,1-difluoro-2-methyl-propane",,,,,,,CC(C)C(F)F
"1,1-difluoro-2-methylpentane",,,,,,,CCC[C@@H](C)C(F)F
"1,1-difluoro-2-methylpropan-1-ol",,,,,,,CC(C)C(O)(F)F
"1,1-difluoro-2-methylpropan-2-ol",,,,,,,CC(C)(C(F)F)O
"1,1-difluoro-2-propanol",,,,,,,C[C@@H](C(F)F)O
"1,1-difluoro-3,3-dimethylbutane",,,,,,,CC(C)(C)CC(F)F
"1,1-difluoro-3,4-dimethyl-pentane",,,,,,,CC(C)[C@@H](C)CC(F)F
"1,1-difluoro-3-methoxypropane",,,,,,,COCCC(F)F
"1,1-difluoro-3-methyl-butane",,,,,,,CC(C)CC(F)F
"1,1-difluoro-3-methylpentane",,,,,,,CC[C@@H](C)CC(F)F
"1,1-difluoro-4,4-dimethylpentane",,,,,,,CC(C)(C)CCC(F)F
"1,1-difluoro-4-methylpentane",,,,,,,CC(C)CCC(F)F
"1,1-difluoro-butane",,,,,,,CCCC(F)F
"1,1-difluoro-ethanamine",,,,,,,CC(N)(F)F
"1,1-difluoro-n,n,2,2-tetramethyl-1-propanamine",,,,,,,CC(C)(C)C(N(C)C)(F)F
"1,1-difluoro-n,n,n',n'-tetramethylmethanediamine",,,,,,,CN(C)C(N(C)C)(F)F
"1,1-difluoro-n,n-bis(fluoromethyl)-methanamine",,,,,,,C(N(CF)C(F)F)F
"1,1-difluoro-n,n-dimethylbutan-1-amine",,,,,,,CCCC(N(C)C)(F)F
"1,1-difluoro-n-(1,1,1,2,3,3,3-heptafluoropropan-2-yl)methanimine",,,,,,,C(=NC(C(F)(F)F)(C(F)(F)F)F)(F)F
"1,1-difluoro-n-methylethanamine",,,,,,,CC(NC)(F)F
"1,1-difluoro-pentane",,,,,,,CCCCC(F)F
"1,1-difluoroacetone",,,,,,,CC(=O)C(F)F
"1,1-difluorobutan-1-ol",,,,,,,CCCC(O)(F)F
"1,1-difluorocyclohexane",,,,,,,C1CCC(CC1)(F)F
"1,1-difluorocyclopentane",,,,,,,C1CCC(C1)(F)F
"1,1-difluoroethane",,,,,,,C(C)(F)F
"1,1-difluoroethene",,,,,,,C(=C)(F)F
"1,1-difluoropentan-1-ol",,,,,,,CCCCC(O)(F)F
"1,1-difluoropropan-2-amine",,,,,,,C[C@@H](C(F)F)N
"1,1-difluoropropane",,,,,,,CCC(F)F
"1,1-dihexylpyrrolidinium_cation",,,,,,,C1[N](CCC1)(CCCCCC)CCCCCC
"1,1-dimethoxy-2-methyl-propane",,,,,,,CC(C)C(OC)OC
"1,1-dimethoxy-trans-2-hexene",,,,,,,CCC/C=C/C(OC)OC
"1,1-dimethoxyethane",,,,,,,CC(OC)OC
"1,1-dimethoxypropane",,,,,,,CCC(OC)OC
"1,1-dimethyl-1-silacyclopentane",,,,,,,C[Si]1(CCCC1)C
"1,1-dimethyl-3,3-diphenylurea",,,,,,,CN(C)C(=O)N(c1ccccc1)c1ccccc1
"1,1-dimethyl-pyrrolidinium_cation",,,,,,,C1CCC[N]1(C)C
"1,1-dimethylbutylamine",,,,,,,CCCC(C)(C)N
"1,1-dimethylcyclohexane",,,,,,,C1CCCCC1(C)C
"1,1-dimethylcyclopentane",,,,,,,C1(CCCC1)(C)C
"1,1-dimethylcyclopropane",,,,,,,C1CC1(C)C
"1,1-dimethylethyl-2-propenylperoxide",,,,,,,CC(C)(C)OOCC=C
"1,1-dimethylhydrazine",,,,,,,N(N)(C)C
"1,1-dimethylsilinane",,,,,,,C[Si]1(CCCCC1)C
"1,1-diphenylethane",,,,,,,c1ccc(cc1)C(c1ccccc1)C
"1,1-diphenylmethanimine",,,,,,,N=C(c1ccccc1)c1ccccc1
"1,1-dipropyl-pyrrolidinium_cation",,,,,,,C1CC[N](C1)(CCC)CCC
"1,1-ethanediamine",,,,,,,CC(N)N
"1,1-ethanedioldiacetate",,,,,,,CC(=O)OC(C)OC(=O)C
"1,10-decanediol",,,,,,,OCCCCCCCCCCO
"1,10-undecadiyne",,,,,,,C(#C)CCCCCCCC#C
"1,12-dimethyl-benz[a]anthracene",,,,,,,c1(C)c2c3c(ccc2cc2c1cccc2)cccc3C
"1,2(h)-phthalazinone",,,,,,,c1ccc2cn[nH]c(=O)c2c1
"1,2,2,2-tetrafluoro-ethanol",,,,,,,[C@@H](C(F)(F)F)(O)F
"1,2,2,2-tetrafluoroethyl-difluoromethyl-ether",,,,,,,O([C@@H](C(F)(F)F)F)C(F)F
"1,2,2,3,3,4,4,5,5-nonafluoro-hexane",,,,,,,CC(C(C(C(CF)(F)F)(F)F)(F)F)(F)F
"1,2,2,3,3,4,4,6-octafluorohexane",,,,,,,C(CF)C(C(C(CF)(F)F)(F)F)(F)F
"1,2,2,3,3,4,4-heptafluoro-pentane",,,,,,,CC(C(C(CF)(F)F)(F)F)(F)F
"1,2,2,3,3,5-hexafluoropentane",,,,,,,C(CF)C(C(CF)(F)F)(F)F
"1,2,2,3,3-pentafluoropentane",,,,,,,CCC(C(CF)(F)F)(F)F
"1,2,2,3-tetrachloro-1,1,3,3-tetrafluoropropane",,,,,,,ClC(F)(F)C(F)(F)C(Cl)(Cl)Cl
"1,2,2,3-tetrachloro-3,3-difluoropropane",,,,,,,ClCC(C(F)(F)Cl)(Cl)Cl
"1,2,2,4-tetrafluoro-3-methylbutane",,,,,,,C[C@@H](CF)C(CF)(F)F
"1,2,2,6,6-pentamethylpiperidine",,,,,,,N1(C(CCCC1(C)C)(C)C)C
"1,2,2-trichloro-1,1-difluoropropane",,,,,,,ClC(C(C)(Cl)Cl)(F)F
"1,2,2-trichloropentafluoropropane",,,,,,,C(C(F)(F)F)(C(F)(F)Cl)(Cl)Cl
"1,2,2-trichloropropane","1,2,2-trichloropropane",BP-TZVP,003175-23-3,147.43,C3H5Cl3,,C(CCl)(Cl)(Cl)C
"1,2,2-trifluoro-3-methoxypropane",,,,,,,COCC(CF)(F)F
"1,2,2-trifluoropentane",,,,,,,CCCC(CF)(F)F
"1,2,2a,3,4,5-hexahydroacenaphthylene",,,,,,,c1cc2c3[C@@H](CCC2)CCc3c1
"1,2,3,3,4,4,5,6-octafluorohexane",,,,,,,C([C@@H](C(C([C@@H](CF)F)(F)F)(F)F)F)F
"1,2,3,3,4,4,6-heptafluorohexane",,,,,,,C(CF)C(C([C@@H](CF)F)(F)F)(F)F
"1,2,3,3,4,5-hexafluoro-pentane",,,,,,,C([C@@H](C([C@@H](CF)F)(F)F)F)F
"1,2,3,3-tetrafluoro-2-(trifluoromethoxy)butane",,,,,,,CC([C@@](CF)(OC(F)(F)F)F)(F)F
"1,2,3,3-tetrafluorohexane",,,,,,,CCCC([C@@H](CF)F)(F)F
"1,2,3,4,5,5-hexachloro-1,3-cyclopentadiene",,,,,,,C1(=C(Cl)C(Cl)(Cl)C(=C1Cl)Cl)Cl
"1,2,3,4,5,6,7,8-octafluoro-9h-fluorene_anion",,,,,,,Fc1c(F)c(F)c2c(C=C3[C](F)C(=C(F)C(=C23)F)F)c1F
"1,2,3,4,5,6,7,8-octafluoro-9h-fluorene",,,,,,,Fc1c(F)c(F)c2-c3c(Cc2c1F)c(F)c(F)c(F)c3F
"1,2,3,4,5,6,7,8-octahydroanthracene",,,,,,,c12c(cc3c(c1)CCCC3)CCCC2
"1,2,3,4,5-pentamethylimidazolium_cation",,,,,,,C1(=C(N([C](N1C)C)C)C)C
"1,2,3,4-dibenzanthracene",,,,,,,c12c(c3c(c4c1cccc4)cccc3)cc1c(c2)cccc1
"1,2,3,4-tetrachlorobenzene",,,,,,,Clc1c(Cl)c(Cl)ccc1Cl
"1,2,3,4-tetrachlorodibenzofuran",,,,,,,c1(c(c(c2c(c1Cl)oc1c2cccc1)Cl)Cl)Cl
"1,2,3,4-tetrafluoro-2-(fluoromethyl)butane",,,,,,,C([C@@H](C(CF)(CF)F)F)F
"1,2,3,4-tetrafluorobenzene",,,,,,,Fc1ccc(F)c(c1F)F
"1,2,3,4-tetrahydro-1,1-dimethylnaphthalene",,,,,,,c1ccc2C(CCCc2c1)(C)C
"1,2,3,4-tetrahydro-1,4-dimethylnaphthalene","1,2,3,4-tetrahydro-1,4-dimethylnaphthalene",BP-TZVP,004175-54-6,160.26,C12H16,,c1ccc2[C@@H](CC[C@H](c2c1)C)C
"1,2,3,4-tetrahydro-2-methylnaphthalene",,,,,,,c1ccc2C[C@@H](C)CCc2c1
"1,2,3,4-tetrahydro-2-naphthalenol",,,,,,,O[C@H]1CCc2c(cccc2)C1
"1,2,3,4-tetrahydro-5-methylnaphthalene","1,2,3,4-tetrahydro-5-methylnaphthalene",BP-TZVP,002809-64-5,146.23,C11H14,,c1cc(C)c2CCCCc2c1
"1,2,3,4-tetrahydro-6,7-dimethylnaphthalene",,,,,,,c1c(c(cc2c1CCCC2)C)C
"1,2,3,4-tetrahydro-6-methoxyquinoline","1,2,3,4-tetrahydro-6-methoxyquinoline",BP-TZVP,000120-15-0,163.22,C10H13NO,,O(c1ccc2NCCCc2c1)C
"1,2,3,4-tetrahydro-6-methylnaphthalene",,,,,,,c1cc2CCCCc2cc1C
"1,2,3,4-tetrahydroquinoline",,,,,,,N1c2c(cccc2)CCC1
"1,2,3,4-tetrahydroquinoxaline","1,2,3,4-tetrahydroquinoxaline",BP-TZVP,003476-89-9,134.18,C8H10N2,,N1c2c(NCC1)cccc2
"1,2,3,4-tetramethylbenzene",,,,,,,c1(C)c(C)c(C)c(C)cc1
"1,2,3,4-tetramethylcyclohexane",,,,,,,[C@@H]1(C)[C@@H](C)[C@H](C)[C@@H](C)CC1
"1,2,3,5,6-pentathiepane",,,,,,,S1SCSSCS1
"1,2,3,5-tetrachlorobenzene",,,,,,,c1(cc(c(c(c1)Cl)Cl)Cl)Cl
"1,2,3,5-tetraethylbenzene",,,,,,,c1(CC)c(CC)c(CC)cc(CC)c1
"1,2,3,5-tetrafluoro-3-(trifluoromethyl)pentane",,,,,,,C(CF)[C@@]([C@@H](CF)F)(C(F)(F)F)F
"1,2,3,5-tetrafluorobenzene",,,,,,,c1(F)c(F)c(F)cc(F)c1
"1,2,3,5-tetramethylbenzene",,,,,,,c1(C)c(C)c(C)cc(C)c1
"1,2,3,6-tetrahydro-1-nitrosopyridine",,,,,,,C1=CCCN([N][O])C1
"1,2,3,6-tetrahydrobenzyl-alcohol","1,2,3,6-tetrahydrobenzyl-alcohol",BP-TZVP,001679-51-2,112.17,C7H12O,,OC[C@H]1CCC=CC1
"1,2,3,6-tetrahydropyridine",,,,,,,N1CC=CCC1
"1,2,3-benzotriazin-4(1h)-one","1,2,3-benzotriazin-4(1h)-one",BP-TZVP,000090-16-4,147.13,C7H5N3O,,c1ccc2c(=O)[nH]nnc2c1
"1,2,3-benzoxadiazole",,,,,,,c12c(cccc1)onn2
"1,2,3-propanetrioltrinitrate",,,,,,,C(ON(=O)=O)(CON(=O)=O)CON(=O)=O
"1,2,3-thiadiazole",,,,,,,n1nccs1
"1,2,3-triaminobenzene",,,,,,,Nc1c(cccc1N)N
"1,2,3-triazine",,,,,,,n1nnccc1
"1,2,3-triazole_anion",,,,,,,C1=NN=N[CH]1
"1,2,3-trichloro-1,1,2,3,3-pentafluoropropane",,,,,,,C(C(F)(F)Cl)(C(F)(F)Cl)(F)Cl
"1,2,3-trichlorobenzene",,,,,,,c1cc(c(c(c1)Cl)Cl)Cl
"1,2,3-trichloropropane",,,,,,,C(C(CCl)Cl)Cl
"1,2,3-trichloropropene",,,,,,,C(=C\Cl)(/CCl)\Cl
"1,2,3-triethylbenzene",,,,,,,c1(CC)c(CC)c(CC)ccc1
"1,2,3-trifluoro-2-(fluoromethyl)-propane",,,,,,,C(C(CF)(CF)F)F
"1,2,3-trifluoro-2-methylpropane",,,,,,,CC(CF)(CF)F
"1,2,3-trifluoro-3-methylpentane",,,,,,,CC[C@@](C)([C@@H](CF)F)F
"1,2,3-trifluorobenzene",,,,,,,c1cc(c(c(c1)F)F)F
"1,2,3-trifluoropentane",,,,,,,CC[C@@H]([C@@H](CF)F)F
"1,2,3-trifluoropropane",,,,,,,C(C(CF)F)F
"1,2,3-trihydroxybenzene",,,,,,,Oc1cccc(O)c1O
"1,2,3-trihydroxybutane",,,,,,,C[C@@H](O)[C@@H](O)CO
"1,2,3-trimethoxybenzene",,,,,,,COc1cccc(OC)c1OC
"1,2,3-trimethyl-1h-indene",,,,,,,c1ccc2c(c1)C(=C([C@H]2C)C)C
"1,2,3-trimethyl-1h-indole",,,,,,,c1ccc2c(C)c(n(c2c1)C)C
"1,2,3-trimethyl-4-ethylbenzene",,,,,,,c1(C)c(C)c(C)c(CC)cc1
"1,2,3-trimethylbenzene",,,,,,,c1(c(cccc1C)C)C
"1,2,3-trimethylcyclohexane,(1a,2b,3a)",,,,,,,C1C[C@@H](C)[C@@H](C)[C@@H](C1)C
"1,2,3-trimethylimidazolium_cation",,,,,,,N1([C](N(C=C1)C)C)C
"1,2,4,5-benzenetetracarboxylicacid",,,,,,,c1(C(=O)O)c(C(=O)O)cc(C(=O)O)c(C(=O)O)c1
"1,2,4,5-benzenetetracarboxylicanhydride",,,,,,,c12c(cc3c(c1)c(=O)oc3=O)c(=O)oc2=O
"1,2,4,5-tetrabromobenzene",,,,,,,c1(cc(c(cc1Br)Br)Br)Br
"1,2,4,5-tetrachlorobenzene",,,,,,,c1(Cl)c(Cl)cc(c(c1)Cl)Cl
"1,2,4,5-tetrafluorobenzene",,,,,,,c1c(F)c(F)cc(F)c1F
"1,2,4,5-tetraisopropylbenzene",,,,,,,c1(C(C)C)c(C(C)C)cc(C(C)C)c(C(C)C)c1
"1,2,4,5-tetramethylbenzene",,,,,,,c1(C)c(C)cc(C)c(C)c1
"1,2,4-benzenetriamine",,,,,,,Nc1c(N)cc(N)cc1
"1,2,4-benzenetricarboxylicacidtriheptylester",,,,,,,CCCCCCCOC(=O)c1cc(C(=O)OCCCCCCC)ccc1C(=O)OCCCCCCC
"1,2,4-benzenetricarboxylicacidtrimethylester",,,,,,,COC(=O)c1c(C(=O)OC)cc(C(=O)OC)cc1
"1,2,4-benzenetricarboxylicacid",,,,,,,c1(C(=O)O)c(C(=O)O)cc(C(=O)O)cc1
"1,2,4-benzenetriol",,,,,,,c1c(c(cc(c1)O)O)O
"1,2,4-benzotriazine",,,,,,,[N]1N=C[N]c2c1cccc2
"1,2,4-butanetriol",,,,,,,C(O)[C@@H](O)CCO
"1,2,4-triazine-3,5(2h,4h)-dione",,,,,,,c1c(=O)[nH]c(=O)[nH]n1
"1,2,4-triazine",,,,,,,n1ncncc1
"1,2,4-triazole_anion",,,,,,,N1=CN=C[N]1
"1,2,4-triazole",,,,,,,N1[CH]N=C[N]1
"1,2,4-tribromobenzene",,,,,,,c1cc(c(cc1Br)Br)Br
"1,2,4-trichlorobenzene",,,,,,,c1cc(c(cc1Cl)Cl)Cl
"1,2,4-trichlorodibenzo-p-dioxin",,,,,,,Clc1c2c(Oc3c(O2)cccc3)c(cc1Cl)Cl
"1,2,4-triethylbenzene",,,,,,,c1(CC)c(CC)cc(CC)cc1
"1,2,4-trifluoro-3-methoxybutane",,,,,,,CO[C@@H](CF)[C@@H](CF)F
"1,2,4-trifluorobenzene","BENZENE,1,2,4-TRIFLUORO-",BP-TZVP,000367-23-7,132.08,C6H3F3,,c1c(F)c(F)cc(F)c1
"1,2,4-trifluorobutane",,,,,,,C(CF)[C@@H](CF)F
"1,2,4-trimethyl-3-ethylbenzene",,,,,,,c1(C)c(C)c(CC)c(C)cc1
"1,2,4-trimethylbenzene",,,,,,,c1c(c(ccc1C)C)C
"1,2,4-trimethylpiperazine",,,,,,,N1(CCN([C@@H](C)C1)C)C
"1,2,4-trithiolane",,,,,,,S1CSSC1
"1,2,5,6-dibenzofluorene",,,,,,,c12c(-c3c(C1)cc1c(c3)cccc1)ccc1c2cccc1
"1,2,5,6-tetrahydro-1-methylnicotinicacid",,,,,,,O=C(C1=CCCN(C1)C)O
"1,2,5-trimethylpyrrole",,,,,,,n1(C)c(C)ccc1C
"1,2,6,7-cyclodecatetraene",,,,,,,C1C=C=CCCC=C=CC1
"1,2,6-hexanetriol",,,,,,,OC[C@@H](O)CCCCO
"1,2-(ethylenedioxy)benzene",,,,,,,C1Oc2ccccc2OC1
"1,2-4,5-dibenzopyrene",,,,,,,c12c3ccc4c1c(c1c(c2cc2c3cccc2)cccc1)ccc4
"1,2-7,8-dibenzophenanthrene",,,,,,,c1c2c(ccc1)ccc1c2ccc2c1ccc1c2cccc1
"1,2-benzene-dicarboxylic-acid-heptyl-undecyl-ester",,,,,,,CCCCCCCCCCCOC(=O)c1ccccc1C(=O)OCCCCCCC
"1,2-benzenediamine",,,,,,,c1(N)c(N)cccc1
"1,2-benzenedicarbonitrile",,,,,,,N#Cc1c(C#N)cccc1
"1,2-benzenedicarboxamide",,,,,,,c1cc(c(cc1)C(=O)N)C(=O)N
"1,2-benzenedicarboxylicacid,heptyl,nonylester",,,,,,,CCCCCCCCCOC(=O)c1ccccc1C(=O)OCCCCCCC
"1,2-benzenedicarboxylicaciddidecylester",,,,,,,c1c(C(=O)OCCCCCCCCCC)c(C(=O)OCCCCCCCCCC)ccc1
"1,2-benzenedicarboxylicaciddiheptylester",,,,,,,c1c(C(=O)OCCCCCCC)c(C(=O)OCCCCCCC)ccc1
"1,2-benzenedicarboxylicaciddiisononylester",,,,,,,c1(C(=O)OCCCCCCC(C)C)c(C(=O)OCCCCCCC(C)C)cccc1
"1,2-benzenedicarboxylicaciddinonylester",,,,,,,c1c(C(=O)OCCCCCCCCC)c(C(=O)OCCCCCCCCC)ccc1
"1,2-benzenedicarboxylicaciddioctylester",,,,,,,c1c(C(=O)OCCCCCCCC)c(C(=O)OCCCCCCCC)ccc1
"1,2-benzenedicarboxylicaciddiundecylester",,,,,,,c1c(C(=O)OCCCCCCCCCCC)c(C(=O)OCCCCCCCCCCC)ccc1
"1,2-benzenediol",,,,,,,c1c(c(ccc1)O)O
"1,2-benzisothiazole",,,,,,,n1sc2c(c1)cccc2
"1,2-benzisoxazole",,,,,,,n1oc2c(c1)cccc2
"1,2-benzopyran",,,,,,,c12OCC=Cc1cccc2
"1,2-bis(1-methylethyl)hydrazine","1,2-bis(1-methylethyl)hydrazine",BP-TZVP,003711-34-0,116.21,C6H16N2,,N(NC(C)C)C(C)C
"1,2-bis(4-pyridyl)ethane",,,,,,,C(Cc1ccncc1)c1ccncc1
"1,2-bis(trimethylsilyl)acetylene",,,,,,,[Si](C)(C)(C)C#C[Si](C)(C)C
"1,2-butadiene",,,,,,,C=C=CC
"1,2-butanediamine",,,,,,,CC[C@@H](CN)N
"1,2-butanediol",,,,,,,O[C@@H](CO)CC
"1,2-butanedithiol",,,,,,,CC[C@@H](S)CS
"1,2-cyclobutanedione",,,,,,,C1CC(=O)C1=O
"1,2-cycloheptanedione",,,,,,,O=C1C(=O)CCCCC1
"1,2-cyclohexanediamine",,,,,,,N[C@H]1[C@@H](N)CCCC1
"1,2-cyclohexanedionedioxime",,,,,,,C\1(=N\O)/C(=N\O)/CCCC1
"1,2-cyclohexanedione",,,,,,,C1(=O)C(=O)CCCC1
"1,2-diacetylhydrazine","1,2-diacetylhydrazine",BP-TZVP,003148-73-0,116.12,C4H8N2O2,,CC(=O)NNC(=O)C
"1,2-diaminoethane",,,,,,,C(CN)N
"1,2-diaminoethane_cation",,,,,,,C(C[NH3])N
"1,2-dibromo-1,1,2,2-tetrachloroethane",,,,,,,BrC(Cl)(C(Cl)(Cl)Br)Cl
"1,2-dibromo-1,1,2,2-tetrafluoroethane",,,,,,,BrC(F)(F)C(F)(F)Br
"1,2-dibromo-1,1-difluoroethane",,,,,,,C(C(F)(F)Br)Br
"1,2-dibromo-1-fluoroethane",,,,,,,C([C@@H](Br)F)Br
"1,2-dibromododecane",,,,,,,C(Br)[C@@H](Br)CCCCCCCCCC
"1,2-dibromoethane",,,,,,,C(Br)CBr
"1,2-dibromopropane",,,,,,,C[C@@H](Br)CBr
"1,2-dibutoxyethane",,,,,,,O(CCOCCCC)CCCC
"1,2-dichloro-1,1,2,3,3,3-hexafluoropropane",,,,,,,Cl[C@@](C(F)(F)F)(C(Cl)(F)F)F
"1,2-dichloro-1,1,2,3,3-pentafluorobutane",,,,,,,CC([C@@](C(F)(F)Cl)(F)Cl)(F)F
"1,2-dichloro-1,1,2,3,3-pentafluoropropane",,,,,,,C([C@@](F)(C(F)(F)Cl)Cl)(F)F
"1,2-dichloro-1,1,2,3-tetrafluoropropane",,,,,,,ClC([C@@](CF)(F)Cl)(F)F
"1,2-dichloro-1,1,2-trifluoro-2-methoxy-ethane",,,,,,,CO[C@@](C(F)(F)Cl)(F)Cl
"1,2-dichloro-1,1,2-trifluoroethane",,,,,,,ClC(F)(F)[C@H](Cl)F
"1,2-dichloro-1,1,3,3,3-pentafluoropropane",,,,,,,[C@H](C(F)(F)F)(C(F)(F)Cl)Cl
"1,2-dichloro-1,1,3,3-tetrafluoropropane",,,,,,,[C@H](C(F)F)(C(F)(F)Cl)Cl
"1,2-dichloro-1,1,3-trifluoro-propane",,,,,,,C([C@@H](C(F)(F)Cl)Cl)F
"1,2-dichloro-1,1,4,4,4-pentafluorobutane",,,,,,,C([C@@H](C(F)(F)Cl)Cl)C(F)(F)F
"1,2-dichloro-1,1-difluoro-2-(trifluoromethoxy)-ethane",,,,,,,[C@H](C(F)(F)Cl)(OC(F)(F)F)Cl
"1,2-dichloro-1,1-difluoroethane",,,,,,,FC(F)(Cl)CCl
"1,2-dichloro-1,1-difluoropropane",,,,,,,C[C@@H](C(F)(F)Cl)Cl
"1,2-dichloro-1,2,2-trifluoroethanol",,,,,,,[C@@](C(F)(F)Cl)(O)(F)Cl
"1,2-dichloro-1,2,2-trifluoroethyl-trifluoromethylether",,,,,,,[C@@](C(F)(F)Cl)(OC(F)(F)F)(F)Cl
"1,2-dichloro-1,2,3,3,4,4-hexafluorocyclobutane",,,,,,,[C@@]1(Cl)(F)[C@](Cl)(F)C(F)(F)C1(F)F
"1,2-dichloro-1,2,3,3-tetrafluoropropane",,,,,,,[C@H]([C@@](Cl)(C(F)F)F)(Cl)F
"1,2-dichloro-1,2-difluoroethane",,,,,,,Cl[C@@H](F)[C@@H](Cl)F
"1,2-dichloro-1,2-difluoroethylene",,,,,,,Cl/C(=C(/Cl)\F)/F
"1,2-dichloro-1-(difluoromethoxy)-1,2,2-trifluoro-ethane",,,,,,,C(O[C@@](C(F)(F)Cl)(F)Cl)(F)F
"1,2-dichloro-1-ethoxyethane",,,,,,,O([C@@H](Cl)CCl)CC
"1,2-dichloro-1-fluoroethane",,,,,,,ClC[C@@H](Cl)F
"1,2-dichloro-1-fluoropropane",,,,,,,C[C@H]([C@@H](F)Cl)Cl
"1,2-dichloro-2-butene",,,,,,,ClC/C(=C/C)/Cl
"1,2-dichloro-2-fluoropropane",,,,,,,ClC[C@@](Cl)(F)C
"1,2-dichloro-2-methylpropane",,,,,,,ClCC(Cl)(C)C
"1,2-dichloro-3,3,3-trifluoropropene",,,,,,,Cl/C=C(\Cl)/C(F)(F)F
"1,2-dichloro-3,3,4,4,5,5-hexafluorocyclopentene",,,,,,,C1(C(C(=C(C1(F)F)Cl)Cl)(F)F)(F)F
"1,2-dichloro-4-isocyanatobenzene",,,,,,,c1(N=C=O)cc(Cl)c(Cl)cc1
"1,2-dichlorobenzene",,,,,,,c1(c(cccc1)Cl)Cl
"1,2-dichlorobutane",,,,,,,C(Cl)[C@@H](Cl)CC
"1,2-dichloroethane",,,,,,,C(CCl)Cl
"1,2-dichlorohexane","1,2-dichlorohexane",BP-TZVP,002162-92-7,155.07,C6H12Cl2,,ClC[C@@H](Cl)CCCC
"1,2-dichloropentane",,,,,,,ClC[C@@H](Cl)CCC
"1,2-dichloropropane",,,,,,,C[C@H](CCl)Cl
"1,2-dichloropropene",,,,,,,C/C(=C/Cl)/Cl
"1,2-dichlorotetrafluoroethane",,,,,,,C(Cl)(F)(F)C(Cl)(F)F
"1,2-diethoxybenzene",,,,,,,O(c1c(OCC)cccc1)CC
"1,2-diethyl-3-methylimidazolium_cation",,,,,,,C1=CN([C](N1CC)CC)C
"1,2-diethyl-4-fluoropyrazolium_cation",,,,,,,C1(=CN(N([CH]1)CC)CC)F
"1,2-diethylbenzene",,,,,,,c1(ccccc1CC)CC
"1,2-diethylhydrazine",,,,,,,CCNNCC
"1,2-difluoro-1-(fluoromethoxy)ethane",,,,,,,C([C@@H](OCF)F)F
"1,2-difluoro-1-methoxyethane",,,,,,,CO[C@@H](CF)F
"1,2-difluoro-1-methoxypropane",,,,,,,C[C@@H]([C@@H](OC)F)F
"1,2-difluoro-2-(fluoromethyl)butane",,,,,,,CCC(CF)(CF)F
"1,2-difluoro-2-methoxypropane",,,,,,,C[C@@](CF)(OC)F
"1,2-difluoro-2-methylpropane",,,,,,,CC(C)(CF)F
"1,2-difluoro-3-methylpentane",,,,,,,CC[C@@H](C)[C@@H](CF)F
"1,2-difluoro-hexane",,,,,,,CCCC[C@@H](CF)F
"1,2-difluoro-n,n-dimethylethanamine",,,,,,,CN(C)[C@@H](CF)F
"1,2-difluoro-propane",,,,,,,C[C@@H](CF)F
"1,2-difluoroethane",,,,,,,FCCF
"1,2-difluoropentane",,,,,,,CCC[C@@H](CF)F
"1,2-difluoropropan-1-ol",,,,,,,C[C@@H]([C@@H](O)F)F
"1,2-difluoropyrrole",,,,,,,c1cn(c(c1)F)F
"1,2-difluorotetramethylethane",,,,,,,CC(C)(C(C)(C)F)F
"1,2-dihydronaphthalene","1,2-DIHYDRONAPHTHALENE",BP-TZVP,000447-53-0,130.19,C10H10,,c1ccc2CCC=Cc2c1
"1,2-dihydroxy-2-butene",,,,,,,O/C(=C\C)/CO
"1,2-dihydroxynaphthalene","1,2-Dihydroxynaphthalene",BP-TZVP,000574-00-5,160.17,C10H8O2,,c12c(cccc1)c(c(cc2)O)O
"1,2-diiodoethane",,,,,,,C(CI)I
"1,2-diisopropylbenzene",,,,,,,c1(c(cccc1)C(C)C)C(C)C
"1,2-dime-1,2-diphenlethyleneglycoldime-ether",,,,,,,[C@@](OC)(C)([C@@](OC)(C)c1ccccc1)c1ccccc1
"1,2-dimethoxy-4-methylbenzene",,,,,,,O(c1c(OC)cc(cc1)C)C
"1,2-dimethoxybenzene",,,,,,,c1(c(OC)cccc1)OC
"1,2-dimethoxyethane",,,,,,,COCCOC
"1,2-dimethoxypropane",,,,,,,COC[C@@H](OC)C
"1,2-dimethyl-1h-imidazole","1h-imidazole,1,2-dimethyl-",BP-TZVP,001739-84-0,96.13,C5H8N2,,n1ccn(C)c1C
"1,2-dimethyl-3-(2-oxo-2-propoxyethyl)-imidazolium_cation",,,,,,,N1(C)[C](C)N(C=C1)CC(=O)OCCC
"1,2-dimethyl-3-(phenylmethyl)imidazolium_cation",,,,,,,C1=CN([C](N1Cc1ccccc1)C)C
"1,2-dimethyl-3-nitrobenzene",,,,,,,O=N(=O)c1c(c(ccc1)C)C
"1,2-dimethyl-3-propylbenzene",,,,,,,c1(CCC)c(C)c(C)ccc1
"1,2-dimethyl-3-[2-oxo-2-(pentyloxy)ethyl]-imidazolium_cation",,,,,,,N1(C)[C](C)N(C=C1)CC(=O)OCCCCC
"1,2-dimethyl-4-nitrobenzene",,,,,,,O=N(=O)c1ccc(c(C)c1)C
"1,2-dimethyl-5-nitro-1h-imidazole",,,,,,,Cc1ncc(N(=O)=O)n1C
"1,2-dimethyl-cyclopentene",,,,,,,C1(=C(CCC1)C)C
"1,2-dimethylbenzene",O-XYLENE,BP-TZVP,000095-47-6,106.17,C8H10,,c1(c(cccc1)C)C
"1,2-dimethylcyclohexene",,,,,,,C1CCCC(=C1C)C
"1,2-dimethylenecyclobutane",,,,,,,C1CC(=C)C1=C
"1,2-dimethylhydrazine",,,,,,,CNNC
"1,2-dimethylindole",,,,,,,Cc1cc2ccccc2n1C
"1,2-dimethylnaphthalene",,,,,,,Cc1ccc2ccccc2c1C
"1,2-dimethylpyrrolidine",,,,,,,[C@H]1(N(CCC1)C)C
"1,2-dimethylpyrrolidine_cation",,,,,,,[C@@H]1([NH](CCC1)C)C
"1,2-diphenoxyethane","1,2-diphenoxyethane",BP-TZVP,000104-66-5,214.26,C14H14O2,,C(COc1ccccc1)Oc1ccccc1
"1,2-diphenyl-1,1,2,2-tetrafluoroethane",,,,,,,C(C(F)(F)c1ccccc1)(F)(F)c1ccccc1
"1,2-diphenylethanone",,,,,,,C(C(=O)c1ccccc1)c1ccccc1
"1,2-divinylcyclobutane",,,,,,,C1C[C@@H](C=C)[C@H]1C=C
"1,2-epoxy-3-ethoxypropane",,,,,,,O1[C@@H](COCC)C1
"1,2-epoxyhexane",,,,,,,CCCC[C@H]1OC1
"1,2-epoxypropane",,,,,,,O1C[C@H]1C
"1,2-ethanedioldiacetate",,,,,,,CC(=O)OCCOC(=O)C
"1,2-ethanedioldinitrate",,,,,,,O=N(=O)OCCON(=O)=O
"1,2-ethanediolmonobenzoate",,,,,,,O=C(OCCO)c1ccccc1
"1,2-ethanedithiol_anion",,,,,,,SCC[S]
"1,2-ethanedithiol",,,,,,,SCCS
"1,2-ethanediylbisphosphonicacid",,,,,,,OP(O)OCCOP(O)O
"1,2-ethanediylbis[dimethyl-silane",,,,,,,C[Si]1(C)CC[Si]1(C)C
"1,2-heptadiene",,,,,,,C=C=CCCCC
"1,2-hexadiene",,,,,,,C=C=CCCC
"1,2-hexanediol","1,2-HEXANEDIOL",BP-TZVP,006920-22-5,118.17,C6H14O2,,CCCC[C@H](CO)O
"1,2-hydrazinedicarboxaldehyde",,,,,,,N(NC=O)C=O
"1,2-methylenedioxy-4-propenylbenzene",,,,,,,O1c2c(OC1)cc(cc2)/C=C/C
"1,2-naphthalenedione",,,,,,,O=C1c2c(C=CC1=O)cccc2
"1,2-octanediol",,,,,,,C(CCC[C@H](CO)O)CC
"1,2-pentadiene",,,,,,,C=C=CCC
"1,2-propadiene-1,3-dione",,,,,,,[O]C#C[C][O]
"1,2-propanediamine",,,,,,,C[C@@H](N)CN
"1,2-propanediolmonoethylether",,,,,,,O[C@@H](OCC)CC
"1,2-propanedithiol",,,,,,,SC[C@@H](S)C
"1,2-propyleneglycoldiacetate",,,,,,,CC(=O)O[C@H](COC(=O)C)C
"1,3,3,4,4,6-hexafluorohexane",,,,,,,C(CF)C(C(CCF)(F)F)(F)F
"1,3,3,4,4-pentafluoro-2,2-dimethylpentane",,,,,,,CC(C)(CF)C(C(C)(F)F)(F)F
"1,3,3,4,4-pentafluoro-5-methylheptane",,,,,,,CC[C@@H](C)C(C(CCF)(F)F)(F)F
"1,3,3-trichloro-1,1,2,2-tetrafluoropropane",,,,,,,C(C(F)(C(F)(F)Cl)F)(Cl)Cl
"1,3,3-trifluoro-2-methoxybutane",,,,,,,CC([C@@H](CF)OC)(F)F
"1,3,3-trifluorohexane",,,,,,,CCCC(CCF)(F)F
"1,3,4,5-tetramethyl-1,3-dihydro-2h-imidazole-2-thione",,,,,,,Cc1c(C)n(C)c(=S)n1C
"1,3,5,7,9-pentaoxecane",,,,,,,O1COCOCOCOC1
"1,3,5,7-cyclooctatetraene",,,,,,,C1=CC=CC=CC=C1
"1,3,5,7-tetramethyladamantane",,,,,,,C1[C@@]2(C[C@@]3(C[C@]1(C[C@](C2)(C3)C)C)C)C
"1,3,5,7-tetroxane",,,,,,,O1COCOCOC1
"1,3,5-benzenetricarboxylicacid",,,,,,,C(=O)(O)c1cc(C(=O)O)cc(c1)C(=O)O
"1,3,5-cyclooctatriene",,,,,,,C1=CC=CCCC=C1
"1,3,5-tri-tert-butylbenzene",,,,,,,CC(C)(C)c1cc(C(C)(C)C)cc(c1)C(C)(C)C
"1,3,5-triazine-2,4,6(1h,3h,5h)-trione",,,,,,,[C]1(=[N]=[C](=[N]=[C](=[N]=1)O)O)O
"1,3,5-triazine-2,4,6-triamine",,,,,,,C1(=[N]=C(N)N=C(N)[N]1)N
"1,3,5-triazine-2,4,6-triamine_cation1",,,,,,,[C]1(N)N=C(N)N=C(N)N1
"1,3,5-tribromobenzene",,,,,,,c1c(Br)cc(Br)cc1Br
"1,3,5-trichlorobenzene",,,,,,,c1(Cl)cc(Cl)cc(Cl)c1
"1,3,5-triethylbenzene",,,,,,,c1(CC)cc(CC)cc(CC)c1
"1,3,5-trifluoro-2-methylbenzene",,,,,,,Cc1c(cc(cc1F)F)F
"1,3,5-trifluorobenzene",,,,,,,Fc1cc(F)cc(F)c1
"1,3,5-trihydroxybenzene",,,,,,,Oc1cc(O)cc(O)c1
"1,3,5-triisopropylbenzene",,,,,,,c1(cc(cc(c1)C(C)C)C(C)C)C(C)C
"1,3,5-trimethyl-1,3,5-triazinane",,,,,,,CN1CN(C)CN(C)C1
"1,3,5-trimethyl-1h-pyrazole",,,,,,,n1n(C)c(C)cc1C
"1,3,5-trimethyl-2,4(1h,3h)-pyrimidinedione",,,,,,,O=c1n(C)c(=O)n(cc1C)C
"1,3,5-trimethyl-2,4,6-trinitrobenzene",,,,,,,c1(c(c(c(c(c1N(=O)=O)C)N(=O)=O)C)N(=O)=O)C
"1,3,5-trimethyl-2-nitrobenzene",,,,,,,O=N(=O)c1c(C)cc(C)cc1C
"1,3,5-trimethyladamantane","1,3,5-trimethyladamantane",BP-TZVP,000707-35-7,178.31,C13H22,,C1[C@H]2C[C@]3(C[C@@]1(C[C@@](C2)(C3)C)C)C
"1,3,5-trimethylbenzene",,,,,,,c1c(cc(cc1C)C)C
"1,3,5-trinitrobenzene",,,,,,,c1(N(=O)=O)cc(N(=O)=O)cc(N(=O)=O)c1
"1,3,5-trioxane",,,,,,,O1COCOC1
"1,3,5-triphenylbenzene",,,,,,,c1(cc(cc(c1)c1ccccc1)c1ccccc1)c1ccccc1
"1,3,5-trithiane",,,,,,,C1SCSCS1
"1,3,6-trimethyl-2,4(1h,3h)-pyrimidinedione",,,,,,,Cn1c(=O)n(C)c(=O)cc1C
"1,3,7-trichlorodibenzo(b,e)(1,4)dioxin",,,,,,,c1c(cc2c(c1)Oc1c(O2)c(cc(c1)Cl)Cl)Cl
"1,3-benzenediamine",,,,,,,c1(N)cc(N)ccc1
"1,3-benzenediamine_cation",,,,,,,c1(N)cc([NH3])ccc1
"1,3-benzenedicarbonitrile",,,,,,,c1c(cc(cc1)C#N)C#N
"1,3-benzenedicarbonyldichloride",,,,,,,c1(C(=O)Cl)cc(C(=O)Cl)ccc1
"1,3-benzenedicarboxaldehyde",,,,,,,C(=O)c1cc(C=O)ccc1
"1,3-benzenedicarboxylicaciddimethylester",,,,,,,c1c(C(=O)OC)cc(C(=O)OC)cc1
"1,3-benzenedicarboxylicacid",,,,,,,c1(C(=O)O)cc(C(=O)O)ccc1
"1,3-benzenedimethanamine",,,,,,,NCc1cccc(CN)c1
"1,3-benzenedimethanol",,,,,,,OCc1cccc(CO)c1
"1,3-benzodioxole-5-carboxylicacid","1,3-benzodioxole-5-carboxylicacid",BP-TZVP,000094-53-1,166.13,C8H6O4,,O=C(O)c1ccc2OCOc2c1
"1,3-benzodioxole-5-methanol",,,,,,,O1c2c(OC1)cc(cc2)CO
"1,3-benzodioxole",,,,,,,O1COc2c1cccc2
"1,3-benzodithiole-2-thione",,,,,,,c12c(cccc1)sc(=S)s2
"1,3-benzoxazole-2(3h)-thione",,,,,,,S=c1[nH]c2ccccc2o1
"1,3-bis(1-methylethyl)-benzene",,,,,,,c1(C(C)C)cc(C(C)C)ccc1
"1,3-bis(3-cyanopropyl)imidazolium_cation",,,,,,,N1([CH]N(C=C1)CCCC#N)CCCC#N
"1,3-bis(butoxymethyl)-imidazolium_cation",,,,,,,N1(COCCCC)[CH]N(C=C1)COCCCC
"1,3-bis(cyanomethyl)imidazolium_cation",,,,,,,N1([CH]N(C=C1)CC#N)CC#N
"1,3-bis(propoxymethyl)-imidazolium_cation",,,,,,,N1(COCCC)[CH]N(C=C1)COCCC
"1,3-bis-(triflouromethyl)-benzene",,,,,,,c1cc(cc(c1)C(F)(F)F)C(F)(F)F
"1,3-bis[(decyloxy)methyl]-imidazolium_cation",,,,,,,N1(COCCCCCCCCCC)[CH]N(C=C1)COCCCCCCCCCC
"1,3-bis[(dodecyloxy)methyl]-imidazolium_cation",,,,,,,N1(COCCCCCCCCCCCC)[CH]N(C=C1)COCCCCCCCCCCCC
"1,3-bis[(heptyloxy)methyl]-imidazolium_cation",,,,,,,N1(C[C@@H](O)CCCCCC)[CH]N(C=C1)COCCCCCCC
"1,3-bis[(hexadecyloxy)methyl]-imidazolium_cation",,,,,,,N1(COCCCCCCCCCCCCCCCC)[CH]N(C=C1)COCCCCCCCCCCCCCCCC
"1,3-bis[(hexyloxy)methyl]-imidazolium_cation",,,,,,,N1(COCCCCCC)[CH]N(C=C1)COCCCCCC
"1,3-bis[(nonyloxy)methyl]-imidazolium_cation",,,,,,,N1(COCCCCCCCCC)[CH]N(C=C1)COCCCCCCCCC
"1,3-bis[(octyloxy)methyl]-imidazolium_cation",,,,,,,N1(COCCCCCCCC)[CH]N(C=C1)COCCCCCCCC
"1,3-bis[(pentyloxy)methyl]-imidazolium_cation",,,,,,,N1(COCCCCC)[CH]N(C=C1)COCCCCC
"1,3-bis[(tetradecyloxy)methyl]-imidazolium_cation",,,,,,,N1(COCCCCCCCCCCCCCC)[CH]N(C=C1)COCCCCCCCCCCCCCC
"1,3-bis[(undecyloxy)methyl]-imidazolium_cation",,,,,,,N1(COCCCCCCCCCCC)[CH]N(C=C1)COCCCCCCCCCCC
"1,3-butadienediepoxide",,,,,,,O1[C@@H]([C@H]2OC2)C1
"1,3-butadiyne",,,,,,,C(#C)C#C
"1,3-butanediol",,,,,,,C[C@H](CCO)O
"1,3-butanedithiol",,,,,,,C[C@@H](S)CCS
"1,3-butyleneglycolmethylether",,,,,,,OCCCCOC
"1,3-butyleneoxide","1,3-butyleneoxide",BP-TZVP,002167-39-7,72.11,C4H8O,,C[C@H]1OCC1
"1,3-cycloheptadiene",,,,,,,C1=CC=CCCC1
"1,3-cyclohexadiene",,,,,,,C1=CC=CCC1
"1,3-cyclohexanedimethanamine",,,,,,,NC[C@H]1CCC[C@@H](CN)C1
"1,3-cyclohexanedione",,,,,,,O=C1CC(=O)CCC1
"1,3-di-tert-butyl-glycerin",,,,,,,CC(C)(C)OCC(O)COC(C)(C)C
"1,3-diacetylurea",,,,,,,CC(=O)NC(=O)NC(=O)C
"1,3-diamino-2,4,6-trinitrobenzene",,,,,,,c1(c(c(c(cc1N(=O)=O)N(=O)=O)N)N(=O)=O)N
"1,3-dibromo-2,2-bis(bromomethyl)propane",,,,,,,C(C(CBr)(CBr)CBr)Br
"1,3-dibromobenzene",,,,,,,c1(Br)cc(Br)ccc1
"1,3-dibromopropane",,,,,,,BrCCCBr
"1,3-dibutoxy-2-methylimidazolium_cation",,,,,,,[C]1(N(C=CN1OCCCC)OCCCC)C
"1,3-dibutyl-1,2,3-triazolium_cation",,,,,,,N1([N]N(C=C1)CCCC)CCCC
"1,3-dichloro-1,1,2,2,3,3-hexafluoropropane",,,,,,,ClC(F)(F)C(F)(F)C(F)(F)Cl
"1,3-dichloro-1,1,2,2,3-pentafluoropropane",,,,,,,[C@H](C(C(F)(F)Cl)(F)F)(F)Cl
"1,3-dichloro-1,1,2,2-tetrafluoro-butane",,,,,,,C[C@@H](C(C(F)(F)Cl)(F)F)Cl
"1,3-dichloro-1,1,2,2-tetrafluoropropane",,,,,,,ClC(C(CCl)(F)F)(F)F
"1,3-dichloro-1,1,2,3,3-pentafluoropropane",,,,,,,C(C(F)(Cl)F)(C(F)(Cl)F)F
"1,3-dichloro-1,1,2,3-tetrafluoro-propane",,,,,,,[C@H]([C@@H](F)Cl)(C(F)(F)Cl)F
"1,3-dichloro-1,1,2-trifluoropropane",,,,,,,ClC([C@@H](CCl)F)(F)F
"1,3-dichloro-1,1,3,3-tetrafluoropropane",,,,,,,ClC(CC(F)(F)Cl)(F)F
"1,3-dichloro-1,1,3-trifluoro-propane",,,,,,,C([C@@H](F)Cl)C(F)(F)Cl
"1,3-dichloro-1,1-difluoropropane",,,,,,,ClC(CCCl)(F)F
"1,3-dichloro-1,2,2,3-tetrafluoropropane",,,,,,,Cl[C@@H](C([C@@H](F)Cl)(F)F)F
"1,3-dichloro-1,2,2-trifluoropropane",,,,,,,Cl[C@@H](C(CCl)(F)F)F
"1,3-dichloro-1,2,3-trifluoropropane",,,,,,,Cl[C@@H]([C@@H]([C@@H](F)Cl)F)F
"1,3-dichloro-2,2-difluoropropane",,,,,,,ClCC(CCl)(F)F
"1,3-dichloro-2-butene",,,,,,,ClC/C=C(\C)/Cl
"1,3-dichloro-2-methyl-2-propanol",,,,,,,OC(CCl)(CCl)C
"1,3-dichloro-2-methylpropane",,,,,,,ClCC(CCl)C
"1,3-dichloro-2-propanol",,,,,,,ClCC(O)CCl
"1,3-dichloro-3-methylbutane","1,3-dichloro-3-methylbutane",BP-TZVP,000624-96-4,141.04,C5H10Cl2,,ClCCC(Cl)(C)C
"1,3-dichloro-trans-2-butene","1,3-dichloro-trans-2-butene",BP-TZVP,010075-38-4,125,C4H6Cl2,,ClC/C=C(/C)\Cl
"1,3-dichloroacetone",,,,,,,O=C(CCl)CCl
"1,3-dichloroallene",,,,,,,ClC=C=CCl
"1,3-dichlorobenzene",,,,,,,c1c(cccc1Cl)Cl
"1,3-dichlorobutane",,,,,,,[C@H](Cl)(CCCl)C
"1,3-dichloropropane",,,,,,,C(CCCl)Cl
"1,3-dichloropropene",,,,,,,C(Cl)/C=C/Cl
"1,3-didecyl-2-methyl-imidazolium_cation",,,,,,,N1(CCCCCCCCCC)[C](C)N(C=C1)CCCCCCCCCC
"1,3-diethenylbenzene",,,,,,,c1(C=C)cc(C=C)ccc1
"1,3-diethoxyimidazolium_cation",,,,,,,N1([CH]N(C=C1)OCC)OCC
"1,3-diethyl-1,3-diphenylurea",,,,,,,CCN(c1ccccc1)C(=O)N(CC)c1ccccc1
"1,3-diethyl-2-thiourea",,,,,,,N(C(=S)NCC)CC
"1,3-diethyl-4-methylimidazolium_cation",,,,,,,N1(C(=CN([CH]1)CC)C)CC
"1,3-diethyl-5-methylbenzene",,,,,,,c1(cc(cc(CC)c1)CC)C
"1,3-diethyl-tetramethyldisiloxane",,,,,,,CC[Si](C)(C)O[Si](C)(C)CC
"1,3-diethylbenzene",,,,,,,c1c(cccc1CC)CC
"1,3-diethylimidazolium_cation",,,,,,,N1([CH]N(C=C1)CC)CC
"1,3-difluoro-1-methoxypropane",,,,,,,CO[C@@H](CCF)F
"1,3-difluoro-2,2-dimethyl-propane",,,,,,,CC(C)(CF)CF
"1,3-difluoro-2,2-dimethylbutane",,,,,,,C[C@@H](C(C)(C)CF)F
"1,3-difluoro-2-(fluoromethoxy)propane",,,,,,,C(C(CF)OCF)F
"1,3-difluoro-2-(fluoromethyl)-2-methylpropane",,,,,,,CC(CF)(CF)CF
"1,3-difluoro-2-(fluoromethyl)-2-propanamine",,,,,,,C(C(CF)(CF)N)F
"1,3-difluoro-2-methoxybutane",,,,,,,C[C@@H]([C@@H](CF)OC)F
"1,3-difluoro-2-methoxypropane",,,,,,,COC(CF)CF
"1,3-difluoro-2-methyl-2-propanamine",,,,,,,CC(CF)(CF)N
"1,3-difluoro-2-methylbenzene",,,,,,,Cc1c(cccc1F)F
"1,3-difluoro-2-methylbutane",,,,,,,C[C@@H](CF)[C@@H](C)F
"1,3-difluoro-2-methylpropan-1-amine",,,,,,,C[C@@H](CF)[C@@H](N)F
"1,3-difluoro-2-propanol",,,,,,,FCC(O)CF
"1,3-difluoro-3-methylbutane",,,,,,,CC(C)(CCF)F
"1,3-difluoro-3-methylpentane",,,,,,,CC[C@@](C)(CCF)F
"1,3-difluoro-5-methylbenzene",,,,,,,Cc1cc(cc(c1)F)F
"1,3-difluoro-5-nitrobenzene",,,,,,,c1c(F)cc(F)cc1N(=O)=O
"1,3-difluoroadamantane",,,,,,,F[C@]12C[C@H]3C[C@H](C[C@](C1)(F)C3)C2
"1,3-difluorobutan-1-ol",,,,,,,C[C@@H](C[C@@H](O)F)F
"1,3-difluorocyclopentane",,,,,,,C1C[C@@H](C[C@H]1F)F
"1,3-difluoropentane",,,,,,,CC[C@@H](CCF)F
"1,3-difluoropropan-1-amine",,,,,,,C(CF)[C@@H](N)F
"1,3-difluoropropane",,,,,,,FCCCF
"1,3-dihexyl-imidazolium_cation",,,,,,,N1(CCCCCC)[CH]N(C=C1)CCCCCC
"1,3-dihydro-1-methyl-2h-imidazole-2-thione",,,,,,,S=c1[nH]ccn1C
"1,3-dihydro-1-methyl-5-phenyl-1,4-benzodiazepin-2-one",,,,,,,CN1c2ccccc2C(=NCC1=O)c1ccccc1
"1,3-dihydro-1-methyl-5-phenyl-1,4-benzodiazepin-2-one_cation",,,,,,,CN1c2ccccc2[C](NCC1=O)c1ccccc1
"1,3-dihydro-2h-inden-2-one",,,,,,,O=C1Cc2c(cccc2)C1
"1,3-dihydro-2h-indol-2-one",,,,,,,c1ccc2CC(=O)Nc2c1
"1,3-dihydro-3-hydroxy-1-methyl-5-phenyl-1,4-benzodiazepin-2-one",,,,,,,CN1c2ccccc2C(=N[C@H](O)C1=O)c1ccccc1
"1,3-dihydro-3-hydroxy-1-methyl-5-phenyl-1,4-benzodiazepin-2-one_cation",,,,,,,CN1c2ccccc2[C](N[C@H](O)C1=O)c1ccccc1
"1,3-dihydro-3-hydroxy-5-phenyl-1,4-benzodiazepin-2-one",,,,,,,N1c2ccccc2C(=N[C@H](O)C1=O)c1ccccc1
"1,3-dihydro-3-hydroxy-5-phenyl-1,4-benzodiazepin-2-one_cation",,,,,,,N1c2ccccc2[C](N[C@H](O)C1=O)c1ccccc1
"1,3-dihydro-5-phenyl-1,4-benzodiazepin-2-one",,,,,,,N1c2ccccc2C(=NCC1=O)c1ccccc1
"1,3-dihydro-5-phenyl-1,4-benzodiazepin-2-one_cation",,,,,,,N1c2ccccc2[C](NCC1=O)c1ccccc1
"1,3-dihydroxy-2-methylimidazolium_cation",,,,,,,N1([C](N(C=C1)O)C)O
"1,3-dihydroxylimidazolium_cation",,,,,,,N1([CH]N(C=C1)O)O
"1,3-diiodopropane",,,,,,,ICCCI
"1,3-diisocyanato-2-methylbenzene",,,,,,,c1(C)c(N=C=O)cccc1N=C=O
"1,3-dimethoxy-2-propanol",,,,,,,OC(COC)COC
"1,3-dimethoxy-5-methylbenzene","1,3-dimethoxy-5-methylbenzene",BP-TZVP,004179-19-5,152.19,C9H12O2,,O(c1cc(OC)cc(C)c1)C
"1,3-dimethoxyimidazolium_cation",,,,,,,N1([CH]N(C=C1)OC)OC
"1,3-dimethyl-1,3-dihydro-2h-benzimidazole-2-thione",,,,,,,Cn1c2ccccc2n(C)c1=S
"1,3-dimethyl-1,3-dihydro-2h-imidazole-2-thione",,,,,,,Cn1ccn(C)c1=S
"1,3-dimethyl-1h-indole",,,,,,,c1ccc2c(C)cn(c2c1)C
"1,3-dimethyl-2,4(1h,3h)-pyrimidinedione",,,,,,,O=c1n(C)c(=O)ccn1C
"1,3-dimethyl-2-cyanoguanidine",,,,,,,CNC(=NC#N)NC
"1,3-dimethyl-2-imidazolidinone",,,,,,,N1(C)C(=O)N(C)CC1
"1,3-dimethyl-2-nitrobenzene","1,3-dimethyl-2-nitrobenzene",BP-TZVP,000081-20-9,151.16,C8H9NO2,,O=N(=O)c1c(cccc1C)C
"1,3-dimethyl-4,5-dihydroimidazole",,,,,,,CN1CCN(C1)C
"1,3-dimethyl-5-ethyluracil",,,,,,,c1(cn(c(=O)n(c1=O)C)C)CC
"1,3-dimethyladamantane",,,,,,,[C@@H]12C[C@]3(C[C@](C1)(C)C[C@@H](C2)C3)C
"1,3-dimethylbarbituricacid_anion",,,,,,,O=C1N(C(=O)[CH]C(=O)N1C)C
"1,3-dimethylbarbituricacid",,,,,,,O=C1N(C(=O)CC(=O)N1C)C
"1,3-dimethylbenzene",,,,,,,c1(cc(ccc1)C)C
"1,3-dimethylbutylamine",,,,,,,CC(C)C[C@@H](C)N
"1,3-dimethylimidazolidine-2-thione",,,,,,,CN1CCN(C)C1=S
"1,3-dimethylnaphthalene",,,,,,,Cc1cc(C)c2ccccc2c1
"1,3-dimethyltetrahydropyrimidin-2(1h)-one",,,,,,,CN1CCCN(C)C1=O
"1,3-dinitrobenzene",,,,,,,c1(N(=O)=O)cc(N(=O)=O)ccc1
"1,3-dioxane",,,,,,,C1COCOC1
"1,3-dioxol-2-one",,,,,,,O=c1occo1
"1,3-dioxolan-2-one",,,,,,,C1(=O)OCCO1
"1,3-dipentyl-imidazolium_cation",,,,,,,N1(CCCCC)[CH]N(C=C1)CCCCC
"1,3-diphenyl-1,3-propanedione",,,,,,,C(=O)(CC(=O)c1ccccc1)c1ccccc1
"1,3-diphenyl-1-triazene",,,,,,,c1ccccc1N[N][N]c1ccccc1
"1,3-diphenyl-2-propanone",,,,,,,C(=O)(Cc1ccccc1)Cc1ccccc1
"1,3-diphenylisobenzofuran","1,3Diphenylisobenzofuran",BP-TZVP,005471-63-6,270.33,C20H14O,,c1cccc2c1c(oc2c1ccccc1)c1ccccc1
"1,3-dithiane-2-thione",,,,,,,S=C1SCCCS1
"1,3-dithiane",,,,,,,C1CSCSC1
"1,3-dithiol-2-one",,,,,,,c1csc(=O)s1
"1,3-dithiolan-2-one",,,,,,,O=C1SCCS1
"1,3-dithiolane-2-thione",,,,,,,S=C1SCCS1
"1,3-dithiolane",,,,,,,S1CSCC1
"1,3-dithiole-2-thione",,,,,,,S=c1sccs1
"1,3-divinyl-1,1,3,3-tetramethyldisiloxane",,,,,,,C=C[Si](O[Si](C=C)(C)C)(C)C
"1,3-hexadien-5-yne",,,,,,,C#C/C=C/C=C
"1,3-indandione",,,,,,,O=C1c2c(C(=O)C1)cccc2
"1,3-methyl-imidazolium_cation",,,,,,,N1([CH]N(C=C1)C)C
"1,3-naphthalenediol",,,,,,,c1(O)c2c(cc(c1)O)cccc2
"1,3-oxazolidine-2-thione",,,,,,,S=C1NCCO1
"1,3-phenylenedibenzoate",,,,,,,c1(cc(ccc1)OC(=O)c1ccccc1)OC(=O)c1ccccc1
"1,3-propanediamine",,,,,,,NCCCN
"1,3-propanediamine_cation",,,,,,,NCCC[NH3]
"1,3-propanediol,2-(hydroxymethyl)-2-methyl","1,3-PROPANEDIOL,2-(HYDROXYMETHYL)-2-METHYL-",BP-TZVP,000077-85-0,120.15,C5H12O3,,OCC(CO)(CO)C
"1,3-propanedioldiacetate",,,,,,,O=C(OCCCOC(=O)C)C
"1,3-propanediol_anion",,,,,,,OCCC[O]
"1,3-propanediol","1,3-PROPANEDIOL",BP-TZVP,000504-63-2,76.09,C3H8O2,,OCCCO
"1,3-propanedithiol",,,,,,,SCCCS
"1,3-thiazolidine-2-thione",,,,,,,S=C1NCCS1
"1,4,5,8-tetrahydroxy-9,10-anthracenedione",,,,,,,c1cc(c2c(c1O)c(c1c(c2[O])c(ccc1O)O)[O])O
"1,4,5,8-tetramethylnaphthalene",,,,,,,Cc1c2c(C)ccc(C)c2c(C)cc1
"1,4,5-trimethyl-1,3-dihydro-2h-imidazole-2-thione",,,,,,,Cc1c(C)n(c(=S)[nH]1)C
"1,4,5-trimethylnaphthalene",,,,,,,c1(ccc(c2c1cccc2C)C)C
"1,4,7,10-tetraoxacyclododecane",,,,,,,C1COCCOCCOCCO1
"1,4,8,11-tetraazacyclotetradecane",,,,,,,N1CCCNCCNCCCNCC1
"1,4,9,10-anthracenetetrone",,,,,,,c1ccc2c(c1)c(=O)c1=c(c2=O)c(=O)ccc1=O
"1,4-benzenediamine",,,,,,,c1(N)ccc(N)cc1
"1,4-benzenedicarbacid-bis(2,3-di-pr-oh)ester",,,,,,,c1(C(=O)OC[C@H](O)CO)ccc(C(=O)OC[C@H](O)CO)cc1
"1,4-benzenedicarbonitrile",,,,,,,c1c(ccc(c1)C#N)C#N
"1,4-benzenedicarboxaldehyde",,,,,,,c1cc(C=O)ccc1C=O
"1,4-benzenedicarboxylicaciddimethylester",,,,,,,c1c(C(=O)OC)ccc(C(=O)OC)c1
"1,4-benzenedicarboxylicacid",,,,,,,c1(C(=O)O)ccc(C(=O)O)cc1
"1,4-benzenedimethanol",,,,,,,OCc1ccc(cc1)CO
"1,4-bis(1,1-dimethylethyl)-benzene",,,,,,,c1(C(C)(C)C)ccc(C(C)(C)C)cc1
"1,4-bis(1-methylethyl)-benzene",,,,,,,c1(C(C)C)ccc(C(C)C)cc1
"1,4-bis(2-hydroxyethyl)piperazine",,,,,,,C1CN(CCN1CCO)CCO
"1,4-bis(5-phenyloxazol-2-yl)benzene",,,,,,,c1(ccccc1)c1cnc(o1)c1ccc(cc1)c1oc(cn1)c1ccccc1
"1,4-bis(diphenylphosphino)butane",,,,,,,c1ccc(cc1)P(CCCCP(c1ccccc1)c1ccccc1)c1ccccc1
"1,4-butadiol_anion",,,,,,,[O]CCCCO
"1,4-butadiol",,,,,,,OCCCCO
"1,4-butanediamine",,,,,,,NCCCCN
"1,4-butanediisocyanate",,,,,,,O=C=NCCCCN=C=O
"1,4-butanedithiol",,,,,,,SCCCCS
"1,4-cineol","1,4-cineol",BP-TZVP,000470-67-7,154.25,C10H18O,,O1[C@@]2(CC[C@]1(CC2)C)C(C)C
"1,4-cyclohexadiene",,,,,,,C1=CCC=CC1
"1,4-cyclohexanedicarboxylicaciddimethylester",,,,,,,COC(=O)[C@H]1CC[C@H](C(=O)OC)CC1
"1,4-cyclohexanedimethanol",,,,,,,[C@H]1(CO)CC[C@H](CO)CC1
"1,4-cyclohexanedione",,,,,,,O=C1CCC(=O)CC1
"1,4-cyclooctadiene",,,,,,,C1=CCCCC=CC1
"1,4-diamino-9,10-anthracenedione",,,,,,,c12c(C(=O)c3c(C1=O)cccc3)c(N)ccc2N
"1,4-dibrombenzene",,,,,,,c1cc(Br)ccc1Br
"1,4-dibromobutane",,,,,,,BrCCCCBr
"1,4-dibutyl-3-methyl-1,2,3-triazolium_cation",,,,,,,N1([N]N(C(=C1)CCCC)C)CCCC
"1,4-dichloro-1,1,2,2,3,3,4,4-octafluorobutane",,,,,,,C(C(C(F)(F)Cl)(F)F)(C(F)(F)Cl)(F)F
"1,4-dichloro-1,1,2,2,3,3,4-heptafluorobutane",,,,,,,[C@H](C(C(C(F)(F)Cl)(F)F)(F)F)(F)Cl
"1,4-dichloro-1,1,2,2-tetrafluorobutane",,,,,,,C(CCl)C(C(F)(F)Cl)(F)F
"1,4-dichloro-2,3-butanediol",,,,,,,O[C@@H]([C@@H](O)CCl)CCl
"1,4-dichloro-2-butyne",,,,,,,C(#CCCl)CCl
"1,4-dichloro-2-methylbutane",,,,,,,ClCC[C@@H](CCl)C
"1,4-dichloro-trans-2-butene",,,,,,,ClC/C=C/CCl
"1,4-dichlorobenzene",,,,,,,c1(ccc(cc1)Cl)Cl
"1,4-dichlorobutane",,,,,,,C(CCCCl)Cl
"1,4-dichloropentane",,,,,,,ClCCC[C@@H](Cl)C
"1,4-diethoxybenzene",,,,,,,O(c1ccc(OCC)cc1)CC
"1,4-diethylbenzene",,,,,,,c1cc(ccc1CC)CC
"1,4-difluoro-2-(fluoromethyl)butane",,,,,,,C(CF)C(CF)CF
"1,4-difluoro-2-methoxybutane",,,,,,,CO[C@@H](CCF)CF
"1,4-difluoro-2-methylbenzene",,,,,,,Cc1c(ccc(c1)F)F
"1,4-difluoro-2-methylbutane",,,,,,,C[C@@H](CCF)CF
"1,4-difluoro-2-nitrobenzene","1,4-difluoro-2-nitrobenzene",BP-TZVP,000364-74-9,159.09,C6H3F2NO2,,Fc1ccc(F)cc1N(=O)=O
"1,4-difluoro-pentane",,,,,,,C[C@@H](CCCF)F
"1,4-difluorobutane",,,,,,,C(CCF)CF
"1,4-dihydronaphthalene",,,,,,,c12c(cccc1)CC=CC2
"1,4-dihydroxy-9,10-anthracenedione",,,,,,,C1(=O)c2c(C(=O)c3c1cccc3)c(O)ccc2O
"1,4-diiodobenzene",,,,,,,c1cc(ccc1I)I
"1,4-diiodobutane",,,,,,,ICCCCI
"1,4-dimethyl-2,3-diaza-bicyclo(2-2-2)oct-2-ene",,,,,,,C1C[C@@]2(N=N[C@]1(CC2)C)C
"1,4-dimethyl-2,6,7-trioxabicyclo(2-2-2)octane",,,,,,,C1O[C@@]2(OC[C@]1(CO2)C)C
"1,4-dimethyl-2-nitrobenzene",,,,,,,O=N(=O)c1c(ccc(C)c1)C
"1,4-dimethyl-4-acetyl-1-cyclohexene",,,,,,,CC1=CC[C@@](C)(CC1)C(=O)C
"1,4-dimethyl-piperazine_cation",,,,,,,CN1CC[NH](C)CC1
"1,4-dimethylbenzene",P-XYLENE,BP-TZVP,000106-42-3,106.17,C8H10,,c1(ccc(cc1)C)C
"1,4-dimethylcyclopentene",,,,,,,C1(=CC[C@@H](C)C1)C
"1,4-dimethylnaphthalene",,,,,,,Cc1ccc(C)c2ccccc12
"1,4-dinitrobenzene",,,,,,,c1(N(=O)=O)ccc(N(=O)=O)cc1
"1,4-dinitrosopiperazine",,,,,,,[O][N]N1CCN(CC1)[N][O]
"1,4-dioxane-2,5-dione","1,4-Dioxane-2,5-dione",BP-TZVP,000502-97-6,116.07,C4H4O4,,O=C1COC(=O)CO1
"1,4-diphenyl-(e,e)-1,3-butadiene",,,,,,,C(=C\C=C\c1ccccc1)/c1ccccc1
"1,4-dithiane",,,,,,,C1CSCCS1
"1,4-dithiothreitol",,,,,,,O[C@@H]([C@@H](O)CS)CS
"1,4-hexadiene",,,,,,,C=CC/C=C\C
"1,4-naphthalenediamine","1,4-naphthalenediamine",BP-TZVP,002243-61-0,158.2,C10H10N2,,Nc1ccc(N)c2ccccc12
"1,4-naphthalenediol",,,,,,,c1(O)c2c(c(cc1)O)cccc2
"1,4-naphthalenedione",,,,,,,c1ccc2c(c1)C(=O)C=CC2=O
"1,4-oxathiane","1,4-OXATHIANE",BP-TZVP,015980-15-1,104.17,C4H8OS,,C1CSCCO1
"1,4-pentadien-3-ol",,,,,,,C=CC(O)C=C
"1,4-pentadiene",,,,,,,C(C=C)C=C
"1,4-pentanediol","1,4-PENTANEDIOL",BP-TZVP,000626-95-9,104.15,C5H12O2,,O[C@@H](C)CCCO
"1,5,5-trimethylbarbituricacid_anion",,,,,,,CC1(C(=O)N(C)C(=O)[N]C1=O)C
"1,5,5-trimethylbarbituricacid",,,,,,,CC1(C(=O)N(C)C(=O)NC1=O)C
"1,5,9-cyclododecatriene",,,,,,,C1C/C=C/CC/C=C\CC/C=C\1
"1,5-cyclooctadiene",,,,,,,C1CC=CCCC=C1
"1,5-diaminonaphthalene",,,,,,,Nc1cccc2c(N)cccc12
"1,5-dichloro-pentane",,,,,,,ClCCCCCCl
"1,5-dichlorohexamethyltrisiloxane",,,,,,,Cl[Si](O[Si](O[Si](Cl)(C)C)(C)C)(C)C
"1,5-dicyclohexyl-1h-imidazole",,,,,,,C1CCC(CC1)c1cncn1C1CCCCC1
"1,5-difluoro-2-methylpentane",,,,,,,C[C@@H](CCCF)CF
"1,5-difluoro-3-methylpentane",,,,,,,CC(CCF)CCF
"1,5-difluoropentane",,,,,,,C(CCF)CCF
"1,5-dihydroxy-9,10-anthracenedione",,,,,,,O=C1c2c(C(=O)c3c1cccc3O)cccc2O
"1,5-dihydroxynaphthalene",,,,,,,Oc1c2c(c(O)ccc2)ccc1
"1,5-diisocyanatonaphthalene",,,,,,,c1c(c2c(cc1)c(ccc2)N=C=O)N=C=O
"1,5-dimethyl-5-phenylbarbituricacid_anion",,,,,,,C[C@@]1(C(=O)N(C)C(=O)[N]C1=O)c1ccccc1
"1,5-dimethyl-5-phenylbarbituricacid",,,,,,,C[C@@]1(C(=O)N(C)C(=O)NC1=O)c1ccccc1
"1,5-dimethyl-pyrrolidin-2-one",,,,,,,C1(=O)N([C@H](CC1)C)C
"1,5-dimethylcyclopentene",,,,,,,C1=C(C)[C@H](CC1)C
"1,5-dimethylnaphthalene",,,,,,,Cc1cccc2c(C)cccc12
"1,5-diphenyl-1h-tetrazole","1H-Tetrazole,1,5-diphenyl-",BP-TZVP,007477-73-8,222.25,C13H10N4,,n1nc(n(n1)c1ccccc1)c1ccccc1
"1,5-hexadien-3-ol",,,,,,,O[C@@H](CC=C)C=C
"1,5-hexadien-3-yne","1,5-hexadien-3-yne",BP-TZVP,000821-08-9,78.11,C6H6,,C=CC#CC=C
"1,5-hexadiene","1,5-HEXADIENE",BP-TZVP,000592-42-7,82.14,C6H10,,C(=C)CCC=C
"1,5-hexadiyne","1,5-hexadiyne",BP-TZVP,000628-16-0,78.11,C6H6,,C(#C)CCC#C
"1,5-hexanediol",,,,,,,O[C@@H](C)CCCCO
"1,5-naphthyridine",,,,,,,n1c2c(nccc2)ccc1
"1,5-octadien-3-ol",,,,,,,CC/C=C/C[C@H](C=C)O
"1,5-octadienone",,,,,,,CC/C=C/CC(=O)C=C
"1,5-pentanediamine",,,,,,,NCCCCCN
"1,5-pentanediol","1,5-PENTANEDIOL",BP-TZVP,000111-29-5,104.15,C5H12O2,,OCCCCCO
"1,6-dichlorohexane",,,,,,,ClCCCCCCCl
"1,6-diisocyanatohexane",,,,,,,O=C=NCCCCCCN=C=O
"1,6-dimethylnaphthalene",,,,,,,Cc1ccc2c(C)cccc2c1
"1,6-heptadien-4-ol",,,,,,,C=CCC(O)CC=C
"1,6-heptadiene",,,,,,,C(=C)CCCC=C
"1,6-heptadiyne","1,6-heptadiene",BP-TZVP,002396-63-6,92.14,C7H8,,C(#C)CCCC#C
"1,6-hexanediamine","1,6-HEXANEDIAMINE",BP-TZVP,000124-09-4,116.21,C6H16N2,,NCCCCCCN
"1,6-hexanediol-diacrylate","1,6-hexanediol-diacrylate",BP-TZVP,013048-33-4,226.27,C12H18O4,,O=C(C=C)OCCCCCCOC(=O)C=C
"1,6-hexanediol",,,,,,,OCCCCCCO
"1,6-hexanedithiol",,,,,,,SCCCCCCS
"1,6-naphthalenediol",,,,,,,Oc1c2c(ccc1)cc(O)cc2
"1,7,7-trimethyl-n-nitrobicyclo[2.2.1]heptan-2-imine",,,,,,,CC1(C)[C@H]2CC[C@]1(C)/C(=N/N(=O)=O)/C2
"1,7,7-trimethylbicyclo[2.2.1]heptane-2-thione",,,,,,,CC1(C)[C@H]2CC[C@]1(C)C(=S)C2
"1,7-dimethylnaphthalene",,,,,,,Cc1ccc2cccc(C)c2c1
"1,7-heptanediamine","1,7-DIAMINOHEPTANE",BP-TZVP,000646-19-5,130.23,C7H18N2,,NCCCCCCCN
"1,7-heptanediol",,,,,,,OCCCCCCCO
"1,7-octadiyne","1,7-OCTADIYNE",BP-TZVP,000871-84-1,106.17,C8H10,,C(#C)CCCCC#C
"1,7-phenanthroline",,,,,,,c1ccc2c3ncccc3ccc2n1
"1,8-cineole",,,,,,,O1C([C@H]2CC[C@@]1(CC2)C)(C)C
"1,8-cyclotetradecadiyne",,,,,,,C1C#CCCCCCC#CCCCC1
"1,8-dimethylnaphthalene",,,,,,,c1(C)c2c(cccc2C)ccc1
"1,8-naphthalenediamine",,,,,,,c12c(c(N)ccc1)c(N)ccc2
"1,8-nonadiene",,,,,,,C(=C)CCCCCC=C
"1,8-nonadiyne",,,,,,,C(#C)CCCCCC#C
"1,8-octanediamine",,,,,,,NCCCCCCCCN
"1,8-octanediol",,,,,,,C(CCCCCCCO)O
"1,8-octanedithiol",,,,,,,SCCCCCCCCS
"1,8-paracyclophane",,,,,,,c1cc2ccc1Cc1ccc(cc1)CCCCCCCC2
"1,9-decadiene",,,,,,,C=CCCCCCCC=C
"1,9-nonanedithiol",,,,,,,SCCCCCCCCCS
"1-(1,1,2,2-tetrafluoroethoxy)butane",,,,,,,CCCCOC(C(F)F)(F)F
"1-(1,1,2-trifluoroethoxy)butane",,,,,,,CCCCOC(CF)(F)F
"1-(1,1,2-trifluoroethoxy)propane",,,,,,,CCCOC(CF)(F)F
"1-(1,1-difluoroethoxy)-1,1,2,2,2-pentafluoroethane",,,,,,,CC(OC(C(F)(F)F)(F)F)(F)F
"1-(1,1-difluoroethoxy)-1,1,2,2,3,3,3-heptafluoropropane",,,,,,,CC(OC(C(C(F)(F)F)(F)F)(F)F)(F)F
"1-(1,1-difluoroethoxy)-1,1,2,2,3-pentafluoropropane",,,,,,,CC(OC(C(CF)(F)F)(F)F)(F)F
"1-(1,1-difluoroethoxy)-1,1,2,2-tetrafluoroethane",,,,,,,CC(OC(C(F)F)(F)F)(F)F
"1-(1,1-difluoroethoxy)-1,1,2-trifluoroethane",,,,,,,CC(OC(CF)(F)F)(F)F
"1-(1,1-difluoroethoxy)-1,1,3-trifluoropropane",,,,,,,CC(OC(CCF)(F)F)(F)F
"1-(1,1-difluoroethoxy)-1,1-difluoroethane",,,,,,,CC(OC(C)(F)F)(F)F
"1-(1,1-difluoroethoxy)-1-ethoxy-1,2,2,2-tetrafluoroethane",,,,,,,CCO[C@@](C(F)(F)F)(OC(C)(F)F)F
"1-(1,1-difluoroethoxy)-3-fluoropropane",,,,,,,CC(OCCCF)(F)F
"1-(1,1-difluoroethoxy)butane",,,,,,,CCCCOC(C)(F)F
"1-(1,1-difluoroethoxy)propane",,,,,,,CCCOC(C)(F)F
"1-(1,1-difluoroethyl)-3-(trifluoromethyl)imidazolium_cation",,,,,,,N1(C=CN([CH]1)C(C)(F)F)C(F)(F)F
"1-(1,1-dimethylethoxy)-2-propanol",,,,,,,CC(C)(C)OC[C@@H](O)C
"1-(1,1-dimethylethyl)-3,5-dimethylbenzene",,,,,,,c1(cc(cc(C)c1)C(C)(C)C)C
"1-(1,1-dimethylethyl)-3-methylbenzene",,,,,,,c1ccc(C(C)(C)C)cc1C
"1-(1,1-dimethylethyl)-4-ethenylbenzene",,,,,,,C=Cc1ccc(C(C)(C)C)cc1
"1-(1,2-dichloro-1,2,2-trifluoroethoxy)-1,1,2,2,2-pentafluoroethane",,,,,,,C(C(F)(F)F)(O[C@@](C(F)(F)Cl)(F)Cl)(F)F
"1-(1,2-difluoroethoxy)-1,1-difluoroethane",,,,,,,CC(O[C@@H](CF)F)(F)F
"1-(1-chloro-2,2,2-trifluoroethoxy)-1,1,2,2-tetrafluoro-ethane",,,,,,,[C@H](C(F)(F)F)(OC(C(F)F)(F)F)Cl
"1-(1-chloroethoxy)-1,1,2,2,2-pentafluoroethane",,,,,,,C[C@@H](OC(C(F)(F)F)(F)F)Cl
1-(1-cyclohexen-1-yl)ethanone,,,,,,,C1=C(CCCC1)C(=O)C
1-(1-fluoroethoxy)-1-methoxyethane,,,,,,,C[C@@H](OC)O[C@@H](C)F
1-(1-hydroxycyclohexyl)ethanone,,,,,,,O=C(C1(O)CCCCC1)C
1-(1-methyl-2-propoxyethoxy)-2-propanol,,,,,,,C[C@@H](O)CO[C@H](C)COCCC
1-(1-methylethenyl)-4-(1-methylethyl)benzene,,,,,,,c1cc(ccc1C(=C)C)C(C)C
1-(1-methylethoxy)-butane,,,,,,,CCCCOC(C)C
1-(1-naphthalenyl)-ethanone,,,,,,,c12c(cccc1)c(ccc2)C(=O)C
1-(1-piperidinyl)-cyclohexanecarbonitrile,,,,,,,C1CCCCC1(N1CCCCC1)C#N
1-(11-ethoxy-11-oxoundecyl)-3-methyl-imidazolium_cation,,,,,,,N1(C)[CH]N(C=C1)CCCCCCCCCCC(=O)OCC
1-(1h-indol-3-yl)ethanone,,,,,,,c1(c[nH]c2c1cccc2)C(=O)C
1-(1h-pyrrol-2-yl)-ethanone,1-(1H-PYRROL-2-YL)-ETHANONE,BP-TZVP,001072-83-9,109.13,C6H7NO,,O=C(c1[nH]ccc1)C
"1-(2,2-difluoroethoxy)-1,1-difluoroethane",,,,,,,CC(OCC(F)F)(F)F
"1-(2,2-dimethylpropanoyl)-2,2,2-trimethyldiazan-2-ium-1-ide",,,,,,,CC(C)(C)C(=O)[N][N](C)(C)C
"1-(2,4,5-trimethylphenyl)ethanone",,,,,,,c1c(c(cc(c1C)C(=O)C)C)C
"1-(2,4,6-trimethylphenyl)ethanone",,,,,,,O=C(c1c(cc(cc1C)C)C)C
"1-(2,4-dihydroxyphenyl)ethanone",,,,,,,O=C(c1c(O)cc(O)cc1)C
"1-(2,4-dimethylphenyl)ethanone",,,,,,,O=C(c1c(cc(cc1)C)C)C
"1-(2,5-dimethylphenyl)ethanone","1-(2,5-dimethylphenyl)ethanone",BP-TZVP,002142-73-6,148.2,C10H12O,,O=C(c1c(ccc(C)c1)C)C
1-(2-benzofuranyl)ethanone,1-(2-benzofuranyl)ethanone,BP-TZVP,001646-26-0,160.17,C10H8O2,,O=C(c1oc2c(cccc2)c1)C
1-(2-butoxy-2-oxoethyl)-3-methyl-imidazolium_cation,,,,,,,N1(C)[CH]N(C=C1)CC(=O)OCCCC
"1-(2-chloro-1,1,2-trifluoroethoxy)-1,1,2,2-tetrafluoroethane",,,,,,,C(C(OC([C@@H](F)Cl)(F)F)(F)F)(F)F
"1-(2-chloro-1,2-difluoroethoxy)-1,1,2,2-tetrafluoro-ethane",,,,,,,[C@H]([C@@H](F)Cl)(OC(C(F)F)(F)F)F
"1-(2-chloro-2,2-difluoroethoxy)-1,1,2,2-tetrafluoro-ethane",,,,,,,C(C(F)(F)Cl)OC(C(F)F)(F)F
1-(2-chloroethyl)pyrrolidine,,,,,,,ClCCN1CCCC1
1-(2-chlorophenyl)ethanone,,,,,,,CC(=O)c1ccccc1Cl
1-(2-ethoxy-2-oxoethyl)-1-methylpyrrolidinium_cation,,,,,,,C1C[N](CC1)(CC(=O)OCC)C
1-(2-ethoxy-2-oxoethyl)-3-methyl-imidazolium_cation,,,,,,,N1(C)[CH]N(C=C1)CC(=O)OCC
1-(2-ethoxy-2-oxoethyl)pyridinium_cation,,,,,,,N1([CH]C=CC=C1)CC(=O)OCC
1-(2-ethoxyethyl)-1-methylpiperidinium_cation,,,,,,,C1C[N](CCC1)(CCOCC)C
1-(2-ethoxyethyl)-1-methylpyrrolidinium_cation,,,,,,,[N]1(CCCC1)(C)CCOCC
1-(2-ethoxyethyl)-3-methyl-imidazolium_cation,,,,,,,N1(C)[CH]N(C=C1)CCOCC
1-(2-ethoxyethyl)pyridinium_cation,,,,,,,C1=C[CH]N(C=C1)CCOCC
1-(2-fluoroethoxy)propane,,,,,,,CCCOCCF
1-(2-furanyl)-1-propanone,1-(2-furanyl)-1-propanone,BP-TZVP,003194-15-8,124.14,C7H8O2,,o1cccc1C(=O)CC
1-(2-hydroxy-5-methylphenyl)-1-propanone,,,,,,,O=C(c1c(O)ccc(C)c1)CC
1-(2-hydroxyethyl)-1-methylpiperidinium_cation,,,,,,,C1C[N](CCC1)(CCO)C
1-(2-hydroxyethyl)-1-methylpyrrolidinium_cation,,,,,,,C1C[N](CC1)(CCO)C
1-(2-hydroxyethyl)-2-methyl-3-tetradecyl-imidazolium_cation,,,,,,,N1(CCCCCCCCCCCCCC)[C](C)N(C=C1)CCO
1-(2-hydroxyethyl)-2-pyrrolidinone,1-(2-hydroxyethyl)-2-pyrrolidinone,BP-TZVP,003445-11-2,129.16,C6H11NO2,,O=C1N(CCC1)CCO
1-(2-hydroxyethyl)-3-methylimidazolium_cation,,,,,,,N1([CH]N(C=C1)C)CCO
1-(2-hydroxyethyl)imidazole,,,,,,,n1(CCO)cncc1
1-(2-hydroxyethyl)pyridinium_cation,,,,,,,C1=C[CH]N(C=C1)CCO
1-(2-hydroxyphenyl)ethanone,,,,,,,c1(C(=O)C)c(O)cccc1
1-(2-methoxy-2-oxoethyl)-3-methyl-imidazolium_cation,,,,,,,N1(C)[CH]N(C=C1)CC(=O)OC
1-(2-methoxyethyl)-1-methylpiperidinium_cation,,,,,,,C1C[N](CCC1)(CCOC)C
1-(2-methoxyethyl)-1-methylpyrrolidinium_cation,,,,,,,C1C[N](CC1)(CCOC)C
1-(2-methoxyethyl)-3-methylimidazolium_cation,,,,,,,N1(C=CN([CH]1)CCOC)C
1-(2-methoxyethyl)pyridinium_cation,,,,,,,C1=C[CH]N(C=C1)CCOC
1-(2-methoxyphenyl)ethanone,,,,,,,COc1ccccc1C(=O)C
1-(2-methyloxiranyl)-ethanone,,,,,,,O=C([C@]1(OC1)C)C
1-(2-methylphenyl)ethanone,"ETHANONE,1-(2-METHYLPHENYL)-",BP-TZVP,000577-16-2,134.18,C9H10O,,c1ccc(C(=O)C)c(c1)C
1-(2-nitrovinyl)piperidine,,,,,,,O=N(=O)/C=C/N1CCCCC1
1-(2-nitrovinyl)pyrrolidine,,,,,,,O=N(=O)/C=C/N1CCCC1
"1-(2-phenylethyl)-1h-1,2,3-triazole",,,,,,,C(Cn1ccnn1)c1ccccc1
1-(2-propenyl)cyclohexene,,,,,,,C1CCCC=C1CC=C
1-(2-thienyl)ethanethiol,,,,,,,C[C@@H](S)c1sccc1
"1-(3,3,4,4,5,5,6,6,6-nonafluorohexyl)-3-methylimidazolium_cation",,,,,,,N1(C=CN([CH]1)CCC(F)(C(F)(C(F)(C(F)(F)F)F)F)F)C
"1-(3,4-dimethylphenyl)ethanone",,,,,,,O=C(c1ccc(c(C)c1)C)C
"1-(3,5-dichlorophenoxy)silatrane",,,,,,,c1c(Cl)cc(Cl)cc1O[Si]123OCC[N]1(CCO2)CCO3
"1-(3,5-dichlorophenyl)methanamine",,,,,,,NCc1cc(Cl)cc(Cl)c1
"1-(3,5-difluorophenyl)methanamine",,,,,,,NCc1cc(F)cc(c1)F
"1-(3,5-dimethylphenoxy)silatrane",,,,,,,c1c(C)cc(C)cc1O[Si]123OCC[N]1(CCO2)CCO3
1-(3-aminophenoxy)silatrane,,,,,,,c1ccc(N)cc1O[Si]123OCC[N]1(CCO2)CCO3
1-(3-bromophenoxy)silatrane,,,,,,,c1ccc(Br)cc1O[Si]123OCC[N]1(CCO2)CCO3
1-(3-chlorophenoxy)silatrane,,,,,,,c1ccc(Cl)cc1O[Si]123OCC[N]1(CCO2)CCO3
1-(3-chlorophenyl)methanamine,,,,,,,NCc1cc(Cl)ccc1
1-(3-cyanopropyl)-3-methylimidazolium_cation,,,,,,,N1([CH]N(C=C1)CCCC#N)C
"1-(3-fluorophenyl)-n,n-dimethylmethanamine",,,,,,,CN(C)Cc1cccc(c1)F
1-(3-fluorophenyl)ethanone,,,,,,,CC(=O)c1cccc(c1)F
1-(3-fluorophenyl)methanamine,,,,,,,NCc1cccc(c1)F
1-(3-furanyl)-4-methyl-1-pentanone,,,,,,,c1cocc1C(=O)CCC(C)C
1-(3-hydroxypropyl)-1-methylpiperidinium_cation,,,,,,,C1C[N](CCC1)(CCCO)C
1-(3-hydroxypropyl)-1-methylpyrrolidinium_cation,,,,,,,C1C[N](CC1)(CCCO)C
1-(3-hydroxypropyl)-3-methyl-imidazolium_cation,,,,,,,N1(C)[CH]N(C=C1)CCCO
1-(3-methoxyphenyl)methanamine,,,,,,,COc1cc(CN)ccc1
1-(3-methoxypropyl)-1-methylpiperidinium_cation,,,,,,,C1CCC[N](C1)(CCCOC)C
1-(3-methoxypropyl)-1-methylpyrrolidinium_cation,,,,,,,C1CC[N](C1)(CCCOC)C
1-(3-methoxypropyl)pyridinium_cation,,,,,,,C1=C[CH]N(C=C1)CCCOC
1-(3-methylphenoxy)silatrane,,,,,,,c1c(C)cccc1O[Si]123OCC[N]1(CCO2)CCO3
1-(3-nitrophenyl)-ethanone,,,,,,,c1c(cc(cc1)N(=O)=O)C(=O)C
1-(3-nitrophenyl)methanamine,,,,,,,NCc1cc(ccc1)N(=O)=O
"1-(3-pyridinyl)-1,3-butanedione",,,,,,,n1cccc(c1)C(=O)CC(=O)C
1-(4-adamantan-1-ylphenyl)ethanone,,,,,,,CC(=O)c1ccc(cc1)[C@@]12C[C@H]3C[C@@H](C1)C[C@H](C3)C2
1-(4-aminophenyl)-1-propanone,1-(4-aminophenyl)-1-propanone,BP-TZVP,000070-69-9,149.19,C9H11NO,,O=C(c1ccc(N)cc1)CC
"1-(4-benzyloxybenzyl)-3-methyl-4-pentyl-1,2,3-triazolium_cation",,,,,,,N1([N]N(C(=C1)CCCCC)C)Cc1ccc(cc1)OCc1ccccc1
1-(4-bromophenoxy)silatrane,1-(4-BROMOPHENOXY)SILATRANE,BP-TZVP,086811-82-7,346.25,C12H16BrNO4Si,,c1cc(Br)ccc1O[Si]123OCC[N]1(CCO2)CCO3
1-(4-chlorophenoxy)silatrane,,,,,,,c1cc(Cl)ccc1O[Si]123OCC[N]1(CCO2)CCO3
1-(4-chlorophenyl)ethanone,,,,,,,C(=O)(c1ccc(cc1)Cl)C
1-(4-ethylphenoxy)silatrane,,,,,,,c1cc(CC)ccc1O[Si]123OCC[N]1(CCO2)CCO3
1-(4-ethylphenyl)-2-phenylethane,,,,,,,c1ccccc1CCc1ccc(CC)cc1
1-(4-hydroxy-3-methoxyphenyl)-ethanone,,,,,,,c1(OC)c(O)ccc(C(=O)C)c1
1-(4-hydroxy-3-methoxyphenyl)decan-3-one,,,,,,,CCCCCCCC(=O)CCc1ccc(O)c(OC)c1
1-(4-hydroxyphenyl)ethanone,,,,,,,c1(C(=O)C)ccc(O)cc1
"1-(4-methoxybenzoyl)-2,2,2-trimethyldiazan-2-ium-1-ide",,,,,,,COc1ccc(cc1)C(=O)[N][N](C)(C)C
1-(4-methoxyphenyl)-2-propanone,,,,,,,O=C(Cc1ccc(OC)cc1)C
1-(4-methylphenoxy)silatrane,,,,,,,c1cc(C)ccc1O[Si]123OCC[N]1(CCO2)CCO3
1-(4-morpholin-4-ylphenyl)ethanone,,,,,,,CC(=O)c1ccc(cc1)N1CCOCC1
1-(4-nitrophenyl)adamantane,,,,,,,O=N(=O)c1ccc(cc1)[C@@]12C[C@H]3C[C@@H](C1)C[C@H](C3)C2
1-(4-piperidin-1-ylphenyl)ethanone,,,,,,,CC(=O)c1ccc(cc1)N1CCCCC1
1-(4-pyridinyl)ethanone,4-ACETYLPYRIDINE,BP-TZVP,001122-54-9,121.14,C7H7NO,,O=C(c1ccncc1)C
1-(8-hydroxyoctyl)-3-methyl-imidazolium_cation,,,,,,,N1(C)[CH]N(C=C1)CCCCCCCCO
1-(acetyloxy)-2-propanone,,,,,,,O=C(OCC(=O)C)C
"1-(adamantan-1-ylcarbonyl)-2,2,2-trimethyldiazan-2-ium-1-ide",,,,,,,C[N](C)(C)[N]C(=O)[C@@]12C[C@H]3C[C@@H](C1)C[C@H](C3)C2
1-(butoxymethyl)-3-hydroxypyridinium_cation,,,,,,,N1([CH]C(=CC=C1)O)COCCCC
"1-(chlorodifluoromethoxy)-1,2,2-trifluoro-ethane",,,,,,,[C@H](C(F)F)(OC(F)(F)Cl)F
1-(chloroethyl)trimethylsilane,,,,,,,C[Si](C)(C)CCCl
"1-(chloromethoxy)-1,1,2,2,2-pentafluoroethane",,,,,,,C(OC(C(F)(F)F)(F)F)Cl
"1-(chloromethoxy)-1,1,2,2-tetrafluoroethane",,,,,,,C(OC(C(F)F)(F)F)Cl
"1-(chloromethoxy)-1,1,2-trifluoroethane",,,,,,,C(C(OCCl)(F)F)F
"1-(chloromethoxy)-1,1-difluoroethane",,,,,,,CC(OCCl)(F)F
"1-(chloromethoxy)-1,2,2-trifluoroethane",,,,,,,C(O[C@@H](C(F)F)F)Cl
"1-(chloromethyl)-2,4-dimethylbenzene","1-(chloromethyl)-2,4-dimethylbenzene",BP-TZVP,000824-55-5,154.64,C9H11Cl,,c1(ccc(c(C)c1)CCl)C
1-(chloromethyl)-2-methylbenzene,,,,,,,c1(c(cccc1)C)CCl
1-(chloromethyl)-3-methylbenzene,,,,,,,ClCc1cccc(c1)C
1-(cyanomethyl)-1-methylpiperidinium_cation,,,,,,,C1C[N](CCC1)(CC#N)C
1-(cyanomethyl)-1-methylpyrrolidinium_cation,,,,,,,[N]1(C)(CCCC1)CC#N
1-(cyanomethyl)pyridinium_cation,,,,,,,N1([CH]C=CC=C1)CC#N
"1-(dichloromethoxy)-1,1,2,2,2-pentafluoroethane",,,,,,,C(OC(C(F)(F)F)(F)F)(Cl)Cl
"1-(dichloromethoxy)-1,2,2-trifluoroethane",,,,,,,[C@H](C(F)F)(OC(Cl)Cl)F
"1-(difluoromethoxy)-1,1,2,3,3,3-hexafluoro-2-(trifluoromethyl)propane",,,,,,,C(OC(C(C(F)(F)F)(C(F)(F)F)F)(F)F)(F)F
"1-(difluoromethoxy)-1,1,2,3,3,3-hexafluoropropane",,,,,,,[C@H](C(OC(F)F)(F)F)(C(F)(F)F)F
"1-(difluoromethoxy)-1,1-difluoro-ethane",,,,,,,CC(OC(F)F)(F)F
"1-(difluoromethoxy)-1,2,2-trifluoroethane",,,,,,,[C@H](C(F)F)(OC(F)F)F
1-(difluoromethoxy)-1-fluoroethane,,,,,,,C[C@@H](OC(F)F)F
1-(difluoromethoxy)-2-methoxyethane,,,,,,,COCCOC(F)F
1-(difluoromethoxy)-propane,,,,,,,CCCOC(F)F
1-(difluoromethoxy)pentane,,,,,,,CCCCCOC(F)F
"1-(difluoromethoxymethoxy)-1,1-difluoroethane",,,,,,,CC(OCOC(F)F)(F)F
1-(dimethylamino)-2-propanol,,,,,,,O[C@@H](C)CN(C)C
"1-(diphenylphosphoryl)-2,2,2-trimethyldiazan-2-ium-1-ide",,,,,,,C[N](C)(C)[N]P(=O)(c1ccccc1)c1ccccc1
1-(ethenyloxy)decane,1-(ETHENYLOXY)-DECANE,BP-TZVP,000765-05-9,184.32,C12H24O,,C(=C)OCCCCCCCCCC
1-(ethenyloxy)propane,,,,,,,C(=C)OCCC
1-(ethenylsulfonyl)-4-methyl-benzene,,,,,,,C(=C)S(=O)(=O)c1ccc(cc1)C
"1-(ethoxymethoxy)-1,1,2,2,2-pentafluoroethane",,,,,,,CCOCOC(C(F)(F)F)(F)F
1-(ethoxymethyl)-1-methylpiperidinium_cation,,,,,,,C1C[N](CCC1)(COCC)C
1-(ethoxymethyl)-1-methylpyrrolidinium_cation,,,,,,,[N]1(C)(CCCC1)COCC
1-(ethoxymethyl)-3-methyl-imidazolium_cation,,,,,,,N1(C)[CH]N(C=C1)COCC
1-(ethoxymethyl)pyridinium_cation,,,,,,,C1=C[CH]N(C=C1)COCC
1-(ethylthio)-2-methylpropane,,,,,,,S(CC)CC(C)C
1-(ethylthio)-4-methylbenzene,,,,,,,S(CC)c1ccc(C)cc1
1-(ethylthio)-octane,,,,,,,CCSCCCCCCCC
1-(fluoromethoxy)-2-methylbutane,,,,,,,CC[C@@H](C)COCF
1-(fluoromethoxy)-butane,,,,,,,CCCCOCF
1-(fluoromethoxy)-ethanol,,,,,,,C[C@@H](O)OCF
1-(fluoromethoxy)propane,,,,,,,CCCOCF
1-(fluoromethyl)pyrrolidine,,,,,,,C1CCN(C1)CF
"1-(hydroxymethyl)-5,5-dimethylhydantoin",,,,,,,O=C1N(C(C(=O)N1)(C)C)CO
1-(mes)-acetaldehydeoxime,,,,,,,N(=C(\SC)/C)\O
"1-(mesitylcarbonyl)-2,2,2-trimethyldiazan-2-ium-1-ide",,,,,,,Cc1cc(C)c(c(c1)C)C(=O)[N][N](C)(C)C
1-(methoxydimethylsilyl)-methanamine,,,,,,,CO[Si](C)(C)CN
1-(methylamino)anthraquinone,,,,,,,c12c(cccc1)C(=O)c1c(C2=O)cccc1NC
1-(methylthio)-2-butanone,,,,,,,CCC(=O)CSC
1-(methylthio)-propane,,,,,,,CSCCC
1-(methylthio)butane,,,,,,,CSCCCC
1-(methylthio)ethanethiol,,,,,,,[C@@H](C)(S)SC
1-(phenylmethyl)-1h-imidazole,,,,,,,c1nccn1Cc1ccccc1
1-(phenylmethyl)-1h-pyrrole,,,,,,,c1cccn1Cc1ccccc1
1-(phenylmethyl)pyridinium_cation,,,,,,,N1(Cc2ccccc2)[CH]C=CC=C1
1-(sime3)-n-[(sime3)methyl]methanamine,"METHANAMINE,1-(TRIMETHYLSILYL)-N-[(TRIMETHYLSILYL)METHYL]-",BP-TZVP,017882-91-6,189.45,C8H23NSi2,,C[Si](CNC[Si](C)(C)C)(C)C
1-(trifluoromethoxy)-butane,,,,,,,CCCCOC(F)(F)F
1-(trifluoromethoxy)-propane,,,,,,,CCCOC(F)(F)F
1-(trifluoromethoxy)pentane,,,,,,,CCCCCOC(F)(F)F
1-(trifluoromethyl)pyrrole,,,,,,,c1cn(cc1)C(F)(F)F
1-(trimethylsilyl)-2-propanamine,,,,,,,C[C@@H](C[Si](C)(C)C)N
1-(trimethylsilyl)methanamine,,,,,,,NC[Si](C)(C)C
1-4-dinitropiperazine,,,,,,,N1(CCN(CC1)N(=O)=O)N(=O)=O
1-5-dimethyluracil,,,,,,,c1(C)c(=O)[nH]c(=O)n(c1)C
1-9-nonanediol,,,,,,,C(CCCCCO)CCCO
"1-acetyl-2,2,2-trimethyldiazan-2-ium-1-ide",,,,,,,C[N](C)(C)[N]C(=O)C
1-acetylpiperidine,,,,,,,O=C(N1CCCCC1)C
1-acetylpyrrolidine,,,,,,,CC(=O)N1CCCC1
1-acryloyloxypropyl-3-methyl-imidazolium_cation,,,,,,,[CH]1N(C=CN1CCCOC(=O)C=C)C
"1-adamantan-1-yl-2,2-dimethylpropan-1-one",,,,,,,CC(C)(C)C(=O)[C@@]12C[C@H]3C[C@@H](C1)C[C@H](C3)C2
1-adamantanecarboxamide,,,,,,,[C@H]12C[C@]3(C[C@@H](C2)C[C@@H](C1)C3)C(=O)N
1-adamantanol,,,,,,,C1[C@@H]2C[C@]3(O)C[C@H]1C[C@@H](C3)C2
1-adamantylmethylketone,,,,,,,C1[C@@H]2C[C@@H]3C[C@]1(C[C@@H](C3)C2)C(=O)C
"1-allyl-3-methyl-4-pentyl-1,2,3-triazolium_cation",,,,,,,N1([N]N(C(=C1)CCCCC)C)CC=C
1-amino-2-propanol,,,,,,,O[C@H](C)CN
"1-amino-4-hydroxy-9,10-anthracenedione",,,,,,,C1(=O)c2c(C(=O)c3c1cccc3)c(O)ccc2N
"1-amino-9,10-anthracenedione",,,,,,,C1(=O)c2c(C(=O)c3c1cccc3)cccc2N
1-amino-cyclopentanecarboxylicacid,,,,,,,[O]C(=O)C1([NH3])CCCC1
1-aminocyclopropanecarboxylicacid,,,,,,,C1CC1(N)C(=O)O
1-aminopiperidine,,,,,,,C1CCCCN1N
1-azido-4-nitrobenzene,,,,,,,c1(ccc(cc1)N(=O)=O)N=[N]=[N]
1-aziridineethanol,,,,,,,OCCN1CC1
"1-benzoyl-2,2,2-trimethyldiazan-2-ium-1-ide",,,,,,,C[N](C)(C)[N]C(=O)c1ccccc1
1-benzoylpiperidine,,,,,,,C(=O)(N1CCCCC1)c1ccccc1
"1-benzyl-1h-1,2,4-triazole",,,,,,,C(c1ccccc1)N1[CH]N=C[N]1
"1-benzyl-3-methyl-1,2,3-triazolium_cation",,,,,,,N1([N]N(C=C1)C)Cc1ccccc1
"1-benzyl-3-methyl-4-(ethyl-2-ol)-1,2,3-triazolium_cation",,,,,,,N1([N]N(C(=C1)CCO)C)Cc1ccccc1
"1-benzyl-3-methyl-4-(methyl-1-ol)-1,2,3-triazolium_cation",,,,,,,N1([N]N(C(=C1)CO)C)Cc1ccccc1
"1-benzyl-3-methyl-4-butyl-1,2,3-triazolium_cation",,,,,,,N1([N]N(C(=C1)CCCC)C)Cc1ccccc1
"1-benzyl-3-methyl-4-pentyl-1,2,3-triazolium_cation",,,,,,,N1([N]N(C(=C1)CCCCC)C)Cc1ccccc1
1-benzyl-3-methyl-imidazolium_cation,,,,,,,c1c(cccc1)CN1[CH]N(C=C1)C
"1-bromo-1,1,2,2,3,3,4,4,4-nonafluorobutane",,,,,,,C(C(C(F)(F)Br)(F)F)(C(F)(F)F)(F)F
"1-bromo-1,1,2,2,3,3-hexafluoropropane",,,,,,,C(C(C(F)(F)Br)(F)F)(F)F
"1-bromo-1,1,2,2-tetrafluoro-2-methoxy-ethane",,,,,,,COC(C(F)(F)Br)(F)F
"1-bromo-1,1,2,2-tetrafluoro-propane",,,,,,,CC(C(F)(F)Br)(F)F
"1-bromo-1,1,2,2-tetrafluorobutane",,,,,,,CCC(C(F)(F)Br)(F)F
"1-bromo-1,1,2,3,3,3-hexafluoropropane",,,,,,,[C@H](C(F)(F)F)(C(F)(F)Br)F
"1-bromo-1,1,2-trifluoroethane",,,,,,,C(C(F)(F)Br)F
"1-bromo-1,1,2-trifluoropropane",,,,,,,C[C@@H](C(F)(F)Br)F
"1-bromo-1,1,3,3,3-pentafluoro-propane",,,,,,,C(C(F)(F)F)C(F)(F)Br
"1-bromo-1,1,3,3-tetrafluoropropane",,,,,,,C(C(F)F)C(F)(F)Br
"1-bromo-1,1-difluoroethane",,,,,,,CC(F)(F)Br
"1-bromo-1,2,2,2-tetrafluoroethane",,,,,,,Br[C@@H](F)C(F)(F)F
"1-bromo-1,2,2,2-tetrafluoroethanol",,,,,,,[C@@](C(F)(F)F)(O)(F)Br
"1-bromo-1,2,2-trifluoro-1-(trifluoromethoxy)ethane",,,,,,,C([C@@](OC(F)(F)F)(F)Br)(F)F
"1-bromo-1,2-dichloro-1,2,2-trifluoro-ethane",,,,,,,C([C@@](F)(Cl)Br)(F)(F)Cl
"1-bromo-1,2-difluoroethylene",,,,,,,Br/C(=C/F)/F
"1-bromo-1-chloro-1,2,2-trifluoroethane",,,,,,,C([C@@](F)(Cl)Br)(F)F
1-bromo-1-chloro-1-fluoro-ethane,,,,,,,C[C@@](F)(Cl)Br
"1-bromo-1-chloro-2,2-difluoroethane",,,,,,,C([C@@H](Cl)Br)(F)F
1-bromo-1-chloroethane,,,,,,,C[C@@H](Cl)Br
1-bromo-1-ethoxy-ethene,,,,,,,CCOC(=C)Br
1-bromo-1-fluorobutane,,,,,,,CCC[C@@H](F)Br
1-bromo-1-fluoroethene,,,,,,,C=C(F)Br
1-bromo-1-methoxy-ethene,,,,,,,COC(=C)Br
"1-bromo-2,2,3,3-tetrafluorobutane",,,,,,,CC(C(CBr)(F)F)(F)F
"1-bromo-2,2-dimethylpropane",,,,,,,BrCC(C)(C)C
"1-bromo-2-chloro-1,1,2,3,3,3-hexafluoro-propane",,,,,,,[C@@](C(F)(F)F)(C(F)(F)Br)(F)Cl
"1-bromo-2-chloro-1,1,2-trifluoroethane",,,,,,,[C@H](C(F)(F)Br)(F)Cl
1-bromo-2-chloroethane,,,,,,,BrCCCl
1-bromo-2-chloroethene,1-bromo-2-chloroethene,BP-TZVP,003018-09-5,141.39,C2H2BrCl,,Br/C=C/Cl
1-bromo-2-chloropropane,,,,,,,Cl[C@@H](CBr)C
1-bromo-2-chlorotetrafluoroethane,,,,,,,C(C(F)(F)Br)(F)(F)Cl
1-bromo-2-ethoxyethane,,,,,,,O(CCBr)CC
1-bromo-2-fluoro-propane,,,,,,,C[C@@H](CBr)F
1-bromo-2-fluoroethane,,,,,,,BrCCF
1-bromo-2-nitrobenzene,,,,,,,c1c(cccc1Br)N(=O)=O
1-bromo-2-propanone,1-bromo-2-propanone,BP-TZVP,000598-31-2,136.98,C3H5BrO,,BrCC(=O)C
1-bromo-3-fluoropropane,1-bromo-3-fluoropropane,BP-TZVP,000352-91-0,140.98,C3H6BrF,,BrCCCF
1-bromo-3-methylbutane,,,,,,,BrCCC(C)C
1-bromo-4-chlorobenzene,,,,,,,c1cc(Cl)ccc1Br
1-bromo-4-methylbenzene,,,,,,,c1(C)ccc(Br)cc1
1-bromo-4-methylpentane,,,,,,,BrCCCC(C)C
1-bromo-isobutane,,,,,,,BrC[C@@H](C)CC
1-bromo-n-tridecane,,,,,,,BrCCCCCCCCCCCCC
1-bromoadamantane,,,,,,,Br[C@]12C[C@@H]3C[C@H](C1)C[C@@H](C3)C2
1-bromobutane,,,,,,,BrCCCC
1-bromodecane,,,,,,,CCCCCCCCCCBr
1-bromododecane,,,,,,,C(Br)CCCCCCCCCCC
1-bromoheptane,,,,,,,CCCCCCCBr
1-bromohexane,,,,,,,CCCCCCBr
1-bromonaphthalene,,,,,,,c12ccccc1cccc2Br
1-bromooctane,,,,,,,C(CCCCCCBr)C
1-bromopentane,,,,,,,C(Br)CCCC
1-bromopropane,,,,,,,CCCBr
1-butanesulfonate_anion,,,,,,,[O]S([O])([O])CCCC
1-butanol-3-methylpropanoate,,,,,,,O=C(OCCC(C)C)CC
1-butanol,,,,,,,CCCCO
1-butanol_cation,,,,,,,CCC[CH2].O
1-buten-1-one(ethylketene),,,,,,,CCC=C=O
1-buten-2-amine,,,,,,,CCC(=C)N
1-buten-2-ol,,,,,,,CCC(=C)O
1-buten-3-one,,,,,,,O=C(C=C)C
1-butoxy-2-propanol,,,,,,,CCCCOC[C@H](O)C
1-butoxymethyl-3-pentoxymethylimidazolium_cation,,,,,,,N1([CH]N(C=C1)COCCCCC)COCCCC
1-butoxymethyl-3-propoxymethylimidazolium_cation,,,,,,,[CH]1N(C=CN1COCCC)COCCCC
1-butyl-1-ethyl-pyrrolidinium_cation,,,,,,,C1CC[N](C1)(CCCC)CC
1-butyl-1-methyl-pyrrolidinium_cation,,,,,,,[N]1(CCCC1)(CCCC)C
1-butyl-1-methylpiperidinium_cation,,,,,,,C1C[N](CCC1)(C)CCCC
1-butyl-1h-pyrrole,1-butyl-1h-pyrrole,BP-TZVP,000589-33-3,123.2,C8H13N,,c1ccn(c1)CCCC
"1-butyl-2,3-dimethyl-imidazolium_cation",,,,,,,C1=CN([C](N1CCCC)C)C
1-butyl-2-methyl-3-(phenylmethyl)imidazolium_cation,,,,,,,c1c(cccc1)CN1[C](N(C=C1)CCCC)C
1-butyl-2-methyl-imidazole,,,,,,,c1(n(ccn1)CCCC)C
1-butyl-2-methylimidazolium_cation,,,,,,,N1[C](N(C=C1)CCCC)C
1-butyl-2-methylpyridinium_cation,,,,,,,N1([C](C)C=CC=C1)CCCC
"1-butyl-3,4-dimethyl-pyridinium_cation",,,,,,,N1([CH]C(=C(C=C1)C)C)CCCC
"1-butyl-3,5-dimethyl-pyridinium_cation",,,,,,,[CH]1C(=CC(=CN1CCCC)C)C
1-butyl-3-ethyl-pyridinium_cation,,,,,,,[CH]1C(=CC=CN1CCCC)CC
1-butyl-3-ethylimidazolium_cation,,,,,,,C1=CN([CH]N1CC)CCCC
"1-butyl-3-methyl-1,2,3-triazolium_cation",,,,,,,N1([N]N(C=C1)CCCC)C
"1-butyl-3-methyl-4-decyl-1,2,3-triazolium_cation",,,,,,,N1([N]N(C(=C1)CCCCCCCCCC)C)CCCC
1-butyl-3-methyl-imidazolium_cation,,,,,,,[CH]1N(C=CN1CCCC)C
1-butyl-3-methyl-pyridinium_cation,,,,,,,C1(=CN([CH]C=C1)CCCC)C
1-butyl-3-[(butylamino)carbonyl]pyridinium_cation,,,,,,,N1([CH]C(=CC=C1)C(=O)NCCCC)CCCC
1-butyl-4-(dimethylamino)-pyridinium_cation,,,,,,,C1(=C[CH]N(C=C1)CCCC)N(C)C
1-butyl-imidazolium_cation,,,,,,,[CH]1NC=CN1CCCC
1-butyl-nicotinic-acid-butylester_cation,,,,,,,C1(=CN([CH]C=C1)CCCC)C(=O)OCCCC
1-butyl-pyridinium_cation,,,,,,,C1=CN([CH]C=C1)CCCC
1-butylamine,,,,,,,C(CCC)N
1-butylamine_cation,,,,,,,C(CCC)[NH3]
1-butylaziridine,,,,,,,CCCCN1CC1
1-butylbenzotriazole,,,,,,,n1nc2c(n1CCCC)cccc2
1-butyldihydroxyborane,1-BUTYLDIHYDROXYBORANE,BP-TZVP,004426-47-5,101.94,C4H11BO2,,B(O)(O)CCCC
1-butylimidazole,,,,,,,n1(ccnc1)CCCC
1-butylquinolinium_cation,,,,,,,N1([C]2C(=CC=C1)C=CC=C2)CCCC
"1-chloro-1,1,2,2,3,3,3-heptafluoropropane",,,,,,,ClC(F)(F)C(F)(F)C(F)(F)F
"1-chloro-1,1,2,2,3,3,4,4-octafluorobutane",,,,,,,C(C(C(C(F)(F)Cl)(F)F)(F)F)(F)F
"1-chloro-1,1,2,2,3,3-hexafluorobutane",,,,,,,CC(C(C(F)(F)Cl)(F)F)(F)F
"1-chloro-1,1,2,2,3,3-hexafluoropropane",,,,,,,C(C(F)(C(F)(F)Cl)F)(F)F
"1-chloro-1,1,2,2,3,4,4-heptafluorobutane",,,,,,,[C@H](C(F)F)(C(C(F)(F)Cl)(F)F)F
"1-chloro-1,1,2,2-tetrafluoro-2-(1,2,2,2-tetrafluoroethoxy)-ethane",,,,,,,[C@H](C(F)(F)F)(OC(C(F)(F)Cl)(F)F)F
"1-chloro-1,1,2,2-tetrafluoro-2-(2,2,2-trifluoroethoxy)-ethane",,,,,,,C(C(F)(F)F)OC(C(F)(F)Cl)(F)F
"1-chloro-1,1,2,2-tetrafluoro-2-(fluoromethoxy)-ethane",,,,,,,C(OC(C(F)(F)Cl)(F)F)F
"1-chloro-1,1,2,2-tetrafluoro-2-(trifluoromethoxy)-ethane",,,,,,,C(C(F)(F)Cl)(OC(F)(F)F)(F)F
"1-chloro-1,1,2,2-tetrafluoro-2-methoxy-ethane",,,,,,,COC(C(F)(F)Cl)(F)F
"1-chloro-1,1,2,2-tetrafluoro-3-methylbutane",,,,,,,CC(C)C(C(F)(F)Cl)(F)F
"1-chloro-1,1,2,2-tetrafluorobutane",,,,,,,CCC(C(F)(F)Cl)(F)F
"1-chloro-1,1,2,2-tetrafluoroethane",,,,,,,ClC(F)(F)C(F)F
"1-chloro-1,1,2,2-tetrafluoropropane",,,,,,,CC(C(F)(Cl)F)(F)F
"1-chloro-1,1,2,3,3,3-hexafluoropropane",,,,,,,ClC([C@@H](C(F)(F)F)F)(F)F
"1-chloro-1,1,2,3,3-pentafluoro-2-methylpropane",,,,,,,C[C@@](C(F)F)(C(F)(F)Cl)F
"1-chloro-1,1,2,3,3-pentafluoro-butane",,,,,,,CC([C@@H](C(F)(F)Cl)F)(F)F
"1-chloro-1,1,2,3,4,4,4-heptafluoro-2-methyl-butane",,,,,,,C[C@@]([C@@H](C(F)(F)F)F)(C(F)(F)Cl)F
"1-chloro-1,1,2,3-tetrafluoro-2-methylpropane",,,,,,,C[C@@](CF)(C(F)(F)Cl)F
"1-chloro-1,1,2,3-tetrafluoropropane",,,,,,,C([C@@H](C(F)(F)Cl)F)F
"1-chloro-1,1,2-trifluoro-2-methylpropane",,,,,,,CC(C)(C(F)(F)Cl)F
"1-chloro-1,1,2-trifluoro-butane",,,,,,,CC[C@@H](C(F)(F)Cl)F
"1-chloro-1,1,2-trifluoroethane",,,,,,,C(F)(Cl)(CF)F
"1-chloro-1,1,2-trifluoropropane",,,,,,,C[C@@H](C(F)(F)Cl)F
"1-chloro-1,1,3,3,3-pentafluoro-2-(trifluoromethyl)propane",,,,,,,C(C(F)(F)F)(C(F)(F)F)C(F)(F)Cl
"1-chloro-1,1,3,3,3-pentafluoro-2-methyl-propane",,,,,,,C[C@@H](C(F)(F)F)C(F)(F)Cl
"1-chloro-1,1,3,3,3-pentafluoropropane",,,,,,,C(C(F)(C(F)(F)Cl)F)F
"1-chloro-1,1,3,3-tetrafluoro-2-propanone",,,,,,,C(C(=O)C(F)(F)Cl)(F)F
"1-chloro-1,1,3,3-tetrafluoropropane",,,,,,,ClC(CC(F)F)(F)F
"1-chloro-1,1,3-trifluoropropane",,,,,,,C(CF)C(F)(F)Cl
"1-chloro-1,1,4,4,4-pentafluoro-butane",,,,,,,C(CC(F)(F)Cl)C(F)(F)F
"1-chloro-1,1-difluoro-2-(trifluoromethoxy)ethane",,,,,,,C(C(F)(F)Cl)OC(F)(F)F
"1-chloro-1,1-difluoro-2-methylpropane",,,,,,,CC(C)C(F)(F)Cl
"1-chloro-1,1-difluorobutane",,,,,,,CCCC(F)(F)Cl
"1-chloro-1,1-difluoroethane",,,,,,,C(F)(F)(Cl)C
"1-chloro-1,1-difluoropropane",,,,,,,ClC(CC)(F)F
"1-chloro-1,2,2,2-tetrafluoroethane",,,,,,,[C@@H](C(F)(F)F)(Cl)F
"1-chloro-1,2,2,3,3-pentafluoro-butane",,,,,,,CC(C([C@@H](F)Cl)(F)F)(F)F
"1-chloro-1,2,2,3,3-pentafluoropropane",,,,,,,Cl[C@@H](C(C(F)F)(F)F)F
"1-chloro-1,2,2,3-tetrafluoropropane",,,,,,,Cl[C@@H](C(CF)(F)F)F
"1-chloro-1,2,2-trifluoroethane-1,2-diol",,,,,,,C([C@@](O)(F)Cl)(O)(F)F
"1-chloro-1,2,2-trifluoroethane",,,,,,,[C@H](Cl)(C(F)F)F
"1-chloro-1,2,2-trifluoroethanol",,,,,,,C([C@@](O)(F)Cl)(F)F
"1-chloro-1,2,2-trifluoropropane",,,,,,,Cl[C@@H](C(C)(F)F)F
"1-chloro-1,2,3,3-tetrafluoro-2-methylpropane",,,,,,,C[C@@](C(F)F)([C@@H](F)Cl)F
"1-chloro-1,2,3,3-tetrafluoropropane",,,,,,,[C@H](C(F)F)([C@@H](F)Cl)F
"1-chloro-1,2,3-trifluoropropane",,,,,,,C([C@@H]([C@@H](F)Cl)F)F
"1-chloro-1,2-butadiene",,,,,,,ClC=C=CC
"1-chloro-1,2-difluoroethane",,,,,,,C([C@@H](F)Cl)F
"1-chloro-1,2-difluoroethanol",,,,,,,C([C@@](O)(F)Cl)F
"1-chloro-1,2-difluoropropane",,,,,,,C[C@@H]([C@@H](F)Cl)F
"1-chloro-1,3,3-trifluoro-propane",,,,,,,C(C(F)F)[C@@H](F)Cl
"1-chloro-1-(difluoromethoxy)-1,2,2,2-tetrafluoroethane",,,,,,,C(O[C@@](C(F)(F)F)(F)Cl)(F)F
"1-chloro-1-(difluoromethoxy)-1,2,2-trifluoro-ethane",,,,,,,C([C@@](OC(F)F)(F)Cl)(F)F
1-chloro-1-butene,,,,,,,C(=C\Cl)/CC
1-chloro-1-butyne,1-chloro-1-butyne,BP-TZVP,062981-74-2,88.54,C4H5Cl,,ClC#CCC
1-chloro-1-ethoxyethane,,,,,,,O([C@@H](Cl)C)CC
1-chloro-1-fluoro-2-methylprop-1-ene,,,,,,,CC(=C(F)Cl)C
1-chloro-1-fluoroethane,"ethane,1-chloro-1-fluoro-",BP-TZVP,001615-75-4,82.5,C2H4ClF,,Cl[C@@H](F)C
1-chloro-1-fluoroethanol,,,,,,,C[C@@](O)(F)Cl
1-chloro-1-fluoropentane,,,,,,,CCCC[C@@H](F)Cl
1-chloro-1-fluoropropan-1-ol,,,,,,,CC[C@@](O)(F)Cl
1-chloro-1-fluoropropane,,,,,,,CC[C@@H](F)Cl
1-chloro-1-methylsulfanylethene,,,,,,,CSC(=C)Cl
1-chloro-1-nitroethane,,,,,,,O=N(=O)[C@@H](Cl)C
1-chloro-1-nitropropane,,,,,,,CC[C@@H](Cl)N(=O)=O
1-chloro-1-pentene,1-CHLORO-1-PENTENE,BP-TZVP,021450-13-5,104.58,C5H9Cl,,CCC/C=C/Cl
1-chloro-1-propene,,,,,,,C(=C\Cl)/C
"1-chloro-1-[chloro(difluoro)methoxy]-1,2,2,2-tetrafluoroethane",,,,,,,[C@@](C(F)(F)F)(OC(F)(F)Cl)(F)Cl
"1-chloro-2,2,2-trifluoroethanol",,,,,,,[C@H](C(F)(F)F)(O)Cl
"1-chloro-2,2,2-trifluoroethyldifluoromethylether",,,,,,,FC(F)(F)[C@@H](Cl)OC(F)F
"1-chloro-2,2,3,3,3-pentafluoropropane",,,,,,,ClCC(C(F)(F)F)(F)F
"1-chloro-2,2,3-trifluoropropane",,,,,,,C(C(CF)(F)F)Cl
"1-chloro-2,2-difluoroethane",,,,,,,C(C(F)F)Cl
"1-chloro-2,2-difluoroethene",,,,,,,C(=CCl)(F)F
"1-chloro-2,2-difluoropropane",,,,,,,ClCC(F)(F)C
"1-chloro-2,2-dimethylpropane",,,,,,,C(CCl)(C)(C)C
"1-chloro-2,3,3-trifluorobutane",,,,,,,CC([C@@H](CCl)F)(F)F
"1-chloro-2,4-dimethylbenzene",,,,,,,Clc1ccc(C)cc1C
"1-chloro-2,4-dinitrobenzene",,,,,,,c1(N(=O)=O)c(Cl)ccc(N(=O)=O)c1
1-chloro-2-(1-methylethyl)benzene,,,,,,,c1(c(cccc1)Cl)C(C)C
"1-chloro-2-(chlorodifluoromethoxy)-1,1,2,2-tetrafluoro-ethane",,,,,,,C(C(F)(F)Cl)(OC(F)(F)Cl)(F)F
1-chloro-2-(chloromethyl)benzene,1-chloro-2-(chloromethyl)benzene,BP-TZVP,000611-19-8,161.03,C7H6Cl2,,c1(c(cccc1)Cl)CCl
"1-chloro-2-(difluoromethoxy)-1,1,2-trifluoro-ethane",,,,,,,[C@H](C(F)(F)Cl)(OC(F)F)F
1-chloro-2-butanol,,,,,,,ClC[C@@H](O)CC
1-chloro-2-butanone,,,,,,,ClCC(=O)CC
1-chloro-2-butene,,,,,,,C(=C\C)/CCl
1-chloro-2-ethoxybenzene,,,,,,,Clc1ccccc1OCC
1-chloro-2-ethylbenzene,,,,,,,Clc1ccccc1CC
1-chloro-2-fluoro-2-methyl-propane,,,,,,,CC(C)(CCl)F
1-chloro-2-fluoro-butane,,,,,,,CC[C@@H](CCl)F
1-chloro-2-fluoro-propane,,,,,,,C[C@@H](CCl)F
1-chloro-2-fluoroethane,1-CHLORO-2-FLUOROETHANE,BP-TZVP,000762-50-5,82.5,C2H4ClF,,ClCCF
1-chloro-2-isocyanatobenzene,,,,,,,O=C=Nc1c(cccc1)Cl
1-chloro-2-methyl-1-butene,,,,,,,Cl/C=C(\C)/CC
1-chloro-2-methyl-1-propene,,,,,,,CC(=CCl)C
1-chloro-2-methyl-2-butene,,,,,,,ClC/C(=C/C)/C
1-chloro-2-methyl-2-propanol,,,,,,,OC(CCl)(C)C
1-chloro-2-methyl-propane,,,,,,,CC(C)CCl
1-chloro-2-methylbenzene,,,,,,,c1(C)ccccc1Cl
1-chloro-2-methylbutane,,,,,,,CC[C@@H](C)CCl
1-chloro-2-methylpropan-2-amine,,,,,,,CC(C)(CCl)N
1-chloro-2-nitro-4-(trifluoromethyl)-benzene,,,,,,,c1(Cl)ccc(C(F)(F)F)cc1N(=O)=O
1-chloro-2-nitro-propane,,,,,,,ClC[C@@H](N(=O)=O)C
1-chloro-2-nitrobenzene,,,,,,,c1(N(=O)=O)c(Cl)cccc1
1-chloro-2-nitroethane,1-CHLORO-2-NITROETHANE,BP-TZVP,000625-47-8,109.51,C2H4ClNO2,,ClCCN(=O)=O
1-chloro-2-propanol,,,,,,,O[C@@H](CCl)C
"1-chloro-3,3,3-trifluoroacetone",,,,,,,C(C(=O)C(F)(F)F)Cl
"1-chloro-3,3,4,4-tetrafluoropentane",,,,,,,CC(C(CCCl)(F)F)(F)F
"1-chloro-3,3-difluoro-butane",,,,,,,CC(CCCl)(F)F
"1-chloro-3,3-dimethylbutane","1-CHLORO-3,3-DIMETHYLBUTANE",BP-TZVP,002855-08-5,120.62,C6H13Cl,,ClCCC(C)(C)C
1-chloro-3-(chloromethyl)benzene,,,,,,,c1(cccc(Cl)c1)CCl
1-chloro-3-bromopropane,,,,,,,BrCCCCl
1-chloro-3-ethoxybenzene,,,,,,,Clc1cccc(c1)OCC
1-chloro-3-ethylbenzene,,,,,,,Clc1cccc(c1)CC
1-chloro-3-fluoro-2-methylbenzene,1-chloro-3-fluoro-2-methylbenzene,BP-TZVP,000443-83-4,144.57,C7H6ClF,,Fc1c(c(ccc1)Cl)C
1-chloro-3-fluoropropane,1-chloro-3-fluoropropane,BP-TZVP,000462-38-4,96.53,C3H6ClF,,FCCCCl
1-chloro-3-methoxy-propane,,,,,,,ClCCCOC
1-chloro-3-methyl-1-butene,,,,,,,Cl/C=C/C(C)C
1-chloro-3-methyl-2-butene,,,,,,,C(=CCCl)(C)C
1-chloro-3-nitrobenzene,,,,,,,c1(N(=O)=O)cc(Cl)ccc1
1-chloro-4-(1-methylethyl)benzene,,,,,,,c1(ccc(cc1)Cl)C(C)C
1-chloro-4-(chloromethyl)benzene,1-chloro-4-(chloromethyl)benzene,BP-TZVP,000104-83-6,161.03,C7H6Cl2,,c1(ccc(cc1)Cl)CCl
1-chloro-4-(trifluoromethyl)-benzene,,,,,,,c1(C(F)(F)F)ccc(Cl)cc1
1-chloro-4-ethoxybenzene,1-chloro-4-ethoxybenzene,BP-TZVP,000622-61-7,156.61,C8H9ClO,,O(c1ccc(cc1)Cl)CC
1-chloro-4-ethylbenzene,,,,,,,Clc1ccc(CC)cc1
1-chloro-4-fluorobenzene,,,,,,,Fc1ccc(cc1)Cl
1-chloro-4-fluorobutane,,,,,,,ClCCCCF
1-chloro-4-iodobenzene,,,,,,,Clc1ccc(cc1)I
1-chloro-4-isocyanatobenzene,,,,,,,O=C=Nc1ccc(cc1)Cl
1-chloro-4-methylbenzene,,,,,,,c1cc(C)ccc1Cl
1-chloro-4-nitro-2-(trifluoromethyl)benzene,,,,,,,c1(C(F)(F)F)cc(N(=O)=O)ccc1Cl
1-chloro-4-nitrobenzene,,,,,,,c1(N(=O)=O)ccc(Cl)cc1
1-chloro-ethanethiol,,,,,,,C[C@@H](S)Cl
1-chloro-n-methylpropan-2-amine,,,,,,,C[C@@H](CCl)NC
1-chloroadamantane,,,,,,,Cl[C@]12C[C@@H]3C[C@H](C1)C[C@@H](C3)C2
1-chlorobutane,,,,,,,CCCCCl
1-chlorocyclohexene,,,,,,,ClC1=CCCCC1
1-chlorodibenzo-p-dioxin,,,,,,,Clc1c2c(Oc3c(O2)cccc3)ccc1
1-chloroheptane,,,,,,,ClCCCCCCC
1-chlorohexane,,,,,,,C(CCCCC)Cl
1-chloronaphthalene,,,,,,,c12c(Cl)cccc1cccc2
1-chloronitroethane_anion,,,,,,,C[C](Cl)N(=O)=O
1-chlorononafluorobutane,,,,,,,C(C(C(F)(F)Cl)(F)F)(C(F)(F)F)(F)F
1-chlorononane,,,,,,,ClCCCCCCCCC
1-chlorooctane,,,,,,,C(C)CCCCCCCl
1-chloropentane,,,,,,,C(CC)CCCl
1-chloroprene,1-chloroprene,BP-TZVP,000627-22-5,88.54,C4H5Cl,,Cl/C=C/C=C
1-chloropropane,,,,,,,C(C)CCl
1-chloropropyne,,,,,,,ClC#CC
1-cis-2-trans-3-trimethylcyclopentane,,,,,,,[C@H]1(C)[C@H](C)[C@@H](C)CC1
1-cyanoadamantane,,,,,,,N#C[C@]12C[C@H]3C[C@@H](C2)C[C@@H](C1)C3
1-cyclohexenylcarboxylicacid,,,,,,,C1=C(CCCC1)C(=O)O
1-cyclopentylethanone,,,,,,,C1CCC(C1)C(=O)C
1-cyclopropylethanone,,,,,,,C1(CC1)C(=O)C
1-decanamine,1-DECANAMINE,BP-TZVP,002016-57-1,157.3,C10H23N,,CCCCCCCCCCN
1-decanethiol,1-DECANETHIOL,BP-TZVP,000143-10-2,174.35,C10H22S,,CCCCCCCCCCS
1-decanol,1-DECANOL,BP-TZVP,000112-30-1,158.28,C10H22O,,OCCCCCCCCCC
"1-decanoyl-2,2,2-trimethyldiazan-2-ium-1-ide",,,,,,,CCCCCCCCCC(=O)[N][N](C)(C)C
1-decen-3-ol,,,,,,,CCCCCCC[C@@H](O)C=C
1-decene,,,,,,,C=CCCCCCCCC
1-decyl-3-ethyl-imidazolium_cation,,,,,,,N1(CC)[CH]N(C=C1)CCCCCCCCCC
1-decyl-3-methyl-imidazolium_cation,,,,,,,N1(C=CN([CH]1)CCCCCCCCCC)C
1-decylpyridinium_cation,,,,,,,N1([CH]C=CC=C1)CCCCCCCCCC
1-decyne,,,,,,,C(#C)CCCCCCCC
1-docosanol,1-docosanol,BP-TZVP,000661-19-8,326.6,C22H46O,,C(CCCCCCCCCCCO)CCCCCCCCCC
1-docosene,1-DOCOSENE,BP-TZVP,001599-67-3,308.59,C22H44,,C=CCCCCCCCCCCCCCCCCCCCC
1-dodecanamine,1-DODECANAMINE,BP-TZVP,000124-22-1,185.35,C12H27N,,CCCCCCCCCCCCN
1-dodecanethiol,1-DODECANETHIOL,BP-TZVP,000112-55-0,202.4,C12H26S,,CCCCCCCCCCCCS
1-dodecene,,,,,,,C=CCCCCCCCCCC
1-dodecyl-1-(2-hydroxyethyl)pyrrolidinium_cation,,,,,,,[N]1(CCCCCCCCCCCC)(CCCC1)CCO
1-dodecyl-3-methyl-imidazolium_cation,,,,,,,[CH]1N(C=CN1CCCCCCCCCCCC)C
1-dodecyne,,,,,,,C(#C)CCCCCCCCCC
1-eicosanol,1-EICOSANOL,BP-TZVP,000629-96-9,298.55,C20H42O,,CCCCCCCCCCCCCCCCCCCCO
1-eicosene,,,,,,,C=CCCCCCCCCCCCCCCCCCC
1-eicosyne,,,,,,,C(#C)CCCCCCCCCCCCCCCCCC
1-ethenyl-2-methoxybenzene,,,,,,,O(c1c(cccc1)C=C)C
1-ethenyl-4-(2-methylpropyl)-benzene,,,,,,,c1(C=C)ccc(CC(C)C)cc1
"1-ethoxy-1,1,2,2,2-pentafluoroethane",,,,,,,CCOC(C(F)(F)F)(F)F
"1-ethoxy-1,1,2,2,3,3,3-heptafluoro-propane",,,,,,,CCOC(C(C(F)(F)F)(F)F)(F)F
"1-ethoxy-1,1,2,2,3-pentafluoropropane",,,,,,,CCOC(C(CF)(F)F)(F)F
"1-ethoxy-1,1,2,2-tetrafluorobutane",,,,,,,CCC(C(OCC)(F)F)(F)F
"1-ethoxy-1,1,2,2-tetrafluoropropane",,,,,,,CCOC(C(C)(F)F)(F)F
"1-ethoxy-1,1,2,3,3,3-hexafluoro-2-methylpropane",,,,,,,CCOC([C@@](C)(C(F)(F)F)F)(F)F
"1-ethoxy-1,1,2,3,3,3-hexafluoropropane",,,,,,,CCOC([C@@H](C(F)(F)F)F)(F)F
"1-ethoxy-1,1,3,3,3-pentafluoro-2-(trifluoromethyl)propane",,,,,,,CCOC(C(C(F)(F)F)C(F)(F)F)(F)F
"1-ethoxy-1,1,3,3,3-pentafluoro-2-propanone",,,,,,,CCOC(C(=O)C(F)(F)F)(F)F
"1-ethoxy-1,1,3,3,3-pentafluoro-propane",,,,,,,CCOC(CC(F)(F)F)(F)F
"1-ethoxy-1,1,3-trifluoropropane",,,,,,,CCOC(CCF)(F)F
"1-ethoxy-1,1-difluoro-2-methylpropane",,,,,,,CCOC(C(C)C)(F)F
"1-ethoxy-1,1-difluorobutane",,,,,,,CCCC(OCC)(F)F
"1-ethoxy-1,1-difluoroethane",,,,,,,CCOC(C)(F)F
"1-ethoxy-1,1-difluoropropane",,,,,,,CCC(OCC)(F)F
"1-ethoxy-1,2,2,2-tetrafluoro-1-methoxyethane",,,,,,,CCO[C@@](C(F)(F)F)(OC)F
"1-ethoxy-1,2,2-trifluoroethane",,,,,,,CCO[C@@H](C(F)F)F
"1-ethoxy-1,2-difluoropropane",,,,,,,CCO[C@@H]([C@@H](C)F)F
"1-ethoxy-1,3-difluoropropane",,,,,,,CCO[C@@H](CCF)F
1-ethoxy-1-fluoroethane,,,,,,,CCO[C@@H](C)F
1-ethoxy-1-fluoropropane,,,,,,,CC[C@@H](OCC)F
"1-ethoxy-2,2,3,4,4-pentamethylphosphetane1-oxide",,,,,,,CCO[P@]1(=O)C(C)(C)[C@H](C)C1(C)C
1-ethoxy-2-fluoro-ethane,,,,,,,CCOCCF
1-ethoxy-2-fluorobenzene,,,,,,,Fc1ccccc1OCC
1-ethoxy-2-fluoropropane,,,,,,,CCOC[C@@H](C)F
1-ethoxy-2-methylbenzene,,,,,,,c1ccc(OCC)c(c1)C
1-ethoxy-2-methylpropane,,,,,,,O(CC)CC(C)C
1-ethoxy-2-propanol-acetate,1-ETHOXY-2-PROPANOL-ACETATE,BP-TZVP,054839-24-6,146.19,C7H14O3,,CCOC[C@@H](C)OC(=O)C
1-ethoxy-2-propanol,,,,,,,C[C@@H](O)COCC
1-ethoxy-3-fluoropropane,,,,,,,CCOCCCF
1-ethoxy-3-methyl-2-butene,,,,,,,CCOCC=C(C)C
1-ethoxy-3-methylbenzene,,,,,,,O(c1cccc(C)c1)CC
1-ethoxy-4-fluorobenzene,,,,,,,Fc1ccc(OCC)cc1
1-ethoxy-4-methylbenzene,,,,,,,O(c1ccc(cc1)C)CC
1-ethoxy-hexane,1-ETHOXY-HEXANE,BP-TZVP,005756-43-4,130.23,C8H18O,,CCOCCCCCC
"1-ethoxy-n,n-dimethylmethanamine",,,,,,,CCOCN(C)C
1-ethoxybutane,,,,,,,CCCCOCC
1-ethoxyheptane,,,,,,,O(CC)CCCCCCC
1-ethyl-1-methyl-pyrrolidinium_cation,,,,,,,C1[N](CCC1)(CC)C
1-ethyl-1-methylcyclohexane,,,,,,,C1CCC(C)(CC)CC1
1-ethyl-1-methylcyclopentane,,,,,,,C1CCCC1(C)CC
1-ethyl-1-methylcyclopropane,,,,,,,C1CC1(C)CC
1-ethyl-1-phenylhydrazine,,,,,,,c1ccc(N(N)CC)cc1
1-ethyl-1h-imidazole,,,,,,,n1ccn(c1)CC
1-ethyl-1h-pyrrole,,,,,,,c1ccn(c1)CC
"1-ethyl-2,3-dihydro-3-methylimidazole_cation",,,,,,,[NH]1(C=CN(C1)CC)C
"1-ethyl-2,3-dimethyl-imidazolium_cation",,,,,,,[C]1(N(C=CN1C)CC)C
"1-ethyl-2,3-dimethylbenzene",,,,,,,c1(C)c(C)c(CC)ccc1
"1-ethyl-2,4,5-trimethylbenzene",,,,,,,CCc1c(C)cc(C)c(C)c1
"1-ethyl-2,4-dimethylbenzene",,,,,,,c1(CC)c(C)cc(C)cc1
"1-ethyl-2,5-pyrrolidinedione",,,,,,,O=C1CCC(=O)N1CC
"1-ethyl-2,6-dimethylpyridinium_cation",,,,,,,N1([C](C=CC=C1C)C)CC
"1-ethyl-2-(8-heptadecenyl)-4,5-dihydro-3-(2-hydroxyethyl)-imidazolium_cation",,,,,,,N1(CC)[C](CCCCCCC/C=C/CCCCCCCC)N(CC1)CCO
1-ethyl-2-acetylpyrrole,,,,,,,CCn1cccc1C(=O)C
1-ethyl-2-isopropylbenzene,,,,,,,c1(ccccc1C(C)C)CC
1-ethyl-2-methyl-3-(phenylmethyl)imidazolium_cation,,,,,,,[C]1(N(C=CN1Cc1ccccc1)CC)C
1-ethyl-2-methyl-imidazole,,,,,,,n1c(n(cc1)CC)C
1-ethyl-2-methylpyrazolium_cation,,,,,,,N1(N(C=C[CH]1)C)CC
1-ethyl-2-methylpyrrolidine,,,,,,,[C@H]1(N(CCC1)CC)C
1-ethyl-2-methylpyrrolidine_cation,,,,,,,[C@H]1([NH](CCC1)CC)C
"1-ethyl-3,4-dimethylimidazolium_cation",,,,,,,[CH]1N(C(=CN1CC)C)C
"1-ethyl-3,5-dimethylbenzene",,,,,,,c1(CC)cc(C)cc(C)c1
1-ethyl-3-hexyl-imidazolium_cation,,,,,,,N1(CC)[CH]N(C=C1)CCCCCC
1-ethyl-3-hydroxymethyl-pyridinium_cation,,,,,,,C1=CC(=CN([CH]1)CCC)CO
1-ethyl-3-methyl-imidazolium_cation,,,,,,,[CH]1N(C=CN1CC)C
1-ethyl-3-methylpyridinium_cation,,,,,,,N1([CH]C(=CC=C1)C)CC
1-ethyl-3-piperidinol,,,,,,,O[C@H]1CN(CCC1)CC
1-ethyl-3-propylimidazolium_cation,,,,,,,C1=CN([CH]N1CCC)CC
1-ethyl-4-(1-methylethyl)benzene,,,,,,,c1cc(ccc1CC)C(C)C
1-ethyl-4-methoxybenzene,,,,,,,c1cc(ccc1OC)CC
1-ethyl-4-methylbenzene,,,,,,,c1cc(ccc1CC)C
1-ethyl-5-methylfuran,,,,,,,o1c(CC)ccc1C
1-ethyl-nicotinic-acid-ethylester_cation,,,,,,,C1=C[CH]N(C=C1C(=O)OCC)CC
1-ethyl-pyridinium_cation,,,,,,,C1=C[CH]N(C=C1)CC
1-ethylcyclohexanol,,,,,,,OC1(CCCCC1)CC
1-ethylcyclohexene,,,,,,,C1=C(CCCC1)CC
1-ethylcyclopentene,,,,,,,C1=C(CCC1)CC
1-ethylhydroxyurea,,,,,,,NC(=O)N(O)CC
1-ethylnaphthalene,,,,,,,c1(c2c(ccc1)cccc2)CC
1-ethylpiperidine,,,,,,,N1(CCCCC1)CC
1-ethylpyrrolidine,,,,,,,N1(CC)CCCC1
1-ethyltetralin,,,,,,,C1[C@@H](CC)c2ccccc2CC1
1-ethynylcyclohexanol,,,,,,,OC1(C#C)CCCCC1
1-ethynylcyclopentanol,,,,,,,C#CC1(O)CCCC1
"1-fluoro-1,1-dimethoxyethane",,,,,,,CC(OC)(OC)F
"1-fluoro-1,2-ethanediamine",,,,,,,C([C@@H](N)F)N
1-fluoro-1-(fluoromethoxy)ethane,,,,,,,C[C@@H](OCF)F
1-fluoro-1-(fluoromethoxy)ethene,,,,,,,C=C(OCF)F
1-fluoro-1-(fluoromethoxy)propane,,,,,,,CC[C@@H](OCF)F
1-fluoro-1-iodoethene,,,,,,,C=C(F)I
1-fluoro-1-methoxy-ethane,,,,,,,C[C@@H](OC)F
1-fluoro-1-methoxybutane,,,,,,,CCC[C@@H](OC)F
1-fluoro-1-methoxyethene,,,,,,,COC(=C)F
1-fluoro-1-methoxypropane,,,,,,,CC[C@@H](OC)F
"1-fluoro-1h-1,2,4-triazole",,,,,,,c1nn(cn1)F
"1-fluoro-2,2,3,3-tetramethylbutane",,,,,,,CC(C)(C)C(C)(C)CF
"1-fluoro-2,2,3-trimethylbutane",,,,,,,CC(C)C(C)(C)CF
"1-fluoro-2,2,3-trimethylpentane",,,,,,,CC[C@@H](C)C(C)(C)CF
"1-fluoro-2,2-bis(fluoromethyl)butane",,,,,,,CCC(CF)(CF)CF
"1-fluoro-2,2-dimethyl-propane",,,,,,,CC(C)(C)CF
"1-fluoro-2,2-dimethylbutane",,,,,,,CC(C)(CC)CF
"1-fluoro-2,3,3-trimethylbutane",,,,,,,C[C@@H](CF)C(C)(C)C
"1-fluoro-2,3-dimethylbutane",,,,,,,CC(C)[C@@H](C)CF
"1-fluoro-2,4-dimethylpentane",,,,,,,CC(C)C[C@@H](C)CF
1-fluoro-2-(fluoromethoxy)butane,,,,,,,CC[C@@H](CF)OCF
1-fluoro-2-(fluoromethoxy)propane,,,,,,,C[C@@H](CF)OCF
1-fluoro-2-(fluoromethoxymethoxy)ethane,,,,,,,C(CF)OCOCF
"1-fluoro-2-(fluoromethyl)-2,3-dimethylbutane",,,,,,,CC(C)C(C)(CF)CF
1-fluoro-2-(fluoromethyl)-2-methylbutane,,,,,,,CCC(C)(CF)CF
1-fluoro-2-(fluoromethyl)-3-methylbutane,,,,,,,CC(C)C(CF)CF
1-fluoro-2-(fluoromethyl)butane,,,,,,,CCC(CF)CF
1-fluoro-2-(methoxymethoxy)ethane,,,,,,,COCOCCF
1-fluoro-2-(trifluoromethoxy)-ethane,,,,,,,C(CF)OC(F)(F)F
1-fluoro-2-iodoethane,,,,,,,C(CI)F
1-fluoro-2-methoxy-2-methylpropane,,,,,,,CC(C)(CF)OC
1-fluoro-2-methoxybutane,,,,,,,CC[C@@H](CF)OC
1-fluoro-2-methoxypropane,,,,,,,C[C@@H](CF)OC
"1-fluoro-2-methyl-2-(1,1,2,2,2-pentafluoroethoxy)propane",,,,,,,CC(C)(CF)OC(C(F)(F)F)(F)F
1-fluoro-2-methyl-2-(trifluoromethoxy)propane,,,,,,,CC(C)(CF)OC(F)(F)F
1-fluoro-2-methyl-cyclopentane,,,,,,,C[C@H]1CCC[C@H]1F
1-fluoro-2-methylpropan-1-amine,,,,,,,CC(C)[C@@H](N)F
1-fluoro-2-methylpropan-1-ol,,,,,,,CC(C)[C@@H](O)F
1-fluoro-2-trifluoromethylbenzene,1-fluoro-2-trifluoromethylbenzene,BP-TZVP,000392-85-8,164.1,C7H4F4,,FC(F)(F)c1c(F)cccc1
1-fluoro-3-(trifluoromethyl)pentane,,,,,,,CC[C@@H](CCF)C(F)(F)F
1-fluoro-3-isothiocyanatobenzene,,,,,,,Fc1cccc(N=C=S)c1
"1-fluoro-3-methoxy-2,2-dimethylpropane",,,,,,,CC(C)(COC)CF
1-fluoro-3-methoxy-2-methylpropane,,,,,,,C[C@@H](COC)CF
1-fluoro-3-methoxypropane,,,,,,,COCCCF
1-fluoro-3-methylcyclopentane,,,,,,,C[C@H]1CC[C@@H](C1)F
1-fluoro-3-methylpentane,,,,,,,CC[C@@H](C)CCF
"1-fluoro-4,4-dimethylpentane",,,,,,,CC(C)(C)CCCF
1-fluoro-4-(trifluoromethyl)benzene,,,,,,,FC(F)(F)c1ccc(F)cc1
1-fluoro-4-methoxybutane,,,,,,,COCCCCF
1-fluoro-4-methylpentane,,,,,,,CC(C)CCCF
1-fluoro-5-methylhexane,,,,,,,CC(C)CCCCF
1-fluoro-ethenol,,,,,,,C=C(O)F
1-fluoro-methanamine,,,,,,,C(N)F
"1-fluoro-n,2-dimethylpropan-2-amine",,,,,,,CC(C)(CF)NC
"1-fluoro-n,3-dimethylbutan-2-amine",,,,,,,CC(C)[C@@H](CF)NC
"1-fluoro-n,n,2-trimethylpropan-1-amine",,,,,,,CC(C)[C@@H](N(C)C)F
"1-fluoro-n,n,n',n'-tetramethylmethanediamine",,,,,,,CN(C)C(N(C)C)F
"1-fluoro-n,n-bis(fluoromethyl)methanamine",,,,,,,C(N(CF)CF)F
"1-fluoro-n,n-dimethylethanamine",,,,,,,C[C@@H](N(C)C)F
1-fluoro-n-(fluoromethyl)methanamine,,,,,,,C(NCF)F
1-fluoro-n-methylpropan-2-amine,,,,,,,C[C@@H](CF)NC
1-fluoroadamantane,,,,,,,F[C@@]12C[C@H]3C[C@@H](C1)C[C@H](C3)C2
1-fluorobutan-2-amine,,,,,,,CC[C@@H](CF)N
1-fluorobutane,,,,,,,FCCCC
1-fluorodecane,,,,,,,FCCCCCCCCCC
"1-fluoroethane-1,1-diamine",,,,,,,CC(N)(N)F
1-fluoroethanethiol,,,,,,,C[C@@H](F)S
1-fluoroheptane,,,,,,,FCCCCCCC
1-fluorohexane,,,,,,,FCCCCCC
1-fluoronaphthalene,,,,,,,Fc1c2c(cccc2)ccc1
1-fluorononane,,,,,,,CCCCCCCCCF
1-fluorooctane,,,,,,,CCCCCCCCF
1-fluoropentane,,,,,,,FCCCCC
1-fluoropropan-1-amine,,,,,,,CC[C@@H](N)F
1-fluoropropane,,,,,,,FCCC
1-heptadecanol,,,,,,,CCCCCCCCCCCCCCCCCO
1-heptadecene,,,,,,,C=CCCCCCCCCCCCCCCC
1-heptanamine,1-HEPTANAMINE,BP-TZVP,000111-68-2,115.22,C7H17N,,CCCCCCCN
1-heptanethiol,,,,,,,CCCCCCCS
1-heptanol,,,,,,,CCCCCCCO
1-hepten-3-yne,1-hepten-3-yne,BP-TZVP,002384-73-8,94.15,C7H10,,C=CC#CCCC
1-hepten-4-ol,1-hepten-4-ol,BP-TZVP,003521-91-3,114.19,C7H14O,,O[C@@H](CCC)CC=C
1-heptene,,,,,,,C(C=C)CCCC
1-heptyl-3-methyl-imidazolium_cation,,,,,,,C1=CN([CH]N1CCCCCCC)C
1-heptylimidazole,,,,,,,c1ncn(c1)CCCCCCC
1-heptyne,,,,,,,C#CCCCCC
1-hexacosene,1-HEXACOSENE,BP-TZVP,018835-33-1,364.69,C26H52,,C=CCCCCCCCCCCCCCCCCCCCCCCCC
1-hexadecanol,,,,,,,CCCCCCCCCCCCCCCCO
1-hexadecene,,,,,,,C=CCCCCCCCCCCCCCC
1-hexadecyl-2-3-methyl-imidazolium_cation,,,,,,,C1=CN([C](N1CCCCCCCCCCCCCCCC)C)C
1-hexadecyl-3-(2-hydroxyethyl)-2-methyl-imidazolium_cation,,,,,,,N1(CCCCCCCCCCCCCCCC)[C](C)N(C=C1)CCO
1-hexadecyl-3-methyl-imidazolium_cation,,,,,,,C1=CN([CH]N1CCCCCCCCCCCCCCCC)C
1-hexadecylpyridinium_cation,,,,,,,N1([CH]C=CC=C1)CCCCCCCCCCCCCCCC
1-hexanesulfonate_anion,,,,,,,[O]S([O])([O])CCCCCC
1-hexanethiol,,,,,,,CCCCCCS
1-hexanol,HEXAN-1-OL,BP-TZVP,000111-27-3,102.18,C6H14O,,OCCCCCC
1-hexen-3-ol,,,,,,,O[C@@H](C=C)CCC
1-hexen-3-yne,,,,,,,C=CC#CCC
1-hexene,,,,,,,C(C=C)CCC
"1-hexyl-1,2,3,4-tetrahydronaphthalene",,,,,,,c1cccc2c1[C@@H](CCCCCC)CCC2
"1-hexyl-1,4-diaza[2.2.2]bicyclooctanium_cation",,,,,,,C1[N@]2CC[N@](C1)(CCCCCC)CC2
1-hexyl-1-methyl-pyrrolidinium_cation,,,,,,,C1CCC[N]1(CCCCCC)C
1-hexyl-1-methylpiperidinium_cation,,,,,,,C1C[N](CCC1)(C)CCCCCC
1-hexyl-2-3-methyl-imidazolium_cation,,,,,,,C1=CN([C](N1C)C)CCCCCC
"1-hexyl-3,5-dimethylpyridinium_cation",,,,,,,[CH]1N(C=C(C=C1C)C)CCCCCC
1-hexyl-3-methyl-4-(dimethylamino)pyridinium_cation,,,,,,,C1(=C[CH]N(C=C1C)CCCCCC)N(C)C
1-hexyl-3-methyl-imidazolium_cation,,,,,,,N1([CH]N(C=C1)C)CCCCCC
1-hexyl-3-methyl-pyridinium_cation,,,,,,,C1=C[CH]N(C=C1C)CCCCCC
1-hexyl-4-(dimethylamino)pyridinium_cation,,,,,,,C1=C(C=CN([CH]1)CCCCCC)N(C)C
1-hexyl-4-methyl-pyridinium_cation,,,,,,,[CH]1C=C(C=CN1CCCCCC)C
1-hexyl-pyridinium_cation,,,,,,,[CH]1C=CC=CN1CCCCCC
1-hexylimidazole,,,,,,,n1cn(cc1)CCCCCC
1-hexyloxymethyl-3-methylimidazolium_cation,,,,,,,[CH]1N(C=CN1C)COCCCCCC
1-hexylquinolinium_cation,,,,,,,C1=CC=C2C(=CC=CN2CCCCCC)[CH]1
1-hexylquinuclidinium_cation,,,,,,,C1[C@H]2CC[N@](C1)(CCCCCC)CC2
1-hexyn-3-ol,,,,,,,O[C@@H](C#C)CCC
1-hexyn-5-one,,,,,,,C#CCCC(=O)C
1-hydroxy-2-2-6-6-tetramethyl-4-piperidinol,,,,,,,CC1(C)CC(O)CC(C)(C)N1O
1-hydroxy-2-butanone,,,,,,,O=C(CO)CC
1-hydroxy-2-naphthoic_acid,,,,,,,OC(=O)c1ccc2ccccc2c1O
1-hydroxy-2-propanone,,,,,,,CC(=O)CO
1-hydroxyanthraquinone,,,,,,,c12c(cccc1C(=O)c1c(cccc1)C2=O)O
1-hydroxycyclohexanecarbonitrile,,,,,,,N#CC1(O)CCCCC1
"1-hydroxyethylidene-1,1-diphosphonicacid",,,,,,,CC(P(=O)(O)O)(P(=O)(O)O)O
1-indanol,,,,,,,c1ccc2[C@@H](O)CCc2c1
1-iodo-3-nitrobenzene,,,,,,,c1c(cc(cc1)N(=O)=O)I
1-iodo-hexane,,,,,,,ICCCCCC
1-iodoadamantane,,,,,,,I[C@@]12C[C@H]3C[C@@H](C1)C[C@H](C3)C2
1-iodobutane,,,,,,,CCCCI
1-iodopentane,,,,,,,CCCCCI
1-iodopropane,,,,,,,CCCI
1-isobutenyl-3-methylimidazolium_cation,,,,,,,C1=CN([CH]N1C=C(C)C)C
"1-isobutyryl-2,2,2-trimethyldiazan-2-ium-1-ide",,,,,,,CC(C)C(=O)[N][N](C)(C)C
1-isocyanato-2-nitrobenzene,,,,,,,O=C=Nc1c(N(=O)=O)cccc1
1-isocyanato-3-nitrobenzene,1-isocyanato-3-nitrobenzene,BP-TZVP,003320-87-4,164.12,C7H4N2O3,,O=C=Nc1cccc(N(=O)=O)c1
1-isocyanato-4-nitrobenzene,,,,,,,O=C=Nc1ccc(N(=O)=O)cc1
1-isocyanatobutane,,,,,,,CCCCN=C=O
1-isopropoxy-2-propanol,,,,,,,C[C@@H](O)COC(C)C
1-isopropyl-4-methylcyclohexane,,,,,,,C1C[C@@H](CC[C@H]1C)C(C)C
1-isoquinolinamine,,,,,,,c1ccc2ccnc(N)c2c1
1-isothiocyanato-4-methoxybenzene,,,,,,,c1cc(OC)ccc1N=C=S
1-me-1-nitroso-3-(p-fph)urea,,,,,,,C(=O)(N(N=O)C)Nc1ccc(F)cc1
1-mercapto-2-propanone,,,,,,,CC(=O)CS
1-methacryloyloxyhexyl-3-methyl-imidazolium_cation,,,,,,,C1=CN([CH]N1C)CCCCCCOC(=O)C(=C)C
"1-methoxy-1,3-butadiene","1-methoxy-1,3-butadiene",BP-TZVP,003036-66-6,84.12,C5H8O,,C=C/C=C/OC
"1-methoxy-2,2-dimethylpropane",,,,,,,CC(C)(C)COC
1-methoxy-2-(trifluoromethoxy)ethane,,,,,,,COCCOC(F)(F)F
1-methoxy-2-acetoxypropane,ACETICACID-PROPYLENEGLYCOLMETHANOATEESTER,BP-TZVP,000108-65-6,132.16,C6H12O3,,O=C(O[C@H](COC)C)C
1-methoxy-2-methyl-butane,,,,,,,O(C)C[C@@H](C)CC
1-methoxy-2-methylbenzene,,,,,,,c1cc(c(cc1)OC)C
1-methoxy-2-methylbutane,,,,,,,CC[C@@H](C)COC
1-methoxy-2-methylpropan-1-amine,,,,,,,CC(C)[C@@H](N)OC
1-methoxy-2-methylpropan-2-amine,,,,,,,CC(C)(COC)N
1-methoxy-2-nitrobenzene,,,,,,,c1(OC)c(N(=O)=O)cccc1
1-methoxy-2-propanamine,,,,,,,COC[C@@H](N)C
1-methoxy-2-propanone,,,,,,,O=C(C)COC
1-methoxy-3-methylbutane,,,,,,,O(C)CCC(C)C
1-methoxy-4-(1-propenyl)-benzene,,,,,,,C/C=C\c1ccc(OC)cc1
1-methoxy-4-(2-propenyl)benzene,,,,,,,O(c1ccc(cc1)CC=C)C
1-methoxy-4-propylbenzene,1-methoxy-4-propylbenzene,BP-TZVP,000104-45-0,150.22,C10H14O,,O(c1ccc(cc1)CCC)C
1-methoxy-4-[(1r)-1-methoxyethyl]benzene,,,,,,,c1c(ccc(c1)[C@@H](C)OC)OC
1-methoxy-4-[(1s)-1-methoxyethyl]benzene,,,,,,,c1c(ccc(c1)[C@H](C)OC)OC
"1-methoxy-9,10-anthracenedione",,,,,,,C1(=O)c2c(C(=O)c3c1cccc3)cccc2OC
1-methoxy-ethenol,,,,,,,COC(=C)O
1-methoxy-methanamine,,,,,,,COCN
1-methoxy-methanediamine,,,,,,,COC(N)N
"1-methoxy-n,n-dimethylmethanamine",,,,,,,CN(C)COC
1-methoxy-n-methylethanamine,,,,,,,C[C@@H](NC)OC
1-methoxy-n-methylmethanamine,,,,,,,CNCOC
1-methoxy-pentane,,,,,,,COCCCCC
1-methoxy2-propanol,1-METHOXY2-PROPANOL,BP-TZVP,000107-98-2,90.12,C4H10O2,,C[C@@H](O)COC
1-methoxynaphthalene,,,,,,,O(c1c2c(cccc2)ccc1)C
"1-methyl-1,2,3,6-tetrahydropyridine",,,,,,,CN1CC=CCC1
"1-methyl-1,3,4,6,7,8-hexahydro-2h-pyrimido[1,2-a]pyrimidine",,,,,,,CN1C2=NCCCN2CCC1
"1-methyl-1,3-dihydro-2h-benzimidazole-2-thione",,,,,,,Cn1c2ccccc2[nH]c1=S
"1-methyl-1,4-diazepane",,,,,,,CN1CCCNCC1
1-methyl-1-pentylpyrrolidinium_cation,,,,,,,[N]1(CCCC1)(CCCCC)C
1-methyl-1-phenylhydrazine,,,,,,,N(N)(c1ccccc1)C
1-methyl-1-propylpiperidinium_cation,,,,,,,[N]1(C)(CCCCC1)CCC
1-methyl-1-propylpyrrolidinium_cation,,,,,,,C1[N](CCC1)(CCC)C
1-methyl-1h-benzotriazole,,,,,,,Cn1c2ccccc2nn1
1-methyl-1h-indole,1-METHYLINDOLE,BP-TZVP,000603-76-9,131.18,C9H9N,,c1ccc2ccn(C)c2c1
1-methyl-1h-pyrrole-2-carboxaldehyde,,,,,,,Cn1cccc1C=O
1-methyl-1h-pyrrole,,,,,,,n1(C)cccc1
1-methyl-1h-tetrazole,,,,,,,Cn1cnnn1
1-methyl-2(1h)-pyridinone,,,,,,,Cn1c(=O)cccc1
1-methyl-2(h)-quinolinone,1-methyl-2(h)-quinolinone,BP-TZVP,000606-43-9,159.19,C10H9NO,,c1ccc2ccc(=O)n(C)c2c1
"1-methyl-2,3-cyclohexadione",,,,,,,C[C@H]1CCCC(=O)C1=O
"1-methyl-2,4-dinitrobenzene",,,,,,,c1(C)c(N(=O)=O)cc(N(=O)=O)cc1
"1-methyl-2,5-pyrrolidinedione",,,,,,,CN1C(=O)CCC1=O
1-methyl-2-(2-propenyl)benzene,1-methyl-2-(2-propenyl)benzene,BP-TZVP,001587-04-8,132.2,C10H12,,c1ccc(CC=C)c(c1)C
1-methyl-2-(3-pyridyl)pyrrole,,,,,,,Cn1cccc1c1cccnc1
1-methyl-2-(phenylmethyl)benzene,,,,,,,c1(Cc2ccccc2)c(C)cccc1
1-methyl-2-(phenylmethyl)pyrazolium_cation,,,,,,,N1([CH]C=CN1Cc1ccccc1)C
1-methyl-2-acetylpyrrole,,,,,,,Cn1cccc1C(=O)C
1-methyl-2-aminobenzimidazole,,,,,,,c12ccccc1n(c(n2)N)C
1-methyl-2-aminobenzimidazole_cation,,,,,,,c12ccccc1N([C](N2)N)C
1-methyl-2-ethylbenzene,,,,,,,c1(ccccc1C)CC
1-methyl-2-isopropylbenzene,,,,,,,c1(ccccc1C)C(C)C
1-methyl-2-piperidinethione,,,,,,,C1CCCC(=S)N1C
1-methyl-2-propylbenzene,,,,,,,c1(C)c(CCC)cccc1
1-methyl-2-propylcyclohexane,,,,,,,C1CC[C@@H](CCC)[C@@H](C1)C
1-methyl-2-propylpyrazolium_cation,,,,,,,C1=CN(N([CH]1)CCC)C
1-methyl-3-(1-methylethyl)-benzene,,,,,,,c1(C(C)C)cc(C)ccc1
1-methyl-3-(1-methylethyl)imidazolium_cation,,,,,,,N1([CH]N(C=C1)C(C)C)C
"1-methyl-3-(2,2,2-trifluoroethyl)imidazolium_cation",,,,,,,N1(C=CN([CH]1)CC(F)(F)F)C
1-methyl-3-(2-methylpropyl)imidazolium_cation,,,,,,,N1(C=CN([CH]1)CC(C)C)C
1-methyl-3-(2-oxo-2-propoxyethyl)-imidazolium_cation,,,,,,,N1(C)[CH]N(C=C1)CC(=O)OCCC
1-methyl-3-(2-phenylethyl)-imidazolium_cation,,,,,,,N1(C)[CH]N(C=C1)CCc1ccccc1
"1-methyl-3-(3,3,4,4,5,5,6,6,7,7,8,8,8-tridecafluorooctyl)-imidazolium_cation",,,,,,,C1=CN([CH]N1CCC(C(C(C(C(C(F)(F)F)(F)F)(F)F)(F)F)(F)F)(F)F)C
1-methyl-3-(3-oxobutyl)-imidazolium_cation,,,,,,,N1(C)[CH]N(C=C1)CCC(=O)C
1-methyl-3-(3-phenyl-propyl)-imidazolium_cation,,,,,,,[CH]1N(C=CN1CCCc1ccccc1)C
1-methyl-3-(methylethoxy)benzene,,,,,,,c1c(C)cc(OC(C)C)cc1
1-methyl-3-ethenylbenzene,,,,,,,C=C(C)c1cc(C)ccc1
1-methyl-3-ethylcyclopentane,,,,,,,C1C[C@@H](CC)C[C@H]1C
1-methyl-3-heptoxymethylimidazolium_cation,,,,,,,C1=CN([CH]N1C)COCCCCCCC
1-methyl-3-methoxy-4-isopropylbenzene,,,,,,,COc1cc(C)ccc1C(C)C
1-methyl-3-nonoxymethylimidazolium_cation,,,,,,,C1=CN([CH]N1COCCCCCCCCC)C
1-methyl-3-nonylimidazolium_cation,,,,,,,C1=CN([CH]N1CCCCCCCCC)C
1-methyl-3-piperidinemethanol,,,,,,,N1(C)C[C@@H](CO)CCC1
1-methyl-3-propyl-benzene,,,,,,,c1(C)cc(CCC)ccc1
1-methyl-3-propylcyclohexane,,,,,,,C1C[C@@H](C[C@@H](C1)CCC)C
1-methyl-3-vinylimidazolium_cation,,,,,,,N1([CH]N(C=C1)C=C)C
1-methyl-3-[(4-methylphenyl)methyl]-imidazolium_cation,,,,,,,N1(C)[CH]N(C=C1)Cc1ccc(cc1)C
1-methyl-3-[2-(octyloxy)-2-oxoethyl]-imidazolium_cation,,,,,,,N1(C)[CH]N(C=C1)CC(=O)OCCCCCCCC
1-methyl-3-[2-oxo-2-(pentyloxy)ethyl]-imidazolium_cation,,,,,,,N1(C)[CH]N(C=C1)CC(=O)OCCCCC
1-methyl-4(1h)-pyridinethione,,,,,,,CN1[CH]C=C([S])C=C1
1-methyl-4(1h)-pyridinone,,,,,,,c1(=O)ccn(C)cc1
1-methyl-4(1h)-quinolinone,1-methyl-4(1h)-quinolinone,BP-TZVP,000083-54-5,159.19,C10H9NO,,c1ccc2c(=O)ccn(C)c2c1
1-methyl-4-(1-methylethenyl)-cyclohexanol,,,,,,,C=C(C)[C@H]1CC[C@](O)(C)CC1
1-methyl-4-(1-methylethenyl)benzene,1-methyl-4-(1-methylethenyl)benzene,BP-TZVP,001195-32-0,132.2,C10H12,,c1(ccc(C(=C)C)cc1)C
1-methyl-4-(1-methylethenylsulfonyl)benzene,,,,,,,c1c(ccc(c1)C)S(=O)(=O)C(=C)C
"1-methyl-4-(1-methylethyl)-1,3-cyclohexadiene",,,,,,,CC(C)C1=CC=C(CC1)C
"1-methyl-4-(1-methylethyl)-1,4-cyclohexadiene",,,,,,,CC(C)C1=CCC(=CC1)C
1-methyl-4-(1-propynylsulfonyl)benzene,,,,,,,c1c(ccc(c1)C)S(=O)(=O)C#CC
1-methyl-4-(2-methyl-1-propenylsulfonyl)-benzene,,,,,,,c1c(ccc(c1)C)S(=O)(=O)C=C(C)C
1-methyl-4-(2-propynyl-sulfonyl)benzene,1-Methyl-4-(2-propynyl-sulphonyl)benzene,BP-TZVP,016192-07-7,194.25,C10H10O2S,,c1c(ccc(c1)C)S(=O)(=O)CC#C
1-methyl-4-(methylsulfonyl)-benzene,,,,,,,CS(=O)(=O)c1ccc(C)cc1
1-methyl-4-isopropylbenzene,,,,,,,c1cc(ccc1C)C(C)C
1-methyl-4-methylenecyclohexane,,,,,,,C1CC(CCC1=C)C
1-methyl-4-nitro-benzene,,,,,,,c1(C)ccc(N(=O)=O)cc1
1-methyl-4-piperidinol,,,,,,,OC1CCN(CC1)C
1-methyl-4-propylbenzene,,,,,,,c1(C)ccc(CCC)cc1
1-methyl-4-vinylcyclohexene,,,,,,,C1(=CC[C@H](C=C)CC1)C
1-methyl-5-aminotetrazole,,,,,,,n1(c(nnn1)N)C
1-methyl-5-fluorouracil,,,,,,,c1(F)c(=O)[nH]c(=O)n(c1)C
1-methyl-cyclopentanamine,,,,,,,C1CCC(C1)(N)C
1-methyl-piperazine_cation,,,,,,,C1N(CC[NH2]C1)C
1-methyl-piperidine_cation,,,,,,,C[NH]1CCCCC1
1-methyl-pyridinium_cation,,,,,,,C1=CN([CH]C=C1)C
1-methyl-pyrrolidine,,,,,,,C1CN(CC1)C
1-methyl-tetralin,,,,,,,C1[C@@H](C)c2ccccc2CC1
1-methyladamantane,,,,,,,[C@H]12C[C@@H]3C[C@](C1)(C[C@H](C2)C3)C
1-methylazepan-2-one,,,,,,,CN1CCCCCC1=O
1-methylaziridine,1-methylaziridine,BP-TZVP,001072-44-2,57.09,C3H7N,,CN1CC1
1-methylcycloheptene,,,,,,,C1(=CCCCCC1)C
1-methylcyclohexanol,,,,,,,OC1(C)CCCCC1
1-methylcyclohexene,,,,,,,C1C(=CCCC1)C
1-methylcyclopentanol,,,,,,,C1CCC(C1)(C)O
1-methylcyclopentene,,,,,,,C1(=CCCC1)C
1-methyldiadamantane,1-Methyldiadamantane,BP-TZVP,026460-76-4,202.34,C15H22,,[C@H]12C[C@H]3C[C@H]4[C@@H]2C[C@H]2C[C@@H]1[C@@](C3)([C@@H]4C2)C
1-methylethenylamine,,,,,,,CC(=C)N
1-methylhydroxyurea,,,,,,,NC(=O)N(O)C
1-methylimidazolidine-2-thione,,,,,,,CN1CCNC1=S
1-methylimidazolidine,,,,,,,CN1CCNC1
1-methylimidazol,,,,,,,n1ccn(C)c1
1-methylindene,,,,,,,C1=C[C@H](c2c1cccc2)C
1-methylindole_cation,,,,,,,c1ccc2c(c1)N([CH]C2)C
1-methylisoquinoline,1-methylisoquinoline,BP-TZVP,001721-93-3,143.19,C10H9N,,n1ccc2ccccc2c1C
1-methylnaphthalene,,,,,,,c1c2c(cccc2C)ccc1
1-methylpiperazine,,,,,,,N1(CCNCC1)C
1-methylpiperidin-2-one,,,,,,,CN1CCCCC1=O
1-methylpiperidin-4-one,,,,,,,CN1CCC(=O)CC1
1-methylpiperidine-1-oxide,,,,,,,C[N]1(CCCCC1)[O]
1-methylpyrazole,,,,,,,Cn1nccc1
1-methylpyrrole_cation,,,,,,,[CH]1C=CN(C1)C
1-methyltetrahydropyrimidine-2(1h)-thione,,,,,,,CN1CCCNC1=S
1-methylthio-2-propanone,,,,,,,CSCC(=O)C
1-methyluracil,,,,,,,c1cc(=O)[nH]c(=O)n1C
1-monobutyrin,1-monobutyrin,BP-TZVP,000557-25-5,162.18,C7H14O4,,O=C(OC[C@@H](O)CO)CCC
"1-n'-methylethane-1,1-diamine",,,,,,,C[C@@H](N)NC
"1-n'-methylpropane-1,1-diamine",,,,,,,CC[C@@H](N)NC
"1-n,1-n',1-n'-trimethylethane-1,1-diamine",,,,,,,C[C@@H](NC)N(C)C
"1-n,1-n'-dimethylpropane-1,1-diamine",,,,,,,CCC(NC)NC
1-n-butylnaphthalene,,,,,,,c1(CCCC)cccc2ccccc12
1-n-decylnaphthalene,,,,,,,c1(CCCCCCCCCC)cccc2ccccc12
1-n-hexylnaphthalene,,,,,,,c1(CCCCCC)cccc2ccccc12
1-n-nonylnaphthalene,,,,,,,c1(CCCCCCCCC)cccc2ccccc12
1-n-propylnaphthalene,,,,,,,c1cccc2c1c(CCC)ccc2
1-naphthalenecarbonitrile,1-naphthalenecarbonitrile,BP-TZVP,000086-53-3,153.18,C11H7N,,N#Cc1c2c(cccc2)ccc1
1-naphthalenecarboxaldehyde,1-naphthalenecarboxaldehyde,BP-TZVP,000066-77-3,156.18,C11H8O,,O=Cc1c2c(cccc2)ccc1
1-naphthalenecarboxylicacid,,,,,,,C(=O)(O)c1c2c(ccc1)cccc2
1-naphthalenemethanol,,,,,,,c1ccc2c(c1)cc(cc2)CO
1-naphthalenesulfonicacid_anion,,,,,,,[O]S([O])([O])c1cccc2ccccc12
1-naphthalenethiol,,,,,,,Sc1c2c(cccc2)ccc1
1-naphthol,,,,,,,Oc1cccc2ccccc12
1-naphthylhydrazine,,,,,,,c1ccc2c(cccc2c1)NN
1-napthylamine,,,,,,,c1ccc2c(c1)c(ccc2)N
1-napthylamine_cation,,,,,,,c1ccc2c(c1)c(ccc2)[NH3]
1-nitro-2-cyanobenzene,,,,,,,N(=O)(=O)c1c(C#N)cccc1
1-nitro-2-nitrosobenzene,,,,,,,c1cc(c(cc1)N=O)N(=O)=O
1-nitro-3-(trifluoromethyl)-benzene,,,,,,,c1(C(F)(F)F)cc(N(=O)=O)ccc1
1-nitro-3-nitrosobenzene,,,,,,,c1(cc(ccc1)N(=O)=O)N=O
1-nitro-4-cyanobenzene,,,,,,,N#Cc1ccc(N(=O)=O)cc1
1-nitro-naphthalene,,,,,,,c1ccc2c(c1)c(ccc2)N(=O)=O
1-nitroanthraquinone,,,,,,,c12c(cccc1)C(=O)c1c(C2=O)cccc1N(=O)=O
1-nitrobutane,,,,,,,CCCCN(=O)=O
1-nitroheptane,,,,,,,O=N(=O)CCCCCCC
1-nitrohexane,,,,,,,CCCCCCN(=O)=O
1-nitropentane,,,,,,,CCCCCN(=O)=O
1-nitropropane_anion,,,,,,,[CH](CC)N(=O)=O
1-nitropropane,,,,,,,C(CC)N(=O)=O
1-nitroso-2-naphthalenol,,,,,,,N(=C\1/c2c(C=CC1=O)cccc2)\O
"1-nitrotricyclo(3-3-1-1(3,7))decane",,,,,,,N(=O)(=O)[C@@]12C[C@@H]3C[C@H](C2)C[C@H](C1)C3
1-nonadecanol,1-NONADECANOL,BP-TZVP,001454-84-8,284.52,C19H40O,,CCCCCCCCCCCCCCCCCCCO
1-nonadecene,,,,,,,C=CCCCCCCCCCCCCCCCCC
1-nonanamine,1-NONANAMINE,BP-TZVP,000112-20-9,143.27,C9H21N,,CCCCCCCCCN
1-nonanethiol,1-NONANETHIOL,BP-TZVP,001455-21-6,160.32,C9H20S,,CCCCCCCCCS
1-nonanol,1-Nonanol,BP-TZVP,000143-08-8,144.26,C9H20O,,CCCCCCCCCO
1-nonen-3-one,,,,,,,C=CC(=O)CCCCCC
1-nonene,,,,,,,CCCCCCCC=C
1-nonyne,,,,,,,C#CCCCCCCC
1-norbornylisocyanide,,,,,,,C1C[C@@H]2C[C@]1(CC2)C#N
1-octacosene,1-OCTACOSENE,BP-TZVP,018835-34-2,392.75,C28H56,,C=CCCCCCCCCCCCCCCCCCCCCCCCCCC
1-octadecene,,,,,,,C=CCCCCCCCCCCCCCCCC
1-octadecyl-3-methyl-imidazolium_cation,,,,,,,C1=CN([CH]N1C)CCCCCCCCCCCCCCCCCC
1-octanamine,1-OCTANAMINE,BP-TZVP,000111-86-4,129.24,C8H19N,,CCCCCCCCN
1-octanethiol,1-OCTANETHIOL,BP-TZVP,000111-88-6,146.29,C8H18S,,CCCCCCCCS
1-octanol,OCTANOL,BP-TZVP,000111-87-5,130.23,C8H18O,,CCCCCCCCO
1-octen-3-ol,,,,,,,CCCCC[C@@H](O)C=C
1-octen-3-one,,,,,,,CCCCCC(=O)C=C
1-octyl-1-methyl-pyrrolidinium_cation,,,,,,,[N]1(CCCC1)(CCCCCCCC)C
1-octyl-3-methyl-imidazolium_cation,,,,,,,C1=CN([CH]N1C)CCCCCCCC
1-octyl-pyridinium_cation,,,,,,,N1([CH]C=CC=C1)CCCCCCCC
1-octylimidazole,,,,,,,c1cncn1CCCCCCCC
1-octylquinolinium_cation,,,,,,,N1(CCCCCCCC)[C]2C(=CC=C1)C=CC=C2
1-octylquinuclidinium_cation,,,,,,,C1[C@H]2CC[N@](C1)(CCCCCCCC)CC2
1-pentadecanol,1-PENTADECANOL,BP-TZVP,000629-76-5,228.42,C15H32O,,CCCCCCCCCCCCCCCO
1-pentadecene,,,,,,,C=CCCCCCCCCCCCCC
1-pentadecyne,,,,,,,C(#C)CCCCCCCCCCCCC
1-pentanethiol,,,,,,,CCCCCS
1-pentanimine,,,,,,,CCCCC=N
1-pentanol,,,,,,,C(CC)CCO
1-penten-3-ol,,,,,,,O[C@@H](C=C)CC
1-penten-3-one,1-penten-3-one,BP-TZVP,001629-58-9,84.12,C5H8O,,O=C(C=C)CC
1-penten-3-yne,,,,,,,CC#CC=C
1-penten-4-yne,,,,,,,C#CCC=C
1-pentenylbenzene,,,,,,,c1ccc(/C=C/CCC)cc1
1-pentol,1-pentol,BP-TZVP,000105-29-3,96.13,C6H8O,,OC/C=C(/C#C)\C
1-pentyl-1-methylpiperidinium_cation,,,,,,,C1C[N](CCC1)(C)CCCCC
1-pentyl-3-methyl-imidazolium_cation,,,,,,,N1([CH]N(C=C1)C)CCCCC
1-pentylcyclopentene,,,,,,,C1=C(CCC1)CCCCC
1-pentylimidazole,,,,,,,c1n(ccn1)CCCCC
1-pentylnaphthalene,,,,,,,c1(CCCCC)cccc2ccccc12
1-pentylnitrate,,,,,,,O=N(=O)OCCCCC
1-pentylpyridinium_cation,,,,,,,C1=C[CH]N(C=C1)CCCCC
1-pentyn-3-ol,,,,,,,O[C@@H](CC)C#C
"1-ph-3,5-dime-4-nitrosopyrazole",,,,,,,n1(nc(c(c1C)[N][O])C)c1ccccc1
1-phenoxy-2-propanol,,,,,,,O(c1ccccc1)C[C@@H](O)C
1-phenoxy-2-propanone,,,,,,,O=C(C)COc1ccccc1
1-phenoxy-3-(phenylamino)-2-propanol,,,,,,,c1cc(ccc1)NC[C@H](O)COc1ccccc1
1-phenoxysilatrane,,,,,,,c1ccccc1O[Si]123OCC[N]1(CCO2)CCO3
"1-phenyl-1,2-ethanediol","1-phenyl-1,2-ethanediol",BP-TZVP,000093-56-1,138.16,C8H10O2,,O[C@@H](c1ccccc1)CO
"1-phenyl-1,2-propanedione",,,,,,,O=C(c1ccccc1)C(=O)C
"1-phenyl-1,3-butanedione",,,,,,,C(C(=O)c1ccccc1)C(=O)C
1-phenyl-1-butanone,,,,,,,CCCC(=O)c1ccccc1
1-phenyl-1-ethylmethanoate,,,,,,,c1cc(ccc1)[C@H](C)OC=O
1-phenyl-1-pentanone,1-phenyl-1-pentanone,BP-TZVP,001009-14-9,162.23,C11H14O,,O=C(c1ccccc1)CCCC
1-phenyl-1-penten-3-one,1-phenyl-1-penten-3-one,BP-TZVP,003152-68-9,160.21,C11H12O,,c1ccc(/C=C/C(=O)CC)cc1
1-phenyl-1h-indene,,,,,,,c1ccc2c(c1)C=C[C@H]2c1ccccc1
1-phenyl-1h-tetrazole,"1H-Tetrazole,1-phenyl-",BP-TZVP,005378-52-9,146.15,C7H6N4,,c1n(nnn1)c1ccccc1
1-phenyl-2-butanone,,,,,,,CCC(=O)Cc1ccccc1
1-phenyl-2-buten-1-one,,,,,,,O=C(c1ccccc1)/C=C/C
1-phenyl-2-propanone_anion,,,,,,,[O]/C(=C\c1ccccc1)/C
1-phenyl-2-propanone,,,,,,,O=C(Cc1ccccc1)C
1-phenyl-2-propyn-1-ol,,,,,,,c1ccc([C@@H](O)C#C)cc1
1-phenyl-3-methyl-3-pentanol,,,,,,,CC[C@@](C)(O)CCc1ccccc1
1-phenyl-3-pyrazolidinone,,,,,,,C1C(=O)NN(C1)c1ccccc1
1-phenyl-n-(1-phenylmethylene)methanamine,,,,,,,C(/N=C/c1ccccc1)c1ccccc1
1-phenyladamantane,,,,,,,C1[C@H]2C[C@@]3(C[C@H](C2)C[C@H]1C3)c1ccccc1
1-phenylcyclohexene,,,,,,,C1(=CCCCC1)c1ccccc1
1-phenylethanoneoxime,,,,,,,N(=C(\c1ccccc1)/C)/O
1-phenylethylamine,,,,,,,C[C@@H](N)c1ccccc1
1-phenylethylhydroperoxide,,,,,,,c1ccccc1[C@@H](C)OO
1-phenylnaphthalene,1-PHENYLNAPHTHALENE,BP-TZVP,000605-02-7,204.27,C16H12,,c1(c2ccccc2)cccc2ccccc12
1-phenylphosphinane-1-oxide,,,,,,,O=P1(CCCCC1)c1ccccc1
1-phenylpiperazine,,,,,,,N1(c2ccccc2)CCNCC1
1-phenylpyrrole,,,,,,,c1ccc(cc1)n1cccc1
1-phenylpyrrolidine,,,,,,,C1CCN(c2ccccc2)C1
1-piperazinecarboxylicacidethylester,,,,,,,O=C(OCC)N1CCNCC1
1-piperazineethanamine,,,,,,,C1CNCCN1CCN
1-piperazineethanol,,,,,,,C1CNCCN1CCO
1-piperidineacetonitrile,,,,,,,C1CN(CCC1)CC#N
1-piperidinecarbonitrile,,,,,,,N#CN1CCCCC1
1-piperidinecarboxaldehyde,,,,,,,O=CN1CCCCC1
1-piperidineethanol,,,,,,,OCCN1CCCCC1
1-piperidinepropanenitrile,,,,,,,N#CCCN1CCCCC1
1-propanamine_cation,,,,,,,CCC[NH3]
1-propanethiol,1-PROPANETHIOL,BP-TZVP,000107-03-9,76.16,C3H8S,,CCCS
1-propen-1-one(methylketene),1-propen-1-one(methylketene),BP-TZVP,006004-44-0,56.06,C3H4O,,CC=C=O
1-propenyl-3-decyl-imidazolium_cation,,,,,,,N1([CH]N(C=C1)CCCCCCCCCC)CC=C
1-propenyl-3-dodecyl-imidazolium_cation,,,,,,,C1=CN([CH]N1CC=C)CCCCCCCCCCCC
1-propenyl-3-methyl-imidazolium_cation,,,,,,,C1=CN([CH]N1C)CC=C
1-propenyl-3-octyl-imidazolium_cation,,,,,,,N1([CH]N(C=C1)CCCCCCCC)CC=C
1-propenyl-boronic-acid-3-decyl-imidazolium_cation,,,,,,,[CH]1N(C=CN1CCCB(O)O)CCCCCCCCCC
1-propenyl-boronic-acid-3-dodecyl-imidazolium_cation,,,,,,,N1([CH]N(C=C1)CCCCCCCCCCCC)CCCB(O)O
1-propenyl-boronic-acid-3-methyl-imidazolium_cation,,,,,,,C1=CN([CH]N1C)CCCB(O)O
1-propenyl-boronic-acid-3-octyl-imidazolium_cation,,,,,,,N1(C=CN([CH]1)CCCB(O)O)CCCCCCCC
1-propoxy-2-propanol,,,,,,,C[C@H](COCCC)O
1-propoxybutane,,,,,,,CCCCOCCC
1-propyl-2-3-methyl-imidazolium_cation,,,,,,,C1=CN([C](N1C)C)CCC
1-propyl-3-methyl-imidazolium_cation,,,,,,,C1=CN([CH]N1C)CCC
1-propylimidazole,,,,,,,c1cncn1CCC
1-propylphospholane-1-oxide,,,,,,,CCCP1(=O)CCCC1
1-propylpyridinium_cation,,,,,,,C1=C[CH]N(C=C1)CCC
1-propynylbenzene,,,,,,,c1ccc(C#CC)cc1
1-pyrrolidineethanamine,,,,,,,N1(CCCC1)CCN
1-pyrroline,,,,,,,C1C[CH][N]C1
1-tert-butoxy-2-[2-(hydroxy)propoxy]propane,,,,,,,C[C@@H](O)CO[C@@H](C)COC(C)(C)C
1-tert-butoxy-2-[2-(tert-butoxy)propoxy]propane,,,,,,,CC(C)(C)OC[C@@H](C)OC[C@@H](C)OC(C)(C)C
1-tert-butyl-2-methoxy-4-methylbenzene,,,,,,,COc1cc(C)ccc1C(C)(C)C
1-tert-butyl-pyridinium_cation,,,,,,,N1(C(C)(C)C)[CH]C=CC=C1
1-tetracontene,1-TETRACONTENE,BP-TZVP,061868-18-6,561.07,C40H80,,C=CCCCCCCCCCCCCCCCCCCCCCCCCCCCCCCCCCCCCCC
1-tetracosene,,,,,,,C=CCCCCCCCCCCCCCCCCCCCCCC
1-tetradecanamine,1-TETRADECANAMINE,BP-TZVP,002016-42-4,213.4,C14H31N,,CCCCCCCCCCCCCCN
1-tetradecanol,1-TETRADECANOL,BP-TZVP,000112-72-1,214.39,C14H30O,,CCCCCCCCCCCCCCO
1-tetradecene,,,,,,,C=CCCCCCCCCCCCC
1-tetradecyl-3-methyl-imidazolium_cation,,,,,,,C1=CN([CH]N1CCCCCCCCCCCCCC)C
1-trans-3-pentadiene,,,,,,,C=C/C=C/C
1-triacontene,,,,,,,C=CCCCCCCCCCCCCCCCCCCCCCCCCCCCC
1-tridecanol,1-TRIDECANOL,BP-TZVP,000112-70-9,200.36,C13H28O,,CCCCCCCCCCCCCO
1-tridecene,,,,,,,C=CCCCCCCCCCCC
1-triethylsilylethanamine,,,,,,,CC[Si](CC)(CC)[C@@H](C)N
1-trimethylsilylbutan-1-amine,,,,,,,CCC[C@@H](N)[Si](C)(C)C
1-undecanethiol,1-UNDECANETHIOL,BP-TZVP,005332-52-5,188.37,C11H24S,,CCCCCCCCCCCS
1-undecanol,1-UNDECANOL,BP-TZVP,000112-42-5,172.31,C11H24O,,CCCCCCCCCCCO
1-undecene,,,,,,,C=CCCCCCCCCC
1-undecyne,1-undecyne,BP-TZVP,002243-98-3,152.28,C11H20,,C(#C)CCCCCCCCC
1-vinyl-1h-imidazole,,,,,,,C=Cn1ccnc1
1-vinyl-2-pyrrolidinone,,,,,,,O=C1N(C=C)CCC1
1-vinyl-4-methoxybenzene,,,,,,,c1cc(ccc1OC)C=C
1-vinylcyclohexene,,,,,,,C1(=CCCCC1)C=C
1-[(1r)-1-ethoxyethyl]-4-methylbenzene,,,,,,,c1c(ccc(c1)[C@@H](C)OCC)C
1-[(1r)-1-isopropoxyethyl]-4-methylbenzene,,,,,,,c1c(ccc(c1)[C@@H](C)OC(C)C)C
1-[(1r)-1-methoxyethyl]-4-methylbenzene,,,,,,,c1c(ccc(c1)[C@@H](C)OC)C
"1-[(1r,6s)-2,2,6-trimethylcyclohexyl]heptan-3-ol",,,,,,,[C@H]1([C@H](CCCC1(C)C)C)CC[C@H](CCCC)O
1-[(1s)-1-ethoxyethyl]-4-methylbenzene,,,,,,,c1c(ccc(c1)[C@H](C)OCC)C
1-[(1s)-1-isopropoxyethyl]-4-methylbenzene,,,,,,,c1c(ccc(c1)[C@H](C)OC(C)C)C
1-[(1s)-1-methoxyethyl]-4-methylbenzene,,,,,,,c1c(ccc(c1)[C@H](C)OC)C
"1-[(1s,6r)-2,2,6-trimethylcyclohexyl]heptan-3-ol",,,,,,,[C@@H]1([C@@H](CCCC1(C)C)C)CC[C@@H](CCCC)O
1-[(decyloxy)methyl]-6-methylquinolinium_cation,,,,,,,N1(C=CC=C2C=C(C)C=C[C]12)COCCCCCCCCCC
1-[(decyloxy)methyl]quinolinium_cation,,,,,,,N1(C=CC=C2[CH]C=CC=C12)COCCCCCCCCCC
1-[(dodecyloxy)methyl]-6-methylquinolinium_cation,,,,,,,N1(C=CC=C2[CH]C(=CC=C12)C)COCCCCCCCCCCCC
1-[(dodecyloxy)methyl]-8-hydroxyquinolinium_cation,,,,,,,N1(C=CC=C2C=CC=C(O)[C]12)COCCCCCCCCCCCC
1-[(dodecyloxy)methyl]quinolinium_cation,,,,,,,N1(C=CC=C2C=CC=C[C]12)COCCCCCCCCCCCC
1-[(heptyloxy)methyl]-3-hydroxypyridinium_cation,,,,,,,N1([CH]C(=CC=C1)O)COCCCCCCC
1-[(hexyloxy)methyl]-3-hydroxypyridinium_cation,,,,,,,N1([CH]C(=CC=C1)O)COCCCCCC
1-[(hexyloxy)methyl]-6-methylquinolinium_cation,,,,,,,N1(C=CC=C2[CH]C(=CC=C12)C)COCCCCCC
1-[(hexyloxy)methyl]-8-hydroxyquinolinium_cation,,,,,,,N1(C=CC=C2[CH]C=CC(=C12)O)COCCCCCC
1-[(hexyloxy)methyl]quinolinium_cation,,,,,,,N1(C=CC=C2C=CC=C[C]12)COCCCCCC
1-[(octyloxy)methyl]quinolinium_cation,,,,,,,N1(C=CC=C2C=CC=C[C]12)COCCCCCCCC
"1-[1-(1,3-benzodioxol-5-yl)-2-butoxy-2-oxoethyl]-3-methyl-imidazolium_cation",,,,,,,N1(C)[CH]N(C=C1)[C@@H](C(=O)OCCCC)c1ccc2OCOc2c1
"1-[1-(1,3-benzodioxol-5-yl)-2-butoxy-2-oxoethyl]pyridinium_cation",,,,,,,N1([CH]C=CC=C1)[C@@H](C(=O)OCCCC)c1ccc2OCOc2c1
"1-[1-(1,3-benzodioxol-5yl)-2-methoxy-2-oxoethyl]-3-methyl-imidazolium_cation",,,,,,,N1(C)[CH]N(C=C1)[C@@H](C(=O)OC)c1ccc2OCOc2c1
"1-[1-(1,3-benzodioxol-5yl)-2-methoxy-2-oxoethyl]pyridinium_cation",,,,,,,N1([CH]C=CC=C1)[C@@H](C(=O)OC)c1ccc2OCOc2c1
"1-[1-(3,4-dimethoxyphenyl)-2-methoxy-2-oxoethyl]pyridinium_cation",,,,,,,N1([CH]C=CC=C1)[C@@H](C(=O)OC)c1cc(OC)c(OC)cc1
1-[2-(2-methoxyethoxy)ethyl]-3-methyl-imidazolium_cation,,,,,,,N1(C)[CH]N(C=C1)CCOCCOC
1-[2-(butylamino)-2-oxoethyl]-3-methyl-imidazolium_cation,,,,,,,N1(C)[CH]N(C=C1)CC(=O)NCCCC
1-[2-(butylmethylamino)-2-oxoethyl]-3-methyl-imidazolium_cation,,,,,,,N1(C)[CH]N(C=C1)CC(=O)N(C)CCCC
1-[2-(diethylamino)-2-oxoethyl]-3-methyl-imidazolium_cation,,,,,,,N1(C)[CH]N(C=C1)CC(=O)N(CC)CC
1-[2-(hexyloxy)-2-oxoethyl]-3-methyl-imidazolium_cation,,,,,,,N1(C)[CH]N(C=C1)CC(=O)OCCCCCC
"1-[2-[(1r,5s)-6,6-dimethylbicyclo[3.1.1]hept-2-en-2-yl]ethyl]-3-methyl-imidazolium_cation",,,,,,,N1(C)[CH]N(C=C1)CCC1=CC[C@@H]2C(C)(C)[C@H]1C2
"1-[2-[1-(1,3-benzodioxol-5-yl)-2-butoxy-2-oxoethoxy]-2-oxoethyl]pyridinium_cation",,,,,,,N1([CH]C=CC=C1)CC(=O)O[C@@H](C(=O)OCCCC)c1ccc2OCOc2c1
"1-[2-[1-(1,3-benzodioxol-5yl)-2-butoxy-2-oxoethoxy]-2-oxoethyl]-3-me-imidazolium_cation",,,,,,,N1(C)[CH]N(C=C1)CC(=O)O[C@@H](C(=O)OCCCC)c1ccc2OCOc2c1
"1-[2-[1-(1,3-benzodioxol-5yl)-2-methoxy-2-oxoethoxy]-2-oxoethyl]pyridinium_cation",,,,,,,N1([CH]C=CC=C1)CC(=O)O[C@@H](C(=O)OC)c1ccc2OCOc2c1
1-[2-[2-(2-methoxyethoxy)ethoxy]ethyl]pyridinium_cation,,,,,,,N1(CCOCCOCCOC)[CH]C=CC=C1
1-[3-(trifluoromethyl)phenyl]ethanone,,,,,,,FC(F)(F)c1cc(C(=O)C)ccc1
1-[3-(trifluoromethyl)phenyl]methanamine,,,,,,,NCc1cc(C(F)(F)F)ccc1
1-[4-(diethylamino)phenyl]ethanone,,,,,,,CCN(CC)c1ccc(C(=O)C)cc1
1-[4-(dimethylamino)phenyl]ethanone,,,,,,,CN(C)c1ccc(C(=O)C)cc1
1-[4-(methylthio)phenyl]ethanone,,,,,,,CSc1ccc(C(=O)C)cc1
1-[4-(trifluoromethyl)phenyl]ethanone,,,,,,,FC(F)(F)c1ccc(C(=O)C)cc1
"1-[difluoro(fluoromethoxy)methoxy]-1,1,2,2,2-pentafluoroethane",,,,,,,C(OC(OC(C(F)(F)F)(F)F)(F)F)F
"1-[difluoro(methoxy)methoxy]-1,1,2-trifluoroethane",,,,,,,COC(OC(CF)(F)F)(F)F
"1-[difluoro(trifluoromethoxy)methoxy]-1,1,2-trifluoroethane",,,,,,,C(C(OC(OC(F)(F)F)(F)F)(F)F)F
"1-[difluoro(trifluoromethoxy)methoxy]-1,1-difluoroethane",,,,,,,CC(OC(OC(F)(F)F)(F)F)(F)F
"10,11-dihydro-5h-tetrazolo[1,5-b][2]benzazepine",,,,,,,C1c2ccccc2Cn2nnnc2C1
10-epi-gamma-eudesmol,,,,,,,C1CC(=C2[C@@](C1)(CC[C@H](C2)C(C)(C)O)C)C
10-methylacridin-9(10h)-one,,,,,,,Cn1c2ccccc2c(=O)c2ccccc12
10-undecen-2-one,,,,,,,CC(=O)CCCCCCCC=C
10-undecenal,,,,,,,C=CCCCCCCCCC=O
10-undecenoic-acid,,,,,,,OC(=O)CCCCCCCCC=C
100724-78-5_anion,,,,,,,Cc1ccc(S(=O)(=O)[N]S(=O)(=O)c2ccc(N(=O)=O)cc2)cc1
100724-78-5,,,,,,,Cc1ccc(S(=O)(=O)NS(=O)(=O)c2ccc(N(=O)=O)cc2)cc1
107606-92-8,,,,,,,C[C@@]12CN(Cc3ccccc3)C[C@@](C)(CN(Cc3ccccc3)C1)C2=O
107606-92-8_cation,,,,,,,c1c(cccc1)CN1C[C@]2(C(=O)[C@@](C1)(C[NH](C2)Cc1ccccc1)C)C
11-dodecenoic-acid,,,,,,,OC(=O)CCCCCCCCCC=C
"11-oxabicyclo(4-4-1)undeca-1,3,5,7,9-pentaene",,,,,,,[C]12[CH]C=C[CH][C](O2)[CH]C=C[CH]1
11h-benzo(a)fluorene,,,,,,,c12c(-c3c(C1)cccc3)ccc1c2cccc1
12-hydroxyoctadecanoicacidethylester,,,,,,,CCOC(=O)CCCCCCCCCC[C@@H](O)CCCCCC
12-hydroxyoctadecanoicacidisopropylester,,,,,,,CC(OC(=O)CCCCCCCCCC[C@@H](O)CCCCCC)C
12-hydroxyoctadecanoicacidmethylester,,,,,,,COC(=O)CCCCCCCCCC[C@@H](O)CCCCCC
12-hydroxyoctadecanoicacid,,,,,,,OC(=O)CCCCCCCCCC[C@@H](O)CCCCCC
12-methyltridecanal,,,,,,,CC(C)CCCCCCCCCCC=O
124-benzthiadiz-1-o2-3-me-6-cf3,,,,,,,S1(=O)(=O)NC(=Nc2c1ccc(C(F)(F)F)c2)C
12h-benzo[c]phenothiazine,,,,,,,N1c2c(Sc3c1cccc3)ccc1c2cccc1
133213-11-3_anion,,,,,,,[NH]c1c(S(=O)(=O)F)cc(S(=O)(=O)F)cc1S(=O)(=O)F
133213-11-3,,,,,,,Nc1c(S(=O)(=O)F)cc(S(=O)(=O)F)cc1S(=O)(=O)F
"13h-dibenzo(a,i)carbazole",,,,,,,c1cc2c(cc1)c1c(cc2)c2c(c3c(cc2)cccc3)[nH]1
14789-33-4,,,,,,,CN1C[C@H]2C[C@@H](C1)CN(C)C2
14789-33-4_cation,,,,,,,CN1C[C@H]2C[C@@H](C1)C[NH](C)C2
"14h-dibenzo[a,j]phenothiazine",,,,,,,N1c2c(Sc3c1c1c(cc3)cccc1)ccc1c2cccc1
15-crown-5-ether,,,,,,,C1COCCOCCOCCOCCO1
15-methyloxacyclopentadecan-2-one,,,,,,,C1CCCCCC(=O)O[C@@H](CCCCCC1)C
153136-23-3,,,,,,,[NH][P](N1CCCC1)(N1CCCC1)N1CCCC1
153136-23-3_cation,,,,,,,N[P](N1CCCC1)(N1CCCC1)N1CCCC1
161118-34-9,,,,,,,CC[N][P](N1CCCC1)(N1CCCC1)N1CCCC1
161118-34-9_cation,,,,,,,CCN[P](N1CCCC1)(N1CCCC1)N1CCCC1
174788-87-5_anion,,,,,,,O=S(=O)([N]S(=O)(=O)C(F)(F)F)c1ccccc1
174788-87-5,,,,,,,O=S(=O)(NS(=O)(=O)C(F)(F)F)c1ccccc1
174788-89-7_anion,,,,,,,O=S(=O)([N]S(=O)(=O)C(F)(F)F)c1ccc(Cl)cc1
174788-89-7,,,,,,,O=S(=O)(NS(=O)(=O)C(F)(F)F)c1ccc(Cl)cc1
174788-91-1_anion,,,,,,,O=N(=O)c1ccc(S(=O)(=O)[N]S(=O)(=O)C(F)(F)F)cc1
174788-91-1,,,,,,,O=N(=O)c1ccc(S(=O)(=O)NS(=O)(=O)C(F)(F)F)cc1
174788-93-3_anion,,,,,,,Cc1ccc(S(=O)(=O)[N][S@@]([O])([N]S(=O)(=O)C(F)(F)F)c2ccc(Cl)cc2)cc1
174788-93-3,,,,,,,Cc1ccc(S(=O)(=O)N[S@@]([O])([N]S(=O)(=O)C(F)(F)F)c2ccc(Cl)cc2)cc1
174788-95-5_anion,,,,,,,O=S(=O)([N][S@@]([O])([N]S(=O)(=O)c1ccc(Cl)cc1)c1ccc(Cl)cc1)C(F)(F)F
174788-95-5,,,,,,,O=S(=O)([N][S@@]([O])(NS(=O)(=O)c1ccc(Cl)cc1)c1ccc(Cl)cc1)C(F)(F)F
174788-97-7_anion,,,,,,,O=N(=O)c1ccc(S(=O)(=O)[N][S@@]([O])([N]S(=O)(=O)C(F)(F)F)c2ccc(Cl)cc2)cc1
174788-97-7,,,,,,,O=N(=O)c1ccc(S(=O)(=O)N[S@@]([O])([N]S(=O)(=O)C(F)(F)F)c2ccc(Cl)cc2)cc1
17betaestradiol3tbutyldimethylsilyloxy,17BETAESTRADIOL3TBUTYLDIMETHYLSILYLOXY,BP-TZVP,057441-02-8,388.66,C24H40O2Si,,CC(C)(C)[Si](C)(C)O/C=C/C=C\1/[C@H]2CC[C@]3(C)[C@@H](O)CC[C@H]3[C@@H]2CCC1=C
18-crown-6-ether,,,,,,,C1COCCOCCOCCOCCOCCO1
187521-31-9,,,,,,,COC(=O)[C@]12CN(Cc3ccccc3)C[C@](C(=O)OC)(CN(Cc3ccccc3)C1)C2=O
187521-31-9_cation,,,,,,,C1(=O)[C@@]2(C[NH](C[C@]1(CN(C2)Cc1ccccc1)C(=O)OC)Cc1ccccc1)C(=O)OC
187521-32-0,,,,,,,COC(=O)[C@@]12CN(c3ccccc3)C[C@@](C(=O)OC)(CN(c3ccccc3)C1)C2=O
187521-32-0_cation,,,,,,,C1(=O)[C@@]2(CN(C[C@]1(C[NH](C2)c1ccccc1)C(=O)OC)c1ccccc1)C(=O)OC
18978-78-4,,,,,,,Cc1ccc2cccc(N)c2n1
18978-78-4_cation,,,,,,,N1C(=CC=C2C1=C(C=C[CH]2)N)C
"1a,2a,4a-1,2,4-trimethylcyclopentane",,,,,,,[C@H]1(C)[C@@H](C)C[C@@H](C)C1
"1a,2b,4a-1,2,4-trimethylcyclohexane",,,,,,,C1C[C@@H](C)[C@@H](C)C[C@H]1C
"1a,3a,5b-trimethylcyclohexane",,,,,,,C1[C@@H](C)C[C@@H](C)C[C@H]1C
"1e-1,3,3,3-tetrafluoropropene",,,,,,,C(=C\F)/C(F)(F)F
"1h,8h-hexadecafluorooctane",,,,,,,C(C(C(C(C(C(C(C(F)F)(F)F)(F)F)(F)F)(F)F)(F)F)(F)F)(F)F
"1h-1,2,3-triazole","2h-1,2,3-triazole",BP-TZVP,000288-36-8,69.07,C2H3N3,,[nH]1nncc1
"1h-1,2,3-triazolo[4,5-d]pyrimidine",,,,,,,[N]1N=C2[C](N1)C=NC=N2
1h-2-benzopyran-1-one,,,,,,,O=c1occc2ccccc12
1h-benzimidazol-2-amine,,,,,,,c12ccccc1[nH]c(n2)N
1h-benzimidazol-2-amine_cation,,,,,,,c12ccccc1N[C](N2)N
1h-benzimidazole,,,,,,,c1ccc2nc[nH]c2c1
1h-benzimidazole_cation,,,,,,,c1ccc2N[CH]Nc2c1
1h-benzotriazole,,,,,,,c1ccc2nn[nH]c2c1
1h-cyclopropa[b]naphthalene,,,,,,,c12c(C2)cc2c(c1)cccc2
"1h-imidazo(4,5-b)pyridine",,,,,,,[CH]1N=C2N=C[CH]C=C2N1
"1h-imidazole-4,5-dicarboxylicacid",,,,,,,O=C(O)c1[nH]cnc1C(=O)O
1h-indazol-5-amine,,,,,,,n1cc2cc(N)ccc2[nH]1
1h-indene,,,,,,,c12CC=Cc1cccc2
"1h-indole-2,3-dione",,,,,,,O=C1Nc2c(cccc2)C1=O
1h-indole-3-carboxaldehyde,,,,,,,O=Cc1c2c([nH]c1)cccc2
"1h-isoindole-1,3(2h)-dione,4-amino-",,,,,,,Nc1c2c(C(=O)NC2=O)ccc1
1h-perfluorohexane,,,,,,,C(C(C(C(C(C(F)(F)F)(F)F)(F)F)(F)F)(F)F)(F)F
1h-perfluorooctane,,,,,,,C(C(C(C(C(C(C(C(F)(F)F)(F)F)(F)F)(F)F)(F)F)(F)F)(F)F)(F)F
1h-perfluoropentane,,,,,,,C(C(C(C(C(F)(F)F)(F)F)(F)F)(F)F)(F)F
"1h-purine-2,6-diamine",,,,,,,N1=C([N]c2c([C]1N)nc[nH]2)N
"1h-pyrazolo[3,4-d]pyrimidine",,,,,,,n1[nH]c2c(c1)cncn2
1h-pyrrole-2-carboxamide,1H-PYRROLE-2-CARBOXAMIDE,BP-TZVP,004551-72-8,110.11,C5H6N2O,,[nH]1cccc1C(=O)N
1h-pyrrole-2-carboxylicacid,1H-Pyrrole-2-carboxylicacid,BP-TZVP,000634-97-9,111.1,C5H5NO2,,c1cc[nH]c1C(=O)O
1h-tetrazol-1-amine,1H-Tetrazol-1-amine,BP-TZVP,005378-49-4,85.07,CH3N5,,[nH]1c(nnn1)N
1h-tetrazole,,,,,,,n1nc[nH]n1
"1r,2r-(-)-z-methyljasmonate",,,,,,,C1C(=O)[C@@H]([C@H](C1)CC(=O)OC)C/C=C\CC
"1r,2s-(+)-z-methylepijasmonate",,,,,,,C1C(=O)[C@@H]([C@@H](C1)CC(=O)OC)C/C=C\CC
"1s,2r-(-)-z-methylepijasmonate",,,,,,,C1C(=O)[C@H]([C@H](C1)CC(=O)OC)C/C=C\CC
"1s,2s-(+)-z-methyljasmonate",,,,,,,C1C(=O)[C@H]([C@@H](C1)CC(=O)OC)C/C=C\CC
"2',3,4-trichlorobiphenyl","1,1'-Biphenyl,2',3,4-trichloro-",BP-TZVP,038444-86-9,257.54,C12H7Cl3,,c1(Cl)c(cccc1)c1cc(Cl)c(cc1)Cl
2'-aminoacetophenone,,,,,,,CC(=O)c1ccccc1N
2'-fluoro-2-hydroxy-4-methoxybenzophenone,,,,,,,c1c(c(ccc1)F)C(=O)c1ccc(cc1O)OC
2(1h)-pyridinethione,2(1H)-PYRIDINETHIONE,BP-TZVP,002637-34-5,111.17,C5H5NS,,c1cc(=S)[nH]cc1
2(1h)-pyridinonehydrazone,,,,,,,n1c(NN)cccc1
2(1h)-quinolinone,,,,,,,c12c(cccc1)[nH]c(=O)cc2
2(3h)-benzofuranone,3H-BENZOFURAN-2-ONE,BP-TZVP,000553-86-6,134.13,C8H6O2,,c12OC(=O)Cc1cccc2
2(3h)-benzothiazolethione,,,,,,,S=c1[nH]c2ccccc2s1
2(3h)-thiophenone,,,,,,,O=C1SC=CC1
2(5h)-furanone,,,,,,,O1C(=O)C=CC1
"2,1,3-benzothiadiazole","2,1,3-benzothiadiazole",BP-TZVP,000273-13-2,136.18,C6H4N2S,,c1ccc2nsnc2c1
"2,2',2''-nitrilotris-acetonitrile",,,,,,,N#CCN(CC#N)CC#N
"2,2',2''-terpyridine",,,,,,,c1(ccccn1)c1nc(ccc1)c1ncccc1
"2,2',3'-trichlorobiphenyl",,,,,,,c1c(c(c(cc1)c1ccccc1Cl)Cl)Cl
"2,2',3,3',4,4',5,5',6,6'-decafluorobiphenyl",,,,,,,c1(c(c(c(c(c1F)F)F)c1c(c(c(c(c1F)F)F)F)F)F)F
"2,2',4,4',6,6'-hexanitrostilbene",,,,,,,c1(/C=C/c2c(cc(cc2N(=O)=O)N(=O)=O)N(=O)=O)c(cc(cc1N(=O)=O)N(=O)=O)N(=O)=O
"2,2',4-pcb",,,,,,,c1(cc(ccc1c1c(cccc1)Cl)Cl)Cl
"2,2',5-pcb",,,,,,,c1(ccccc1c1c(ccc(c1)Cl)Cl)Cl
"2,2'-(butylimino)bisethanol",,,,,,,OCCN(CCCC)CCO
"2,2'-(dithiodimethylene)-difuran",,,,,,,C(SSCc1occc1)c1occc1
"2,2'-(methylimino)bis-ethanol",,,,,,,CN(CCO)CCO
"2,2'-(thiodimethylene)-difuran",,,,,,,C(SCc1occc1)c1occc1
"2,2'-azobis(2-methylpropionitrile)",,,,,,,CC(C)(/N=N/C(C)(C)C#N)C#N
"2,2'-bipyridine,1,1'-dioxide",,,,,,,c1cc[n+](c(c1)c1cccc[n+]1[O-])[O-]
"2,2'-bipyridine",,,,,,,c1(ccccn1)c1ccccn1
"2,2'-bipyrimidine",,,,,,,c1cnc(nc1)c1ncccn1
"2,2'-biquinoline",,,,,,,c1ccc2c(c1)nc(cc2)c1nc2c(cc1)cccc2
"2,2'-bithiophene","2,2'-bithiophene",BP-TZVP,000492-97-7,166.26,C8H6S2,,s1cccc1c1cccs1
"2,2'-dichlorodiethylsulfide",,,,,,,S(CCCl)CCCl
"2,2'-difluorobiphenyl",,,,,,,c1(ccccc1F)c1ccccc1F
"2,2'-dimethylbiphenyl",,,,,,,Cc1c(cccc1)c1c(C)cccc1
"2,2'-diselenobis-2-methylpropionicacid",,,,,,,O=C(C([Se][Se]C(C(=O)O)(C)C)(C)C)O
"2,2'-iminobis-acetonitrile",,,,,,,N#CCNCC#N
"2,2'-methylenebisbenzeneamine",,,,,,,c1c(c(ccc1)N)Cc1ccccc1N
"2,2'-oxybis(2,1-ethanediyloxy)bisethanol",,,,,,,C(COCCOCCOCCO)O
"2,2'-oxybis-butane",,,,,,,CC[C@H](C)O[C@H](C)CC
"2,2'-oxybisaceticacid",,,,,,,OC(=O)COCC(=O)O
"2,2'-oxybisethanethiol",,,,,,,SCCOCCS
"2,2'-pcb",,,,,,,Clc1ccccc1c1ccccc1Cl
"2,2'-selenobisaceticacid",,,,,,,O=C(O)C[Se]CC(=O)O
"2,2'-selenobispropanoicacid",,,,,,,O=C([C@@H]([Se][C@H](C(=O)O)C)C)O
"2,2'-thiobis2-methylpropane",,,,,,,CC(C)(C)SC(C)(C)C
"2,2'-thiobisaceticacid",,,,,,,O=C(O)CSCC(=O)O
"2,2'-thiobisbutane",,,,,,,S([C@@H](C)CC)[C@@H](C)CC
"2,2'-thiobisethanol",,,,,,,S(CCO)CCO
"2,2,2-tributyl-1-cyanodiazan-2-ium-1-ide",,,,,,,CN(C)/C(=N/C#N)/C
"2,2,2-trichloro-n,n-dimethylacetamide",,,,,,,ClC(Cl)(Cl)C(=O)N(C)C
"2,2,2-trichloroethanol_anion",,,,,,,C(C[O])(Cl)(Cl)Cl
"2,2,2-trichloroethanol",,,,,,,ClC(Cl)(Cl)CO
"2,2,2-trifluorethylvinylether",,,,,,,FC(F)(F)COC=C
"2,2,2-trifluoro-1-(1,1,2,2,2-pentafluoroethoxy)ethanol",,,,,,,[C@H](C(F)(F)F)(O)OC(C(F)(F)F)(F)F
"2,2,2-trifluoro-1-(1,1,2,2-tetrafluoroethoxy)ethanol",,,,,,,[C@H](C(F)(F)F)(O)OC(C(F)F)(F)F
"2,2,2-trifluoro-1-(trifluoromethoxy)ethanol",,,,,,,[C@H](C(F)(F)F)(O)OC(F)(F)F
"2,2,2-trifluoro-1-methoxyethanamine",,,,,,,CO[C@@H](C(F)(F)F)N
"2,2,2-trifluoro-acetamide_anion",,,,,,,C(=O)(C(F)(F)F)[NH]
"2,2,2-trifluoro-acetamide",,,,,,,C(=O)(C(F)(F)F)N
"2,2,2-trifluoro-n,n-bis(trifluoromethyl)acetamide",,,,,,,C(=O)(C(F)(F)F)N(C(F)(F)F)C(F)(F)F
"2,2,2-trifluoro-n,n-dimethylacetamide",,,,,,,FC(F)(F)C(=O)N(C)C
"2,2,2-trifluoro-n-(fluoromethyl)ethanamine",,,,,,,C(C(F)(F)F)NCF
"2,2,2-trifluoro-n-meethylamine",,,,,,,CNCC(F)(F)F
"2,2,2-trifluoroethanimidoylchloride",,,,,,,C(=N)(C(F)(F)F)Cl
"2,2,2-trifluoroethanimine",,,,,,,C(=N)C(F)(F)F
"2,2,2-trifluoroethanol_anion",,,,,,,FC(F)(F)C[O]
"2,2,2-trifluoroethanol","2,2,2-TRIFLUOROETHANOL",BP-TZVP,000075-89-8,100.04,C2H3F3O,,C(F)(F)(F)CO
"2,2,2-trifluoroethylamine",,,,,,,C(F)(F)(F)CN
"2,2,2-trifluoroethylmethylether",,,,,,,COCC(F)(F)F
"2,2,2-trifluoroethyltrifluoroacetate",,,,,,,C(C(F)(F)F)OC(=O)C(F)(F)F
"2,2,2-trimethyl-1-propionyldiazan-2-ium-1-ide",,,,,,,CCC(=O)[N][N](C)(C)C
"2,2,2-trimethyl-1-[4-(trifluoromethyl)benzoyl]diazan-2-ium-1-ide",,,,,,,FC(F)(F)c1ccc(cc1)C(=O)[N][N](C)(C)C
"2,2,2-trinitro-1-phenylethane","2,2,2-Trinitro-1-phenylethane",BP-TZVP,038677-56-4,241.16,C8H7N3O6,,c1cc(ccc1)CC(N(=O)=O)(N(=O)=O)N(=O)=O
"2,2,3,3,3-pentafluoro-1-trimethylsilylpropan-1-one",,,,,,,C[Si](C)(C)C(=O)C(C(F)(F)F)(F)F
"2,2,3,3,3-pentafluoro-n,n-dimethylpropan-1-amine",,,,,,,CN(C)CC(C(F)(F)F)(F)F
"2,2,3,3,3-pentafluoro-n-methylpropan-1-amine",,,,,,,CNCC(C(F)(F)F)(F)F
"2,2,3,3,3-pentafluoropropylamine",,,,,,,C(C(C(F)(F)F)(F)F)N
"2,2,3,3,4,4,4-heptafluoro-n-methyl-1-butanamine",,,,,,,CNCC(C(C(F)(F)F)(F)F)(F)F
"2,2,3,3,4,4,4-heptafluorobutylamine",,,,,,,C(C(C(C(F)(F)F)(F)F)(F)F)N
"2,2,3,3,4,4,5,5,6-nonafluoro-2,3,4,5-tetrahydro-pyridine",,,,,,,C1(=NC(C(C(C1(F)F)(F)F)(F)F)(F)F)F
"2,2,3,3,4,4,5,5-octafluoro-1,6-hexanediol",,,,,,,C(C(C(C(C(CO)(F)F)(F)F)(F)F)(F)F)O
"2,2,3,3,4,4,5,5-octafluoro-hexane",,,,,,,CC(C(C(C(C)(F)F)(F)F)(F)F)(F)F
"2,2,3,3,4,4,5-heptafluoro-5-methyloxolane",,,,,,,C[C@]1(C(C(C(O1)(F)F)(F)F)(F)F)F
"2,2,3,3,4,4,5-heptafluorohexane",,,,,,,C[C@@H](C(C(C(C)(F)F)(F)F)(F)F)F
"2,2,3,3,4,4-hexafluoro-hexane",,,,,,,CCC(C(C(C)(F)F)(F)F)(F)F
"2,2,3,3,4,4-hexafluoro-pentane",,,,,,,CC(C(C(C)(F)F)(F)F)(F)F
"2,2,3,3,4,4-hexafluorobutanal",,,,,,,C(=O)C(C(C(F)F)(F)F)(F)F
"2,2,3,3,4,4-hexafluorobutanimidoylfluoride",,,,,,,C(C(C(C(=N)F)(F)F)(F)F)(F)F
"2,2,3,3,4,5,5-heptafluoro-4-methyloxolane",,,,,,,C[C@]1(C(C(OC1(F)F)(F)F)(F)F)F
"2,2,3,3,4,5,5-heptafluorotetrahydro-4-(trifluoromethyl)-furan",,,,,,,[C@]1(C(C(OC1(F)F)(F)F)(F)F)(C(F)(F)F)F
"2,2,3,3,4-pentafluorobutanal",,,,,,,C(C(C(C=O)(F)F)(F)F)F
"2,2,3,3,5,6,6-heptafluoro-3,6-dihydro-2h-1,4-oxazine",,,,,,,C1(=NC(C(OC1(F)F)(F)F)(F)F)F
"2,2,3,3-tetraflouro-1-propanol",,,,,,,C(C(CO)(F)F)(F)F
"2,2,3,3-tetrafluoro-1-methoxybutane",,,,,,,CC(C(COC)(F)F)(F)F
"2,2,3,3-tetrafluoro-4,4-dimethylpentane",,,,,,,CC(C)(C)C(C(C)(F)F)(F)F
"2,2,3,3-tetrafluoro-hexane",,,,,,,CCCC(C(C)(F)F)(F)F
"2,2,3,3-tetrafluorobutane",,,,,,,CC(C(C)(F)F)(F)F
"2,2,3,3-tetrafluoropentane",,,,,,,CCC(C(C)(F)F)(F)F
"2,2,3,3-tetramethylbutane",,,,,,,CC(C)(C)C(C)(C)C
"2,2,3,3-tetramethylhexane",,,,,,,CC(C)(C)C(C)(C)CCC
"2,2,3,3-tetramethylpentane",,,,,,,CC(C)(C)C(C)(C)CC
"2,2,3,4,4,4-hexafluoro-3-(trifluoromethyl)butanal",,,,,,,C(=O)C(C(C(F)(F)F)(C(F)(F)F)F)(F)F
"2,2,3,4,4-pentafluoro-3-(trifluoromethyl)pentane",,,,,,,CC(C(C(C)(F)F)(C(F)(F)F)F)(F)F
"2,2,3,4,4-pentamethyl-1-propylphosphetane1-oxide",,,,,,,CCC[P@@]1(=O)C(C)(C)[C@@H](C)C1(C)C
"2,2,3,4,5,5-hexafluorohexane",,,,,,,CC([C@@H]([C@@H](C(C)(F)F)F)F)(F)F
"2,2,3,4-tetrafluoro-3-methoxypentane",,,,,,,C[C@@H]([C@@](C(C)(F)F)(OC)F)F
"2,2,3,4-tetramethylpentane",,,,,,,CC(C)(C)[C@@H](C)C(C)C
"2,2,3-trichloro-1,1,1,3-tetrafluoro-propane",,,,,,,[C@H](C(C(F)(F)F)(Cl)Cl)(F)Cl
"2,2,3-trifluoro-3-(trifluoromethoxy)butane",,,,,,,C[C@@](C(C)(F)F)(OC(F)(F)F)F
"2,2,3-trifluoro-3-methoxybutane",,,,,,,C[C@@](C(C)(F)F)(OC)F
"2,2,3-trifluoro-3-methylhexane",,,,,,,CCC[C@@](C)(C(C)(F)F)F
"2,2,3-trifluoro-3-methylpentane",,,,,,,CC[C@@](C)(C(C)(F)F)F
"2,2,3-trifluorobutane",,,,,,,C[C@@H](C(C)(F)F)F
"2,2,3-trimethyl-butane",,,,,,,CC(C)(C)C(C)C
"2,2,3-trimethylhexane",,,,,,,CC([C@@H](CCC)C)(C)C
"2,2,3-trimethylpentane",,,,,,,CC([C@@H](CC)C)(C)C
"2,2,4,4,5,5,6,6-octafluoro-1,3-dioxane",,,,,,,C1(C(OC(OC1(F)F)(F)F)(F)F)(F)F
"2,2,4,4,5,5-hexafluorodihydro-3(2h)-furanone",,,,,,,C1(=O)C(C(OC1(F)F)(F)F)(F)F
"2,2,4,4,5-pentafluoro-1,3-dioxolane",,,,,,,[C@@H]1(C(OC(O1)(F)F)(F)F)F
"2,2,4,4,5-pentafluoro-5-(trifluoromethyl)-1,3-dioxolane",,,,,,,[C@]1(C(OC(O1)(F)F)(F)F)(C(F)(F)F)F
"2,2,4,4,5-pentafluoro-5-methyl-1,3-dioxolane",,,,,,,C[C@]1(C(OC(O1)(F)F)(F)F)F
"2,2,4,4,6,6-hexafluoro-1,3-dioxan-5-one",,,,,,,C1(=O)C(OC(OC1(F)F)(F)F)(F)F
"2,2,4,4,6,6-hexamethyl-1,3,2,4,6-dioxatrisilinane",,,,,,,C[Si]1(C[Si](O[Si](O1)(C)C)(C)C)C
"2,2,4,4,6,6-hexamethylcyclotrisilazane",,,,,,,[Si]1(N[Si](N[Si](N1)(C)C)(C)C)(C)C
"2,2,4,4,6,8,8-heptamethylnonane",,,,,,,CC(C)(C)CC(C)(C)C[C@@H](C)CC(C)(C)C
"2,2,4,4-tetrafluoro-1,3-dioxolane",,,,,,,C1C(OC(O1)(F)F)(F)F
"2,2,4,4-tetrafluoro-3,3-bis(trifluoromethyl)pentane",,,,,,,CC(C(C(C)(F)F)(C(F)(F)F)C(F)(F)F)(F)F
"2,2,4,4-tetrafluoro-5-(trifluoromethyl)-1,3-dioxolane",,,,,,,[C@@H]1(C(OC(O1)(F)F)(F)F)C(F)(F)F
"2,2,4,4-tetrafluoropentan-3-one",,,,,,,CC(C(=O)C(C)(F)F)(F)F
"2,2,4,4-tetramethyl-1,3-cyclobutanedione",,,,,,,CC1(C)C(=O)C(C1=O)(C)C
"2,2,4,4-tetramethyl-3-pentanone",,,,,,,C(=O)(C(C)(C)C)C(C)(C)C
"2,2,4,4-tetramethylpentane",,,,,,,CC(C)(C)CC(C)(C)C
"2,2,4,5-tetrafluoro-4-methyl-1,3-dioxolane",,,,,,,C[C@]1([C@H](OC(O1)(F)F)F)F
"2,2,4,6,6-pentamethylheptane",,,,,,,CC(CC(CC(C)(C)C)C)(C)C
"2,2,4-trimethyl-1,3-oxacyclopentane",,,,,,,C[C@H]1COC(C)(C)O1
"2,2,4-trimethyl-1,3-pentanedioldiisobutyrate",,,,,,,CC(C)C(=O)OCC(C)(C)[C@@H](C(C)C)OC(=O)C(C)C
"2,2,4-trimethyl-1,3-pentanediol","2,2,4-TRIMETHYL-1,3-PENTANEDIOL",BP-TZVP,000144-19-4,146.23,C8H18O2,,CC([C@H](C(CO)(C)C)O)C
"2,2,4-trimethyl-2-pentene",,,,,,,CC(C=C(C)C)(C)C
"2,2,4-trimethyl-3-hydroxypentylisobutylate",,,,,,,CC(C)C(=O)OCC(C)(C)[C@@H](O)C(C)C
"2,2,4-trimethylhexane",,,,,,,CC(C[C@H](CC)C)(C)C
"2,2,4-trimethylpentane",,,,,,,CC(CC(C)C)(C)C
"2,2,5,5-tetrafluoro-1,3-dioxolan-4-one",,,,,,,C1(=O)C(OC(O1)(F)F)(F)F
"2,2,5,5-tetramethylhexane",,,,,,,CC(C)(C)CCC(C)(C)C
"2,2,5-trimethylhexane",,,,,,,CC(CCC(C)C)(C)C
"2,2,6,6-tetramethyl-4-piperidinone",,,,,,,CC1(CC(=O)CC(N1)(C)C)C
"2,2,6,6-tetramethylpiperidine",,,,,,,N1C(CCCC1(C)C)(C)C
"2,2,6-trimethylcyclohexanone","2,2,6-trimethylcyclohexanone",BP-TZVP,002408-37-9,140.22,C9H16O,,O=C1C(CCC[C@H]1C)(C)C
"2,2,6-trimethylheptane",,,,,,,CC(CCCC(C)C)(C)C
"2,2-(4-trifluoromethyltetrafluorophenyl)-acetonitrile_anion",,,,,,,Cc1c(F)c(F)c([C](C#N)c2c(F)c(F)c(C)c(F)c2F)c(F)c1F
"2,2-(4-trifluoromethyltetrafluorophenyl)-acetonitrile",,,,,,,Cc1c(F)c(F)c(C(C#N)c2c(F)c(F)c(C)c(F)c2F)c(F)c1F
"2,2-(perfluoronaphtalene)-acetonitrile_anion",,,,,,,N#C[C](c1c(F)c(F)c2c(F)c(F)c(F)c(F)c2c1F)c1c(F)c(F)c2c(F)c(F)c(F)c(F)c2c1F
"2,2-(perfluoronaphtalene)-acetonitrile",,,,,,,N#CC(c1c(F)c(F)c2c(F)c(F)c(F)c(F)c2c1F)c1c(F)c(F)c2c(F)c(F)c(F)c(F)c2c1F
"2,2-bis(difluoromethyl)-1,1,1,3,3,3-hexafluoropropane",,,,,,,C(C(C(F)F)(C(F)(F)F)C(F)(F)F)(F)F
"2,2-bis(difluoromethyl)-1,1,1,3,3-pentafluoropropane",,,,,,,C(C(C(F)F)(C(F)F)C(F)(F)F)(F)F
"2,2-bis(fluoromethyl)-1,3-difluoropropane",,,,,,,C(C(CF)(CF)CF)F
"2,2-bis(hydroxymethyl)propanoicacid",,,,,,,O=C(O)C(CO)(CO)C
"2,2-bis(nitrooxy)methyl-1,3-propanedioldinitrate",,,,,,,C(CON(=O)=O)(CON(=O)=O)(CON(=O)=O)CON(=O)=O
"2,2-bis(trifluoromethoxy)propane",,,,,,,CC(C)(OC(F)(F)F)OC(F)(F)F
"2,2-di(perfluorophenyl)-acetonitrile_anion",,,,,,,N#C[C](c1c(F)c(F)c(F)c(F)c1F)c1c(F)c(F)c(F)c(F)c1F
"2,2-di(perfluorophenyl)-acetonitrile",,,,,,,N#CC(c1c(F)c(F)c(F)c(F)c1F)c1c(F)c(F)c(F)c(F)c1F
"2,2-diaminohexafluoropropane",,,,,,,C(C(F)(F)F)(C(F)(F)F)(N)N
"2,2-dibromo-3-nitrilopropionamide",,,,,,,NC(=O)C(Br)(Br)C#N
"2,2-dichloro-1,1,1,3,3,4,4,4-octafluoro-butane",,,,,,,C(C(C(F)(F)F)(Cl)Cl)(C(F)(F)F)(F)F
"2,2-dichloro-1,1,1,3,3-pentafluoropropane",,,,,,,C(C(Cl)(C(F)(F)F)Cl)(F)F
"2,2-dichloro-1,1,1,3,4,4,4-heptafluorobutane",,,,,,,[C@H](C(C(F)(F)F)(Cl)Cl)(C(F)(F)F)F
"2,2-dichloro-1,1,1,3-tetrafluoropropane",,,,,,,ClC(C(F)(F)F)(CF)Cl
"2,2-dichloro-1,1,1,4,4,4-hexafluorobutane",,,,,,,C(C(C(F)(F)F)(Cl)Cl)C(F)(F)F
"2,2-dichloro-1,1,1-trifluoro-butane",,,,,,,CCC(C(F)(F)F)(Cl)Cl
"2,2-dichloro-1,1,2-trifluoroethanol",,,,,,,C(C(F)(Cl)Cl)(O)(F)F
"2,2-dichloro-1,1,3,3-tetrafluoropropane",,,,,,,C(C(Cl)(C(F)F)Cl)(F)F
"2,2-dichloro-1,1-difluoroethanol",,,,,,,C(C(O)(F)F)(Cl)Cl
"2,2-dichloro-1,1-difluoropropane",,,,,,,CC(C(F)F)(Cl)Cl
"2,2-dichloro-1,3,3-trifluorobutane",,,,,,,CC(C(CF)(Cl)Cl)(F)F
"2,2-dichloroacetamide",,,,,,,O=C(N)C(Cl)Cl
"2,2-dichlorobutane",,,,,,,C(CC)(Cl)(Cl)C
"2,2-dichloroethanimine",,,,,,,C(=N)C(Cl)Cl
"2,2-dichloroethanol_anion",,,,,,,[O]CC(Cl)Cl
"2,2-dichloroethanol",,,,,,,OCC(Cl)Cl
"2,2-dichloroethenyldimethylphosphate",,,,,,,O=P(OC=C(Cl)Cl)(OC)OC
"2,2-dichlorohexafluoropropane",,,,,,,C(C(F)(F)F)(C(F)(F)F)(Cl)Cl
"2,2-dichloropropane",,,,,,,C(Cl)(Cl)(C)C
"2,2-diethoxyethanamine",,,,,,,O(C(OCC)CN)CC
"2,2-diethoxyethanol",,,,,,,OCC(OCC)OCC
"2,2-diethoxypropane",,,,,,,O(C(OCC)(C)C)CC
"2,2-diethyl-1,3-propanediol",,,,,,,CCC(CC)(CO)CO
"2,2-difluoro-1-(1,1,2,2-tetrafluoroethoxy)propane",,,,,,,CC(COC(C(F)F)(F)F)(F)F
"2,2-difluoro-1-(fluoromethoxy)propane",,,,,,,CC(COCF)(F)F
"2,2-difluoro-1-methoxypropane",,,,,,,CC(COC)(F)F
"2,2-difluoro-3,3-dimethylpentane",,,,,,,CCC(C)(C)C(C)(F)F
"2,2-difluoro-3-methyl-3-(trifluoromethyl)pentane",,,,,,,CC[C@@](C)(C(C)(F)F)C(F)(F)F
"2,2-difluoro-3-methyl-butane",,,,,,,CC(C)C(C)(F)F
"2,2-difluoro-3-methyl-pentane",,,,,,,CC[C@@H](C)C(C)(F)F
"2,2-difluoro-3-methylhexane",,,,,,,CCC[C@@H](C)C(C)(F)F
"2,2-difluoro-4,4-dimethylpentane",,,,,,,CC(C)(C)CC(C)(F)F
"2,2-difluoro-4-methylpentane",,,,,,,CC(C)CC(C)(F)F
"2,2-difluoro-hexane",,,,,,,CCCCC(C)(F)F
"2,2-difluoro-n,n-dimethylethanamine",,,,,,,CN(C)CC(F)F
"2,2-difluoro-n,n-dimethylpropan-1-amine",,,,,,,CC(CN(C)C)(F)F
"2,2-difluoro-n-(trimethylsilylmethyl)ethanamine",,,,,,,C[Si](C)(C)CNCC(F)F
"2,2-difluoro-n-methyl-ethanamine",,,,,,,CNCC(F)F
"2,2-difluoro-n-methylpropan-1-amine",,,,,,,CC(CNC)(F)F
"2,2-difluoro-propanal",,,,,,,CC(C=O)(F)F
"2,2-difluorocyclopentan-1-amine",,,,,,,C1C[C@@H](C(C1)(F)F)N
"2,2-difluoroethanimidoylfluoride",,,,,,,C(C(=N)F)(F)F
"2,2-difluoroethanol",,,,,,,FC(F)CO
"2,2-difluoroethylamine",,,,,,,C(C(F)F)N
"2,2-difluoropropan-1-amine",,,,,,,CC(CN)(F)F
"2,2-difluoropropane",,,,,,,FC(F)(C)C
"2,2-difluoropropanol",,,,,,,CC(CO)(F)F
"2,2-difluorotetrachloroethane",,,,,,,C(Cl)(Cl)(Cl)C(Cl)(F)F
"2,2-dimethoxybutane",,,,,,,CCC(C)(OC)OC
"2,2-dimethoxypropane",,,,,,,O(C(OC)(C)C)C
"2,2-dimethyl-1,3-dioxane-4,6-dione",,,,,,,O=C1OC(OC(=O)C1)(C)C
"2,2-dimethyl-1,3-dioxolane","2,2-DIMETHYL-1,3-DIOXOLANE",BP-TZVP,002916-31-6,102.13,C5H10O2,,C1OC(C)(C)OC1
"2,2-dimethyl-1,3-propanedioldiacetate",,,,,,,C(C(C)(COC(=O)C)C)OC(=O)C
"2,2-dimethyl-1,3-propanediol",,,,,,,OCC(CO)(C)C
"2,2-dimethyl-1-butanol",,,,,,,CCC(C)(C)CO
"2,2-dimethyl-1-propanimine",,,,,,,CC(C)(C)C=N
"2,2-dimethyl-1-propanol",,,,,,,CC(C)(CO)C
"2,2-dimethyl-1-propylamin",,,,,,,CC(C)(C)CN
"2,2-dimethyl-3-hexanol",,,,,,,O[C@@H](CCC)C(C)(C)C
"2,2-dimethyl-3-pentanol",,,,,,,CC(C)(C)[C@@H](O)CC
"2,2-dimethyl-3-pentanone",,,,,,,O=C(CC)C(C)(C)C
"2,2-dimethyl-4-hydroxymethyl-1,3-dioxolane",,,,,,,C1(O[C@H](CO1)CO)(C)C
"2,2-dimethyl-n,n-diphenylpropanamide",,,,,,,CC(C)(C)C(=O)N(c1ccccc1)c1ccccc1
"2,2-dimethyl-oxirane",,,,,,,CC1(C)CO1
"2,2-dimethyl-propanoicacid",,,,,,,CC(C)(C)C(=O)O
"2,2-dimethyladamantane",,,,,,,[C@H]12C[C@@H]3C([C@H](C1)C[C@H](C2)C3)(C)C
"2,2-dimethylbutan-1-amine",,,,,,,CCC(C)(C)CN
"2,2-dimethylbutan-1-imine",,,,,,,CCC(C)(C)C=N
"2,2-dimethylbutanedioicacid",,,,,,,OC(=O)[C@@H](C)[C@@H](C)C(=O)O
"2,2-dimethylbutane",,,,,,,CC(CC)(C)C
"2,2-dimethylbutyricacid",,,,,,,CCC(C)(C)C(=O)O
"2,2-dimethylbutyrylchloride",,,,,,,ClC(=O)C(CC)(C)C
"2,2-dimethylcyclohexanol",,,,,,,O[C@H]1CCCCC1(C)C
"2,2-dimethylcyclohexanone","2,2-dimethylcyclohexanone",BP-TZVP,001193-47-1,126.2,C8H14O,,O=C1CCCCC1(C)C
"2,2-dimethylethylenimine","2,2-dimethylethylenimine",BP-TZVP,002658-24-4,71.12,C4H9N,,N1CC1(C)C
"2,2-dimethylglutaricacid",,,,,,,OC(=O)CCC(C)(C)C(=O)O
"2,2-dimethylheptane",,,,,,,CC(C)(C)CCCCC
"2,2-dimethylhexane",,,,,,,CC(C)(C)CCCC
"2,2-dimethyloctane",,,,,,,CC(C)(C)CCCCCC
"2,2-dimethylpentane",,,,,,,CC(C)(C)CCC
"2,2-dimethylpropanal",,,,,,,O=CC(C)(C)C
"2,2-dimethylpropanamide","2,2-dimethylpropanamide",BP-TZVP,000754-10-9,101.15,C5H11NO,,CC(C)(C(=O)N)C
"2,2-dimethylpropane-1,1-diamine",,,,,,,CC(C)(C)C(N)N
"2,2-dimethylpropanoicacidethenylester",,,,,,,CC(C)(C)C(=O)OC=C
"2,2-dimethylpropanoicacid_anion",,,,,,,CC(C)(C)C(=O)[O]
"2,2-dimethylpropiophenone",,,,,,,c1ccccc1C(=O)C(C)(C)C
"2,2-dimethylvalericacid",,,,,,,CCCC(C)(C)C(=O)O
"2,2-dinitroadamantane",,,,,,,[C@H]12C[C@H]3C[C@@H](C2)C[C@@H](C1)C3(N(=O)=O)N(=O)=O
"2,2-metaparacyclophane",,,,,,,c1c2ccc(c1)CCc1cc(CC2)ccc1
"2,2-propanediamine",,,,,,,CC(C)(N)N
"2,3'-bipyridine",,,,,,,c1ccc(nc1)c1cccnc1
"2,3,3,-trimethyl-2-butanol","2,3,3,-trimethyl-2-butanol",BP-TZVP,000594-83-2,116.2,C7H16O,,CC(O)(C)C(C)(C)C
"2,3,3,3-tetrafluoro-1-propanamine",,,,,,,C([C@@H](C(F)(F)F)F)N
"2,3,3,3-tetrafluoro-2-(fluoromethoxy)propanal",,,,,,,C(O[C@@](C=O)(C(F)(F)F)F)F
"2,3,3,3-tetrafluoro-2-(trifluoromethyl)-propanal",,,,,,,C(=O)C(C(F)(F)F)(C(F)(F)F)F
"2,3,3,3-tetrafluoro-n,n-dimethylpropan-1-amine",,,,,,,CN(C)C[C@@H](C(F)(F)F)F
"2,3,3,3-tetrafluoroprop-1-ene",,,,,,,C=C(C(F)(F)F)F
"2,3,3,3-tetrafluoropropanal",,,,,,,C(=O)[C@@H](C(F)(F)F)F
"2,3,3,4,4-pentafluorotetrahydro-furan",,,,,,,C1C(C([C@@H](O1)F)(F)F)(F)F
"2,3,3,4-tetramethylpentane",,,,,,,CC(C)C(C)(C)C(C)C
"2,3,3-trichloro-1,1,1,2-tetrafluoropropane",,,,,,,C([C@@](C(F)(F)F)(F)Cl)(Cl)Cl
"2,3,3-trifluoro-4-methylhexane",,,,,,,CC[C@@H](C)C([C@@H](C)F)(F)F
"2,3,3-trifluorobutan-2-ol",,,,,,,C[C@@](C(C)(F)F)(O)F
"2,3,3-trifluorohexane",,,,,,,CCCC([C@@H](C)F)(F)F
"2,3,3-trimethyl-1-butene",,,,,,,C=C(C)C(C)(C)C
"2,3,3-trimethyl-1-pentene",,,,,,,CC(=C)C(C)(C)CC
"2,3,3-trimethylbutan-2-amine",,,,,,,CC(C)(C)C(C)(C)N
"2,3,3-trimethylpentane",,,,,,,CC(C)C(C)(C)CC
"2,3,4,2',3',4'-pcb",,,,,,,c1(c(c(ccc1c1c(c(c(cc1)Cl)Cl)Cl)Cl)Cl)Cl
"2,3,4,2',5'-pcb",,,,,,,c1(c(c(ccc1c1c(ccc(c1)Cl)Cl)Cl)Cl)Cl
"2,3,4,5,-tetrahydropyridine",,,,,,,C1CCN=CC1
"2,3,4,5,2',3',4',5'-octahydro-bifuryl-(3,3')",,,,,,,C1C[C@@H]([C@H]2CCOC2)CO1
"2,3,4,5,6,2',5'-pcb",,,,,,,c1(c(c(c(c(c1c1c(ccc(c1)Cl)Cl)Cl)Cl)Cl)Cl)Cl
"2,3,4,5,6-pcb",,,,,,,c1ccccc1c1c(c(c(c(c1Cl)Cl)Cl)Cl)Cl
"2,3,4,5,6-pentafluoroaniline",,,,,,,c1(c(c(c(c(c1F)F)F)F)F)N
"2,3,4,5,6-pentamethylbenzenamine","2,3,4,5,6-pentamethylbenzenamine",BP-TZVP,002243-30-3,163.26,C11H17N,,c1(c(c(c(C)c(c1C)C)C)C)N
"2,3,4,5-tetrachloroaniline",,,,,,,c1(c(c(c(cc1Cl)N)Cl)Cl)Cl
"2,3,4,5-tetrachloronitrobenzene",,,,,,,c1(c(c(cc(c1Cl)Cl)N(=O)=O)Cl)Cl
"2,3,4,5-tetrachlorophenol",,,,,,,c1(cc(c(c(c1Cl)Cl)Cl)O)Cl
"2,3,4,5-tetrafluoro-1h-pyrrole",,,,,,,c1(c([nH]c(c1F)F)F)F
"2,3,4,5-tetrafluoropyridine",,,,,,,c1c(c(c(c(n1)F)F)F)F
"2,3,4,5-tetrahydroanisole",,,,,,,C1CCC=C(C1)OC
"2,3,4,5-tetramethyl-1h-pyrrole",,,,,,,[nH]1c(C)c(C)c(c1C)C
"2,3,4,5-tetramethylbenzoicacid",,,,,,,c1(c(c(cc(c1C)C)C(=O)O)C)C
"2,3,4,5-tetramethylphenol",,,,,,,Oc1c(c(c(c(C)c1)C)C)C
"2,3,4,6,7,8,9,10-octahydropyrimido[1,2-a]azepine",,,,,,,C1CCC2=NCCCN2CC1
"2,3,4,6,7,8-hexahydropyrrolo[1,2-a]pyrimidine",,,,,,,C1C[N@]2CCC[C]2[N]C1
"2,3,4,6-tetrachlorophenol_anion",,,,,,,C1=C(C(=O)[C](C(=C1Cl)Cl)Cl)Cl
"2,3,4,6-tetrachlorophenol","2,3,4,6-tetrachlorophenol",BP-TZVP,000058-90-2,231.89,C6H2Cl4O,,c1c(c(c(c(c1Cl)Cl)Cl)O)Cl
"2,3,4,6-tetrafluorotoluene",,,,,,,Cc1c(c(c(cc1F)F)F)F
"2,3,4,6-tetramethylbenzoicacid",,,,,,,c1(c(c(c(cc1C)C)C(=O)O)C)C
"2,3,4,6-tetramethylphenol",,,,,,,Oc1c(cc(c(C)c1C)C)C
"2,3,4-trichloroaniline",,,,,,,c1(c(c(c(cc1)N)Cl)Cl)Cl
"2,3,4-trichlorophenol_anion",,,,,,,C1=C[C](C(=C(C1=O)Cl)Cl)Cl
"2,3,4-trichlorophenol",,,,,,,c1cc(c(c(c1Cl)Cl)Cl)O
"2,3,4-trifluoro-5-methylfuran",,,,,,,Cc1c(c(c(o1)F)F)F
"2,3,4-trifluoropentane",,,,,,,C[C@@H]([C@H]([C@@H](C)F)F)F
"2,3,4-trimethyl-2-pentene",,,,,,,CC(=C(C)C(C)C)C
"2,3,4-trimethyl-3-pentanol","2,3,4-trimethyl-3-pentanol",BP-TZVP,003054-92-0,130.23,C8H18O,,OC(C)(C(C)C)C(C)C
"2,3,4-trimethylbenzoicacid",,,,,,,c1(c(c(ccc1C)C(=O)O)C)C
"2,3,4-trimethylhexane",,,,,,,CC[C@@H](C)[C@@H](C)C(C)C
"2,3,4-trimethylpentane",,,,,,,CC(C(C(C)C)C)C
"2,3,4-trimethylphenol","2,3,4-trimethylphenol",BP-TZVP,000526-85-2,136.19,C9H12O,,Oc1c(c(c(cc1)C)C)C
"2,3,4-trimethylpyridine",,,,,,,n1c(C)c(C)c(C)cc1
"2,3,4-trimethylthiophene",,,,,,,s1cc(C)c(c1C)C
"2,3,5,6-tetrachloro-p-benzoquinone",,,,,,,C1(=C(C(=O)C(=C(C1=O)Cl)Cl)Cl)Cl
"2,3,5,6-tetrachloroaniline",,,,,,,c1(c(c(c(c(c1)Cl)Cl)N)Cl)Cl
"2,3,5,6-tetrachloronitrobenzene",,,,,,,c1(c(c(c(c(c1)Cl)Cl)N(=O)=O)Cl)Cl
"2,3,5,6-tetrachlorophenol","2,3,5,6-tetrachlorophenol",BP-TZVP,000935-95-5,231.89,C6H2Cl4O,,c1(c(c(c(c(c1)Cl)Cl)O)Cl)Cl
"2,3,5,6-tetrafluorophenol_anion",,,,,,,[O]c1c(F)c(F)cc(F)c1F
"2,3,5,6-tetrafluorophenol",,,,,,,Oc1c(F)c(F)cc(F)c1F
"2,3,5,6-tetrafluoropyridine",,,,,,,Fc1nc(F)c(F)cc1F
"2,3,5,6-tetrafluorotoluene",,,,,,,Cc1c(c(cc(c1F)F)F)F
"2,3,5,6-tetramethyl-1,4-benzenediol",,,,,,,Cc1c(O)c(C)c(C)c(O)c1C
"2,3,5,6-tetramethylbenzoicacid",,,,,,,c1(c(c(c(c(c1)C)C)C(=O)O)C)C
"2,3,5,6-tetramethylphenol",,,,,,,Oc1c(c(cc(C)c1C)C)C
"2,3,5-trichloro-1,4-benzenediol","2,3,5-Trichloro-1,4-benzenediol",BP-TZVP,000608-94-6,213.45,C6H3Cl3O2,,c1(c(c(cc(c1O)Cl)O)Cl)Cl
"2,3,5-trichloro-2,5-cyclohexadiene-1,4-dione",,,,,,,C1(=CC(=O)C(=C(C1=O)Cl)Cl)Cl
"2,3,5-trichlorophenol",,,,,,,c1(cc(c(c(c1)Cl)Cl)O)Cl
"2,3,5-trifluorohexane",,,,,,,C[C@@H](C[C@@H]([C@@H](C)F)F)F
"2,3,5-trifluoropyridine",,,,,,,c1c(cnc(c1F)F)F
"2,3,5-trifluorotoluene",,,,,,,Cc1cc(cc(c1F)F)F
"2,3,5-trimethyl-1,4-benzenediol","2,3,5-TRIMETHYL-1,4-BENZENEDIOL",BP-TZVP,000700-13-0,152.19,C9H12O2,,c1(c(c(cc(c1C)O)C)O)C
"2,3,5-trimethylbenzoicacid",,,,,,,c1(c(c(cc(c1)C)C(=O)O)C)C
"2,3,5-trimethylhexane",,,,,,,CC(C)[C@@H](C)CC(C)C
"2,3,5-trimethylphenol",,,,,,,c1c(c(c(cc1C)O)C)C
"2,3,5-trimethylpyridine",,,,,,,n1cc(cc(c1C)C)C
"2,3,5-trimethylthiophene",,,,,,,Cc1cc(C)c(C)s1
"2,3,6,7-tetrahydro-1h,5h-pyrido[3,2,1-ij]quinoline",,,,,,,C1CN2c3c(C1)cccc3CCC2
"2,3,6-trifluorotoluene",,,,,,,Cc1c(ccc(c1F)F)F
"2,3,6-trimethylbenzoicacid",,,,,,,c1(c(c(c(cc1)C)C(=O)O)C)C
"2,3,6-trimethylheptane",,,,,,,CC(C)CC[C@@H](C)C(C)C
"2,3,6-trimethylphenol","2,3,6-trimethylphenol",BP-TZVP,002416-94-6,136.19,C9H12O,,Oc1c(ccc(C)c1C)C
"2,3,6-trimethylpyridine",,,,,,,n1c(ccc(C)c1C)C
"2,3,7,8,12,13,17,18-octaethyl-21h,23h-porphine",,,,,,,[nH]1/c/2=C\C3=N/C(=C\c4c(c(c([nH]4)/C=C\4/C(=C(C(=N4)/C=c\1/c(c2CC)CC)CC)CC)CC)CC)/C(=C3CC)CC
"2,3,7,8,12,13,17,18-octaethyl-21h,23h-porphine_cation",,,,,,,C1(=C(CC)/C/2=C/c3c(c(c(/C=C\4/C(=C(C(=N4)/C=c\4/c(c(/c(=C/C1=[NH]2)/[nH]4)CC)CC)CC)CC)[nH]3)CC)CC)CC
"2,3,7,8-tcdd","2,3,7,8-Tetrachlorodibenzo-p-Dioxin",BP-TZVP,001746-01-6,321.97,C12H4Cl4O2,,c1(c(cc2c(c1)Oc1c(O2)cc(c(c1)Cl)Cl)Cl)Cl
"2,3,7,8-tetrachlorodibenzofuran","2,3,7,8-Tetrachlorodibenzofuran",BP-TZVP,051207-31-9,305.97,C12H4Cl4O,,c1(Cl)cc2c3c(oc2cc1Cl)cc(c(c3)Cl)Cl
"2,3-5,6-dibenzoxalene",,,,,,,c12-c(cc3c(o1)cccc3)c1c(c2)cccc1
"2,3-butanediol(meso)","2,3-BUTANEDIOL(MESO)",BP-TZVP,005341-95-7,90.12,C4H10O2,,[C@H]([C@@H](O)C)(O)C
"2,3-butanediol",,,,,,,O[C@@H](C)[C@@H](C)O
"2,3-butanedionedioxime",,,,,,,C(=N\O)(/C(=N/O)/C)\C
"2,3-butanedionemonooxime",,,,,,,O=C(/C(=N\O)/C)C
"2,3-butanedithiol",,,,,,,C[C@@H](S)[C@@H](C)S
"2,3-dehydro-1,8-cineole",,,,,,,[C@]12(OC([C@@H](C=C1)CC2)(C)C)C
"2,3-di(methyl)pentane",,,,,,,CC[C@@H](C)C(C)C
"2,3-diadamant-2-yloxirane",,,,,,,C1[C@H]2C[C@H]3C[C@@H]1C[C@@H](C2)[C@H]3[C@H]1O[C@H]1[C@@H]1[C@@H]2C[C@H]3C[C@@H](C2)C[C@@H]1C3
"2,3-diaminotoluene",,,,,,,Nc1c(cccc1N)C
"2,3-diazabicyclo(2,2,1)-hept-2-ene",,,,,,,C1C[C@@H]2C[C@H]1[N][N]2
"2,3-dibenzo-15-crown-5-ether",,,,,,,O1CCOCCOc2c(OCCOc3c1cccc3)cccc2
"2,3-dichloro-1,1,1,2,3-pentafluoropropane",,,,,,,[C@H]([C@@](C(F)(F)F)(F)Cl)(F)Cl
"2,3-dichloro-1,1,1,2-tetrafluoropropane",,,,,,,Cl[C@@](C(F)(F)F)(CCl)F
"2,3-dichloro-1,1,1,3-tetrafluoropropane",,,,,,,Cl[C@@H](C(F)(F)F)[C@@H](F)Cl
"2,3-dichloro-1,1,1-trifluoro-2-methylpropane",,,,,,,C[C@@](CCl)(C(F)(F)F)Cl
"2,3-dichloro-1,1,1-trifluoropropane",,,,,,,C([C@@H](C(F)(F)F)Cl)Cl
"2,3-dichloro-1,4-dioxane","2,3-dichloro-1,4-dioxane",BP-TZVP,000095-59-0,157,C4H6Cl2O2,,O1[C@@H](Cl)[C@@H](OCC1)Cl
"2,3-dichloro-1-propanol",,,,,,,ClC[C@@H](Cl)CO
"2,3-dichloro-1-propene","2,3-DICHLORO-1-PROPENE",BP-TZVP,000078-88-6,110.97,C3H4Cl2,,C=C(Cl)CCl
"2,3-dichloro-2-methylbutane",,,,,,,Cl[C@@H](C)C(Cl)(C)C
"2,3-dichloroaniline",,,,,,,Nc1c(c(ccc1)Cl)Cl
"2,3-dichlorobiphenyl",,,,,,,Clc1c(Cl)cccc1c1ccccc1
"2,3-dichlorobuta-1,3-diene",,,,,,,C(=C)(C(=C)Cl)Cl
"2,3-dichlorobutane",,,,,,,C[C@H](Cl)[C@@H](Cl)C
"2,3-dichlorodibenzo-p-dioxin","Dibenzo[b,e][1,4]dioxin,2,3-dichloro-",BP-TZVP,029446-15-9,253.08,C12H6Cl2O2,,Clc1cc2c(cc1Cl)Oc1c(O2)cccc1
"2,3-dichlorooctafluorobutane",,,,,,,[C@@]([C@@](C(F)(F)F)(F)Cl)(C(F)(F)F)(F)Cl
"2,3-dichloropentane",,,,,,,[C@H]([C@@H](Cl)CC)(Cl)C
"2,3-dichlorophenol_anion",,,,,,,c1ccc(c(c1[O])Cl)Cl
"2,3-dichlorophenol",,,,,,,c1cc(c(c(c1)Cl)Cl)O
"2,3-dichloropropionicacid",,,,,,,OC(=O)[C@@H](Cl)CCl
"2,3-dichloropyridine","2,3-dichloropyridine",BP-TZVP,002402-77-9,147.99,C5H3Cl2N,,Clc1cccnc1Cl
"2,3-diethyl-5-methylpyrazine",,,,,,,CCc1ncc(C)nc1CC
"2,3-diethylpyrazine",,,,,,,CCc1nccnc1CC
"2,3-difluoro-5-methylfuran",,,,,,,Cc1cc(c(o1)F)F
"2,3-difluorobutan-2-ol",,,,,,,C[C@@H]([C@@](C)(O)F)F
"2,3-difluorohexane",,,,,,,CCC[C@@H]([C@@H](C)F)F
"2,3-difluoropentane",,,,,,,CC[C@@H]([C@@H](C)F)F
"2,3-difluoropropanal",,,,,,,C([C@@H](C=O)F)F
"2,3-dihydro-1,4-dioxin",,,,,,,O1C=COCC1
"2,3-dihydro-1,5-dimethyl-1h-pyrrole",,,,,,,CN1C(=CCC1)C
"2,3-dihydro-1-methyl-1h-indene",,,,,,,c12c(CC[C@@H]1C)cccc2
"2,3-dihydro-1-methyl-5-phenyl-1,4-benzodiazepine",,,,,,,CN1c2ccccc2C(=NCC1)c1ccccc1
"2,3-dihydro-1-methyl-5-phenyl-1,4-benzodiazepine_cation",,,,,,,CN1c2ccccc2[C](NCC1)c1ccccc1
"2,3-dihydro-1h-imidazo(1,2-b)pyrazole",,,,,,,C1Nc2ccnn2C1
"2,3-dihydro-1h-inden-1-one",,,,,,,O=C1c2c(cccc2)CC1
"2,3-dihydro-1h-isoindol-1-one",,,,,,,O=C1NCc2c1cccc2
"2,3-dihydro-2-methyl-1h-indene",,,,,,,c1ccc2CC(Cc2c1)C
"2,3-dihydro-2-methylbenzofuran","2,3-dihydro-2-methylbenzofuran",BP-TZVP,001746-11-8,134.18,C9H10O,,c1ccc2C[C@@H](Oc2c1)C
"2,3-dihydro-2-methylene-furan",,,,,,,C=C1CC=CO1
"2,3-dihydro-4-methyl-1h-indene",,,,,,,c1cc(C)c2CCCc2c1
"2,3-dihydro-4h-1-benzopyran-4-one","2,3-dihydro-4h-1-benzopyran-4-one",BP-TZVP,000491-37-2,148.16,C9H8O2,,c1ccc2C(=O)CCOc2c1
"2,3-dihydro-4h-1-benzothiopyran-4-one",,,,,,,S1CCC(=O)c2c1cccc2
"2,3-dihydro-5-methyl-1h-indene","1H-INDENE,2,3-DIHYDRO-5-METHYL-",BP-TZVP,000874-35-1,132.2,C10H12,,c1cc2CCCc2cc1C
"2,3-dihydrobenzofuran",,,,,,,C1Cc2ccccc2O1
"2,3-dihydrofuran",,,,,,,C1C=COC1
"2,3-dihydropyran",,,,,,,O1C=CCCC1
"2,3-dihydrothiophene-1,1-dioxide","2,3-dihydrothiophene-1,1-dioxide",BP-TZVP,001192-16-1,118.16,C4H6O2S,,C1=CS(=O)(=O)CC1
"2,3-dihydrothiophene",,,,,,,S1C=CCC1
"2,3-dihydroxybenzoicacid","2,3-dihydroxybenzoicacid",BP-TZVP,000303-38-8,154.12,C7H6O4,,OC(=O)c1cccc(O)c1O
"2,3-dihydroxybutanedioicaciddimethylester",,,,,,,O=C(OC)[C@@H]([C@H](O)C(=O)OC)O
"2,3-dihydroxybutanedioicacid",,,,,,,OC(=O)[C@@H](O)[C@@H](C(=O)O)O
"2,3-dimethoxybenzoicacid",,,,,,,c1(c(c(ccc1)C(=O)O)OC)OC
"2,3-dimethyl-1,3-butadiene",,,,,,,C=C(C)C(=C)C
"2,3-dimethyl-1,4-benzenediol",,,,,,,c1c(O)c(C)c(C)c(O)c1
"2,3-dimethyl-1-butanamine",,,,,,,CC(C)[C@@H](C)CN
"2,3-dimethyl-1-butene",,,,,,,C=C(C)C(C)C
"2,3-dimethyl-1-hexene",,,,,,,C=C(C)[C@H](C)CCC
"2,3-dimethyl-1-pentene",,,,,,,C=C(C)[C@@H](C)CC
"2,3-dimethyl-1h-indole","2,3-dimethyl-1h-indole",BP-TZVP,000091-55-4,145.2,C10H11N,,Cc1c(C)c2ccccc2[nH]1
"2,3-dimethyl-2,5-cyclohexadiene-1,4-dione",,,,,,,CC1=C(C)C(=O)C=CC1=O
"2,3-dimethyl-2-butanol",,,,,,,OC(C(C)C)(C)C
"2,3-dimethyl-2-butene",,,,,,,C(=C(C)C)(C)C
"2,3-dimethyl-2-hexene",,,,,,,CC(=C(C)CCC)C
"2,3-dimethyl-2-pentene",,,,,,,CC(=C(C)CC)C
"2,3-dimethyl-3-buten-2-ol","2,3-DIMETHYL-3-BUTEN-2-OL",BP-TZVP,010473-13-9,100.16,C6H12O,,OC(C)(C)C(=C)C
"2,3-dimethyl-3-pentanol",,,,,,,CC(C)[C@@](O)(C)CC
"2,3-dimethylbenzofuran",,,,,,,Cc1oc2ccccc2c1C
"2,3-dimethylbenzoicacid",,,,,,,OC(=O)c1c(C)c(C)ccc1
"2,3-dimethylbenzothiophene",,,,,,,c1cccc2c(C)c(C)sc12
"2,3-dimethylbicyclo(2-2-1)hept-2-ene",,,,,,,C1[C@@H]2CC[C@H]1C(=C2C)C
"2,3-dimethylbutan-2-amine",,,,,,,CC(C)C(C)(C)N
"2,3-dimethylbutane",,,,,,,CC(C(C)C)C
"2,3-dimethylbutanol",,,,,,,[C@H](CO)(C)C(C)C
"2,3-dimethylchlorobenzene",,,,,,,c1cc(c(c(c1)C)C)Cl
"2,3-dimethylhexane",,,,,,,CC(C)[C@@H](C)CCC
"2,3-dimethylnaphthalene",,,,,,,Cc1cc2ccccc2cc1C
"2,3-dimethyloctane",,,,,,,CC(C)[C@@H](C)CCCCC
"2,3-dimethylpentane",,,,,,,CC([C@H](CC)C)C
"2,3-dimethylphenol",,,,,,,Cc1cccc(O)c1C
"2,3-dimethylpyrazine",,,,,,,n1c(c(ncc1)C)C
"2,3-dimethylpyridine",,,,,,,c1(cccnc1C)C
"2,3-dimethylquinoline","2,3-dimethylquinoline",BP-TZVP,001721-89-7,157.21,C11H11N,,c1ccc2cc(C)c(nc2c1)C
"2,3-dimethylquinoxaline",,,,,,,c1(C)nc2c(nc1C)cccc2
"2,3-dimethylthiophene",,,,,,,s1ccc(c1C)C
"2,3-dinitrophenol",,,,,,,c1(c(c(ccc1)O)N(=O)=O)N(=O)=O
"2,3-diphenyl-2-cyclopropen-1-one",,,,,,,O=C1C(=C1c1ccccc1)c1ccccc1
"2,3-heptanedione",,,,,,,CCCCC(=O)C(=O)C
"2,3-hexanedione",,,,,,,CCCC(=O)C(=O)C
"2,3-naphthalenediamine",,,,,,,c1(c(cc2c(c1)cccc2)N)N
"2,3-naphthalenediol",,,,,,,c1(O)cc2c(cc1O)cccc2
"2,3-octanedione",,,,,,,CCCCCC(=O)C(=O)C
"2,3-pentadiene",,,,,,,CC=C=CC
"2,3-pentanedione",,,,,,,O=C(C(=O)CC)C
"2,3-undecadione",,,,,,,CCCCCCCCC(=O)C(=O)C
"2,3-xylidine",,,,,,,Nc1c(c(ccc1)C)C
"2,4'-bipyridine","2,4'-Bipyridine",BP-TZVP,000581-47-5,156.18,C10H8N2,,c1(ccccn1)c1ccncc1
"2,4'-pcb",,,,,,,c1(ccccc1c1ccc(cc1)Cl)Cl
"2,4(1h,3h)pyrimidinedithione",,,,,,,[nH]1c(=S)[nH]c(=S)cc1
"2,4,10-trioxatricyclo-[3,3,1,13,7]decane",,,,,,,C1[C@@H]2O[C@@H]3O[C@H]1C[C@H](C2)O3
"2,4,4'-pcb",,,,,,,c1(cc(ccc1c1ccc(cc1)Cl)Cl)Cl
"2,4,4,5,5-pentafluoro-1,3-oxazole",,,,,,,C1(=NC(C(O1)(F)F)(F)F)F
"2,4,4,5-tetrafluoro-1,3-dioxolane",,,,,,,[C@@H]1(C(O[C@@H](O1)F)(F)F)F
"2,4,4-trifluoro-1,3-dioxolane",,,,,,,C1C(O[C@@H](O1)F)(F)F
"2,4,4-trimethyl-1-pentene",,,,,,,C=C(C)CC(C)(C)C
"2,4,4-trimethyl-2-pentanethiol",,,,,,,CC(S)(C)CC(C)(C)C
"2,4,4-trimethylcyclohexanone","2,4,4-trimethylcyclohexanone",BP-TZVP,002230-70-8,140.22,C9H16O,,O=C1[C@@H](CC(CC1)(C)C)C
"2,4,4-trimethylheptane",,,,,,,CC(CC(C)C)(CCC)C
"2,4,4-trimethylhexane",,,,,,,CC(C)CC(C)(C)CC
"2,4,5,2',4',5'-pcb",,,,,,,c1(cc(c(cc1c1c(cc(c(c1)Cl)Cl)Cl)Cl)Cl)Cl
"2,4,5,2',5'-pcb",,,,,,,c1(cc(c(cc1c1c(ccc(c1)Cl)Cl)Cl)Cl)Cl
"2,4,5,6(1h,3h)-pyrimidinetetrone-5-oxime",,,,,,,O=C1NC(=O)C(=NO)C(=O)N1
"2,4,5,6-tetrafluoropyrimidine",,,,,,,c1(c(nc(nc1F)F)F)F
"2,4,5,7-tetramethyl-4,5-bis(4-tert-buph)octane",,,,,,,c1cc(ccc1[C@@]([C@@](c1ccc(cc1)C(C)(C)C)(CC(C)C)C)(CC(C)C)C)C(C)(C)C
"2,4,5,7-tetramethylphenanthrene",,,,,,,Cc1c2c3c(cc(cc3C)C)ccc2cc(c1)C
"2,4,5-trichlorophenol_anion",,,,,,,C1=C([C](C=C(C1=O)Cl)Cl)Cl
"2,4,5-trichlorophenol",,,,,,,c1(cc(c(cc1Cl)Cl)O)Cl
"2,4,5-trifluoro-1,3-dioxolane",,,,,,,[C@@H]1([C@@H](O[C@H](O1)F)F)F
"2,4,5-trifluoro-1,3-oxazole",,,,,,,c1(c(oc(n1)F)F)F
"2,4,5-trifluoropyridine",,,,,,,c1c(c(cnc1F)F)F
"2,4,5-trifluorotoluene",,,,,,,Cc1cc(c(cc1F)F)F
"2,4,5-trihydroxybutyrophenone",,,,,,,CCCC(=O)c1cc(O)c(O)cc1O
"2,4,5-trimethyl-benzoicacid",,,,,,,OC(=O)c1c(C)cc(c(c1)C)C
"2,4,5-trimethylaniline",,,,,,,Cc1cc(C)c(N)cc1C
"2,4,5-trimethylimidazolium_cation",,,,,,,C1(=C(N[C](N1)C)C)C
"2,4,5-trimethylphenol",,,,,,,Oc1c(cc(c(C)c1)C)C
"2,4,5-trimethylpyridine",,,,,,,Cc1c(cnc(c1)C)C
"2,4,5-trimethylthiazole",,,,,,,Cc1sc(C)c(C)n1
"2,4,6,8,10-pentamethylcyclopentasiloxane",,,,,,,[Si@@H]1(O[Si@@H](O[Si@H](O[Si@@H](O[Si@@H](O1)C)C)C)C)C
"2,4,6,8-tetraethenylcyclotetrasiloxane",,,,,,,C=C[Si@]1(O[Si@@](O[Si@@](O[Si@@](O1)(C=C)C)(C=C)C)(C=C)C)C
"2,4,6,8-tetrathiatricyclo(3-3-1-1(3,7))decane",,,,,,,C[C@]12C[C@@]3(C)S[C@@](S2)(C[C@@](S1)(S3)C)C
"2,4,6-collidine",,,,,,,n1c(cc(cc1C)C)C
"2,4,6-cycloheptatrien-1-one",,,,,,,O=c1cccccc1
"2,4,6-heptanetrione",,,,,,,O=C(C)CC(=O)CC(=O)C
"2,4,6-tri(tert-butyl)phenol",,,,,,,c1(c(c(cc(c1)C(C)(C)C)C(C)(C)C)O)C(C)(C)C
"2,4,6-tri-t-butyl-nitrosobenzene",,,,,,,c1c(c(c(cc1C(C)(C)C)C(C)(C)C)[N][O])C(C)(C)C
"2,4,6-tri-tert-butylaniline",,,,,,,CC(C)(C)c1cc(C(C)(C)C)c(c(c1)C(C)(C)C)N
"2,4,6-tri-tertbutyl-nitrobenzene",,,,,,,c1c(c(c(cc1C(C)(C)C)C(C)(C)C)N(=O)=O)C(C)(C)C
"2,4,6-tribromo-phenol",,,,,,,Oc1c(Br)cc(cc1Br)Br
"2,4,6-tribromobenzeneamine",,,,,,,Nc1c(Br)cc(Br)cc1Br
"2,4,6-tribromophenol_anion",,,,,,,O=C1C(=C[C](Br)C=C1Br)Br
"2,4,6-trichloro-1,3,5-trimethylborazine",,,,,,,n1(b(n(b(n(b1Cl)C)Cl)C)Cl)C
"2,4,6-trichlorophenol_anion",,,,,,,C1=C(C(=O)C(=C[C]1Cl)Cl)Cl
"2,4,6-trichlorophenol",,,,,,,c1c(cc(c(c1Cl)O)Cl)Cl
"2,4,6-trifluoropyrimidine","2,4,6-TRIFLUOROPYRIMIDINE",BP-TZVP,000696-82-2,134.06,C4HF3N2,,n1c(F)nc(F)cc1F
"2,4,6-trihydroxybenzoic_acid",,,,,,,Oc1c(C(=O)O)c(cc(c1)O)O
"2,4,6-trimethoxy-1,3,5-triazine",,,,,,,[N]1=[C](=[N]=[C](=[N]=[C]=1OC)OC)OC
"2,4,6-trimethoxybenzonitrile",,,,,,,c1c(c(c(cc1OC)OC)C#N)OC
"2,4,6-trimethylbenzaldehyde",,,,,,,O=Cc1c(cc(cc1C)C)C
"2,4,6-trimethylbenzenamine",,,,,,,Nc1c(cc(cc1C)C)C
"2,4,6-trimethylbenzoicacid_anion",,,,,,,O=C([O])c1c(C)cc(cc1C)C
"2,4,6-trimethylbenzoicacid",,,,,,,OC(=O)c1c(C)cc(cc1C)C
"2,4,6-trimethylbenzonitrile-n-oxide",,,,,,,c1c(c(c(cc1C)C)[C][N][O])C
"2,4,6-trimethylbenzonitrile",,,,,,,N#Cc1c(C)cc(cc1C)C
"2,4,6-trimethylheptane",,,,,,,CC(CC(C)C)CC(C)C
"2,4,6-trimethylphenol",,,,,,,Cc1cc(C)c(O)c(c1)C
"2,4,6-trinitro-1,3,5-benzenetriamine",,,,,,,c1(c(c(c(c(c1N(=O)=O)N)N(=O)=O)N)N(=O)=O)N
"2,4,6-trinitro-1,3-dimethyl-5-tert-butylbenzene",,,,,,,CC(C)(C)c1c(N(=O)=O)c(c(c(c1N(=O)=O)C)N(=O)=O)C
"2,4,6-trinitrobenzoicacid_anion",,,,,,,c1(cc(c(c(c1)N(=O)=O)C(=O)[O])N(=O)=O)N(=O)=O
"2,4,6-trinitrobenzoicacid",,,,,,,c1(cc(c(c(c1)N(=O)=O)C(=O)O)N(=O)=O)N(=O)=O
"2,4,6-trinitrophenol_anion",,,,,,,C1(=C[C](C=C(C1=O)N(=O)=O)N(=O)=O)N(=O)=O
"2,4,6-trinitrophenol",,,,,,,c1(cc(cc(c1O)N(=O)=O)N(=O)=O)N(=O)=O
"2,4,6-trinitroresorcinol",,,,,,,c1(N(=O)=O)c(c(c(c(c1)N(=O)=O)O)N(=O)=O)O
"2,4,6-tripicryltriazine",,,,,,,C1(=[N]=C([N]C(=N1)c1c(cc(cc1N(=O)=O)N(=O)=O)N(=O)=O)c1c(cc(cc1N(=O)=O)N(=O)=O)N(=O)=O)c1c(cc(cc1N(=O)=O)N(=O)=O)N(=O)=O
"2,4-bis(1,1-dimethylethyl)-phenol",,,,,,,c1c(c(ccc1C(C)(C)C)O)C(C)(C)C
"2,4-decadienal",,,,,,,C(=C\C=C/CCCCC)\C=O
"2,4-di(methyl)hexane",,,,,,,CC[C@@H](C)CC(C)C
"2,4-diaminobenzoicacid",,,,,,,c1cc(N)cc(N)c1C(=O)O
"2,4-diaminophenol",,,,,,,Nc1ccc(O)c(N)c1
"2,4-dibromophenol",,,,,,,c1cc(c(cc1Br)Br)O
"2,4-dichloro-1-(trifluoromethyl)-benzene",,,,,,,c1(C(F)(F)F)c(Cl)cc(Cl)cc1
"2,4-dichloro-1-methylbenzene",,,,,,,c1c(Cl)c(C)ccc1Cl
"2,4-dichloro-5-methylpyrimidine",,,,,,,n1cc(c(nc1Cl)Cl)C
"2,4-dichloroaniline",,,,,,,Clc1c(N)ccc(c1)Cl
"2,4-dichloropentane","2,4-dichloropentane",BP-TZVP,000625-67-2,141.04,C5H10Cl2,,Cl[C@@H](C)C[C@@H](Cl)C
"2,4-dichlorophenol_anion",,,,,,,c1cc(cc(c1[O])Cl)Cl
"2,4-dichlorophenol",,,,,,,c1cc(c(cc1Cl)Cl)O
"2,4-dichloroquinoline",,,,,,,n1c(cc(c2c1cccc2)Cl)Cl
"2,4-difluoro-1,3,5-triazine",,,,,,,C1=[N]=C(N=C([N]1)F)F
"2,4-difluoro-1-methylbenzene",,,,,,,Cc1c(cc(cc1)F)F
"2,4-difluoro-1-nitrobenzene",,,,,,,O=N(=O)c1c(F)cc(F)cc1
"2,4-difluoro-1h-pyrrole",,,,,,,c1c([nH]cc1F)F
"2,4-difluoro-benzenamine_cation",,,,,,,[NH3]c1ccc(F)cc1F
"2,4-difluoro-furan",,,,,,,c1c(occ1F)F
"2,4-difluoroaniline",,,,,,,Fc1c(N)ccc(F)c1
"2,4-dihydroxy-2-methylbutane",,,,,,,OC(C)(C)CCO
"2,4-dihydroxy-3-methylpyrimidine","2,4-Dihydroxy-3-methylpyrimidine",BP-TZVP,000608-34-4,126.11,C5H6N2O2,,c1(=O)n(c(=O)cc[nH]1)C
"2,4-dihydroxybenzaldehyde",,,,,,,O=Cc1c(O)cc(O)cc1
"2,4-dihydroxybenzoicacid",,,,,,,c1cc(c(cc1O)O)C(=O)O
"2,4-diisocyanato-1-methylbenzene",,,,,,,c1cc(c(cc1N=C=O)N=C=O)C
"2,4-dimethoxybenzaldehyd",,,,,,,COc1ccc(C=O)c(OC)c1
"2,4-dimethoxybenzoicacid",,,,,,,O(C)c1c(C(=O)O)ccc(c1)OC
"2,4-dimethyl-1,3,5-trinitro-benzene",,,,,,,c1(c(c(cc(c1C)N(=O)=O)N(=O)=O)C)N(=O)=O
"2,4-dimethyl-1,3-dioxane","1,3-DIOXANE,2,4-DIMETHYL-",BP-TZVP,000766-20-1,116.16,C6H12O2,,O1[C@H](OCC[C@@H]1C)C
"2,4-dimethyl-1,3-dioxolane-2-methanol",,,,,,,C[C@@]1(CO)O[C@@H](C)CO1
"2,4-dimethyl-1,3-dioxolane",,,,,,,C[C@H]1CO[C@@H](C)O1
"2,4-dimethyl-1,3-pentadiene",,,,,,,C=C(C)C=C(C)C
"2,4-dimethyl-1-pentene",,,,,,,C=C(C)CC(C)C
"2,4-dimethyl-2,4-heptadiene",,,,,,,CC(=C/C(=C/CC)/C)C
"2,4-dimethyl-2-pentanol",,,,,,,CC(O)(C)CC(C)C
"2,4-dimethyl-2-pentene",,,,,,,CC(=CC(C)C)C
"2,4-dimethyl-3-(trifluoromethyl)pentane",,,,,,,CC(C)C(C(C)C)C(F)(F)F
"2,4-dimethyl-3-oxazoline",,,,,,,C[C@H]1OC[C]([N]1)C
"2,4-dimethyl-3-pentanol","2,4-DIMETHYL-3-PENTANOL",BP-TZVP,000600-36-2,116.2,C7H16O,,OC(C(C)C)C(C)C
"2,4-dimethyl-3-pentanone",,,,,,,O=C(C(C)C)C(C)C
"2,4-dimethyl-3-thiapentane",,,,,,,S(C(C)C)C(C)C
"2,4-dimethyl-4-nonanol",,,,,,,CCCCC[C@@](C)(O)CC(C)C
"2,4-dimethyl-5-acetylthiazole",,,,,,,CC(=O)c1sc(C)nc1C
"2,4-dimethyl-5-vinylthiazole",,,,,,,Cc1sc(C=C)c(C)n1
"2,4-dimethylacetanilide",,,,,,,CC(=O)Nc1c(C)cc(C)cc1
"2,4-dimethylaniline","2,4-DIMETHYLANILINE",BP-TZVP,000095-68-1,121.18,C8H11N,,c1(C)cc(C)c(N)cc1
"2,4-dimethylanisole",,,,,,,COc1ccc(C)cc1C
"2,4-dimethylbenzaldehyde",,,,,,,Cc1ccc(C=O)c(C)c1
"2,4-dimethylbenzoicacid",,,,,,,OC(=O)c1c(C)cc(cc1)C
"2,4-dimethylbenzonitrile",,,,,,,c1c(c(ccc1C)C#N)C
"2,4-dimethylfuran",,,,,,,Cc1cc(co1)C
"2,4-dimethylheptan-3-one",,,,,,,CC(C)C(=O)[C@@H](C)CCCC
"2,4-dimethylheptane","HEPTANE,2,4-DIMETHYL-",BP-TZVP,002213-23-2,128.26,C9H20,,CCC[C@@H](C)CC(C)C
"2,4-dimethylhexane",,,,,,,CC(C)C[C@@H](C)CC
"2,4-dimethyloctane",,,,,,,CC(C)C[C@@H](C)CCCC
"2,4-dimethyloxazole",,,,,,,o1cc(C)nc1C
"2,4-dimethylpentane",,,,,,,CC(CC(C)C)C
"2,4-dimethylphenol","2,4-DIMETHYLPHENOL",BP-TZVP,000105-67-9,122.17,C8H10O,,c1(c(ccc(c1)C)O)C
"2,4-dimethylphenylacetate",,,,,,,O=C(Oc1c(cc(cc1)C)C)C
"2,4-dimethylpyridine",,,,,,,n1c(cc(cc1)C)C
"2,4-dimethylpyridine_cation",,,,,,,N1[C](C=C(C=C1)C)C
"2,4-dimethylpyrimidine",,,,,,,n1c(C)nc(C)cc1
"2,4-dimethylpyrrole",,,,,,,[nH]1cc(C)cc1C
"2,4-dimethylquinoline",,,,,,,n1c2c(c(cc1C)C)cccc2
"2,4-dimethylthiazole",,,,,,,n1c(csc1C)C
"2,4-dimethylthiophene","2,4-DIMETHYLTHIOPHENE",BP-TZVP,000638-00-6,112.19,C6H8S,,s1cc(C)cc1C
"2,4-dinitro-n-phenylbenzeneamine",,,,,,,N(c1c(N(=O)=O)cc(cc1)N(=O)=O)c1ccccc1
"2,4-dinitro-phenol_anion",,,,,,,C1=CC(=C[C](C1=O)N(=O)=O)N(=O)=O
"2,4-dinitro-phenol",,,,,,,c1cc(cc(c1O)N(=O)=O)N(=O)=O
"2,4-dinitrobenzoicacid_anion",,,,,,,c1cc(cc(c1C(=O)[O])N(=O)=O)N(=O)=O
"2,4-dinitrobenzoicacid",,,,,,,c1cc(cc(c1C(=O)O)N(=O)=O)N(=O)=O
"2,4-dithiapentane",,,,,,,S(CSC)C
"2,4-heptadienal",,,,,,,C(=C\CC)\C=C\C=O
"2,4-hexadien-1-ol","2,4-hexadien-1-ol",BP-TZVP,000111-28-4,98.14,C6H10O,,OC/C=C/C=C/C
"2,4-hexadienal",,,,,,,O=C/C=C/C=C\C
"2,4-hexadienoicacidethylester",,,,,,,O=C(OCC)/C=C/C=C/C
"2,4-hexadienoicacidmethylester","2,4-hexadienoicacidmethylester",BP-TZVP,001515-80-6,126.15,C7H10O2,,O=C(OC)/C=C/C=C/C
"2,4-hexadiyne",,,,,,,C(#CC)C#CC
"2,4-hexanediol",,,,,,,CC[C@H](C[C@H](C)O)O
"2,4-hexanedione",,,,,,,O=C(CC(=O)C)CC
"2,4-nonadienal",,,,,,,CCCC/C=C/C=C/C=O
"2,4-pentadienenitrile",,,,,,,N#C/C=C/C=C
"2,4-pentanediol",,,,,,,C[C@@H](O)C[C@@H](O)C
"2,4-pyridinedicarboxylicacid",,,,,,,O=C(O)c1ccnc(C(=O)O)c1
"2,4-thiazolidinedione",,,,,,,O=C1NC(=O)CS1
"2,4diaminoanisole","2,4diaminoanisole",BP-TZVP,000615-05-4,138.17,C7H10N2O,,O(c1c(N)cc(N)cc1)C
"2,5,2',5'-pcb",,,,,,,c1(ccc(cc1c1c(ccc(c1)Cl)Cl)Cl)Cl
"2,5,5-trimethyl-1,3,2-dioxaphosphinane2-oxide",,,,,,,CC1(C)COP(=O)(C)OC1
"2,5,5-trimethylheptane",,,,,,,CCC(C)(C)CCC(C)C
"2,5,8,11,14,17-hexaoxaoctadecane",,,,,,,COCCOCCOCCOCCOCCOC
"2,5,8,11,14-pentaoxapentadecane",,,,,,,COCCOCCOCCOCCOC
"2,5,8,11-tetraoxadodecane",,,,,,,COCCOCCOCCOC
"2,5-bis(1,1-dimethylethyl)phenol",,,,,,,C(C)(C)(C)c1cc(O)c(cc1)C(C)(C)C
"2,5-cyclohexadiene-1,4-dione-dioxime","2,5-cyclohexadiene-1,4-dione-dioxime",BP-TZVP,000105-11-3,138.12,C6H6N2O2,,O/N=C/1\C=C/C(=N/O)/C=C1
"2,5-diaminopyridine",,,,,,,Nc1ccc(N)nc1
"2,5-diazahexane",,,,,,,N(CCNC)C
"2,5-diazahexane_cation",,,,,,,[NH2](CCNC)C
"2,5-dichloro-benzenamine_cation",,,,,,,[NH3]c1cc(Cl)ccc1Cl
"2,5-dichloroaniline","2,5-dichloroaniline",BP-TZVP,000095-82-9,162.02,C6H5Cl2N,,Nc1c(ccc(Cl)c1)Cl
"2,5-dichlorophenol_anion",,,,,,,c1c(ccc(c1[O])Cl)Cl
"2,5-dichlorophenol","2,5-dichlorophenol",BP-TZVP,000583-78-8,163,C6H4Cl2O,,c1(cc(c(cc1)Cl)O)Cl
"2,5-dichlorothiophene","2,5-dichlorothiophene",BP-TZVP,003172-52-9,153.03,C4H2Cl2S,,s1c(Cl)ccc1Cl
"2,5-diethyl-3-methylpyrazine",,,,,,,CCc1cnc(CC)c(C)n1
"2,5-diethyltetrahydrofuran",,,,,,,CC[C@H]1CC[C@@H](CC)O1
"2,5-difluoro-1h-pyrrole",,,,,,,c1c([nH]c(c1)F)F
"2,5-difluoropyrazine",,,,,,,c1c(ncc(n1)F)F
"2,5-difluorotetrazole",,,,,,,c1(nn(nn1)F)F
"2,5-dihydro-2,5-dimethoxyfuran",,,,,,,O1[C@@H](OC)C=C[C@H]1OC
"2,5-dihydro-2-methyl-thiophene-1,1-dioxide",,,,,,,C1=CCS(=O)(=O)[C@H]1C
"2,5-dihydro-3-methylthiophene-1,1-dioxide",,,,,,,CC1=CCS(=O)(=O)C1
"2,5-dihydro-furan",,,,,,,C1OCC=C1
"2,5-dihydro-oxazole",,,,,,,C1C=NCO1
"2,5-dihydroperoxy-2,5-dimethylhex-3-yne",,,,,,,CC(C#CC(C)(C)OO)(OO)C
"2,5-dihydrothiophenesulfone",,,,,,,O=S1(=O)CC=CC1
"2,5-dihydrothiophene",,,,,,,S1CC=CC1
"2,5-dihydroxy-1,4-dithiane",,,,,,,O[C@H]1CS[C@@H](O)CS1
"2,5-dihydroxybenzoicacid","2,5-dihydroxybenzoicacid",BP-TZVP,000490-79-9,154.12,C7H6O4,,O=C(O)c1c(O)ccc(O)c1
"2,5-dimethoxyaniline",,,,,,,O(c1c(N)cc(OC)cc1)C
"2,5-dimethoxybenzaldehyde",,,,,,,O=Cc1c(OC)ccc(OC)c1
"2,5-dimethoxybenzoicacid",,,,,,,c1cc(c(cc1OC)C(=O)O)OC
"2,5-dimethyl-1,3,4-thiadiazole",,,,,,,Cc1sc(C)nn1
"2,5-dimethyl-1,3,5-hexatriene",,,,,,,C=C(C)/C=C/C(=C)C
"2,5-dimethyl-1,3-benzenediol",,,,,,,Oc1cc(cc(c1C)O)C
"2,5-dimethyl-1,4-benzenediol",,,,,,,c1c(c(cc(c1O)C)O)C
"2,5-dimethyl-1,5-hexadiene",,,,,,,C=C(C)CCC(=C)C
"2,5-dimethyl-1-hexene",,,,,,,C=C(C)CCC(C)C
"2,5-dimethyl-2,4-hexadiene",,,,,,,C(=C(C)C)CC(=C)C
"2,5-dimethyl-2,5-cyclohexadiene-1,4-dione",,,,,,,CC1=CC(=O)C(=CC1=O)C
"2,5-dimethyl-2,5-dihydroxy-1,4-dithiane",,,,,,,C[C@@]1(O)CS[C@@](C)(O)CS1
"2,5-dimethyl-2,5-hexanediol",,,,,,,OC(CCC(O)(C)C)(C)C
"2,5-dimethyl-2-hexanol",,,,,,,OC(C)(C)CCC(C)C
"2,5-dimethyl-2-hexene",,,,,,,CC(=CCC(C)C)C
"2,5-dimethyl-3(2h)-furanone",,,,,,,C[C@H]1OC(=CC1=O)C
"2,5-dimethyl-3-furanthiol",,,,,,,Cc1oc(C)c(S)c1
"2,5-dimethyl-3-hexanone",,,,,,,O=C(C(C)C)CC(C)C
"2,5-dimethyl-3-hexene",,,,,,,CC(C)/C=C/C(C)C
"2,5-dimethyl-3-hexyne-2,5-diol",,,,,,,C(#CC(C)(C)O)C(C)(C)O
"2,5-dimethyl-4-ethyloxazole",,,,,,,CCc1nc(C)oc1C
"2,5-dimethyl-4-methoxy-3(2h)-furanone",,,,,,,COC1=C(C)O[C@@H](C)C1=O
"2,5-dimethylbenzaldehyde",,,,,,,c1cc(C)c(C=O)cc1C
"2,5-dimethylbenzoicacid",,,,,,,c1c(c(cc(c1)C)C(=O)O)C
"2,5-dimethylcyclopentanone",,,,,,,O=C1[C@@H](CC[C@H]1C)C
"2,5-dimethylfuran",,,,,,,o1c(C)ccc1C
"2,5-dimethylheptane",,,,,,,CC[C@@H](C)CCC(C)C
"2,5-dimethylhexane-2,5-dihydroperoxide",,,,,,,OOC(CCC(OO)(C)C)(C)C
"2,5-dimethylhexane",,,,,,,CC(CCC(C)C)C
"2,5-dimethyloctane",,,,,,,CC(C)CC[C@@H](C)CCC
"2,5-dimethyloxazole","2,5-dimethyl-oxazole",BP-TZVP,023012-11-5,97.12,C5H7NO,,n1c(C)oc(C)c1
"2,5-dimethylphenol","2,5-DIMETHYLPHENOL",BP-TZVP,000095-87-4,122.17,C8H10O,,Cc1ccc(C)c(O)c1
"2,5-dimethylpyrazine",,,,,,,n1c(cnc(C)c1)C
"2,5-dimethylpyridine","2,5-DIMETHYLPYRIDINE",BP-TZVP,000589-93-5,107.15,C7H9N,,c1(ccc(nc1)C)C
"2,5-dimethylpyrrole",,,,,,,Cc1ccc(C)[nH]1
"2,5-dimethyltetrahydrofuran","2,5-dimethyltetrahydrofuran0",BP-TZVP,002144-41-4,100.16,C6H12O,,C[C@H]1CC[C@@H](C)O1
"2,5-dimethylthiazole",,,,,,,Cc1sc(C)nc1
"2,5-dimethylthiophene",,,,,,,s1c(C)ccc1C
"2,5-dinitrophenol",,,,,,,N(=O)(=O)c1cc(O)c(cc1)N(=O)=O
"2,5-diphenyltetrazole","2,5-Diphenyltetrazole",BP-TZVP,018039-45-7,222.25,C13H10N4,,c1(ccccc1)C1=N[N]N([N]1)c1ccccc1
"2,5-dithiahexane",,,,,,,CSCCSC
"2,5-furandicarboxylicacid",,,,,,,OC(=O)c1oc(cc1)C(=O)O
"2,5-hexanediol",,,,,,,O[C@@H](CC[C@@H](O)C)C
"2,5-norbornadiene",,,,,,,C1=C[C@H]2C[C@@H]1C=C2
"2,5-piperazinedione",,,,,,,C1(=O)NCC(=O)NC1
"2,5-pyrrolidinedione",,,,,,,N1C(=O)CCC1=O
"2,5-xylidine",,,,,,,Nc1c(ccc(C)c1)C
"2,6,10,15,19,23-hexamethyltetracosane",,,,,,,CC(CCC[C@@H](CCC[C@H](C)CCCC[C@H](C)CCC[C@@H](C)CCCC(C)C)C)C
"2,6,2',6'-pcb",,,,,,,c1(c2c(cccc2Cl)Cl)c(cccc1Cl)Cl
"2,6,6-trimethyl-1-cyclohexen-1-acetaldehyde",,,,,,,CC1=C(CC=O)C(C)(C)CCC1
"2,6,6-trimethyl-2-hydroxycyclohexanone",,,,,,,CC1(C)CCC[C@@](C)(O)C1=O
"2,6,6-trimethylcyclohex-2-ene-1,4-dione",,,,,,,CC1=CC(=O)CC(C)(C)C1=O
"2,6,6-trimethylcyclohexa-1,3-dienyl-methanal",,,,,,,CC1=C(C=O)C(C)(C)CC=C1
"2,6,8-trimethyl-4-nonanone",,,,,,,CC(C)C[C@@H](C)CC(=O)CC(C)C
"2,6-bis(1,1-dimethylethyl)-4-methylphenol",,,,,,,c1(O)c(C(C)(C)C)cc(C)cc1C(C)(C)C
"2,6-bis(1,1-dimethylethyl)-phenol",,,,,,,C(C)(C)(C)c1c(O)c(C(C)(C)C)ccc1
"2,6-bis(t-butyl)-2,5-cyclohexadiene-1,4-dione",,,,,,,C1(=CC(=O)C=C(C1=O)C(C)(C)C)C(C)(C)C
"2,6-di-tert-butyl-4-methylpyridine",,,,,,,CC(C)(C)c1cc(cc(n1)C(C)(C)C)C
"2,6-di-tert-butylpyridine",,,,,,,CC(C)(C)c1nc(C(C)(C)C)ccc1
"2,6-dichloro-2,5-cyclohexadiene-1,4-dione",,,,,,,C1(=CC(=O)C=C(C1=O)Cl)Cl
"2,6-dichloro-benzenamine_cation",,,,,,,[NH3]c1c(Cl)cccc1Cl
"2,6-dichloroaniline",,,,,,,c1(cccc(c1N)Cl)Cl
"2,6-dichlorobenzamide",,,,,,,c1cc(c(c(c1)Cl)C(=O)N)Cl
"2,6-dichlorobenzonitrile",,,,,,,N#Cc1c(Cl)cccc1Cl
"2,6-dichlorophenol_anion",,,,,,,C1=C(C(=O)C(=C[CH]1)Cl)Cl
"2,6-dichlorophenol",,,,,,,c1c(c(c(cc1)Cl)O)Cl
"2,6-dichloropyridine",,,,,,,n1c(cccc1Cl)Cl
"2,6-dichlorothiobenzamide",,,,,,,S=C(c1c(Cl)cccc1Cl)N
"2,6-dichlorotoluene","2,6-dichlorotoluene",BP-TZVP,000118-69-4,161.03,C7H6Cl2,,c1(c(c(ccc1)Cl)C)Cl
"2,6-diethylbenzeneamine",,,,,,,c1(N)c(CC)cccc1CC
"2,6-diethylnaphthalene",,,,,,,c1(CC)ccc2cc(CC)ccc2c1
"2,6-difluorobenzoicacid",,,,,,,OC(=O)c1c(F)cccc1F
"2,6-difluorobenzonitrile",,,,,,,N#Cc1c(F)cccc1F
"2,6-difluorophenol",,,,,,,Fc1cccc(F)c1O
"2,6-difluoropyrazine",,,,,,,c1c(nc(cn1)F)F
"2,6-difluoropyridine",,,,,,,n1c(F)cccc1F
"2,6-dihydroxy-2,6-dimethyl-4-heptanone",,,,,,,CC(C)(O)CC(=O)CC(C)(O)C
"2,6-dihydroxybenzoicacid",,,,,,,O=C(O)c1c(O)cccc1O
"2,6-diisopropylaniline",,,,,,,CC(C)c1cccc(C(C)C)c1N
"2,6-dimethoxy-pyridine",,,,,,,COC1=[N]=C([CH]C=C1)OC
"2,6-dimethoxy-pyridine_cation",,,,,,,CO[C]1C=CC=C(OC)N1
"2,6-dimethoxybenzoicacid",,,,,,,OC(=O)c1c(OC)cccc1OC
"2,6-dimethoxyphenol","2,6-DIMETHOXYPHENOL",BP-TZVP,000091-10-1,154.16,C8H10O3,,c1ccc(c(c1OC)O)OC
"2,6-dimethyl-1,3-dioxan-4-ol-acetate",,,,,,,O1[C@@H](C)O[C@@H](OC(=O)C)C[C@H]1C
"2,6-dimethyl-2,5-cyclohexadiene-1,4-dione",,,,,,,C1=C(C)C(=O)C(=CC1=O)C
"2,6-dimethyl-2-octene",,,,,,,CC(=CCC[C@@H](C)CC)C
"2,6-dimethyl-3-((2-methyl-3-furyl)thio)-4-heptanone",,,,,,,CC(C)CC(=O)[C@@H](Sc1ccoc1C)C(C)C
"2,6-dimethyl-4-heptanol",,,,,,,OC(CC(C)C)CC(C)C
"2,6-dimethyl-4-heptanone",,,,,,,O=C(CC(C)C)CC(C)C
"2,6-dimethyl-4-pyrone",,,,,,,O=c1cc(C)oc(C)c1
"2,6-dimethyl-5-heptenal",,,,,,,C[C@@H](CCC=C(C)C)C=O
"2,6-dimethyl-6-hepten-1-ol",,,,,,,C[C@@H](CO)CCCC(=C)C
"2,6-dimethyl-heptane",,,,,,,CC(C)CCCC(C)C
"2,6-dimethyl-pyridine_cation",,,,,,,C[C]1C=CC=C(C)N1
"2,6-dimethylacetanilide","2,6-dimethylacetanilide",BP-TZVP,002198-53-0,163.22,C10H13NO,,CC(=O)Nc1c(C)cccc1C
"2,6-dimethylanisole",,,,,,,COc1c(C)cccc1C
"2,6-dimethylbenzoicacid","2,6-dimethylbenzoicacid",BP-TZVP,000632-46-2,150.18,C9H10O2,,OC(=O)c1c(C)cccc1C
"2,6-dimethylbenzonitrile",,,,,,,c1c(c(c(cc1)C)C#N)C
"2,6-dimethylcyclohexanol",,,,,,,O[C@H]1[C@@H](CCC[C@H]1C)C
"2,6-dimethylcyclohexanone","CYCLOHEXANONE,2,6-DIMETHYL-",BP-TZVP,002816-57-1,126.2,C8H14O,,O=C1[C@@H](CCC[C@H]1C)C
"2,6-dimethylmorpholine",,,,,,,O1[C@@H](CNC[C@H]1C)C
"2,6-dimethylnaphthalene",,,,,,,c1c(C)ccc2cc(C)ccc12
"2,6-dimethyloctanal",,,,,,,CC[C@@H](C)CCC[C@@H](C)C=O
"2,6-dimethyloctane",,,,,,,CC(C)CCC[C@@H](C)CC
"2,6-dimethylphenol",,,,,,,Cc1cccc(C)c1O
"2,6-dimethylpiperidine",,,,,,,N1[C@@H](CCC[C@H]1C)C
"2,6-dimethylpyrazine",,,,,,,n1cc(nc(C)c1)C
"2,6-dimethylpyridine",,,,,,,n1c(cccc1C)C
"2,6-dimethylquinoline",,,,,,,c1(ccc2c(c1)ccc(n2)C)C
"2,6-dinitro-4-trifluoromethylaniline",,,,,,,c1(c(c(cc(c1)C(F)(F)F)N(=O)=O)N)N(=O)=O
"2,6-dinitro-n-propyl-4-trifluoromethylaniline",,,,,,,c1(c(c(cc(c1)C(F)(F)F)N(=O)=O)NCCC)N(=O)=O
"2,6-dinitrophenol",,,,,,,O=N(=O)c1c(O)c(N(=O)=O)ccc1
"2,6-diphenyl-thiacyclohexan-4-one",,,,,,,[C@@H]1(CC(=O)C[C@H](S1)c1ccccc1)c1ccccc1
"2,6-lutidinen-oxide",,,,,,,[O-][n+]1c(cccc1C)C
"2,6-naphthalenedicarboxylicaciddimethylester",,,,,,,c1cc2c(cc1C(=O)OC)ccc(c2)C(=O)OC
"2,6-naphthalenedicarboxylicacid",,,,,,,c1cc2c(cc1C(=O)O)ccc(c2)C(=O)O
"2,6-naphthalenediol",,,,,,,Oc1ccc2c(ccc(O)c2)c1
"2,6-nonadien-1-ol",,,,,,,CC/C=C/CC/C=C/CO
"2,6-nonadienaldiethylacetal",,,,,,,C(=C\CC/C=C/C(OCC)OCC)\CC
"2,6-nonadienal",,,,,,,C(=C\CC)\CC/C=C/C=O
"2,6-nonadienol",,,,,,,C(=C\CC)\CC/C=C/CO
"2,6-octadiene",,,,,,,C/C=C/CC/C=C/C
"2,6-pyrazinediamine","2,6-PYRAZINEDIAMINE",BP-TZVP,041536-80-5,110.12,C4H6N4,,n1cc(N)nc(N)c1
"2,6-pyridinediamine",,,,,,,n1c(N)cccc1N
"2,6-pyridinediamine_cation",,,,,,,N[C]1C=CC=C(N)N1
"2,6-xylidine",,,,,,,Nc1c(cccc1C)C
"2,7-dichlorodibenzo-p-dioxin","Dibenzo[b,E][1,4]dioxin,2,7-dichloro-",BP-TZVP,033857-26-0,253.08,C12H6Cl2O2,,Clc1cc2c(cc1)Oc1c(O2)ccc(c1)Cl
"2,7-dimethylbenzothiophene",,,,,,,c1(C)cccc2cc(C)sc12
"2,7-dimethylnaphthalene",,,,,,,c1c(C)ccc2ccc(C)cc12
"2,7-dimethyloctane",,,,,,,CC(C)CCCCC(C)C
"2,7-dimethylphenanthrene",,,,,,,c1cc2c(cc1C)ccc1c2ccc(c1)C
"2,7-dimethylquinoline",,,,,,,c1(C)cc2c(cc1)ccc(n2)C
"2,7-naphthalenediol","2,7-naphthalenediol",BP-TZVP,000582-17-2,160.17,C10H8O2,,Oc1ccc2c(cc(O)cc2)c1
"2,7-octanedione","2,7-octanedione",BP-TZVP,001626-09-1,142.2,C8H14O2,,O=C(C)CCCCC(=O)C
"2,8-dichlorodibenzo-p-dioxin","Dibenzo[b,e][1,4]dioxin,2,8-dichloro-",BP-TZVP,038964-22-6,253.08,C12H6Cl2O2,,c1c(ccc2c1Oc1cc(ccc1O2)Cl)Cl
"2,8-dimethyl-6h,12h-5,11-methanodibenzo[b,f][1,5]diazocine",,,,,,,Cc1ccc2N3Cc4cc(C)ccc4N(C3)Cc2c1
"2,8-dimethylquinoline","2,8-dimethylquinoline",BP-TZVP,001463-17-8,157.21,C11H11N,,Cc1ccc2cccc(C)c2n1
"2,9-dimethyl-4,7-diphenyl-1,10-phenanthroline",,,,,,,Cc1cc(c2ccccc2)c2c(n1)c1c(cc2)c(c2ccccc2)cc(n1)C
"2-(1,1,1,2,3,3,3-heptafluoropropan-2-yloxy)butane",,,,,,,CC[C@@H](C)OC(C(F)(F)F)(C(F)(F)F)F
"2-(1,1,2,2,2-pentafluoroethoxy)butane",,,,,,,CC[C@@H](C)OC(C(F)(F)F)(F)F
"2-(1,1,2,2,3,3,3-heptafluoropropoxy)-2-methylpropane",,,,,,,CC(C)(C)OC(C(C(F)(F)F)(F)F)(F)F
"2-(1,1,2,2,3,3,3-heptafluoropropoxy)butane",,,,,,,CC[C@@H](C)OC(C(C(F)(F)F)(F)F)(F)F
"2-(1,1,2-trifluoroethoxy)-propane",,,,,,,CC(C)OC(CF)(F)F
"2-(1,1,2-trifluoroethoxy)butane",,,,,,,CC[C@@H](C)OC(CF)(F)F
"2-(1,1-difluoroethoxy)-1,1,1,2,3,3,3-heptafluoropropane",,,,,,,CC(OC(C(F)(F)F)(C(F)(F)F)F)(F)F
"2-(1,1-difluoroethoxy)-1,1,1-trifluoro-ethane",,,,,,,CC(OCC(F)(F)F)(F)F
"2-(1,1-difluoroethoxy)-1,1-difluoro-1-(trifluoromethoxy)ethane",,,,,,,CC(OCC(OC(F)(F)F)(F)F)(F)F
"2-(1,1-difluoroethoxy)-1,1-difluoroethanol",,,,,,,CC(OCC(O)(F)F)(F)F
"2-(1,1-difluoroethoxy)propane",,,,,,,CC(C)OC(C)(F)F
"2-(1,1-dimethylethyl)-4-methylphenol",,,,,,,C(C)(C)(C)c1c(O)ccc(c1)C
"2-(1,1-dimethylethyl)-5-methylphenol",,,,,,,Oc1c(ccc(C)c1)C(C)(C)C
"2-(1,1-dimethylethyl)-6-methylphenol",,,,,,,Oc1c(cccc1C)C(C)(C)C
2-(1-fluoroethoxy)propane,,,,,,,CC(C)O[C@@H](C)F
2-(1-methylethyl)-benzoicacid,,,,,,,CC(C)c1c(C(=O)O)cccc1
2-(1-methylethyl)benzenamine,,,,,,,Nc1c(cccc1)C(C)C
2-(1-methylethyl)cyclohexanone,,,,,,,O=C1CCCC[C@H]1C(C)C
2-(1-methylethyl)thiophene,,,,,,,s1cccc1C(C)C
2-(1-methylpropyl)thiazole,,,,,,,CC[C@@H](C)c1sccn1
2-(1-naphthalenyloxy)ethanol,,,,,,,c12c(OCCO)cccc1cccc2
"2-(2,2,2-trifluoroethoxy)propane",,,,,,,CC(C)OCC(F)(F)F
"2-(2,3,5,6-tetrafluorophenyl)-2-phenyl-acetonitrile_anion",,,,,,,N#C[C](c1ccccc1)c1c(F)c(F)cc(F)c1F
"2-(2,3,5,6-tetrafluorophenyl)-2-phenyl-acetonitrile",,,,,,,N#C[C@@H](c1ccccc1)c1c(F)c(F)cc(F)c1F
2-(2-aminoethoxy)ethanol,,,,,,,NCCOCCO
2-(2-aminoethyl)aminoethanol,,,,,,,NCCNCCO
2-(2-aminoethyl)pyridine,,,,,,,n1c(cccc1)CCN
2-(2-butoxyethoxy)ethanolacetate,,,,,,,O=C(OCCOCCOCCCC)C
"2-(2-butyl)-4,5-dimethyl-3-thiazoline",,,,,,,CC[C@@H](C)[C@H]1S[C@@H](C)C(=N1)C
"2-(2-chloro-1,1,2-trifluoroethoxy)-1,1,1,2-tetrafluoro-ethane",,,,,,,[C@H](C(F)(F)F)(OC([C@@H](F)Cl)(F)F)F
2-(2-ethoxyethoxy)-ethanolacetate,,,,,,,CCOCCOCCOC(=O)C
2-(2-ethylhexyl)oxyethanol,,,,,,,CCCC[C@@H](CC)COCCO
2-(2-fluoroethoxy)propane,,,,,,,CC(C)OCCF
2-(2-methoxyethoxy)ethanol,2-(2-METHOXYETHOXY)ETHANOL,BP-TZVP,000111-77-3,120.15,C5H12O3,,COCCOCCO
2-(2-methoxyethoxy)ethylsulfate_anion,,,,,,,S(OCCOCCOC)([O])([O])[O]
2-(2-methoxyethyl)pyridine,,,,,,,O(CCc1ncccc1)C
2-(2-methylphenyl)aminoethanol,,,,,,,OCCNc1c(cccc1)C
2-(2-methylpropyl)pyridine,,,,,,,CC(C)Cc1ccccn1
2-(2-pentoxyethoxy)ethanol,,,,,,,CCCCCOCCOCCO
2-(2-propoxyethoxy)ethanol,,,,,,,CCCOCCOCCO
2-(3-(5-no2-2-fur)-2-prylid)-hydrazinecarboxamide,,,,,,,c1(N(=O)=O)oc(cc1)/C=C/C=N/NC(=O)N
2-(3-fluorophenyl)pyrrolidine,,,,,,,Fc1cc([C@H]2CCCN2)ccc1
2-(3-pentenyl)pyridine,,,,,,,n1c(cccc1)CC/C=C/C
2-(3-phenylpropyl)pyridine,,,,,,,C(Cc1ccccc1)Cc1ccccn1
2-(3-phenylpropyl)tetrahydrofuran,,,,,,,C1CO[C@@H](C1)CCCc1ccccc1
2-(3-trifluoromethylphenyl)pyrrolidine,,,,,,,FC(F)(F)c1cc([C@H]2CCCN2)ccc1
2-(4-methyl-tetrafluorophenyl)-2-phenyl-acetonitrile_anion,,,,,,,Cc1c(F)c(F)c([C](C#N)c2ccccc2)c(F)c1F
2-(4-methyl-tetrafluorophenyl)-2-phenyl-acetonitrile,,,,,,,Cc1c(F)c(F)c([C@@H](C#N)c2ccccc2)c(F)c1F
2-(acetyloxy)-propanenitrile,2-(ACETYLOXY)-PROPANENITRILE,BP-TZVP,015657-96-2,113.12,C5H7NO2,,N#C[C@@H](OC(=O)C)C
2-(alpha-methylbenzyloxy)-1-propanol,,,,,,,c1([C@@H](C)O[C@@H](C)CO)ccccc1
2-(bis(1-methylethyl)amino)ethanol,2-(bis(1-methylethyl)amino)ethanol,BP-TZVP,000096-80-0,145.24,C8H19NO,,OCCN(C(C)C)C(C)C
2-(bromomethyl)benzonitrile,,,,,,,BrCc1ccccc1C#N
2-(bromomethyl)tetrahydrofuran,,,,,,,O1[C@@H](CCC1)CBr
2-(butylamino)ethanol,2-(butylamino)ethanol,BP-TZVP,000111-75-1,117.19,C6H15NO,,OCCNCCCC
"2-(chlorodifluoromethoxy)-1,1,1,3,3,3-hexafluoro-propane",,,,,,,C(C(F)(F)F)(C(F)(F)F)OC(F)(F)Cl
"2-(chlorofluoromethoxy)-1,1,1,3,3,3-hexafluoro-propane",,,,,,,C(C(F)(F)F)(C(F)(F)F)O[C@@H](F)Cl
"2-(chloromethoxy)-1,1,1,2,3,3,3-heptafluoropropane",,,,,,,C(OC(C(F)(F)F)(C(F)(F)F)F)Cl
"2-(chloromethoxy)-1,1,1-trifluoropropane",,,,,,,C[C@@H](C(F)(F)F)OCCl
2-(chloromethoxy)-2-fluoropropane,,,,,,,CC(C)(OCCl)F
2-(chloromethyl)-2-methyloxirane,,,,,,,C[C@]1(OC1)CCl
2-(diacetoxymethyl)-5-nitrofuran,,,,,,,c1cc(oc1C(OC(=O)C)OC(=O)C)N(=O)=O
2-(diacetoxymethyl)furan,,,,,,,c1coc(c1)C(OC(=O)C)OC(=O)C
"2-(dichloromethoxy)-1,1,1,2-tetrafluoro-ethane",,,,,,,[C@H](C(F)(F)F)(OC(Cl)Cl)F
2-(diethylamino)-ethanol,,,,,,,CCN(CC)CCO
"2-(difluoromethoxy)-1,1,1,2,3,3,3-heptafluoropropane",,,,,,,C(OC(C(F)(F)F)(C(F)(F)F)F)(F)F
"2-(difluoromethoxy)-1,1,1,2,3,3-hexafluoropropane",,,,,,,C([C@@](C(F)(F)F)(OC(F)F)F)(F)F
"2-(difluoromethoxy)-1,1,1,3,3,3-hexafluoro-2-(trifluoromethyl)-propane",,,,,,,C(OC(C(F)(F)F)(C(F)(F)F)C(F)(F)F)(F)F
"2-(difluoromethoxy)-1,1,1-trifluoropropane",,,,,,,C[C@@H](C(F)(F)F)OC(F)F
"2-(difluoromethoxy)-1,1,2,3,3-pentafluoropropane",,,,,,,C(C(C(F)F)(OC(F)F)F)(F)F
"2-(difluoromethoxy)-1,1-difluoro-ethane",,,,,,,C(C(F)F)OC(F)F
"2-(difluoromethoxy)-2,2-difluoroacetaldehyde",,,,,,,C(=O)C(OC(F)F)(F)F
2-(difluoromethoxy)-2-methyl-propane,,,,,,,CC(C)(C)OC(F)F
"2-(difluoromethoxymethyl)-1,1,1,2,3,3,3-heptafluoro-propane",,,,,,,C(C(C(F)(F)F)(C(F)(F)F)F)OC(F)F
"2-(difluoromethyl)-1,1,1,2,3,3,4,4-octafluorobutane",,,,,,,C([C@@](C(C(F)F)(F)F)(C(F)(F)F)F)(F)F
"2-(difluoromethyl)-1,1,1,2,3,3-hexafluoro-3-(trifluoromethoxy)propane",,,,,,,C([C@@](C(OC(F)(F)F)(F)F)(C(F)(F)F)F)(F)F
"2-(difluoromethyl)-1,1,1,2,3,3-hexafluoro-3-methoxypropane",,,,,,,COC([C@@](C(F)F)(C(F)(F)F)F)(F)F
"2-(difluoromethyl)-1,1,1,2,3,3-hexafluorobutane",,,,,,,CC([C@@](C(F)F)(C(F)(F)F)F)(F)F
"2-(difluoromethyl)-1,1,1,3,3,3-hexafluoro-2-(trifluoromethyl)propane",,,,,,,C(C(C(F)(F)F)(C(F)(F)F)C(F)(F)F)(F)F
"2-(difluoromethyl)-1,1,1,3,3,3-hexafluoro-2-methylpropane",,,,,,,CC(C(F)F)(C(F)(F)F)C(F)(F)F
"2-(difluoromethyl)-1,1,1,3,3-pentafluoro-2-methylpropane",,,,,,,CC(C(F)F)(C(F)F)C(F)(F)F
"2-(difluoromethyl)-1,1,2,3,3-pentafluoro-propane",,,,,,,C(C(C(F)F)(C(F)F)F)(F)F
"2-(difluoromethyl)-1,1,3,3-tetrafluoro-2-methylpropane",,,,,,,CC(C(F)F)(C(F)F)C(F)F
"2-(difluoromethyl)-1,1-difluorobutane",,,,,,,CCC(C(F)F)C(F)F
"2-(difluoromethyl)-2,3,3,3-tetrafluoropropanal",,,,,,,C(=O)[C@@](C(F)F)(C(F)(F)F)F
"2-(difluoromethyl)-2,3,3,3-tetrafluoropropanoicacid",,,,,,,C([C@@](C(=O)O)(C(F)(F)F)F)(F)F
"2-(difluoromethyl)-2,3,3,4,4,5,5-heptafluorotetrahydro-furan",,,,,,,C([C@]1(C(C(C(O1)(F)F)(F)F)(F)F)F)(F)F
2-(dimethylamino)-1-propanol,,,,,,,OC[C@@H](N(C)C)C
2-(dimethylamino)-ethanol,,,,,,,CN(C)CCO
2-(dimethylamino)benzoicacid,,,,,,,O=C([O])c1c([NH](C)C)cccc1
2-(dimethylamino)ethyl-2-methyl-2-propenoate,,,,,,,O=C(OCCN(C)C)C(=C)C
2-(ethenyloxy)-2-methylpropane,,,,,,,O(C(C)(C)C)C=C
2-(ethenyloxy)-ethanol,,,,,,,OCCOC=C
2-(ethenyloxy)-propane,,,,,,,O(C=C)C(C)C
2-(ethylamino)-ethanesulfonicacid,,,,,,,S([O])([O])([O])CC[NH2]C
2-(ethylamino)ethanol,,,,,,,OCCNCC
2-(ethylphenylamino)ethanol,,,,,,,OCCN(c1ccccc1)CC
2-(ethylsulfonyl)-2-methylpropane,,,,,,,O=S(=O)(CC)C(C)(C)C
2-(ethylsulfonyl)ethanol,2-(ethylsulfonyl)ethanol,BP-TZVP,000513-12-2,138.19,C4H10O3S,,S(=O)(=O)(CC)CCO
2-(ethylthio)-2-methylpropane,,,,,,,CC(C)(C)SCC
2-(ethylthio)-ethanol,,,,,,,OCCSCC
2-(fluoromethoxy)-2-methylpropane,,,,,,,CC(C)(C)OCF
2-(fluoromethoxy)propane,,,,,,,CC(C)OCF
2-(m-chlorophenoxy)propionicacid,,,,,,,C[C@@H](Oc1cccc(Cl)c1)C(=O)O
2-(methoxymethyl)-furan,2-(METHOXYMETHYL)-FURAN,BP-TZVP,013679-46-4,112.13,C6H8O2,,o1cccc1COC
2-(methylamino)-benzoicacidmethylester,,,,,,,O=C(OC)c1c(NC)cccc1
2-(methylamino)-ethanol,2-(METHYLAMINO)-ETHANOL,BP-TZVP,000109-83-1,75.11,C3H9NO,,CNCCO
2-(methylamino)benzoicacid,,,,,,,O=C(O)c1c(NC)cccc1
2-(methylideneamino)ethanamine,,,,,,,C=NCCN
2-(methylsulfonyl)-2-methylpropane,,,,,,,CC(C)(C)S(=O)(=O)C
2-(methylthio)ethanol,,,,,,,CSCCO
"2-(n,n-dimethylamino)pyrimidine",,,,,,,CN(C)c1ncccn1
2-(n-morpholino)-2'-hydroxydiethylether,,,,,,,N1(CCOCCO)CCOCC1
2-(p-hydroxyphenyl)ethanol,2-(p-hydroxyphenyl)ethanol,BP-TZVP,000501-94-0,138.16,C8H10O2,,OCCc1ccc(O)cc1
2-(p-tolyl)-propionaldehyde,,,,,,,C[C@@H](C=O)c1ccc(C)cc1
2-(perfluorophenyl)-2-(4-methyletrafluorophenyl)-acetonitrile,,,,,,,Cc1c(F)c(F)c([C@@H](C#N)c2c(F)c(F)c(F)c(F)c2F)c(F)c1F
2-(perfluorophenyl)-2-(4-trifluoromethyltetrafluorophenyl)-acetonitrile_anion,,,,,,,N#C[C](c1c(F)c(F)c(F)c(F)c1F)c1c(F)c(F)c(C(F)(F)F)c(F)c1F
2-(perfluorophenyl)-2-(4-trifluoromethyltetrafluorophenyl)-acetonitrile,,,,,,,N#C[C@@H](c1c(F)c(F)c(F)c(F)c1F)c1c(F)c(F)c(C(F)(F)F)c(F)c1F
"2-(perfluorophenyl)-2-(difluoro-2,4,6-trichlorophenyl)-acetonitrile_anion",,,,,,,N#C[C](c1c(F)c(F)c(F)c(F)c1F)c1c(Cl)c(F)c(Cl)c(F)c1Cl
"2-(perfluorophenyl)-2-(difluoro-2,4,6-trichlorophenyl)-acetonitrile",,,,,,,N#C[C@@H](c1c(F)c(F)c(F)c(F)c1F)c1c(Cl)c(F)c(Cl)c(F)c1Cl
2-(perfluorophenyl)-2-(tetrafluoro-4-chlorophenyl)-acetonitrile_anion,,,,,,,N#C[C](c1c(F)c(F)c(F)c(F)c1F)c1c(F)c(F)c(Cl)c(F)c1F
2-(perfluorophenyl)-2-(tetrafluoro-4-chlorophenyl)-acetonitrile,,,,,,,N#C[C@@H](c1c(F)c(F)c(F)c(F)c1F)c1c(F)c(F)c(Cl)c(F)c1F
2-(perfluorophenyl)-2-phenyl-acetonitrile_anion,,,,,,,N#C[C](c1ccccc1)c1c(F)c(F)c(F)c(F)c1F
2-(perfluorophenyl)-2-phenyl-acetonitrile,,,,,,,N#C[C@@H](c1ccccc1)c1c(F)c(F)c(F)c(F)c1F
2-(propylamino)-ethanol,2-(PROPYLAMINO)-ETHANOL,BP-TZVP,016369-21-4,103.16,C5H13NO,,OCCNCCC
2-(tetrafluoropyridine)-2-phenyl-acetonitrile_anion,,,,,,,Fc1nc(F)c(F)c([C](C#N)c2ccccc2)c1F
2-(tetrafluoropyridine)-2-phenyl-acetonitrile,,,,,,,Fc1nc(F)c(F)c([C@@H](C#N)c2ccccc2)c1F
2-(trans-2-pentenyl)cyclopentanone,,,,,,,CC/C=C/C[C@H]1CCCC1=O
2-(trifluoromethoxy)-propane,,,,,,,CC(C)OC(F)(F)F
2-(trifluoromethoxy)butane,,,,,,,CC[C@@H](C)OC(F)(F)F
2-(trifluoromethoxy)ethanamine,,,,,,,C(COC(F)(F)F)N
2-(trifluoromethoxy)pentane,,,,,,,CCC[C@@H](C)OC(F)(F)F
2-(trifluoromethyl)benzenamine,,,,,,,FC(F)(F)c1c(N)cccc1
2-(trifluoromethyl)benzonitrile,,,,,,,FC(F)(F)c1ccccc1C#N
2-(trimethylsilyl)ethanamine,,,,,,,NCC[Si](C)(C)C
"2-1,3-benzoselenadiazole",,,,,,,c1ccc2c(c1)n[se]n2
2-2-(2-butoxyethoxy)ethoxyethanol,,,,,,,CCCCOCCOCCOCCO
2-2-(2-ethoxyethoxy)ethoxyethanol,,,,,,,CCOCCOCCOCCO
2-2-(2-methoxyethoxy)ethoxyethanol,,,,,,,OCCOCCOCCOC
2-2-(2-methoxypropoxy)propoxy-1-propanol,,,,,,,CO[C@H](C)CO[C@H](C)CO[C@H](C)CO
2-2-(diethylamino)ethoxyethanol,,,,,,,O(CCN(CC)CC)CCO
2-2-(hexyloxy)ethoxyethanol,,,,,,,CCCCCCOCCOCCO
2-5-dimethyl-2h-tetrazole,,,,,,,c1(C)nn(nn1)C
2-acetoacetoxyethylmethacrylate,,,,,,,C=C(C)C(=O)OCCOC(=O)CC(=O)C
2-acetonaphthone,,,,,,,c1ccc2c(c1)cc(cc2)C(=O)C
2-acetothiophene,2-ACETYLTHIOPHENE,BP-TZVP,000088-15-3,126.18,C6H6OS,,s1cccc1C(=O)C
2-acetyl-2-thiazoline,,,,,,,CC(=O)[C]1[N]CCS1
"2-acetyl-3,4,5,6-tetrahydropyridine",,,,,,,C1(=NCCCC1)C(=O)C
"2-acetyl-3,5-dimethylfuran",,,,,,,CC(=O)c1oc(C)cc1C
2-acetyl-3-ethylpyrazine,,,,,,,CCc1nccnc1C(=O)C
2-acetyl-3-methylpyrazine,,,,,,,CC(=O)c1nccnc1C
2-acetyl-4-methylphenol,,,,,,,O=C(c1c(O)ccc(C)c1)C
2-acetyl-5-methylfuran,,,,,,,CC(=O)c1oc(C)cc1
2-acetyl-5-methylthiophene,,,,,,,CC(=O)c1sc(C)cc1
2-acetylbutanedioicacid_anion,,,,,,,C(=O)(C[C@@H](C(=O)C)C(=O)[O])O
2-acetylbutanedioicacid,,,,,,,C(=O)(C[C@@H](C(=O)C)C(=O)O)O
2-acetylbutanolide,,,,,,,O=C1OCC[C@H]1C(=O)C
2-acetylpyridine,,,,,,,O=C(c1ncccc1)C
2-acetylthiazole,,,,,,,CC(=O)c1sccn1
2-adamantanone,,,,,,,C1(=O)[C@H]2C[C@H]3C[C@@H]1C[C@@H](C2)C3
2-allyloxyethanol,,,,,,,O(CCO)CC=C
2-allylphenol,,,,,,,Oc1c(cccc1)CC=C
"2-amino-1,1,3-tricyanopropene",,,,,,,N#CCC(=C(C#N)C#N)N
"2-amino-1,3,4-oxadiazole",,,,,,,o1c(N)nnc1
"2-amino-1,7-dihydro-7-methyl-6h-purin-6-one",,,,,,,O=c1c2c(ncn2C)[nH]c(n1)N
2-amino-1-butanol,,,,,,,N[C@@H](CC)CO
2-amino-1-dimethylaminopropane,,,,,,,C[C@@H](CN(C)C)N
"2-amino-2,4,6-cycloheptatrien-1-one",,,,,,,c1(N)c(=O)ccccc1
"2-amino-2-ethyl-1,3-propanediol",,,,,,,OCC(N)(CC)CO
2-amino-2-fluoroacetaldehyde,,,,,,,C(=O)[C@@H](N)F
"2-amino-2-methyl-1,3-propanediol",,,,,,,OCC(N)(CO)C
2-amino-2-methyl-1-propanol,,,,,,,C(N)(CO)(C)C
2-amino-2-methylpropane,,,,,,,C(C)(C)(C)N
"2-amino-3,5-dibromopyridine",,,,,,,Nc1ncc(cc1Br)Br
2-amino-3-nitrophenol,,,,,,,Oc1c(N)c(N(=O)=O)ccc1
"2-amino-4,6-dimethylpyrimidine",,,,,,,c1(nc(cc(n1)C)C)N
2-amino-4-chloro-6-methylpyrimidine,,,,,,,Nc1nc(cc(n1)Cl)C
2-amino-4-chlorophenol,,,,,,,Oc1c(N)cc(cc1)Cl
2-amino-4-hydroxy-6-methylpyrimidine,,,,,,,Nc1nc(cc(n1)O)C
2-amino-4-methylphenol,,,,,,,Oc1c(N)cc(cc1)C
2-amino-4-nitroaniline,,,,,,,O=N(=O)c1ccc(N)c(N)c1
2-amino-4-nitrophenol,,,,,,,O=N(=O)c1ccc(O)c(N)c1
2-amino-4-pyrimidone,,,,,,,n1c(N)[nH]c(=O)cc1
"2-amino-5-me-1,3,4-oxadiazole",,,,,,,o1c(N)nnc1C
2-amino-5-methylbenzoic_acid,,,,,,,Cc1ccc(c(c1)C(=O)O)N
2-amino-6-methylheptane,OCTODRINE,BP-TZVP,000543-82-8,129.24,C8H19N,,N[C@@H](CCCC(C)C)C
"2-amino-9,10-anthracenedione",,,,,,,c12C(=O)c3c(C(=O)c1ccc(c2)N)cccc3
2-amino-butyricacid,,,,,,,CC[C@@H]([NH3])C(=O)[O]
2-amino-n-hydroxybenzamide_anion1,,,,,,,c1ccc(c(c1)C(=O)[N]O)N
2-amino-n-hydroxybenzamide_anion2,,,,,,,c1ccc(c(c1)C(=O)N[O])N
2-amino-n-hydroxybenzamide,,,,,,,c1ccc(c(c1)C(=O)NO)N
2-amino-pentanoicacid,,,,,,,CCC[C@@H]([NH3])C(=O)[O]
2-aminoacridine,,,,,,,Nc1ccc2nc3ccccc3cc2c1
2-aminoacridine_cation,,,,,,,Nc1ccc2N[C]3C=CC=CC3=Cc2c1
2-aminoanthracene,,,,,,,c1ccc2c(c1)cc1c(c2)ccc(c1)N
2-aminobenzamide,,,,,,,O=C(N)c1c(N)cccc1
2-aminobenzenemethanol,,,,,,,OCc1c(N)cccc1
2-aminobenzenethiol,,,,,,,Sc1c(N)cccc1
2-aminobenzoicacidmethylester,,,,,,,c1ccc(c(c1)C(=O)OC)N
2-aminobenzoicacid,,,,,,,OC(=O)c1c(N)cccc1
2-aminobenzonitrile,,,,,,,N#Cc1c(N)cccc1
2-aminobenzothiazole,2-aminobenzothiazole,BP-TZVP,000136-95-8,150.2,C7H6N2S,,Nc1nc2c(cccc2)s1
2-aminoethanethiol,2-aminoethanethiol,BP-TZVP,000060-23-1,77.15,C2H7NS,,NCCS
2-aminoethanimidicacid,,,,,,,C(C=N)N
2-aminohexafluoropropan-2-ol,,,,,,,C(C(F)(F)F)(C(F)(F)F)(N)O
2-aminophenol,,,,,,,Nc1c(O)cccc1
2-aminopropanol,,,,,,,OC[C@@H](N)C
2-aminopyrazine,,,,,,,n1c(N)cncc1
2-aminopyridine,,,,,,,Nc1ccccn1
2-aminopyridine_cation,,,,,,,[CH]1C=CC=C(N1)N
2-aminopyrimidine,,,,,,,c1cc(nnc1)N
2-aminoquinoline,,,,,,,n1c2c(cccc2)ccc1N
2-aminothiazole_cation,,,,,,,N[C]1NC=CS1
2-anilinoethanol,,,,,,,OCCNc1ccccc1
2-azacyclo-nonanone,,,,,,,O=C1NCCCCCCC1
2-azacyclooctanone,,,,,,,C1C(=O)NCCCCC1
2-azacyclopentanthione,2-AZACYCLOPENTANTHIONE,BP-TZVP,002295-35-4,101.17,C4H7NS,,C1C(=S)NCC1
2-azetidinecarboxylicacid,,,,,,,N1CC[C@H]1C(=O)O
2-azetidinone,,,,,,,C1CNC1=O
2-benzimidazolinone,,,,,,,O=c1[nH]c2c(cccc2)[nH]1
2-benzofurancarboxylicacid,2-benzofurancarboxylicacid,BP-TZVP,000496-41-3,162.14,C9H6O3,,O=C(O)c1oc2c(cccc2)c1
2-benzoxazolinone,,,,,,,O=c1oc2c(cccc2)[nH]1
"2-benzyl-5,5-dimethyl-1,3,2-dioxaphosphinane2-oxide",,,,,,,CC1(C)COP(=O)(OC1)Cc1ccccc1
2-benzylphenol,,,,,,,Oc1c(cccc1)Cc1ccccc1
"2-bromo-1,1,1,2,3,4,4,4-octafluoro-butane",,,,,,,[C@@H]([C@@](C(F)(F)F)(F)Br)(C(F)(F)F)F
"2-bromo-1,1,1,2,3-pentafluoropropane",,,,,,,C([C@@](C(F)(F)F)(F)Br)F
"2-bromo-1,1,1,2-tetrafluorobutane",,,,,,,CC[C@@](C(F)(F)F)(F)Br
"2-bromo-1,1,1,3,3,3-hexafluoro-2-(trifluoromethyl)propane",,,,,,,C(C(F)(F)F)(C(F)(F)F)(C(F)(F)F)Br
"2-bromo-1,1,1-trifluorobutane",,,,,,,CC[C@@H](C(F)(F)F)Br
"2-bromo-1,1,1-trifluoropropane",,,,,,,C[C@H](C(F)(F)F)Br
"2-bromo-1,1,2,2-tetrafluoroethanol",,,,,,,C(C(F)(F)Br)(O)(F)F
"2-bromo-1,1,2-trifluoroethanol",,,,,,,[C@H](C(O)(F)F)(F)Br
"2-bromo-1,1,2-trifluoroethyl-methylether",,,,,,,COC([C@@H](F)Br)(F)F
"2-bromo-1,1-difluoroethene",,,,,,,C(=C(F)F)Br
"2-bromo-1-chloro-1,1,2-trifluoroethane",,,,,,,[C@H](C(F)(F)Cl)(F)Br
"2-bromo-1-chloro-1,1,2-trifluoropropane",,,,,,,C[C@@](C(F)(F)Cl)(F)Br
2-bromo-1-chloropropane,,,,,,,Br[C@@H](CCl)C
2-bromo-1-fluoro-propane,,,,,,,C[C@@H](CF)Br
"2-bromo-2-chloro-1,1,1-trifluoroethane",,,,,,,C([C@H](Br)Cl)(F)(F)F
2-bromo-2-chloropropane,,,,,,,ClC(Br)(C)C
2-bromo-2-methylbutane,,,,,,,BrC(CC)(C)C
2-bromo-2-methylpentane,,,,,,,BrC(CCC)(C)C
2-bromo-2-methylpropane,,,,,,,CC(Br)(C)C
2-bromo-2-methylpropanoicacid,2-bromo-2-methylpropanoicacid,BP-TZVP,002052-01-9,167,C4H7BrO2,,O=C(O)C(Br)(C)C
2-bromoaniline,,,,,,,c1cc(c(cc1)N)Br
2-bromoaniline_cation,,,,,,,c1cc(c(cc1)[NH3])Br
2-bromobenzoicacid_anion,,,,,,,[O]C(=O)c1c(Br)cccc1
2-bromobenzoicacid,2-bromobenzoicacid,BP-TZVP,000088-65-3,201.02,C7H5BrO2,,OC(=O)c1c(Br)cccc1
2-bromobenzonitrile,,,,,,,Brc1ccccc1C#N
2-bromobut-2-ene,,,,,,,C(=C\C)(\Br)/C
2-bromobutane,,,,,,,C[C@H](Br)CC
2-bromoethanamine,,,,,,,C(CBr)N
2-bromoethanolacetate,,,,,,,O=C(OCCBr)C
2-bromoethanol,,,,,,,OCCBr
2-bromoheptafluoropropane,,,,,,,C(C(F)(F)F)(C(F)(F)F)(F)Br
2-bromohexane,,,,,,,Br[C@@H](CCCC)C
2-bromonaphthalene,,,,,,,c1(Br)cc2c(cc1)cccc2
2-bromopentane,2-bromopentane,BP-TZVP,000107-81-3,151.05,C5H11Br,,Br[C@@H](CCC)C
2-bromophenol,O-BROMOPHENOL,BP-TZVP,000095-56-7,173.01,C6H5BrO,,c1cc(c(cc1)Br)O
2-bromopropane,,,,,,,CC(Br)C
2-bromopropene,"1-PROPENE,2-BROMO-",BP-TZVP,000557-93-7,120.98,C3H5Br,,C(=C)(Br)C
2-bromopyridine,,,,,,,n1c(Br)cccc1
2-bromopyridine_cation,,,,,,,N1[C](Br)C=CC=C1
2-bromothiazole,,,,,,,n1ccsc1Br
2-bromothiophene,2-bromothiophene,BP-TZVP,001003-09-4,163.04,C4H3BrS,,c1ccc(Br)s1
2-butanamine,,,,,,,CC[C@@H](N)C
2-butanethiol,,,,,,,C[C@@H](S)CC
2-butanol_anion,,,,,,,CC[C@@H](C)[O]
2-butanol,,,,,,,CC[C@@H](C)O
2-butanoneoxime,,,,,,,N(=C(\CC)/C)/O
"2-butene-1,4-diol","2-BUTENE-1,4-DIOL(CIS)",BP-TZVP,006117-80-2,88.11,C4H8O2,,OC/C=C\CO
2-butenoicacidanhydride,,,,,,,O=C(OC(=O)/C=C/C)/C=C/C
2-butenol,,,,,,,C/C=C/CO
2-butenoylchloride,2-BUTENOYLCHLORIDE,BP-TZVP,010487-71-5,104.54,C4H5ClO,,O=C(/C=C/C)Cl
2-butenyl-p-tolylsulfone,,,,,,,c1c(ccc(c1)C)S(=O)(=O)C/C=C/C
2-butenylbenzene,,,,,,,c1ccc(C/C=C/C)cc1
2-butoxyethanolacetate,,,,,,,CC(=O)OCCOCCCC
2-butoxyethanol,,,,,,,CCCCOCCO
2-butyl-1-decanol,,,,,,,CCCCCCCC[C@H](CCCC)CO
2-butyl-1-nonanol,,,,,,,CCCCCCC[C@@H](CO)CCCC
2-butyl-1-octanol,,,,,,,CCCCCC[C@H](CCCC)CO
"2-butyl-2-ethyl-1,3-propanediol","2-butyl-2-ethyl-1,3-propanediol",BP-TZVP,000115-84-4,160.25,C9H20O2,,OCC(CCCC)(CC)CO
2-butylbenzene,,,,,,,c1ccccc1[C@H](CC)C
2-butylbenzothiophene,,,,,,,c1cccc2cc(CCCC)sc12
2-butylfuran,,,,,,,CCCCc1occc1
2-butylisothiocyanate,,,,,,,CC[C@@H](C)N=C=S
2-butylphenol,,,,,,,Oc1ccccc1CCCC
2-butylpyridine,,,,,,,CCCCc1ccccn1
2-butylthiophene,,,,,,,s1cccc1CCCC
2-butyn-1-ol,2-BUTYN-1-OL,BP-TZVP,000764-01-2,70.09,C4H6O,,C(#CC)CO
"2-butyne-1,4-diol",,,,,,,OCC#CCO
2-butynediamide,,,,,,,O=C(C#CC(=O)N)N
2-butynedinitrile,,,,,,,C(#CC#N)C#N
2-butyne,,,,,,,CC#CC
2-butynoicacid,2-butynoicacid,BP-TZVP,000590-93-2,84.07,C4H4O2,,O=C(O)C#CC
2-butyrylfuran,,,,,,,CCCC(=O)c1occc1
2-carene,,,,,,,CC1=C[C@H]2C(C)(C)[C@H]2CC1
2-chlor-5-methyl-aniline,,,,,,,Cc1ccc(Cl)c(N)c1
"2-chloro-1,1,1,2,3,3,3-heptafluoropropane",,,,,,,ClC(C(F)(F)F)(C(F)(F)F)F
"2-chloro-1,1,1,2,3,3-hexafluorobutane",,,,,,,CC([C@@](C(F)(F)F)(F)Cl)(F)F
"2-chloro-1,1,1,2,3,3-hexafluoropropane",,,,,,,Cl[C@@](C(F)(F)F)(C(F)F)F
"2-chloro-1,1,1,2,3,4,4-heptafluoro-3-methyl-butane",,,,,,,C[C@@](C(F)F)([C@@](C(F)(F)F)(F)Cl)F
"2-chloro-1,1,1,2,3-pentafluoropropane",,,,,,,C([C@@](C(F)(F)F)(F)Cl)F
"2-chloro-1,1,1,2,4,4,4-heptafluoro-3-methylbutane",,,,,,,C[C@@H]([C@@](C(F)(F)F)(F)Cl)C(F)(F)F
"2-chloro-1,1,1,2,4-pentafluoro-butane",,,,,,,C(CF)[C@@](C(F)(F)F)(F)Cl
"2-chloro-1,1,1,2-tetrafluoro-3-methylbutane",,,,,,,CC(C)[C@@](C(F)(F)F)(F)Cl
"2-chloro-1,1,1,2-tetrafluoropropane",,,,,,,Cl[C@@](C(F)(F)F)(C)F
"2-chloro-1,1,1,3,3,3-hexafluoro-2-(trifluoromethyl)propane",,,,,,,C(C(F)(F)F)(C(F)(F)F)(C(F)(F)F)Cl
"2-chloro-1,1,1,3,3,3-hexafluoro-2-methoxypropane",,,,,,,COC(C(F)(F)F)(C(F)(F)F)Cl
"2-chloro-1,1,1,3,3,3-hexafluoropropane",,,,,,,C(C(F)(F)F)(C(F)(F)F)Cl
"2-chloro-1,1,1,3,3-pentafluoro-2-methyl-propane",,,,,,,C[C@@](C(F)F)(C(F)(F)F)Cl
"2-chloro-1,1,1,3,3-pentafluoro-butane",,,,,,,CC([C@@H](C(F)(F)F)Cl)(F)F
"2-chloro-1,1,1,3,3-pentafluoropropane",,,,,,,Cl[C@@H](C(F)(F)F)C(F)F
"2-chloro-1,1,1,3,4,4,4-heptafluoro-2-methyl-butane",,,,,,,C[C@@]([C@@H](C(F)(F)F)F)(C(F)(F)F)Cl
"2-chloro-1,1,1,3,4,4,4-heptafluorobutane",,,,,,,[C@H]([C@@H](C(F)(F)F)Cl)(C(F)(F)F)F
"2-chloro-1,1,1,3,4,4-hexafluoro-2-(trifluoromethyl)butane",,,,,,,[C@H](C(F)F)(C(C(F)(F)F)(C(F)(F)F)Cl)F
"2-chloro-1,1,1,3-tetrafluoropropane",,,,,,,Cl[C@@H](C(F)(F)F)CF
"2-chloro-1,1,1,4,4,4-hexafluorobutane",,,,,,,C([C@@H](C(F)(F)F)Cl)C(F)(F)F
"2-chloro-1,1,1,4,5,5,5-heptafluoropentane",,,,,,,C([C@@H](C(F)(F)F)F)[C@@H](C(F)(F)F)Cl
"2-chloro-1,1,1,4-tetrafluoro-2-(trifluoromethyl)-butane",,,,,,,C(CF)C(C(F)(F)F)(C(F)(F)F)Cl
"2-chloro-1,1,1-trifluoro-2-methyl-propane",,,,,,,CC(C)(C(F)(F)F)Cl
"2-chloro-1,1,1-trifluoro-3,3-dimethyl-2-(trifluoromethyl)butane",,,,,,,CC(C)(C)C(C(F)(F)F)(C(F)(F)F)Cl
"2-chloro-1,1,1-trifluorobutane",,,,,,,CC[C@@H](C(F)(F)F)Cl
"2-chloro-1,1,1-trifluoroethane",,,,,,,ClCC(F)(F)F
"2-chloro-1,1,1-trifluoropropane",,,,,,,C[C@@H](C(F)(F)F)Cl
"2-chloro-1,1,2,3,3,4,4-heptafluorobutane",,,,,,,C(C([C@@](C(F)F)(F)Cl)(F)F)(F)F
"2-chloro-1,1,2,3-tetrafluoropropane",,,,,,,C([C@@](C(F)F)(F)Cl)F
"2-chloro-1,1,2-trifluoro-ethanamine",,,,,,,[C@H](C(N)(F)F)(F)Cl
"2-chloro-1,1,2-trifluoro-n,n-bis(trifluoromethyl)ethanamine",,,,,,,[C@H](C(N(C(F)(F)F)C(F)(F)F)(F)F)(F)Cl
"2-chloro-1,1,2-trifluorobutane",,,,,,,CC[C@](C(F)F)(F)Cl
"2-chloro-1,1,2-trifluoroethanol",,,,,,,[C@H](C(O)(F)F)(F)Cl
"2-chloro-1,1,2-trifluoroethyl-methylether",,,,,,,COC([C@@H](F)Cl)(F)F
"2-chloro-1,1,2-trifluoropropane",,,,,,,C[C@@](C(F)F)(F)Cl
"2-chloro-1,1,3,3,3-pentafluoro-1-propene",,,,,,,ClC(=C(F)F)C(F)(F)F
"2-chloro-1,1,3,3-tetrafluoropropane",,,,,,,C(Cl)(C(F)F)C(F)F
"2-chloro-1,1-diethoxyethane",,,,,,,O(C(OCC)CCl)CC
"2-chloro-1,1-difluoro-1-methoxyethane",,,,,,,COC(CCl)(F)F
"2-chloro-1,1-difluoroethanol",,,,,,,C(C(O)(F)F)Cl
"2-chloro-1,1-difluoropropane",,,,,,,C[C@@H](C(F)F)Cl
"2-chloro-1,1-dimethoxyethane",,,,,,,O(C(OC)CCl)C
"2-chloro-1,2,2-trifluoro-ethanol",,,,,,,[C@H](C(F)(F)Cl)(O)F
"2-chloro-1,2,2-trifluoro-n,n-bis(trifluoromethyl)ethanamine",,,,,,,[C@H](C(F)(F)Cl)(N(C(F)(F)F)C(F)(F)F)F
"2-chloro-1,2,3,3-tetrafluorobutane",,,,,,,CC([C@@](CF)(F)Cl)(F)F
"2-chloro-1,2,4-trifluorobutane",,,,,,,C(CF)[C@@](CF)(F)Cl
"2-chloro-1,2-difluoro-propane",,,,,,,C[C@@](CF)(F)Cl
"2-chloro-1,3,5-trimethylbenzene",,,,,,,Clc1c(cc(C)cc1C)C
"2-chloro-1,3-butadiene",,,,,,,C=C(Cl)C=C
"2-chloro-1,3-difluoro-2,3-dimethylbutane",,,,,,,CC(C)([C@@](C)(CF)Cl)F
"2-chloro-1,3-difluoropropane",,,,,,,C(C(CF)Cl)F
"2-chloro-1,3-propanediol",,,,,,,C(CO)(CO)Cl
"2-chloro-1,4-benzenediol",,,,,,,Clc1c(O)ccc(c1)O
"2-chloro-1,4-dimethylbenzene",,,,,,,c1(ccc(c(Cl)c1)C)C
2-chloro-1-butene,,,,,,,C(=C)(CC)Cl
"2-chloro-1-ethoxy-1,1,2-trifluoroethane",,,,,,,CCOC([C@@H](F)Cl)(F)F
"2-chloro-1-ethoxy-1,1-difluoro-ethane",,,,,,,CCOC(CCl)(F)F
2-chloro-1-fluoro-propane,,,,,,,C[C@@H](CF)Cl
2-chloro-1-methoxypropane,,,,,,,Cl[C@@H](C)COC
2-chloro-1-nitropropane,,,,,,,Cl[C@@H](C)CN(=O)=O
2-chloro-1-propanol,2-chloro-1-propanol,BP-TZVP,000078-89-7,94.54,C3H7ClO,,OC[C@@H](Cl)C
2-chloro-1-propene,,,,,,,CC(=C)Cl
"2-chloro-2,3,3,4,4,5,5-heptafluorooxolane",,,,,,,C1(C([C@@](OC1(F)F)(F)Cl)(F)F)(F)F
"2-chloro-2,3,3-trifluorobutane",,,,,,,CC([C@@](C)(F)Cl)(F)F
"2-chloro-2,5-cyclohexadiene-1,4-dione",,,,,,,ClC1=CC(=O)C=CC1=O
"2-chloro-2-(chlorodifluoromethoxy)-1,1,1-trifluoroethane",,,,,,,[C@H](C(F)(F)F)(OC(F)(F)Cl)Cl
"2-chloro-2-(chloromethyl)-1,1,1,3,3,3-hexafluoropropane",,,,,,,C(C(C(F)(F)F)(C(F)(F)F)Cl)Cl
"2-chloro-2-(difluoromethoxy)-1,1,1,3,3,3-hexafluoropropane",,,,,,,C(OC(C(F)(F)F)(C(F)(F)F)Cl)(F)F
2-chloro-2-butenal,2-CHLORO-2-BUTENAL,BP-TZVP,053175-28-3,104.54,C4H5ClO,,Cl/C(=C\C)/C=O
2-chloro-2-butenoicacid,,,,,,,OC(=O)/C(=C/C)/Cl
2-chloro-2-fluoroethanamine,,,,,,,C([C@@H](F)Cl)N
2-chloro-2-fluoropentane,,,,,,,CCC[C@@](C)(F)Cl
2-chloro-2-fluoropropane,,,,,,,ClC(C)(C)F
2-chloro-2-methylbutane,,,,,,,C(CC)(Cl)(C)C
2-chloro-2-methylpropanal,,,,,,,O=CC(C)(C)Cl
2-chloro-2-methylpropane,,,,,,,CC(C)(Cl)C
2-chloro-2-propenamide,,,,,,,O=C(C(=C)Cl)N
2-chloro-2-propenenitrile,,,,,,,N#CC(=C)Cl
2-chloro-3-methyl-2-butene,,,,,,,ClC(=C(C)C)C
2-chloro-4-methylbenzenamine,,,,,,,Nc1c(cc(cc1)C)Cl
2-chloro-4-methylpyridine,,,,,,,Clc1nccc(c1)C
2-chloro-4-nitrobenzamide,,,,,,,NC(=O)c1ccc(cc1Cl)N(=O)=O
"2-chloro-5,5-dimethyl-1,3,2-dioxaphosphinane2-oxide",,,,,,,CC1(C)COP(=O)(Cl)OC1
2-chloro-6-methylpyridine,,,,,,,Clc1nc(ccc1)C
2-chloro-benzoicacid_anion,,,,,,,c1(C(=O)[O])c(Cl)cccc1
2-chloro-benzoicacid,2-CHLORO-BENZOICACID,BP-TZVP,000118-91-2,156.57,C7H5ClO2,,c1(C(=O)O)c(Cl)cccc1
2-chloro-ethanethiol,,,,,,,SCCCl
2-chloro-ethanimine,,,,,,,C(C=N)Cl
2-chloro-m-nitroacetophenone,,,,,,,c1(cc(ccc1)CC(=O)Cl)N(=O)=O
"2-chloro-n,n-dimethylacetamide",,,,,,,ClCC(=O)N(C)C
"2-chloro-n,n-dimethylethanamine",,,,,,,CN(C)CCCl
2-chloro-n-(2-chloroethyl)ethanamine,,,,,,,ClCCNCCCl
2-chloro-n-hydroxybenzamide_anion1,,,,,,,c1ccc(c(c1)C(=O)[N]O)Cl
2-chloro-n-hydroxybenzamide_anion2,,,,,,,c1ccc(c(c1)C(=O)N[O])Cl
2-chloro-n-hydroxybenzamide,,,,,,,c1ccc(c(c1)C(=O)NO)Cl
2-chloro-n-methylethanamine,,,,,,,CNCCCl
2-chloro-pyridine_cation,,,,,,,Cl[C]1C=CC=CN1
2-chloroacetamide,,,,,,,O=C(N)CCl
2-chloroacetanilide,,,,,,,c1(ccccc1NC(=O)C)Cl
2-chloroacetophenone,,,,,,,c1c(cccc1)C(=O)CCl
2-chloroaniline,,,,,,,c1(c(Cl)cccc1)N
2-chloroaniline_cation,,,,,,,c1(c(Cl)cccc1)[NH3]
2-chloroanisole,,,,,,,c1(c(OC)cccc1)Cl
2-chlorobenzaldehyde,2-chlorobenzaldehyde,BP-TZVP,000089-98-5,140.57,C7H5ClO,,O=Cc1c(cccc1)Cl
2-chlorobenzamide,,,,,,,c1ccc(c(c1)Cl)C(=O)N
2-chlorobenzonitrile,2-chlorobenzonitrile,BP-TZVP,000873-32-5,137.57,C7H4ClN,,N#Cc1c(cccc1)Cl
2-chlorobenzoxazole,,,,,,,c1ccc2nc(Cl)oc2c1
2-chlorobiphenyl,,,,,,,c1ccccc1c1ccccc1Cl
2-chlorobutane,,,,,,,CC[C@H](C)Cl
2-chlorocyclohexanone,,,,,,,O=C1[C@@H](CCCC1)Cl
2-chlorodibenzo-p-dioxin,,,,,,,Clc1cc2c(cc1)Oc1c(O2)cccc1
2-chloroethanesulfonylchloride,,,,,,,O=S(=O)(CCCl)Cl
2-chloroethanolacetate,2-chloroethanolacetate,BP-TZVP,000542-58-5,122.55,C4H7ClO2,,O=C(OCCCl)C
2-chloroethanol_anion,,,,,,,C(CCl)[O]
2-chloroethanol,2-CHLOROETHANOL,BP-TZVP,000594-01-4,80.51,C2H5ClO,,C(CCl)O
2-chloroethylamine,,,,,,,C(CCl)N
2-chloroethylethylether,,,,,,,CCOCCCl
2-chloroethylethylsulfide,,,,,,,S(CCCl)CC
2-chloroethylmethylsulfide,,,,,,,ClCCSC
2-chlorofuran,,,,,,,c1coc(c1)Cl
2-chlorohexane,2-chlorohexane,BP-TZVP,000638-28-8,120.62,C6H13Cl,,[C@H](CCCC)(Cl)C
2-chloronaphthalene,,,,,,,c1ccc2c(c1)ccc(c2)Cl
2-chlorooctane,,,,,,,[C@H](CCCCCC)(Cl)C
"2-chloropenta-1,4-diene",,,,,,,C=CCC(=C)Cl
2-chloropentane,,,,,,,C(CC)[C@H](Cl)C
2-chlorophenol_anion,,,,,,,c1cccc(c1[O])Cl
2-chlorophenol,2-chlorophenol,BP-TZVP,000095-57-8,128.56,C6H5ClO,,c1cc(c(cc1)Cl)O
2-chlorophenylurea,,,,,,,c1ccc(c(c1)Cl)NC(=O)N
2-chloropropanal,,,,,,,C[C@@H](C=O)Cl
2-chloropropanenitrile,,,,,,,[C@@H](C)(Cl)C#N
2-chloropropane,,,,,,,C(C)(C)Cl
2-chloropropanoicacid_anion,,,,,,,C[C@@H](C(=O)[O])Cl
2-chloropropionicacid,,,,,,,O=C(O)[C@@H](Cl)C
2-chloropyridine,,,,,,,n1c(cccc1)Cl
2-chloropyrimidine,"PYRIMIDINE,2-CHLORO-",BP-TZVP,001722-12-9,114.53,C4H3ClN2,,c1cnc(Cl)nc1
2-chloroquinoline,,,,,,,n1c2c(cccc2)ccc1Cl
2-chlorothiophene,,,,,,,c1ccc(Cl)s1
2-coco-furylfuran,2-coco-furylfuran,BP-TZVP,000492-94-4,190.15,C10H6O4,,O=C(C(=O)c1ccco1)c1ccco1
"2-cyano-1,3-bis[(1e)-(dimethylamino)methylene]guanidine",,,,,,,CN(C)/C=N/C(=N\C#N)/N=C/N(C)C
2-cyano-1-methyl-3-propylguanidine,,,,,,,CCCN/C(=N/C#N)/NC
2-cyano-2-nitroadamantane,2-Cyano-2-nitroadamantane,BP-TZVP,128478-71-7,206.24,C11H14N2O2,,[C@H]12C[C@H]3C[C@@H](C2)C[C@@H](C1)[C@]3(C#N)N(=O)=O
2-cyanoacetamide,,,,,,,N#CCC(=O)N
2-cyanoacethydrazide,,,,,,,NNC(=O)CC#N
2-cyanomethylfuran,2-CYANOMETHYLFURAN,BP-TZVP,002745-25-7,107.11,C6H5NO,,o1cccc1CC#N
2-cyanopyridine,,,,,,,N#Cc1ncccc1
2-cyanoquinoline,,,,,,,c1ccc2ccc(C#N)nc2c1
2-cyclohexen-1-ol,,,,,,,O[C@H]1C=CCCC1
2-cyclohexen-1-one-oxime,,,,,,,O/N=C/1\C=CCCC1
2-cyclohexen-1-one,,,,,,,O=C1C=CCCC1
2-cyclopenten-1-one,,,,,,,O=C1C=CCC1
2-cyclopentylcyclopentanone,,,,,,,O=C1CCC[C@H]1C1CCCC1
2-decanone,,,,,,,CCCCCCCCC(=O)C
2-decenal,,,,,,,O=C/C=C/CCCCCCC
2-di(perfluorophenyl)methyl-(perfluoronaphthalene)_anion,,,,,,,Fc1c(F)c(F)c([C](c2c(F)c(F)c(F)c(F)c2F)c2c(F)c(F)c3c(F)c(F)c(F)c(F)c3c2F)c(F)c1F
2-di(perfluorophenyl)methyl-(perfluoronaphthalene),,,,,,,Fc1c(F)c(F)c(C(c2c(F)c(F)c(F)c(F)c2F)c2c(F)c(F)c3c(F)c(F)c(F)c(F)c3c2F)c(F)c1F
2-dimethylaminoacetonitrile,,,,,,,CN(C)CC#N
2-dimethylaminoacetonitrile_cation,,,,,,,C[NH](C)CC#N
"2-ethenyl-1,3,5-trimethylbenzene",,,,,,,c1(c(cc(cc1C)C)C)C=C
2-ethenylnaphthalene,,,,,,,c1ccc2cc(C=C)ccc2c1
"2-ethoxy-1,1,1,2,3,3-hexafluoropropane",,,,,,,CCO[C@@](C(F)F)(C(F)(F)F)F
"2-ethoxy-1,1,1,2,3,4,4,4-octafluoro-3-(trifluoromethyl)butane",,,,,,,CCO[C@@](C(C(F)(F)F)(C(F)(F)F)F)(C(F)(F)F)F
"2-ethoxy-1,1,1,2-tetrafluoro-ethane",,,,,,,CCO[C@@H](C(F)(F)F)F
"2-ethoxy-1,1,1,3,3,3-hexafluoro-2-(trifluoromethyl)-propane",,,,,,,CCOC(C(F)(F)F)(C(F)(F)F)C(F)(F)F
"2-ethoxy-1,1,1,3,3,3-hexafluoropropane",,,,,,,CCOC(C(F)(F)F)C(F)(F)F
"2-ethoxy-1,1,1,3-tetrafluoropropane",,,,,,,CCO[C@@H](CF)C(F)(F)F
"2-ethoxy-1,1,1,4,4,4-hexafluorobutane",,,,,,,CCO[C@@H](CC(F)(F)F)C(F)(F)F
"2-ethoxy-1,1,1,4,4-pentafluorobutane",,,,,,,CCO[C@@H](CC(F)F)C(F)(F)F
"2-ethoxy-1,1,1-trifluoroethane",,,,,,,CCOCC(F)(F)F
"2-ethoxy-1,1,1-trifluoropropane",,,,,,,CCO[C@@H](C)C(F)(F)F
"2-ethoxy-1,1-difluoro-propane",,,,,,,CCO[C@@H](C)C(F)F
"2-ethoxy-1,2-oxaphosphinane2-oxide",,,,,,,CCO[P@@]1(=O)CCCCO1
"2-ethoxy-1,2-oxaphospholane2-oxide",,,,,,,CCO[P@@]1(=O)CCCO1
"2-ethoxy-1,3,2-dioxaphosphinane2-oxide",,,,,,,CCOP1(=O)OCCCO1
"2-ethoxy-1,3,2-dioxaphospholane2-oxide",,,,,,,CCOP1(=O)OCCO1
"2-ethoxy-1,3-difluorobutane",,,,,,,CCO[C@@H](CF)[C@@H](C)F
"2-ethoxy-1,3-difluoropropane",,,,,,,CCOC(CF)CF
2-ethoxy-1-propanol,,,,,,,CCO[C@@H](C)CO
"2-ethoxy-2,3,3-trifluorobutane",,,,,,,CCO[C@@](C)(C(C)(F)F)F
2-ethoxy-2-methyl-propane,,,,,,,CCOC(C)(C)C
2-ethoxy-3-isopropylpyrazine,,,,,,,CCOc1nccnc1C(C)C
2-ethoxy-butane,,,,,,,O([C@@H](CC)C)CC
2-ethoxy-n-methylethanamine,,,,,,,CCOCCNC
2-ethoxy-propane,,,,,,,CCOC(C)C
2-ethoxyaniline,,,,,,,O(c1c(N)cccc1)CC
2-ethoxybenzaldehyde,,,,,,,O=Cc1c(OCC)cccc1
2-ethoxybenzamide,,,,,,,O=C(N)c1c(OCC)cccc1
2-ethoxybenzoicacid,,,,,,,O=C(O)c1c(OCC)cccc1
2-ethoxyethanamine,,,,,,,O(CCN)CC
2-ethoxyethanolacetate,,,,,,,CC(=O)OCCOCC
2-ethoxyethylacrylate,,,,,,,O=C(OCCOCC)C=C
2-ethoxythiazole,,,,,,,CCOc1sccn1
"2-ethyl-1,3,3-trimethyl-2-norbornanol",,,,,,,CC[C@@]1(O)C(C)(C)[C@H]2CC[C@]1(C)C2
"2-ethyl-1,3-dimethylbenzene",,,,,,,c1(C)c(CC)c(C)ccc1
"2-ethyl-1,3-dioxolane",,,,,,,O1CCOC1CC
"2-ethyl-1,3-hexanediol",,,,,,,O[C@H]([C@H](CO)CC)CCC
"2-ethyl-1,4-dimethylbenzene",,,,,,,c1(C)c(CC)cc(C)cc1
2-ethyl-1-butanol,,,,,,,OCC(CC)CC
2-ethyl-1-butene,,,,,,,C(=C)(CC)CC
2-ethyl-1-hexanol,,,,,,,OC[C@@H](CC)CCCC
2-ethyl-1-pentene,,,,,,,C=C(CC)CCC
2-ethyl-1h-imidazole,2-ethyl-1H-imidazole,BP-TZVP,001072-62-4,96.13,C5H8N2,,CCc1[nH]ccn1
2-ethyl-1h-pyrrole,,,,,,,[nH]1cccc1CC
"2-ethyl-2-(hydroxymethyl)-1,3-propanediol",,,,,,,CCC(CO)(CO)CO
2-ethyl-2-hexenal,,,,,,,O=C/C(=C/CCC)/CC
2-ethyl-2-hydroxybutyricacid,"BUTANOICACID,2-ETHYL-2-HYDROXY-",BP-TZVP,003639-21-2,132.16,C6H12O3,,O=C(C(O)(CC)CC)O
2-ethyl-2-methyl-1-butanamine,,,,,,,CCC(C)(CC)CN
"2-ethyl-2-nitro-1,3-propanediol",,,,,,,O=N(=O)C(CC)(CO)CO
2-ethyl-2-phenylgluterimide,,,,,,,C1(=O)NC(=O)CC[C@@]1(c1ccccc1)CC
2-ethyl-3-methyl-1-butene,,,,,,,C=C(CC)C(C)C
2-ethyl-3-methylpyrazine,,,,,,,n1c(c(ncc1)CC)C
2-ethyl-3-methylthiopyrazine,,,,,,,CCc1nccnc1SC
2-ethyl-3-oxobutanoicacidethylester,,,,,,,O=C(OCC)[C@@H](C(=O)C)CC
2-ethyl-3_5-dimethyl-pyrazin_b,,,,,,,c1(c(ncc(n1)C)C)CC
"2-ethyl-4,5-dimethyloxazole",,,,,,,CCc1oc(C)c(C)n1
2-ethyl-4-methylthiazole,,,,,,,CCc1scc(C)n1
2-ethyl-5-methylpyrazine,,,,,,,CCc1cnc(C)cn1
2-ethyl-6-methylpyrazine,,,,,,,CCc1cncc(C)n1
2-ethyl-6-methylpyridine,,,,,,,n1c(cccc1CC)C
2-ethyl-hexanal,,,,,,,O=C[C@@H](CC)CCCC
2-ethyl-hexanoicacid,,,,,,,CCCC[C@@H](CC)C(=O)O
2-ethyl-n-(2-ethylhexyl)-1-hexanamine,,,,,,,CCCC[C@@H](CC)CNC[C@@H](CC)CCCC
2-ethyl-tetrahydrothiophene,,,,,,,CC[C@H]1CCCS1
2-ethylaziridine,,,,,,,N1[C@@H](CC)C1
2-ethylbenzeneamine,,,,,,,c1(N)c(CC)cccc1
2-ethylbenzoicacid,,,,,,,c1c(c(ccc1)C(=O)O)CC
2-ethylbenzothiophene,,,,,,,c1cccc2cc(CC)sc12
2-ethylbutanoicacidmethylester,,,,,,,O=C(OC)C(CC)CC
2-ethylbutanoylchloride,,,,,,,O=C(C(CC)CC)Cl
2-ethylbutylamine,,,,,,,CCC(CC)CN
2-ethylbutyraldehyde,,,,,,,O=CC(CC)CC
2-ethylbutyricacid,,,,,,,O=C(C(CC)CC)O
2-ethylcarboxylatethiophene,,,,,,,s1cccc1C(=O)OCC
2-ethylfuran,,,,,,,c1coc(CC)c1
2-ethylhexanethiol,,,,,,,CCCC[C@@H](CC)CS
2-ethylhexanoicesteroil,,,,,,,CCCC[C@@H](CC)C(=O)OCC(COC(=O)[C@@H](CC)CCCC)(COC(=O)[C@@H](CC)CCCC)COC(=O)[C@@H](CC)CCCC
2-ethylhexylamine,,,,,,,NC[C@@H](CCCC)CC
2-ethylhexyllactate,,,,,,,CCCC[C@@H](CC)COC(=O)[C@H](C)O
2-ethylidenehydrazinecarboxamide,,,,,,,O=C(N/N=C/C)N
2-ethylnaphthalene,,,,,,,c12cc(ccc1cccc2)CC
2-ethylnitrobenzene,,,,,,,CCc1ccccc1N(=O)=O
2-ethylphenol,2-ETHYLPHENOL,BP-TZVP,000090-00-6,122.17,C8H10O,,c1(O)c(CC)cccc1
2-ethylpiperidine,2-ETHYLPIPERIDINE,BP-TZVP,001484-80-6,113.2,C7H15N,,N1[C@@H](CCCC1)CC
2-ethylpropenal,,,,,,,C(=O)C(=C)CC
2-ethylpyrazine,,,,,,,n1ccnc(CC)c1
2-ethylpyridine,,,,,,,n1c(cccc1)CC
2-ethylpyrrolidine,,,,,,,[C@H]1(NCCC1)CC
2-ethylpyrrolidine_cation,,,,,,,[C@H]1([NH2]CCC1)CC
2-ethylquinoline,,,,,,,c1ccc2ccc(nc2c1)CC
2-ethylstyrene,,,,,,,CCc1c(C=C)cccc1
2-ethyltetrahydrofuran,,,,,,,O1[C@@H](CCC1)CC
2-ethylthiophene,,,,,,,s1cccc1CC
"2-fluoro-1,3-butadiene",,,,,,,FC(=C)C=C
"2-fluoro-1,3-oxazole",,,,,,,c1coc(n1)F
2-fluoro-1-cyclopentanamine,,,,,,,C1C[C@@H]([C@@H](C1)F)N
2-fluoro-1-methoxy-2-methylpropane,,,,,,,CC(C)(COC)F
2-fluoro-1-propene,,,,,,,FC(=C)C
"2-fluoro-2,2-dinitroethanol","2-Fluoro-2,2-dinitroethanol",BP-TZVP,017003-75-7,154.05,C2H3FN2O5,,FC(CO)(N(=O)=O)N(=O)=O
"2-fluoro-2,3-dimethyl-butane",,,,,,,CC(C)C(C)(C)F
"2-fluoro-2,3-dimethylpentane",,,,,,,CC[C@@H](C)C(C)(C)F
"2-fluoro-2,4,4-trimethyl-pentane",,,,,,,CC(C)(C)CC(C)(C)F
"2-fluoro-2,4-dimethyl-pentane",,,,,,,CC(C)CC(C)(C)F
2-fluoro-2-(methoxymethoxy)propane,,,,,,,CC(C)(OCOC)F
2-fluoro-2-methoxybutane,,,,,,,CC[C@@](C)(OC)F
2-fluoro-2-methylpropan-1-amine,,,,,,,CC(C)(CN)F
2-fluoro-2-methylpropanal,,,,,,,CC(C)(C=O)F
2-fluoro-2-methylpropane,,,,,,,FC(C)(C)C
2-fluoro-2-propan-2-yloxypropane,,,,,,,CC(C)OC(C)(C)F
2-fluoro-2-propenal,,,,,,,C=C(C=O)F
2-fluoro-3-(fluoromethyl)-4-methylpentane,,,,,,,CC(C)[C@@H](CF)[C@@H](C)F
2-fluoro-3-methoxybutane,,,,,,,C[C@@H]([C@@H](C)F)OC
2-fluoro-3-methyl-butane,,,,,,,CC(C)[C@@H](C)F
2-fluoro-3-methylhexane,,,,,,,CCC[C@@H](C)[C@@H](C)F
2-fluoro-4-methyl-1-nitrobenzene,,,,,,,O=N(=O)c1c(F)cc(cc1)C
2-fluoro-4-methylhexane,,,,,,,CC[C@@H](C)C[C@@H](C)F
2-fluoro-4-nitrophenol,,,,,,,c1c(F)c(O)ccc1N(=O)=O
2-fluoro-5-methylfuran,,,,,,,Cc1ccc(o1)F
2-fluoro-5-methylhexane,,,,,,,CC(C)CC[C@@H](C)F
2-fluoro-5-methyltetrazole,,,,,,,Cc1nn(nn1)F
2-fluoro-n-(2-fluoroethyl)-n-methylethanamine,,,,,,,CN(CCF)CCF
2-fluoro-n-(2-fluoroethyl)ethanamine,,,,,,,C(CF)NCCF
2-fluoro-n-hydroxybenzamide_anion,,,,,,,c1ccc(c(c1)C(=O)[N]O)F
2-fluoro-n-hydroxybenzamide,,,,,,,c1ccc(c(c1)C(=O)NO)F
2-fluoro-n-methylethanamine,,,,,,,CNCCF
2-fluoro-propanal,,,,,,,C[C@@H](C=O)F
2-fluoroacetamide,,,,,,,O=C(N)CF
2-fluoroacetanilide,,,,,,,CC(=O)Nc1c(F)cccc1
2-fluoroaceticacid_anion,,,,,,,O=C([O])CF
2-fluoroaceticacid,,,,,,,OC(=O)CF
2-fluoroadamantane,,,,,,,F[C@H]1[C@H]2C[C@@H]3C[C@H](C2)C[C@H]1C3
2-fluoroaniline_cation,,,,,,,c1cc(c(cc1)[NH3])F
2-fluoroanisole,,,,,,,COc1c(F)cccc1
2-fluorobenzaldehyde,,,,,,,Fc1ccccc1C=O
2-fluorobenzamide,2-fluorobenzamide,BP-TZVP,000445-28-3,139.13,C7H6FNO,,NC(=O)c1c(F)cccc1
2-fluorobenzeneacetonitrile,"BENZENEACETONITRILE,2-FLUORO-",BP-TZVP,000326-62-5,135.14,C8H6FN,,N#CCc1c(F)cccc1
2-fluorobenzoicacid,,,,,,,O=C(O)c1c(F)cccc1
2-fluorobenzonitrile,,,,,,,Fc1ccccc1C#N
2-fluorobenzoylchloride,2-fluorobenzoylchloride,BP-TZVP,000393-52-2,158.56,C7H4ClFO,,O=C(c1c(F)cccc1)Cl
2-fluorobenzylicalcohol,,,,,,,Fc1ccccc1CO
2-fluorobutan-1-amine,,,,,,,CC[C@@H](CN)F
2-fluorobutan-2-ol,,,,,,,CC[C@@](C)(O)F
2-fluorobutane,,,,,,,CC[C@@H](C)F
2-fluoroethanethiol,,,,,,,C(CS)F
2-fluoroethanol,ETHYLENEFLUOROHYDRIN,BP-TZVP,000371-62-0,64.06,C2H5FO,,OCCF
2-fluoroethyl-methylether,,,,,,,COCCF
2-fluoroethylamine,,,,,,,C(CF)N
2-fluoronaphthalene,2-fluoronaphthalene,BP-TZVP,000323-09-1,146.16,C10H7F,,Fc1ccc2ccccc2c1
2-fluoropentan-3-amine,,,,,,,CC[C@@H]([C@@H](C)F)N
2-fluorophenol_anion,,,,,,,c1cc(c(cc1)F)[O]
2-fluorophenol,O-FLUOROPHENOL,BP-TZVP,000367-12-4,112.1,C6H5FO,,c1cc(c(cc1)F)O
2-fluorophenylurea,,,,,,,c1ccc(c(c1)F)NC(=O)N
2-fluoropropan-1-amine,,,,,,,C[C@@H](CN)F
2-fluoropropan-2-amine,,,,,,,CC(C)(N)F
2-fluoropyrazine,,,,,,,n1c(F)cncc1
2-fluoropyridine,,,,,,,n1ccccc1F
2-fluoropyrimidine,"pyrimidine,2-fluoro-",BP-TZVP,031575-35-6,98.08,C4H3FN2,,n1c(F)nccc1
2-fluorothiophene,,,,,,,c1csc(c1)F
2-fluorotoluene,,,,,,,Fc1c(cccc1)C
2-fluorotriazole,,,,,,,c1nn(nc1)F
2-formylbenzoicacid,,,,,,,c1(C(=O)O)c(C=O)cccc1
2-formylpyrrole,,,,,,,O=Cc1[nH]ccc1
2-furancarbonitrile,,,,,,,o1cccc1C#N
2-furancarbonylchloride,,,,,,,O=C(c1occc1)Cl
2-furancarboxylicacid-2-propenylester,,,,,,,O=C(OCC=C)c1occc1
2-furancarboxylicacid,2-furancarboxylicacid,BP-TZVP,000088-14-2,112.08,C5H4O3,,c1(occc1)C(=O)O
2-furanmethanolacetate,,,,,,,O=C(OCc1occc1)C
2-furanmethanolpropanoate,,,,,,,O=C(OCc1occc1)CC
2-furanmethanol,,,,,,,o1c(CO)ccc1
2-furoicacid_anion,,,,,,,c1cc(oc1)C(=O)[O]
2-furylethanone,,,,,,,O=C(c1occc1)C
2-heptanamine,,,,,,,N[C@@H](CCCCC)C
2-heptanol,,,,,,,O[C@H](CCCCC)C
2-heptanone,,,,,,,C(CC(=O)C)CCC
2-heptenal,,,,,,,O=C/C=C/CCCC
2-heptylfuran,,,,,,,CCCCCCCc1occc1
2-heptyne,2-heptyne,BP-TZVP,001119-65-9,96.17,C7H12,,CC#CCCCC
2-hexanamine,,,,,,,CCCC[C@@H](C)N
2-hexanethiol,,,,,,,S[C@@H](C)CCCC
2-hexanol,,,,,,,C[C@@H](O)CCCC
2-hexanone,,,,,,,O=C(CCCC)C
2-hexen-4-yne,2-hexen-4-yne,BP-TZVP,014092-20-7,80.13,C6H8,,C(#C/C=C/C)C
2-hexene-4-ol,,,,,,,CC[C@@H](O)/C=C/C
2-hexenoicacidethylester,,,,,,,O=C(OCC)/C=C/CCC
2-hexenoicacid,2-hexenoicacid,BP-TZVP,001191-04-4,114.14,C6H10O2,,O=C(O)/C=C/CCC
"2-hexyl-4,5-dimethyl-1,3-dioxolane",,,,,,,CCCCCC[C@H]1O[C@@H](C)[C@@H](C)O1
2-hexyl-4-acetoxytetrahydrofuran,,,,,,,CCCCCC[C@H]1C[C@@H](CO1)OC(=O)C
2-hexyloxyethanol,,,,,,,OCCOCCCCCC
2-hexylthiophene,,,,,,,CCCCCCc1sccc1
2-hexyne,,,,,,,CCCC#CC
2-hydrazinoethanol,,,,,,,OCCNN
"2-hydroxy-1,2,3-propanetricarboxylate_anion",,,,,,,OC(=O)CC(C(=O)[O])(O)CC(=O)O
"2-hydroxy-1,2,3-propanetricarboxylicacid",,,,,,,OC(=O)CC(O)(C(=O)O)CC(=O)O
2-hydroxy-1-phenylethanone,,,,,,,O=C(c1ccccc1)CO
"2-hydroxy-2,4,6-cycloheptatrien-1-one",,,,,,,c1(=O)c(O)ccccc1
2-hydroxy-2-cyclohexen-1-one,,,,,,,OC1=CCCCC1=O
2-hydroxy-2-methylpropanenitrile,,,,,,,CC(C)(O)C#N
2-hydroxy-2-methylpropanoicacid,,,,,,,CC(C)(O)C(=O)O
2-hydroxy-3-butenenitrile,,,,,,,N#C[C@@H](O)C=C
2-hydroxy-3-methoxy-benzaldehyde,2-hydroxy-3-methoxy-benzaldehyde,BP-TZVP,000148-53-8,152.15,C8H8O3,,O=Cc1c(c(OC)ccc1)O
2-hydroxy-3-methylbutanenitrile,,,,,,,N#C[C@@H](C(C)C)O
2-hydroxy-4-methoxy-acetophenon,2-hydroxy-4-methoxy-acetophenon,BP-TZVP,000552-41-0,166.17,C9H10O3,,COc1ccc(C(=O)C)c(O)c1
2-hydroxy-4-methoxybenzaldehyde,,,,,,,COc1ccc(C=O)c(O)c1
2-hydroxy-4-methylbenzaldehyde,,,,,,,Cc1ccc(C=O)c(O)c1
2-hydroxy-5-chlorobenzophenone,,,,,,,c1c(c(cc(c1)Cl)C(=O)c1ccccc1)O
2-hydroxy-5-methylbenzaldehyde,2-hydroxy-5-methylbenzaldehyde,BP-TZVP,000613-84-3,136.15,C8H8O2,,O=Cc1cc(ccc1O)C
2-hydroxy-benzoicacidmethylester,,,,,,,c1cc(C(=O)OC)c(O)cc1
2-hydroxy-butyricacid,,,,,,,OC(=O)[C@@H](O)CC
"2-hydroxy-n,n-dimethylbenzamide",,,,,,,Oc1ccccc1C(=O)N(C)C
2-hydroxy-propanoicacid-methylester,,,,,,,C[C@@H](O)C(=O)OC
2-hydroxyanthraquinone,,,,,,,c12cc(ccc1C(=O)c1c(cccc1)C2=O)O
2-hydroxybenzalaniline,2-HYDROXYBENZALANILINE,BP-TZVP,000779-84-0,197.23,C13H11NO,,N(=C\c1c(O)cccc1)/c1ccccc1
2-hydroxybenzaldehydeoxime,,,,,,,N(=C\c1c(O)cccc1)/O
2-hydroxybenzonitrile,,,,,,,N#Cc1c(O)cccc1
2-hydroxybutanedioate_anion,,,,,,,[O]C(=O)[C@@H](O)CC(=O)O
2-hydroxyethylcyclopentane,,,,,,,OCCC1CCCC1
2-hydroxyhexanoicacid,,,,,,,CCCC[C@@H](O)C(=O)O
"2-hydroxymethyl-2-nitro-1,3-propanediol",,,,,,,O=N(=O)C(CO)(CO)CO
2-hydroxynicotinic_acid,,,,,,,OC(=O)c1ccc[nH]c1=O
2-hydroxypentanoicacid,,,,,,,CCC[C@@H](O)C(=O)O
2-hydroxyphenylesterbenzoicacid,,,,,,,c1(c(cccc1)O)C(=O)Oc1ccccc1
2-hydroxypropanamide,,,,,,,NC(=O)[C@@H](O)C
2-hydroxypropanenitrile,2-HYDROXYPROPANENITRILE,BP-TZVP,000078-97-7,71.08,C3H5NO,,C[C@@H](O)C#N
2-hydroxypropanoicacidethylester,,,,,,,CCOC(=O)[C@H](O)C
2-hydroxypropylacrylate,,,,,,,O=C(OC[C@@H](O)C)C=C
2-hydroxypropylmethacrylate,,,,,,,C[C@@H](O)COC(=O)C(=C)C
2-hydroxypyridine,,,,,,,c1cccc(=O)[nH]1
2-hydroxythiophenol,,,,,,,Sc1c(O)cccc1
2-imidazolidinone,,,,,,,O=C1NCCN1
"2-imino-n,n-dimethylethanamine",,,,,,,CN(C)C[CH][NH]
2-iodoaniline,,,,,,,c1ccc(N)c(I)c1
2-iodoaniline_cation,,,,,,,c1cc(c(cc1)[NH3])I
2-iodobenzoicacid,,,,,,,OC(=O)c1c(I)cccc1
2-iodonaphthalene,,,,,,,c12c(cccc1)cc(cc2)I
2-iodophenol,,,,,,,c1cc(c(cc1)I)O
2-iodopropane,,,,,,,CC(I)C
2-iodopropene,,,,,,,CC(=C)I
2-isobutyl-3-methoxypyrazine,,,,,,,COc1nccnc1CC(C)C
2-isobutyl-3-methylpyrazine,,,,,,,CC(C)Cc1nccnc1C
2-isobutylthiazole,,,,,,,CC(C)Cc1sccn1
2-isopropoxyethanol,Isopropylglycol,BP-TZVP,000109-59-1,104.15,C5H12O2,,CC(C)OCCO
2-isopropoxyethylamine,,,,,,,CC(C)OCCN
2-isopropyl-4-methylthiazole,,,,,,,CC(C)c1scc(C)n1
2-isopropyl-6-methylphenol,2-isopropyl-6-methylphenol,BP-TZVP,003228-04-4,150.22,C10H14O,,Oc1c(cccc1C(C)C)C
2-isopropyl-6-methylpyrocatechol,,,,,,,c1(c(c(c(cc1)C(C)C)O)O)C
"2-isopropyl-n,2,3-trimethylbutyramide",,,,,,,CNC(=O)C(C)(C(C)C)C(C)C
2-isopropylpyrazine,,,,,,,CC(C)c1cnccn1
2-isopropylpyridine,,,,,,,CC(C)c1ccccn1
2-keto-4-butanethiol,,,,,,,CC(=O)CCS
2-mercapto-3-butanol,,,,,,,C[C@@H](O)[C@@H](C)S
2-mercaptoanisole,,,,,,,COc1ccccc1S
2-mercaptobenzoicacid,,,,,,,O=C(O)c1c(S)cccc1
2-mercaptoethanol_anion,,,,,,,[S]CCO
2-mercaptoethanol,,,,,,,SCCO
2-mercaptomethylpyrazine,,,,,,,SCc1cnccn1
"2-methoxy-1,3,5-trinitro-benzene",,,,,,,c1(cc(c(c(c1)N(=O)=O)OC)N(=O)=O)N(=O)=O
"2-methoxy-1,4-benzenediol",,,,,,,c1c(O)c(OC)cc(O)c1
2-methoxy-1-(trifluoromethoxy)butane,,,,,,,CC[C@@H](COC(F)(F)F)OC
2-methoxy-1-phenylethanone,,,,,,,O=C(c1ccccc1)COC
2-methoxy-1-propene,,,,,,,O(C(=C)C)C
2-methoxy-1propanamine,,,,,,,CO[C@H](C)CN
2-methoxy-2-methylpropan-1-amine,,,,,,,CC(C)(CN)OC
2-methoxy-2-propanamine,,,,,,,CC(C)(N)OC
"2-methoxy-3,6-dimethylpyrazine",,,,,,,c1(c(nc(cn1)C)OC)C
2-methoxy-3-(1-methylpropyl)pyrazine,,,,,,,CC[C@@H](C)c1nccnc1OC
2-methoxy-3-isopropylpyrazine,,,,,,,c1(c(nccn1)C(C)C)OC
2-methoxy-3-methylpyrazine,,,,,,,O(c1nccnc1C)C
2-methoxy-4-(1-propenyl)phenol,,,,,,,O(c1c(O)ccc(/C=C/C)c1)C
2-methoxy-4-propylphenol,,,,,,,CCCc1ccc(O)c(OC)c1
2-methoxy-4-vinylphenol,,,,,,,COc1cc(C=C)ccc1O
"2-methoxy-5,5-dimethyl-1,3,2-dioxaphosphinane2-oxide",,,,,,,CC1(C)COP(=O)(OC)OC1
2-methoxy-5-methylbenzenamine,,,,,,,O(c1c(N)cc(cc1)C)C
2-methoxy-5-methylpyrazine,,,,,,,c1(cnc(cn1)C)OC
2-methoxy-6-(1-propenyl)phenol,,,,,,,c1cc(OC)c(O)c(c1)/C=C/C
2-methoxy-6-(2-propenyl)phenol,,,,,,,COc1cccc(CC=C)c1O
2-methoxy-6-methylpyrazine,,,,,,,c1(cncc(n1)C)OC
"2-methoxy-9,10-anthracenedione",,,,,,,c12c(C(=O)c3c(C1=O)cc(cc3)OC)cccc2
2-methoxy-benzoicacidmethylester,,,,,,,O=C(OC)c1c(OC)cccc1
"2-methoxy-n,n-dimethylbenzamide",,,,,,,COc1ccccc1C(=O)N(C)C
2-methoxy-n-(2-methoxyethyl)ethanamine,,,,,,,COCCNCCOC
2-methoxy1-propanol,2-METHOXY1-PROPANOL,BP-TZVP,001589-47-5,90.12,C4H10O2,,C[C@@H](OC)CO
2-methoxybenzaldehyde,,,,,,,O=Cc1c(OC)cccc1
2-methoxybenzeneaceticacid,,,,,,,O=C(O)Cc1c(OC)cccc1
2-methoxybenzoicacid,,,,,,,c1cccc(c1OC)C(=O)O
2-methoxybenzonitrile,,,,,,,N#Cc1c(OC)cccc1
2-methoxybutane,,,,,,,CC[C@@H](C)OC
2-methoxyethanamine,,,,,,,COCCN
2-methoxyethanol_anion,,,,,,,C(COC)[O]
2-methoxyethanol,METHOXYETHANOL,BP-TZVP,000109-86-4,76.09,C3H8O2,,C(COC)O
2-methoxyethoxybenzene,,,,,,,COCCOc1ccccc1
2-methoxyethylchloride,,,,,,,O(CCCl)C
2-methoxyfuran,,,,,,,COc1ccco1
2-methoxynaphthalene,2-methoxynaphthalene,BP-TZVP,000093-04-9,158.2,C11H10O,,O(c1ccc2c(cccc2)c1)C
2-methoxyphenol_anion,,,,,,,c1cc(c(cc1)OC)[O]
2-methoxyphenol,,,,,,,c1cc(c(cc1)OC)O
2-methoxypropanal,,,,,,,C[C@@H](C=O)OC
2-methoxypyridine,,,,,,,n1ccccc1OC
2-methoxypyridine_cation,,,,,,,CO[C]1C=CC=CN1
2-methoxypyrimidine,,,,,,,N1=[C](=N[CH]C=C1)OC
2-methoxythiophene,,,,,,,s1c(OC)ccc1
"2-methyl-1,1-propanediamine",,,,,,,CC(C)C(N)N
"2-methyl-1,2,3,4-tetrahydroisoquinoline",,,,,,,CN1Cc2ccccc2CC1
"2-methyl-1,3,5-trinitrobenzene",,,,,,,c1(N(=O)=O)c(C)c(N(=O)=O)cc(N(=O)=O)c1
"2-methyl-1,3-benzenediamine",,,,,,,c1(C)c(N)cccc1N
"2-methyl-1,3-benzoxazole",,,,,,,Cc1oc2ccccc2n1
"2-methyl-1,3-butanediol",,,,,,,OC[C@@H](C)[C@@H](O)C
"2-methyl-1,3-cyclohexadiene",,,,,,,C1=C(C)C=CCC1
"2-methyl-1,3-dinitrobenzene",,,,,,,c1c(N(=O)=O)c(C)c(N(=O)=O)cc1
"2-methyl-1,3-dithiolane",,,,,,,CC1SCCS1
"2-methyl-1,3-pentanediol",,,,,,,CC[C@@H](O)[C@@H](C)CO
"2-methyl-1,3-propanediol",,,,,,,OCC(CO)C
"2-methyl-1,4-benzenediamine",,,,,,,Nc1c(cc(N)cc1)C
"2-methyl-1,4-benzoquinone",,,,,,,CC1=CC(=O)C=CC1=O
"2-methyl-1,4-dinitrobenzene",,,,,,,c1(N(=O)=O)c(C)cc(N(=O)=O)cc1
"2-methyl-1,4-pentadiene","2-METHYL-1,4-PENTADIENE",BP-TZVP,000763-30-4,82.14,C6H10,,C(=C)(CC=C)C
"2-methyl-1,5-hexadiene",,,,,,,C=C(C)CCC=C
"2-methyl-1-(1,1,2,2-tetrafluoroethoxy)propane",,,,,,,CC(C)COC(C(F)F)(F)F
2-methyl-1-(1-methylpropyl)-3-(phenylmethyl)imidazolium_cation,,,,,,,N1([C](N(C=C1)Cc1ccccc1)C)[C@H](C)CC
2-methyl-1-(methylthio)-propane,2-METHYL-1-(METHYLTHIO)-PROPANE,BP-TZVP,005008-69-5,104.21,C5H12S,,S(C)CC(C)C
2-methyl-1-(phenylmethyl)-3-propylimidazolium_cation,,,,,,,C1=CN([C](N1CCC)C)Cc1ccccc1
2-methyl-1-butanolacetate,,,,,,,O=C(OC[C@@H](CC)C)C
2-methyl-1-butanol,,,,,,,C([C@H](CC)C)O
2-methyl-1-buten-3-yne,,,,,,,C=C(C)C#C
2-methyl-1-butene,,,,,,,C=C(CC)C
2-methyl-1-dodecanol,2-METHYL-1-DODECANOL,BP-TZVP,022663-61-2,200.36,C13H28O,,CCCCCCCCCC[C@@H](C)CO
2-methyl-1-heptanol,,,,,,,CCCCC[C@@H](C)CO
2-methyl-1-heptene,,,,,,,C=C(C)CCCCC
2-methyl-1-hexanol,,,,,,,OC[C@@H](C)CCCC
2-methyl-1-hexene,,,,,,,C=C(C)CCCC
2-methyl-1-nonene,,,,,,,C=C(C)CCCCCCC
2-methyl-1-octene,,,,,,,C=C(C)CCCCCC
2-methyl-1-pentanol,,,,,,,CCC[C@@H](CO)C
2-methyl-1-penten-3-ol,,,,,,,O[C@@H](CC)C(=C)C
2-methyl-1-penten-3-one,,,,,,,O=C(CC)C(=C)C
2-methyl-1-pentene,,,,,,,C(=C)(CCC)C
2-methyl-1-phenyl-1-propanone,,,,,,,O=C(c1ccccc1)C(C)C
2-methyl-1-propanamine,2-METHYL-1-PROPANAMINE,BP-TZVP,000078-81-9,73.14,C4H11N,,CC(C)CN
2-methyl-1-propanamine_cation,,,,,,,CC(C)C[NH3]
2-methyl-1-propanethiol,,,,,,,CC(C)CS
2-methyl-1-propen-1-one(dimethylketene),,,,,,,C(=C=O)(C)C
2-methyl-1-propenol,,,,,,,CC(=CO)C
2-methyl-1-tridecanol,2-METHYL-1-TRIDECANOL,BP-TZVP,032480-16-3,214.39,C14H30O,,CCCCCCCCCCC[C@@H](C)CO
2-methyl-1-trimethylsilylpropan-2-amine,,,,,,,CC(C)(C[Si](C)(C)C)N
2-methyl-1-undecanol,,,,,,,CCCCCCCCC[C@@H](C)CO
2-methyl-1h-imidazole,,,,,,,Cc1ncc[nH]1
2-methyl-1h-indene,,,,,,,c1ccc2c(c1)C=C(C2)C
"2-methyl-1h-isoindole-1,3(2h)-dione","2-methyl-1H-isoindole-1,3(2H)-dione",BP-TZVP,000550-44-7,161.16,C9H7NO2,,O=C1c2c(C(=O)N1C)cccc2
"2-methyl-2,4-hexadiene",,,,,,,C/C=C/C=C(C)C
"2-methyl-2,4-pentanediol",,,,,,,CC(O)(C)C[C@@H](O)C
"2-methyl-2-(1,1,2,2,2-pentafluoroethoxy)propane",,,,,,,CC(C)(C)OC(C(F)(F)F)(F)F
"2-methyl-2-(1,1,2,2-tetrafluoroethoxy)propane",,,,,,,CC(C)(C)OC(C(F)F)(F)F
"2-methyl-2-(1,1,2-trifluoroethoxy)-propane",,,,,,,CC(C)(C)OC(CF)(F)F
2-methyl-2-(methyldithio)propanal,,,,,,,CSSC(C)(C)C=O
2-methyl-2-(methylthio)-butane,,,,,,,CSC(C)(C)CC
2-methyl-2-(methylthio)-propane,,,,,,,CSC(C)(C)C
2-methyl-2-butanamine,2-METHYL-2-BUTANAMINE,BP-TZVP,000594-39-8,87.16,C5H13N,,CCC(C)(N)C
2-methyl-2-butanolcarbamate,,,,,,,O=C(OC(CC)(C)C)N
2-methyl-2-butanol,Tert-Amylalcohol,BP-TZVP,000075-85-4,88.15,C5H12O,,CCC(C)(O)C
2-methyl-2-butene,,,,,,,CC=C(C)C
2-methyl-2-cyclopenten-1-one,,,,,,,O=C1CCC=C1C
2-methyl-2-heptanol,,,,,,,CC(O)(C)CCCCC
2-methyl-2-heptene,,,,,,,CC(=CCCCC)C
2-methyl-2-hexanol,,,,,,,CCCCC(C)(C)O
2-methyl-2-hexene,,,,,,,CCCC=C(C)C
2-methyl-2-imidazoline,,,,,,,[N]1[C](NCC1)C
2-methyl-2-nitro-1-propanol,,,,,,,O=N(=O)C(CO)(C)C
2-methyl-2-octanol,,,,,,,OC(CCCCCC)(C)C
2-methyl-2-pentanol,,,,,,,CCCC(C)(C)O
2-methyl-2-penten-1-ol,,,,,,,OC/C(=C/CC)/C
2-methyl-2-pentene,,,,,,,CC(=CCC)C
2-methyl-2-phenyl-1-3-dioxolane,,,,,,,C1(C)(c2ccccc2)OCCO1
2-methyl-2-propenamide,2-METHYL-2-PROPENAMIDE,BP-TZVP,000079-39-0,85.1,C4H7NO,,C=C(C)C(=O)N
2-methyl-2-propenenitrile,,,,,,,C=C(C)C#N
2-methyl-2-propenoicacid2-propenylester,,,,,,,C=C(C)C(=O)OCC=C
2-methyl-2-propenoicacidbutylester,,,,,,,C=C(C)C(=O)OCCCC
2-methyl-2-propenoicacidhexadecylester,2-METHYL-2-PROPENOICACIDHEXADECYLESTER,BP-TZVP,002495-27-4,310.52,C20H38O2,,C=C(C)C(=O)OCCCCCCCCCCCCCCCC
2-methyl-2-propenoylchloride,2-METHYL-2-PROPENOYLCHLORIDE,BP-TZVP,000920-46-7,104.54,C4H5ClO,,O=C(C(=C)C)Cl
2-methyl-2-propenylp-tolylsulfone,,,,,,,c1c(ccc(c1)C)S(=O)(=O)CC(=C)C
"2-methyl-2-propyl-1,3-propanediol",,,,,,,OCC(CCC)(CO)C
"2-methyl-3,5-diisopropylphenol",,,,,,,c1(cc(c(c(c1)C(C)C)C)O)C(C)C
2-methyl-3-(2-methylphenyl)quinazolin-4(3h)-one,,,,,,,Cc1ccccc1n1c(C)nc2ccccc2c1=O
2-methyl-3-(trifluoromethoxy)butane,,,,,,,CC(C)[C@@H](C)OC(F)(F)F
2-methyl-3-(trifluoromethyl)pentane,,,,,,,CC[C@@H](C(C)C)C(F)(F)F
"2-methyl-3-acetyl-quinoxaline1,4-dioxide","2-Methyl-3-acetyl-quinoxaline1,4-dioxide",BP-TZVP,013297-17-1,218.21,C11H10N2O3,,c12c(cccc1)[n+](c(c([n+]2[O-])C(=O)C)C)[O-]
2-methyl-3-butene-2-ol,,,,,,,CC(O)(C)C=C
2-methyl-3-butyn-2-amine,,,,,,,C(#C)C(N)(C)C
2-methyl-3-butyn-2-ol,,,,,,,CC(C)(O)C#C
2-methyl-3-chloroaniline,,,,,,,Nc1c(c(ccc1)Cl)C
2-methyl-3-ethylpentane,,,,,,,CC(C)C(CC)CC
2-methyl-3-furanthiol,,,,,,,Cc1occc1S
2-methyl-3-heptanol,"3-HEPTANOL,2-METHYL-",BP-TZVP,018720-62-2,130.23,C8H18O,,O[C@@H](C(C)C)CCCC
2-methyl-3-heptanone,,,,,,,CCCCC(=O)C(C)C
2-methyl-3-heptene,,,,,,,CCC/C=C/C(C)C
2-methyl-3-hexanol,,,,,,,CC(C)[C@@H](O)CCC
2-methyl-3-hexyne,,,,,,,CC(C)C#CCC
2-methyl-3-hydroxypyrone,,,,,,,o1c(C)c(O)c(=O)cc1
2-methyl-3-methylthiopyrazine,,,,,,,c1(c(nccn1)SC)C
2-methyl-3-oxobutanoicacidethylester,,,,,,,O=C(OCC)[C@@H](C(=O)C)C
2-methyl-3-pentanol,,,,,,,CC([C@@H](CC)O)C
2-methyl-3-pentanone,,,,,,,CCC(=O)C(C)C
2-methyl-3-pyridinol,,,,,,,Oc1c(C)nccc1
2-methyl-3-tetrahydrofuranthiol,,,,,,,C[C@H]1OCC[C@H]1S
"2-methyl-4,6-dinitro-phenol",,,,,,,c1(N(=O)=O)c(c(cc(c1)N(=O)=O)C)O
2-methyl-4-chloroaniline,,,,,,,Nc1c(cc(cc1)Cl)C
2-methyl-4-chlorophenol,2-methyl-4-chlorophenol,BP-TZVP,001570-64-5,142.58,C7H7ClO,,Oc1c(cc(cc1)Cl)C
2-methyl-4-heptanone,,,,,,,O=C(CC(C)C)CCC
2-methyl-4-hydroxypyridine,,,,,,,c1(cc(ccn1)O)C
2-methyl-4-nitrophenol,,,,,,,N(=O)(=O)c1cc(C)c(O)cc1
2-methyl-4-phenylbutyraldehyde,,,,,,,C[C@@H](CCc1ccccc1)C=O
"2-methyl-4-propyl-1,3-oxathiane",,,,,,,CCC[C@H]1CCO[C@@H](C)S1
2-methyl-4-quinolinol,,,,,,,c1cc2c(cc1)nc(C)cc2O
2-methyl-5-(1-methylethenyl)-2-cyclohexen-1-ol,,,,,,,O[C@H]1C(=CC[C@@H](C(=C)C)C1)C
"2-methyl-5-(1-methylethyl)-1,3-cyclohexadiene",,,,,,,CC(C)[C@@H]1C=CC(=CC1)C
2-methyl-5-(1-methylethyl)phenol,2-methyl-5-(1-methylethyl)phenol,BP-TZVP,000499-75-2,150.22,C10H14O,,Oc1c(ccc(C(C)C)c1)C
"2-methyl-5-(2-propyl)-2,5-cyclohexadiene-1,4-dione",,,,,,,C1(=O)C=C(C)C(=O)C=C1C(C)C
"2-methyl-5-(methylthio)-1,3,4-thiadiazole",,,,,,,CSc1nnc(s1)C
2-methyl-5-(methylthio)furan,,,,,,,CSc1oc(C)cc1
2-methyl-5-ethylpyridine,,,,,,,n1c(ccc(CC)c1)C
2-methyl-5-isopropylpyrazine,,,,,,,CC(C)c1cnc(C)cn1
2-methyl-5-methoxythiazole,,,,,,,COc1sc(C)nc1
2-methyl-5-nitroimidazole,2-METHYL-5-NITROIMIDAZOLE,BP-TZVP,088054-22-2,127.1,C4H5N3O2,,[nH]1c(C)ncc1N(=O)=O
2-methyl-5-vinylpyrazine,,,,,,,Cc1cnc(C=C)cn1
2-methyl-6-chlorophenol,,,,,,,Oc1c(Cl)cccc1C
2-methyl-6-nitrobenzeneamine,,,,,,,Cc1cccc(N(=O)=O)c1N
2-methyl-8-quinolinol,,,,,,,c1(O)c2c(ccc(n2)C)ccc1
2-methyl-benzeneamine,,,,,,,c1(C)c(N)cccc1
2-methyl-benzoicacidethylester,,,,,,,O=C(OCC)c1c(cccc1)C
2-methyl-benzoicacid,,,,,,,c1(C)ccccc1C(=O)O
"2-methyl-butane-2,3-diol",,,,,,,O[C@@H](C)C(O)(C)C
2-methyl-n-(2-methylpropyl)-1-propanamine,,,,,,,CC(C)CNCC(C)C
2-methyl-n-(phenylmethylene)propan-2-amine,,,,,,,CC(C)(C)/N=C/c1ccccc1
2-methyl-nonane,,,,,,,CC(C)CCCCCCC
2-methyl-octanoicacid,,,,,,,CCCCCC[C@@H](C)C(=O)O
2-methyl-pent-3-en-2-ol,,,,,,,OC(C)(C)/C=C/C
2-methyl-pentanal,,,,,,,O=C[C@H](CCC)C
"2-methyl-propane-1,2-diol",,,,,,,OC(C)(C)CO
2-methyl-propanenitrile,,,,,,,C(C)(C)C#N
2-methyl-propanoicacidpropylester,2-METHYL-PROPANOICACIDPROPYLESTER,BP-TZVP,000644-49-5,130.19,C7H14O2,,CC(C)C(=O)OCCC
2-methyl-pyridine_cation,,,,,,,C[C]1C=CC=CN1
2-methyl-quinoline,2-METHYL-QUINOLINE,BP-TZVP,000091-63-4,143.19,C10H9N,,c12ccc(C)nc1cccc2
2-methyl-thiazole,,,,,,,n1c(C)scc1
2-methyladamantane,,,,,,,C[C@H]1[C@H]2C[C@@H]3C[C@H](C2)C[C@H]1C3
2-methylaminopyrazine,,,,,,,n1c(NC)cncc1
2-methylaminopyridine,,,,,,,n1ccccc1NC
2-methylamylamine,,,,,,,CCC[C@@H](C)CN
2-methylaziridine,,,,,,,N1[C@H](C)C1
2-methylbenzaldehyde,,,,,,,c1(C)ccccc1C=O
2-methylbenzenemethanamine,,,,,,,NCc1c(cccc1)C
2-methylbenzenemethanol,2-METHYLBENZENEMETHANOL,BP-TZVP,000089-95-2,122.17,C8H10O,,C(c1c(C)cccc1)O
2-methylbenzenesulfonicacid,,,,,,,c1cc(S([O])([O])O)c(C)cc1
2-methylbenzimidazole,,,,,,,n1c2c([nH]c1C)cccc2
2-methylbenzofuran,,,,,,,c1cccc2oc(C)cc12
2-methylbenzonitrile,,,,,,,N#Cc1c(cccc1)C
2-methylbenzothiazole,,,,,,,n1c2c(sc1C)cccc2
2-methylbenzoylchloride,,,,,,,O=C(c1c(cccc1)C)Cl
2-methylbenzo[b]thiophene,,,,,,,c1cccc2cc(C)sc12
2-methylbutan-1-amine,,,,,,,CC[C@@H](C)CN
2-methylbutanal,2-METHYLBUTANAL,BP-TZVP,000096-17-3,86.13,C5H10O,,CC[C@@H](C)C=O
2-methylbutane-1-thiol,,,,,,,SC[C@@H](CC)C
2-methylbutanoicacid,,,,,,,O=C([C@H](CC)C)O
2-methylbutanoylchloride,,,,,,,O=C([C@@H](CC)C)Cl
2-methylbutylsalicylate,,,,,,,c1(c(cccc1)O)C(=O)OC[C@H](CC)C
2-methylbutyricesteroil,,,,,,,CC[C@@H](C)C(=O)OCC(COC(=O)[C@@H](C)CC)(COC(=O)[C@@H](C)CC)COC(=O)[C@@H](C)CC
2-methylbutyronitrile,,,,,,,CC[C@@H](C)C#N
2-methylcycloheptanone,,,,,,,O=C1CCCCC[C@H]1C
2-methylcyclohexanol,,,,,,,[C@@H]1([C@H](C)CCCC1)O
2-methylcyclohexanone,,,,,,,[C@@H]1(CCCCC1=O)C
2-methylcyclopentanone,,,,,,,O=C1[C@@H](CCC1)C
2-methylcyclopropanecarboxylicacid,,,,,,,C[C@H]1C[C@H]1C(=O)O
2-methyldecane,2-methyldecane,BP-TZVP,006975-98-0,156.31,C11H24,,CC(C)CCCCCCCC
2-methyldodecane,,,,,,,CC(C)CCCCCCCCCC
2-methylene-4-butanolide,,,,,,,C1CC(=C)C(=O)O1
2-methylfuran,,,,,,,c1ccc(C)o1
2-methylheptanal,,,,,,,O=C[C@@H](C)CCCCC
2-methylheptane,,,,,,,CC(C)CCCCC
2-methylhexanal,,,,,,,CCCC[C@@H](C)C=O
2-methylhexanedioicacid,,,,,,,O=C(O)[C@@H](C)CCCC(=O)O
2-methylhexane,,,,,,,CC(CCCC)C
2-methylhexanoicacid,,,,,,,CCCC[C@@H](C)C(=O)O
2-methylhexanoicesteroil,,,,,,,CCCC[C@@H](C)C(=O)OCC(COC(=O)[C@@H](C)CCCC)(COC(=O)[C@@H](C)CCCC)COC(=O)[C@@H](C)CCCC
2-methylimidazole_cation,,,,,,,C1=CN[C](N1)C
2-methylindole,,,,,,,c1cccc2c1cc(C)[nH]2
2-methylindole_cation,,,,,,,c1ccc2c(c1)N[C](C2)C
2-methylisoxazolidin-3-one,,,,,,,CN1OCCC1=O
2-methyllactate,,,,,,,O=C(OCC)C(O)(C)C
2-methylnaphthalene,,,,,,,c1c2c(cccc2)ccc1C
2-methyloctanal,,,,,,,O=C[C@@H](C)CCCCCC
2-methyloctane,,,,,,,CC(CCCCCC)C
2-methyloxazoline,,,,,,,N1=C(C)OCC1
2-methylpentanedinitrile,,,,,,,N#C[C@H](C)CCC#N
2-methylpentane,,,,,,,CCCC(C)C
2-methylpentanoicesteroil,,,,,,,CCC[C@@H](C)C(=O)OCC(COC(=O)[C@@H](C)CCC)(COC(=O)[C@@H](C)CCC)COC(=O)[C@@H](C)CCC
2-methylphenol_anion,,,,,,,c1cc(c(cc1)[O])C
2-methylphenol,,,,,,,c1cc(c(cc1)O)C
2-methylpiperazine,,,,,,,N1CCN[C@@H](C)C1
2-methylpiperidine_cation,,,,,,,[NH2]1[C@@H](CCCC1)C
2-methylpropanamide,,,,,,,O=C(C(C)C)N
2-methylpropanimidoylchloride,,,,,,,CC(C)C(=N)Cl
2-methylpropanoicacid-3-methylbutylester,,,,,,,O=C(OCCC(C)C)C(C)C
2-methylpropanoicacidethylester,2-METHYLPROPANOICACIDETHYLESTER,BP-TZVP,000097-62-1,116.16,C6H12O2,,CC(C)C(=O)OCC
2-methylpropanoicacidmethylester,,,,,,,CC(C)C(=O)OC
2-methylpyrazine,,,,,,,c1(cnccn1)C
2-methylpyridine1-oxide,,,,,,,[O-][n+]1c(cccc1)C
2-methylpyridine,,,,,,,c1(ccccn1)C
2-methylpyrimidine,"pyrimidine,2-methyl-",BP-TZVP,005053-43-0,94.12,C5H6N2,,n1c(C)nccc1
2-methylpyrrole,,,,,,,c1cc[nH]c1C
2-methylpyrrole_cation,,,,,,,C1NC(=C[CH]1)C
2-methylpyrrolidine,,,,,,,C[C@H]1CCCN1
"2-methylquinoxaline-1,4-dioxide",,,,,,,c12c([n+](cc([n+]1[O-])C)[O-])cccc2
2-methylresorcinol,"1,3-BENZENEDIOL,2-METHYL-",BP-TZVP,000608-25-3,124.14,C7H8O2,,Oc1c(c(O)ccc1)C
2-methyltetrahydrofuran-3-one,,,,,,,C[C@H]1OCCC1=O
2-methyltetrahydrofuran,,,,,,,C1CO[C@@H](C)C1
2-methyltetrahydrothiophen-3-one,,,,,,,C[C@H]1SCCC1=O
2-methylthiaindan,2-METHYLTHIAINDAN,BP-TZVP,006165-55-5,150.24,C9H10S,,c1cc2S[C@@H](C)Cc2cc1
2-methylthietane,,,,,,,S1CC[C@H]1C
2-methylthiophene,,,,,,,s1c(C)ccc1
2-methyltridecane,,,,,,,CC(C)CCCCCCCCCCC
2-methylundecanal,,,,,,,CCCCCCCCC[C@@H](C)C=O
2-methylundecane,,,,,,,CC(C)CCCCCCCCC
2-methylvalericacid,,,,,,,O=C(O)[C@@H](CCC)C
"2-n'-methylpropane-2,2-diamine",,,,,,,CC(C)(N)NC
"2-n-methylethane-1,1,2-triamine",,,,,,,CNCC(N)N
2-n-propylpyridine,,,,,,,n1c(cccc1)CCC
2-naphthalenamine,,,,,,,Nc1ccc2ccccc2c1
2-naphthalenecarbonitrile,2-naphthalenecarbonitrile,BP-TZVP,000613-46-7,153.18,C11H7N,,N#Cc1ccc2c(cccc2)c1
2-naphthalenecarboxylicacid,,,,,,,c1ccc2c(c1)ccc(c2)C(=O)O
2-naphthalenethiol,2-naphthalenethiol,BP-TZVP,000091-60-1,160.24,C10H8S,,Sc1ccc2c(cccc2)c1
2-naphthol_anion,,,,,,,c1c2c(cccc2)ccc1[O]
2-naphthol,,,,,,,c1c2c(cccc2)ccc1O
"2-nh2-1,3-benzoxazin-4-one",,,,,,,n1c(=O)c2c(oc1N)cccc2
"2-nh2-5-et-1,3,4-oxadiazole",,,,,,,o1c(N)nnc1CC
"2-nitro-1,3-benzenediol",,,,,,,O=N(=O)c1c(O)cccc1O
2-nitro-1-butanol,,,,,,,O=N(=O)[C@@H](CC)CO
2-nitro-n-phenylbenzeneamine,,,,,,,c1ccccc1Nc1c(N(=O)=O)cccc1
2-nitro-p-toluidine,,,,,,,O=N(=O)c1c(N)ccc(C)c1
2-nitroacetophenone,,,,,,,CC(=O)c1ccccc1N(=O)=O
2-nitroaniline_cation,,,,,,,c1cc(c(cc1)[NH3])N(=O)=O
2-nitrobenzamide,,,,,,,c1ccc(c(c1)N(=O)=O)C(=O)N
2-nitrobenzeneacetonitrile,2-nitrobenzeneacetonitrile,BP-TZVP,000610-66-2,162.15,C8H6N2O2,,O=N(=O)c1c(cccc1)CC#N
2-nitrobenzeneamine,,,,,,,c1(N)c(N(=O)=O)cccc1
2-nitrobenzoicacid_anion,,,,,,,c1cccc(c1C(=O)[O])N(=O)=O
2-nitrobenzoicacid,,,,,,,O=C(O)c1c(N(=O)=O)cccc1
2-nitrobenzylalcohol,,,,,,,OCc1ccccc1N(=O)=O
2-nitrobutane,,,,,,,CC[C@@H](N(=O)=O)C
2-nitroethanol,,,,,,,OCCN(=O)=O
2-nitrofuran,,,,,,,c1ccoc1N(=O)=O
2-nitroisobutane,,,,,,,O=N(=O)C(C)(C)C
2-nitrooxyethanol,,,,,,,O(N(=O)=O)CCO
2-nitrophenol_anion,,,,,,,C1=C[C](C(=O)C=C1)N(=O)=O
2-nitrophenol,,,,,,,c1cc(c(cc1)O)N(=O)=O
2-nitropropane_anion,,,,,,,[C](C)(C)N(=O)=O
2-nitropropane,,,,,,,C(C)(C)N(=O)=O
2-nitropropanoicacidethylester,,,,,,,O=C(OCC)[C@@H](N(=O)=O)C
2-nitroso-1-naphthalenol,,,,,,,C1(=O)c2c(C=C/C/1=N/O)cccc2
2-nitrothiophene,,,,,,,O=N(=O)c1sccc1
2-nitrotoluene,,,,,,,c1ccc(c(c1)C)N(=O)=O
"2-nitrotricyclo(3-3-1-1(3,7))decane",,,,,,,[C@@H]1([C@H]2C[C@H]3C[C@@H]1C[C@@H](C2)C3)N(=O)=O
2-nonanol,,,,,,,O[C@@H](CCCCCCC)C
2-nonanone,,,,,,,O=C(CCCCCCC)C
2-nonenal,,,,,,,C(CC/C=C\C=O)CCC
2-nonylphenol,,,,,,,c1(O)c(CCCCCCCCC)cccc1
2-nonyne,,,,,,,C(#CCCCCCC)C
2-nonynoicacid,2-nonynoicacid,BP-TZVP,001846-70-4,154.21,C9H14O2,,O=C(O)C#CCCCCCC
2-norbornanone,,,,,,,C1(=O)[C@H]2C[C@@H](C1)CC2
2-norbornene,,,,,,,[C@@H]12C=C[C@@H](CC1)C2
2-octanol,,,,,,,CCCCCC[C@@H](O)C
2-octanone,2-OCTANONE,BP-TZVP,000111-13-7,128.21,C8H16O,,C(CC(=O)C)CCCC
2-octenal,,,,,,,O=C/C=C/CCCCC
2-octyne,,,,,,,C(#CCCCCC)C
2-oh-3'-trifluoromethyl-4-methoxybenzophenone,,,,,,,c1c(cc(cc1)C(F)(F)F)C(=O)c1ccc(cc1O)OC
2-oh-4'-trifluoromethyl-4-methoxybenzophenone,,,,,,,c1c(ccc(c1)C(F)(F)F)C(=O)c1ccc(cc1O)OC
2-oxabicyclo(2-2-2)octan-3-one,,,,,,,C1C[C@@H]2CC[C@H]1C(=O)O2
"2-oxabicyclo[4,1,0]heptane",2-OXABICYCLO[4.1.0]HEPTANE,BP-TZVP,000286-16-8,112.17,C7H12O,,O1[C@H]2[C@@H]1CCCCC2
2-oxepanone,,,,,,,C1(=O)OCCCCC1
2-oxo-2h-pyran-5-carboxylicacid,2-oxo-2h-pyran-5-carboxylicacid,BP-TZVP,000500-05-0,140.09,C6H4O4,,o1c(=O)ccc(C(=O)O)c1
2-oxo-3-phenylpropionic-acid,,,,,,,OC(=O)C(=O)Cc1ccccc1
2-oxo-cyclopentanecarbonitrile,,,,,,,N#C[C@H]1C(=O)CCC1
2-oxo-propanenitrile,,,,,,,O=C(C#N)C
2-oxobutanoicacid,,,,,,,O=C(O)C(=O)CC
2-oxocyclopentanecarboxylicacidethylester,,,,,,,O=C1CCC[C@H]1C(=O)OCC
2-oxopentanedioicacid,,,,,,,O=C(O)C(=O)CCC(=O)O
2-pentadecanone,2-pentadecanone,BP-TZVP,002345-28-0,226.4,C15H30O,,C(CCCCCCCC)CCCCC(=O)C
2-pentanamine,2-pentanamine,BP-TZVP,000625-30-9,87.16,C5H13N,,N[C@@H](C)CCC
2-pentanethiol,2-PENTANETHIOL,BP-TZVP,002084-19-7,104.21,C5H12S,,S[C@@H](C)CCC
2-pentanimine,,,,,,,CCCC(=N)C
2-pentanolacetate,,,,,,,O=C(O[C@@H](CCC)C)C
2-pentanol,,,,,,,O[C@H](CCC)C
2-pentanone,,,,,,,CCCC(=O)C
2-pentanoylfuran,,,,,,,CCCCC(=O)c1occc1
2-pentenamide,,,,,,,C(=O)(/C=C\CC)N
2-pentenoicacid,,,,,,,CC/C=C/C(=O)O
2-pentoxyethanol,,,,,,,CCCCCOCCO
2-pentyl-1-buten-3-one,,,,,,,CCCCCC(=C)C(=O)C
2-pentyl-3-methyl-2-cyclopenten-1-one,,,,,,,CCCCCC1=C(C)CCC1=O
2-pentylfuran,,,,,,,CCCCCc1occc1
2-pentylpyridine,,,,,,,CCCCCc1ccccn1
2-pentylthiophene,,,,,,,CCCCCc1sccc1
2-pentyne,,,,,,,CC#CCC
2-phenoxyethanol,2-PHENOXYETHANOL,BP-TZVP,000122-99-6,138.16,C8H10O2,,c1cccc(c1)OCCO
"2-phenyl-1,1,1,3,3,3-hexafluoro-2-propanol",,,,,,,C(C(F)(F)F)(C(F)(F)F)(c1ccccc1)O
"2-phenyl-1,3-benzoxazole",,,,,,,c1ccc(cc1)c1oc2ccccc2n1
"2-phenyl-1,3-dioxane",,,,,,,C1(OCCCO1)c1ccccc1
2-phenyl-1h-imidazole,,,,,,,c1ccccc1c1ncc[nH]1
2-phenyl-1h-pyrrole,,,,,,,c1ccccc1c1ccc[nH]1
2-phenyl-3-carbethoxy-furan,,,,,,,CCOC(=O)c1ccoc1c1ccccc1
2-phenyl-4-pentenal,,,,,,,C=CC[C@@H](C=O)c1ccccc1
2-phenyl-4h-chromen-4-one,,,,,,,O=c1c2ccccc2oc(c1)c1ccccc1
2-phenylethanol,,,,,,,c1(ccccc1)CCO
2-phenylethylamine,,,,,,,NCCc1ccccc1
2-phenylhydrazinecarboxamide,,,,,,,O=C(NNc1ccccc1)N
"2-phenylindeno(2,1-b)oxine",,,,,,,c12-c(ccc(o1)c1ccccc1)c1c(c2)cccc1
2-phenylpropionaldehyde,,,,,,,c1ccccc1[C@@H](C=O)C
2-phenylpyridine,2-phenylpyridine,BP-TZVP,001008-89-5,155.2,C11H9N,,c1ccc(cc1)c1ccccn1
2-phenylpyrrolidine,,,,,,,C1CC[C@@H](c2ccccc2)N1
2-picolinamine,,,,,,,n1c(CN)cccc1
2-pipecoline,,,,,,,N1[C@@H](CCCC1)C
2-piperidinecarboxylicacid,,,,,,,O=C(O)[C@H]1NCCCC1
2-piperidineethanol,,,,,,,OCC[C@H]1NCCCC1
2-piperidinemethanol,,,,,,,N1[C@@H](CO)CCCC1
2-piperidinone,,,,,,,C1CCC(=O)NC1
2-propanethiol,,,,,,,CC(S)C
2-propanimine,,,,,,,CC(=N)C
2-propanol-1-methoxy-propanoate,,,,,,,COC[C@@H](C)OC(=O)CC
2-propanol_anion,,,,,,,C(C)(C)[O]
2-propanol,,,,,,,CC(C)O
"2-propanone,(1-methylethylidene)hydrazone",,,,,,,N(=C(C)C)N=C(C)C
"2-propanone,o-phenyloxime",,,,,,,CC(=NOc1ccccc1)C
2-propanone-phenylhydrazone,,,,,,,N(=C(C)C)Nc1ccccc1
2-propanoneoxime,2-Propanoneoxime,BP-TZVP,000127-06-0,73.09,C3H7NO,,N(=C(C)C)O
2-propen-1-amine,,,,,,,C=CCN
2-propen-1-amine_cation,,,,,,,C=CC[NH3]
2-propen-1-ol_anion,,,,,,,C(=C)C[O]
2-propen-1-ol,,,,,,,C(=C)CO
2-propenamide,,,,,,,C=CC(=O)N
2-propenenitrile,,,,,,,N#CC=C
"2-propenoicacid-1,2-ethanediylester",,,,,,,C=CC(=O)OCCOC(=O)C=C
2-propenoicacid-1-methylethylester,,,,,,,C=CC(=O)OC(C)C
2-propenoicacid-1-methylpropylester,,,,,,,CC[C@@H](C)OC(=O)C=C
2-propenoicacid-2-ethylhexylester,,,,,,,C=CC(=O)OC[C@@H](CC)CCCC
2-propenoicacid-2-hydroxyethylester,,,,,,,C=CC(=O)OCCO
2-propenoicacid-2-methylpropylester,,,,,,,CC(C)COC(=O)C=C
2-propenoicacidbutylester,,,,,,,CCCCOC(=O)C=C
2-propenoicacidethylester,,,,,,,C=CC(=O)OCC
2-propenoicacidpropylester,,,,,,,CCCOC(=O)C=C
2-propenylesterbutanoicacid,,,,,,,O=C(OCC=C)CCC
2-propionylpyrrole,,,,,,,CCC(=O)c1[nH]ccc1
2-propionylthiazole,,,,,,,CCC(=O)c1sccn1
2-propoxyethanol,,,,,,,CCCOCCO
"2-propyl-4,5-dimethyloxazole",,,,,,,CCCc1oc(C)c(C)n1
2-propylbenzothiophene,,,,,,,c1cccc2cc(CCC)sc12
2-propylcyclohexanone,,,,,,,O=C1[C@@H](CCCC1)CCC
2-propylfuran,,,,,,,o1cccc1CCC
2-propylpiperidine,2-propylpiperidine,BP-TZVP,000458-88-8,127.23,C8H17N,,CCC[C@H]1CCCCN1
2-propylpyrazine,,,,,,,CCCc1cnccn1
2-propylthiophene,,,,,,,s1cccc1CCC
2-propyn-1-amine,2-propynylamine,BP-TZVP,002450-71-7,55.08,C3H5N,,C(#C)CN
2-propynal,,,,,,,O=CC#C
2-pteridinamine,,,,,,,[N]1=C2[C](N=CC=N2)C=NC=1N
"2-pyridinamine,1-oxide",,,,,,,c1ccc(N)[n+]([O-])c1
2-pyridinecarboxaldehydeoxime,,,,,,,O/N=C\c1ccccn1
2-pyridinecarboxaldehyde,,,,,,,O=Cc1ncccc1
2-pyridineethanol,,,,,,,n1c(cccc1)CCO
2-pyridinemethanethiol,,,,,,,SCc1ccccn1
2-pyridinepropanol,,,,,,,n1c(cccc1)CCCO
2-pyrimidinamine,,,,,,,n1cccnc1N
2-pyrimidinecarbonitrile,2-PYRIMIDINECARBONITRILE,BP-TZVP,014080-23-0,105.1,C5H3N3,,n1c(C#N)nccc1
2-pyrimidone,2-pyrimidone,BP-TZVP,000557-01-7,96.09,C4H4N2O,,[nH]1c(=O)nccc1
"2-pyrrolidinone,1-ethyl",,,,,,,CCN1CCCC1=O
2-pyrrolidon,,,,,,,C1C(=O)NCC1
2-sec-butylcyclohexanone,,,,,,,CC[C@@H](C)[C@H]1CCCCC1=O
2-silaisobutene,,,,,,,C[Si](=C)C
2-t-butylphenol_anion,,,,,,,[O]c1c(ccc(C)c1)C(C)(C)C
2-tert-butoxy-propan-1-ol,,,,,,,CC(C)(C)O[C@@H](C)CO
"2-tert-butyl-5,5-dimethyl-1,3,2-dioxaphosphinane2-oxide",,,,,,,CC1(C)COP(=O)(OC1)C(C)(C)C
2-tert-butylbenzoicacid,,,,,,,c1c(c(ccc1)C(=O)O)C(C)(C)C
2-tert-butylpyridine,,,,,,,CC(C)(C)c1ccccn1
2-tetradecanone,2-tetradecanone,BP-TZVP,002345-27-9,212.37,C14H28O,,CCCCCCCCCCCCC(=O)C
2-thiazolamine,,,,,,,s1c(N)ncc1
2-thiazolamine_cation2,,,,,,,s1c([NH3])ncc1
2-thienyl-disulfide,,,,,,,S(Sc1sccc1)c1sccc1
2-thienyl-mercaptan,,,,,,,Sc1sccc1
2-thiopheneacetonitrile,,,,,,,N#CCc1sccc1
2-thiophenecarbonitrile,,,,,,,s1cccc1C#N
2-thiophenecarboxaldehyde,,,,,,,O=Cc1sccc1
2-thiophenecarboxamide,,,,,,,s1cccc1C(=O)N
2-thiophenecarboxylicacid,,,,,,,OC(=O)c1cccs1
2-thiophenemethanol,,,,,,,s1cccc1CO
2-thiouracil,2-Thiouracil,BP-TZVP,000141-90-2,128.15,C4H4N2OS,,c1(=S)[nH]c(=O)cc[nH]1
2-thioxo-4-thiazolidinone,"4-THIAZOLIDINONE,2-THIOXO-",BP-TZVP,000141-84-4,133.19,C3H3NOS2,,O=C1NC(=S)SC1
2-toluamide,,,,,,,NC(=O)c1ccccc1C
"2-trans,4-trans-decadienal",,,,,,,CCCCC/C=C/C=C/C=O
2-trans-6-cis-dodecadienal,,,,,,,CCCCC/C=C/CC/C=C/C=O
2-tridecanone,,,,,,,CCCCCCCCCCCC(=O)C
2-trifluoromethyl-2-propanol,,,,,,,OC(C)(C)C(F)(F)F
"2-trifluoromethyl-3-methoxy-1,1,1,2,3,4,4,5,5,5-decafluoropentane",,,,,,,CO[C@@](C(C(F)(F)F)(C(F)(F)F)F)(C(C(F)(F)F)(F)F)F
2-trimethylsilylethanimine,,,,,,,C[Si](C)(C)CC=N
2-trimethylsilylpropan-1-amine,,,,,,,C[C@@H](CN)[Si](C)(C)C
2-undecanol,,,,,,,CCCCCCCCC[C@@H](C)O
2-undecanone,,,,,,,CCCCCCCCCC(=O)C
2-vinylfuran,,,,,,,C=Cc1ccco1
2-vinylpyridine,,,,,,,n1c(cccc1)C=C
2-vinyltoluene,,,,,,,C=Cc1c(C)cccc1
"2-[1,1,2,2-tetrafluoro-2-(trifluoromethoxy)ethoxy]propane",,,,,,,CC(C)OC(C(OC(F)(F)F)(F)F)(F)F
2-[bis(trifluoromethyl)amino]acetaldehyde,,,,,,,C(C=O)N(C(F)(F)F)C(F)(F)F
"2-[chloro(fluoro)methoxy]-1,1,1,2,3,3,3-heptafluoropropane",,,,,,,[C@H](OC(C(F)(F)F)(C(F)(F)F)F)(F)Cl
"2-[chloro(fluoro)methoxy]-1,1,1,2-tetrafluoroethane",,,,,,,[C@H](C(F)(F)F)(O[C@@H](F)Cl)F
"2-[chloro(fluoro)methoxy]-1,1,1-trifluoroethane",,,,,,,C(C(F)(F)F)O[C@@H](F)Cl
"2-[difluoro(fluoromethoxy)methyl]-1,1,1,2,3,3,3-heptafluoropropane",,,,,,,C(OC(C(C(F)(F)F)(C(F)(F)F)F)(F)F)F
"2-[difluoro(fluoromethoxy)methyl]-1,1,1,3,3,3-hexafluoro-propane",,,,,,,C(OC(C(C(F)(F)F)C(F)(F)F)(F)F)F
"2-[difluoro(methoxy)methyl]-1,1,1,2,3,3,3-heptafluoropropane",,,,,,,COC(C(C(F)(F)F)(C(F)(F)F)F)(F)F
"2-[difluoro(methoxy)methyl]-1,1,1,4,4,4-hexafluorobutane",,,,,,,COC([C@@H](CC(F)(F)F)C(F)(F)F)(F)F
"2-[difluoro(trifluoromethoxy)methoxy]-1,1,1-trifluoroethane",,,,,,,C(C(F)(F)F)OC(OC(F)(F)F)(F)F
2-[difluoro(trifluoromethoxy)methoxy]propane,,,,,,,CC(C)OC(OC(F)(F)F)(F)F
20734-58-1_cation,,,,,,,c12c(cccc1cccc2N(C)C)[NH](C)C
215395-06-5_anion,,,,,,,Cc1ccc(S(=O)(=O)[N]S(=O)(=O)c2ccc(Cl)c(N(=O)=O)c2)cc1
215395-06-5,,,,,,,Cc1ccc(S(=O)(=O)NS(=O)(=O)c2ccc(Cl)c(N(=O)=O)c2)cc1
215395-07-6_anion,,,,,,,Cc1ccc(S(=O)(=O)[N]S(=O)(=O)C(F)(F)F)cc1
215395-07-6,,,,,,,Cc1ccc(S(=O)(=O)NS(=O)(=O)C(F)(F)F)cc1
2456-81-7_cation,,,,,,,[CH]1C=C(N2CCCC2)C=CN1
2556-43-6,,,,,,,CN(C)[C]([N]c1ccccc1)N(C)C
2556-43-6_cation,,,,,,,CN(C)[C](Nc1ccccc1)N(C)C
2669-65-0_cation,,,,,,,c1(ccccc1)/C/1=c\2/[nH]/c(=C(/c3ccccc3)\C3=N/C(=C(/c4ccccc4)\c4[nH]c(cc4)/C(=C/4\[NH]=C1C=C4)/c1ccccc1)/C=C3)/cc2
2693-66-5_anion,,,,,,,O=C1[C](F)C(=NC(=C1F)F)F
2693-66-5,,,,,,,Oc1c(F)c(F)nc(F)c1F
2725-55-5_anion,,,,,,,O=S(=O)([N]S(=O)(=O)c1ccc(Cl)cc1)c1ccc(Cl)cc1
2725-55-5,,,,,,,O=S(=O)(NS(=O)(=O)c1ccc(Cl)cc1)c1ccc(Cl)cc1
2787-79-3_anion,,,,,,,O=C1C(=C(F)[C](C(F)(F)F)C(=C1F)F)F
2787-79-3,,,,,,,Oc1c(F)c(F)c(C(F)(F)F)c(F)c1F
280-74-0,,,,,,,C1NC[C@H]2CNC[C@@H]1C2
280-74-0_cation,,,,,,,C1NC[C@H]2C[NH2]C[C@@H]1C2
2894-87-3_anion,,,,,,,O=C1C(=C(F)[C](c2c(F)c(F)c(F)c(F)c2F)C(=C1F)F)F
2894-87-3,,,,,,,Oc1c(F)c(F)c(c2c(F)c(F)c(F)c(F)c2F)c(F)c1F
2e-4-chloro-2-butenoic_acid_anion,,,,,,,C(/C=C/C(=O)[O])Cl
2e-4-chloro-2-butenoic_acid,,,,,,,C(/C=C/C(=O)O)Cl
2h-1-benzopyran-2-one,,,,,,,O=c1ccc2ccccc2o1
2h-pyran-2-one,2h-pyran-2-one,BP-TZVP,000504-31-4,96.08,C5H4O2,,O=c1cccco1
"2h-thiete-1,1-dioxide",,,,,,,C1C=CS1(=O)=O
2methyl2phenylhexane,,,,,,,c1(ccccc1)C(CCCC)(C)C
2methylbutylpropionate,,,,,,,CC[C@@H](COC(=O)CC)C
2methylpentylbutyrate,,,,,,,CCCC(=O)OC[C@@H](CCC)C
2pyrimidone4methyl,2PYRIMIDONE4METHYL,BP-TZVP,015231-48-8,110.11,C5H6N2O,,Cc1nc(=O)[nH]cc1
"2r,8as-tmhh-naphthalenone",,,,,,,C1(=O)[C@@H](CC=C2C(CCC[C@]12C)(C)C)C
"2s,8ar-tmhh-naphthalenone",,,,,,,C1(=O)[C@H](CC=C2C(CCC[C@@]12C)(C)C)C
2z-4-chloro-2-butenoicacid_anion,,,,,,,C(/C=C\C(=O)[O])Cl
2z-4-chloro-2-butenoicacid,,,,,,,C(/C=C\C(=O)O)Cl
"3',5'-di-ipr-4,4-dime-3-ph-1,2-bncyclobuten-3-ol",,,,,,,c12c(c(cc(c1)C(C)C)C(C)C)[C@@](C2(C)C)(O)c1ccccc1
"3(r),7-dimethyloct-6-enyl(2r)-2-hydroxypropanoate",,,,,,,CC(=CCC[C@H](CCOC(=O)[C@@H](C)O)C)C
"3(r),7-dimethyloctanyl(2r)-2-hydroxypropanoate",,,,,,,CC(CCC[C@H](CCOC(=O)[C@@H](C)O)C)C
"3(s),7-dimethyloct-6-enyl(2s)-2-hydroxypropanoate",,,,,,,CC(=CCC[C@@H](CCOC(=O)[C@H](C)O)C)C
"3(s),7-dimethyloctanyl(2s)-2-hydroxypropanoate",,,,,,,CC(CCC[C@@H](CCOC(=O)[C@H](C)O)C)C
"3,3'-(1,2-ethanediyldinitrilo)bis(1-ph)1-butanone",,,,,,,C(C(=O)c1ccccc1)/C(=N/CC/N=C(/CC(=O)c1ccccc1)\C)/C
"3,3'-bipyridine","3,3'-bipyridine",BP-TZVP,000581-46-4,156.18,C10H8N2,,n1cccc(c1)c1cnccc1
"3,3'-dichlorobenzidine",,,,,,,c1c(c(cc(c1)c1ccc(c(c1)Cl)N)Cl)N
"3,3'-dimethylbiphenyl",,,,,,,c1(cc(ccc1)c1cccc(c1)C)C
"3,3'-diselenobisalanine",,,,,,,O=C([C@H](C[Se][Se]C[C@H](C(=O)[O])[NH3])N)O
"3,3'-diselenobispropanoicacid",,,,,,,O=C(CC[Se][Se]CCC(=O)O)O
"3,3'-iminodipropionitrile","PROPANENITRILE,3,3'-IMINOBIS-",BP-TZVP,000111-94-4,123.16,C6H9N3,,N#CCCNCCC#N
"3,3'-iminodipropylamine",,,,,,,N(CCCN)CCCN
"3,3'-oxybis-propanenitrile",,,,,,,N#CCCOCCC#N
"3,3'-selenobispropanoicacid",,,,,,,O=C(CC[Se]CCC(=O)O)O
"3,3'-thiobispropanenitrile",,,,,,,N#CCCSCCC#N
"3,3,3-trichloro-1-propene",,,,,,,C(=C)C(Cl)(Cl)Cl
"3,3,3-trifluoro-1-propanol",,,,,,,OCCC(F)(F)F
"3,3,3-trifluoro-1-propene",,,,,,,C=CC(F)(F)F
"3,3,3-trifluoro-2,2-bis(trifluoromethyl)propanal",,,,,,,C(=O)C(C(F)(F)F)(C(F)(F)F)C(F)(F)F
"3,3,3-trifluoro-2,2-dimethylpropan-1-ol",,,,,,,CC(C)(CO)C(F)(F)F
"3,3,3-trifluoro-2,2-dimethylpropanal",,,,,,,CC(C)(C=O)C(F)(F)F
"3,3,3-trifluoro-2-(trifluoromethyl)-propanal",,,,,,,C(=O)C(C(F)(F)F)C(F)(F)F
"3,3,3-trifluoro-2-(trifluoromethyl)propanimidoylfluoride",,,,,,,C(C(=N)F)(C(F)(F)F)C(F)(F)F
"3,3,3-trifluoro-2-hydroxy-2-(trifluoromethyl)propanal",,,,,,,C(=O)C(C(F)(F)F)(C(F)(F)F)O
"3,3,3-trifluoro-2-methyl-2-(trifluoromethyl)propanal",,,,,,,CC(C=O)(C(F)(F)F)C(F)(F)F
"3,3,3-trifluoro-2-methylpropan-1-ol",,,,,,,C[C@@H](CO)C(F)(F)F
"3,3,3-trifluoro-2-methylpropanal",,,,,,,C[C@@H](C=O)C(F)(F)F
"3,3,3-trifluoro-2-oxopropanal",,,,,,,C(=O)C(=O)C(F)(F)F
"3,3,3-trifluoro-2-oxopropanoicacid",,,,,,,C(=O)(C(=O)O)C(F)(F)F
"3,3,3-trifluoro-n,n-dimethyl-2-(trifluoromethyl)propan-1-amine",,,,,,,CN(C)CC(C(F)(F)F)C(F)(F)F
"3,3,3-trifluoro-n,n-dimethylpropan-1-amine",,,,,,,CN(C)CCC(F)(F)F
"3,3,3-trifluoro-n-methyl-2-(trifluoromethyl)propan-1-amine",,,,,,,CNCC(C(F)(F)F)C(F)(F)F
"3,3,3-trifluoropropanal",,,,,,,C(C=O)C(F)(F)F
"3,3,3-trifluoropropylamine",,,,,,,C(CN)C(F)(F)F
"3,3,4,4,4-pentafluoro-2-(1,1,2,2,2-pentafluoroethyl)butanal",,,,,,,C(=O)C(C(C(F)(F)F)(F)F)C(C(F)(F)F)(F)F
"3,3,4,4,4-pentafluoro-2-methylbutan-2-ol",,,,,,,CC(C)(C(C(F)(F)F)(F)F)O
"3,3,4,4,4-pentafluorobutan-1-ol",,,,,,,C(CO)C(C(F)(F)F)(F)F
"3,3,4,4,4-pentafluorobutan-2-amine",,,,,,,C[C@@H](C(C(F)(F)F)(F)F)N
"3,3,4,4,4-pentafluorobutan-2-ol",,,,,,,C[C@@H](C(C(F)(F)F)(F)F)O
"3,3,4,4,4-pentafluorobutan-2-one",,,,,,,CC(=O)C(C(F)(F)F)(F)F
"3,3,4,4,5,5,5-heptafluoro-2-methylpentan-2-amine",,,,,,,CC(C)(C(C(C(F)(F)F)(F)F)(F)F)N
"3,3,4,4,5,5,5-heptafluoropentan-2-amine",,,,,,,C[C@@H](C(C(C(F)(F)F)(F)F)(F)F)N
"3,3,4,4,5,5,5-heptafluoropentan-2-ol",,,,,,,C[C@@H](C(C(C(F)(F)F)(F)F)(F)F)O
"3,3,4,4,5,5,5-heptafluoropentanal",,,,,,,C(C=O)C(C(C(F)(F)F)(F)F)(F)F
"3,3,4,4,5,5,6,6-octafluoro-1-pentanol",,,,,,,C(C(C(CO)(F)F)(F)F)(C(F)F)(F)F
"3,3,4,4,5,5-hexafluoro-2-pentanone",,,,,,,CC(=O)C(C(C(F)F)(F)F)(F)F
"3,3,4,4,5,5-hexafluorodihydro-2(3h)-furanone",,,,,,,C1(=O)C(C(C(O1)(F)F)(F)F)(F)F
"3,3,4,4-tetrafluorohexane",,,,,,,CCC(C(CC)(F)F)(F)F
"3,3,4,4-tetrafluorooxolane",,,,,,,C1C(C(CO1)(F)F)(F)F
"3,3,5,5-tetramethyl-1-pyrazoline",,,,,,,C1(CC(N=N1)(C)C)(C)C
"3,3,5,5-tetramethyl-3,5-disilaheptane",,,,,,,CC[Si](C)(C)C[Si](C)(C)CC
"3,3,5-trimethylcyclohexanol",,,,,,,C1(C[C@@H](C[C@H](C1)C)O)(C)C
"3,3,5-trimethylcyclohexanone",,,,,,,O=C1C[C@@H](CC(C)(C)C1)C
"3,3,5-trimethylheptane",,,,,,,CCC(C)(C)C[C@@H](C)CC
"3,3-bis(trifluoromethyl)pentane",,,,,,,CCC(CC)(C(F)(F)F)C(F)(F)F
"3,3-dibenzo-18-crown-6-ether",,,,,,,C1COc2ccccc2OCCOCCOc2ccccc2OCCO1
"3,3-dichloro-1,1,1,2-tetrafluoro-propane",,,,,,,[C@H](C(Cl)Cl)(C(F)(F)F)F
"3,3-dichloro-1,1,1-trifluoropropane",,,,,,,C(C(Cl)Cl)C(F)(F)F
"3,3-dichloro-1,1,2,2-tetrafluorobutane",,,,,,,CC(C(C(F)F)(F)F)(Cl)Cl
"3,3-dichloropropene",,,,,,,ClC(Cl)C=C
"3,3-dichloropropyne",,,,,,,C#CC(Cl)Cl
"3,3-diethoxypropene",,,,,,,O(CC)C(OCC)C=C
"3,3-diethylpentane",,,,,,,C(CC)(CC)(CC)CC
"3,3-difluoro-1-methoxybutane",,,,,,,CC(CCOC)(F)F
"3,3-difluoro-1-methylpyrrolidine",,,,,,,CN1CCC(C1)(F)F
"3,3-difluoro-2-methylpentane",,,,,,,CCC(C(C)C)(F)F
"3,3-difluoro-hexane",,,,,,,CCCC(CC)(F)F
"3,3-difluoro-n-methylpropan-1-amine",,,,,,,CNCCC(F)F
"3,3-difluoro-pentane",,,,,,,CCC(CC)(F)F
"3,3-difluorobutan-1-amine",,,,,,,CC(CCN)(F)F
"3,3-difluorooxolane",,,,,,,C1COCC1(F)F
"3,3-difluoropropyl(trimethyl)silane",,,,,,,C[Si](C)(C)CCC(F)F
"3,3-difluoropyrrolidine",,,,,,,C1CNCC1(F)F
"3,3-dimethoxy-1-propene",,,,,,,C=CC(OC)OC
"3,3-dimethyl-1,3-azasilolidine",,,,,,,C[Si]1(CCNC1)C
"3,3-dimethyl-1-butanol","3,3-DIMETHYL-1-BUTANOL",BP-TZVP,000624-95-3,102.18,C6H14O,,OCCC(C)(C)C
"3,3-dimethyl-1-butene",,,,,,,C=CC(C)(C)C
"3,3-dimethyl-1-butyne",,,,,,,C#CC(C)(C)C
"3,3-dimethyl-1-hexene",,,,,,,C=CC(C)(C)CCC
"3,3-dimethyl-1-pentene",,,,,,,C=CC(C)(C)CC
"3,3-dimethyl-2-butanamine",,,,,,,N[C@@H](C(C)(C)C)C
"3,3-dimethyl-2-butanimine",,,,,,,CC(=N)C(C)(C)C
"3,3-dimethyl-2-butanone",,,,,,,C(C(=O)C)(C)(C)C
"3,3-dimethyl-2-oxobutanoicacid",,,,,,,O=C(O)C(=O)C(C)(C)C
"3,3-dimethylbutan-1-imine",,,,,,,CC(C)(C)CC=N
"3,3-dimethylbutanoylchloride",,,,,,,O=C(CC(C)(C)C)Cl
"3,3-dimethylbutylamine",,,,,,,CC(C)(C)CCN
"3,3-dimethylcyclohexanol",,,,,,,C1(C[C@H](O)CCC1)(C)C
"3,3-dimethylcyclohexanone",,,,,,,O=C1CCCC(C)(C)C1
"3,3-dimethylhexane",,,,,,,CCC(C)(C)CCC
"3,3-dimethyloctane",,,,,,,CCCCCC(C)(C)CC
"3,3-dimethyloxetane",,,,,,,O1CC(C)(C)C1
"3,3-dimethylpentane",,,,,,,CCC(CC)(C)C
"3,3-dimethylpiperidine",,,,,,,N1CC(C)(C)CCC1
"3,3-dimethylsuccinimide_anion",,,,,,,C1(CC(=O)[N]C1=O)(C)C
"3,3-dimethylsuccinimide",,,,,,,C1(CC(=O)NC1=O)(C)C
"3,3-methylphenylglutarimide_anion",,,,,,,C1(=O)[N]C(=O)CC(C1)(c1ccccc1)C
"3,3-methylphenylglutarimide",,,,,,,C1(=O)NC(=O)CC(C1)(c1ccccc1)C
"3,4,4,4-tetrafluoro-3-(fluoromethyl)butan-2-one",,,,,,,CC(=O)[C@@](CF)(C(F)(F)F)F
"3,4,4,4-tetrafluoro-3-(trifluoromethyl)butanal",,,,,,,C(C=O)C(C(F)(F)F)(C(F)(F)F)F
"3,4,4-trimethyl-2-pentene",,,,,,,C(=C\C)(/C(C)(C)C)\C
"3,4,4-trimethyl-3-pentanol","2,2,3-TRIMETHYL-3-PENTANOL",BP-TZVP,007294-05-5,130.23,C8H18O,,CC(C)(C)[C@@](O)(C)CC
"3,4,5,6-dibenzacridine",,,,,,,n1c2c(cc3c1c1c(cc3)cccc1)ccc1c2cccc1
"3,4,5,6-tetramethylphenanthrene",,,,,,,Cc1c2c3c(ccc2ccc1C)ccc(c3C)C
"3,4,5-trichlorophenol_anion",,,,,,,c1(cc(c(c(c1)Cl)Cl)Cl)[O]
"3,4,5-trichlorophenol",,,,,,,c1(cc(c(c(c1)Cl)Cl)Cl)O
"3,4,5-trifluoro-2-methylpyridine",,,,,,,Cc1ncc(c(c1F)F)F
"3,4,5-trihydroxybenzoicacid",,,,,,,c1(cc(cc(c1O)O)C(=O)O)O
"3,4,5-trimethyl-1,3-oxazole-2(3h)-thione",,,,,,,Cc1oc(=S)n(c1C)C
"3,4,5-trimethyl-1,3-thiazole-2(3h)-thione",,,,,,,Cc1sc(=S)n(c1C)C
"3,4,5-trimethylbenzoicacid","3,4,5-trimethylbenzoicacid",BP-TZVP,001076-88-6,164.2,C10H12O2,,c1(cc(cc(c1C)C)C(=O)O)C
"3,4,7,8-tetramethyl-1,10-phenanthroline",,,,,,,Cc1cnc2c3ncc(C)c(c3ccc2c1C)C
"3,4-di-1-cyclohexen-1-yl-2,2,5,5-tetrame-hexane",,,,,,,CC([C@@H]([C@@H](C(C)(C)C)C1=CCCCC1)C1=CCCCC1)(C)C
"3,4-diadamant-2-yldioxetan",,,,,,,C1[C@@H]2C[C@@H]3C[C@H]1C[C@H](C2)[C@H]3[C@H]1OO[C@H]1[C@@H]1[C@@H]2C[C@H]3C[C@@H](C2)C[C@@H]1C3
"3,4-diaminobenzoicacid",,,,,,,c1cc(N)c(N)cc1C(=O)O
"3,4-diaminotoluene","3,4-DIAMINOTOLUENE",BP-TZVP,000496-72-0,122.17,C7H10N2,,Nc1c(N)cc(cc1)C
"3,4-dichloro-1,1,1,2,2,4,4-heptafluorobutane",,,,,,,[C@H](C(C(F)(F)F)(F)F)(C(F)(F)Cl)Cl
"3,4-dichloro-1,1,1,2,2,4-hexafluoro-3-methylbutane",,,,,,,C[C@@]([C@@H](F)Cl)(C(C(F)(F)F)(F)F)Cl
"3,4-dichloro-1-butene",,,,,,,C(=C)[C@H](Cl)CCl
"3,4-dichloroacetanilide",,,,,,,c1(c(cc(cc1)NC(=O)C)Cl)Cl
"3,4-dichloroaniline",,,,,,,c1(c(ccc(c1)N)Cl)Cl
"3,4-dichloronitrobenzene",,,,,,,c1(c(cc(cc1)N(=O)=O)Cl)Cl
"3,4-dichlorophenol_anion",,,,,,,c1cc(cc(c1Cl)Cl)[O]
"3,4-dichlorophenol",,,,,,,c1(c(ccc(c1)O)Cl)Cl
"3,4-dichlorophenylurea",,,,,,,c1(ccc(cc1Cl)NC(=O)N)Cl
"3,4-dichlorotoluene","3,4-dichlorotoluene",BP-TZVP,000095-75-0,161.03,C7H6Cl2,,c1(ccc(c(Cl)c1)Cl)C
"3,4-dicyclohexyl-2,5-dimethylhexane",,,,,,,C1CCCCC1[C@@H]([C@@H](C1CCCCC1)C(C)C)C(C)C
"3,4-diethyl-3,4-bis(4-tert-butylphenyl)-hexane",,,,,,,c1cc(ccc1[C@@H](C(c1ccc(cc1)C(C)(C)C)(CC)CC)[C@@H](C)CC)C(C)(C)C
"3,4-difluoro-2,5-dimethylhexane",,,,,,,CC(C)[C@@H]([C@@H](C(C)C)F)F
"3,4-difluorohexane",,,,,,,CC[C@@H]([C@@H](CC)F)F
"3,4-difluoropyridine",,,,,,,c1cncc(c1F)F
"3,4-dihydro-1(2h)-naphthalenone",,,,,,,O=C1c2c(cccc2)CCC1
"3,4-dihydro-1h-isoquinoline","ISOQUINOLINE,1,2,3,4-TETRAHYDRO-",BP-TZVP,000091-21-4,133.19,C9H11N,,N1CCc2c(cccc2)C1
"3,4-dihydro-2(1h)-naphthalenone","3,4-dihydro-2(1h)-naphthalenone",BP-TZVP,000530-93-8,146.19,C10H10O,,O=C1CCc2c(cccc2)C1
"3,4-dihydro-2(1h)-quinolinone","3,4-dihydro-2(1h)-quinolinone",BP-TZVP,000553-03-7,147.17,C9H9NO,,c1cc2NC(=O)CCc2cc1
"3,4-dihydro-2-methoxy-2h-pyran",,,,,,,O1C=CCC[C@H]1OC
"3,4-dihydro-2h-1-benzopyran-2-one",,,,,,,O=C1Oc2c(cccc2)CC1
"3,4-dihydro-2h-1-benzopyran",,,,,,,c1ccc2CCCOc2c1
"3,4-dihydroxy-3-cyclobutene-1,2-dione",,,,,,,C1(=O)C(=O)C(=C1O)O
"3,4-dihydroxybenzaldehyde",,,,,,,O=Cc1cc(O)c(O)cc1
"3,4-dihydroxybenzoicacid",,,,,,,OC(=O)c1ccc(O)c(O)c1
"3,4-dimethoxy-1-vinylbenzene",,,,,,,COc1ccc(C=C)cc1OC
"3,4-dimethoxybenzaldehyde",,,,,,,O=Cc1ccc(OC)c(OC)c1
"3,4-dimethoxybenzoicacid",,,,,,,c1cc(c(cc1C(=O)O)OC)OC
"3,4-dimethyl-1,2,5-selenadiazole",,,,,,,Cc1n[se]nc1C
"3,4-dimethyl-1,2-cyclopentadione",,,,,,,C[C@H]1CC(=O)C(=O)[C@H]1C
"3,4-dimethyl-1-hexene",,,,,,,C=C[C@@H](C)[C@@H](C)CC
"3,4-dimethyl-1-pentene",,,,,,,C=C[C@@H](C)C(C)C
"3,4-dimethyl-1-pentyn-3-ol",,,,,,,O[C@@](C#C)(C)C(C)C
"3,4-dimethyl-2,5-furandione",,,,,,,O=C1OC(=O)C(=C1C)C
"3,4-dimethylbenzoicacid_anion",,,,,,,[O]C(=O)c1cc(C)c(cc1)C
"3,4-dimethylbenzoicacid",,,,,,,OC(=O)c1cc(C)c(cc1)C
"3,4-dimethylchlorobenzene",,,,,,,c1cc(cc(c1C)C)Cl
"3,4-dimethylheptane",,,,,,,CCC[C@@H](C)[C@@H](C)CC
"3,4-dimethylhexane",,,,,,,CC[C@@H](C)[C@H](C)CC
"3,4-dimethylphenol",,,,,,,Cc1ccc(O)cc1C
"3,4-dimethylpyridine",,,,,,,c1(c(ccnc1)C)C
"3,4-dimethylpyridine_cation",,,,,,,C1(=CN[CH]C=C1C)C
"3,4-dimethylquinoline","3,4-dimethylquinoline",BP-TZVP,002436-92-2,157.21,C11H11N,,Cc1c2c(ncc1C)cccc2
"3,4-dimethylthiophene",,,,,,,Cc1cscc1C
"3,4-dinitrobenzoicacid",,,,,,,N(=O)(=O)c1c(N(=O)=O)ccc(c1)C(=O)O
"3,4-dinitrophenol",,,,,,,Oc1ccc(N(=O)=O)c(c1)N(=O)=O
"3,4-dinonylphenol",,,,,,,c1(O)cc(CCCCCCCCC)c(CCCCCCCCC)cc1
"3,4-hexanedione",,,,,,,O=C(C(=O)CC)CC
"3,4-pyridinediamine",,,,,,,Nc1ccncc1N
"3,4-xylylamine",,,,,,,Nc1ccc(c(C)c1)C
"3,5,5-trimethylhexanal",,,,,,,C[C@@H](CC=O)CC(C)(C)C
"3,5,6-trichloro-2-pyridinol",,,,,,,c1(c(cc(c(n1)O)Cl)Cl)Cl
"3,5-bis(1,1-dimethylethyl)-(1,1'-biphenyl)-4-ol",,,,,,,c1c(cc(c(c1C(C)(C)C)O)C(C)(C)C)c1ccccc1
"3,5-bis(1,1-dimethylethyl)-1,2-benzenediol",,,,,,,C(C)(C)(C)c1cc(C(C)(C)C)cc(c1O)O
"3,5-bis(1,1-dimethylethyl)-phenol",,,,,,,C(C)(C)(C)c1cc(C(C)(C)C)cc(c1)O
"3,5-di-tert-butylbenzoicacid",,,,,,,c1(cc(cc(c1)C(C)(C)C)C(=O)O)C(C)(C)C
"3,5-diaminobenzoicacid",,,,,,,O=C(O)c1cc(N)cc(N)c1
"3,5-diaminotoluene",,,,,,,Nc1cc(N)cc(C)c1
"3,5-diazaindole",,,,,,,n1c[nH]c2c1cncc2
"3,5-dibromo-4-hydroxybenzonitrile","3,5-dibromo-4-hydroxybenzonitrile",BP-TZVP,001089-84-5,276.91,C7H3Br2NO,,Brc1cc(C#N)cc(Br)c1O
"3,5-dibromoaniline",,,,,,,c1c(cc(cc1Br)N)Br
"3,5-dibromoaniline_cation",,,,,,,c1c(cc(cc1Br)[NH3])Br
"3,5-dichloroaniline",,,,,,,c1(cc(cc(c1)N)Cl)Cl
"3,5-dichlorobenzonitrile",,,,,,,Clc1cc(C#N)cc(Cl)c1
"3,5-dichlorophenol_anion",,,,,,,c1(cc(cc(c1)Cl)[O])Cl
"3,5-dichlorophenol",,,,,,,Oc1cc(Cl)cc(Cl)c1
"3,5-dichloropyridine1-oxide",,,,,,,Clc1c[n+]([O-])cc(Cl)c1
"3,5-dichloropyridine",,,,,,,Clc1cncc(Cl)c1
"3,5-diethyl-2-methylpyrazine",,,,,,,CCc1cnc(C)c(CC)n1
"3,5-difluoropyridine",,,,,,,c1c(cncc1F)F
"3,5-dihydroxybenzoicacid",,,,,,,O=C(O)c1cc(O)cc(O)c1
"3,5-diisopropylbenzenehydroperoxide",,,,,,,OOc1cc(C(C)C)cc(C(C)C)c1
"3,5-diisopropylphenol",,,,,,,c1(cc(cc(c1)C(C)C)O)C(C)C
"3,5-dimethoxybenzoicacid",,,,,,,c1(cc(cc(c1)OC)C(=O)O)OC
"3,5-dimethoxybenzonitrile",,,,,,,COc1cc(C#N)cc(OC)c1
"3,5-dimethoxyphenol",,,,,,,COc1cc(O)cc(OC)c1
"3,5-dimethyl-1,2-cyclopentadione",,,,,,,C[C@H]1C[C@@H](C)C(=O)C1=O
"3,5-dimethyl-1-hexen-3-ol",,,,,,,O[C@@](C=C)(CC(C)C)C
"3,5-dimethyl-1h-pyrazole",,,,,,,n1[nH]c(cc1C)C
"3,5-dimethyl-2-cyclohexen-1-one","2-CYCLOHEXEN-1-ONE,3,5-DIMETHYL-",BP-TZVP,001123-09-7,124.18,C8H12O,,O=C1C=C(C[C@@H](C1)C)C
"3,5-dimethyl-4-bromophenyl-1,1-dimethylurea",,,,,,,c1(c(cc(cc1C)NC(=O)N(C)C)C)Br
"3,5-dimethyl-4-chloropyrazole",,,,,,,Cc1n[nH]c(c1Cl)C
"3,5-dimethyl-benzoicacid",,,,,,,c1(cc(cc(c1)C)C(=O)O)C
"3,5-dimethylbenzofuran",,,,,,,Cc1c2cc(C)ccc2oc1
"3,5-dimethylbenzo[b]thiophene",,,,,,,c1cc(C)cc2c(C)csc12
"3,5-dimethylheptan-4-one",,,,,,,CC[C@@H](C)C(=O)[C@@H](C)CC
"3,5-dimethylheptane",,,,,,,[C@H](CC)(C[C@@H](CC)C)C
"3,5-dimethylisoxazole",,,,,,,o1nc(C)cc1C
"3,5-dimethylphenol",,,,,,,Cc1cc(C)cc(O)c1
"3,5-dimethylphenyl-1,1-dimethylurea",,,,,,,c1c(cc(cc1C)NC(=O)N(C)C)C
"3,5-dimethylpiperidine",,,,,,,N1C[C@@H](C[C@@H](C)C1)C
"3,5-dimethylpyridine",,,,,,,c1(cc(cnc1)C)C
"3,5-dinitroaniline",,,,,,,c1(cc(cc(c1)N)N(=O)=O)N(=O)=O
"3,5-dinitrobenzamide",,,,,,,c1c(cc(cc1N(=O)=O)C(=O)N)N(=O)=O
"3,5-dinitrobenzoicacid",,,,,,,c1(cc(cc(c1)N(=O)=O)C(=O)O)N(=O)=O
"3,5-dinitrophenol",,,,,,,c1(cc(cc(c1)N(=O)=O)O)N(=O)=O
"3,5-dinitrotoluene",,,,,,,c1(C)cc(N(=O)=O)cc(N(=O)=O)c1
"3,5-diphenyl-1,2,4-oxadiazole",,,,,,,c1ccc(cc1)c1nc(c2ccccc2)on1
"3,5-xylidine",,,,,,,Nc1cc(cc(C)c1)C
"3,6,9,12-tetraazatetradecane-1,14-diamine",,,,,,,NCCNCCNCCNCCNCCN
"3,6-bis(dimethylamino)phthalimide",,,,,,,c1cc(c2c(c1N(C)C)C(=O)NC2=O)N(C)C
"3,6-diaminophthalimide",,,,,,,c12c(c(ccc1N)N)C(=O)NC2=O
"3,6-dichlorosalicylicacid",,,,,,,c1c(c(c(c(c1)Cl)C(=O)O)O)Cl
"3,6-dihydro-4-methyl-2(2-methylpropen-1-yl)-2h-pyran",,,,,,,CC(=C[C@H]1CC(=CCO1)C)C
"3,6-dimethyl-3-heptanol",,,,,,,O[C@@](C)(CC)CCC(C)C
"3,6-dimethyl-3-octanol",,,,,,,O[C@@](CC[C@@H](CC)C)(CC)C
"3,6-dioxaoctane",,,,,,,CCOCCOCC
"3,6-diphenyl-1,2-dithiin",,,,,,,c1cc(ccc1)C1=CC=C(SS1)c1ccccc1
"3,6-nonadienal",,,,,,,C(=C\C/C=C\CC)\C=O
"3,7-dihydro-1,3,7,9-tetramethyl-2,6-dioxo-1h-purinium_cation",,,,,,,n1(c(=O)n(c2c(c1=O)N([CH]N2C)C)C)C
"3,7-dimethyl-1-octanol",,,,,,,CC(CCC[C@H](CCO)C)C
"3,7-dimethyl-6-octen-1-ol",,,,,,,C([C@@H](CCO)C)CC=C(C)C
"3,7-dimethyl-6-octenoic-acid",,,,,,,C[C@@H](CCC=C(C)C)CC(=O)O
"3,7-dimethyloctanal",,,,,,,CC(C)CCC[C@@H](C)CC=O
"3,9-dimethylbenz[a]anthracene",,,,,,,c12c(ccc(c1)C)cc1c(c2)ccc2c1ccc(c2)C
3-((2-methyl-3-furyl)thio)-4-heptanone,,,,,,,CCCC(=O)[C@@H](CC)Sc1ccoc1C
3-((r)-6-methylheptan-2-yloxy)-2-methylpropanal,,,,,,,C(=O)[C@H](CO[C@@H](CCCC(C)C)C)C
3-((s)-6-methylheptan-2-yloxy)-2-methylpropanal,,,,,,,C(=O)[C@@H](CO[C@H](CCCC(C)C)C)C
"3-(1,1-difluoroethoxy)-1,1,2,2-tetrafluoropropane",,,,,,,CC(OCC(C(F)F)(F)F)(F)F
"3-(1,1-difluoroethyl)-1,1,1,2,2,3,4,4,5,5,5-undecafluoropentane",,,,,,,CC(C(C(C(F)(F)F)(F)F)(C(C(F)(F)F)(F)F)F)(F)F
"3-(1,1-difluoroethyl)-2,2,4,4-tetrafluoro-3-(trifluoromethyl)pentane",,,,,,,CC(C(C(C)(F)F)(C(C)(F)F)C(F)(F)F)(F)F
"3-(1,1-dimethylethyl)-2,2,4,4-tetrame-3-pentanol",,,,,,,C(C(C(C)(C)C)(C(C)(C)C)O)(C)(C)C
3-(1-methylethyl)-benzoicacid,"Benzoicacid,3-(1-methylethyl)-",BP-TZVP,005651-47-8,164.2,C10H12O2,,CC(C)c1cc(C(=O)O)ccc1
3-(1h-imidazol-4-yl)-2-propenoicacid,,,,,,,O=C(O)/C=C/c1nc[nH]c1
3-(2-aminoethyl)pyridine,,,,,,,c1ncccc1CCN
3-(2-furanyl)-2-propenal,,,,,,,C(=C\c1ccco1)/C=O
3-(2-furanyl)-2-propenoicacid,,,,,,,O=C(O)/C=C/c1occc1
"3-(2-furoylthio)-2,5-dimethylfuran",,,,,,,Cc1oc(C)c(SC(=O)c2occc2)c1
3-(2-furyl)acrylophenone,,,,,,,C(=C\c1occc1)\C(=O)c1ccccc1
3-(2-hydroxyethyl)-1h-indole,,,,,,,OCCc1c2c([nH]c1)cccc2
3-(2-methylpropyl)pyridine,,,,,,,CC(C)Cc1cccnc1
"3-(2-propenyl)-2,4-pentanedione",,,,,,,O=C(C)C(C(=O)C)CC=C
"3-(3,4-dichlorophenyl)-1-methylurea",,,,,,,c1(ccc(cc1Cl)NC(=O)NC)Cl
"3-(3,4-methylenedioxyphenyl)-2-methylpropanal",,,,,,,C[C@@H](Cc1ccc2OCOc2c1)C=O
3-(3-carboxypropyl)-1-methyl-imidazolium_cation,,,,,,,[CH]1N(C=CN1CCCC(=O)O)C
3-(3-chloro-4-methoxyphenyl)-1-methylurea,,,,,,,c1(ccc(cc1Cl)NC(=O)NC)OC
3-(3-chlorophenyl)-1-methylurea,,,,,,,c1ccc(cc1Cl)NC(=O)NC
3-(3-methoxypropyl)-1-methyl-imidazolium_cation,,,,,,,[CH]1N(C=CN1C)CCCOC
3-(4-hydroxybutyl)-1-methyl-imidazolium_cation,,,,,,,[CH]1N(C=CN1CCCCO)C
3-(4-methyl-3-pentenyl)furan,,,,,,,o1ccc(c1)CCC=C(C)C
3-(5-nitro-2-furyl)-2-propenal,,,,,,,c1cc(oc1/C=C/C=O)N(=O)=O
3-(7-carboxyheptyl)-1-methyl-imidazolium_cation,,,,,,,[CH]1N(C=CN1CCCCCCCC(=O)O)C
"3-(9h-carbazol-9-yl)-n,n-dimethylpropan-1-amine",,,,,,,CN(C)CCCn1c2ccccc2c2ccccc12
3-(acetylthio)-2-methylfuran,,,,,,,CC(=O)Sc1ccoc1C
3-(aminocarbonyl)-1-[(cyclododecyloxy)methyl]pyridinium_cation,,,,,,,N1([CH]C(=CC=C1)C(=O)N)COC1CCCCCCCCCCC1
3-(aminocarbonyl)-1-[(decyloxy)methyl]pyridinium_cation,,,,,,,N1([CH]C(=CC=C1)C(=O)N)COCCCCCCCCCC
3-(aminocarbonyl)-1-[(dodecyloxy)methyl]pyridinium_cation,,,,,,,N1([CH]C(=CC=C1)C(=O)N)COCCCCCCCCCCCC
3-(aminocarbonyl)-1-[(undecyloxy)methyl]pyridinium_cation,,,,,,,N1([CH]C(=CC=C1)C(=O)N)COCCCCCCCCCCC
3-(bromomethyl)benzonitrile,,,,,,,BrCc1cc(C#N)ccc1
3-(butoxycarbonyl)-1-methylpyridinium_cation,,,,,,,N1([CH]C(=CC=C1)C(=O)OCCCC)C
3-(butoxymethyl)-imidazolium_cation,,,,,,,N1[CH]N(C=C1)COCCCC
3-(chloromethyl)heptane,,,,,,,ClC[C@@H](CCCC)CC
3-(cyanomethyl)-1-methyl-imidazolium_cation,,,,,,,[CH]1N(C=CN1CC#N)C
3-(diethylamino)phenol,,,,,,,Oc1cccc(N(CC)CC)c1
"3-(difluoromethoxy)-1,1,1,2,2,3-hexafluoro-propane",,,,,,,[C@H](C(C(F)(F)F)(F)F)(OC(F)F)F
"3-(difluoromethoxy)-1,1,1,2-tetrafluoropropane",,,,,,,C([C@@H](C(F)(F)F)F)OC(F)F
"3-(difluoromethoxy)-1,1,2,2-tetrafluoropropane",,,,,,,C(C(C(F)F)(F)F)OC(F)F
"3-(difluoromethoxy)-1,1,2-trifluoropropane",,,,,,,C([C@@H](C(F)F)F)OC(F)F
"3-(difluoromethyl)-1,1,1,2,2,3,4,4-octafluoro-butane",,,,,,,C(C(C(F)F)(C(C(F)(F)F)(F)F)F)(F)F
3-(difluoromethyl)pentane,,,,,,,CCC(CC)C(F)F
3-(dimethylamino)-1-phenylpropan-1-one,,,,,,,CN(C)CCC(=O)c1ccccc1
3-(dimethylamino)-1-propanol,,,,,,,OCCCN(C)C
"3-(dimethylamino)-5,5-dimethylcyclohex-2-en-1-one",,,,,,,CC1(C)CC(=CC(=O)C1)N(C)C
3-(dimethylamino)phenol,3-(dimethylamino)phenol,BP-TZVP,000099-07-0,137.18,C8H11NO,,Oc1cccc(N(C)C)c1
3-(ethylamino)-phenol,,,,,,,CCNc1cccc(O)c1
"3-(fluoromethyl)-2,4-dimethylpentane",,,,,,,CC(C)C(CF)C(C)C
3-(hydroxymethyl)-2-heptanone,,,,,,,CCCC[C@@H](CO)C(=O)C
3-(hydroxymethyl)-2-octanone,,,,,,,CCCCC[C@@H](CO)C(=O)C
3-(methylamino)-1-phenyl-2-buten-1-one,,,,,,,[CH](C(=O)c1ccccc1)/C(=[NH]\C)/C
3-(methylamino)propiononitrile,,,,,,,CNCCC#N
3-(methylthio)-1-hexanol,,,,,,,CCC[C@@H](CCO)SC
3-(methylthio)-1-propene,,,,,,,S(CC=C)C
3-(methylthio)-2-butanone,,,,,,,CS[C@@H](C)C(=O)C
3-(methylthio)-propanal,,,,,,,CSCCC=O
3-(methylthio)butanal,,,,,,,CS[C@@H](C)CC=O
3-(methylthio)propanol,,,,,,,CSCCCO
"3-(n,n-dimethylamino)pyridine",,,,,,,CN(C)c1cccnc1
3-(nitrophenyl)thiourea,3-(NITROPHENYL)-THIOUREA,BP-TZVP,000709-72-8,197.22,C7H7N3O2S,,N(=O)(=O)c1cc(NC(=S)N)ccc1
3-(p-isopropylphenyl)propionaldehyde,,,,,,,CC(C)c1ccc(CCC=O)cc1
3-(triethoxysilyl)propionitrile,,,,,,,N#CCC[Si](OCC)(OCC)OCC
"3-(trifluoromethyl)-1,3-oxazolidine",,,,,,,C1COCN1C(F)(F)F
3-(trifluoromethyl)aniline,,,,,,,c1(cccc(c1)C(F)(F)F)N
3-(trifluoromethyl)benzonitrile,,,,,,,FC(F)(F)c1cc(C#N)ccc1
3-(trifluoromethyl)phenylacetonitrile,,,,,,,FC(F)(F)c1cccc(c1)CC#N
3-(trifluoromethyl)phenylurea,,,,,,,c1ccc(cc1C(F)(F)F)NC(=O)N
3-(trifluroromethyl)acetanilide,,,,,,,c1ccc(cc1C(F)(F)F)NC(=O)C
3-(trimethoxysilyl)-1-propanethiol,,,,,,,SCCC[Si](OC)(OC)OC
3-(trimethylsilyl)-1-propanamine,,,,,,,NCCC[Si](C)(C)C
3-5-diethylbenzoicacid,"3,5-Diethylbenzoicacid",BP-TZVP,003854-90-8,178.23,C11H14O2,,c1(cc(cc(c1)CC)C(=O)O)CC
3-acetamidophthalimide,,,,,,,c1cc(c2c(c1)C(=O)NC2=O)NC(=O)C
"3-acetyl-2,5-dimethylfuran",,,,,,,CC(=O)c1cc(C)oc1C
"3-acetyl-2,5-dimethylthiophene",,,,,,,CC(=O)c1cc(C)sc1C
3-acetylpropanol,,,,,,,CC(=O)CCCO
3-acetylpyridine,,,,,,,O=C(c1cccnc1)C
3-amino-1-propanol,,,,,,,OCCCN
3-amino-3-phenylpropanoicacid,,,,,,,OC(=O)C[C@@H](c1ccccc1)N
"3-amino-5,6-dimethyl-as-triazine",,,,,,,Cc1nnc(N)nc1C
3-amino-benzoicacidethylester,3-amino-benzoicacidethylester,BP-TZVP,000582-33-2,165.19,C9H11NO2,,O=C(OCC)c1cccc(N)c1
3-amino-p-cresol,,,,,,,c1cc(c(N)cc1O)C
3-aminobenzamide,,,,,,,c1ccc(N)cc1C(=O)N
3-aminobenzenethiol,,,,,,,Sc1cc(N)ccc1
3-aminobenzoicacid_anion,,,,,,,Nc1cccc(c1)C(=O)[O]
3-aminobenzoicacid,,,,,,,Nc1cccc(c1)C(=O)O
3-aminobenzonitrile,,,,,,,Nc1cccc(C#N)c1
3-aminobutanoicacid,,,,,,,O=C([O])C[C@@H]([NH3])C
3-aminonitrobenzene,3-nitroBenzenamine,BP-TZVP,000099-09-2,138.12,C6H6N2O2,,c1c(cc(cc1)N)N(=O)=O
3-aminophenol,"Phenol,3-amino-",BP-TZVP,000591-27-5,109.13,C6H7NO,,c1(cc(ccc1)O)N
3-aminopyridine_anion,,,,,,,[NH]c1cccnc1
3-aminopyridine,,,,,,,Nc1cccnc1
3-aminopyridine_cation1,,,,,,,NC1=CC=CN[CH]1
3-aminopyridine_cation2,,,,,,,[NH3]c1cccnc1
"3-azabicyclo[3,2,2]nonane",,,,,,,[C@H]12CC[C@@H](CC2)CNC1
3-benzyl-4-heptanone,,,,,,,CCCC(=O)[C@@H](CC)Cc1ccccc1
3-benzylphenol,,,,,,,c1cc(cc(c1)Cc1ccccc1)O
"3-bromo-1,1,1,2,2-pentafluoropropane",,,,,,,C(C(C(F)(F)F)(F)F)Br
"3-bromo-1,1,1-trifluoro-2-methylpropane",,,,,,,C[C@@H](CBr)C(F)(F)F
"3-bromo-1,1,1-trifluoropropane",,,,,,,C(CBr)C(F)(F)F
"3-bromo-1,1,2,2-tetrafluorobutane",,,,,,,C[C@@H](C(C(F)F)(F)F)Br
"3-bromo-1,1-difluoro-propane",,,,,,,C(CBr)C(F)F
3-bromo-1-fluorobutane,,,,,,,C[C@@H](CCF)Br
3-bromo-1-propanol,,,,,,,C(Br)CCO
"3-bromo-3,3-difluoro-1-propene",,,,,,,BrC(F)(F)C=C
"3-bromo-3-chloro-1,1,1,2,2-pentafluoropropane",,,,,,,[C@H](C(C(F)(F)F)(F)F)(Cl)Br
3-bromoacetanilide,,,,,,,CC(=O)Nc1cccc(Br)c1
3-bromoaniline,,,,,,,c1c(cc(cc1)N)Br
3-bromoaniline_cation,,,,,,,c1c(cc(cc1)[NH3])Br
3-bromobenzoicacid_anion,,,,,,,[O]C(=O)c1cc(Br)ccc1
3-bromobenzoicacid,,,,,,,OC(=O)c1cc(Br)ccc1
3-bromobenzonitrile,,,,,,,Brc1cc(C#N)ccc1
3-bromohexane,,,,,,,Br[C@@H](CCC)CC
3-bromopentane,,,,,,,BrC(CC)CC
3-bromophenol,,,,,,,c1cc(cc(c1)Br)O
3-bromophenylurea,,,,,,,c1ccc(cc1Br)NC(=O)N
3-bromopropanoicacid,,,,,,,O=C(O)CCBr
3-bromopropene,,,,,,,C=CCBr
3-bromopropyne,,,,,,,C(#C)CBr
3-bromopyridine,,,,,,,n1cc(Br)ccc1
3-bromoquinoline,,,,,,,c1ccc2c(c1)cc(cn2)Br
3-bromoquinoline_cation,,,,,,,C1=CC2=CC(=CN[C]2C=C1)Br
3-bromothiophene,3-bromothiophene,BP-TZVP,000872-31-1,163.04,C4H3BrS,,c1cc(Br)cs1
3-bromotoluene,,,,,,,c1(Br)cc(ccc1)C
3-buten-1-ol,3-buten-1-ol,BP-TZVP,000627-27-0,72.11,C4H8O,,OCCC=C
3-butenal,,,,,,,C=CCC=O
"3-butene-1,2-diol","3-butene-1,2-diol",BP-TZVP,000497-06-3,88.11,C4H8O2,,OC[C@@H](O)C=C
3-butenenitrile,3-BUTENENITRILE,BP-TZVP,000109-75-1,67.09,C4H5N,,C=CCC#N
3-butenoicacidethylester,,,,,,,O=C(OCC)CC=C
3-butenoicacid,3-butenoicacid,BP-TZVP,000625-38-7,86.09,C4H6O2,,OC(=O)CC=C
3-butenyl-p-tolylsulfone,,,,,,,c1c(ccc(c1)C)S(=O)(=O)CCC=C
3-butenylbenzene,,,,,,,C(=C)CCc1ccccc1
3-butyl-4-methylthiazolium_cation,,,,,,,S1[CH]N(C(=C1)C)CCCC
3-butyl-5-methylthiazolium_cation,,,,,,,C1=C(S[CH]N1CCCC)C
3-butyn-1-ol,,,,,,,OCCC#C
3-butyn-2-ol,,,,,,,O[C@@H](C#C)C
3-butyn-2-one,,,,,,,CC(=O)C#C
3-carene,,,,,,,CC1=CC[C@H]2[C@@H](C1)C2(C)C
"3-chloro-1,1,1,2,2,3-hexafluorobutane",,,,,,,C[C@@](C(C(F)(F)F)(F)F)(F)Cl
"3-chloro-1,1,1,2,2,3-hexafluoropropane",,,,,,,Cl[C@@H](C(C(F)(F)F)(F)F)F
"3-chloro-1,1,1,2,2,4,4,4-octafluoro-butane",,,,,,,[C@H](C(C(F)(F)F)(F)F)(C(F)(F)F)Cl
"3-chloro-1,1,1,2,2,4,4-heptafluoro-3-methyl-butane",,,,,,,C[C@@](C(F)F)(C(C(F)(F)F)(F)F)Cl
"3-chloro-1,1,1,2,2,4,4-heptafluorobutane",,,,,,,[C@H](C(F)F)(C(C(F)(F)F)(F)F)Cl
"3-chloro-1,1,1,2,2-pentafluorobutane",,,,,,,C[C@@H](C(C(F)(F)F)(F)F)Cl
"3-chloro-1,1,1,2,2-pentafluoropentane",,,,,,,CC[C@@H](C(C(F)(F)F)(F)F)Cl
"3-chloro-1,1,1,2,3,4,4-heptafluoro-2-methylbutane",,,,,,,C[C@@]([C@@](C(F)F)(F)Cl)(C(F)(F)F)F
"3-chloro-1,1,1,2,3-pentafluoro-2-(trifluoromethyl)butane",,,,,,,C[C@@](C(C(F)(F)F)(C(F)(F)F)F)(F)Cl
"3-chloro-1,1,1,2,3-pentafluoro-2-methyl-propane",,,,,,,C[C@@]([C@@H](F)Cl)(C(F)(F)F)F
"3-chloro-1,1,1,2,3-pentafluoro-butane",,,,,,,C[C@@]([C@@H](C(F)(F)F)F)(F)Cl
"3-chloro-1,1,1,2-tetrafluoro-butane",,,,,,,C[C@@H]([C@H](C(F)(F)F)F)Cl
"3-chloro-1,1,1,2-tetrafluoropropane",,,,,,,C([C@@H](C(F)(F)F)F)Cl
"3-chloro-1,1,1,3-tetrafluoro-2-(trifluoromethyl)-butane",,,,,,,C[C@@](C(C(F)(F)F)C(F)(F)F)(F)Cl
"3-chloro-1,1,1,3-tetrafluoropropan-2-one",,,,,,,[C@H](C(=O)C(F)(F)F)(F)Cl
"3-chloro-1,1,1,3-tetrafluoropropane",,,,,,,Cl[C@@H](CC(F)(F)F)F
"3-chloro-1,1,1,4,4-pentafluoro-2-(trifluoromethyl)butane",,,,,,,[C@H](C(C(F)(F)F)C(F)(F)F)(C(F)F)Cl
"3-chloro-1,1,1,4-tetrafluoro-2-(trifluoromethyl)butane",,,,,,,C([C@@H](C(C(F)(F)F)C(F)(F)F)Cl)F
"3-chloro-1,1,1-trifluoro-2-(trifluoromethyl)-butane",,,,,,,C[C@@H](C(C(F)(F)F)C(F)(F)F)Cl
"3-chloro-1,1,1-trifluoro-n-methylpropan-2-amine",,,,,,,CN[C@@H](CCl)C(F)(F)F
"3-chloro-1,1,1-trifluoropropan-2-amine",,,,,,,C([C@@H](C(F)(F)F)N)Cl
"3-chloro-1,1,1-trifluoropropane","3-chloro-1,1,1-trifluoropropane",BP-TZVP,000460-35-5,132.51,C3H4ClF3,,FC(F)(F)CCCl
"3-chloro-1,1,2,2,3-pentafluoro-butane",,,,,,,C[C@@](C(C(F)F)(F)F)(F)Cl
"3-chloro-1,1,2,2-tetrafluoropropane",,,,,,,C(C(C(F)F)(F)F)Cl
"3-chloro-1,1,2,3-tetrafluorobutane",,,,,,,C[C@@]([C@@H](C(F)F)F)(F)Cl
"3-chloro-1,1,2-trifluoro-propane",,,,,,,C([C@@H](C(F)F)F)Cl
"3-chloro-1,1,2-trifluorobutane",,,,,,,C[C@@H]([C@@H](C(F)F)F)Cl
"3-chloro-1,1-difluorobutane",,,,,,,C[C@@H](CC(F)F)Cl
"3-chloro-1,1-difluoroprop-1-ene",,,,,,,C(C=C(F)F)Cl
"3-chloro-1,1-difluoropropane",,,,,,,C(CCl)C(F)F
"3-chloro-1,2,2-trifluorobutane",,,,,,,C[C@@H](C(CF)(F)F)Cl
"3-chloro-1,2,3-trifluorobutane",,,,,,,C[C@@]([C@@H](CF)F)(F)Cl
"3-chloro-1,2-butadiene","3-chloro-1,2-butadiene",BP-TZVP,034581-41-4,88.54,C4H5Cl,,C=C=C(C)Cl
"3-chloro-1,2-propanediol",,,,,,,ClC[C@@H](O)CO
3-chloro-1-butene,,,,,,,C(=C)[C@@H](Cl)C
3-chloro-1-butyne,3-chloro-1-butyne,BP-TZVP,021020-24-6,88.54,C4H5Cl,,C(#C)[C@@H](Cl)C
3-chloro-1-fluoro-butane,,,,,,,C[C@@H](CCF)Cl
3-chloro-1-propanolacetate,,,,,,,ClCCCOC(=O)C
3-chloro-1-propanol,,,,,,,ClCCCO
"3-chloro-2,2,3-trifluorohexane",,,,,,,CCC[C@@](C(C)(F)F)(F)Cl
"3-chloro-2,2,3-trifluoropropanal",,,,,,,C(=O)C([C@@H](F)Cl)(F)F
"3-chloro-2,5-furandione",,,,,,,O=C1OC(=O)C(=C1)Cl
3-chloro-2-(chloromethyl)-1-propene,,,,,,,C=C(CCl)CCl
3-chloro-2-butanol,,,,,,,Cl[C@@H](C)[C@@H](O)C
3-chloro-2-butanone,,,,,,,O=C([C@@H](Cl)C)C
3-chloro-2-methyl-1-butene,,,,,,,Cl[C@@H](C)C(=C)C
3-chloro-2-methyl-1-propene,,,,,,,C(=C)(CCl)C
3-chloro-2-propynoicacid_anion,,,,,,,ClC#CC(=O)[O]
3-chloro-2-propynoicacid,,,,,,,ClC#CC(=O)O
"3-chloro-3,3-difluoro-2,2-dimethylpropanal",,,,,,,CC(C)(C=O)C(F)(F)Cl
"3-chloro-3,3-difluoroprop-1-ene",,,,,,,C=CC(F)(F)Cl
"3-chloro-3,3-difluoropropanal",,,,,,,C(C=O)C(F)(F)Cl
3-chloro-3-fluoroprop-1-ene,,,,,,,C=C[C@@H](F)Cl
3-chloro-3-methyl-1-butyne,,,,,,,C(#C)C(Cl)(C)C
3-chloro-3-methylpentane,,,,,,,ClC(C)(CC)CC
3-chloro-4-fluoroaniline,3-chloro-4-fluoroaniline,BP-TZVP,000367-21-5,145.56,C6H5ClFN,,Fc1c(cc(N)cc1)Cl
3-chloro-4-fluorohexane,,,,,,,CC[C@@H]([C@@H](CC)Cl)F
3-chloro-4-hydroxybenzaldehyde,,,,,,,C(=O)c1cc(Cl)c(O)cc1
3-chloro-4-methoxyaniline,,,,,,,c1(ccc(c(c1)Cl)OC)N
3-chloro-4-methoxyphenylurea,,,,,,,c1(ccc(cc1Cl)NC(=O)N)OC
3-chloro-4-methylphenol,,,,,,,Oc1ccc(c(Cl)c1)C
3-chloro-4-pentenoicacid_anion,,,,,,,C=C[C@@H](CC(=O)[O])Cl
3-chloro-4-pentenoicacid,,,,,,,C=C[C@@H](CC(=O)O)Cl
"3-chloro-5,5-dimethylcyclohex-2-en-1-one",,,,,,,CC1(C)CC(=O)C=C(Cl)C1
3-chloro-6-methoxypyridazine,,,,,,,n1nc(Cl)ccc1OC
3-chloro-p-toluidine,,,,,,,Nc1ccc(c(Cl)c1)C
3-chloroacetanilide,,,,,,,c1c(cccc1NC(=O)C)Cl
3-chloroaniline_cation,,,,,,,c1ccc(cc1Cl)[NH3]
3-chlorobenzamide,,,,,,,NC(=O)c1cccc(Cl)c1
3-chlorobenzeneamine,,,,,,,c1cc(cc(c1)Cl)N
3-chlorobenzenethiol,,,,,,,Sc1cccc(Cl)c1
3-chlorobenzoicacid_anion,,,,,,,Clc1cc(C(=O)[O])ccc1
3-chlorobenzoicacid,,,,,,,Clc1cc(C(=O)O)ccc1
3-chlorobenzonitrile,,,,,,,N#Cc1cc(Cl)ccc1
3-chlorobenzoylchloride,,,,,,,c1c(Cl)cccc1C(=O)Cl
3-chlorobutanoicacid_anion,,,,,,,C[C@H](CC(=O)[O])Cl
3-chlorobutanoicacid,,,,,,,C[C@H](CC(=O)O)Cl
3-chlorocatechol,3-chlorocatechol,BP-TZVP,004018-65-9,144.56,C6H5ClO2,,Oc1c(O)c(Cl)ccc1
3-chlorofuran,,,,,,,o1cc(Cl)cc1
3-chlorohexane,,,,,,,[C@H](Cl)(CCC)CC
3-chloromethyl-n-methylpiperidine,,,,,,,ClC[C@H]1CCCN(C1)C
3-chloropentane,,,,,,,C(Cl)(CC)CC
3-chlorophenol_anion,,,,,,,c1cc(cc(c1)Cl)[O]
3-chlorophenol,,,,,,,c1cc(cc(c1)Cl)O
"3-chlorophenyl-1,1-dimethylurea",,,,,,,c1ccc(cc1Cl)NC(=O)N(C)C
3-chlorophenylacetonitrile,,,,,,,N#CCc1cccc(c1)Cl
3-chlorophenylisocyanate,,,,,,,O=C=Nc1cccc(Cl)c1
3-chlorophenylurea,,,,,,,c1ccc(cc1Cl)NC(=O)N
3-chloropropanenitrile,3-chloropropionitrile,BP-TZVP,000542-76-7,89.52,C3H4ClN,,N#CCCCl
3-chloropropanoicacidethylester,3-chloropropanoicacidethylester,BP-TZVP,000623-71-2,136.58,C5H9ClO2,,O=C(OCC)CCCl
3-chloropropanoicacid_anion,,,,,,,[O]C(=O)CCCl
3-chloropropanoicacid,3-CHLOROPROPANOICACID,BP-TZVP,000107-94-8,108.52,C3H5ClO2,,O=C(O)CCCl
3-chloropropanoylchloride,"PROPANOYLCHLORIDE,3-CHLORO-",BP-TZVP,000625-36-5,126.97,C3H4Cl2O,,O=C(CCCl)Cl
3-chloropropene,,,,,,,C=CCCl
3-chloropropyne,,,,,,,C(#C)CCl
3-chloropyridine,,,,,,,Clc1cccnc1
3-chloropyridine_cation,,,,,,,ClC1=CN[CH]C=C1
3-chloroquinuclidine,,,,,,,Cl[C@H]1C[N@]2CC[C@@H]1CC2
3-chlorothiophene,3-CHLOROTHIOPHENE,BP-TZVP,017249-80-8,118.59,C4H3ClS,,Clc1cscc1
3-chlorotoluene,,,,,,,c1(cccc(Cl)c1)C
3-cyano-1-nitrobenzene,,,,,,,c1c(cc(cc1)N(=O)=O)C#N
3-cyanophenol,,,,,,,Oc1cccc(C#N)c1
3-cyanopropanoicacidmethylester,,,,,,,O=C(OC)CCC#N
3-cyanopyridine,,,,,,,N#Cc1cccnc1
3-cyanopyridine_cation,,,,,,,N#CC1=CN[CH]C=C1
3-cyclohexen-1-ol,,,,,,,O[C@H]1CC=CCC1
3-cyclohexene-1-carboxaldehyde,,,,,,,O=C[C@@H]1CCC=CC1
3-cyclohexenylcarboxylicacid,,,,,,,OC(=O)[C@H]1CCC=CC1
3-decanol,,,,,,,CCCCCCC[C@@H](O)CC
3-decanone,,,,,,,O=C(CC)CCCCCCC
3-decyl-imidazolium_cation,,,,,,,N1[CH]N(C=C1)CCCCCCCCCC
3-decyne,,,,,,,C(#CCCCCCC)CC
3-dimethylaminoacrylonitrile,,,,,,,CN(C)/C=C/C#N
3-dimethylaminopropylamine,,,,,,,N(CCCN)(C)C
3-dodecyl-imidazolium_cation,,,,,,,N1[CH]N(C=C1)CCCCCCCCCCCC
"3-ethenyl-7-oxabicyclo[4,1,0]heptane","3-ethenyl-7-oxabicyclo[4,1,0]heptane",BP-TZVP,000106-86-5,124.18,C8H12O,,O1[C@H]2C[C@@H](C=C)CC[C@@H]12
"3-ethoxy-1,1,1,2,2,3-hexafluoropropane",,,,,,,CCO[C@@H](C(C(F)(F)F)(F)F)F
"3-ethoxy-1,1,1,2,2,4,4-heptafluorobutane",,,,,,,CCO[C@@H](C(F)F)C(C(F)(F)F)(F)F
"3-ethoxy-1,1,1,2,2,4-hexafluorobutane",,,,,,,CCO[C@@H](CF)C(C(F)(F)F)(F)F
"3-ethoxy-1,1,1,2,2-pentafluoropropane",,,,,,,CCOCC(C(F)(F)F)(F)F
"3-ethoxy-1,1,1,2,4-pentafluorobutane",,,,,,,CCO[C@@H](CF)[C@@H](C(F)(F)F)F
"3-ethoxy-1,1,1,2-tetrafluoropropane",,,,,,,CCOC[C@@H](C(F)(F)F)F
"3-ethoxy-1,1-difluoropropane",,,,,,,CCOCCC(F)F
3-ethoxy-1-propanol,,,,,,,CCOCCCO
3-ethoxy-4-hydroxybenzaldehyde,3-ETHOXY-4-HYDROXYBENZALDEHYDE,BP-TZVP,000121-32-4,166.17,C9H10O3,,c1(O)c(OCC)cc(C=O)cc1
3-ethoxy-propanenitrile,3-ETHOXY-PROPANENITRILE,BP-TZVP,002141-62-0,99.13,C5H9NO,,N#CCCOCC
3-ethoxybenzoicacid,,,,,,,CCOc1cccc(c1)C(=O)O
"3-ethyl-1,1,1,2,2,4,4,5,5,5-decafluoropentane",,,,,,,CCC(C(C(F)(F)F)(F)F)C(C(F)(F)F)(F)F
"3-ethyl-1,1,1-trifluoropentane",,,,,,,CCC(CC)CC(F)(F)F
"3-ethyl-1,1,2-trifluoropentane",,,,,,,CCC(CC)[C@@H](C(F)F)F
"3-ethyl-1,3-difluoropentane",,,,,,,CCC(CC)(CCF)F
3-ethyl-1-fluoropentane,,,,,,,CCC(CC)CCF
3-ethyl-1-heptanol,,,,,,,CCCC[C@@H](CC)CCO
3-ethyl-1-hexene,,,,,,,C=C[C@H](CC)CCC
3-ethyl-1-pentene,,,,,,,C=CC(CC)CC
3-ethyl-1-pentyn-3-ol,,,,,,,OC(C#C)(CC)CC
"3-ethyl-2,2,3,4,4-pentafluoropentane",,,,,,,CCC(C(C)(F)F)(C(C)(F)F)F
"3-ethyl-2,2-dimethyl-pentane",,,,,,,CC(C)(C)C(CC)CC
"3-ethyl-2,4-dimethyl-1h-pyrrole",,,,,,,[nH]1cc(C)c(c1C)CC
"3-ethyl-2,4-dimethylpentane",,,,,,,CC(C)C(CC)C(C)C
"3-ethyl-2,4-pentanedione",,,,,,,O=C(C)C(C(=O)C)CC
"3-ethyl-2,5-dimethylthiophene",,,,,,,CCc1cc(C)sc1C
"3-ethyl-2,6-dimethylpyrazine",,,,,,,CCc1ncc(C)nc1C
3-ethyl-2-hydroxy-2-cyclopenten-1-one,,,,,,,CCC1=C(O)C(=O)CC1
3-ethyl-2-hydroxy-4-methylcyclopent-2-en-1-one,,,,,,,CCC1=C(O)C(=O)C[C@H]1C
3-ethyl-2-methoxypyrazine,,,,,,,O(c1nccnc1CC)C
3-ethyl-2-methyl-1-pentene,,,,,,,C=C(C)C(CC)CC
3-ethyl-2-methyl-3-pentanol,,,,,,,OC(CC)(CC)C(C)C
3-ethyl-2-methylhexane,,,,,,,CCC[C@@H](CC)C(C)C
3-ethyl-2-pentene,,,,,,,C(=CC)(CC)CC
3-ethyl-3-fluoro-pentane,,,,,,,CCC(CC)(CC)F
3-ethyl-3-hexanol,,,,,,,CCCC(O)(CC)CC
3-ethyl-3-methylhexane,,,,,,,CCCC(C)(CC)CC
3-ethyl-3-methylpentane,,,,,,,CCC(C)(CC)CC
3-ethyl-3-pentanol,,,,,,,OC(CC)(CC)CC
3-ethyl-4-methylhexane,,,,,,,CC[C@@H](C)C(CC)CC
3-ethyl-4-methylpyridine,3-ethyl-4-methylpyridine,BP-TZVP,000529-21-5,121.18,C8H11N,,n1ccc(c(CC)c1)C
3-ethyl-5-methylphenol,,,,,,,CCc1cc(C)cc(O)c1
3-ethyl-imidazolium_cation,,,,,,,N1[CH]N(C=C1)CC
3-ethylbenzoicacid,,,,,,,c1(cc(ccc1)C(=O)O)CC
3-ethylbenzo[b]thiophene,,,,,,,c1cccc2c(CC)csc12
3-ethylcyclohexene,,,,,,,C1=C[C@@H](CCC1)CC
3-ethylcyclopentene,,,,,,,C1=C[C@@H](CC)CC1
3-ethyldodecane,3-ethyldodecane,BP-TZVP,057297-82-2,198.39,C14H30,,CCCCCCCCCC(CC)CC
3-ethylheptanal,,,,,,,CCCC[C@@H](CC)CC=O
3-ethylheptane,,,,,,,CCC(CC)CCCC
3-ethylhexane,,,,,,,CCC(CC)CCC
3-ethylhydroxyurea,3-ETHYLHYDROXYUREA,BP-TZVP,005710-11-2,104.11,C3H8N2O2,,CCNC(=O)NO
3-ethylpentane,,,,,,,CCC(CC)CC
3-ethylpyridine,,,,,,,n1cccc(CC)c1
3-ethylquinoline,,,,,,,c1ccc2cc(CC)cnc2c1
3-ethylstyrene,,,,,,,CCc1cc(C=C)ccc1
3-ethylthiazolium_cation,,,,,,,[CH]1N(C=CS1)CC
3-ethylthiophene,,,,,,,s1ccc(c1)CC
3-fluoro-1-methoxybutane,,,,,,,C[C@@H](CCOC)F
"3-fluoro-2,3-dihydrofuran",,,,,,,C1[C@@H](C=CO1)F
"3-fluoro-2,4-dimethylfuran",,,,,,,Cc1coc(c1F)C
"3-fluoro-2,4-dimethylpentane",,,,,,,CC(C)C(C(C)C)F
3-fluoro-2-(fluoromethyl)-1-propene,,,,,,,C=C(CF)CF
3-fluoro-2-methylfuran,,,,,,,Cc1c(cco1)F
3-fluoro-2-methylpropan-1-amine,,,,,,,C[C@@H](CN)CF
3-fluoro-2-methylpropanal,,,,,,,C[C@@H](CF)C=O
3-fluoro-3-(trifluoromethyl)pentane,,,,,,,CCC(CC)(C(F)(F)F)F
3-fluoro-3-methyl-2-butanone,,,,,,,CC(=O)C(C)(C)F
3-fluoro-3-methylbutan-2-amine,,,,,,,C[C@@H](C(C)(C)F)N
3-fluoro-heptane,,,,,,,CCCC[C@@H](CC)F
"3-fluoro-n,2,2-trimethylpropan-1-amine",,,,,,,CC(C)(CNC)CF
3-fluoro-n-methylpropan-1-amine,,,,,,,CNCCCF
3-fluoroacetanilide,,,,,,,CC(=O)Nc1cccc(F)c1
3-fluoroaniline_cation,,,,,,,c1ccc(cc1F)[NH3]
3-fluorobenzaldehyde,,,,,,,O=Cc1cccc(F)c1
3-fluorobenzenemethanol,"BENZENEMETHANOL,3-FLUORO-",BP-TZVP,000456-47-3,126.13,C7H7FO,,Fc1cccc(c1)CO
3-fluorobenzoicacid,,,,,,,c1c(cc(cc1)F)C(=O)O
3-fluorobenzonitrile,,,,,,,N#Cc1cccc(F)c1
3-fluorobenzoylchloride,,,,,,,O=C(c1cccc(F)c1)Cl
3-fluorobut-3-en-1-ol,,,,,,,C=C(CCO)F
3-fluorochlorobenzene,,,,,,,Fc1cccc(Cl)c1
3-fluorofuran-2-ol,,,,,,,c1coc(c1F)O
3-fluoronitrobenzene,,,,,,,Fc1cccc(c1)N(=O)=O
3-fluorooxolane,,,,,,,C1COC[C@H]1F
3-fluoropentan-1-amine,,,,,,,CC[C@@H](CCN)F
3-fluorophenol,,,,,,,c1cc(cc(c1)F)O
"3-fluorophenyl-1,1-dimethylurea",,,,,,,c1ccc(cc1F)NC(=O)N(C)C
3-fluorophenylacetate,,,,,,,C(=O)(Oc1cc(F)ccc1)C
3-fluorophenylurea,,,,,,,c1ccc(cc1F)NC(=O)N
3-fluoropiperidine,,,,,,,C1C[C@@H](CNC1)F
3-fluoropropan-1-amine,,,,,,,C(CN)CF
3-fluoropropanal,,,,,,,C(CF)C=O
"3-fluoropropane-1,2-diamine",,,,,,,C([C@@H](CF)N)N
3-fluoropropanol,,,,,,,OCCCF
3-fluoropropyl-trifluoromethylether,,,,,,,C(COC(F)(F)F)CF
3-fluoropropylmercaptan,,,,,,,C(CF)CS
3-fluoropyridine,,,,,,,n1cc(F)ccc1
3-fluorotetrahydro-2h-pyran,,,,,,,C1C[C@@H](COC1)F
3-fluorothiophene,,,,,,,c1cscc1F
3-fluorotoluene,,,,,,,Fc1cccc(C)c1
3-formylbenzoicacid,3-formylbenzoicacid,BP-TZVP,000619-21-6,150.13,C8H6O3,,O=Cc1cccc(C(=O)O)c1
3-formylbenzonitrile,,,,,,,O=Cc1cc(C#N)ccc1
3-furancarboxylicacidpropylester,,,,,,,CCCOC(=O)c1cocc1
3-furancarboxylicacid,,,,,,,OC(=O)c1ccoc1
3-furfural,furan-3-carboxaldehyde,BP-TZVP,000498-60-2,96.08,C5H4O2,,O=Cc1ccoc1
3-heptanol,,,,,,,O[C@@H](CC)CCCC
3-heptanone,,,,,,,O=C(CC)CCCC
3-heptyl-imidazolium_cation,,,,,,,N1[CH]N(C=C1)CCCCCCC
3-heptyldihydro-5-methyl-2(3h)-furanone,,,,,,,CCCCCCC[C@H]1C[C@@H](C)OC1=O
3-heptyne,,,,,,,C(#CCCC)CC
3-hexanamine,,,,,,,CCC[C@@H](CC)N
3-hexanol,3-HEXANOL,BP-TZVP,000623-37-0,102.18,C6H14O,,O[C@@H](CCC)CC
3-hexanone,,,,,,,O=C(CC)CCC
3-hexen-2-one,,,,,,,C(=C\CC)/C(=O)C
3-hexene-1-ol,,,,,,,OCC/C=C/CC
3-hexenoicacidethylester,,,,,,,O=C(OCC)C/C=C/CC
3-hexyl-imidazolium_cation,,,,,,,N1[CH]N(C=C1)CCCCCC
3-hexyn-1-ol,,,,,,,OCCC#CCC
3-hexyn-2-ol,,,,,,,O[C@@H](C#CCC)C
3-hexyne,,,,,,,CCC#CCC
"3-hydro-2-methylamine-4-oxy-5-phenyl-1,4-benzodiazepine",,,,,,,C1(=Nc2ccccc2[C@H](OC1)c1ccccc1)NC
"3-hydro-2-methylamine-4-oxy-5-phenyl-1,4-benzodiazepine_cation",,,,,,,[C]1(NC)Nc2ccccc2[C@H](OC1)c1ccccc1
3-hydroxy-1-(propoxymethyl)pyridinium_cation,,,,,,,N1([CH]C(=CC=C1)O)COCCC
3-hydroxy-1-[(octadecyloxy)methyl]pyridinium_cation,,,,,,,N1([CH]C(=CC=C1)O)COCCCCCCCCCCCCCCCCCC
3-hydroxy-1-[(octyloxy)methyl]pyridinium_cation,,,,,,,N1([CH]C(=CC=C1)O)COCCCCCCCC
3-hydroxy-1-[(undecyloxy)methyl]pyridinium_cation,,,,,,,N1([CH]C(=CC=C1)O)COCCCCCCCCCCC
"3-hydroxy-2,2-dimethylpropanal","3-HYDROXY-2,2-DIMETHYLPROPANAL",BP-TZVP,000597-31-9,102.13,C5H10O2,,O=CC(CO)(C)C
3-hydroxy-2-methylbutanal,,,,,,,O=C[C@@H]([C@@H](O)C)C
3-hydroxy-2-methylpropanal,,,,,,,OC[C@@H](C)C=O
3-hydroxy-2-naphthoicacid,,,,,,,c1ccc2c(c1)cc(c(c2)C(=O)O)O
3-hydroxy-2-naphtoicacid_anion,,,,,,,c1ccc2c(c1)cc(c(c2)C(=O)[O])O
3-hydroxy-2-oxopropionic-acid,,,,,,,OCC(=O)C(=O)O
3-hydroxy-2-pentanone,,,,,,,CC[C@@H](O)C(=O)C
3-hydroxy-2-pyridinecarboxamide,,,,,,,c1cc(O)c(C(=O)N)nc1
3-hydroxy-2h-pyran-2-one,3-HYDROXY-2H-PYRAN-2-ONE,BP-TZVP,000496-64-0,112.08,C5H4O3,,O=c1c(ccco1)O
3-hydroxy-3-ethylbutanone,,,,,,,O=C(C(O)(C)C)C
3-hydroxy-3-methylbutanoicacid,,,,,,,O=C(O)CC(O)(C)C
3-hydroxy-4-aminobenzoicacid,3-hydroxy-4-aminobenzoicacid,BP-TZVP,002374-03-0,153.14,C7H7NO3,,OC(=O)c1cc(O)c(N)cc1
3-hydroxy-4-chloro-1-butene,3-HYDROXY-4-CHLORO-1-BUTENE,BP-TZVP,000671-56-7,106.55,C4H7ClO,,ClC[C@@H](O)C=C
3-hydroxy-4h-pyran-4-one,,,,,,,o1cc(O)c(=O)cc1
3-hydroxy-5-methylisoxazole,,,,,,,Cc1cc(O)no1
3-hydroxy-butanal,,,,,,,C[C@@H](O)CC=O
3-hydroxybenzaldehyde,,,,,,,c1c(cc(cc1)C=O)O
3-hydroxybenzamide,,,,,,,Oc1cccc(c1)C(=O)N
3-hydroxybenzenemethanol,,,,,,,OCc1cccc(O)c1
3-hydroxybenzoicacid_anion,,,,,,,c1cc(cc(c1)O)C(=O)[O]
3-hydroxybenzoicacid,,,,,,,c1cc(cc(c1)O)C(=O)O
3-hydroxybutyricacid,,,,,,,O=C(O)C[C@@H](O)C
3-hydroxymethylfuran,3-hydroxymethylfuran,BP-TZVP,004412-91-3,98.1,C5H6O2,,OCc1ccoc1
3-hydroxypropanoicacidmethylester,,,,,,,O=C(OC)CCO
3-hydroxytoluene_anion,,,,,,,c1ccc(cc1[O])C
3-hydroxytoluene,,,,,,,c1ccc(cc1O)C
3-iodo-1-propyne,3-iodo-1-propyne,BP-TZVP,000659-86-9,165.96,C3H3I,,ICC#C
3-iodophenol,,,,,,,c1cc(cc(c1)I)O
3-iodopyridine,,,,,,,Ic1cccnc1
3-isopropyl-2-methylphenol,,,,,,,c1cc(c(c(c1)C(C)C)C)O
3-isopropylcatechol,3-isopropylcatechol,BP-TZVP,002138-48-9,152.19,C9H12O2,,c1ccc(c(c1O)O)C(C)C
3-isoxazolecarboxylicacid,3-ISOXAZOLECARBOXYLICACID,BP-TZVP,003209-71-0,113.07,C4H3NO3,,O=C(c1nocc1)O
"3-l-menthoxypropane-1,2-diol",,,,,,,CC(C)[C@H]1CC[C@@H](C)C[C@H]1OC[C@@H](O)CO
"3-mercapto-1,2-propanediol",,,,,,,OC[C@@H](O)CS
3-mercapto-2-butanone,,,,,,,C[C@@H](S)C(=O)C
3-mercapto-2-pentanone,,,,,,,CC[C@@H](S)C(=O)C
3-mercapto-3-methyl-1-butanol,,,,,,,CC(C)(S)CCO
3-mercapto-propanoicacid,,,,,,,SCCC(=O)O
3-mercaptohexanol,,,,,,,CCC[C@@H](S)CCO
3-mercaptopropanol,,,,,,,C(CCO)S
3-mercaptothiophene,,,,,,,c1c(csc1)S
"3-methoxy-1,2-benzenediol",,,,,,,O(C)c1c(O)c(O)ccc1
"3-methoxy-1,2-propanediol",,,,,,,O(C[C@@H](O)CO)C
3-methoxy-1-butanol,3-Methoxybutanol,BP-TZVP,002517-43-3,104.15,C5H12O2,,C[C@H](CCO)OC
3-methoxy-1-propanamine,3-METHOXY-1-PROPANAMINE,BP-TZVP,005332-73-0,89.14,C4H11NO,,COCCCN
3-methoxy-1-propene,,,,,,,O(CC=C)C
"3-methoxy-2,2-dimethylbutane",,,,,,,C[C@@H](C(C)(C)C)OC
3-methoxy-2-methyl-1-propene,"1-propene,3-methoxy-2-methyl-",BP-TZVP,022418-49-1,86.13,C5H10O,,O(C)CC(=C)C
3-methoxy-3-methylbutanol,,,,,,,CC(CCO)(OC)C
3-methoxy-propyne,,,,,,,C#CCOC
3-methoxyaniline,,,,,,,Nc1cc(OC)ccc1
3-methoxybenzaldehyde,,,,,,,O=Cc1cccc(OC)c1
3-methoxybenzoicacid_anion,,,,,,,COc1cccc(c1)C(=O)[O]
3-methoxybenzoicacid,,,,,,,COc1cccc(c1)C(=O)O
3-methoxybenzonitrile,,,,,,,COc1cc(C#N)ccc1
3-methoxypentane,,,,,,,CCC(CC)OC
3-methoxyphenol,,,,,,,c1c(cccc1O)OC
"3-methoxyphenyl-1,1-dimethylurea",,,,,,,c1ccc(cc1OC)NC(=O)N(C)C
3-methoxyprop-1-en-2-ol,,,,,,,COCC(=C)O
3-methoxypropanenitrile,3-METHOXYPROPANENITRILE,BP-TZVP,000110-67-8,85.1,C4H7NO,,COCCC#N
3-methoxypyridazine,3-METHOXYPYRIDAZINE,BP-TZVP,019064-65-4,110.11,C5H6N2O,,n1nc(OC)ccc1
"3-methyl-1,2,4-triazine",,,,,,,c1nc(C)nnc1
"3-methyl-1,2-benzenediol",,,,,,,Oc1c(C)cccc1O
"3-methyl-1,2-butadiene",,,,,,,C=C=C(C)C
"3-methyl-1,2-pentadiene",,,,,,,CCC(=C=C)C
"3-methyl-1,3-benzothiazole-2(3h)-thione",,,,,,,Cn1c2ccccc2sc1=S
"3-methyl-1,3-benzoxazole-2(3h)-thione",,,,,,,Cn1c2ccccc2oc1=S
"3-methyl-1,3-pentadiene",,,,,,,C/C=C(\C)/C=C
"3-methyl-1,3-thiazole-2(3h)-thione",,,,,,,Cn1ccsc1=S
"3-methyl-1,3-thiazolidine-2-thione",,,,,,,CN1CCSC1=S
"3-methyl-1,4-pentadiene",,,,,,,C=CC(C)C=C
3-methyl-1-(trifluoromethoxy)butane,,,,,,,CC(C)CCOC(F)(F)F
3-methyl-1-butanethiol,,,,,,,SCCC(C)C
3-methyl-1-butene,,,,,,,C=CC(C)C
3-methyl-1-butyne,,,,,,,C#CC(C)C
3-methyl-1-cyclopentadecanone,,,,,,,C[C@H]1CCCCCCCCCCCCC(=O)C1
3-methyl-1-heptene,,,,,,,C=C[C@@H](C)CCCC
3-methyl-1-hexene,,,,,,,C=C[C@H](C)CCC
3-methyl-1-octyl-pyridinium_cation,,,,,,,C1(=CN([CH]C=C1)CCCCCCCC)C
3-methyl-1-pentanol,,,,,,,CC[C@@H](C)CCO
3-methyl-1-pentene,,,,,,,C(=C)[C@@H](CC)C
3-methyl-1-pentyn-3-ol,,,,,,,C#C[C@@](O)(C)CC
3-methyl-1-phenyl-1-butanone,,,,,,,O=C(c1ccccc1)CC(C)C
3-methyl-1-propylpyridinium_cation,,,,,,,N1([CH]C(=CC=C1)C)CCC
3-methyl-1h-indene,,,,,,,C1(=CCc2c1cccc2)C
3-methyl-2(1h)-pyridinone,,,,,,,O=c1[nH]cccc1C
3-methyl-2(3-methylbut-2-en-1-yl)furan,,,,,,,CC(=CCc1occc1C)C
"3-methyl-2,4,6-trinitrophenol",,,,,,,c1(c(c(c(cc1N(=O)=O)N(=O)=O)C)N(=O)=O)O
3-methyl-2-(1-methylethyl)-phenol,3-methyl-2-(1-methylethyl)-phenol,BP-TZVP,003228-01-1,150.22,C10H14O,,c1cc(c(c(c1)C)C(C)C)O
3-methyl-2-butanamine,,,,,,,[C@H](N)(C(C)C)C
3-methyl-2-butanethiol,,,,,,,CC(C)[C@@H](C)S
3-methyl-2-butanol,,,,,,,O[C@H](C(C)C)C
3-methyl-2-butanone,,,,,,,CC(C(=O)C)C
3-methyl-2-buten-1-ol,,,,,,,OCC=C(C)C
3-methyl-2-butenal,,,,,,,O=CC=C(C)C
3-methyl-2-butenoicacidethylester,,,,,,,O=C(OCC)C=C(C)C
3-methyl-2-butenoicacidmethylester,,,,,,,O=C(OC)C=C(C)C
3-methyl-2-butenoicacid,,,,,,,O=C(O)C=C(C)C
3-methyl-2-butenoylchloride,,,,,,,ClC(=O)C=C(C)C
3-methyl-2-cyclohexen-1-one,,,,,,,O=C1C=C(CCC1)C
3-methyl-2-cyclopenten-1-one,,,,,,,O=C1C=C(CC1)C
3-methyl-2-heptanone,,,,,,,O=C(C)[C@@H](C)CCCC
3-methyl-2-oxobutanoicacid,,,,,,,O=C(O)C(=O)C(C)C
3-methyl-2-pentanol,,,,,,,C[C@@H](O)[C@@H](C)CC
3-methyl-2-pentanone,,,,,,,CC(=O)[C@H](C)CC
3-methyl-2-phenylbutyraldehyde,,,,,,,CC(C)[C@@H](C=O)c1ccccc1
3-methyl-2-pyridinamine,,,,,,,n1c(N)c(ccc1)C
3-methyl-2-thiabutane,,,,,,,S(C)C(C)C
3-methyl-2h-1-benzopyran-2-one,,,,,,,c1ccc2cc(C)c(=O)oc2c1
3-methyl-3-(trifluoromethyl)pentane,,,,,,,CCC(C)(CC)C(F)(F)F
3-methyl-3-buten-1-ol,,,,,,,C(=C)(CCO)C
3-methyl-3-buten-2-ol,,,,,,,O[C@@H](C)C(=C)C
3-methyl-3-buten-2-one,3-METHYL-3-BUTEN-2-ONE,BP-TZVP,000814-78-8,84.12,C5H8O,,CC(=O)C(=C)C
3-methyl-3-hexanol,,,,,,,CC[C@@](O)(C)CCC
3-methyl-3-hexene,,,,,,,C/C(=C\CC)/CC
3-methyl-3-pentanolcarbamate,,,,,,,CCC(C)(CC)OC(=O)N
3-methyl-3-pentanol,,,,,,,CCC(C)(O)CC
3-methyl-3-penten-1-yne,,,,,,,C(#C)/C(=C/C)/C
"3-methyl-4'-nitro-4-n,n-dimethylaminoazobenzene",,,,,,,c1c(ccc(c1C)N(C)C)[N][N]c1ccc(cc1)N(=O)=O
3-methyl-4-bromoaniline,,,,,,,c1(c(ccc(c1)N)Br)C
3-methyl-4-bromophenylurea,,,,,,,c1(ccc(cc1C)NC(=O)N)Br
3-methyl-4-chlorophenol,,,,,,,Oc1ccc(c(C)c1)Cl
"3-methyl-4-cyclohexene-1,1,2,2-tetracarbonitrile",,,,,,,C1=C[C@@H](C(C(C1)(C#N)C#N)(C#N)C#N)C
3-methyl-4-fluorophenylurea,,,,,,,c1(ccc(cc1C)NC(=O)N)F
3-methyl-4-heptanol,,,,,,,O[C@@H](CCC)[C@@H](C)CC
3-methyl-4-isopropylphenol,,,,,,,CC(C)c1c(C)cc(O)cc1
3-methyl-4-methylenehexane,,,,,,,C(=C)([C@@H](CC)C)CC
3-methyl-4-nitrophenol,,,,,,,O=N(=O)c1c(cc(O)cc1)C
3-methyl-4-penten-2-ol,3-METHYL-4-PENTEN-2-OL,BP-TZVP,001569-59-1,100.16,C6H12O,,O[C@@H](C)[C@@H](C)C=C
3-methyl-5-(1-methylethyl)-phenol,,,,,,,c1(cc(cc(c1)C(C)C)O)C
3-methyl-5-propyl-2-cyclohexen-1-one,,,,,,,CCC[C@H]1CC(=CC(=O)C1)C
"3-methyl-butane-1,2-diol",,,,,,,OC[C@@H](O)C(C)C
3-methyl-butanoicacid-3-methylbutylester,,,,,,,CC(C)CC(=O)OCCC(C)C
3-methyl-butyraldehydeoxime,,,,,,,O/N=C/CC(C)C
3-methyl-cis-2-pentene,,,,,,,CC/C(=C\C)/C
3-methyl-cyclohex-3-enone,,,,,,,C1(=O)CC(=CCC1)C
3-methyl-hexane,,,,,,,CC[C@@H](C)CCC
3-methyl-imidazolium_cation,,,,,,,[CH]1N(C=CN1)C
3-methyl-n-((2'r)-2-methylbutylidene)butan-1-amine,,,,,,,CC[C@H](/C=N/CCC(C)C)C
3-methyl-n-((2's)-2-methylbutylidene)butan-1-amine,,,,,,,CC[C@@H](/C=N/CCC(C)C)C
3-methyl-n-(3-methylbutyl)-1-butanamine,,,,,,,N(CCC(C)C)CCC(C)C
3-methyl-nonane,,,,,,,CC[C@@H](C)CCCCCC
3-methyl-oxazolidine,,,,,,,CN1CCOC1
3-methyl-piperidin-2-one,,,,,,,N1C(=O)[C@@H](C)CCC1
"3-methyl-tetrahydrothiophene-1,1-dioxide",,,,,,,S1(=O)(=O)CC[C@H](C)C1
3-methylaminophthalimide,3-Methylaminophthalimide,BP-TZVP,005972-09-8,176.17,C9H8N2O2,,c12c(c(ccc1)NC)C(=O)NC2=O
3-methylaniline,,,,,,,c1(cccc(c1)C)N
3-methylaniline_cation,,,,,,,c1(cccc(c1)C)[NH3]
3-methylanisole,,,,,,,O(c1cccc(C)c1)C
3-methylbenzaldehyde,,,,,,,c1c(C)cccc1C=O
3-methylbenzamide,,,,,,,NC(=O)c1cc(C)ccc1
3-methylbenzenemethanamine,,,,,,,NCc1cccc(C)c1
3-methylbenzoicacid_anion,,,,,,,O=C([O])c1cc(C)ccc1
3-methylbenzoicacid,,,,,,,OC(=O)c1cc(C)ccc1
3-methylbenzonitrile,,,,,,,N#Cc1cccc(C)c1
3-methylbenzoylchloride,,,,,,,O=C(c1cccc(C)c1)Cl
3-methylbutan-2-imine,,,,,,,CC(C)C(=N)C
3-methylbutanal,,,,,,,CC(C)CC=O
3-methylbutanamide,3-METHYLBUTANAMIDE,BP-TZVP,000541-46-8,101.15,C5H11NO,,O=C(N)CC(C)C
3-methylbutanenitrile,,,,,,,N#CCC(C)C
3-methylbutanoicacidethylester,,,,,,,O=C(OCC)CC(C)C
3-methylbutanoicacid_anion,,,,,,,CC(C)CC(=O)[O]
3-methylbutanoylchloride,"BUTANOYLCHLORIDE,3-METHYL-",BP-TZVP,000108-12-3,120.58,C5H9ClO,,O=C(CC(C)C)Cl
3-methylbutylnitrate,,,,,,,O=N(=O)OCCC(C)C
3-methylbutylsalicylate,,,,,,,c1(c(cccc1)O)C(=O)OCCC(C)C
3-methylcholanthrene,,,,,,,c1(C)c2c3c(CC2)c2c(cc3cc1)c1c(cc2)cccc1
3-methylcyclohexanol,3-METHYLCYCLOHEXANOL,BP-TZVP,007443-55-2,114.19,C7H14O,,C1[C@H](O)CCC[C@H]1C
3-methylcyclohexanone,,,,,,,O=C1CCC[C@@H](C)C1
3-methylcyclohexene,3-methyl-1-cyclohexene,BP-TZVP,000591-48-0,96.17,C7H12,,C1=C[C@@H](CCC1)C
3-methylcyclopentanol,3-METHYLCYCLOPENTANOL,BP-TZVP,018729-48-1,100.16,C6H12O,,[C@H]1(O)C[C@@H](C)CC1
3-methylcyclopentene,,,,,,,C1=C[C@@H](C)CC1
3-methylene-6-(1-methylethyl)cyclohexene,,,,,,,CC(C)[C@H]1C=CC(=C)CC1
3-methyleneheptane,,,,,,,C=C(CC)CCCC
3-methylfuran,,,,,,,Cc1ccoc1
3-methylglutaricacid,,,,,,,CC(CC(=O)O)CC(=O)O
3-methylheptane,,,,,,,[C@H](CCCC)(CC)C
3-methylhexanal,,,,,,,CCC[C@@H](C)CC=O
3-methylindole_cation,,,,,,,c1ccc2c(c1)N[CH][C@@H]2C
3-methylnonane,,,,,,,CC[C@@H](CCCCCC)C
3-methyloctane,,,,,,,CC[C@@H](C)CCCCC
3-methylpentan-2-amine,,,,,,,CC[C@@H](C)[C@@H](C)N
3-methylpentanal,,,,,,,O=CC[C@@H](C)CC
3-methylpentane,,,,,,,CCC(CC)C
3-methylpentanoic-acid,,,,,,,CC[C@@H](C)CC(=O)O
3-methylphenylacetanilide,,,,,,,c1ccc(cc1C)NC(=O)C
3-methylphenylurea,,,,,,,c1ccc(cc1C)NC(=O)N
3-methylpyridazine,,,,,,,n1nc(C)ccc1
3-methylpyridine1-oxide,,,,,,,[O-][n+]1cccc(C)c1
3-methylpyrrole,,,,,,,[nH]1cc(cc1)C
3-methylpyrrole_cation,,,,,,,[C]1(C=CNC1)C
3-methylpyrrolidine,,,,,,,C[C@H]1CCNC1
3-methylquinoline,,,,,,,Cc1cnc2ccccc2c1
3-methylsalicylicacid,,,,,,,O=C(O)c1c(O)c(ccc1)C
3-methylstyrene,,,,,,,c1ccc(cc1C=C)C
3-methylsydnone,3-methylsydnone,BP-TZVP,006939-12-4,100.08,C3H4N2O2,,N1([CH]C(=O)O[N]1)C
3-methyltetrahydropyran,3-METHYLTETRAHYDROPYRAN,BP-TZVP,026093-63-0,100.16,C6H12O,,O1C[C@@H](CCC1)C
3-methylthiopropyl-isothiocyanate,,,,,,,CSCCCN=C=S
3-methylundecane,,,,,,,CC[C@@H](C)CCCCCCCC
3-methylvaline,,,,,,,CC(C)(C)[C@@H](N)C(=O)O
3-methyoxypyridine,,,,,,,COc1cccnc1
3-n-butylphthalide,,,,,,,CCCC[C@H]1OC(=O)c2ccccc12
3-nitro-4-toluidine,,,,,,,O=N(=O)c1c(ccc(N)c1)C
3-nitro-o-phenylenediamine,,,,,,,Nc1c(N)c(N(=O)=O)ccc1
3-nitro-o-toluidine,3-nitro-o-toluidine,BP-TZVP,000603-83-8,152.15,C7H8N2O2,,Nc1c(C)c(N(=O)=O)ccc1
3-nitroaniline_cation,,,,,,,c1c(cc(cc1)[NH3])N(=O)=O
3-nitrobenzamide,,,,,,,c1ccc(cc1N(=O)=O)C(=O)N
3-nitrobenzoicacid_anion,,,,,,,O=C([O])c1cccc(c1)N(=O)=O
3-nitrobenzoicacid,3-NITROBENZOICACID,BP-TZVP,000121-92-6,167.12,C7H5NO4,,OC(=O)c1cccc(c1)N(=O)=O
3-nitrophenol_anion,,,,,,,c1ccc(cc1[O])N(=O)=O
3-nitrophenol,,,,,,,c1ccc(cc1O)N(=O)=O
3-nitropropanoicacid_anion,,,,,,,C(CN(=O)=O)C(=O)[O]
3-nitropropanoicacid,,,,,,,C(CN(=O)=O)C(=O)O
3-nitropropene,,,,,,,C=CCN(=O)=O
3-nitropyridine,,,,,,,n1cc(N(=O)=O)ccc1
3-nitropyridine_cation,,,,,,,N1[CH]C(=CC=C1)N(=O)=O
3-nitrothiophene,,,,,,,s1cc(N(=O)=O)cc1
3-nitrotoluene,,,,,,,c1ccc(cc1C)N(=O)=O
3-nonanon-1-ol,,,,,,,CCCCCCC(=O)CCO
3-nonanone,,,,,,,CCC(=O)CCCCCC
3-nonenal_e,,,,,,,CCCCC/C=C/CC=O
3-nonenal_z,,,,,,,C(=C\CCCCC)\CC=O
3-nonyl-imidazolium_cation,,,,,,,N1[CH]N(C=C1)CCCCCCCCC
3-nonyne,,,,,,,C(#CCCCCC)CC
3-nortricyclenone,,,,,,,[C@H]12[C@H]3C(=O)[C@H](C[C@@H]13)C2
3-octanol,,,,,,,O[C@@H](CCCCC)CC
3-octanone,,,,,,,O=C(CC)CCCCC
3-octen-2-one,,,,,,,CCCC/C=C/C(=O)C
3-octenone,,,,,,,C(=C\CCCC)\C(=O)C
3-octyl-imidazolium_cation,,,,,,,N1[CH]N(C=C1)CCCCCCCC
3-octyne,,,,,,,C(#CCCCC)CC
"3-oxabicyclo[3,2,2]nonane",,,,,,,C1[C@@H]2CC[C@H](C1)COC2
"3-oxatricyclo[3,2,1,0(2,4)-]octane",,,,,,,C1[C@H]2[C@H]3[C@@H]([C@@H](C1)C2)O3
"3-oxiranyl-7-oxabicyclo[4,1,0]heptane",,,,,,,O1[C@@H]([C@H]2C[C@H]3O[C@H]3CC2)C1
3-oxo-alpha-ionol,,,,,,,C1C(=O)C=C([C@H](C1(C)C)/C=C/[C@@H](C)O)C
3-oxo-n-phenyl-butanamide,,,,,,,c1ccccc1NC(=O)CC(=O)C
3-oxobutanoicacid-1-methylethylester,,,,,,,O=C(OC(C)C)CC(=O)C
3-oxobutanoicacid-2-propenylester,,,,,,,O=C(OCC=C)CC(=O)C
3-oxobutanoicacidbutylester,,,,,,,O=C(OCCCC)CC(=O)C
3-oxopentanedioicacid,,,,,,,O=C(O)CC(=O)CC(=O)O
3-pentanethiol,,,,,,,SC(CC)CC
3-pentanimine,,,,,,,CCC(=N)CC
3-pentanol,,,,,,,CCC(CC)O
3-pentanone_anion,,,,,,,C(=C\C)(\[O])/CC
3-pentanone,,,,,,,C(=O)(CC)CC
3-penten-2-ol,3-penten-2-ol,BP-TZVP,001569-50-2,86.13,C5H10O,,O[C@@H](/C=C/C)C
3-pentyl-imidazolium_cation,,,,,,,N1[CH]N(C=C1)CCCCC
3-pentylamine,,,,,,,NC(CC)CC
3-pentyn-1-ol,3-pentyn-1-ol,BP-TZVP,010229-10-4,84.12,C5H8O,,OCCC#CC
3-phenoxyphenol,,,,,,,c1c(Oc2ccccc2)cccc1O
3-phenyl-(e)-2-propen-1-ol,,,,,,,C(=C\CO)/c1ccccc1
"3-phenyl-1,1-dimethylurea",,,,,,,c1ccc(cc1)NC(=O)N(C)C
3-phenyl-1-chloropropane,,,,,,,ClCCCc1ccccc1
3-phenyl-1-cycloheptylurea,,,,,,,c1ccccc1NC(=O)NC1CCCCCC1
3-phenyl-1-cyclopentylurea,1-cyclopentyl-3-phenylUrea,BP-TZVP,013140-89-1,204.27,C12H16N2O,,c1ccccc1NC(=O)NC1CCCC1
3-phenyl-1-cyclopropylurea,,,,,,,c1ccccc1NC(=O)NC1CC1
3-phenyl-1-methylurea,,,,,,,c1ccc(cc1)NC(=O)NC
3-phenyl-2-cyclopenten-1-one,3-phenyl-2-cyclopenten-1-one,BP-TZVP,003810-26-2,158.2,C11H10O,,O=C1C=C(c2ccccc2)CC1
3-phenyl-2-propenal,,,,,,,C(=C\c1ccccc1)/C=O
3-phenyl-2-propenoylchloride,,,,,,,O=C(/C=C/c1ccccc1)Cl
3-phenyl-3-cyclobutene-1-2-dione,"3-Cyclobutene-1,2-dione,3-phenyl-",BP-TZVP,003947-97-5,158.15,C10H6O2,,c1c(cccc1)C1=CC(=O)C1=O
3-phenyl-4-pentenal,,,,,,,C=C[C@@H](CC=O)c1ccccc1
3-phenylcyclobutenone,,,,,,,c1c(cccc1)C1=CC(=O)C1
3-phenylpentane,,,,,,,CCC(CC)c1ccccc1
3-phenylpropylamine,,,,,,,NCCCc1ccccc1
3-phenylpyridine,3-phenylpyridine,BP-TZVP,001008-88-4,155.2,C11H9N,,n1cccc(c2ccccc2)c1
3-picoline,,,,,,,c1(cnccc1)C
3-picoline_cation,,,,,,,C1(=CC=CN[CH]1)C
3-propoxy-1-propene,,,,,,,O(CCC)CC=C
3-propyl-imidazolium_cation,,,,,,,N1[CH]N(C=C1)CCC
3-pyridineaceticacid,3-pyridineaceticacid,BP-TZVP,000501-81-5,137.14,C7H7NO2,,O=C(O)Cc1cccnc1
3-pyridinecarboxaldehyde,,,,,,,O=Cc1cccnc1
3-pyridinecarboxylicacid,,,,,,,c1(C(=O)O)cnccc1
3-pyridinemethanamine,,,,,,,n1cc(CN)ccc1
3-pyridinemethanol,,,,,,,n1cccc(CO)c1
3-pyridinepropanol,,,,,,,n1cccc(CCCO)c1
3-pyridinesulfonicacid,,,,,,,n1cc(S([O])([O])O)ccc1
3-pyridinol-1-oxide,,,,,,,[O-][n+]1cc(O)ccc1
3-pyridinol,3-pyridinol,BP-TZVP,000109-00-2,95.1,C5H5NO,,c1ncc(cc1)O
3-pyrroline,,,,,,,N1CC=CC1
3-quinolinamine,,,,,,,c1ccc2c(c1)ncc(c2)N
3-quinuclidinol,,,,,,,O[C@H]1[C@@H]2CC[N@@](CC2)C1
3-tert-butylbenzoicacid,,,,,,,c1cc(cc(c1)C(C)(C)C)C(=O)O
3-tert-butylphenol,,,,,,,c1c(cc(cc1)C(C)(C)C)O
3-thenoicacid,,,,,,,OC(=O)c1ccsc1
3-thienylacetonitrile,,,,,,,s1cc(CC#N)cc1
3-thiocyanato-propene,,,,,,,C(#N)SCC=C
3-thiophenecarboxaldehyde,,,,,,,O=Cc1ccsc1
3-trifluoromethyl-4-nitrophenol,,,,,,,c1(cc(c(cc1)N(=O)=O)C(F)(F)F)O
3-undecyl-imidazolium_cation,,,,,,,N1[CH]N(C=C1)CCCCCCCCCCC
3-vinylpyridine,,,,,,,n1cc(C=C)ccc1
"3-[(1e)-(dimethylamino)methylene]-1,1-dimethylthiourea",,,,,,,CN(C)/C=N/C(=S)N(C)C
"3-[(1e)-(dimethylamino)methylene]-1,1-dimethylurea",,,,,,,CN(C)/C=N/C(=O)N(C)C
3-[(decyloxy)methyl]-imidazolium_cation,,,,,,,N1[CH]N(C=C1)COCCCCCCCCCC
3-[(dodecyloxy)methyl]-imidazolium_cation,,,,,,,N1[CH]N(C=C1)COCCCCCCCCCCCC
3-[(heptyloxy)methyl]-imidazolium_cation,,,,,,,N1[CH]N(C=C1)COCCCCCCC
3-[(hexyloxy)methyl]-imidazolium_cation,,,,,,,N1[CH]N(C=C1)COCCCCCC
3-[(nonyloxy)methyl]-imidazolium_cation,,,,,,,N1[CH]N(C=C1)COCCCCCCCCC
3-[(octyloxy)methyl]-imidazolium_cation,,,,,,,N1[CH]N(C=C1)COCCCCCCCC
3-[(pentyloxy)methyl]-imidazolium_cation,,,,,,,N1[CH]N(C=C1)COCCCCC
3-[(undecyloxy)methyl]-imidazolium_cation,,,,,,,N1[CH]N(C=C1)COCCCCCCCCCCC
3-[[[[(decyloxy)methoxy]methyl]amino]carbonyl]-1-[(decyloxy)methyl]pyridinium_cation,,,,,,,N1([CH]C(=CC=C1)C(=O)NCOCOCCCCCCCCCC)COCCCCCCCCCC
3-[[[[(heptyloxy)methoxy]methyl]amino]carbonyl]-1-[(heptyloxy)methyl]pyridinium_cation,,,,,,,N1([CH]C(=CC=C1)C(=O)NCOCOCCCCCCC)COCCCCCCC
3-[[[[(nonyloxy)methoxy]methyl]amino]carbonyl]-1-[(nonyloxy)methyl]pyridinium_cation,,,,,,,N1([CH]C(=CC=C1)C(=O)NCOCOCCCCCCCCC)COCCCCCCCCC
3-[[[[(octyloxy)methoxy]methyl]amino]carbonyl]-1-[(octyloxy)methyl]pyridinium_cation,,,,,,,N1([CH]C(=CC=C1)C(=O)NCOCOCCCCCCCC)COCCCCCCCC
300363-63-7,,,,,,,CN(C)c1ccc([N][P](N2CCCC2)(N2CCCC2)N2CCCC2)cc1
300363-63-7_cation,,,,,,,CN(C)c1ccc(N[P](N2CCCC2)(N2CCCC2)N2CCCC2)cc1
300363-64-8,,,,,,,COc1ccc([N][P](N2CCCC2)(N2CCCC2)N2CCCC2)cc1
300363-64-8_cation,,,,,,,COc1ccc(N[P](N2CCCC2)(N2CCCC2)N2CCCC2)cc1
300363-65-9,,,,,,,c1ccc([N][P](N2CCCC2)(N2CCCC2)N2CCCC2)cc1
300363-65-9_cation,,,,,,,c1ccc(N[P](N2CCCC2)(N2CCCC2)N2CCCC2)cc1
300363-66-0,,,,,,,Brc1ccc([N][P](N2CCCC2)(N2CCCC2)N2CCCC2)cc1
300363-66-0_cation,,,,,,,Brc1ccc(N[P](N2CCCC2)(N2CCCC2)N2CCCC2)cc1
300363-68-2,,,,,,,Clc1ccccc1[N][P](N1CCCC1)(N1CCCC1)N1CCCC1
300363-68-2_cation,,,,,,,C1N(CCC1)[P](N1CCCC1)(Nc1c(cccc1)Cl)N1CCCC1
300363-69-3,,,,,,,Clc1cccc(Cl)c1[N][P](N1CCCC1)(N1CCCC1)N1CCCC1
300363-69-3_cation,,,,,,,Clc1cccc(Cl)c1N[P](N1CCCC1)(N1CCCC1)N1CCCC1
300363-70-6,,,,,,,Clc1ccc(Cl)c([N][P](N2CCCC2)(N2CCCC2)N2CCCC2)c1
300363-70-6_cation,,,,,,,Clc1ccc(Cl)c(N[P](N2CCCC2)(N2CCCC2)N2CCCC2)c1
300363-71-7,,,,,,,O=N(=O)c1cc(Cl)ccc1[N][P](N1CCCC1)(N1CCCC1)N1CCCC1
300363-71-7_cation,,,,,,,O=N(=O)c1cc(Cl)ccc1N[P](N1CCCC1)(N1CCCC1)N1CCCC1
32251-53-9_anion,,,,,,,CCOC(=O)[C](C#N)c1c(F)c(F)c(C(F)(F)F)c(F)c1F
32251-53-9,,,,,,,CCOC(=O)[C@@H](C#N)c1c(F)c(F)c(C(F)(F)F)c(F)c1F
33534-88-2_anion,,,,,,,Cc1ccc([C](C#N)C#N)cc1
33534-88-2,,,,,,,Cc1ccc(C(C#N)C#N)cc1
343337-70-2_anion,,,,,,,Cc1ccc(C(=O)[N]S(=O)(=O)C(F)(F)F)cc1
343337-70-2,,,,,,,Cc1ccc(C(=O)NS(=O)(=O)C(F)(F)F)cc1
35589-04-9,,,,,,,CN(C)[P]([N]c1ccccc1)(N(C)C)N(C)C
35589-04-9_cation,,,,,,,CN(C)[P](Nc1ccccc1)(N(C)C)N(C)C
39062-91-4_anion,,,,,,,O=C([N]S(=O)(=O)C(F)(F)F)c1ccccc1
39062-91-4,,,,,,,O=C(NS(=O)(=O)C(F)(F)F)c1ccccc1
39062-98-1_anion,,,,,,,c1c(ccc(c1)N(=O)=O)C(=O)[N]S(=O)(=O)C(F)(F)F
39062-98-1,,,,,,,O=C(NS(=O)(=O)C(F)(F)F)c1ccc(N(=O)=O)cc1
39062-99-2_anion,,,,,,,O=C([N]S(=O)(=O)C(F)(F)F)c1ccc(Cl)cc1
39062-99-2,,,,,,,O=C(NS(=O)(=O)C(F)(F)F)c1ccc(Cl)cc1
39063-00-8_anion,,,,,,,O=C([N]S(=O)(=O)C(F)(F)F)c1ccc(F)cc1
39063-00-8,,,,,,,O=C(NS(=O)(=O)C(F)(F)F)c1ccc(F)cc1
39063-05-3_anion,,,,,,,COc1ccc(C(=O)[N]S(=O)(=O)C(F)(F)F)cc1
39063-05-3,,,,,,,COc1ccc(C(=O)NS(=O)(=O)C(F)(F)F)cc1
3dodecenale,,,,,,,C(CCCCC/C=C/CC=O)CC
3e-4-chloro-3-pentenoicacid_anion,,,,,,,C/C(=C\CC(=O)[O])/Cl
3e-4-chloro-3-pentenoicacid,,,,,,,C/C(=C\CC(=O)O)/Cl
"3h-1,2-benzodithiole-3-thione",,,,,,,c12c(cccc1)c(=S)ss2
3h-furan-2-one,,,,,,,O=C1OC=CC1
3methylpentylangelate,,,,,,,C([C@@H](CCOC(=O)/C(=C\C)/C)C)C
3octylacetate,,,,,,,O([C@@H](CC)CCCCC)C(=O)C
3z-4-chloro-3-pentenoicacid_anion,,,,,,,C/C(=C/CC(=O)[O])/Cl
3z-4-chloro-3-pentenoicacid,,,,,,,C/C(=C/CC(=O)O)/Cl
4'-aminoacetophenone,,,,,,,c1c(ccc(c1)N)C(=O)C
4'-nitro-4-dimethylaminoazobenzene,,,,,,,c1c(ccc(c1)N(C)C)[N][N]c1ccc(cc1)N(=O)=O
4(1h)-pyridinethione,,,,,,,C1(=C[CH]NC=C1)[S]
"4,2,7-ethanylylidenecyclopenta(b)pyran-9-one",,,,,,,C1=C[C@@H]2[C@@H]3C(=O)[C@@H]4[C@H]1[C@H]2O[C@H]3C4
"4,4'-(1-methylethylidene)bisphenol",,,,,,,c1(O)ccc(C(C)(C)c2ccc(O)cc2)cc1
"4,4'-bipyridine","4,4'-Bipyridine",BP-TZVP,000553-26-4,156.18,C10H8N2,,c1cc(ccn1)c1ccncc1
"4,4'-dichlorobiphenyl",,,,,,,c1cc(ccc1c1ccc(cc1)Cl)Cl
"4,4'-difluoro-1,1'-biphenyl",,,,,,,c1cc(ccc1c1ccc(cc1)F)F
"4,4'-dimethyl-2,2'-bipyridine",,,,,,,c1cnc(cc1C)c1nccc(c1)C
"4,4'-dimethylbiphenyl","4,4'-Dimethylbiphenyl",BP-TZVP,000613-33-2,182.26,C14H14,,c1cc(ccc1C)c1ccc(cc1)C
"4,4'-dinitro-1,1'-biphenyl",,,,,,,O=N(=O)c1ccc(cc1)c1ccc(N(=O)=O)cc1
"4,4'-oxybisbenzeneamine",,,,,,,c1(ccc(cc1)N)Oc1ccc(cc1)N
"4,4,4-trifluoro-1-(2-thienyl)-1,3-butanedione",,,,,,,C(C(=O)c1cccs1)C(=O)C(F)(F)F
"4,4,4-trifluoro-2-methylbutan-2-amine",,,,,,,CC(C)(CC(F)(F)F)N
"4,4,4-trifluoro-3-methyl-1-butanamine",,,,,,,C[C@@H](CCN)C(F)(F)F
"4,4,4-trifluoro-n-methylbutan-1-amine",,,,,,,CNCCCC(F)(F)F
"4,4,4-trifluoro-n-methylbutan-2-amine",,,,,,,C[C@@H](CC(F)(F)F)NC
"4,4,4-trifluorobutan-2-amine",,,,,,,C[C@@H](CC(F)(F)F)N
"4,4,4-trifluorobutanol",,,,,,,OCCCC(F)(F)F
"4,4,4-trifluorobutylamine",,,,,,,C(CC(F)(F)F)CN
"4,4,5,5-tetrafluoro-2-(trifluoromethyl)-1,3-dioxolane",,,,,,,C1(OC(C(O1)(F)F)(F)F)C(F)(F)F
"4,4,5,6,6,6-hexafluoro-3-oxa-5-trifluoromethylhexane",,,,,,,CCOC(C(C(F)(F)F)(C(F)(F)F)F)(F)F
"4,4-biphenol",,,,,,,Oc1ccc(cc1)c1ccc(O)cc1
"4,4-dibenzo-24-crown-8-ether",,,,,,,c12ccccc1OCCOCCOCCOc1c(cccc1)OCCOCCOCCO2
"4,4-dibutyl-gamma-butyrolactone",,,,,,,CCCCC1(CCCC)CCC(=O)O1
"4,4-difluoro-1,3-dioxolane",,,,,,,C1C(OCO1)(F)F
"4,4-difluoro-2-methylbutan-2-amine",,,,,,,CC(C)(CC(F)F)N
"4,4-difluoro-3-buten-1-ol",,,,,,,C(CO)C=C(F)F
"4,4-difluorobutan-1-amine",,,,,,,C(CC(F)F)CN
"4,4-dimethyl-1,3-cyclohexanedione",,,,,,,C1CC(=O)CC(=O)C1(C)C
"4,4-dimethyl-1-aza-4-silacyclohexane",,,,,,,C[Si]1(CCNCC1)C
"4,4-dimethyl-1-pentene",,,,,,,C(=C)CC(C)(C)C
"4,4-dimethyl-2-pentanone",,,,,,,O=C(C)CC(C)(C)C
"4,4-dimethyl-3-oxahexane",,,,,,,CC(OCC)(C)CC
"4,4-dimethyl-3-thiosemicarbazide",,,,,,,CN(C)C(=S)NN
"4,4-dimethylcyclohexene",,,,,,,C1=CCC(C)(C)CC1
"4,4-dimethylcyclopentene","cyclopentene,4,4-dimethyl-",BP-TZVP,019037-72-0,96.17,C7H12,,C1=CCC(C1)(C)C
"4,4-dimethylheptane",,,,,,,CCCC(C)(C)CCC
"4,4-dimethylsemicarbazide",,,,,,,CN(C)C(=O)NN
"4,5,5,6,6,6-hexafluoro-4-(trifluoromethyl)hexan",,,,,,,CCC[C@@](C(C(F)(F)F)(F)F)(C(F)(F)F)F
"4,5,6,7-tetrahydro-1,3-benzodithiole-2-thione",,,,,,,C1CCc2c(C1)sc(=S)s2
"4,5,6,7-tetrahydro-3,6-dimethylbenzofuran",,,,,,,C1[C@@H](C)Cc2c(C)coc2C1
"4,5,6,7-tetrahydrobenzofurazan-2-oxide",,,,,,,O1[N]C2=C(N1[O])CCCC2
"4,5,6-trichloroguaiacol","4,5,6-trichloroguaiacol",BP-TZVP,002668-24-8,227.47,C7H5Cl3O2,,c1(c(c(c(c(c1)Cl)Cl)Cl)O)OC
"4,5,6-trifluoropyrimidine",,,,,,,c1nc(c(c(n1)F)F)F
"4,5,6-trimethyl-2,3-benzoxalene",,,,,,,c1ccc2c(c1)c1-c(c2)oc(c(c1C)C)C
"4,5-dichloro-1-ethyl-3-methylimidazolium_cation",,,,,,,C1(=C(N([CH]N1CC)C)Cl)Cl
"4,5-dicyano-2-(trifluoromethyl)imidazolide_anion",,,,,,,N1=C([N]C(=C1C#N)C#N)C(F)(F)F
"4,5-diethyl-4,5-bis-(4-tert-butylphenyl)-octane",,,,,,,c1cc(ccc1[C@@](CC)([C@@](c1ccc(cc1)C(C)(C)C)(CCC)CC)CCC)C(C)(C)C
"4,5-difluoropyrimidine",,,,,,,c1c(c(ncn1)F)F
"4,5-dihydro-1,3,2-oxazaphosphole",,,,,,,C1CO[P][N]1
"4,5-dihydro-1-phenyl-1h-pyrazole","4,5-dihydro-1-phenyl-1h-pyrazole",BP-TZVP,000936-53-8,146.19,C9H10N2,,[N]1[CH]CCN1c1ccccc1
"4,5-dihydro-1h-pyrazole","4,5-dihydro-1h-pyrazole",BP-TZVP,000109-98-8,70.09,C3H6N2,,N1[N][CH]CC1
"4,5-dihydro-2-(phenylmethyl)-1h-imidazole",,,,,,,c1ccccc1C[C]1[N]CCN1
"4,5-dihydro-2-(phenylmethyl)-1h-imidazole_cation1",,,,,,,c1ccccc1C[C]1NCCN1
"4,5-dihydro-2-(phenylmethyl)-1h-imidazole_cation2",,,,,,,c1ccccc1C[C]1[N]CC[NH2]1
"4,5-dihydro-2-methylthiazole",,,,,,,[N]1[C](SCC1)C
"4,5-dihydro-2-thiazolamine",,,,,,,N=C1NCCS1
"4,5-dihydro-3(2h)thiophenone",,,,,,,O=C1CCSC1
"4,5-dihydro-3-phenyl-1h-pyrazole",,,,,,,[N]1NCC[C]1c1ccccc1
"4,5-dihydroxy-4-cyclopentene-1,2,3-trione","4,5-dihydroxy-4-cyclopentene-1,2,3-trione",BP-TZVP,000488-86-8,142.07,C5H2O5,,O=C1C(=C(O)C(=O)C1=O)O
"4,5-dimethyl-1,3-oxazole-2(3h)-thione",,,,,,,Cc1c(C)[nH]c(=S)o1
"4,5-dimethyl-1,3-thiazole-2(3h)-thione",,,,,,,Cc1c(C)[nH]c(=S)s1
"4,5-dimethyl-1-hexene",,,,,,,C=CC[C@@H](C)C(C)C
"4,5-dimethyl-2-ethyl-3-thiazoline",,,,,,,CC[C@H]1S[C@@H](C)C(=N1)C
"4,5-dimethyl-2-isobutyl-3-thiazoline",,,,,,,CC(C)C[C@H]1S[C@@H](C)C(=N1)C
"4,5-dimethyl-2-isobutylthiazole",,,,,,,CC(C)Cc1sc(C)c(C)n1
"4,5-dimethyl-3-hydroxy-2,5-dihydrofuran-2-one",,,,,,,C[C@H]1OC(=O)C(=C1C)O
"4,5-dimethyl-4-cyclohexene-1,1,2,2-tetranitrile",,,,,,,C1(=C(CC(C(C1)(C#N)C#N)(C#N)C#N)C)C
"4,5-dimethylresorcinol",,,,,,,Cc1cc(O)cc(O)c1C
"4,5-dimethylthiazole",,,,,,,s1cnc(c1C)C
"4,5-dipropyl-4,5-bis-(4-tert-butylphenyl)octane",,,,,,,c1cc(ccc1C(CCC)(C(c1ccc(cc1)C(C)(C)C)(CCC)CCC)CCC)C(C)(C)C
"4,5-octanedione",,,,,,,CCCC(=O)C(=O)CCC
"4,5-tetramethylene-1,3-dithiolanthi-2-one",,,,,,,C1CC[C@H]2[C@@H](C1)SC(=S)S2
"4,6(1h,5h)-pyrimidinedione","4,6(1H,5H)-PYRIMIDINEDIONE",BP-TZVP,025286-58-2,112.09,C4H4N2O2,,O=C1N=CNC(=O)C1
"4,6-dimethyldibenzothiophene",,,,,,,c1(C)cccc2c3cccc(C)c3sc12
"4,6-dimethylpyrimidine",,,,,,,n1c(cc(nc1)C)C
"4,6-dimethylresorcinol",,,,,,,Oc1cc(O)c(C)cc1C
"4,6-dinitro-o-sec-butylphenol",,,,,,,c1(O)c([C@@H](C)CC)cc(N(=O)=O)cc1N(=O)=O
"4,7,7-trimethyl-bicyclo(2-2-1)heptan-2-one","Bicyclo[2.2.1]heptan-2-one,4,7,7-trimethyl-,(1R)",BP-TZVP,013854-85-8,152.23,C10H16O,,CC1(C)[C@@H]2C(=O)C[C@@]1(C)CC2
"4,7-dimethyl-1,10-phenanthroline",,,,,,,Cc1ccnc2c1ccc1c2nccc1C
"4,7-diphenyl-1,10-phenanthroline",,,,,,,c1ccc(cc1)c1ccnc2c1ccc1c2nccc1c1ccccc1
"4,7-dipyrrolidin-1-yl-1,10-phenanthroline",,,,,,,C1CCN(c2ccnc3c2ccc2c3nccc2N2CCCC2)C1
"4,7-phenanthroline",,,,,,,c12c3c(nccc3)ccc1nccc2
"4,7-pteridinediamine","4,7-Pteridinediamine",BP-TZVP,000771-41-5,162.15,C6H6N6,,[C]12C(=N[C](C=N1)N)N=CN=C2N
"4-((2,4-dinitrophenyl)amino)-phenol",,,,,,,c1(ccc(cc1)Nc1c(cc(cc1)N(=O)=O)N(=O)=O)O
4-((2-methyl-3-furyl)thio)-5-nonanone,,,,,,,CCCCC(=O)[C@@H](CCC)Sc1ccoc1C
4-((4-nitrophenyl)azo)-benzeneamine,,,,,,,c1c(ccc(c1)N(=O)=O)[N][N]c1ccc(cc1)N
4-((4-nitrophenyl)azo)-phenol,,,,,,,c1c(ccc(c1)N(=O)=O)[N][N]c1ccc(cc1)O
"4-(1,1,3,3-tetramethylbutyl)-phenol",,,,,,,CC(C)(C)CC(C)(C)c1ccc(O)cc1
"4-(1,1-dimethylethyl)-1,2-benzenediol",,,,,,,c1cc(C(C)(C)C)cc(O)c1O
"4-(1,1-dimethylethyl)-2,6-dimethylphenol",,,,,,,c1c(c(c(cc1C(C)(C)C)C)O)C
"4-(1,1-dimethylethyl)-benzoicacid_anion",,,,,,,c1cc(ccc1C(C)(C)C)C(=O)[O]
"4-(1,1-dimethylethyl)-benzoicacid",,,,,,,c1cc(ccc1C(C)(C)C)C(=O)O
"4-(1,1-dimethylethyl)-phenol_anion",,,,,,,c1(ccc(cc1)[O])C(C)(C)C
"4-(1,1-dimethylethyl)-phenol",P-T-BUTYLPHENOL,BP-TZVP,027178-34-3,150.22,C10H14O,,c1(ccc(cc1)O)C(C)(C)C
"4-(1,1-dimethylpropyl)-phenol",,,,,,,CCC(C)(C)c1ccc(O)cc1
4-(1-methyl-1-phenylethyl)-phenol,,,,,,,c1ccccc1C(C)(C)c1ccc(O)cc1
4-(1-methylethenyl)-1-cyclohexene-1-methanol,,,,,,,OCC1=CC[C@@H](C(=C)C)CC1
4-(1-methylethyl)-benzoicacid_anion,,,,,,,c1cc(ccc1C(C)C)C(=O)[O]
4-(1-methylethyl)-benzoicacid,,,,,,,c1cc(ccc1C(C)C)C(=O)O
4-(1-methylethyl)-phenol,,,,,,,CC(C)c1ccc(O)cc1
4-(1-methylethyl)benzaldehyde,,,,,,,O=Cc1ccc(cc1)C(C)C
4-(1-methylethyl)benzenemethanol,,,,,,,OCc1ccc(cc1)C(C)C
4-(1-methylethyl)pyridine,,,,,,,n1ccc(cc1)C(C)C
4-(2-aminoethyl)morpholine,,,,,,,N1(CCN)CCOCC1
4-(2-aminoethyl)phenol,,,,,,,NCCc1ccc(O)cc1
4-(2-aminopropyl)phenol,,,,,,,Oc1ccc(C[C@@H](N)C)cc1
4-(2-ethoxyethyl)-4-methylmorpholinium_cation,,,,,,,C1C[N](CCO1)(C)CCOCC
4-(2-furanyl)-2-butanone,4-(2-furanyl)-2-butanone,BP-TZVP,000699-17-2,138.16,C8H10O2,,O=C(CCc1occc1)C
4-(2-furanyl)-3-buten-2-one,4-(2-furanyl)-3-buten-2-one,BP-TZVP,000623-15-4,136.15,C8H8O2,,O=C(/C=C/c1occc1)C
4-(2-hydroxyethyl)-4-methylmorpholinium_cation,,,,,,,C1C[N](CCO1)(C)CCO
4-(2-hydroxyethyl)-chlorbenzol,,,,,,,OCCc1ccc(Cl)cc1
4-(2-hydroxyethyl)morpholine,,,,,,,OCCN1CCOCC1
4-(2-methoxyethyl)-4-methylmorpholinium_cation,,,,,,,C1C[N](CCO1)(C)CCOC
4-(2-methoxyethyl)morpholine,,,,,,,COCCN1CCOCC1
4-(2-nitrovinyl)morpholine,,,,,,,O=N(=O)/C=C/N1CCOCC1
4-(2-propenyl)phenol,,,,,,,C=CCc1ccc(cc1)O
"4-(3,4-methylenedioxyphenyl)-2-butanone",,,,,,,CC(=O)CCc1ccc2OCOc2c1
4-(3-hydroxypropyl)-4-methylmorpholinium_cation,,,,,,,C1C[N](CCO1)(C)CCCO
4-(3-methoxypropyl)-4-methylmorpholinium_cation,,,,,,,C1C[N](CCO1)(C)CCCOC
4-(4-methylpiperidino)pyridine,,,,,,,CC1CCN(CC1)c1ccncc1
4-(aminocarbonyl)-1-[(decyloxy)methyl]pyridinium_cation,,,,,,,N1([CH]C=C(C(=O)N)C=C1)COCCCCCCCCCC
4-(aminocarbonyl)-1-[(dodecyloxy)methyl]pyridinium_cation,,,,,,,N1([CH]C=C(C(=O)N)C=C1)COCCCCCCCCCCCC
4-(aminocarbonyl)-1-[(undecyloxy)methyl]pyridinium_cation,,,,,,,N1([CH]C=C(C(=O)N)C=C1)COCCCCCCCCCCC
4-(aminomethyl)pyridine,,,,,,,n1ccc(CN)cc1
4-(bromomethyl)benzonitrile,,,,,,,BrCc1ccc(C#N)cc1
4-(cyanomethyl)-4-methylmorpholinium_cation,,,,,,,C1C[N](CCO1)(CC#N)C
"4-(difluoromethoxy)-1,1,1,2,2,3,3-heptafluorobutane",,,,,,,C(C(C(C(F)(F)F)(F)F)(F)F)OC(F)F
"4-(difluoromethoxy)-1,1,1,2,3,3-hexafluoro-2-(trifluoromethyl)butane",,,,,,,C(C(C(C(F)(F)F)(C(F)(F)F)F)(F)F)OC(F)F
"4-(difluoromethoxy)-1,1,2,2,3,3-hexafluorobutane",,,,,,,C(C(C(C(F)F)(F)F)(F)F)OC(F)F
"4-(difluoromethoxy)-1,1,2,3,3-pentafluoro-butane",,,,,,,C(C([C@@H](C(F)F)F)(F)F)OC(F)F
"4-(dimethylamino)-1,5-dimethyl-2-phenyl-1,2-dihydro-3h-pyrazol-3-one",,,,,,,CN(C)c1c(C)n(n(c1=O)c1ccccc1)C
4-(dimethylamino)-1-ethylpyridinium_cation,,,,,,,[CH]1N(C=CC(=C1)N(C)C)CC
4-(dimethylamino)-1-methylpyridinium_cation,,,,,,,C1(=C[CH]N(C=C1)C)N(C)C
4-(dimethylamino)-benzaldehyde,,,,,,,c1(N(C)C)ccc(C=O)cc1
"4-(dimethylamino)-n,n-dimethylbenzamide",,,,,,,CN(C)c1ccc(cc1)C(=O)N(C)C
4-(dimethylamino)benzenemethanol,,,,,,,c1cc(ccc1CO)N(C)C
4-(ethoxymethyl)-4-methylmorpholinium_cation,,,,,,,C1COCC[N]1(C)COCC
4-(methylthio)-2-butanone,,,,,,,CSCCC(=O)C
4-(methylthio)-2-oxobutanoic-acid,,,,,,,CSCCC(=O)C(=O)O
4-(methylthio)-4-methyl-2-pentanone,,,,,,,CSC(C)(C)CC(=O)C
4-(methylthio)benzenamine,,,,,,,Nc1ccc(cc1)SC
4-(methylthio)butanal,,,,,,,CSCCCC=O
4-(methylthio)butanol,,,,,,,CSCCCCO
4-(methylthio)butyl-isothiocyanate,,,,,,,CSCCCCN=C=S
4-(methylthio)pyridine,,,,,,,CSc1ccncc1
"4-(n,n-dimethylamino)pyrimidine",,,,,,,CN(C)c1ccncn1
"4-(n,n-dimethylamino)quinoline",,,,,,,CN(C)c1c2ccccc2ncc1
4-(p-acetoxyphenyl)-2-butanone,,,,,,,CC(=O)CCc1ccc(OC(=O)C)cc1
4-(p-hydroxyphenyl)-2-butanone,,,,,,,CC(=O)CCc1ccc(O)cc1
4-(p-methoxyphenyl)-2-butanone,,,,,,,COc1ccc(CCC(=O)C)cc1
4-(p-tolyl)-2-butanone,,,,,,,CC(=O)CCc1ccc(C)cc1
4-(phenylazo)-benzeneamine,,,,,,,Nc1ccc(cc1)/N=N\c1ccccc1
4-(phenylmethyl)-phenol,,,,,,,C(c1ccc(cc1)O)c1ccccc1
4-(t-butyl)-2-cresol,,,,,,,Oc1c(cc(cc1)C(C)(C)C)C
4-(tert-butyl)pyridine,,,,,,,CC(C)(C)c1ccncc1
4-(trifluoromethyl)-benzenamine_cation,,,,,,,[NH3]c1ccc(C(F)(F)F)cc1
4-(trifluoromethyl)benzonitrile,,,,,,,FC(F)(F)c1ccc(C#N)cc1
4-5-dihydro-3-nitro-isoxazole-2-oxide,,,,,,,C1CON([C]1N(=O)=O)[O]
4-5-dimethyl-phenanthrene,,,,,,,Cc1c2c3c(ccc2ccc1)cccc3C
4-acetamidobenzoic_acid,,,,,,,CC(=O)Nc1ccc(cc1)C(=O)O
"4-acetoxy-2,5-dimethyl-3(2h)-furanone",,,,,,,C[C@H]1OC(=C(OC(=O)C)C1=O)C
4-acetyl-2-methylpyrimidine,,,,,,,CC(=O)c1ccnc(C)n1
"4-acetyl-6-tert-butyl-1,1-dimethylindane",,,,,,,CC(=O)c1cc(cc2c1CCC2(C)C)C(C)(C)C
4-acetylbiphenyl,,,,,,,c1(ccc(cc1)C(=O)C)c1ccccc1
4-acetylmorpholine,"MORPHOLINE,4-ACETYL-",BP-TZVP,001696-20-4,129.16,C6H11NO2,,O=C(N1CCOCC1)C
"4-allyl-2,6-dimethoxyphenol",,,,,,,COc1cc(CC=C)cc(OC)c1O
4-amino-2(1h)-pyrimidinethione,,,,,,,n1c(cc[nH]c1=S)N
4-amino-2-hydroxy-1-methylpyrimidine,,,,,,,c1cn(c(=O)nc1N)C
4-amino-2-methylphenol,,,,,,,Oc1c(cc(N)cc1)C
4-amino-2-nitrophenol,4-amino-2-nitrophenol,BP-TZVP,000119-34-6,154.12,C6H6N2O3,,O=N(=O)c1c(O)ccc(N)c1
"4-amino-3,5,6-trichloropyridine-2-carboxylicacid",,,,,,,Clc1c(N)c(Cl)c(nc1Cl)C(=O)O
4-amino-3-nitrobenzoic_acid,,,,,,,Nc1ccc(cc1N(=O)=O)C(=O)O
4-amino-5-bromo-2-hydroxypyrimidine,4-amino-5-bromo-2-hydroxypyrimidine,BP-TZVP,002240-25-7,190,C4H4BrN3O,,O=c1nc(N)c(Br)c[nH]1
4-amino-m-toluicacid,,,,,,,Cc1cc(ccc1N)C(=O)O
"4-amino-n,n-dimethylbenzenecarbothioamide",,,,,,,Nc1ccc(cc1)C(=S)N(C)C
4-amino-n-hydroxybenzamide_anion2,,,,,,,c1cc(ccc1C(=O)N[O])N
4-amino-n-hydroxybenzamide_anion,,,,,,,c1cc(ccc1C(=O)[N]O)N
4-amino-n-hydroxybenzamide,,,,,,,c1cc(ccc1C(=O)NO)N
4-amino-phenol_anion,,,,,,,Nc1ccc([O])cc1
4-amino-phenol,,,,,,,Nc1ccc(O)cc1
4-aminobenzamide,,,,,,,O=C(N)c1ccc(N)cc1
4-aminobenzamidine,,,,,,,c1cc(N)ccc1C(=N)N
4-aminobenzeneaceticacid,,,,,,,O=C(O)Cc1ccc(N)cc1
4-aminobenzeneacetonitrile,,,,,,,Nc1ccc(CC#N)cc1
4-aminobenzenesulfonicacid,,,,,,,c1cc([NH3])ccc1S([O])([O])[O]
4-aminobenzenethiol,,,,,,,Sc1ccc(N)cc1
4-aminobenzoicacid_anion,,,,,,,c1cc(ccc1N)C(=O)[O]
4-aminobenzoicacid,,,,,,,c1cc(ccc1C(=O)O)N
4-aminobutanoicacid,,,,,,,[O]C(=O)CCC[NH3]
4-aminonitrobenzene,,,,,,,c1(ccc(cc1)N)N(=O)=O
4-aminophthalimide,,,,,,,c12ccc(cc1C(=O)NC2=O)N
4-aminopyrazole,,,,,,,[nH]1ncc(N)c1
4-aminopyrimidine,,,,,,,n1cnc(N)cc1
4-aminoquinoline,,,,,,,c1ccc2c(N)ccnc2c1
4-aminosalicylicacid,,,,,,,Nc1ccc(c(c1)O)C(=O)O
4-azafluorene,,,,,,,c12-c3c(Cc1cccn2)cccc3
4-azaindole,,,,,,,[nH]1ccc2ncccc12
4-biphenylcarbonitrile,,,,,,,N#Cc1ccc(cc1)c1ccccc1
4-biphenylmethanol,,,,,,,c1(ccccc1)c1ccc(cc1)CO
4-bromimidazole,,,,,,,c1(nc[nH]c1)Br
4-bromimidazole_cation,,,,,,,C1(=CN[CH]N1)Br
"4-bromo-1,1,1,2,2-pentafluorobutane",,,,,,,C(CBr)C(C(F)(F)F)(F)F
4-bromo-1-butene,4-BROMO-1-BUTENE,BP-TZVP,005162-44-7,135,C4H7Br,,BrCCC=C
"4-bromo-3-chloro-3,4,4-trifluoro-1-butene",,,,,,,BrC(F)(F)[C@@](Cl)(F)C=C
"4-bromo-n,n,n'-trimethylbenzenecarboximidamide",,,,,,,Brc1ccc(cc1)/C(=N/C)/N(C)C
"4-bromo-n,n-dimethylaniline",,,,,,,CN(C)c1ccc(Br)cc1
"4-bromo-n,n-dimethylbenzamide",,,,,,,Brc1ccc(cc1)C(=O)N(C)C
4-bromoacetanilide,N-(4-bromophenyl)-Acetamide,BP-TZVP,000103-88-8,214.06,C8H8BrNO,,c1c(ccc(c1)NC(=O)C)Br
4-bromoaniline,,,,,,,c1(ccc(cc1)Br)N
4-bromoaniline_cation,,,,,,,c1(ccc(cc1)[NH3])Br
4-bromobenzoicacid_anion,,,,,,,c1cc(ccc1Br)C(=O)[O]
4-bromobenzoicacid,,,,,,,c1cc(ccc1Br)C(=O)O
4-bromobenzonitrile,,,,,,,Brc1ccc(cc1)C#N
4-bromonitrobenzene,,,,,,,c1(ccc(cc1)Br)N(=O)=O
4-bromophenol,,,,,,,c1cc(ccc1Br)O
4-bromophenylacetonitrile,,,,,,,N#CCc1ccc(Br)cc1
4-bromophenylurea,,,,,,,c1(ccc(cc1)NC(=O)N)Br
4-bromopyrazole,,,,,,,Brc1c[nH]nc1
4-bromopyridine,4-bromopyridine,BP-TZVP,001120-87-2,158,C5H4BrN,,n1ccc(cc1)Br
4-butoxyphenol,,,,,,,O(c1ccc(O)cc1)CCCC
4-butyl-4-methylmorpholinium_cation,,,,,,,C1OCC[N](C1)(CCCC)C
"4-butyl-4h-1,2,4-triazole",,,,,,,CCCCn1cnnc1
4-butylbenzenamine,,,,,,,Nc1ccc(cc1)CCCC
4-butylbenzoicacid_anion,,,,,,,c1cc(ccc1CCCC)C(=O)[O]
4-butylbenzoicacid,,,,,,,c1cc(ccc1CCCC)C(=O)O
4-butylmorpholine,,,,,,,CCCCN1CCOCC1
4-butyrylmorpholine,,,,,,,CCCC(=O)N1CCOCC1
4-carbamoylbenzoicacid_anion,,,,,,,c1cc(ccc1C(=O)N)C(=O)[O]
4-carbamoylbenzoicacid,,,,,,,c1cc(ccc1C(=O)N)C(=O)O
4-carbethoxybutyrolactone,,,,,,,C1(=O)CC[C@H](O1)C(=O)OCC
4-carboxybenzaldehyde,,,,,,,c1(C(=O)O)ccc(C=O)cc1
4-chlor-n-methylanilin,4-chlor-n-methylanilin,BP-TZVP,000932-96-7,141.6,C7H8ClN,,CNc1ccc(Cl)cc1
4-chlorcatechol,,,,,,,Oc1ccc(Cl)cc1O
"4-chloro-1,1,1,2,2,3,3,4-octafluorobutane",,,,,,,[C@H](C(C(C(F)(F)F)(F)F)(F)F)(F)Cl
"4-chloro-1,1,1,2,2,3,4,4-octafluorobutane",,,,,,,[C@H](C(C(F)(F)F)(F)F)(C(F)(F)Cl)F
"4-chloro-1,1,1,2,2,3,4-heptafluoro-3-methyl-butane",,,,,,,C[C@@]([C@@H](F)Cl)(C(C(F)(F)F)(F)F)F
"4-chloro-1,1,1,2,2,4,4-heptafluoro-3-methylbutane",,,,,,,C[C@@H](C(C(F)(F)F)(F)F)C(F)(F)Cl
"4-chloro-1,1,1,2,2,4,4-heptafluorobutane",,,,,,,C(C(C(F)(F)F)(F)F)C(F)(F)Cl
"4-chloro-1,1,1,2,2-pentafluoro-3-methylbutane",,,,,,,C[C@H](CCl)C(C(F)(F)F)(F)F
"4-chloro-1,1,1,2,2-pentafluoro-butane",,,,,,,C(CCl)C(C(F)(F)F)(F)F
"4-chloro-1,1,1,2,3,3,4,5,5-nonafluoropentane",,,,,,,[C@H](C([C@@](C(F)F)(F)Cl)(F)F)(C(F)(F)F)F
"4-chloro-1,1,1,2,3,4-hexafluoro-3-methylbutane",,,,,,,C[C@@]([C@@H](C(F)(F)F)F)([C@H](F)Cl)F
"4-chloro-1,1,1,2,4,4-hexafluorobutane",,,,,,,C([C@@H](C(F)(F)F)F)C(F)(F)Cl
"4-chloro-1,1,1,2-tetrafluoro-2-(trifluoromethyl)-butane",,,,,,,C(CCl)C(C(F)(F)F)(C(F)(F)F)F
"4-chloro-1,1,1,2-tetrafluoro-3-methylbutane",,,,,,,C[C@@H](CCl)[C@@H](C(F)(F)F)F
"4-chloro-1,1,2-trifluoro-3-methylbutane",,,,,,,C[C@@H](CCl)[C@@H](C(F)F)F
"4-chloro-1,2-benzenediamine",,,,,,,Nc1c(N)cc(cc1)Cl
"4-chloro-1,2-butadiene",,,,,,,C=C=CCCl
4-chloro-1-butanol,,,,,,,OCCCCCl
4-chloro-1-butene,,,,,,,C(=C)CCCl
4-chloro-1-butyne,,,,,,,C#CCCCl
"4-chloro-2,2,4,5,5-pentafluoro-1,3-dioxolane",,,,,,,C1([C@@](OC(O1)(F)F)(F)Cl)(F)F
"4-chloro-2,6-diaminopyrimidine",,,,,,,Clc1nc(nc(c1)N)N
4-chloro-2-butanone,4-CHLORO-2-BUTANONE,BP-TZVP,006322-49-2,106.55,C4H7ClO,,ClCCC(=O)C
4-chloro-2-butynoicacid_anion,,,,,,,C(C#CC(=O)[O])Cl
4-chloro-2-butynoicacid,,,,,,,C(C#CC(=O)O)Cl
4-chloro-2-methoxybenzenamine,4-chloro-2-methoxybenzenamine,BP-TZVP,000093-50-5,157.6,C7H8ClNO,,O(c1c(N)ccc(Cl)c1)C
4-chloro-2-nitro-benzenamine,,,,,,,Nc1ccc(Cl)cc1N(=O)=O
4-chloro-2-nitro-benzenamine_cation,,,,,,,c1(c(ccc(c1)Cl)[NH3])N(=O)=O
"4-chloro-3,5-dimethylphenol","4-chloro-3,5-dimethylphenol",BP-TZVP,000088-04-0,156.61,C8H9ClO,,Oc1cc(c(c(C)c1)Cl)C
4-chloro-3-fluorobut-1-ene,,,,,,,C=C[C@@H](CCl)F
4-chloro-3-oxobutanoicacidethylester,,,,,,,O=C(OCC)CC(=O)CCl
4-chloro-n-hydroxybenzamide_anion1,,,,,,,c1cc(ccc1C(=O)[N]O)Cl
4-chloro-n-hydroxybenzamide_anion2,,,,,,,c1cc(ccc1C(=O)N[O])Cl
4-chloro-n-hydroxybenzamide,,,,,,,c1cc(ccc1C(=O)NO)Cl
4-chloro-n-methylpiperidine,,,,,,,CN1CCC(Cl)CC1
4-chloroaniline,,,,,,,Nc1ccc(Cl)cc1
4-chloroaniline_cation,,,,,,,[NH3]c1ccc(cc1)Cl
4-chloroanisole,,,,,,,O(c1ccc(cc1)Cl)C
4-chlorobenzaldehyde,,,,,,,O=Cc1ccc(cc1)Cl
4-chlorobenzamide,,,,,,,NC(=O)c1ccc(Cl)cc1
4-chlorobenzenethiol,,,,,,,Sc1ccc(cc1)Cl
4-chlorobenzoicacid_anion,,,,,,,c1cc(ccc1Cl)C(=O)[O]
4-chlorobenzoicacid,,,,,,,c1cc(ccc1Cl)C(=O)O
4-chlorobenzonitrile,4-chlorobenzonitrile,BP-TZVP,000623-03-0,137.57,C7H4ClN,,N#Cc1ccc(cc1)Cl
4-chlorobutanenitrile,,,,,,,N#CCCCCl
4-chlorobutanoicacid_anion,,,,,,,C(CC(=O)[O])CCl
4-chlorobutanoicacid,,,,,,,O=C(O)CCCCl
4-chlorophenol_anion,,,,,,,c1cc(ccc1Cl)[O]
4-chlorophenol,,,,,,,c1(O)ccc(Cl)cc1
4-chlorophenylacetonitrile,,,,,,,N#CCc1ccc(cc1)Cl
4-chloropyridine1-oxide,,,,,,,Clc1cc[n+](cc1)[O-]
4-chloropyridine,,,,,,,Clc1ccncc1
4-chlororesorcinol,4-chlororesorcinol,BP-TZVP,000095-88-5,144.56,C6H5ClO2,,Oc1c(ccc(O)c1)Cl
4-chlorothiophenol_anion,,,,,,,[S]c1ccc(cc1)Cl
4-cyano-1-butylpyridinium_cation,,,,,,,[CH]1N(C=CC(=C1)C#N)CCCC
4-cyanoaniline,,,,,,,N#Cc1ccc(N)cc1
4-cyanobenzoicacid_anion,,,,,,,c1cc(ccc1C#N)C(=O)[O]
4-cyanobenzoicacid,,,,,,,c1cc(ccc1C#N)C(=O)O
4-cyanophenol_anion,,,,,,,N#Cc1ccc(cc1)[O]
4-cyanophenol,,,,,,,N#Cc1ccc(cc1)O
4-cyanopyrazole,,,,,,,[nH]1ncc(C#N)c1
4-cyanoquinoline,4-cyanoquinoline,BP-TZVP,002973-27-5,154.17,C10H6N2,,c1ccc2c(C#N)ccnc2c1
4-cyclopentylphenol,,,,,,,Oc1ccc(cc1)C1CCCC1
4-cyclopropyl2-butanone,,,,,,,CC(=O)CCC1CC1
4-decanol,,,,,,,O[C@@H](CCC)CCCCCC
4-decanone,4-decanone,BP-TZVP,000624-16-8,156.27,C10H20O,,O=C(CCC)CCCCCC
4-dimethylaminobenzoicacid_anion,,,,,,,c1cc(ccc1N(C)C)C(=O)[O]
4-dimethylaminobenzoicacid,,,,,,,c1cc(ccc1N(C)C)C(=O)O
4-dodecanoylmorpholine,,,,,,,CCCCCCCCCCCC(=O)N1CCOCC1
"4-ethenyl-1,3-dioxolan-2-one",,,,,,,C1OC(=O)O[C@@H]1C=C
4-ethenylbenzoicacid,,,,,,,c1cc(C=C)ccc1C(=O)O
"4-ethoxy-1,1,1,2,2,3,4,4-octafluorobutane",,,,,,,CCOC([C@@H](C(C(F)(F)F)(F)F)F)(F)F
"4-ethoxy-1,2-benzenediamine",,,,,,,O(c1ccc(N)c(N)c1)CC
4-ethoxybenzeneamine,,,,,,,c1(OCC)ccc(N)cc1
4-ethoxypyrazole,,,,,,,[nH]1ncc(OCC)c1
"4-ethyl-1,2-dimethylbenzene",,,,,,,c1(C)c(C)cc(CC)cc1
"4-ethyl-1,3-benzenediol",,,,,,,Oc1c(ccc(O)c1)CC
"4-ethyl-2,6,7-trioxa-1-phosphabicyclo[2,2,2]octane",,,,,,,O1P2OC[C@@](CC)(CO2)C1
"4-ethyl-2,6-dimethoxyphenol",,,,,,,CCc1cc(OC)c(O)c(OC)c1
4-ethyl-2-methoxyphenol,,,,,,,O(c1c(O)ccc(CC)c1)C
4-ethyl-2-methylhexane,,,,,,,CCC(CC)CC(C)C
4-ethyl-2-methylpyridine,,,,,,,n1c(cc(cc1)CC)C
4-ethyl-4-heptanol,,,,,,,OC(CCC)(CCC)CC
"4-ethyl-4-methyl-2,6-piperidinedione","4-ethyl-4-methyl-2,6-piperidinedione",BP-TZVP,000064-65-3,155.2,C8H13NO2,,O=C1NC(=O)CC(CC)(C)C1
4-ethyl-4-methylmorpholinium_cation,,,,,,,O1CC[N](CC1)(CC)C
4-ethyl-6-hepten-3-one,,,,,,,C=C[C@H](CC(=O)CC)CC
4-ethylacetophenone,4-ethylacetophenone,BP-TZVP,000937-30-4,148.2,C10H12O,,O=C(c1ccc(cc1)CC)C
4-ethylaniline,,,,,,,Nc1ccc(cc1)CC
4-ethylbenzaldehyde,,,,,,,CCc1ccc(C=O)cc1
4-ethylbenzoicacid_anion,,,,,,,c1cc(ccc1CC)C(=O)[O]
4-ethylbenzoicacid,,,,,,,c1cc(ccc1CC)C(=O)O
4-ethylbenzylalcohol,4-ETHYLBENZYLALCOHOL,BP-TZVP,000768-59-2,136.19,C9H12O,,c1(ccc(cc1)CC)CO
4-ethylcyclohexanone,"CYCLOHEXANONE,4-ETHYL-",BP-TZVP,005441-51-0,126.2,C8H14O,,O=C1CCC(CC)CC1
4-ethylnitrobenzene,,,,,,,O=N(=O)c1ccc(cc1)CC
4-ethylphenol,,,,,,,CCc1ccc(O)cc1
4-ethylpiperidine,,,,,,,N1CCC(CC)CC1
4-ethylpyridine,,,,,,,n1ccc(cc1)CC
4-ethylpyridine_cation,,,,,,,N1[CH]C=C(C=C1)CC
4-ethylsemicarbazide,4-ETHYLSEMICARBAZIDE,BP-TZVP,013050-41-4,103.12,C3H9N3O,,CCNC(=O)NN
4-ethylstyrene,,,,,,,C=Cc1ccc(CC)cc1
"4-fluoro-1,3-dioxolane",,,,,,,C1[C@@H](OCO1)F
4-fluoro-1-butanamine,,,,,,,C(CCF)CN
4-fluoro-1-methoxy-2-methylbutane,,,,,,,C[C@@H](CCF)COC
"4-fluoro-2,2,3-trimethylpentane",,,,,,,C[C@@H]([C@@H](C)F)C(C)(C)C
"4-fluoro-2,2-dimethylpentane",,,,,,,C[C@@H](CC(C)(C)C)F
4-fluoro-2-methylaniline,,,,,,,Fc1ccc(N)c(C)c1
4-fluoro-2-methylfuran,,,,,,,Cc1cc(co1)F
4-fluoro-2h-pyrrole,,,,,,,C1C=C(C=N1)F
4-fluoro-3-nitro-benzenamine,,,,,,,Nc1ccc(F)c(N(=O)=O)c1
4-fluoro-3-nitro-benzenamine_cation,,,,,,,[NH3]c1ccc(F)c(N(=O)=O)c1
"4-fluoro-n,n-dimethylbenzamide",,,,,,,Fc1ccc(cc1)C(=O)N(C)C
4-fluoro-n-hydroxybenzamide_anion1,,,,,,,c1cc(ccc1C(=O)[N]O)F
4-fluoro-n-hydroxybenzamide_anion2,,,,,,,c1cc(ccc1C(=O)N[O])F
4-fluoro-n-hydroxybenzamide,,,,,,,c1cc(ccc1C(=O)NO)F
4-fluoro-n-methylbutan-2-amine,,,,,,,C[C@@H](CCF)NC
4-fluoro-oxazole,,,,,,,c1c(nco1)F
4-fluoroacetanilide,,,,,,,c1c(ccc(c1)NC(=O)C)F
4-fluoroacetophenone,,,,,,,O=C(c1ccc(F)cc1)C
4-fluoroaniline_cation,,,,,,,c1(ccc(cc1)[NH3])F
4-fluoroanisole,,,,,,,O(c1ccc(F)cc1)C
4-fluorobenzaldehyde,,,,,,,O=Cc1ccc(F)cc1
4-fluorobenzenemethanol,,,,,,,c1cc(F)ccc1CO
4-fluorobenzoicacid_anion,,,,,,,c1cc(ccc1F)C(=O)[O]
4-fluorobenzoicacid,,,,,,,c1cc(ccc1F)C(=O)O
4-fluorobenzonitrile,,,,,,,N#Cc1ccc(F)cc1
4-fluorobenzoylchloride,,,,,,,O=C(c1ccc(F)cc1)Cl
4-fluorobutan-2-amine,,,,,,,C[C@@H](CCF)N
4-fluoronitrobenzene,4-fluoronitrobenzene,BP-TZVP,000350-46-9,141.1,C6H4FNO2,,O=N(=O)c1ccc(F)cc1
4-fluoropentan-1-amine,,,,,,,C[C@@H](CCCN)F
4-fluorophenol_anion,,,,,,,c1cc(ccc1F)[O]
4-fluorophenol,,,,,,,c1cc(ccc1F)O
"4-fluorophenyl-1,1-dimethylurea",,,,,,,c1(ccc(cc1)NC(=O)N(C)C)F
4-fluorophenylacetonitrile,,,,,,,N#CCc1ccc(cc1)F
4-fluorophenylurea,,,,,,,c1(ccc(cc1)NC(=O)N)F
4-fluorostyrene,,,,,,,Fc1ccc(C=C)cc1
4-fluorotoluene,,,,,,,c1cc(ccc1C)F
4-formyl-2-nitrophenol,4-formyl-2-nitrophenol,BP-TZVP,003011-34-5,167.12,C7H5NO4,,c1c(C=O)cc(N(=O)=O)c(O)c1
4-formylbenzonitrile,"BENZONITRILE,4-FORMYL-",BP-TZVP,000105-07-7,131.13,C8H5NO,,O=Cc1ccc(C#N)cc1
4-heptadecanoylmorpholine,,,,,,,CCCCCCCCCCCCCCCCC(=O)N1CCOCC1
4-heptanol,,,,,,,OC(CCC)CCC
4-heptanone,,,,,,,CCCC(=O)CCC
4-heptanoylmorpholine,,,,,,,CCCCCCC(=O)N1CCOCC1
4-heptenal,,,,,,,C(=O)CC/C=C/CC
4-hexadecanoylmorpholine,,,,,,,CCCCCCCCCCCCCCCC(=O)N1CCOCC1
4-hexanoylmorpholine,,,,,,,CCCCCC(=O)N1CCOCC1
4-hexen-2-one,,,,,,,O=C(C)C/C=C/C
4-hexen-3-one,,,,,,,O=C(/C=C/C)CC
4-hydroxy-2(1h)-pyridone,,,,,,,n1c(O)cc(O)cc1
"4-hydroxy-2,5-dimethyl-3(2h)-furanone",,,,,,,C[C@H]1OC(=C(O)C1=O)C
4-hydroxy-2-butanone,,,,,,,O=C(CCO)C
4-hydroxy-2-pentanone,,,,,,,O[C@@H](C)CC(=O)C
"4-hydroxy-3,5-dimethoxybenzaldehyde",,,,,,,COc1cc(C=O)cc(OC)c1O
4-hydroxy-3-chloro-1-butene,4-HYDROXY-3-CHLORO-1-BUTENE,BP-TZVP,075455-41-3,106.55,C4H7ClO,,C=C[C@@H](CO)Cl
4-hydroxy-3-methoxy-benzylalkohol,,,,,,,COc1cc(CO)ccc1O
4-hydroxy-3-methoxybenzaldehyde,,,,,,,c1(O)c(OC)cc(C=O)cc1
4-hydroxy-3-methyl-2-butanone,4-HYDROXY-3-METHYL-2-BUTANONE,BP-TZVP,003393-64-4,102.13,C5H10O2,,O=C(C)[C@@H](C)CO
4-hydroxy3-nitrobenzoic_acid,,,,,,,OC(=O)c1ccc(O)c(c1)N(=O)=O
4-hydroxyacetanilide,,,,,,,CC(=O)Nc1ccc(O)cc1
4-hydroxybenzaldehyde_anion,,,,,,,C1(=O)C=C[C](C=C1)C=O
4-hydroxybenzaldehyde,,,,,,,c1(ccc(cc1)C=O)O
4-hydroxybenzenemethanol,,,,,,,OCc1ccc(O)cc1
4-hydroxybenzoicacid_anion,,,,,,,c1cc(ccc1O)C(=O)[O]
4-hydroxybutanal,,,,,,,OCCCC=O
"4-hydroxymethyl-1,3-dioxolan-2-one",,,,,,,[C@@H]1(COC(=O)O1)CO
"4-hydroxymethyl-1,3-dioxolan",,,,,,,C1OCO[C@H]1CO
"4-hydroxymethyl-2,6-di-tertbutylphenol",,,,,,,CC(C)(C)c1cc(CO)cc(c1O)C(C)(C)C
4-hydroxymethyl-benzoic-acid,4-hydroxymethyl-benzoic-acid,BP-TZVP,003006-96-0,152.15,C8H8O3,,OCc1ccc(C(=O)O)cc1
4-hydroxymethylbenzoate,,,,,,,O=C(OC)c1ccc(O)cc1
4-hydroxymethylbenzoicacid_anion,,,,,,,c1cc(ccc1CO)C(=O)[O]
4-hydroxypteridine,,,,,,,[C]12C(=N[CH]N=C1O)N=CC=N2
"4-iodo-3,5-dimethylpyrazole",,,,,,,Ic1c([nH]nc1C)C
4-iodoaniline,,,,,,,c1(I)ccc(N)cc1
4-iodobenzoicacid_anion,,,,,,,c1cc(ccc1I)C(=O)[O]
4-iodobenzoicacid,,,,,,,c1cc(ccc1I)C(=O)O
4-iodophenol,,,,,,,c1cc(ccc1I)O
4-iodopyrazole,,,,,,,Ic1c[nH]nc1
4-isopropylbenzylidenet-butylaminen-oxide,,,,,,,c1c(ccc(c1)C(C)C)[CH]N([O])C(C)(C)C
4-isopropylcatechol,,,,,,,Oc1c(O)cc(C(C)C)cc1
4-isothiocyanato-1-butene,,,,,,,S=C=NCCC=C
4-mercapto-4-methyl-2-pentanol,,,,,,,C[C@H](CC(C)(C)S)O
4-mercapto-4-methyl-2-pentanone,,,,,,,CC(=O)CC(C)(C)S
4-methoxy-2-methyl-2-butanethiol,,,,,,,COCCC(C)(C)S
4-methoxy-2-methylbenzenamine,,,,,,,O(c1ccc(N)c(C)c1)C
4-methoxy-4-methyl-pentan-2-one,,,,,,,O=C(CC(OC)(C)C)C
4-methoxy-6-methyl-2-thiopyrone,,,,,,,c1c(oc(=S)cc1OC)C
4-methoxy-benzeneaceticacid,,,,,,,c1(CC(=O)O)ccc(OC)cc1
4-methoxy-benzoicacidmethylester,,,,,,,c1cc(ccc1OC)C(=O)OC
"4-methoxy-n,n-dimethylbenzenecarbothioamide",,,,,,,COc1ccc(cc1)C(=S)N(C)C
"4-methoxy-n,n-diphenylbenzamide",,,,,,,COc1ccc(cc1)C(=O)N(c1ccccc1)c1ccccc1
4-methoxyacetanilide,,,,,,,c1(ccc(cc1)NC(=O)C)OC
4-methoxyacetophenone,,,,,,,COc1ccc(cc1)C(=O)C
4-methoxyaniline_cation,,,,,,,COc1ccc([NH3])cc1
4-methoxybenzaldehyde,,,,,,,O=Cc1ccc(cc1)OC
4-methoxybenzeneacetonitrile,,,,,,,N#CCc1ccc(OC)cc1
4-methoxybenzenemethanamine,,,,,,,O(c1ccc(cc1)CN)C
4-methoxybenzoicacid_anion,,,,,,,c1cc(ccc1OC)C(=O)[O]
4-methoxybenzoicacid,,,,,,,c1cc(ccc1OC)C(=O)O
4-methoxybenzonitrile,,,,,,,N#Cc1ccc(OC)cc1
4-methoxyphenol_anion,,,,,,,c1cc(ccc1OC)[O]
4-methoxyphenol,,,,,,,c1(O)ccc(OC)cc1
"4-methoxyphenyl-1,1-dimethylurea",,,,,,,c1(ccc(cc1)NC(=O)N(C)C)OC
4-methoxypyrazole,,,,,,,[nH]1ncc(OC)c1
4-methoxypyridazine,,,,,,,n1ncc(OC)cc1
4-methoxypyridine1-oxide,,,,,,,COc1cc[n+](cc1)[O-]
4-methoxypyridine,,,,,,,n1ccc(OC)cc1
4-methoxypyridine_cation,,,,,,,COC1=C[CH]NC=C1
4-methoxypyrimidine,4-METHOXYPYRIMIDINE,BP-TZVP,006104-41-2,110.11,C5H6N2O,,n1cnc(OC)cc1
4-methoxyquinoline,,,,,,,n1ccc(OC)c2c1cccc2
4-methoxyquinoline_cation,,,,,,,C1=CC2=C(C=CN[C]2C=C1)OC
"4-methyl-1,1'-biphenyl",,,,,,,c1cc(ccc1C)c1ccccc1
"4-methyl-1,2-benzenediol",,,,,,,c1c(c(ccc1C)O)O
"4-methyl-1,2-benzenedithiol",,,,,,,Sc1c(S)cc(cc1)C
"4-methyl-1,2-dinitrobenzene",,,,,,,c1c(N(=O)=O)c(N(=O)=O)cc(C)c1
"4-methyl-1,3-benzenediamine",,,,,,,c1(N)cc(N)c(C)cc1
"4-methyl-1,3-benzenediol","4-methyl-1,3-benzenediol",BP-TZVP,000496-73-1,124.14,C7H8O2,,Oc1c(ccc(O)c1)C
"4-methyl-1,3-dioxane",,,,,,,O1CO[C@@H](C)CC1
"4-methyl-1,3-dioxolane",,,,,,,C[C@H]1COCO1
"4-methyl-1,3-pentadiene",,,,,,,C(=CC=C)(C)C
4-methyl-1-(1-methylethyl)-3-cyclohexen-1-ol,,,,,,,O[C@]1(CCC(=CC1)C)C(C)C
4-methyl-1-heptene,,,,,,,C=CC[C@H](C)CCC
4-methyl-1-hexene,,,,,,,C=CC[C@H](C)CC
4-methyl-1-octanol,4-METHYL-1-OCTANOL,BP-TZVP,038514-03-3,144.26,C9H20O,,CCCC[C@@H](C)CCCO
4-methyl-1-octyl-pyridinium_cation,,,,,,,[CH]1C=C(C=CN1CCCCCCCC)C
4-methyl-1-pentanol,,,,,,,OCCCC(C)C
4-methyl-1-penten-3-ol,,,,,,,C=C[C@@H](O)C(C)C
4-methyl-1-pentene,,,,,,,C=CCC(C)C
4-methyl-1-pentyne,,,,,,,C#CCC(C)C
4-methyl-1-phenyl-2-pentanone,,,,,,,CC(C)CC(=O)Cc1ccccc1
"4-methyl-1-[(1r,6s)-2,2,6-trimethylcyclohexyl]pentan-3-ol",,,,,,,[C@H]1([C@H](CCCC1(C)C)C)CC[C@@H](C(C)C)O
"4-methyl-1-[(1s,6r)-2,2,6-trimethylcyclohexyl]pentan-3-ol",,,,,,,[C@@H]1([C@@H](CCCC1(C)C)C)CC[C@H](C(C)C)O
4-methyl-2(1h)-pyridinone,,,,,,,O=c1[nH]ccc(c1)C
4-methyl-2(1h)-quinolinone,,,,,,,c12c(cccc2)[nH]c(=O)cc1C
"4-methyl-2,3-pentanedione",,,,,,,CC(C)C(=O)C(=O)C
"4-methyl-2,5-diisopropylphenol",,,,,,,c1(cc(c(cc1C)C(C)C)O)C(C)C
"4-methyl-2,6-dimethoxyphenol",,,,,,,COc1cc(C)cc(OC)c1O
4-methyl-2-hexanamine,,,,,,,N[C@@H](C)C[C@@H](C)CC
4-methyl-2-hexanone,,,,,,,O=C(C)C[C@@H](C)CC
4-methyl-2-methoxyphenol,,,,,,,O(c1c(O)ccc(C)c1)C
4-methyl-2-nitrophenol,,,,,,,O=N(=O)c1c(O)ccc(C)c1
4-methyl-2-pentanol,,,,,,,O[C@H](CC(C)C)C
4-methyl-2-pentanone,,,,,,,O=C(CC(C)C)C
4-methyl-2-penten-1-ol,,,,,,,OC/C=C/C(C)C
"4-methyl-2-pentyl-1,3-dioxolane",,,,,,,CCCCC[C@H]1OC[C@@H](C)O1
4-methyl-2-pentylacetate,,,,,,,O=C(O[C@@H](CC(C)C)C)C
4-methyl-2-pyridinamine,,,,,,,n1c(N)cc(cc1)C
4-methyl-2-pyrimidinamine,,,,,,,Cc1ccnc(N)n1
4-methyl-2-thiazolamine,"2-THIAZOLAMINE,4-METHYL-",BP-TZVP,001603-91-4,114.17,C4H6N2S,,s1cc(C)nc1N
"4-methyl-3,5-diisopropylphenol",,,,,,,c1(cc(cc(c1C)C(C)C)O)C(C)C
"4-methyl-3,6-dihydro-2h-pyran","4-METHYL-3,6-DIHYDRO-2H-PYRAN",BP-TZVP,016302-35-5,98.14,C6H10O,,O1CC=C(C)CC1
4-methyl-3-(1-methylethyl)-phenol,"Phenol,4-methyl-3-(1-methylethyl)-",BP-TZVP,004371-46-4,150.22,C10H14O,,c1cc(cc(c1C)C(C)C)O
4-methyl-3-heptanol,,,,,,,O[C@@H](CC)[C@@H](C)CCC
4-methyl-3-heptene,,,,,,,CC/C=C(\C)/CCC
4-methyl-3-penten-2-one,,,,,,,CC(=CC(=O)C)C
4-methyl-4-heptanol,,,,,,,OC(C)(CCC)CCC
4-methyl-5-thiazoleethanol,,,,,,,Cc1ncsc1CCO
4-methyl-5-vinylthiazole,,,,,,,Cc1ncsc1C=C
4-methyl-benzoicacidmethylester,,,,,,,c1cc(ccc1C)C(=O)OC
4-methyl-benzoicacid_anion,,,,,,,c1cc(ccc1C)C(=O)[O]
4-methyl-benzoicacid,4-METHYLBENZOICACID,BP-TZVP,000099-94-5,136.15,C8H8O2,,c1cc(ccc1C)C(=O)O
4-methyl-benzoicacid_cation,,,,,,,c1cc(ccc1C)[C](O)O
4-methyl-cyclohexane-methanol,,,,,,,[C@H]1(C)CC[C@@H](CO)CC1
4-methyl-n-(4-methylphenyl)sulfonyl-benzenesulfonamide_anion,,,,,,,Cc1ccc(S(=O)(=O)[N]S(=O)(=O)c2ccc(C)cc2)cc1
4-methyl-n-(4-methylphenyl)sulfonyl-benzenesulfonamide,,,,,,,Cc1ccc(S(=O)(=O)NS(=O)(=O)c2ccc(C)cc2)cc1
4-methyl-n-butylpyridinium_cation,,,,,,,C1(=C[CH]N(C=C1)CCCC)C
4-methyl-nonane,,,,,,,CCC[C@@H](C)CCCCC
4-methyl-pent-4-en-2-ol,,,,,,,O[C@@H](C)CC(=C)C
4-methyl-pentylamine,,,,,,,NCCCC(C)C
4-methyl-trans-2-pentene,,,,,,,CC(/C=C/C)C
4-methyl-trans-crotonicacidnitrile,,,,,,,N#C/C=C/COC
4-methylacetanilide,,,,,,,O=C(Nc1ccc(cc1)C)C
4-methylacetophenone,,,,,,,CC(=O)c1ccc(C)cc1
4-methylaminobenzoicacid_anion,,,,,,,c1cc(ccc1NC)C(=O)[O]
4-methylaminobenzoicacid,,,,,,,c1cc(ccc1NC)C(=O)O
4-methylaniline,,,,,,,c1(ccc(cc1)C)N
4-methylaniline_cation,,,,,,,c1(ccc(cc1)C)[NH3]
4-methylanisole,,,,,,,O(c1ccc(cc1)C)C
4-methylbenzaldehyde,,,,,,,c1cc(C)ccc1C=O
4-methylbenzamide,,,,,,,c1(ccc(cc1)C(=O)N)C
4-methylbenzeneacetaldehyde,4-methylbenzeneacetaldehyde,BP-TZVP,000104-09-6,134.18,C9H10O,,O=CCc1ccc(cc1)C
4-methylbenzeneethanamine,,,,,,,c1cc(C)ccc1CCN
4-methylbenzeneethanol,,,,,,,OCCc1ccc(cc1)C
4-methylbenzenemethanamine,,,,,,,NCc1ccc(cc1)C
4-methylbenzenemethanol,,,,,,,C(c1ccc(C)cc1)O
4-methylbenzenesulfonamide,,,,,,,c1(C)ccc(S(=O)(=O)N)cc1
4-methylbenzenesulfonicacid,4-METHYLBENZENESULFONICACID,BP-TZVP,000104-15-4,172.2,C7H8O3S,,Cc1ccc(S([O])([O])O)cc1
4-methylbenzonitrile,4-METHYLBENZONITRILE,BP-TZVP,000104-85-8,117.15,C8H7N,,N#Cc1ccc(cc1)C
4-methylbenzoylchloride,,,,,,,O=C(c1ccc(cc1)C)Cl
4-methylcyclohexanol,,,,,,,C1C[C@H](CC[C@H]1O)C
4-methylcyclohexanone,,,,,,,O=C1CCC(CC1)C
4-methylcyclohexene,,,,,,,C1=CCC[C@@H](C)C1
4-methylcyclopentene,,,,,,,C1=CC[C@@H](C)C1
4-methyldecane,,,,,,,CCCCCC[C@@H](C)CCC
4-methyldiadamantane,,,,,,,[C@@H]12C[C@@]3(C[C@@H]4[C@H]2C[C@@H]2C[C@H]1[C@H](C3)[C@H]4C2)C
4-methyldibenzothiophene,,,,,,,Cc1cccc2c3ccccc3sc12
4-methylene-2-oxetanone,,,,,,,C=C1CC(=O)O1
4-methylfurazanamine,,,,,,,Cc1nonc1N
4-methylheptane,,,,,,,CCCC(C)CCC
4-methylhexanoicacidethylester,,,,,,,O=C(CC[C@@H](CC)C)OCC
4-methyloctane,,,,,,,C([C@H](CCC)C)CCC
4-methyloxazol,,,,,,,Cc1cocn1
4-methylpentanitrile,,,,,,,N#CCCC(C)C
4-methylphenanthrene,,,,,,,c1cc2c(c(C)c1)c1c(cccc1)cc2
4-methylphenol_anion,,,,,,,c1(ccc(cc1)[O])C
4-methylphenol,,,,,,,c1(ccc(cc1)O)C
"4-methylphenyl-1,1-dimethylurea",,,,,,,c1(ccc(cc1)NC(=O)N(C)C)C
4-methylphenylisothiocyanate,,,,,,,c1cc(C)ccc1N=C=S
4-methylpiperidine,,,,,,,N1CCC(CC1)C
4-methylpyridazine,,,,,,,n1ncc(C)cc1
4-methylpyridine-1-oxide,,,,,,,Cc1cc[n+](cc1)[O-]
4-methylpyridine,,,,,,,c1(ccncc1)C
4-methylpyridine_cation,,,,,,,[CH]1C=C(C=CN1)C
4-methylpyrimidine,,,,,,,n1ccc(nc1)C
4-methylquinoline,,,,,,,n1c2c(c(cc1)C)cccc2
4-methylsalicylicacid,4-methylsalicylicacid,BP-TZVP,000050-85-1,152.15,C8H8O3,,Cc1ccc(C(=O)O)c(O)c1
4-methylsemicarbazide,,,,,,,CNC(=O)NN
4-methylstyrene,,,,,,,c1cc(ccc1C=C)C
4-methylthiazole,,,,,,,n1c(csc1)C
4-morpholinamine,4-MORPHOLINAMINE,BP-TZVP,004319-49-7,102.14,C4H10N2O,,N1(N)CCOCC1
4-morpholinepropanamine,,,,,,,O1CCN(CC1)CCCN
"4-n,n-diethylaminopyridine",,,,,,,CCN(CC)c1ccncc1
4-nh2-n-(5-me-124-oxadiazolyl)benzenesulfonamide,,,,,,,S(=O)(=O)(Nc1nc(on1)C)c1ccc(N)cc1
"4-nitro-1,3-benzenediol",,,,,,,c1c(N(=O)=O)c(O)cc(O)c1
4-nitro-2-toluidine,4-nitro-2-toluidine,BP-TZVP,000099-52-5,152.15,C7H8N2O2,,O=N(=O)c1ccc(N)c(C)c1
4-nitro-m-xylene,,,,,,,O=N(=O)c1c(cc(cc1)C)C
4-nitro-n-(4-nitrophenyl)-benzeneamine,,,,,,,N(c1ccc(N(=O)=O)cc1)c1ccc(N(=O)=O)cc1
4-nitro-n-(4-nitrophenyl)-n-phenylbenzeneamine,,,,,,,N(c1ccc(N(=O)=O)cc1)(c1ccc(N(=O)=O)cc1)c1ccccc1
4-nitro-n-phenyl-benzeneamine,,,,,,,c1ccccc1Nc1ccc(N(=O)=O)cc1
4-nitroacetanilide,,,,,,,CC(=O)Nc1ccc(cc1)N(=O)=O
4-nitroaniline_anion,,,,,,,c1cc(ccc1N(=O)=O)[NH]
4-nitroaniline_cation,,,,,,,c1(ccc(cc1)[NH3])N(=O)=O
4-nitrobenzaldehyde,4-nitrobenzaldehyde,BP-TZVP,000555-16-8,151.12,C7H5NO3,,O=Cc1ccc(N(=O)=O)cc1
4-nitrobenzamide,4-nitroBenzamide,BP-TZVP,000619-80-7,166.13,C7H6N2O3,,c1(ccc(cc1)C(=O)N)N(=O)=O
4-nitrobenzeneacetonitrile,,,,,,,O=N(=O)c1ccc(cc1)CC#N
4-nitrobenzenesulfonicacid_anion,,,,,,,O=N(=O)c1ccc(S([O])([O])[O])cc1
4-nitrobenzenesulfonicacid,,,,,,,O=N(=O)c1ccc(S([O])([O])O)cc1
4-nitrobenzoicacid_anion,,,,,,,c1cc(ccc1N(=O)=O)C(=O)[O]
4-nitrobenzoicacid,,,,,,,c1(ccc(cc1)C(=O)O)N(=O)=O
4-nitrobenzoylchloride,,,,,,,c1cc(ccc1N(=O)=O)C(=O)Cl
4-nitrocatechol,,,,,,,c1c(c(ccc1N(=O)=O)O)O
4-nitroimidazole,,,,,,,[nH]1cnc(N(=O)=O)c1
4-nitrophenol_anion,,,,,,,O=N(=O)[C]1C=CC(=O)C=C1
4-nitrophenol,,,,,,,c1(ccc(cc1)N(=O)=O)O
4-nitropyrazole,,,,,,,[nH]1ncc(N(=O)=O)c1
4-nitropyridine-1-oxide,,,,,,,O=N(=O)c1cc[n+]([O-])cc1
4-nitroso-1-naphthalenol,,,,,,,c12c(cccc1)c(ccc2[N][O])O
4-nitroso-morpholine,,,,,,,[O][N]N1CCOCC1
4-nitrosobenzenamine,,,,,,,Nc1ccc([N][O])cc1
4-nitrosophenol,,,,,,,[O][N]c1ccc(O)cc1
4-nitrothiophenol_anion,,,,,,,c1cc(ccc1N(=O)=O)[S]
4-nitrothiophenol,,,,,,,c1cc(ccc1N(=O)=O)S
4-nonanone,,,,,,,CCCC(=O)CCCCC
4-nonanoylmorpholine,,,,,,,CCCCCCCCC(=O)N1CCOCC1
4-nonyne,,,,,,,C(#CCCCC)CCC
4-octadecanoylmorpholine,,,,,,,CCCCCCCCCCCCCCCCCC(=O)N1CCOCC1
4-octanone,,,,,,,CCCC(=O)CCCC
4-octanoylmorpholine,,,,,,,CCCCCCCC(=O)N1CCOCC1
4-octyne,,,,,,,C(#CCCC)CCC
4-oh-4-me-2-pentanone,,,,,,,C(C(O)(C)C)C(=O)C
4-oh-benzoicacid_anion,,,,,,,c1cc(ccc1[O])C(=O)O
4-oh-benzoicacid,,,,,,,c1cc(ccc1O)C(=O)O
4-oxo-2-pentenal,4-oxo-2-pentenal,BP-TZVP,005729-47-5,98.1,C5H6O2,,CC(=O)/C=C/C=O
4-oxo-pent-2-enoicacid,,,,,,,O=C(/C=C/C(=O)C)O
4-oxo-pentanoicacid,,,,,,,OC(=O)CCC(=O)C
4-oxopentanoicacidmethylester,,,,,,,CC(=O)CCC(=O)OC
4-pentadecanoylmorpholine,,,,,,,CCCCCCCCCCCCCCC(=O)N1CCOCC1
4-pentanoylmorpholine,,,,,,,CCCCC(=O)N1CCOCC1
4-penten-1-ol,,,,,,,OCCCC=C
4-penten-2-ol,,,,,,,O[C@@H](CC=C)C
4-pentenal,4-pentenal,BP-TZVP,002100-17-6,84.12,C5H8O,,O=CCCC=C
4-pentenenitrile,,,,,,,N#CCCC=C
4-pentenoicacid,,,,,,,O=C(O)CCC=C
4-pentenyl-isothiocyanate,,,,,,,C=CCCCN=C=S
4-pentenylbenzene,,,,,,,c1ccc(CCCC=C)cc1
4-pentyn-1-ol,pent-4-yn-1-ol,BP-TZVP,005390-04-5,84.12,C5H8O,,OCCCC#C
4-pentynoicacid,,,,,,,OC(=O)CCC#C
4-phenoxyphenylurea,,,,,,,c1(ccc(cc1)NC(=O)N)Oc1ccccc1
"4-phenyl-1,3-dioxane",,,,,,,O1[C@@H](c2ccccc2)CCOC1
4-phenyl-2-butanol,,,,,,,C[C@@H](O)CCc1ccccc1
4-phenyl-2-butanone,,,,,,,O=C(CCc1ccccc1)C
4-phenyl-3-butenoicacid,,,,,,,c1ccc(/C=C/CC(=O)O)cc1
4-phenylbenzoicacid_anion,,,,,,,c1cc(ccc1c1ccccc1)C(=O)[O]
4-phenylbenzoicacid,,,,,,,c1cc(ccc1c1ccccc1)C(=O)O
4-phenylbutyricacid,,,,,,,O=C(O)CCCc1ccccc1
4-phenylpiperidine,,,,,,,N1CCC(c2ccccc2)CC1
4-phenylpyridine-1-oxide,,,,,,,[O-][n+]1ccc(cc1)c1ccccc1
4-phenylpyridine,4-phenylpyridine,BP-TZVP,000939-23-1,155.2,C11H9N,,n1ccc(cc1)c1ccccc1
4-phenylpyrimidine,4-phenylpyrimidine,BP-TZVP,003438-48-0,156.18,C10H8N2,,n1cnccc1c1ccccc1
4-phenylquinuclidine,,,,,,,C1C[C@]2(CC[N@@]1CC2)c1ccccc1
4-piperidineethanol,,,,,,,OCCC1CCNCC1
4-piperidinemethanamine,,,,,,,N1CCC(CC1)CN
4-piperidinopyridine,,,,,,,C1CCN(CC1)c1ccncc1
4-propionylmorpholine,,,,,,,CCC(=O)N1CCOCC1
"4-propyl-2,6-dimethoxyphenol",,,,,,,CCCc1cc(OC)c(O)c(OC)c1
4-propylbenzenamine,,,,,,,Nc1ccc(cc1)CCC
4-propylbenzoicacid_anion,,,,,,,c1cc(ccc1CCC)C(=O)[O]
4-propylbenzoicacid,,,,,,,c1cc(ccc1CCC)C(=O)O
4-propylphenol,,,,,,,c1c(ccc(c1)O)CCC
4-propylpyridine,,,,,,,n1ccc(cc1)CCC
4-pyridazinamine,,,,,,,n1ncc(N)cc1
4-pyridazinecarbonitrile,,,,,,,n1ncc(C#N)cc1
4-pyridinamine_anion,,,,,,,c1c(ccnc1)[NH]
4-pyridinamine,4-Pyridinamine,BP-TZVP,000504-24-5,94.12,C5H6N2,,c1c(ccnc1)N
4-pyridinamine_cation1,,,,,,,C1=C(C=CN[CH]1)N
4-pyridinamine_cation2,,,,,,,c1c(ccnc1)[NH3]
4-pyridinecarbonitrile,,,,,,,N#Cc1ccncc1
4-pyridinecarbonitrile_cation,,,,,,,N#CC1=C[CH]NC=C1
4-pyridinecarboxaldehyde,,,,,,,O=Cc1ccncc1
4-pyridinecarboxamide,,,,,,,NC(=O)c1ccncc1
4-pyridinemethanol,,,,,,,n1ccc(cc1)CO
4-pyridinepropanol,,,,,,,n1ccc(cc1)CCCO
4-pyridinol,,,,,,,c1cc(ccn1)O
4-pyrimidinecarbonitrile,,,,,,,n1cnc(C#N)cc1
4-pyrimidone,,,,,,,O=c1[nH]cncc1
4-pyrrolidinopyridine,,,,,,,C1CCN(c2ccncc2)C1
4-quaterphenyl,,,,,,,c1ccccc1c1ccc(cc1)c1ccc(cc1)c1ccccc1
4-quinolinol,4-Quinolinol,BP-TZVP,000611-36-9,145.16,C9H7NO,,c12c(cccc1)nccc2O
4-sulfamoylbenzoicacid_anion,,,,,,,c1cc(ccc1S(=O)(=O)N)C(=O)[O]
4-sulfamoylbenzoicacid,,,,,,,c1cc(ccc1S(=O)(=O)N)C(=O)O
4-tert-butylaniline,,,,,,,C(c1ccc(N)cc1)(C)(C)C
4-tetradecanoylmorpholine,,,,,,,CCCCCCCCCCCCCC(=O)N1CCOCC1
4-thiazolecarbonitrile,,,,,,,n1c(csc1)C#N
4-thiazolidinecarboxylicacid,,,,,,,O=C(O)[C@H]1NCSC1
4-thiouracil,4-Thiouracil,BP-TZVP,000591-28-6,128.15,C4H4N2OS,,c1(=S)[nH]c(=O)[nH]cc1
4-tridecanoylmorpholine,,,,,,,CCCCCCCCCCCCC(=O)N1CCOCC1
4-trifluoromethylbenzoicacid_anion,,,,,,,c1cc(ccc1C(F)(F)F)C(=O)[O]
4-trifluoromethylbenzoicacid,,,,,,,c1cc(ccc1C(F)(F)F)C(=O)O
4-undecanoylmorpholine,,,,,,,CCCCCCCCCCC(=O)N1CCOCC1
4-vinylaniline,,,,,,,Nc1ccc(cc1)C=C
4-vinylcyclohexene,,,,,,,C1CC=CC[C@@H]1C=C
4-vinylpyridine,,,,,,,n1ccc(cc1)C=C
4-[(tetrahydro-2-furanyl)oxy]-1-butanol,4-[(TETRAHYDRO-2-FURANYL)OXY]-1-BUTANOL,BP-TZVP,064001-06-5,160.21,C8H16O3,,C1O[C@@H](OCCCCO)CC1
4-[2-(2-aminoethoxy)ethyl]morpholine,4-[2-(2-AMINOETHOXY)ETHYL]MORPHOLINE,BP-TZVP,020207-13-0,174.24,C8H18N2O2,,N1(CCOCCN)CCOCC1
4-[2-(methylamino)propyl]-phenol,,,,,,,c1(C[C@H](NC)C)ccc(cc1)O
4009-06-7_anion,,,,,,,O=N(=O)c1ccc(S(=O)(=O)[N]S(=O)(=O)c2ccc(N(=O)=O)cc2)cc1
4009-06-7,,,,,,,O=N(=O)c1ccc(S(=O)(=O)NS(=O)(=O)c2ccc(N(=O)=O)cc2)cc1
417706-55-9,,,,,,,COc1ccc([N][P]([N][P](N2CCCC2)(N2CCCC2)N2CCCC2)(N2CCCC2)N2CCCC2)cc1
417706-55-9_cation,,,,,,,c1c(ccc(c1)N[P](N1CCCC1)([N][P](N1CCCC1)(N1CCCC1)N1CCCC1)N1CCCC1)OC
417706-56-0,,,,,,,c1ccc([N][P]([N][P](N2CCCC2)(N2CCCC2)N2CCCC2)(N2CCCC2)N2CCCC2)cc1
417706-56-0_cation,,,,,,,c1cccc(c1)N[P](N1CCCC1)([N][P](N1CCCC1)(N1CCCC1)N1CCCC1)N1CCCC1
417706-58-2,,,,,,,Clc1ccccc1[N][P]([N][P](N1CCCC1)(N1CCCC1)N1CCCC1)(N1CCCC1)N1CCCC1
417706-58-2_cation,,,,,,,C1N(CCC1)[P](N1CCCC1)(Nc1c(cccc1)Cl)[N][P](N1CCCC1)(N1CCCC1)N1CCCC1
417706-59-3,,,,,,,FC(F)(F)c1ccc([N][P](N2CCCC2)(N2CCCC2)N2CCCC2)cc1
417706-59-3_cation,,,,,,,C1N(CCC1)[P](N1CCCC1)(Nc1ccc(cc1)C(F)(F)F)N1CCCC1
417706-60-6,,,,,,,O=N(=O)c1ccc(Cl)cc1[N][P](N1CCCC1)(N1CCCC1)N1CCCC1
417706-60-6_cation,,,,,,,O=N(=O)c1ccc(Cl)cc1N[P](N1CCCC1)(N1CCCC1)N1CCCC1
42254-09-1_anion,,,,,,,N#C[C](c1c(F)c(F)cc(F)c1F)c1c(F)c(F)c(F)c(F)c1F
42254-09-1,,,,,,,N#C[C@@H](c1c(F)c(F)cc(F)c1F)c1c(F)c(F)c(F)c(F)c1F
4543-96-8,,,,,,,CNCCCN(C)C
4543-96-8_cation,,,,,,,CNCCC[NH](C)C
49778-01-0,,,,,,,CN(C)[P]([NH])(N(C)C)N(C)C
49778-01-0_cation,,,,,,,CN(C)[P](N)(N(C)C)N(C)C
49778-04-3,,,,,,,C[N][P](N(C)C)(N(C)C)N(C)C
49778-04-3_cation,,,,,,,CN[P](N(C)C)(N(C)C)N(C)C
4e-5-chloro-4-pentenoic_acid_anion,,,,,,,C(CC(=O)[O])/C=C/Cl
4e-5-chloro-4-pentenoic_acid,,,,,,,C(CC(=O)O)/C=C/Cl
4h-1-benzopyran-4-one,,,,,,,c1(=O)c2c(occ1)cccc2
4h-5-(5-oh-3-me)-1-naphthalenecarboxaldehyde,,,,,,,OC/C=C(\C)/CC[C@@H]1C(=C)CC[C@@H]2[C@@](C)(C=O)CCC[C@]12C
4h-5-(5-oh-3-me-3-pn)-1-naphthalenemethanol,,,,,,,C1C[C@H]2[C@@](CO)(C)CCC[C@]2(C)[C@H](CC/C(=C/CO)/C)C1=C
4h-pyran-4-one,,,,,,,o1ccc(=O)cc1
4h-pyran,,,,,,,C1C=COC=C1
4z-5-chloro-4-pentenoicacid_anion,,,,,,,C(CC(=O)[O])/C=C\Cl
4z-5-chloro-4-pentenoicacid,,,,,,,C(CC(=O)O)/C=C\Cl
"5,10,15,20-tetra(4-methylphenyl)porphine",,,,,,,C1=CC2=N/C/1=C(\c1ccc(/C(=C/3\N=C(/C(=c/4\[nH]/c(=C\2/c2ccc(cc2)C)/cc4)/c2ccc(cc2)C)C=C3)/c2ccc(cc2)C)[nH]1)/c1ccc(cc1)C
"5,10,15,20-tetrakis(4-meoph)21h,23h-porphine",,,,,,,C12=N/C(=C(\c3ccc([nH]3)/C(=C\3/C=CC(=N3)/C(=c\3/cc/c(=C/2\c2ccc(cc2)OC)/[nH]3)/c2ccc(cc2)OC)/c2ccc(cc2)OC)/c2ccc(cc2)OC)/C=C1
"5,12-dihydronaphthacene",,,,,,,c1cccc2c1cc1c(c2)Cc2c(C1)cccc2
"5,12-naphthacenedione",,,,,,,C1(=O)c2c(C(=O)c3c1cccc3)cc1c(c2)cccc1
"5,5',7,7'-tetrabromoindigo",,,,,,,C\1(=C/2\Nc3c(C2=O)cc(Br)cc3Br)/Nc2c(C1=O)cc(Br)cc2Br
"5,5,5-trifluoro-1-pentanol",,,,,,,C(F)(F)(F)CCCCO
"5,5,5-trifluoropentan-2-amine",,,,,,,C[C@@H](CCC(F)(F)F)N
"5,5-dibromo-barbituricacid",,,,,,,O=C1NC(=O)C(C(=O)N1)(Br)Br
"5,5-dibromobarbituricacid_anion",,,,,,,O=C1NC(=O)C(C(=O)[N]1)(Br)Br
"5,5-dichlorobarbituricacid_anion",,,,,,,O=C1NC(=O)C(C(=O)[N]1)(Cl)Cl
"5,5-dichlorobarbituricacid",,,,,,,O=C1NC(=O)C(C(=O)N1)(Cl)Cl
"5,5-diethylbarbituricacid_anion",,,,,,,O=C1[N]C(=O)NC(=O)C1(CC)CC
"5,5-diethylbarbituricacid",,,,,,,O=C1NC(=O)NC(=O)C1(CC)CC
"5,5-dimethyl-1,3,2-dioxaphosphinane2-oxide",,,,,,,CC1(C)COP(=O)OC1
"5,5-dimethyl-1,3,4-oxadiazol-2(5h)-one",,,,,,,O1C(N=NC1=O)(C)C
"5,5-dimethyl-1,3-cyclohexanedione",,,,,,,C1(=O)CC(=O)CC(C1)(C)C
"5,5-dimethyl-1-hexene",,,,,,,C=C(CCC)CCC
"5,5-dimethyl-2-(methylthio)-1,3,2-dioxaphosphinane2-oxide",,,,,,,CC1(C)COP(=O)(SC)OC1
"5,5-dimethyl-2-(trichloromethyl)-1,3,2-dioxaphosphinane2-oxide",,,,,,,CC1(C)COP(=O)(OC1)C(Cl)(Cl)Cl
"5,5-dimethyl-2-phenoxy-1,3,2-dioxaphosphinane2-oxide",,,,,,,CC1(C)COP(=O)(OC1)Oc1ccccc1
"5,5-dimethyl-2-phenyl-1,3,2-dioxaphosphinane2-oxide",,,,,,,CC1(C)COP(=O)(OC1)c1ccccc1
"5,5-dimethyl-2-phenyl-1,3-dioxane",,,,,,,C1(COC(OC1)c1ccccc1)(C)C
"5,5-dimethyl-2-trityl-1,3,2-dioxaphosphinane2-oxide",,,,,,,CC1(C)COP(=O)(OC1)C(c1ccccc1)(c1ccccc1)c1ccccc1
"5,5-dimethylbarbituricacid_anion",,,,,,,C1(=O)[N]C(=O)C(C(=O)N1)(C)C
"5,5-dimethylhydrantoin","2,4-IMIDAZOLIDINEDIONE,5,5-DIMETHYL-",BP-TZVP,000077-71-4,128.13,C5H8N2O2,,O=C1NC(C(=O)N1)(C)C
"5,5-dimethyloxazolidine-2,4-dione_anion",,,,,,,O=C1OC(C(=O)[N]1)(C)C
"5,5-dimethyloxazolidine-2,4-dione",,,,,,,O=C1OC(C(=O)N1)(C)C
"5,5-diphenylhydantoin",,,,,,,O=C1NC(=O)C(N1)(c1ccccc1)c1ccccc1
"5,5-methylphenylbarbituricacid_anion",,,,,,,C[C@]1(C(=O)NC(=O)[N]C1=O)c1ccccc1
"5,5-methylphenylbarbituricacid",,,,,,,CC1(C(=O)NC(=O)NC1=O)c1ccccc1
"5,6,11,12-tetraphenylnaphthacene",,,,,,,c1(c2c(c(c3c1cccc3)c1ccccc1)c(c1c(c2c2ccccc2)cccc1)c1ccccc1)c1ccccc1
"5,6,7,8-tetrahydro-1-naphthalenamine",,,,,,,c1cc(N)c2CCCCc2c1
"5,6,7,8-tetrahydro-1-naphthalenol",,,,,,,c1c(O)c2CCCCc2cc1
"5,6,7,8-tetrahydro-2-naphthalenol",,,,,,,Oc1cc2CCCCc2cc1
"5,6,7,8-tetrahydroquinoxaline",,,,,,,C1CCc2nccnc2C1
"5,6-diazaphenanthrene",,,,,,,n1nc2c(c3c1cccc3)cccc2
"5,6-dibutyl-5,6-bis(4-tert-butylphenyl)decane",,,,,,,c1cc(ccc1C(C(CCCC)(c1ccc(cc1)C(C)(C)C)CCCC)(CCCC)CCCC)C(C)(C)C
"5,6-dimethylbenzimidazole",,,,,,,c1(C)cc2[nH]cnc2cc1C
"5,7-dichloro-8-quinolinol","5,7-DICHLORO-8-QUINOLINOL",BP-TZVP,000773-76-2,214.05,C9H5Cl2NO,,c12c(c(cc(c1cccn2)Cl)Cl)O
"5,7-dihydro-2-methylthieno(3,4-d)pyrimidine",,,,,,,Cc1ncc2CSCc2n1
"5,8-dichloroquinoline",,,,,,,c12c(nccc2)c(ccc1Cl)Cl
"5,8-dimethylquinoline",,,,,,,n1cccc2c1c(ccc2C)C
"5-(3-fluorophenyl)-3,4-dihydro-2h-pyrrole",,,,,,,Fc1cc([C]2[N]CCC2)ccc1
5-(methylthio)-valeronitrile,,,,,,,C(#N)CCCCSC
5-(methylthio)pentyl-isothiocyanate,,,,,,,CSCCCCCN=C=S
"5-(n,n-dimethylamino)pyrimidine",,,,,,,CN(C)c1cncnc1
5-6-dimethylchrysene,,,,,,,c12c(ccc3c1c(c(c1c3cccc1)C)C)cccc2
5-alpha-androstan-17-one,,,,,,,C[C@@]12CCCC[C@H]1CC[C@H]1[C@H]3CCC(=O)[C@]3(C)CC[C@H]21
"5-amino-2,4(1h,3h)-pyrimidinedione",,,,,,,c1(c[nH]c(=O)[nH]c1=O)N
5-amino-2-hydroxybenzoicacid,,,,,,,O=C(O)c1c(O)ccc(N)c1
5-amino-2-methyl-2h-tetrazole,5-Amino-2-methyl-2H-tetrazole,BP-TZVP,006154-04-7,99.09,C2H5N5,,Nc1nn(C)nn1
"5-amino-3,4-dimethylisoxazole",,,,,,,c1(c(c(on1)N)C)C
5-aminopentan-1-ol,,,,,,,NCCCCCO
5-aminovalericacid,,,,,,,O=C([O])CCCC[NH3]
"5-azadibenzo(a,e)cycloheptatriene",,,,,,,N1c2c(C=Cc3c1cccc3)cccc2
5-azaindole,,,,,,,[nH]1ccc2c1ccnc2
5-azauracil,,,,,,,c1nc(=O)[nH]c(=O)[nH]1
5-bromo-1-methyl-1h-imidazole,,,,,,,Cn1cncc1Br
5-bromo-1-pentene,,,,,,,BrCCCC=C
5-bromomyosmine,,,,,,,Brc1cc([C]2[N]CCC2)cnc1
5-bromopyrimidine,,,,,,,Brc1cncnc1
5-bromouracil,,,,,,,[nH]1c(=O)[nH]c(=O)c(c1)Br
"5-chloro-1,3-cyclopentadiene","5-CHLORO-1,3-CYCLOPENTADIENE",BP-TZVP,041851-50-7,100.55,C5H5Cl,,Cl[C@H]1C=CC=C1
"5-chloro-1,3-dimethyl-1h-pyrazole",,,,,,,n1(C)nc(C)cc1Cl
5-chloro-1-pentene,,,,,,,ClCCCC=C
5-chloro-2-hydroxybenzaldehyde,,,,,,,O=Cc1c(O)ccc(Cl)c1
5-chloro-2-pyridinamine,,,,,,,Nc1ccc(Cl)cn1
5-chloro-beznofurazanoxide,,,,,,,C1=C2C(=NON2[O])[CH]C(=C1)Cl
5-chloro-o-toluidine,,,,,,,Nc1c(ccc(Cl)c1)C
5-chloropentanenitrile,,,,,,,ClCCCCC#N
5-chloropentanoicacid,,,,,,,OC(=O)CCCCCl
5-cyclopropyltetrazole_anion,,,,,,,C1CC1C1=NN=N[N]1
5-cyclopropyltetrazole,,,,,,,C1CC1c1n[nH]nn1
5-decyne,5-decyne,BP-TZVP,001942-46-7,138.25,C10H18,,C(#CCCCC)CCCC
"5-ethyl-2,3-dimethylpyrazine",,,,,,,CCc1cnc(C)c(C)n1
5-ethyl-2-hydroxy-3-methylcyclopent-2-en-1-one,,,,,,,CC[C@H]1CC(=C(O)C1=O)C
5-ethyl-3-hydroxy-4-methyl-2(5h)-furanone,,,,,,,CC[C@H]1OC(=O)C(=C1C)O
5-ethyl-5-(2-pentyl)barbital,,,,,,,O=C1NC(=O)NC(=O)C1(CC)[C@@H](C)CCC
5-ethyldihydro-2(3h)-furanone,,,,,,,O=C1O[C@@H](CC1)CC
5-ethylidene-2-norbornene,,,,,,,C\1(=C\C)/[C@H]2C=C[C@@H](C1)C2
"5-fluoro-1,3-oxazole",,,,,,,c1c(ocn1)F
5-fluoro-2-nitrophenol,,,,,,,c1(F)ccc(N(=O)=O)c(O)c1
5-fluoropentan-1-amine,,,,,,,C(CCN)CCF
5-fluoropyrimidine,"pyrimidine,5-fluoro-",BP-TZVP,000675-21-8,98.08,C4H3FN2,,n1cncc(F)c1
5-fluorouracil_anion,,,,,,,C1=C(C(=O)[N]C(=O)N1)F
5-fluorouracil,,,,,,,[nH]1c(=O)[nH]c(=O)c(F)c1
5-hexen-2-ol,,,,,,,O[C@@H](C)CCC=C
5-hexen-2-one,,,,,,,O=C(CCC=C)C
5-hexenoicacid,5-HEXENOICACID,BP-TZVP,001577-22-6,114.14,C6H10O2,,C=CCCCC(=O)O
5-hexenol,,,,,,,OCCCCC=C
5-hexenyl-isothiocyanate,,,,,,,C=CCCCCN=C=S
5-hydroxy-2-(hydroxymethyl)-4h-pyran-4-one,,,,,,,o1c(CO)cc(=O)c(O)c1
5-hydroxy-4-octanone,,,,,,,CCC[C@@H](O)C(=O)CCC
5-hydroxyisoquinoline,,,,,,,Oc1cccc2cnccc12
5-hydroxytetrazole_anion,,,,,,,C1(=O)[N]N=NN1
5-hydroxytetrazole,,,,,,,c1(=O)[nH]nn[nH]1
5-indanamine,,,,,,,c12CCCc1cc(N)cc2
5-indanol,,,,,,,c1(ccc2c(c1)CCC2)O
5-iodo-2-hydroxybenzoicacid_anion,,,,,,,c1(cc(c(cc1)O)C(=O)[O])I
5-iodo-2-hydroxybenzoicacid,,,,,,,c1(cc(c(cc1)O)C(=O)O)I
5-iodocytosine,,,,,,,IC1=C(N)N=[C](=N[CH]1)O
5-isopropenyl-2-methyl-2-vinyltetrahydrofuran,,,,,,,CC(=C)[C@H]1CC[C@@](C)(O1)C=C
5-isoquinolinamine,,,,,,,n1ccc2c(cccc2c1)N
5-methoxybenzofurazan-1-oxide,,,,,,,COC1=CC2=NON([C]2C=C1)[O]
5-methoxybenzofurazan,,,,,,,O(C)c1cc2c(cc1)non2
5-methoxypyrimidine,,,,,,,n1cncc(OC)c1
"5-methyl-1,2,3-thiadiazole",,,,,,,s1nncc1C
5-methyl-1-heptene,,,,,,,C=CCC[C@@H](C)CC
5-methyl-1-hexene,,,,,,,C=CCCC(C)C
5-methyl-1-hexyne,,,,,,,C#CCCC(C)C
5-methyl-1h-tetrazole,,,,,,,n1nnc([nH]1)C
5-methyl-2(3h)-furanone,,,,,,,O=C1OC(=CC1)C
5-methyl-2(5h)-furanone,,,,,,,O=C1C=C[C@@H](C)O1
"5-methyl-2,3-hexanedione",,,,,,,CC(C)CC(=O)C(=O)C
5-methyl-2-(1-methylethenyl)-cyclohexanol,,,,,,,O[C@H]1[C@@H](C(=C)C)CC[C@@H](C)C1
5-methyl-2-chlorophenol,2-chloro-5-methylphenol,BP-TZVP,000615-74-7,142.58,C7H7ClO,,Oc1c(ccc(C)c1)Cl
5-methyl-2-furancarboxylicacid,5-methyl-2-furancarboxylicacid,BP-TZVP,001917-15-3,126.11,C6H6O3,,O=C(c1ccc(o1)C)O
5-methyl-2-hexanol,,,,,,,C[C@@H](O)CCC(C)C
5-methyl-2-hexanoneoxime,,,,,,,N(=C(\CCC(C)C)/C)/O
5-methyl-2-hexanone,,,,,,,CC(=O)CCC(C)C
5-methyl-2-hexyne,,,,,,,C(#CCC(C)C)C
5-methyl-2-nitrophenol,,,,,,,Cc1ccc(N(=O)=O)c(O)c1
5-methyl-2-pyrrolidinone,,,,,,,O=C1CC[C@@H](C)N1
5-methyl-2-thiophenecarboxaldehyde,,,,,,,Cc1sc(C=O)cc1
"5-methyl-3,4-dihydro-2h-pyrrole",,,,,,,C[C]1[N]CCC1
5-methyl-3-heptanone,,,,,,,O=C(CC)C[C@H](CC)C
5-methyl-3-hexanone,,,,,,,O=C(CC)CC(C)C
5-methyl-3-isoxazolamine,,,,,,,c1(N)cc(on1)C
5-methyl-4-hepten-3-one,,,,,,,O=C(CC)/C=C(\C)/CC
5-methyl-4h-thiopyran-4-one,,,,,,,O=C1CCSCC1
5-methyl-5-cyclohexylbarbituricacid,,,,,,,N1C(=O)C(C(=O)NC1=O)CC1=CCCCC1
5-methyl-5-hexen-2-one,,,,,,,O=C(CCC(=C)C)C
5-methyl-nonane,,,,,,,CCCCC(C)CCCC
5-methyl1-hexanol,5-METHYL1-HEXANOL,BP-TZVP,000627-98-5,116.2,C7H16O,,OCCCCC(C)C
5-methylcytosine,,,,,,,c1c(C)c(N)nc(=O)[nH]1
5-methylene-2(5h)-furanone,"2(5h)-furanone,5-methylene-",BP-TZVP,000108-28-1,96.08,C5H4O2,,C=C1C=CC(=O)O1
5-methylfurfural,5-METHYLFURFURAL,BP-TZVP,000620-02-0,110.11,C6H6O2,,O=Cc1oc(cc1)C
5-methylfurfuryl-alcohol,,,,,,,Cc1oc(CO)cc1
5-methylhexanoicacid,5-methylhexanoicacid,BP-TZVP,000628-46-6,130.19,C7H14O2,,CC(C)CCCC(=O)O
5-methylisoxazole,"isoxazole,5-methyl-",BP-TZVP,005765-44-6,83.09,C4H5NO,,o1nccc1C
5-methylpyrimidine,"pyrimidine,5-methyl-",BP-TZVP,002036-41-1,94.12,C5H6N2,,n1cc(cnc1)C
5-methylquinoxaline,,,,,,,Cc1cccc2nccnc12
5-methylsalicylicacid,,,,,,,Cc1ccc(O)c(c1)C(=O)O
5-methyltetrazole_anion,,,,,,,CC1=NN=N[N]1
5-nitro-1h-benzimidazole,,,,,,,O=N(=O)c1ccc2[nH]cnc2c1
5-nitro-1h-benzimidazole_cation,,,,,,,c12ccc(N(=O)=O)cc2N[CH]N1
"5-nitro-2-acetoxy-2,5-dihydrofurfuraldiacetate",,,,,,,C1=C[C@@H](O[C@]1(OC(=O)C)C(OC(=O)C)OC(=O)C)N(=O)=O
5-nitro-2-furancarboxaldehyde,,,,,,,O=N(=O)c1oc(cc1)C=O
5-nitro-2-furancarboxylicacidmethylester,,,,,,,c1c(C(=O)OC)oc(c1)N(=O)=O
5-nitro-2-furoicacid,,,,,,,OC(=O)c1ccc(o1)N(=O)=O
5-nitro-2-pyridinamine,5-nitro-2-pyridinamine,BP-TZVP,004214-76-0,139.11,C5H5N3O2,,O=N(=O)c1ccc(nc1)N
5-nitro-2-thiazolamine,,,,,,,O=N(=O)c1sc(N)nc1
5-nitro-2-toluidine,5-nitro-2-toluidine,BP-TZVP,000099-55-8,152.15,C7H8N2O2,,O=N(=O)c1ccc(c(N)c1)C
5-nitrobenzotriazole,,,,,,,O=N(=O)c1ccc2[nH]nnc2c1
5-nitrouracil_anion,,,,,,,C1=C(C(=O)[N]C(=O)N1)N(=O)=O
5-nitrouracil,,,,,,,c1c(c(=O)[nH]c(=O)[nH]1)N(=O)=O
"5-no2-2-aco-2,5-h-2-furancarboxmethylester",,,,,,,C1=C[C@@H](O[C@]1(OC(=O)C)C(=O)OC)N(=O)=O
5-nonanol,5-nonanol,BP-TZVP,000623-93-8,144.26,C9H20O,,CCCCC(O)CCCC
5-nonanone,,,,,,,O=C(CCCC)CCCC
5-norbornen-2-ol,,,,,,,O[C@H]1C[C@H]2C[C@@H]1C=C2
5-norbornene-2-carbonitrile,,,,,,,C1[C@H]2C[C@@H]([C@@H]1C=C2)C#N
5-o-tolyl-2-pentene,,,,,,,c1(CC/C=C/C)ccccc1C
5-oxodecanoic-acid,,,,,,,CCCCCC(=O)CCCC(=O)O
5-oxohexanoicacid,,,,,,,O=C(O)CCCC(=O)C
5-oxooctanoic-acid,,,,,,,CCCC(=O)CCCC(=O)O
5-oxoproline,,,,,,,[C@@H]1(NC(=O)CC1)C(=O)O
5-phenoxytetrazole_anion,,,,,,,c1ccc(cc1)O[C]1=NN=NN=1
5-phenoxytetrazole,,,,,,,c1ccc(cc1)Oc1[nH]nnn1
"5-phenyl-3,4-dihydro-2h-pyrrole",,,,,,,C1C[N][C](c2ccccc2)C1
"5-phenyl-3h-1,2-dithiole-3-thione",,,,,,,S=c1cc(ss1)c1ccccc1
5-phenylpentanol,,,,,,,OCCCCCc1ccccc1
5-phenyltetrazole_anion,,,,,,,N1=N[N]C(=N1)c1ccccc1
5-phenyltetrazole,"1H-Tetrazole,5-phenyl-",BP-TZVP,018039-42-4,146.15,C7H6N4,,n1nc([nH]n1)c1ccccc1
5-pyrimidinecarbonitrile,5-PYRIMIDINECARBONITRILE,BP-TZVP,040805-79-6,105.1,C5H3N3,,N#Cc1cncnc1
5-quinolinamine,,,,,,,c1(N)c2c(ccc1)nccc2
5-quinolinol,,,,,,,c1cc2ncccc2c(O)c1
5-undecyne,,,,,,,C(#CCCCCC)CCCC
"5-[3-(trifluoromethyl]-3,4-dihydro-2h-pyrrole",,,,,,,FC(F)(F)c1cc([C]2[N]CCC2)ccc1
500721-87-9_anion,,,,,,,c1c(ccc(c1)/C(=N/S(=O)(=O)C(F)(F)F)/[N]S(=O)(=O)C(F)(F)F)OC
500721-87-9,,,,,,,COc1ccc(/C(=N/S(=O)(=O)C(F)(F)F)/NS(=O)(=O)C(F)(F)F)cc1
500721-89-1_anion,,,,,,,c1c(ccc(c1)/C(=N/S(=O)(=O)C(F)(F)F)/[N]S(=O)(=O)C(F)(F)F)C
500721-89-1,,,,,,,Cc1ccc([C]([N]S(=O)(=O)C(F)(F)F)NS(=O)(=O)C(F)(F)F)cc1
500721-91-5_anion,,,,,,,O=S(=O)([N]/C(=N\S(=O)(=O)C(F)(F)F)/c1ccccc1)C(F)(F)F
500721-91-5,,,,,,,O=S(=O)(/N=C(/NS(=O)(=O)C(F)(F)F)\c1ccccc1)C(F)(F)F
500721-93-7_anion,,,,,,,c1c(ccc(c1)F)/C(=N/S(=O)(=O)C(F)(F)F)/[N]S(=O)(=O)C(F)(F)F
500721-93-7,,,,,,,O=S(=O)(/N=C(/NS(=O)(=O)C(F)(F)F)\c1ccc(F)cc1)C(F)(F)F
500721-95-9_anion,,,,,,,O=S(=O)([N]/C(=N\S(=O)(=O)C(F)(F)F)/c1ccc(Cl)cc1)C(F)(F)F
500721-95-9,,,,,,,O=S(=O)(/N=C(/NS(=O)(=O)C(F)(F)F)\c1ccc(Cl)cc1)C(F)(F)F
52345-34-3_anion,,,,,,,Cc1c(F)c(F)c([C](C#N)c2c(F)c(F)c(F)c(F)c2F)c(F)c1F
5386-30-1_anion,,,,,,,O=C1C(=C(F)[C](F)c2c(F)c(F)c(F)c(F)c12)F
5386-30-1,,,,,,,Oc1c(F)c(F)c(F)c2c(F)c(F)c(F)c(F)c12
54976-03-3,,,,,,,c1(ccc(cc1)Cl)/C/1=c\2/[nH]/c(=C(/c3ccc(cc3)Cl)\C3=N/C(=C(/c4ccc(cc4)Cl)\c4[nH]c(cc4)/C(=C/4\N=C1C=C4)/c1ccc(cc1)Cl)/C=C3)/cc2
54976-03-3_cation,,,,,,,c1(ccc(cc1)Cl)/C/1=c\2/[nH]/c(=C(/c3ccc(cc3)Cl)\C3=N/C(=C(/c4ccc(cc4)Cl)\c4[nH]c(cc4)/C(=C/4\[NH]=C1C=C4)/c1ccc(cc1)Cl)/C=C3)/cc2
55-dibenzo-30-crown-10-ether,,,,,,,c1c2c(ccc1)OCCOCCOCCOCCOc1c(OCCOCCOCCOCCO2)cccc1
55810-56-5_anion,,,,,,,CCOC(=O)[C](C#N)c1c(F)c(F)c(Cl)c(F)c1F
55810-56-5,,,,,,,CCOC(=O)[C@@H](C#N)c1c(F)c(F)c(Cl)c(F)c1F
55810-61-2_anion,,,,,,,CCOC(=O)[C](C#N)c1c(F)c(F)nc(F)c1F
55810-61-2,,,,,,,CCOC(=O)[C@@H](C#N)c1c(F)c(F)nc(F)c1F
55810-63-4_anion,,,,,,,c1(c(c(c(cc1F)F)F)[C](C#N)C#N)F
55810-63-4,,,,,,,N#CC(C#N)c1c(F)c(F)cc(F)c1F
55852-22-7_anion,,,,,,,CCOC(=O)[C](C#N)c1c(F)c(F)cc(F)c1F
55852-22-7,,,,,,,CCOC(=O)[C@@H](C#N)c1c(F)c(F)cc(F)c1F
55852-24-9_anion,,,,,,,c1(c(c(c(c(c1F)C(F)(F)F)F)F)[C](C#N)C#N)F
55852-24-9,,,,,,,N#CC(C#N)c1c(F)c(F)c(C(F)(F)F)c(F)c1F
58432-55-6_anion,,,,,,,N#C[C](c1c(F)c(F)c(C(F)(F)F)c(F)c1F)c1c(F)c(F)c(C(F)(F)F)c(F)c1F
58432-55-6,,,,,,,N#CC(c1c(F)c(F)c(C(F)(F)F)c(F)c1F)c1c(F)c(F)c(C(F)(F)F)c(F)c1F
59009-70-0,,,,,,,O=C1[C@@H]2CN(Cc3ccccc3)C[C@H]1CN(Cc1ccccc1)C2
59009-70-0_cation,,,,,,,C1[C@H]2C(=O)[C@@H](CN1Cc1ccccc1)C[NH](C2)Cc1ccccc1
59009-71-1,,,,,,,c1ccc(CN2C[C@H]3C[C@@H](C2)CN(Cc2ccccc2)C3)cc1
59009-71-1_cation,,,,,,,c1cccc(c1)CN1C[C@H]2C[C@@H](C1)C[NH](C2)Cc1ccccc1
"6,13-pentacenedione",,,,,,,O=C1c2c(C(=O)c3c1cc1c(c3)cccc1)cc1c(c2)cccc1
"6,6-diphenylfulvene",,,,,,,c1(ccccc1)[C](c1ccccc1)C1=CC=C[CH]1
"6,6-paracyclophane",,,,,,,c12ccc(cc1)CCCCCCc1ccc(cc1)CCCCCC2
"6,6a-dihydro-1a-oxir(a)indene",,,,,,,O1[C@H]2[C@@H]1Cc1c2cccc1
"6,8-dimethyl-7h-benzo[7]annulen-7-one",,,,,,,Cc1cc2ccccc2cc(C)c1=O
"6,8-dimethylquinoline",,,,,,,c12ncccc1cc(C)cc2C
6-(methylthio)hexyl-isothiocyanate,,,,,,,CSCCCCCCN=C=S
6-amino-1-hexanol,,,,,,,NCCCCCCO
6-amino-3-methylpurine,,,,,,,CN1[C]2N=C[N]C2=C(N=C1)N
6-amino-3-picoline,,,,,,,n1c(N)ccc(C)c1
6-amino-3-pyridinecarboxylicacid,,,,,,,O=C(O)c1ccc(nc1)N
6-aminochrysene,,,,,,,c1(c2c(c3c(c1)c1c(cc3)cccc1)cccc2)N
6-aminohexanamide,,,,,,,NCCCCCC(=O)N
6-aminohexanenitrile,,,,,,,NCCCCCC#N
6-aminoisocytosin,,,,,,,n1c(O)cc(nc1N)N
6-azaindole,,,,,,,[nH]1ccc2c1cncc2
6-azathianaphthene,,,,,,,s1ccc2c1cncc2
6-azathymine,,,,,,,c1(=O)[nH]c(=O)c(n[nH]1)C
6-benzothiazolamine,,,,,,,s1cnc2c1cc(cc2)N
6-chloropicolinicacid,6-Chloropicolinicacid,BP-TZVP,004684-94-0,157.56,C6H4ClNO2,,c1(cccc(n1)C(=O)O)Cl
6-chloroquinoline,,,,,,,n1c2c(cc(cc2)Cl)ccc1
6-decenal,,,,,,,CCC/C=C/CCCCC=O
"6-ethyl-2,3,5-trimethyl-pyrazine",,,,,,,c1(c(nc(c(n1)C)CC)C)C
6-heptenoicacid,,,,,,,OC(=O)CCCCC=C
6-hydroxy-4(1h)-pyrimidinone,,,,,,,N1=C([CH]C(=N[CH]1)O)O
6-hydroxycaproicacid,6-HYDROXYCAPROICACID,BP-TZVP,001191-25-9,132.16,C6H12O3,,OCCCCCC(=O)O
6-hydroxydihydrotheaspirane,,,,,,,C[C@H]1CC[C@@]2(O1)C(C)(C)CCC[C@]2(C)O
6-hydroxyquinoline,,,,,,,c1c(O)cc2cccnc2c1
6-methoxyquinoline,,,,,,,COc1ccc2ncccc2c1
6-methyl-1-heptene,,,,,,,C=CCCCC(C)C
6-methyl-1-octanol,,,,,,,CC[C@@H](C)CCCCCO
6-methyl-1-[(octyloxy)methyl]quinolinium_cation,,,,,,,N1(C=CC=C2[CH]C(=CC=C12)C)COCCCCCCCC
6-methyl-2(1h)-pyridone,,,,,,,c1c([nH]c(=O)cc1)C
6-methyl-2-heptanone,,,,,,,O=C(CCCC(C)C)C
6-methyl-2-methylthio-4-pyrone,,,,,,,c1(cc(=O)cc(o1)C)SC
6-methyl-2-pyridinamine,,,,,,,n1c(cccc1N)C
6-methyl-2h-1-benzopyran-2-one,6-methyl-2h-1-benzopyran-2-one,BP-TZVP,000092-48-8,160.17,C10H8O2,,c1c(C)cc2ccc(=O)oc2c1
6-methyl-3-pyridinol,,,,,,,Oc1ccc(nc1)C
6-methyl-4-pyrimidinamine,,,,,,,n1cnc(N)cc1C
6-methyl-5-hepten-2-ol,,,,,,,O[C@@H](CCC=C(C)C)C
6-methyl-5-hepten-2-one,,,,,,,O=C(CCC=C(C)C)C
6-methylheptan-3-ol,ETHYLISOPENTYLCARBINOL,BP-TZVP,018720-66-6,130.23,C8H18O,,O[C@@H](CC)CCC(C)C
6-methylmyosmine,,,,,,,Cc1ccc([C]2[N]CCC2)cn1
6-methylpyrazinamine,,,,,,,n1cc(N)nc(C)c1
6-methylquinoline,,,,,,,n1c2c(cc(cc2)C)ccc1
6-methyluracil,,,,,,,Cc1[nH]c(=O)[nH]c(=O)c1
"6-oxabicyclo[3,1,0]hexane",,,,,,,O1[C@@H]2[C@H]1CCC2
6-quinolinamine,,,,,,,c1cc2c(nc1)ccc(c2)N
"6-t-butyl-3-methyl-2,4-dinitroanisole",,,,,,,O(C)c1c(N(=O)=O)c(C)c(cc1C(C)(C)C)N(=O)=O
62325-34-2_anion,,,,,,,CCOC(=O)[C](C#N)c1c(F)c(F)c2c(F)c(F)c(F)c(F)c2c1F
62325-34-2,,,,,,,CCOC(=O)[C@@H](C#N)c1c(F)c(F)c2c(F)c(F)c(F)c(F)c2c1F
62325-35-3_anion,,,,,,,N#C[C](C#N)c1c(F)c(F)c2c(F)c(F)c(F)c(F)c2c1F
62325-35-3,,,,,,,N#CC(C#N)c1c(F)c(F)c2c(F)c(F)c(F)c(F)c2c1F
62325-37-5_anion,,,,,,,N#C[C](c1c(F)c(F)nc(F)c1F)c1c(F)c(F)c2c(F)c(F)c(F)c(F)c2c1F
62325-37-5,,,,,,,N#C[C@@H](c1c(F)c(F)nc(F)c1F)c1c(F)c(F)c2c(F)c(F)c(F)c(F)c2c1F
62325-51-3_anion,,,,,,,N#C[C](c1c(F)c(F)nc(F)c1F)c1c(F)c(F)c(F)c(F)c1F
62325-51-3,,,,,,,N#C[C@@H](c1c(F)c(F)nc(F)c1F)c1c(F)c(F)c(F)c(F)c1F
64934-68-5_anion,,,,,,,N#C[C](c1c(F)c(F)c(F)c(F)c1F)c1c(F)c(F)c2c(F)c(F)c(F)c(F)c2c1F
64934-68-5,,,,,,,N#C[C@@H](c1c(F)c(F)c(F)c(F)c1F)c1c(F)c(F)c2c(F)c(F)c(F)c(F)c2c1F
64934-71-0_anion,,,,,,,c1(c(c(c(c(c1F)[C](C#N)C#N)F)F)C)F
64934-71-0,,,,,,,Cc1c(F)c(F)c(C(C#N)C#N)c(F)c1F
64934-72-1_anion,,,,,,,N#C[C](c1c(F)c(F)nc(F)c1F)c1c(F)c(F)nc(F)c1F
64934-72-1,,,,,,,N#CC(c1c(F)c(F)nc(F)c1F)c1c(F)c(F)nc(F)c1F
6674-22-2_cation,,,,,,,C1CC[C]2NCCC[N@@]2CC1
69173-28-0_anion,,,,,,,Cc1ccc(S(=O)(=O)[N]S(=O)(=O)c2ccc(Cl)cc2)cc1
69173-28-0,,,,,,,Cc1ccc(S(=O)(=O)NS(=O)(=O)c2ccc(Cl)cc2)cc1
"6h-dibenzo[b,d]-pyran",,,,,,,c1cccc2-c3ccccc3COc12
"7,7,8,8-tetracyanoquinodimethane",,,,,,,c1cc(ccc1[C](C#N)C#N)[C](C#N)C#N
"7-azabicyclo[4,1,0]heptane",,,,,,,N1[C@H]2[C@@H]1CCCC2
7-azaindole,,,,,,,c12[nH]ccc2cccn1
7-chloro-5-iodo-8-quinolinol,,,,,,,c12c(c(cc(c1O)Cl)I)cccn2
7-heptadecene,,,,,,,CCCCCC/C=C/CCCCCCCCC
7-methoxycoumarin,,,,,,,c1(=O)ccc2c(o1)cc(cc2)OC
7-methyl-1-octanol,7-methyl-1-octanol,BP-TZVP,002430-22-0,144.26,C9H20O,,CC(C)CCCCCCO
7-methyl-1-octene,,,,,,,C=CCCCCC(C)C
7-methyl-2h-1-benzopyran-2-one,7-methyl-2h-1-benzopyran-2-one,BP-TZVP,002445-83-2,160.17,C10H8O2,,Cc1ccc2ccc(=O)oc2c1
"7-methyl-4,4a,5,6-tetrahydro-2(3h)-naphthalenone",,,,,,,CC1=CC2=CC(=O)CC[C@H]2CC1
7-methylenebicyclo(2-2-1)-heptane,,,,,,,C1C[C@@H]2C(=C)[C@H]1CC2
7-methylpteridin,,,,,,,c1ncc2c(n1)nc(cn2)C
7-methylquinoline,,,,,,,n1c2c(ccc(C)c2)ccc1
"7-oxabicyclo[4,1,0]heptane",,,,,,,O1[C@H]2[C@@H]1CCCC2
7-pteridinamine,,,,,,,N1=C2[C](N=C[C]1N)C=NC=N2
7-quinolinol,,,,,,,n1c2c(ccc(O)c2)ccc1
7-tridecanone,,,,,,,C(C(=O)CCCCCC)CCCCC
71571-37-4_anion,,,,,,,O=S(=O)([C]1C=C(S(=O)(=O)C(F)(F)F)C(=O)C(=C1)S(=O)(=O)C(F)(F)F)C(F)(F)F
71571-37-4,,,,,,,O=S(=O)(c1cc(S(=O)(=O)C(F)(F)F)c(O)c(S(=O)(=O)C(F)(F)F)c1)C(F)(F)F
719-38-0_anion,,,,,,,c1(c(c(c(c(c1F)F)F)F)[C](C#N)C#N)F
719-38-0,,,,,,,N#CC(C#N)c1c(F)c(F)c(F)c(F)c1F
727-49-1_anion,,,,,,,O=C1C(=C(F)c2c(F)c(F)c(F)c(F)c2[C]1F)F
727-49-1,,,,,,,Oc1c(F)c(F)c2c(F)c(F)c(F)c(F)c2c1F
7h-benz(de)anthracen-7-one,,,,,,,c12c(-c3c4c(C1=O)cccc4ccc3)cccc2
7h-benzo(c)fluorene,,,,,,,c12-c3c(Cc1ccc1c2cccc1)cccc3
7h-benzo[7]annulen-7-one,,,,,,,O=c1ccc2ccccc2cc1
7h-benzo[c]carbazole,,,,,,,[nH]1c2c(c3c1cccc3)c1c(cc2)cccc1
7h-benzo[c]phenothiazine,,,,,,,S1c2c(Nc3c1cccc3)ccc1c2cccc1
"7h-dibenzo(c,g)carbazole",,,,,,,c1c2c(c3c(c1)[nH]c1c3c3c(cc1)cccc3)cccc2
"7h-dibenzo[c,h]phenothiazine",,,,,,,S1c2c(Nc3c1c1c(cc3)cccc1)ccc1c2cccc1
"8,16-pyranthrenedione","8,16-Pyranthrenedione",BP-TZVP,000128-70-1,406.43,C30H14O2,,c1ccc2c(c1)cc1c3c2c(=O)c2c4-c3c(cc1)c(=O)c1c4c(cc2)cc2c1cccc2
8-amino-2-naphthalenol,8-amino-2-naphthalenol,BP-TZVP,000118-46-7,159.19,C10H9NO,,Oc1ccc2c(c(N)ccc2)c1
8-aminocaprylicacid,,,,,,,[NH3]CCCCCCCC(=O)[O]
8-azaadenine,,,,,,,N1=C[N]c2c([C]1N)nn[nH]2
8-chloroquinoline,8-chloroquinoline,BP-TZVP,000611-33-6,163.6,C9H6ClN,,n1c2c(cccc2Cl)ccc1
8-hydroxy-1-[(octyloxy)methyl]quinolinium_cation,,,,,,,N1(C=CC=C2[CH]C=CC(=C12)O)COCCCCCCCC
8-hydroxy-5-iodoquinoline,8-Hydroxy-5-iodoquinoline,BP-TZVP,013207-63-1,271.06,C9H6INO,,c12c(c(ccc1O)I)cccn2
8-methoxyquinoline,8-methoxyquinoline,BP-TZVP,000938-33-0,159.19,C10H9NO,,c1ccc2cccnc2c1OC
8-methyl-1-nonanol,8-METHYL-1-NONANOL,BP-TZVP,025339-17-7,158.28,C10H22O,,CC(C)CCCCCCCO
8-methyl-1-nonene,,,,,,,C=CCCCCCC(C)C
8-methylquinoline,,,,,,,c12cccnc1c(C)ccc2
8-nonen-2-one,,,,,,,CC(=O)CCCCCC=C
"8-p-menthene-1,2-diol",,,,,,,CC(=C)[C@H]1CC[C@@](C)(O)[C@@H](O)C1
8-quinolinamine,,,,,,,c1ccc2c(c1N)nccc2
8-quinolinol,,,,,,,c1(O)c2ncccc2ccc1
8-sebenzylcyclicamp,8-SEBENZYLCYCLICAMP,BP-TZVP,052109-40-7,498.29,C17H18N5O6PSe,,c12ncnc(N)c1nc([Se]Cc1ccccc1)n2[C@H]1O[C@H]2CO[P@@](=O)(O)O[C@@H]2[C@@H]1O
80981-80-2,,,,,,,CN(C)[P](C)([N]c1ccccc1)N(C)C
80981-80-2_cation,,,,,,,CN(C)[P](C)(Nc1ccccc1)N(C)C
81675-81-2,,,,,,,CN(C)[P]([N]C(C)(C)C)(N(C)C)N(C)C
81675-81-2_cation,,,,,,,CN([P](N(C)C)(NC(C)(C)C)N(C)C)C
84030-20-6_cation,,,,,,,CN1CCC[N@]2CCCN[C]12
846605-13-8,,,,,,,O=N(=O)c1ccc([N][P](N2CCCC2)(N2CCCC2)N2CCCC2)cc1
846605-13-8_cation,,,,,,,O=N(=O)c1ccc(N[P](N2CCCC2)(N2CCCC2)N2CCCC2)cc1
85-47-2,,,,,,,[O]S([O])(O)c1cccc2ccccc12
874220-28-7,,,,,,,CN(C)[C]([N][P]([N]c1ccccc1)(N(C)C)N(C)C)N(C)C
874220-28-7_cation,,,,,,,c1c(cccc1)N[P](N(C)C)([N][C](N(C)C)N(C)C)N(C)C
874220-29-8,,,,,,,CN(C)[C]([N][P]([N][C](N(C)C)N(C)C)([N]c1ccccc1)N(C)C)N(C)C
874220-29-8_cation,,,,,,,CN(C)[C]([N][P]([N][C](N(C)C)N(C)C)(Nc1ccccc1)N(C)C)N(C)C
874220-60-7,,,,,,,CN(C)[C]([N][P]([N][C](N(C)C)N(C)C)([N][C](N(C)C)N(C)C)[N]c1ccccc1)N(C)C
874220-60-7_cation,,,,,,,CN(C)[C]([N][P]([N][C](N(C)C)N(C)C)([N][C](N(C)C)N(C)C)Nc1ccccc1)N(C)C
874220-61-8,,,,,,,CN(C)[P]([N]c1ccccc1Cl)([N][P](N(C)C)(N(C)C)N(C)C)N(C)C
874220-61-8_cation,,,,,,,c1(c(cccc1)N[P](N(C)C)(N(C)C)[N][P](N(C)C)(N(C)C)N(C)C)Cl
88-75-5_anion,,,,,,,O=N(=O)[C]1C=CC=CC1=O
882492-01-5_anion,,,,,,,O=S(=O)(F)[C]1C=C(S(=O)(=O)F)C(=O)C(=C1)S(=O)(=O)F
882492-01-5,,,,,,,O=S(=O)(F)c1cc(S(=O)(=O)F)c(O)c(S(=O)(=O)F)c1
"8b,16b-dihydrodibenzo(g,p)chrysene",,,,,,,c12-c3c([C@@H]4[C@@H](c1cccc2)c1c(-c2c4cccc2)cccc1)cccc3
9(10h)-acridinone,,,,,,,O=c1c2c([nH]c3c1cccc3)cccc2
"9,10-dihydro-9,10[1',2']-benzenoanthracene",,,,,,,c12ccccc1[C@@H]1c3ccccc3[C@H]2c2c1cccc2
"9,10-dihydroanthracene",,,,,,,C1c2c(Cc3c1cccc3)cccc2
"9,10-dihydrophenanthrene",,,,,,,c12-c3c(CCc1cccc2)cccc3
"9,10-dimethyl-1,2-benzanthracene",,,,,,,c1ccc2c(c1)c(c1c(c2C)c2c(cc1)cccc2)C
"9,10-dimethylanthracene",,,,,,,c1ccc2c(c1)c(c1c(c2C)cccc1)C
"9,10-dimethylphenanthrene",,,,,,,c1ccc2c(c1)c(c(c1c2cccc1)C)C
"9,10-diphenylanthracene","9,10-diphenylanthracene",BP-TZVP,001499-10-1,330.42,C26H18,,c12c(c3c(c(c1cccc2)c1ccccc1)cccc3)c1ccccc1
"9,10-phenanthrenedione",,,,,,,O=C1C(=O)c2ccccc2-c2ccccc12
"9,12,15-octadecatrienoicacid",,,,,,,CC/C=C/C/C=C/C/C=C/CCCCCCCC(=O)O
"9,9'-bi-9h-fluorene",,,,,,,C1(c2c(-c3c1cccc3)cccc2)C1c2c(-c3c1cccc3)cccc2
"9,9'-bianthracene",,,,,,,c1ccc2c(c1)cc1c(c2c2c3c(cc4c2cccc4)cccc3)cccc1
"9,9'-biphenanthrene",,,,,,,c12ccccc1c1c(c(c2)c2cc3ccccc3c3c2cccc3)cccc1
9-(2-o-butyryl-b-d-ara)adenine,,,,,,,O=C(O[C@H]1[C@@H](n2c3c([C](N=C[N]3)N)nc2)O[C@@H]([C@H]1O[Si](C(C)(C)C)(C)C)CO[Si](C(C)(C)C)(C)C)CCC
9-(2-o-propionyl-b-d-ara)adenine,,,,,,,O=C(O[C@H]1[C@@H](n2c3c([C](N=C[N]3)N)nc2)O[C@@H]([C@H]1O[Si](C(C)(C)C)(C)C)CO[Si](C(C)(C)C)(C)C)CC
"9-(n,n-dimethylamino)acridine",,,,,,,CN(C)c1c2ccccc2nc2ccccc12
9-(perfluorophenyl)-fluorene_anion,,,,,,,Fc1c(F)c(F)c(C2=c3ccccc3=C3C=CC=C[C]23)c(F)c1F
9-(perfluorophenyl)-fluorene,,,,,,,Fc1c(F)c(F)c(C2c3ccccc3-c3ccccc23)c(F)c1F
9-(perfluorophenyl)-octafluorofluorene_anion,,,,,,,Fc1c(F)c(F)c(C2=c3c(=C4[C]2C(=C(F)C(=C4F)F)F)c(F)c(F)c(F)c3F)c(F)c1F
9-(perfluorophenyl)-octafluorofluorene,,,,,,,Fc1c(F)c(F)c(C2c3c(F)c(F)c(F)c(F)c3-c3c(F)c(F)c(F)c(F)c23)c(F)c1F
9-acetylanthracene,,,,,,,c1ccc2c(c1)c(c1c(c2)cccc1)C(=O)C
9-anthracenemethanol,,,,,,,c1ccc2c(c1)c(c1c(c2)cccc1)CO
9-decenal,,,,,,,C=CCCCCCCCC=O
9-decenoic-acid,,,,,,,OC(=O)CCCCCCCC=C
9-ethyl-9h-carbazole,,,,,,,c12c3ccccc3n(c2cccc1)CC
9-ethyl-9h-purin-6(1h)-one,,,,,,,[nH]1cnc2n(cnc2c1=O)CC
9-methyl-9h-carbazole,,,,,,,Cn1c2c(c3c1cccc3)cccc2
9-methyl-9h-fluorene,,,,,,,CC1c2c(-c3c1cccc3)cccc2
9-methyl-9h-purin-6-amine,,,,,,,c12ncn(c1ncnc2N)C
9-methylanthracene,,,,,,,c1(c2c(cc3c1cccc3)cccc2)C
9-methylpoxanthine,,,,,,,[nH]1cnc2n(cnc2c1=O)C
"9-oxabicyclo[6,1,0]nonane",,,,,,,C1C[C@@H]2[C@@H](O2)CCCC1
9-pentafluoroethylfluorene_anion,,,,,,,FC(F)(F)C(F)(F)C1=c2ccccc2=C2C=CC=C[C]12
9-pentafluoroethylfluorene,,,,,,,FC(F)(F)C(F)(F)C1c2ccccc2-c2ccccc12
"9-phenyl-1,2,3,4-tetrafluorofluorene_anion",,,,,,,FC1=C(F)C(=C2C(=c3ccccc3=C2c2ccccc2)[C]1F)F
"9-phenyl-1,2,3,4-tetrafluorofluorene",,,,,,,Fc1c(F)c(F)c2c(-c3ccccc3[C@H]2c2ccccc2)c1F
9-phenylanthracene,,,,,,,c1cc2c(cc1)cc1c(c2c2ccccc2)cccc1
9-undecenal,,,,,,,C(=C\C)/CCCCCCCC=O
"9-[2ac-3,5[dme-dms]-ara]-9h-pur-6-amine",,,,,,,O=C(O[C@H]1[C@@H](n2c3c([C](N=C[N]3)N)nc2)O[C@@H]([C@H]1O[Si](C(C)(C)C)(C)C)CO[Si](C(C)(C)C)(C)C)C
"9-[3,5-[(dme-dms)-op-ara]-9h-pur-6-amine",,,,,,,O=C(O[C@H]1[C@@H](n2c3c([C](N=C[N]3)N)nc2)O[C@@H]([C@H]1O[Si](C(C)(C)C)(C)C)CO[Si](C(C)(C)C)(C)C)CCCC
910334-37-1,,,,,,,O=C1[C@@H]2CN(C(c3ccccc3)c3ccccc3)C[C@H]1CN(C(c1ccccc1)c1ccccc1)C2
910334-37-1_cation,,,,,,,C1[C@H]2C(=O)[C@@H](C[NH]1C(c1ccccc1)c1ccccc1)CN(C2)C(c1ccccc1)c1ccccc1
910334-38-2,,,,,,,C[C@@H](c1ccccc1)N1C[C@H]2C[C@@H](C1)CN([C@@H](C)c1ccccc1)C2
910334-38-2_cation,,,,,,,C1[C@@H]2C[C@H](C[NH]1[C@H](c1ccccc1)C)CN(C2)[C@H](c1ccccc1)C
95468-16-9_anion,,,,,,,O=N(=O)c1ccc(S(=O)(=O)[N]S(=O)(=O)c2ccc(Cl)cc2)cc1
95468-16-9,,,,,,,O=N(=O)c1ccc(S(=O)(=O)NS(=O)(=O)c2ccc(Cl)cc2)cc1
98-47-5_anion,,,,,,,O=N(=O)c1cccc(S([O])([O])[O])c1
98-47-5,,,,,,,O=N(=O)c1cccc(S([O])([O])O)c1
98-66-8_anion,,,,,,,[O]S([O])([O])c1ccc(Cl)cc1
99726-60-0_anion,,,,,,,N#C[C](C#N)c1cccc(C(F)(F)F)c1
99726-60-0,,,,,,,N#CC(C#N)c1cccc(C(F)(F)F)c1
9decenol1,,,,,,,OCCCCCCCCC=C
9h-fluoren-9-one,,,,,,,C1(=O)c2c(-c3c1cccc3)cccc2
9h-fluorene-9-carbonitrile_anion,,,,,,,N#CC1=c2ccccc2=C2C=CC=C[C]12
9h-fluorene-9-carbonitrile,,,,,,,N#CC1c2ccccc2-c2ccccc12
"a,a,b-trimethylbenzeneethanol",,,,,,,c1ccc([C@@H](C)C(O)(C)C)cc1
"a,a-dimethyl-1-piperidineacetonitrile",,,,,,,C1CN(CCC1)C(C)(C)C#N
"a,a-dimethylbenzeneethanol",,,,,,,OC(Cc1ccccc1)(C)C
"a,a-dimethylbenzenepropanol",,,,,,,OC(CCc1ccccc1)(C)C
a-bromobutyricacid,,,,,,,O=C(O)[C@@H](Br)CC
a-bromopropionicacid,,,,,,,O=C(O)[C@@H](Br)C
a-estradiol,,,,,,,[C@]12([C@@H]([C@@H]3[C@H](c4c(CC3)cc(cc4)O)CC1)CC[C@@H]2O)C
a-ethylbenzeneacetamide,,,,,,,c1ccc([C@@H](C(=O)N)CC)cc1
a-ethylbenzeneaceticacid,a-ethylbenzeneaceticacid,BP-TZVP,000090-27-7,164.2,C10H12O2,,O=C(O)[C@@H](c1ccccc1)CC
a-ethylbenzylalcohol,A-ETHYLBENZYLALCOHOL,BP-TZVP,000093-54-9,136.19,C9H12O,,[C@@H](c1ccccc1)(O)CC
a-ethynyl-a-methylbenzenemethanol,a-ethynyl-a-methylbenzenemethanol,BP-TZVP,000127-66-2,146.19,C10H10O,,O[C@@](C#C)(c1ccccc1)C
a-fluoro-n-methylacetamide,,,,,,,CNC(=O)CF
a-hydroxy-a-methylbenzeneaceticacid,,,,,,,O=C(O)[C@@](O)(c1ccccc1)C
a-methyl-2-furanmethanol,,,,,,,o1cccc1[C@@H](C)O
a-methylbenzeneethanol,,,,,,,C(c1ccccc1)[C@@H](O)C
a-methylcyclohexanemethanol,,,,,,,O[C@@H](C1CCCCC1)C
a-nitrotoluene,,,,,,,c1ccccc1CN(=O)=O
aa-4-hydroxy-4-trimethylcyclohexanemethanol,,,,,,,[C@]1(C)(O)CC[C@H](C(C)(C)O)CC1
aa-dimethyl-benzenemethanol,,,,,,,c1ccccc1C(C)(C)O
abhexone,,,,,,,c1c(c(c(o1)CC)C)O
abieticacid,,,,,,,[C@@H]12[C@](CCC[C@]1(C)C(=O)O)([C@@H]1C(=CC2)C=C(CC1)C(C)C)C
acalea,,,,,,,c1(ccc(cc1)C)/C=C(\CCCCC)/C=O
acedyl_a,,,,,,,[C@@H]1(C[C@@H]2[C@@H]3[C@H]([C@H]1C2)C=CC3)OC(=O)C
acedyl_b,,,,,,,[C@@H]1(C[C@@H]2[C@@H]3[C@H]([C@H]1C2)CC=C3)OC(=O)C
acenaphthene,,,,,,,c1cc2c3c(c1)cccc3CC2
acenaphthylene,,,,,,,c12c3c(cccc3ccc1)C=C2
acephate,,,,,,,CO[P@](=O)(NC(=O)C)SC
acesulfamate_anion,,,,,,,O=C1C=C(C)OS([N]1)([O])[O]
acetaldehyd-bis-phenylethylacetal,,,,,,,c1(ccccc1)CCOC(C)OCCc1ccccc1
acetaldehyd-ethyl-phenylethylacetal,,,,,,,c1(ccccc1)CCO[C@H](C)OCC
acetaldehydeammonia,,,,,,,O[C@@H](N)C
acetaldehydeoxime,ACETALDEHYDEOXIME,BP-TZVP,000107-29-9,59.07,C2H5NO,,C/C=N/O
acetaldehyde_anion,,,,,,,[O]C=C
acetaldehyde,ACETALDEHYDE,BP-TZVP,000075-07-0,44.05,C2H4O,,O=CC
acetal_cd_a,,,,,,,c1c(cccc1)C[C@@H]1OC[C@@H](CO1)O
acetal_cd_b,,,,,,,c1c(cccc1)C[C@@H]1OC[C@@H](O1)CO
acetal_r,,,,,,,c1(ccccc1)CCO[C@H](C)OCCC
acetamide_anion,,,,,,,CC(=O)[NH]
acetamide,,,,,,,O=C(C)N
acetamide_cation,,,,,,,O[C](C)N
acetamidine,,,,,,,N=C(C)N
acetamidine_cation,,,,,,,[NH2]=C(C)N
acetanilide,,,,,,,CC(=O)Nc1ccccc1
acetate_anion,,,,,,,CC(=O)[O]
acetat_pa,,,,,,,c1(ccccc1)OCC(=O)OCC=C
acetat_tcd,,,,,,,[C@@H]12[C@@H]([C@H]3CC[C@@H]1C3)CC[C@H]2COC(=O)C
acetazolamide,,,,,,,CC(=O)Nc1nnc(s1)S(=O)(=O)N
aceticacid-2-ethylhexylester,,,,,,,CC(=O)OC[C@@H](CC)CCCC
aceticacid-2-methylpropylester,,,,,,,CC(=O)OCC(C)C
aceticacid-2-propenylester,,,,,,,CC(=O)OCC=C
aceticacid-3-methylphenylester,aceticacid-3-methylphenylester,BP-TZVP,000122-46-3,150.18,C9H10O2,,c1c(cc(cc1)OC(=O)C)C
aceticacidchlorofluoroethylester,,,,,,,O=C(OCC)[C@@H](F)Cl
aceticacidcyclohexylester,,,,,,,C1(OC(=O)C)CCCCC1
aceticaciddecylester,ACETICACIDDECYLESTER,BP-TZVP,000112-17-4,200.32,C12H24O2,,CC(=O)OCCCCCCCCCC
aceticacidheptylester,ACETICACIDHEPTYLESTER,BP-TZVP,000112-06-1,158.24,C9H18O2,,CC(=O)OCCCCCCC
aceticacidnonylester,ACETICACIDNONYLESTER,BP-TZVP,000143-13-5,186.29,C11H22O2,,CC(=O)OCCCCCCCCC
aceticacidoctylester,ACETICACIDOCTYLESTER,BP-TZVP,000112-14-1,172.27,C10H20O2,,CC(=O)OCCCCCCCC
aceticacidphenylmethylester,,,,,,,c1ccc(cc1)COC(=O)C
aceticacid,,,,,,,C(=O)(O)C
aceticacid_cation,,,,,,,[C](O)(O)C
aceticanhydride,,,,,,,O=C(OC(=O)C)C
acetin,,,,,,,CC(=O)OC[C@@H](O)CO
acetoaceticacid,,,,,,,CC(=O)CC(=O)O
acetohydrazide,aceticacidhydrazide,BP-TZVP,001068-57-1,74.08,C2H6N2O,,O=C(NN)C
acetohydroxamicacid_anion1,,,,,,,CC(=O)N[O]
acetohydroxamicacid_anion2,,,,,,,CC(=O)[N]O
acetohydroxamicacid,,,,,,,CC(=O)NO
acetonitrile_anion,,,,,,,N#C[CH2]
acetonitrile,,,,,,,N#CC
acetonitrile_cation,,,,,,,[NH][C]C
acetonylacetone,,,,,,,O=C(CCC(=O)C)C
acetophenone_anion,,,,,,,c1cc(ccc1)C(=C)[O]
acetophenone,,,,,,,c1ccc(cc1)C(=O)C
acetophenone_cation,,,,,,,c1ccc(cc1)[C](O)C
acetoxyaceticacid,ACETOXYACETICACID,BP-TZVP,013831-30-6,118.09,C4H6O4,,CC(=O)OCC(=O)O
acetylacetone,,,,,,,O=C(CC(=O)C)C
acetylbromide,ACETYLBROMIDE,BP-TZVP,000506-96-7,122.95,C2H3BrO,,O=C(Br)C
acetylcedren,,,,,,,[C@@]123[C@H](C([C@H](C(=C(C1)C(=O)C)C)C3)(C)C)CC[C@H]2C
acetylchloride,,,,,,,CC(=O)Cl
acetylcholine_acetate_cation,,,,,,,O(C(=O)C)CC[N](C)(C)C
acetylcolamine,,,,,,,O=C(NCCO)C
acetylcyclohexanone,,,,,,,CC(=O)C1CCCCC1
acetylfluoride,,,,,,,O=C(F)C
acetylguanidine,,,,,,,CC(=O)[N]C(=[NH2])N
acetylguanidine_cation,,,,,,,CC(=O)NC(=[NH2])N
acetylmethylcarbinol,acetoin,BP-TZVP,000513-86-0,88.11,C4H8O2,,O=C([C@@H](O)C)C
acetylperoxide,"PEROXIDE,DIACETYL",BP-TZVP,000110-22-5,118.09,C4H6O4,,O=C(OOC(=O)C)C
acetylpyrrolizine,,,,,,,C1CCn2c1ccc2C(=O)C
acetyltrimethylsilane,,,,,,,CC(=O)[Si](C)(C)C
acridine,,,,,,,n1c2c(cc3c1cccc3)cccc2
acrolein,,,,,,,C=CC=O
acrylicacid_anion,,,,,,,C=CC(=O)[O]
acrylicacid,,,,,,,C=CC(=O)O
acrylophenone,ACRYLOPHENONE,BP-TZVP,000768-03-6,132.16,C9H8O,,C(=O)(C=C)c1ccccc1
acryloxypropionicacid,ACRYLOXYPROPIONICACID,BP-TZVP,024615-84-7,144.13,C6H8O4,,C=CC(=O)OCCC(=O)O
adamantan-2-ol,,,,,,,C1[C@H]2C[C@H]3C[C@@H]1C[C@@H](C2)[C@H]3O
adamantanecarboxylic_acid,,,,,,,OC(=O)[C@@]12C[C@H]3C[C@@H](C1)C[C@@H](C2)C3
adamantane,,,,,,,C1[C@H]2C[C@H]3C[C@@H]1C[C@@H](C2)C3
adenine_anion,,,,,,,NC1=NC=NC2=NC=N[C]12
adenine,,,,,,,Nc1c2nc[nH]c2ncn1
adipinsaeurediethylester,,,,,,,CCOC(=O)CCCCC(=O)OCC
alachlor,,,,,,,CCc1cccc(CC)c1N(COC)C(=O)CCl
alaninate_anion,,,,,,,O=C([O])[C@@H](N)C
alanine,D-Alanine,BP-TZVP,000338-69-2,89.09,C3H7NO2,,[O]C(=O)[C@H]([NH3])C
aldambre,,,,,,,C1CCCOC(=O)CCCCCC1
aldehyde_c16_sog,,,,,,,c1(ccccc1)[C@]1(O[C@H]1C(=O)OCC)C
aldehyd_13-13_a,,,,,,,CCCCCCCCCC[C@@H](C=O)C
aldehyd_c11_moa,,,,,,,[C@H](C=O)(CCCCCCCC)C
aldicarbsulfoxide,Aldicarbsulfoxide,BP-TZVP,001646-87-3,206.26,C7H14N2O3S,,[N]([CH]C(C)(C)[S@](=O)C)OC(=O)NC
aldicarb,,,,,,,CSC(C)(C)[CH][N]OC(=O)NC
aldron,,,,,,,C1([C@@H]([C@H]2CC[C@@H]1C2)C[C@@H]1CCC(=O)[C@@H](C1)C)(C)C
alizarin,,,,,,,c12c(C(=O)c3c(C1=O)ccc(c3O)O)cccc2
alkohol_c11_undecylen,,,,,,,C(CCCCCCCCC=C)O
allantoin,allantoin,BP-TZVP,000097-59-6,158.12,C4H6N4O3,,O=C(N[C@H]1NC(=O)NC1=O)N
alloaromadendrene,,,,,,,[C@@H]12[C@@H](C(=C)CC[C@@H]3[C@H]1C3(C)C)CC[C@H]2C
allopurinol,,,,,,,c12c(nc[nH]c1=O)[nH]nc2
alloxane,alloxane,BP-TZVP,000050-71-5,142.07,C4H2N2O4,,O=C1NC(=O)C(=O)C(=O)N1
allyl-(r)-gamma-cyclogeranate,,,,,,,C1CCC(=C)[C@@H](C1(C)C)C(=O)OCC=C
allyl-(s)-gamma-cyclogeranate,,,,,,,C1CCC(=C)[C@H](C1(C)C)C(=O)OCC=C
allyl-alpha-ionone,,,,,,,CC1=CCCC(C)(C)[C@H]1/C=C/C(=O)CCC=C
allyl-chloro-dimethylsilane,,,,,,,Cl[Si](C)(C)CC=C
allyl-methyl-disulfide,,,,,,,CSSCC=C
allyl-methyl-trisulfide,,,,,,,CSSSCC=C
allyl-propyl-disulfide,,,,,,,CCCSSCC=C
allylacrylate,,,,,,,C=CCOC(=O)C=C
allylamylglycolate_a,,,,,,,CC(CCOCC(=O)OCC=C)C
allylamylglycolate_b,,,,,,,CC[C@@H](COCC(=O)OCC=C)C
allylbenzene,,,,,,,c1(ccccc1)CC=C
allylchloroformate,,,,,,,O=C(OCC=C)Cl
allylcyclohexane,"CYCLOHEXANE,2-PROPENYL-",BP-TZVP,002114-42-3,124.22,C9H16,,C1CCC(CC=C)CC1
allylcyclohexylpropionate,,,,,,,C1(CCCCC1)CCC(=O)OCC=C
allylcyclopentane,,,,,,,C1CCC(C1)CC=C
allylethylamine,,,,,,,C=CCNCC
allylethylether,,,,,,,C(=C)COCC
allylfluoride,,,,,,,FCC=C
allylformate,"formicacid,2-propenylester",BP-TZVP,001838-59-1,86.09,C4H6O2,,O=COCC=C
allylheptanoate,,,,,,,C(CCCCC(=O)OCC=C)C
allylheptincarbonate,,,,,,,C(CC#CC(=O)OCC=C)CCC
allylhexanoate,,,,,,,CCCCCC(=O)OCC=C
allylidenediacetate,,,,,,,C=CC(OC(=O)C)OC(=O)C
allylmethylamine,n-methylallylamine,BP-TZVP,000627-37-2,71.12,C4H9N,,C=CCNC
allylmethylamine_cation,,,,,,,C=CC[NH2]C
allylmethyldichlorosilane,,,,,,,Cl[Si](Cl)(C)CC=C
allylnonanoat,,,,,,,C(CCCCCC(=O)OCC=C)CC
allylphenylacetate,,,,,,,c1(ccccc1)CC(=O)OCC=C
allylphenylether,,,,,,,C=CCOc1ccccc1
allylpropylamine,,,,,,,C=CCNCCC
allylthiol,allylmercaptan,BP-TZVP,000870-23-5,74.15,C3H6S,,SCC=C
allylthiourea,,,,,,,NC(=S)NCC=C
allylurea,,,,,,,O=C(NCC=C)N
allylvinylether,,,,,,,O(C=C)CC=C
allytrichlorosilane,,,,,,,Cl[Si](Cl)(Cl)CC=C
"alpha,alpha-diphenylbenzenemethanol",,,,,,,OC(c1ccccc1)(c1ccccc1)c1ccccc1
alpha-(p-meo-phenyl)-n-phenylnitrone,,,,,,,N([CH]c1ccc(cc1)OC)([O])c1ccccc1
alpha-aminobenzeneaceticacid,,,,,,,c1c(cccc1)[C@@H](C(=O)[O])[NH3]
alpha-aminoisobutanoicacid,,,,,,,CC([NH3])(C(=O)[O])C
alpha-bisabolol,,,,,,,C[C@](CCC=C(C)C)(O)[C@@H]1CC=C(CC1)C
alpha-caran-3-ol,,,,,,,C1[C@@](C[C@@H]2[C@H](C1)C2(C)C)(O)C
alpha-caryophyllenealcohol,,,,,,,[C@H]12[C@H]([C@@]3(CCC[C@]1([C@H]3O)C)C)CC(C2)(C)C
alpha-copaene,,,,,,,C1=C([C@H]2[C@]3([C@@H](C1)[C@@H]2[C@H](CC3)C(C)C)C)C
alpha-cubebene,,,,,,,C1C[C@H]([C@H]2[C@@]3([C@@H]1C)[C@@H]2C(=CC3)C)C(C)C
alpha-curcumene,,,,,,,c1(ccc(cc1)[C@@H](C)CCC=C(C)C)C
alpha-cyano-4-hydroxycinnamate_anion,,,,,,,O=C([O])/C(=C/c1ccc(cc1)O)/C#N
alpha-damascone,,,,,,,C/C=C/C(=O)[C@H]1C(=CCCC1(C)C)C
alpha-etyhl-benzeneacetonitrile,,,,,,,N#C[C@H](c1ccccc1)CC
alpha-fenchylalcohol,,,,,,,C1[C@H]2C(C)(C)[C@H]([C@@](C1)(C2)C)O
alpha-gurjunene,,,,,,,C1(=C2[C@H](CC1)[C@H](CC[C@H]1[C@@H]2C1(C)C)C)C
alpha-hexachlorocyclohexane,,,,,,,[C@H]1([C@H]([C@H]([C@@H]([C@@H]([C@H]1Cl)Cl)Cl)Cl)Cl)Cl
alpha-ionol,,,,,,,C[C@@H](O)/C=C/[C@H]1C(=CCCC1(C)C)C
alpha-ionone,,,,,,,CC(=O)/C=C/[C@H]1C(=CCCC1(C)C)C
alpha-irone,,,,,,,C[C@@H]1CC=C(C)[C@H](/C=C/C(=O)C)C1(C)C
alpha-isobutylphenethyl-alcohol,,,,,,,CC(C)C[C@@H](O)Cc1ccccc1
alpha-methylacrolein,,,,,,,O=CC(=C)C
alpha-methylcyclopropanemethanol,CYCLOPROPYLMETHYLCARBINOL,BP-TZVP,000765-42-4,86.13,C5H10O,,C1(CC1)[C@@H](O)C
alpha-methylphenylacetonitrile,,,,,,,N#C[C@@H](c1ccccc1)C
alpha-methylstyrene,,,,,,,c1cc(ccc1)C(=C)C
alpha-muurolene,,,,,,,C1C=C([C@@H]2[C@H]([C@@H]1C(C)C)C=C(CC2)C)C
alpha-naphthol_anion,,,,,,,c1ccc2c(c1)cccc2[O]
alpha-ocimene,,,,,,,C=C(CC/C=C(/C=C)\C)C
alpha-phenyl-1-piperidineacetonitrile,"1-Piperidineacetonitrile,alpha-phenyl-",BP-TZVP,005766-79-0,200.28,C13H16N2,,C(#N)[C@@H](c1ccccc1)N1CCCCC1
alpha-propylphenethyl-alcohol,,,,,,,CCC[C@@H](O)Cc1ccccc1
alpha-terpineol,,,,,,,C1C=C(CC[C@H]1C(C)(C)O)C
alpha-tocopherol,,,,,,,c1(O)c(C)c2CC[C@@](C)(CCC[C@@H](C)CCC[C@@H](C)CCCC(C)C)Oc2c(C)c1C
alpha-zingiberene,,,,,,,C1=C(C=C[C@@H](C1)[C@@H](CCC=C(C)C)C)C
amandolene_e,,,,,,,c1(c(cccc1)/N=C/c1ccccc1)C(=O)OC
amandolene_z,,,,,,,c1c(cccc1)/C=N\c1c(cccc1)C(=O)OC
amantadine,,,,,,,N[C@@]12C[C@H]3C[C@H](C[C@H](C3)C2)C1
amberketal,,,,,,,[C@@]12([C@@H](C(CCC1)(C)C)CC[C@@]13[C@@H]2CC[C@](O1)(C)OC3)C
amber_core,,,,,,,[C@@H]1(CCCC[C@H]1C(C)(C)C)OC[C@@H](CC)O
amborylacetate,,,,,,,[C@]123[C@@]4(C(CC[C@H]1COC(=O)C)(C)C)[C@@H]3C[C@@H](C2(C)C)C4
ambrettolid,,,,,,,C1CC/C=C\CCCCCCCCOC(=O)CC1
ambrinol,,,,,,,C12=CCCC([C@H]1CC[C@@](C2)(O)C)(C)C
ambrocenide,,,,,,,[C@]123[C@@H](C([C@@H]([C@@]4([C@@H](C1)OC(O4)(C)C)C)C3)(C)C)CC[C@@H]2C
ametryn,,,,,,,C1(=[N]=C(N=C([N]1)NCC)NC(C)C)SC
amicin,,,,,,,[nH]1c(N(=O)=O)ncc1
amino-aceticacidethylester,AMINO-ACETICACIDETHYLESTER,BP-TZVP,000459-73-4,103.12,C4H9NO2,,NCC(=O)OCC
aminoacetonitrile,,,,,,,NCC#N
aminoacetonitrile_cation,,,,,,,[NH3]CC#N
aminocaproicacid,,,,,,,C(CCCC[NH3])C(=O)[O]
aminotetrazole,,,,,,,N1NNNC1N
aminothiadiazole,,,,,,,s1c(N)nnc1
amitraz,,,,,,,CN(/C=N/c1ccc(C)cc1C)/C=N/c1ccc(C)cc1C
amitrole,,,,,,,c1[nH]nc(n1)N
amyl-isothiocyanate,,,,,,,CCCCCN=C=S
amyl2methylbutyrate,,,,,,,CC[C@@H](C(=O)OCCCCC)C
amylbenzoate,,,,,,,c1(ccccc1)C(=O)OCCCCC
amylcyclopentenone,,,,,,,C1C=C(C(=O)C1)CCCCC
amylpropionate,,,,,,,O=C(OCCCCC)CC
amyltert-butylether,,,,,,,CCCCCOC(C)(C)C
amylvalerianate,,,,,,,CCCCCOC(=O)CCCC
amylzimtaldehyde,,,,,,,c1(ccccc1)/C=C(\CCCCC)/C=O
amylzimtaldehyd_diethylacetal,,,,,,,c1(ccccc1)/C=C(\CCCCC)/C(OCC)OCC
amylzimtaldehyd_dimethylacetal,,,,,,,c1(ccccc1)/C=C(\CCCCC)/C(OC)OC
amylzimtalkohol,,,,,,,c1(ccccc1)/C=C(\CCCCC)/CO
anabasine,,,,,,,C1CC[C@@H](NC1)c1cccnc1
anatolyl,,,,,,,c1(ccccc1)CCOC(=O)[C@@H](CC)C
"androsta-1,4-diene-3,17-dione",,,,,,,C[C@@]12C(=O)CC[C@H]1[C@@H]1CCC3=CC(=O)C=C[C@]3(C)[C@H]1CC2
androstenol,,,,,,,C1[C@H](C[C@H]2[C@](C1)([C@@H]1[C@@H](CC2)[C@H]2[C@](CC1)(C=CC2)C)C)O
aniline_anion,,,,,,,c1cc(ccc1)[NH]
aniline,,,,,,,c1ccc(cc1)N
aniline_cation,,,,,,,c1cc(ccc1)[NH3]
anisaldehyd-propylenglycolacetal,,,,,,,c1(ccc(cc1)OC)CC1OCCO1
anisaldehyddiethylacetal,,,,,,,c1(ccc(cc1)OC)C(OCC)OCC
anisole,,,,,,,c1ccc(cc1)OC
anisole_cation,,,,,,,c1ccc(cc1)O.[CH3]
anisylacetate,,,,,,,c1(ccc(cc1)OC)COC(=O)C
anisylformiate,,,,,,,c1(ccc(cc1)OC)COC=O
anthoxan,,,,,,,[C@@H]1(C(COCO1)(C)C)C(C)C
"anthra(9,1,2-cde)benzo(rst)pentaphene-5,10-dione",,,,,,,c1ccc2c(-c3c4c(C2=O)ccc2c4c(c4c5c2ccc2c5c(-c5c(C2=O)cccc5)cc4)cc3)c1
anthracene-9-carboxylicacid_anion,,,,,,,c1ccc2c(c1)cc1c(c2C(=O)[O])cccc1
anthracene-9-carboxylicacid,,,,,,,c1(C(=O)O)c2c(cc3c1cccc3)cccc2
anthracene,,,,,,,c1ccc2c(c1)cc1c(c2)cccc1
anthraflavicacid,,,,,,,c12c(C(=O)c3c(C1=O)ccc(c3)O)ccc(c2)O
anthraquinonemagenta,,,,,,,c12c(cccc1)C(=O)c1c(C2=O)c(cc(c1N)Oc1ccccc1)O
anthraquinone,,,,,,,c12ccccc1C(=O)c1c(cccc1)C2=O
anthrone,,,,,,,O=C1c2c(Cc3c1cccc3)cccc2
antipyrine,,,,,,,c1cc(ccc1)n1n(c(cc1=O)C)C
antizol,,,,,,,[nH]1ncc(C)c1
aphermate,,,,,,,C1[C@@H](CC(CC1)(C)C)[C@@H](OC=O)C
arabinitol,,,,,,,C(O)[C@H]([C@H](O)[C@H](O)CO)O
arborone,,,,,,,[C@H]12C(=CC[C@@]([C@@H]1C)(C)C(=O)C)CCCC2(C)C
arcurcumen,,,,,,,c1(ccc(cc1)C)[C@@H](CCC=C(C)C)C
arecoline,,,,,,,CN1CCC=C(C(=O)OC)C1
argininate_anion,,,,,,,[O]C(=O)[C@@H](N)CCCNC(=N)N
arginine,,,,,,,O=C([O])[C@@H](N)CCCNC(=[NH2])N
aromadendrene,,,,,,,C1C[C@@H]2[C@H]([C@@H]3[C@@H](C1=C)CC[C@@H]3C)C2
aromadendren_allo,,,,,,,[C@@H]12[C@@H](C(=C)CC[C@@H]3[C@H]1C3(C)C)CC[C@@H]2C
arsenicacidtriethylester,,,,,,,CCO[As]([O])OCC.[O]CC
arsenicacid,,,,,,,[O][As](O)O.[OH]
arsenictribromide,,,,,,,[As](Br)(Br)Br
arsenictrichloride,,,,,,,[As](Cl)(Cl)Cl
arsenictrifluoride,,,,,,,[As](F)(F)F
arsenictriiodide,,,,,,,[As](I)(I)I
arsenictrioxide,,,,,,,[As]12O[As](O1)O2
arsenouscacidtriethylester,,,,,,,CCO[As](OCC)OCC
arsine,,,,,,,[AsH3]
artemisiaketone,,,,,,,C=CC(C(=O)C=C(C)C)(C)C
artemisinin,,,,,,,C[C@@H]1CC[C@@H]2[C@@]34OO[C@](O[C@H]3OC(=O)[C@@H]2C)(C)CC[C@@H]14
ar,,,,,,,[Ar]
asaricin,,,,,,,O1COc2c1cc(c(c2)OC)CC=C
asaron_beta,,,,,,,c1c(c(cc(c1/C=C/C)OC)OC)OC
ascaridole,,,,,,,CC(C)[C@@]12CC[C@](C=C1)(C)OO2
ascorbicacid,VITAMIN-C,BP-TZVP,000050-81-7,176.12,C6H8O6,,C1(=C([C@H](OC1=O)[C@@H](O)CO)O)O
asf6_anion,,,,,,,[As](F)(F)F.[F].[F].[F]
asparaginate_anion,,,,,,,[O]C(=O)[C@@H](N)CC(=O)N
asparagine,,,,,,,O=C([O])[C@@H]([NH3])CC(=O)N
aspartame,,,,,,,COC(=O)[C@@H](Cc1ccccc1)NC(=O)[C@@H](N)CC(=O)O
aspartate_anion,,,,,,,O=C([O])[C@@H]([NH3])CC(=O)[O]
asparticacid,,,,,,,[O]C(=O)[C@@H]([NH3])CC(=O)O
aspirin,,,,,,,c1ccc(c(c1)OC(=O)C)C(=O)O
asulam,,,,,,,c1cc(ccc1S(=O)(=O)NC(=O)OC)N
atenolol,,,,,,,c1(ccc(cc1)CC(=O)N)OC[C@@H](CNC(C)C)O
atraton,,,,,,,C(N[C]1N=C(NCC)N=[C](=N1)OC)(C)C
atrazine,,,,,,,C1(=[N]=C(N=C([N]1)NCC)Cl)NC(C)C
atropicacid,,,,,,,c1ccccc1C(=C)C(=O)O
atropine,,,,,,,CN1[C@H]2CC[C@@H]1C[C@H](C2)OC(=O)[C@@H](CO)c1ccccc1
attractolide,,,,,,,C1CCCCCCCC(=O)OCCOC(=O)CC1
auranten_e,,,,,,,c1cc(c(cc1)C(=O)OC)/N=C/C[C@@H](CCCC(O)(C)C)C
azaperone,,,,,,,Fc1ccc(cc1)C(=O)CCCN1CCN(CC1)c1ccccn1
azarbre_a,,,,,,,C1(=O)C=C([C@@H]([C@@H]([C@H]1C)CC)C)CC
azepane-2-thione,,,,,,,S=C1NCCCCC1
azetidine,,,,,,,N1CCC1
azetidine_cation,,,,,,,C1[NH2]CC1
azinphos-ethyl,,,,,,,c1(=O)c2c(nnn1CS[P](OCC)(OCC)[S])cccc2
aziridine,,,,,,,N1CC1
aziridine_cation,,,,,,,[NH2]1CC1
azobenzene,,,,,,,N(=N\c1ccccc1)/c1ccccc1
azodicarbonamide,,,,,,,O=C([N][N]C(=O)N)N
azoxybenzene,,,,,,,c1ccc(cc1)[N]N(c1ccccc1)[O]
azoxyphenetole,,,,,,,[N](N([O])c1ccc(cc1)OCC)c1ccc(cc1)OCC
azulene,,,,,,,c12-c(ccc1)ccccc2
azuril,,,,,,,C1(=CC[C@H](CC1)C#N)CCC=C(C)C
azurone,,,,,,,c12c(ccc(c1)CCC(C)C)OCC(=O)CO2
b-aminopropionitrile,"propanenitrile,3-amino-",BP-TZVP,000151-18-8,70.09,C3H6N2,,N#CCCN
b-butyrolactone,,,,,,,O=C1O[C@H](C)C1
b-d-fructofuranosyl-a-d-glucopyranoside,,,,,,,O1[C@@H](CO)[C@H](O)[C@@H](O)[C@H](O)[C@@H]1O[C@]1(CO)[C@H](O)[C@@H](O)[C@H](CO)O1
b-methylbenzeneethanol,,,,,,,C(O)[C@H](c1ccccc1)C
b-phenylethylacetate,,,,,,,O=C(OCCc1ccccc1)C
b-phenylethylchloride,,,,,,,c1(ccccc1)CCCl
barbituricacid_anion,,,,,,,O=C1NC(=O)[CH]C(=O)N1
barbituricacid,,,,,,,O=C1NC(=O)CC(=O)N1
bbr3,,,,,,,B(Br)(Br)Br
bcl3,,,,,,,B(Cl)(Cl)Cl
bcl4_anion,,,,,,,[B](Cl)(Cl)(Cl)Cl
bclf3_anion,,,,,,,[B](F)(F)(Cl)F
beauvertate,,,,,,,COC(=O)/C=C/CCCCCC
beldambre,,,,,,,C1[C@@]2([C@]3(CC[C@@H]1C3(C)C)C)CO[C@H](OC2)C(C)C
bemp,,,,,,,C1CCN([P](N1C)(N(CC)CC)[N]C(C)(C)C)C
bemp_cation,,,,,,,C1CCN([P](N1C)(N(CC)CC)NC(C)(C)C)C
benefin,,,,,,,N(=O)(=O)c1c(c(cc(c1)C(F)(F)F)N(=O)=O)N(CCCC)CC
benomyl,,,,,,,CCCCNC(=O)n1c(NC(=O)OC)nc2ccccc12
bentazon,,,,,,,CC(C)N1C(=O)c2ccccc2NS1(=O)=O
benz(a)acridine,,,,,,,n1c2c(cc3c1cccc3)ccc1c2cccc1
"benz(a)anthracene-7,12-dione",,,,,,,C1(=O)c2c(C(=O)c3c1ccc1c3cccc1)cccc2
benz(a)anthracene,,,,,,,c1ccc2c(c1)cc1c(c2)ccc2c1cccc2
benz(c)acridine,,,,,,,n1c2c(cc3c1cccc3)c1c(cc2)cccc1
benzaldehyd-propylenglycolacetale,,,,,,,c1(ccccc1)[C@H]1OC[C@H](O1)C
benzaldehyddiethylacetal,,,,,,,c1(ccccc1)C(OCC)OCC
benzaldehyddimethylacetal,,,,,,,c1(ccccc1)C(OC)OC
benzaldehyde(phenylmethylene)hydrazone,,,,,,,c1ccc([CH][N][N][CH]c2ccccc2)cc1
benzaldehydeoxime,,,,,,,N(=C\c1ccccc1)/O
benzaldehyde,,,,,,,c1ccc(cc1)C=O
benzaldiacetate,,,,,,,c1c(cccc1)C(OC(=O)C)OC(=O)C
benzalmalononitrile,,,,,,,c1ccccc1C=C(C#N)C#N
benzamide_anion,,,,,,,c1cc(ccc1)C(=O)[NH]
benzamide,,,,,,,c1ccc(cc1)C(=O)N
benzamide_cation,,,,,,,c1ccc(cc1)C(=O)[NH3]
benzamidine,,,,,,,c1ccccc1C(=N)N
benzamidine_cation,,,,,,,c1ccccc1C(=[NH2])N
benzeneacetaldehyde,PHENYLACETALDEHYDE,BP-TZVP,000122-78-1,120.15,C8H8O,,O=CCc1ccccc1
benzeneacetamide_anion,,,,,,,c1c(cccc1)CC(=O)[NH]
benzeneacetamide,,,,,,,c1c(cccc1)CC(=O)N
benzenecarbothioamide,,,,,,,c1c(cccc1)C(=S)N
benzenecarbothioicacid,,,,,,,O=C(S)c1ccccc1
benzenemethanethiol,,,,,,,c1(CS)ccccc1
benzenepropanal,,,,,,,O=CCCc1ccccc1
benzenepropanenitrile,BENZYLACETONITRILE,BP-TZVP,000645-59-0,131.18,C9H9N,,N#CCCc1ccccc1
benzenepropanol,,,,,,,C(O)CCc1ccccc1
benzenesulfinicacid,,,,,,,O[S@@]([O])c1ccccc1
benzenesulfonamide,,,,,,,O=S(=O)(N)c1ccccc1
benzenesulfonicacid,,,,,,,c1ccccc1S([O])([O])O
benzenesulfonylfluoride,,,,,,,O=S(=O)(F)c1ccccc1
benzene,BENZENE,BP-TZVP,000071-43-2,78.11,C6H6,,c1ccccc1
benzidine,,,,,,,c1(ccc(cc1)c1ccc(cc1)N)N
benzimidazole_anion,,,,,,,c1c2c(ccc1)N=C[N]2
benzisoxazole,,,,,,,c1ccc2c(c1)noc2
benzo(a)pyrene,,,,,,,c12c3c4ccc1cccc2ccc3cc1c4cccc1
"benzo(b)naphtho(1,2-d)thiophene",,,,,,,s1c2c(c3c1cccc3)c1c(cc2)cccc1
"benzo(b)naphtho(2,1-d)thiophene",,,,,,,c12sc3c(c1ccc1c2cccc1)cccc3
"benzo(b)thiophene-1,1-dioxide","benzothiophene-1,1-dioxide",BP-TZVP,000825-44-5,166.2,C8H6O2S,,c1ccc2c(c1)C=CS2(=O)=O
benzo(b)thiophene-4-ol,benzo(b)thiophene-4-ol,BP-TZVP,003610-02-4,150.2,C8H6OS,,s1ccc2c1cccc2O
benzo(b)thiophene,,,,,,,c1ccc2c(c1)scc2
benzo(e)pyrene,,,,,,,c12c3c(c4c5c1c(ccc5ccc4)ccc2)cccc3
benzo(f)quinoline,,,,,,,c1ccc2c(c1)c1c(cc2)nccc1
benzo(h)quinoline,,,,,,,c12c3c(ccc2cccn1)cccc3
"benzo(rst)pentaphene-5,8-dione","benzo(rst)pentaphene-5,8-dione",BP-TZVP,003302-52-1,332.35,C24H12O2,,c1ccc2-c3c4c(C(=O)c2c1)ccc1c4c(-c2c(C1=O)cccc2)cc3
benzo-15-crown-5-ether,,,,,,,C1COCCOc2ccccc2OCCOCCO1
benzo-18-crown-6-ether,,,,,,,C1COCCOCCOc2ccccc2OCCOCCO1
benzocain,,,,,,,c1cc(ccc1N)C(=O)OCC
benzofuran,,,,,,,c1oc2c(c1)cccc2
"benzofurazan,4-nitro-1-oxide",,,,,,,C1=CC=C(C2=NON([C]12)[O])N(=O)=O
"benzofurazan,5-methyl-1-oxide",,,,,,,C1(=CC=C2C(=NON2[O])[CH]1)C
benzofurazan-1-oxide,,,,,,,[C]12C(=NON1[O])C=CC=C2
benzofurazan,,,,,,,o1nc2c(n1)cccc2
benzoguanamine,,,,,,,c1(ccccc1)C1=[N]=C([N]C(=N1)N)N
benzohydroxamicacid_anion1,,,,,,,O=C(N[O])c1ccccc1
benzohydroxamicacid_anion2,,,,,,,O=C([N]O)c1ccccc1
benzohydroxamicacid,benzohydroxamicacid,BP-TZVP,000495-18-1,137.14,C7H7NO2,,O=C(NO)c1ccccc1
benzoicacid-1-methylethylester,,,,,,,O=C(OC(C)C)c1ccccc1
benzoicacid-3-methyl-methylester,,,,,,,O=C(OC)c1cccc(C)c1
benzoicacidanhydride,,,,,,,c1ccc(cc1)C(=O)OC(=O)c1ccccc1
benzoicacidbutylester,,,,,,,c1cccc(c1)C(=O)OCCCC
benzoicacidphenylester,,,,,,,c1cccc(c1)C(=O)Oc1ccccc1
benzoicacidphenylmethylester,,,,,,,c1ccccc1C(=O)OCc1ccccc1
benzoicacidpropylester,,,,,,,c1(C(=O)OCCC)ccccc1
benzoicacid_anion,,,,,,,c1ccc(cc1)C(=O)[O]
benzoicacid,,,,,,,c1ccc(cc1)C(=O)O
benzoicacid_cation,,,,,,,c1ccc(cc1)[C](O)O
benzoin,,,,,,,O[C@@H](c1ccccc1)C(=O)c1ccccc1
"benzonitrile-2,4,6-trimethoxy-n-oxide",,,,,,,c1c(c(c(cc1OC)OC)[C][N][O])OC
benzonitrile,,,,,,,c1ccc(cc1)C#N
benzophenone,,,,,,,C(=O)(c1ccccc1)c1ccccc1
benzothiazole,,,,,,,c1ccc2ncsc2c1
benzoxazole,,,,,,,n1coc2c1cccc2
benzoyl(cyclohexyloxy)-carbonylperoxide,,,,,,,c1c(cccc1)C(=O)OOC(=O)OC1CCCCC1
benzoylacetonitrile,,,,,,,C(C(=O)c1ccccc1)C#N
benzoylazide,benzoylazide,BP-TZVP,000582-61-6,147.13,C7H5N3O,,c1ccc(C(=O)N=[N]=[N])cc1
benzoylbromide,,,,,,,C(=O)(c1ccccc1)Br
benzoylcarboxyperoxidephenylester,,,,,,,c1c(cccc1)C(=O)OOC(=O)Oc1ccccc1
benzoylchloride,,,,,,,C(=O)(c1ccccc1)Cl
benzoylfluoride,BENZOYLFLUORIDE,BP-TZVP,000455-32-3,124.11,C7H5FO,,O=C(F)c1ccccc1
benzoylformicacid,,,,,,,OC(=O)C(=O)c1ccccc1
benzoylhydrazine,,,,,,,O=C(NN)c1ccccc1
benzoylperoxide,,,,,,,c1(ccccc1)C(=O)OOC(=O)c1ccccc1
benzoyltrifluoroacetone,,,,,,,c1c(cccc1)C(=O)CC(=O)C(F)(F)F
benzo[a]naphthacene,,,,,,,c12cc3c(cc1ccc1c2cccc1)cc1c(c3)cccc1
benzo[b]chrysene,,,,,,,c12c3c(c4c(cc3)cccc4)ccc1cc1c(c2)cccc1
benzo[b]fluoranthene,,,,,,,c1c2-c3ccccc3-c3c2c(c2c1cccc2)ccc3
"benzo[b]naphtho[2,3-d]furan",,,,,,,c12c(c3c(o1)cccc3)cc1c(c2)cccc1
"benzo[b]naphtho[2,3-d]thiophene",,,,,,,c12c(c3c(s1)cccc3)cc1c(c2)cccc1
benzo[c]phenanthrene,,,,,,,c12c3c(ccc2ccc2c1cccc2)cccc3
benzo[ghi]perylene,,,,,,,c1ccc2ccc3ccc4ccc5cccc6c1c2c3c4c56
benzo[g]quinoline,,,,,,,c1ccc2c(c1)cc1c(c2)nccc1
benzo[k]fluoranthene,,,,,,,c12cc3-c4c5c(-c3cc1cccc2)cccc5ccc4
benzthiazole_anion,,,,,,,c12N=[C]Sc1cccc2
benzyl-disulfide,,,,,,,C(SSCc1ccccc1)c1ccccc1
benzyl-triphenyl-phosphonium_cation,,,,,,,[P](c1ccccc1)(c1ccccc1)(c1ccccc1)Cc1ccccc1
benzyl2methylbutyrate,,,,,,,c1(ccccc1)COC(=O)[C@H](C)CC
"benzylalcohol,m-amino",,,,,,,Nc1cccc(CO)c1
benzylalcohol_anion,,,,,,,c1ccc(cc1)C[O]
benzylalcohol,,,,,,,c1ccc(cc1)CO
benzylamine,,,,,,,c1ccc(cc1)CN
benzylamine_cation,,,,,,,c1cc(ccc1)C[NH3]
benzylbutyrate,,,,,,,CCCC(=O)OCc1ccccc1
benzylcinnamate,,,,,,,c1(ccccc1)/C=C/C(=O)OCc1ccccc1
benzylethylamine,,,,,,,c1cc(ccc1)CNCC
benzylethylamine_cation,,,,,,,c1cc(ccc1)C[NH2]CC
benzylfluoride,,,,,,,FCc1ccccc1
benzylformate,,,,,,,c1cc(ccc1)COC=O
benzylisobutyrate,,,,,,,C(C)(C)C(=O)OCc1ccccc1
benzylisoeugenol,,,,,,,c1(cc(c(cc1)OCc1ccccc1)OC)/C=C/C
benzylisothiocyanate,,,,,,,N(=C=S)Cc1ccccc1
benzylisovalerate,,,,,,,O(C(=O)CC(C)C)Cc1ccccc1
benzyllaurate,,,,,,,c1(ccccc1)COC(=O)CCCCCCCCCCC
benzylmethylamine,N-METHYLBENZYLAMINE,BP-TZVP,000103-67-3,121.18,C8H11N,,N(Cc1ccccc1)C
benzylmethylamine_cation,,,,,,,[NH2](Cc1ccccc1)C
benzylmethylether,,,,,,,COCc1ccccc1
benzylmethylsulfide,BENZYLMETHYLSULFIDE,BP-TZVP,000766-92-7,138.23,C8H10S,,S(Cc1ccccc1)C
benzylmethylsulfone,,,,,,,S(=O)(=O)(Cc1ccccc1)C
benzylphenylacetate,,,,,,,c1(ccccc1)CC(=O)OCc1ccccc1
benzylphenylether,,,,,,,C(Oc1ccccc1)c1ccccc1
benzylpropionate,,,,,,,O=C(OCc1ccccc1)CC
benzylsalicylate,,,,,,,c1(c(cccc1)O)C(=O)OCc1ccccc1
benzylsulfone,Benzylsulfone,BP-TZVP,000620-32-6,246.33,C14H14O2S,,c1c(cccc1)CS(=O)(=O)Cc1ccccc1
benzylthiocyanate,,,,,,,c1ccccc1CSC#N
benzylthiol_anion,,,,,,,c1cc(ccc1)C[S]
benzyltrimethylsilane,,,,,,,c1ccccc1C[Si](C)(C)C
benzylurea,,,,,,,NC(=O)NCc1ccccc1
benzyl[(1e)-(dimethylamino)methylene]dithiocarbamate,,,,,,,CN(C)/C=N/C(=S)SCc1ccccc1
benzyl[(1e)-1-(dimethylamino)ethylidene]dithiocarbamate,,,,,,,CN(C)[C](C)[N]C(=S)SCc1ccccc1
bergamal,,,,,,,C(=C)([C@@H](CCC=C(C)C)C)C=O
bergamoten_alpha,,,,,,,C1(=CC[C@H]2[C@]([C@@H]1C2)(CCC=C(C)C)C)C
beta-alanine,,,,,,,[NH3]CCC(=O)[O]
beta-aminoacetophenone,,,,,,,O=C(c1cccc(N)c1)C
beta-bisabolol,,,,,,,[C@@]1(CC=C(CC1)C)(O)[C@H](CCC=C(C)C)C
beta-bourbonene,,,,,,,[C@@H]12[C@@H]([C@@H]3[C@]1(CC[C@H]3C(C)C)C)C(=C)CC2
beta-carene,,,,,,,[C@@H]12CC(=C)CC[C@@H]1C2(C)C
beta-caryophyllenealcohol,,,,,,,[C@]12([C@H]3CC([C@H]3CC[C@](CCC1)(C2)C)(C)C)O
beta-caryophyllene,,,,,,,C[C]1[CH]CCC(=C)[C@H]2CC(C)(C)[C@@H]2CC1
beta-cyanopropiophenone,,,,,,,c1c(cccc1)C(=O)CCC#N
beta-cyclocitral,,,,,,,C1CCC(=C(C1(C)C)C=O)C
beta-elemene,,,,,,,[C@@]1([C@H](C[C@H](CC1)C(=C)C)C(=C)C)(C)C=C
beta-eudesmol,,,,,,,C1CC(=C)[C@H]2[C@](C1)(CC[C@H](C2)C(C)(C)O)C
beta-hexachlorocyclohexane,,,,,,,[C@@H]1([C@@H]([C@H]([C@@H]([C@H]([C@@H]1Cl)Cl)Cl)Cl)Cl)Cl
beta-ionol,,,,,,,C[C@@H](O)/C=C/C1=C(C)CCCC1(C)C
beta-ionone,,,,,,,CC(=O)/C=C/C1=C(C)CCCC1(C)C
"beta-n,n-dimethylamino-1-phenylpropanol",,,,,,,CN(C)[C@@H](C)[C@@H](O)c1ccccc1
beta-phenylpropionicacid,,,,,,,O=C(O)CCc1ccccc1
beta-pinene,,,,,,,[C@@H]12C[C@@H](CCC1=C)C2(C)C
beta-propiolactone,,,,,,,C1OC(=O)C1
beta-selinene,,,,,,,C1[C@H](C[C@@H]2[C@](C1)(CCCC2=C)C)C(=C)C
beta-sesquiphellandrene,,,,,,,C1C(=C)C=C[C@H](C1)[C@H](CCC=C(C)C)C
betahydrane,,,,,,,c1cccc(c1)C[C@H]1COCCC1
betazole,,,,,,,[nH]1nc(CCN)cc1
bf3,,,,,,,B(F)(F)F
bf4_anion,,,,,,,[B](F)(F)(F)F
bicalutamide,,,,,,,O=C(Nc1cc(c(C#N)cc1)C(F)(F)F)[C@@](O)(C)CS(=O)(=O)c1ccc(F)cc1
"bicyclo(2,1,0)pentane",,,,,,,C1[C@H]2C[C@H]2C1
"bicyclo(2,2,2)oct-2-ene",,,,,,,C1C[C@@H]2CC[C@H]1C=C2
"bicyclo(221)hept-5-ene-2,2,3,3-tetranitrile",,,,,,,C1=C[C@H]2C(C([C@@H]1C2)(C#N)C#N)(C#N)C#N
"bicyclo(222)oct-5-ene-2,2,3,3-tetracarbonitrile",,,,,,,C1(C(C#N)(C#N)[C@@H]2CC[C@H]1C=C2)(C#N)C#N
"bicyclo(3,3,0)octane",,,,,,,C1C[C@H]2CCC[C@H]2C1
bicyclo(3-2-2)non-6-ene,,,,,,,C1C[C@@H]2C=C[C@H]1CCC2
bicyclo(3-3-1)non-2-ene,,,,,,,C1C[C@H]2C[C@@H](C1)C=CC2
bicyclo(3-3-3)undecane,Bicyclo[3.3.3]undecane,BP-TZVP,029415-95-0,152.28,C11H20,,C1CC[C@@H]2CCC[C@H]1CCC2
"bicyclo(4,1,0)hept-3-ene",,,,,,,[C@H]12C[C@H]1CC=CC2
"bicyclo(4,1,0)heptane",,,,,,,C1[C@H]2[C@@H]1CCCC2
"bicyclo(4,2,1)non-3-ene","Bicyclo[4,2,1]non-3-ene",BP-TZVP,016456-33-0,122.21,C9H14,,C1=CC[C@H]2C[C@@H](C1)CC2
bicyclogermacrene,,,,,,,[C@H]12[C@H]([CH][C](CC/C=C(\CC1)/C)C)C2(C)C
bicyclohexyl,,,,,,,C1CCCCC1C1CCCCC1
"bicyclo[2,2,2]octane",,,,,,,C1[C@@H]2CC[C@H](C1)CC2
"bicyclo[3,3,1]nonane",,,,,,,C1[C@H]2CCC[C@@H]1CCC2
bifenthrin,,,,,,,Cc1c(COC(=O)[C@H]2[C@@H](/C=C(\Cl)/C(F)(F)F)C2(C)C)cccc1c1ccccc1
bifonazole,,,,,,,c1(ccccc1)c1ccc(cc1)[C@H](n1cncc1)c1ccccc1
bigarade_oxide_a,,,,,,,[C@H]12[C@@H](OCC(C1)(C)C)C[C@H](C(=C2)C)C
bigarade_oxide_b,,,,,,,[C@H]12[C@@H](OCC(C1)(C)C)CC(=C(C2)C)C
biguanide,,,,,,,N=C(N)NC(=N)N
biotin,,,,,,,OC(=O)CCCC[C@H]1SC[C@H]2NC(=O)N[C@@H]12
biphenylene,,,,,,,c12-c3c(-c1cccc2)cccc3
biphenyl,,,,,,,c1(ccccc1)c1ccccc1
"bis(1,1-dimethylethyl)disulfide",,,,,,,CC(C)(C)SSC(C)(C)C
"bis(1,1-dimethylethyl)peroxide",,,,,,,O(OC(C)(C)C)C(C)(C)C
"bis(2,2,2-trinitroethoxy)-methane",,,,,,,C(COCOCC(N(=O)=O)(N(=O)=O)N(=O)=O)(N(=O)=O)(N(=O)=O)N(=O)=O
"bis(2,2,2-trinitroethyl)-amine",,,,,,,C(CNCC(N(=O)=O)(N(=O)=O)N(=O)=O)(N(=O)=O)(N(=O)=O)N(=O)=O
"bis(2,2-dinitropropyl)amine",,,,,,,CC(CNCC(C)(N(=O)=O)N(=O)=O)(N(=O)=O)N(=O)=O
"bis(2,4,4-trimethylpentyl)dithiophosphinate_anion",,,,,,,[P](C[C@H](C)CC(C)(C)C)([S])([S])C[C@H](C)CC(C)(C)C
"bis(2,4,4-trimethylpentyl)phosphinate_anion",,,,,,,[P@@](=O)(C[C@@H](CC(C)(C)C)C)([O])C[C@@H](CC(C)(C)C)C
"bis(2,4,4-trimethylpentyl)thiophosphinate_anion",,,,,,,[P@@](=O)(C[C@H](C)CC(C)(C)C)([S])C[C@H](C)CC(C)(C)C
"bis(2,4-dihydroxyphenyl)-methanone","bis(2,4-dihydroxyphenyl)-methanone",BP-TZVP,000131-55-5,246.22,C13H10O5,,[O][C](c1c(O)cc(cc1)O)c1c(O)cc(cc1)O
"bis(2,5-dimethyl-3-furyl)-disulfide",,,,,,,Cc1oc(C)c(SSc2cc(C)oc2C)c1
bis(2-chloroethyl)2-chloroethylphosphonate,,,,,,,ClCCP(=O)(OCCCl)OCCCl
bis(2-chloroethyl)ether,di(2-chloroethyl)ether,BP-TZVP,000111-44-4,143.01,C4H8Cl2O,,ClCCOCCCl
bis(2-ethylhexyl)phosphate,,,,,,,[P@@](=O)(OC[C@@H](CC)CCCC)(OC[C@@H](CC)CCCC)O
bis(2-hydroxy-4-methoxyphenyl)-methanone,,,,,,,c1c(c(ccc1OC)[C]([O])c1c(cc(cc1)OC)O)O
bis(2-methoxyethyl)ammonium_cation,,,,,,,[NH2](CCOC)CCOC
bis(2-methyl-3-furyl)-disulfide,,,,,,,Cc1occc1SSc1ccoc1C
bis(2-methyllactato)borate_anion,,,,,,,O=C1O[B]2(OC1(C)C)OC(=O)C(C)(O2)C
bis(2-methylphenyl)-disulfide,,,,,,,Cc1ccccc1SSc1ccccc1C
bis(3-chloropropyl)methylphosphonate,,,,,,,ClCCCOP(=O)(C)OCCCCl
bis(4-chlorophenyl)sulfoxide,,,,,,,Clc1ccc(cc1)S(=O)c1ccc(cc1)Cl
bis(4-methoxyphenyl)diazene-1-oxide,,,,,,,c1cc(ccc1[N]N([O])c1ccc(cc1)OC)OC
bis(4-methoxyphenyl)methanone,,,,,,,COc1ccc(cc1)C(=O)c1ccc(cc1)OC
bis(4-methylphenyl)sulfoxide,,,,,,,Cc1ccc(cc1)S(=O)c1ccc(cc1)C
bis(alpha-methylbenzyl)ether,,,,,,,c1ccccc1[C@@H](C)O[C@@H](C)c1ccccc1
bis(difluoromethoxy)difluoro-methane,,,,,,,C(OC(OC(F)F)(F)F)(F)F
bis(difluoromethyl)(trifluoromethyl)amine,,,,,,,C(N(C(F)F)C(F)(F)F)(F)F
bis(fluoromethoxy)methane,,,,,,,C(OCF)OCF
bis(fluoromethyl)dimethyl-silane,,,,,,,C[Si](C)(CF)CF
bis(fluorosulfonyl)imide_anion,,,,,,,[N](S(=O)(=O)F)S(=O)(=O)F
bis(n-dimethyl)-n-dibutyl-guanidinium_cation,,,,,,,N(C)(C)[C](N(C)C)N(CCCC)CCCC
bis(n-perfluoropropylether),,,,,,,C(C(OC(C(C(F)(F)F)(F)F)(F)F)(F)F)(C(F)(F)F)(F)F
bis(pentafluoroethyl)ether,,,,,,,C(C(F)(F)F)(OC(C(F)(F)F)(F)F)(F)F
bis(pentafluoroethylsulfonyl)amide_anion,,,,,,,C(F)(F)(S(=O)(=O)[N]S(=O)(=O)C(F)(F)C(F)(F)F)C(F)(F)F
bis(perfluoroisopropyl)ketone,,,,,,,C(=O)(C(C(F)(F)F)(C(F)(F)F)F)C(C(F)(F)F)(C(F)(F)F)F
bis(trifluoromethoxy)-methane,,,,,,,C(OC(F)(F)F)OC(F)(F)F
bis(trifluoromethyl)-esterthanedioicacid,,,,,,,C(=O)(C(=O)OC(F)(F)F)OC(F)(F)F
bis(trifluoromethyl)imide_anion,,,,,,,[N](C(F)(F)F)C(F)(F)F
bis(trifluoromethyl)sulfide,BIS(TRIFLUOROMETHYL)SULFIDE,BP-TZVP,000371-78-8,170.08,C2F6S,,FC(F)(F)SC(F)(F)F
bis(trifluoromethylsulfonyl)methane_anion,,,,,,,C(F)(S(=O)(=O)[CH]S(=O)(=O)C(F)(F)F)(F)F
bis(trimethylsilyl)bromomethane,,,,,,,C[Si](C)(C)C([Si](C)(C)C)Br
bis(trimethylsilyl)chloromethane,,,,,,,C[Si](C)(C)C([Si](C)(C)C)Cl
bis(trimethylsilyl)methane,,,,,,,C[Si](C)(C)C[Si](C)(C)C
bis(trimethylsilyl)methylamine,,,,,,,C[Si](C)(C)C(N)[Si](C)(C)C
bis(triphenylmethyl)peroxide,,,,,,,c1ccccc1C(c1ccccc1)(c1ccccc1)OOC(c1ccccc1)(c1ccccc1)c1ccccc1
bis-(2-aminoethyl)ether,BIS-(2-AMINOETHYL)ETHER,BP-TZVP,002752-17-2,104.15,C4H12N2O,,NCCOCCN
bis-pentafluoroethyl-phosphinate_anion,,,,,,,P(=O)(C(F)(C(F)(F)F)F)([O])C(C(F)(F)F)(F)F
bisabolene,,,,,,,CC(=CCC/C(=C\1/CCC(=CC1)C)/C)C
bisabolen_alpha,,,,,,,[C@@H]1(CC=C(CC1)C)/C(=C\CC=C(C)C)/C
bisabolen_beta,,,,,,,C1[C@]2([C@@H]([C@](C1)(C)O)C2)C(C)C
bisabololoxide_a,,,,,,,C1(=CC[C@H](CC1)[C@@]1(CC[C@@H](C(O1)(C)C)O)C)C
bisabololoxide_b,,,,,,,C1(=CC[C@@H](CC1)[C@]1(CC[C@@H](O1)C(O)(C)C)C)C
bisabolol_alpha,,,,,,,[C@@H]1(CC=C(CC1)C)[C@](CCC=C(C)C)(C)O
bisbiphenyldiolatoborate_anion,,,,,,,[B]12(Oc3ccccc3-c3ccccc3O1)Oc1ccccc1-c1ccccc1O2
bismalonatoborate_anion,,,,,,,[B]12(OC(=O)CC(=O)O1)OC(=O)CC(=O)O2
bisoxalatoborate_anion,,,,,,,[B]12(OC(=O)C(=O)O1)OC(=O)C(=O)O2
bissalicylatoborate_anion,,,,,,,[B]12(OC(=O)c3c(O1)cccc3)Oc1ccccc1C(=O)O2
"bis[1,2-benzenediolato]borate_anion",,,,,,,[B]12(Oc3ccccc3O1)Oc1ccccc1O2
bis[3-(triethoxysilyl)propyl]disulfide,BIS[3-(TRIETHOXYSILYL)PROPYL]DISULFIDE,BP-TZVP,056706-10-6,474.83,C18H42O6S2Si2,,[Si](OCC)(OCC)(OCC)CCCSSCCC[Si](OCC)(OCC)OCC
bis[3-(trimethoxysilyl)propyl]disulfide,,,,,,,[Si](OC)(OC)(OC)CCCSSCCC[Si](OC)(OC)OC
bis[4-(diethylamino)phenyl]methanone,,,,,,,CCN(CC)c1ccc(cc1)C(=O)c1ccc(cc1)N(CC)CC
bis[4-(dimethylamino)phenyl]methanone,,,,,,,CN(C)c1ccc(cc1)C(=O)c1ccc(cc1)N(C)C
biurea,,,,,,,O=C(NNC(=O)N)N
bmpc,,,,,,,c1cccc(c1OC(=O)NC)[C@H](CC)C
boisambrene_forte,,,,,,,C1CCCCCCCCCC(C1)OCOCC
boisiris,,,,,,,[C@H]12C(CC[C@H]([C@](CC1)(OCC)C)C2=C)(C)C
bonarox,,,,,,,[C@@H]12[C@]3(CO[C@@H](OC3)C)C[C@@H](CC1)C2
boricacid_anion,,,,,,,[B](=O)(O)O
boricacid,,,,,,,OB(O)O
bornafix,,,,,,,[C@@H]1(C[C@H]2CC[C@@]1(C2(C)C)C)OC[C@H](C)CO
bornylbenzoate,,,,,,,[C@@]12([C@@H](C[C@H](CC1)C2(C)C)OC(=O)c1ccccc1)C
bornylcyclohexanol_a,,,,,,,C1C[C@H]2C[C@H]([C@]1(C)C2(C)C)[C@H]1CC[C@@H](CC1)O
bornylformate,,,,,,,C1C[C@]2([C@H](C[C@@H]1C2(C)C)OC=O)C
bornylmethylether,,,,,,,[C@@]12([C@@H](C[C@H](CC1)C2(C)C)OC)C
boronal,,,,,,,C1(=C(CCCC1(C)C)C)C/C=C(/C=O)\C
bourbonen_beta,,,,,,,[C@@H]12[C@@H]([C@]3([C@@H]1[C@@H](CC3)C(C)C)C)CCC2=C
bourgeonal,,,,,,,c1(ccc(cc1)C(C)(C)C)CCC=O
br2,,,,,,,BrBr
brahmanol,,,,,,,C(C[C@H]1CC=C(C1(C)C)C)[C@H](CO)C
brcl,BROMINECHLORIDE(BRCL),BP-TZVP,013863-41-7,115.36,BrCl,,BrCl
brf,,,,,,,BrF
bromacil,,,,,,,n1(c(=O)[nH]c(c(c1=O)Br)C)[C@H](C)CC
bromazepam,,,,,,,Brc1ccc2NC(=O)CN=C(c3ccccn3)c2c1
bromo(difluoro)methanethiol,,,,,,,C(F)(F)(S)Br
bromo(difluoro)methanol,,,,,,,C(O)(F)(F)Br
bromo-chloro-fluoromethanol,,,,,,,[C@@](O)(F)(Cl)Br
bromo-difluoro-methoxymethane,,,,,,,COC(F)(F)Br
bromoacetamide,,,,,,,O=C(N)CBr
bromoaceticacidethylester,bromoaceticacidethylester,BP-TZVP,000105-36-2,167,C4H7BrO2,,O=C(OCC)CBr
bromoaceticacidmethylester,,,,,,,O=C(OC)CBr
bromoaceticacid_anion,,,,,,,BrCC(=O)[O]
bromoaceticacid,,,,,,,O=C(O)CBr
bromoacetonitrile,,,,,,,BrCC#N
bromobenzene,,,,,,,c1cc(ccc1)Br
bromochlorodifluoromethane,,,,,,,C(F)(F)(Br)Cl
bromochlorofluoromethane,,,,,,,Br[C@@H](Cl)F
bromocyclohexane,,,,,,,BrC1CCCCC1
bromocyclopentane,,,,,,,BrC1CCCC1
bromocyclopropane,,,,,,,BrC1CC1
bromodichlorofluoro-methane,,,,,,,C(F)(Cl)(Cl)Br
bromodifluoromethane,,,,,,,BrC(F)F
bromoethane,,,,,,,CCBr
bromoethene,,,,,,,C=CBr
bromofluoromethane,,,,,,,BrCF
bromomethoxy(fluoro)methane,,,,,,,C(OCBr)F
bromomethylmethylether,,,,,,,O(CBr)C
bromonitromethane,bromonitromethane,BP-TZVP,000563-70-2,139.94,CH2BrNO2,,N(=O)(=O)CBr
bromopentachloroethane,Bromopentachloroethane,BP-TZVP,079504-02-2,281.19,C2BrCl5,,ClC(Cl)(Br)C(Cl)(Cl)Cl
bromopentafluoroacetone,,,,,,,C(=O)(C(F)(F)F)C(F)(F)Br
bromopentafluoroethane,,,,,,,C(C(F)(F)Br)(F)(F)F
bromotrichloromethane,,,,,,,C(Cl)(Cl)(Br)Cl
bromotrifluoroethene,,,,,,,BrC(=C(F)F)F
broxyquinoline,,,,,,,c1cnc2c(O)c(cc(c2c1)Br)Br
br_anion,,,,,,,[Br]
buccoxime,,,,,,,C1CC[C@]2(CC[C@@]1(/C/2=N\O)C)C
bullvalene,,,,,,,C1=C[C@H]2[C@H]3C=C[C@@H]1C=C[C@@H]23
bulnesen_beta,,,,,,,[C@H]12C(=C(CC[C@H](C1)C(=C)C)C)CC[C@@H]2C
bulnesol,,,,,,,[C@H]12C(=C(CC[C@H](C1)C(O)(C)C)C)CC[C@@H]2C
bupivacaine,,,,,,,c1cc(c(c(c1)C)NC(=O)[C@H]1CCCCN1CCCC)C
buquinolate,,,,,,,CCOC(=O)c1c[nH]c2cc(OCC(C)C)c(OCC(C)C)cc2c1=O
but-2-ynoicacidethylester,,,,,,,CC#CC(=O)OCC
but-3-ene-1-thiol,,,,,,,C=CCCS
butadiene,,,,,,,C=CC=C
butadione,,,,,,,C(=O)(C(=O)C)C
butan-2-yl(trimethyl)silane,,,,,,,CC[C@@H](C)[Si](C)(C)C
butan-2-yl-ethyl-dimethylsilane,,,,,,,CC[C@@H](C)[Si](C)(C)CC
butanal,,,,,,,O=CCCC
butanamide,,,,,,,CCCC(=O)N
"butane-2,2-diamine",,,,,,,CCC(C)(N)N
butanedinitrile,,,,,,,N#CCCC#N
"butanedioicacid,2,3-dihydroxydiethylester",,,,,,,O(C(=O)[C@H]([C@@H](C(=O)OCC)O)O)CC
"butanedioicacid,monomethylester",,,,,,,O=C(OC)CCC(=O)O
butanedioicacidethylmethylester,,,,,,,O=C(OCC)CCC(=O)OC
butanedioicacidmonoethylester,,,,,,,O=C(OCC)CCC(=O)O
butanethiol_anion,,,,,,,[S]CCCC
butanethiol,,,,,,,SCCCC
butane,,,,,,,CCCC
butanimidoylchloride,,,,,,,CCCC(=N)Cl
"butanoicacid,anhydride","BUTANOICACID,ANHYDRIDE",BP-TZVP,000106-31-0,158.2,C8H14O3,,CCCC(=O)OC(=O)CCC
butanoicacid-2-methylpropylester,,,,,,,O=C(OCC(C)C)CCC
butanoicacid-4-chloro-ethylester,,,,,,,ClCCCC(=O)OCC
butanoicacid-4-chloro-methylester,,,,,,,O=C(OC)CCCCl
butanoicacid_anion,,,,,,,C(=O)([O])CCC
butanone,,,,,,,CCC(=O)C
butene,,,,,,,C(C=C)C
butenyne,,,,,,,C#CC=C
butoxide,,,,,,,O1C[C@H]1CC
butralin,,,,,,,c1(cc(c(c(c1)N(=O)=O)N[C@H](C)CC)N(=O)=O)C(C)(C)C
butryicacidhydrazide,,,,,,,CCCC(=O)NN
butyl-2-methylbutyrate,,,,,,,O(CCCC)C(=O)[C@H](CC)C
butyl-beta-naphthyl-ether,,,,,,,CCCCOc1ccc2ccccc2c1
butyl-diethanolammonium_cation,,,,,,,CCCC[NH](CCO)CCO
butyl-trihexyl-phosphonium_cation,,,,,,,[P](CCCC)(CCCCCC)(CCCCCC)CCCCCC
butyl2methylvalerianate,,,,,,,CCCCOC(=O)[C@@H](CCC)C
butylangelate,,,,,,,CCCCOC(=O)/C(=C\C)/C
butylate,,,,,,,O=C(N(CC(C)C)CC(C)C)SCC
butylbenzene,,,,,,,c1cc(ccc1)CCCC
butylbenzylphthalate,,,,,,,c1cccc(c1)COC(=O)c1ccccc1C(=O)OCCCC
butylbutyrate,,,,,,,O=C(OCCCC)CCC
butylbutyryllactate,,,,,,,C([C@@H](CCC=C(C)C)C)COC(=O)CCC
butylcarbamate,,,,,,,NC(=O)OCCCC
butylchinolin_sec-_a,,,,,,,c12c(cc(cc1)[C@@H](C)CC)cccn2
butylchinolin_sec-_b,,,,,,,c12c(cccc1[C@@H](C)CC)cccn2
butylcyclohexane,,,,,,,C1CCCCC1CCCC
butylcyclopentane,,,,,,,C1CCCC1CCCC
butyldecanoate,,,,,,,C(C(=O)OCCCC)CCCCCCCC
butyldimethylsilane,,,,,,,C[SiH](C)CCCC
butylenecarbonate,,,,,,,CC[C@@H]1COC(=O)O1
butylenechlorhydrin,,,,,,,Cl[C@@H](O)CCC
butylformate,,,,,,,O=COCCCC
butylgylcidylether,,,,,,,O1[C@@H](COCCCC)C1
butylhexanoate,,,,,,,C(C(=O)OCCCC)CCCC
butylisobutyrate,,,,,,,CCCCOC(=O)C(C)C
butylisothiocyanate,,,,,,,N(=C=S)CCCC
butylisovalerate,,,,,,,O(CCCC)C(=O)CC(C)C
butyllactate,,,,,,,O=C([C@H](O)C)OCCCC
butyllaurate,,,,,,,C(CCCCCCCC(=O)OCCCC)CCC
butylmalonicacid,,,,,,,CCCCC(C(=O)O)C(=O)O
butylnitrate,,,,,,,CCCCON(=O)=O
butylnitrite,,,,,,,[O][N]OCCCC
butylnonanoate,BUTYLNONANOATE,BP-TZVP,050623-57-9,214.35,C13H26O2,,CCCCCCCCC(=O)OCCCC
butyloctanoate,,,,,,,C(C(=O)OCCCC)CCCCCC
butylphenylether,,,,,,,O(c1ccccc1)CCCC
butylsec-butylsulfoxide,,,,,,,CCCC[S@](=O)[C@@H](C)CC
butylsulfate_anion,,,,,,,C(COS([O])([O])[O])CC
butyltert-butylsulfoxide,,,,,,,CCCC[S@](=O)C(C)(C)C
butyltrichlorosilane,BUTYLTRICHLOROSILANE,BP-TZVP,007521-80-4,191.56,C4H9Cl3Si,,Cl[Si](Cl)(Cl)CCCC
butyltrimethylammonium_cation,,,,,,,C[N](CCCC)(C)C
butyltrimethylsilane,,,,,,,C[Si](C)(C)CCCC
butylurea,,,,,,,NC(=O)NCCCC
butylvinylether,,,,,,,C=COCCCC
butylzimtaldehyde,,,,,,,c1(ccccc1)/C=C(\CCCC)/C=O
butyne,,,,,,,CCC#C
butyraldoxime,"butanal,oxime",BP-TZVP,000110-69-0,87.12,C4H9NO,,N(=C\CCC)/O
butyranilide,N-phenylButanamide,BP-TZVP,001129-50-6,163.22,C10H13NO,,c1(ccccc1)NC(=O)CCC
butyricacid,,,,,,,C(=O)(O)CCC
butyronitrile,,,,,,,N#CCCC
butyrylchloride,BUTYRYLCHLORIDE,BP-TZVP,000141-75-3,106.55,C4H7ClO,,O=C(CCC)Cl
cacodylicacid,,,,,,,C[As](O)[O].[CH3]
"cadina-1,4-dien-3-ol",,,,,,,C1=C2[C@@H](C=C([C@@H]1O)C)[C@@H](CC[C@@H]2C)C(C)C
cadinadiene,,,,,,,C1(=C[C@@H]2C(=CC1)[C@H](CC[C@H]2C(C)C)C)C
cadinen_gamma,,,,,,,[C@@H]12[C@H](C(=C)CC[C@H]1C(C)C)CCC(=C2)C
cadinol,,,,,,,[C@@H]12[C@H]([C@@](CC[C@H]1C(C)C)(O)C)CCC(=C2)C
caffeine,,,,,,,c1(=O)n(c(=O)c2c(n1C)ncn2C)C
calacoren_alpha,,,,,,,c12c([C@@H](CC=C1C)C(C)C)cc(cc2)C
calamenene,,,,,,,C1C[C@@H](c2c([C@@H]1C(C)C)cc(cc2)C)C
calone,,,,,,,c1c(cc2c(c1)OCC(=O)CO2)C
calyxol,,,,,,,[C@@H]1([C@@H](CC(=O)C=C1C)CCCCC)C(=O)OCC
camonal,,,,,,,[C@@H]1(OC[C@@H](CO1)C)CC(C)C
camphenehydrate,,,,,,,C1[C@@H]2C([C@@]([C@H](C1)C2)(C)O)(C)C
camphene,,,,,,,C1(C)(C)[C@H]2C[C@@H](C1=C)CC2
camphoric_acid,,,,,,,CC1(C)[C@H](CC[C@@]1(C)C(=O)O)C(=O)O
camphor,,,,,,,CC1(C)[C@@H]2CC[C@@]1(C)C(=O)C2
canthoxal,,,,,,,c1(ccc(cc1)OC)C[C@@H](C=O)C
cantryl,,,,,,,C1(=CC[C@@H](C1(C)C)CC#N)C
capramide,,,,,,,CCCCCCCCCC(=O)N
caprinitrile,DECANENITRILE,BP-TZVP,001975-78-6,153.27,C10H19N,,CCCCCCCCCC#N
caprolactam,,,,,,,C1CC(=O)NCCC1
capronicacid-3-en,3-HEXENOICACID,BP-TZVP,004219-24-3,114.14,C6H10O2,,CC/C=C/CC(=O)O
caprylcapronate,,,,,,,CCCCCCOC(=O)CCCCC
caprylicacid,,,,,,,O=C(CCCCCCC)O
captan,,,,,,,ClC(Cl)(Cl)SN1C(=O)[C@@H]2CC=CC[C@H]2C1=O
carbadox,,,,,,,COC(=O)[N]N[CH]c1c[n+]([O-])c2ccccc2[n+]1[O-]
carbamazepine,,,,,,,N1(C(=O)N)c2c(C=Cc3c1cccc3)cccc2
carbamicacid-2-methylpropylester,,,,,,,O=C(OCC(C)C)N
carbamicchloride,,,,,,,ClC(=O)N
carbanthreneblue,,,,,,,c1(=O)c2c3c([nH]c4c([nH]3)c(Cl)cc3c4c(=O)c4c(c3=O)cccc4)c(cc2c(=O)c2c1cccc2)Cl
carbaryl,,,,,,,c1ccc2c(c1)c(ccc2)OC(=O)NC
carbazaldehyde,,,,,,,O=CNN
carbazole_anion,,,,,,,c1ccc2c(c1)N=C1C2=CC=C[CH]1
carbazole,,,,,,,c1ccc2c(c1)[nH]c1c2cccc1
carbendazim,,,,,,,c1ccc2c(c1)[nH]c(n2)NC(=O)OC
carbofuran,,,,,,,CNC(=O)Oc1cccc2CC(C)(C)Oc12
carbohydrazide,,,,,,,O=C(NN)NN
carbonicaciddicyclohexylester,,,,,,,O(C(=O)OC1CCCCC1)C1CCCCC1
carbonicaciddipropylester,,,,,,,O=C(OCCC)OCCC
carbonicacid_anion,,,,,,,C(=O)([O])O
carbonicacid,,,,,,,C(=O)(O)O
carbonicdichloride,,,,,,,ClC(=O)Cl
carbonochloridicacid-2-methylpropylester,,,,,,,O=C(OCC(C)C)Cl
carbonochloridicacid-3-chloropropylester,,,,,,,O=C(OCCCCl)Cl
carbonochloridicacidbutylester,,,,,,,O=C(OCCCC)Cl
carbonochloridicacidethylester,,,,,,,ClC(=O)OCC
carbonochloridicacidmethylester,,,,,,,ClC(=O)OC
carbonothioicdihydrazide,,,,,,,N(C(=S)NN)N
carnaline,,,,,,,c1(cc(c(cc1)O)OC)C(=O)OC
carotol,,,,,,,C1(=CC[C@@]2([C@](CC1)([C@H](CC2)C(C)C)O)C)C
carvacrolmethylether,,,,,,,c1(ccc(c(c1)OC)C)C(C)C
carveol,,,,,,,[C@@H]1(CC(=C(CC1)C)O)C(=C)C
carveylacetate,,,,,,,[C@@H]1(CC=C([C@H](C1)OC(=O)C)C)C(=C)C
carvomenthol,,,,,,,CC(C)[C@@H]1CC[C@@H](C)[C@H](O)C1
carvonoxide,,,,,,,[C@@H]1(CC(=O)[C@@]2([C@H](C1)O2)C)C(=C)C
carvon,,,,,,,C1C=C(C(=O)C[C@H]1C(=C)C)C
caryophyllenoxide,,,,,,,C1C[C@@H]2[C@@H](C(=C)CC[C@H]3[C@]1(C)O3)CC2(C)C
caryophyllen,,,,,,,C1C[C@@H]2[C@@H](C(=C)CC/C=C\1/C)CC2(C)C
cashmeran,,,,,,,C12=C(C(=O)CCC1)C([C@H](C2(C)C)C)(C)C
cassifix_a,,,,,,,C1[C@@]2(CCC[C@](O1)(C2)C)[C@H]1CC=C(C1(C)C)C
cassifix_b,,,,,,,C1[C@@]2(OC[C@](C1)(CC2)[C@H]1CC=C(C1(C)C)C)C
cassifix_c,,,,,,,C1C([C@@]2([C@H](C1)[C@@]1(CO2)CC(=CCC1)C)C)(C)C
cassifix_d,,,,,,,C1C([C@@]2([C@H](C1)[C@@]1(CO2)CC=C(CC1)C)C)(C)C
cbr4,,,,,,,C(Br)(Br)(Br)Br
ccl4,,,,,,,C(Cl)(Cl)(Cl)Cl
cedralon_isocedranon,,,,,,,[C@]123[C@@H](C([C@@H]([C@H](C(=O)C1)C)C3)(C)C)CC[C@H]2C
cedrenol,,,,,,,C1[C@H](C[C@@H]2[C@@]31C[C@@H](C(=C)[C@@H](C2(C)C)C3)O)C
cedrenylacetate,,,,,,,[C@]123[C@@H](C([C@@H](C(=CC1)COC(=O)C)C3)(C)C)CC[C@H]2C
cedren_alpha,,,,,,,[C@@H]12C([C@H]3[C@](CC=C1C)([C@@H](CC3)C)C2)(C)C
cedren_beta,,,,,,,[C@@H]12C([C@H]3[C@](CCC1=C)([C@@H](CC3)C)C2)(C)C
cedroxide,,,,,,,C1/C=C\CC/C=C\CC[C@H]2[C@@](C1(C)C)(O2)C
cedrylacetate,,,,,,,[C@H]12[C@@]3(CC[C@]([C@H](C1(C)C)C3)(C)OC(=O)C)[C@@H](CC2)C
cedrylmethylether,,,,,,,[C@H]12[C@@]3(CC[C@]([C@H](C1(C)C)C3)(C)OC)[C@@H](CC2)C
cetalox,,,,,,,[C@H]12CC[C@@]3([C@@H]([C@@]1(CCCC2(C)C)C)CCO3)C
cf3br,,,,,,,C(F)(Br)(F)F
cf4,,,,,,,C(F)(F)(F)F
cfcl3,,,,,,,C(F)(Cl)(Cl)Cl
ch2br2,,,,,,,C(Br)Br
ch2cl2,,,,,,,C(Cl)Cl
ch2clbr,,,,,,,C(Cl)Br
ch2cli,,,,,,,C(Cl)I
ch2fcl,,,,,,,C(F)Cl
ch3br,,,,,,,CBr
ch3cl,,,,,,,CCl
ch3f,,,,,,,CF
ch3i,,,,,,,CI
chamazulen,,,,,,,c12-c(c(ccc(c1)CC)C)ccc2C
chbr3,,,,,,,C(Br)(Br)Br
chcl2br,,,,,,,C(Cl)(Br)Cl
chcl3_anion,,,,,,,[C](Cl)(Cl)Cl
chcl3,,,,,,,C(Cl)(Cl)Cl
chf2cl,,,,,,,C(F)(F)Cl
chf3,,,,,,,C(F)(F)F
chfcl2,,,,,,,C(Cl)(Cl)F
chinoline,,,,,,,c1ccc2c(c1)cccn2
chinoline_cation,,,,,,,C1=CC=C2C(=CC=CN2)[CH]1
chinone,,,,,,,C1(=O)C=CC(=O)C=C1
chloralammonia,,,,,,,ClC(Cl)(Cl)[C@@H](O)N
chloramben,,,,,,,c1c(cc(c(c1N)Cl)C(=O)O)Cl
chloramphenicol,,,,,,,c1([C@H]([C@H](NC(=O)C(Cl)Cl)CO)O)ccc(cc1)N(=O)=O
chlorinemonoxide,CHLORINEMONOXIDE,BP-TZVP,007791-21-1,86.91,Cl2O,,ClOCl
chlorinetrifluoride,,,,,,,ClF.[F].[F]
chlornitrofen,,,,,,,c1c(cc(c(c1Cl)Oc1ccc(cc1)N(=O)=O)Cl)Cl
chloro(chloromethyl)dimethylsilane,,,,,,,Cl[Si](C)(C)CCl
chloro(difluoro)methanamine,,,,,,,C(N)(F)(F)Cl
chloro(difluoromethoxy)difluoro-methane,,,,,,,C(OC(F)(F)Cl)(F)F
chloro(dimethyl)phosphine,,,,,,,CP(C)Cl
chloro(fluoro)methanamine,,,,,,,[C@H](N)(F)Cl
chloro(fluoro)methanethiol,,,,,,,[C@H](F)(S)Cl
chloro(trifluoromethoxy)methanol,,,,,,,[C@H](O)(OC(F)(F)F)Cl
chloro-difluoro-methoxymethane,,,,,,,COC(F)(F)Cl
chloro-fluoro-methylsulfanylmethane,,,,,,,CS[C@@H](F)Cl
chloro-methanesulfenylchloride,,,,,,,C(SCl)Cl
chloro-[chloro(difluoro)methoxy]-difluoromethane,,,,,,,C(OC(F)(F)Cl)(F)(F)Cl
chloroacetaldehyde,,,,,,,ClCC=O
"chloroaceticacid-1,1-dimethylethylester",,,,,,,O=C(OC(C)(C)C)CCl
chloroaceticacidbutylester,,,,,,,O=C(OCCCC)CCl
chloroaceticacidmethylester,CHLOROACETICACIDMETHYLESTER,BP-TZVP,000096-34-4,108.52,C3H5ClO2,,ClCC(=O)OC
chloroaceticacid_anion,,,,,,,ClCC(=O)[O]
chloroaceticacid,,,,,,,ClCC(=O)O
chloroacetone,,,,,,,O=C(CCl)C
chloroacetonitrile,,,,,,,ClCC#N
chloroacetylchloride,,,,,,,ClCC(=O)Cl
chloroacetylisocyanate,,,,,,,O=C=NC(=O)CCl
chloroallene,,,,,,,ClC=C=C
chlorobenzene,,,,,,,c1ccc(cc1)Cl
chlorocyclohexane,Cyclohexylchloride,BP-TZVP,000542-18-7,118.61,C6H11Cl,,C1CC(CCC1)Cl
chlorocyclopentane,,,,,,,ClC1CCCC1
chlorodifluoro-methanol,,,,,,,C(O)(F)(F)Cl
chlorodifluoroacetaldehyde,,,,,,,C(=O)C(F)(F)Cl
chlorodifluoroaceticacid,,,,,,,O=C(O)C(F)(F)Cl
chlorodimethoxy-methane,,,,,,,COC(OC)Cl
chlorodimethylphenylsilane,"SILANE,PHENYL-DIMETHYL-CHLORO-",BP-TZVP,000768-33-2,170.71,C8H11ClSi,,Cl[Si](C)(C)c1ccccc1
chlorodimethylsulfide,,,,,,,ClCSC
chloroethane,,,,,,,C(C)Cl
chloroethene,,,,,,,C(=C)Cl
chloroethylchloroformate,chloroethylchloroformate,BP-TZVP,000627-11-2,142.97,C3H4Cl2O2,,O=C(OCCCl)Cl
chloroethyne,,,,,,,ClC#C
chlorofluoro-methanol,,,,,,,[C@H](O)(F)Cl
chlorofluoroacetaldehyde,,,,,,,F[C@@H](Cl)C=O
chlorofluoroaceticacid,,,,,,,OC(=O)[C@@H](Cl)F
chlorofumaronitrile,CHLOROFUMARONITRILE,BP-TZVP,071200-79-8,112.52,C4HClN2,,N#C/C=C(/C#N)\Cl
chloroheptafluorocyclobutane,,,,,,,ClC1(C(C(C1(F)F)(F)F)(F)F)F
chlorohexafluoro-1-propanol,,,,,,,C(C(O)(F)F)(C(F)(F)Cl)(F)F
chloromethacetate,,,,,,,ClCOC(=O)C
chloromethoxy(trifluoro)methane,,,,,,,C(OC(F)(F)F)Cl
chloromethoxymethane,,,,,,,ClCOC
"chloromethyl-2,2,2-trifluoroacetate",,,,,,,C(OC(=O)C(F)(F)F)Cl
chloromethylchloroformate,,,,,,,ClC(=O)OCCl
chloromethyldiphenylsilane,,,,,,,Cl[Si](c1ccccc1)(c1ccccc1)C
chloromethylethylether,chloromethylethylether,BP-TZVP,003188-13-4,94.54,C3H7ClO,,O(CC)CCl
chloromethylsulfanyl(difluoro)methane,,,,,,,C(SC(F)F)Cl
chloromethylthiocyanate,,,,,,,N#CSCCl
chloroneb,,,,,,,c1(cc(c(cc1Cl)OC)Cl)OC
chloronitromethane,,,,,,,O=N(=O)CCl
chlorononafluoro-cyclopentane,,,,,,,C1(C(C(C(C1(F)F)(F)Cl)(F)F)(F)F)(F)F
chlorooctafluoro-butane,,,,,,,[C@@H]([C@@](C(F)(F)F)(F)Cl)(C(F)(F)F)F
chloropentafluoroacetone,,,,,,,C(=O)(C(F)(F)F)C(F)(F)Cl
chloropentafluoroethane,,,,,,,C(Cl)(F)(F)C(F)(F)F
chlorophenylsilane,,,,,,,Cl[SiH2]c1ccccc1
chloropromazine,,,,,,,CN(C)CCCN1c2ccccc2Sc2ccc(Cl)cc12
chloropyrazine,2-CHLOROPYRAZINE,BP-TZVP,014508-49-7,114.53,C4H3ClN2,,n1ccnc(Cl)c1
chlorosulfonicacid,CHLOROSULFONICACID,BP-TZVP,007790-94-5,116.52,HClO3S,,ClS(O)([O])[O]
chlorosulfuricacidethylester,,,,,,,[O]S([O])(OCC)Cl
chlorothalonil,,,,,,,c1(c(c(c(c(c1Cl)C#N)Cl)Cl)Cl)C#N
chlorotriethoxysilane,,,,,,,Cl[Si](OCC)(OCC)OCC
chlorotriethylsilane,,,,,,,CC[Si](Cl)(CC)CC
chlorotrifluoroethene,,,,,,,ClC(=C(F)F)F
chlorotrifluoromethane,,,,,,,C(F)(F)(F)Cl
chlorotrifluorosilane,,,,,,,[Si](F)(F)(F)Cl
chlorotrimethylsilane,,,,,,,Cl[Si](C)(C)C
chlorourea,,,,,,,O=C(NCl)N
chlorovinyldimethylsilane,,,,,,,C=C[Si](Cl)(C)C
chloroxuron,,,,,,,c1(ccc(cc1)Oc1ccc(cc1)NC(=O)N(C)C)Cl
chlorpropham,,,,,,,c1c(cccc1)NC(=O)OC(C)C
chlorpyrifos,,,,,,,CCO[P]([S])(OCC)Oc1nc(Cl)c(Cl)cc1Cl
chlortetracycline,,,,,,,CN(C)[C@H]1[C@@H]2C[C@H]3C(=C(O)[C@]2(O)C(=O)C(=C1O)C(=O)N)[C]([O])c1c(O)ccc(Cl)c1[C@@]3(C)O
chlortoluron,,,,,,,c1c(c(ccc1NC(=O)N(C)C)C)Cl
"cholesta-3,5-diene",,,,,,,[C@@]12([C@H]([C@H]3[C@H]([C@]4(C(=CC3)C=CCC4)C)CC2)CC[C@@H]1[C@@H](CCCC(C)C)C)C
choline_cation,,,,,,,C[N](C)(CCO)C
choralhydrate,,,,,,,OC(O)C(Cl)(Cl)Cl
chrysanthal,,,,,,,[C@@H]1([C@@H]([C@H]2C=C[C@@H]1C2)CCC)C=O
chrysantheme,,,,,,,[C@@H]1(CCC(=C[C@H]1C)C)C(=O)C(C)(C)C
chrysene,,,,,,,c12ccccc1ccc1c3ccccc3ccc21
cilandrane,,,,,,,[C@@H]1(COCCC1)CCCCCCC
cimetidine,,,,,,,c1(c([nH]cn1)C)CSCCN/C(=N\C#N)/NC
cinchomeronicacid,,,,,,,OC(=O)c1ccncc1C(=O)O
cinchonidine,,,,,,,c1cc(c2c(n1)cccc2)[C@H](O)[C@@H]1[N@@]2C[C@H]([C@H](C1)CC2)C=C
cinchonine,,,,,,,c1cc(c2c(n1)cccc2)[C@H](O)[C@@H]1C[C@H]2CC[N@@]1C[C@H]2C=C
cinmethylin,,,,,,,c1(ccccc1C)CO[C@@H]1C[C@]2(CC[C@@]1(O2)C)C(C)C
cinnamamide,cinnamamide,BP-TZVP,000621-79-4,147.17,C9H9NO,,O=C(N)/C=C/c1ccccc1
cinnamicacid_anion,,,,,,,c1ccccc1/C=C/C(=O)[O]
cinnamicacid,,,,,,,c1ccccc1/C=C/C(=O)O
cinnamylacetate,,,,,,,c1(ccccc1)/C=C/COC(=O)C
cinnamylbutyrate,,,,,,,c1(ccccc1)/C=C/COC(=O)CCC
cinnamylcinnamate,,,,,,,c1(ccccc1)/C=C/C(=O)OC/C=C/c1ccccc1
cinnamylformiate,,,,,,,c1(ccccc1)/C=C/COC=O
cinnamylisobutyrate,,,,,,,c1(ccccc1)/C=C/COC(=O)C(C)C
cinnamylpropionate,,,,,,,c1(ccccc1)/C=C/COC(=O)CC
cinnoline,,,,,,,n1nccc2c1cccc2
"cis,cis,cis-1,2,3-trimethylcyclopentane",,,,,,,C1C[C@@H](C)[C@@H]([C@@H]1C)C
"cis-1,2,3,6-tetrahydrophthalicanhydride",,,,,,,C1=CC[C@H]2[C@H](C1)C(=O)OC2=O
"cis-1,2-cyclohexanediol","cis-1,2-cyclohexanediol",BP-TZVP,001792-81-0,116.16,C6H12O2,,C1CC[C@@H]([C@H](C1)O)O
"cis-1,2-cyclopropanedicarboxylicacid_anion",,,,,,,C1[C@@H](C(=O)[O])[C@H]1C(=O)O
"cis-1,2-cyclopropanedicarboxylicacid",,,,,,,C1[C@@H](C(=O)O)[C@H]1C(=O)O
"cis-1,2-dichloroethene",,,,,,,C(=C\Cl)\Cl
"cis-1,2-dimethylcyclohexane",,,,,,,C1CC[C@H]([C@H](C1)C)C
"cis-1,3,5-hexatriene",,,,,,,C=C/C=C\C=C
"cis-1,3-cyclopentanediol",,,,,,,O[C@H]1CC[C@@H](C1)O
"cis-1,3-dichloropropene",,,,,,,C(Cl)/C=C\Cl
"cis-1,3-dimethylcyclohexane",,,,,,,C1C[C@@H](C[C@@H](C1)C)C
"cis-1,4-dimethylcyclohexane",,,,,,,C1C[C@@H](CC[C@@H]1C)C
cis-1-bromo-1-propene,,,,,,,C/C=C\Br
cis-1-chloro-1-propene,,,,,,,C/C=C\Cl
cis-1-chloro-2-butene,,,,,,,C/C=C\CCl
cis-1-ethyl-2-methylcyclohexane,,,,,,,C1CC[C@@H](CC)[C@@H](C1)C
cis-1-ethyl-2-methylcyclopentane,CIS-1-ETHYL-2-METHYLCYCLOPENTANE,BP-TZVP,000930-89-2,112.21,C8H16,,C1C[C@@H](C)[C@@H](C1)CC
cis-1-ethyl-3-methylcyclohexane,,,,,,,C[C@H]1C[C@@H](CCC1)CC
cis-1-ethyl-4-methylcyclohexane,,,,,,,C1C[C@@H](CC[C@H]1C)CC
cis-1-propenylbenzene,,,,,,,c1cccc(c1)/C=C\C
"cis-2,3-dimethyloxirane","oxirane,2,3-dimethyl-,cis-",BP-TZVP,001758-33-4,72.11,C4H8O,,O1[C@@H](C)[C@H]1C
cis-2-butene,,,,,,,C/C=C\C
cis-2-decene,,,,,,,C/C=C\CCCCCCC
cis-2-dodecene,,,,,,,C/C=C\CCCCCCCCC
cis-2-heptene,,,,,,,C/C=C\CCCC
cis-2-hexenoicacidamide,,,,,,,CCC/C=C\C(=O)N
cis-2-methylcyclohexanol,,,,,,,C1CCC[C@@H]([C@@H]1C)O
cis-2-methylcyclopentanol,,,,,,,O[C@H]1CCC[C@H]1C
cis-2-methylcyclopropanecarboxylicacid_anion,,,,,,,C[C@H]1C[C@H]1C(=O)[O]
cis-2-nonen-1-ol,,,,,,,CCCCCC/C=C\CO
cis-2-nonene,,,,,,,C/C=C\CCCCCC
cis-2-penten-1-ol,,,,,,,CC/C=C\CO
cis-3-chloro-3-pentenoicacid_anion,,,,,,,C/C=C(/CC(=O)[O])\Cl
cis-3-chloro-3-pentenoicacid,,,,,,,C/C=C(/CC(=O)O)\Cl
cis-3-heptene,,,,,,,CCC/C=C\CC
cis-3-hexen-1-ol,,,,,,,CC/C=C\CCO
cis-3-hexene,,,,,,,CC/C=C\CC
cis-3-methyl-2-hexene,,,,,,,C(=C(\CCC)/C)\C
cis-3-methylcyclohexanol,,,,,,,[C@H]1(CCC[C@@H](C1)O)C
cis-3-nonen-1-ol,,,,,,,CCCCC/C=C\CCO
cis-3-octene,,,,,,,CC/C=C\CCCC
cis-3-penten-1-yne,,,,,,,C#C/C=C\C
cis-4-methyl-2-pentene,,,,,,,C/C=C\C(C)C
cis-4-octene,,,,,,,C(/C=C\CCC)CC
"cis-5,5-dimethyl-2-hexene",,,,,,,C/C=C/CC(C)(C)C
cis-5-formyluracil_anion,,,,,,,C1=NC(=O)NC(=O)[C]1C=O
cis-5-formyluracil,,,,,,,c1c(c(=O)[nH]c(=O)[nH]1)C=O
cis-5-isopropenyl-cis-2-methylcyclopentan-1-carboxaldehyde,,,,,,,C[C@@H]1CC[C@@H]([C@@H]1C=O)C(=C)C
cis-5-octen-1-ol,,,,,,,CC/C=C\CCCCO
cis-5-octenal,,,,,,,CC/C=C\CCCC=O
cis-6-nonen-1-ol,,,,,,,CC/C=C\CCCCCO
cis-6-nonenal,,,,,,,CC/C=C\CCCCC=O
cis-9-octadecenoicacid,,,,,,,C(C/C=C\CCCCCCCC)CCCCCC(=O)O
cis-b-1-methyl-3-(2-methylpropyl)cyclohexan-1-ol,,,,,,,[C@]1(C[C@H](CCC1)CC(C)C)(O)C
cis-butenedial,,,,,,,C(=O)/C=C\C=O
cis-crotonaldehyde,,,,,,,C/C=C\C=O
cis-crotonitrile,,,,,,,C(=C\C)\C#N
cis-decalin,,,,,,,C1[C@H]2[C@@H](CCC1)CCCC2
cis-dibromoethene,,,,,,,C(=C\Br)\Br
cis-hexahydrophthalicanhydride,,,,,,,C1CC[C@H]2[C@@H](C1)C(=O)OC2=O
cis-himicanhydride,,,,,,,C1(=O)[C@H]2[C@@H](C(=O)O1)[C@@H]1C=C[C@H]2C1
cis-jasmone,,,,,,,CC/C=C\CC1=C(C)CCC1=O
cis-linaloolpyranoxide,,,,,,,C1([C@@H](CC[C@@](O1)(C)C=C)O)(C)C
cis-perfluorodecalin,,,,,,,C1(C(C([C@]2([C@@](C1(F)F)(C(C(C(C2(F)F)(F)F)(F)F)(F)F)F)F)(F)F)(F)F)(F)F
cis-sabinenehydrate,,,,,,,[C@@H]12[C@@](CC[C@@]1(C2)C(C)C)(C)O
cis-stilbene,,,,,,,c1ccc(cc1)/C=C\c1ccccc1
cis2-butenoicacidamide,,,,,,,C/C=C\C(=O)N
citracetal,,,,,,,C(=C(\CCC=C(C)C)/C)/C1OCCO1
citraconicacid,,,,,,,C(=O)(/C=C(\C(=O)O)/C)O
citraldiethylacetal,,,,,,,C(=C(\CCC=C(C)C)/C)/C(OCC)OCC
citraldimethylacetal,,,,,,,C(=C(\CCC=C(C)C)/C)/C(OC)OC
citral,,,,,,,CC(=CCC/C(=C/C=O)/C)C
citronellal,,,,,,,C([C@@H](CCC=C(C)C)C)C=O
citronelloxyacetaldehyde,,,,,,,C[C@@H](CCOCC=O)CCC=C(C)C
citronellylacetate,,,,,,,C([C@@H](CCC=C(C)C)C)COC(=O)C
citronellylbutyrate,,,,,,,CCCC(=O)OCC[C@H](CCC=C(C)C)C
citronellylformiate,,,,,,,C([C@@H](CCC=C(C)C)C)COC=O
citronellylisobutyrate,,,,,,,O(CC[C@@H](CCC=C(C)C)C)C(=O)C(C)C
citronellylisovalerianate,,,,,,,C([C@@H](CCC=C(C)C)C)COC(=O)CC(C)C
citronellylnitrile,,,,,,,C([C@@H](CCC=C(C)C)C)C#N
citronellylphenylacetate,,,,,,,C([C@@H](CCC=C(C)C)C)COC(=O)Cc1ccccc1
citronellylpropionate,,,,,,,C([C@@H](CCC=C(C)C)C)COC(=O)CC
citronellylsenecioate,,,,,,,C([C@@H](CCC=C(C)C)C)COC(=O)C=C(C)C
citronellyltiglate,,,,,,,C([C@@H](CCC=C(C)C)C)COC(=O)/C(=C/C)/C
citronellylvalerianate,,,,,,,C([C@@H](CCC=C(C)C)C)COC(=O)CCCC
citronitril,,,,,,,c1(ccccc1)CC/C(=C/C#N)/C
citrotone_b,,,,,,,C1OC(OC1)CCCCCC
citrowanil_b,,,,,,,c1(ccccc1)CC(C)(OC(=O)CCC)C
citrusal_a,,,,,,,C1=C(CC[C@H](C1)C=O)CCC=C(C)C
citrusal_b,,,,,,,C1(=CCC[C@H](C1)C=O)CCC=C(C)C
cl2,CHLORINE,BP-TZVP,007782-50-5,70.91,Cl2,,ClCl
claritone,,,,,,,CC(C(=O)C(CC=C(C)C)(C)C)C
clarycet,,,,,,,c1c(cc(cc1O)OC)C
clf,,,,,,,ClF
clo2,CHLORINE-DIOXIDE,BP-TZVP,010049-04-4,67.45,ClO2,,[O].Cl[O]
clo3f,,,,,,,Cl[O].[O].[O].[F]
clo4_anion,,,,,,,Cl[O].[O].[O].[O]
clofibric_acid,,,,,,,Clc1ccc(OC(C(=O)O)(C)C)cc1
clonidine,,,,,,,c1cc(c(c(c1)Cl)N[C]1[N]CCN1)Cl
clonidine_cation1,,,,,,,c1cc(c(c(c1)Cl)N[C]1NCCN1)Cl
clonidine_cation2,,,,,,,c1cc(c(c(c1)Cl)N[C]1[N]CC[NH2]1)Cl
clopyralid,,,,,,,OC(=O)c1nc(Cl)ccc1Cl
cl_anion,,,,,,,[Cl]
co2,,,,,,,C(=O)=O
cocaine,,,,,,,COC(=O)[C@H]1[C@@H](C[C@H]2CC[C@@H]1N2C)OC(=O)c1ccccc1
cocal_f,,,,,,,c1(ccccc1)/C(=C/CC(C)C)/C=O
codeine,,,,,,,c12c(ccc3c1[C@]14[C@H]([C@@H](C3)N(C)CCC4)C=C[C@@H]([C@H]1O2)O)OC
cof2,,,,,,,C(=O)(F)F
collidine_cation,,,,,,,CC1=C[C](C)NC(=C1)C
conhydrine,conhydrine,BP-TZVP,000495-20-5,143.23,C8H17NO,,N1[C@@H]([C@@H](O)CC)CCCC1
conolline,,,,,,,c12c(c(ccc1)C)OCC(=O)CO2
coranol,,,,,,,C1(CCCCC1)CCC(C)(C)O
coronene,,,,,,,c12c3c4c5c6c1c1ccc6ccc5ccc4ccc3ccc2cc1
corps_celerie_a,,,,,,,[C@]12(CC=C(C[C@H]1C)C)CO[C@@H](OC2)CC
corps_celerie_b,,,,,,,[C@]12(CC(=CC[C@H]1C)C)CO[C@@H](OC2)CC
corps_eglantine,,,,,,,c1(c(cccc1)OC)COCC
corticosterone,,,,,,,C1(=O)CC[C@]2(C(=C1)CC[C@@H]1[C@@H]2[C@@H](C[C@H]2[C@H]1CC[C@@H]2C(=O)CO)O)C
corylon_a,,,,,,,C1(=O)C(=C(CC1)C)O
cosmone,,,,,,,C1CCCC/C=C/C[C@@H](CC(=O)CCC1)C
costaulon,,,,,,,[C@]1(CCC(=O)OC1)(CCCC)CC
cos,,,,,,,[C]([S])[O]
co,,,,,,,[C]=O
creatine,,,,,,,[O]C(=O)CN(C(=[NH2])N)C
creatinine,,,,,,,O=C1NC(=N)N(C)C1
cressanther,,,,,,,c1(ccccc1)CCOCCCC
crotoxyphos,,,,,,,c1cccc(c1)[C@H](OC(=O)/C=C(/C)\OP(=O)(OC)OC)C
crotylglycolether,,,,,,,C/C=C/COCCO
cs2,,,,,,,[C]([S])[S]
"cubane-1,4-dicarboylicaciddimethylester",,,,,,,[C@H]12[C@@]3([C@@H]4[C@H]1[C@@]1([C@H]2[C@H]3[C@H]41)C(=O)OC)C(=O)OC
cubane,,,,,,,[C@H]12[C@@H]3[C@@H]4[C@H]1[C@@H]1[C@H]2[C@H]3[C@H]41
cumene-hydroperoxide,,,,,,,c1cc(ccc1)C(C)(C)OO
cuminylnitril,,,,,,,c1(ccc(cc1)C#N)C(C)C
cuparen,,,,,,,c1(ccc(cc1)C)[C@]1(C(CCC1)(C)C)C
cyanamide,,,,,,,N#CN
cyanamine_anion,,,,,,,C(#N)[NH]
cyanazine,,,,,,,C1(=[N]=C(N=C([N]1)NC(C)(C)C#N)Cl)NCC
cyanicacidethylester,"cyanicacid,ethylester",BP-TZVP,000627-48-5,71.08,C3H5NO,,N#COCC
cyanicacid,,,,,,,OC#N
cyanmethine,,,,,,,n1c(C)nc(N)cc1C
cyano-aceticacidbenzylamide,,,,,,,N#CCC(=O)NCC
cyanoaceticacidethylester,CYANOACETICACIDETHYLESTER,BP-TZVP,000105-56-6,113.12,C5H7NO2,,N#CCC(=O)OCC
cyanoaceticacidmethylester,CYANOACETICACIDMETHYLESTER,BP-TZVP,000105-34-0,99.09,C4H5NO2,,N#CCC(=O)OC
cyanoaceticacid_anion,,,,,,,C(#N)CC(=O)[O]
cyanoaceticacid,,,,,,,O=C(O)CC#N
cyanodiethylmethane,,,,,,,N#CC(CC)CC
cyanogenbromide,,,,,,,C(#N)Br
cyanogenchloride,,,,,,,ClC#N
cyanogenfluoride,,,,,,,C(#N)F
cyanogeniodide,,,,,,,N#CI
cyanogen,,,,,,,C(#N)C#N
cyanoguanidine,CYANOGUANIDINE,BP-TZVP,000461-58-5,84.08,C2H4N4,,N#CNC(=N)N
cyanomethyl-dimethyl-ethylammonium_cation,,,,,,,[N](C)(C)(CC)CC#N
cyanomethyl-dimethyl-isopropylammonium_cation,,,,,,,[N](C)(C)(CC#N)C(C)C
cyanosulfoxylicacid,,,,,,,OSC#N
cyanothiourea,,,,,,,N#CNC(=S)N
cyanuricfluoride,,,,,,,FC1=[N]=C(F)N=C(F)[N]1
cyclamenaldehyde,,,,,,,c1(ccc(cc1)C(C)C)C[C@H](C)C=O
cyclamic_acid,,,,,,,OS([O])([O])NC1CCCCC1
cycloate,,,,,,,C1CCCC(C1)N(CC)C(=O)SCC
cyclobutanamine,cyclobutylamine,BP-TZVP,002516-34-9,71.12,C4H9N,,C1(N)CCC1
cyclobutanate_a,,,,,,,[C@@H]1(C[C@@H]2[C@@H]3[C@H]([C@H]1C2)C=CC3)OC(=O)CCC
cyclobutanate_b,,,,,,,[C@@H]1(C[C@@H]2[C@@H]3[C@H]([C@H]1C2)CC=C3)OC(=O)CCC
"cyclobutane-1,3-dione",,,,,,,C1(=O)CC(=O)C1
cyclobutanecarbonitrile,,,,,,,C1(C#N)CCC1
cyclobutanecarboxylicacid_anion,,,,,,,[O]C(=O)C1CCC1
cyclobutanecarboxylicacid,,,,,,,O=C(O)C1CCC1
cyclobutane,,,,,,,C1CCC1
cyclobutanol,,,,,,,OC1CCC1
cyclobutanone,,,,,,,O=C1CCC1
cyclobutene,,,,,,,C1=CCC1
cyclobutylmethylketone,,,,,,,C1CC(C(=O)C)C1
cyclocitrilideacetonitril,,,,,,,C1(=C(CCCC1(C)C)C)/C=C/C#N
cyclodecane,,,,,,,C1CCCCCCCCC1
cyclodecanol,,,,,,,OC1CCCCCCCCC1
cyclodecanone,,,,,,,O=C1CCCCCCCCC1
cyclododecane,,,,,,,C1CCCCCCCCCCC1
cyclododecanone,,,,,,,C1(=O)CCCCCCCCCCC1
cyclogalbanate,,,,,,,C1(CCCCC1)OCC(=O)OCC=C
cycloheptadecane,,,,,,,C1CCCCCCCCCCCCCCCC1
cycloheptadecanone,,,,,,,C1CCCCCCC(=O)CCCCCCCCC1
cycloheptanecarboxylate,,,,,,,C1(C(=O)O)CCCCCC1
cycloheptane,,,,,,,C1CCCCCC1
cycloheptanol,,,,,,,OC1CCCCCC1
cycloheptanone,,,,,,,O=C1CCCCCC1
cycloheptatriene,,,,,,,C1=CCC=CC=C1
cycloheptene,,,,,,,C1=CCCCCC1
cyclohex-3-en-1-oneo-decyloxime,,,,,,,CCCCCCCCCCO/N=C/1\CC=CCC1
cyclohex-3-enone,,,,,,,C1(=O)CC=CCC1
cyclohexadecane,,,,,,,C1CCCCCCCCCCCCCCC1
cyclohexadecanolide,,,,,,,C1CCCCCCCCCCCCC(=O)OCC1
cyclohexadecanone,,,,,,,O=C1CCCCCCCCCCCCCCC1
cyclohexadecenon,,,,,,,C1C/C=C\CCCCCCCCCCC(=O)C1
cyclohexaneacetic-acid,,,,,,,OC(=O)CC1CCCCC1
cyclohexanecarbonitrile,,,,,,,N#CC1CCCCC1
cyclohexanecarbonylchloride,cyclohexanecarbonylchloride,BP-TZVP,002719-27-9,146.62,C7H11ClO,,O=C(C1CCCCC1)Cl
cyclohexanecarboxaldehyde,,,,,,,O=CC1CCCCC1
cyclohexanecarboxylicacidethylester,cyclohexanecarboxylicacidethylester,BP-TZVP,003289-28-9,156.22,C9H16O2,,O=C(OCC)C1CCCCC1
cyclohexanecarboxylicacid,cyclohexanecarboxylicacid,BP-TZVP,000098-89-5,128.17,C7H12O2,,O=C(O)C1CCCCC1
cyclohexaneethanol,,,,,,,OCCC1CCCCC1
cyclohexanemethanol,,,,,,,OCC1CCCCC1
cyclohexanemethylamine,,,,,,,C1(CN)CCCCC1
cyclohexanepropanoicacid,,,,,,,O=C(O)CCC1CCCCC1
cyclohexanethiol,CYCLOHEXANETHIOL,BP-TZVP,001569-69-3,116.23,C6H12S,,C1(S)CCCCC1
cyclohexane,,,,,,,C1CCCCC1
cyclohexanol,,,,,,,C1CCCC(C1)O
cyclohexanone-diethyl-ketal,,,,,,,CCOC1(CCCCC1)OCC
cyclohexanoneoxime,,,,,,,C1(=NO)CCCCC1
cyclohexanone,,,,,,,C1(=O)CCCCC1
cyclohexene,,,,,,,C1C=CCCC1
cyclohexyl-hydroperoxide,,,,,,,O(O)C1CCCCC1
cyclohexyl-isocyanate,,,,,,,C1CCCC(C1)N=C=O
cyclohexylamine,CYCLOHEXYLAMINE,BP-TZVP,000108-91-8,99.17,C6H13N,,C1(CCCCC1)N
cyclohexylamine_cation,,,,,,,C1CCC(CC1)[NH3]
cyclohexylbenzene,,,,,,,c1ccccc1C1CCCCC1
cyclohexylethylacetate,,,,,,,C1(CCCCC1)CCOC(=O)C
cyclohexylmagnol,,,,,,,C1(CCCCC1)CC[C@@H](C)O
cyclohexylmethyl-pyrazine,,,,,,,C1CCC(CC1)Cc1cnccn1
cyclohexylmethylsulfide,,,,,,,CSC1CCCCC1
cyclohexylpropionate,,,,,,,C1CC(CCC1)OC(=O)CC
cyclomethylencitronellol,,,,,,,[C@@H]1(CCC(=CC1)C)[C@@H](CCO)C
cyclomyral_a,,,,,,,C12=C(CCCC1(C)C)C[C@H](CC2)C=O
cyclomyral_b,,,,,,,C12=C(CCCC1(C)C)CC[C@@H](C2)C=O
cyclomyrcenylacetate,,,,,,,C1[C@@H](CC(CC1)(C)C)[C@@H](OC(=O)C)C
cyclononanone,cyclononanone,BP-TZVP,003350-30-9,140.22,C9H16O,,O=C1CCCCCCCC1
cyclooctadecanone,,,,,,,C1(=O)CCCCCCCCCCCCCCCCC1
cyclooctal,,,,,,,C(CCC1OCCO1)CCCC
cyclooctanamine,,,,,,,NC1CCCCCCC1
cyclooctane,,,,,,,C1CCCCCCC1
cyclooctanol,,,,,,,OC1CCCCCCC1
cyclooctanone,,,,,,,O=C1CCCCCCC1
cyclooctene,,,,,,,C1=CCCCCCC1
cyclopentadecane,,,,,,,C1CCCCCCCCCCCCCC1
cyclopentadecanolid,,,,,,,C1CCCCCCCCCC(=O)OCCCC1
cyclopentadecanone,,,,,,,C1CCCCCCC(=O)CCCCCCC1
cyclopentadiene_anion,,,,,,,C1=CC=C[CH]1
cyclopentadiene,,,,,,,C1=CCC=C1
cyclopentanamine,,,,,,,C1C(CCC1)N
cyclopentanecarboxaldehyde,,,,,,,O=CC1CCCC1
cyclopentanecarboxylicacid,,,,,,,OC(=O)C1CCCC1
cyclopentanethiol,,,,,,,SC1CCCC1
cyclopentane,,,,,,,C1CCCC1
cyclopentanol,,,,,,,OC1CCCC1
cyclopentanoneoxime,,,,,,,N(=C1CCCC1)O
cyclopentanone,,,,,,,O=C1CCCC1
cyclopenteneaceticacid,,,,,,,C1C=C(CC1)CC(=O)O
cyclopentene,,,,,,,C1=CCCC1
cyclopentyl-methyl-ether,,,,,,,COC1CCCC1
cyclopentylaceticacid,,,,,,,C1CCCC1CC(=O)O
cyclopentylbenzene,,,,,,,c1(C2CCCC2)ccccc1
cyclopentylmethanol,,,,,,,OCC1CCCC1
cyclopidene,,,,,,,C1CC(=CC(=O)OC)CC1
cyclopropan-ol,,,,,,,C1C(C1)O
cyclopropanamine,,,,,,,C1(CC1)N
cyclopropanecarbonitrile,,,,,,,C1CC1C#N
cyclopropanecarboxamide,,,,,,,C1CC1C(=O)N
cyclopropanecarboxylicacid_anion,,,,,,,[O]C(=O)C1CC1
cyclopropanecarboxylicacid,,,,,,,O=C(O)C1CC1
cyclopropane,,,,,,,C1CC1
cyclopropylbenzene,CYCLOPROPYLBENZENE,BP-TZVP,000873-49-4,118.18,C9H10,,c1ccccc1C1CC1
cyclopropylvinylether,,,,,,,C1CC1OC=C
cycloserine,,,,,,,N1OC[C@@H](C1=O)N
cyclotetradecane,,,,,,,C1CCCCCCCCCCCCC1
cyclotetradecanone,,,,,,,C1CCCCCCCCCC(=O)CCC1
cyclotetramethylenetetranitramine,,,,,,,N(=O)(=O)N1CN(N(=O)=O)CN(CN(C1)N(=O)=O)N(=O)=O
cycloundecanone,,,,,,,O=C1CCCCCCCCCC1
cyclovertal_a,,,,,,,[C@@H]1([C@@H](CC=C(C1)C)C)C=O
cyclovertal_b,,,,,,,[C@@H]1([C@@H](CC(=CC1)C)C)C=O
cyfluthrin,,,,,,,CC1(C)[C@@H](C=C(Cl)Cl)[C@H]1C(=O)O[C@@H](C#N)c1ccc(F)c(Oc2ccccc2)c1
cymenol_para,,,,,,,c1(ccc(cc1)C)C(C)(C)O
cynthaflor,,,,,,,c1(ccccc1)CCOC1CCCC1
cyprisate_a,,,,,,,[C@]1(CC[C@@H](CC1)C)(C(=O)OC)C
cyprisate_b,,,,,,,[C@]1(C[C@@H](CCC1)C)(C(=O)OC)C
cyromazine,,,,,,,NC1=[N]=C(N)N=C(NC2CC2)[N]1
cysteine,,,,,,,O=C([O])[C@H]([NH3])CS
"cytosine,5-fluoro",,,,,,,Nc1nc(=O)[nH]cc1F
cytosine,,,,,,,O=c1nc(N)cc[nH]1
d-erythrose,,,,,,,C(=O)[C@H](O)[C@@H](O)CO
d-fructose,,,,,,,O=C(CO)[C@@H](O)[C@H](O)[C@H](O)CO
d-galacturonic_acid,,,,,,,O=C[C@@H](O)[C@@H](O)[C@@H](O)[C@H](O)C(=O)O
d-glucuronic_acid,,,,,,,O[C@H]1O[C@@H]([C@@H](O)[C@@H](O)[C@H]1O)C(=O)O
d-pantothenamide,,,,,,,CC(C)(CO)[C@@H](O)C(=O)NCCC(=O)N
d-sorbose,,,,,,,[C@H](CO)(O)[C@@H]([C@H](C(=O)CO)O)O
dalapon,,,,,,,O=C(O)C(Cl)(Cl)C
damascenon,,,,,,,C1(=C(C=CCC1(C)C)C)C(=O)/C=C/C
damascia,,,,,,,C/C=C/C(=O)O[C@@H](CC(C)C)C
damascol4,,,,,,,c1(ccccc1)C(CC(=O)CC)(C)C
damascon_beta,,,,,,,C1(=C(CCCC1(C)C)C)C(=O)/C=C/C
damascon_gamma,,,,,,,[C@@H]1(C(=C)CCCC1(C)C)C(=O)/C=C/C
daminozide,,,,,,,CN(C)NC(=O)CCC(=O)O
danthron,,,,,,,C1(=O)c2c(C(=O)c3c1cccc3O)c(ccc2)O
datilat,,,,,,,C1(CCCCC1)[C@@H](OC(=O)/C=C/C)C
davanon,,,,,,,C(=O)(CC=C(C)C)[C@@H]([C@@H]1O[C@@](CC1)(C)C=C)C
dcip,"2,2'-oxybis-1-chloroPropane",BP-TZVP,000108-60-1,171.07,C6H12Cl2O,,ClC[C@H](O[C@@H](CCl)C)C
ddt,,,,,,,c1cc(ccc1C(c1ccc(cc1)Cl)C(Cl)(Cl)Cl)Cl
debrisoquin,,,,,,,c1ccc2c(c1)CCN(C2)C(=N)N
debrisoquin_cation,,,,,,,c1ccc2c(c1)CCN(C2)C(=[NH2])N
decafluoro-hexane,,,,,,,C[C@@H](C(C(C(C(F)(F)F)(F)F)(F)F)(F)F)F
decafluoro-pentane,,,,,,,C(C(C(C(C(F)(F)F)(F)F)(F)F)(F)F)F
decafluorobutane,,,,,,,FC(F)(F)C(F)(F)C(F)(F)C(F)(F)F
decafluorocyclopentane,,,,,,,C1(F)(F)C(F)(F)C(C(C1(F)F)(F)F)(F)F
decafluoroisobutane,,,,,,,C(C(F)(F)F)(C(F)(F)F)(C(F)(F)F)F
decahydro-beta-naphtholformiate,,,,,,,[C@H]12[C@@H](CCCC1)CCC[C@H]2OC=O
decahydro-beta-naphthylacetate,,,,,,,[C@H]12[C@@H](CCCC1)CC[C@@H](C2)OC(=O)C
decahydroquinoline,,,,,,,N1[C@@H]2[C@H](CCCC2)CCC1
decalacton,,,,,,,C1(=O)O[C@@](CC1)(CCCC)CC
decamethylcyclopentasiloxane,,,,,,,C[Si]1(C)O[Si](C)(C)O[Si](C)(C)O[Si](C)(C)O[Si](C)(C)O1
decamethyltetrasiloxane,,,,,,,C[Si](C)(C)O[Si](C)(C)O[Si](C)(C)O[Si](C)(C)C
decanal,,,,,,,CCCCCCCCCC=O
decanedioicaciddibutylester,DECANEDIOICACIDDIBUTYLESTER,BP-TZVP,000109-43-3,314.46,C18H34O4,,CCCCOC(=O)CCCCCCCCC(=O)OCCCC
decanedioicacid,,,,,,,O=C(O)CCCCCCCCC(=O)O
decanoate_anion,,,,,,,C(CCCCCCCC(=O)[O])C
decanoicacidmethylester,,,,,,,CCCCCCCCCC(=O)OC
decanoicacid,,,,,,,CCCCCCCCCC(=O)O
decansaeureethylester,,,,,,,C(CCCCCC(=O)OCC)CCC
decenal_cis4,,,,,,,C(C=O)C/C=C\CCCCC
decenal_trans4,,,,,,,CCCCC/C=C/CCC=O
decyl-dimethyl-benzylammonium_cation,,,,,,,[N](C)(C)(Cc1ccccc1)CCCCCCCCCC
decyl-trihexyl-phosphonium_cation,,,,,,,[P](CCCCCC)(CCCCCC)(CCCCCC)CCCCCCCCCC
decyl-trimethyl-ammonium_cation,,,,,,,C[N](C)(C)CCCCCCCCCC
decylbenzene,,,,,,,c1(CCCCCCCCCC)ccccc1
decylcyclohexane,,,,,,,C1CCCCC1CCCCCCCCCC
dehydro(2)abieticacid,,,,,,,C1C[C@@](C)(C(=O)O)[C@@H]2CCC3=CC(=C(C)C)CC[C@@H]3[C@@]2(C)C1
dehydro(3)abieticacid,,,,,,,C1C[C@@](C)(C(=O)O)[C@@H]2CCc3cc(C(C)C)ccc3[C@@]2(C)C1
dehydro-ar-ionene,,,,,,,C1(CC=Cc2cc(ccc12)C)(C)C
dehydroabietylamine,DEHYDROABIETYLAMINE,BP-TZVP,001446-61-3,285.47,C20H31N,,C1C[C@](C)(CN)[C@@H]2CCc3cc(C(C)C)ccc3[C@@]2(C)C1
dehydrodihydroionol,,,,,,,C[C@@H](O)CCC1=C(C)C=CCC1(C)C
dehydrodihydroionone,,,,,,,CC(=O)CCC1=C(C)C=CCC1(C)C
delphone,,,,,,,C(C[C@H]1C(=O)CCC1)CCC
delta-cadinene,,,,,,,C1CC(=C2[C@H]([C@@H]1C(C)C)C=C(CC2)C)C
delta-cadinol,,,,,,,C1C[C@@]([C@@H]2[C@H]([C@@H]1C(C)C)C=C(CC2)C)(C)O
delta-damascone,,,,,,,C/C=C/C(=O)[C@H]1[C@@H](C)C=CCC1(C)C
delta-decalactone,,,,,,,CCCCC[C@H]1CCCC(=O)O1
delta-dodecalactone,,,,,,,CCCCCCC[C@H]1CCCC(=O)O1
delta-elemene,,,,,,,C1=C(CC[C@]([C@@H]1C(=C)C)(C)C=C)C(C)C
delta-hexachlorocyclohexane,,,,,,,[C@@H]1([C@H]([C@H]([C@@H]([C@H]([C@@H]1Cl)Cl)Cl)Cl)Cl)Cl
delta-hexalactone,,,,,,,C[C@H]1CCCC(=O)O1
delta-octalactone,,,,,,,CCC[C@H]1CCCC(=O)O1
delta-tetradecalactone,,,,,,,CCCCCCCCC[C@H]1CCCC(=O)O1
desipramine,,,,,,,N1(c2c(CCc3c1cccc3)cccc2)CCCNC
desmedipham,,,,,,,CCOC(=O)Nc1cccc(OC(=O)Nc2ccccc2)c1
desmethylarborone,,,,,,,[C@H]12C(=CC[C@@]([C@@H]1C)(C)C(=O)C)CCC[C@H]2C
desmetryn,,,,,,,C(NC1=[N]=C(NC)[N]C(=N1)SC)(C)C
dexamethasone,,,,,,,[C@@]12([C@H]([C@H]3[C@](C[C@@H]2O)([C@]([C@@H](C3)C)(C(=O)CO)O)C)CCC2=CC(=O)C=C[C@]12C)F
dexetimide,,,,,,,C1(=O)NC(=O)CC[C@@]1(C1CCN(Cc2ccccc2)CC1)c1ccccc1
dextroamphetamine,,,,,,,N[C@@H](C)Cc1ccccc1
dextrose,,,,,,,[C@@H]1([C@@H]([C@H]([C@H](O[C@@H]1CO)O)O)O)O
di(difluoromethyl)ether,,,,,,,FC(F)OC(F)F
di(ethylidene)silane,,,,,,,C[CH][Si][CH]C
di(n-diethyl)-n-dibutyl-guanidinium_cation,,,,,,,N(CC)(CC)[C](N(CC)CC)N(CCCC)CCCC
di(n-dihexyl)-n-dimethyl-guanidinium_cation,,,,,,,N(C)(C)[C](N(CCCCCC)CCCCCC)N(CCCCCC)CCCCCC
di(n-dimethyl)-di(n-heptyl)-guanidinium_cation,,,,,,,N(C)(C)[C](N(C)C)N(CCCCCCC)CCCCCCC
di(n-dimethyl)-n-dihexyl-guanidinium_cation,,,,,,,N(C)(C)[C](N(C)C)N(CCCCCC)CCCCCC
di(n-dimethyl)-n-dioctyl-guanidinium_cation,,,,,,,N(C)(C)[C](N(C)C)N(CCCCCCCC)CCCCCCCC
di-(2-chloroethoxy)methane,,,,,,,ClCCOCOCCCl
di-2-butylamine,,,,,,,N([C@@H](CC)C)[C@@H](CC)C
di-2-ethylhexylphthalate,,,,,,,c1cc(C(=O)OC[C@@H](CC)CCCC)c(C(=O)OC[C@@H](CC)CCCC)cc1
di-2-furylmethane,,,,,,,C(c1occc1)c1occc1
di-ethyl-di-isopropylammonium_cation,,,,,,,C[N](C(C)C)(C(C)C)C
di-i-propylnitrosoamine,,,,,,,CC(C)N([N][O])C(C)C
di-iso-butylamine_cation,,,,,,,CC(C)C[NH2]CC(C)C
di-methylaminoethanol,,,,,,,C[C@@H](N(C)C)O
di-n-butyl-disulfide,,,,,,,CCCCSSCCCC
di-n-butylether,,,,,,,O(CCCC)CCCC
di-n-butylsulfide,DI-N-BUTYLSULFIDE,BP-TZVP,000544-40-1,146.29,C8H18S,,S(CCCC)CCCC
di-n-hexylether,,,,,,,CCCCCCOCCCCCC
di-n-octanoylperoxide,DI-N-OCTANOYLPEROXIDE,BP-TZVP,000762-16-3,286.41,C16H30O4,,O=C(OOC(=O)CCCCCCC)CCCCCCC
di-n-octyl-terephthalate,,,,,,,c1(ccc(cc1)C(=O)OCCCCCCCC)C(=O)OCCCCCCCC
di-n-pentylether,"1,1'-OXYBISPENTANE",BP-TZVP,000693-65-2,158.28,C10H22O,,CCCCCOCCCCC
di-n-propylether,,,,,,,C(OCCC)CC
di-naphthalen-1-yl-amine,,,,,,,N(c1c2c(ccc1)cccc2)c1c2c(ccc1)cccc2
"di-perfluorophenyl-(2,3,5,6-tetrafluorophenyl)-methane_anion",,,,,,,Fc1cc(F)c(F)c([C](c2c(F)c(F)c(F)c(F)c2F)c2c(F)c(F)c(F)c(F)c2F)c1F
"di-perfluorophenyl-(2,3,5,6-tetrafluorophenyl)-methane",,,,,,,Fc1cc(F)c(F)c(C(c2c(F)c(F)c(F)c(F)c2F)c2c(F)c(F)c(F)c(F)c2F)c1F
di-perfluorophenyl-(4-methyl-tetrafluorophenyl)-methane_anion,,,,,,,Cc1c(F)c(F)c([C](c2c(F)c(F)c(F)c(F)c2F)c2c(F)c(F)c(F)c(F)c2F)c(F)c1F
di-perfluorophenyl-(4-methyl-tetrafluorophenyl)-methane,,,,,,,Cc1c(F)c(F)c(C(c2c(F)c(F)c(F)c(F)c2F)c2c(F)c(F)c(F)c(F)c2F)c(F)c1F
di-perfluorophenyl-(tetrafluoro-4-bromophenyl)-methane_anion,,,,,,,Fc1c(F)c(F)c([C](c2c(F)c(F)c(F)c(F)c2F)c2c(F)c(F)c(Br)c(F)c2F)c(F)c1F
di-perfluorophenyl-(tetrafluoro-4-bromophenyl)-methane,,,,,,,Fc1c(F)c(F)c(C(c2c(F)c(F)c(F)c(F)c2F)c2c(F)c(F)c(Br)c(F)c2F)c(F)c1F
di-perfluorophenyl-(tetrafluoro-4-chlorophenyl)-methane_anion,,,,,,,Fc1c(F)c(F)c([C](c2c(F)c(F)c(F)c(F)c2F)c2c(F)c(F)c(Cl)c(F)c2F)c(F)c1F
di-perfluorophenyl-(tetrafluoro-4-chlorophenyl)-methane,,,,,,,Fc1c(F)c(F)c(C(c2c(F)c(F)c(F)c(F)c2F)c2c(F)c(F)c(Cl)c(F)c2F)c(F)c1F
"di-perfluorophenyl-(triafluoro-3,5-dichlorophenyl)-methane_anion",,,,,,,Fc1c(F)c(F)c([C](c2c(F)c(F)c(F)c(F)c2F)c2c(F)c(Cl)c(F)c(Cl)c2F)c(F)c1F
"di-perfluorophenyl-(triafluoro-3,5-dichlorophenyl)-methane",,,,,,,Fc1c(F)c(F)c(C(c2c(F)c(F)c(F)c(F)c2F)c2c(F)c(Cl)c(F)c(Cl)c2F)c(F)c1F
di-perfluorophenyl-perchlorophenyl-methane_anion,,,,,,,Fc1c(F)c(F)c([C](c2c(F)c(F)c(F)c(F)c2F)c2c(Cl)c(Cl)c(Cl)c(Cl)c2Cl)c(F)c1F
di-perfluorophenyl-perchlorophenyl-methane,,,,,,,Fc1c(F)c(F)c(C(c2c(F)c(F)c(F)c(F)c2F)c2c(Cl)c(Cl)c(Cl)c(Cl)c2Cl)c(F)c1F
di-sec-butylamine_cation,,,,,,,[NH2]([C@H](C)CC)[C@@H](C)CC
di-tert-butylether,,,,,,,CC(C)(C)OC(C)(C)C
di-tert-butylsulfone,,,,,,,C(S(=O)(=O)C(C)(C)C)(C)(C)C
di-thiophen-2-yl-methanone,DI-THIOPHEN-2-YL-METHANONE,BP-TZVP,000704-38-1,194.28,C9H6OS2,,C(=O)(c1sccc1)c1sccc1
diacetamide,,,,,,,CC(=O)NC(=O)C
diacetonamine,,,,,,,O=C(CC(N)(C)C)C
diacetoxydimethylsilane,,,,,,,[Si](OC(=O)C)(OC(=O)C)(C)C
diadamantan-1-ylmethanone,,,,,,,O=C([C@@]12C[C@H]3C[C@@H](C1)C[C@H](C3)C2)[C@@]12C[C@H]3C[C@@H](C1)C[C@H](C3)C2
diallyl-trisulfide,,,,,,,C=CCSSSCC=C
diallylamine_cation,,,,,,,C=CC[NH2]CC=C
diallylcyanamide,,,,,,,N#CN(CC=C)CC=C
diallyldichlorosilane,,,,,,,Cl[Si](Cl)(CC=C)CC=C
diallylether,,,,,,,C(=C)COCC=C
diallylmaleate,,,,,,,C=CCOC(=O)/C=C\C(=O)OCC=C
diallylmethylamine,,,,,,,C=CCN(CC=C)C
diallylmethylamine_cation,,,,,,,C=CC[NH](CC=C)C
diallylphthalate,,,,,,,C=CCOC(=O)c1ccccc1C(=O)OCC=C
diallylsulfide,,,,,,,C=CCSCC=C
diallylurea,,,,,,,C=CCNC(=O)NCC=C
diamantan-1-ol,,,,,,,[C@@H]12C[C@H]3C[C@]4([C@@H]1C[C@H]1C[C@@H]2[C@@H](C3)[C@@H]4C1)O
diamantan-3-ol,Diamantan-3-ol,BP-TZVP,030545-24-5,204.31,C14H20O,,[C@H]12C[C@@H]3[C@@H]([C@@H]4[C@H]1C[C@@H]1C[C@H]2[C@H](C3)[C@H]4C1)O
diamantan-4-ol,,,,,,,[C@H]12C[C@@]3(C[C@@H]4[C@H]1C[C@@H]1C[C@H]2[C@H](C3)[C@H]4C1)O
diamantane,,,,,,,[C@@H]12C[C@H]3C[C@H]4[C@@H]1C[C@H]1C[C@@H]2[C@H]([C@@H]4C1)C3
diamantanone,,,,,,,[C@H]12[C@@H]3[C@H]4[C@@H]5[C@@H]([C@H]2C[C@H](C3)C5)C[C@@H](C1)C4=O
diamylketone,,,,,,,CCCCCC(=O)CCCCC
diantheme,,,,,,,c1(c(cccc1)OC)OCC=C
diazepam,,,,,,,C1(=NCC(=O)N(c2c1cc(cc2)Cl)C)c1ccccc1
diazomethane,,,,,,,[N][N][CH2]
"dibenz(a,c)acridine",,,,,,,c12c(c3c(c4c2cccc4)cccc3)cc2c(n1)cccc2
"dibenz(a,h)acridine",,,,,,,n1c2c(cc3c1ccc1c3cccc1)ccc1c2cccc1
"dibenz(a,h)anthracene",,,,,,,c1c2c(ccc1)ccc1c2cc2c(c1)c1c(cc2)cccc1
"dibenz(a,j)anthracene",,,,,,,c12cc3c(cc1ccc1c2cccc1)ccc1c3cccc1
"dibenzo(def,mno)chrysene-6,12-dione",,,,,,,c12-c3c4ccc5c3c(c(=O)c1ccc1c2c(c4=O)ccc1)ccc5
dibenzo-p-dioxin,,,,,,,O1c2c(Oc3c1cccc3)cccc2
dibenzofuran,,,,,,,c1c2c3ccccc3oc2ccc1
dibenzothiophene,,,,,,,c1ccc2c(c1)sc1c2cccc1
"dibenzo[def,mno]chrysene","Dibenzo[def,mno]chrysene",BP-TZVP,000191-26-4,276.33,C22H12,,c1c2c3c(cc1)cc1c4c3c(cc2)cc2c4c(cc1)ccc2
"dibenzo[fg,op]naphthacene","Dibenzo[fg,op]naphthacene",BP-TZVP,000192-51-8,302.37,C24H14,,c12c3c4c5c(c2cccc1c1c(c3ccc4)cccc1)cccc5
"dibenzo[g,p]chrysene",,,,,,,c12c3ccccc3c3c(c1cccc2)c1c(c2c3cccc2)cccc1
"dibenzo[m,pqr]naptho[1,2,3,4-tuv]picene","Dibenzo[m,pqr]naptho[1,2,3,4-tuv]picene",BP-TZVP,000190-93-2,426.51,C34H18,,c12c3c(c4c5c1ccc1c5c(cc5c1cccc5)cc4)c1c(c4c3c(cc2)ccc4)cccc1
dibenzylether,,,,,,,O(Cc1ccccc1)Cc1ccccc1
dibenzylselenoxide,,,,,,,[O][Se]Cc1ccccc1.[CH2]c1ccccc1
dibenzylsulfoxide,,,,,,,O=S(Cc1ccccc1)Cc1ccccc1
"dibenz[a,j]acridine",,,,,,,n1c2c(cc3c1ccc1c3cccc1)c1c(cc2)cccc1
dibromoacetonitrile,,,,,,,BrC(Br)C#N
dibromodifluoromethane,,,,,,,FC(Br)(Br)F
dibromofluoromethane,,,,,,,C(F)(Br)Br
dibutylamine,,,,,,,N(CCCC)CCCC
dibutylamine_cation,,,,,,,[NH2](CCCC)CCCC
dibutylcarbonate,,,,,,,CCCCOC(=O)OCCCC
dibutylimidazolium_cation,,,,,,,C1=CN([CH]N1CCCC)CCCC
dibutyloxalate,,,,,,,O(C(=O)C(=O)OCCCC)CCCC
dibutylphosphate_anion,,,,,,,C(COP(=O)([O])OCCCC)CC
dibutylphthalate,,,,,,,c1ccc(c(c1)C(=O)OCCCC)C(=O)OCCCC
dibutylsulfite,,,,,,,CCCCOS(=O)OCCCC
dicamba,,,,,,,COc1c(Cl)ccc(Cl)c1C(=O)O
dichloro(2-chlorovinyl)arsine,,,,,,,Cl/C=C/[As](Cl)Cl
dichloro(chloromethyl)methylsilane,"SILANE,DICHLORO(CHLOROMETHYL)METHYL-",BP-TZVP,001558-33-4,163.51,C2H5Cl3Si,,Cl[Si](CCl)(Cl)C
dichloro(dichloromethyl)methylsilane,,,,,,,Cl[Si](Cl)(C)C(Cl)Cl
dichloro(difluoromethoxy)-methane,,,,,,,C(OC(Cl)Cl)(F)F
dichloro(fluoro)methanamine,,,,,,,C(N)(F)(Cl)Cl
dichloro(fluoro)methanethiol,,,,,,,C(F)(S)(Cl)Cl
dichloroacetaldehyde,,,,,,,ClC(Cl)C=O
dichloroaceticacid_anion,,,,,,,ClC(C(=O)[O])Cl
dichloroaceticacid,DICHLOROACETICACID,BP-TZVP,000079-43-6,128.94,C2H2Cl2O2,,C(=O)(C(Cl)Cl)O
dichloroacetonitrile,,,,,,,ClC(Cl)C#N
dichloroacetylchloride,DICHLOROACETYLCHLORIDE,BP-TZVP,000079-36-7,147.39,C2HCl3O,,ClC(Cl)C(=O)Cl
dichloroacetylene,DICHLOROACETYLENE,BP-TZVP,007572-29-4,94.93,C2Cl2,,ClC#CCl
dichlorodiethylsilane,,,,,,,Cl[Si](Cl)(CC)CC
dichlorodifluoro-butane,,,,,,,CC[C@@H](C(F)(F)Cl)Cl
dichlorodifluoromethane,,,,,,,C(Cl)(F)(F)Cl
dichlorodimethylsilane,,,,,,,C[Si](C)(Cl)Cl
dichlorodiphenylsilane,,,,,,,Cl[Si](c1ccccc1)(c1ccccc1)Cl
dichloroethenylmethylsilane,,,,,,,C=C[Si](Cl)(Cl)C
dichloroethylarsine,,,,,,,CC[As](Cl)Cl
dichloroethylmethylsilane,DICHLORO-ETHYL-METHYLSILANE,BP-TZVP,004525-44-4,143.09,C3H8Cl2Si,,Cl[Si](Cl)(C)CC
dichlorofluoro-methanol,,,,,,,C(O)(F)(Cl)Cl
dichlorofluoroacetonitrile,,,,,,,ClC(Cl)(F)C#N
dichlorofluoromethanesulfenylchloride,,,,,,,C(F)(SCl)(Cl)Cl
dichloromethanimine,,,,,,,C(=N)(Cl)Cl
dichloromethoxy(trifluoro)methane,,,,,,,C(OC(F)(F)F)(Cl)Cl
dichloromethylmethylether,,,,,,,COC(Cl)Cl
dichloromethylphenylsilane,,,,,,,Cl[Si](c1ccccc1)(Cl)C
dichloromethylsilane,,,,,,,C[SiH](Cl)Cl
dichlorophenylsilane,,,,,,,Cl[SiH](Cl)c1ccccc1
dichloropropanedinitrile,,,,,,,ClC(Cl)(C#N)C#N
dichlorosilane,,,,,,,Cl[SiH2]Cl
diclofenac,,,,,,,OC(=O)Cc1ccccc1Nc1c(Cl)cccc1Cl
diclofenamide_anion,,,,,,,c1c(cc(c(c1S(=O)(=O)N)Cl)Cl)S(=O)(=O)[NH]
diclofenamide,,,,,,,c1c(cc(c(c1S(=O)(=O)N)Cl)Cl)S(=O)(=O)N
dicumene,,,,,,,CC(C)(c1ccccc1)C(C)(c1ccccc1)C
dicyanamide_anion,,,,,,,[N](C#N)C#N
dicyanomethane_anion,,,,,,,[CH](C#N)C#N
dicyanomethane,,,,,,,C(C#N)C#N
dicyclohexyl-disulfide,,,,,,,C1CCC(CC1)SSC1CCCCC1
dicyclohexylsulfide,,,,,,,C1CCCCC1SC1CCCCC1
dicyclopropylcarbinol,,,,,,,C1(C(O)C2CC2)CC1
dicyclopropylketone,,,,,,,C1CC1C(=O)C1CC1
diethadione,,,,,,,N1C(=O)C(COC1=O)(CC)CC
diethanolamine,"2,2'-IMINOBISETHANOL",BP-TZVP,000111-42-2,105.14,C4H11NO2,,C(CNCCO)O
diethanolammonium_cation,,,,,,,C([NH2]CCO)CO
diethoxymethane,,,,,,,C(OCC)OCC
diethoxymethyl-2-propenylsilane,,,,,,,[Si](OCC)(OCC)(C)CC=C
diethoxymethylphenylsilane,,,,,,,c1ccccc1[Si](OCC)(OCC)C
diethoxymethylvinylsilane,"SILANE,ETHENYLDIETHOXYMETHYL-",BP-TZVP,005507-44-8,160.29,C7H16O2Si,,[Si](OCC)(OCC)(C)C=C
diethyl(chloromethyl)phosphonate,,,,,,,CCOP(=O)(CCl)OCC
diethyl(dichloromethyl)phosphonate,,,,,,,CCOP(=O)(OCC)C(Cl)Cl
diethyl(pentafluorophenyl)malonate_anion,,,,,,,CCOC(=O)[C](C(=O)OCC)c1c(F)c(F)c(F)c(F)c1F
diethyl(pentafluorophenyl)malonate,,,,,,,CCOC(=O)C(C(=O)OCC)c1c(F)c(F)c(F)c(F)c1F
diethyl(propyl)amine,,,,,,,CCCN(CC)CC
diethyl(trichloromethyl)phosphonate,,,,,,,CCOP(=O)(OCC)C(Cl)(Cl)Cl
"diethyl-2,4-dichlorophenylthiophosphate",,,,,,,Clc1cc(Cl)ccc1O[P]([S])(OCC)OCC
diethyl-methoxy-methylsilane,,,,,,,CC[Si](C)(CC)OC
diethyl-methyl-(2-methoxyethyl)ammonium_cation,,,,,,,COCC[N](CC)(CC)C
diethyl-methyl-propylammonium_cation,,,,,,,C([N](CCC)(C)CC)C
diethyl-methylsulfonium_cation,,,,,,,CC[S](C)CC
diethyl-pimeliat,,,,,,,O=C(OCC)CCCCCC(=O)OCC
diethyl-trisulfide,,,,,,,CCSSSCC
diethyl2-hydroxyglutarate,,,,,,,CCOC(=O)[C@H](CCC(=O)OCC)O
diethylacetamide,,,,,,,C(=O)(N(CC)CC)C
diethylaluminumchloride,,,,,,,CC[Al](Cl)CC
diethylamine,,,,,,,N(CC)CC
diethylamine_cation,,,,,,,C([NH2]CC)C
diethylaminoacetonitrile,,,,,,,N#CCN(CC)CC
diethylaminopropylamine,,,,,,,N(CCCN)(CC)CC
diethylarsine,,,,,,,CC[AsH]CC
diethylbenzylamine,,,,,,,CCN(CC)Cc1ccccc1
diethylbenzylamine_cation,,,,,,,CC[NH](CC)Cc1ccccc1
diethylborane,,,,,,,CCBCC
diethylcarbamicchloride,,,,,,,O=C(N(CC)CC)Cl
diethylcarbamoylcyanide,,,,,,,CCN(CC)C(=O)C#N
diethylcarbonate,,,,,,,O=C(OCC)OCC
diethylchloroborane,,,,,,,CCB(CC)Cl
diethylchlorophosphate,,,,,,,CCOP(=O)(Cl)OCC
diethylcyanamide,,,,,,,N#CN(CC)CC
diethyldiethylamidophosphate,,,,,,,CCOP(=O)(OCC)N(CC)CC
diethyldimethylamidophosphate,,,,,,,CCOP(=O)(OCC)N(C)C
diethyldisulfide,,,,,,,C(SSCC)C
diethyleneglycoldibutylether,,,,,,,O(CCOCCOCCCC)CCCC
diethyleneglycolmonobutylether,,,,,,,CCCCOCCOCCO
diethyleneglycolmonoethylether,,,,,,,OCCOCCOCC
diethyleneglycol,DIETHYLENCGLYCOL,BP-TZVP,000111-46-6,106.12,C4H10O3,,C(COCCO)O
diethylether,,,,,,,CCOCC
diethylether_cation,,,,,,,C[CH2].OCC
diethylisopropylmalonate,,,,,,,C(C(=O)OCC)(C(=O)OCC)C(C)C
diethylisopropylphosphonate,,,,,,,CCOP(=O)(OCC)C(C)C
diethylmalate,,,,,,,CCOC(=O)[C@H](CC(=O)OCC)O
diethylmaleate,,,,,,,C(=C\C(=O)OCC)\C(=O)OCC
diethylmalonate,,,,,,,C(C(=O)OCC)C(=O)OCC
diethylmethylamine,,,,,,,N(CC)(CC)C
diethylmethylamine_cation,,,,,,,[NH](CC)(CC)C
diethylmethylphosphonate,,,,,,,O=P(OCC)(C)OCC
diethylperoxide,,,,,,,O(OCC)CC
diethylphosphate_anion,,,,,,,C(OP(=O)(OCC)[O])C
diethylphosphate,,,,,,,CCOP(=O)(OCC)O
diethylphosphinicfluoride,,,,,,,CCP(=O)(F)CC
diethylphosphite,,,,,,,P(=O)(OCC)OCC
diethylphthalate,,,,,,,c1(ccccc1C(=O)OCC)C(=O)OCC
diethylpropanedioicacid,,,,,,,O=C(O)C(C(=O)O)(CC)CC
diethylpropanolamine,,,,,,,OCCCN(CC)CC
diethylrosate,,,,,,,c1(ccccc1)CCOC(=O)C(CC)CC
diethylselenide,,,,,,,CC[Se]CC
diethylsilane,"SILANE,DIETHYL-",BP-TZVP,000542-91-6,88.22,C4H12Si,,[SiH2](CC)CC
diethylsulfate,,,,,,,S([O])([O])(OCC)OCC
diethylsulfide,,,,,,,S(CC)CC
diethylsulfone,Diethylsulfone,BP-TZVP,000597-35-3,122.19,C4H10O2S,,C(S(=O)(=O)CC)C
diethylsulfoxide,DIETHYLSULFOXIDE,BP-TZVP,000070-29-1,106.19,C4H10OS,,O=S(CC)CC
diethylterephthalate,,,,,,,CCOC(=O)c1ccc(C(=O)OCC)cc1
diethyltritylphosphonate,,,,,,,CCOP(=O)(OCC)C(c1ccccc1)(c1ccccc1)c1ccccc1
difluoro(methoxymethoxy)methane,,,,,,,COCOC(F)F
difluoro-(4-methylphenyl)-borane,,,,,,,B(c1ccc(cc1)C)(F)F
difluoro-(fluoromethoxy)-(trifluoromethoxy)methane,,,,,,,C(OC(OC(F)(F)F)(F)F)F
difluoro-methanol,,,,,,,C(O)(F)F
difluoro-methoxy-(trifluoromethoxy)methane,,,,,,,COC(OC(F)(F)F)(F)F
difluoroacetaldehyde,,,,,,,FC(F)C=O
difluoroaceticacid,,,,,,,O=C(O)C(F)F
difluorocyanamide,,,,,,,FN(F)C#N
difluorodiazene-cis,,,,,,,N(=N\F)\F
difluorodiazene-trans,,,,,,,[N]([N]F)F
difluorodiethylsilane,,,,,,,F[Si](F)(CC)CC
difluorodimethoxy-methane,,,,,,,COC(OC)(F)F
difluoroiodomethane,,,,,,,C(F)(F)I
difluoromethanediamine,,,,,,,C(N)(N)(F)F
difluoromethane,DIFLUOROMETHANE,BP-TZVP,000075-10-5,52.02,CH2F2,,C(F)F
difluoromethoxy(difluoro)methanol,,,,,,,C(OC(O)(F)F)(F)F
"difluoromethyl-1,1,2-trifluoroethyl-ether",,,,,,,FC(F)[C@@H](C(F)(F)OC([C@@H](F)C(F)F)(F)F)F
"difluoromethyl-1,1,2-trifluoroethylether",,,,,,,C(C(OC(F)F)(F)F)F
"difluoromethyl-2,2,2-trifluoroethylether",,,,,,,FC(F)OCC(F)(F)F
"difluoromethyl-2,2,3,3,3-pentafluoropropylether",,,,,,,C(C(C(F)(F)F)(F)F)OC(F)F
difluoromethylbis(trifluoromethyl)amine,,,,,,,C(N(C(F)(F)F)C(F)(F)F)(F)F
difluoromethyldimethylamine,,,,,,,CN(C)C(F)F
difluoromethylmethylether,,,,,,,C(F)(F)OC
difluoromethylphenylsilane,,,,,,,c1ccccc1[Si](F)(F)C
difluoromethyltrifluoromethylether,,,,,,,C(F)(F)(F)OC(F)F
difluoromethyltrimethylsilane,,,,,,,C[Si](C)(C)C(F)F
difurfuryl-ether,,,,,,,C(OCc1occc1)c1occc1
digeranyl-ether,,,,,,,CC(=CCC/C(=C/COC/C=C(\C)/CCC=C(C)C)/C)C
digermane,,,,,,,[GeH3][GeH3]
diglyme,,,,,,,COCCOCCOC
dihexylcarbonate,,,,,,,CCCCCCOC(=O)OCCCCCC
dihexylphthalate,,,,,,,c1(ccccc1C(=O)OCCCCCC)C(=O)OCCCCCC
"dihydro-2,4,6-trimethyl-4h-1,3,5-dithiazine",,,,,,,C[C@H]1S[C@@H](C)N[C@@H](C)S1
"dihydro-2,5-furandione",,,,,,,C1(=O)OC(=O)CC1
"dihydro-2h-pyran-2,6(3h)-dione",,,,,,,C1(=O)OC(=O)CCC1
dihydro-5-methyl-2(3h)-furanone,,,,,,,C1[C@@H](C)OC(=O)C1
dihydro-alpha-ionone,,,,,,,CC(=O)CC[C@H]1C(=CCCC1(C)C)C
dihydro-beta-ionol,,,,,,,C[C@@H](O)CCC1=C(C)CCCC1(C)C
dihydro-beta-ionone,,,,,,,CC(=O)CCC1=C(C)CCCC1(C)C
dihydrocarveol,,,,,,,O[C@H]1[C@@H](CC[C@@H](C(=C)C)C1)C
dihydrocarvon,,,,,,,[C@@H]1(CC[C@@H](C(=O)C1)C)C(=C)C
dihydrocarvylacetate,,,,,,,C(=O)(C)O[C@@H]1C[C@H](CC[C@H]1C)C(=C)C
dihydrogen-phosphate_anion,,,,,,,OP(=O)(O)[O]
dihydroimidazol-2-ylidene,,,,,,,C1CNCN1
dihydroiron,,,,,,,[C@@H]1([C@@H](CC[C@H](C1(C)C)C)C)/C=C/C(=O)C
dihydroisojasmonate,,,,,,,C1C[C@@H]([C@H](C1=O)CCCCCC)C(=O)OC
dihydroisojasmon,,,,,,,C1C=C(C(=O)C1)CCCCCC
dihydrojonon_gamma,,,,,,,[C@@H]1(C(=C)CCCC1(C)C)CCC(=O)C
dihydrolinalool,,,,,,,C([C@@](CCC=C(C)C)(C)O)C
dihydrolinalylacetate,,,,,,,C(C)[C@@](CCC=C(C)C)(OC(=O)C)C
dihydromethylcyclopentapyrazine,,,,,,,c12c(nccn1)[C@H](CC2)C
dihydromyrcenol_a,,,,,,,C(=C(\CCCC(C)(C)O)/C)/C
dihydromyrcenol_b,,,,,,,C(=C)[C@@H](CCCC(C)(C)O)C
dihydromyrcenylformiate,,,,,,,C(=C)[C@@H](CCCC(C)(C)OC=O)C
dihydromyrcen,,,,,,,C(=C)[C@@H](CCC=C(C)C)C
dihydrosafrole,dihydrosafrole,BP-TZVP,000094-58-6,164.2,C10H12O2,,O1c2c(OC1)cc(cc2)CCC
dihydrotagetone,,,,,,,C(=C)[C@@H](CC(=O)CC(C)C)C
dihydroterpineol_a,,,,,,,[C@@H]1(CC[C@](CC1)(O)C)C(C)C
dihydroterpineol_b,,,,,,,C1[C@@H](C)CC[C@@H](C1)C(C)(C)O
dihydroterpinylacetate,,,,,,,[C@@H]1(CC[C@@H](CC1)C)C(C)(C)OC(=O)C
dihydrothiophen-2(3h)-one,,,,,,,O=C1SCCC1
dihydroverdylacetate,,,,,,,[C@@H]1(C[C@H]2[C@H]3[C@@H]([C@@H]1C2)CCC3)OC(=O)C
dihydroxyacetone,,,,,,,O=C(CO)CO
dihydroxyacetophenone,,,,,,,OC(O)C(=O)c1ccccc1
dihyrojonon_delta,,,,,,,[C@@H]1([C@@H](CCCC1(C)C)C)CC[C@@H](C)O
diiminosulfane,,,,,,,N=[S][NH]
diiodomethane,,,,,,,C(I)I
diisoamyl-disulfide,,,,,,,CC(C)CCSSCCC(C)C
diisobutylaluminumchloride,,,,,,,CC(C)C[Al](Cl)CC(C)C
diisobutylphthalate,,,,,,,c1c(C(=O)OCC(C)C)c(C(=O)OCC(C)C)ccc1
diisooctylphthalate,DIISOOCTYLPHTHALATE,BP-TZVP,027554-26-3,390.56,C24H38O4,,c1cc(C(=O)OCCCCCC(C)C)c(C(=O)OCCCCCC(C)C)cc1
diisopentylether,,,,,,,O(CCC(C)C)CCC(C)C
diisopentylsulfide,,,,,,,CC(C)CCSCCC(C)C
diisopropyl-trisulfide,,,,,,,CC(C)SSSC(C)C
diisopropylamine,,,,,,,N(C(C)C)C(C)C
diisopropylamine_cation,,,,,,,[NH2](C(C)C)C(C)C
diisopropylcarbodiimide,,,,,,,[N]([C][N]C(C)C)C(C)C
diisopropylcyanamide,,,,,,,CC(C)N(C(C)C)C#N
diisopropylether,,,,,,,CC(C)OC(C)C
diisopropylphosphonate,,,,,,,CC(C)OP(=O)OC(C)C
diisopropylsulfoxide,,,,,,,CC(C)S(=O)C(C)C
dijasmon,,,,,,,C(C[C@H]1C(=O)CCC1)CCCC
dilacticacid,,,,,,,C[C@@H](C(=O)O)O[C@@H](C(=O)O)C
dilactide(dl),,,,,,,C[C@H]1OC(=O)[C@@H](C)OC1=O
dillapiol,,,,,,,O1COc2c1cc(c(c2OC)OC)CC=C
diltiazem,,,,,,,COc1ccc(cc1)[C@@H]1Sc2ccccc2N(CCN(C)C)C(=O)[C@H]1OC(=O)C
dimercaprol,"1-PROPANOL,2,3-DIMERCAPTO-",BP-TZVP,000059-52-9,124.23,C3H8OS2,,OC[C@@H](S)CS
dimercaptomethane,,,,,,,SCS
dimesitylmethanone,,,,,,,Cc1cc(C)c(c(c1)C)C(=O)c1c(C)cc(C)cc1C
dimethipin,,,,,,,CC1=C(C)S(=O)(=O)CCS1(=O)=O
dimethoxyborane,,,,,,,B(OC)OC
dimethoxydimethylsilane,,,,,,,[Si](OC)(OC)(C)C
dimethoxymethane,,,,,,,C(OC)OC
dimethoxysilane,,,,,,,CO[SiH2]OC
dimethoxytetrahydrofuran,,,,,,,O1[C@@H](OC)CC[C@H]1OC
dimethyl(chloromethyl)methoxysilane,,,,,,,CO[Si](C)(C)CCl
dimethyl(phenyl)phosphineoxide,,,,,,,CP(=O)(C)c1ccccc1
dimethyl(propylidene)silane,,,,,,,CCC=[Si](C)C
dimethyl(trimethylsilylmethyl)amine,,,,,,,CN(C)C[Si](C)(C)C
"dimethyl-1,1-dimethylpropylamine",,,,,,,CCC(C)(C)N(C)C
"dimethyl-2,4,5-trichlorophenylthiophosphate",,,,,,,CO[P]([S])(OC)Oc1c(Cl)cc(Cl)c(Cl)c1
dimethyl-3-pentylamine,,,,,,,CCC(CC)N(C)C
"dimethyl-4-bromo-2,5-dichlorophenylthiophosphate",,,,,,,CO[P]([S])(OC)Oc1c(Cl)cc(Br)c(Cl)c1
dimethyl-4-nitrophenylthiophosphate,,,,,,,c1c(ccc(c1)N(=O)=O)O[P](OC)(OC)[S]
dimethyl-diazene,,,,,,,[N]([N]C)C
dimethyl-iso-butylamine_cation,,,,,,,[NH](C)(C)CC(C)C
dimethyl-iso-propylamine_cation,,,,,,,[NH](C)(C)C(C)C
dimethyl-n-butylamine_cation,,,,,,,C[NH](CCCC)C
dimethyl-n-propylamine,,,,,,,CCCN(C)C
dimethyl-n-propylamine_cation,,,,,,,C[NH](CCC)C
dimethyl-p-isopropyl-benzylalcohol,,,,,,,c1c(ccc(c1)C(C)C)C(O)(C)C
dimethyl-phenylsulfonium_cation,,,,,,,[S](C)(C)c1ccccc1
dimethyl-propan-2-yl-propylsilane,,,,,,,CCC[Si](C)(C)C(C)C
dimethyl-sec-butylamine,,,,,,,N(C)(C)[C@H](CC)C
dimethyl-sec-butylamine_cation,,,,,,,[NH](C)(C)[C@H](CC)C
dimethyl-t-butylamine,,,,,,,CC(N(C)C)(C)C
dimethyl-t-butylamine_cation,,,,,,,CC([NH](C)C)(C)C
dimethyl-tetradecyl-benzylammonium_cation,,,,,,,c1ccccc1C[N](CCCCCCCCCCCCCC)(C)C
dimethyl-trisulfide,,,,,,,CSSSC
dimethylaluminiumchloride,,,,,,,C[Al](C)Cl
dimethylamine,,,,,,,N(C)C
dimethylamine_cation,,,,,,,C[NH2]C
dimethylaminopropionitrile,,,,,,,N#CCCN(C)C
dimethylarsine,,,,,,,C[AsH]C
dimethylbarbiturate,,,,,,,CC1(C(=O)NC(=O)NC1=O)C
dimethylbenzenesulfonamide,,,,,,,c1ccc(S(=O)(=O)N(C)C)cc1
dimethylbenzylcarbinylacetate,,,,,,,c1(ccccc1)CC(C)(C)OC(=O)C
dimethylbis[(trimethylsilyl)methyl]-silane,,,,,,,C[Si](C)(C)C[Si](C)(C)C[Si](C)(C)C
dimethylborane,,,,,,,CBC
dimethylcarbamothioicchloride,,,,,,,N(C(=S)Cl)(C)C
dimethylcarbamoylchloride,DIMETHYLCARBAMOYLCHLORIDE,BP-TZVP,000079-44-7,107.54,C3H6ClNO,,O=C(N(C)C)Cl
dimethylcarbonate,DIMETHYLCARBONATE,BP-TZVP,000616-38-6,90.08,C3H6O3,,O=C(OC)OC
dimethylchloroarsine,,,,,,,C[As](C)Cl
dimethylchloroborane,,,,,,,CB(C)Cl
dimethylchlorosilane,,,,,,,C[SiH](C)Cl
dimethylcyanamide,,,,,,,C(#N)N(C)C
dimethyldiethoxysilane,,,,,,,C[Si](OCC)(OCC)C
dimethyldiselenide,,,,,,,C[Se][Se]C
dimethyldisulfide,,,,,,,CSSC
dimethylethanolamine,,,,,,,CC(C)(O)CN
dimethylethanolammonium_cation,,,,,,,C[NH](CCO)C
dimethylether,,,,,,,O(C)C
dimethylether_cation,,,,,,,OC.[CH3]
dimethylethylamine,,,,,,,CN(C)CC
dimethylethylamine_cation,,,,,,,C[NH](CC)C
dimethylethylphosphonate,,,,,,,COP(=O)(OC)CC
dimethylformamide,,,,,,,O=CN(C)C
dimethylfurazan,"furazan,dimethyl-",BP-TZVP,004975-21-7,98.1,C4H6N2O,,Cc1nonc1C
dimethylgermane,,,,,,,[GeH2](C)C
dimethylguanidine,,,,,,,CN(C)C(=N)N
dimethylhydrogenphosphite,,,,,,,O=P(OC)OC
dimethylisoamylamine,,,,,,,CC(C)CCN(C)C
dimethylisosorbide,,,,,,,CO[C@@H]1CO[C@H]2[C@@H]1OC[C@@H]2OC
dimethylmaleate,,,,,,,C(=C\C(=O)OC)\C(=O)OC
dimethylmalonate,,,,,,,COC(=O)CC(=O)OC
dimethylmalonicacid,,,,,,,O=C(O)C(C(=O)O)(C)C
dimethylmalononitrile,,,,,,,N#CC(C)(C#N)C
dimethylmethoxyfuranone,,,,,,,[C@H]1([C@H](C(=O)[C@H](O1)C)OC)C
dimethylmethylphosphonate,,,,,,,P(=O)(C)(OC)OC
dimethylnitramine,,,,,,,N(=O)(=O)N(C)C
dimethylolurea,,,,,,,O=C(NCO)NCO
dimethylperoxide,,,,,,,O(OC)C
dimethylphenylsilane,,,,,,,[SiH](c1ccccc1)(C)C
dimethylphosphate_anion,,,,,,,COP(=O)([O])OC
dimethylphosphate,,,,,,,COP(=O)(OC)O
dimethylphosphinicacid,dimethyl-phosphinicacid,BP-TZVP,003283-12-3,94.05,C2H7O2P,,OP(=O)(C)C
dimethylphthalate,,,,,,,c1(c(C(=O)OC)cccc1)C(=O)OC
dimethylpropylsilane,"SILANE,DIMETHYLPROPYL",BP-TZVP,018143-31-2,102.25,C5H14Si,,C[SiH](C)CCC
dimethylselenide,,,,,,,[Se](C)C
dimethylselenoxide,,,,,,,[CH3].[Se](C)[O]
dimethylsilanediol,,,,,,,[Si](O)(O)(C)C
dimethylsilane,DIMETHYLSILANE,BP-TZVP,001111-74-6,60.17,C2H8Si,,[SiH2](C)C
dimethylsilylether,,,,,,,C[SiH](C)O[SiH](C)C
dimethylsuccinate,,,,,,,C(CC(=O)OC)C(=O)OC
dimethylsulfate,DIMETHYLSULFATE,BP-TZVP,000077-78-1,126.13,C2H6O4S,,COS([O])([O])OC
dimethylsulfide,,,,,,,CSC
dimethylsulfide_cation,,,,,,,C[SH]C
dimethylsulfite,,,,,,,O=S(OC)OC
dimethylsulfone_anion,,,,,,,CS(=O)(=O)[CH2]
dimethylsulfone,,,,,,,CS(=O)(=O)C
dimethylsulfoxide_anion,,,,,,,[CH2][S@@](=O)C
dimethylsulfoxide,,,,,,,CS(=O)C
dimethylsulfoxide_cation,,,,,,,C[S](O)C
dimethyltartrate,"Butanedioicacid,2,3-dihydroxy-,dimethylester,",BP-TZVP,005057-96-5,178.14,C6H10O6,,O(C(=O)[C@H]([C@@H](C(=O)OC)O)O)C
dimethyltetrasulfide,,,,,,,S(SSC)SC
dimethylthioborinicacidmethylester,,,,,,,B(C)(C)SC
dimethyl_adipate,,,,,,,COC(=O)CCCCC(=O)OC
dimetol,,,,,,,C(CCC(C)(C)O)C(C)C
dinicotinicacid,,,,,,,n1cc(C(=O)O)cc(C(=O)O)c1
dinitromethane_anion,,,,,,,[CH](N(=O)=O)N(=O)=O
dinitromethane,,,,,,,C(N(=O)=O)N(=O)=O
dinonylether,DINONYLETHER,BP-TZVP,002456-27-1,270.5,C18H38O,,CCCCCCCCCOCCCCCCCCC
diofenolan,,,,,,,c1(ccc(cc1)OC[C@H]1O[C@H](CC)OC1)Oc1ccccc1
diolein,,,,,,,CCCCCCCC/C=C\CCCCCCCC(=O)OC[C@@H](O)COC(=O)CCCCCCC/C=C\CCCCCCCC
diosphenol,,,,,,,[C@@H]1(CCC(=C(C1=O)O)C)C(C)C
dioxane,,,,,,,O1CCOCC1
dioxolane,,,,,,,O1CCOC1
dioxybenzone,,,,,,,[O][C](c1c(O)cc(cc1)OC)c1c(O)cccc1
dioxybismethanol,,,,,,,OCOOCO
dipentene,,,,,,,C1C=C(CC[C@H]1C(=C)C)C
dipentylcarbonate,,,,,,,CCCCCOC(=O)OCCCCC
diphacinone,,,,,,,c1(ccccc1)C(c1ccccc1)C(=O)C1C(=O)c2ccccc2C1=O
diphenicanhydride,,,,,,,c12c3c(c(=O)oc(=O)c1cccc2)cccc3
diphenyl-ethanedione,,,,,,,c1(ccccc1)C(=O)C(=O)c1ccccc1
diphenylamine_cation,,,,,,,c1ccccc1[NH2]c1ccccc1
diphenylcarbamicchloride,,,,,,,ClC(=O)N(c1ccccc1)c1ccccc1
diphenylcarbonate,,,,,,,O(C(=O)Oc1ccccc1)c1ccccc1
diphenylchloroarsine,,,,,,,c1ccccc1[As](Cl)c1ccccc1
diphenyldiethoxysilane,,,,,,,c1ccccc1[Si](c1ccccc1)(OCC)OCC
diphenyldiethylamidophosphate,,,,,,,CCN(CC)P(=O)(Oc1ccccc1)Oc1ccccc1
diphenyldiselenide,,,,,,,[Se]([Se]c1ccccc1)c1ccccc1
diphenyldisulfide,,,,,,,S(Sc1ccccc1)c1ccccc1
diphenyldisulfone,Diphenyldisulfone,BP-TZVP,010409-06-0,282.34,C12H10O4S2,,c1c(cccc1)S(=O)(=O)S(=O)(=O)c1ccccc1
diphenylether,,,,,,,c1c(cccc1)Oc1ccccc1
diphenylisopropylphosphonate,,,,,,,CC(C)P(=O)(Oc1ccccc1)Oc1ccccc1
diphenylmethane,,,,,,,C(c1ccccc1)c1ccccc1
diphenyloxalate,,,,,,,c1(ccccc1)OC(=O)C(=O)Oc1ccccc1
diphenylphosphinicchloride,,,,,,,ClP(=O)(c1ccccc1)c1ccccc1
diphenylselenide,,,,,,,c1ccc(cc1)[Se]c1ccccc1
diphenylsulfide,,,,,,,S(c1ccccc1)c1ccccc1
diphenylsulfone,,,,,,,O=S(=O)(c1ccccc1)c1ccccc1
diphenylsulfoxide,,,,,,,c1(ccccc1)S(=O)c1ccccc1
diphosphine,,,,,,,PP
dipropyl-trisulfide,,,,,,,CCCSSSCCC
dipropylamine,,,,,,,N(CCC)CCC
dipropylamine_cation,,,,,,,[NH2](CCC)CCC
dipropyldisulfide,,,,,,,CCCSSCCC
dipropylene-glycol-isobornyl-ether,,,,,,,[C@@H]1(O[C@@H](C)CO[C@@H](C)CO)[C@@]2(C)CC[C@@H](C1)C2(C)C
dipropyleneglycoldimethylether,,,,,,,COCCCOCCCOC
dipropyleneglycolmonomethylether,,,,,,,O(C[C@H](O)C)C[C@H](OC)C
dipropyleneglycoln-butylether,,,,,,,C[C@@H](O)CO[C@@H](C)COCCCC
dipropylmaleate,,,,,,,C(=C\C(=O)OCCC)\C(=O)OCCC
dipropylphosphonate,,,,,,,CCCOP(=O)OCCC
dipropylphthalate,,,,,,,c1(ccccc1C(=O)OCCC)C(=O)OCCC
dipropylsulfite,,,,,,,CCCOS(=O)OCCC
disilane,,,,,,,[SiH3][SiH3]
disiloxane,,,,,,,[SiH3]O[SiH3]
disperse-1-red,,,,,,,c1(ccc(cc1)N(=O)=O)[N][N]c1ccc(cc1)N(CCO)CC
disperse-yellow-g,,,,,,,c1(cc(ccc1O)C)/N=N/c1ccc(cc1)NC(=O)C
disperseblue19ci,,,,,,,c12c(C(=O)c3c(C1=O)c(ccc3N)Nc1ccccc1)cccc2
dispersered13-,,,,,,,c1(ccc(c(c1)Cl)[N][N]c1ccc(cc1)N(CC)CCO)N(=O)=O
diuron,,,,,,,O=C(N(C)C)Nc1ccc(c(Cl)c1)Cl
divinylether,,,,,,,C(=C)OC=C
divinylsulfone,,,,,,,C=CS(=O)(=O)C=C
di[n-di(2-methoxyethyl)]]-n-dimethyl-guanidinium_cation,,,,,,,N(C)(C)[C](N(CCOC)CCOC)N(CCOC)CCOC
"di[n-dimethyl]-n(butyl,tetradecyl)guanidinium_cation",,,,,,,N(C)(C)[C](N(C)C)N(CCCC)CCCCCCCCCCCCCC
"di[n-dimethyl]-n-[butyl,octyl]-guanidinium_cation",,,,,,,N(C)(C)[C](N(C)C)N(CCCC)CCCCCCCCCCCCCCCCCC
"dl-1,2-3,4-diepoxybutane","1,2:3,4-diepoxybutane",BP-TZVP,000564-00-1,86.09,C4H6O2,,C1O[C@H]1[C@H]1CO1
dl-borneol,,,,,,,C1C[C@@]2([C@@H](C[C@H]1C2(C)C)O)C
dl-cystine,,,,,,,[NH3][C@@H](CSSC[C@@H](N)C(=O)O)C(=O)[O]
dl-pin-2(3)-ene,,,,,,,C1(C)(C)[C@H]2CC=C([C@@H]1C2)C
dmpo,,,,,,,N1([O])[CH]CCC1(C)C
dmtt(dazomet),,,,,,,N1(CSC(=S)N(C)C1)C
docosane,DOCOSANE,BP-TZVP,000629-97-0,310.6,C22H46,,CCCCCCCCCCCCCCCCCCCCCC
docosanoicacidmethylester,,,,,,,CCCCCCCCCCCCCCCCCCCCCC(=O)OC
docosanoicacid,docosanoicacid,BP-TZVP,000112-85-6,340.59,C22H44O2,,CCCCCCCCCCCCCCCCCCCCCC(=O)O
dodecafluoro-hex-1-ene,,,,,,,C(C(C(=C(F)F)F)(F)F)(C(C(F)(F)F)(F)F)(F)F
dodecafluoro-hexane,,,,,,,C(C(C(C(C(C(F)(F)F)(F)F)(F)F)(F)F)(F)F)F
dodecamethylcyclohexasiloxane,,,,,,,C[Si]1(O[Si](O[Si](O[Si](O[Si](C)(C)O[Si](O1)(C)C)(C)C)(C)C)(C)C)C
dodecamethylpentasiloxane,,,,,,,C[Si](C)(C)O[Si](C)(C)O[Si](C)(C)O[Si](C)(C)O[Si](C)(C)C
dodecanal,,,,,,,CCCCCCCCCCCC=O
dodecanamide,,,,,,,C(CCCCCCCCCC(=O)N)C
dodecanedioicacid,,,,,,,OC(=O)CCCCCCCCCCC(=O)O
dodecaneperoxoicacid,dodecaneperoxoicacid,BP-TZVP,002388-12-7,216.32,C12H24O3,,OOC(=O)CCCCCCCCCCC
dodecane,,,,,,,CCCCCCCCCCCC
dodecannitril,,,,,,,CCCCCCCCCCCC#N
dodecanoicacidmethylester,,,,,,,CCCCCCCCCCCC(=O)OC
dodecanoicacid,,,,,,,CCCCCCCCCCCC(=O)O
dodecanol,DODECANOL,BP-TZVP,027342-88-7,186.34,C12H26O,,OCCCCCCCCCCCC
dodecenal_trans2_,,,,,,,C(=C\CCCCCCCCC)/C=O
dodecyl-dimethyl-3-sulfopropylammonium_cation,,,,,,,[N](C)(CCCCCCCCCCCC)(C)CCCS(O)([O])[O]
dodecyl-dimethyl-benzylammonium_cation,,,,,,,c1ccccc1C[N](CCCCCCCCCCCC)(C)C
dodecyl-trihexyl-phosphonium_cation,,,,,,,[P](CCCCCC)(CCCCCC)(CCCCCC)CCCCCCCCCCCC
dodecylbenzenesulfonic-acid,,,,,,,CCCCCCCCCCCCc1ccccc1S(O)([O])[O]
dodecylbenzene,,,,,,,c1ccccc1CCCCCCCCCCCC
dodecylsulfate_anion,,,,,,,C(CCCCCCCCCCC)OS([O])([O])[O]
dopamine,,,,,,,NCCc1ccc(O)c(O)c1
doremox,,,,,,,c1(ccccc1)[C@H]1C[C@H](CCO1)C
dotriacontane,Dotriacontane,BP-TZVP,000544-85-4,450.87,C32H66,,C(CCCCCCCCCCCCCCCC)CCCCCCCCCCCCCCC
dpg-monomethyl-ether-acetate,,,,,,,CO[C@H](CO[C@H](COC(=O)C)C)C
drimenol,,,,,,,[C@@]12([C@@H](C(CCC1)(C)C)CC=C([C@H]2CO)C)C
drometrizole,,,,,,,Cc1ccc(c(c1)n1nc2ccccc2n1)O
dulcinyl,,,,,,,C1[C@@H](OC)[C@@H]2[C@@H]3[C@H]([C@H]1C2)C[C@@H](C3)C=O
dupical,,,,,,,C(CC=O)/C=C/1\C[C@@H]2[C@@H]3[C@H]([C@H]1C2)CCC3
duroquinone,,,,,,,CC1=C(C)C(=O)C(=C(C)C1=O)C
dynascone,,,,,,,C1(=CCCC(C1)(C)C)C(=O)CCC=C
"e,e-2,4-hexadienedial","E,E-2,4-HEXADIENEDIAL",BP-TZVP,018409-46-6,110.11,C6H6O2,,O=C/C=C/C=C/C=O
e1-prostaglandin,,,,,,,C1(=O)C[C@H]([C@H](/C=C/[C@@H](O)CCCCC)[C@H]1CCCCCCC(=O)O)O
e2-prostaglandin,,,,,,,[C@H]1(C(=O)C[C@@H]([C@@H]1/C=C/[C@H](CCCCC)O)O)C/C=C\CCCC(=O)O
"e4-oh-xn-tetracyclo(6-2-1-1(3,6)-0(2,7))dodecane",,,,,,,[C@H]12[C@@H]3[C@H]4[C@@H](C[C@@H]([C@@H]3[C@H](C1)CC2)C4)O
"e4-oh-xx-tetracyclo(6-2-1-1(3,6)-0(2,7))dodecane",,,,,,,[C@H]12[C@@H]3[C@H]4C[C@@H]([C@@H]3[C@H](C1)CC2)C[C@H]4O
ebanol,,,,,,,C(=C\[C@H]1CC=C(C1(C)C)C)/[C@@H]([C@H](O)C)C
ectylurea,,,,,,,O=C(N)NC(=O)/C(=C/C)/CC
eicosamethylnonasiloxane,,,,,,,C[Si](C)(C)O[Si](C)(C)O[Si](C)(C)O[Si](C)(C)O[Si](C)(C)O[Si](C)(C)O[Si](C)(C)O[Si](C)(C)O[Si](C)(C)C
eicosanedioicacid,,,,,,,C(=O)(CCCCCCCCCCCCCCCCCCC(=O)O)O
eicosane,,,,,,,CCCCCCCCCCCCCCCCCCCC
eicosanoicacidmethylester,,,,,,,CCCCCCCCCCCCCCCCCCCC(=O)OC
eicosanoicacid,EICOSANOICACID,BP-TZVP,000506-30-9,312.53,C20H40O2,,CCCCCCCCCCCCCCCCCCCC(=O)O
elemen_beta,,,,,,,[C@@H]1(C[C@@H](CC[C@]1(C)C=C)C(=C)C)C(=C)C
elemicin,,,,,,,c1c(cc(c(c1OC)OC)OC)CC=C
elemol,,,,,,,[C@]1([C@H](C(=C)C)C[C@@H](CC1)C(C)(C)O)(C=C)C
elintaal,,,,,,,C(=C)[C@@](CCC=C(C)C)(O[C@@H](C)OCC)C
enalapril,,,,,,,c1ccccc1CC[C@H](C(=O)OCC)N[C@@H](C)C(=O)N1[C@@H](C(=O)O)CCC1
endo-norborneol,ENDO-NORBORNEOL,BP-TZVP,000497-36-9,112.17,C7H12O,,C1[C@@H]2CC[C@H]1[C@H](C2)O
endosulfan,,,,,,,ClC1=C(Cl)[C@@]2(Cl)[C@@H]3CO[S@](=O)OC[C@H]3[C@]1(Cl)C2(Cl)Cl
enflurane,,,,,,,[C@H](C(OC(F)F)(F)F)(F)Cl
ent-androstenol,,,,,,,C1[C@@H](C[C@@H]2[C@@](C1)([C@H]1[C@H](CC2)[C@@H]2[C@@](CC1)(C=CC2)C)C)O
ent_arborone,,,,,,,[C@@H]12C(=CC[C@]([C@H]1C)(C)C(=O)C)CCCC2(C)C
ent_desmethylarborone,,,,,,,[C@@H]12C(=CC[C@]([C@H]1C)(C)C(=O)C)CCC[C@@H]2C
ephedrine,,,,,,,c1ccccc1[C@@H](O)[C@@H](C)NC
epitone_a,,,,,,,C1[C@@H]([C@@H]2C(=C[C@H]1[C@@H](C2)C(C)C)C)C(=O)C
epitone_b,,,,,,,C1[C@@H]([C@@H]2C(=C[C@H]1C[C@H]2C(C)C)C)C(=O)C
epitone_c,,,,,,,C1[C@@H]([C@@H]2C=C([C@H]1[C@@H](C2)C(C)C)C)C(=O)C
epitone_d,,,,,,,C1[C@@H]([C@@H]2C=C([C@H]1C[C@H]2C(C)C)C)C(=O)C
epoxy-2-nonenal,,,,,,,C(=O)/C=C/[C@@H]1[C@@H](CCCC)O1
epoxy-2-octenal,,,,,,,C(=O)/C=C/[C@@H]1[C@@H](CCC)O1
epoxy-2-undecenal,,,,,,,C(=O)/C=C/[C@@H]1[C@@H](CCCCCC)O1
epoxylinalool,,,,,,,C1([C@H](CC[C@@](O1)(C)C=C)O)(C)C
epsilon-decalactone,,,,,,,CCCC[C@H]1CCCCC(=O)O1
epsilon-dodecalactone,,,,,,,CCCCCC[C@H]1CCCCC(=O)O1
epsilon-hexachlorocyclohexane,,,,,,,[C@H]1([C@@H]([C@H]([C@H]([C@H]([C@@H]1Cl)Cl)Cl)Cl)Cl)Cl
eptam(eptc),,,,,,,C(=O)(N(CCC)CCC)SCC
ergosterol,,,,,,,C[C@@]12[C@@H](C3=CC=C4[C@]([C@@H]3CC2)(C)CC[C@H](C4)O)CC[C@@H]1[C@@H](/C=C/[C@@H](C(C)C)C)C
erucic-acid,,,,,,,O=C(O)CCCCCCCCCCC/C=C\CCCCCCCC
erythritol,,,,,,,OC[C@@H](O)[C@@H](O)CO
"erythro-1,1,1,2,2,3,4,5,5,5-decafluoropentane",,,,,,,C(C(F)(F)F)([C@H]([C@H](C(F)(F)F)F)F)(F)F
estradiol,,,,,,,c12c(ccc(c1)O)[C@@H]1[C@@H](CC2)[C@H]2[C@](CC1)([C@H](CC2)O)C
etacelasil,,,,,,,ClCC[Si](OCCOC)(OCCOC)OCCOC
ethalfluralin,,,,,,,CCN(CC(=C)C)c1c(cc(cc1N(=O)=O)C(F)(F)F)N(=O)=O
ethanedial,,,,,,,O=CC=O
ethanediamide,,,,,,,NC(=O)C(=O)N
ethanedisulfonic_acid,,,,,,,OS(CCS(O)([O])[O])([O])[O]
ethanedithioamide,,,,,,,NC(=S)C(=S)N
ethanesulfonicacid,,,,,,,[O]S([O])(O)CC
ethanesulfonylchloride,,,,,,,CCS(=O)(=O)Cl
ethanethioamide,,,,,,,CC(=S)N
ethanethioamide_cation,,,,,,,CC(=S)[NH3]
ethanethioicacid-s-ethylester,,,,,,,CC(=O)SCC
ethanethiol_anion,,,,,,,CC[S]
ethanethiol,,,,,,,CCS
ethane,,,,,,,CC
ethanimidoylbromide,,,,,,,CC(=N)Br
ethanimidoylchloride,,,,,,,CC(=N)Cl
ethanimidoylfluoride,,,,,,,CC(=N)F
ethanimine,,,,,,,CC=N
ethanolamine,ETHANOLAMINE,BP-TZVP,000141-43-5,61.08,C2H7NO,,NCCO
ethanolamine_cation,,,,,,,[NH3]CCO
ethanol_anion,,,,,,,CC[O]
ethanol,,,,,,,CCO
ethanol_cation,,,,,,,C[CH2].O
ethanox_702_,,,,,,,c1(cc(c(c(c1)C(C)(C)C)O)C(C)(C)C)Cc1cc(c(c(c1)C(C)(C)C)O)C(C)(C)C
ethchlorvynol,,,,,,,CC[C@@](O)(/C=C/Cl)C#C
ethene,,,,,,,C=C
ethenol,,,,,,,C=CO
ethenone,,,,,,,C=C=O
ethenyl-dimethylpyrazine,,,,,,,c1c(nc(c(n1)C=C)C)C
ethenyl-ethylmethylpyrazine,,,,,,,c1c(nc(c(n1)C=C)CC)C
ethenyltrimethylsilane,ETHENYLTRIMETHYLSILANE,BP-TZVP,000754-05-2,100.23,C5H12Si,,[Si](C)(C)(C)C=C
ethenyltris(1-methylethoxy)silane,,,,,,,[Si](OC(C)C)(OC(C)C)(OC(C)C)C=C
ethephon,,,,,,,OP(=O)(O)CCCl
ethine_anion,,,,,,,[C]#C
ethine,,,,,,,C#C
ethinylestradiol,,,,,,,[C@@]12([C@@H]([C@@H]3[C@@H](c4c(CC3)cc(cc4)O)CC2)CC[C@@]1(C#C)O)C
ethionamide,,,,,,,CCc1cc(ccn1)C(=S)N
ethopabate,,,,,,,CCOc1cc(NC(=O)C)ccc1C(=O)OC
ethosuximide,ethosuximide,BP-TZVP,000077-67-8,141.17,C7H11NO2,,CC[C@@]1(C)CC(=O)NC1=O
ethoxy(dimethyl)isopropylsilane,,,,,,,CCO[Si](C)(C)C(C)C
ethoxy-ethene,,,,,,,CCOC=C
ethoxyacetaldehyde,,,,,,,CCOCC=O
ethoxyaceticacid,,,,,,,O=C(O)COCC
ethoxyacetylene,ethoxy-ethyne,BP-TZVP,000927-80-0,70.09,C4H6O,,CCOC#C
ethoxybenzene,,,,,,,c1(OCC)ccccc1
ethoxycyclopropane,,,,,,,CCOC1CC1
ethoxyethanol,,,,,,,CCOCCO
ethoxyethylsulfate_anion,,,,,,,C(OCCOS([O])([O])[O])C
ethoxyquin,,,,,,,CCOc1ccc2NC(C)(C)C=C(C)c2c1
ethoxytrimethylsilane,,,,,,,C[Si](OCC)(C)C
ethoxytriphenylsilane,,,,,,,c1ccccc1[Si](OCC)(c1ccccc1)c1ccccc1
ethy-l4-(dimethylamino)benzoate,,,,,,,CCOC(=O)c1ccc(cc1)N(C)C
ethy-l4-methoxybenzoate,,,,,,,CCOC(=O)c1ccc(cc1)OC
"ethyl(1,1-dimethylpropyl)malononitrile",,,,,,,CCC(C)(C)C(CC)(C#N)C#N
"ethyl(2,2,2-trifluoroethyl)amine",,,,,,,CCNCC(F)(F)F
ethyl(2e)-3-(dimethylamino)acrylate,,,,,,,CCOC(=O)/C=C/N(C)C
ethyl(dimethyl)ethoxysilane,,,,,,,CCO[Si](C)(C)CC
ethyl(dimethyl)methoxysilane,,,,,,,CC[Si](C)(C)OC
ethyl-(3-hydroxypropyl)-dimethylammonium_cation,,,,,,,[N](CC)(C)(C)CCCO
ethyl-(3-methoxypropyl)-dimethylammonium_cation,,,,,,,[N](CC)(C)(C)CCCOC
"ethyl-(e,z)-2,4-decadienoate",,,,,,,CCOC(=O)/C=C/C=C\CCCCC
ethyl-(r)-gamma-cyclogeranate,,,,,,,C1CCC(=C)[C@@H](C1(C)C)C(=O)OCC
ethyl-(s)-(+)-2-methylbutanoate,,,,,,,CC[C@@H](C(=O)OCC)C
ethyl-(s)-gamma-cyclogeranate,,,,,,,C1CCC(=C)[C@H](C1(C)C)C(=O)OCC
"ethyl-2,2,2-trifluoroethanimidate",,,,,,,CCOC(=N)C(F)(F)F
"ethyl-2,2-difluoroethanimidate",,,,,,,CCOC(=N)C(F)F
"ethyl-2,4-dimethylpent-2-enoate",,,,,,,CC(C)/C=C(\C)/C(=O)OCC
ethyl-2-hydroxybenzoate,,,,,,,O=C(OCC)c1c(O)cccc1
"ethyl-3,5-dinitrobenzoate",,,,,,,c1(cc(cc(c1)C(=O)OCC)N(=O)=O)N(=O)=O
ethyl-3-methylbenzoate,,,,,,,CCOC(=O)c1cccc(c1)C
ethyl-4-bromobenzoate,,,,,,,CCOC(=O)c1ccc(cc1)Br
ethyl-4-cyanobenzoate,,,,,,,CCOC(=O)c1ccc(cc1)C#N
ethyl-4-cyanophenylphenylthiophosphate,,,,,,,[S][P@@](Oc1ccc(C#N)cc1)(Oc1ccccc1)OCC
ethyl-4-fluorobenzoate,,,,,,,CCOC(=O)c1ccc(cc1)F
ethyl-4-hydroxybenzoate,,,,,,,c1cc(ccc1O)C(=O)OCC
ethyl-4-hydroxymethyl-3(2h)-furanone,,,,,,,C1[C@H](C(=O)[C@H](O1)CC)CO
ethyl-4-methylbenzoate,,,,,,,c1c(ccc(c1)C(=O)OCC)C
ethyl-4-nitrobenzoate,,,,,,,c1c(ccc(c1)C(=O)OCC)N(=O)=O
ethyl-boronicacid,,,,,,,B(CC)(O)O
ethyl-cyclopentenylacetate_a,,,,,,,C(=O)(CC1=CCCC1)OCC(CC)CC
ethyl-cyclopentenylacetate_b,,,,,,,C(=O)(C[C@H]1CCC=C1)OCC(CC)CC
ethyl-dimethyl-2-methoxyethylammonium_cation,,,,,,,C[N](CC)(C)CCOC
ethyl-dimethyl-butylammonium_cation,,,,,,,[N](C)(C)(CC)CCCC
ethyl-dimethyl-propylammonium_cation,,,,,,,C[N](C)(CC)CCC
ethyl-dimethyl-propylsilane,,,,,,,CCC[Si](C)(C)CC
ethyl-dimethylsulfonium_cation,,,,,,,[S](C)(CC)C
ethyl-erucate,,,,,,,O=C(OCC)CCCCCCCCCCC/C=C\CCCCCCCC
ethyl-furfuryl-ether,,,,,,,CCOCc1occc1
ethyl-linalyl-ether,,,,,,,CCO[C@@](C)(CCC=C(C)C)C=C
ethyl-linoleate,,,,,,,O=C(OCC)CCCCCCC/C=C\C/C=C\CCCCC
ethyl-linolenate,,,,,,,O=C(OCC)CCCCCCC/C=C\C/C=C\C/C=C\CC
ethyl-n-phenylcarbamate,,,,,,,c1(ccccc1)NC(=O)OCC
ethyl-oleate,ethyl-oleate,BP-TZVP,000111-62-6,310.52,C20H38O2,,O=C(OCC)CCCCCCC/C=C/CCCCCCCC
ethyl-pentafluoropropionate,,,,,,,CCOC(=O)C(C(F)(F)F)(F)F
ethyl-phenyl-carbonate,,,,,,,CCOC(=O)Oc1ccccc1
ethyl-phenyl-methylsulfonium_cation,,,,,,,[S@](CC)(C)c1ccccc1
ethyl-phosphonicaciddiethylester,,,,,,,O=P(OCC)(OCC)CC
ethyl-tert-butyl-disulfide,ethyl-tert-butyl-disulfide,BP-TZVP,004151-69-3,150.31,C6H14S2,,CCSSC(C)(C)C
ethyl-tetrahydrothiophenium_cation,,,,,,,C1C[S](CC)CC1
ethyl-trans-2-octenoate,,,,,,,CCCCC/C=C/C(=O)OCC
ethyl-trihexyl-phosphonium_cation,,,,,,,[P](CC)(CCCCCC)(CCCCCC)CCCCCC
"ethyl1,1,2,2-tetrafluoroethylether",,,,,,,CCOC(F)(F)C(F)F
ethyl2-propynoate,,,,,,,CCOC(=O)C#C
ethyl2methylbutyrate,,,,,,,CCOC(=O)[C@H](C)CC
ethyl3-ethoxypropanoate,,,,,,,C(=O)(CCOCC)OCC
ethyl3-hydroxybutyrate,,,,,,,O=C(OCC)C[C@@H](O)C
"ethyl3-methyl-2-thioxo-2,3-dihydro-1h-imidazole-1-carboxylate",,,,,,,CCOC(=O)n1ccn(C)c1=S
ethyl3hydroxyhexanoate,,,,,,,CCC[C@@H](CC(=O)OCC)O
ethylacetate,,,,,,,C(=O)(OCC)C
ethylacetoacetate,,,,,,,O=C(OCC)CC(=O)C
ethyladamantane-1-carboxylate,,,,,,,CCOC(=O)[C@@]12C[C@H]3C[C@@H](C1)C[C@H](C3)C2
ethylallophanate,,,,,,,O=C(OCC)NC(=O)N
ethylalpha-chloropropionate,,,,,,,O=C(OCC)[C@@H](Cl)C
ethylaluminumdichloride,,,,,,,CC[Al](Cl)Cl
ethylamine,,,,,,,C(C)N
ethylamine_cation,,,,,,,C(C)[NH3]
ethylarsine,,,,,,,CC[AsH2]
ethylbenzene,,,,,,,c1ccc(cc1)CC
ethylbenzoate,,,,,,,c1c(cccc1)C(=O)OCC
ethylbutyrate,,,,,,,O=C(OCC)CCC
ethylchloroacetate,,,,,,,C(=O)(OCC)CCl
ethylcinnamate,,,,,,,c1(ccccc1)/C=C/C(=O)OCC
ethylcyano(pentafluorophenyl)acetate_anion,,,,,,,CCOC(=O)[C](C#N)c1c(F)c(F)c(F)c(F)c1F
ethylcyano(pentafluorophenyl)acetate,,,,,,,CCOC(=O)[C@@H](C#N)c1c(F)c(F)c(F)c(F)c1F
ethylcyanoformate,,,,,,,O=C(OCC)C#N
ethylcyclobutane,,,,,,,C1CC(CC)C1
ethylcyclohexane,,,,,,,C1CC(CCC1)CC
ethylcyclopentane,,,,,,,C1(CC)CCCC1
ethylcyclopropanecarboxylate,,,,,,,C1(C(=O)OCC)CC1
ethylcyclopropane,,,,,,,C1(CC1)CC
ethyldecadienoate,,,,,,,CCCCC/C=C/C=C/C(=O)OCC
ethyldecatrienoate,,,,,,,C(=C\CC)/C/C=C/C=C/C(=O)OCC
ethyldichloroacetate,,,,,,,O=C(OCC)C(Cl)Cl
ethyldiethylcarbamate,,,,,,,CCOC(=O)N(CC)CC
ethyldiethylphosphinate,,,,,,,CCOP(=O)(CC)CC
ethyldifluoroacetate,,,,,,,O=C(OCC)C(F)F
ethyldihydrocinnamate,,,,,,,c1cccc(c1)CCC(=O)OCC
ethyldimethylcarbamate,,,,,,,CCOC(=O)N(C)C
ethyldimethylthiazole,,,,,,,c1(c(nc(s1)C)C)CC
ethyldiphenylcarbamate,,,,,,,CCOC(=O)N(c1ccccc1)c1ccccc1
ethyldipropylphosphinate,,,,,,,CCOP(=O)(CCC)CCC
ethyldocosanoate,,,,,,,CCCCCCCCCCCCCCCCCCCCCC(=O)OCC
ethylenbrassylate,,,,,,,O1C(=O)CCCCCCCCCCCC(=O)OCC1
ethylenecyanohydrin,,,,,,,N#CCCO
ethylenediaminetetraaceticacid,,,,,,,N(CCN(CC(=O)O)CC(=O)O)(CC(=O)O)CC(=O)O
ethyleneglycoldiformate,,,,,,,O=COCCOC=O
ethyleneglycolmonoacetate,,,,,,,O=C(OCCO)C
ethyleneglycolmonomethyletheracetate,,,,,,,O=C(OCCOC)C
ethyleneglycoltert-butylether,,,,,,,OCCOC(C)(C)C
ethyleneoxide,,,,,,,O1CC1
ethylenesulfite,,,,,,,O=S1OCCO1
ethylenethiourea,,,,,,,N1C(=S)NCC1
ethylenetricarbonitrile,,,,,,,N#CC(=CC#N)C#N
ethylenglycolmonobenzylether,,,,,,,c1cc(ccc1)COCCO
ethylethanimidoate,,,,,,,CCO[C]([NH])C
ethylethoxyacetate,,,,,,,O=C(OCC)COCC
ethylethylcarbamate,,,,,,,O=C(OCC)NCC
ethylfluoroacetate,,,,,,,O=C(OCC)CF
ethylformate,,,,,,,C(=O)OCC
ethylfruitate,,,,,,,CCOC(=O)CC1(C)OCCO1
ethylfuranone,,,,,,,C1(=O)C=C[C@@H](O1)CC
ethylhenicosanoate,,,,,,,CCCCCCCCCCCCCCCCCCCCC(=O)OCC
ethylheptadecanoate,,,,,,,CCCCCCCCCCCCCCCCC(=O)OCC
ethylheptanoate,,,,,,,CCOC(=O)CCCCCC
ethylhexanoate,Hexanoicacidethylester,BP-TZVP,000123-66-0,144.21,C8H16O2,,CCOC(=O)CCCCC
ethylhydrazinecarboxylate,ETHYLHYDRAZINECARBOXYLATE,BP-TZVP,004114-31-2,104.11,C3H8N2O2,,O=C(OCC)NN
ethylhydroperoxide_anion,,,,,,,[O]OCC
ethylhydroperoxide,,,,,,,OOCC
ethylhydroxyacetate,,,,,,,O=C(OCC)CO
ethylhydroxybutanoate,,,,,,,C(CCC(=O)OCC)O
ethylhydroxyhexanoate,,,,,,,CC[C@H](CCC(=O)OCC)O
ethylicosanoate,,,,,,,CCCCCCCCCCCCCCCCCCCC(=O)OCC
ethylidenecyclohexane,,,,,,,C1CCC(=CC)CC1
ethylidenecyclopentane,,,,,,,C1CCC(=CC)C1
ethylisoamylketone,,,,,,,CCC(=O)CCC(C)C
ethylisobutylmethylamine,,,,,,,CCN(C)CC(C)C
ethylisocyanate,,,,,,,O=C=NCC
ethylisohexanoate,,,,,,,CCOC(=O)CCC(C)C
ethylisopropylsulfide,,,,,,,S(CC)C(C)C
ethylisothiocyanate,,,,,,,N(=C=S)CC
ethyllaitone,,,,,,,[C@@]12(CC[C@@H](CC1)CC)OC(=O)CC2
ethyllaurate,,,,,,,C(CCCCCC(=O)OCC)CCCCC
ethyllevulinate,,,,,,,CC(=O)CCC(=O)OCC
ethyllinalool,,,,,,,C(=C)[C@@](CC/C=C(\C)/CC)(C)O
ethyllinalylacetate,,,,,,,C(=C)[C@@](CC/C=C(/CC)\C)(C)OC(=O)C
ethylmalonicacid,,,,,,,OC(=O)C(C(=O)O)CC
ethylmaltol,,,,,,,c1(c(c(=O)cco1)O)CC
ethylmercaptoacetate,,,,,,,SCC(=O)OCC
ethylmercaptopropionate,,,,,,,C(=O)([C@@H](C)S)OCC
ethylmethacrylate,,,,,,,CC(=C)C(=O)OCC
ethylmethanesulfonate,ETHYLMETHANESULFONATE,BP-TZVP,000062-50-0,124.16,C3H8O3S,,[O]S([O])(OCC)C
ethylmethoxyacetate,,,,,,,O=C(OCC)COC
ethylmethylamine,,,,,,,N(CC)C
ethylmethylcarbonate,,,,,,,CCOC(=O)OC
ethylmethyldisulfide,,,,,,,CSSCC
ethylmethylfurazan,,,,,,,Cc1nonc1CC
ethylmethylsulfone,Ethylmethylsulphone,BP-TZVP,000594-43-4,108.16,C3H8O2S,,CCS(=O)(=O)C
"ethyln,n,n',n'-tetraethyldiamidophosphate",,,,,,,CCOP(=O)(N(CC)CC)N(CC)CC
"ethyln,n-dimethylglycinate",,,,,,,CCOC(=O)CN(C)C
ethyln-pentylsulfide,,,,,,,CCSCCCCC
ethyln-propylsulfide,,,,,,,S(CC)CCC
ethylnitrate,,,,,,,CCON(=O)=O
ethylnitrite,,,,,,,[O][N]OCC
ethylnorbornene,ETHYLNORBORNENE,BP-TZVP,015403-89-1,122.21,C9H14,,C1=C[C@H]2C[C@@H]1C[C@@H]2CC
ethyloctanoate,Octanoicacidethylester,BP-TZVP,000106-32-1,172.27,C10H20O2,,CCOC(=O)CCCCCCC
ethyloxalat,ETHANEDIOICACID-DIETHYLESTER,BP-TZVP,000095-92-1,146.14,C6H10O4,,C(=O)(C(=O)OCC)OCC
ethylpelargonate,,,,,,,C(=O)(OCC)CCCCCCCC
ethylpentadecanoate,,,,,,,CCCCCCCCCCCCCCC(=O)OCC
ethylpentamethyl-disiloxane,,,,,,,CC[Si](C)(C)O[Si](C)(C)C
ethylphenylacetate,,,,,,,CCOC(=O)Cc1ccccc1
ethylphosphonicacid,FOSETYL,BP-TZVP,015845-66-6,110.05,C2H7O3P,,CCP(=O)(O)O
ethylphosphorochloridite,,,,,,,O(P(OCC)Cl)CC
ethylpropanimidoate,,,,,,,CCC(=N)OCC
ethylpropionate,,,,,,,C(=O)(OCC)CC
ethylpropyldisulfide,,,,,,,CCCSSCC
ethylpropylether,,,,,,,CCCOCC
ethylpyruvate,,,,,,,CC(=O)C(=O)OCC
ethylsafranate,,,,,,,[C@@H]1(C(C=CC=C1C)(C)C)C(=O)OCC
ethylsilanetrioltriacetate,,,,,,,[Si](CC)(OC(=O)C)(OC(=O)C)OC(=O)C
ethylsilicate,ETHYLSILICATE,BP-TZVP,000078-10-4,208.33,C8H20O4Si,,CCO[Si](OCC)(OCC)OCC
ethylsuccinate,,,,,,,O=C(OCC)CCC(=O)OCC
ethylsulfate_anion,,,,,,,S(OCC)([O])([O])[O]
ethyltetradecanoate,,,,,,,CCCCCCCCCCCCCC(=O)OCC
ethylthiocyanate,,,,,,,N#CSCC
ethylthiourea,,,,,,,NC(=S)NCC
ethyltiglate,,,,,,,O=C(OCC)/C(=C/C)/C
ethyltrichloroacetate,,,,,,,C(C(=O)OCC)(Cl)(Cl)Cl
ethyltrichlorosilane,,,,,,,CC[Si](Cl)(Cl)Cl
ethyltricosanoate,Ethyltricosanoate,BP-TZVP,018281-07-7,382.67,C25H50O2,,CCCCCCCCCCCCCCCCCCCCCCC(=O)OCC
ethyltridecanoate,,,,,,,CCCCCCCCCCCCC(=O)OCC
ethyltriethoxysilane,ETHYLTRIETHOXYSILANE,BP-TZVP,000078-07-9,192.33,C8H20O3Si,,CCO[Si](CC)(OCC)OCC
ethyltrimethoxysilane,,,,,,,[Si](OC)(OC)(OC)CC
ethyltrimethylacetate,,,,,,,C(C)(C)(C)C(=O)OCC
ethyltrimethylsilane,,,,,,,CC[Si](C)(C)C
ethylundecanoate,,,,,,,C(CCCCCCCC(=O)OCC)CC
ethylurea,,,,,,,N(C(=O)N)CC
ethylvalerate,,,,,,,O=C(OCC)CCCC
ethylvanillate,,,,,,,C(=O)(c1cc(c(cc1)O)OC)OCC
ethylvinylsulfide,,,,,,,CCSC=C
ethyl[(1e)-(dimethylamino)methylene]carbamate,,,,,,,CCOC(=O)/N=C/N(C)C
ethynylbenzene,,,,,,,c1c(cccc1)C#C
etp2(pyrr),,,,,,,[P]([N][P](N1CCCC1)(N1CCCC1)N1CCCC1)(N1CCCC1)([N]CC)N1CCCC1
etp2(pyrr)_cation,,,,,,,[P]([N][P](N1CCCC1)(N1CCCC1)N1CCCC1)(N1CCCC1)(NCC)N1CCCC1
eudesmol_alpha,,,,,,,[C@]12([C@H](C(=CCC1)C)C[C@@H](CC2)C(O)(C)C)C
eudesmol_beta,,,,,,,[C@@H]12[C@](CCCC1=C)(CC[C@@H](C2)C(C)(C)O)C
eudesmol,,,,,,,C1C=C([C@H]2[C@](C1)(CC[C@@H](C2)C(C)(O)C)C)C
eudesmol_gamma,,,,,,,[C@]12(C(=C(CCC1)C)C[C@@H](CC2)C(O)(C)C)C
eugenolmethylether,,,,,,,c1(ccc(c(c1)OC)OC)CC=C
eugenol,,,,,,,c1(cc(ccc1O)CC=C)OC
eugenylacetate,,,,,,,c1(cc(c(cc1)OC(=O)C)OC)CC=C
evernyl,,,,,,,c1(c(c(c(c(c1)O)C)O)C(=O)OC)C
exaltenone,,,,,,,C1CCCCCCC/C=C\CCC(=O)CC1
f2,FLUORINE,BP-TZVP,007782-41-4,38,F2,,FF
famotidine,,,,,,,c1(nc(cs1)CSCCC(=[NH2])[N]S(=O)(=O)N)[N]C(=[NH2])N
farenal,,,,,,,C(=C(C)C)CC[C@@H](CCC[C@@H](C=O)C)C
farnesal,,,,,,,CC(=CCC/C(=C/CC/C(=C/C=O)/C)/C)C
farnesen_alpha_a,,,,,,,CC(=CCC/C(=C/C/C=C(/C=C)\C)/C)C
farnesen_beta_b,,,,,,,CC(=CCC/C(=C/CCC(=C)C=C)/C)C
farnesol,,,,,,,CC(=CCC/C(=C/CC/C(=C/CO)/C)/C)C
farnesylacetate,,,,,,,CC(=CCC/C(=C/CC/C(=C/COC(=O)C)/C)/C)C
fenac,,,,,,,c1c(c(c(c(c1)Cl)Cl)CC(=O)O)Cl
fenarimol,,,,,,,O[C@@](c1ccc(Cl)cc1)(c1cncnc1)c1ccccc1Cl
fenbendazole,,,,,,,COC(=O)Nc1[nH]c2cc(Sc3ccccc3)ccc2n1
fenbufen,,,,,,,OC(=O)CCC(=O)c1ccc(cc1)c1ccccc1
fenchen_alpha,,,,,,,C1C(=C)[C@H]2CC[C@@H]1C2(C)C
fenchone,,,,,,,O=C1[C@]2(C[C@H](CC2)C1(C)C)C
fenchylacetate,,,,,,,[C@@H]1(C([C@H]2CC[C@@]1(C2)C)(C)C)OC(=O)C
fenchylalkohol,,,,,,,C1([C@@H]([C@]2(CC[C@@H]1C2)C)O)(C)C
fenclofenac,,,,,,,OC(=O)Cc1ccccc1Oc1ccc(Cl)cc1Cl
fenoxaprop-ethyl,,,,,,,CCOC(=O)[C@@H](C)Oc1ccc(Oc2oc3cc(Cl)ccc3n2)cc1
fenoxycarb,,,,,,,C(=O)(NCCOc1ccc(cc1)Oc1ccccc1)OCC
fenthion,,,,,,,CO[P]([S])(OC)Oc1ccc(SC)c(C)c1
ferrocene,,,,,,,[Fe]([C@@H]1[CH]C=C[CH]1)[C@@H]1C=CC=C1
ferulic_acid,,,,,,,COc1cc(/C=C/C(=O)O)ccc1O
filbertone,,,,,,,CC[C@@H](C(=O)/C=C/C)C
firsantol,,,,,,,C(C(=C)[C@H]1CC[C@H](C1(C)C)C)[C@@H](CO)C
firwood,,,,,,,C1CCCCCCCCCC(C1)O[C@@H](OCC)C
fixilide,,,,,,,c12c(cc(c(c1)C)C(=O)C)C(C[C@@H](C2(C)C)C)(C)C
fleuramon,,,,,,,C(C[C@H]1CCCC1=O)CCCCC
fleuranil_a,,,,,,,c1(ccccc1CC)CC(C)(C)C#N
fleuranil_b,,,,,,,c1(cccc(c1)CC)CC(C)(C)C#N
fleuroxene_a,,,,,,,[C@@H]1(C[C@@H]2[C@@H]3[C@H]([C@H]1C2)C=CC3)OCC=C
fleuroxene_b,,,,,,,[C@@H]1(C[C@@H]2[C@@H]3[C@H]([C@H]1C2)CC=C3)OCC=C
floralol_a,,,,,,,[C@@H]1(C[C@@H](C=C(C1)C)C)CO
floralol_b,,,,,,,[C@@H]1(CCC(=C[C@H]1C)C)CO
floralozone_a,,,,,,,c1(ccc(cc1)CC)CC(C)(C)C=O
floralozone_b,,,,,,,c1(ccccc1CC)CC(C)(C)C=O
floral_super,,,,,,,C/C=C(/CC/C=C(/CCC=O)\C)\C
floramat,,,,,,,C1CCC[C@H]([C@H]1OC(=O)OCC)C(C)(C)C
florane,,,,,,,C1O[C@@H](CC1)CCCCCCC
florex,,,,,,,[C@@H]12[C@@H](CCC(=O)O1)[C@H]1/C(=C/C)/C[C@@H]2C1
florhydral,,,,,,,c1(cccc(c1)C(C)C)[C@@H](CC=O)C
floridile,,,,,,,C(=C\CCCCCCCC#N)\C
florol,,,,,,,[C@@H]1(C[C@@](CCO1)(C)O)CC(C)C
fluchloralin,,,,,,,CCCN(CCCl)c1c(cc(cc1N(=O)=O)C(F)(F)F)N(=O)=O
fluconazole,,,,,,,c1(C(Cn2cncn2)(Cn2cncn2)O)c(cc(cc1)F)F
flufenamate_anion,,,,,,,c1cc(cc(c1)C(F)(F)F)Nc1c(cccc1)C(=O)[O]
flufenamic_acid,,,,,,,OC(=O)c1ccccc1Nc1cccc(c1)C(F)(F)F
fluometuron,,,,,,,c1c(cccc1C(F)(F)F)NC(=O)N(C)C
fluoradene_anion,,,,,,,c1ccc2c(c1)C1=C3C(=c4ccccc4=C23)C=C[CH]1
fluoradene,,,,,,,c1ccc2c(-c3cccc4-c5ccccc5C2c34)c1
fluoranthene,,,,,,,c1cc2-c3cccc4c3c(-c2cc1)ccc4
fluorene,,,,,,,c1c2-c3ccccc3Cc2ccc1
fluoressigsaeure-methylester,fluoressigsaeure-methylester,BP-TZVP,000453-18-9,92.07,C3H5FO2,,COC(=O)CF
fluoro(dimethoxy)methane,,,,,,,COC(OC)F
fluoro(fluoromethoxy)methane,,,,,,,C(OCF)F
fluoro(methylthio)-methane,,,,,,,CSCF
fluoro-1-butanamine,,,,,,,CCC[C@@H](N)F
fluoro-butanol,,,,,,,CCC[C@@H](O)F
fluoro-methanethiol,,,,,,,C(F)S
fluoroacetaldehyde,,,,,,,C(C=O)F
fluoroacetone,,,,,,,CC(=O)CF
fluorobenzene,,,,,,,c1cc(F)ccc1
fluorocyclohexane,FLUOROCYCLOHEXANE,BP-TZVP,000372-46-3,102.15,C6H11F,,FC1CCCCC1
fluorocyclopentane,,,,,,,C1CCC(C1)F
fluorodimethylphenylsilane,,,,,,,c1ccccc1[Si](C)(C)F
fluoroethane,,,,,,,CCF
fluoroethene,,,,,,,C=CF
fluoromethanol,,,,,,,C(O)F
fluoromethoxy(methoxy)methane,,,,,,,COCOCF
fluoromethoxymethoxyethane,,,,,,,CCOCOCF
"fluoromethyl-1,1,2,2-tetrafluoroethylether",,,,,,,C(OC(C(F)F)(F)F)F
fluoromethyl-trifluoromethylcarbonate,,,,,,,C(OC(=O)OC(F)(F)F)F
fluoromethylacetate,,,,,,,CC(=O)OCF
fluorosulfuricacid,,,,,,,FS([O])([O])O
flurbiprofen,,,,,,,C[C@H](C(=O)O)c1ccc(c(F)c1)c1ccccc1
flusilazole,,,,,,,c1cc(F)ccc1[Si](C)(c1ccc(F)cc1)Cn1ncnc1
folenox,,,,,,,[C@]123[C@@]4(CC[C@H](C1(C)C)C4)C(CC[C@H]2O3)(C)C
formaldehyde,,,,,,,O=C
formamideoxime,formamideoxime,BP-TZVP,000075-17-2,45.04,CH3NO,,ON=C
formamide_anion,,,,,,,C(=O)[NH]
formamide,,,,,,,O=CN
formamidine,formamidine,BP-TZVP,000463-52-5,44.06,CH4N2,,N=CN
formate_anion,,,,,,,[O]C=O
formicacid-1-methylpropylester,,,,,,,CC[C@@H](C)OC=O
formicacidcyclohexylester,,,,,,,C1(OC=O)CCCCC1
formicaciddecylester,,,,,,,CCCCCCCCCCOC=O
formicacidheptylester,FORMICACIDHEPTYLESTER,BP-TZVP,000112-23-2,144.21,C8H16O2,,CCCCCCCOC=O
formicacidhexylester,,,,,,,CCCCCCOC=O
formicacidoctylester,,,,,,,CCCCCCCCOC=O
formicacidpentylester,,,,,,,CCCCCOC=O
formicacid,,,,,,,OC=O
formicin,formicin,BP-TZVP,000625-51-4,89.09,C3H7NO2,,OCNC(=O)C
"formyl-2,2,2-trifluoroacetate",,,,,,,C(=O)OC(=O)C(F)(F)F
formylchloride,,,,,,,O=CCl
formylfluoride,,,,,,,C(=O)F
frescile,,,,,,,C(CCCCC[C@@H](CC#N)C)CCC
fructose,,,,,,,[C@@H]1([C@@H]([C@H](O[C@@]1(CO)O)CO)O)O
fruitaflor,,,,,,,O(CC)C(=O)CCCCCOC(=O)C
fruitate,,,,,,,[C@]12([C@@H]([C@H]3CC[C@@H]1C3)CCC2)C(=O)OCC
frutonile,,,,,,,CCCCCCCC[C@@H](C#N)C
fucoserratene,,,,,,,C(=C\CC)\C=C\C=C
fufurylmercaptan,,,,,,,c1(ccco1)CS
fumaramide,,,,,,,O=C(N)/C=C/C(=O)N
fumaricacid_anion,,,,,,,C(=C\C(=O)[O])/C(=O)O
fumaricacid,,,,,,,C(=C\C(=O)O)/C(=O)O
fumarylchloride,fumarylchloride,BP-TZVP,000627-63-4,152.96,C4H2Cl2O2,,O=C(/C=C/C(=O)Cl)Cl
furan-2-carboxamide,FURAN-2-CARBOXAMIDE,BP-TZVP,000609-38-1,111.1,C5H5NO2,,O=C(N)c1occc1
furan-3-carboxamide,,,,,,,o1cc(C(=O)N)cc1
furane,,,,,,,o1cccc1
furazandiamine,,,,,,,Nc1nonc1N
furazan,,,,,,,o1nccn1
furazolidone,,,,,,,O=N(=O)c1oc(cc1)/C=N/N1CCOC1=O
furfural-propylenglycolacetal,,,,,,,c1oc(cc1)[C@H]1OC[C@H](O1)C
furfural,,,,,,,c1coc(c1)C=O
furfuryl-isopropyl-sulfide,,,,,,,CC(C)SCc1occc1
furfuryl-methyl-sulfide,,,,,,,CSCc1occc1
furfurylamine,,,,,,,c1c(CN)occ1
furfurylamine_cation,,,,,,,c1c(C[NH3])occ1
furoicacidethylester,,,,,,,O=C(OCC)c1occc1
furosemide,,,,,,,c1(c(cc(c(c1)S(=O)(=O)N)Cl)NCc1ccco1)C(=O)O
f_anion,FLUORIDE-ION,BP-TZVP,016984-48-8,19,F,,[F]
g-thiobutyrolactone,,,,,,,C1C(=S)OCC1
galactitol,,,,,,,OC[C@H]([C@H]([C@@H]([C@H](CO)O)O)O)O
galaxolide,,,,,,,c12c(COC[C@H]1C)cc1c(c2)C([C@@H](C1(C)C)C)(C)C
galbaniff,,,,,,,[C@@H]1(CC(CCC1)(C)C)C(=O)CCC=C
gallocyanine,,,,,,,C1(=CC(=O)[C](C2=C1N=C1C(=CC(=C[CH]1)N(C)C)O2)O)C(=O)O
gamma-aminopropyltriethoxysilane,,,,,,,[Si](OCC)(OCC)(OCC)CCCN
gamma-butyrolactone,,,,,,,C1(=O)OCCC1
gamma-decalactone,,,,,,,C1(=O)O[C@H](CC1)CCCCCC
gamma-dodecalactone,,,,,,,CCCCCCCC[C@H]1CCC(=O)O1
gamma-heptalactone,,,,,,,CCC[C@H]1CCC(=O)O1
gamma-hexachlorocyclohexane,,,,,,,[C@@H]1([C@@H]([C@@H]([C@H]([C@@H]([C@@H]1Cl)Cl)Cl)Cl)Cl)Cl
gamma-methyldecalactone,,,,,,,CCCCCC[C@@]1(C)CCC(=O)O1
gamma-muurolene,,,,,,,C1CC(=C)[C@H]2[C@@H]([C@H]1C(C)C)C=C(CC2)C
gamma-nonalactone,,,,,,,CCCCC[C@H]1CCC(=O)O1
gamma-octadecalactone,,,,,,,CCCCCCCCCCCCCC[C@H]1CCC(=O)O1
gamma-octalactone,,,,,,,CCCC[C@H]1CCC(=O)O1
gamma-selinene,,,,,,,C1CC[C@@]2([C@H](C1=C)CC(=C(C)C)CC2)C
gamma-undecalactone,,,,,,,CCCCCCC[C@H]1CCC(=O)O1
geosmin,,,,,,,C1CC[C@H]([C@@]2(CCCC[C@]12C)O)C
geraldehyde,,,,,,,C(=C(\CCC=C(C)C)/C)/CCC=O
geraniol,,,,,,,C(=C(\CCC=C(C)C)/C)/CO
geranyl-acetone,,,,,,,CC(=CCC/C(=C/CCC(=O)C)/C)C
geranylacetate,,,,,,,C(CC=C(C)C)/C(=C/CC(=O)OCC)/C
geranylbenzoate,,,,,,,C(=C(\CCC=C(C)C)/C)/COC(=O)c1ccccc1
geranylbutyrate,,,,,,,C(=C(\CCC=C(C)C)/C)/COC(=O)CCC
geranylethylether,,,,,,,C(=C(\CCC=C(C)C)/C)/COCC
geranylformiate,,,,,,,C(=C(\CCC=C(C)C)/C)/COC=O
geranylisobutyrate,,,,,,,C(=C(\CCC=C(C)C)/C)/COC(=O)C(C)C
geranylisovalerianate,,,,,,,C(=C(\CCC=C(C)C)/C)/COC(=O)CC(C)C
geranyloxyacetaldehyde,,,,,,,C(=C(\CCC=C(C)C)/C)/COCC=O
geranylphenylacetate,,,,,,,C(=C(\CCC=C(C)C)/C)/COC(=O)Cc1ccccc1
geranylpropionate,,,,,,,C(=C(\CCC=C(C)C)/C)/COC(=O)CC
geranyltiglate,,,,,,,C(=C(\CCC=C(C)C)/C)/COC(=O)/C(=C/C)/C
geranylvalerate,,,,,,,CC(=CCC/C(=C/COC(=O)CCCC)/C)C
germacreneb,,,,,,,C1C[C]([CH]CC(=C(C)C)CC/C(=C/1)/C)C
germacrened,,,,,,,C\1(=C\CCC(=C)/C=C\[C@H](CC1)C(C)C)/C
germacren_d,,,,,,,C\1=C/C(=C)CC/C=C(/CC[C@H]1C(C)C)\C
germane,,,,,,,[GeH4]
givescone_a,,,,,,,C1(=CCCC([C@H]1C(=O)OCC)(C)C)CC
givescone_b,,,,,,,C1(=C(CCC([C@H]1C(=O)OCC)(C)C)C)C
globanone,,,,,,,C1CC/C=C/CCCCCCCC(=O)CCC1
globulol,,,,,,,C1[C@H]2[C@@H]([C@H]3[C@H]([C@](C1)(O)C)CC[C@H]3C)C2(C)C
glucono-delta-lactone,,,,,,,OC[C@H]1OC(=O)[C@@H](O)[C@@H](O)[C@H]1O
glutamate_anion,,,,,,,O=C([O])[C@@H]([NH3])CCC(=O)[O]
glutamicacid,,,,,,,O=C([O])[C@@H]([NH3])CCC(=O)O
glutaminate_anion,,,,,,,O=C([O])[C@@H](N)CCC(=O)N
glutamine,,,,,,,O=C([O])[C@@H]([NH3])CCC(=O)N
glutaraldehyde,,,,,,,O=CCCCC=O
glutarimide,,,,,,,O=C1CCCC(=O)N1
glycericacid,GLYCERICACID,BP-TZVP,000473-81-4,106.08,C3H6O4,,OC[C@@H](O)C(=O)O
glycerol-1-nitrate,,,,,,,OC[C@@H](O)CON(=O)=O
glycerol-beta-nitrate,,,,,,,O=N(=O)OC(CO)CO
glycerol-triacetate,,,,,,,C(C(COC(=O)C)OC(=O)C)OC(=O)C
glycerol-tributyrate,,,,,,,C(C(COC(=O)CCC)OC(=O)CCC)OC(=O)CCC
glycerol-tripropionate,,,,,,,C(C(COC(=O)CC)OC(=O)CC)OC(=O)CC
glycerol,,,,,,,C(C(CO)O)O
glycidylacrylate,,,,,,,O=C(OC[C@H]1OC1)C=C
glycidylaldehyde,,,,,,,C1[C@H](O1)C=O
glycidylmethacrylate,,,,,,,O=C(OC[C@H]1OC1)C(=C)C
glycinate_anion,,,,,,,O=C([O])CN
"glycine,n,n-dimethyl","GLYCINE,N,N-DIMETHYL",BP-TZVP,001118-68-9,103.12,C4H9NO2,,CN(C)CC(=O)O
glycine,,,,,,,[O]C(=O)C[NH3]
glycocyamine,,,,,,,NC(=[NH2])NCC(=O)[O]
glycolaldehyde,GLYCOLALDEHYDE,BP-TZVP,000141-46-8,60.05,C2H4O2,,O=CCO
glycolamide,,,,,,,OCC(=O)N
glycolmethacrylate,,,,,,,C=C(C)C(=O)OCCO
glycolonitrileacetate,GLYCOLONITRILEACETATE,BP-TZVP,001001-55-4,99.09,C4H5NO2,,CC(=O)OCC#N
glycol_anion,,,,,,,C(CO)[O]
glycol,"ETHANE-1,2-DIOL",BP-TZVP,000107-21-1,62.07,C2H6O2,,C(CO)O
glyoxime,,,,,,,N(=C\C=N\O)/O
glyoxylicacid_anion,,,,,,,O=CC(=O)[O]
glyoxylicacid,,,,,,,O=CC(=O)O
goitrin,,,,,,,S=C1O[C@@H](C=C)CN1
greenylisobutyrate_a,,,,,,,C1[C@@H]([C@@H]2[C@@H]3[C@H]([C@H]1C2)C=CC3)OC(=O)C(C)C
greenylisobutyrate_b,,,,,,,[C@@H]1(C[C@@H]2[C@@H]3[C@H]([C@H]1C2)C=CC3)OC(=O)C(C)C
grisalva,,,,,,,[C@@]12([C@@H](C(CCC1)(C)C)CC[C@]1([C@H]2COC1)CC)C
griseofulvin,,,,,,,Clc1c(cc(c2C(=O)[C@]3(C(=CC(=O)C[C@H]3C)OC)Oc12)OC)OC
guaiene,,,,,,,C[C@H]1CCC(=C(C)C)CC2=C1CC[C@H]2C
guaien_alpha_a,,,,,,,C12=C([C@H](CC[C@H](C1)C(=C)C)C)CC[C@@H]2C
guaiol,,,,,,,C12=C([C@H](CC[C@H](C1)C(C)(C)O)C)CC[C@@H]2C
guaiylacetate,,,,,,,C1[C@H](CC2=C([C@H](C1)C)CC[C@@H]2C)C(OC(=O)C)(C)C
guanidine,,,,,,,N=C(N)N
guanidinium_cation,,,,,,,C(=[NH2])(N)N
guanine,,,,,,,O=c1[nH]c(N)nc2[nH]cnc12
gurjunen_alpha,,,,,,,[C@H]12C(=C(CC2)C)[C@@H]2[C@H](CC[C@H]1C)C2(C)C
gurjunen_beta_calaren,,,,,,,[C@]12(C(=CCC[C@H]1C)CC[C@@H]1[C@H]2C1(C)C)C
guthion,,,,,,,CO[P]([S])(OC)SCn1nnc2ccccc2c1=O
gyrane_a,,,,,,,[C@@H]1(C=C(C[C@H](O1)C)C)CCCC
gyrane_b,,,,,,,[C@@H]1(CC(=C[C@H](O1)C)C)CCCC
gyrane_c,,,,,,,[C@@H]1(CC(=C)C[C@H](O1)C)CCCC
h2o2_anion,,,,,,,[O]O
h2o2,,,,,,,OO
h2o,,,,,,,O
h2se_anion,,,,,,,[SeH]
h2so4,SULFURICACID,BP-TZVP,007664-93-9,98.08,H2O4S,,S([O])([O])(O)O
h2s_anion,,,,,,,[SH]
h2s,,,,,,,S
h2s_cation,,,,,,,[SH3]
h2,,,,,,,[H][H]
h3o_cation,,,,,,,O.[H]
habanolide_a,,,,,,,C1CCCC/C=C\CCCOC(=O)CCCC1
habanolide_b,,,,,,,C1CCCCC/C=C\CCOC(=O)CCCC1
haloxon,,,,,,,Cc1c(Cl)c(=O)oc2cc(OP(=O)(OCCCl)OCCCl)ccc12
hbr,,,,,,,Br
hcl,,,,,,,Cl
hcn_anion,,,,,,,[C]#N
hcn,,,,,,,N#C
hedione,,,,,,,C1C[C@@H]([C@H](C1=O)CCCCC)CC(=O)OC
helindone-pink-cn,,,,,,,c1(cc(c2c(c1)S/C(=C\1/Sc3c(C1=O)c(cc(c3)Cl)C)/C2=O)C)Cl
heliotropin-propylenglycolacetal,,,,,,,c1(ccc2c(c1)OCO2)CC1OCCO1
helvetolide,,,,,,,[C@@H]1(CCCC(C1)(C)C)[C@@H](OC(COC(=O)CC)(C)C)C
heneicosane,,,,,,,CCCCCCCCCCCCCCCCCCCCC
heneicosanicacidmethylester,,,,,,,CCCCCCCCCCCCCCCCCCCCC(=O)OC
heptacosane,HEPTACOSANE,BP-TZVP,000593-49-7,380.74,C27H56,,CCCCCCCCCCCCCCCCCCCCCCCCCCC
heptadecane,HEPTADECANE,BP-TZVP,000629-78-7,240.47,C17H36,,CCCCCCCCCCCCCCCCC
heptadecanoicacidisopropylester,,,,,,,CCCCCCCCCCCCCCCCC(=O)OC(C)C
heptadecanoicacidmethylester,,,,,,,CCCCCCCCCCCCCCCCC(=O)OC
heptadecanoicacid,HEPTADECANOICACID,BP-TZVP,000506-12-7,270.45,C17H34O2,,CCCCCCCCCCCCCCCCC(=O)O
heptadecylbenzene,,,,,,,c1(CCCCCCCCCCCCCCCCC)ccccc1
"heptafluoro-2,3,3-trichlorobutane",,,,,,,[C@@](C(C(F)(F)F)(Cl)Cl)(C(F)(F)F)(F)Cl
heptafluoro-butanal,,,,,,,C(=O)C(C(C(F)(F)F)(F)F)(F)F
heptafluoro-pentane,,,,,,,CCC(C(C(F)(F)F)(F)F)(F)F
heptafluorobutanoate_anion,,,,,,,FC(F)(C(F)(F)C(=O)[O])C(F)(F)F
"heptafluoropropyl-1,2,2,2-tetrafluoroethylether",,,,,,,[C@H](C(F)(F)F)(OC(C(C(F)(F)F)(F)F)(F)F)F
heptafluoropropyl-methyl-ether,,,,,,,COC(F)(F)C(F)(F)C(F)(F)F
heptafluoropropylbromide,,,,,,,C(C(F)(F)F)(C(F)(F)Br)(F)F
heptanaloxime,heptanaloxime,BP-TZVP,000629-31-2,129.2,C7H15NO,,N(=C\CCCCCC)/O
heptanal,,,,,,,O=CCCCCCC
heptanamide,,,,,,,O=C(CCCCCC)N
"heptane-3,5-dione",,,,,,,O=C(CC(=O)CC)CC
heptanedinitrile,,,,,,,N#CCCCCCC#N
heptanedioicacid,HEPTANEDIOICACID,BP-TZVP,000111-16-0,160.17,C7H12O4,,O=C(O)CCCCCC(=O)O
heptanenitrile,,,,,,,N#CCCCCCC
heptanoicacidisopropylester,,,,,,,CCCCCCC(=O)OC(C)C
heptanoylchloride,,,,,,,O=C(CCCCCC)Cl
heptenone,,,,,,,CCCCC(=O)C=C
heptenophos,,,,,,,ClC1=C(OP(=O)(OC)OC)[C@H]2[C@@H]1C=CC2
heptyl-trihexyl-phosphonium_cation,,,,,,,[P](CCCCCC)(CCCCCC)(CCCCCC)CCCCCCC
heptyl2-methylbutyrate,,,,,,,CCCCCCCOC(=O)[C@H](CC)C
heptylparaben,,,,,,,CCCCCCCOC(=O)c1ccc(O)cc1
heptyltrimethylammonium_cation,,,,,,,C[N](C)(C)CCCCCCC
herbanate,,,,,,,[C@@H]1([C@H]([C@H]2C=C[C@@H]1C2)C(C)C)C(=O)OCC
herbavert,,,,,,,[C@@H]1(CC(C[C@H](C1)C)(C)C)OCC
herboxane,,,,,,,[C@@H]1(OC(C[C@H](O1)C)(C)C)CCCC
hex-2-ynoicacid,HEX-2-YNOICACID,BP-TZVP,000764-33-0,112.13,C6H8O2,,C(#CCCC)C(=O)O
hexabromobenzene,,,,,,,c1(c(c(c(c(c1Br)Br)Br)Br)Br)Br
hexachlorobenzene,,,,,,,c1(c(c(c(c(c1Cl)Cl)Cl)Cl)Cl)Cl
hexachloroethane,,,,,,,C(C(Cl)(Cl)Cl)(Cl)(Cl)Cl
hexachlorophene,,,,,,,Oc1c(Cl)cc(Cl)c(Cl)c1Cc1c(O)c(Cl)cc(Cl)c1Cl
hexacosamethyldodecasiloxane,HEXACOSAMETHYLDODECASILOXANE,BP-TZVP,002471-08-1,903.92,C26H78O11Si12,,C[Si](C)(C)O[Si](C)(C)O[Si](C)(C)O[Si](C)(C)O[Si](C)(C)O[Si](C)(C)O[Si](C)(C)O[Si](C)(C)O[Si](C)(C)O[Si](C)(C)O[Si](C)(C)O[Si](C)(C)C
hexacosane,,,,,,,CCCCCCCCCCCCCCCCCCCCCCCCCC
hexacyclopropylethane,,,,,,,C(C(C1CC1)(C1CC1)C1CC1)(C1CC1)(C1CC1)C1CC1
hexadecabromophthalocyanine,Hexadecabromophthalocyanine,BP-TZVP,028746-04-5,1776.88,C32H2Br16N8,,N1=C2/N=c/3\[nH]/c(=N\C4=N/C(=N\c5[nH]c(/N=C\1/c1c2c(c(c(c1Br)Br)Br)Br)c1c5c(c(c(c1Br)Br)Br)Br)/c1c4c(c(c(c1Br)Br)Br)Br)/c1c3c(c(c(c1Br)Br)Br)Br
hexadecachlorophthalocyanine,,,,,,,N1=C2/N=c/3\[nH]/c(=N\C4=N/C(=N\c5[nH]c(/N=C\1/c1c2c(c(c(c1Cl)Cl)Cl)Cl)c1c5c(c(c(c1Cl)Cl)Cl)Cl)/c1c4c(c(c(c1Cl)Cl)Cl)Cl)/c1c3c(c(c(c1Cl)Cl)Cl)Cl
hexadecamethylcyclooctasiloxane,,,,,,,C[Si]1(C)O[Si](C)(C)O[Si](C)(C)O[Si](C)(C)O[Si](C)(C)O[Si](C)(C)O[Si](C)(C)O[Si](C)(C)O1
hexadecamethylheptasiloxane,,,,,,,C[Si](C)(C)O[Si](C)(C)O[Si](C)(C)O[Si](C)(C)O[Si](C)(C)O[Si](C)(C)O[Si](C)(C)C
hexadecan-1-amine,,,,,,,NCCCCCCCCCCCCCCCC
hexadecanamide,,,,,,,C(CCCCCCCCCC)CCCCC(=O)N
hexadecanedioicacid,Hexadecanedioicacid,BP-TZVP,000505-54-4,286.41,C16H30O4,,C(CCCCCCCCCCCCCC(=O)O)C(=O)O
hexadecanoicacid-ethylester,"Hexadecanoicacid,ethylester",BP-TZVP,000628-97-7,284.48,C18H36O2,,C(CCCCCCCCCCCCCC(=O)OCC)C
hexadecanoicacidisopropylester,,,,,,,CCCCCCCCCCCCCCCC(=O)OC(C)C
hexadecanoicacidmethylester,hexadecanoicacidmethylester,BP-TZVP,000112-39-0,270.45,C17H34O2,,COC(=O)CCCCCCCCCCCCCCC
hexadecanoicacid,HEXADECANOICACID,BP-TZVP,000057-10-3,256.43,C16H32O2,,CCCCCCCCCCCCCCCC(=O)O
hexadecanone,,,,,,,CCCCCCCCCCCCCCC(=O)C
hexadecyl-trihexyl-phosphonium_cation,,,,,,,[P](CCCCCC)(CCCCCC)(CCCCCC)CCCCCCCCCCCCCCCC
hexadecylbenzene,HEXADECYLBENZENE,BP-TZVP,001459-09-2,302.54,C22H38,,c1(CCCCCCCCCCCCCCCC)ccccc1
hexadiynedinitrile,,,,,,,N#CC#CC#CC#N
hexaethylbenzene,HEXAETHYLBENZENE,BP-TZVP,000604-88-6,246.43,C18H30,,c1(CC)c(CC)c(CC)c(CC)c(CC)c1CC
hexaethyldisiloxane,,,,,,,[Si](O[Si](CC)(CC)CC)(CC)(CC)CC
"hexafluoro-1,3-butadiene",,,,,,,C(=C(F)C(=C(F)F)F)(F)F
hexafluoro-1-methoxy-propane,,,,,,,COC(C(C(F)F)(F)F)(F)F
hexafluoro-1-propanol,,,,,,,C(C(C(O)(F)F)(F)F)(F)F
hexafluoro-i-propanol_anion,,,,,,,C(C(C(F)(F)F)[O])(F)(F)F
hexafluoro-i-propanol,,,,,,,C(C(C(F)(F)F)O)(F)(F)F
hexafluorobenzene,,,,,,,c1(c(c(c(c(c1F)F)F)F)F)F
hexafluorocyclobutene,,,,,,,FC1=C(F)C(F)(F)C1(F)F
hexafluoroethane,,,,,,,C(C(F)(F)F)(F)(F)F
hexafluoroisopropyl-trifluoroacetate,,,,,,,C([C@@](C(F)(F)F)(OC(=O)C(F)(F)F)F)(F)F
"hexahydro-1,3,5-trinitro-1,3,5-triazine",,,,,,,C1N(CN(CN1N(=O)=O)N(=O)=O)N(=O)=O
"hexahydro-1,3,5-trinitroso-1,3,5-triazine",,,,,,,N1(CN(CN(C1)N=O)N=O)N=O
"hexahydro-1h-1,4-diazepine",,,,,,,C1CNCCNC1
"hexahydro-1h-1,4-diazepine_cation",,,,,,,C1CNCC[NH2]C1
hexahydro-1h-azepine,,,,,,,C1CCCCCN1
hexahydro-1h-azepine_cation,,,,,,,C1CCCCC[NH2]1
hexahydroindene,,,,,,,C1CC[C@H]2CCC[C@@H]2C1
hexahydroiraldein_a,,,,,,,[C@@H]1([C@@H](CCCC1(C)C)C)C[C@H](C)[C@@H](C)O
hexahydroiraldein_b,,,,,,,[C@@H]1([C@@H](CCCC1(C)C)C)CC[C@@H](CC)O
hexamethylbenzene,,,,,,,c1(c(c(c(c(c1C)C)C)C)C)C
hexamethylcyclotrisiloxane,,,,,,,C[Si]1(C)O[Si](C)(C)O[Si](C)(C)O1
hexamethyldisilane,,,,,,,[Si]([Si](C)(C)C)(C)(C)C
hexamethyldisilazane,"1,1,1-TRIMETHYL-N-(TRIMETHYLSILYL)-SILANAMINE",BP-TZVP,000999-97-3,161.39,C6H19NSi2,,C[Si](N[Si](C)(C)C)(C)C
hexamethyldisiloxane,,,,,,,C[Si](C)(C)O[Si](C)(C)C
hexamethyleneoxide,,,,,,,O1CCCCCC1
hexamethylguanidinium_cation,,,,,,,[C](N(C)C)(N(C)C)N(C)C
hexamethylphosphoramide,,,,,,,N(P(=O)(N(C)C)N(C)C)(C)C
hexamethylphosphotriamide,,,,,,,CN(C)P(N(C)C)N(C)C
hexamethylthiophosphoramide,,,,,,,N([P](N(C)C)(N(C)C)[S])(C)C
hexanal,,,,,,,O=CCCCCC
hexanamide,,,,,,,C(CCCC)C(=O)N
hexanebis(thioic)acid,Hexanebis(thioic)acid,BP-TZVP,010604-70-3,178.27,C6H10O2S2,,SC(=O)CCCCC(=O)S
hexanedinitrile,,,,,,,N#CCCCCC#N
hexanedioicacid-bis(2-ethylhexyl)ester,,,,,,,CCCC[C@@H](CC)COC(=O)CCCCC(=O)OC[C@@H](CC)CCCC
hexanedioicacid-dioctylester,HEXANEDIOICACID-DIOCTYLESTER,BP-TZVP,000123-79-5,370.57,C22H42O4,,CCCCCCCCOC(=O)CCCCC(=O)OCCCCCCCC
hexanedioicaciddihexylester,,,,,,,CCCCCCOC(=O)CCCCC(=O)OCCCCCC
hexanedioicacidmonomethylester,,,,,,,O=C(OC)CCCCC(=O)O
hexanedioicacid,,,,,,,OC(=O)CCCCC(=O)O
hexanenitrile,,,,,,,CCCCCC#N
hexanesulfonylchloride,,,,,,,CCCCCCS(=O)(=O)Cl
hexane,,,,,,,C(CC)CCC
hexanitroethane,,,,,,,C(C(N(=O)=O)(N(=O)=O)N(=O)=O)(N(=O)=O)(N(=O)=O)N(=O)=O
hexanoylchloride,,,,,,,O=C(CCCCC)Cl
hexaphenylethane,,,,,,,C1=CC(=C(c2ccccc2)c2ccccc2)C=C[C@H]1C(c1ccccc1)(c1ccccc1)c1ccccc1
hexenone,,,,,,,C(C(=O)C=C)CC
hexenyl-2-methylbutyratcis-3-,,,,,,,C(C)[C@@H](C(=O)OCC/C=C\CC)C
hexenylacetate_cis3,,,,,,,C(=O)(C)OCC/C=C\CC
hexenylbenzoat_cis3,,,,,,,c1(ccccc1)C(=O)OCC/C=C\CC
hexenylbutyrate_cis3,,,,,,,C(C)CC(=O)OCC/C=C\CC
hexenylcapronate_cis3,,,,,,,C(CCC)CC(=O)OCC/C=C\CC
hexenylformiate_cis3_,,,,,,,C(OC=O)C/C=C\CC
hexenylformiat_trans3_,,,,,,,O=COCC/C=C/CC
hexenylisovalerate_cis3,,,,,,,C(C)(CC(=O)OCC/C=C\CC)C
hexenyllactate_cis3,,,,,,,C[C@@H](C(=O)OCC/C=C\CC)O
hexenylmethylcarbonat_cis-3_,,,,,,,COC(=O)OCC/C=C\CC
hexenylphenylacetate_cis3_,,,,,,,c1(ccccc1)CC(=O)OCC/C=C\CC
hexenylpropionate_cis3_,,,,,,,CCC(=O)OCC/C=C\CC
hexenylsalicylat_cis3,,,,,,,c1(c(cccc1)O)C(=O)OCC/C=C\CC
hexenylsenecionate_cis3_,,,,,,,C(=CC(=O)OCC/C=C\CC)(C)C
hexenyltiglat_cis3_,,,,,,,C(=C(\C(=O)OCC/C=C\CC)/C)/C
hexyl-dimethyl-isopropylammonium_cation,,,,,,,CCCCCC[N](C(C)C)(C)C
hexylamine,,,,,,,C(CCCCC)N
hexylbenzene,,,,,,,c1ccccc1CCCCCC
hexylbenzoate,,,,,,,c1(ccccc1)C(=O)OCCCCCC
hexylbutyrate,,,,,,,CCCC(=O)OCCCCCC
hexylcarbamate,,,,,,,CCCCCNC(=O)OC
hexyldecanoate,,,,,,,C(CCCCC)CCCC(=O)OCCCCCC
hexylidencyclopentanone_alpha,,,,,,,C(/C=C/1\C(=O)CCC1)CCCC
hexylisobutyrate,,,,,,,CCCCCCOC(=O)C(C)C
hexylisoquinolinium_cation,,,,,,,C1=C[C]2C(=CN(C=C2)CCCCCC)C=C1
hexylmethylbutyrate,,,,,,,[C@@H](C(=O)OCCCCCC)(CC)C
hexyloctanoate,,,,,,,C(C(=O)OCCCCCC)CCCCCC
hexylresorcinol,,,,,,,Oc1cccc(OCCCCCC)c1
hexylsalicylate,,,,,,,c1(c(cccc1)O)C(=O)OCCCCCC
hexyltiglate,,,,,,,C(=C(\C(=O)OCCCCCC)/C)/C
hexyltrichlorosilane,,,,,,,Cl[Si](Cl)(Cl)CCCCCC
hexyltrimethylammonium_cation,,,,,,,[N](CCCCCC)(C)(C)C
hexylzimtaldehyde,,,,,,,c1(ccccc1)/C=C(\CCCCCC)/C=O
hexyne,,,,,,,C(C#C)CCC
hexythiazox,,,,,,,C[C@H]1[C@@H](SC(=O)N1C(=O)NC1CCCCC1)c1ccc(Cl)cc1
he,,,,,,,[He]
hf,,,,,,,F
hibiscolide,,,,,,,C1(=O)CCCCCCCCCCOCCCCO1
himachalen_alpha,,,,,,,[C@H]12[C@@H](CCC(=C1)C)C(=C)CCCC2(C)C
himachalen_beta,,,,,,,[C@H]12C(=C(CCCC2(C)C)C)CCC(=C1)C
himachalen_gamma,,,,,,,[C@H]12[C@@H](CCC(=C1)C)C(=CCCC2(C)C)C
hinesol,,,,,,,C1C[C@@H]([C@@]2(C(=C1)C)CC[C@@H](C2)C(C)(C)O)C
hippuric_acid,,,,,,,OC(=O)CNC(=O)c1ccccc1
histamine,,,,,,,c1ncc(CCN)[nH]1
histidinate_anion,,,,,,,[O]C(=O)[C@@H](N)Cc1c[nH]cn1
histidine,,,,,,,[C@H](Cc1cnc[nH]1)(C(=O)[O])[NH3]
hi,,,,,,,I
homocubane-4-carboxylicacid,,,,,,,[C@H]12[C@@H]3[C@@]4([C@H]1[C@H]1[C@@H]4[C@@H]3[C@H]1C2)C(=O)O
homofuraneol,,,,,,,C1(=C(C(=O)[C@H](O1)CC)C)C
homofuronol_a,,,,,,,[C@@H]1(OC(=C(C1=O)O)CC)C
homofuronol_b,,,,,,,C1(=C(C(=O)[C@H](O1)CC)O)C
honey_f,,,,,,,c1(ccccc1)/C=C/OC(=O)C
hordenine,,,,,,,c1cc(O)ccc1CCN(C)C
hp1(tmg),,,,,,,[P]([N][C](N(C)C)N(C)C)([NH])([N][C](N(C)C)N(C)C)[N][C](N(C)C)N(C)C
hp1(tmg)_cation,,,,,,,[P]([N][C](N(C)C)N(C)C)(N)([N][C](N(C)C)N(C)C)[N][C](N(C)C)N(C)C
hso4_anion,,,,,,,S([O])(O)([O])[O]
humuleneoxide,,,,,,,[C@]1(CC/C=C(\C/C=C\C(CCO1)(C)C)/C)([C@@H]1CC/C=C\C/C=C\CCCO1)C
humulen_alpha,,,,,,,C\1=C/C(C/C=C(/CC/C=C(\C1)/C)\C)(C)C
hydantoin,,,,,,,O=C1NCC(=O)N1
hydracrylicacid,,,,,,,OC(=O)CCO
hydralazine,,,,,,,NNc1nncc2ccccc12
hydratropaldehyd-dimethylacetal,,,,,,,c1(ccccc1)[C@@H](C)C(OC)OC
hydrazinecarbothioamide,,,,,,,N(C(=S)N)N
hydrazine,,,,,,,NN
hydrazine_cation,,,,,,,[NH3]N
hydrazobenzene,HYDRAZOBENZENE,BP-TZVP,000122-66-7,184.24,C12H12N2,,c1ccc(cc1)NNc1ccccc1
hydrazoicacid,,,,,,,N=[N]=[N]
hydrochlorothiazide,,,,,,,NS(=O)(=O)c1cc2c(NCNS2(=O)=O)cc1Cl
hydrocitronitril,,,,,,,c1(ccccc1)CC[C@@H](CC#N)C
hydrocortisone,,,,,,,C[C@]12CCC(=O)C=C1CC[C@H]1[C@@H]3CC[C@](O)(C(=O)CO)[C@@]3(C)C[C@@H](O)[C@H]21
hydrogenselenide,,,,,,,[SeH2]
hydroprene,,,,,,,O=C(OCC)/C=C(/C=C/C[C@@H](CCCC(C)C)C)\C
hydroquinone_anion,,,,,,,Oc1ccc([O])cc1
hydroquinone,,,,,,,Oc1ccc(O)cc1
hydroxy-aceticacid_anion,,,,,,,OCC(=O)[O]
hydroxy-aceticacid,,,,,,,OCC(=O)O
hydroxyaceticacidmethylester,,,,,,,COC(=O)CO
hydroxyacetonitrile,,,,,,,N#CCO
hydroxyambran,,,,,,,C1CCCCC(CCCCCC1)[C@@H](CO)C
hydroxycalamenene,,,,,,,C1C[C@@H](c2c([C@@H]1C(C)C)c(c(cc2)C)O)C
hydroxycitronellal-dimethylacetal,,,,,,,C([C@@H](CCCC(C)(C)O)C)C(OC)OC
hydroxycitronellal,,,,,,,C[C@@H](CCCC(C)(C)O)CC=O
hydroxycitronellol,,,,,,,C[C@@H](CCO)CCCC(C)(C)O
hydroxydimethylcyclopentenone,,,,,,,C1[C@H](C(=C(C1=O)O)C)C
hydroxyethyl-dimethyl-isopropylammonium_cation,,,,,,,OCC[N](C)(C(C)C)C
hydroxyiminoacetone,,,,,,,CC(=O)/C=N/O
hydroxylamine,,,,,,,NO
hydroxylamine_cation,,,,,,,[NH3]O
hydroxymethylfurfural,,,,,,,OCc1ccc(C=O)o1
hydroxymethylurea,,,,,,,O=C(NCO)N
hydroxypentanone,,,,,,,C[C@H](C(=O)CC)O
hydroxypivalylhydroxypivalate,,,,,,,OCC(C)(C)C(=O)OCC(C)(C)CO
hydroxyproline,,,,,,,O=C(O)[C@H]1NC[C@@H](O)C1
hydroxyurea,hydroxyurea,BP-TZVP,000127-07-1,76.05,CH4N2O2,,NC(=O)NO
hydrozimtacetate,,,,,,,c1(ccccc1)CCCOC(=O)C
hypobromousacid_anion,,,,,,,[O]Br
hypobromousacid,,,,,,,OBr
hypochlorousacid_anion,,,,,,,[O]Cl
hypochlorousacid,HYPOCHLOROUSACID,BP-TZVP,007790-92-3,52.46,HClO,,OCl
hypolem,,,,,,,C([C@@H](CCCC(C)C)C)C#N
hypophosphorousacid_anion,,,,,,,[O][PH2]=O
hypophosphorousacid,HYPOPHOSPHOROUSACID,BP-TZVP,006303-21-5,66,H3O2P,,[PH2](=O)O
hypoxanthine,,,,,,,O=C1[C]2N[CH]N=C2N=CN1
i-butryicacidhydrazide,,,,,,,CC(C)C(=O)NN
i-nicotinicacidmethylester,,,,,,,O=C(OC)c1ccncc1
i2,,,,,,,II
i3_anion,,,,,,,II.[I]
ibr,,,,,,,IBr
ibuprofen,a-methyl-4-(2-methylpropyl)-Benzeneaceticacid,BP-TZVP,015687-27-1,206.28,C13H18O2,,c1([C@H](C(=O)O)C)ccc(cc1)CC(C)C
icl,IODINEMONOCHLORIDE,BP-TZVP,007790-99-0,162.36,ClI,,ICl
if,IODINEMONOFLUORIDE,BP-TZVP,013873-84-2,145.9,FI,,IF
imazalil,,,,,,,Clc1ccc([C@@H](Cn2ccnc2)OCC=C)c(Cl)c1
imazethapyr,,,,,,,CCc1cnc(C2=N[C@@](C)(C(C)C)C(=O)N2)c(c1)C(=O)O
imidacloprid,,,,,,,O=N(=O)/N=C/1\NCCN1Cc1ccc(Cl)nc1
"imidazole,1-acetyl",,,,,,,c1cn(C(=O)C)cn1
imidazole_anion,,,,,,,C1=C[N]C=N1
imidazole,,,,,,,[nH]1cncc1
imidazole_cation,,,,,,,C1=CN[CH]N1
imidazolidinetrione,IMIDAZOLIDINETRIONE,BP-TZVP,000120-89-8,114.06,C3H2N2O3,,O=C1NC(=O)C(=O)N1
imidodicarbonicdiamide,,,,,,,O=C(N)NC(=O)N
imidodicarbonimidicdiamide,,,,,,,Cc1ccccc1NC(=N)NC(=N)N
imidodicarbonimidicdiamide_cation,,,,,,,c1ccc(c(c1)NC(=[NH2])NC(=N)N)C
imidodiphosphorylfluoride_anion,,,,,,,[N](P(=O)(F)F)P(=O)(F)F
iminodiaceticacid,,,,,,,O=C(O)CNCC(=O)O
imipramine,,,,,,,N1(c2c(CCc3c1cccc3)cccc2)CCCN(C)C
indane,,,,,,,c12ccccc1CCC2
indazole,,,,,,,n1[nH]c2c(c1)cccc2
"indeno-[1,2,3-cd]-pyrene",,,,,,,c1c2-c3c(-c4c2c2c(cc4)ccc4c2c1ccc4)cccc3
indianol_a,,,,,,,[C@@H]1(C[C@@H]2[C@@H]3[C@H]([C@H]1C2)C=CC3)/C=C(\C)/[C@@H](C)O
indianol_b,,,,,,,[C@@H]1(C[C@@H]2[C@@H]3[C@H]([C@H]1C2)CC=C3)/C=C(\C)/[C@@H](C)O
indigo,,,,,,,c12ccccc1C(=O)/C(=C/1\Nc3ccccc3C1=O)/N2
indoflor,,,,,,,c12c(cccc1)C[C@@H]1[C@@H]2OCOC1
indol-5-ol,1H-INDOL-5-OL,BP-TZVP,001953-54-4,133.15,C8H7NO,,Oc1cc2cc[nH]c2cc1
indol-5-ylamine,5-AMINOINDOLE,BP-TZVP,005192-03-0,132.16,C8H8N2,,[nH]1c2ccc(N)cc2cc1
indole-2-carboxylic_acid,,,,,,,[nH]1c2ccccc2cc1C(=O)O
indole-3-carboxylicacid,,,,,,,c1(c[nH]c2c1cccc2)C(=O)O
indoleaceticacid,,,,,,,c1[nH]c2c(c1CC(=O)O)cccc2
indolene_a,,,,,,,C([C@@H](CCCC(C)(O)C)C)C(n1c2c(cc1)cccc2)n1ccc2c1cccc2
indole_anion,,,,,,,c12=N[CH]C=c1cccc2
indole,,,,,,,c1ccc2[nH]ccc2c1
indole_cation,,,,,,,c1ccc2c(c1)N[CH]C2
indoline,"1H-INDOLE,2,3-DIHYDRO-",BP-TZVP,000496-15-1,119.16,C8H9N,,N1c2c(cccc2)CC1
indolizine,,,,,,,n12c(ccc1)cccc2
indomethacin,,,,,,,COc1ccc2n(C(=O)c3ccc(Cl)cc3)c(C)c(CC(=O)O)c2c1
indoprofen,,,,,,,C[C@H](C(=O)O)c1ccc(cc1)N1Cc2ccccc2C1=O
iodoaceticacid_anion,,,,,,,ICC(=O)[O]
iodoaceticacid,,,,,,,ICC(=O)O
iodoacetonitrile,,,,,,,N#CCI
iodobenzene,,,,,,,c1cc(I)ccc1
iodocyclohexane,,,,,,,IC1CCCCC1
iodoethane,ETHYLIODIDE,BP-TZVP,000075-03-6,155.97,C2H5I,,C(I)C
iodoethene,,,,,,,C(=C)I
iodomethanimidoylfluoride,,,,,,,C(=N)(F)I
iodoquinol,,,,,,,c12c(c(cc(c1O)I)I)cccn2
iodosobenzene,,,,,,,C1=CC=[C]C=C1.I[O]
iodotrinitromethane,,,,,,,N(=O)(=O)C(N(=O)=O)(N(=O)=O)I
iodoxybenzene,,,,,,,C1=CC=[C]C=C1.I[O].[O]
ipazine,,,,,,,[N]1=C(N=C([N]C=1NC(C)C)N(CC)CC)Cl
iprodione,,,,,,,CC(C)NC(=O)N1CC(=O)N(C1=O)c1cc(Cl)cc(Cl)c1
ipronidazole,,,,,,,CC(C)c1ncc(n1C)N(=O)=O
irisnitril,,,,,,,CCCCCC/C=C/C#N
irisone,,,,,,,C1(CCC(=O)CC1)C(C)(C)C
irotyl,,,,,,,CC[C@@H](CCCC)C(=O)OCC
iso-e-super_1_a,,,,,,,C12=C(CCCC1(C)C)C[C@H]([C@@](C2)(C)C(=O)C)C
iso-e-super_2_b,,,,,,,[C@H]12C(=C[C@H]([C@@](C2)(C)C(=O)C)C)CCCC1(C)C
iso-e-super_3_c,,,,,,,[C@H]12C(=CCCC1(C)C)C[C@H]([C@@](C2)(C)C(=O)C)C
iso-e-super_4_d,,,,,,,C12=C(CCCC1(C)C)C[C@]([C@@H](C2)C)(C)C(=O)C
iso-oxazole,,,,,,,n1occc1
isoambrettolide,,,,,,,O=C1CCCCCCC/C=C\CCCCCCO1
isoamyl-isothiocyanate,,,,,,,CC(C)CCN=C=S
isoamyl-phenethyl-ether,,,,,,,CC(C)CCOCCc1ccccc1
isoamyl2methylbutyrate,,,,,,,CC(CCOC(=O)[C@@H](CC)C)C
isoamylacetate,,,,,,,O=C(OCCC(C)C)C
isoamylangelate,,,,,,,CC(CCOC(=O)/C(=C\C)/C)C
isoamylcapronate,,,,,,,CCCCCC(=O)OCCC(C)C
isoamylchloride,,,,,,,C(CCCl)(C)C
isoamylcinnamate,,,,,,,CC(CCOC(=O)/C=C/c1ccccc1)C
isoamylformate,,,,,,,O=COCCC(C)C
isoamylnitrite,,,,,,,[O][N]OCCC(C)C
isoamylnonanoate,,,,,,,O(CCC(C)C)C(=O)CCCCCCCC
isoamylvalerate,,,,,,,O(CCC(C)C)C(=O)CCCC
isoborneol,,,,,,,[C@H]12C([C@]([C@H](C1)O)(CC2)C)(C)C
isobornylacetate,,,,,,,C1([C@@]2(CC[C@H]1C[C@@H]2OC(=O)C)C)(C)C
isobornylformate,,,,,,,C(=O)O[C@H]1C[C@@H]2CC[C@]1(C2(C)C)C
isobornylisobutyrate,,,,,,,O([C@H]1[C@@]2(C([C@H](C1)CC2)(C)C)C)C(=O)C(C)C
isobornylpropionate,,,,,,,C(=O)(CC)O[C@H]1C[C@@H]2CC[C@]1(C2(C)C)C
isobutanal,,,,,,,O=CC(C)C
isobutane,,,,,,,C(C)(C)C
isobutanol,,,,,,,CC(C)CO
isobutavan,,,,,,,c1(cc(c(cc1)OC)OC(=O)C(C)C)C=O
isobutene,,,,,,,CC(=C)C
isobutyl-tert-butylether,,,,,,,CC(C)COC(C)(C)C
isobutylangelate,,,,,,,C(C(C)C)OC(=O)/C(=C\C)/C
isobutylbenzene,,,,,,,c1cccc(c1)CC(C)C
isobutylbenzoate,,,,,,,c1(ccccc1)C(=O)OCC(C)C
isobutylbromide,isobutylbromide,BP-TZVP,000078-77-3,137.02,C4H9Br,,BrCC(C)C
isobutylcyclohexane,,,,,,,C1(CCCCC1)CC(C)C
isobutylcyclopentane,,,,,,,C1CCC(C1)CC(C)C
isobutylformate,,,,,,,O=COCC(C)C
isobutylfurylpropionate,,,,,,,C(Cc1ccco1)C(=O)OCC(C)C
isobutylgermane,,,,,,,CC(C[GeH3])C
isobutylisobutyrate,,,,,,,O=C(OCC(C)C)C(C)C
isobutylisocyanate,,,,,,,O=C=NCC(C)C
isobutylisothiocyanate,,,,,,,S=C=NCC(C)C
isobutylisovalerate,,,,,,,O=C(OCC(C)C)CC(C)C
isobutylmethacrylate,,,,,,,O=C(OCC(C)C)C(=C)C
isobutylnitrate,ISOBUTYLNITRATE,BP-TZVP,000543-29-3,119.12,C4H9NO3,,C[C@@H](ON(=O)=O)CC
isobutylnitrite,,,,,,,[O][N]OCC(C)C
isobutylphenylacetate,,,,,,,c1(ccccc1)CC(=O)OCC(C)C
isobutylpropionate,,,,,,,O=C(OCC(C)C)CC
isobutylsalicylate,,,,,,,c1(c(cccc1)O)C(=O)OCC(C)C
isobutylvinylether,,,,,,,C=COCC(C)C
isobutyricacid_anion,,,,,,,[O]C(=O)C(C)C
isobutyricacid,,,,,,,O=C(C(C)C)O
isobutyricanhydride,,,,,,,CC(C)C(=O)OC(=O)C(C)C
isobutyrylchloride,,,,,,,O=C(C(C)C)Cl
isocamphylcyclohexanol_a,,,,,,,[C@@H]1(C[C@H]2C([C@H]([C@@H]1C2)C)(C)C)[C@H]1CC[C@@H](CC1)O
isocaproicacid,,,,,,,O=C(O)CCC(C)C
isocil,,,,,,,[nH]1c(c(c(=O)n(c1=O)C(C)C)Br)C
isocyanatobenzene,,,,,,,c1(N=C=O)ccccc1
isocyanatomethane,,,,,,,CN=C=O
isocyanicacid,,,,,,,O=C=N
isocyclocitral,,,,,,,[C@@H]1([C@@H](C=C(C[C@H]1C)C)C)C=O
isocyclogeraniol,,,,,,,C1=C(C[C@H]([C@H]([C@H]1C)CO)C)C
isodamascon,,,,,,,[C@@H]1(C(=CC(CC1)(C)C)C)C(=O)/C=C/C
isodecyladehyde,,,,,,,O=CCCCCCCC(C)C
isoeugenolmethylether,,,,,,,c1(cc(c(cc1)OC)OC)/C=C/C
isoeugenylacetate,,,,,,,c1(cc(c(cc1)OC(=O)C)OC)/C=C/C
isoeugenylphenylacetate,,,,,,,c1(cc(c(cc1)OC(=O)Cc1ccccc1)OC)/C=C/C
isofreshalnitrile,,,,,,,[C@@H]1(C[C@@H]2C[C@H]([C@H]1C=C2C)C#N)C(C)C
isofreshal_a,,,,,,,C1[C@@H]([C@@H]2C[C@H]([C@H]1C(=C2)C)C=O)C(C)C
isofreshal_b,,,,,,,[C@@H]1(C[C@@H]2C[C@H]([C@H]1C=C2C)C=O)C(C)C
isofreshal_d,,,,,,,C1[C@@H]([C@@H]2C[C@H]([C@H]1C=C2C)C=O)C(C)C
isogeraniol,,,,,,,C(=C(\CCO)/C)\CC=C(C)C
isojasmone,,,,,,,CC/C=C/CC1=C(C)C(=O)CC1
isoleucinate_anion,,,,,,,[O]C(=O)[C@@H](N)[C@@H](C)CC
isoleucine,,,,,,,[O]C(=O)[C@@H]([NH3])[C@H](CC)C
isolongifolanon,,,,,,,[C@H]12[C@@]3(C(CCC1=O)(C)C)CC[C@@H](C2(C)C)C3
isomaltol,isomaltol,BP-TZVP,003420-59-5,126.11,C6H6O3,,o1ccc(c1C(=O)C)O
isomesityloxide,,,,,,,O=C(C)CC(=C)C
isoniazid,isoniazid,BP-TZVP,000054-85-3,137.14,C6H7N3O,,NNC(=O)c1ccncc1
isonicotinaldehydeoxime,,,,,,,O/N=C/c1ccncc1
isonicotinicacidethylester,,,,,,,O=C(OCC)c1ccncc1
isonicotinicacid,,,,,,,O=C(O)c1ccncc1
isonipecoticacid,,,,,,,[O]C(=O)C1CC[NH2]CC1
isonitrobutane,,,,,,,CC(C)CN(=O)=O
isonitrosoacetophenone,,,,,,,O=C(c1ccccc1)/C=N\O
isononylalcohol,,,,,,,OCC[C@@H](CC(C)(C)C)C
isooctanol,,,,,,,CC(C)CCCCCO
isopentanol,3-METHYL-1-BUTANOL,BP-TZVP,000123-51-3,88.15,C5H12O,,CC(CCO)C
isopentyl(trimethyl)silane,,,,,,,CC(C)CC[Si](C)(C)C
isopentylbutanoate,,,,,,,O=C(OCCC(C)C)CCC
isopentylcyclohexanol_p,,,,,,,[C@@H]1(CC[C@@H](CC1)O)CCC(C)C
isopentyldimethylpyrazine,,,,,,,c1(c(ncc(n1)C)C)CCC(C)C
isopentylideneisopentylamine,,,,,,,CC(C)CC/N=C/CC(C)C
isopentyrate,,,,,,,CC(C(=O)O[C@@H](CC(=C)C)C)C
isophoronediisocyanate,,,,,,,CC1(C)C[C@H](C[C@@](C)(CN=C=O)C1)N=C=O
isophorone,,,,,,,CC1=CC(=O)CC(C)(C)C1
isophthalamide,,,,,,,c1(cc(ccc1)C(=O)N)C(=O)N
isophytol,,,,,,,CC(CCC[C@@H](CCC[C@@H](CCC[C@@](C=C)(C)O)C)C)C
isopimaricacid,,,,,,,C1C[C@@](C)(C(=O)O)[C@@H]2CC=C3C[C@](C=C)(C)CC[C@@H]3[C@@]2(C)C1
isoprene,,,,,,,C=CC(=C)C
isopropalin,,,,,,,c1(c(cc(cc1N(=O)=O)C(C)C)N(=O)=O)N(CCC)CCC
isopropenylacetate,,,,,,,O=C(OC(=C)C)C
isopropenylchloroformate,,,,,,,ClC(=O)OC(=C)C
isopropenylpyrazine,,,,,,,CC(=C)c1cnccn1
isopropoxyethylsalicylate,,,,,,,c1(c(cccc1)O)C(=O)OCCOC(C)C
isopropoxytrimethylsilane,,,,,,,CC(C)O[Si](C)(C)C
isopropyl-2-methylbutyrate,,,,,,,CC[C@@H](C(=O)OC(C)C)C
isopropyl-isobutyl-ether,,,,,,,CC(COC(C)C)C
isopropyl-isothiocyanate,,,,,,,CC(C)N=C=S
isopropyl-propyl-amine,,,,,,,CCCNC(C)C
isopropyl-trifluoroacetate,,,,,,,CC(C)OC(=O)C(F)(F)F
isopropylacetate,,,,,,,O=C(OC(C)C)C
isopropylamine,,,,,,,C(C)(C)N
isopropylamine_cation,,,,,,,C(C)(C)[NH3]
isopropylbenzene,,,,,,,c1ccc(cc1)C(C)C
isopropylbenzylalcohol,,,,,,,O[C@@H](c1ccccc1)C(C)C
isopropylbutadecanoate,,,,,,,CCCCCCCCCCCCCC(=O)OC(C)C
isopropylbutyrate,,,,,,,O=C(OC(C)C)CCC
isopropylcarbamate,,,,,,,O=C(OC(C)C)N
isopropylchloroacetate,,,,,,,O=C(OC(C)C)CCl
isopropylchloroformate,ISOPROPYLCHLOROFORMATE,BP-TZVP,000108-23-6,122.55,C4H7ClO2,,O=C(OC(C)C)Cl
isopropylcyclohexane,,,,,,,C1CC(CCC1)C(C)C
isopropylcyclopropane,,,,,,,C1CC1C(C)C
isopropyldecanoate,,,,,,,C(=O)(OC(C)C)CCCCCCCCC
isopropyldisulfide,,,,,,,S(SC(C)C)C(C)C
isopropylformate,,,,,,,O=COC(C)C
isopropylhexanoate,,,,,,,C(C(=O)OC(C)C)CCCC
isopropylisobutyrate,ISOPROPYLISOBUTYRATE,BP-TZVP,000617-50-5,130.19,C7H14O2,,O=C(OC(C)C)C(C)C
isopropylisocyanate,,,,,,,O=C=NC(C)C
isopropyllactate,,,,,,,O=C(OC(C)C)[C@@H](O)C
isopropyllaurate,,,,,,,C(=O)(OC(C)C)CCCCCCCCCCC
isopropylmethacrylate,,,,,,,O=C(OC(C)C)C(=C)C
isopropylmethylamine,,,,,,,N(C)C(C)C
isopropylmethylphosphonofluoridate,,,,,,,C[P@](=O)(F)OC(C)C
isopropyln-propylsulfide,,,,,,,S(CCC)C(C)C
isopropylnitrate,,,,,,,O=N(=O)OC(C)C
isopropylpalmitate,,,,,,,CCCCCCCCCCCCCCC(=O)OCC(C)C
isopropylpentadecanoate,,,,,,,C(=O)(OC(C)C)CCCCCCCCCCCCCC
isopropylphenylacetate,,,,,,,c1(ccccc1)CC(=O)OC(C)C
isopropylpropionate,,,,,,,O=C(OC(C)C)CC
isopropylstearate,,,,,,,C(=O)(OC(C)C)CCCCCCCCCCCCCCCCC
isopropyltridecanoate,,,,,,,C(=O)(OC(C)C)CCCCCCCCCCCC
isopropyltrimethylsilane,,,,,,,CC(C)[Si](C)(C)C
isopropylurea(mono),,,,,,,NC(=O)NC(C)C
isopulegone,,,,,,,C[C@H]1CC[C@@H](C(=C)C)C(=O)C1
isopulegylacetate,,,,,,,C(=O)(C)O[C@@H]1C[C@H](CC[C@@H]1C(=C)C)C
isoquinolineoxide,,,,,,,c1cc2c[n+]([O-])ccc2cc1
isoquinoline,,,,,,,c1cc2c(cc1)ccnc2
isoquinoline_cation,,,,,,,c1cc2=CN[CH]C=c2cc1
isoquinolone-3-methyl,,,,,,,c1ccc2cc(C)ncc2c1
isoserine,,,,,,,[NH3]C[C@@H](O)C(=O)[O]
isosorbide,,,,,,,O[C@H]1[C@H]2[C@@H](OC1)[C@@H](CO2)O
isothiocyanatocyclohexane,,,,,,,N(=C=S)C1CCCCC1
isothiocyanatopropene,,,,,,,S=C=NCC=C
isotridecylacetate,,,,,,,O(CCCCCCCCCCCCC)C(=O)C
isouron,,,,,,,CN(C)C(=O)Nc1cc(on1)C(C)(C)C
isovalericacid,,,,,,,O=C(CC(C)C)O
isovaleryldiethylamide,,,,,,,CC(C)CC(=O)N(CC)CC
isovaline,,,,,,,CC[C@@](C)([NH3])C(=O)[O]
isovanillin,,,,,,,O=Cc1ccc(OC)c(O)c1
isovertal,,,,,,,C(CCCCCCC)(OCC)OCC
isoxaben,,,,,,,CCC(C)(CC)c1cc(NC(=O)c2c(OC)cccc2OC)on1
itaconicanhydride,ITACONICANHYDRIDE,BP-TZVP,002170-03-8,112.08,C5H4O3,,O=C1OC(=O)CC1=C
itraconazole,,,,,,,Clc1c([C@@]2(O[C@@H](COc3ccc(N4CCN(CC4)c4ccc(n5ncn(c5=O)[C@H](C)CC)cc4)cc3)CO2)Cn2ncnc2)ccc(Cl)c1
i_anion,,,,,,,[I]
jacinthaflor,,,,,,,c1(ccccc1)[C@H]1CO[C@H](O1)C
jasmacyclate,,,,,,,C1(CCCCCCC1)OC(=O)OC
jasmal_1_a,,,,,,,[C@@H]1(COCC[C@H]1OC(=O)C)CCCCC
jasmal_2_b,,,,,,,[C@@H]1(COC[C@H]([C@H]1OC(=O)C)C)CCCC
jasmea_e,,,,,,,c1(ccccc1)/C=C(\CCCCC)/C=N/c1ccccc1C(=O)OC
jasmea_z,,,,,,,c1(c(cccc1)/N=C\C(=C\c1ccccc1)\CCCCC)C(=O)OC
jasminlacton,,,,,,,[C@@H]1(CCCC(=O)O1)C/C=C\CC
jasmolacton_cis,,,,,,,C(C[C@]1(CCC(=O)O1)C)/C=C\CC
jasmonan,,,,,,,C1C2(OC[C@H](O2)CCCC)CCC1
jasmon_trans,,,,,,,C1C(=C(C(=O)C1)C/C=C/CC)C
jasmorange,,,,,,,c1(ccc(cc1)C)C[C@H](C)C=O
jasmylone,,,,,,,C1[C@@H]([C@@H](C(=O)C1)CCCCC)C
javanol,,,,,,,[C@@H]12C[C@H](C([C@@]1(C2)C)(C)C)C[C@H]1[C@@H]([C@@H]1C)CO
jononepoxid_beta,,,,,,,[C@@]12([C@@](CCCC1(C)C)(C)O2)/C=C/C(=O)C
karanal_a,,,,,,,[C@@H]1(C[C@@H](C=C(C1)C)C)[C@H]1OC[C@](CO1)(C)[C@@H](C)CC
karenylacetate,,,,,,,C1(=CC(C[C@H](CC1)OC(=O)C)(C)C)C
kephalis,,,,,,,C1(C(CC(=O)CC1(C)C)(C)C)C(=C)OCC
ketoprofen,,,,,,,C[C@H](C(=O)O)c1cccc(c1)C(=O)c1ccccc1
khusinil,,,,,,,c1(ccccc1)[C@@H](CC(C)(C)C#N)C
koavone_a,,,,,,,C(=C(\C(=O)C)/C)(\C)/[C@@H](C(C)(C)C)C
koavone_b,,,,,,,C(=C)([C@@H](C(C)(C)C)C)[C@@H](C(=O)C)C
kohinool,,,,,,,[C@H]([C@@H]([C@@H]([C@@H](C)O)C)C)(C(C)(C)C)C
kresylcaprylat_para,,,,,,,c1cc(ccc1C)OC(=O)CCCCCCC
kresylisobutyrate_para,,,,,,,c1cc(ccc1C)OC(=O)C(C)C
kresylphenylacetat_para,,,,,,,c1(ccc(cc1)C)OC(=O)Cc1ccccc1
kr,,,,,,,[Kr]
k_cation,POTASSIUM-ION,BP-TZVP,007440-09-7,39.1,K,,[K]
l-glucose,,,,,,,O1[C@H](O)[C@@H](O)[C@H](O)[C@@H](O)[C@@H]1CO
l-homoserine,,,,,,,O=C([C@@H](N)CCO)O
l-norleucine,DL-NORLEUCINE,BP-TZVP,000616-06-8,131.17,C6H13NO2,,O=C(O)[C@@H](N)CCCC
l-pyroglutamic_acid,,,,,,,Fc1ccc(cc1)c1nc(c(s1)C(=O)O)C
l-rhamnose,,,,,,,C[C@@H](O)[C@@H](O)[C@@H](O)[C@@H](O)C=O
labetolol,,,,,,,C[C@H](CCc1ccccc1)NC[C@@H](O)c1ccc(O)c(c1)C(=O)N
labienoxim_e,,,,,,,CC(/C(=N\O)/C(C/C=C(/C=C)\C)(C)C)C
labienoxim_z,,,,,,,CC(C)/C(=N/O)/C(C)(C/C=C(\C)/C=C)C
lactate_anion,,,,,,,O=C([C@H](C)O)[O]
lacticacid,D-2-HYDROXYPROPANOICACID,BP-TZVP,010326-41-7,90.08,C3H6O3,,C(=O)([C@H](O)C)O
lactobionic_acid,,,,,,,O=C(O)[C@@H](O)[C@H](O)[C@@H](O[C@H]1O[C@H](CO)[C@H](O)[C@H](O)[C@H]1O)[C@@H](O)CO
lactofen,,,,,,,CCOC(=O)[C@@H](C)OC(=O)c1cc(Oc2ccc(cc2Cl)C(F)(F)F)ccc1N(=O)=O
lactoscaton,,,,,,,[C@H]12[C@@]3(CCCC1(C)C)OC(=O)[C@@](C2)(CC3)C
lavandulol,,,,,,,CC(=C)[C@@H](CC=C(C)C)CO
lavandulylacetate,,,,,,,CC(=C)[C@@H](CC=C(C)C)COC(=O)C
lavonax,,,,,,,c1(ccccc1)C(=O)CCC=C
leaf_acetal,,,,,,,C(C)O[C@H](C)OCC/C=C\CC
leguminal,,,,,,,CO[C@H](CC)OCC/C=C\CC
lemonile,,,,,,,CC/C(=C/CC/C(=C/C#N)/C)/C
leucamine,"1-butanamine,3-methyl-",BP-TZVP,000107-85-7,87.16,C5H13N,,NCCC(C)C
leucinate_anion,,,,,,,[O]C(=O)[C@@H](N)CC(C)C
leucine,,,,,,,[O]C(=O)[C@@H]([NH3])CC(C)C
levoglucosan,,,,,,,[C@H]12O[C@H]([C@H]([C@H]([C@@H]1O)O)O)OC2
levomenol,,,,,,,C1C(=CC[C@H](C1)[C@](CCC=C(C)C)(O)C)C
levulinate_anion,,,,,,,O=C([O])CCC(=O)C
licoris,,,,,,,c1(c(cc(cc1)C)O)C(=O)OCC
lidocaine,,,,,,,CCN(CC)CC(=O)Nc1c(C)cccc1C
lilial,,,,,,,c1(ccc(cc1)C(C)(C)C)C[C@H](C)C=O
lilivert,,,,,,,CCCCCCO[C@@H](C)OCC
limetol,,,,,,,[C@]1(CCCC(O1)(C)C)(C=C)C
limoneneoxide,,,,,,,C1[C@H](CC[C@@]2([C@H]1O2)C)C(=C)C
limonenoxide,,,,,,,[C@@H]1(C[C@@H]2[C@@](CC1)(C)O2)C(=C)C
linalooloxide,,,,,,,[C@@](CC[C@@H]1C(C)(C)O1)(C=C)(C)O
linalool,,,,,,,O[C@@](C=C)(CCC=C(C)C)C
linalylacetate,,,,,,,C(=C)[C@@](CCC=C(C)C)(OC(=O)C)C
linalylbenzoate,,,,,,,c1(ccccc1)C(=O)O[C@@](C=C)(CCC=C(C)C)C
linalylbutyrate,,,,,,,C(CC)C(=O)O[C@@](C=C)(CCC=C(C)C)C
linalylcinnamate,,,,,,,O=C(O[C@@](C=C)(CCC=C(C)C)C)/C=C/c1ccccc1
linalylformiate,,,,,,,C(=C)[C@@](CCC=C(C)C)(OC=O)C
linalylhexanoate,,,,,,,O=C(O[C@@](C=C)(CCC=C(C)C)C)CCCCC
linalylisobutyrate,,,,,,,C(C)(C(=O)O[C@@](C=C)(CCC=C(C)C)C)C
linalylisovalerate,,,,,,,CC(=CCC[C@@](C=C)(C)OC(=O)CC(C)C)C
linalylphenylacetate,,,,,,,O=C(O[C@@](C=C)(CCC=C(C)C)C)Cc1ccccc1
linalylpropionate,,,,,,,C(C)C(=O)O[C@@](C=C)(CCC=C(C)C)C
linalylvalerate,,,,,,,CC(=CCC[C@@](C=C)(C)OC(=O)CCCC)C
linuron,Linuron,BP-TZVP,000330-55-2,249.1,C9H10Cl2N2O2,,O=C(N(OC)C)Nc1ccc(c(Cl)c1)Cl
li_cation,,,,,,,[Li]
lobeline,,,,,,,CN1[C@@H](CCC[C@H]1C[C@@H](O)c1ccccc1)CC(=O)c1ccccc1
longicyclen,,,,,,,C1[C@]2([C@H]3[C@@H](C(CC1)(C)C)[C@@H]1[C@H](C3)[C@]21C)C
longifolen,,,,,,,[C@@H]12[C@H]3CC[C@@H]1C(=C)[C@]3(CCCC2(C)C)C
lorazepam,LORAZEPAM,BP-TZVP,000846-49-1,321.16,C15H10Cl2N2O2,,O[C@H]1N=C(c2ccccc2Cl)c2cc(Cl)ccc2NC1=O
lovastatin,,,,,,,C1[C@H](CC(=O)O[C@@H]1CC[C@@H]1[C@@H]2C(=C[C@@H](C[C@@H]2OC(=O)[C@H](CC)C)C)C=C[C@@H]1C)O
lumazine,,,,,,,c1cnc2c(=O)[nH]c(=O)[nH]c2n1
lyral_a,,,,,,,C1=C(CC[C@H](C1)C=O)CCCC(C)(O)C
lyral_b,,,,,,,C1(=CCC[C@H](C1)C=O)CCCC(O)(C)C
lyrame_super_e,,,,,,,c1(c(cccc1)/N=C/[C@H]1CC=C(CC1)CCCC(C)(C)O)C(=O)OC
lyrame_super_z,,,,,,,C1[C@H](CC=C(C1)CCCC(O)(C)C)/C=N\c1c(cccc1)C(=O)OC
lysinate_anion,,,,,,,O=C([O])[C@@H](N)CCCCN
lysine,,,,,,,O=C([O])[C@@H]([NH3])CCCCN
m-anisidine_cation,,,,,,,[NH3]c1cc(OC)ccc1
m-chloroacetophenone,,,,,,,O=C(c1cccc(Cl)c1)C
m-chloroanisole,,,,,,,O(c1cccc(Cl)c1)C
m-chlorobenzaldehyde,,,,,,,Clc1cccc(C=O)c1
m-chlorobenzylalcohol,,,,,,,OCc1cc(Cl)ccc1
m-chlorobenzylselenopropionicacid,,,,,,,c1c(cccc1C[Se]CCC(=O)O)Cl
m-cyanobenzoicacid,m-cyanobenzoicacid,BP-TZVP,001877-72-1,147.13,C8H5NO2,,OC(=O)c1cccc(C#N)c1
m-difluorobenzene,,,,,,,Fc1cccc(F)c1
m-dimethoxybenzene,,,,,,,O(c1cccc(OC)c1)C
m-ethoxyphenol,,,,,,,c1(cccc(c1)OCC)O
m-ethylaniline,M-ETHYLANILINE,BP-TZVP,000587-02-0,121.18,C8H11N,,CCc1cccc(N)c1
m-ethylphenol,,,,,,,c1(O)cc(CC)ccc1
m-ethyltoluene,,,,,,,c1(CC)cc(C)ccc1
m-fluoroaniline,M-FLUOROANILINE,BP-TZVP,000372-19-0,111.12,C6H6FN,,Nc1cccc(F)c1
m-fluoroanisole,,,,,,,COc1cc(F)ccc1
m-fluorobenzylselenopropionicacid,,,,,,,c1c(cccc1C[Se]CCC(=O)O)F
m-fluorophenetole,,,,,,,Fc1cccc(c1)OCC
m-fluorophenylaceticacid,,,,,,,O=C(O)Cc1cccc(F)c1
m-hydroxyacetanilide,,,,,,,O=C(Nc1cccc(O)c1)C
m-hydroxyacetophenone,m-hydroxyacetophenone,BP-TZVP,000121-71-1,136.15,C8H8O2,,O=C(c1cccc(O)c1)C
m-hydroxyphenylacetate,,,,,,,O=C(Oc1cccc(O)c1)C
m-hydroxyphenylaceticacid,,,,,,,OC(=O)Cc1cc(O)ccc1
m-isopropylphenol,,,,,,,Oc1cccc(C(C)C)c1
m-methoxyacetophenone,m-methoxyacetophenone,BP-TZVP,000586-37-8,150.18,C9H10O2,,COc1cccc(c1)C(=O)C
m-methoxyphenylaceticacid,,,,,,,OC(=O)Cc1cc(OC)ccc1
m-methylacetophenone,,,,,,,CC(=O)c1cccc(C)c1
m-methylbenzylalcohol,,,,,,,C(c1cc(C)ccc1)O
m-methylphenylaceticacid,,,,,,,Cc1cccc(CC(=O)O)c1
m-nitroanisole,,,,,,,O=N(=O)c1cccc(OC)c1
m-nitrobenzaldehyde,m-nitrobenzaldehyde,BP-TZVP,000099-61-6,151.12,C7H5NO3,,O=Cc1cccc(N(=O)=O)c1
m-nitrobenzylalcohol,,,,,,,O=N(=O)c1cccc(CO)c1
m-propoxyphenol,,,,,,,c1c(cccc1O)OCCC
m-t-butylphenyl-n-methylcarbamate,,,,,,,C(=O)(Oc1cc(C(C)(C)C)ccc1)NC
m-terephthalanisidide,,,,,,,COc1cc(ccc1)NC(=O)c1ccc(cc1)C(=O)Nc1cc(ccc1)OC
m-terphenyl,,,,,,,c1(cc(ccc1)c1ccccc1)c1ccccc1
m-toluenethiol,,,,,,,Sc1cccc(C)c1
m-tolylacetonitrile,,,,,,,N#CCc1cc(C)ccc1
m-trifluoromethylphenol,,,,,,,FC(F)(F)c1cccc(O)c1
maceal_derivate_a,,,,,,,C1[C@@H]([C@@H]2C[C@H]([C@H]1C(=C2)C)C1OCCO1)C(C)C
maceal_derivate_b,,,,,,,[C@@H]1(C[C@@H]2C[C@H]([C@H]1C(=C2)C)C1OCCO1)C(C)C
mafenide_anion,,,,,,,c1cc(ccc1CN)S(=O)(=O)[NH]
mafenide,,,,,,,c1cc(ccc1CN)S(=O)(=O)N
magnolan,,,,,,,c12c(cccc1)[C@H]1[C@H](C2)[C@@H](O[C@@H](O1)C)C
magnolione,,,,,,,C(C[C@H]1[C@H](CC(=O)C)CCC1=O)CCC
magnolol,,,,,,,Oc1ccc(CC=C)cc1c1cc(CC=C)ccc1O
mahagonat_a,,,,,,,C1[C@@H]([C@@]2(C=C[C@]1(CC2)C(C)C)C)C(=O)OC
mahagonat_b,,,,,,,[C@@H]1(C[C@@]2(C=C[C@]1(CC2)C(C)C)C)C(=O)OC
majantol,,,,,,,c1(cccc(c1)C)CC(C)(C)CO
malathion,,,,,,,CCOC(=O)C[C@H](S[P](OC)([S])OC)C(=O)OCC
maleamicacid,maleamicacid,BP-TZVP,000557-24-4,115.09,C4H5NO3,,O=C(O)/C=C/C(=O)N
maleicacid_anion,,,,,,,C(=O)([O])/C=C\C(=O)O
maleicanhydride,,,,,,,O1C(=O)C=CC1=O
maleichydrazine,,,,,,,[nH]1c(=O)ccc(O)n1
maleimide,,,,,,,N1C(=O)C=CC1=O
maleonitrile,,,,,,,N#C/C=C\C#N
malicacid,,,,,,,OC(=O)C[C@@H](C(=O)O)O
malondialdehyde,,,,,,,C(C=O)C=O
maltol,,,,,,,c1(=O)c(c(occ1)CC)C
maltose,,,,,,,OC[C@H]1O[C@H](O[C@H]2[C@@H](CO)O[C@H](O)[C@@H]([C@H]2O)O)[C@@H](O)[C@H](O)[C@@H]1O
maltylisobutyrate,,,,,,,c1(c(c(=O)cco1)OC(=O)C(C)C)C
mandaril_a,,,,,,,C(CCCC/C=C/CC#N)CCC=C
mandelicacidethylester,,,,,,,C(=O)([C@H](c1ccccc1)O)OCC
mandelicacid_anion,,,,,,,c1ccc(cc1)[C@H](O)C(=O)[O]
mandelicacid,,,,,,,c1ccc(cc1)[C@H](O)C(=O)O
mandelonitrile,,,,,,,N#C[C@@H](O)c1ccccc1
mannose,,,,,,,[C@@H](C=O)([C@H]([C@@H]([C@@H](CO)O)O)O)O
manzanate,,,,,,,CCOC(=O)[C@@H](CCC)C
maritima,,,,,,,C(=C(\CCC=C(C)C)/C)/CCc1ccncc1
massoia_lacton,,,,,,,[C@@H]1(CC=CC(=O)O1)CCCCC
mayol,,,,,,,[C@H]1(CC[C@H](CC1)CO)C(C)C
mechlorethamine,,,,,,,CN(CCCl)CCCl
meclofenamic_acid,,,,,,,Clc1ccc(c(Cl)c1Nc1ccccc1C(=O)O)C
mefenamic_acid,,,,,,,O=C(O)c1c(Nc2cccc(c2C)C)cccc1
mefloral,,,,,,,c1c(cc(cc1)C(C)(C)C)C[C@H](C)C=O
mefranal,,,,,,,c1(ccccc1)CC[C@@H](CC=O)C
meloxicam,,,,,,,Cc1c[nH]/c(=N\C(=O)C2=C(O)c3ccccc3S(=O)(=O)N2C)/s1
melusat,,,,,,,[C@H](C)(CC(=O)OCC)CC(C)(C)C
menadione,,,,,,,CC1=CC(=O)c2ccccc2C1=O
"mentha1,3dienal",,,,,,,C1(=CC=C(CC1)C(C)C)C=O
mentha1_4dienal,,,,,,,C1(=CCC(=CC1)C(C)C)C=O
menthadienylformiate,,,,,,,C1(=CC=C(CC1)C(C)C)CCOC=O
menthofuran,,,,,,,c12c(CC[C@H](C1)C)c(co2)C
mentholcarboxamide,,,,,,,[C@@H]1(CC[C@@H](C[C@H]1C(C)C)C)C(=O)NCC
menthol,MENTHOL,BP-TZVP,000089-78-1,156.27,C10H20O,,C1[C@@H](C(C)C)[C@H](O)C[C@H](C)C1
menthone-8-thioacetate,,,,,,,C[C@H]1CC[C@H](C(=O)C1)C(C)(C)OC(=S)C
menthone,,,,,,,[C@@H]1(CC[C@@H](CC1=O)C)C(C)C
menthylacetate,,,,,,,[C@@H]1([C@@H](C[C@@H](CC1)C)OC(=O)C)C(C)C
menthylisovalerate,,,,,,,O([C@H]1[C@@H](CC[C@@H](C1)C)C(C)C)C(=O)CC(C)C
menthyllactate,,,,,,,[C@@H]1(CC[C@@H](C[C@H]1C(C)C)C)OC(=O)[C@@H](C)O
meobal,,,,,,,c1cc(ccc1)OC(=O)NC
meparfynolcarbamate,,,,,,,CC[C@@](C)(OC(=O)N)C#C
meperidine,,,,,,,CCOC(=O)C1(CCN(C)CC1)c1ccccc1
mercapto-butanedioicacid,,,,,,,O=C(O)[C@@H](S)CC(=O)O
mercaptoacetaldehyde,,,,,,,SCC=O
mercaptoaceticacid,,,,,,,SCC(=O)O
mercaptomethylbutylformate,,,,,,,SC(CCOC=O)(C)C
mercaptomethylpentanone,,,,,,,CC([C@H](C(=O)C)S)C
mesitenelactone,,,,,,,o1c(=O)cc(C)cc1C
"meso-2,3-diethyl-2,3-dimethylsuccinonitrile","Meso-2,3-diethyl-2,3-dimethylsuccinonitrile",BP-TZVP,085688-81-9,164.25,C10H16N2,,CC[C@@](C#N)(C)[C@@](C#N)(C)CC
mestranol,,,,,,,[C@@]12([C@H]([C@H]3[C@H](c4c(CC3)cc(cc4)OC)CC2)CC[C@@]1(C#C)O)C
meta-tert-butylcyclohexylacetat,,,,,,,[C@@H]1(C[C@@H](CCC1)OC(=O)C)C(C)(C)C
metalaxyl,,,,,,,c1ccc(c(c1C)N(C(=O)COC)[C@@H](C)C(=O)OC)C
metamitron,,,,,,,c1(c(=O)n(c(nn1)C)N)c1ccccc1
methabenzthiazuron,,,,,,,c1ccc2c(c1)sc(n2)N(C)C(=O)NC
methacrylalcohol,,,,,,,OCC(=C)C
methacrylicacid,,,,,,,C=C(C)C(=O)O
methacrylicanhydride,,,,,,,C(=C)(C(=O)OC(=O)C(=C)C)C
methadone,,,,,,,CCC(=O)C(C[C@@H](C)N(C)C)(c1ccccc1)c1ccccc1
methanediamine,,,,,,,C(N)N
methanesulfenamide,,,,,,,CSN
methanesulfenylbromide,,,,,,,CSBr
methanesulfenylchloride,,,,,,,CSCl
methanesulfonate_anion,,,,,,,CS([O])([O])[O]
methanesulfonicacid,,,,,,,S([O])([O])(O)C
methanesulfonyl-chloride,,,,,,,CS(=O)(=O)Cl
methanesulfonylfluoride,fluoromethylsulfone,BP-TZVP,000558-25-8,98.1,CH3FO2S,,O=S(=O)(F)C
methanesulphonylacetonitrile,METHYLSULFONYLACETONITRILE,BP-TZVP,002274-42-2,119.14,C3H5NO2S,,N#CCS(=O)(=O)C
methanetetracarbonitrile,Methanetetracarbonitrile,BP-TZVP,024331-09-7,116.08,C5N4,,C(C#N)(C#N)(C#N)C#N
methanethiol_anion,,,,,,,C[S]
methanethiol,,,,,,,SC
methanetricarboxylicacidtrimethylester,,,,,,,C(C(=O)OC)(C(=O)OC)C(=O)OC
methane,,,,,,,C
methanimidoylbromide,,,,,,,C(=N)Br
methanimidoylchloride,,,,,,,C(=N)Cl
methanimidoylfluoride,,,,,,,C(=N)F
methanimine,,,,,,,C=N
methanol_anion,,,,,,,C[O]
methanol,,,,,,,CO
methanol_cation,,,,,,,[CH3].O
methazole,,,,,,,c1c(cc(c(c1)Cl)Cl)n1oc(=O)n(c1=O)C
methenamine,,,,,,,C1[N@]2C[N@]3C[N@@]1C[N@@](C2)C3
methenamine_cation,,,,,,,C1[N@@H]2C[N@@]3C[N@]1C[N@](C2)C3
methidathion,,,,,,,COc1nn(CS[P]([S])(OC)OC)c(=O)s1
methiocarb,,,,,,,c1c(c(c(cc1OC(=O)NC)C)SC)C
methioninate_anion,,,,,,,[O]C(=O)[C@@H](N)CCSC
methionine,,,,,,,O=C([O])[C@H]([NH3])CCSC
methoprene,,,,,,,COC(C)(C)CCC[C@@H](C)C/C=C/C(=C/C(=O)OC(C)C)/C
methoxsalen,,,,,,,c12c(c3c(cc2ccc(=O)o1)cco3)OC
methoxy(methoxymethoxy)methane,,,,,,,COCOCOC
"methoxy-dimethyl-(2,2,2-trifluoroethyl)silane",,,,,,,CO[Si](C)(C)CC(F)(F)F
methoxyacetaldehyde,,,,,,,COCC=O
methoxyaceticacid,,,,,,,OC(=O)COC
methoxyacetonitrile,,,,,,,N#CCOC
methoxyacetylchloride,,,,,,,ClC(=O)COC
methoxychlor,,,,,,,c1(ccc(cc1)C(c1ccc(cc1)OC)C(Cl)(Cl)Cl)OC
methoxycitronellal,,,,,,,C([C@@H](CCCC(C)(C)OC)C)C=O
methoxycyclohexane,,,,,,,O(C)C1CCCCC1
methoxydimethylpropylsilane,,,,,,,CCC[Si](C)(C)OC
methoxyethylsulfate_anion,,,,,,,C(COS([O])([O])[O])OC
methoxymelonal,,,,,,,O=C[C@@H](CCCC(C)(C)OC)C
methoxymethanethiol,,,,,,,COCS
methoxymethoxyethane,,,,,,,COCOCC
methoxypyrazine,,,,,,,O(c1nccnc1)C
methoxytrimethylsilane,,,,,,,CO[Si](C)(C)C
"methyl(1,1,2-trimethylpropyl)malononitrile",,,,,,,CC(C(C)(C)C(C)C)(C#N)C#N
"methyl(1r,2s)-2,6,6-trimethyl-3-cyclohexene-1-carboxylate",,,,,,,C1C=C[C@@H]([C@H](C1(C)C)C(=O)OC)C
"methyl(1s,2r)-2,6,6-trimethyl-3-cyclohexene-1-carboxylate",,,,,,,C1C=C[C@H]([C@@H](C1(C)C)C(=O)OC)C
"methyl(3,3,3-trifluoropropyl)amine",,,,,,,CNCCC(F)(F)F
methyl(diphenyl)phosphineoxide,,,,,,,CP(=O)(c1ccccc1)c1ccccc1
methyl-(r)-alpha-cyclogeranate,,,,,,,C1CC=C([C@@H](C1(C)C)C(=O)OC)C
methyl-(s)-(+)-2-methylbutanoate,,,,,,,CC[C@@H](C(=O)OC)C
"methyl-1,2-dimethylpropylamine",,,,,,,CC(C)[C@@H](C)NC
"methyl-2-(difluoromethyl)-2,3,3,3-tetrafluoropropanoate",,,,,,,COC(=O)[C@@](C(F)F)(C(F)(F)F)F
methyl-2-(methylthio)acetate,,,,,,,CSCC(=O)OC
methyl-2-butenol,,,,,,,CC/C(=C/CO)/C
methyl-2-methylpropanimidate,,,,,,,CC(C)C(=N)OC
"methyl-3,3,3-trifluoropropanimidate",,,,,,,COC(=N)CC(F)(F)F
"methyl-3,4,5-trihydroxybenzoate",METHYLGALLATE,BP-TZVP,000099-24-1,184.15,C8H8O5,,COC(=O)c1cc(O)c(O)c(O)c1
methyl-3-mercaptopropionate,,,,,,,SCCC(=O)OC
methyl-3-methyl-4-thiomethoxyphenylthiophosphate,,,,,,,[S][P@@](Oc1cc(C)c(SC)cc1)(Oc1ccccc1)OC
methyl-4-formylbenzoate,,,,,,,C(=O)c1ccc(C(=O)OC)cc1
methyl-4-nitrophenylsulfoxide,,,,,,,C[S@@](=O)c1ccc(cc1)N(=O)=O
methyl-5-(dimethylamino)-2-methyl-5-oxopentanoate,,,,,,,C[C@H](CCC(=O)N(C)C)C(=O)OC
methyl-9h-fluorene-9-carboxylate_anion,,,,,,,c12=C(C3=CC=C[CH]C3=c1cccc2)C(=O)OC
methyl-9h-fluorene-9-carboxylate,,,,,,,COC(=O)C1c2ccccc2-c2ccccc12
methyl-benzyl-disulfide,,,,,,,CSSCc1ccccc1
methyl-beta-ionone,,,,,,,CCC(=O)/C=C/C1=C(C)CCCC1(C)C
methyl-delta-ionone,,,,,,,CCC(=O)/C=C/[C@H]1[C@@H](C)C=CCC1(C)C
methyl-erucate,,,,,,,O=C(OC)CCCCCCCCCCC/C=C\CCCCCCCC
methyl-ethyl-trisulfide,,,,,,,CCSSSC
methyl-furfuryl-disulfide,,,,,,,CSSCc1occc1
methyl-heptafluoroisobutyrate,,,,,,,COC(=O)C(C(F)(F)F)(C(F)(F)F)F
methyl-heptafluoropropylketone,,,,,,,CC(=O)C(C(C(F)(F)F)(F)F)(F)F
methyl-hexyl-ether,,,,,,,CCCCCCOC
methyl-maleic-anhydride,,,,,,,C1(=O)OC(=O)C=C1C
methyl-n-(3-chlorophenyl)carbamate,,,,,,,c1c(cc(cc1)NC(=O)OC)Cl
methyl-n-phenylcarbamate,phenylCarbamicacidmethylester,BP-TZVP,002603-10-3,151.16,C8H9NO2,,c1(ccccc1)NC(=O)OC
methyl-n-propylether,,,,,,,C(CC)OC
methyl-octyl-sulfide,,,,,,,CCCCCCCCSC
methyl-palmitoleate,methyl-palmitoleate,BP-TZVP,001120-25-8,268.44,C17H32O2,,C(CCC/C=C\CCCCCC)CCCC(=O)OC
methyl-pentafluoropropionate,,,,,,,COC(=O)C(C(F)(F)F)(F)F
methyl-phenethyl-ether,,,,,,,COCCc1ccccc1
methyl-phenyl-disulfide,,,,,,,CSSc1ccccc1
methyl-propyl-disulfide,,,,,,,CCCSSC
methyl-propyl-trisulfide,,,,,,,CCCSSSC
methyl-t-amylamine,,,,,,,CCC(C)(C)NC
methyl-t-butylether,,,,,,,COC(C)(C)C
methyl-tert-amylether,,,,,,,COC(C)(C)CC
methyl-thiophenethiol,,,,,,,c1(c(ccs1)S)C
methyl-trans-2-butenoate,,,,,,,O=C(OC)/C=C/C
methyl-trifluoropyruvate,,,,,,,COC(=O)C(=O)C(F)(F)F
methyl-triisobutyl-phosphonium_cation,,,,,,,C[P](C(C)C)(C(C)C)C(C)C
methyl-trioctyl-ammonium_cation,,,,,,,[N](CCCCCCCC)(CCCCCCCC)(C)CCCCCCCC
methyl2-chloroacrylate,,,,,,,O=C(OC)C(=C)Cl
methyl2-chloropropanoate,,,,,,,O=C(OC)[C@@H](Cl)C
methyl2-furancarboxylate,,,,,,,O=C(OC)c1occc1
methyl2-hydroxy-2-methylpropanoate,,,,,,,O=C(OC)C(O)(C)C
methyl2-oxopropanoate,,,,,,,O=C(C)C(=O)OC
methyl2ethylhexanoate,,,,,,,C(C)CC[C@@H](C(=O)OC)CC
methyl2methylbutyrate,,,,,,,COC(=O)[C@@H](CC)C
methyl3-methoxypropionate,,,,,,,O=C(OC)CCOC
methyl3-thienylketone,,,,,,,CC(=O)c1ccsc1
methylabietate,,,,,,,[C@@]12([C@H]([C@](C(=O)OC)(CCC2)C)CC=C2[C@@H]1CCC(=C2)C(C)C)C
methylacetate,ACETICACIDMETHYLESTER,BP-TZVP,000079-20-9,74.08,C3H6O2,,C(=O)(OC)C
methylacetoacetate,,,,,,,O=C(OC)CC(=O)C
methylacrylate,,,,,,,C=CC(=O)OC
methyladamantane-1-carboxylate,,,,,,,[C@@H]12C[C@]3(C[C@@H](C1)C[C@@H](C2)C3)C(=O)OC
methylamine,,,,,,,CN
methylamine_cation,,,,,,,C[NH3]
methylaminoacetaldehydedimethylacetal,,,,,,,O(C(OC)CNC)C
methylarsine,,,,,,,[AsH2]C
methylarsonicacid,,,,,,,[CH3].[As](O)(O)[O]
methylb-phenylpropionate,,,,,,,O=C(OC)CCc1ccccc1
methylbenzoate,,,,,,,c1cccc(c1)C(=O)OC
methylbenzylidencamphor,,,,,,,C\1(=C/c2ccc(cc2)C)/C(=O)[C@]2(CC[C@@H]1C2(C)C)C
methylboronicacid,,,,,,,CB(O)O
methylbutanedioicaciddimethylester,,,,,,,O=C(OC)[C@@H](CC(=O)OC)C
methylbutane,,,,,,,CC(CC)C
methylbutyrate,,,,,,,C(CC(=O)OC)C
methylcarbonate_anion,,,,,,,COC(=O)[O]
methylchinolintetrahydro-para,,,,,,,c12c(cc(cc1)C)CCCN2
methylchlorodifluoroacetate,,,,,,,COC(=O)C(F)(F)Cl
methylchlorooxoacetate,,,,,,,O=C(OC)C(=O)Cl
methylchlorosilane,,,,,,,[SiH2](C)Cl
methylcinnamate,,,,,,,c1(ccccc1)/C=C/C(=O)OC
methylcyanoacrylate,,,,,,,O=C(OC)C(=C)C#N
methylcyclobutane,methylcyclobutane,BP-TZVP,000598-61-8,70.13,C5H10,,C1CC(C)C1
methylcyclocitrone,,,,,,,[C@@H]1([C@@H]([C@@H](C=C(C1)C)C)C)C(=O)C
methylcyclogeranate,,,,,,,[C@@H]1(C(CCC=C1C)(C)C)C(=O)OC
methylcycloheptane,,,,,,,C1CCCC(CC1)C
methylcyclohexane,,,,,,,C1C(CCCC1)C
methylcyclohexylcarboxylate,,,,,,,C1(CCCCC1)C(=O)OC
methylcyclopentadienedimer,,,,,,,C1C=C(C)[C@H]2[C@H]3C[C@H](C=C3C)[C@@H]12
methylcyclopentadiene,,,,,,,C1=CCC=C1C
methylcyclopentane,,,,,,,C1(CCCC1)C
methylcyclopentapyrazine,,,,,,,c12-c(nc(c[nH]1)C)ccc2
methylcyclopentenolone,,,,,,,C[C@H]1CCC(=O)C1=O
methylcyclopropane,,,,,,,C1(CC1)C
methylcyclopropylcarboxylate,METHYLCYCLOPROPANECARBOXYLATE,BP-TZVP,002868-37-3,100.12,C5H8O2,,C1CC1C(=O)OC
methylcyclopropylether,,,,,,,COC1CC1
methyldichloroacetate,,,,,,,O=C(OC)C(Cl)Cl
methyldifluoroacetate,,,,,,,COC(=O)C(F)F
methyldihydrofuranthiol,,,,,,,C1CC(=C(O1)C)S
methyldimethylcarbamate,,,,,,,COC(=O)N(C)C
methyldimethyldithiocarbamate,,,,,,,CSC(=S)N(C)C
methyldinitramine,,,,,,,CN(N(=O)=O)N(=O)=O
methyldioxolane,,,,,,,O1CCOC1C
methyldiphenyl-phosphine,,,,,,,CP(c1ccccc1)c1ccccc1
methyldiphenyl-phosphine_cation,,,,,,,C[PH](c1ccccc1)c1ccccc1
methyldiphenylcarbamate,,,,,,,COC(=O)N(c1ccccc1)c1ccccc1
methyldiphenylether,,,,,,,c1(ccc(cc1)C)Oc1ccccc1
methyldiphenylsilanol,METHYLDIPHENYLSILANOL,BP-TZVP,000778-25-6,214.34,C13H14OSi,,[Si](c1ccccc1)(c1ccccc1)(O)C
methyldithiofurane,,,,,,,o1c(c(cc1)SSC)C
methylenebis(thiocyanate),METHYLENEBISTHIOCYANATE,BP-TZVP,006317-18-6,130.19,C3H2N2S2,,N#CSCSC#N
methylenebutanedioicaciddimethylester,methylenebutanedioicaciddimethylester,BP-TZVP,000617-52-7,158.15,C7H10O4,,O=C(OC)CC(=C)C(=O)OC
methylenebutanedioicacid,,,,,,,O=C(O)CC(=C)C(=O)O
methylenecyclobutane,,,,,,,C1(=C)CCC1
methylenecyclohexane,methylenecyclohexane,BP-TZVP,001192-37-6,96.17,C7H12,,C1(=C)CCCCC1
methylenecyclopentane,,,,,,,C1(=C)CCCC1
methylethylether,,,,,,,O(CC)C
methylethylphosphonofluoridoate,,,,,,,CO[P@@](=O)(F)CC
methylfluorosulfonate,,,,,,,COS(F)([O])[O]
methylformamide,,,,,,,O=CNC
methylformate,METHYLFORMATE,BP-TZVP,000107-31-3,60.05,C2H4O2,,C(=O)OC
methylfuraneol,,,,,,,[C@H]1(C(=O)[C@H]([C@H](O1)CC)O)C
methylfurfurylthiol,,,,,,,c1(ccc(o1)CS)C
methylgeranate,,,,,,,C(=C(\CCC=C(C)C)/C)/C(=O)OC
methylgermane,,,,,,,[GeH3]C
methylglycidylether,,,,,,,O1[C@@H](COC)C1
methylglyoxal,PYRUVALDEHYDE,BP-TZVP,000078-98-8,72.06,C3H4O2,,O=C(C=O)C
methylguanidine,,,,,,,N=C(NC)N
methylheptanoate,,,,,,,O=C(OC)CCCCCC
methylheptincarbonate,,,,,,,C(CCC)CC#CC(=O)OC
methylhexanoate,,,,,,,COC(=O)CCCCC
methylhydrazinecarboxylate,"hydrazinecarboxylicacid,methylester",BP-TZVP,006294-89-9,90.08,C2H6N2O2,,O=C(OC)NN
methylhydrazine,,,,,,,CNN
methylhydroperoxide_anion,,,,,,,CO[O]
methylhydroperoxide,,,,,,,COO
methylhydroquinone,"1,4-BENZENEDIOL,2-METHYL-",BP-TZVP,000095-71-6,124.14,C7H8O2,,Oc1c(cc(O)cc1)C
methylhydrozimtaldehyde_para,,,,,,,c1(ccc(cc1)C)CCC=O
methylimidazol,,,,,,,[nH]1cnc(c1)C
methylindole,,,,,,,c1ccc2c(c1)c(c[nH]2)C
methylisobutylether,METHOXYISOBUTANE,BP-TZVP,000625-44-5,88.15,C5H12O,,COCC(C)C
methylisopropylether,,,,,,,COC(C)C
methylisothiocyanate,,,,,,,S=C=NC
methylisovalerate,,,,,,,O=C(OC)CC(C)C
methyljasmonate,,,,,,,C(=C\CC)/C[C@H]1[C@H](CC(=O)OC)CCC1=O
methyljonon_alphaiso,,,,,,,[C@@H]1(C(=CCCC1(C)C)C)/C=C(/C(=O)C)\C
methyljonon_alphan,,,,,,,[C@@H]1(C(=CCCC1(C)C)C)/C=C/C(=O)CC
methyljonon_betaiso,,,,,,,C1(=C(CCCC1(C)C)C)/C=C(/C(=O)C)\C
methyllactate,,,,,,,O[C@@H](C)C(=O)OC
methyllaitone,,,,,,,[C@]12(CC[C@@H](CC1)C)OC(=O)CC2
methyllinoleate,,,,,,,O=C(OC)CCCCCCC/C=C\C/C=C\CCCCC
methyllinolenate,,,,,,,O=C(OC)CCCCCCC/C=C\C/C=C\C/C=C\CC
methylmalonicacid,,,,,,,O=C(O)C(C)C(=O)O
methylmethacrylate,,,,,,,O=C(OC)C(=C)C
methylmethanesulfonate,,,,,,,[O]S([O])(OC)C
methylmethoxyacetate,,,,,,,O=C(OC)COC
"methyln,n-dimethyl-beta-alaninate",,,,,,,CN(C)CCC(=O)OC
methyln-butylether,,,,,,,COCCCC
methyln-ethylcarbamate,,,,,,,O=C(OC)NCC
methylnitramine,,,,,,,O=N(=O)CN
methylnitrate,methylnitrate,BP-TZVP,000598-58-3,77.04,CH3NO3,,O=N(=O)OC
methylnitrite,methylnitrite,BP-TZVP,000624-91-9,61.04,CH3NO2,,[O][N]OC
methylnonanedione,,,,,,,CCCCCC(=O)[C@H](C(=O)C)C
methylnonanoate,,,,,,,C(C(=O)OC)CCCCCCC
methylnonensaeure,,,,,,,CCCCCC/C(=C/C(=O)O)/C
methylnorbornene,,,,,,,C1[C@H]2C=C([C@@H]1CC2)C
methyloctalacton,,,,,,,C(C[C@H]1[C@H](C)CC(=O)O1)CC
methyloctanoate,METHYLOCTANOATE,BP-TZVP,000111-11-5,158.24,C9H18O2,,COC(=O)CCCCCCC
methyloctincarbonate,,,,,,,C(CCCC)CC#CC(=O)OC
methyloleate,(Z)-9-OCTADECENOICACIDMETHYLESTER,BP-TZVP,000112-62-9,296.49,C19H36O2,,CCCCCCCC/C=C\CCCCCCCC(=O)OC
methyloxalate,,,,,,,O(C(=O)C(=O)OC)C
methylp-aminobenzoate,,,,,,,O=C(OC)c1ccc(N)cc1
methylpamplemousse,,,,,,,COC(C(CC=C(C)C)(C)C)OC
methylpentylsulfide,,,,,,,CSCCCCC
methylphenoxyacetate,,,,,,,O=C(OC)COc1ccccc1
methylphenylsilane,,,,,,,[SiH2](C)c1ccccc1
methylphenylsulfone,,,,,,,c1cc(ccc1)S(=O)(=O)C
methylphenylsulfoxide,,,,,,,C[S@](=O)c1ccccc1
methylphosphinicacidethylester,,,,,,,O=[P@@H](OCC)C
methylphosphinicacid,,,,,,,OP(O)C
methylphosphonicacid,,,,,,,O=P(C)(O)O
methylphosphonyldichloride,,,,,,,O=P(C)(Cl)Cl
methylpropanedioicaciddimethylester,,,,,,,O=C(OC)C(C(=O)OC)C
methylpropionate,,,,,,,C(=O)(OC)CC
methylsilanetrioltriacetate,,,,,,,[Si](C)(OC(=O)C)(OC(=O)C)OC(=O)C
methylsilane,,,,,,,C[SiH3]
methylstyrylketone,,,,,,,O=C(/C=C/c1ccccc1)C
methylsulfate_anion,,,,,,,[O]S([O])([O])OC
methylsulfate,,,,,,,[O]S([O])(OC)O
methylsulfonamide_anion,,,,,,,CS(=O)(=O)[NH]
methylsulfonamide,,,,,,,CS(=O)(=O)N
methyltetradecanoate,,,,,,,COC(=O)CCCCCCCCCCCCC
methyltetrahydrofurfurylether,,,,,,,O1[C@@H](COC)CCC1
methylthiazoline,,,,,,,C1[C@H](S[CH][N]1)C
methylthiirane,,,,,,,S1[C@@H](C)C1
methylthiobenzene,,,,,,,c1cc(ccc1)SC
methylthiocyanate,,,,,,,CSC#N
methylthiomethylmercaptan,,,,,,,CSCS
methylthiophene,3-METHYLTHIOPHENE,BP-TZVP,000616-44-4,98.17,C5H6S,,s1ccc(c1)C
methylthiouracil_anion,,,,,,,C1(=S)[N]C(=O)C=C(N1)C
methylthiouracil,,,,,,,c1(=S)[nH]c(=O)cc([nH]1)C
methylthiourea,,,,,,,CNC(=S)N
methyltiglate,,,,,,,O=C(OC)/C(=C/C)/C
methyltrichloroacetate,,,,,,,COC(=O)C(Cl)(Cl)Cl
methyltrichlorogermane,,,,,,,[Ge](Cl)(Cl)(Cl)C
methyltrifluoroacetate,,,,,,,O=C(OC)C(F)(F)F
methyltrimethoxysilane,,,,,,,CO[Si](C)(OC)OC
methyltrimethylacetate,,,,,,,COC(=O)C(C)(C)C
methyltris(2-methylpropyl)phosphonium_cation,,,,,,,[P](C)(C(C)(C)C)(C(C)(C)C)C(C)(C)C
methyltuberatee,,,,,,,C(C[C@H]1[C@H](C)CC(=O)O1)CCC
methylurea,,,,,,,CNC(=O)N
methylurethane,O-METHYLCARBAMATE,BP-TZVP,000598-55-0,75.07,C2H5NO2,,O=C(N)OC
methylvalerate,,,,,,,COC(=O)CCCC
methylvinylether,METHOXYVINYL,BP-TZVP,000107-25-5,58.08,C3H6O,,COC=C
methylzimtaldehyde,,,,,,,c1(ccccc1)/C=C(\C)/C=O
methylzimtalkohol,,,,,,,c1(ccccc1)/C=C(\C)/CO
methyl[(1e)-(dimethylamino)methylene]dithiocarbamate,,,,,,,CSC(=S)/N=C/N(C)C
methyl_corylone,,,,,,,C1(=O)C(=C([C@H](C1)C)C)O
methyl_diantilis,,,,,,,c1(cc(c(cc1)O)OCC)COC
metobromuron,,,,,,,c1cc(ccc1Br)NC(=O)N(C)OC
metolachlor,,,,,,,c1(c(cccc1CC)C)N([C@H](COC)C)C(=O)CCl
metoprolol,,,,,,,c1c(ccc(c1)CCOC)OC[C@@H](O)CNC(C)C
metoxuron,,,,,,,c1(c(cc(cc1)NC(=O)N(C)C)Cl)OC
metribuzin,,,,,,,c1(=O)c(nnc(n1N)SC)C(C)(C)C
mevinphos,,,,,,,P(=O)(OC)(O/C(=C/C(=O)OC)/C)OC
mintlactone,,,,,,,C[C@@H]1CCC2=C(C)C(=O)O[C@@H]2C1
mintonat,,,,,,,C1C(C[C@@H](C[C@H]1OC(=O)C)C)(C)C
molinate,,,,,,,C1CCCN(CC1)C(=O)SCC
mono-methylterephthalate,,,,,,,c1cc(ccc1C(=O)O)C(=O)OC
mono-tert-butylhydroquinone,,,,,,,c1(C(C)(C)C)c(O)ccc(O)c1
monobutylsulfate,,,,,,,CCCCOS([O])([O])O
monochlorosilane,,,,,,,Cl[SiH3]
monolinuron,,,,,,,c1(ccc(cc1)NC(=O)N(C)OC)Cl
monomethylcarbonate,CH3OC(O)OH,BP-TZVP,007456-87-3,76.05,C2H4O3,,O=C(O)OC
montaverdi,,,,,,,C(=O)(OCC/C=C\CC)C1CC1
monuron,,,,,,,c1(ccc(cc1)Cl)NC(=O)N(C)C
morphine,,,,,,,c12c(ccc3c1[C@]14[C@H]([C@@H](C3)N(C)CCC4)C=C[C@@H]([C@@H]1O2)O)O
morpholine-4-carbonitrile,,,,,,,N#CN1CCOCC1
morpholine,,,,,,,N1CCOCC1
morpholine_cation,,,,,,,[NH2]1CCOCC1
mugesia,,,,,,,c1(ccccc1)C[C@@H]([C@@H](C)O)C
mugetanol,,,,,,,[C@@H]1(CC[C@@H](CC1)[C@@H](O)C)C(C)C
muscimol,,,,,,,O=c1cc(CN)o[nH]1
muscopal_e,,,,,,,c1(ccccc1)[C@@H](C)/C=N/O
muscopal_z,,,,,,,c1ccc(cc1)[C@H](/C=N\O)C
muskketone,,,,,,,CC(C)(C)c1c(N(=O)=O)c(C)c(c(c1N(=O)=O)C)C(=O)C
myclobutanil,,,,,,,CCCC[C@@](CN1[CH]N=C[N]1)(C#N)c1ccc(Cl)cc1
myosmine,,,,,,,C1C[N][C](c2cccnc2)C1
myraldylacetate_a,,,,,,,C1(=CC[C@@H](CC1)COC(=O)C)CCC=C(C)C
myraldylacetate_b,,,,,,,C1=C(C[C@@H](CC1)COC(=O)C)CCC=C(C)C
myrcenepoxid,,,,,,,C(=C)C(=C)CC[C@H]1C(C)(C)O1
myrcene,,,,,,,C=C(C=C)CCC=C(C)C
myrcenol,,,,,,,C(=C)C(=C)CCCC(C)(C)O
myrcenylacetate,,,,,,,C(=C)C(=C)CCCC(C)(C)OC(=O)C
myricitrin,,,,,,,C[C@@H]1O[C@@H](Oc2c(oc3cc(O)cc(O)c3c2=O)c2cc(O)c(O)c(O)c2)[C@H](O)[C@H](O)[C@H]1O
myristaldehyde,,,,,,,CCCCCCCCCCCCCC=O
myristicin,,,,,,,c1(cc(c2c(c1)OCO2)OC)CC=C
myrtenal,myrtenal,BP-TZVP,000564-94-3,150.22,C10H14O,,O=CC1=CC[C@@H]2C[C@H]1C2(C)C
myrtenol,,,,,,,CC1(C)[C@H]2CC=C(CO)[C@@H]1C2
myrtenylacetate,,,,,,,C1(=CC[C@H]2C([C@@H]1C2)(C)C)COC(=O)C
"n'-(1,1-dimethylpropyl)-n,n-dimethylimidoformamide",,,,,,,CCC(C)(C)/N=C/N(C)C
"n'-(2-bromophenyl)-n,n-dimethylimidoformamide",,,,,,,Brc1ccccc1/N=C/N(C)C
"n'-(2-cyanoethyl)-n,n-dimethylimidoformamide",,,,,,,N#CCC/N=C/N(C)C
"n'-(2-methoxyethyl)-n,n-dimethylimidoformamide",,,,,,,COCC/N=C/N(C)C
"n'-(3,5-dichlorobenzyl)-n,n-dimethylimidoformamide",,,,,,,Clc1cc(C/N=C/N(C)C)cc(Cl)c1
"n'-(3,5-dinitrophenyl)-n,n-dimethylimidoformamide",,,,,,,CN(C)/C=N/c1cc(cc(c1)N(=O)=O)N(=O)=O
"n'-(3-chlorobenzyl)-n,n-dimethylimidoformamide",,,,,,,Clc1cc(C/N=C/N(C)C)ccc1
n'-(3-chlorophenyl)-n-phenylbenzenecarboximidamide,,,,,,,Clc1cc(ccc1)/N=C(\c1ccccc1)/Nc1ccccc1
"n'-(3-methoxybenzyl)-n,n-dimethylimidoformamide",,,,,,,COc1cc(C/N=C/N(C)C)ccc1
n'-(3-methoxyphenyl)-n-methyl-n-phenylbenzenecarboximidamide,,,,,,,COc1cc(ccc1)/N=C(\c1ccccc1)/N(C)c1ccccc1
n'-(3-nitrophenyl)-n-phenylbenzenecarboximidamide,,,,,,,O=N(=O)c1cc(ccc1)/N=C(\c1ccccc1)/Nc1ccccc1
"n'-(4-acetylphenyl)-n,n-dimethylimidoformamide",,,,,,,CC(=O)c1ccc(cc1)/N=C/N(C)C
"n'-(4-bromophenyl)-n,n-dimethylimidoformamide",,,,,,,Brc1ccc(cc1)/N=C/N(C)C
n'-(4-bromophenyl)-n-(4-methoxyphenyl)-n-methylbenzenecarboximidamide,,,,,,,COc1ccc(cc1)N(C)/C(=N/c1ccc(cc1)Br)/c1ccccc1
n'-(4-bromophenyl)-n-methyl-n-phenylbenzenecarboximidamide,,,,,,,Brc1ccc(cc1)/N=C(\c1ccccc1)/N(C)c1ccccc1
"n'-(4-chlorobenzyl)-n,n-dimethylimidoformamide",,,,,,,Clc1ccc(C/N=C/N(C)C)cc1
n'-(4-chlorophenyl)-n-phenylbenzenecarboximidamide,,,,,,,Clc1ccc(cc1)/N=C(\c1ccccc1)/Nc1ccccc1
"n'-(4-cyanophenyl)-n,n-dimethylimidoformamide",,,,,,,N#Cc1ccc(cc1)/N=C/N(C)C
"n'-(4-fluorophenyl)-n,n-dimethylimidoformamide",,,,,,,Fc1ccc(cc1)/N=C/N(C)C
n'-(4-fluorophenyl)-n-phenylbenzenecarboximidamide,,,,,,,Fc1ccc(cc1)/N=C(\c1ccccc1)/Nc1ccccc1
"n'-(4-methoxyphenyl)-n,n-dimethylimidoformamide",,,,,,,COc1ccc(cc1)/N=C/N(C)C
n'-(4-methoxyphenyl)-n-methyl-n-phenylbenzenecarboximidamide,,,,,,,COc1ccc(cc1)/N=C(\c1ccccc1)/N(C)c1ccccc1
n'-(methoxymethyl)methanediamine,,,,,,,COCNCN
"n'-adamantan-1-yl-n,n-dimethylimidoformamide",,,,,,,CN(C)/C=N/[C@@]12C[C@H]3C[C@@H](C1)C[C@H](C3)C2
"n'-allyl-n,n-dimethylimidoformamide",,,,,,,C=CC/N=C/N(C)C
"n'-benzyl-n,n-dimethylimidoformamide",,,,,,,CN(C)/C=N/Cc1ccccc1
"n'-cyclohexyl-n,n-dimethylimidoformamide",,,,,,,CN(C)/C=N/C1CCCCC1
"n'-cyclopropyl-n,n-dimethylimidoformamide",,,,,,,CN(C)/C=N/C1CC1
n'-ethyl-n'-methylmethanediamine,,,,,,,CCN(C)CN
"n'-ethyl-n,n'-dimethylmethanediamine",,,,,,,CCN(C)CNC
"n'-ethyl-n,n,n'-trimethylmethanediamine",,,,,,,CCN(C)CN(C)C
n'-ethyl-n-methylmethanediamine,,,,,,,CCNCNC
n'-ethylmethanediamine,,,,,,,CCNCN
"n'-isobutyl-n,n-dimethylimidoformamide",,,,,,,CC(C)C/N=C/N(C)C
"n'-isopropyl-n,n-dimethylimidoformamide",,,,,,,CC(C)/N=C/N(C)C
n'-methyl-n'-propan-2-ylmethanediamine,,,,,,,CC(C)N(C)CN
n'-methylmethanediamine,,,,,,,CNCN
n'-propan-2-ylmethanediamine,,,,,,,CC(C)NCN
"n'-tert-butyl-n,n-dimethylimidoformamide",,,,,,,CC(C)(C)/N=C/N(C)C
"n'-[4-(dimethylamino)phenyl]-n,n-dimethylimidoformamide",,,,,,,CN(C)c1ccc(cc1)/N=C/N(C)C
"n,2,2-tri(methyl)propan-1-amine",,,,,,,CC(C)(C)CNC
"n,2,3-trimethylbutan-2-amine",,,,,,,CC(C)C(C)(C)NC
"n,2-di(methyl)butan-1-amine",,,,,,,CC[C@@H](C)CNC
"n,2-di(methyl)propan-1-amine",,,,,,,CC(C)CNC
"n,2-dimethylaniline",,,,,,,N(c1c(cccc1)C)C
"n,2-dimethylpropan-2-amine",,,,,,,CNC(C)(C)C
"n,3-di(methyl)butan-1-amine",,,,,,,CC(C)CCNC
"n,3-dimethylaniline",,,,,,,N(c1cccc(C)c1)C
"n,3-dimethylpentan-3-amine",,,,,,,CCC(C)(CC)NC
"n,4-dihydroxybenzamide_anion1",,,,,,,c1cc(ccc1C(=O)[N]O)O
"n,4-dihydroxybenzamide_anion2",,,,,,,c1cc(ccc1C(=O)N[O])O
"n,4-dihydroxybenzamide",,,,,,,c1cc(ccc1C(=O)NO)O
"n,4-dimethylaniline",,,,,,,N(c1ccc(cc1)C)C
"n,6-dimethyl-5-hepten-2-amine",,,,,,,N([C@@H](CCC=C(C)C)C)C
"n,a-dimethylcyclopentaneethanamine",,,,,,,C1CCC(C1)[C@@H](C)CNC
"n,b-dimethylbenzeneethanamine",,,,,,,c1ccccc1[C@@H](C)CNC
"n,n',n'-trimethylmethanediamine",,,,,,,CNCN(C)C
"n,n'-bis(1,1-dimethylethyl)urea",,,,,,,N(C(C)(C)C)C(=O)NC(C)(C)C
"n,n'-bis(2-aminoethyl)-1,2-ethanediamine",,,,,,,NCCNCCNCCN
"n,n'-bis(4-bromophenyl)-n-methylbenzenecarboximidamide",,,,,,,Brc1ccc(cc1)/N=C(\c1ccccc1)/N(C)c1ccc(cc1)Br
"n,n'-bis(4-bromophenyl)benzenecarboximidamide",,,,,,,Brc1ccc(cc1)/N=C(\c1ccccc1)/Nc1ccc(cc1)Br
"n,n'-bis(4-chlorophenyl)imidoformamide",,,,,,,Clc1ccc(cc1)/N=C/Nc1ccc(cc1)Cl
"n,n'-bis(4-methylphenyl)imidoformamide",,,,,,,Cc1ccc(cc1)/N=C/Nc1ccc(cc1)C
"n,n'-bis(methylene)-methanediamine",,,,,,,C=NCN=C
"n,n'-bis(o-methoxyphenyl)terephthalamide",,,,,,,c1(c(cccc1)OC)NC(=O)c1ccc(cc1)C(=O)Nc1ccccc1OC
"n,n'-di-t-butylethylenediamine","N,N'-BIS(1,1-DIMETHYLETHYL)-1,2-ETHANEDIAMINE",BP-TZVP,004062-60-6,172.31,C10H24N2,,CC(C)(C)NCCNC(C)(C)C
"n,n'-dibenzylideneethylenediamine",,,,,,,c1c(cccc1)/C=N/CC/N=C/c1ccccc1
"n,n'-diethyl-1,2-ethanediamine",,,,,,,N(CCNCC)CC
"n,n'-diethylurea","N,N'-diethylurea",BP-TZVP,000623-76-7,116.16,C5H12N2O,,CCNC(=O)NCC
"n,n'-dimethyl-1,2-propanediamine",,,,,,,C[C@@H](CNC)NC
"n,n'-dimethyl-1,3-propanediamine",,,,,,,CNCCCNC
"n,n'-dimethyl-1,3-propanediamine_cation",,,,,,,CNCCC[NH2]C
"n,n'-dimethyl-n,n'-ethyleneurea",,,,,,,CN(C)C(=O)N1CC1
"n,n'-dimethylpiperazine",,,,,,,N1(C)CCN(C)CC1
"n,n'-dimethylthiourea","N,N'-DIMETHYLTHIOUREA",BP-TZVP,000534-13-4,104.17,C3H8N2S,,N(C(=S)NC)C
"n,n'-dimethylurea",,,,,,,CNC(=O)NC
"n,n'-diphenyl-1,4-benzenediamine",,,,,,,c1ccccc1Nc1ccc(cc1)Nc1ccccc1
"n,n'-diphenyl-urea",,,,,,,N(C(=O)Nc1ccccc1)c1ccccc1
"n,n'-diphenylbenzenecarboximidamide",,,,,,,c1ccc(cc1)/N=C(\c1ccccc1)/Nc1ccccc1
"n,n'-diphenylimidoformamide",,,,,,,c1ccc(cc1)/N=C/Nc1ccccc1
"n,n'-trimethylenethiourea",,,,,,,N1C(=S)NCCC1
"n,n,1,1-tetramethylboranamine",,,,,,,B(C)(C)N(C)C
"n,n,2,2-tetramethyl-2h-aziren-3-amine",,,,,,,CC1(C)[N][C]1N(C)C
"n,n,2,6-tetramethylbenzeneamine",,,,,,,c1(N(C)C)c(cccc1C)C
"n,n,2-trimethyl-1-butanamine",,,,,,,CC[C@@H](C)CN(C)C
"n,n,2-trimethyl-1-propanamine","N,N,2-TRIMETHYL-1-PROPANAMINE",BP-TZVP,007239-24-9,101.19,C6H15N,,N(CC(C)C)(C)C
"n,n,2-trimethylpropanamide",,,,,,,CC(C)C(=O)N(C)C
"n,n,3-trimethylbenzamide","Benzamide,N,N,3-trimethyl-",BP-TZVP,006935-65-5,163.22,C10H13NO,,c1(cc(ccc1)C(=O)N(C)C)C
"n,n,4-trimethylaniline",,,,,,,N(c1ccc(cc1)C)(C)C
"n,n,4-trimethylbenzamide","N,N,4-Trimethylbenzamide",BP-TZVP,014062-78-3,163.22,C10H13NO,,c1cc(ccc1C)C(=O)N(C)C
"n,n,4-trimethylbenzenecarbothioamide",,,,,,,Cc1ccc(cc1)C(=S)N(C)C
"n,n,4-trimethylbenzenesulfinamide",,,,,,,Cc1ccc(cc1)[S@@](=O)N(C)C
"n,n,5,5-tetramethyl-1,3,2-dioxaphosphinan-2-amine2-oxide",,,,,,,CC1(C)COP(=O)(OC1)N(C)C
"n,n,n',4-tetramethylbenzenecarboximidamide",,,,,,,Cc1ccc(cc1)/C(=N\C)/N(C)C
"n,n,n',n'-tetraethylmethanediamine",,,,,,,N(CC)(CC)CN(CC)CC
"n,n,n',n'-tetraethylsulfamide",,,,,,,CCN(CC)S(=O)(=O)N(CC)CC
"n,n,n',n'-tetramethyl-1,2-benzenediamine",,,,,,,N(c1c(N(C)C)cccc1)(C)C
"n,n,n',n'-tetramethyl-1,2-ethanediamine",,,,,,,CN(C)CCN(C)C
"n,n,n',n'-tetramethyl-1,2-ethanediamine_cation",,,,,,,CN(C)CC[NH](C)C
"n,n,n',n'-tetramethyl-1,3-butanediamine",,,,,,,C[C@@H](CCN(C)C)N(C)C
"n,n,n',n'-tetramethyl-1,3-butanediamine_cation",,,,,,,C[C@H]([NH](C)C)CCN(C)C
"n,n,n',n'-tetramethyl-1,3-propanediamine_cation",,,,,,,CN(C)CCC[NH](C)C
"n,n,n',n'-tetramethyl-1,4-butanediamine",,,,,,,N(CCCCN(C)C)(C)C
"n,n,n',n'-tetramethyl-1,4-butanediamine_cation",,,,,,,C[NH](C)CCCCN(C)C
"n,n,n',n'-tetramethyl-p-phenylenediamine",,,,,,,N(c1ccc(N(C)C)cc1)(C)C
"n,n,n',n'-tetramethylhexane-1,6-diamine",,,,,,,CN(C)CCCCCCN(C)C
"n,n,n',n'-tetramethylhydrazonoformamide",,,,,,,CN(C)[N][CH]N(C)C
"n,n,n',n'-tetramethylnaphthalene-1,8-diamine",,,,,,,CN(C)c1c2c(ccc1)cccc2N(C)C
"n,n,n'-trimethyl-4-nitrobenzenecarboximidamide",,,,,,,C/N=C(\c1ccc(cc1)N(=O)=O)/N(C)C
"n,n,n'-trimethylbenzenecarboximidamide",,,,,,,C/N=C(\c1ccccc1)/N(C)C
"n,n,n'-trimethylethanediamine",,,,,,,N(CCNC)(C)C
"n,n,n'-trimethylimidoformamide",,,,,,,C/N=C/N(C)C
"n,n,n,n,n-pentamethyl-n-isopropyl-guanidinium_cation",,,,,,,CN(C)[C](N(C)C(C)C)N(C)C
"n,n,n,n,n-pentamethyl-n-propyl-guanidinium_cation",,,,,,,[C](N(C)C)(N(CCC)C)N(C)C
"n,n,n,n-tetramethyl-n-ethylguanidinium_cation",,,,,,,CN([C](N(C)C)NCC)C
"n,n,n-tributylammoniumcyanamidate",,,,,,,CCCC[N](CCCC)(CCCC)[N]C#N
"n,n-(dimethyl)thiobenzamide",,,,,,,CN(C)C(=S)c1ccccc1
"n,n-bis(2-hydroxyethyl)ethylamine",,,,,,,OCCN(CCO)CC
"n,n-bis(2-hydroxyethyl)glycine",,,,,,,O=C(O)CN(CCO)CCO
"n,n-bis(3-phenoxy-2-hydroxypropyl)aniline",,,,,,,c1(ccccc1)OC[C@@H](O)CN(C[C@H](O)COc1ccccc1)c1ccccc1
"n,n-bis(3-phenoxy-2-hydroxypropyl)butylamine",,,,,,,CCCCN(C[C@@H](O)COc1ccccc1)C[C@H](O)COc1ccccc1
"n,n-bis(difluoromethyl)-1,1,2,2,2-pentafluoro-ethanamine",,,,,,,C(N(C(F)F)C(C(F)(F)F)(F)F)(F)F
"n,n-bis(fluoromethyl)ethanamine",,,,,,,CCN(CF)CF
"n,n-bis(trifluoromethyl)-2-trimethylsilylethanamine",,,,,,,C[Si](C)(C)CCN(C(F)(F)F)C(F)(F)F
"n,n-bis(trifluoromethyl)-ethanamine",,,,,,,CCN(C(F)(F)F)C(F)(F)F
"n,n-bis(trifluoromethyl)butan-1-amine",,,,,,,CCCCN(C(F)(F)F)C(F)(F)F
"n,n-di-2-propenyl-2-propen-1-amine",,,,,,,C=CCN(CC=C)CC=C
"n,n-dibutylformamide","n,n-dibutylformamide",BP-TZVP,000761-65-9,157.25,C9H19NO,,CCCCN(CCCC)C=O
"n,n-dicyclohexyl-2,2-dimethylpropanamide",,,,,,,CC(C)(C)C(=O)N(C1CCCCC1)C1CCCCC1
"n,n-dicyclohexyl-2-methylpropanamide",,,,,,,CC(C)C(=O)N(C1CCCCC1)C1CCCCC1
"n,n-dicyclohexylacetamide",,,,,,,CC(=O)N(C1CCCCC1)C1CCCCC1
"n,n-dicyclohexylpropanamide",,,,,,,CCC(=O)N(C1CCCCC1)C1CCCCC1
"n,n-diethyl-1,4-benzenediamine",,,,,,,N(c1ccc(N)cc1)(CC)CC
"n,n-diethyl-1-fluoroethanamine",,,,,,,CCN(CC)[C@@H](C)F
"n,n-diethyl-2,2,2-trifluoroacetamide",,,,,,,CCN(CC)C(=O)C(F)(F)F
"n,n-diethyl-2,2,2-trifluoroethanamine",,,,,,,CCN(CC)CC(F)(F)F
"n,n-diethyl-2-methylbenzenamine","n,n-diethyl-2-methylbenzenamine",BP-TZVP,000606-46-2,163.26,C11H17N,,N(c1c(cccc1)C)(CC)CC
"n,n-diethyl-2-nitroethenamine",,,,,,,CCN(CC)/C=C/N(=O)=O
"n,n-diethyl-4-((4-nitrophenyl)azo)benzeneamine",,,,,,,c1c(ccc(c1)N(=O)=O)[N][N]c1ccc(cc1)N(CC)CC
"n,n-diethyl-4-methoxybenzamide",,,,,,,COc1ccc(cc1)C(=O)N(CC)CC
"n,n-diethyl-4-methylbenzenamine",,,,,,,N(c1ccc(cc1)C)(CC)CC
"n,n-diethyl-4-nitroaniline",,,,,,,CCN(CC)c1ccc(cc1)N(=O)=O
"n,n-diethyl-4-nitrosoaniline",,,,,,,CCN(CC)c1ccc([N][O])cc1
"n,n-diethyl-benzeneamine",,,,,,,c1ccccc1N(CC)CC
"n,n-diethyl-n-(1-methylethyl)-2-propylammonium_cation",,,,,,,[N](CC)(CC)(C(C)C)C(C)C
"n,n-diethyl-n-methylethylammonium_cation",,,,,,,[N](C)(CC)(CC)CC
"n,n-diethylaniline_cation",,,,,,,c1ccccc1[NH](CC)CC
"n,n-diethylbenzamide",,,,,,,CCN(CC)C(=O)c1ccccc1
"n,n-diethylbutanamide","n,n-diethylbutanamide",BP-TZVP,001114-76-7,143.23,C8H17NO,,O=C(N(CC)CC)CCC
"n,n-diethylcyclohexanamine",,,,,,,N(C1CCCCC1)(CC)CC
"n,n-diethylethylenediamine",,,,,,,N(CCN)(CC)CC
"n,n-diethylformamide",,,,,,,C(=O)N(CC)CC
"n,n-diethylnicotinamide",,,,,,,CCN(CC)C(=O)c1cccnc1
"n,n-diethylpropanamide","n,n-diethylpropanamide",BP-TZVP,001114-51-8,129.2,C7H15NO,,O=C(N(CC)CC)CC
"n,n-diethylthiobenzamide",,,,,,,c1cc(ccc1)C(=S)N(CC)CC
"n,n-diethylurea",,,,,,,C(=O)(N(CC)CC)N
"n,n-diisopropyl-2,2-dimethylpropanamide",,,,,,,CC(C)N(C(C)C)C(=O)C(C)(C)C
"n,n-diisopropylacetamide",,,,,,,CC(C)N(C(C)C)C(=O)C
"n,n-diisopropylformamide",,,,,,,CC(C)N(C(C)C)C=O
"n,n-diisopropylisobutylamine",,,,,,,CC(C)CN(C(C)C)C(C)C
"n,n-diisopropylmethylamine",,,,,,,CC(C)N(C)C(C)C
"n,n-diisopropylpentan-3-amine",,,,,,,CCC(CC)N(C(C)C)C(C)C
"n,n-dimethyl-1,1,2,2-tetrafluoroethylamine",,,,,,,CN(C)C(C(F)F)(F)F
"n,n-dimethyl-1,1-ethanediamine",,,,,,,C[C@@H](N)N(C)C
"n,n-dimethyl-1,2-benzenediamine",,,,,,,N(c1c(N)cccc1)(C)C
"n,n-dimethyl-1,3-benzenediamine",,,,,,,N(c1cccc(N)c1)(C)C
"n,n-dimethyl-1,3-propanediamine_cation",,,,,,,CN(C)CCC[NH3]
"n,n-dimethyl-1-(methylideneamino)methanamine",,,,,,,CN(C)CN=C
"n,n-dimethyl-1-adamantanecarboxamide",,,,,,,C1[C@H]2C[C@H]3C[C@@]1(C[C@@H](C2)C3)C(=O)N(C)C
"n,n-dimethyl-1-butanamine",,,,,,,CCCCN(C)C
"n,n-dimethyl-1-[3-(trifluoromethyl)phenyl]methanamine",,,,,,,CN(C)Cc1cc(C(F)(F)F)ccc1
"n,n-dimethyl-1h-pyrrol-1-amine",,,,,,,CN(C)n1cccc1
"n,n-dimethyl-2-nitrobenzenamine",,,,,,,O=N(=O)c1c(N(C)C)cccc1
"n,n-dimethyl-2-nitroethenamine",,,,,,,CN(C)/C=C/N(=O)=O
"n,n-dimethyl-2-pyridinamine",,,,,,,n1ccccc1N(C)C
"n,n-dimethyl-3-chloropropylamine",,,,,,,ClCCCN(C)C
"n,n-dimethyl-3-nitrobenzeneamine",,,,,,,c1c(cc(cc1)N(=O)=O)N(C)C
"n,n-dimethyl-4-(phenylazo)-benzeneamine",,,,,,,[N]([N]c1ccccc1)c1ccc(cc1)N(C)C
"n,n-dimethyl-4-(trifluoromethyl)benzamide",,,,,,,FC(F)(F)c1ccc(cc1)C(=O)N(C)C
"n,n-dimethyl-4-nitrobenzamide",,,,,,,N(C(=O)c1ccc(cc1)N(=O)=O)(C)C
"n,n-dimethyl-4-nitrobenzeneamine",,,,,,,c1cc(ccc1N(C)C)N(=O)=O
"n,n-dimethyl-4-nitrosobenzeneamine",,,,,,,CN(C)c1ccc([N][O])cc1
"n,n-dimethyl-4-pyridinamine_cation",,,,,,,CN(C)C1=C[CH]NC=C1
"n,n-dimethyl-m-toluidine",,,,,,,N(c1cccc(C)c1)(C)C
"n,n-dimethyl-methanediamine",,,,,,,CN(C)CN
"n,n-dimethyl-n'-(2,2,2-trifluoroethyl)imidoformamide",,,,,,,FC(F)(F)C/N=C/N(C)C
"n,n-dimethyl-n'-(2-methylphenyl)imidoformamide",,,,,,,Cc1ccccc1/N=C/N(C)C
"n,n-dimethyl-n'-(4-methylbenzyl)imidoformamide",,,,,,,Cc1ccc(C/N=C/N(C)C)cc1
"n,n-dimethyl-n'-(4-methylphenyl)imidoformamide",,,,,,,Cc1ccc(cc1)/N=C/N(C)C
"n,n-dimethyl-n'-(4-nitrophenyl)imidoformamide",,,,,,,CN(C)/C=N/c1ccc(cc1)N(=O)=O
"n,n-dimethyl-n'-cyanoformamidine",,,,,,,CN(C)/C=N/C#N
"n,n-dimethyl-n'-phenyl-thiourea",,,,,,,C(=S)(Nc1ccccc1)N(C)C
"n,n-dimethyl-n'-phenylimidoformamide",,,,,,,CN(C)/C=N/c1ccccc1
"n,n-dimethyl-n'-phenylsulfonylformamidine",,,,,,,CN(C)/C=N/S(=O)(=O)c1ccccc1
"n,n-dimethyl-n'-prop-2-yn-1-ylimidoformamide",,,,,,,C#CC[N][CH]N(C)C
"n,n-dimethyl-n'-propylimidoformamide",,,,,,,CCC/N=C/N(C)C
"n,n-dimethyl-n'-[3-(trifluoromethyl)benzyl]imidoformamide",,,,,,,FC(F)(F)c1cc(C/N=C/N(C)C)ccc1
"n,n-dimethyl-n'-[4-(trifluoromethyl)phenyl]imidoformamide",,,,,,,FC(F)(F)c1ccc(cc1)/N=C/N(C)C
"n,n-dimethyl-n-octadecyl-1-octadecylammonium_cation",,,,,,,[N](C)(C)(CCCCCCCCCCCCCCCCCC)CCCCCCCCCCCCCCCCCC
"n,n-dimethyl-neopentylamine",,,,,,,CC(C)(C)CN(C)C
"n,n-dimethyl-o-toluidine","n,n-dimethyl-o-toluidine",BP-TZVP,000609-72-3,135.21,C9H13N,,N(c1c(cccc1)C)(C)C
"n,n-dimethyl-p-phenylenediamine",,,,,,,N(c1ccc(N)cc1)(C)C
"n,n-dimethyl-propanediamine",,,,,,,CC[C@@H](N)N(C)C
"n,n-dimethyl-thiourea",,,,,,,NC(=S)N(C)C
"n,n-dimethyl4-methoxybenzamide",,,,,,,c1cc(ccc1C(=O)N(C)C)OC
"n,n-dimethylacetamide",,,,,,,O=C(C)N(C)C
"n,n-dimethylamino-2,4,6-heptatriene-7al",,,,,,,CN(C)/C=C/C=C/C=C/C=O
"n,n-dimethylamino-2,4-pentadiene-5-al",,,,,,,CN(C)/C=C/C=C/C=O
"n,n-dimethylaniline",,,,,,,N(c1ccccc1)(C)C
"n,n-dimethylaniline_cation",,,,,,,[NH](c1ccccc1)(C)C
"n,n-dimethylbenzamide",,,,,,,N(C(=O)c1ccccc1)(C)C
"n,n-dimethylbenzenesulfinamide",,,,,,,CN(C)[S@](=O)c1ccccc1
"n,n-dimethylbenzylamine",,,,,,,N(Cc1ccccc1)(C)C
"n,n-dimethylbenzylamine_cation",,,,,,,[NH](Cc1ccccc1)(C)C
"n,n-dimethylbutanamide",,,,,,,C(=O)(N(C)C)CCC
"n,n-dimethylcyclohexylamine",,,,,,,N(C1CCCCC1)(C)C
"n,n-dimethylcyclohexylamine_cation",,,,,,,[NH](C1CCCCC1)(C)C
"n,n-dimethyldecanamid",,,,,,,CCCCCCCCCC(=O)N(C)C
"n,n-dimethyldodecananamide",,,,,,,CCCCCCCCCCCC(=O)N(C)C
"n,n-dimethylethanethioamide",,,,,,,CN(C)C(=S)C
"n,n-dimethylethylenediamine",,,,,,,CN(C)CCN
"n,n-dimethylheptanamide",,,,,,,CCCCCCC(=O)N(C)C
"n,n-dimethylhexadecananamide",,,,,,,CCCCCCCCCCCCCCCC(=O)N(C)C
"n,n-dimethylhexanamide",,,,,,,CCCCCC(=O)N(C)C
"n,n-dimethylhydroxylamine_cation",,,,,,,C[NH](O)C
"n,n-dimethylisopropylamine",,,,,,,CN(C)C(C)C
"n,n-dimethylmethanesulfinamide",,,,,,,CN(C)[S@](=O)C
"n,n-dimethylmethanesulfonamide",,,,,,,CN(C)S(=O)(=O)C
"n,n-dimethylnonanamide",,,,,,,CCCCCCCCC(=O)N(C)C
"n,n-dimethylo-anisidine",,,,,,,COc1ccccc1N(C)C
"n,n-dimethyloctanamide",,,,,,,CCCCCCCC(=O)N(C)C
"n,n-dimethylp-chlorobenzamide",,,,,,,c1(ccc(cc1)Cl)C(=O)N(C)C
"n,n-dimethylpentadecananamide",,,,,,,CCCCCCCCCCCCCCC(=O)N(C)C
"n,n-dimethylpentanamide",,,,,,,CCCCC(=O)N(C)C
"n,n-dimethylpivalamide",,,,,,,CN(C)C(=O)C(C)(C)C
"n,n-dimethylprop-2-en-1-amine",,,,,,,CN(C)CC=C
"n,n-dimethylprop-2-yn-1-amine",,,,,,,CN(C)CC#C
"n,n-dimethylpropanamide",,,,,,,C(=O)(N(C)C)CC
"n,n-dimethylsilanamine",,,,,,,CN(C)[SiH3]
"n,n-dimethyltetradecanamide",,,,,,,CCCCCCCCCCCCCC(=O)N(C)C
"n,n-dimethylthioformamide",,,,,,,C(=S)N(C)C
"n,n-dimethyltridecananamide",,,,,,,CCCCCCCCCCCCC(=O)N(C)C
"n,n-dimethylundecananamide",,,,,,,CCCCCCCCCCC(=O)N(C)C
"n,n-dimethylurea",,,,,,,N(C(=O)N)(C)C
"n,n-dioctyl-1-octanamine","N,N-DIOCTYL-1-OCTANAMINE",BP-TZVP,001116-76-3,353.67,C24H51N,,CCCCCCCCN(CCCCCCCC)CCCCCCCC
"n,n-dipentyl-1-pentanamine",,,,,,,CCCCCN(CCCCC)CCCCC
"n,n-diphenylacetamide",,,,,,,c1(ccccc1)N(c1ccccc1)C(=O)C
"n,n-diphenylbenzamide",,,,,,,O=C(c1ccccc1)N(c1ccccc1)c1ccccc1
"n,n-diphenylbenzeneamine",,,,,,,N(c1ccccc1)(c1ccccc1)c1ccccc1
"n,n-diphenylformamide",,,,,,,O=CN(c1ccccc1)c1ccccc1
"n,n-diprop-2-yn-1-ylprop-2-yn-1-amine",,,,,,,C#CCN(CC#C)CC#C
"n,n-dipropyl-1-propanamine",,,,,,,CCCN(CCC)CCC
"n,n-dipropylacetamide","n,n-dipropylacetamide",BP-TZVP,001116-24-1,143.23,C8H17NO,,O=C(N(CCC)CCC)C
"n,o-dimethylcarbamate",,,,,,,CNC(=O)OC
"n-(1,1-dimethylethyl)-formamide","N-(1,1-DIMETHYLETHYL)-FORMAMIDE",BP-TZVP,002425-74-3,101.15,C5H11NO,,CC(C)(C)NC=O
n-(1-methylethyl)-benzenemethanamine,,,,,,,N(Cc1ccccc1)C(C)C
n-(1-methylethyl)benzeneamine,,,,,,,N(c1ccccc1)C(C)C
n-(1-methylethylidene)-methanamine,,,,,,,CC(=NC)C
"n-(2,2-dimethylpropylidene)-2-methylpropan-1-amine",,,,,,,CC(C)C/N=C/C(C)(C)C
"n-(2,3,5,6-tetrafluorophenyl)-pentafluoroaniline_anion",,,,,,,Fc1cc(F)c(F)c([N]c2c(F)c(F)c(F)c(F)c2F)c1F
"n-(2,3,5,6-tetrafluorophenyl)-pentafluoroaniline",,,,,,,Fc1cc(F)c(F)c(Nc2c(F)c(F)c(F)c(F)c2F)c1F
"n-(2-aminoethyl)-1,2-ethanediamine","N-(2-AMINOETHYL)-1,2-ETHANEDIAMINE",BP-TZVP,000111-40-0,103.17,C4H13N3,,NCCNCCN
n-(2-cyanoethyl)glycine,,,,,,,N#CCCNCC(=O)O
n-(2-fluoroethyl)-2-methylpropan-2-amine,,,,,,,CC(C)(C)NCCF
"n-(2-fluoroethyl)-n,2-dimethylpropan-2-amine",,,,,,,CC(C)(C)N(C)CCF
n-(2-fluoroethyl)-n-methylpropan-2-amine,,,,,,,CC(C)N(C)CCF
n-(2-fluoroethyl)propan-2-amine,,,,,,,CC(C)NCCF
"n-(2-hydroxyethyl)-n,n-dimethylbenzenmethylammonium_cation",,,,,,,[N](C)(C)(Cc1ccccc1)CCO
n-(2-meoh)-n-me-nonafluorobutanesulfonamide,,,,,,,C(C(C(C(S(=O)(=O)N(C)CCO)(F)F)(F)F)(F)F)(F)(F)F
n-(2-methylbutyl)methanimine,,,,,,,CC[C@@H](C)CN=C
n-(2-methylphenyl)-acetamide,,,,,,,C(=O)(Nc1c(C)cccc1)C
n-(2-methylphenyl)formamide,n-(2-methylphenyl)formamide,BP-TZVP,000094-69-9,135.16,C8H9NO,,O=CNc1c(cccc1)C
n-(2-methylpropyl)-n-nitroso-urea,,,,,,,N(C(=O)N)(N=O)CC(C)C
n-(2-methylpropylidene)propan-2-amine,,,,,,,CC(C)/N=C/C(C)C
"n-(3-aminopropyl)-n-methyl-1,3-propanediamine",,,,,,,N(CCCN)(CCCN)C
n-(3-fluorobenzyl)-n-methylethananamine,,,,,,,CCN(C)Cc1cccc(c1)F
n-(3-hydroxypropyl)pyridinium_cation,,,,,,,N1([CH]C=CC=C1)CCCO
n-(3-methylbutan-2-yl)methanimine,,,,,,,CC(C)[C@@H](C)N=C
n-(3-methylbutyl)methanimine,,,,,,,CC(C)CCN=C
n-(3-methylphenyl)-n'-phenylbenzenecarboximidamide,,,,,,,Cc1cc(ccc1)N/C(=N/c1ccccc1)/c1ccccc1
n-(3-phenoxy-2-hydroxypropyl)-butylamine,,,,,,,c1cccc(c1)OC[C@@H](CNCCCC)O
n-(3-phenylprop-2-en-1-ylidene)propan-2-amine,,,,,,,CC(C)/N=C/C=C/c1ccccc1
n-(3-sulfopropyl)pyridinium_cation,,,,,,,[CH]1C=CC=CN1CCCS(O)([O])[O]
n-(4-bromophenyl)-n-methyl-n'-(4-methylphenyl)benzenecarboximidamide,,,,,,,Cc1ccc(cc1)/N=C(\c1ccccc1)/N(C)c1ccc(cc1)Br
n-(4-chlorophenyl)-pentafluoroaniline_anion,,,,,,,Fc1c(F)c(F)c([N]c2c(F)c(F)c(Cl)c(F)c2F)c(F)c1F
n-(4-chlorophenyl)-pentafluoroaniline,,,,,,,Fc1c(F)c(F)c(Nc2c(F)c(F)c(Cl)c(F)c2F)c(F)c1F
n-(4-dimethylaminotetrafluorophenyl)-pentafluoroaniline_anion,,,,,,,CN(C)c1c(F)c(F)c([N]c2c(F)c(F)c(F)c(F)c2F)c(F)c1F
n-(4-dimethylaminotetrafluorophenyl)-pentafluoroaniline,,,,,,,CN(C)c1c(F)c(F)c(Nc2c(F)c(F)c(F)c(F)c2F)c(F)c1F
n-(4-formylphenyl)-acetamide,,,,,,,C(=O)(Nc1ccc(cc1)C=O)C
n-(4-methoxyphenyl)-n-methyl-n'-(4-methylphenyl)benzenecarboximidamide,,,,,,,COc1ccc(cc1)N(C)/C(=N/c1ccc(cc1)C)/c1ccccc1
n-(4-methylphenyl)-4-aminotetrafluoropyridine_anion,,,,,,,Cc1ccc([N]c2c(F)c(F)nc(F)c2F)cc1
n-(4-methylphenyl)-4-aminotetrafluoropyridine,,,,,,,Cc1ccc(Nc2c(F)c(F)nc(F)c2F)cc1
n-(4-methylphenyl)-n'-phenylbenzenecarboximidamide,,,,,,,Cc1ccc(cc1)N/C(=N/c1ccccc1)/c1ccccc1
n-(4-nitronaphtalene)-pentafluoroaniline_anion,,,,,,,O=N(=O)c1ccc([N]c2c(F)c(F)c(F)c(F)c2F)c2ccccc12
n-(4-nitronaphtalene)-pentafluoroaniline,,,,,,,O=N(=O)c1ccc(Nc2c(F)c(F)c(F)c(F)c2F)c2ccccc12
n-(4-trifluoromethyltetrafluorophenyl)-pentafluoroaniline_anion,,,,,,,Fc1c(F)c(F)c([N]c2c(F)c(F)c(C(F)(F)F)c(F)c2F)c(F)c1F
n-(4-trifluoromethyltetrafluorophenyl)-pentafluoroaniline,,,,,,,Fc1c(F)c(F)c(Nc2c(F)c(F)c(C(F)(F)F)c(F)c2F)c(F)c1F
n-(aminocarbonyl)-acetamide,,,,,,,CC(=O)NC(=O)N
"n-(difluoromethyl)-1,1,1-trifluoro-methanamine",,,,,,,C(NC(F)(F)F)(F)F
"n-(difluoromethyl)-1,1,1-trifluoro-n-(fluoromethyl)methanamine",,,,,,,C(N(C(F)F)C(F)(F)F)F
n-(difluoromethyl)-n-ethyl-ethanamine,,,,,,,CCN(CC)C(F)F
n-(difluoromethyl)butan-1-amine,,,,,,,CCCCNC(F)F
n-(difluoromethyl)ethanamine,,,,,,,CCNC(F)F
n-(fluoromethyl)butan-1-amine,,,,,,,CCCCNCF
n-(fluoromethyl)ethenamine,,,,,,,[CH2]/C=[NH]/CF
"n-(hexa-2,4-dien-1-ylidene)propan-2-amine",,,,,,,CC(C)/N=C/C=C/C=C/C
n-(methoxymethyl)-n-methylethanamine,,,,,,,CCN(C)COC
n-(methoxymethyl)ethanamine,,,,,,,CCNCOC
n-(methoxymethyl)methanimine,,,,,,,COCN=C
n-(methoxymethyl)propan-2-amine,,,,,,,CC(C)NCOC
n-(methylamino)carbonylacetamide,,,,,,,O=C(NC(=O)C)NC
n-(p-tolylsulfonylimino(dimethyl)-l4-sulfane,,,,,,,Cc1ccc(cc1)S(=O)(=O)[N][S](C)C
n-(pentafluorophenyl)-pentafluoroaniline_anion,,,,,,,Fc1c(F)c(F)c([N]c2c(F)c(F)c(F)c(F)c2F)c(F)c1F
n-(pentafluorophenyl)-pentafluoroaniline,,,,,,,Fc1c(F)c(F)c(Nc2c(F)c(F)c(F)c(F)c2F)c(F)c1F
n-(phenylmethylene)-benzeneamine-n-oxide,,,,,,,[CH](N([O])c1ccccc1)c1ccccc1
n-(phenylmethylene)-benzeneamine,,,,,,,N(=C\c1ccccc1)/c1ccccc1
n-(phenylmethylene)methanamine,,,,,,,N(=C\c1ccccc1)/C
n-(phenylsulfonyl)-benzenesulfonamide_anion,,,,,,,O=S(=O)([N]S(=O)(=O)c1ccccc1)c1ccccc1
n-(phenylsulfonyl)-benzenesulfonamide,,,,,,,O=S(=O)(NS(=O)(=O)c1ccccc1)c1ccccc1
n-(tetrafluoro-4-methylphenyl)-pentafluoroaniline_anion,,,,,,,Cc1c(F)c(F)c([N]c2c(F)c(F)c(F)c(F)c2F)c(F)c1F
n-(tetrafluoro-4-methylphenyl)-pentafluoroaniline,,,,,,,Cc1c(F)c(F)c(Nc2c(F)c(F)c(F)c(F)c2F)c(F)c1F
n-(trifluoromethoxymethyl)methanimine,,,,,,,C=NCOC(F)(F)F
n-(trifluoromethyl)ethanamine,,,,,,,CCNC(F)(F)F
n-(trifluoromethyl)propan-1-amine,,,,,,,CCCNC(F)(F)F
n-2-propenyl-2-propen-1-amine,,,,,,,C=CCNCC=C
n-9-anthracenylacetamide,,,,,,,c12c(cccc1)c(c1c(c2)cccc1)NC(=O)C
n-acetyl-d-leucineamide,,,,,,,N([C@@H](CC(C)C)C(=O)N)C(=O)C
n-acetyl-l-alanineamide,,,,,,,N([C@@H](C(=O)N)C)C(=O)C
n-acetyl-l-cysteine,n-acetyl-l-cysteine,BP-TZVP,000616-91-1,163.2,C5H9NO3S,,O=C(N[C@@H](C(=O)O)CS)C
n-acetyl-l-methionine,,,,,,,CSCC[C@@H](NC(=O)C)C(=O)O
n-acetyl-n-methylacetamide,,,,,,,O=C(N(C(=O)C)C)C
n-acetyl-n-phenylacetamide,,,,,,,C(=O)(N(C(=O)C)c1ccccc1)C
n-acetylglycineamide,,,,,,,NC(=O)CNC(=O)C
n-acetylglycine,,,,,,,C(=O)(NCC(=O)O)C
n-acetyll-valinamide,,,,,,,CC(C)[C@@H](NC(=O)C)C(=O)N
n-acetylthiourea,,,,,,,O=C(NC(=N)S)C
n-allylaniline,,,,,,,C=CCNc1ccccc1
n-allylpiperidine,,,,,,,N1(CCCCC1)CC=C
n-allylpiperidine_cation,,,,,,,[NH]1(CCCCC1)CC=C
n-benzyl-1-phenylmethanamine,,,,,,,N(Cc1ccccc1)Cc1ccccc1
n-benzyl-n-methylethanamine,,,,,,,CCN(C)Cc1ccccc1
n-benzylacetamide,,,,,,,CC(=O)NCc1ccccc1
n-bromoacetamide,,,,,,,O=C(NBr)C
n-bucooh,,,,,,,CCCCC(=O)O
n-butyl-2-pyrrolidinone,,,,,,,CCCCN1CCCC1=O
n-butyl-9-hydroxyfluorene-9-carboxylate,,,,,,,c12ccccc1-c1ccccc1C2(O)C(=O)OCCCC
n-butyl-benzothiazolium_cation,,,,,,,c1ccc2N([CH]Sc2c1)CCCC
n-butyl-isoquinolinium_cation,,,,,,,C1=C[C]2C(=CN(C=C2)CCCC)C=C1
n-butyl-n-(2-propynyl)-s-ethylcarbamothioicacid,,,,,,,CCCCN(C(=O)SCC)CC#C
n-butyl-n-phenylcarbamate,,,,,,,c1(ccccc1)NC(=O)OCCCC
"n-butyl-n-propyl-n,n-dimethylammonium_cation",,,,,,,CCCC[N](CCC)(C)C
n-butylacetamide,,,,,,,O=C(NCCCC)C
n-butylacetate,"ACETICACID,BUTYLESTER",BP-TZVP,000123-86-4,116.16,C6H12O2,,O=C(OCCCC)C
n-butylaniline,,,,,,,c1ccc(cc1)NCCCC
n-butylbenzenehydroperoxide,,,,,,,c1c(CCCCOO)cccc1
n-butyldimethylchlorosilane,,,,,,,Cl[Si](CCCC)(C)C
n-butylethylsulfide,ETHYLBUTYLSULFIDE,BP-TZVP,000638-46-0,118.24,C6H14S,,S(CC)CCCC
n-butylhydroperoxide,,,,,,,OOCCCC
n-butylpropionate,BUTYLPROPIONATE,BP-TZVP,000590-01-2,130.19,C7H14O2,,O=C(OCCCC)CC
n-butylpyrrolidine,,,,,,,C1CCCN1CCCC
n-butylthiocyanate,"THIOCYANICACID,BUTYLESTER",BP-TZVP,000628-83-1,115.2,C5H9NS,,N#CSCCCC
n-chloro-2-propanamine,,,,,,,N(C(C)C)Cl
n-chloro-methanamine,n-chloro-methanamine,BP-TZVP,006154-14-9,65.5,CH4ClN,,ClNC
n-chloro-p-toluenesulfonamide_anion,,,,,,,Cc1ccc(cc1)S(=O)(=O)[N]Cl
n-chloro-p-toluenesulfonamide,,,,,,,Cc1ccc(cc1)S(=O)(=O)NCl
n-chlorosuccinimide,,,,,,,O=C1N(C(=O)CC1)Cl
n-crotylacetate,,,,,,,C/C=C/COC(=O)C
n-cyclohexyl-n-ethylcyclohexanamine,,,,,,,CCN(C1CCCCC1)C1CCCCC1
n-cyclohexylcyclohexaneamine,N-CYCLOHEXYLCYCLOHEXANEAMINE,BP-TZVP,000101-83-7,181.32,C12H23N,,N(C1CCCCC1)C1CCCCC1
n-cyclohexylformamide,,,,,,,C(=O)NC1CCCCC1
n-decane,,,,,,,CCCCCCCCCC
n-decanoylmorpholine,,,,,,,CCCCCCCCCC(=O)N1CCOCC1
n-decyl-2-pyrrolidinone,,,,,,,CCCCCCCCCCN1CCCC1=O
n-decyl-benzothiazolium_cation,,,,,,,c1ccc2N([CH]Sc2c1)CCCCCCCCCC
"n-decyl-n,n-dimethyl-1-decylammonium_cation",,,,,,,[N](C)(C)(CCCCCCCCCC)CCCCCCCCCC
n-decylcyclopentane,,,,,,,C1CCC(C1)CCCCCCCCCC
n-dibutyl-n-dimethy-n-diheptyl-guanidinium_cation,,,,,,,N(C)(C)[C](N(CCCC)CCCC)N(CCCCCCC)CCCCCCC
n-diethyl-n-dimethyl-n-dihexyl-guanidinium_cation,,,,,,,N(C)(C)[C](N(CC)CC)N(CCCCCC)CCCCCC
n-dimethyl-n-piperidinyl-n-dihexyl-guanidinium_cation,,,,,,,N(C)(C)[C](N1CCCCC1)N(CCCCCC)CCCCCC
n-dimethyl-n-pyrrolidinyl-n-diethyl-guanidinium_cation,,,,,,,N(C)(C)[C](N1CCCC1)N(CC)CC
n-dimethyl-n-pyrrolidinyl-n-dihexyl-guanidinium_cation,,,,,,,N(C)(C)[C](N1CCCC1)N(CCCCCC)CCCCCC
n-dodecyl-2-pyrrolidinone,,,,,,,CCCCCCCCCCCCN1CCCC1=O
n-dodecyl-benzothiazolium_cation,,,,,,,c1ccc2N([CH]Sc2c1)CCCCCCCCCCCC
n-dodecylcyclopentane,N-DODECYLCYCLOPENTANE,BP-TZVP,005634-30-0,238.45,C17H34,,C1CCC(C1)CCCCCCCCCCCC
n-ethyl-1-methoxyethanamine,,,,,,,CCN[C@@H](C)OC
n-ethyl-1-propanamine,,,,,,,N(CCC)CC
"n-ethyl-2,2,2-trifluoro-n-methylethanamine",,,,,,,CCN(C)CC(F)(F)F
"n-ethyl-2,2,3,3,3-pentafluoropropan-1-amine",,,,,,,CCNCC(C(F)(F)F)(F)F
"n-ethyl-2,2-difluoro-ethanamine",,,,,,,CCNCC(F)F
"n-ethyl-2,3-difluoropropan-1-amine",,,,,,,CCNC[C@@H](CF)F
n-ethyl-2-butanamine,,,,,,,CC[C@@H](C)NCC
n-ethyl-2-dimethylaminoethylamine,,,,,,,N(CCNCC)(C)C
n-ethyl-2-fluoro-ethanamine,,,,,,,CCNCCF
n-ethyl-2-fluoro-n-methylethanamine,,,,,,,CCN(C)CCF
"n-ethyl-2-hydroxy-n,n-dimethylethylammonium_cation",,,,,,,[N](C)(C)(CC)CCO
n-ethyl-2-methoxyethanamine,,,,,,,COCCNCC
n-ethyl-2-methyl-2-propen-1-amine,,,,,,,CC(=C)CNCC
n-ethyl-2-methylbenzenamine,,,,,,,N(c1c(cccc1)C)CC
n-ethyl-2-methylpropan-1-amine,,,,,,,CC(C)CNCC
n-ethyl-2-methylpropan-2-amine,,,,,,,CC(C)(C)NCC
"n-ethyl-3,3,3-trifluoro-n-methylpropan-1-amine",,,,,,,CCN(C)CCC(F)(F)F
"n-ethyl-3,3,3-trifluoropropan-1-amine",,,,,,,CCNCCC(F)(F)F
n-ethyl-3-fluoro-n-methylpropan-1-amine,,,,,,,CCN(C)CCCF
n-ethyl-3-fluoropropan-1-amine,,,,,,,CCNCCCF
n-ethyl-3-methylbenzenamine,,,,,,,N(c1cccc(C)c1)CC
n-ethyl-4-methylbenzenamine,,,,,,,N(c1ccc(cc1)C)CC
n-ethyl-4-nitrobenzenamine,,,,,,,N(=O)(=O)c1ccc(cc1)NCC
n-ethyl-benzothiazolium_cation,,,,,,,c1ccc2N([CH]Sc2c1)CC
n-ethyl-morpholine,,,,,,,N1(CC)CCOCC1
"n-ethyl-n',n'-dimethylmethanediamine",,,,,,,CCNCN(C)C
"n-ethyl-n,2-dimethylpropan-2-amine",,,,,,,CC(C)(C)N(C)CC
n-ethyl-n-butylamine,,,,,,,N(CCCC)CC
n-ethyl-n-hydroxyethanamine,,,,,,,CCN(O)CC
n-ethyl-n-methyl-n-(1-methylethyl)-2-propylammonium_cation,,,,,,,[N](C)(CC)(C(C)C)C(C)C
n-ethyl-n-methylbenzenamine,,,,,,,N(c1ccccc1)(CC)C
n-ethyl-n-nitrosourea,,,,,,,N(C(=O)N)(N=O)CC
n-ethyl-n-phenylacetamide,,,,,,,O=C(N(c1ccccc1)CC)C
n-ethyl-n-[(trimethylsilyl)methyl]-ethanamine,,,,,,,CCN(CC)C[Si](C)(C)C
n-ethylacetamide,"acetamide,n-ethyl-",BP-TZVP,000625-50-3,87.12,C4H9NO,,O=C(NCC)C
n-ethylaniline,N-ETHYLANILINE,BP-TZVP,000103-69-5,121.18,C8H11N,,c1cccc(c1)NCC
n-ethylaniline_cation,,,,,,,c1cccc(c1)[NH2]CC
n-ethyldiisopropylamine,,,,,,,N(C(C)C)(C(C)C)CC
n-ethylethylenediamine,,,,,,,N(CCN)CC
n-ethylisopropylamine,,,,,,,N(C(C)C)CC
n-ethylmaleimide,,,,,,,CCN1C(=O)C=CC1=O
n-ethylpropan-2-imine,,,,,,,CCN=C(C)C
n-formylethylamine,,,,,,,O=CNCC
n-formylglycine,N-FORMYLGLYCINE,BP-TZVP,002491-15-8,103.08,C3H5NO3,,O=C(O)CNC=O
n-formylmorpholine,,,,,,,N1(C=O)CCOCC1
n-furfurylpyrrole,,,,,,,C(n1cccc1)c1occc1
n-glycylglycine,,,,,,,O=C(NCC(=O)[O])C[NH3]
n-heptane,,,,,,,CCCCCCC
n-heptanoicacid,,,,,,,O=C(CCCCCC)O
n-heptyl-2-pyrrolidinone,,,,,,,O=C1CCCN1CCCCCCC
n-heptylamine_cation,,,,,,,C(CCCCC[NH3])C
n-heptylbenzene,HEPTYLBENZENE,BP-TZVP,001078-71-3,176.3,C13H20,,c1c(cccc1)CCCCCCC
n-heptylcyclopentane,,,,,,,C1CCC(C1)CCCCCCC
n-hepyl-benzothiazolium_cation,,,,,,,c1ccc2N([CH]Sc2c1)CCCCCCC
n-hexadecane,N-HEXADECANE,BP-TZVP,000544-76-3,226.44,C16H34,,CCCCCCCCCCCCCCCC
n-hexadecyl-2-pyrrolidinone,,,,,,,CCCCCCCCCCCCCCCCN1CCCC1=O
"n-hexadecyl-n,n-dimethylbenzenemethylammonium_cation",,,,,,,[N](C)(C)(Cc1ccccc1)CCCCCCCCCCCCCCCC
n-hexadecylcyclopentane,,,,,,,C1CCC(C1)CCCCCCCCCCCCCCCC
n-hexanoicacid_anion,,,,,,,[O]C(=O)CCCCC
n-hexanoicacid,,,,,,,O=C(CCCCC)O
n-hexatriacontane,n-HEXATRIACONTANE,BP-TZVP,000630-06-8,506.98,C36H74,,CCCCCCCCCCCCCCCCCCCCCCCCCCCCCCCCCCCC
n-hexyl-2-pyrrolidinone,,,,,,,CCCCCCN1CCCC1=O
n-hexyl-benzothiazolium_cation,,,,,,,c1ccc2N([CH]Sc2c1)CCCCCC
"n-hexyl-n,n,n-triethylammonium_cation",,,,,,,[N](CCCCCC)(CC)(CC)CC
n-hexylacetate,ACETICACIDHEXYLESTER,BP-TZVP,000142-92-7,144.21,C8H16O2,,O=C(OCCCCCC)C
n-hexylamine_cation,,,,,,,CCCCCC[NH3]
n-hexylcyclopentane,,,,,,,C1CCC(C1)CCCCCC
n-hydroxy-2-nitrobenzamide_anion1,,,,,,,O=N(=O)c1ccccc1C(=O)[N]O
n-hydroxy-2-nitrobenzamide_anion2,,,,,,,O=N(=O)c1ccccc1C(=O)N[O]
n-hydroxy-2-nitrobenzamide,,,,,,,O=N(=O)c1ccccc1C(=O)NO
n-hydroxy-3-nitrobenzamide_anion1,,,,,,,c1cc(cc(c1)N(=O)=O)C(=O)[N]O
n-hydroxy-3-nitrobenzamide_anion2,,,,,,,c1cc(cc(c1)N(=O)=O)C(=O)N[O]
n-hydroxy-3-nitrobenzamide,,,,,,,c1cc(cc(c1)N(=O)=O)C(=O)NO
n-hydroxy-4-methylbenzenamine,n-hydroxy-4-methylbenzenamine,BP-TZVP,000623-10-9,123.15,C7H9NO,,ONc1ccc(cc1)C
n-hydroxy-4-nitrobenzamide_anion1,,,,,,,c1cc(ccc1C(=O)[N]O)N(=O)=O
n-hydroxy-4-nitrobenzamide_anion2,,,,,,,c1cc(ccc1C(=O)N[O])N(=O)=O
n-hydroxy-4-nitrobenzamide,,,,,,,c1cc(ccc1C(=O)NO)N(=O)=O
n-hydroxy-n-methyl-methanamin,,,,,,,CN(O)C
n-hydroxyformamide_anion1,,,,,,,C(=O)[N]O
n-hydroxyformamide_anion2,,,,,,,C(=O)N[O]
n-hydroxyformamide,,,,,,,C(=O)NO
n-hydroxymethanimidamide,n-hydroxymethanimidamide,BP-TZVP,000624-82-8,60.06,CH4N2O,,[NH2]=C[N]O
n-hydroxyphthalimide,n-hydroxyphthalimide,BP-TZVP,000524-38-9,163.13,C8H5NO3,,O=C1N(O)C(=O)c2ccccc12
n-isobutyldeca-trans-2-trans-4-dienamide,,,,,,,CCCCC/C=C/C=C/C(=O)NCC(C)C
n-isobutylurea,,,,,,,N(CC(C)C)C(=O)N
n-isopropyl-benzothiazolium_cation,,,,,,,c1ccc2N([CH]Sc2c1)C(C)C
n-isopropylethanolamine,,,,,,,OCCNC(C)C
"n-methyl-,beta,-alanine",,,,,,,[O]C(=O)CC[NH2]C
"n-methyl-1,2,3,6-tetrahydropyridine",,,,,,,c1c(C2=CCN(C)CC2)cccc1
"n-methyl-1,2-ethanediamine","1,2-ethanediamine,n-methyl-",BP-TZVP,000109-81-9,74.13,C3H10N2,,N(CCN)C
"n-methyl-1,3-propanediamine",,,,,,,CNCCCN
"n-methyl-1,3-propanediamine_cation",,,,,,,C[NH2]CCCN
"n-methyl-1,4-benzenediamine",,,,,,,Nc1ccc(NC)cc1
n-methyl-1-(methylideneamino)methanamine,,,,,,,CNCN=C
n-methyl-1-naphthalenamine,,,,,,,N(c1c2c(cccc2)ccc1)C
n-methyl-1-trimethylsilyl-n-(trimethylsilylmethyl)methanamine,,,,,,,CN(C[Si](C)(C)C)C[Si](C)(C)C
"n-methyl-2,3-5,6-dibenzazalene",,,,,,,c1cccc2c1cc1-c2cc2c(n1C)cccc2
n-methyl-2-(3-fluorophenyl)pyrrolidine,,,,,,,CN1CCC[C@H]1c1cccc(c1)F
n-methyl-2-(3-trifluoromethylphenyl)pyrrolidine,,,,,,,CN1CCC[C@H]1c1cccc(c1)C(F)(F)F
n-methyl-2-(methylideneamino)ethanamine,,,,,,,CNCCN=C
n-methyl-2-fluorophenylcarbamate,,,,,,,C(=O)(Oc1c(F)cccc1)NC
n-methyl-2-furanmethanamine,,,,,,,o1c(CNC)ccc1
n-methyl-2-phenylpyrrolidine,,,,,,,c1cc(ccc1)[C@H]1N(C)CCC1
n-methyl-2-propyn-1-amine,,,,,,,C#CCNC
n-methyl-2-pyrrolidinone,,,,,,,C1C(=O)N(CC1)C
n-methyl-2-trimethylsilylethanamine,,,,,,,CNCC[Si](C)(C)C
n-methyl-3-fluorophenylcarbamate,,,,,,,C(=O)(Oc1cc(F)ccc1)NC
n-methyl-4-fluorophenylcarbamate,,,,,,,C(=O)(Oc1ccc(F)cc1)NC
n-methyl-benzothiazolium_cation,,,,,,,c1ccc2N([CH]Sc2c1)C
n-methyl-d-glucamine,,,,,,,CNC[C@@H](O)[C@@H](O)[C@H](O)[C@@H](O)CO
n-methyl-m-tolylcarbamate,,,,,,,O=C(Oc1cccc(C)c1)NC
n-methyl-n'-(4-methylphenyl)-n-phenylbenzenecarboximidamide,,,,,,,Cc1ccc(cc1)/N=C(\c1ccccc1)/N(C)c1ccccc1
n-methyl-n'-phenylbenzenecarboximidamide,,,,,,,CN/C(=N\c1ccccc1)/c1ccccc1
"n-methyl-n-(2,2,2-trifluoroethyl)propan-2-amine",,,,,,,CC(C)N(C)CC(F)(F)F
n-methyl-n-(phenylmethyl)-benzenesulfonamide,,,,,,,CN(Cc1ccccc1)S(=O)(=O)c1ccccc1
n-methyl-n-(trimethylsilyl)trifluoroacetamide,,,,,,,C(C(=O)N(C)[Si](C)(C)C)(F)(F)F
n-methyl-n-nitrosobenzeneamine,,,,,,,[O][N]N(c1ccccc1)C
n-methyl-n-pyridin-4-ylhydrazine,,,,,,,CN(N)c1ccncc1
n-methyl-n-[(methylideneamino)methyl]ethanamine,,,,,,,CCN(C)CN=C
n-methyl-n-[3-(trifluoromethyl)benzyl]ethanamine,,,,,,,CCN(C)Cc1cc(C(F)(F)F)ccc1
n-methyl-o-acetotoluidide,,,,,,,O=C(N(c1c(cccc1)C)C)C
n-methyl-o-nitroaniline,,,,,,,O=N(=O)c1c(NC)cccc1
n-methylacetamide,N-METHYLACETAMIDE,BP-TZVP,000079-16-3,73.09,C3H7NO,,O=C(C)NC
n-methylacetanilide,,,,,,,O=C(N(c1ccccc1)C)C
n-methylallobarbital,,,,,,,N1(C(=O)NC(=O)C(C1=O)(CC=C)CC=C)C
n-methylaniline,,,,,,,N(c1ccccc1)C
n-methylaniline_cation,,,,,,,[NH2](c1ccccc1)C
n-methylbenzamide,,,,,,,CNC(=O)c1ccccc1
n-methylbenzeneethanamine,,,,,,,c1ccccc1CCNC
n-methylbenzenesulfonamide,,,,,,,CNS(=O)(=O)c1ccccc1
n-methylbutan-2-amine,,,,,,,CC[C@@H](C)NC
n-methylbutanamide,,,,,,,CCCC(=O)NC
n-methylbutylamine,,,,,,,N(CCCC)C
n-methylbutylcarbamate,,,,,,,CNC(=O)OCCCC
n-methylcyanoguanidine,,,,,,,CNC(=[NH2])[N]C#N
n-methylcyclobarbital,,,,,,,N1(C(=O)[C@](C(=O)NC1=O)(C1=CCCCC1)CC)C
n-methylcyclohexanamine,,,,,,,C1(NC)CCCCC1
n-methyldecanamid,,,,,,,CCCCCCCCCC(=O)NC
n-methyldodecanamide,N-Methyldodecanamide,BP-TZVP,027563-67-3,213.36,C13H27NO,,CCCCCCCCCCCC(=O)NC
"n-methylene-1,1-bis(trimethylsilyl)-methanamine",,,,,,,C[Si](C)(C)C(N=C)[Si](C)(C)C
n-methylene-ethanamine,,,,,,,CCN=C
n-methylene-ethanimidamide,,,,,,,CC(=N)N=C
n-methylethanethioamide,,,,,,,CNC(=S)C
n-methylformanilide,,,,,,,O=CN(c1ccccc1)C
n-methylglycine,,,,,,,[O]C(=O)C[NH2]C
n-methylheptanamide,,,,,,,CCCCCCC(=O)NC
n-methylhexadecanamide,,,,,,,CCCCCCCCCCCCCCCC(=O)NC
n-methylhexanamide,,,,,,,CCCCCC(=O)NC
n-methylhydroxylamine,N-methylhydroxylamine,BP-TZVP,000593-77-1,47.06,CH5NO,,CNO
n-methylhydroxylamine_cation,,,,,,,C[NH2]O
n-methylidenepropanamide,,,,,,,CCC(=O)N=C
n-methylidenepropanimidamide,,,,,,,CCC(=N)N=C
"n-methylindol-2,3-dione","n-methylindol-2,3-dione",BP-TZVP,002058-74-4,161.16,C9H7NO2,,c1ccc2C(=O)C(=O)N(C)c2c1
n-methylmaleimide,,,,,,,C1(=O)C=CC(=O)N1C
n-methylmorpholine,,,,,,,N1(CCOCC1)C
n-methylnicotinamide,n-methylnicotinamide,BP-TZVP,000114-33-0,136.15,C7H8N2O,,n1cc(C(=O)NC)ccc1
n-methylnonanamide,,,,,,,CCCCCCCCC(=O)NC
n-methyloctanamide,,,,,,,CCCCCCCC(=O)NC
n-methyloxo-3-pyridinebutanamide,,,,,,,C(=O)(c1cnccc1)CCC(=O)NC
n-methylpentadecananamide,,,,,,,CCCCCCCCCCCCCCC(=O)NC
n-methylpentafluorobenzene,,,,,,,c1(c(c(c(c(c1F)F)C)F)F)F
n-methylpentan-1-amine,,,,,,,CCCCCNC
n-methylpentan-3-amine,,,,,,,CCC(CC)NC
n-methylpentan-3-imine,,,,,,,CCC(=NC)CC
n-methylpentanamide,,,,,,,CCCCC(=O)NC
n-methylpiperidine,,,,,,,N1(CCCCC1)C
n-methylpropanamide,,,,,,,O=C(NC)CC
n-methylpropylamine,n-methylpropylamine,BP-TZVP,000627-35-0,73.14,C4H11N,,CCCNC
n-methylpropylamine_cation,,,,,,,CCC[NH2]C
n-methylpyridin-4-amine,,,,,,,CNc1ccncc1
n-methylpyrrolidine_cation,,,,,,,C[NH]1CCCC1
n-methyltetradecanamide,N-Methyltetradecanamide,BP-TZVP,007438-09-7,241.41,C15H31NO,,CCCCCCCCCCCCCC(=O)NC
n-methylthiopyrrolidinone,,,,,,,C1CCC(=S)N1C
n-methyltridecananamide,,,,,,,CCCCCCCCCCCCC(=O)NC
n-methylundecananamide,,,,,,,CCCCCCCCCCC(=O)NC
n-methylurethane,,,,,,,CCOC(=O)NC
n-nitrobenzenamine,,,,,,,N(=O)(=O)Nc1ccccc1
"n-nitrobis-(2,2,2-trinitroethyl)amine",,,,,,,C(CN(CC(N(=O)=O)(N(=O)=O)N(=O)=O)N(=O)=O)(N(=O)=O)(N(=O)=O)N(=O)=O
"n-nitrobis-(2,2-dinitropropyl)amine",,,,,,,CC(CN(CC(C)(N(=O)=O)N(=O)=O)N(=O)=O)(N(=O)=O)N(=O)=O
n-nitromorpholine,,,,,,,O=N(=O)N1CCOCC1
"n-nitroso-(2,2-dinitropropyl)amine",,,,,,,N([N][O])(CC(C)(N(=O)=O)N(=O)=O)CC(C)(N(=O)=O)N(=O)=O
n-nitroso-3-pyrroline,,,,,,,C1C=CCN1[N][O]
n-nitroso-diisobutylamine,,,,,,,C(N(CC(C)C)[N][O])C(C)C
n-nitroso-ethylvinylamine,,,,,,,CCN(C=C)[N][O]
n-nitroso-n-methyl-n'-nitroguanidine,,,,,,,O=N(=O)NC(=N)N([N][O])C
n-nitroso-n-methylurea,,,,,,,O=C(N([N][O])C)N
n-nitroso-n-methylurethane,,,,,,,O=C(OCC)N([N][O])C
n-nitroso-n-phenylaniline,,,,,,,O=NN(c1ccccc1)c1ccccc1
"n-nitrosobis-(2,2,2-trinitroethyl)amine",,,,,,,C(CN(CC(N(=O)=O)(N(=O)=O)N(=O)=O)[N][O])(N(=O)=O)(N(=O)=O)N(=O)=O
n-nitrosodiethanolamine,,,,,,,[O][N]N(CCO)CCO
n-nitrosodiethylamine,,,,,,,[O][N]N(CC)CC
n-nitrosodimethylamine,n-nitrosodimethylamine,BP-TZVP,000062-75-9,74.08,C2H6N2O,,[O][N]N(C)C
n-nitrosodipropylamine,,,,,,,[O][N]N(CCC)CCC
n-nitrosomethylallylamine,,,,,,,CN(CC=C)[N][O]
n-nitrosomethylpropylamine,,,,,,,CCCN([N][O])C
n-nitrosomethylvinylamine,,,,,,,CN(C=C)N=O
n-nitrosopiperidine,,,,,,,[O][N]N1CCCCC1
n-nitrosopyrrolidine,,,,,,,[O][N]N1CCCC1
n-nitrososarcosine,,,,,,,CN(CC(=O)O)[N][O]
n-nonane,,,,,,,CCCCCCCCC
n-nonyl-2-pyrrolidinone,,,,,,,N1(CCCC1=O)CCCCCCCCC
n-nonyl-benzothiazolium_cation,,,,,,,c1ccc2N([CH]Sc2c1)CCCCCCCCC
n-nonyl-formate,N-NONYL-FORMATE,BP-TZVP,005451-92-3,172.27,C10H20O2,,O=COCCCCCCCCC
n-nonyl-n-undecyl-phthalate,,,,,,,c1c(C(=O)OCCCCCCCCC)c(C(=O)OCCCCCCCCCCC)ccc1
n-nonylcyclopentane,,,,,,,C1CCC(C1)CCCCCCCCC
n-octyl-1-octanamine,N-OCTYL-1-OCTANAMINE,BP-TZVP,001120-48-5,241.46,C16H35N,,CCCCCCCCNCCCCCCCC
n-octyl-2-pyrrolidinone,,,,,,,CCCCCCCCN1CCCC1=O
n-octylamine_cation,,,,,,,C(CCCCC[NH3])CC
n-octylbenzene,,,,,,,c1c(cccc1)CCCCCCCC
n-octylcyclopentane,,,,,,,C1CCC(C1)CCCCCCCC
n-ocyl-benzothiazolium_cation,,,,,,,c1ccc2N([CH]Sc2c1)CCCCCCCC
n-pentadecyl-2-pyrrolidinone,,,,,,,CCCCCCCCCCCCCCCN1CCCC1=O
n-pentyl-1-pentanamine,,,,,,,CCCCCNCCCCC
n-pentyl-2-pyrrolidinone,,,,,,,CCCCCN1CCCC1=O
n-pentyl-benzothiazolium_cation,,,,,,,c1ccc2N([CH]Sc2c1)CCCCC
n-pentyl-n-phenylcarbamate,,,,,,,c1(ccccc1)NC(=O)OCCCCC
n-pentylacetate,ACETICACIDAMYLESTER,BP-TZVP,000628-63-7,130.19,C7H14O2,,C(CCCOC(=O)C)C
n-pentylamine,,,,,,,C(CCCC)N
n-pentylamine_cation,,,,,,,CCCCC[NH3]
"n-phenyl-1,4-benzenediamine",,,,,,,c1ccccc1Nc1ccc(N)cc1
n-phenyl-1-naphthalenamine,N-phenyl-1-naphthalenamine,BP-TZVP,000090-30-2,219.28,C16H13N,,c12ccccc1cccc2Nc1ccccc1
n-phenyl-2-naphthalenamine,,,,,,,c1(Nc2ccccc2)cc2c(cc1)cccc2
n-phenyl-4-aminotetrafluoropyridine_anion,,,,,,,Fc1nc(F)c(F)c([N]c2ccccc2)c1F
n-phenyl-4-aminotetrafluoropyridine,,,,,,,Fc1nc(F)c(F)c(Nc2ccccc2)c1F
n-phenyl-benzeneamine_anion,,,,,,,c1ccccc1[N]c1ccccc1
n-phenyl-benzeneamine,N-PHENYL-BENZENAMINE,BP-TZVP,000122-39-4,169.22,C12H11N,,c1ccccc1Nc1ccccc1
n-phenyl-formamide,,,,,,,c1ccccc1NC=O
n-phenyl-o-methylisourea,,,,,,,C(=[NH2])([N]c1ccccc1)OC
n-phenyl-o-methylisourea_cation,,,,,,,C(=[NH2])(Nc1ccccc1)OC
n-phenylbenzamide,N-phenylbenzamide,BP-TZVP,000093-98-1,197.23,C13H11NO,,c1c(cccc1)C(=O)Nc1ccccc1
n-phenylbenzenemethanamine,,,,,,,c1cc(ccc1)CNc1ccccc1
n-phenylglycine,,,,,,,c1c(cccc1)NCC(=O)O
n-phenylhydrazinecarboxamide,n-phenylhydrazinecarboxamide,BP-TZVP,000537-47-3,151.17,C7H9N3O,,c1ccccc1NC(=O)NN
n-phenylhydroxylamine,N-PHENYLHYDROXYLAMINE,BP-TZVP,000100-65-2,109.13,C6H7NO,,ONc1ccccc1
n-phenylpiperidine,n-phenylpiperidine,BP-TZVP,004096-20-2,161.24,C11H15N,,N1(c2ccccc2)CCCCC1
n-phenylthiourea,,,,,,,NC(=S)Nc1ccccc1
n-propanethiol_anion,,,,,,,[S]CCC
n-propyl-2-pyrrolidinone,,,,,,,CCCN1CCCC1=O
n-propyl-benzothiazolium_cation,,,,,,,c1ccc2N([CH]Sc2c1)CCC
n-propyl-methanediamine,,,,,,,CCCNCN
n-propyl-n-phenylcarbamate,,,,,,,c1(ccccc1)NC(=O)OCCC
n-propylacetate,,,,,,,C(=O)(OCCC)C
n-propylamine,,,,,,,C(CC)N
n-propylaniline,,,,,,,N(c1ccccc1)CCC
n-propylbenzenehydroperoxide,,,,,,,c1c(CCCOO)cccc1
n-propylbenzene,,,,,,,c1c(cccc1)CCC
n-propylbutyrate,,,,,,,O=C(OCCC)CCC
n-propylcyclohexane,,,,,,,C1(CCCCC1)CCC
n-propylformate,,,,,,,CCCOC=O
n-propyllactate,,,,,,,CCCOC(=O)[C@H](O)C
n-propylpiperidine,,,,,,,N1(CCCCC1)CCC
n-propylpiperidine_cation,,,,,,,[NH]1(CCCCC1)CCC
n-sulfinylbenzenamine,,,,,,,O=[S][N]c1ccccc1
n-tert-butyl-alpha-(4-nitrophenyl)nitrone,,,,,,,c1cc(ccc1N(=O)=O)[CH]N([O])C(C)(C)C
"n-tert-butyl-n,2,2-trimethylpropanamide",,,,,,,CC(C)(C)N(C)C(=O)C(C)(C)C
n-tert-butylethanolamine,,,,,,,OCCNC(C)(C)C
n-tert-butylisopropylamine,,,,,,,N(C(C)(C)C)C(C)C
n-tetradecyl-2-pyrrolidinone,,,,,,,CCCCCCCCCCCCCCN1CCCC1=O
n-tetradecylcyclopentane,,,,,,,C1CCC(C1)CCCCCCCCCCCCCC
n-triacontane,n-TRIACONTANE,BP-TZVP,000638-68-6,422.82,C30H62,,CCCCCCCCCCCCCCCCCCCCCCCCCCCCCC
n-tridecyl-2-pyrrolidinone,,,,,,,CCCCCCCCCCCCCN1CCCC1=O
n-trifluoroacetylglycine,,,,,,,OC(=O)CNC(=O)C(F)(F)F
n-undecane,,,,,,,CCCCCCCCCCC
n-undecyl-2-pyrrolidinone,,,,,,,CCCCCCCCCCCN1CCCC1=O
n-undecyl-benzothiazolium_cation,,,,,,,c1ccc2N([CH]Sc2c1)CCCCCCCCCCC
n-undecylamin,N-UNDECYLAMIN,BP-TZVP,007307-55-3,171.32,C11H25N,,CCCCCCCCCCCN
n-[(1e)-(dimethylamino)methylene]benzamide,,,,,,,CN(C)/C=N/C(=O)c1ccccc1
n-[(1e)-(dimethylamino)methylene]benzenecarbothioamide,,,,,,,CN(C)[CH][N]C(=S)c1ccccc1
"n-[(1z,2e)-but-2-en-1-ylidene]propan-2-amine",,,,,,,CC(C)/N=C/C=C/C
n-[(2r)-butan-2-yl]methanimine,,,,,,,CC[C@@H](C)N=C
n-[(trimethylsilyl)methyl]-ethylamine,,,,,,,CCNC[Si](C)(C)C
n-[bis(dimethylamino)methylene]-n-butyl-1-decylammonium_cation,,,,,,,N(C)(C)[C](N(C)C)N(CCCC)CCCCCCCCCC
n-[bis(dimethylamino)methylene]-n-dodecyl-1-dodecylammonium_cation,,,,,,,N(C)(C)[C](N(C)C)N(CCCCCCCCCCCC)CCCCCCCCCCCC
"n-[bromo(difluoro)methyl]-1,1,1-trifluoro-n-(trifluoromethyl)methanamine",,,,,,,C(N(C(F)(F)F)C(F)(F)Br)(F)(F)F
"n-[bromo(difluoro)methyl]-1,1,1-trifluoro-n-methylmethanamine",,,,,,,CN(C(F)(F)F)C(F)(F)Br
n-[n-(trifluoroacetyl)glycylglycine,,,,,,,FC(F)(F)C(=O)NCC(=O)NCC(=O)O
n-[n-(trifluoroacetyl)glycyl]glycinemethylester,,,,,,,C(=O)(C(F)(F)F)NCC(=O)NCC(=O)OC
"n1,n1-diethyl-1,4-pentanediamine",,,,,,,N(CCC[C@@H](N)C)(CC)CC
n2o3,NITROGEN-TRIOXIDE,BP-TZVP,010544-73-7,76.0117,N2O3,,[N]=O.N(=O)[O]
n2,,,,,,,N#N
n3h_anion,,,,,,,[N][N][N]
nacetylmethylanthranilate,,,,,,,c1(c(cccc1)NC(=O)C)C(=O)OC
nadolol,,,,,,,CC(C)(C)NC[C@@H](O)COc1cccc2C[C@H](O)[C@@H](O)Cc12
nalidixic_acid,,,,,,,CCn1cc(C(=O)O)c(=O)c2c1nc(C)cc2
namylsalicylate,,,,,,,c1(c(cccc1)O)C(=O)OCCCCC
"naphthalene-1,7-diol",,,,,,,Oc1ccc2cccc(O)c2c1
naphthalene-2-carbonitrile,naphthalene-2-carbonitrile,BP-TZVP,000066-99-9,156.18,C11H8O,,c12cc(C=O)ccc1cccc2
naphthalene,,,,,,,c1ccc2c(c1)cccc2
"naphtho[1,2,b]thiophene",,,,,,,c12c3c(ccc2ccs1)cccc3
"naphtho[2,1,b]thiophene",,,,,,,c12c3c(ccc1scc2)cccc3
"naphtho[2,3,b]thiophene",,,,,,,c12c(cc3c(c2)cccc3)ccs1
naphthylethylether_beta,,,,,,,c12c(cccc1)ccc(c2)OCC
napropamide,,,,,,,c1ccc2c(c1)c(ccc2)O[C@H](C)C(=O)N(CC)CC
naproxen,,,,,,,COc1ccc2cc(ccc2c1)[C@H](C)C(=O)O
na_cation,,,,,,,[Na]
nectaryl,,,,,,,C([C@@H]([C@H]1CCC(=CC1)C)C)[C@H]1CCCC1=O
neocaspirene,,,,,,,[C@@H]1([C@@]2(C=C(CC1)C)O[C@H](C=C2)C)C(C)C
neolavandate,,,,,,,[C@@H]1(CCC(=CC1)C)C(OC(=O)C(C)C)(C)C
neopentane,,,,,,,C(C)(C)(C)C
neopentylbenzene,,,,,,,CC(C)(C)Cc1ccccc1
neoproxen_a,,,,,,,[C@@H]1([C@H]2[C@@H]3[C@]2(C[C@H]1C3)CC)OC
neoproxen_b,,,,,,,[C@@H]1(C[C@H]2[C@@H](C[C@@H]1C2)CC)OC
neoproxen_c,,,,,,,C1[C@@H]([C@H]2[C@@H](C[C@@H]1C2)CC)OC
neotame,,,,,,,COC(=O)[C@@H](Cc1ccccc1)NC(=O)[C@@H](CC(=O)O)NCCC(C)(C)C
nequinate,,,,,,,CCCCc1cc2c(=O)c(c[nH]c2cc1OCc1ccccc1)C(=O)OC
neral_b,,,,,,,C(CC=C(C)C)/C(=C\C=O)/C
nerolidol,,,,,,,CC(=CCC/C(=C/CC[C@@](C)(O)C=C)/C)C
nerolione,,,,,,,c12c(cccc1)[C@@H]([C@H](O2)C(=O)C)C
nerol,,,,,,,CC(=CCC/C(=C\CO)/C)C
nerone,,,,,,,[C@@H]1(C[C@@H](CC=C1C)C(C)C)C(=O)CC
nerosal,,,,,,,C([C@@H](CCC=C(C)C)C)C(OCCCCCCCCCCCCC)OCCCCCCCCCCCCC
nerylacetate,,,,,,,C(=C(\CCC=C(C)C)/C)\COC(=O)C
nerylformiate,,,,,,,C(CC=C(C)C)/C(=C\COC=O)/C
nerylisovalerianate,,,,,,,C(=C(\CCC=C(C)C)/C)\COC(=O)CC(C)C
nevirapine,,,,,,,c1cc(c2c(n1)N(c1c(C(=O)N2)cccc1)C1CC1)C
ne,,,,,,,[Ne]
nf3,,,,,,,N(F)(F)F
nh2_anion,,,,,,,[NH2]
nh3,,,,,,,N
nh4_cation,,,,,,,[NH4]
niacinamide,,,,,,,C(=O)(N)c1cnccc1
niclosamide,,,,,,,c1c(ccc(c1Cl)NC(=O)c1cc(ccc1O)Cl)N(=O)=O
nicotine,,,,,,,CN1CCC[C@@H]1c1cccnc1
"nicotinicacid,methylester",,,,,,,O=C(OC)c1cccnc1
nicotinicacidethylester,,,,,,,O=C(OCC)c1cccnc1
nifedipine,,,,,,,COC(=O)C1=C(C)NC(=C([C@@H]1c1ccccc1N(=O)=O)C(=O)OC)C
niflumic_acid,,,,,,,FC(F)(F)c1cc(ccc1)Nc1ncccc1C(=O)O
nifuroxime,,,,,,,O/N=C\c1ccc(o1)N(=O)=O
nimesulide_anion,,,,,,,CS(=O)(=O)[N]c1ccc(cc1Oc1ccccc1)N(=O)=O
nimesulide,,,,,,,CS(=O)(=O)Nc1ccc(cc1Oc1ccccc1)N(=O)=O
nipecoticacid,,,,,,,O=C([O])[C@H]1C[NH2]CCC1
nirvanolid,,,,,,,C1/C=C\CCCCCCCC(=O)OCC[C@H]1C
nitralin,,,,,,,c1c(cc(c(c1N(=O)=O)N(CCC)CCC)N(=O)=O)S(=O)(=O)C
nitramine,,,,,,,c1(N(C)N(=O)=O)c(N(=O)=O)cc(N(=O)=O)cc1N(=O)=O
nitrapyrin,,,,,,,c1(cccc(n1)Cl)C(Cl)(Cl)Cl
nitricacid,,,,,,,ON(=O)=O
nitro-isobutyricacid_anion,,,,,,,C[C@H](C(=O)[O])CN(=O)=O
nitro-isobutyricacid,,,,,,,C[C@H](C(=O)O)CN(=O)=O
nitroaceticacid_anion,,,,,,,C(=O)(CN(=O)=O)[O]
nitroaceticacid,,,,,,,C(=O)(CN(=O)=O)O
nitrobenzene,,,,,,,c1ccc(cc1)N(=O)=O
nitrocyclohexane,,,,,,,O=N(=O)C1CCCCC1
nitroethane_anion,,,,,,,[CH](C)N(=O)=O
nitroethane,,,,,,,C(C)N(=O)=O
nitroethene,,,,,,,C=CN(=O)=O
nitrofurantoin,,,,,,,O=C1CN(/N=C/c2ccc(o2)N(=O)=O)C(=O)N1
nitrofurazone,,,,,,,NC(=O)N/N=C/c1ccc(o1)N(=O)=O
nitrogentrichloride,,,,,,,ClN(Cl)Cl
nitroguanidine,,,,,,,N(=O)(=O)[N]C(=[NH2])N
nitroisobutylglycol,,,,,,,O=N(=O)C(CO)(CO)C
nitromethane_anion,,,,,,,[CH2]N(=O)=O
nitromethane,NITROMETHANE,BP-TZVP,000075-52-5,61.04,CH3NO2,,CN(=O)=O
nitrosobenzene,,,,,,,c1c(cccc1)N=O
nitrosoethylmethylamine,,,,,,,CCN([N][O])C
nitrosoguanidine,,,,,,,N=C(N[N][O])N
nitrosylchloride,NITROSYLCHLORIDE,BP-TZVP,002696-92-6,65.46,ClNO,,[O][N]Cl
nitrosylfluoride,,,,,,,[N]([O])F
nitrourea,,,,,,,O=C(NN(=O)=O)N
nitrousacid-1-methylethylester,"nitrousacid,1-methylethylester",BP-TZVP,000541-42-4,89.09,C3H7NO2,,[O][N]OC(C)C
nitrousacid-1-methylpropylester,,,,,,,[O][N]O[C@@H](CC)C
nitrousacidoctylester,nitrousacidoctylester,BP-TZVP,000629-46-9,159.23,C8H17NO2,,[O][N]OCCCCCCCC
nitrousacid,,,,,,,O[N][O]
nitrousoxide,,,,,,,[N][N][O]
nitroxoline,,,,,,,c1(ccc(c2c1nccc2)N(=O)=O)O
no2_anion,,,,,,,[N]([O])[O]
no3_anion,,,,,,,N(=O)(=O)[O]
nonacosane,NONACOSANE,BP-TZVP,000630-03-5,408.79,C29H60,,CCCCCCCCCCCCCCCCCCCCCCCCCCCCC
nonadecane,NONADECANE,BP-TZVP,000629-92-5,268.52,C19H40,,CCCCCCCCCCCCCCCCCCC
nonadecanoicacidethylester,"Nonadecanoicacid,ethylester",BP-TZVP,018281-04-4,326.56,C21H42O2,,CCCCCCCCCCCCCCCCCCC(=O)OCC
nonadecanoicacidmethylester,,,,,,,CCCCCCCCCCCCCCCCCCC(=O)OC
nonadecanoicacid,NONADECANOICACID,BP-TZVP,000646-30-0,298.51,C19H38O2,,CCCCCCCCCCCCCCCCCCC(=O)O
nonadienal_2_6,,,,,,,CC/C=C/CC/C=C/C=O
nonadyl,,,,,,,CC(C[C@@H](CCCCCO)C)C
nonafluoro(trifluoromethyl)-cyclopentane,,,,,,,C(F)(F)(F)C1(F)C(F)(F)C(F)(F)C(F)(F)C1(F)F
nonafluoro-2-(trifluoromethyl)-butane,,,,,,,C(C(C(F)(F)F)(F)F)(C(F)(F)F)(C(F)(F)F)F
nonafluoro-pentanal,,,,,,,C(=O)C(C(C(C(F)(F)F)(F)F)(F)F)(F)F
nonafluorocyclopentane,,,,,,,C1(C(C(C(C1(F)F)(F)F)(F)F)(F)F)F
nonanal,,,,,,,O=CCCCCCCCC
nonanamide,,,,,,,CCCCCCCCC(=O)N
nonanedioicacid,NONANEDIOICACID,BP-TZVP,000123-99-9,188.22,C9H16O4,,OC(=O)CCCCCCCC(=O)O
nonanoicacidisopropylester,,,,,,,CCCCCCCCC(=O)OC(C)C
nonanoicacid,,,,,,,CCCCCCCCC(=O)O
nonanonitrile,,,,,,,N#CCCCCCCCC
nonenal_trans2_,,,,,,,CCCCCC/C=C/C=O
nonylbenzene,,,,,,,c1ccccc1CCCCCCCCC
nootkaton,,,,,,,[C@]12(C(=CC(=O)C[C@H]1C)CC[C@@H](C2)C(=C)C)C
nopol,,,,,,,C1(=CC[C@@H]2C([C@H]1C2)(C)C)CCO
nopylacetate,,,,,,,C1(=CC[C@@H]2C([C@H]1C2)(C)C)CCOC(=O)C
norbornadieone,,,,,,,O=C1[C@@H]2CC[C@H]1CC2
norbornane,,,,,,,C1[C@@H]2CC[C@H]1CC2
norflurazon,,,,,,,c1cc(cc(c1)n1ncc(c(c1=O)Cl)NC)C(F)(F)F
norfuraneol,,,,,,,C1C(=O)[C@H]([C@H](O1)C)O
nornicotine,,,,,,,c1ncccc1[C@H]1NCCC1
nortriptyline,,,,,,,CNCCC=C1c2ccccc2CCc2ccccc12
no,,,,,,,O=[N]
nuciferol,,,,,,,c1(ccc(cc1)C)[C@@H](CC/C=C(/CO)\C)C
"o,n-dimethylhydroxylamine","o,n-dimethylhydroxylamine",BP-TZVP,001117-97-1,61.08,C2H7NO,,O(NC)C
"o,n-dimethylhydroxylamine_cation",,,,,,,O([NH2]C)C
"o,o,o-triethylselenophosphate",,,,,,,CCO[P](OCC)(OCC)[Se]
"o,o,o-triethylthiophosphate",,,,,,,CCO[P](OCC)(OCC)[S]
"o,o,o-trimethylthiophosphate",,,,,,,CO[P](OC)(OC)[S]
"o,o-diethyl-s-methylthiophosphate",,,,,,,CCOP(=O)(SC)OCC
"o,p-bisphenola","o,p-BISPHENOLA",BP-TZVP,000837-08-1,228.29,C15H16O2,,c1cc(O)c(C(C)(C)c2ccc(O)cc2)cc1
o-(ethoxymethyl)phenol,,,,,,,CCOCc1ccccc1O
o-(methylthio)phenol,,,,,,,CSc1ccccc1O
o-acetylbenzoicacid,,,,,,,CC(=O)c1ccccc1C(=O)O
o-aminobenzoicacidethylester,,,,,,,O=C(OCC)c1c(N)cccc1
o-anisidine,,,,,,,O(c1c(N)cccc1)C
o-anisidine_cation,,,,,,,O(c1c([NH3])cccc1)C
o-benzyl-8-sebenzylcyclicamp,,,,,,,c12ncnc(N)c1nc([Se]Cc1ccccc1)n2[C@@H]1O[C@@H]2CO[P@](=O)(OCc3ccccc3)O[C@@H]2[C@@H]1O
o-benzylcarbamate,,,,,,,NC(=O)OCc1ccccc1
"o-chloro-n,n-dimethylaniline",,,,,,,Clc1ccccc1N(C)C
o-chlorofluorobenzene,1-CHLORO-2-FLUOROBENZENE,BP-TZVP,000348-51-6,130.55,C6H4ClF,,Fc1c(cccc1)Cl
o-chlorostyrene,,,,,,,Clc1ccccc1C=C
o-difluorobenzene,"1,2-DIFLUOROBENZENE",BP-TZVP,000367-11-3,114.09,C6H4F2,,Fc1ccccc1F
o-dinitrobenzene,,,,,,,c1(N(=O)=O)c(N(=O)=O)cccc1
"o-diselenane-3,6-dicarboxylicacid",,,,,,,O=C([C@H]1[Se][Se][C@@H](C(=O)O)CC1)O
o-ethoxyphenol,,,,,,,c1ccc(c(c1)O)OCC
"o-ethyl-n,n,n,n-tetramethylisouronium_cation",,,,,,,CN(C)[C](OCC)N(C)C
o-ethyl-o'-4-bromo-2-chlorophenyl-s-propylphosphorothioate,,,,,,,O=[P@@](OCC)(Oc1c(Cl)cc(Br)cc1)SCCC
o-ethylthiocarbamate,O-ETHYLTHIOCARBAMATE,BP-TZVP,000625-57-0,105.16,C3H7NOS,,S=C(N)OCC
o-fluoroaniline,,,,,,,Fc1c(N)cccc1
o-fluoronitrobenzene,,,,,,,O=N(=O)c1c(F)cccc1
o-fluorophenylaceticacid,,,,,,,O=C(O)Cc1c(F)cccc1
o-hydroxyacetanilide,,,,,,,O=C(Nc1c(O)cccc1)C
o-hydroxybenzamide,,,,,,,O=C(N)c1c(O)cccc1
o-hydroxybenzoylhydrazine,,,,,,,c1cccc(O)c1C(=O)NN
o-hydroxybiphenyl,,,,,,,c1cccc(c1O)c1ccccc1
o-hydroxyphenylaceticacid,,,,,,,OC(=O)Cc1ccccc1O
o-i-propoxyphenol,o-i-propoxyphenol0,BP-TZVP,004812-20-8,152.19,C9H12O2,,c1(c(cccc1)OC(C)C)O
o-isopropylphenol,,,,,,,Oc1c(cccc1)C(C)C
o-methioaniline,,,,,,,Nc1ccccc1SC
o-methoxyacetanilide,,,,,,,O=C(Nc1c(OC)cccc1)C
o-methoxybenzylalcohol,,,,,,,O(c1c(cccc1)CO)C
o-methoxyphenylacetate,,,,,,,COc1ccccc1OC(=O)C
"o-methyl-n,n,n,n-tetramethylisouronium_cation",,,,,,,CN([C](N(C)C)OC)C
o-methyldimethylthiocarbamate,,,,,,,COC(=S)N(C)C
o-methylhydroxylamine,o-methylhydroxylamine,BP-TZVP,000067-62-9,47.06,CH5NO,,CON
o-methylhydroxylamine_cation,,,,,,,CO[NH3]
o-methylisourea,,,,,,,O(C(=N)N)C
o-methylisourea_cation,,,,,,,O(C(=[NH2])N)C
o-nitrobenzaldehyde,,,,,,,O=Cc1c(N(=O)=O)cccc1
o-nitrosonitrobenzenedimer,,,,,,,c1(c(cccc1)N(=O)=O)N([O])N([O])c1c(cccc1)N(=O)=O
o-phenanthroline,,,,,,,c12c3c(ccc1cccn2)cccn3
o-phenylcarbamate,,,,,,,NC(=O)Oc1ccccc1
o-phenylenethiourea,,,,,,,n1c2c([nH]c1S)cccc2
o-propylcarbamate,O-PROPYLCARBAMATE,BP-TZVP,000627-12-3,103.12,C4H9NO2,,O=C(OCCC)N
o-propylphenol,,,,,,,Oc1c(cccc1)CCC
o-t-butylcarbamate,,,,,,,NC(=O)OC(C)(C)C
o-t-butylphenol,,,,,,,Oc1c(cccc1)C(C)(C)C
o-thiocresol,,,,,,,Sc1c(cccc1)C
o-toluicacidmethylester,,,,,,,O=C(OC)c1c(cccc1)C
o-toluidine_cation,,,,,,,c1(C)c([NH3])cccc1
o-tolylacetate,o-tolylacetate,BP-TZVP,000533-18-6,150.18,C9H10O2,,O=C(Oc1c(cccc1)C)C
o-tolylacetonitrile,,,,,,,N#CCc1c(C)cccc1
o-tolylisocyanate,,,,,,,O=C=Nc1c(cccc1)C
o-trifluoromethylphenol,,,,,,,Oc1ccccc1C(F)(F)F
o2,,,,,,,O=O
o3,,,,,,,[O]O[O]
ocimenepoxide,,,,,,,C(=C)/C(=C/C[C@H]1C(C)(C)O1)/C
ocimenol,,,,,,,C(=C)/C(=C\CCC(C)(C)O)/C
ocimenon_cis,,,,,,,C(=C(C)C)C(=O)/C=C(\C=C)/C
ocimenon_trans,,,,,,,C(=C)/C(=C/C(=O)C=C(C)C)/C
ocimenylacetate,,,,,,,C(=C)/C(=C\CCC(C)(OC(=O)C)C)/C
ocimen_allo,,,,,,,C(=C(\C=C\C=C(C)C)/C)/C
ocimen_transbeta,,,,,,,C(=C)/C(=C/CC=C(C)C)/C
octachlorocyclopentene,,,,,,,C1(C(C(=C(C1(Cl)Cl)Cl)Cl)(Cl)Cl)(Cl)Cl
"octachlorodibenzo(b,e)(1,4)dioxin",,,,,,,Clc1c2c(c(c(c1Cl)Cl)Cl)Oc1c(O2)c(Cl)c(c(c1Cl)Cl)Cl
octacosane,OCTACOSANE,BP-TZVP,000630-02-4,394.76,C28H58,,C(CCCCCCCCCCCCCCCCCCCCCCC)CCCC
octadecamethylcyclononasiloxane,,,,,,,C[Si]1(C)O[Si](C)(C)O[Si](C)(C)O[Si](C)(C)O[Si](C)(C)O[Si](O[Si](C)(C)O[Si](C)(C)O[Si](C)(C)O1)(C)C
octadecamethyloctasiloxane,,,,,,,C[Si](C)(C)O[Si](C)(C)O[Si](C)(C)O[Si](C)(C)O[Si](C)(C)O[Si](C)(C)O[Si](C)(C)O[Si](C)(C)C
octadecanaldehyde,,,,,,,CCCCCCCCCCCCCCCCCC=O
octadecanamide,Octadecanamide,BP-TZVP,000124-26-5,283.49,C18H37NO,,NC(=O)CCCCCCCCCCCCCCCCC
octadecane,,,,,,,CCCCCCCCCCCCCCCCCC
octadecanoicacidbutylester,OCTADECANOICACIDBUTYLESTER,BP-TZVP,000123-95-5,340.59,C22H44O2,,CCCCCCCCCCCCCCCCCC(=O)OCCCC
octadecanoicacidethylester,,,,,,,C(CCC(=O)OCC)CCCCCCCCCCCCCC
octadecanoicacidmethylester,,,,,,,CCCCCCCCCCCCCCCCCC(=O)OC
octadecanoicacid,OCTADECANOICACID,BP-TZVP,000057-11-4,284.48,C18H36O2,,CCCCCCCCCCCCCCCCCC(=O)O
octadecanol,OCTADECANOL,BP-TZVP,026762-44-7,270.5,C18H38O,,OCCCCCCCCCCCCCCCCCC
octadecylamine,,,,,,,CCCCCCCCCCCCCCCCCCN
octadecylbenzene,,,,,,,c1(CCCCCCCCCCCCCCCCCC)ccccc1
octadecyltrichlorosilane,TRICHLORO-OCTADECYLSILANE,BP-TZVP,000112-04-9,387.93,C18H37Cl3Si,,Cl[Si](Cl)(Cl)CCCCCCCCCCCCCCCCCC
octadiene,,,,,,,C(=C)CCCCC=C
octadienone,,,,,,,C(=C\CC)\CC(=O)C=C
octafluoro-cyclopentane,,,,,,,C1C(C(C(C1(F)F)(F)F)(F)F)(F)F
octafluoro-cyclopentanone,,,,,,,C1(=O)C(C(C(C1(F)F)(F)F)(F)F)(F)F
octafluoro-hexane,,,,,,,CC[C@@H](C(C(C(F)(F)F)(F)F)(F)F)F
octafluorobutan-2-one,,,,,,,C(=O)(C(C(F)(F)F)(F)F)C(F)(F)F
octafluorocyclobutane,OCTAFLUOROCYCLOBUTANE,BP-TZVP,000115-25-3,200.03,C4F8,,C1(C(C(C1(F)F)(F)F)(F)F)(F)F
"octafluoropentane-2,3-dione",,,,,,,C(=O)(C(=O)C(F)(F)F)C(C(F)(F)F)(F)F
octafluoropropane,,,,,,,C(F)(F)(F)C(F)(F)C(F)(F)F
octafluorotetrahydrofuran,,,,,,,C1(C(C(OC1(F)F)(F)F)(F)F)(F)F
octahydro-3a-methyl-cis-2h-inden-2-one,,,,,,,C[C@]12[C@@H](CC(=O)C1)CCCC2
octahydro-pentalene-1-carboxylicacid,,,,,,,[C@H]12[C@@H](C(=O)O)CC[C@H]1CCC2
octahydroazocine,,,,,,,N1CCCCCCC1
octahydrocoumarin,,,,,,,O=C1CC[C@@H]2CCCC[C@H]2O1
octamethylcyclotetrasiloxane,,,,,,,C[Si]1(C)O[Si](C)(C)O[Si](C)(C)O[Si](C)(C)O1
octamethyltrisiloxane,,,,,,,C[Si](C)(C)O[Si](C)(C)O[Si](C)(C)C
octan-4-ol,,,,,,,CCCC[C@@H](O)CCC
octanal,,,,,,,O=CCCCCCCC
octanamide,,,,,,,C(CCCCC(=O)N)CC
octanedinitrile,,,,,,,N#CCCCCCCC#N
octanedioicacid,OCTANEDIOICACID,BP-TZVP,000505-48-6,174.2,C8H14O4,,O=C(O)CCCCCCC(=O)O
octanenitrile,OCTANONITRILE,BP-TZVP,000124-12-9,125.21,C8H15N,,N#CCCCCCCC
octane,,,,,,,C(CCC)CCCC
octanoicacidisopropylester,,,,,,,CCCCCCCC(=O)OC(C)C
octanophenon,,,,,,,c1(ccccc1)C(=O)CCCCCCC
octanoylchloride,,,,,,,O=C(CCCCCCC)Cl
octene,,,,,,,C(C=C)CCCCC
octenhydroperoxide,,,,,,,C=C[C@H](CCCCC)OO
octenylacetate,,,,,,,C=C[C@@H](CCCCC)OC(=O)C
octylbutyrate,,,,,,,O(CCCCCCCC)C(=O)CCC
octylisoquinolinium_cation,,,,,,,C1=C[C]2C(=CN(C=C2)CCCCCCCC)C=C1
octylsulfate_anion,,,,,,,C(COS([O])([O])[O])CCCCCC
octyltrimethylammonium_cation,,,,,,,[N](CCCCCCCC)(C)(C)C
octyne,,,,,,,C(C#C)CCCCC
of2,,,,,,,O(F)F
oh_anion,,,,,,,[OH]
okoumal,,,,,,,c1(ccc2c(c1)C(CCC2(C)C)(C)C)[C@]1(O[C@@H](CO1)C)C
oleyl-alcohol,,,,,,,CCCCCCCC/C=C\CCCCCCCCO
olivetol,,,,,,,Oc1cc(O)cc(c1)CCCCC
oo-dimethyl-dichlorovinylphosphonate,,,,,,,C(=C(Cl)Cl)P(=O)(OC)OC
orcinol,,,,,,,Oc1cc(O)cc(C)c1
orcinyl_3_,,,,,,,CCCCOC(=O)[C@@H](OC(=O)CCC)C
orinox,,,,,,,c1(cc(c(c(c1)C)C(=O)C)C)C(C)(C)C
orivone,,,,,,,C1(CCC(=O)CC1)C(C)(C)CC
ornithine,,,,,,,[O]C(=O)[C@@H]([NH3])CCCN
oroticacid,,,,,,,c1(=O)[nH]c(=O)[nH]c(C(=O)O)c1
ortho-methoxyzimtaldehyde,,,,,,,c1(c(cccc1)OC)/C=C/C=O
oryzalin,,,,,,,c1cc(ccc1N(CCC)CCC)S(=O)(=O)N
osyrol,,,,,,,CC(CCC[C@@H]([C@@H](C)O)C)(OC)C
otbca,,,,,,,C1C[C@@H]([C@@H](CC1)C(C)(C)C)OC(=O)C
ovalene,Ovalene,BP-TZVP,000190-26-1,398.46,C32H14,,c12c3c4ccc1ccc1c2c2c5c3c(cc4)cc3c5c4c5c2c(ccc5ccc4cc3)c1
oxalaceticacid,,,,,,,OC(=O)CC(=O)C(=O)O
oxalicacid_anion,,,,,,,C(=O)(C(=O)[O])O
oxalicacid,OXALICACID,BP-TZVP,000144-62-7,90.04,C2H2O4,,O=C(C(=O)O)O
oxalylchloride,,,,,,,O=C(C(=O)Cl)Cl
oxalyldihydrazide,,,,,,,O=C(NN)C(=O)NN
oxalylfluoride,,,,,,,O=C(C(=O)F)F
oxamicacid,Oxamicacid,BP-TZVP,000471-47-6,89.05,C2H3NO3,,NC(=O)C(=O)O
oxamichydrazide,,,,,,,O=C(N)C(=O)NN
oxamyl,,,,,,,CNC(=O)O/N=C(/C(=O)N(C)C)\SC
oxanamide,,,,,,,CCC[C@H]1O[C@]1(CC)C(=O)N
oxazepam,,,,,,,O[C@H]1N=C(c2ccccc2)c2cc(Cl)ccc2NC1=O
oxazole-2-amine,,,,,,,o1c(N)ncc1
oxazole,,,,,,,c1ncco1
oxetane,,,,,,,C1CCO1
oxiniacicacid,,,,,,,OC(=O)c1c[n+]([O-])ccc1
oxiranemethanol,,,,,,,OC[C@@H]1CO1
oxo(phenylamino)aceticacid,oxo(phenylamino)aceticacid,BP-TZVP,000500-72-1,165.15,C8H7NO3,,O=C(Nc1ccccc1)C(=O)O
oxo-beta-ionone,,,,,,,O=C(/C=C/[C@@H]1C(CCC=C1C)(C)C)C=O
oxodecanal,,,,,,,CCCCCCC(=O)CCC=O
oxybenzone,,,,,,,O=C(c1c(O)cc(cc1)OC)c1ccccc1
oxybischloromethane,,,,,,,ClCOCCl
oxydiphenoxarsine,,,,,,,c1ccc2[As](O[As]3c4ccccc4Oc4ccccc34)c3ccccc3Oc2c1
oxyoctalinformiate,,,,,,,[C@@]12([C@@](C(=CCC1)C)(CC[C@@H]([C@H]2OC=O)C)C)C
ozofleur,,,,,,,[C@@H]1(CC[C@@H](CC1)OCC)C(C)(C)CC
ozonil,,,,,,,c1(ccccc1)C[C@@](C#N)(C)C=C
"p,alpha-dimethylbenzylalcohol",,,,,,,c1(C)ccc([C@@H](O)C)cc1
"p,p'-dde",,,,,,,C(=C(Cl)Cl)(c1ccc(cc1)Cl)c1ccc(cc1)Cl
p-(chloromethyl)toluene,,,,,,,c1(ccc(cc1)C)CCl
p-(sec-butyl)phenol,,,,,,,Oc1ccc(cc1)[C@@H](CC)C
p-(t-butyl)toluene,,,,,,,c1(ccc(cc1)C)C(C)(C)C
p-(trimethylsilyl)phenol,,,,,,,C[Si](C)(C)c1ccc(O)cc1
p-2-menthen-1-ol,,,,,,,C1C=CC[C@@]([C@@H]1C(C)C)(C)O
p-acetylacetophenone,p-acetylacetophenone,BP-TZVP,001009-61-6,162.19,C10H10O2,,O=C(c1ccc(cc1)C(=O)C)C
p-acetylbenzoicacid,,,,,,,OC(=O)c1ccc(C(=O)C)cc1
p-aminoacetanilide,p-aminoacetanilide,BP-TZVP,000122-80-5,150.18,C8H10N2O,,O=C(Nc1ccc(N)cc1)C
p-aminophenylethanol,p-aminophenylethanol,BP-TZVP,000104-10-9,137.18,C8H11NO,,OCCc1ccc(N)cc1
p-anisidine,,,,,,,O(c1ccc(N)cc1)C
p-bromobenzylselenopropionicacid,,,,,,,c1cc(Br)ccc1C[Se]CCC(=O)O
p-butylphenol,p-butylphenol,BP-TZVP,001638-22-8,150.22,C10H14O,,Oc1ccc(cc1)CCCC
p-chloroacetanilide,,,,,,,CC(=O)Nc1ccc(cc1)Cl
p-chlorobenzenesulfonicacid,,,,,,,OS([O])([O])c1ccc(Cl)cc1
p-chlorobenzylalcohol,,,,,,,OCc1ccc(Cl)cc1
p-chlorobenzylselenopropionicacid,,,,,,,c1cc(ccc1C[Se]CCC(=O)O)Cl
p-chlorostyrene,,,,,,,c1(ccc(cc1)C=C)Cl
p-coumaricacid,,,,,,,C(=C\c1ccc(cc1)O)/C(=O)O
"p-cyano-n,n-dimethylaniline",,,,,,,CN(C)c1ccc(C#N)cc1
p-cyanoacetophenone,,,,,,,CC(=O)c1ccc(C#N)cc1
p-diacetylbenzenediethylketal,,,,,,,c1cc(ccc1C(C)(OCC)OCC)C(C)(OCC)OCC
p-difluorobenzene,,,,,,,Fc1ccc(F)cc1
p-dimethoxybenzene,,,,,,,O(c1ccc(OC)cc1)C
p-dimethylamino-m-nitroazobenzene,,,,,,,c1c(ccc(c1)N(C)C)[N][N]c1cccc(c1)N(=O)=O
p-dimethylaminopyridine,,,,,,,n1ccc(N(C)C)cc1
p-divinylbenzene,,,,,,,c1(ccc(cc1)C=C)C=C
p-ethoxybenzaldehyde,,,,,,,CCOc1ccc(C=O)cc1
p-ethoxybenzoicacid,,,,,,,O=C(O)c1ccc(OCC)cc1
p-ethoxyphenol,4-ethoxyphenol,BP-TZVP,000622-62-8,138.16,C8H10O2,,CCOc1ccc(O)cc1
p-fluoroaniline,,,,,,,Fc1ccc(N)cc1
p-fluorobenzaldoxime,,,,,,,O/N=C/c1ccc(F)cc1
p-fluorobenzamide,p-fluorobenzamide,BP-TZVP,000824-75-9,139.13,C7H6FNO,,NC(=O)c1ccc(F)cc1
p-fluorobenzylselenopropionicacid,,,,,,,c1cc(ccc1C[Se]CCC(=O)O)F
p-fluorophenylaceticacid,,,,,,,O=C(O)Cc1ccc(F)cc1
p-hydroxy-b-propionicacid,p-hydroxy-b-propionicacid,BP-TZVP,000501-97-3,166.17,C9H10O3,,OC(=O)CCc1ccc(O)cc1
p-hydroxybenzamide,,,,,,,NC(=O)c1ccc(O)cc1
p-hydroxybiphenyl,,,,,,,c1c(ccc(c1)c1ccccc1)O
p-hydroxyphenylaceticacid,,,,,,,O=C(O)Cc1ccc(O)cc1
p-hydroxypropiophenone,,,,,,,O=C(c1ccc(O)cc1)CC
p-isopropenylphenol,,,,,,,c1(O)ccc(C(=C)C)cc1
p-isopropenylstyrene,,,,,,,c1c(ccc(c1)C=C)C(=C)C
p-isopropylacetophenone,,,,,,,CC(=O)c1ccc(C(C)C)cc1
p-isopropylaniline,,,,,,,CC(C)c1ccc(N)cc1
p-isopropylcumenehydroperoxide,,,,,,,O(O)C(c1ccc(cc1)C(C)C)(C)C
p-isopropylphenylacetaldehyde,,,,,,,CC(C)c1ccc(CC=O)cc1
p-menth-1-en-3-ol,,,,,,,CC(C)[C@H]1CCC(=C[C@H]1O)C
p-menth-1-en-9-ol,,,,,,,C[C@@H](CO)[C@H]1CCC(=CC1)C
p-menth-1-en-9-ylacetate,,,,,,,C1[C@H](CCC(=C1)C)[C@H](COC(=O)C)C
p-menth-3-en-1-ol,,,,,,,CC(C)C1=CC[C@@](C)(O)CC1
p-menth-4(8)-ene,,,,,,,C1(=C(C)C)CCC(CC1)C
p-mentha-8-thiol-3-one,,,,,,,C[C@H]1CC[C@@H](C(=O)C1)C(C)(C)S
p-mentha-dien-hydroperoxide,,,,,,,C1[C@](CCC(=C1)C)(C(=C)C)OO
p-menthadienhydroperoxide,,,,,,,C1[C@H](CC=C([C@@H]1OO)C)C(=C)C
p-menthan-2-one,,,,,,,CC(C)[C@H]1CC[C@@H](C)C(=O)C1
p-menthan-hydroperoxid,,,,,,,C[C@H]1CC[C@H](C(C)(C)OO)CC1
"p-menthane-3,8-diol",,,,,,,C[C@H]1CC[C@@H]([C@@H](O)C1)C(C)(C)O
p-menthatriene,,,,,,,C1(=CC=C(CC1)C(=C)C)C
p-menthenethiol,,,,,,,C1[C@H](CCC(=C1)C)C(C)(C)S
p-methacryloyloxybenzoicacid,,,,,,,c1cc(ccc1OC(=O)C(=C)C)C(=O)O
p-methoxybenzylalcohol,,,,,,,O(c1ccc(cc1)CO)C
p-methyl-phenoxyacetaldehyde,,,,,,,c1(ccc(cc1)C)OCC=O
p-methylbenzoylhydrazine,,,,,,,c1cc(C)ccc1C(=O)NN
p-methylbenzylselenopropionicacid,,,,,,,c1cc(C)ccc1C[Se]CCC(=O)O
p-methylphenoxyaceticacid,,,,,,,OC(=O)COc1ccc(C)cc1
p-methylphenylaceticacid,,,,,,,Cc1ccc(CC(=O)O)cc1
p-methyoxybenzamide,,,,,,,NC(=O)c1ccc(OC)cc1
p-nitro-n-methylaniline,,,,,,,O=N(=O)c1ccc(NC)cc1
p-nitroacetophenone,,,,,,,CC(=O)c1ccc(cc1)N(=O)=O
p-nitroanisole,,,,,,,O=N(=O)c1ccc(OC)cc1
p-nitrobenzaldoxime,p-nitrobenzaldoxime,BP-TZVP,001129-37-9,166.13,C7H6N2O3,,O/N=C/c1ccc(N(=O)=O)cc1
p-nitrobenzylalcohol,,,,,,,O=N(=O)c1ccc(cc1)CO
p-nitrobenzylidenetert-butylamine,,,,,,,c1c(ccc(c1)N(=O)=O)/C=N/C(C)(C)C
p-nitrobenzylselenopropionicacid,,,,,,,c1cc(N(=O)=O)ccc1C[Se]CCC(=O)O
p-terephthalanisidide,,,,,,,c1(ccc(cc1)OC)NC(=O)c1ccc(cc1)C(=O)Nc1ccc(cc1)OC
p-tert-butylethylbenzene,,,,,,,c1(CC)ccc(C(C)(C)C)cc1
p-tert-butylphenylsalicylate,,,,,,,c1c(c(ccc1)C(=O)Oc1ccc(cc1)C(C)(C)C)O
p-thiocresol,,,,,,,Sc1ccc(cc1)C
p-toluenesulfinicacid,p-toluenesulfinicacid,BP-TZVP,000536-57-2,156.2,C7H8O2S,,[O][S@@](O)c1ccc(cc1)C
p-tolylacetate,p-tolylacetate,BP-TZVP,000140-39-6,150.18,C9H10O2,,O=C(Oc1ccc(cc1)C)C
p-tolylacetonitrile,,,,,,,c1cc(C)ccc1CC#N
p-tolylallylsulfone,,,,,,,c1c(ccc(c1)C)S(=O)(=O)CC=C
p-tolylpropadienylsulfone,,,,,,,c1c(ccc(c1)C)S(=O)(=O)C=C=C
p-trifluoromethylaniline,,,,,,,FC(F)(F)c1ccc(N)cc1
p-trifluoromethylphenol,,,,,,,Oc1ccc(C(F)(F)F)cc1
p-vinylphenol,,,,,,,c1(C=C)ccc(O)cc1
p4,,,,,,,P12P3P1P23
palisandin,,,,,,,C1CCCCC(CCCCCC1)OC
palmitaldehyde,,,,,,,CCCCCCCCCCCCCCCC=O
palustricacid,,,,,,,C1C[C@]2(C)C3=C(C=C(CC3)C(C)C)CC[C@H]2C[C@]1(C)C(=O)O
pamoicacid_anion,,,,,,,c1ccc2c(c1)cc(c(c2Cc1c2c(cc(c1O)C(=O)O)cccc2)[O])C(=O)O
pamoicacid,,,,,,,c1ccc2c(c1)cc(c(c2Cc1c2c(cc(c1O)C(=O)O)cccc2)O)C(=O)O
pamplefleur,,,,,,,c1(ccccc1)[C@@H](C[C@@H](CO)C)C
pantolactone,,,,,,,O=C1OCC(C)(C)[C@H]1O
paradisamide,,,,,,,C(CC)(CC)C(=O)N(c1cccc(c1)C)C
paraldehyde,,,,,,,O1[C@H](O[C@H](O[C@H]1C)C)C
paraquat,,,,,,,CN1[CH]C=C(C=C1)C1=C[CH]N(C)C=C1
parasorbicacid,,,,,,,O1C(=O)C=CC[C@H]1C
parathion,,,,,,,c1cc(ccc1N(=O)=O)O[P]([S])(OCC)OCC
parmanyl,,,,,,,C(=C\CC)\CCOCCC#N
patchenol,,,,,,,C\1(=C/CO)/C([C@H]2CC[C@@H]1C2)(C)C
patchone,,,,,,,[C@@H]1(CC[C@@H](CC1)O)C(C)(C)C
patchoulen_alpha,,,,,,,[C@H]12[C@@]3(C(=CC[C@H](C1)C3(C)C)C)CC[C@@H]2C
patchoulen_beta,,,,,,,C12=C([C@@]3(CC[C@H](C1)C3(C)C)C)CC[C@@H]2C
patchoulialkohol,,,,,,,[C@]12([C@]3([C@@H]([C@@H](CC1)C)C[C@H](CC3)C2(C)C)C)O
patulin,patulin,BP-TZVP,000149-29-1,154.12,C7H6O4,,O[C@H]1OCC=C2OC(=O)C=C12
pbr3,,,,,,,P(Br)(Br)Br
pcl3,,,,,,,P(Cl)(Cl)Cl
pcl5,,,,,,,P(Cl)(Cl)(Cl)(Cl)Cl
pebulate,,,,,,,CCCCN(C(=O)SCCC)CC
peg-10_dimethylether,,,,,,,COCCOCCOCCOCCOCCOCCOCCOCCOCCOCCOC
peg-10_monomethylether,,,,,,,OCCOCCOCCOCCOCCOCCOCCOCCOCCOCCOC
peg-10_mw458,,,,,,,OCCOCCOCCOCCOCCOCCOCCOCCOCCOCCO
peg-11_dimethylether,,,,,,,COCCOCCOCCOCCOCCOCCOCCOCCOCCOCCOCCOC
peg-11_monomethylether,,,,,,,OCCOCCOCCOCCOCCOCCOCCOCCOCCOCCOCCOC
peg-11_mw502,,,,,,,OCCOCCOCCOCCOCCOCCOCCOCCOCCOCCOCCO
peg-12_dimethylether,,,,,,,COCCOCCOCCOCCOCCOCCOCCOCCOCCOCCOCCOCCOC
peg-12_monomethylether,,,,,,,OCCOCCOCCOCCOCCOCCOCCOCCOCCOCCOCCOCCOC
peg-12_mw546,,,,,,,OCCOCCOCCOCCOCCOCCOCCOCCOCCOCCOCCOCCO
peg-5_monomethylether,,,,,,,OCCOCCOCCOCCOCCOC
peg-5_mw238,,,,,,,OCCOCCOCCOCCOCCO
peg-6,,,,,,,OCCOCCOCCOCCOCCOCCO
peg-6_dimethylether,,,,,,,COCCOCCOCCOCCOCCOCCOC
peg-6_monomethylether,,,,,,,OCCOCCOCCOCCOCCOCCOC
peg-7_monomethylether,,,,,,,OCCOCCOCCOCCOCCOCCOCCOC
peg-7_mw326,,,,,,,OCCOCCOCCOCCOCCOCCOCCO
peg-8_dimethylether,,,,,,,COCCOCCOCCOCCOCCOCCOCCOCCOC
peg-8_monomethylether,,,,,,,OCCOCCOCCOCCOCCOCCOCCOCCOC
peg-8_mw370,,,,,,,OCCOCCOCCOCCOCCOCCOCCOCCO
peg-9_dimethylether,,,,,,,COCCOCCOCCOCCOCCOCCOCCOCCOCCOC
peg-9_monomethylether,,,,,,,OCCOCCOCCOCCOCCOCCOCCOCCOCCOC
peg-9_mw414,,,,,,,OCCOCCOCCOCCOCCOCCOCCOCCOCCO
pelinylacetate,,,,,,,O(C(CC(C)C)CC(C)C)C(=O)C
pencillamine,,,,,,,CC(C)(S)[C@@H](N)C(=O)O
pendimethalin,,,,,,,CCC(CC)Nc1c(cc(C)c(C)c1N(=O)=O)N(=O)=O
pent-4-ene-1-ylacetate,,,,,,,CC(=O)OCCCC=C
"penta-1,4-dien-2-ol",,,,,,,C=CCC(=C)O
"penta-2,4-dienoicacid",,,,,,,OC(=O)/C=C/C=C
pentabromophenol_anion,,,,,,,O=C1C(=C(Br)[C](Br)C(=C1Br)Br)Br
pentabromophenol,,,,,,,c1(c(c(c(c(c1Br)Br)Br)O)Br)Br
pentacene,,,,,,,c12c(cccc1)cc1c(c2)cc2c(c1)cc1c(c2)cccc1
pentachloroaniline,,,,,,,c1(c(c(c(c(c1Cl)Cl)Cl)N)Cl)Cl
pentachlorobenzene,,,,,,,c1(cc(c(c(c1Cl)Cl)Cl)Cl)Cl
pentachloroethane,,,,,,,C(C(Cl)(Cl)Cl)(Cl)Cl
pentachlorofluoroethane,,,,,,,ClC(Cl)(Cl)C(Cl)(Cl)F
pentachlorophenol_anion,,,,,,,O=C1C(=C(Cl)[C](Cl)C(=C1Cl)Cl)Cl
pentachlorophenol,,,,,,,c1(c(c(c(c(c1Cl)Cl)Cl)Cl)Cl)O
pentacosane,PENTACOSANE,BP-TZVP,000629-99-2,352.68,C25H52,,CCCCCCCCCCCCCCCCCCCCCCCCC
pentacyanopropenide_anion,,,,,,,C(=C(C#N)C#N)([C](C#N)C#N)C#N
pentadecanal,,,,,,,CCCCCCCCCCCCCCC=O
pentadecananamide,,,,,,,CCCCCCCCCCCCCCC(=O)N
pentadecanenitrile,PENTADECANENITRILE,BP-TZVP,018300-91-9,223.4,C15H29N,,C(CCCCCCCCCCCCC#N)C
pentadecane,,,,,,,CCCCCCCCCCCCCCC
pentadecanoicacidmethylester,,,,,,,CCCCCCCCCCCCCCC(=O)OC
pentadecanoicacid,,,,,,,CCCCCCCCCCCCCCC(=O)O
pentadecylbenzene,,,,,,,c1(CCCCCCCCCCCCCCC)ccccc1
pentadione_anion,,,,,,,CC(=O)[CH]C(=O)C
pentaerythritoldiformal,,,,,,,C1C2(COCOC2)COCO1
pentaerythritoltetrabutyrate,,,,,,,CCCC(=O)OCC(COC(=O)CCC)(COC(=O)CCC)COC(=O)CCC
pentaerythritoltetraheptanoate,,,,,,,CCCCCCC(=O)OCC(COC(=O)CCCCCC)(COC(=O)CCCCCC)COC(=O)CCCCCC
pentaerythritoltetrahexanoate,,,,,,,CCCCCC(=O)OCC(COC(=O)CCCCC)(COC(=O)CCCCC)COC(=O)CCCCC
pentaerythritoltetranonanoate,,,,,,,CCCCCCCCC(=O)OCC(COC(=O)CCCCCCCC)(COC(=O)CCCCCCCC)COC(=O)CCCCCCCC
pentaerythritoltetraoctanoate,,,,,,,CCCCCCCC(=O)OCC(COC(=O)CCCCCCC)(COC(=O)CCCCCCC)COC(=O)CCCCCCC
pentaerythritoltetravalerate,,,,,,,CCCCC(=O)OCC(COC(=O)CCCC)(COC(=O)CCCC)COC(=O)CCCC
pentaerythritol,,,,,,,OCC(CO)(CO)CO
pentaethylbenzene,PENTAETHYLBENZENE,BP-TZVP,000605-01-6,218.38,C16H26,,c1(CC)c(CC)c(CC)c(CC)c(CC)c1
"pentafluoro(1,1,2,2-tetrafluoroethoxy)-ethane",,,,,,,C(C(OC(C(F)(F)F)(F)F)(F)F)(F)F
"pentafluoro(1,1,2-trifluoroethoxy)-ethane",,,,,,,C(C(OC(C(F)(F)F)(F)F)(F)F)F
"pentafluoro(1,2,2,2-tetrafluoroethoxy)-ethane",,,,,,,[C@H](C(F)(F)F)(OC(C(F)(F)F)(F)F)F
pentafluoro(fluoromethoxy)-ethane,,,,,,,C(OC(C(F)(F)F)(F)F)F
pentafluoro(trifluoromethoxy)-ethane,,,,,,,C(C(F)(F)F)(OC(F)(F)F)(F)F
pentafluoro(trifluoromethyl)benzene,PERFLUOROTOLUENE,BP-TZVP,000434-64-0,236.06,C7F8,,c1(c(c(c(c(c1F)F)F)C(F)(F)F)F)F
pentafluoro(trifluoromethyl)sulfur,,,,,,,FC(F)(F)S(F)(F)(F)(F)F
pentafluoro-1-propanamine,,,,,,,C(C(C(N)(F)F)(F)F)F
pentafluoro-1-propanol,,,,,,,FC(F)(F)C(F)(F)CO
pentafluoro-phenol_anion,,,,,,,[O]c1c(F)c(F)c(F)c(F)c1F
pentafluoro-propanal,,,,,,,C(=O)C(C(F)(F)F)(F)F
pentafluoroacetone,,,,,,,C(C(=O)C(F)(F)F)(F)F
pentafluorobenzene,,,,,,,c1c(c(c(c(c1F)F)F)F)F
pentafluorobenzoicacid_anion,,,,,,,c1(F)c(c(c(c(c1F)F)F)C(=O)[O])F
pentafluorobenzoicacid,,,,,,,c1(F)c(c(c(c(c1F)F)F)C(=O)O)F
pentafluorobenzonitrile,,,,,,,c1(c(c(c(c(c1F)F)F)F)F)C#N
pentafluoroethane,,,,,,,C(C(F)F)(F)(F)F
pentafluoroethylmethylether,PENTAFLUOROMETHOXYETHANE,BP-TZVP,022410-44-2,150.05,C3H3F5O,,C(C(OC)(F)F)(F)(F)F
pentafluoroethyltrifluoroborate_anion,,,,,,,F[B](C(F)(F)C(F)(F)F)(F)F
pentafluoromethylamine,,,,,,,FC(F)(N(F)F)F
pentafluorophenol,,,,,,,c1(c(c(c(c(c1F)O)F)F)F)F
pentafluoropropanoicacid_anion,,,,,,,C(=O)(C(C(F)(F)F)(F)F)[O]
pentafluoropropionicacid,,,,,,,C(=O)(C(C(F)(F)F)(F)F)O
pentafluoropyridine,,,,,,,Fc1nc(F)c(F)c(F)c1F
pentafluorothiophenol,,,,,,,c1(c(c(c(c(c1F)F)F)F)F)S
pentamethylbenzene,,,,,,,c1(c(c(c(cc1C)C)C)C)C
pentamethylbenzoicacid,,,,,,,c1(c(c(c(c(c1C)C)C)C(=O)O)C)C
pentamethylphenol,,,,,,,Oc1c(c(c(c(C)c1C)C)C)C
pentamethylsilanamine,,,,,,,[Si](C)(C)(C)N(C)C
pentan-3-oneoxime,,,,,,,ON=C(CC)CC
pentanamide,,,,,,,C(C(=O)N)CCC
"pentane-2,3-diol",,,,,,,O[C@@H](CC)[C@@H](O)C
pentanedinitrile,PENTANEDINITRILE,BP-TZVP,000544-13-8,94.12,C5H6N2,,N#CCCCC#N
pentanedioicaciddimethylester,,,,,,,O=C(OC)CCCC(=O)OC
pentanedioicacid,PENTANEDIOICACID,BP-TZVP,000110-94-1,132.12,C5H8O4,,OC(=O)CCCC(=O)O
pentane,,,,,,,C(CC)CC
pentanimidoylfluoride,,,,,,,CCCCC(=N)F
pentanoicacidbutylester,,,,,,,CCCCC(=O)OCCCC
pentanoicacidisopropylester,,,,,,,CCCCC(=O)OC(C)C
pentanoicacidpropylester,,,,,,,O=C(OCCC)CCCC
pentanoicacid_anion,,,,,,,CCCCC(=O)[O]
pentaphene,,,,,,,c12c3cc4c(cc3ccc2cc2c(c1)cccc2)cccc4
pentene,,,,,,,C=CCCC
pentyl-2-furyl-ketone,,,,,,,CCCCCC(=O)c1occc1
pentylbenzene,,,,,,,CCCCCc1ccccc1
pentylbutyrate,,,,,,,O=C(OCCCCC)CCC
pentylcyclohexane,,,,,,,C1(CCCCC1)CCCCC
pentylcyclopentane,,,,,,,C1(CCCCC)CCCC1
pentylenetetrazole,,,,,,,n1nnn2CCCCCc12
pentylisobutyrate,,,,,,,O(CCCCC)C(=O)C(C)C
pentylnitrite,AMYLNITRITE,BP-TZVP,000463-04-7,117.15,C5H11NO2,,[O][N]OCCCCC
pentyne,,,,,,,C(C#C)CC
peomosa,,,,,,,c1(c(cccc1)C)CCO
peonile,,,,,,,C1(=C(C#N)c2ccccc2)CCCCC1
peranat,,,,,,,CCC[C@@H](COC(=O)[C@@H](CCC)C)C
perbenzoicacid,perbenzoicacid,BP-TZVP,000093-59-4,138.12,C7H6O3,,OC(=O)Oc1ccccc1
perchloricacid,,,,,,,[OH].Cl[O].[O].[O]
perchlorobiphenyl,,,,,,,c1(c(c(c(c(c1c1c(c(c(c(c1Cl)Cl)Cl)Cl)Cl)Cl)Cl)Cl)Cl)Cl
perfluoro(2-methyl-3-pentanone),,,,,,,C(=O)(C(C(F)(F)F)(C(F)(F)F)F)C(C(F)(F)F)(F)F
perfluoro(2-methylpentane),,,,,,,C(C(C(C(F)(F)F)(F)F)(F)F)(C(F)(F)F)(C(F)(F)F)F
perfluoro-isobutane,,,,,,,C(C(F)(F)F)(C(F)(F)F)C(F)(F)F
perfluoro-n-butyliodide,,,,,,,FC(F)(F)C(F)(F)C(F)(F)C(F)(F)I
perfluoro-n-decane,,,,,,,C(F)(F)(F)C(F)(F)C(F)(F)C(F)(F)C(F)(F)C(F)(F)C(F)(F)C(F)(F)C(F)(F)C(F)(F)F
perfluoro-n-dodecane,,,,,,,FC(F)(F)C(F)(F)C(F)(F)C(F)(F)C(F)(F)C(F)(F)C(F)(F)C(F)(F)C(F)(F)C(F)(F)C(F)(F)C(F)(F)F
perfluoro-n-hexane,,,,,,,C(C(C(C(F)(F)F)(F)F)(F)F)(C(C(F)(F)F)(F)F)(F)F
perfluoro-tert-butanol_anion,,,,,,,C(C(F)(F)F)(C(F)(F)F)(C(F)(F)F)[O]
perfluoro-tert-butanol,,,,,,,C(C(F)(F)F)(C(F)(F)F)(C(F)(F)F)O
perfluorobutanesulfonate_anion,,,,,,,S([O])([O])([O])C(C(C(C(F)(F)F)(F)F)(F)F)(F)F
perfluorobutanoicacid,,,,,,,C(F)(F)(F)C(F)(F)C(F)(F)C(=O)O
perfluorocyclohexane,,,,,,,C1(C(C(C(C(C1(F)F)(F)F)(F)F)(F)F)(F)F)(F)F
perfluoroheptane,,,,,,,C(C(C(C(F)(F)F)(F)F)(F)F)(C(C(C(F)(F)F)(F)F)(F)F)(F)F
perfluorohexadecane,,,,,,,C(C(F)(F)F)(F)(F)C(F)(F)C(F)(F)C(F)(F)C(F)(F)C(F)(F)C(C(C(C(C(C(C(C(C(F)(F)F)(F)F)(F)F)(F)F)(F)F)(F)F)(F)F)(F)F)(F)F
perfluorohexamethylprismane,,,,,,,[C@@]12([C@@]3([C@@]1(C(F)(F)F)[C@@]1([C@]2([C@]31C(F)(F)F)C(F)(F)F)C(F)(F)F)C(F)(F)F)C(F)(F)F
perfluoroisobutyricacid,,,,,,,C(=O)(C(C(F)(F)F)(C(F)(F)F)F)O
perfluoromethylcyclohexane,,,,,,,C1(C(C(C(C(C1(F)F)(F)F)(F)F)(F)F)(F)F)(F)C(F)(F)F
perfluoronaphthalene,,,,,,,c1(c(F)c2c(c(c1F)F)c(F)c(c(c2F)F)F)F
perfluorononane,,,,,,,C(C(F)(F)F)(C(C(C(C(C(C(C(F)(F)F)(F)F)(F)F)(F)F)(F)F)(F)F)(F)F)(F)F
perfluorooctanesulfonate_anion,,,,,,,[O]S([O])([O])C(F)(F)C(F)(F)C(F)(F)C(F)(F)C(F)(F)C(F)(F)C(F)(F)C(F)(F)F
perfluorooctane,,,,,,,C(C(C(C(C(C(C(C(F)(F)F)(F)F)(F)F)(F)F)(F)F)(F)F)(F)F)(F)(F)F
perfluorooctylbromide,,,,,,,C(C(C(C(C(C(C(C(F)(F)F)(F)F)(F)F)(F)F)(F)F)(F)F)(F)F)(F)(F)Br
perfluoropentane,,,,,,,C(F)(F)(F)C(F)(F)C(F)(F)C(F)(F)C(F)(F)F
perhydrofarnesylacetone,,,,,,,CC(CCC[C@H](CCC[C@H](CCCC(=O)C)C)C)C
perhydrotriquinacene,,,,,,,C1[C@H]2CC[C@@H]3[C@H]2[C@H](C1)CC3
perillaldehyde,,,,,,,O=CC1=CC[C@@H](C(=C)C)CC1
permethrin,,,,,,,c1cc(cc(c1)COC(=O)[C@@H]1C([C@@H]1C=C(Cl)Cl)(C)C)Oc1ccccc1
"peroxide,bis(1-methyl-1-phenylethyl)",,,,,,,c1ccccc1C(C)(C)OOC(C)(C)c1ccccc1
peroxoaceticacid_anion,,,,,,,C(=O)(O[O])C
peroxoformicacid_anion,,,,,,,C(=O)O[O]
peroxoformicacid,,,,,,,C(=O)OO
peroxyaceticacid,,,,,,,OOC(=O)C
peroxydecanoicacid,,,,,,,CCCCCCCCCC(=O)OO
peroxydicarbonicaciddicyclohexylester,,,,,,,C1CCCC(C1)OC(=O)OOC(=O)OC1CCCCC1
peroxytridecanoicacid,Peroxytridecanoicacid,BP-TZVP,040915-96-6,230.35,C13H26O3,,CCCCCCCCCCCCC(=O)OO
perphenazine,,,,,,,OCCN1CCN(CCCN2c3ccccc3Sc3ccc(Cl)cc23)CC1
perylene,,,,,,,c12c3c(cccc3ccc1)c1c3c2cccc3ccc1
petiol,,,,,,,CC(C(=O)OCC/C=C\CCC)C
petunial,,,,,,,c1(c(ccc(c1)C)O)C(=O)OC
pf6_anion,,,,,,,[P](F)(F)(F)(F)(F)F
ph3,,,,,,,P
pharaone,,,,,,,C1C(CCCC1)C(=C)C(=O)CCC=C
phenacetin,,,,,,,c1(ccc(cc1)OCC)NC(=O)C
phenanthrene,,,,,,,c12ccccc2c2c(cc1)cccc2
phenanthridine,,,,,,,n1c2c(c3c(c1)cccc3)cccc2
"phenanthro[1,10,9,8-opqra]perylene",,,,,,,c1ccc2c3c1c1c4c5c3c3c(c2)cccc3c2c5c(cc4ccc1)ccc2
"phenanthro[2,1-b]thiophene",,,,,,,c12c(c3c(cc2)cccc3)ccc2c1ccs2
"phenazine,5-oxide",,,,,,,c1ccc2c(c1)[n+](c1ccccc1n2)[O-]
phenazine,,,,,,,c1ccc2c(c1)nc1c(n2)cccc1
phenethyl-isothiocyanate,,,,,,,S=C=NCCc1ccccc1
phenethylsulfamide,,,,,,,S(=O)(=O)(NCCc1ccccc1)N
phenirate,,,,,,,c1(ccccc1)OCCOC(=O)C(C)C
phenobarbital_anion,,,,,,,C1(=O)[N]C(=O)[C@@](C(=O)N1)(CC)c1ccccc1
phenobarbital,,,,,,,C1(=O)NC(=O)C(C(=O)N1)(CC)c1ccccc1
phenol-2-((phenylimino)methyl)-n-oxide,,,,,,,N([CH]c1c(O)cccc1)([O])c1ccccc1
phenol_anion,,,,,,,c1cc(ccc1)[O]
phenol,,,,,,,c1ccc(cc1)O
phenol_cation,,,,,,,C1=CC=[C]C=C1.O
phenomuscol,,,,,,,c1(ccc(cc1)C(C)(C)C)C(=O)C
phenothiazine,,,,,,,c12ccccc1Sc1c(N2)cccc1
phenothioxin,,,,,,,S1c2c(Oc3c1cccc3)cccc2
phenothrin,,,,,,,c1(cc(ccc1)Oc1ccccc1)COC(=O)[C@H]1[C@H](C=C(C)C)C1(C)C
phenoxanol,,,,,,,c1(ccccc1)CC[C@@H](CCO)C
phenoxazine,,,,,,,c12c(Oc3c(N1)cccc3)cccc2
phenoxyacetaldehyde,,,,,,,c1(ccccc1)OCC=O
phenoxyacetamide,,,,,,,O=C(N)COc1ccccc1
phenoxyaceticacid,,,,,,,O=C(O)COc1ccccc1
phenoyethylpropionate,,,,,,,c1(ccccc1)OCCOC(=O)CC
phentermine,,,,,,,NC(Cc1ccccc1)(C)C
"phenyl(2,4,6-tris(methylethyl)phenyl)methanone",,,,,,,c1(cc(cc(c1C(=O)c1ccccc1)C(C)C)C(C)C)C(C)C
phenyl(pyridin-2-yl)methanone,,,,,,,O=C(c1ccccn1)c1ccccc1
phenyl(pyridin-3-yl)methanone,,,,,,,O=C(c1cccnc1)c1ccccc1
phenyl(pyridin-4-yl)methanone,,,,,,,O=C(c1ccncc1)c1ccccc1
phenyl-hydrazine,,,,,,,c1(NN)ccccc1
phenyl-n-tert-butylnitrone,,,,,,,N([CH]c1ccccc1)(C(C)(C)C)[O]
phenylacetaldehyd-dimethylacetal,,,,,,,c1(ccccc1)CC(OC)OC
phenylacetate,PHENYLACETATE,BP-TZVP,000122-79-2,136.15,C8H8O2,,c1ccc(cc1)OC(=O)C
phenylaceticacidmethylester,,,,,,,O=C(OC)Cc1ccccc1
phenylaceticacid_anion,,,,,,,c1ccc(cc1)CC(=O)[O]
phenylaceticacid,Benzeneaceticacid,BP-TZVP,000103-82-2,136.15,C8H8O2,,c1ccc(cc1)CC(=O)O
phenylacetonitrile,,,,,,,N#CCc1ccccc1
phenylacetylene_anion,,,,,,,c1cc(ccc1)C#[C]
phenylalanine,,,,,,,O=C([O])[C@H]([NH3])Cc1ccccc1
phenylarsonicacid,,,,,,,O[As](O)[O].[C]1=CC=CC=C1
phenylazide,,,,,,,c1ccccc1N=[N]=[N]
phenylboronicacid,,,,,,,B(O)(O)c1ccccc1
phenylcyanate,,,,,,,N#COc1ccccc1
phenyldimethylcarbamate,,,,,,,CN(C)C(=O)Oc1ccccc1
phenyldiphenylcarbamate,,,,,,,O=C(Oc1ccccc1)N(c1ccccc1)c1ccccc1
phenyldipropylphosphinate,,,,,,,CCCP(=O)(CCC)Oc1ccccc1
phenylethyl-mercaptan,,,,,,,SCCc1ccccc1
phenylethylbenzoate,,,,,,,c1(ccccc1)CCOC(=O)c1ccccc1
phenylethylbutyrate,,,,,,,O(CCc1ccccc1)C(=O)CCC
phenylethylcinnamate,,,,,,,c1(ccccc1)CCOC(=O)/C=C/c1ccccc1
phenylethylformiate,,,,,,,c1(ccccc1)CCOC=O
phenylethylisobutyrate,,,,,,,c1(ccccc1)CCOC(=O)C(C)C
phenylethylphenylacetate,,,,,,,c1(ccccc1)CCOC(=O)Cc1ccccc1
phenylethylpropionate,,,,,,,c1(ccccc1)CCOC(=O)CC
phenylethylsalicylate,,,,,,,c1(ccccc1)CCOC(=O)c1ccccc1O
phenylethylsulfide,,,,,,,CCSc1ccccc1
phenylethyltiglate,,,,,,,c1(ccccc1)CCOC(=O)/C(=C/C)/C
phenylformate,,,,,,,O=COc1ccccc1
phenylglyoxynitrile,,,,,,,C(#N)C(=O)c1ccccc1
phenylguanidine,,,,,,,[N](c1ccccc1)C(=[NH2])N
phenylguanidine_cation,,,,,,,N(c1ccccc1)C(=[NH2])N
phenylisothiocyanat,,,,,,,c1cc(N=C=S)ccc1
phenylmethylselenide,,,,,,,c1ccccc1[Se]C
"phenyln,n,n',n'-tetraethyldiamidophosphate",,,,,,,CCN(CC)P(=O)(Oc1ccccc1)N(CC)CC
phenylphosphine,,,,,,,Pc1ccccc1
phenylphosphinicacid,,,,,,,O=[P@@H](O)c1ccccc1
phenylphosphonicacid,phenylphosphonicacid,BP-TZVP,001571-33-1,158.09,C6H7O3P,,O=P(O)(O)c1ccccc1
phenylphosphonicdichloride,,,,,,,ClP(=O)(Cl)c1ccccc1
phenylpropargylsulfone,phenylpropargylsulfone,BP-TZVP,002525-40-8,180.22,C9H8O2S,,c1c(cccc1)S(=O)(=O)CC#C
phenylpropylether,,,,,,,c1ccc(cc1)OCCC
phenylpropynylsulfone,,,,,,,c1c(cccc1)S(=O)(=O)C#CC
phenylselenium,,,,,,,c1ccc(cc1)[SeH]
phenylselenoacid,,,,,,,O[Se][O].[C]1=CC=CC=C1
phenylsilane,,,,,,,[SiH3]c1ccccc1
phenylsulfinicacid_anion,,,,,,,c1ccc(cc1)[S]([O])[O]
phenylsulfonicacid_anion,,,,,,,c1ccc(cc1)S([O])([O])[O]
phenyltrichlorosilane,,,,,,,Cl[Si](Cl)(Cl)c1ccccc1
phenylurea,,,,,,,c1ccc(cc1)NC(=O)N
phenylvinylsulfone,,,,,,,C(=C)S(=O)(=O)c1ccccc1
phenytoin_anion,,,,,,,[N]1C(=O)NC(C1=O)(c1ccccc1)c1ccccc1
phorate,,,,,,,CCO[P]([S])(OCC)SCSCC
phorone,,,,,,,O=C(C=C(C)C)C=C(C)C
phoshorinane,,,,,,,C1CCCCP1
phosphinodithioicacidbis(trifluoromethyl)ester,,,,,,,S(PSC(F)(F)F)C(F)(F)F
"phosphinousacid,bis(trifluoromethyl)ester",,,,,,,P(O)(C(F)(F)F)C(F)(F)F
phosphonate_anion,,,,,,,O=[P@@H]([O])O
phosphoricacid-tris(2-methylphenyl)ester,,,,,,,P(=O)(Oc1c(C)cccc1)(Oc1c(C)cccc1)Oc1c(C)cccc1
phosphoricacid,,,,,,,P(=O)(O)(O)O
"phosphorochloridothioicacid,o,o-diethylester",,,,,,,CCO[P](Cl)(OCC)[S]
phosphorousacid,PHOSPHOROUSACID,BP-TZVP,013598-36-2,82,H3O3P,,P(=O)(O)O
phosphorus-pentasulfide,,,,,,,S1[P@]2(S[P@]3(S[P@@]1(S[P@@](S2)(S3)[S])[S])[S])[S]
phosphorus-thiochloride,,,,,,,Cl[P](Cl)(Cl)[S]
phosphoruspentoxide,,,,,,,[P@]12(=O)O[P@@]3(=O)O[P@](=O)(O[P@@](=O)(O1)O3)O2
phosphorustrifluoride,,,,,,,P(F)(F)F
phthalan,,,,,,,C1OCc2ccccc12
phthalazine,,,,,,,n1ncc2c(c1)cccc2
phthalicacid_anion,,,,,,,c1ccc(c(c1)C(=O)O)C(=O)[O]
phthalicacid,,,,,,,c1ccc(c(c1)C(=O)O)C(=O)O
phthalicanhydride,,,,,,,c1c2c(ccc1)C(=O)OC2=O
phthalide,,,,,,,c1cc2c(cc1)C(=O)OC2
phthalimide_anion,,,,,,,c1ccc2c(c1)C(=O)[N]C2=O
phthalimide,,,,,,,c1ccc2c(c1)C(=O)NC2=O
phytol,,,,,,,CC(C)CCC[C@@H](C)CCC[C@@H](C)CCC/C(=C/CO)/C
picadex,,,,,,,N1CCN(C(=S)S)CC1
picolinamide,,,,,,,c1(ccccn1)C(=O)N
picolinicacidethylester,,,,,,,O=C(OCC)c1ncccc1
picolinicacid,PICOLINICACID,BP-TZVP,000098-98-6,123.11,C6H5NO2,,O=C(O)c1ncccc1
piconol,,,,,,,OCc1ccccn1
picramide,,,,,,,c1c(cc(c(c1N(=O)=O)N)N(=O)=O)N(=O)=O
pimaricacid,,,,,,,C1C[C@@](C)(C(=O)O)[C@@H]2CCC3=C[C@](C=C)(C)CC[C@@H]3[C@@]2(C)C1
pinacolylalcohol,,,,,,,O[C@@H](C(C)(C)C)C
pinacol,,,,,,,OC(C(O)(C)C)(C)C
pinane,,,,,,,[C@H]12C[C@@H]([C@@H](CC2)C)C1(C)C
pinenol,,,,,,,C1(=CC[C@@]2(C[C@H]1C2(C)C)O)C
pinoacetaldehyde,,,,,,,C1(=CC[C@@H]2C([C@H]1C2)(C)C)CCC=O
pinocamphon,,,,,,,[C@@H]1(C(=O)C[C@@H]2C([C@H]1C2)(C)C)C
pinocarveol,,,,,,,CC1(C)[C@H]2C[C@@H](O)C(=C)[C@@H]1C2
pinocarveylacetate,,,,,,,C1(=C)[C@@H](C[C@H]2C([C@@H]1C2)(C)C)OC(=O)C
pinocarvon,,,,,,,C1C(=O)C(=C)[C@H]2C([C@@H]1C2)(C)C
piperazine,,,,,,,N1CCNCC1
piperazine_cation,,,,,,,[NH2]1CCNCC1
piperidine,,,,,,,N1CCCCC1
piperidine_cation,,,,,,,C1[NH2]CCCC1
piperine,,,,,,,O=C(/C=C/C=C/c1ccc2OCOc2c1)N1CCCCC1
piperitenone,,,,,,,CC(=C1CCC(=CC1=O)C)C
piperitone,piperitone,BP-TZVP,000089-81-6,152.23,C10H16O,,O=C1C=C(CC[C@H]1C(C)C)C
piperitonoxide,,,,,,,[C@@H]1(CC[C@@]2([C@H](C1=O)O2)C)C(C)C
piperonal,,,,,,,C(=O)c1cc2c(cc1)OCO2
piracetam,,,,,,,O=C(CN1CCCC1=O)N
pirimicarb,,,,,,,C1(=N[C](N=C([C]1C)OC(=O)N(C)C)N(C)C)C
piroxicam,,,,,,,CN1C(=C(O)c2ccccc2S1(=O)=O)C(=O)Nc1ccccn1
pivacyclene_a,,,,,,,[C@H]1(C[C@H]2[C@H]3[C@@H]([C@@H]1C2)CC=C3)OC(=O)C(C)(C)C
pivacyclene_b,,,,,,,[C@@H]1(C[C@H]2[C@@H]3[C@H]([C@@H]1C2)C=CC3)OC(=O)C(C)(C)C
pivalonitrile,,,,,,,N#CC(C)(C)C
plicatone,,,,,,,[C@@H]12[C@@H]([C@H]3CC[C@@H]1C3)C[C@H](C(=O)C2)C
plinylacetate,,,,,,,[C@]1([C@@H]([C@@H](CC1)C(=C)C)C)(C)OC(=O)C
pocl3,,,,,,,P(=O)(Cl)(Cl)Cl
pogostol,,,,,,,C1[C@@H](C[C@H]2[C@H]([C@](C1)(O)C)CC[C@H]2C)C(=C)C
poirenate,,,,,,,C1(CCCCC1)[C@@H](C(=O)OCC)C
polysantol,,,,,,,C(CCCCCCC/C=C/C#N)CC
porphyrin,,,,,,,c1c/c/2=C/C3=N/C(=C\c4ccc(/C=C\5/C=CC(=N5)/C=c/1\[nH]2)[nH]4)/C=C3
pravastatin,,,,,,,C(C[C@@H]1[C@H](C=CC2=C[C@H](C[C@@H]([C@@H]12)OC(=O)[C@@H](CC)C)O)C)[C@@H]1OC(=O)C[C@H](C1)O
praziquantel,,,,,,,O=C1N2CCc3ccccc3[C@H]2CN(C(=O)C2CCCCC2)C1
precyclemone_a,,,,,,,C1(=CCC[C@](C1)(C=O)C)CCC=C(C)C
precyclemone_b,,,,,,,C1=C(CC[C@](C1)(C=O)C)CCC=C(C)C
prednisolone,,,,,,,C[C@]12C[C@H](O)[C@H]3[C@@H](CCC4=CC(=O)C=C[C@]34C)[C@@H]1CC[C@]2(O)C(=O)CO
prednisone,PREDNISONE,BP-TZVP,000053-03-2,358.43,C21H26O5,,C[C@]12C=CC(=O)C=C1CC[C@H]1[C@@H]3CC[C@](O)(C(=O)CO)[C@@]3(C)CC(=O)[C@H]21
prenylacetate,,,,,,,CC(=O)OCC=C(C)C
prenylbenzoate,,,,,,,c1(ccccc1)C(=O)OCC=C(C)C
prenylisobutyrate,,,,,,,CC(=CCOC(=O)C(C)C)C
prenylthiol,,,,,,,CC(=CCS)C
prismantol,,,,,,,C1[C@H]2[C@@H]([C@H]3[C@H]([C@@H]1C[C@H](C3)C2=C)C)O
procaine,,,,,,,CCN(CC)CCOC(=O)c1ccc(N)cc1
profarnesal,,,,,,,CC(=CCC/C(=C/CC[C@@H](C=O)C)/C)C
profluralin,,,,,,,c1c(cc(c(c1N(=O)=O)N(CCC)CC1CC1)N(=O)=O)C(F)(F)F
progesterone,,,,,,,C1(=O)CC[C@]2(C(=C1)CC[C@@H]1[C@@H]2CC[C@]2([C@H]1CC[C@@H]2C(=O)C)C)C
prolinate_anion,,,,,,,O=C([O])[C@H]1NCCC1
proline,DL-Proline,BP-TZVP,000609-36-9,115.13,C5H9NO2,,[O]C(=O)[C@@H]1[NH2]CCC1
promazine,,,,,,,CN(C)CCCN1c2ccccc2Sc2ccccc12
prometon,,,,,,,[C]1(=NC(=N[C](N=1)NC(C)C)NC(C)C)OC
prometryn,,,,,,,C1(=[N]=C(N=C([N]1)NC(C)C)S)NC(C)C
propachlor,,,,,,,c1ccccc1N(C(C)C)C(=O)CCl
propadiene,,,,,,,C=C=C
"propanal,2-(hydroxyimino)-,oxime",,,,,,,O/N=C(/C=N/O)\C
propanal,,,,,,,O=CCC
propanamide,,,,,,,CCC(=O)N
propanediamide,,,,,,,NC(=O)CC(=O)N
propanedioicacid_anion,,,,,,,OC(=O)CC(=O)[O]
propanedioicacid,PROPANEDIOICACID,BP-TZVP,000141-82-2,104.06,C3H4O4,,OC(=O)CC(=O)O
propanesulfonylchloride,PROPANESULFONYLCHLORIDE,BP-TZVP,010147-36-1,142.61,C3H7ClO2S,,CCCS(=O)(=O)Cl
propanesultone,,,,,,,[O]S1([O])OCCC1
propane,,,,,,,C(C)C
propanil,,,,,,,c1(cc(NC(=O)CC)ccc1Cl)Cl
propanimidoylbromide,,,,,,,CCC(=N)Br
"propanoicacid,anhydride",,,,,,,CCC(=O)OC(=O)CC
propanoicacid-2-propenylester,,,,,,,O=C(OCC=C)CC
propanoicacidethenylester,,,,,,,C=COC(=O)CC
propanoicacidhexylester,,,,,,,O=C(OCCCCCC)CC
propanoicacidphenylester,,,,,,,O=C(Oc1ccccc1)CC
propanol-trimethylsilane,,,,,,,[Si](C)(C)(C)CCCO
propanol_anion,,,,,,,[O]CCC
propanol,,,,,,,OCCC
propanone_anion,,,,,,,C=C([O])C
propanone,,,,,,,O=C(C)C
propanone_cation,,,,,,,O[C](C)C
propanoylfluoride,propanoylfluoride,BP-TZVP,000430-71-7,76.07,C3H5FO,,O=C(F)CC
propargylicacid_anion,,,,,,,[O]C(=O)C#C
propargylicacid,,,,,,,O=C(O)C#C
propazine,,,,,,,C1(=[N]=C(N=C([N]1)NC(C)C)Cl)NC(C)C
propen-2-ol,,,,,,,CC(=C)O
propene,,,,,,,CC=C
propenoylchloride,,,,,,,O=C(C=C)Cl
propenylguaethol,,,,,,,CCOc1ccc(/C=C/C)cc1O
propetamphos,,,,,,,CCN[P@@]([S])(OC)O/C(=C\C(=O)OC(C)C)/C
propiconazole,,,,,,,N1=C[N]N([CH]1)C[C@@]1(OC[C@H](O1)CCC)c1ccc(cc1Cl)Cl
propidyl_a,,,,,,,[C@@H]1(C[C@@H]2[C@@H]3[C@H]([C@H]1C2)C=CC3)OC(=O)CC
propidyl_b,,,,,,,[C@@H]1(C[C@@H]2[C@@H]3[C@H]([C@H]1C2)CC=C3)OC(=O)CC
propiolaldehydediethylacetal,,,,,,,CCOC(OCC)C#C
propiolonitrile,,,,,,,C#CC#N
propionaldehydeoxime,,,,,,,O/N=C/CC
propionanilide,,,,,,,O=C(Nc1ccccc1)CC
propionicacidhydrazide,,,,,,,CCC(=O)NN
propionicacid_anion,,,,,,,C(=O)([O])CC
propionicacid,PROPIONICACID,BP-TZVP,000079-09-4,74.08,C3H6O2,,C(=O)(O)CC
propionitrile,,,,,,,N#CCC
propionylchloride,,,,,,,O=C(CC)Cl
propionylpyrrole,,,,,,,c1cccn1C(=O)CC
propionylpyrroline,,,,,,,C1CC[C]([N]1)C(=O)CC
propiophenone,,,,,,,C(=O)(c1ccccc1)CC
propoxur,,,,,,,c1(ccccc1OC(=O)NC)OC(C)C
propoxyphene,,,,,,,CCC(=O)O[C@@](Cc1ccccc1)([C@@H](C)CN(C)C)c1ccccc1
propranolol,,,,,,,c12c(OC[C@H](CNC(C)C)O)cccc1cccc2
propyl-dimethyl-isopropylammonium_cation,,,,,,,CCC[N](C)(C(C)C)C
propylangelate,,,,,,,CCCOC(=O)/C(=C\C)/C
propylboronicacid,,,,,,,B(CCC)(O)O
propylchloroformate,,,,,,,O=C(OCCC)Cl
propylcyclopentane,PROPYLCYCLOPENTANE,BP-TZVP,002040-96-2,112.21,C8H16,,C1CCCC1CCC
propylcyclopropane,,,,,,,C1CC1CCC
propylene-glycol-alpha-methylbenzyl-ether,,,,,,,c1([C@@H](C)OC[C@@H](O)C)ccccc1
propylenecarbonate,,,,,,,C[C@H]1COC(=O)O1
propyleneglycoldibutyrate,,,,,,,C[C@H](COC(=O)CCC)OC(=O)CCC
propyleneglycolmonoallylether,,,,,,,C=CCOC[C@@H](O)C
propyleneglycolmonophenylether,,,,,,,O(c1ccccc1)[C@@H](CO)C
propyleneglycol_anion,,,,,,,O[C@H](C[O])C
propyleneglycol,,,,,,,O[C@@H](CO)C
propylfruitate,,,,,,,CCOC(=O)C[C@@]1(C)O[C@@H](CO1)C
propylhexanoate,propylhexanoate,BP-TZVP,000626-77-7,158.24,C9H18O2,,O=C(OCCC)CCCCC
propylhexedrine,,,,,,,C1CCC(C[C@@H](NC)C)CC1
propylidenphthalide,,,,,,,c12c(cccc1)/C(=C/CC)/OC2=O
propylisocyanate,"propane,1-isocyanato-",BP-TZVP,000110-78-1,85.1,C4H7NO,,O=C=NCCC
propylisopropylether,,,,,,,O(C(C)C)CCC
propylisothiocyanate,,,,,,,S=C=NCCC
propylisovalerate,,,,,,,O=C(OCCC)CC(C)C
propylmethacrylate,,,,,,,CC(=C)C(=O)OCCC
propylnitrate,,,,,,,CCCON(=O)=O
propylnitrite,,,,,,,CCCO[N][O]
propylphosphonicacid,,,,,,,CCCP(=O)(O)O
propylpropionate,,,,,,,CCC(=O)OCCC
propylsulfone,,,,,,,CCCS(=O)(=O)CCC
propylthiourea,propylthiourea,BP-TZVP,000927-67-3,102.14,C4H10N2O,,O=C(NCCC)N
propyltrichlorosilane,,,,,,,Cl[Si](Cl)(Cl)CCC
propyne,,,,,,,C#CC
propynol_anion1,,,,,,,C#CC[O]
propynol_anion2,,,,,,,[C]#CCO
propynol,,,,,,,C#CCO
protoadamantane,,,,,,,[C@H]12CC[C@@H]3[C@H](C1)C[C@H](C2)C3
pseudoionone,,,,,,,CC(=CCC/C(=C/C=C/C(=O)C)/C)C
ptbca,,,,,,,[C@@H]1(CC[C@@H](CC1)OC(=O)C)C(C)(C)C
pteridine,pteridine,BP-TZVP,000091-18-9,132.12,C6H4N4,,c1cnc2cncnc2n1
pulegone,pulegone,BP-TZVP,000089-82-7,152.23,C10H16O,,O=C1C(=C(C)C)CC[C@@H](C)C1
pyranthrene,,,,,,,c1ccc2c(c1)cc1c3c2cc2c4c3c(cc1)cc1c4c(cc2)cc2c1cccc2
pyrazin-1-ylethan-1-one,,,,,,,O=C(c1nccnc1)C
pyrazinamide,,,,,,,NC(=O)c1cnccn1
"pyrazine-1,4-dioxide",,,,,,,[O-][n+]1cc[n+](cc1)[O-]
pyrazine-2-one,,,,,,,[nH]1c(=O)cncc1
pyrazine-ethanethiol,,,,,,,SCCc1cnccn1
pyrazinecarbonitrile,PYRAZINECARBONITRILE,BP-TZVP,019847-12-2,105.1,C5H3N3,,n1ccncc1C#N
pyrazine,PYRAZINE,BP-TZVP,000290-37-9,80.09,C4H4N2,,n1ccncc1
pyrazine_cation,,,,,,,[CH]1NC=CN=C1
pyrazinoicacid,PYRAZINOICACID,BP-TZVP,000098-97-5,124.1,C5H4N2O2,,c1nccnc1C(=O)O
pyrazinyl-methyl-sulfide,,,,,,,CSc1cnccn1
pyrazole_anion,,,,,,,C1=CN=N[CH]1
pyrazole,,,,,,,n1[nH]ccc1
pyrazole_cation,,,,,,,[CH]1C=CNN1
pyrazon,,,,,,,c1c(cccc1)n1c(=O)c(c(cn1)N)Cl
pyrene,,,,,,,c12c3c4ccc1cccc2ccc3ccc4
pyridazine,,,,,,,n1ncccc1
"pyridine,2-methyl-5-vinyl",,,,,,,n1c(ccc(C=C)c1)C
pyridine-1-oxide,,,,,,,c1[n+](cccc1)[O-]
"pyridine-2,5-dicarboxylicacid",,,,,,,O=C(O)c1ccc(nc1)C(=O)O
"pyridine-2,6-dicarboxylicacid",,,,,,,O=C(O)c1nc(ccc1)C(=O)O
"pyridine-3,4-dicarbonitrile",,,,,,,n1cc(C#N)c(C#N)cc1
pyridine,,,,,,,n1ccccc1
pyridine_cation,,,,,,,[CH]1C=CC=CN1
pyridiniumdicyanomethylide,Pyridiniumdicyanomethylide,BP-TZVP,027032-01-5,143.15,C8H5N3,,C1=CC=CN([CH]1)[C](C#N)C#N
"pyrido(2,3-b)pyrazine",,,,,,,C1=NC2=N[CH]C=NC2=C[CH]1
pyridoxine,,,,,,,Cc1ncc(CO)c(CO)c1O
"pyrimidine-2,4,6-triyltriamine",,,,,,,n1c(N)cc(nc1N)N
pyrimidine,,,,,,,c1ncccn1
pyrimidine_cation,,,,,,,C1=C[CH]NC=N1
pyrophosphoricacid,,,,,,,OP(=O)(O)OP(=O)(O)O
pyroprunate,,,,,,,C1CC(CC1)[C@H]1CCC[C@H]1OC(=O)/C=C/C
pyrotartaricacid,,,,,,,O=C(O)[C@@H](CC(=O)O)C
pyrotataricanhydride,,,,,,,O=C1OC(=O)C[C@H]1C
pyroxychlor,,,,,,,c1(cc(cc(n1)Cl)C(Cl)(Cl)Cl)OC
pyrrole-2-carbonitrile,2-cyanopyrrole,BP-TZVP,004513-94-4,92.1,C5H4N2,,[nH]1c(C#N)ccc1
pyrrole_anion,,,,,,,C1=CC=N[CH]1
pyrrole,,,,,,,[nH]1cccc1
pyrrole_cation,,,,,,,[CH]1C=CNC1
pyrrolidine-1-carbaldehyde,,,,,,,O=CN1CCCC1
pyrrolidine-1-carbonitrile,,,,,,,N#CN1CCCC1
pyrrolidine,,,,,,,N1CCCC1
pyrrolidine_cation,,,,,,,C1CC[NH2]C1
pyruvicacid_anion,,,,,,,O=C(C(=O)[O])C
pyruvicacid,,,,,,,O=C(C(=O)O)C
quadricyclane,,,,,,,C1[C@@H]2[C@H]3[C@@H]2[C@H]2[C@@H]1[C@@H]32
quinazolidin-4-one,quinazolidin-4-one,BP-TZVP,000491-36-1,146.15,C8H6N2O,,c1ccc2c(=O)[nH]cnc2c1
quinazoline,,,,,,,n1c2c(cnc1)cccc2
quindoxin,,,,,,,c1cccc2c1[n+](cc[n+]2[O-])[O-]
quinethazone_anion,,,,,,,CC[C@@H]1Nc2cc(c(cc2C(=O)N1)S(=O)(=O)[NH])Cl
quinethazone,,,,,,,CC[C@@H]1Nc2cc(c(cc2C(=O)N1)S(=O)(=O)N)Cl
quinidine,,,,,,,c12c(c(ccn1)[C@@H]([C@H]1C[C@H]3[C@H](C[N@@]1CC3)C=C)O)cc(cc2)OC
quinine,,,,,,,COc1ccc2nccc([C@H]([C@@H]3C[C@H]4[C@H](C[N@@]3CC4)C=C)O)c2c1
quinolinicacid,,,,,,,O=C(O)c1cccnc1C(=O)O
quinoxaline,,,,,,,c12c(cccc2)nccn1
quintozene,,,,,,,c1(c(c(c(c(c1Cl)Cl)Cl)Cl)Cl)N(=O)=O
quinuclidin-3-one,,,,,,,O=C1C[N@]2CC[C@@H]1CC2
quinuclidine,,,,,,,C1[C@@H]2CC[N@](C1)CC2
"r,r-diisopropylenglycol",,,,,,,O(C[C@H](O)C)C[C@H](O)C
r-hexobarbital_anion,,,,,,,C[C@]1(C(=O)[N]C(=O)N(C1=O)C)C1=CCCCC1
r-hexobarbital,,,,,,,C[C@]1(C(=O)NC(=O)N(C1=O)C)C1=CCCCC1
racinon,,,,,,,c1(ccccc1)C(C)(C)CC(=O)C
reseda_body,,,,,,,c1(ccccc1)C[C@H]1OC(C[C@@H](O1)C)(C)C
resorcinol_anion,,,,,,,[O]c1cccc(O)c1
resorcinol,,,,,,,Oc1cccc(O)c1
retronecine,,,,,,,OCC1=CC[N@]2CC[C@@H](O)[C@@H]12
rhodiasolv-dib1_cas_141_04_8,,,,,,,C(=O)(CCCCC(=O)OCC(C)C)OCC(C)C
rhodiasolv-dib2_cas_925_06_4,,,,,,,C(=O)(CCC(=O)OCC(C)C)OCC(C)C
rhodiasolv-dib3_cas_71195_64_7,,,,,,,C(=O)(CCCC(=O)OCC(C)C)OCC(C)C
rhodiasolv-iris,,,,,,,COC(=O)CC[C@@H](C(=O)OC)C
rhodiasolv-polarclean_1,,,,,,,COC(=O)[C@@H](C)CCC(=O)N(C)C
rhodiasolv-polarclean_2,,,,,,,CN(C)C(=O)CC[C@@H](C)C(=O)N(C)C
rhodinylacetate,,,,,,,C([C@@H](CCCC(=C)C)C)COC(=O)C
rhubafuran,,,,,,,[C@@H]1(C[C@@](CO1)(c1ccccc1)C)C
rhubofix_a,,,,,,,[C@H]12[C@H](CC=C(C1)C)[C@H]1C[C@@]3([C@@H]2C1)[C@@H](O3)C
rhubofix_b,,,,,,,[C@H]12[C@H](CC(=CC1)C)[C@H]1C[C@@]3([C@@H]2C1)[C@@H](O3)C
rhuboflor,,,,,,,[C@@H]12[C@@H](OCCC1)[C@@H]1C[C@@H]([C@H]2C1)C=C
ricidine,,,,,,,[CH]1C=C(OC)[C](C#N)C(=O)N1C
ricinoleicacidethylester,,,,,,,O[C@H](CCCCCC)C/C=C\CCCCCCCC(=O)OCC
ricinoleicacidisopropylester,,,,,,,O[C@H](CCCCCC)C/C=C\CCCCCCCC(=O)OC(C)C
ricinoleicacidmethylester,,,,,,,O[C@H](CCCCCC)C/C=C\CCCCCCCC(=O)OC
ricinoleicacid,,,,,,,O[C@H](CCCCCC)C/C=C\CCCCCCCC(=O)O
rimuen,,,,,,,[C@@]12([C@@H](C[C@@](CC1)(C)C=C)CC=C1[C@H]2CCCC1(C)C)C
romascone,,,,,,,C1(=C)CCCC([C@H]1C(=O)OC)(C)C
romilat,,,,,,,CC(=C)CCOC(=O)C(C)(C)C
rootanol,,,,,,,[C@@H]1(CC[C@@H]([C@H](C1)C(C)(C)C)O)C
rosalyptus,,,,,,,CC[C@@H](CCCC)C(=O)N(CC)CC
rosaphen,,,,,,,c1(ccccc1)CCC[C@H](C)CO
roseate,,,,,,,C=CCCCCCCCCOC(=O)C
roseglycol,,,,,,,C([C@@H](CC[C@H](O)C(=C)C)C)CO
rossitol,,,,,,,C1[C@@H](OCC[C@]1(OC(=O)C)C)CCC
rosyrane,,,,,,,c1(ccccc1)[C@H]1OCC=C(C1)C
"s,s,s-triethyltrithiophosphate",,,,,,,CCSP(=O)(SCC)SCC
"s,s,s-triphenyltrithiophosphate",,,,,,,O=P(Sc1ccccc1)(Sc1ccccc1)Sc1ccccc1
"s,s-diethylcarbonodithioate",,,,,,,S(CC)C(=O)SCC
"s,s-diethyldiethylamidodithiophosphate",,,,,,,CCSP(=O)(SCC)N(CC)CC
"s,s-diethylisopropylphosphonodithioate",,,,,,,CCSP(=O)(SCC)C(C)C
"s,s-diphenyldiethylamidodithiophosphate",,,,,,,CCN(CC)P(=O)(Sc1ccccc1)Sc1ccccc1
"s,s-diphenylisopropylphosphonodithioate",,,,,,,CC(C)P(=O)(Sc1ccccc1)Sc1ccccc1
s-camphorsulfonic_acid,,,,,,,CC1(C)[C@H]2CC[C@]1(CS(O)([O])[O])C(=O)C2
"s-ethyl-n,n,n,n-tetramethylisothiouronium_cation",,,,,,,CN(C)[C](SCC)N(C)C
s-ethyldipropylphosphinothioate,,,,,,,CCCP(=O)(CCC)SCC
"s-ethyln,n,n',n'-tetraethyldiamidothiophosphate",,,,,,,CCSP(=O)(N(CC)CC)N(CC)CC
s-ethylo-methylthiocarbonate,,,,,,,CCSC(=O)OC
s-methyldiethylthiocarbamate,,,,,,,CCN(CC)C(=O)SC
s-orthophenylenethiocarbamate,,,,,,,O=c1[nH]c2c(cccc2)s1
s-phenyldipropylphosphinothioate,,,,,,,CCCP(=O)(CCC)Sc1ccccc1
"s-phenyln,n,n',n'-tetraethyldiamidothiophosphate",,,,,,,CCN(CC)P(=O)(Sc1ccccc1)N(CC)CC
sabinene,,,,,,,C1[C@@]2([C@H](C(=C)C1)C2)C(C)C
sabinenhydrate,,,,,,,C(=C(C)C)C/C=C(\C=C)/C
sabinen,,,,,,,[C@@]12(CCC(=C)[C@H]1C2)C(C)C
sabinylacetate,,,,,,,[C@@]12(C[C@@H](C(=C)[C@H]1C2)OC(=O)C)C(C)C
saccharin_anion,,,,,,,c1cccc2c1S(=O)(=O)[N]C2=O
saccharin,,,,,,,c1cccc2c1S(=O)(=O)NC2=O
safraleine,,,,,,,c12c(cccc1)C([C@H](C2=O)C)(C)C
safrole,,,,,,,O1c2c(OC1)cc(cc2)CC=C
salicylalcohol,,,,,,,OCc1c(O)cccc1
salicylate_anion,,,,,,,c1cc(c(cc1)C(=O)[O])O
salicylhydroxamicacid_anion2,,,,,,,O[N]C(=O)c1c(O)cccc1
salicylhydroxamicacid_anion,,,,,,,ONC(=O)c1c([O])cccc1
salicylhydroxamicacid,salicylhydroxamicacid,BP-TZVP,000089-73-6,153.14,C7H7NO3,,ONC(=O)c1c(O)cccc1
salicylicacid,,,,,,,c1ccc(c(c1)C(=O)O)O
salicylicaldehyde,,,,,,,c1(ccccc1C=O)O
salicynalva,,,,,,,CCCC[C@@H](C#N)c1ccccc1
sandalmysore,,,,,,,C(=C(\CO)/C)/C[C@H]1CC=C(C1(C)C)C
sandalore,,,,,,,C(C[C@H]1CC=C(C1(C)C)C)[C@@H]([C@H](O)C)C
santalen_alpha,,,,,,,[C@@]12([C@@]([C@H]3C[C@@H]2[C@@H]1C3)(CCC=C(C)C)C)C
santalen_beta,,,,,,,C1(=C)[C@@]([C@H]2CC[C@@H]1C2)(CCC=C(C)C)C
santalex-1,,,,,,,[C@H]1(C([C@H]2C[C@@H]([C@@H]1C2)[C@H]1C[C@@H](CCC1)O)(C)C)C
santalex-2,,,,,,,[C@H]1(C([C@H]2C[C@@H]([C@@H]1C2)[C@H]1CCC[C@@H](C1)O)(C)C)C
santalex-3,,,,,,,[C@@H]1(C([C@@H]2C[C@H]([C@H]1C2)[C@@H]1C[C@@H](O)CCC1)(C)C)C
santalex-4,,,,,,,[C@@H]1(C([C@@H]2C[C@H]([C@H]1C2)[C@H]1C[C@@H](CCC1)O)(C)C)C
santalol_alpha,,,,,,,[C@@]12([C@@]([C@H]3C[C@@H]2[C@@H]1C3)(CC/C=C(/C)\CO)C)C
santalol_beta,,,,,,,C1(=C)[C@@]([C@H]2CC[C@@H]1C2)(CC/C=C(/C)\CO)C
sbf6_anion,,,,,,,[Sb](F)(F)F.[F].[F].[F]
scentenal,,,,,,,c12c(cc(c(c1)C)C(=O)C)C([C@H](C2(C)C)C)(C)C
sclareolate,,,,,,,[C@@H]1(C[C@@](CCC1)(C)O)CC(C)C
sclareolide,,,,,,,CC1(C)CCC[C@@]2(C)[C@H]1CC[C@]1(C)OC(=O)C[C@@H]21
sclareol,,,,,,,[C@]12([C@H](C(CCC1)(C)C)CC[C@@]([C@@H]2CC[C@](C=C)(O)C)(C)O)C
seamoss,,,,,,,c1(c(c(c(cc1)O)C)O)C(=O)OC
sec-butenylacetate,,,,,,,C=C[C@@H](C)OC(=O)C
sec-butenylglycolether,,,,,,,C=C[C@@H](C)OCCO
sec-butoxytrimethyl-silane,,,,,,,CC[C@@H](C)O[Si](C)(C)C
sec-butyl-tert-butylether,,,,,,,CC[C@@H](C)OC(C)(C)C
sec-butylacetate,,,,,,,O=C(O[C@@H](CC)C)C
sec-butylamine_cation,,,,,,,[C@@H](C)([NH3])CC
sec-butylcyclohexane,,,,,,,C1(CCCCC1)[C@@H](C)CC
sec-butylmethylether,,,,,,,CO[C@H](CC)C
sec-butylnitrate,,,,,,,O=N(=O)O[C@@H](C)CC
sec-butylpropanoate,,,,,,,O=C(O[C@@H](C)CC)CC
sec-butyltert-butylsulfoxide,,,,,,,CC[C@@H](C)[S@](=O)C(C)(C)C
sec-phenethylalcohol,,,,,,,c1ccc(cc1)[C@H](C)O
secbumeton,,,,,,,N1=C(N=[C](=N[C]1N[C@H](C)CC)OC)NCC
selanonaphthene,,,,,,,c1ccc2c(c1)cc[se]2
selenicacid,,,,,,,[O][Se][O].[OH].[OH]
seleniousacid,,,,,,,[O][Se]O.[OH]
seleniumcarbide,,,,,,,[C]([Se])[Se]
seleniumdioxide,,,,,,,[Se]([O])[O]
seleniumdisulfide,,,,,,,[Se]([S])[S]
seleniumhexafluoride,,,,,,,[Se](F)F.[F].[F].[F].[F]
seleniumoxychloride,,,,,,,[Se](Cl)[O].[Cl]
selenomethionine,,,,,,,C(=O)([C@H](CC[Se]C)[NH3])[O]
selenourea,,,,,,,C(=[NH2])(N)[Se]
selinen_alpha,,,,,,,[C@H]12[C@@](CCC=C1C)(CC[C@@H](C2)C(=C)C)C
semicarbazide,,,,,,,NC(=O)NN
serinate_anion,,,,,,,O=C([O])[C@@H](N)CO
serine,D-Serine,BP-TZVP,000312-84-5,105.09,C3H7NO3,,O=C([O])[C@H]([NH3])CO
sesquiphellandren_beta,,,,,,,[C@@H]1(C=CC(=C)CC1)[C@H](CCC=C(C)C)C
sevaflor,,,,,,,c1(cc(c(cc1)OCC=O)C)C(C)(C)C
sevoflurane,,,,,,,C(OC(C(F)(F)F)C(F)(F)F)F
seycellen,,,,,,,[C@]12([C@]3(CC[C@@H](C1=C)C[C@H]3[C@@H](CC2)C)C)C
sf6,,,,,,,S(F)(F)(F)(F)(F)F
siduron,,,,,,,N(C(=O)Nc1ccccc1)[C@H]1[C@@H](C)CCCC1
sif4,,,,,,,[Si](F)(F)(F)F
silafluofen,,,,,,,c1cc(OCC)ccc1[Si](C)(C)CCCc1ccc(F)c(Oc2ccccc2)c1
silaneoctyldimethyl,,,,,,,CCCCCCCC[SiH](C)C
silaneoctyltrimethyl,,,,,,,CCCCCCCC[Si](C)(C)C
silane,,,,,,,[SiH4]
silaprocyclidine,,,,,,,O[Si@@](CCN1CCCC1)(C1CCCCC1)/C=C/C=C/C=C
silicicacidtetramethylester,,,,,,,CO[Si](OC)(OC)OC
silicontetraacetate,SILICONTETRAACETATE,BP-TZVP,000562-90-3,264.26,C8H12O8Si,,[Si](OC(=O)C)(OC(=O)C)(OC(=O)C)OC(=O)C
silvex,,,,,,,c1(cc(c(cc1Cl)O[C@@H](C(=O)O)C)Cl)Cl
silvial,,,,,,,c1(ccc(cc1)CC(C)C)C[C@H](C)C=O
silwanol,,,,,,,CC/C=C/[C@@](CC=C(C)C)(CC)CO
silyltrifluoroacetate,,,,,,,FC(F)(F)C(=O)O[SiH3]
simatone,,,,,,,C(N[C]1N=C(NCC)N=[C](=N1)OC)C
simazine,,,,,,,C1(=[N]=C(N=C([N]1)NCC)Cl)NCC
simetryn,,,,,,,C(NC1=[N]=C(NCC)[N]C(=N1)SC)C
sinensal_beta,,,,,,,O=C/C(=C/CC/C(=C/CCC(=C)C=C)/C)/C
sitosterol,,,,,,,C1[C@H](O)CC2=CC[C@H]3[C@@H]4CC[C@H]([C@H](CC[C@H](C(C)C)CC)C)[C@@]4(C)CC[C@@H]3[C@]2(C1)C
so2,,,,,,,O=S=O
so4_dianion,,,,,,,S(=O)(=O)([O])[O]
sorbinicacid,"(E,E)-2,4-HEXADIENOICACID",BP-TZVP,000110-44-1,112.13,C6H8O2,,C/C=C/C=C/C(=O)O
sorbitol,,,,,,,OC[C@H]([C@H]([C@H]([C@H](CO)O)O)O)O
sparteine,,,,,,,C1CCC[C@@H]2[N@@]1C[C@H]1C[C@@H]2C[N@]2[C@H]1CCCC2
sparteine_cation,,,,,,,C1[N@H]2[C@H]([C@@H]3C[C@H]1[C@H]1[N@](C3)CCCC1)CCCC2
spathulenol,,,,,,,C1C(=C)[C@@H]2[C@@H]([C@@H]3[C@H](C1)C3(C)C)[C@@](CC2)(O)C
spirambrene,,,,,,,C12([C@@H](CC[C@@H]3[C@H]1C3(C)C)C)COC(OC2)(C)C
spirodecane,,,,,,,C12(CCCCC1)OCC[C@@H](O2)C
spiroflor,,,,,,,[C@]12(CC=CCC1)CO[C@@H](OC2)CC
spirogermanium,,,,,,,C1CC2(CC[Ge]1(CC)CC)CN(CC2)CCCN(C)C
spiropentane,,,,,,,C1CC21CC2
"spiro[5,5]undecane",,,,,,,C1C2(CCCCC2)CCCC1
stemone_e,,,,,,,CC[C@@H](C/C(=N/O)/CC)C
stemone_z,,,,,,,C(=C\[C@H]1CC=C(C1(C)C)C)/C([C@H](O)C)(C)C
stigmasterol,,,,,,,CC[C@H](/C=C/[C@@H](C)[C@H]1CC[C@@H]2[C@H]3CC=C4C[C@H](O)CC[C@@]4(C)[C@H]3CC[C@]12C)C(C)C
styreneoxide,,,,,,,c1c(cccc1)[C@@H]1OC1
styrene,,,,,,,c1(ccccc1)C=C
styrolylacetate,,,,,,,c1(ccccc1)[C@@H](OC(=O)C)C
styrolylpropionate,,,,,,,c1ccccc1[C@@H](C)OC(=O)CC
succinamide,,,,,,,O=C(N)CCC(=O)N
succinicacid_anion,,,,,,,C(=O)(CCC(=O)[O])O
succinicacid,,,,,,,C(=O)(CCC(=O)O)O
succinicsemialdehyde_anion,,,,,,,C(CC(=O)[O])C=O
succinicsemialdehyde,,,,,,,C(CC(=O)O)C=O
succinimide_anion,,,,,,,C1C(=O)[N]C(=O)C1
succinylchloride,,,,,,,O=C(CCC(=O)Cl)Cl
sucralose,,,,,,,OC[C@H]1O[C@H](O[C@]2(CCl)O[C@H](CCl)[C@@H](O)[C@@H]2O)[C@H](O)[C@@H](O)[C@H]1Cl
sucroseacetateisobutyrate,SUCROSEACETATEISOBUTYRATE,BP-TZVP,000126-13-6,846.91,C40H62O19,,CC(C)C(=O)O[C@H]1[C@@H](COC(=O)C)O[C@@H](O[C@@]2(COC(=O)C(C)C)[C@@H](OC(=O)C(C)C)[C@@H](OC(=O)C(C)C)[C@@H](COC(=O)C)O2)[C@@H](OC(=O)C(C)C)[C@H]1OC(=O)C(C)C
sulcatol,,,,,,,O[C@@H](C)/C=C/CC(C)C
sulfabromomethazine,,,,,,,Cc1nc(NS(=O)(=O)c2ccc(N)cc2)nc(C)c1Br
sulfacetamide_anion,,,,,,,CC(=O)[N]S(=O)(=O)c1ccc(cc1)N
sulfacetamide,,,,,,,CC(=O)NS(=O)(=O)c1ccc(cc1)N
sulfachlorpyridazine,,,,,,,Nc1ccc(cc1)S(=O)(=O)Nc1ccc(Cl)nn1
sulfadiazine_anion,,,,,,,C1=CN=[C](=N[CH]1)[N]S(=O)(=O)c1ccc(cc1)N
sulfadiazine,,,,,,,c1cnc(nc1)NS(=O)(=O)c1ccc(cc1)N
sulfadimethoxine_anion,,,,,,,COC1=[N]=[C](=N/C(=N/S(=O)(=O)c2ccc(cc2)N)/[CH]1)OC
sulfadimethoxine,,,,,,,COC1=[N]=[C](=NC(=C1)NS(=O)(=O)c1ccc(cc1)N)OC
sulfadimidine_anion,,,,,,,C[C]1C=C(N=[C](=N1)[N]S(=O)(=O)c1ccc(cc1)N)C
sulfadimidine,,,,,,,Cc1cc(nc(n1)NS(=O)(=O)c1ccc(cc1)N)C
sulfaethoxypyridazine,,,,,,,CCOc1ccc(NS(=O)(=O)c2ccc(N)cc2)nn1
sulfamate_anion,,,,,,,[O]S([O])([O])N
sulfamethizole_anion,,,,,,,Cc1nnc(s1)[N]S(=O)(=O)c1ccc(cc1)N
sulfamethizole,,,,,,,Cc1nnc(s1)NS(=O)(=O)c1ccc(cc1)N
sulfamethoxazole,,,,,,,S(=O)(=O)(Nc1noc(c1)C)c1ccc(N)cc1
sulfamicacid,,,,,,,[NH3]S([O])([O])[O]
sulfamide,,,,,,,O=S(=O)(N)N
sulfanilamide_anion,,,,,,,c1cc(ccc1N)S(=O)(=O)[NH]
sulfanilamide,,,,,,,c1cc(ccc1N)S(=O)(=O)N
sulfaperin_anion,,,,,,,CC1=CN=[C](=N[CH]1)[N]S(=O)(=O)c1ccc(cc1)N
sulfaperin,,,,,,,Cc1cnc(nc1)NS(=O)(=O)c1ccc(cc1)N
sulfaproxyline,,,,,,,c1cc(ccc1S(=O)(=O)NC(=O)c1ccc(OC(C)C)cc1)N
sulfapyridine_anion,,,,,,,c1ccnc(c1)[N]S(=O)(=O)c1ccc(cc1)N
sulfapyridine,,,,,,,c1ccnc(c1)NS(=O)(=O)c1ccc(cc1)N
sulfaquinoxaline_anion,,,,,,,Nc1ccc(cc1)S(=O)(=O)[N]c1cnc2ccccc2n1
sulfaquinoxaline,,,,,,,Nc1ccc(cc1)S(=O)(=O)Nc1cnc2ccccc2n1
sulfathiazole,,,,,,,Nc1ccc(cc1)S(=O)(=O)Nc1sccn1
sulfoaceticacid,sulfoaceticacid,BP-TZVP,000123-43-3,140.12,C2H4O5S,,O=C(O)CS([O])([O])O
sulfometuronmethyl,,,,,,,n1c(C)cc(C)nc1NC(=O)NS(=O)(=O)c1ccccc1C(=O)OC
sulfurcyanide,sulfurcyanide,BP-TZVP,000627-52-1,84.1,C2N2S,,S(C#N)C#N
sulfurdichloride,,,,,,,ClSCl
sulfuricaciddibutylester,,,,,,,CCCCOS([O])([O])OCCCC
sulfuricacidmonoethylester,,,,,,,CCOS([O])([O])O
sulfurousaciddiethylester,,,,,,,S(=O)(OCC)OCC
sulfurtrioxide,,,,,,,O=S(=O)=O
sulfurylchlorideisocyanate,,,,,,,O=C=NS(=O)(=O)Cl
sulfurylchloride,,,,,,,ClS(=O)(=O)Cl
sulfurylfluoride,,,,,,,FS(=O)(=O)F
sulindac,,,,,,,CC1=C(CC(=O)O)C2=CC(=C[CH]C2=C1[CH]c1ccc(cc1)[S@](=O)C)F
sultiame_anion,,,,,,,c1cc(ccc1N1CCCCS1(=O)=O)S(=O)(=O)[NH]
sultiame,,,,,,,c1cc(ccc1N1CCCCS1(=O)=O)S(=O)(=O)N
super_muguet,,,,,,,C([C@@H](CC/C(=C/C)/CC)C)CO
supravanil,,,,,,,c1(cc(c(cc1)O)OCC)C
sym-triazine,,,,,,,[N]1=CN=C[N]C=1
syringal_a,,,,,,,[C@@H]1(C[C@@H]2[C@@H]3[C@H]([C@H]1C2)C=CC3)OCC=O
syringal_b,,,,,,,[C@@H]1(C[C@@H]2[C@@H]3[C@H]([C@H]1C2)CC=C3)OCC=O
syvertal,,,,,,,C1OC(OC1)[C@@H](CC)CCCC
t-bup1(tmg),,,,,,,[P]([N][C](N(C)C)N(C)C)([N]C(C)(C)C)([N][C](N(C)C)N(C)C)[N][C](N(C)C)N(C)C
t-bup1(tmg)_cation,,,,,,,[P]([N][C](N(C)C)N(C)C)(NC(C)(C)C)([N][C](N(C)C)N(C)C)[N][C](N(C)C)N(C)C
t-butylacetoacetate,,,,,,,C(C)(C)(C)OC(=O)CC(=O)C
t-butylmalononitrile,,,,,,,C(C#N)(C#N)C(C)(C)C
t-muurolol,,,,,,,C1C[C@]([C@H]2[C@@H]([C@H]1C(C)C)C[C@@H](CC2)C)(O)C
tabanon,,,,,,,C\1(=C/C=C/C)/C(=CC(=O)CC1(C)C)C
tabun,,,,,,,CCO[P@@](=O)(C#N)N(C)C
tagetone_cis,,,,,,,C(=C)/C(=C\C(=O)CC(C)C)/C
tagetone_trans,,,,,,,C/C(=C\C(=O)CC(C)C)/C=C
tangerinol,,,,,,,CC(=CCC/C(=C/CC[C@@H](OC(=O)C)C)/C)C
tarragol,,,,,,,C1[C@@H]([C@@H](CC[C@H]1CCC)O)OC
tartaricacid_anion,,,,,,,O=C([C@H]([C@H](C(=O)[O])O)O)O
tartaricacid,,,,,,,OC(=O)[C@H]([C@H](C(=O)O)O)O
tartronicacid_anion,,,,,,,[C@H](C(=O)O)(C(=O)[O])O
tartronicacid,tartronicacid,BP-TZVP,000080-69-3,120.06,C3H4O5,,C(C(=O)O)(C(=O)O)O
taurine,,,,,,,[NH3]CCS([O])([O])[O]
tbd,,,,,,,C1CCN2C(=N1)NCCC2
tbd_cation,,,,,,,C1CC[N@]2[C](N1)NCCC2
teamonyl,,,,,,,CCCCCC/C(=C(/C#N)\C)/C
tebuthiuron,,,,,,,c1(nnc(s1)N(C)C(=O)NC)C(C)(C)C
terbacil,,,,,,,n1(c(=O)[nH]c(c(c1=O)Cl)C)C(C)(C)C
terbutaline,,,,,,,c1(cc(cc(c1)O)O)[C@H](CNC(C)(C)C)O
terbuthylazine,,,,,,,C1(=[N]=C(N=C([N]1)NC(C)(C)C)NCC)Cl
terbutryn,,,,,,,C1(=[N]=C(N=C([N]1)NC(C)(C)C)NCC)SC
terephthalamide,,,,,,,O=C(N)c1ccc(C(=O)N)cc1
terephthalicacid-bis(2-hydroxyethyl)ester,,,,,,,OCCOC(=O)c1ccc(C(=O)OCCO)cc1
terephthaloylchloride,,,,,,,c1(C(=O)Cl)ccc(C(=O)Cl)cc1
terfenadine,,,,,,,CC(C)(C)c1ccc(cc1)[C@H](O)CCCN1CC[C@@H](CC1)C(O)(c1ccccc1)c1ccccc1
terpineol_gamma,,,,,,,C1(=C(C)C)CCC(CC1)(C)O
terpinolene,,,,,,,C1=C(CCC(=C(C)C)C1)C
terpinylacetate_alpha,,,,,,,[C@@H]1(CC=C(CC1)C)C(OC(=O)C)(C)C
terpinylmethylether,,,,,,,[C@@H]1(CCC(=CC1)C)C(OC)(C)C
tert-amylacetate,,,,,,,O=C(OC(C)(C)CC)C
tert-amylthiol,,,,,,,SC(CC)(C)C
tert-butanol_anion,,,,,,,C(C)(C)(C)[O]
tert-butanol,,,,,,,C(C)(C)(C)O
tert-butanol_cation,,,,,,,[C](C)(C)C.O
tert-butylacetate,TERT-BUTYLACETATE,BP-TZVP,000540-88-5,116.16,C6H12O2,,O=C(OC(C)(C)C)C
tert-butylaceticacid,,,,,,,O=C(O)CC(C)(C)C
tert-butylamine_cation,,,,,,,CC(C)(C)[NH3]
tert-butylbenzoate,,,,,,,CC(C)(C)OC(=O)c1ccccc1
tert-butylcyclohexane,,,,,,,C1(CCCCC1)C(C)(C)C
tert-butylcyclohexylamine,,,,,,,N(C(C)(C)C)C1CCCCC1
tert-butylcyclohexylamine_cation,,,,,,,[NH2](C(C)(C)C)C1CCCCC1
tert-butylformate,,,,,,,C(=O)OC(C)(C)C
tert-butylhydroperoxide,,,,,,,OOC(C)(C)C
tert-butyliodide,,,,,,,C(C)(C)(I)C
tert-butylisobutylsulfoxide,,,,,,,CC(C)C[S@](=O)C(C)(C)C
tert-butylisocyanate,,,,,,,O=C=NC(C)(C)C
tert-butylisothiocyanate,,,,,,,N(=C=S)C(C)(C)C
tert-butylmethacrylate,,,,,,,CC(C)(C)OC(=O)C(=C)C
tert-butylnitrite,,,,,,,CC(C)(C)O[N][O]
tert-butylphosphine,,,,,,,CC(C)(C)P
tert-butylpropionate,,,,,,,O=C(OC(C)(C)C)CC
tert-butylthiol,,,,,,,CC(C)(C)S
tert-dodecanethiol,,,,,,,CC(C)(C)CCCCCCCCS
tert-nonanethiol,,,,,,,CCCCCCC(C)(C)S
testosterone,,,,,,,[C@@H]12[C@@H]([C@@]3(C(=CC(=O)CC3)CC2)C)CC[C@]2([C@H]1CC[C@@H]2O)C
tetra(3-pyridyl)porphyrin,,,,,,,c\1/2=C(\C3=N/C(=C(\c4[nH]c(/C(=C/5\N=C(/C(=c(\[nH]1)/cc2)/c1cccnc1)C=C5)/c1cccnc1)cc4)/c1cnccc1)/C=C3)/c1cnccc1
tetra(ethene)silane,,,,,,,[Si](C=C)(C=C)(C=C)C=C
tetra(p-bromophenyl)porphyrin,,,,,,,C12=N/C(=C(\c3[nH]c(/C(=C/4\N=C(/C(=c/5\[nH]/c(=C\1/c1ccc(cc1)Br)/cc5)/c1ccc(cc1)Br)C=C4)/c1ccc(cc1)Br)cc3)/c1ccc(cc1)Br)/C=C2
tetra-ethylammonium_cation,,,,,,,C([N](CC)(CC)CC)C
tetra-n-butylammonium_cation,,,,,,,C(CC[N](CCCC)(CCCC)CCCC)C
tetra-n-butylphosphonium_cation,,,,,,,[P](CCCC)(CCCC)(CCCC)CCCC
"tetrabenzo[de,hi,op,st]pentacene",,,,,,,c12c3c(ccc1)cccc3c1c3c2cccc3c2c3c1cccc3c1c3c2cccc3ccc1
"tetrabis-2,2,2-trinitroethylorthocarbonate",,,,,,,C(OCC(N(=O)=O)(N(=O)=O)N(=O)=O)(OCC(N(=O)=O)(N(=O)=O)N(=O)=O)(OCC(N(=O)=O)(N(=O)=O)N(=O)=O)OCC(N(=O)=O)(N(=O)=O)N(=O)=O
tetrabromoethene,,,,,,,C(=C(Br)Br)(Br)Br
tetrabromogermane,,,,,,,Br[Ge](Br)(Br)Br
tetrabu-tetrame-tetroxatetrasilocane,,,,,,,[Si@]1(CCCC)(C)O[Si@@](CCCC)(C)O[Si@@](CCCC)(C)O[Si@@](CCCC)(C)O1
tetrabutylgermane,,,,,,,[Ge](CCCC)(CCCC)(CCCC)CCCC
tetracene,,,,,,,c1ccc2c(c1)cc1c(c2)cc2c(c1)cccc2
tetrachloroaluminate_anion,,,,,,,Cl[Al](Cl)(Cl)Cl
tetrachloroethene,,,,,,,C(=C(Cl)Cl)(Cl)Cl
tetrachloroferrate(iii)_hextuplet_anion,,,,,,,Cl[Fe](Cl)(Cl)Cl
tetrachlorofluoro-propane,,,,,,,CC(C(F)(Cl)Cl)(Cl)Cl
tetrachlorogallate_anion,,,,,,,Cl[Ga](Cl)Cl.[Cl]
tetrachlorogermane,tetrachlorogermane,BP-TZVP,010038-98-9,214.45,Cl4Ge,,[Ge](Cl)(Cl)(Cl)Cl
tetrachlorohydroquinone,,,,,,,c1(c(c(c(c(c1Cl)O)Cl)Cl)O)Cl
tetrachloroindium_anion,,,,,,,Cl[In](Cl)Cl.[Cl]
tetrachlorophthalicacid,,,,,,,c1(c(c(c(c(c1Cl)C(=O)O)C(=O)O)Cl)Cl)Cl
tetrachlorosilane,"SILANE,TETRACHLORO-",BP-TZVP,010026-04-7,169.9,Cl4Si,,Cl[Si](Cl)(Cl)Cl
tetrachlorothiophene,,,,,,,c1(sc(c(c1Cl)Cl)Cl)Cl
tetrachlorotrifluoro-propane,,,,,,,C(C(C(F)(F)F)(Cl)Cl)(Cl)Cl
tetracosamethylundecasiloxane,TETRACOSAMETHYLUNDECASILOXANE,BP-TZVP,000107-53-9,829.77,C24H72O10Si11,,C[Si](C)(C)O[Si](C)(C)O[Si](C)(C)O[Si](C)(C)O[Si](C)(C)O[Si](C)(C)O[Si](C)(C)O[Si](C)(C)O[Si](C)(C)O[Si](C)(C)O[Si](C)(C)C
tetracosane,TETRACOSANE,BP-TZVP,000646-31-1,338.66,C24H50,,CCCCCCCCCCCCCCCCCCCCCCCC
tetracyanoborate_anion,,,,,,,[B](C#N)(C#N)(C#N)C#N
tetracyanoethylene,,,,,,,N#CC(=C(C#N)C#N)C#N
tetracycline,,,,,,,CN(C)[C@H]1[C@@H]2C[C@H]3C(=C([O])c4c(O)cccc4[C@@]3(C)O)[C](O)[C@]2(O)C(=O)C(=C1O)C(=O)N
tetracyclopropylsuccinonitrile,,,,,,,C(C#N)(C(C#N)(C1CC1)C1CC1)(C1CC1)C1CC1
tetracyclotetramethylenecyclotetrasiloxane,,,,,,,[Si]12(CCCC1)O[Si]1(CCCC1)O[Si]1(CCCC1)O[Si]1(CCCC1)O2
tetradecamethylhexasiloxane,,,,,,,C[Si](C)(C)O[Si](C)(C)O[Si](C)(C)O[Si](C)(C)O[Si](C)(C)O[Si](C)(C)C
tetradecanamide,Tetradecanamide,BP-TZVP,000638-58-4,227.39,C14H29NO,,CCCCCCCCCCCCCC(=O)N
tetradecanedioicacid,,,,,,,OC(=O)CCCCCCCCCCCC(=O)O
tetradecaneperoxoicacid,Tetradecaneperoxoicacid,BP-TZVP,019816-73-0,244.37,C14H28O3,,OOC(=O)CCCCCCCCCCCCC
tetradecane,,,,,,,CCCCCCCCCCCCCC
tetradecanoicacid,,,,,,,CCCCCCCCCCCCCC(=O)O
tetradecylbenzene,,,,,,,c1ccccc1CCCCCCCCCCCCCC
tetradecyltrimethylammonium_cation,,,,,,,[N](C)(C)(C)CCCCCCCCCCCCCC
tetraethylene-glycol-monomethyl-ether,,,,,,,COCCOCCOCCOCCO
tetraethyleneglycolmonobutylether,,,,,,,CCCCOCCOCCOCCOCCO
tetraethylenepentamine,,,,,,,NCCNCCNCCNCCN
tetraethylgermane,,,,,,,[Ge](CC)(CC)(CC)CC
tetraethylsilane,,,,,,,CC[Si](CC)(CC)CC
tetraethylurea,"1,1,3,3-TETRAETHYLUREA",BP-TZVP,001187-03-7,172.27,C9H20N2O,,CCN(CC)C(=O)N(CC)CC
tetrafluoro-furan,,,,,,,c1(c(oc(c1F)F)F)F
tetrafluoroethene,,,,,,,C(=C(F)F)(F)F
tetrafluorohydrazine,,,,,,,N(F)(F)N(F)F
tetrahexyl-phosphonium_cation,,,,,,,[P](CCCCCC)(CCCCCC)(CCCCCC)CCCCCC
"tetrahydro-2,2,4,4-tetramethylfuran",,,,,,,O1CC(C)(C)CC1(C)C
"tetrahydro-2,2,5,5-tetramethylfuran",,,,,,,O1C(C)(C)CCC1(C)C
"tetrahydro-2,2-dimethyl-3-furancarboxylicacid",,,,,,,O=C1C[C@@H](C(=O)O)C(C)(C)O1
"tetrahydro-2,5-selenophenedicarboxylicacid",,,,,,,O=C([C@H]1[Se][C@H](C(=O)O)CC1)O
tetrahydro-2-furancarboxylicacid,,,,,,,O=C([C@H]1OCCC1)O
tetrahydro-2-furanmethanamine,,,,,,,O1[C@@H](CCC1)CN
tetrahydro-2-furanmethanolacetate,,,,,,,O=C(OC[C@H]1OCCC1)C
tetrahydro-2-furanmethanolpropanoate,,,,,,,O=C(OC[C@H]1OCCC1)CC
tetrahydro-2-methylthiophene,,,,,,,S1CCC[C@@H]1C
tetrahydro-2h-pyran-2-methanol,,,,,,,OC[C@H]1CCCCO1
tetrahydro-2h-pyran-2-one,,,,,,,O=C1CCCCO1
tetrahydro-2h-thiopyran,,,,,,,S1CCCCC1
tetrahydro-3-furanol,,,,,,,O1C[C@@H](O)CC1
tetrahydro-3-methyl-thiophene,,,,,,,S1CC[C@@H](C1)C
tetrahydro-3-methylfuran,,,,,,,O1C[C@@H](C)CC1
tetrahydro-4-methyl-2-(2-methylpropen-1-yl)pyran,,,,,,,C[C@H]1CCO[C@@H](C1)C=C(C)C
tetrahydro-4h-pyran-4-one,,,,,,,O1CCC(=O)CC1
tetrahydro-furan-2-carbaldehyde,,,,,,,O1[C@@H](C=O)CCC1
tetrahydro-pseudo-ionone,,,,,,,C[C@@H](CCCC(=O)C)CCC=C(C)C
tetrahydrofurfurylalcohol,TETRAHYDRO-2-FURANMETHANOL,BP-TZVP,000097-99-4,102.13,C5H10O2,,C1CCO[C@H]1CO
tetrahydrogeranylacetate,,,,,,,C([C@@H](CCCC(C)C)C)COC(=O)C
tetrahydrolinalool,,,,,,,CC[C@@](C)(O)CCCC(C)C
tetrahydrolinalylacetate,,,,,,,C([C@@](CCCC(C)C)(OC(=O)C)C)C
tetrahydromyrcenol,,,,,,,C([C@@H](CCCC(C)(C)O)C)C
"tetrahydrothiophene-1,1-dioxide",,,,,,,S1(=O)(=O)CCCC1
tetrahydrothiophene,,,,,,,S1CCCC1
tetrahydrozoline,,,,,,,c1ccc2c(c1)CCC[C@@H]2[C]1[N]CCN1
tetrahydrozoline_cation1,,,,,,,c1ccc2c(c1)CCC[C@@H]2[C]1NCCN1
tetrahydrozoline_cation2,,,,,,,c1ccc2c(c1)CCC[C@@H]2[C]1[N]CC[NH2]1
tetraisobutylsucccinonitrile,,,,,,,CC(C)CC(C#N)(CC(C)C)C(C#N)(CC(C)C)CC(C)C
tetrakis(n-diethyl)-guanidinium_cation,,,,,,,N(CC)(CC)[C](N(CC)CC)N(CC)CC
"tetrakis(t-butyl)tricyclo(1-1-0-02,4)butane",,,,,,,[C@@]12([C@@]3([C@]1([C@]23C(C)(C)C)C(C)(C)C)C(C)(C)C)C(C)(C)C
tetrakis(trifluoromethyl)cyclobutaphosphane,,,,,,,P1(P(P(P1C(F)(F)F)C(F)(F)F)C(F)(F)F)C(F)(F)F
tetralin,,,,,,,c12c(CCCC1)cccc2
tetramantane,,,,,,,[C@@H]12[C@H]3C[C@H]4C[C@@]51[C@@H]1[C@H](C4)[C@H]3C[C@]34[C@@H]1[C@H]1[C@@H](C5)[C@H](C[C@H](C1)C3)[C@@H]24
"tetramethyl-1,3-dichlorodisiloxane",,,,,,,Cl[Si](O[Si](Cl)(C)C)(C)C
"tetramethyl-1,3-propanediamine",,,,,,,N(CCCN(C)C)(C)C
tetramethylammonium_cation,,,,,,,C[N](C)(C)C
tetramethylbutanedinitrile,,,,,,,CC(C)(C#N)C(C)(C)C#N
tetramethylcyclotetrasiloxane,,,,,,,O1[Si@H](O[Si@H](C)O[Si@@H](O[Si@H]1C)C)C
tetramethyldiazetine,,,,,,,C1(C([N][N]1)(C)C)(C)C
tetramethylenesulfoxide,,,,,,,O=S1CCCC1
tetramethylgermane,,,,,,,C[Ge](C)(C)C
tetramethylhydrazine,tetramethylhydrazine,BP-TZVP,006415-12-9,88.15,C4H12N2,,N(N(C)C)(C)C
tetramethylmethylenediamine,,,,,,,N(CN(C)C)(C)C
tetramethylorthocarbonate,,,,,,,COC(OC)(OC)OC
tetramethylpyrazine,,,,,,,c1(C)c(C)nc(c(n1)C)C
tetramethylsilane,TETRAMETHYLSILANE,BP-TZVP,000075-76-3,88.22,C4H12Si,,C[Si](C)(C)C
tetramethyltetraphenylcyclotetrasiloxane,,,,,,,c1ccccc1[Si@@]1(O[Si@](O[Si@@](c2ccccc2)(C)O[Si@](O1)(c1ccccc1)C)(c1ccccc1)C)C
tetramethylthiourea,,,,,,,CN(C(=S)N(C)C)C
tetramethylurea,,,,,,,C(=O)(N(C)C)N(C)C
tetranitro-methane,,,,,,,N(=O)(=O)C(N(=O)=O)(N(=O)=O)N(=O)=O
tetraoctylammonium_cation,,,,,,,C([N](CCCCCCCC)(CCCCCCCC)CCCCCCCC)CCCCCCC
tetrapentylgermane,tetrapentylgermane,BP-TZVP,003634-47-7,357.21,C20H44Ge,,[Ge](CCCCC)(CCCCC)(CCCCC)CCCCC
tetraphenoxysilane,"SILICICACID(H4SIO4),TETRAPHENYLESTER",BP-TZVP,001174-72-7,400.5,C24H20O4Si,,c1ccccc1O[Si](Oc1ccccc1)(Oc1ccccc1)Oc1ccccc1
tetraphenylethylene,,,,,,,c1ccc(cc1)C(=C(c1ccccc1)c1ccccc1)c1ccccc1
tetraphenylmethane,,,,,,,C(c1ccccc1)(c1ccccc1)(c1ccccc1)c1ccccc1
tetraphenylporphyrin,,,,,,,c1c/c/2=C(/C3=N/C(=C(\c4ccc(/C(=C\5/C=CC(=N5)/C(=c/1\[nH]2)/c1ccccc1)/c1ccccc1)[nH]4)/c1ccccc1)/C=C3)\c1ccccc1
tetraphenylsilane,,,,,,,c1(ccccc1)[Si](c1ccccc1)(c1ccccc1)c1ccccc1
tetrapropoxysilane,TETRAPROPOXYSILANE,BP-TZVP,000682-01-9,264.44,C12H28O4Si,,CCCO[Si](OCCC)(OCCC)OCCC
tetrapropylammonium_cation,,,,,,,[N](CCC)(CCC)(CCC)CCC
tetrapropylgermane,tetrapropylgermane,BP-TZVP,000994-65-0,244.99,C12H28Ge,,[Ge](CCC)(CCC)(CCC)CCC
tetrathiafulvalene,,,,,,,S1C=CS/C/1=C/1\SC=CS1
tetrazole_anion,,,,,,,N1=C[N]N=N1
tf2n_anion,,,,,,,C(F)(S(=O)(=O)[N]S(=O)(=O)C(F)(F)F)(F)F
theaspirane,,,,,,,C[C@H]1CC[C@@]2(O1)C(=CCCC2(C)C)C
theaspiran,,,,,,,C1CC=C([C@]2(C1(C)C)O[C@@H](CC2)C)C
thenylthiol,,,,,,,c1ccc(s1)CS
theobromine,,,,,,,Cn1cnc2n(C)c(=O)[nH]c(=O)c12
theophyline-7-acetic_acid,,,,,,,O=C(O)CN1CN[C@H]2[C@@H]1C(=O)N(C(=O)N2C)C
theophylline,,,,,,,c1(=O)n(c(=O)c2c(n1C)nc[nH]2)C
thesaron,,,,,,,[C@@H]1(C(CCC[C@H]1C)(C)C)C(=O)OCC
thf,,,,,,,O1CCCC1
thf_cation,,,,,,,OCCC[CH2]
thgeranyloxyacetaldehyde,,,,,,,C([C@@H](CCCC(C)C)C)COCC=O
thiabendazole,,,,,,,c1ccc2c(c1)[nH]c(n2)c1cscn1
thiacyclobutane,,,,,,,S1CCC1
thiaindan,,,,,,,c1cc2SCCc2cc1
thianthrene,,,,,,,c12c(Sc3c(S1)cccc3)cccc2
thiazole,,,,,,,n1cscc1
thiazole_cation,,,,,,,N1[CH]SC=C1
thiazolidine,,,,,,,N1CSCC1
thidiazuron,,,,,,,O=C(Nc1snnc1)Nc1ccccc1
"thietane,1-oxide","thietane,1-oxide",BP-TZVP,013153-11-2,90.14,C3H6OS,,S1(=O)CCC1
thiirane,,,,,,,S1CC1
thioacetamide_anion,,,,,,,CC(=S)[NH]
thioacetanilide,,,,,,,N(c1ccccc1)C(=S)C
thioaceticacid_anion,,,,,,,O=C([S])C
thioaceticacid,ethanethioicacid,BP-TZVP,000507-09-5,76.12,C2H4OS,,O=C(S)C
thiobenzoicacid_anion,,,,,,,c1cc(ccc1)C(=O)[S]
thiocarbamicacids-ethylester,,,,,,,NC(=O)SCC
thiocineol,,,,,,,S1C([C@H]2CC[C@H]([C@@H]1C2)C)(C)C
thiocyanate_anion,,,,,,,[S]C#N
"thiocyanicacid-1,2-ethanediylester","thiocyanicacid-1,2-ethanediylester",BP-TZVP,000629-17-4,144.22,C4H4N2S2,,N#CSCCSC#N
thiocyanicacid,thiocyanicacid,BP-TZVP,000463-56-9,59.09,CHNS,,N#CS
thiodipropionic-acid,,,,,,,OC(=O)CCSCCC(=O)O
thioformamide,thioformamide,BP-TZVP,000115-08-2,61.11,CH3NS,,NC=S
thioimidodicarbonicdiamide,,,,,,,NC(=S)NC(=S)N
thiolacticacid,,,,,,,O=C(O)[C@@H](S)C
thiomorpholine,,,,,,,N1CCSCC1
thionitrosoethene,,,,,,,C=C[N][S]
thionylchloride,,,,,,,S(=O)(Cl)Cl
thionylfluoride,,,,,,,S(=O)(F)F
thiooximeformaldehyde,,,,,,,C=NS
thiophene,,,,,,,s1cccc1
thiophenol_anion,,,,,,,c1cc(ccc1)[S]
thiophenol,,,,,,,c1cc(ccc1)S
thiophosgene,,,,,,,S=C(Cl)Cl
thioridazine,,,,,,,CSc1ccc2Sc3ccccc3N(CC[C@@H]3CCCCN3C)c2c1
thiosalicylate_anion,,,,,,,c1ccc(c(c1)C(=O)O)[S]
thiothionylfluoride,,,,,,,F[S]([S])F
thiourea,,,,,,,NC(=S)N
thioxanthene,,,,,,,S1c2c(Cc3c1cccc3)cccc2
thioxanthone,,,,,,,O=c1c2c(sc3c1cccc3)cccc2
thp,,,,,,,O1CCCCC1
threneredvioletrh,,,,,,,C1(=O)/C(=C\2/C(=O)c3c(S2)c(C)cc(c3)Cl)/Sc2c1cc(cc2C)Cl
"threo-1,1,1,2,2,3,4,5,5,5-decafluoropentane",,,,,,,C(C(F)(F)F)([C@@H]([C@H](C(F)(F)F)F)F)(F)F
threoninate_anion,,,,,,,[O]C(=O)[C@@H](N)[C@H](O)C
threonine,,,,,,,O=C([O])[C@@H]([NH3])[C@@H](O)C
thujen_alpha,,,,,,,[C@@]12(CC=C([C@H]1C2)C)C(C)C
thujone,,,,,,,O=C1[C@@H]([C@@H]2[C@@](C(C)C)(C2)C1)C
thujopsen_widdren_,,,,,,,[C@]12([C@@]3([C@H](C(=CC1)C)C3)C(CCC2)(C)C)C
thymine_anion,,,,,,,C1=NC(=O)NC(=O)[C]1C
thymine,,,,,,,[nH]1c(=O)[nH]c(=O)c(C)c1
thyminose,,,,,,,O=CC[C@@H](O)[C@@H](O)CO
thymol,,,,,,,c1c(cc(c(c1)C(C)C)O)C
tiglicacid,TIGLICACID,BP-TZVP,000080-59-1,100.12,C5H8O2,,O=C(O)/C(=C/C)/C
timberol,,,,,,,[C@H]1(C(CCC[C@@H]1C)(C)C)CC[C@@H](CCC)O
tobacarol,,,,,,,[C@H]12CC[C@@H]([C@H]3[C@H](CC[C@]1(O2)C)C(C3)(C)C)C
tolfenamic_acid,,,,,,,OC(=O)c1ccccc1Nc1cccc(c1C)Cl
tolperisone,,,,,,,C(=O)([C@H](CN1CCCCC1)C)c1ccc(cc1)C
toluene-4-sulfonate_anion,,,,,,,c1(ccc(cc1)S([O])([O])[O])C
toluene_anion,,,,,,,C1=[C]C(=CC=C1)C
toluene,,,,,,,c1(ccccc1)C
toscanol,,,,,,,c1(ccc(cc1)CC1CC1)OC
toxopyrimidine,,,,,,,n1c(C)nc(N)c(CO)c1
tralomethrin,,,,,,,CC1(C)[C@@H]([C@@H](Br)C(Br)(Br)Br)[C@H]1C(=O)O[C@H](C#N)c1cccc(Oc2ccccc2)c1
"trans,trans-2,4-dodecadienal",,,,,,,CCCCCCC/C=C/C=C/C=O
"trans,trans-2,4-heptadienal",,,,,,,O=C/C=C/C=C/CC
"trans,trans-2,4-hexadiene",,,,,,,C/C=C/C=C/C
"trans,trans-2,4-octadienal",,,,,,,CCC/C=C/C=C/C=O
"trans-1,2-cyclohexanediol",,,,,,,O[C@H]1[C@@H](O)CCCC1
"trans-1,2-cyclopropanedicarboxylicacid_anion",,,,,,,C1[C@@H](C(=O)[O])[C@@H]1C(=O)O
"trans-1,2-cyclopropanedicarboxylicacid",,,,,,,C1[C@@H](C(=O)O)[C@@H]1C(=O)O
"trans-1,2-di(4-pyridyl)ethylene",,,,,,,c1cc(ccn1)/C=C/c1ccncc1
"trans-1,2-dichloroethene",,,,,,,C(=C\Cl)/Cl
"trans-1,2-dimethylcyclohexane",,,,,,,C1CC[C@@H]([C@H](C1)C)C
"trans-1,2-dimethylcyclopentane","1,2-DIMETHYLCYCLOPENTANE(TRANS)",BP-TZVP,000822-50-4,98.19,C7H14,,C1CC[C@H]([C@@H]1C)C
"trans-1,2-dimethylcyclopropane",,,,,,,C1[C@@H](C)[C@H]1C
"trans-1,3,5-hexatriene","trans-1,3,5-hexatriene",BP-TZVP,000821-07-8,80.13,C6H8,,C=C/C=C/C=C
"trans-1,3-dimethylcyclohexane",,,,,,,[C@H]1(CCC[C@H](C1)C)C
"trans-1,3-dimethylcyclopentane",,,,,,,C1C[C@H](C[C@@H]1C)C
"trans-1,4-diethylcyclohexane",,,,,,,[C@@H]1(CC)CC[C@@H](CC)CC1
"trans-1,4-hexadiene","trans-1,4-hexadiene",BP-TZVP,007319-00-8,82.14,C6H10,,C=CC/C=C/C
trans-1-butenylbenzene,,,,,,,CC/C=C/c1ccccc1
trans-1-methyl-4-(1-methylethenyl)-cyclohexanol,,,,,,,C=C(C)[C@@H]1CC[C@](O)(C)CC1
"trans-2,2,4,6,6-pentamethyl-3-heptene",,,,,,,C(C/C(=C/C(C)(C)C)/C)(C)(C)C
"trans-2,2-dimethyl-3-hexene",,,,,,,CC/C=C/C(C)(C)C
"trans-2,3-dimethyloxirane",,,,,,,O1[C@@H](C)[C@@H]1C
"trans-2,5-dimethylpiperazine",,,,,,,N1[C@@H](C)CN[C@@H](C)C1
"trans-2-butene-1,4-diol",,,,,,,OC/C=C/CO
trans-2-butene,,,,,,,C/C=C/C
trans-2-butenoicacidamide,trans-Crotonamide,BP-TZVP,000625-37-6,85.1,C4H7NO,,C/C=C/C(=O)N
trans-2-decenol,,,,,,,CCCCCCC/C=C/CO
trans-2-eicosene,,,,,,,C/C=C/CCCCCCCCCCCCCCCCC
trans-2-hepten-1-ol,,,,,,,OC/C=C/CCCC
trans-2-heptene,,,,,,,CCCC/C=C/C
trans-2-hexen-1-ol,,,,,,,OC/C=C/CCC
trans-2-hexenal,,,,,,,O=C/C=C/CCC
trans-2-hexene,,,,,,,C/C=C/CCC
trans-2-methyl-2-butenal,,,,,,,O=C/C(=C/C)/C
trans-2-methyl-3-hexene,TRANS-2-METHYL-3-HEXENE,BP-TZVP,000692-24-0,98.19,C7H14,,CC/C=C/C(C)C
trans-2-methylcyclopropanecarboxylicacid_anion,,,,,,,C[C@H]1C[C@@H]1C(=O)[O]
trans-2-methylcyclopropanecarboxylicacid,,,,,,,C[C@H]1C[C@@H]1C(=O)O
trans-2-nonen-1-ol,,,,,,,CCCCCC/C=C/CO
trans-2-nonene,,,,,,,C/C=C/CCCCCC
trans-2-octene,,,,,,,C/C=C/CCCCC
trans-2-pentadecene,,,,,,,C/C=C/CCCCCCCCCCCC
trans-2-pentene,,,,,,,C/C=C/CC
trans-2-tridecenol,,,,,,,CCCCCCCCCC/C=C/CO
"trans-3,4-dimethyl-2-pentene",,,,,,,C/C=C(\C)/C(C)C
"trans-3,5-dimethoxystilbene",,,,,,,c1ccccc1/C=C/c1cc(OC)cc(OC)c1
trans-3-chloro-3-pentenoicacid_anion,,,,,,,C/C=C(\CC(=O)[O])/Cl
trans-3-chloro-3-pentenoicacid,,,,,,,C/C=C(\CC(=O)O)/Cl
trans-3-heptene,,,,,,,CC/C=C/CCC
"trans-3-hexene-2,5-dione",,,,,,,CC(=O)/C=C/C(=O)C
trans-3-hexene,,,,,,,CC/C=C/CC
trans-3-nonene,,,,,,,CCCCC/C=C/CC
trans-3-octen-2-ol,,,,,,,CCCC/C=C/[C@@H](C)O
trans-3-octene,,,,,,,CC/C=C/CCCC
trans-3-penten-1-yne,(e)-3-penten-1-yne,BP-TZVP,002004-69-5,66.1,C5H6,,C#C/C=C/C
trans-3-phenyl-2-propenenitrile,,,,,,,N#C/C=C/c1ccccc1
trans-4-methyl-2-hexene,,,,,,,C/C=C/[C@@H](C)CC
trans-4-methyl-cyclohexane-methanol,,,,,,,[C@H]1(C)CC[C@H](CO)CC1
trans-4-methylcyclohexanol,,,,,,,C1[C@H](CC[C@@H](C1)O)C
trans-4-nonenal,,,,,,,CCCC/C=C/CCC=O
trans-5-formyluracil_anion,,,,,,,C1=NC(=O)NC(=O)[C]1C=O
trans-5-formyluracil,,,,,,,c1c(c(=O)[nH]c(=O)[nH]1)C=O
trans-5-methyl-2-hexene,,,,,,,C/C=C/CC(C)C
trans-a-1-methyl-3-(2-methylpropyl)cyclohexan-1-ol,,,,,,,[C@]1(C[C@@H](CCC1)CC(C)C)(O)C
trans-anethole,,,,,,,COc1ccc(/C=C/C)cc1
trans-anti-trans-tetra-decahydroanthracene,,,,,,,C1CC[C@H]2[C@H](C1)C[C@H]1[C@H](C2)CCCC1
trans-b-1-methyl-3-(2-methylpropyl)cyclohexan-1-ol,,,,,,,[C@@]1(C[C@H](CCC1)CC(C)C)(O)C
trans-butenedial,trans-butenedial,BP-TZVP,002363-83-9,84.07,C4H4O2,,O=C/C=C/C=O
trans-crotonaldehyde,,,,,,,O=C/C=C/C
trans-crotonic-acid,CROTONICACID,BP-TZVP,000107-93-7,86.09,C4H6O2,,OC(=O)/C=C/C
"trans-cyclohexane-1,4-dicarboxylicacid",,,,,,,[C@H]1(C(=O)O)CC[C@H](C(=O)O)CC1
trans-decalin,,,,,,,C1CC[C@@H]2[C@@H](C1)CCCC2
trans-di-tert-butylhyponitrite,,,,,,,C(C)(C)(C)O/N=N\OC(C)(C)C
trans-dibromoethene,,,,,,,C(=C\Br)/Br
trans-dicyano-1-butene,,,,,,,N#C/C=C/CCC#N
trans-ethylcrotonate,,,,,,,O=C(OCC)/C=C/C
trans-perfluorodecalin,,,,,,,C1([C@@]2([C@@](C(C(C1(F)F)(F)F)(F)F)(C(C(C(C2(F)F)(F)F)(F)F)(F)F)F)F)(F)F
trans2-nonenoicacidamide,,,,,,,CCCCCC/C=C/C(=O)N
tranylcypromine,,,,,,,N[C@H]1C[C@H]1c1ccccc1
traseolide,,,,,,,c12c(cc(c(c1)C)C(=O)C)[C@@H]([C@H](C2(C)C)C)C(C)C
tri(n-octyl)phosphinesulfide,,,,,,,CCCCCCCC[P]([S])(CCCCCCCC)CCCCCCCC
tri-n-butylamine,,,,,,,N(CCCC)(CCCC)CCCC
tri-n-butylamine_cation,,,,,,,C(CC[NH](CCCC)CCCC)C
tri-n-butylphosphate,,,,,,,O(P(=O)(OCCCC)OCCCC)CCCC
tri-n-butylphosphine,,,,,,,P(CCCC)(CCCC)CCCC
tri-n-octylphosphine,,,,,,,P(CCCCCCCC)(CCCCCCCC)CCCCCCCC
tri-n-propylamine_cation,,,,,,,C(C[NH](CCC)CCC)C
tri-perfluorophenyl-methane_anion,,,,,,,Fc1c(F)c(F)c([C](c2c(F)c(F)c(F)c(F)c2F)c2c(F)c(F)c(F)c(F)c2F)c(F)c1F
tri-perfluorophenyl-methane,,,,,,,Fc1c(F)c(F)c(C(c2c(F)c(F)c(F)c(F)c2F)c2c(F)c(F)c(F)c(F)c2F)c(F)c1F
tri-t-butylmethane,,,,,,,CC(C(C(C)(C)C)C(C)(C)C)(C)C
triafur,,,,,,,c1(sc(nn1)N)c1oc(N(=O)=O)cc1
triallylamine_cation,,,,,,,C=CC[NH](CC=C)CC=C
triamantane,,,,,,,C1[C@@H]2C[C@@H]3[C@@H]4[C@H]1[C@H]1[C@@H]5[C@H]6[C@@H](C[C@@H](C5)CC4)[C@@H]3[C@@]16C2
tribenzylamine,,,,,,,C(N(Cc1ccccc1)Cc1ccccc1)c1ccccc1
tributoxyborane,TRI-N-BUTYLBORATE,BP-TZVP,000688-74-4,230.15,C12H27BO3,,B(OCCCC)(OCCCC)OCCCC
tributyl-ethyl-phosphonium_cation,,,,,,,[P](CC)(CCCC)(CCCC)CCCC
tributyl-tetradecylphosphonium_cation,,,,,,,CCCCCCCCCCCCCC[P](CCCC)(CCCC)CCCC
tributylmethylammonium_cation,,,,,,,C(C[N](CCCC)(C)CCCC)CC
tributylmethylphosphonium_cation,,,,,,,[P](CCCC)(C)(CCCC)CCCC
tributylphosphineoxide,,,,,,,CCCCP(=O)(CCCC)CCCC
tributylphosphinesulfide,,,,,,,CCCC[P](CCCC)(CCCC)[S]
tricaprin,,,,,,,CCCCCCCCCC(=O)OCC(COC(=O)CCCCCCCCC)OC(=O)CCCCCCCCC
tricaprylin,,,,,,,C(C(COC(=O)CCCCCCC)OC(=O)CCCCCCC)OC(=O)CCCCCCC
trichloro(2-phenylethyl)silane,,,,,,,Cl[Si](Cl)(Cl)CCc1ccccc1
trichloro(3-chloropropyl)silane,,,,,,,Cl[Si](Cl)(Cl)CCCCl
trichloro(chloromethyl)silane,,,,,,,Cl[Si](Cl)(Cl)CCl
trichloro(dichloromethyl)silane,,,,,,,Cl[Si](Cl)(Cl)C(Cl)Cl
trichloroacetaldehyde,,,,,,,C(Cl)(Cl)(Cl)C=O
trichloroacetamide,,,,,,,C(C(=O)N)(Cl)(Cl)Cl
trichloroaceticacid_anion,,,,,,,ClC(C(=O)[O])(Cl)Cl
trichloroaceticacid,,,,,,,OC(=O)C(Cl)(Cl)Cl
trichloroacetonitrile,,,,,,,N#CC(Cl)(Cl)Cl
trichloroacetylchloride,,,,,,,ClC(Cl)(Cl)C(=O)Cl
trichloroethene,,,,,,,C(=C(Cl)Cl)Cl
trichloroisobutylsilane,,,,,,,Cl[Si](CC(C)C)(Cl)Cl
trichloromelamine,,,,,,,ClNC1=[N]=C(NCl)N=C(NCl)[N]1
trichloromethylsilane,,,,,,,C[Si](Cl)(Cl)Cl
trichloronitromethane,trichloronitromethane,BP-TZVP,000076-06-2,164.38,CCl3NO2,,O=N(=O)C(Cl)(Cl)Cl
trichlorooctylsilane,,,,,,,Cl[Si](Cl)(Cl)CCCCCCCC
trichloropentylsilane,,,,,,,CCCCC[Si](Cl)(Cl)Cl
trichlorosilane,,,,,,,Cl[SiH](Cl)Cl
trichlorotrifluoropropane,,,,,,,C(C(C(F)(F)F)(Cl)Cl)Cl
triclopyr,,,,,,,OC(=O)COc1nc(Cl)c(Cl)cc1Cl
tricosane,TRICOSANE,BP-TZVP,000638-67-5,324.63,C23H48,,CCCCCCCCCCCCCCCCCCCCCCC
tricromyl,tricromyl,BP-TZVP,000085-90-5,160.17,C10H8O2,,c12occ(C)c(=O)c1cccc2
tricyanomethane_anion,,,,,,,C(#N)[C](C#N)C#N
tricyanophosphine,,,,,,,P(C#N)(C#N)C#N
tricyclazol,,,,,,,Cc1cccc2sc3nncn3c12
tricyclene,,,,,,,[C@@H]12[C@@]3(C([C@@H](C[C@H]13)C2)(C)C)C
"tricyclo(4,1,0,02,7)heptane",,,,,,,[C@H]12[C@@H]3[C@H]1CCC[C@H]23
"tricyclo(4,1,0,2,4)heptane",,,,,,,[C@H]12[C@H]3C[C@H]3C[C@H]1C2
tricyclo(5-2-1-0)decane,"4,7-Methano-1H-indene,octahydro-",BP-TZVP,006004-38-2,136.23,C10H16,,[C@@H]12[C@@H]([C@H]3C[C@@H]1CC3)CCC2
tricyclodecandimethylol,,,,,,,[C@@H]12[C@@H]([C@H]3[C@@H](C[C@@H]1C3)CO)C[C@H](C2)CO
tricyclohexyl(2-oxo-2-propoxyethyl)phosphonium_cation,,,,,,,[P](C1CCCCC1)(C1CCCCC1)(C1CCCCC1)CC(=O)OCCC
tricyclohexylmethane,,,,,,,C(C1CCCCC1)(C1CCCCC1)C1CCCCC1
tricyclohexyl[2-(heptyloxy)-2-oxoethyl]phosphonium_cation,,,,,,,[P](C1CCCCC1)(C1CCCCC1)(C1CCCCC1)CC(=O)OCCCCCCC
tricyclohexyl[2-oxo-2-(pentyloxy)ethyl]phosphonium_cation,,,,,,,[P](C1CCCCC1)(C1CCCCC1)(C1CCCCC1)CC(=O)OCCCCC
tricyclooctadecahexaene,,,,,,,c1c2ccc(c1)CCCc1ccc(cc1)CCC2
"tricyclo[2,2,1,0(2,6)]heptane",,,,,,,[C@H]12C[C@@H]3C[C@H]1[C@H]2C3
"tricyclo[8,2,2,24,7]-hexadecane",,,,,,,C1C[C@@H]2CC[C@H]1CC[C@@H]1CC[C@@H](CC1)CC2
tridecafluoroheptanoicacid,,,,,,,C(F)(F)(F)C(F)(F)C(F)(F)C(F)(F)C(F)(F)C(F)(F)C(=O)O
tridecanal,,,,,,,CCCCCCCCCCCCC=O
tridecananamide,,,,,,,CCCCCCCCCCCCC(=O)N
tridecane,,,,,,,CCCCCCCCCCCCC
tridecanoicacidmethylester,,,,,,,CCCCCCCCCCCCC(=O)OC
tridecanoicacid,TRIDECANOICACID,BP-TZVP,000638-53-9,214.35,C13H26O2,,CCCCCCCCCCCCC(=O)O
tridecenal2_,,,,,,,C(=C\CCCCCCCCCC)/C=O
tridecyl-peg2-peg3-methylammonium_cation,,,,,,,[N](C)(CCOCCOCCO)(CCCCCCCCCCCCC)CCOCCO
tridecylbenzene,,,,,,,c1ccccc1CCCCCCCCCCCCC
tridecylcyclopentane,,,,,,,CCCCCCCCCCCCCC1CCCC1
trietazine,,,,,,,C1(=[N]=C(N=C([N]1)N(CC)CC)NCC)Cl
triethanolamine,,,,,,,N(CCO)(CCO)CCO
triethoxymethylsilane,,,,,,,CCO[Si](C)(OCC)OCC
triethoxyphenylsilane,,,,,,,CCO[Si](c1ccccc1)(OCC)OCC
triethoxysilane,,,,,,,CCO[SiH](OCC)OCC
triethoxyvinylsilane,,,,,,,CCO[Si](OCC)(OCC)C=C
triethyl(trifluoromethyl)silane,,,,,,,CC[Si](CC)(CC)C(F)(F)F
triethylaluminum,,,,,,,CC[Al](CC)CC
triethylamineoxide,,,,,,,CC[N](CC)(CC)[O]
triethylamine,,,,,,,N(CC)(CC)CC
triethylamine_cation,,,,,,,CC[NH](CC)CC
triethylarsineoxide,,,,,,,CC[As](CC)[O].[CH2]C
triethylarsine,,,,,,,CC[As](CC)CC
triethylborane,,,,,,,CCB(CC)CC
triethylcitrate,,,,,,,C(C(CC(=O)OCC)(C(=O)OCC)O)C(=O)OCC
triethylenediamine,,,,,,,[N@@]12CC[N@@](CC1)CC2
triethylenediamine_cation,,,,,,,C1C[N@]2CC[N@@H]1CC2
triethyleneglycolbis(2-ethylhexanoate),,,,,,,CCCC[C@@H](CC)C(=O)OCCOCCOCCOC(=O)[C@@H](CC)CCCC
triethyleneglycoln-hexylether,,,,,,,OCCOCCOCCOCCCCCC
triethyleneglycoln-propylether,,,,,,,OCCOCCOCCOCCC
triethyleneglycol,,,,,,,C(COCCOCCO)O
triethylesterphosphorousacid,,,,,,,P(OCC)(OCC)OCC
triethylfluorosilane,,,,,,,CC[Si](F)(CC)CC
triethylheptylammonium_cation,,,,,,,CC[N](CCCCCCC)(CC)CC
triethylhydroxysilicon,,,,,,,[Si](O)(CC)(CC)CC
triethylmethoxy-silane,,,,,,,CC[Si](CC)(CC)OC
triethylmethyl-silane,,,,,,,CC[Si](C)(CC)CC
triethyloctylammonium_cation,,,,,,,CC[N](CC)(CCCCCCCC)CC
triethylorthoformate,,,,,,,CCOC(OCC)OCC
triethylpentylammonium_cation,,,,,,,CC[N](CCCCC)(CC)CC
triethylphosphate,,,,,,,CCOP(=O)(OCC)OCC
triethylphosphineoxide,,,,,,,CCP(=O)(CC)CC
triethylphosphinesulfide,,,,,,,CC[P](CC)(CC)[S]
triethylphosphine,,,,,,,P(CC)(CC)CC
triethylphosphine_cation,,,,,,,[PH](CC)(CC)CC
triethylsilane,TRIETHYLSILANE,BP-TZVP,000617-86-7,116.28,C6H16Si,,CC[SiH](CC)CC
triethylsilylmethanamine,,,,,,,CC[Si](CC)(CC)CN
triethylsulfonium_cation,,,,,,,C([S](CC)CC)C
trifernal,,,,,,,c1(ccccc1)[C@@H](CC=O)C
trifluoperazine,,,,,,,CN1CCN(CCCN2c3ccccc3Sc3ccc(cc23)C(F)(F)F)CC1
trifluoro(fluoromethoxy)-methane,,,,,,,C(OC(F)(F)F)F
trifluoro(fluoromethoxymethoxy)methane,,,,,,,C(OCF)OC(F)(F)F
trifluoro(methoxymethoxy)methane,,,,,,,COCOC(F)(F)F
trifluoro(pentafluoroethoxy)ethene,,,,,,,FC(F)(F)C(F)(F)OC(=C(F)F)F
trifluoro(trifluoromethoxy)-ethene,,,,,,,FC(F)(F)OC(=C(F)F)F
trifluoro-1-propanamine,,,,,,,C[C@@H](C(N)(F)F)F
trifluoro-pyrazine,,,,,,,c1c(nc(c(n1)F)F)F
trifluoroacetaldehyde-methylhemiacetal,,,,,,,CO[C@@H](C(F)(F)F)O
trifluoroacetaldehyde,trifluoroacetaldehyde,BP-TZVP,000075-90-1,98.02,C2HF3O,,O=CC(F)(F)F
trifluoroaceticacid_anion,,,,,,,C(=O)([O])C(F)(F)F
trifluoroaceticacid,,,,,,,C(=O)(C(F)(F)F)O
trifluoroaceticanhydride,,,,,,,C(=O)(C(F)(F)F)OC(=O)C(F)(F)F
trifluoroacetonitrile,,,,,,,N#CC(F)(F)F
trifluoroacetylfluoride,,,,,,,C(=O)(F)C(F)(F)F
trifluoroethene,,,,,,,FC=C(F)F
trifluoroethylacetate,,,,,,,O=C(OCC)C(F)(F)F
trifluoroethylamine_cation,,,,,,,[NH3]CC(F)(F)F
trifluoroethyldimethylamine,,,,,,,N(C)(C)CC(F)(F)F
trifluoroethyldimethylamine_cation,,,,,,,[NH](C)(C)CC(F)(F)F
trifluoroethylmethylamine_cation,,,,,,,[NH2](C)CC(F)(F)F
trifluoroiodomethane,,,,,,,C(I)(F)(F)F
trifluoromethanamine,,,,,,,C(N)(F)(F)F
trifluoromethane-sulfonate_anion,,,,,,,C(F)(F)(F)S([O])([O])[O]
trifluoromethanesulfinylfluoride,,,,,,,C(F)(F)(F)[S@](=O)F
trifluoromethanesulfonicacid,trifluoromethanesulfonicacid,BP-TZVP,001493-13-6,150.08,CHF3O3S,,[O]S([O])(O)C(F)(F)F
trifluoromethoxybenzene,,,,,,,FC(F)(F)Oc1ccccc1
trifluoromethoxycyclopentane,,,,,,,C1CCC(C1)OC(F)(F)F
"trifluoromethyl-2,3,3,3-tetrafluoro-2-methylpropanoate",,,,,,,C[C@@](C(=O)OC(F)(F)F)(C(F)(F)F)F
trifluoromethyl-hydrogencarbonate,,,,,,,C(=O)(O)OC(F)(F)F
trifluoromethyl-methanimidate,,,,,,,C(=N)OC(F)(F)F
trifluoromethylacetate,,,,,,,CC(=O)OC(F)(F)F
trifluoromethylbenzene,,,,,,,c1cc(ccc1)C(F)(F)F
trifluoromethylcyclopentane,,,,,,,C1CCC(C1)C(F)(F)F
trifluoromethylpropanoate,,,,,,,CCC(=O)OC(F)(F)F
trifluoromethyltrifluoroborate_anion,,,,,,,F[B](F)(C(F)(F)F)F
trifluorophenylsilane,,,,,,,F[Si](F)(F)c1ccccc1
trifluorotris(perfluoropropyl)phosphate_anion,,,,,,,[P](F)(F)(F)(C(F)(F)C(F)(F)C(F)(F)F)(C(F)(F)C(F)(F)C(F)(F)F)C(F)(F)C(F)(F)C(F)(F)F
triflupromazine,,,,,,,CN(C)CCCN1c2ccccc2Sc2ccc(cc12)C(F)(F)F
trifluralin,,,,,,,c1(cc(cc(c1N(CCC)CCC)N(=O)=O)C(F)(F)F)N(=O)=O
trifone,,,,,,,c1(c(cccc1)N[C@@H](C[C@@H](c1ccccc1)C)O)C(=O)OC
triforine,,,,,,,ClC(Cl)(Cl)[C@@H](NC=O)N1CCN(CC1)[C@@H](NC=O)C(Cl)(Cl)Cl
trihexyl(2-hydroxyethyl)phosphonium_cation,,,,,,,[P](CCCCCC)(CCCCCC)(CCCCCC)CCO
trihexyl(2-oxo-2-propoxyethyl)phosphonium_cation,,,,,,,[P](CCCCCC)(CCCCCC)(CCCCCC)CC(=O)OCCC
trihexyl(methoxymethyl)phosphonium_cation,,,,,,,[P](CCCCCC)(CCCCCC)(CCCCCC)COC
trihexyl-2-propen-1-ylphosphonium_cation,,,,,,,[P](CCCCCC)(CCCCCC)(CCCCCC)CC=C
trihexyl-octyl-phosphonium_cation,,,,,,,[P](CCCCCC)(CCCCCC)(CCCCCC)CCCCCCCC
trihexyl-propyl-phosphonium_cation,,,,,,,[P](CCC)(CCCCCC)(CCCCCC)CCCCCC
trihexyl-tetradecyl-phosphonium_cation,,,,,,,[P](CCCCCC)(CCCCCCCCCCCCCC)(CCCCCC)CCCCCC
trihexyl[2-oxo-2-(pentyloxy)ethyl]phosphonium_cation,,,,,,,[P](CCCCCC)(CCCCCC)(CCCCCC)CC(=O)OCCCCC
triiodomethane,,,,,,,IC(I)I
triisobutyl-methyl-phosphonium_cation,,,,,,,[P](CC(C)C)(CC(C)C)(CC(C)C)C
triisobutylaluminum,,,,,,,CC(C)C[Al](CC(C)C)CC(C)C
trilacticacid,,,,,,,O[C@@H](C)C(=O)O[C@@H](C)C(=O)O[C@@H](C)C(=O)O
trimellitic-anhydride,,,,,,,C1(=O)c2c(C(=O)O1)ccc(c2)C(=O)O
trimethadione,,,,,,,O=C1N(C)C(=O)OC1(C)C
trimethoprim,,,,,,,n1c(c(Cc2cc(c(c(c2)OC)OC)OC)cnc1N)N
trimethoxymethane,TRIMETHYLORTHOFORMATE,BP-TZVP,000149-73-5,106.12,C4H10O3,,C(OC)(OC)OC
trimethoxymethylbenzene,,,,,,,C(c1ccccc1)(OC)(OC)OC
trimethoxysilane,,,,,,,CO[SiH](OC)OC
trimethoxyvinylsilane,,,,,,,C=C[Si](OC)(OC)OC
trimethyl(1-trimethylsilylethoxy)silane,,,,,,,C[C@@H](O[Si](C)(C)C)[Si](C)(C)C
trimethyl(1-trimethylsilylethyl)silane,,,,,,,CC([Si](C)(C)C)[Si](C)(C)C
trimethyl(propoxy)silane,,,,,,,CCCO[Si](C)(C)C
trimethyl(propoxymethyl)silane,,,,,,,CCCOC[Si](C)(C)C
trimethyl(trifluoroacetyl)-silane,,,,,,,C[Si](C)(C)C(=O)C(F)(F)F
trimethyl-2-propenylsilane,,,,,,,[Si](C)(C)(C)CC=C
trimethyl-silanecarboxaldehyde,,,,,,,C[Si](C)(C)C=O
trimethylacetylchloride,"PROPANOYLCHLORIDE,2,2-DIMETHYL-",BP-TZVP,003282-30-2,120.58,C5H9ClO,,O=C(C(C)(C)C)Cl
trimethylaluminum,,,,,,,C[Al](C)C
trimethylamine-n-oxide,,,,,,,[N](C)(C)(C)[O]
trimethylamine,,,,,,,N(C)(C)C
trimethylamine_cation,,,,,,,C[NH](C)C
trimethylarsine,,,,,,,C[As](C)C
trimethylborate,,,,,,,COB(OC)OC
trimethylboron,,,,,,,B(C)(C)C
trimethylethylammonium_cation,,,,,,,C[N](CC)(C)C
trimethylgermane,,,,,,,[GeH](C)(C)C
trimethylisocyanurate,,,,,,,c1(=O)n(C)c(=O)n(c(=O)n1C)C
trimethylorthoacetate,,,,,,,O(C(OC)(OC)C)C
trimethyloxazole,,,,,,,Cc1oc(C)c(C)n1
trimethylphenoxysilane,,,,,,,[Si](C)(C)(C)Oc1ccccc1
trimethylphenylbutenone_e,,,,,,,CC(=O)/C=C/c1c(c(ccc1C)C)C
trimethylphenylbutenone_z,,,,,,,CC(=O)/C=C\c1c(c(ccc1C)C)C
trimethylphenylsilane,,,,,,,[Si](c1ccccc1)(C)(C)C
trimethylphosphate,,,,,,,P(=O)(OC)(OC)OC
trimethylphosphineoxide,,,,,,,CP(=O)(C)C
trimethylphosphinesulfide,,,,,,,C[P](C)(C)[S]
trimethylphosphine,,,,,,,P(C)(C)C
trimethylphosphite,,,,,,,O(P(OC)OC)C
trimethylpropylsilane,,,,,,,CCC[Si](C)(C)C
trimethylpyrazine,,,,,,,n1c(c(nc(C)c1)C)C
trimethylsilanecarbonitrile,,,,,,,C[Si](C)(C)C#N
trimethylsilane,TRIMETHYLSILANE,BP-TZVP,000993-07-7,74.2,C3H10Si,,[SiH](C)(C)C
trimethylsilanol,trimethylsilanol,BP-TZVP,001066-40-6,90.2,C3H10OSi,,C[Si](C)(C)O
trimethylsilyl-trifluoroacetate,,,,,,,C[Si](C)(C)OC(=O)C(F)(F)F
trimethylsilylacetate,,,,,,,CC(=O)O[Si](C)(C)C
trimethylsilylmethanimine,,,,,,,C[Si](C)(C)C=N
trimethylsilylmethanol,,,,,,,C[Si](C)(C)CO
trimethylsilyltriflate,,,,,,,S([O])([O])(O[Si](C)(C)C)C(F)(F)F
trimethylthiourea,,,,,,,N(C(=S)N(C)C)C
trimethyltriphenylcyclotrisiloxane,,,,,,,c1ccccc1[Si@]1(O[Si@@](O[Si@@](O1)(C)c1ccccc1)(C)c1ccccc1)C
trimethylurea,TRIMETHYLUREA,BP-TZVP,000632-14-4,102.14,C4H10N2O,,O=C(NC)N(C)C
trimethyl[(trimethylsilyl)methoxy]-silane,,,,,,,C[Si](C)(C)CO[Si](C)(C)C
trimofix_tt,,,,,,,C1/C(=C\CC/C(=C\C/C=C(\[C@@H](C1)C(=O)C)/C)/C)/C
trinexapac-ethyl,,,,,,,C\1(=C(/C2CC2)\O)/C(=O)C[C@@H](CC1=O)C(=O)OCC
trinitromethane,,,,,,,N(=O)(=O)C(N(=O)=O)N(=O)=O
trinitrophenetole,,,,,,,c1(c(cc(cc1N(=O)=O)N(=O)=O)N(=O)=O)OCC
trioctylamineoxide,,,,,,,CCCCCCCC[N](CCCCCCCC)(CCCCCCCC)[O]
trioctyltrimellitate,,,,,,,O=C(OC[C@@H](CCCC)CC)c1ccc(c(C(=O)OC[C@@H](CCCC)CC)c1)C(=O)OC[C@@H](CCCC)CC
triolein,TRIOLEIN,BP-TZVP,000122-32-7,885.44,C57H104O6,,CCCCCCCC/C=C\CCCCCCCC(=O)OC[C@@H](OC(=O)CCCCCCC/C=C\CCCCCCCC)COC(=O)CCCCCCC/C=C\CCCCCCCC
triphenyl-phosphine_cation,,,,,,,c1ccc([PH](c2ccccc2)c2ccccc2)cc1
triphenylarsine,,,,,,,c1ccc(cc1)[As](c1ccccc1)c1ccccc1
triphenylborane,,,,,,,B(c1ccccc1)(c1ccccc1)c1ccccc1
triphenylene,TRIPHENYLENE,BP-TZVP,000217-59-4,228.29,C18H12,,c12c(c3ccccc3c3c1cccc3)cccc2
triphenylmethane,,,,,,,c1ccc(cc1)C(c1ccccc1)c1ccccc1
triphenylphosphate,,,,,,,c1ccccc1OP(=O)(Oc1ccccc1)Oc1ccccc1
triphenylphosphineoxide,,,,,,,O=P(c1ccccc1)(c1ccccc1)c1ccccc1
triphenylphosphineselenide,,,,,,,[Se][P](c1ccccc1)(c1ccccc1)c1ccccc1
triphenylphosphinesulfide,,,,,,,[S][P](c1ccccc1)(c1ccccc1)c1ccccc1
triphenylphosphine,,,,,,,P(c1ccccc1)(c1ccccc1)c1ccccc1
triphosphoricacid,,,,,,,OP(=O)(O)OP(=O)(O)OP(=O)(O)O
triplal_a,,,,,,,[C@@H]1(C[C@@H](C=C(C1)C)C)C=O
triplal_b,,,,,,,C1[C@@H]([C@@H](C=C(C1)C)C)C=O
tripropylene-glycol-monoethyl-ether,,,,,,,CCOC[C@@H](C)OC[C@@H](C)OC[C@@H](C)O
tripropyleneglycol-methylether,,,,,,,CO[C@H](CO[C@@H](CO[C@@H](CO)C)C)C
tripropyleneglycolethyletherisomer,,,,,,,CCOC[C@H](C)OC[C@H](C)OC[C@H](C)O
tripropyleneglycoln-butylether,,,,,,,OC[C@@H](COCCO[C@@H](CCCOCC)C)C
tripropyleneglycoln-propylether,,,,,,,CCCO[C@@H](CC)O[C@@H](CC)O[C@@H](CC)O
tripropyleneglycol,,,,,,,C[C@@H](CO[C@@H](C)COC[C@@H](C)O)O
tripropylphosphate,,,,,,,P(=O)(OCCC)(OCCC)OCCC
tripropylsilane,TRIPROPYLSILANE,BP-TZVP,000998-29-8,158.36,C9H22Si,,[SiH](CCC)(CCC)CCC
"tris(2,2,2-trinitroethyl)orthoformate",,,,,,,C(OCC(N(=O)=O)(N(=O)=O)N(=O)=O)(OCC(N(=O)=O)(N(=O)=O)N(=O)=O)OCC(N(=O)=O)(N(=O)=O)N(=O)=O
tris(2-butoxyethyl)phosphate,,,,,,,CCCCOCCOP(=O)(OCCOCCCC)OCCOCCCC
tris(2-methoxyethoxy)vinylsilane,,,,,,,C=C[Si](OCCOC)(OCCOC)OCCOC
tris(difluoromethyl)amine,,,,,,,C(N(C(F)F)C(F)F)(F)F
tris(dimethylamino)borane,,,,,,,CN(C)B(N(C)C)N(C)C
tris(nonafluorobutyl)trifluorophosphate_anion,,,,,,,[P](F)(F)(C(F)(F)C(F)(F)C(F)(F)C(F)(F)F)(C(F)(F)C(F)(F)C(F)(F)C(F)(F)F)(C(F)(F)C(F)(C(C(F)(F)F)(F)F)F)F
tris(pentafluoroethyl)trifluorophosphate_anion,,,,,,,[C](F)(C(F)(F)F)F.P(C(F)(C(F)(F)F)F)(F)(F)(F)C(F)(C(F)(F)F)F
tris(trifluoromethyl)amine,,,,,,,C(N(C(F)(F)F)C(F)(F)F)(F)(F)F
tris(trifluoromethylsulfonyl)methide_anion,,,,,,,[C](S(=O)(=O)C(F)(F)F)(S(=O)(=O)C(F)(F)F)S(=O)(=O)C(F)(F)F
tris(trimethylsilyl)methane,,,,,,,C[Si](C)(C)C([Si](C)(C)C)[Si](C)(C)C
trisamber,,,,,,,[C@H]12[C@@H](CC[C@@H]3[C@@H]1O[C@@H](C3)C)C([C@H](C2(C)C)C)(C)C
tris,,,,,,,OCC(N)(CO)CO
trithioacetone,,,,,,,CC1(C)SC(C)(C)SC(C)(C)S1
trithiocarbonicacid,,,,,,,S=C(S)S
tritylazide,,,,,,,C(N=[N]=[N])(c1ccccc1)(c1ccccc1)c1ccccc1
trivalon_a,,,,,,,C1(=O)C[C@@H](CC(O1)(C)C)C
trivalon_b,,,,,,,[C@H]1(CC(CC(=O)O1)(C)C)C
troenan,,,,,,,O1C[C@@](CO[C@H]1[C@@H](CCC)C)(CCC)C
tropane,,,,,,,C1C[C@@H]2CCC[C@H]1N2C
tropicacid,,,,,,,OC[C@@H](C(=O)O)c1ccccc1
tropicoeur,,,,,,,c1(ccccc1)[C@@H](COC(=O)C(C)C)C
tropine,tropine,BP-TZVP,000120-29-6,141.21,C8H15NO,,O[C@H]1C[C@H]2N([C@H](CC2)C1)C
trovafloxacin,,,,,,,N[C@@H]1[C@@H]2CN(C[C@H]12)c1nc2c(cc1F)c(=O)c(cn2c1ccc(F)cc1F)C(=O)O
tryptophan,,,,,,,O=C([C@H](Cc1c[nH]c2c1cccc2)[NH3])[O]
turboxan,,,,,,,[C@@H]1(OC(C[C@H](O1)C)(C)C)CCCCC
turmeric,,,,,,,COc1cc(/C=C/C(=O)CC(=O)/C=C/c2ccc(O)c(OC)c2)ccc1O
twoeyed_musk,,,,,,,C12=C([C@@H]3[C@@H](CC1)COCO3)C([C@H](C2(C)C)C)(C)C
tyrosine,,,,,,,O=C([O])[C@H]([NH3])Cc1ccc(O)cc1
umbelliferone,,,,,,,Oc1ccc2ccc(=O)oc2c1
undecanal,,,,,,,CCCCCCCCCCC=O
undecananamide,,,,,,,CCCCCCCCCCC(=O)N
undecanoicacidisopropylester,,,,,,,CCCCCCCCCCC(=O)OC(C)C
undecanoicacidmethylester,,,,,,,CCCCCCCCCCC(=O)OC
undecanoicacid,UNDECANOICACID,BP-TZVP,000112-37-8,186.29,C11H22O2,,CCCCCCCCCCC(=O)O
undecatrien,,,,,,,CCCCC/C=C/C=C/C=C
undecavertol,,,,,,,CC/C=C(/[C@@H](CCCCC)O)\C
undecylbenzene,,,,,,,c1ccccc1CCCCCCCCCCC
uracil_anion,,,,,,,N1=C[CH]C(=O)NC1=O
uracil,,,,,,,c1(=O)[nH]c(=O)cc[nH]1
uramil,,,,,,,O=C1NC(=O)C(N)C(=O)N1
urazole,,,,,,,O=c1[nH]c(=O)[nH][nH]1
urbacid,,,,,,,S(C(=S)N(C)C)[As](C)SC(=S)N(C)C
urea_anion,,,,,,,C(=O)(N)[NH]
urea,,,,,,,NC(=O)N
urethane,,,,,,,O=C(OCC)N
vacuum,vacuum-dummy,all QM levels,000000-00-0,0.00,TV,,*
valencene,,,,,,,[C@]12([C@@H](CCC=C2CC[C@H](C1)C(=C)C)C)C
valencen,,,,,,,[C@@H]1(CC=C(CC1)C)C(=C)CCC=C(C)C
valeraldehyde,,,,,,,C(=O)CCCC
valerianol,,,,,,,[C@@]12(C(=CCC[C@H]1C)CC[C@H](C2)C(C)(C)O)C
valeronitrile,,,,,,,N#CCCCC
valerylchloride,,,,,,,O=C(CCCC)Cl
valinate_anion,,,,,,,[O]C(=O)[C@@H](N)C(C)C
valine,,,,,,,O=C([O])[C@@H]([NH3])C(C)C
valproicacid,,,,,,,C(CCC)(CCC)C(=O)O
vanillic-acid,,,,,,,COc1cc(ccc1O)C(=O)O
vanillin-propylenglycolacetal,,,,,,,C[C@@H](C(=O)OCCC)OC(CC)(C)C
vanillyl-butyl-ether,,,,,,,CCCCOCc1ccc(O)c(OC)c1
vanillyl-ethyl-ether,,,,,,,CCOCc1ccc(O)c(OC)c1
vat-5-orange,,,,,,,C1(=O)/C(=C\2/C(=O)c3c(S2)cc(cc3)OCC)/Sc2c1ccc(c2)OCC
veloutone,,,,,,,C(C[C@H]1CC(C(=O)[C@H]1C)(C)C)CCC
verbenal,,,,,,,C(/C(=C\CC=C(C)C)/C)C=O
verbenol,,,,,,,CC1=C[C@@H](O)[C@@H]2C[C@H]1C2(C)C
verdantiol_e,,,,,,,c1(ccc(c(c1)OC)O)[C@H]1OC[C@H](O1)C
verdantiol_z,,,,,,,c1(c(cccc1)/N=C/[C@@H](Cc1ccc(cc1)C(C)(C)C)C)C(=O)OC
verdoracine,,,,,,,c1(c(cc(cc1)C(C)C)C)/C=C/C
verdoxan,,,,,,,[C@@H]1(C(COC(O1)(C)C)(C)C)C(C)C
verdural_b,,,,,,,CC(C(=O)OCC/C=C\CC)C
vernaldehyd,,,,,,,C(CCC(C)C)C1=CC[C@](CC1)(C=O)C
vernolate,,,,,,,N(C(=O)SCCC)(CCC)CCC
vertacetal_2_4_5-isomer,,,,,,,[C@]1([C@@H](CO[C@H](O1)C)C)(c1ccccc1)C
vertacetal_2_4_6-isomer,,,,,,,[C@]1(C[C@@H](O[C@H](O1)C)C)(c1ccccc1)C
vertosine_e_a,,,,,,,C(=N\c1ccccc1C(=O)OC)/[C@H]1[C@@H](C=C(CC1)C)C
vertosine_e_b,,,,,,,C(=N\c1ccccc1C(=O)OC)/[C@H]1C[C@@H](C=C(C1)C)C
vertosine_z_a,,,,,,,C1[C@H]([C@@H](C=C(C1)C)C)/C=N\c1ccccc1C(=O)OC
vertosine_z_b,,,,,,,[C@@H]1(C[C@@H](C=C(C1)C)C)/C=N\c1ccccc1C(=O)OC
vertral,,,,,,,[C@@H]12[C@@H]([C@H]3[C@@H](C[C@@H]1C3)C=O)CCC2
vetikolacetate,,,,,,,c1(ccccc1)C(C[C@@H](C)OC(=O)C)(C)C
vetival,,,,,,,C1(CCCCC1)C(CC(=O)C)(C)C
vetiven_beta,,,,,,,[C@]12(C(=CCC(=C(C)C)C2)C=CC[C@H]1C)C
vetiven_gamma,,,,,,,[C@]12(C(=CCC(=C2)C(=C)C)CCC[C@H]1C)C
vetiverol,,,,,,,[C@@H]12[C@H](C(=C[C@H](C[C@H]1C)O)C)CC(=C(C)C)C2
vetiverylacetate,,,,,,,[C@H]12[C@@H](C(=C[C@H](C[C@H]1C)OC(=O)C)C)CC(=C)C2
vetivon_alpha,,,,,,,[C@]12(C(=CC(=O)C[C@H]1C)CCC(=C(C)C)C2)C
vetivon_beta,,,,,,,[C@@]12(C(=CC(=O)C[C@H]1C)C)CCC(=C(C)C)C2
vigoflor,,,,,,,[C@@H]12[C@@H]([C@H]3[C@@]4(C[C@@H]1C3)OCCC4)CCC2
vinylacetate,,,,,,,O=C(OC=C)C
vinylbutyrate,,,,,,,CCCC(=O)OC=C
vinylcyclohexane,,,,,,,C1CCC(C=C)CC1
vinylethoxydimethylsilane,,,,,,,[Si](OCC)(C)(C)C=C
vinylformate,VINYLFORMATE,BP-TZVP,000692-45-5,72.06,C3H4O2,,C=COC=O
vinylnorbornene,,,,,,,[C@@H]1([C@H]2C=C[C@@H](C1)C2)C=C
vinyloxirane,,,,,,,O1[C@@H](C=C)C1
vinyltrichlorosilane,,,,,,,[Si](Cl)(Cl)(Cl)C=C
violettyne_mip,,,,,,,CCCCCC#C/C=C/C=C
viridiflorol,,,,,,,[C@H]12[C@H]([C@@](CC[C@H]3[C@@H]1C3(C)C)(C)O)CC[C@H]2C
vivaldie,,,,,,,CC(=C)COCC/C=C\CC
warfarin,3-(1'-phenyl-2'-acetylethyl)-4-hydroxycoumarin,BP-TZVP,000081-81-2,308.33,C19H16O4,,o1c2c(c(c(c1=O)[C@H](c1ccccc1)CC(=O)C)O)cccc2
xanthene,9H-Xanthene,BP-TZVP,000092-83-1,182.22,C13H10O,,c1ccc2c(c1)Oc1c(cccc1)C2
xanthone,,,,,,,O=c1c2c(oc3c1cccc3)cccc2
xe,,,,,,,[Xe]
xylose,,,,,,,[C@H](C=O)([C@H]([C@@H](CO)O)O)O
ylangen_alpha,,,,,,,[C@H]12[C@@H]3[C@@H](CC[C@]1([C@@H]3CC=C2C)C)C(C)C
ysamber_k,,,,,,,[C@H]12[C@@]3(C(CCC41OCCO4)(C)C)CC[C@@H](C2(C)C)C3
zingerone,,,,,,,COc1cc(CCC(=O)C)ccc1O
zingiberenol,,,,,,,[C@H]1(CC[C@H](CC1)C)[C@H](CCC=C(C)C)C
zingiberen_alpha,,,,,,,[C@H]1(C=CC(=CC1)C)[C@H](CCC=C(C)C)C
"zz-3-methyl-4-cyclohexene-1,2-dicarboxylicacid",,,,,,,C1=C[C@@H]([C@H]2[C@H](C1)C(=O)OC2=O)C
