Temperature (°C),Phase 1 x(1) input,Phase 1 x(2) input,Phase 1 x(3) input,Phase 2 x(1) input,Phase 2 x(2) input,Phase 2 x(3) input,Compound 1,Compound 2,Compound 3,Phase 1 x(1) output,Phase 1 x(2) output,Phase 1 x(3) output,Phase 2 x(1) output,Phase 2 x(2) output,Phase 2 x(3) output
20.0,0.999,0,0.0010033,0,1.0,0,h2o,"1,2-dichloroethane",lacticacid,0.99668792,0.00233311,0.00097896,0.00284577,0.99712938,2.4844e-05
20.0,0.998,0,0.0020129,0,1.0,0,h2o,"1,2-dichloroethane",lacticacid,0.99566543,0.00237041,0.00196416,0.00285363,0.99709659,4.9777e-05
20.0,0.9959,0,0.0040513,0,1.0,0,h2o,"1,2-dichloroethane",lacticacid,0.99359922,0.00244749,0.00395329,0.00287126,0.99702861,0.00010013
20.0,0.9897,0,0.0103,0,1.0,0,h2o,"1,2-dichloroethane",lacticacid,0.98722928,0.00269512,0.0100756,0.0029219,0.99682377,0.00025433
20.0,0.9787,0,0.0213,0,1.0,0,h2o,"1,2-dichloroethane",lacticacid,0.97600188,0.00317441,0.02082372,0.00301044,0.99646486,0.0005247
20.0,0.9669,0,0.0331,0,1.0,0,h2o,"1,2-dichloroethane",lacticacid,0.96393635,0.00375379,0.03230986,0.00310111,0.99608432,0.00081457
20.0,0.9543,0,0.0457,0,1.0,0,h2o,"1,2-dichloroethane",lacticacid,0.95093324,0.00445751,0.04460926,0.00319284,0.99568065,0.00112651
20.0,0.9407,0,0.0593,0,1.0,0,h2o,"1,2-dichloroethane",lacticacid,0.93687969,0.00531562,0.05780469,0.00328937,0.99524446,0.00146616
30.0,0.999,0,0.0010033,0,1.0,0,h2o,"1,2-dichloroethane",lacticacid,0.99655588,0.00247765,0.00096647,0.00416425,0.99579727,3.8479e-05
30.0,0.998,0,0.0020129,0,1.0,0,h2o,"1,2-dichloroethane",lacticacid,0.9955432,0.00251767,0.00193914,0.00417885,0.99574403,7.7118e-05
30.0,0.9959,0,0.0040513,0,1.0,0,h2o,"1,2-dichloroethane",lacticacid,0.99349674,0.00259994,0.00390332,0.00420802,0.99563709,0.00015489
30.0,0.9897,0,0.0103,0,1.0,0,h2o,"1,2-dichloroethane",lacticacid,0.98718426,0.0028657,0.00995004,0.00429868,0.99530819,0.00039313
30.0,0.9787,0,0.0213,0,1.0,0,h2o,"1,2-dichloroethane",lacticacid,0.97604842,0.00338049,0.02057109,0.00445127,0.9947405,0.00080823
30.0,0.9669,0,0.0331,0,1.0,0,h2o,"1,2-dichloroethane",lacticacid,0.96406783,0.00400343,0.03192875,0.00460514,0.99414577,0.00124909
30.0,0.9543,0,0.0457,0,1.0,0,h2o,"1,2-dichloroethane",lacticacid,0.95114468,0.00475986,0.04409546,0.00476484,0.99351329,0.00172187
30.0,0.9407,0,0.0593,0,1.0,0,h2o,"1,2-dichloroethane",lacticacid,0.93716129,0.00568301,0.0571557,0.00492889,0.99284025,0.00223086
40.0,0.999,0,0.0010033,0,1.0,0,h2o,"1,2-dichloroethane",lacticacid,0.99638976,0.00266055,0.00094969,0.00594232,0.99400094,5.6748e-05
40.0,0.998,0,0.0020129,0,1.0,0,h2o,"1,2-dichloroethane",lacticacid,0.99539088,0.00270362,0.0019055,0.00596803,0.99391818,0.00011379
40.0,0.9959,0,0.0040513,0,1.0,0,h2o,"1,2-dichloroethane",lacticacid,0.99337182,0.0027922,0.00383597,0.00601658,0.99375488,0.00022854
40.0,0.9897,0,0.0103,0,1.0,0,h2o,"1,2-dichloroethane",lacticacid,0.98713979,0.00307854,0.00978167,0.00616245,0.9932586,0.00057895
40.0,0.9787,0,0.0213,0,1.0,0,h2o,"1,2-dichloroethane",lacticacid,0.97613446,0.0036331,0.02023244,0.00641174,0.99240034,0.00118791
40.0,0.9669,0,0.0331,0,1.0,0,h2o,"1,2-dichloroethane",lacticacid,0.9642792,0.004304,0.0314168,0.00666542,0.99150195,0.00183263
40.0,0.9543,0,0.0457,0,1.0,0,h2o,"1,2-dichloroethane",lacticacid,0.95147231,0.00511917,0.04340852,0.00692429,0.99055706,0.00251865
40.0,0.9407,0,0.0593,0,1.0,0,h2o,"1,2-dichloroethane",lacticacid,0.93759312,0.00611461,0.05629227,0.00718753,0.98956167,0.00325081
20.0,0.999,0,0.0010033,0,1.0,0,h2o,1-butanol,lacticacid,0.9766719,0.02298713,0.00034097,0.49218496,0.50718385,0.00063118
20.0,0.998,0,0.0020129,0,1.0,0,h2o,1-butanol,lacticacid,0.97621306,0.02310203,0.00068491,0.49310855,0.50562498,0.00126647
20.0,0.9959,0,0.0040513,0,1.0,0,h2o,1-butanol,lacticacid,0.97528227,0.02333587,0.00138185,0.49498485,0.50246563,0.00254952
20.0,0.9897,0,0.0103,0,1.0,0,h2o,1-butanol,lacticacid,0.97237608,0.02407498,0.00354894,0.50078947,0.49270908,0.00650145
20.0,0.9787,0,0.0213,0,1.0,0,h2o,1-butanol,lacticacid,0.9671056,0.02545136,0.00744305,0.51109136,0.4754562,0.01345244
20.0,0.9669,0,0.0331,0,1.0,0,h2o,1-butanol,lacticacid,0.96119855,0.02705017,0.01175128,0.52232,0.45677583,0.02090416
20.0,0.9543,0,0.0457,0,1.0,0,h2o,1-butanol,lacticacid,0.95449959,0.028935,0.01656541,0.53475571,0.4363223,0.02892199
20.0,0.9407,0,0.0593,0,1.0,0,h2o,1-butanol,lacticacid,0.94677107,0.03120655,0.02202239,0.54881278,0.4135815,0.03760572
30.0,0.999,0,0.0010033,0,1.0,0,h2o,1-butanol,lacticacid,0.97986804,0.01982491,0.00030706,0.46376836,0.53559773,0.00063391
30.0,0.998,0,0.0020129,0,1.0,0,h2o,1-butanol,lacticacid,0.97946799,0.01991522,0.00061679,0.46461591,0.53411212,0.00127197
30.0,0.9959,0,0.0040513,0,1.0,0,h2o,1-butanol,lacticacid,0.97865585,0.02009966,0.00124449,0.46632102,0.53111834,0.00256065
30.0,0.9897,0,0.0103,0,1.0,0,h2o,1-butanol,lacticacid,0.97612089,0.02068234,0.00319677,0.47158639,0.52188332,0.00653029
30.0,0.9787,0,0.0213,0,1.0,0,h2o,1-butanol,lacticacid,0.97153155,0.02176279,0.00670566,0.48096394,0.50552287,0.0135132
30.0,0.9669,0,0.0331,0,1.0,0,h2o,1-butanol,lacticacid,0.96640176,0.02301125,0.01058699,0.4911869,0.48781526,0.02099784
30.0,0.9543,0,0.0457,0,1.0,0,h2o,1-butanol,lacticacid,0.96060935,0.02447243,0.01491822,0.50248276,0.46847476,0.02904249
30.0,0.9407,0,0.0593,0,1.0,0,h2o,1-butanol,lacticacid,0.95398232,0.02621259,0.01980509,0.51512873,0.44715119,0.03772008
40.0,0.999,0,0.0010033,0,1.0,0,h2o,1-butanol,lacticacid,0.98200955,0.01771111,0.00027933,0.44824215,0.55112197,0.00063587
40.0,0.998,0,0.0020129,0,1.0,0,h2o,1-butanol,lacticacid,0.98165278,0.01778606,0.00056116,0.44901222,0.54971187,0.00127591
40.0,0.9959,0,0.0040513,0,1.0,0,h2o,1-butanol,lacticacid,0.98092918,0.01793838,0.00113244,0.45057867,0.54685268,0.00256864
40.0,0.9897,0,0.0103,0,1.0,0,h2o,1-butanol,lacticacid,0.97867018,0.01841947,0.00291034,0.45542339,0.53802544,0.00655117
40.0,0.9787,0,0.0213,0,1.0,0,h2o,1-butanol,lacticacid,0.97457937,0.01931073,0.0061099,0.46405628,0.52238522,0.0135585
40.0,0.9669,0,0.0331,0,1.0,0,h2o,1-butanol,lacticacid,0.97000822,0.02033773,0.00965405,0.47348745,0.50544039,0.02107216
40.0,0.9543,0,0.0457,0,1.0,0,h2o,1-butanol,lacticacid,0.96484923,0.0215366,0.01361417,0.48389947,0.48694993,0.02915061
40.0,0.9407,0,0.0593,0,1.0,0,h2o,1-butanol,lacticacid,0.95895564,0.02295888,0.01808548,0.49553735,0.46659848,0.03786417
20.0,0.999,0,0.0010033,0,1.0,0,h2o,1-decanol,lacticacid,0.99931311,6.36e-06,0.00068053,0.10818723,0.89143682,0.00037595
20.0,0.998,0,0.0020129,0,1.0,0,h2o,1-decanol,lacticacid,0.99862723,6.4982e-06,0.00136627,0.10824182,0.8910041,0.00075408
20.0,0.9959,0,0.0040513,0,1.0,0,h2o,1-decanol,lacticacid,0.99723964,6.7855e-06,0.00275358,0.10835156,0.8901315,0.00151694
20.0,0.9897,0,0.0103,0,1.0,0,h2o,1-decanol,lacticacid,0.99294606,7.742e-06,0.0070462,0.10868529,0.88745467,0.00386004
20.0,0.9787,0,0.0213,0,1.0,0,h2o,1-decanol,lacticacid,0.98532527,9.7152e-06,0.01466502,0.10925677,0.88278423,0.007959
20.0,0.9669,0,0.0331,0,1.0,0,h2o,1-decanol,lacticacid,0.97706675,1.2306e-05,0.02292095,0.10985185,0.87782308,0.01232507
20.0,0.9543,0,0.0457,0,1.0,0,h2o,1-decanol,lacticacid,0.96809616,1.5739e-05,0.0318881,0.11046471,0.87254418,0.01699111
20.0,0.9407,0,0.0593,0,1.0,0,h2o,1-decanol,lacticacid,0.9583293,2.0336e-05,0.04165036,0.11109886,0.86690354,0.0219976
30.0,0.999,0,0.0010033,0,1.0,0,h2o,1-decanol,lacticacid,0.99936086,6.3167e-06,0.00063282,0.10982283,0.88976201,0.00041516
30.0,0.998,0,0.0020129,0,1.0,0,h2o,1-decanol,lacticacid,0.99872279,6.4491e-06,0.00127076,0.10989682,0.88927057,0.00083261
30.0,0.9959,0,0.0040513,0,1.0,0,h2o,1-decanol,lacticacid,0.99743106,6.7241e-06,0.00256222,0.11004559,0.88827997,0.00167445
30.0,0.9897,0,0.0103,0,1.0,0,h2o,1-decanol,lacticacid,0.99342692,7.6395e-06,0.00656544,0.11049816,0.88524475,0.00425709
30.0,0.9787,0,0.0213,0,1.0,0,h2o,1-decanol,lacticacid,0.98629371,9.5263e-06,0.01369676,0.11127365,0.87996273,0.00876362
30.0,0.9669,0,0.0331,0,1.0,0,h2o,1-decanol,lacticacid,0.97852717,1.2003e-05,0.02146083,0.11208098,0.87437209,0.01354693
30.0,0.9543,0,0.0457,0,1.0,0,h2o,1-decanol,lacticacid,0.97004986,1.529e-05,0.02993485,0.11291297,0.8684485,0.01863852
30.0,0.9407,0,0.0593,0,1.0,0,h2o,1-decanol,lacticacid,0.96077469,1.9699e-05,0.03920561,0.11377783,0.86214412,0.02407805
40.0,0.999,0,0.0010033,0,1.0,0,h2o,1-decanol,lacticacid,0.9994029,6.4629e-06,0.00059064,0.11221821,0.887332,0.0004498
40.0,0.998,0,0.0020129,0,1.0,0,h2o,1-decanol,lacticacid,0.99880713,6.5933e-06,0.00118627,0.11231005,0.88678794,0.00090201
40.0,0.9959,0,0.0040513,0,1.0,0,h2o,1-decanol,lacticacid,0.99760036,6.8642e-06,0.00239277,0.11249476,0.88569148,0.00181376
40.0,0.9897,0,0.0103,0,1.0,0,h2o,1-decanol,lacticacid,0.99385383,7.7646e-06,0.00613841,0.11305705,0.88233366,0.00460929
40.0,0.9787,0,0.0213,0,1.0,0,h2o,1-decanol,lacticacid,0.98715832,9.6176e-06,0.01283206,0.11402589,0.87649307,0.00948104
40.0,0.9669,0,0.0331,0,1.0,0,h2o,1-decanol,lacticacid,0.97983728,1.2048e-05,0.02015067,0.11502721,0.8703316,0.01464119
40.0,0.9543,0,0.0457,0,1.0,0,h2o,1-decanol,lacticacid,0.97181096,1.5274e-05,0.02817377,0.1160643,0.86381497,0.02012073
40.0,0.9407,0,0.0593,0,1.0,0,h2o,1-decanol,lacticacid,0.96298857,1.9604e-05,0.03699183,0.11714273,0.85689966,0.02595761
20.0,0.999,0,0.0010033,0,1.0,0,h2o,1-heptanol,lacticacid,0.99911622,0.0003335,0.00055029,0.17696997,0.82252239,0.00050764
20.0,0.998,0,0.0020129,0,1.0,0,h2o,1-heptanol,lacticacid,0.99855787,0.00033753,0.0011046,0.1771755,0.82180571,0.00101879
20.0,0.9959,0,0.0040513,0,1.0,0,h2o,1-heptanol,lacticacid,0.99742877,0.0003458,0.00222542,0.1775959,0.82035226,0.00205184
20.0,0.9897,0,0.0103,0,1.0,0,h2o,1-heptanol,lacticacid,0.99393855,0.00037237,0.00568908,0.17887523,0.81588533,0.00523943
20.0,0.9787,0,0.0213,0,1.0,0,h2o,1-heptanol,lacticacid,0.98775517,0.0004232,0.01182162,0.18112326,0.8080093,0.01086743
20.0,0.9669,0,0.0331,0,1.0,0,h2o,1-heptanol,lacticacid,0.98106742,0.00048392,0.01844866,0.18353736,0.79953158,0.01693106
20.0,0.9543,0,0.0457,0,1.0,0,h2o,1-heptanol,lacticacid,0.97381348,0.00055699,0.02562953,0.1861294,0.79038573,0.02348486
20.0,0.9407,0,0.0593,0,1.0,0,h2o,1-heptanol,lacticacid,0.96592132,0.0006456,0.03343308,0.18891746,0.7804896,0.03059293
30.0,0.999,0,0.0010033,0,1.0,0,h2o,1-heptanol,lacticacid,0.99918364,0.00031488,0.00050148,0.17791267,0.82154694,0.00054039
30.0,0.998,0,0.0020129,0,1.0,0,h2o,1-heptanol,lacticacid,0.99867471,0.0003185,0.0010068,0.17814346,0.82077212,0.00108442
30.0,0.9959,0,0.0040513,0,1.0,0,h2o,1-heptanol,lacticacid,0.99764501,0.00032591,0.00202908,0.17861479,0.81920161,0.00218359
30.0,0.9897,0,0.0103,0,1.0,0,h2o,1-heptanol,lacticacid,0.99445758,0.00034971,0.00519271,0.18004874,0.81437877,0.00557249
30.0,0.9787,0,0.0213,0,1.0,0,h2o,1-heptanol,lacticacid,0.98879412,0.00039523,0.01081065,0.18256714,0.80588712,0.01154574
30.0,0.9669,0,0.0331,0,1.0,0,h2o,1-heptanol,lacticacid,0.98264382,0.00044962,0.01690655,0.18524999,0.79678457,0.01796544
30.0,0.9543,0,0.0457,0,1.0,0,h2o,1-heptanol,lacticacid,0.97594389,0.00051513,0.02354098,0.18812358,0.7869911,0.02488532
30.0,0.9407,0,0.0593,0,1.0,0,h2o,1-heptanol,lacticacid,0.96861954,0.00059473,0.03078573,0.19119958,0.77643327,0.03236715
40.0,0.999,0,0.0010033,0,1.0,0,h2o,1-heptanol,lacticacid,0.99923477,0.00030504,0.00046019,0.18009146,0.81934074,0.0005678
40.0,0.998,0,0.0020129,0,1.0,0,h2o,1-heptanol,lacticacid,0.99876761,0.00030837,0.00092402,0.18034503,0.81851561,0.00113936
40.0,0.9959,0,0.0040513,0,1.0,0,h2o,1-heptanol,lacticacid,0.99782203,0.0003152,0.00186277,0.18085677,0.81684928,0.00229394
40.0,0.9897,0,0.0103,0,1.0,0,h2o,1-heptanol,lacticacid,0.99489184,0.00033708,0.00477108,0.18242948,0.8117184,0.00585212
40.0,0.9787,0,0.0213,0,1.0,0,h2o,1-heptanol,lacticacid,0.98967316,0.00037891,0.00994794,0.18518817,0.80269429,0.01211754
40.0,0.9669,0,0.0331,0,1.0,0,h2o,1-heptanol,lacticacid,0.98398729,0.00042886,0.01558385,0.18812126,0.79303709,0.01884165
40.0,0.9543,0,0.0457,0,1.0,0,h2o,1-heptanol,lacticacid,0.9777704,0.00048903,0.02174058,0.1912545,0.78266815,0.02607735
40.0,0.9407,0,0.0593,0,1.0,0,h2o,1-heptanol,lacticacid,0.97094593,0.0005622,0.02849187,0.19460008,0.77151486,0.03388507
20.0,0.999,0,0.0010033,0,1.0,0,h2o,1-hexanol,lacticacid,0.99818527,0.00133419,0.00048054,0.25400296,0.74541923,0.00057781
20.0,0.998,0,0.0020129,0,1.0,0,h2o,1-hexanol,lacticacid,0.99768908,0.00134634,0.00096458,0.25433049,0.74450975,0.00115976
20.0,0.9959,0,0.0040513,0,1.0,0,h2o,1-hexanol,lacticacid,0.99668556,0.00137115,0.00194328,0.25499902,0.74266469,0.00233629
20.0,0.9897,0,0.0103,0,1.0,0,h2o,1-hexanol,lacticacid,0.99358236,0.00145004,0.0049676,0.25704379,0.73698625,0.00596996
20.0,0.9787,0,0.0213,0,1.0,0,h2o,1-hexanol,lacticacid,0.98807954,0.00159794,0.01032252,0.26066017,0.72694316,0.01239667
20.0,0.9669,0,0.0331,0,1.0,0,h2o,1-hexanol,lacticacid,0.98211755,0.00177019,0.01611226,0.2645538,0.71611292,0.01933328
20.0,0.9543,0,0.0457,0,1.0,0,h2o,1-hexanol,lacticacid,0.97563517,0.00197229,0.02239254,0.26875697,0.70440182,0.02684121
20.0,0.9407,0,0.0593,0,1.0,0,h2o,1-hexanol,lacticacid,0.96855918,0.00221134,0.02922948,0.27330571,0.69170281,0.03499148
30.0,0.999,0,0.0010033,0,1.0,0,h2o,1-hexanol,lacticacid,0.99832729,0.00123922,0.00043349,0.25205428,0.74734502,0.0006007
30.0,0.998,0,0.0020129,0,1.0,0,h2o,1-hexanol,lacticacid,0.99787989,0.00124982,0.00087029,0.25239746,0.74639693,0.00120561
30.0,0.9959,0,0.0040513,0,1.0,0,h2o,1-hexanol,lacticacid,0.99697456,0.00127147,0.00175397,0.25309062,0.74448115,0.00242823
30.0,0.9897,0,0.0103,0,1.0,0,h2o,1-hexanol,lacticacid,0.99417131,0.00134022,0.00448846,0.25523379,0.73856441,0.0062018
30.0,0.9787,0,0.0213,0,1.0,0,h2o,1-hexanol,lacticacid,0.98918558,0.00146915,0.00934527,0.25900207,0.72813162,0.01286631
30.0,0.9669,0,0.0331,0,1.0,0,h2o,1-hexanol,lacticacid,0.98376197,0.00161939,0.01461864,0.26304344,0.71691109,0.02004548
30.0,0.9543,0,0.0457,0,1.0,0,h2o,1-hexanol,lacticacid,0.9778385,0.00179589,0.02036562,0.26738875,0.70481221,0.02779904
30.0,0.9407,0,0.0593,0,1.0,0,h2o,1-hexanol,lacticacid,0.97134045,0.00200509,0.02665447,0.27207274,0.69173153,0.03619572
40.0,0.999,0,0.0010033,0,1.0,0,h2o,1-hexanol,lacticacid,0.99842559,0.00117987,0.00039454,0.25218958,0.74719106,0.00061936
40.0,0.998,0,0.0020129,0,1.0,0,h2o,1-hexanol,lacticacid,0.99801844,0.00118937,0.00079219,0.2525482,0.7462088,0.001243
40.0,0.9959,0,0.0040513,0,1.0,0,h2o,1-hexanol,lacticacid,0.99719424,0.00120877,0.00159699,0.2532723,0.74422441,0.00250329
40.0,0.9897,0,0.0103,0,1.0,0,h2o,1-hexanol,lacticacid,0.99463953,0.00127036,0.00409011,0.25550862,0.7380998,0.00639158
40.0,0.9787,0,0.0213,0,1.0,0,h2o,1-hexanol,lacticacid,0.99008525,0.00138583,0.00852892,0.2594271,0.72732022,0.01325268
40.0,0.9669,0,0.0331,0,1.0,0,h2o,1-hexanol,lacticacid,0.98511523,0.00152035,0.01336441,0.26362617,0.71573883,0.020635
40.0,0.9543,0,0.0457,0,1.0,0,h2o,1-hexanol,lacticacid,0.97966725,0.00167846,0.01865429,0.26812933,0.70327333,0.02859734
40.0,0.9407,0,0.0593,0,1.0,0,h2o,1-hexanol,lacticacid,0.97366648,0.00186603,0.02446748,0.27297774,0.6898147,0.03720756
20.0,0.999,0,0.0010033,0,1.0,0,h2o,1-nonanol,lacticacid,0.99932096,2.3059e-05,0.00065598,0.11949108,0.88010675,0.00040217
20.0,0.998,0,0.0020129,0,1.0,0,h2o,1-nonanol,lacticacid,0.99865959,2.3491e-05,0.00131692,0.11957389,0.87961929,0.00080682
20.0,0.9959,0,0.0040513,0,1.0,0,h2o,1-nonanol,lacticacid,0.99732167,2.4385e-05,0.00265395,0.11973324,0.8786432,0.00162356
20.0,0.9897,0,0.0103,0,1.0,0,h2o,1-nonanol,lacticacid,0.99318266,2.7327e-05,0.00679002,0.12022025,0.87564426,0.0041355
20.0,0.9787,0,0.0213,0,1.0,0,h2o,1-nonanol,lacticacid,0.98583913,3.3252e-05,0.01412761,0.12106292,0.87039543,0.00854165
20.0,0.9669,0,0.0331,0,1.0,0,h2o,1-nonanol,lacticacid,0.97788458,4.0799e-05,0.02207462,0.12195101,0.86479803,0.01325096
20.0,0.9543,0,0.0457,0,1.0,0,h2o,1-nonanol,lacticacid,0.96924733,5.0499e-05,0.03070217,0.12288139,0.85881731,0.0183013
20.0,0.9407,0,0.0593,0,1.0,0,h2o,1-nonanol,lacticacid,0.95984658,6.3071e-05,0.04009035,0.1238646,0.85239579,0.02373961
30.0,0.999,0,0.0010033,0,1.0,0,h2o,1-nonanol,lacticacid,0.9993704,2.2518e-05,0.00060708,0.12113849,0.87842027,0.00044124
30.0,0.998,0,0.0020129,0,1.0,0,h2o,1-nonanol,lacticacid,0.99875805,2.2924e-05,0.00121902,0.12123956,0.87787537,0.00088507
30.0,0.9959,0,0.0040513,0,1.0,0,h2o,1-nonanol,lacticacid,0.99751855,2.3763e-05,0.00245769,0.12144307,0.87677634,0.0017806
30.0,0.9897,0,0.0103,0,1.0,0,h2o,1-nonanol,lacticacid,0.99367751,2.6523e-05,0.00629597,0.12206479,0.87340326,0.00453195
30.0,0.9787,0,0.0213,0,1.0,0,h2o,1-nonanol,lacticacid,0.98683877,3.208e-05,0.01312915,0.12313942,0.8675134,0.00934718
30.0,0.9669,0,0.0331,0,1.0,0,h2o,1-nonanol,lacticacid,0.97939747,3.9158e-05,0.02056338,0.12426971,0.86125276,0.01447753
30.0,0.9543,0,0.0457,0,1.0,0,h2o,1-nonanol,lacticacid,0.97127921,4.8265e-05,0.02867252,0.12545134,0.85458888,0.01995978
30.0,0.9407,0,0.0593,0,1.0,0,h2o,1-nonanol,lacticacid,0.96240002,6.0095e-05,0.03753988,0.12669599,0.84746451,0.0258395
40.0,0.999,0,0.0010033,0,1.0,0,h2o,1-nonanol,lacticacid,0.99941315,2.2619e-05,0.00056423,0.12359959,0.87592503,0.00047538
40.0,0.998,0,0.0020129,0,1.0,0,h2o,1-nonanol,lacticacid,0.99884381,2.301e-05,0.00113318,0.12372068,0.87532582,0.0009535
40.0,0.9959,0,0.0040513,0,1.0,0,h2o,1-nonanol,lacticacid,0.99769077,2.3819e-05,0.00228541,0.12396453,0.87411744,0.00191803
40.0,0.9897,0,0.0103,0,1.0,0,h2o,1-nonanol,lacticacid,0.99411257,2.6478e-05,0.00586095,0.12470955,0.87041056,0.00487989
40.0,0.9787,0,0.0213,0,1.0,0,h2o,1-nonanol,lacticacid,0.98772296,3.1823e-05,0.01224521,0.12600178,0.86394053,0.0100577
40.0,0.9669,0,0.0331,0,1.0,0,h2o,1-nonanol,lacticacid,0.98074245,3.8628e-05,0.01921892,0.12735257,0.85708317,0.01556426
40.0,0.9543,0,0.0457,0,1.0,0,h2o,1-nonanol,lacticacid,0.97309476,4.7383e-05,0.02685786,0.12876798,0.84979599,0.02143603
40.0,0.9407,0,0.0593,0,1.0,0,h2o,1-nonanol,lacticacid,0.96469269,5.8767e-05,0.03524855,0.13025738,0.84202546,0.02771716
20.0,0.999,0,0.0010033,0,1.0,0,h2o,1-octanol,lacticacid,0.99931066,8.36e-05,0.00060574,0.13745049,0.86209938,0.00045013
20.0,0.998,0,0.0020129,0,1.0,0,h2o,1-octanol,lacticacid,0.99869913,8.4884e-05,0.00121599,0.13757701,0.86151979,0.0009032
20.0,0.9959,0,0.0040513,0,1.0,0,h2o,1-octanol,lacticacid,0.99746225,8.7527e-05,0.00245023,0.13783226,0.86034945,0.00181829
20.0,0.9897,0,0.0103,0,1.0,0,h2o,1-octanol,lacticacid,0.99363752,9.6115e-05,0.00626636,0.13861612,0.85674638,0.00463751
20.0,0.9787,0,0.0213,0,1.0,0,h2o,1-octanol,lacticacid,0.98685749,0.00011296,0.01302955,0.13999114,0.85040886,0.0096
20.0,0.9669,0,0.0331,0,1.0,0,h2o,1-octanol,lacticacid,0.97951978,0.00013372,0.0203465,0.14144882,0.84362481,0.01492636
20.0,0.9543,0,0.0457,0,1.0,0,h2o,1-octanol,lacticacid,0.97155897,0.00015951,0.02828152,0.14300673,0.83632983,0.02066344
20.0,0.9407,0,0.0593,0,1.0,0,h2o,1-octanol,lacticacid,0.96289873,0.00019181,0.03690946,0.14466762,0.82846659,0.02686579
30.0,0.999,0,0.0010033,0,1.0,0,h2o,1-octanol,lacticacid,0.99936262,8.0623e-05,0.00055676,0.1392011,0.86031155,0.00048735
30.0,0.998,0,0.0020129,0,1.0,0,h2o,1-octanol,lacticacid,0.99880031,8.1806e-05,0.00111788,0.13935221,0.85967,0.00097779
30.0,0.9959,0,0.0040513,0,1.0,0,h2o,1-octanol,lacticacid,0.99766237,8.4242e-05,0.00225338,0.13965698,0.858375,0.00196802
30.0,0.9897,0,0.0103,0,1.0,0,h2o,1-octanol,lacticacid,0.99413823,9.2152e-05,0.00576962,0.14059207,0.85439192,0.00501601
30.0,0.9787,0,0.0213,0,1.0,0,h2o,1-octanol,lacticacid,0.98787113,0.00010766,0.01202121,0.14222854,0.84740068,0.01037077
30.0,0.9669,0,0.0331,0,1.0,0,h2o,1-octanol,lacticacid,0.98105997,0.00012677,0.01881326,0.14395865,0.83993874,0.01610261
30.0,0.9543,0,0.0457,0,1.0,0,h2o,1-octanol,lacticacid,0.97363736,0.00015052,0.02621212,0.14580105,0.83194151,0.02225744
30.0,0.9407,0,0.0593,0,1.0,0,h2o,1-octanol,lacticacid,0.96552446,0.00018033,0.03429521,0.14776102,0.82335026,0.02888872
40.0,0.999,0,0.0010033,0,1.0,0,h2o,1-octanol,lacticacid,0.99940563,7.983e-05,0.00051454,0.1418623,0.85761847,0.00051923
40.0,0.998,0,0.0020129,0,1.0,0,h2o,1-octanol,lacticacid,0.9988858,8.0949e-05,0.00103325,0.1420356,0.85692273,0.00104168
40.0,0.9959,0,0.0040513,0,1.0,0,h2o,1-octanol,lacticacid,0.99783333,8.3253e-05,0.00208342,0.14238507,0.85551854,0.00209639
40.0,0.9897,0,0.0103,0,1.0,0,h2o,1-octanol,lacticacid,0.99456993,9.0727e-05,0.00533934,0.14346161,0.85119693,0.00534146
40.0,0.9787,0,0.0213,0,1.0,0,h2o,1-octanol,lacticacid,0.98875102,0.00010536,0.01114362,0.14533178,0.84363197,0.01103625
40.0,0.9669,0,0.0331,0,1.0,0,h2o,1-octanol,lacticacid,0.98240483,0.00012338,0.01747179,0.14731608,0.83556081,0.01712312
40.0,0.9543,0,0.0457,0,1.0,0,h2o,1-octanol,lacticacid,0.97546134,0.00014578,0.02439288,0.1494166,0.82693706,0.02364634
40.0,0.9407,0,0.0593,0,1.0,0,h2o,1-octanol,lacticacid,0.96784006,0.0001739,0.03198603,0.15165064,0.81769036,0.030659
20.0,0.999,0,0.0010033,0,1.0,0,h2o,1-undecanol,lacticacid,0.9992865,1.5475e-06,0.00071195,0.08724939,0.91241301,0.00033761
20.0,0.998,0,0.0020129,0,1.0,0,h2o,1-undecanol,lacticacid,0.99856909,1.5864e-06,0.00142933,0.08728053,0.91204245,0.00067702
20.0,0.9959,0,0.0040513,0,1.0,0,h2o,1-undecanol,lacticacid,0.99711773,1.6677e-06,0.0028806,0.08734294,0.91129569,0.00136137
20.0,0.9897,0,0.0103,0,1.0,0,h2o,1-undecanol,lacticacid,0.99262732,1.9422e-06,0.00737074,0.0875312,0.90900891,0.00345989
20.0,0.9787,0,0.0213,0,1.0,0,h2o,1-undecanol,lacticacid,0.98465908,2.5236e-06,0.01533839,0.08784811,0.90503307,0.00711882
20.0,0.9669,0,0.0331,0,1.0,0,h2o,1-undecanol,lacticacid,0.97602693,3.3128e-06,0.02396976,0.08816857,0.90083175,0.01099968
20.0,0.9543,0,0.0457,0,1.0,0,h2o,1-undecanol,lacticacid,0.96665532,4.3952e-06,0.03334029,0.08849533,0.89637411,0.01513056
20.0,0.9407,0,0.0593,0,1.0,0,h2o,1-undecanol,lacticacid,0.95645709,5.8953e-06,0.04353702,0.08882107,0.89163457,0.01954435
30.0,0.999,0,0.0010033,0,1.0,0,h2o,1-undecanol,lacticacid,0.99933202,1.5697e-06,0.00066641,0.08931488,0.91030805,0.00037707
30.0,0.998,0,0.0020129,0,1.0,0,h2o,1-undecanol,lacticacid,0.99866018,1.608e-06,0.00133821,0.08936179,0.90988218,0.00075604
30.0,0.9959,0,0.0040513,0,1.0,0,h2o,1-undecanol,lacticacid,0.99730011,1.6879e-06,0.0026982,0.08945588,0.90902439,0.00151973
30.0,0.9897,0,0.0103,0,1.0,0,h2o,1-undecanol,lacticacid,0.99308437,1.9576e-06,0.00691367,0.08974039,0.90640139,0.00385822
30.0,0.9787,0,0.0213,0,1.0,0,h2o,1-undecanol,lacticacid,0.98557548,2.5284e-06,0.01442199,0.09022177,0.90185517,0.00792305
30.0,0.9669,0,0.0331,0,1.0,0,h2o,1-undecanol,lacticacid,0.97740256,3.3034e-06,0.02259413,0.09071522,0.89706812,0.01221666
30.0,0.9543,0,0.0457,0,1.0,0,h2o,1-undecanol,lacticacid,0.96848607,4.3679e-06,0.03150956,0.091214,0.89202122,0.01676478
30.0,0.9407,0,0.0593,0,1.0,0,h2o,1-undecanol,lacticacid,0.95873606,5.847e-06,0.04125809,0.09171927,0.88668112,0.02159962
40.0,0.999,0,0.0010033,0,1.0,0,h2o,1-undecanol,lacticacid,0.99937285,1.642e-06,0.00062551,0.09203097,0.90755653,0.0004125
40.0,0.998,0,0.0020129,0,1.0,0,h2o,1-undecanol,lacticacid,0.998742,1.6808e-06,0.00125632,0.09209272,0.90708027,0.00082701
40.0,0.9959,0,0.0040513,0,1.0,0,h2o,1-undecanol,lacticacid,0.99746414,1.7617e-06,0.0025341,0.09221668,0.90612121,0.00166211
40.0,0.9897,0,0.0103,0,1.0,0,h2o,1-undecanol,lacticacid,0.99349672,2.0341e-06,0.00650125,0.0925921,0.90319057,0.00421734
40.0,0.9787,0,0.0213,0,1.0,0,h2o,1-undecanol,lacticacid,0.98640626,2.6101e-06,0.01359113,0.09322957,0.89811896,0.00865146
40.0,0.9669,0,0.0331,0,1.0,0,h2o,1-undecanol,lacticacid,0.97865517,3.3912e-06,0.02134144,0.09388514,0.89279134,0.01332352
40.0,0.9543,0,0.0457,0,1.0,0,h2o,1-undecanol,lacticacid,0.97016051,4.4644e-06,0.02983503,0.09455041,0.88719191,0.01825769
40.0,0.9407,0,0.0593,0,1.0,0,h2o,1-undecanol,lacticacid,0.96082911,5.9574e-06,0.03916493,0.09523059,0.88128429,0.02348511
20.0,0.999,0,0.0010033,0,1.0,0,h2o,2-decanone,lacticacid,0.99932012,2.0674e-05,0.00065921,0.04152182,0.95811524,0.00036294
20.0,0.998,0,0.0020129,0,1.0,0,h2o,2-decanone,lacticacid,0.99865597,2.1062e-05,0.00132297,0.04166231,0.95760938,0.00072831
20.0,0.9959,0,0.0040513,0,1.0,0,h2o,2-decanone,lacticacid,0.99731378,2.1865e-05,0.00266436,0.04194562,0.95658793,0.00146645
20.0,0.9897,0,0.0103,0,1.0,0,h2o,2-decanone,lacticacid,0.99317269,2.4501e-05,0.00680281,0.04281485,0.953443,0.00374215
20.0,0.9787,0,0.0213,0,1.0,0,h2o,2-decanone,lacticacid,0.98586514,2.9782e-05,0.01410508,0.04433776,0.94790755,0.00775469
20.0,0.9669,0,0.0331,0,1.0,0,h2o,2-decanone,lacticacid,0.97800173,3.6464e-05,0.0219618,0.0459548,0.9419733,0.01207191
20.0,0.9543,0,0.0457,0,1.0,0,h2o,2-decanone,lacticacid,0.96952065,4.4984e-05,0.03043436,0.04768622,0.93557757,0.0167362
20.0,0.9407,0,0.0593,0,1.0,0,h2o,2-decanone,lacticacid,0.9603491,5.5944e-05,0.03959496,0.04953951,0.92866416,0.02179634
30.0,0.999,0,0.0010033,0,1.0,0,h2o,2-decanone,lacticacid,0.99936006,1.8397e-05,0.00062155,0.04374095,0.95586034,0.00039871
30.0,0.998,0,0.0020129,0,1.0,0,h2o,2-decanone,lacticacid,0.99873368,1.8739e-05,0.00124758,0.04389971,0.95530038,0.00079992
30.0,0.9959,0,0.0040513,0,1.0,0,h2o,2-decanone,lacticacid,0.99746725,1.9448e-05,0.00251331,0.04421965,0.95417041,0.00160995
30.0,0.9897,0,0.0103,0,1.0,0,h2o,2-decanone,lacticacid,0.99355499,2.1777e-05,0.00642323,0.04519968,0.95069736,0.00410296
30.0,0.9787,0,0.0213,0,1.0,0,h2o,2-decanone,lacticacid,0.9866333,2.6453e-05,0.01334025,0.0469106,0.94460659,0.00848281
30.0,0.9669,0,0.0331,0,1.0,0,h2o,2-decanone,lacticacid,0.97915942,3.2393e-05,0.02080819,0.0487183,0.93810901,0.01317269
30.0,0.9543,0,0.0457,0,1.0,0,h2o,2-decanone,lacticacid,0.9710691,3.9999e-05,0.0288909,0.05064348,0.93114297,0.01821355
30.0,0.9407,0,0.0593,0,1.0,0,h2o,2-decanone,lacticacid,0.96228626,4.9837e-05,0.03766391,0.05269253,0.92365544,0.02365203
40.0,0.999,0,0.0010033,0,1.0,0,h2o,2-decanone,lacticacid,0.99939469,1.7094e-05,0.00058822,0.04640906,0.95316062,0.00043033
40.0,0.998,0,0.0020129,0,1.0,0,h2o,2-decanone,lacticacid,0.99880175,1.7409e-05,0.00118084,0.04658506,0.95255171,0.00086323
40.0,0.9959,0,0.0040513,0,1.0,0,h2o,2-decanone,lacticacid,0.99760242,1.8059e-05,0.00237952,0.04693962,0.95132352,0.00173686
40.0,0.9897,0,0.0103,0,1.0,0,h2o,2-decanone,lacticacid,0.99389324,2.0198e-05,0.00608656,0.04802454,0.94755309,0.00442237
40.0,0.9787,0,0.0213,0,1.0,0,h2o,2-decanone,lacticacid,0.9873151,2.4499e-05,0.0126604,0.049914,0.94095759,0.00912841
40.0,0.9669,0,0.0331,0,1.0,0,h2o,2-decanone,lacticacid,0.98018923,2.9975e-05,0.01978079,0.051903,0.93394688,0.01415012
40.0,0.9543,0,0.0457,0,1.0,0,h2o,2-decanone,lacticacid,0.97244894,3.7012e-05,0.02751405,0.05401334,0.92645954,0.01952711
40.0,0.9407,0,0.0593,0,1.0,0,h2o,2-decanone,lacticacid,0.96401589,4.6148e-05,0.03593796,0.05625515,0.91843975,0.0253051
20.0,0.999,0,0.0010033,0,1.0,0,h2o,2-heptanol,lacticacid,0.99883393,0.00069773,0.00046834,0.30646465,0.6929327,0.00060265
20.0,0.998,0,0.0020129,0,1.0,0,h2o,2-heptanol,lacticacid,0.99835534,0.00070442,0.00094024,0.30673562,0.69205477,0.0012096
20.0,0.9959,0,0.0040513,0,1.0,0,h2o,2-heptanol,lacticacid,0.99738697,0.00071811,0.00189492,0.30728174,0.69028164,0.00243662
20.0,0.9897,0,0.0103,0,1.0,0,h2o,2-heptanol,lacticacid,0.99438919,0.00076175,0.00484906,0.30895409,0.68482015,0.00622575
20.0,0.9787,0,0.0213,0,1.0,0,h2o,2-heptanol,lacticacid,0.98906058,0.00084412,0.0100953,0.31186834,0.67520686,0.0129248
20.0,0.9669,0,0.0331,0,1.0,0,h2o,2-heptanol,lacticacid,0.9832684,0.00094096,0.01579064,0.3149415,0.66490859,0.02014991
20.0,0.9543,0,0.0457,0,1.0,0,h2o,2-heptanol,lacticacid,0.97694779,0.00105574,0.02199647,0.31818625,0.65385209,0.02796166
20.0,0.9407,0,0.0593,0,1.0,0,h2o,2-heptanol,lacticacid,0.97002126,0.00119305,0.02878569,0.32161809,0.64195192,0.03642999
30.0,0.999,0,0.0010033,0,1.0,0,h2o,2-heptanol,lacticacid,0.99895316,0.00062678,0.00042006,0.29876857,0.70061241,0.00061902
30.0,0.998,0,0.0020129,0,1.0,0,h2o,2-heptanol,lacticacid,0.9985241,0.00063242,0.00084348,0.29905166,0.69970595,0.00124239
30.0,0.9959,0,0.0040513,0,1.0,0,h2o,2-heptanol,lacticacid,0.99765552,0.00064394,0.00170053,0.29962798,0.69786963,0.00250239
30.0,0.9897,0,0.0103,0,1.0,0,h2o,2-heptanol,lacticacid,0.99496244,0.0006807,0.00435686,0.3013726,0.69223593,0.00639147
30.0,0.9787,0,0.0213,0,1.0,0,h2o,2-heptanol,lacticacid,0.99015961,0.00075009,0.0090903,0.30440115,0.68233886,0.01325999
30.0,0.9669,0,0.0331,0,1.0,0,h2o,2-heptanol,lacticacid,0.98491532,0.00083176,0.01425292,0.30757849,0.67176438,0.02065714
30.0,0.9543,0,0.0457,0,1.0,0,h2o,2-heptanol,lacticacid,0.97916454,0.0009287,0.01990676,0.31092789,0.6604298,0.02864231
30.0,0.9407,0,0.0593,0,1.0,0,h2o,2-heptanol,lacticacid,0.97282831,0.00104495,0.02612674,0.31445891,0.64825777,0.03728332
40.0,0.999,0,0.0010033,0,1.0,0,h2o,2-heptanol,lacticacid,0.99903919,0.0005797,0.0003811,0.29373404,0.7056335,0.00063246
40.0,0.998,0,0.0020129,0,1.0,0,h2o,2-heptanol,lacticacid,0.99865002,0.00058462,0.00076536,0.2940312,0.70469948,0.00126933
40.0,0.9959,0,0.0040513,0,1.0,0,h2o,2-heptanol,lacticacid,0.99786185,0.00059467,0.00154349,0.29462931,0.70281424,0.00255645
40.0,0.9897,0,0.0103,0,1.0,0,h2o,2-heptanol,lacticacid,0.99541551,0.00062668,0.00395782,0.29646305,0.69700873,0.00652822
40.0,0.9787,0,0.0213,0,1.0,0,h2o,2-heptanol,lacticacid,0.99104193,0.00068712,0.00827095,0.29962403,0.68683746,0.0135385
40.0,0.9669,0,0.0331,0,1.0,0,h2o,2-heptanol,lacticacid,0.98625048,0.00075822,0.0129913,0.30294484,0.67597271,0.02108245
40.0,0.9543,0,0.0457,0,1.0,0,h2o,2-heptanol,lacticacid,0.98097573,0.0008427,0.01818157,0.30643091,0.66435058,0.02921851
40.0,0.9407,0,0.0593,0,1.0,0,h2o,2-heptanol,lacticacid,0.97513849,0.00094414,0.02391737,0.31009818,0.65188823,0.0380136
20.0,0.999,0,0.0010033,0,1.0,0,h2o,2-heptanone,lacticacid,0.99841106,0.00111879,0.00047015,0.09445057,0.9050025,0.00054693
20.0,0.998,0,0.0020129,0,1.0,0,h2o,2-heptanone,lacticacid,0.99792799,0.00112882,0.00094319,0.09486234,0.90403983,0.00109783
20.0,0.9959,0,0.0040513,0,1.0,0,h2o,2-heptanone,lacticacid,0.99695272,0.00114927,0.00189802,0.09569419,0.90209407,0.00221174
20.0,0.9897,0,0.0103,0,1.0,0,h2o,2-heptanone,lacticacid,0.99395152,0.00121388,0.00483459,0.09826552,0.89608083,0.00565365
20.0,0.9787,0,0.0213,0,1.0,0,h2o,2-heptanone,lacticacid,0.98868121,0.0013338,0.00998499,0.10279063,0.88546259,0.01174678
20.0,0.9669,0,0.0331,0,1.0,0,h2o,2-heptanone,lacticacid,0.98304324,0.00147147,0.01548528,0.10767224,0.87399498,0.01833279
20.0,0.9543,0,0.0457,0,1.0,0,h2o,2-heptanone,lacticacid,0.97699401,0.00163052,0.02137547,0.11295212,0.86157485,0.02547303
20.0,0.9407,0,0.0593,0,1.0,0,h2o,2-heptanone,lacticacid,0.9704829,0.00181547,0.02770164,0.11868673,0.84807378,0.03323949
30.0,0.999,0,0.0010033,0,1.0,0,h2o,2-heptanone,lacticacid,0.9986196,0.00094606,0.00043434,0.09754069,0.90188282,0.00057649
30.0,0.998,0,0.0020129,0,1.0,0,h2o,2-heptanone,lacticacid,0.99817421,0.00095436,0.00087143,0.09797058,0.90087243,0.00115699
30.0,0.9959,0,0.0040513,0,1.0,0,h2o,2-heptanone,lacticacid,0.9972747,0.00097127,0.00175403,0.09883871,0.89883114,0.00233015
30.0,0.9897,0,0.0103,0,1.0,0,h2o,2-heptanone,lacticacid,0.99450418,0.00102476,0.00447106,0.10151879,0.89253085,0.00595037
30.0,0.9787,0,0.0213,0,1.0,0,h2o,2-heptanone,lacticacid,0.9896296,0.00112416,0.00924624,0.10622705,0.88143073,0.01234222
30.0,0.9669,0,0.0331,0,1.0,0,h2o,2-heptanone,lacticacid,0.98440118,0.00123849,0.01436033,0.11129279,0.86947926,0.01922795
30.0,0.9543,0,0.0457,0,1.0,0,h2o,2-heptanone,lacticacid,0.97877491,0.0013709,0.01985418,0.11675852,0.85657376,0.02666772
30.0,0.9407,0,0.0593,0,1.0,0,h2o,2-heptanone,lacticacid,0.97269947,0.00152535,0.02577518,0.12268106,0.84258705,0.0347319
40.0,0.999,0,0.0010033,0,1.0,0,h2o,2-heptanone,lacticacid,0.99876245,0.00083287,0.00040468,0.10134534,0.89805412,0.00060055
40.0,0.998,0,0.0020129,0,1.0,0,h2o,2-heptanone,lacticacid,0.99834798,0.00084001,0.00081201,0.10179007,0.89700482,0.00120511
40.0,0.9959,0,0.0040513,0,1.0,0,h2o,2-heptanone,lacticacid,0.99751066,0.00085458,0.00163476,0.10268795,0.89488556,0.00242649
40.0,0.9897,0,0.0103,0,1.0,0,h2o,2-heptanone,lacticacid,0.99492961,0.00090067,0.00416972,0.10545797,0.88835021,0.00619182
40.0,0.9787,0,0.0213,0,1.0,0,h2o,2-heptanone,lacticacid,0.99038047,0.00098639,0.00863315,0.11031916,0.87685387,0.01282697
40.0,0.9669,0,0.0331,0,1.0,0,h2o,2-heptanone,lacticacid,0.98548941,0.00108515,0.01342544,0.11554142,0.86450126,0.01995731
40.0,0.9543,0,0.0457,0,1.0,0,h2o,2-heptanone,lacticacid,0.98021214,0.00119976,0.01858809,0.12116826,0.85118944,0.0276423
40.0,0.9407,0,0.0593,0,1.0,0,h2o,2-heptanone,lacticacid,0.97449682,0.00133379,0.02416939,0.12725759,0.8367911,0.03595131
20.0,0.999,0,0.0010033,0,1.0,0,h2o,2-hexanol,lacticacid,0.99692209,0.00267213,0.00040579,0.40054205,0.59881021,0.00064774
20.0,0.998,0,0.0020129,0,1.0,0,h2o,2-hexanol,lacticacid,0.99649396,0.00269119,0.00081484,0.40090984,0.59779005,0.00130011
20.0,0.9959,0,0.0040513,0,1.0,0,h2o,2-hexanol,lacticacid,0.99562696,0.0027301,0.00164294,0.40165151,0.59572957,0.00261892
20.0,0.9897,0,0.0103,0,1.0,0,h2o,2-hexanol,lacticacid,0.99293644,0.00285331,0.00421026,0.40393538,0.58937315,0.00669146
20.0,0.9787,0,0.0213,0,1.0,0,h2o,2-hexanol,lacticacid,0.9881272,0.00308331,0.00878948,0.40791562,0.57819377,0.01389061
20.0,0.9669,0,0.0331,0,1.0,0,h2o,2-hexanol,lacticacid,0.98285779,0.00334998,0.01379223,0.41214822,0.56619836,0.02165342
20.0,0.9543,0,0.0457,0,1.0,0,h2o,2-hexanol,lacticacid,0.9770525,0.00366225,0.01928525,0.41664619,0.55331005,0.03004376
20.0,0.9407,0,0.0593,0,1.0,0,h2o,2-hexanol,lacticacid,0.97062004,0.00403155,0.02534841,0.42146374,0.53939993,0.03913633
30.0,0.999,0,0.0010033,0,1.0,0,h2o,2-hexanol,lacticacid,0.99728788,0.00235019,0.00036193,0.38593845,0.61340987,0.00065167
30.0,0.998,0,0.0020129,0,1.0,0,h2o,2-hexanol,lacticacid,0.99690729,0.0023658,0.00072691,0.38629511,0.61239691,0.00130798
30.0,0.9959,0,0.0040513,0,1.0,0,h2o,2-hexanol,lacticacid,0.99613616,0.00239766,0.00146619,0.38701448,0.61035084,0.00263468
30.0,0.9897,0,0.0103,0,1.0,0,h2o,2-hexanol,lacticacid,0.99373982,0.00249855,0.00376163,0.38923098,0.60403806,0.00673096
30.0,0.9787,0,0.0213,0,1.0,0,h2o,2-hexanol,lacticacid,0.98944408,0.00268697,0.00786895,0.39309942,0.59293061,0.01396997
30.0,0.9669,0,0.0331,0,1.0,0,h2o,2-hexanol,lacticacid,0.98471912,0.00290568,0.0123752,0.39721484,0.58101242,0.02177275
30.0,0.9543,0,0.0457,0,1.0,0,h2o,2-hexanol,lacticacid,0.97949336,0.00316193,0.01734471,0.40161697,0.56817971,0.03020331
30.0,0.9407,0,0.0593,0,1.0,0,h2o,2-hexanol,lacticacid,0.97367704,0.00346565,0.02285732,0.40633097,0.55433409,0.03933494
40.0,0.999,0,0.0010033,0,1.0,0,h2o,2-hexanol,lacticacid,0.99754505,0.00212815,0.00032681,0.37644006,0.62290447,0.00065546
40.0,0.998,0,0.0020129,0,1.0,0,h2o,2-hexanol,lacticacid,0.99720216,0.00214139,0.00065645,0.37679257,0.62189186,0.00131557
40.0,0.9959,0,0.0040513,0,1.0,0,h2o,2-hexanol,lacticacid,0.99650715,0.00216841,0.00132444,0.37750352,0.61984659,0.0026499
40.0,0.9897,0,0.0103,0,1.0,0,h2o,2-hexanol,lacticacid,0.99434514,0.00225397,0.00340088,0.37969353,0.61353714,0.00676934
40.0,0.9787,0,0.0213,0,1.0,0,h2o,2-hexanol,lacticacid,0.99046086,0.00241379,0.00712535,0.38351492,0.60243711,0.01404798
40.0,0.9669,0,0.0331,0,1.0,0,h2o,2-hexanol,lacticacid,0.98617556,0.00259935,0.01122509,0.38758077,0.59052733,0.0218919
40.0,0.9543,0,0.0457,0,1.0,0,h2o,2-hexanol,lacticacid,0.98141977,0.002817,0.01576323,0.39192483,0.57771,0.03036518
40.0,0.9407,0,0.0593,0,1.0,0,h2o,2-hexanol,lacticacid,0.97610776,0.0030751,0.02081714,0.39659659,0.56386181,0.0395416
20.0,0.999,0,0.0010033,0,1.0,0,h2o,2-hexanone,lacticacid,0.99547957,0.00410519,0.00041524,0.12468236,0.874725,0.00059264
20.0,0.998,0,0.0020129,0,1.0,0,h2o,2-hexanone,lacticacid,0.99503362,0.00413348,0.0008329,0.12525028,0.87356021,0.00118951
20.0,0.9959,0,0.0040513,0,1.0,0,h2o,2-hexanone,lacticacid,0.9941336,0.00419093,0.00167548,0.12640714,0.8711967,0.00239616
20.0,0.9897,0,0.0103,0,1.0,0,h2o,2-hexanone,lacticacid,0.9913655,0.00437122,0.00426327,0.12997849,0.8638988,0.00612271
20.0,0.9787,0,0.0213,0,1.0,0,h2o,2-hexanone,lacticacid,0.98651293,0.00470008,0.00878699,0.13636156,0.85092404,0.0127144
20.0,0.9669,0,0.0331,0,1.0,0,h2o,2-hexanone,lacticacid,0.98133364,0.00506957,0.01359679,0.14332436,0.83684435,0.01983129
20.0,0.9543,0,0.0457,0,1.0,0,h2o,2-hexanone,lacticacid,0.9757895,0.00548678,0.01872372,0.15093275,0.82153058,0.02753667
20.0,0.9407,0,0.0593,0,1.0,0,h2o,2-hexanone,lacticacid,0.96983085,0.00596119,0.02420795,0.15923734,0.8048625,0.03590016
30.0,0.999,0,0.0010033,0,1.0,0,h2o,2-hexanone,lacticacid,0.99624605,0.00337238,0.00038157,0.12743231,0.87194959,0.00061809
30.0,0.998,0,0.0020129,0,1.0,0,h2o,2-hexanone,lacticacid,0.99583964,0.00339495,0.00076542,0.12801505,0.87074453,0.00124042
30.0,0.9959,0,0.0040513,0,1.0,0,h2o,2-hexanone,lacticacid,0.99501914,0.00344083,0.00154002,0.12919483,0.8683072,0.00249797
30.0,0.9897,0,0.0103,0,1.0,0,h2o,2-hexanone,lacticacid,0.99249477,0.00358467,0.00392056,0.13285965,0.860763,0.00637736
30.0,0.9787,0,0.0213,0,1.0,0,h2o,2-hexanone,lacticacid,0.9880644,0.0038472,0.0080884,0.13938444,0.84739227,0.01322329
30.0,0.9669,0,0.0331,0,1.0,0,h2o,2-hexanone,lacticacid,0.98332826,0.0041424,0.01252935,0.14648357,0.83292356,0.02059287
30.0,0.9543,0,0.0457,0,1.0,0,h2o,2-hexanone,lacticacid,0.97824852,0.00447621,0.01727527,0.15421596,0.81723627,0.02854777
30.0,0.9407,0,0.0593,0,1.0,0,h2o,2-hexanone,lacticacid,0.9727779,0.00485629,0.02236581,0.1626473,0.80019567,0.03715703
40.0,0.999,0,0.0010033,0,1.0,0,h2o,2-hexanone,lacticacid,0.99675062,0.00289514,0.00035424,0.13117634,0.86818551,0.00063816
40.0,0.998,0,0.0020129,0,1.0,0,h2o,2-hexanone,lacticacid,0.99637533,0.00291401,0.00071065,0.1317712,0.86694826,0.00128055
40.0,0.9959,0,0.0040513,0,1.0,0,h2o,2-hexanone,lacticacid,0.99561757,0.00295238,0.00143005,0.13297516,0.86444661,0.00257823
40.0,0.9897,0,0.0103,0,1.0,0,h2o,2-hexanone,lacticacid,0.99328502,0.00307267,0.0036423,0.1367115,0.85671054,0.00657796
40.0,0.9787,0,0.0213,0,1.0,0,h2o,2-hexanone,lacticacid,0.98918684,0.00329233,0.00752083,0.143353,0.84302301,0.01362399
40.0,0.9669,0,0.0331,0,1.0,0,h2o,2-hexanone,lacticacid,0.98479886,0.00353952,0.01166161,0.15056538,0.82824219,0.02119243
40.0,0.9543,0,0.0457,0,1.0,0,h2o,2-hexanone,lacticacid,0.9800839,0.00381939,0.01609672,0.15840866,0.81224718,0.02934416
40.0,0.9407,0,0.0593,0,1.0,0,h2o,2-hexanone,lacticacid,0.97499558,0.00413852,0.0208659,0.1669521,0.7949003,0.0381476
20.0,0.999,0,0.0010033,0,1.0,0,h2o,2-nonanol,lacticacid,0.99934657,4.6927e-05,0.0006065,0.18916786,0.81035709,0.00047505
20.0,0.998,0,0.0020129,0,1.0,0,h2o,2-nonanol,lacticacid,0.99873463,4.7698e-05,0.00121767,0.18929384,0.80975291,0.00095324
20.0,0.9959,0,0.0040513,0,1.0,0,h2o,2-nonanol,lacticacid,0.99749652,4.9289e-05,0.00245419,0.1895523,0.80852846,0.00191924
20.0,0.9897,0,0.0103,0,1.0,0,h2o,2-nonanol,lacticacid,0.9936643,5.4487e-05,0.00628121,0.19032639,0.80477742,0.00489619
20.0,0.9787,0,0.0213,0,1.0,0,h2o,2-nonanol,lacticacid,0.98685747,6.4796e-05,0.01307774,0.19165983,0.79820136,0.01013881
20.0,0.9669,0,0.0331,0,1.0,0,h2o,2-nonanol,lacticacid,0.97947249,7.7676e-05,0.02044984,0.19305467,0.79117674,0.01576859
20.0,0.9543,0,0.0457,0,1.0,0,h2o,2-nonanol,lacticacid,0.97143868,9.3916e-05,0.02846741,0.19450386,0.7836636,0.02183254
20.0,0.9407,0,0.0593,0,1.0,0,h2o,2-nonanol,lacticacid,0.9626758,0.00011457,0.03720963,0.19601912,0.77559317,0.02838771
30.0,0.999,0,0.0010033,0,1.0,0,h2o,2-nonanol,lacticacid,0.99940248,4.375e-05,0.00055377,0.1869779,0.81251348,0.00050862
30.0,0.998,0,0.0020129,0,1.0,0,h2o,2-nonanol,lacticacid,0.99884354,4.4435e-05,0.00111202,0.18712975,0.81184974,0.00102051
30.0,0.9959,0,0.0040513,0,1.0,0,h2o,2-nonanol,lacticacid,0.99771198,4.5847e-05,0.00224218,0.18744013,0.81050558,0.00205429
30.0,0.9897,0,0.0103,0,1.0,0,h2o,2-nonanol,lacticacid,0.9942036,5.046e-05,0.00574594,0.18837221,0.80639009,0.0052377
30.0,0.9787,0,0.0213,0,1.0,0,h2o,2-nonanol,lacticacid,0.98794988,5.9599e-05,0.01199052,0.18997549,0.79919011,0.0108344
30.0,0.9669,0,0.0331,0,1.0,0,h2o,2-nonanol,lacticacid,0.98113318,7.1018e-05,0.0187958,0.19164782,0.79152239,0.01682979
30.0,0.9543,0,0.0457,0,1.0,0,h2o,2-nonanol,lacticacid,0.97368025,8.543e-05,0.02623432,0.19338155,0.78334923,0.02326923
30.0,0.9407,0,0.0593,0,1.0,0,h2o,2-nonanol,lacticacid,0.96550733,0.0001038,0.03438887,0.19518736,0.77460527,0.03020737
40.0,0.999,0,0.0010033,0,1.0,0,h2o,2-nonanol,lacticacid,0.99944866,4.2088e-05,0.00050926,0.18610978,0.81335319,0.00053703
40.0,0.998,0,0.0020129,0,1.0,0,h2o,2-nonanol,lacticacid,0.99893448,4.2716e-05,0.0010228,0.18628421,0.81263831,0.00107748
40.0,0.9959,0,0.0040513,0,1.0,0,h2o,2-nonanol,lacticacid,0.997893,4.4012e-05,0.00206299,0.18663517,0.81119607,0.00216876
40.0,0.9897,0,0.0103,0,1.0,0,h2o,2-nonanol,lacticacid,0.99465969,4.8238e-05,0.00529208,0.187705,0.80676698,0.00552802
40.0,0.9787,0,0.0213,0,1.0,0,h2o,2-nonanol,lacticacid,0.98887986,5.6599e-05,0.01106354,0.18954518,0.79902612,0.01142871
40.0,0.9669,0,0.0331,0,1.0,0,h2o,2-nonanol,lacticacid,0.98255533,6.7034e-05,0.01737764,0.19146357,0.79079516,0.01774127
40.0,0.9543,0,0.0457,0,1.0,0,h2o,2-nonanol,lacticacid,0.97561091,8.0204e-05,0.02430889,0.19345148,0.78203853,0.02451
40.0,0.9407,0,0.0593,0,1.0,0,h2o,2-nonanol,lacticacid,0.96795998,9.7008e-05,0.03194301,0.19551953,0.77269273,0.03178775
20.0,0.999,0,0.0010033,0,1.0,0,h2o,2-nonanone,lacticacid,0.99932601,8.0556e-05,0.00059343,0.05698493,0.94258515,0.00042992
20.0,0.998,0,0.0020129,0,1.0,0,h2o,2-nonanone,lacticacid,0.99872738,8.1762e-05,0.00119085,0.05720122,0.94193589,0.00086288
20.0,0.9959,0,0.0040513,0,1.0,0,h2o,2-nonanone,lacticacid,0.99751796,8.4242e-05,0.0023978,0.05763774,0.9406242,0.00173806
20.0,0.9897,0,0.0103,0,1.0,0,h2o,2-nonanone,lacticacid,0.99378927,9.2265e-05,0.00611847,0.05897968,0.93658006,0.00444026
20.0,0.9787,0,0.0213,0,1.0,0,h2o,2-nonanone,lacticacid,0.98721907,0.00010787,0.01267306,0.06133737,0.92944398,0.00921865
20.0,0.9669,0,0.0331,0,1.0,0,h2o,2-nonanone,lacticacid,0.98016119,0.00012689,0.01971193,0.0638523,0.9217699,0.0143778
20.0,0.9543,0,0.0457,0,1.0,0,h2o,2-nonanone,lacticacid,0.97256131,0.00015023,0.02728847,0.06655779,0.91347233,0.01996987
20.0,0.9407,0,0.0593,0,1.0,0,h2o,2-nonanone,lacticacid,0.96435647,0.0001791,0.03546443,0.06947892,0.90446459,0.02605648
30.0,0.999,0,0.0010033,0,1.0,0,h2o,2-nonanone,lacticacid,0.99937396,7.0175e-05,0.00055587,0.05951661,0.94001905,0.00046434
30.0,0.998,0,0.0020129,0,1.0,0,h2o,2-nonanone,lacticacid,0.99881317,7.1212e-05,0.00111562,0.05975242,0.93931579,0.00093179
30.0,0.9959,0,0.0040513,0,1.0,0,h2o,2-nonanone,lacticacid,0.99767968,7.3347e-05,0.00224698,0.06022802,0.93789586,0.00187612
30.0,0.9897,0,0.0103,0,1.0,0,h2o,2-nonanone,lacticacid,0.99418091,8.026e-05,0.00573882,0.06168774,0.93352507,0.0047872
30.0,0.9787,0,0.0213,0,1.0,0,h2o,2-nonanone,lacticacid,0.98800029,9.3733e-05,0.01190597,0.06424352,0.92583848,0.009918
30.0,0.9669,0,0.0331,0,1.0,0,h2o,2-nonanone,lacticacid,0.98133841,0.00011021,0.01855138,0.06695906,0.9176071,0.01543384
30.0,0.9543,0,0.0457,0,1.0,0,h2o,2-nonanone,lacticacid,0.97413892,0.00013051,0.02573058,0.06986847,0.9087461,0.02138543
30.0,0.9407,0,0.0593,0,1.0,0,h2o,2-nonanone,lacticacid,0.96633634,0.00015573,0.03350793,0.0729971,0.89917037,0.02783252
40.0,0.999,0,0.0010033,0,1.0,0,h2o,2-nonanone,lacticacid,0.99941274,6.3764e-05,0.00052349,0.0625496,0.93695653,0.00049387
40.0,0.998,0,0.0020129,0,1.0,0,h2o,2-nonanone,lacticacid,0.99888452,6.4693e-05,0.00105079,0.06280276,0.93620635,0.0009909
40.0,0.9959,0,0.0040513,0,1.0,0,h2o,2-nonanone,lacticacid,0.99781645,6.6604e-05,0.00211695,0.06331313,0.9346923,0.00199457
40.0,0.9897,0,0.0103,0,1.0,0,h2o,2-nonanone,lacticacid,0.99451603,7.2797e-05,0.00541117,0.06487786,0.93003707,0.00508507
40.0,0.9787,0,0.0213,0,1.0,0,h2o,2-nonanone,lacticacid,0.98867236,8.4883e-05,0.01124276,0.06761157,0.9218693,0.01051912
40.0,0.9669,0,0.0331,0,1.0,0,h2o,2-nonanone,lacticacid,0.98235404,9.9698e-05,0.01754626,0.07050883,0.91314844,0.01634273
40.0,0.9543,0,0.0457,0,1.0,0,h2o,2-nonanone,lacticacid,0.9755029,0.00011801,0.02437909,0.07360504,0.9037895,0.02260545
40.0,0.9407,0,0.0593,0,1.0,0,h2o,2-nonanone,lacticacid,0.96805109,0.00014085,0.03180806,0.07692562,0.89370889,0.0293655
20.0,0.999,0,0.0010033,0,1.0,0,h2o,2-octanol,lacticacid,0.99927395,0.00018034,0.00054571,0.23444771,0.76501741,0.00053488
20.0,0.998,0,0.0020129,0,1.0,0,h2o,2-octanol,lacticacid,0.99872176,0.00018268,0.00109556,0.23464359,0.76428291,0.0010735
20.0,0.9959,0,0.0040513,0,1.0,0,h2o,2-octanol,lacticacid,0.99760466,0.00018747,0.00220787,0.23503827,0.76279961,0.00216212
20.0,0.9897,0,0.0103,0,1.0,0,h2o,2-octanol,lacticacid,0.994148,0.00020293,0.00564907,0.23624566,0.75823236,0.00552198
20.0,0.9787,0,0.0213,0,1.0,0,h2o,2-octanol,lacticacid,0.9880112,0.00023278,0.01175602,0.23834747,0.7501962,0.01145633
20.0,0.9669,0,0.0331,0,1.0,0,h2o,2-octanol,lacticacid,0.98135502,0.00026887,0.0183761,0.24055892,0.74159006,0.01785102
20.0,0.9543,0,0.0457,0,1.0,0,h2o,2-octanol,lacticacid,0.97411345,0.00031288,0.02557368,0.24288271,0.73235579,0.0247615
20.0,0.9407,0,0.0593,0,1.0,0,h2o,2-octanol,lacticacid,0.96621052,0.00036697,0.03342251,0.24533757,0.72240866,0.03225377
30.0,0.999,0,0.0010033,0,1.0,0,h2o,2-octanol,lacticacid,0.99934158,0.00016417,0.00049426,0.2296272,0.76981105,0.00056175
30.0,0.998,0,0.0020129,0,1.0,0,h2o,2-octanol,lacticacid,0.99884137,0.00016618,0.00099245,0.229846,0.76902666,0.00112734
30.0,0.9959,0,0.0040513,0,1.0,0,h2o,2-octanol,lacticacid,0.99782884,0.00017031,0.00200085,0.23028668,0.76744314,0.00227018
30.0,0.9897,0,0.0103,0,1.0,0,h2o,2-octanol,lacticacid,0.9946908,0.00018363,0.00512556,0.23163357,0.76257151,0.00579492
30.0,0.9787,0,0.0213,0,1.0,0,h2o,2-octanol,lacticacid,0.98910101,0.00020934,0.01068965,0.23396934,0.75401969,0.01201096
30.0,0.9669,0,0.0331,0,1.0,0,h2o,2-octanol,lacticacid,0.98301048,0.00024045,0.01674907,0.23641255,0.74489291,0.01869454
30.0,0.9543,0,0.0457,0,1.0,0,h2o,2-octanol,lacticacid,0.97635211,0.00027841,0.02336948,0.2389807,0.73511936,0.02589994
30.0,0.9407,0,0.0593,0,1.0,0,h2o,2-octanol,lacticacid,0.96904614,0.00032519,0.03062867,0.24167431,0.7246362,0.03368948
40.0,0.999,0,0.0010033,0,1.0,0,h2o,2-octanol,lacticacid,0.99939393,0.0001541,0.00045198,0.22662148,0.77279449,0.00058403
40.0,0.998,0,0.0020129,0,1.0,0,h2o,2-octanol,lacticacid,0.99893642,0.00015589,0.00090768,0.22686065,0.77196735,0.001172
40.0,0.9959,0,0.0040513,0,1.0,0,h2o,2-octanol,lacticacid,0.99800994,0.00015958,0.00183048,0.22734226,0.77029784,0.00235991
40.0,0.9897,0,0.0103,0,1.0,0,h2o,2-octanol,lacticacid,0.99513519,0.00017145,0.00469336,0.22881363,0.76516415,0.00602223
40.0,0.9787,0,0.0213,0,1.0,0,h2o,2-octanol,lacticacid,0.99000119,0.00019434,0.00980447,0.23136194,0.75616269,0.01247537
40.0,0.9669,0,0.0331,0,1.0,0,h2o,2-octanol,lacticacid,0.9843873,0.00022201,0.01539069,0.23402373,0.74657098,0.01940529
40.0,0.9543,0,0.0457,0,1.0,0,h2o,2-octanol,lacticacid,0.9782253,0.0002558,0.02151891,0.23681568,0.7363192,0.02686512
40.0,0.9407,0,0.0593,0,1.0,0,h2o,2-octanol,lacticacid,0.97143341,0.00029749,0.0282691,0.23973784,0.7253468,0.03491536
20.0,0.999,0,0.0010033,0,1.0,0,h2o,2-octanone,lacticacid,0.99916372,0.00030696,0.00052932,0.07522688,0.92428029,0.00049283
20.0,0.998,0,0.0020129,0,1.0,0,h2o,2-octanone,lacticacid,0.99862745,0.00031054,0.00106201,0.07553765,0.92347308,0.00098927
20.0,0.9959,0,0.0040513,0,1.0,0,h2o,2-octanone,lacticacid,0.99754451,0.00031786,0.00213763,0.07616487,0.92184198,0.00199316
20.0,0.9897,0,0.0103,0,1.0,0,h2o,2-octanone,lacticacid,0.99420972,0.00034126,0.00544902,0.07809367,0.91681052,0.00509581
20.0,0.9787,0,0.0213,0,1.0,0,h2o,2-octanone,lacticacid,0.98834666,0.00038557,0.01126777,0.08148612,0.90792207,0.0105918
20.0,0.9669,0,0.0331,0,1.0,0,h2o,2-octanone,lacticacid,0.98206463,0.00043779,0.01749758,0.08512055,0.89834256,0.01653689
20.0,0.9543,0,0.0457,0,1.0,0,h2o,2-octanone,lacticacid,0.97531466,0.00049976,0.02418558,0.08903054,0.88798075,0.02298871
20.0,0.9407,0,0.0593,0,1.0,0,h2o,2-octanone,lacticacid,0.96804302,0.00057378,0.03138319,0.09327189,0.87670994,0.03001817
30.0,0.999,0,0.0010033,0,1.0,0,h2o,2-octanone,lacticacid,0.99924367,0.00026383,0.0004925,0.07785668,0.92161837,0.00052495
30.0,0.998,0,0.0020129,0,1.0,0,h2o,2-octanone,lacticacid,0.99874489,0.00026686,0.00098825,0.07818624,0.9207602,0.00105356
30.0,0.9959,0,0.0040513,0,1.0,0,h2o,2-octanone,lacticacid,0.99773726,0.00027305,0.00198969,0.07885106,0.91902702,0.00212192
30.0,0.9897,0,0.0103,0,1.0,0,h2o,2-octanone,lacticacid,0.99463106,0.00029285,0.00507609,0.08089292,0.91368813,0.00541895
30.0,0.9787,0,0.0213,0,1.0,0,h2o,2-octanone,lacticacid,0.9891574,0.0003304,0.0105122,0.08447479,0.90428351,0.0112417
30.0,0.9669,0,0.0331,0,1.0,0,h2o,2-octanone,lacticacid,0.98327439,0.00037478,0.01635083,0.08830084,0.89418302,0.01751615
30.0,0.9543,0,0.0457,0,1.0,0,h2o,2-octanone,lacticacid,0.97693177,0.00042761,0.02264061,0.09240511,0.8832963,0.02429859
30.0,0.9407,0,0.0593,0,1.0,0,h2o,2-octanone,lacticacid,0.97007379,0.00049097,0.02943523,0.09684194,0.87150023,0.03165782
40.0,0.999,0,0.0010033,0,1.0,0,h2o,2-octanone,lacticacid,0.99930245,0.00023613,0.00046142,0.08110779,0.91834038,0.00055182
40.0,0.998,0,0.0020129,0,1.0,0,h2o,2-octanone,lacticacid,0.99883521,0.00023879,0.000926,0.08145325,0.9174394,0.00110735
40.0,0.9959,0,0.0040513,0,1.0,0,h2o,2-octanone,lacticacid,0.99789097,0.00024424,0.0018648,0.08214993,0.91562043,0.00222964
40.0,0.9897,0,0.0103,0,1.0,0,h2o,2-octanone,lacticacid,0.99497736,0.00026165,0.00476099,0.08428812,0.91002251,0.00568937
40.0,0.9787,0,0.0213,0,1.0,0,h2o,2-octanone,lacticacid,0.98983242,0.00029471,0.00987287,0.08803348,0.90018051,0.01178601
40.0,0.9669,0,0.0331,0,1.0,0,h2o,2-octanone,lacticacid,0.98428714,0.00033386,0.015379,0.09202735,0.88963544,0.01833721
40.0,0.9543,0,0.0457,0,1.0,0,h2o,2-octanone,lacticacid,0.97829019,0.0003806,0.02132921,0.09630407,0.87829753,0.0253984
40.0,0.9407,0,0.0593,0,1.0,0,h2o,2-octanone,lacticacid,0.97178396,0.00043683,0.02777921,0.10091708,0.86604619,0.03303673
20.0,0.999,0,0.0010033,0,1.0,0,h2o,2-undecanol,lacticacid,0.99932373,3.3995e-06,0.00067287,0.15001759,0.84957635,0.00040606
20.0,0.998,0,0.0020129,0,1.0,0,h2o,2-undecanol,lacticacid,0.99864556,3.4767e-06,0.00135096,0.15008447,0.84910095,0.00081458
20.0,0.9959,0,0.0040513,0,1.0,0,h2o,2-undecanol,lacticacid,0.99727333,3.6376e-06,0.00272304,0.15021868,0.84814221,0.00163911
20.0,0.9897,0,0.0103,0,1.0,0,h2o,2-undecanol,lacticacid,0.99302546,4.1754e-06,0.00697036,0.15062909,0.84519638,0.00417454
20.0,0.9787,0,0.0213,0,1.0,0,h2o,2-undecanol,lacticacid,0.98547891,5.2956e-06,0.0145158,0.15131841,0.84006194,0.00861966
20.0,0.9669,0,0.0331,0,1.0,0,h2o,2-undecanol,lacticacid,0.97729106,6.7845e-06,0.02270215,0.15201988,0.83461343,0.01336669
20.0,0.9543,0,0.0457,0,1.0,0,h2o,2-undecanol,lacticacid,0.96838724,8.7835e-06,0.03160397,0.15273677,0.8288098,0.01845343
20.0,0.9407,0,0.0593,0,1.0,0,h2o,2-undecanol,lacticacid,0.9586812,1.1496e-05,0.0413073,0.15345873,0.82261716,0.02392411
30.0,0.999,0,0.0010033,0,1.0,0,h2o,2-undecanol,lacticacid,0.99937552,3.264e-06,0.00062121,0.14834485,0.85121206,0.00044309
30.0,0.998,0,0.0020129,0,1.0,0,h2o,2-undecanol,lacticacid,0.99874913,3.3351e-06,0.00124753,0.14843538,0.85067586,0.00088876
30.0,0.9959,0,0.0040513,0,1.0,0,h2o,2-undecanol,lacticacid,0.99748082,3.4833e-06,0.00251569,0.14861713,0.84959492,0.00178795
30.0,0.9897,0,0.0103,0,1.0,0,h2o,2-undecanol,lacticacid,0.99354744,3.9784e-06,0.00644858,0.14917228,0.84627755,0.00455016
30.0,0.9787,0,0.0213,0,1.0,0,h2o,2-undecanol,lacticacid,0.98653301,5.008e-06,0.01346198,0.15010908,0.84050876,0.00938216
30.0,0.9669,0,0.0331,0,1.0,0,h2o,2-undecanol,lacticacid,0.97888509,6.3756e-06,0.02110854,0.15106571,0.83440815,0.01452614
30.0,0.9543,0,0.0457,0,1.0,0,h2o,2-undecanol,lacticacid,0.97052585,8.2129e-06,0.02946594,0.15204537,0.82793634,0.02001829
30.0,0.9407,0,0.0593,0,1.0,0,h2o,2-undecanol,lacticacid,0.961365,1.0711e-05,0.03862429,0.15303658,0.82106284,0.02590058
40.0,0.999,0,0.0010033,0,1.0,0,h2o,2-undecanol,lacticacid,0.99941987,3.2429e-06,0.00057689,0.14765467,0.85187028,0.00047505
40.0,0.998,0,0.0020129,0,1.0,0,h2o,2-undecanol,lacticacid,0.99883796,3.3108e-06,0.00115873,0.1477656,0.85128158,0.00095282
40.0,0.9959,0,0.0040513,0,1.0,0,h2o,2-undecanol,lacticacid,0.99765906,3.4521e-06,0.00233749,0.1479884,0.850095,0.0019166
40.0,0.9897,0,0.0103,0,1.0,0,h2o,2-undecanol,lacticacid,0.99399735,3.9236e-06,0.00599872,0.14866913,0.84645514,0.00487572
40.0,0.9787,0,0.0213,0,1.0,0,h2o,2-undecanol,lacticacid,0.98744643,4.9022e-06,0.01254867,0.1498213,0.84013258,0.01004612
40.0,0.9669,0,0.0331,0,1.0,0,h2o,2-undecanol,lacticacid,0.98027348,6.2001e-06,0.01972032,0.15100133,0.83345823,0.01554044
40.0,0.9543,0,0.0457,0,1.0,0,h2o,2-undecanol,lacticacid,0.97239784,7.9428e-06,0.02759422,0.15221244,0.82639407,0.02139349
40.0,0.9407,0,0.0593,0,1.0,0,h2o,2-undecanol,lacticacid,0.96372528,1.0315e-05,0.0362644,0.15344152,0.81891342,0.02764506
20.0,0.999,0,0.0010033,0,1.0,0,h2o,2-undecanone,lacticacid,0.99931433,5.5328e-06,0.00068014,0.03941663,0.96024089,0.00034248
20.0,0.998,0,0.0020129,0,1.0,0,h2o,2-undecanone,lacticacid,0.99862931,5.6531e-06,0.00136504,0.03954148,0.95977134,0.00068718
20.0,0.9959,0,0.0040513,0,1.0,0,h2o,2-undecanone,lacticacid,0.99724479,5.9029e-06,0.0027493,0.0397928,0.95882383,0.00138337
20.0,0.9897,0,0.0103,0,1.0,0,h2o,2-undecanone,lacticacid,0.99297171,6.7326e-06,0.00702156,0.04056045,0.95591155,0.003528
20.0,0.9787,0,0.0213,0,1.0,0,h2o,2-undecanone,lacticacid,0.98542537,8.4356e-06,0.01456619,0.04188922,0.95080859,0.00730219
20.0,0.9669,0,0.0331,0,1.0,0,h2o,2-undecanone,lacticacid,0.97729752,1.0656e-05,0.02269183,0.04329128,0.94535535,0.01135337
20.0,0.9543,0,0.0457,0,1.0,0,h2o,2-undecanone,lacticacid,0.9685204,1.3578e-05,0.03146602,0.04476719,0.93951614,0.01571667
20.0,0.9407,0,0.0593,0,1.0,0,h2o,2-undecanone,lacticacid,0.95901873,1.7458e-05,0.04096381,0.04633453,0.93322843,0.02043704
30.0,0.999,0,0.0010033,0,1.0,0,h2o,2-undecanone,lacticacid,0.99935215,5.0218e-06,0.00064283,0.04165186,0.95796996,0.00037818
30.0,0.998,0,0.0020129,0,1.0,0,h2o,2-undecanone,lacticacid,0.99870451,5.1299e-06,0.00129036,0.04179362,0.95744774,0.00075864
30.0,0.9959,0,0.0040513,0,1.0,0,h2o,2-undecanone,lacticacid,0.99739488,5.3543e-06,0.00259977,0.0420788,0.95639467,0.00152653
30.0,0.9897,0,0.0103,0,1.0,0,h2o,2-undecanone,lacticacid,0.99334742,6.1007e-06,0.00664648,0.04294821,0.95316425,0.00388754
30.0,0.9787,0,0.0213,0,1.0,0,h2o,2-undecanone,lacticacid,0.98617937,7.6359e-06,0.01381299,0.04444701,0.94752687,0.00802612
30.0,0.9669,0,0.0331,0,1.0,0,h2o,2-undecanone,lacticacid,0.97843046,9.6443e-06,0.0215599,0.04601954,0.94153529,0.01244517
30.0,0.9543,0,0.0457,0,1.0,0,h2o,2-undecanone,lacticacid,0.9700298,1.23e-05,0.0299579,0.04766486,0.93515731,0.01717783
30.0,0.9407,0,0.0593,0,1.0,0,h2o,2-undecanone,lacticacid,0.96089873,1.5845e-05,0.03908542,0.0494011,0.92833195,0.02226694
40.0,0.999,0,0.0010033,0,1.0,0,h2o,2-undecanone,lacticacid,0.99938564,4.7627e-06,0.0006096,0.04429343,0.95529663,0.00040994
40.0,0.998,0,0.0020129,0,1.0,0,h2o,2-undecanone,lacticacid,0.99877129,4.8637e-06,0.00122385,0.04445093,0.95472683,0.00082223
40.0,0.9959,0,0.0040513,0,1.0,0,h2o,2-undecanone,lacticacid,0.99752841,5.0737e-06,0.00246652,0.04476765,0.9535784,0.00165395
40.0,0.9897,0,0.0103,0,1.0,0,h2o,2-undecanone,lacticacid,0.9936824,5.7723e-06,0.00631183,0.045732,0.9500602,0.00420779
40.0,0.9787,0,0.0213,0,1.0,0,h2o,2-undecanone,lacticacid,0.9868534,7.2107e-06,0.01313939,0.04739397,0.94393386,0.00867217
40.0,0.9669,0,0.0331,0,1.0,0,h2o,2-undecanone,lacticacid,0.9794443,9.0977e-06,0.02054661,0.04912207,0.93745793,0.01342
40.0,0.9543,0,0.0457,0,1.0,0,h2o,2-undecanone,lacticacid,0.97138288,1.16e-05,0.02860552,0.05093063,0.93058491,0.01848446
40.0,0.9407,0,0.0593,0,1.0,0,h2o,2-undecanone,lacticacid,0.96258455,1.4957e-05,0.0374005,0.05282257,0.9232738,0.02390362
20.0,0.999,0,0.0010033,0,1.0,0,h2o,3-decanol,lacticacid,0.99931211,1.1296e-05,0.00067659,0.14670349,0.85289399,0.00040253
20.0,0.998,0,0.0020129,0,1.0,0,h2o,3-decanol,lacticacid,0.99863009,1.1527e-05,0.00135838,0.14678675,0.85240571,0.00080754
20.0,0.9959,0,0.0040513,0,1.0,0,h2o,3-decanol,lacticacid,0.99725023,1.2008e-05,0.00273776,0.14695406,0.85142081,0.00162513
20.0,0.9897,0,0.0103,0,1.0,0,h2o,3-decanol,lacticacid,0.99297995,1.3602e-05,0.00700644,0.1474623,0.84839735,0.00414035
20.0,0.9787,0,0.0213,0,1.0,0,h2o,3-decanol,lacticacid,0.9853982,1.6858e-05,0.01458494,0.14833051,0.843115,0.0085545
20.0,0.9669,0,0.0331,0,1.0,0,h2o,3-decanol,lacticacid,0.9771786,2.1082e-05,0.02280032,0.14922986,0.83749499,0.01327516
20.0,0.9543,0,0.0457,0,1.0,0,h2o,3-decanol,lacticacid,0.96824622,2.6611e-05,0.03172716,0.15015249,0.8315071,0.01834041
20.0,0.9407,0,0.0593,0,1.0,0,h2o,3-decanol,lacticacid,0.9585167,3.3915e-05,0.04144938,0.15110585,0.82509665,0.0237975
30.0,0.999,0,0.0010033,0,1.0,0,h2o,3-decanol,lacticacid,0.99936451,1.0536e-05,0.00062495,0.14483134,0.85472889,0.00043977
30.0,0.998,0,0.0020129,0,1.0,0,h2o,3-decanol,lacticacid,0.99873427,1.0745e-05,0.00125498,0.14493817,0.85417968,0.00088215
30.0,0.9959,0,0.0040513,0,1.0,0,h2o,3-decanol,lacticacid,0.99745835,1.1177e-05,0.00253048,0.14515286,0.85307232,0.00177482
30.0,0.9897,0,0.0103,0,1.0,0,h2o,3-decanol,lacticacid,0.99350267,1.261e-05,0.00648472,0.1458051,0.84967685,0.00451805
30.0,0.9787,0,0.0213,0,1.0,0,h2o,3-decanol,lacticacid,0.9864536,1.5536e-05,0.01353086,0.14691936,0.84375962,0.00932103
30.0,0.9669,0,0.0331,0,1.0,0,h2o,3-decanol,lacticacid,0.97877502,1.9334e-05,0.02120564,0.14807203,0.83748752,0.01444044
30.0,0.9543,0,0.0457,0,1.0,0,h2o,3-decanol,lacticacid,0.97038894,2.4316e-05,0.02958675,0.14925464,0.83083267,0.01991269
30.0,0.9407,0,0.0593,0,1.0,0,h2o,3-decanol,lacticacid,0.9612072,3.0917e-05,0.03876188,0.15047414,0.82374307,0.02578279
40.0,0.999,0,0.0010033,0,1.0,0,h2o,3-decanol,lacticacid,0.99940893,1.0167e-05,0.00058091,0.14390772,0.85562054,0.00047173
40.0,0.998,0,0.0020129,0,1.0,0,h2o,3-decanol,lacticacid,0.9988229,1.036e-05,0.00116674,0.14403475,0.85501905,0.0009462
40.0,0.9959,0,0.0040513,0,1.0,0,h2o,3-decanol,lacticacid,0.99763583,1.0763e-05,0.00235341,0.14429008,0.85380649,0.00190343
40.0,0.9897,0,0.0103,0,1.0,0,h2o,3-decanol,lacticacid,0.99395015,1.2095e-05,0.00603775,0.14506619,0.85009043,0.00484338
40.0,0.9787,0,0.0213,0,1.0,0,h2o,3-decanol,lacticacid,0.98736171,1.4813e-05,0.01262347,0.14639331,0.84362267,0.00998402
40.0,0.9669,0,0.0331,0,1.0,0,h2o,3-decanol,lacticacid,0.98015522,1.8339e-05,0.01982644,0.14776685,0.83678062,0.01545253
40.0,0.9543,0,0.0457,0,1.0,0,h2o,3-decanol,lacticacid,0.97224983,2.2969e-05,0.0277272,0.14917726,0.82953898,0.02128376
40.0,0.9407,0,0.0593,0,1.0,0,h2o,3-decanol,lacticacid,0.96355372,2.9116e-05,0.03641717,0.15063143,0.82184793,0.02752064
20.0,0.999,0,0.0010033,0,1.0,0,h2o,3-decanone,lacticacid,0.99928308,1.6897e-05,0.00070002,0.03034692,0.96933408,0.000319
20.0,0.998,0,0.0020129,0,1.0,0,h2o,3-decanone,lacticacid,0.99857776,1.7236e-05,0.001405,0.03045281,0.96890723,0.00063996
20.0,0.9959,0,0.0040513,0,1.0,0,h2o,3-decanone,lacticacid,0.99715201,1.7937e-05,0.00283005,0.03066616,0.96804595,0.00128789
20.0,0.9897,0,0.0103,0,1.0,0,h2o,3-decanone,lacticacid,0.99275041,2.025e-05,0.00722934,0.03131917,0.96539926,0.00328156
20.0,0.9787,0,0.0213,0,1.0,0,h2o,3-decanone,lacticacid,0.98497471,2.4929e-05,0.01500036,0.03245363,0.96076237,0.006784
20.0,0.9669,0,0.0331,0,1.0,0,h2o,3-decanone,lacticacid,0.97659956,3.0916e-05,0.02336953,0.03365679,0.95580489,0.01053831
20.0,0.9543,0,0.0457,0,1.0,0,h2o,3-decanone,lacticacid,0.96755733,3.8642e-05,0.03240402,0.03492779,0.95049371,0.0145785
20.0,0.9407,0,0.0593,0,1.0,0,h2o,3-decanone,lacticacid,0.95777322,4.8687e-05,0.04217809,0.03628545,0.94476599,0.01894857
30.0,0.999,0,0.0010033,0,1.0,0,h2o,3-decanone,lacticacid,0.99932568,1.508e-05,0.00065924,0.03358316,0.96605771,0.00035913
30.0,0.998,0,0.0020129,0,1.0,0,h2o,3-decanone,lacticacid,0.99866124,1.538e-05,0.00132338,0.03370883,0.96557087,0.0007203
30.0,0.9959,0,0.0040513,0,1.0,0,h2o,3-decanone,lacticacid,0.99731745,1.6001e-05,0.00266655,0.03396184,0.96458925,0.00144891
30.0,0.9897,0,0.0103,0,1.0,0,h2o,3-decanone,lacticacid,0.9931631,1.8052e-05,0.00681885,0.0347348,0.96157852,0.00368668
30.0,0.9787,0,0.0213,0,1.0,0,h2o,3-decanone,lacticacid,0.98580391,2.2212e-05,0.01417388,0.03607679,0.95632009,0.00760312
30.0,0.9669,0,0.0331,0,1.0,0,h2o,3-decanone,lacticacid,0.97784756,2.7558e-05,0.02212488,0.03748239,0.95073944,0.01177817
30.0,0.9543,0,0.0457,0,1.0,0,h2o,3-decanone,lacticacid,0.96922611,3.4488e-05,0.0307394,0.03896752,0.94478539,0.0162471
30.0,0.9407,0,0.0593,0,1.0,0,h2o,3-decanone,lacticacid,0.95985915,4.3557e-05,0.04009729,0.04053579,0.93841455,0.02104966
40.0,0.999,0,0.0010033,0,1.0,0,h2o,3-decanone,lacticacid,0.99936373,1.4052e-05,0.00062222,0.03722476,0.96237983,0.00039541
40.0,0.998,0,0.0020129,0,1.0,0,h2o,3-decanone,lacticacid,0.99873641,1.4328e-05,0.00124927,0.03736957,0.96183747,0.00079296
40.0,0.9959,0,0.0040513,0,1.0,0,h2o,3-decanone,lacticacid,0.99746707,1.4899e-05,0.00251803,0.037661,0.96074441,0.00159458
40.0,0.9897,0,0.0103,0,1.0,0,h2o,3-decanone,lacticacid,0.99353805,1.6785e-05,0.00644517,0.03855451,0.95739172,0.00405377
40.0,0.9787,0,0.0213,0,1.0,0,h2o,3-decanone,lacticacid,0.98655872,2.0618e-05,0.01342067,0.04008988,0.95156458,0.00834553
40.0,0.9669,0,0.0331,0,1.0,0,h2o,3-decanone,lacticacid,0.97898712,2.5557e-05,0.02098732,0.0416998,0.94539573,0.01290447
40.0,0.9543,0,0.0457,0,1.0,0,h2o,3-decanone,lacticacid,0.97075099,3.1985e-05,0.02921702,0.04338658,0.93885055,0.01776287
40.0,0.9407,0,0.0593,0,1.0,0,h2o,3-decanone,lacticacid,0.96176969,4.043e-05,0.03818988,0.04516932,0.93186853,0.02296215
20.0,0.999,0,0.0010033,0,1.0,0,h2o,3-heptanol,lacticacid,0.99883963,0.00067754,0.00048283,0.2818739,0.71753848,0.00058762
20.0,0.998,0,0.0020129,0,1.0,0,h2o,3-heptanol,lacticacid,0.99834653,0.00068419,0.00096928,0.28216275,0.71665779,0.00117946
20.0,0.9959,0,0.0040513,0,1.0,0,h2o,3-heptanol,lacticacid,0.99734903,0.00069781,0.00195316,0.28274486,0.71487922,0.00237592
20.0,0.9897,0,0.0103,0,1.0,0,h2o,3-heptanol,lacticacid,0.9942629,0.0007412,0.0049959,0.28452726,0.70940182,0.00607092
20.0,0.9787,0,0.0213,0,1.0,0,h2o,3-heptanol,lacticacid,0.98878387,0.00082312,0.010393,0.28763036,0.69976522,0.01260442
20.0,0.9669,0,0.0331,0,1.0,0,h2o,3-heptanol,lacticacid,0.98283768,0.00091941,0.0162429,0.29090109,0.68944638,0.01965253
20.0,0.9543,0,0.0457,0,1.0,0,h2o,3-heptanol,lacticacid,0.97635997,0.00103352,0.02260651,0.29435183,0.67837322,0.02727495
20.0,0.9407,0,0.0593,0,1.0,0,h2o,3-heptanol,lacticacid,0.96927394,0.00116992,0.02955614,0.2979964,0.66646297,0.03554063
30.0,0.999,0,0.0010033,0,1.0,0,h2o,3-heptanol,lacticacid,0.99896579,0.00059927,0.00043494,0.27325911,0.72613459,0.0006063
30.0,0.998,0,0.0020129,0,1.0,0,h2o,3-heptanol,lacticacid,0.99852187,0.00060483,0.0008733,0.27355762,0.72522554,0.00121684
30.0,0.9959,0,0.0040513,0,1.0,0,h2o,3-heptanol,lacticacid,0.99762336,0.0006162,0.00176044,0.27415884,0.72339034,0.00245082
30.0,0.9897,0,0.0103,0,1.0,0,h2o,3-heptanol,lacticacid,0.99483926,0.00065245,0.00450829,0.27599696,0.71774395,0.00625909
30.0,0.9787,0,0.0213,0,1.0,0,h2o,3-heptanol,lacticacid,0.98988036,0.00072092,0.00939872,0.27918782,0.70782896,0.01298322
30.0,0.9669,0,0.0331,0,1.0,0,h2o,3-heptanol,lacticacid,0.98447483,0.0008015,0.01472367,0.28253814,0.6972389,0.02022296
30.0,0.9543,0,0.0457,0,1.0,0,h2o,3-heptanol,lacticacid,0.97855744,0.00089718,0.02054538,0.28606049,0.68590336,0.02803615
30.0,0.9407,0,0.0593,0,1.0,0,h2o,3-heptanol,lacticacid,0.97204977,0.00101191,0.02693832,0.28976856,0.67374222,0.03648922
40.0,0.999,0,0.0010033,0,1.0,0,h2o,3-heptanol,lacticacid,0.99905709,0.00054643,0.00039648,0.26735195,0.73202627,0.00062178
40.0,0.998,0,0.0020129,0,1.0,0,h2o,3-heptanol,lacticacid,0.99865257,0.00055125,0.00079618,0.26766214,0.73109001,0.00124785
40.0,0.9959,0,0.0040513,0,1.0,0,h2o,3-heptanol,lacticacid,0.9978335,0.00056109,0.00160541,0.26828672,0.72920026,0.00251303
40.0,0.9897,0,0.0103,0,1.0,0,h2o,3-heptanol,lacticacid,0.99529272,0.00059246,0.00411483,0.2701947,0.72338932,0.00641598
40.0,0.9787,0,0.0213,0,1.0,0,h2o,3-heptanol,lacticacid,0.99075624,0.0006517,0.00859206,0.2734996,0.71319905,0.01330135
40.0,0.9669,0,0.0331,0,1.0,0,h2o,3-heptanol,lacticacid,0.98579411,0.00072147,0.01348441,0.2769564,0.70233773,0.02070587
40.0,0.9543,0,0.0457,0,1.0,0,h2o,3-heptanol,lacticacid,0.98034138,0.0008044,0.01885422,0.28058947,0.69072378,0.02868675
40.0,0.9407,0,0.0593,0,1.0,0,h2o,3-heptanol,lacticacid,0.97431862,0.00090402,0.02477736,0.28440619,0.67828499,0.03730882
20.0,0.999,0,0.0010033,0,1.0,0,h2o,3-heptanone,lacticacid,0.99843602,0.00105122,0.00051276,0.07579007,0.92370302,0.00050691
20.0,0.998,0,0.0020129,0,1.0,0,h2o,3-heptanone,lacticacid,0.99790974,0.00106156,0.0010287,0.07615928,0.92282314,0.00101757
20.0,0.9959,0,0.0040513,0,1.0,0,h2o,3-heptanone,lacticacid,0.99684711,0.00108265,0.00207024,0.07690657,0.92104305,0.00205038
20.0,0.9897,0,0.0103,0,1.0,0,h2o,3-heptanone,lacticacid,0.9935766,0.00114949,0.00527391,0.07922923,0.91552655,0.00524422
20.0,0.9787,0,0.0213,0,1.0,0,h2o,3-heptanone,lacticacid,0.98783466,0.00127416,0.01089119,0.08336902,0.90572062,0.01091036
20.0,0.9669,0,0.0331,0,1.0,0,h2o,3-heptanone,lacticacid,0.98169892,0.00141813,0.01688296,0.0878997,0.89504366,0.01705664
20.0,0.9543,0,0.0457,0,1.0,0,h2o,3-heptanone,lacticacid,0.97513098,0.00158518,0.02328384,0.0928889,0.88335909,0.02375201
20.0,0.9407,0,0.0593,0,1.0,0,h2o,3-heptanone,lacticacid,0.96808753,0.00178001,0.03013246,0.09841564,0.87050587,0.0310785
30.0,0.999,0,0.0010033,0,1.0,0,h2o,3-heptanone,lacticacid,0.99864885,0.0008796,0.00047155,0.08056148,0.91889543,0.00054309
30.0,0.998,0,0.0020129,0,1.0,0,h2o,3-heptanone,lacticacid,0.99816582,0.00088805,0.00094613,0.08095785,0.91795215,0.00109
30.0,0.9959,0,0.0040513,0,1.0,0,h2o,3-heptanone,lacticacid,0.9971902,0.00090529,0.0019045,0.08175976,0.91604474,0.0021955
30.0,0.9897,0,0.0103,0,1.0,0,h2o,3-heptanone,lacticacid,0.99418496,0.00095997,0.00485507,0.08424897,0.91014201,0.00560902
30.0,0.9787,0,0.0213,0,1.0,0,h2o,3-heptanone,lacticacid,0.98889936,0.00106206,0.01003858,0.0886743,0.89967946,0.01164624
30.0,0.9669,0,0.0331,0,1.0,0,h2o,3-heptanone,lacticacid,0.98323776,0.00118014,0.0155821,0.09350032,0.88833078,0.01816891
30.0,0.9543,0,0.0457,0,1.0,0,h2o,3-heptanone,lacticacid,0.97716133,0.00131744,0.02152123,0.09879255,0.87596316,0.02524428
30.0,0.9407,0,0.0593,0,1.0,0,h2o,3-heptanone,lacticacid,0.9706256,0.00147798,0.02789642,0.104627,0.86242132,0.03295168
40.0,0.999,0,0.0010033,0,1.0,0,h2o,3-heptanone,lacticacid,0.99879567,0.00076739,0.00043694,0.08588092,0.91354619,0.00057288
40.0,0.998,0,0.0020129,0,1.0,0,h2o,3-heptanone,lacticacid,0.99834865,0.00077458,0.00087677,0.0863002,0.91255015,0.00114965
40.0,0.9959,0,0.0040513,0,1.0,0,h2o,3-heptanone,lacticacid,0.99744558,0.00078924,0.00176518,0.08715412,0.91053082,0.00231506
40.0,0.9897,0,0.0103,0,1.0,0,h2o,3-heptanone,lacticacid,0.99466136,0.0008358,0.00450284,0.08977851,0.90431212,0.00590937
40.0,0.9787,0,0.0213,0,1.0,0,h2o,3-heptanone,lacticacid,0.98975655,0.00092276,0.0093207,0.09444619,0.89330181,0.012252
40.0,0.9669,0,0.0331,0,1.0,0,h2o,3-heptanone,lacticacid,0.98449099,0.00102345,0.01448556,0.09952315,0.88139254,0.01908431
40.0,0.9543,0,0.0457,0,1.0,0,h2o,3-heptanone,lacticacid,0.97882531,0.00114073,0.02003397,0.10507313,0.8684547,0.02647217
40.0,0.9407,0,0.0593,0,1.0,0,h2o,3-heptanone,lacticacid,0.97271386,0.00127817,0.02600797,0.11117011,0.8543372,0.03449269
20.0,0.999,0,0.0010033,0,1.0,0,h2o,3-hexanol,lacticacid,0.99709519,0.00248283,0.00042198,0.36829411,0.63106786,0.00063803
20.0,0.998,0,0.0020129,0,1.0,0,h2o,3-hexanol,lacticacid,0.99665156,0.0025012,0.00084724,0.36868363,0.63003574,0.00128064
20.0,0.9959,0,0.0040513,0,1.0,0,h2o,3-hexanol,lacticacid,0.99575355,0.00253867,0.00170778,0.369469,0.62795125,0.00257975
20.0,0.9897,0,0.0103,0,1.0,0,h2o,3-hexanol,lacticacid,0.99296999,0.00265735,0.00437266,0.3718771,0.62153127,0.00659163
20.0,0.9787,0,0.0213,0,1.0,0,h2o,3-hexanol,lacticacid,0.98800722,0.00287849,0.00911429,0.37608946,0.61022611,0.01368443
20.0,0.9669,0,0.0331,0,1.0,0,h2o,3-hexanol,lacticacid,0.98258688,0.00313461,0.01427851,0.38054358,0.59812358,0.02133284
20.0,0.9543,0,0.0457,0,1.0,0,h2o,3-hexanol,lacticacid,0.97663663,0.00343386,0.0199295,0.38527325,0.5851272,0.02959955
20.0,0.9407,0,0.0593,0,1.0,0,h2o,3-hexanol,lacticacid,0.97006854,0.0037869,0.02614456,0.39031991,0.57112302,0.03855708
30.0,0.999,0,0.0010033,0,1.0,0,h2o,3-hexanol,lacticacid,0.99746591,0.0021565,0.00037759,0.35328391,0.64607112,0.00064497
30.0,0.998,0,0.0020129,0,1.0,0,h2o,3-hexanol,lacticacid,0.99707029,0.00217144,0.00075827,0.35365967,0.64504583,0.0012945
30.0,0.9959,0,0.0040513,0,1.0,0,h2o,3-hexanol,lacticacid,0.99626905,0.00220193,0.00152902,0.35441731,0.64297526,0.00260743
30.0,0.9897,0,0.0103,0,1.0,0,h2o,3-hexanol,lacticacid,0.9937819,0.00229852,0.00391958,0.35674058,0.63659894,0.00666048
30.0,0.9787,0,0.0213,0,1.0,0,h2o,3-hexanol,lacticacid,0.98933418,0.00247868,0.00818714,0.36079936,0.62538005,0.01382059
30.0,0.9669,0,0.0331,0,1.0,0,h2o,3-hexanol,lacticacid,0.98445779,0.00268748,0.01285472,0.36511004,0.61335537,0.0215346
30.0,0.9543,0,0.0457,0,1.0,0,h2o,3-hexanol,lacticacid,0.97908206,0.0029319,0.01798604,0.36968751,0.60044844,0.02986406
30.0,0.9407,0,0.0593,0,1.0,0,h2o,3-hexanol,lacticacid,0.97312118,0.00322095,0.02365787,0.37457565,0.58654412,0.03888023
40.0,0.999,0,0.0010033,0,1.0,0,h2o,3-hexanol,lacticacid,0.99772734,0.00193046,0.00034221,0.34318075,0.6561678,0.00065145
40.0,0.998,0,0.0020129,0,1.0,0,h2o,3-hexanol,lacticacid,0.99736964,0.00194307,0.0006873,0.34355169,0.65514084,0.00130746
40.0,0.9959,0,0.0040513,0,1.0,0,h2o,3-hexanol,lacticacid,0.99664491,0.0019688,0.00138629,0.34429944,0.6530672,0.00263337
40.0,0.9897,0,0.0103,0,1.0,0,h2o,3-hexanol,lacticacid,0.99439289,0.00205032,0.00355679,0.34659132,0.64668321,0.00672548
40.0,0.9787,0,0.0213,0,1.0,0,h2o,3-hexanol,lacticacid,0.99035655,0.00220242,0.00744103,0.35059229,0.63545665,0.01395106
40.0,0.9669,0,0.0331,0,1.0,0,h2o,3-hexanol,lacticacid,0.98591726,0.00237888,0.01170386,0.35483246,0.62343675,0.02173079
40.0,0.9543,0,0.0457,0,1.0,0,h2o,3-hexanol,lacticacid,0.98100683,0.0025856,0.01640757,0.35934148,0.61053225,0.03012627
40.0,0.9407,0,0.0593,0,1.0,0,h2o,3-hexanol,lacticacid,0.97554172,0.00283038,0.02162789,0.36416448,0.59662718,0.03920834
20.0,0.999,0,0.0010033,0,1.0,0,h2o,3-hexanone,lacticacid,0.99554685,0.0039997,0.00045345,0.09354521,0.90589498,0.00055981
20.0,0.998,0,0.0020129,0,1.0,0,h2o,3-hexanone,lacticacid,0.99506099,0.00402982,0.00090919,0.09413436,0.90474157,0.00112406
20.0,0.9959,0,0.0040513,0,1.0,0,h2o,3-hexanone,lacticacid,0.99408137,0.00409102,0.00182761,0.09532901,0.90240486,0.00226613
20.0,0.9897,0,0.0103,0,1.0,0,h2o,3-hexanone,lacticacid,0.9910779,0.00428264,0.00463946,0.09905673,0.89513839,0.00580488
20.0,0.9787,0,0.0213,0,1.0,0,h2o,3-hexanone,lacticacid,0.98584543,0.0046313,0.00952327,0.1057629,0.88213153,0.01210556
20.0,0.9669,0,0.0331,0,1.0,0,h2o,3-hexanone,lacticacid,0.98030779,0.00502135,0.01467086,0.11316873,0.86786636,0.01896491
20.0,0.9543,0,0.0457,0,1.0,0,h2o,3-hexanone,lacticacid,0.97443593,0.00545931,0.02010476,0.12137953,0.85216587,0.0264546
20.0,0.9407,0,0.0593,0,1.0,0,h2o,3-hexanone,lacticacid,0.9681925,0.00595357,0.02585393,0.13049557,0.83485038,0.03465404
30.0,0.999,0,0.0010033,0,1.0,0,h2o,3-hexanone,lacticacid,0.99633973,0.00324832,0.00041196,0.10004038,0.89936509,0.00059453
30.0,0.998,0,0.0020129,0,1.0,0,h2o,3-hexanone,lacticacid,0.99590204,0.0032719,0.00082606,0.10066087,0.89814562,0.00119351
30.0,0.9959,0,0.0040513,0,1.0,0,h2o,3-hexanone,lacticacid,0.9950194,0.00331983,0.00166076,0.10191805,0.89567691,0.00240504
30.0,0.9897,0,0.0103,0,1.0,0,h2o,3-hexanone,lacticacid,0.99231212,0.00346989,0.004218,0.10583165,0.88801633,0.00615202
30.0,0.9787,0,0.0213,0,1.0,0,h2o,3-hexanone,lacticacid,0.98759074,0.00374289,0.00866637,0.11283847,0.87436344,0.01279809
30.0,0.9669,0,0.0331,0,1.0,0,h2o,3-hexanone,lacticacid,0.98258566,0.00404842,0.01336592,0.12052696,0.85947501,0.01999803
30.0,0.9543,0,0.0457,0,1.0,0,h2o,3-hexanone,lacticacid,0.97726692,0.00439182,0.01834126,0.1289938,0.84318667,0.02781953
30.0,0.9407,0,0.0593,0,1.0,0,h2o,3-hexanone,lacticacid,0.97159551,0.00478015,0.02362434,0.13832759,0.82533522,0.0363372
40.0,0.999,0,0.0010033,0,1.0,0,h2o,3-hexanone,lacticacid,0.99686193,0.00276009,0.00037798,0.10708405,0.89229406,0.00062189
40.0,0.998,0,0.0020129,0,1.0,0,h2o,3-hexanone,lacticacid,0.99646256,0.00277944,0.000758,0.10772823,0.89102356,0.00124822
40.0,0.9959,0,0.0040513,0,1.0,0,h2o,3-hexanone,lacticacid,0.99565703,0.00281877,0.00152419,0.10903253,0.8884531,0.00251437
40.0,0.9897,0,0.0103,0,1.0,0,h2o,3-hexanone,lacticacid,0.99318486,0.0029419,0.00387324,0.11308533,0.88049005,0.00642462
40.0,0.9787,0,0.0213,0,1.0,0,h2o,3-hexanone,lacticacid,0.98886785,0.00316596,0.00796618,0.12031355,0.86634664,0.01333981
40.0,0.9669,0,0.0331,0,1.0,0,h2o,3-hexanone,lacticacid,0.98428235,0.00341691,0.01230074,0.12820609,0.85099072,0.02080319
40.0,0.9543,0,0.0457,0,1.0,0,h2o,3-hexanone,lacticacid,0.97939704,0.00369942,0.01690354,0.13684863,0.83427198,0.02887938
40.0,0.9407,0,0.0593,0,1.0,0,h2o,3-hexanone,lacticacid,0.97417425,0.0040193,0.02180645,0.14634916,0.81600926,0.03764159
20.0,0.999,0,0.0010033,0,1.0,0,h2o,3-nonanone,lacticacid,0.99925564,5.8613e-05,0.00068575,0.03084299,0.9688242,0.00033281
20.0,0.998,0,0.0020129,0,1.0,0,h2o,3-nonanone,lacticacid,0.99856408,5.9638e-05,0.00137628,0.03096574,0.96836648,0.00066778
20.0,0.9959,0,0.0040513,0,1.0,0,h2o,3-nonanone,lacticacid,0.99716638,6.1751e-05,0.00277187,0.03121329,0.96744242,0.00134429
20.0,0.9897,0,0.0103,0,1.0,0,h2o,3-nonanone,lacticacid,0.99285317,6.8654e-05,0.00707817,0.0319728,0.96459866,0.00342854
20.0,0.9787,0,0.0213,0,1.0,0,h2o,3-nonanone,lacticacid,0.98524059,8.2322e-05,0.01467709,0.03330506,0.95959477,0.00710016
20.0,0.9669,0,0.0331,0,1.0,0,h2o,3-nonanone,lacticacid,0.97704938,9.9357e-05,0.02285126,0.03472229,0.95422926,0.01104846
20.0,0.9543,0,0.0457,0,1.0,0,h2o,3-nonanone,lacticacid,0.96821535,0.00012074,0.03166391,0.03623495,0.94845266,0.01531239
20.0,0.9407,0,0.0593,0,1.0,0,h2o,3-nonanone,lacticacid,0.95866714,0.00014778,0.04118508,0.03786643,0.94219213,0.01994144
30.0,0.999,0,0.0010033,0,1.0,0,h2o,3-nonanone,lacticacid,0.9993043,5.1473e-05,0.00064423,0.0341989,0.96542752,0.00037358
30.0,0.998,0,0.0020129,0,1.0,0,h2o,3-nonanone,lacticacid,0.99865448,5.2367e-05,0.00129315,0.03434352,0.96490707,0.00074941
30.0,0.9959,0,0.0040513,0,1.0,0,h2o,3-nonanone,lacticacid,0.9973405,5.4211e-05,0.00260529,0.03463499,0.96385706,0.00150795
30.0,0.9897,0,0.0103,0,1.0,0,h2o,3-nonanone,lacticacid,0.9932807,6.0239e-05,0.00665906,0.03553291,0.96062609,0.003841
30.0,0.9787,0,0.0213,0,1.0,0,h2o,3-nonanone,lacticacid,0.98609584,7.2214e-05,0.01383195,0.03708853,0.95497683,0.00793464
30.0,0.9669,0,0.0331,0,1.0,0,h2o,3-nonanone,lacticacid,0.97833883,8.7195e-05,0.02157397,0.03874088,0.94894414,0.01231498
30.0,0.9543,0,0.0457,0,1.0,0,h2o,3-nonanone,lacticacid,0.96994327,0.00010609,0.02995063,0.04049583,0.94248405,0.01702012
30.0,0.9407,0,0.0593,0,1.0,0,h2o,3-nonanone,lacticacid,0.96083621,0.00013012,0.03903367,0.04238097,0.93551957,0.02209946
40.0,0.999,0,0.0010033,0,1.0,0,h2o,3-nonanone,lacticacid,0.99934622,4.7146e-05,0.00060664,0.03801064,0.96157903,0.00041033
40.0,0.998,0,0.0020129,0,1.0,0,h2o,3-nonanone,lacticacid,0.99873417,4.7954e-05,0.00121788,0.03817665,0.96100033,0.00082302
40.0,0.9959,0,0.0040513,0,1.0,0,h2o,3-nonanone,lacticacid,0.99749602,4.9621e-05,0.00245435,0.03851111,0.95983331,0.00165558
40.0,0.9897,0,0.0103,0,1.0,0,h2o,3-nonanone,lacticacid,0.9936657,5.5076e-05,0.00627922,0.03953454,0.95625258,0.00421288
40.0,0.9787,0,0.0213,0,1.0,0,h2o,3-nonanone,lacticacid,0.98687059,6.5926e-05,0.01306349,0.04131598,0.94999514,0.00868888
40.0,0.9669,0,0.0331,0,1.0,0,h2o,3-nonanone,lacticacid,0.9795096,7.9543e-05,0.02041085,0.04319435,0.94334517,0.01346049
40.0,0.9543,0,0.0457,0,1.0,0,h2o,3-nonanone,lacticacid,0.97151663,9.6771e-05,0.02838659,0.04519308,0.93623935,0.01856757
40.0,0.9407,0,0.0593,0,1.0,0,h2o,3-nonanone,lacticacid,0.96281374,0.00011877,0.03706748,0.04732497,0.92861909,0.02405594
20.0,0.999,0,0.0010033,0,1.0,0,h2o,3-octanol,lacticacid,0.99927006,0.00016943,0.00056051,0.23050425,0.76896995,0.0005258
20.0,0.998,0,0.0020129,0,1.0,0,h2o,3-octanol,lacticacid,0.998703,0.00017168,0.00112532,0.2306766,0.76826816,0.00105524
20.0,0.9959,0,0.0040513,0,1.0,0,h2o,3-octanol,lacticacid,0.99755564,0.0001763,0.00226806,0.23102361,0.76685123,0.00212516
20.0,0.9897,0,0.0103,0,1.0,0,h2o,3-octanol,lacticacid,0.9940042,0.0001912,0.0058046,0.23208902,0.76248467,0.00542631
20.0,0.9787,0,0.0213,0,1.0,0,h2o,3-octanol,lacticacid,0.98769426,0.00022007,0.01208567,0.233921,0.75482641,0.0112526
20.0,0.9669,0,0.0331,0,1.0,0,h2o,3-octanol,lacticacid,0.9808441,0.0002551,0.0189008,0.23584261,0.74663231,0.01752508
20.0,0.9543,0,0.0457,0,1.0,0,h2o,3-octanol,lacticacid,0.97338474,0.00029796,0.0263173,0.23784975,0.73785343,0.02429682
20.0,0.9407,0,0.0593,0,1.0,0,h2o,3-octanol,lacticacid,0.96523692,0.00035084,0.03441224,0.23995716,0.72841165,0.03163119
30.0,0.999,0,0.0010033,0,1.0,0,h2o,3-octanol,lacticacid,0.99933837,0.00015326,0.00050837,0.22439594,0.77505121,0.00055285
30.0,0.998,0,0.0020129,0,1.0,0,h2o,3-octanol,lacticacid,0.99882395,0.00015519,0.00102086,0.22459027,0.7743003,0.00110943
30.0,0.9959,0,0.0040513,0,1.0,0,h2o,3-octanol,lacticacid,0.99778249,0.00015916,0.00205835,0.22498139,0.77278469,0.00223392
30.0,0.9897,0,0.0103,0,1.0,0,h2o,3-octanol,lacticacid,0.99455339,0.00017196,0.00527465,0.22617466,0.76812457,0.00570077
30.0,0.9787,0,0.0213,0,1.0,0,h2o,3-octanol,lacticacid,0.98879632,0.00019674,0.01100694,0.22823798,0.75995204,0.01180998
30.0,0.9669,0,0.0331,0,1.0,0,h2o,3-octanol,lacticacid,0.98251656,0.00022684,0.01725659,0.23038309,0.75124518,0.01837174
30.0,0.9543,0,0.0457,0,1.0,0,h2o,3-octanol,lacticacid,0.97564405,0.00026372,0.02409222,0.23262807,0.74193393,0.025438
30.0,0.9407,0,0.0593,0,1.0,0,h2o,3-octanol,lacticacid,0.96809542,0.00030937,0.03159521,0.23496986,0.73196194,0.0330682
40.0,0.999,0,0.0010033,0,1.0,0,h2o,3-octanol,lacticacid,0.99939114,0.00014297,0.00046589,0.22014253,0.77928217,0.0005753
40.0,0.998,0,0.0020129,0,1.0,0,h2o,3-octanol,lacticacid,0.99891963,0.00014469,0.00093569,0.22035668,0.77848889,0.00115443
40.0,0.9959,0,0.0040513,0,1.0,0,h2o,3-octanol,lacticacid,0.9979646,0.00014821,0.00188719,0.22078764,0.77688806,0.0023243
40.0,0.9897,0,0.0103,0,1.0,0,h2o,3-octanol,lacticacid,0.99499975,0.00015958,0.00484067,0.22210213,0.77196824,0.00592963
40.0,0.9787,0,0.0213,0,1.0,0,h2o,3-octanol,lacticacid,0.98969951,0.00018159,0.0101189,0.22437274,0.76335008,0.01227718
40.0,0.9669,0,0.0331,0,1.0,0,h2o,3-octanol,lacticacid,0.98389653,0.00020832,0.01589515,0.2267322,0.75418171,0.01908609
40.0,0.9543,0,0.0457,0,1.0,0,h2o,3-octanol,lacticacid,0.97751931,0.00024109,0.0222396,0.22919705,0.74439602,0.02640694
40.0,0.9407,0,0.0593,0,1.0,0,h2o,3-octanol,lacticacid,0.97048224,0.00028173,0.02923604,0.2317649,0.73393793,0.03429717
20.0,0.999,0,0.0010033,0,1.0,0,h2o,3-octanone,lacticacid,0.99914966,0.00025449,0.00059585,0.05337638,0.94619712,0.0004265
20.0,0.998,0,0.0020129,0,1.0,0,h2o,3-octanone,lacticacid,0.99854638,0.00025785,0.00119577,0.05360063,0.94554342,0.00085595
20.0,0.9959,0,0.0040513,0,1.0,0,h2o,3-octanone,lacticacid,0.99732727,0.00026474,0.00240799,0.0540536,0.94422256,0.00172384
20.0,0.9897,0,0.0103,0,1.0,0,h2o,3-octanone,lacticacid,0.99356679,0.00028689,0.00614631,0.05544977,0.94014789,0.00440234
20.0,0.9787,0,0.0213,0,1.0,0,h2o,3-octanone,lacticacid,0.9869359,0.00032939,0.0127347,0.05791806,0.93294504,0.0091369
20.0,0.9669,0,0.0331,0,1.0,0,h2o,3-octanone,lacticacid,0.97981045,0.00038029,0.01980926,0.0605797,0.92516977,0.01425053
20.0,0.9543,0,0.0457,0,1.0,0,h2o,3-octanone,lacticacid,0.97213785,0.00044163,0.02742052,0.06346505,0.91673646,0.01979848
20.0,0.9407,0,0.0593,0,1.0,0,h2o,3-octanone,lacticacid,0.96386099,0.00051598,0.03562303,0.06662622,0.90752355,0.02585023
30.0,0.999,0,0.0010033,0,1.0,0,h2o,3-octanone,lacticacid,0.99922816,0.00021859,0.00055324,0.05760017,0.94193354,0.00046629
30.0,0.998,0,0.0020129,0,1.0,0,h2o,3-octanone,lacticacid,0.99866813,0.00022143,0.00111043,0.05785016,0.94121421,0.00093563
30.0,0.9959,0,0.0040513,0,1.0,0,h2o,3-octanone,lacticacid,0.99753594,0.00022726,0.0022368,0.05835493,0.93976146,0.00188361
30.0,0.9897,0,0.0103,0,1.0,0,h2o,3-octanone,lacticacid,0.99403965,0.00024602,0.00571433,0.05991402,0.93528098,0.004805
30.0,0.9787,0,0.0213,0,1.0,0,h2o,3-octanone,lacticacid,0.98785926,0.00028208,0.01185865,0.06265054,0.92739742,0.00995205
30.0,0.9669,0,0.0331,0,1.0,0,h2o,3-octanone,lacticacid,0.98119745,0.00032539,0.01847717,0.06559854,0.91891296,0.0154885
30.0,0.9543,0,0.0457,0,1.0,0,h2o,3-octanone,lacticacid,0.97400141,0.00037773,0.02562086,0.06878921,0.90974094,0.02146985
30.0,0.9407,0,0.0593,0,1.0,0,h2o,3-octanone,lacticacid,0.96621066,0.00044147,0.03334786,0.07226106,0.89977643,0.02796251
40.0,0.999,0,0.0010033,0,1.0,0,h2o,3-octanone,lacticacid,0.99928811,0.00019561,0.00051628,0.06229293,0.93720663,0.00050044
40.0,0.998,0,0.0020129,0,1.0,0,h2o,3-octanone,lacticacid,0.99876552,0.0001981,0.00103638,0.06256593,0.93643004,0.00100402
40.0,0.9959,0,0.0040513,0,1.0,0,h2o,3-octanone,lacticacid,0.99770861,0.00020321,0.00208818,0.06311706,0.93486216,0.00202078
40.0,0.9897,0,0.0103,0,1.0,0,h2o,3-octanone,lacticacid,0.9944414,0.00021968,0.00533892,0.06481876,0.93003044,0.0051508
40.0,0.9787,0,0.0213,0,1.0,0,h2o,3-octanone,lacticacid,0.98865336,0.00025139,0.01109526,0.06780178,0.92154496,0.01065326
40.0,0.9669,0,0.0331,0,1.0,0,h2o,3-octanone,lacticacid,0.98239673,0.00028952,0.01731374,0.0710106,0.91243462,0.01655478
40.0,0.9543,0,0.0457,0,1.0,0,h2o,3-octanone,lacticacid,0.97561792,0.00033574,0.02404635,0.07447615,0.90261335,0.02291051
40.0,0.9407,0,0.0593,0,1.0,0,h2o,3-octanone,lacticacid,0.9682557,0.00039217,0.03135213,0.0782411,0.89197228,0.02978662
20.0,0.999,0,0.0010033,0,1.0,0,h2o,4-decanol,lacticacid,0.99932626,1.1435e-05,0.0006623,0.15626544,0.84331618,0.00041837
20.0,0.998,0,0.0020129,0,1.0,0,h2o,4-decanol,lacticacid,0.99865862,1.1665e-05,0.00132972,0.15634817,0.84281248,0.00083936
20.0,0.9959,0,0.0040513,0,1.0,0,h2o,4-decanol,lacticacid,0.99730775,1.2143e-05,0.00268011,0.15651432,0.84179643,0.00168925
20.0,0.9897,0,0.0103,0,1.0,0,h2o,4-decanol,lacticacid,0.9931265,1.3724e-05,0.00685977,0.1570182,0.83867743,0.00430437
20.0,0.9787,0,0.0213,0,1.0,0,h2o,4-decanol,lacticacid,0.9857001,1.6947e-05,0.01428295,0.15787637,0.83322808,0.00889555
20.0,0.9669,0,0.0331,0,1.0,0,h2o,4-decanol,lacticacid,0.97764487,2.1117e-05,0.02233402,0.1587619,0.82743082,0.01380727
20.0,0.9543,0,0.0457,0,1.0,0,h2o,4-decanol,lacticacid,0.96888617,2.6564e-05,0.03108727,0.15966546,0.82125587,0.01907867
20.0,0.9407,0,0.0593,0,1.0,0,h2o,4-decanol,lacticacid,0.95933984,3.3746e-05,0.04062642,0.16059378,0.81464816,0.02475806
30.0,0.999,0,0.0010033,0,1.0,0,h2o,4-decanol,lacticacid,0.99937853,1.0734e-05,0.00061074,0.15335402,0.84619188,0.00045411
30.0,0.998,0,0.0020129,0,1.0,0,h2o,4-decanol,lacticacid,0.9987626,1.0942e-05,0.00122646,0.15346057,0.8456285,0.00091093
30.0,0.9959,0,0.0040513,0,1.0,0,h2o,4-decanol,lacticacid,0.99751557,1.1373e-05,0.00247306,0.15367462,0.84449252,0.00183286
30.0,0.9897,0,0.0103,0,1.0,0,h2o,4-decanol,lacticacid,0.99364879,1.2798e-05,0.00633841,0.15432413,0.84100913,0.00466674
30.0,0.9787,0,0.0213,0,1.0,0,h2o,4-decanol,lacticacid,0.98675551,1.5703e-05,0.01322878,0.15543097,0.83493814,0.00963089
30.0,0.9669,0,0.0331,0,1.0,0,h2o,4-decanol,lacticacid,0.97924255,1.9462e-05,0.02073799,0.15657255,0.82850257,0.01492488
30.0,0.9543,0,0.0457,0,1.0,0,h2o,4-decanol,lacticacid,0.97103213,2.4379e-05,0.02894349,0.15773892,0.82167511,0.02058597
30.0,0.9407,0,0.0593,0,1.0,0,h2o,4-decanol,lacticacid,0.96203622,3.088e-05,0.0379329,0.15893645,0.81440352,0.02666003
40.0,0.999,0,0.0010033,0,1.0,0,h2o,4-decanol,lacticacid,0.99942247,1.0417e-05,0.00056712,0.15158485,0.84793049,0.00048465
40.0,0.998,0,0.0020129,0,1.0,0,h2o,4-decanol,lacticacid,0.99885033,1.0611e-05,0.00113906,0.15171188,0.84731596,0.00097215
40.0,0.9959,0,0.0040513,0,1.0,0,h2o,4-decanol,lacticacid,0.99769133,1.1013e-05,0.00229765,0.15196713,0.84607708,0.00195579
40.0,0.9897,0,0.0103,0,1.0,0,h2o,4-decanol,lacticacid,0.99409227,1.2343e-05,0.00589539,0.15274227,0.84227997,0.00497776
40.0,0.9787,0,0.0213,0,1.0,0,h2o,4-decanol,lacticacid,0.98765637,1.5049e-05,0.01232858,0.15406496,0.8356702,0.01026484
40.0,0.9669,0,0.0331,0,1.0,0,h2o,4-decanol,lacticacid,0.98061305,1.8549e-05,0.0193684,0.15543065,0.82867662,0.01589273
40.0,0.9543,0,0.0457,0,1.0,0,h2o,4-decanol,lacticacid,0.97288172,2.3131e-05,0.02709515,0.15682831,0.82127459,0.0218971
40.0,0.9407,0,0.0593,0,1.0,0,h2o,4-decanol,lacticacid,0.9643707,2.9197e-05,0.0356001,0.15826443,0.81341394,0.02832163
20.0,0.999,0,0.0010033,0,1.0,0,h2o,4-decanone,lacticacid,0.99924604,1.3911e-05,0.00074005,0.02431325,0.97540932,0.00027743
20.0,0.998,0,0.0020129,0,1.0,0,h2o,4-decanone,lacticacid,0.99850043,1.4208e-05,0.00148536,0.02439813,0.97504539,0.00055647
20.0,0.9959,0,0.0040513,0,1.0,0,h2o,4-decanone,lacticacid,0.9969932,1.4824e-05,0.00299198,0.02456919,0.97431128,0.00111953
20.0,0.9897,0,0.0103,0,1.0,0,h2o,4-decanone,lacticacid,0.99233991,1.6867e-05,0.00764322,0.025093,0.97205679,0.00285021
20.0,0.9787,0,0.0213,0,1.0,0,h2o,4-decanone,lacticacid,0.98412077,2.1034e-05,0.0158582,0.02600858,0.96810547,0.00588594
20.0,0.9669,0,0.0331,0,1.0,0,h2o,4-decanone,lacticacid,0.9752697,2.6425e-05,0.02470387,0.02697254,0.96389333,0.00913413
20.0,0.9543,0,0.0457,0,1.0,0,h2o,4-decanone,lacticacid,0.96571977,3.3449e-05,0.03424679,0.0279986,0.95937352,0.01262788
20.0,0.9407,0,0.0593,0,1.0,0,h2o,4-decanone,lacticacid,0.95539109,4.2677e-05,0.04456623,0.02908735,0.95450901,0.01640364
30.0,0.999,0,0.0010033,0,1.0,0,h2o,4-decanone,lacticacid,0.99928494,1.2387e-05,0.00070267,0.02681706,0.97286836,0.00031458
30.0,0.998,0,0.0020129,0,1.0,0,h2o,4-decanone,lacticacid,0.99857677,1.2651e-05,0.00141058,0.02691919,0.97244997,0.00063084
30.0,0.9959,0,0.0040513,0,1.0,0,h2o,4-decanone,lacticacid,0.99714451,1.3201e-05,0.00284229,0.02712486,0.97160662,0.00126853
30.0,0.9897,0,0.0103,0,1.0,0,h2o,4-decanone,lacticacid,0.99271703,1.5024e-05,0.00726794,0.02775778,0.96901729,0.00322493
30.0,0.9787,0,0.0213,0,1.0,0,h2o,4-decanone,lacticacid,0.98487527,1.876e-05,0.01510597,0.02884726,0.96451123,0.00664151
30.0,0.9669,0,0.0331,0,1.0,0,h2o,4-decanone,lacticacid,0.97640286,2.3616e-05,0.02357353,0.02999491,0.95972755,0.01027754
30.0,0.9543,0,0.0457,0,1.0,0,h2o,4-decanone,lacticacid,0.96722844,2.9983e-05,0.03274158,0.03120017,0.95463689,0.01416294
30.0,0.9407,0,0.0593,0,1.0,0,h2o,4-decanone,lacticacid,0.95727242,3.8402e-05,0.04268918,0.03247793,0.94918577,0.0183363
40.0,0.999,0,0.0010033,0,1.0,0,h2o,4-decanone,lacticacid,0.99932047,1.1524e-05,0.000668,0.0297277,0.96992329,0.00034902
40.0,0.998,0,0.0020129,0,1.0,0,h2o,4-decanone,lacticacid,0.99864704,1.1769e-05,0.00134119,0.0298474,0.96945281,0.0006998
40.0,0.9959,0,0.0040513,0,1.0,0,h2o,4-decanone,lacticacid,0.99728439,1.2277e-05,0.00270333,0.03008834,0.96850492,0.00140674
40.0,0.9897,0,0.0103,0,1.0,0,h2o,4-decanone,lacticacid,0.99306661,1.3966e-05,0.00691942,0.0308236,0.96560391,0.00357249
40.0,0.9787,0,0.0213,0,1.0,0,h2o,4-decanone,lacticacid,0.98557706,1.7433e-05,0.0144055,0.03209162,0.96056461,0.00734377
40.0,0.9669,0,0.0331,0,1.0,0,h2o,4-decanone,lacticacid,0.9774583,2.1958e-05,0.02251974,0.03342146,0.9552376,0.01134095
40.0,0.9543,0,0.0457,0,1.0,0,h2o,4-decanone,lacticacid,0.96863692,2.7916e-05,0.03133516,0.03481421,0.94959239,0.01559339
40.0,0.9407,0,0.0593,0,1.0,0,h2o,4-decanone,lacticacid,0.95902833,3.5839e-05,0.04093583,0.03627684,0.94358696,0.0201362
20.0,0.999,0,0.0010033,0,1.0,0,h2o,4-heptanol,lacticacid,0.99884943,0.00065956,0.00049102,0.26570424,0.73371835,0.00057742
20.0,0.998,0,0.0020129,0,1.0,0,h2o,4-heptanol,lacticacid,0.99834818,0.00066616,0.00098566,0.26600055,0.73284048,0.00115897
20.0,0.9959,0,0.0040513,0,1.0,0,h2o,4-heptanol,lacticacid,0.99733434,0.00067966,0.00198601,0.26659778,0.73106757,0.00233465
20.0,0.9897,0,0.0103,0,1.0,0,h2o,4-heptanol,lacticacid,0.99419869,0.0007227,0.00507862,0.26842539,0.72560913,0.00596548
20.0,0.9787,0,0.0213,0,1.0,0,h2o,4-heptanol,lacticacid,0.98863567,0.00080398,0.01056036,0.27160801,0.71600628,0.01238571
20.0,0.9669,0,0.0331,0,1.0,0,h2o,4-heptanol,lacticacid,0.98260398,0.00089955,0.01649647,0.27496507,0.70572281,0.01931213
20.0,0.9543,0,0.0457,0,1.0,0,h2o,4-heptanol,lacticacid,0.97603947,0.00101284,0.02294769,0.27850379,0.69469266,0.02680355
20.0,0.9407,0,0.0593,0,1.0,0,h2o,4-heptanol,lacticacid,0.96886687,0.00114826,0.02998488,0.28225154,0.68281951,0.03492895
30.0,0.999,0,0.0010033,0,1.0,0,h2o,4-heptanol,lacticacid,0.99897262,0.00058377,0.00044361,0.25742703,0.7419752,0.00059777
30.0,0.998,0,0.0020129,0,1.0,0,h2o,4-heptanol,lacticacid,0.99852004,0.00058931,0.00089065,0.25773393,0.74106636,0.00119971
30.0,0.9959,0,0.0040513,0,1.0,0,h2o,4-heptanol,lacticacid,0.99760414,0.00060063,0.00179523,0.25835217,0.73923155,0.00241629
30.0,0.9897,0,0.0103,0,1.0,0,h2o,4-heptanol,lacticacid,0.99476728,0.00063673,0.00459599,0.26024301,0.73358637,0.00617062
30.0,0.9787,0,0.0213,0,1.0,0,h2o,4-heptanol,lacticacid,0.9897186,0.00070492,0.00957647,0.26352424,0.72367701,0.01279875
30.0,0.9669,0,0.0331,0,1.0,0,h2o,4-heptanol,lacticacid,0.98422122,0.00078521,0.01499357,0.26697224,0.71309344,0.01993432
30.0,0.9543,0,0.0457,0,1.0,0,h2o,4-heptanol,lacticacid,0.97820996,0.00088059,0.02090945,0.27059431,0.70177147,0.02763422
30.0,0.9407,0,0.0593,0,1.0,0,h2o,4-heptanol,lacticacid,0.97160792,0.00099492,0.02739716,0.2744178,0.6896174,0.0359648
40.0,0.999,0,0.0010033,0,1.0,0,h2o,4-heptanol,lacticacid,0.99906191,0.0005328,0.00040529,0.25189356,0.74749168,0.00061476
40.0,0.998,0,0.0020129,0,1.0,0,h2o,4-heptanol,lacticacid,0.99864857,0.00053761,0.00081382,0.25221247,0.74655378,0.00123374
40.0,0.9959,0,0.0040513,0,1.0,0,h2o,4-heptanol,lacticacid,0.99781176,0.00054744,0.0016408,0.2528547,0.74466075,0.00248455
40.0,0.9897,0,0.0103,0,1.0,0,h2o,4-heptanol,lacticacid,0.99521707,0.00057878,0.00420415,0.25481736,0.7388399,0.00634274
40.0,0.9787,0,0.0213,0,1.0,0,h2o,4-heptanol,lacticacid,0.9905885,0.00063799,0.00877351,0.25821753,0.72863481,0.01314766
40.0,0.9669,0,0.0331,0,1.0,0,h2o,4-heptanol,lacticacid,0.98553159,0.00070775,0.01376067,0.26177663,0.71775959,0.02046378
40.0,0.9543,0,0.0457,0,1.0,0,h2o,4-heptanol,lacticacid,0.97998171,0.00079067,0.01922761,0.26552026,0.70613214,0.02834759
40.0,0.9407,0,0.0593,0,1.0,0,h2o,4-heptanol,lacticacid,0.97386012,0.0008903,0.02524959,0.26945726,0.69367956,0.03686317
20.0,0.999,0,0.0010033,0,1.0,0,h2o,4-heptanone,lacticacid,0.9985094,0.00094581,0.00054478,0.06827102,0.93125186,0.00047711
20.0,0.998,0,0.0020129,0,1.0,0,h2o,4-heptanone,lacticacid,0.99795131,0.00095571,0.00109298,0.06860877,0.9304334,0.00095783
20.0,0.9959,0,0.0040513,0,1.0,0,h2o,4-heptanone,lacticacid,0.99682436,0.00097593,0.00219971,0.06929225,0.92877753,0.00193023
20.0,0.9897,0,0.0103,0,1.0,0,h2o,4-heptanone,lacticacid,0.99335502,0.00104018,0.0056048,0.07140927,0.92365205,0.00493868
20.0,0.9787,0,0.0213,0,1.0,0,h2o,4-heptanone,lacticacid,0.98726181,0.00116052,0.01157767,0.07518793,0.91453,0.01028207
20.0,0.9669,0,0.0331,0,1.0,0,h2o,4-heptanone,lacticacid,0.98074721,0.00130026,0.01795252,0.0793158,0.90459709,0.0160871
20.0,0.9543,0,0.0457,0,1.0,0,h2o,4-heptanone,lacticacid,0.97376952,0.00146336,0.02476713,0.08385254,0.89372594,0.02242152
20.0,0.9407,0,0.0593,0,1.0,0,h2o,4-heptanone,lacticacid,0.96628157,0.0016547,0.03206373,0.08886804,0.88176569,0.02936627
30.0,0.999,0,0.0010033,0,1.0,0,h2o,4-heptanone,lacticacid,0.99870445,0.00079355,0.000502,0.07309173,0.92639262,0.00051565
30.0,0.998,0,0.0020129,0,1.0,0,h2o,4-heptanone,lacticacid,0.99819105,0.00080169,0.00100726,0.07345874,0.92550627,0.00103499
30.0,0.9959,0,0.0040513,0,1.0,0,h2o,4-heptanone,lacticacid,0.99715401,0.00081834,0.00202765,0.07420106,0.92371403,0.0020849
30.0,0.9897,0,0.0103,0,1.0,0,h2o,4-heptanone,lacticacid,0.99395871,0.00087126,0.00517003,0.07649723,0.91817477,0.005328
30.0,0.9787,0,0.0213,0,1.0,0,h2o,4-heptanone,lacticacid,0.98833657,0.00097051,0.01069292,0.08058353,0.90834728,0.01106919
30.0,0.9669,0,0.0331,0,1.0,0,h2o,4-heptanone,lacticacid,0.98231091,0.00108598,0.01660311,0.08502955,0.89769077,0.01727968
30.0,0.9543,0,0.0457,0,1.0,0,h2o,4-heptanone,lacticacid,0.97583943,0.00122107,0.0229395,0.08989328,0.88608106,0.02402567
30.0,0.9407,0,0.0593,0,1.0,0,h2o,4-heptanone,lacticacid,0.96887362,0.00138004,0.02974633,0.09524175,0.87337274,0.03138551
40.0,0.999,0,0.0010033,0,1.0,0,h2o,4-heptanone,lacticacid,0.99884046,0.00069392,0.00046562,0.07843469,0.92101744,0.00054787
40.0,0.998,0,0.0020129,0,1.0,0,h2o,4-heptanone,lacticacid,0.99836476,0.00070088,0.00093435,0.07882658,0.92007392,0.0010995
40.0,0.9959,0,0.0040513,0,1.0,0,h2o,4-heptanone,lacticacid,0.99740359,0.00071512,0.00188129,0.07961895,0.91816684,0.00221421
40.0,0.9897,0,0.0103,0,1.0,0,h2o,4-heptanone,lacticacid,0.99443983,0.00076038,0.00479979,0.08207335,0.91227313,0.00565352
40.0,0.9787,0,0.0213,0,1.0,0,h2o,4-heptanone,lacticacid,0.98921569,0.00084536,0.00993895,0.08641656,0.9018567,0.01172674
40.0,0.9669,0,0.0331,0,1.0,0,h2o,4-heptanone,lacticacid,0.98360365,0.00094436,0.01545198,0.09113413,0.89059035,0.01827552
40.0,0.9543,0,0.0457,0,1.0,0,h2o,4-heptanone,lacticacid,0.97756049,0.00106041,0.0213791,0.09627666,0.87835884,0.0253645
40.0,0.9407,0,0.0593,0,1.0,0,h2o,4-heptanone,lacticacid,0.97103629,0.00119731,0.0277664,0.10190929,0.86502087,0.03306984
20.0,0.999,0,0.0010033,0,1.0,0,h2o,4-methyl-2-pentanone,lacticacid,0.9915306,0.00811424,0.00035516,0.17155073,0.82781206,0.00063721
20.0,0.998,0,0.0020129,0,1.0,0,h2o,4-methyl-2-pentanone,lacticacid,0.99112947,0.00815824,0.00071228,0.17232321,0.82639805,0.00127874
20.0,0.9959,0,0.0040513,0,1.0,0,h2o,4-methyl-2-pentanone,lacticacid,0.99031999,0.00824752,0.00143249,0.17388339,0.82354162,0.00257499
20.0,0.9897,0,0.0103,0,1.0,0,h2o,4-methyl-2-pentanone,lacticacid,0.98783167,0.00852589,0.00364243,0.17869729,0.81473062,0.00657209
20.0,0.9787,0,0.0213,0,1.0,0,h2o,4-methyl-2-pentanone,lacticacid,0.98346806,0.00902908,0.00750286,0.18715483,0.79922923,0.01361594
20.0,0.9669,0,0.0331,0,1.0,0,h2o,4-methyl-2-pentanone,lacticacid,0.97880021,0.00958891,0.01161088,0.19620607,0.78261603,0.0211779
20.0,0.9543,0,0.0457,0,1.0,0,h2o,4-methyl-2-pentanone,lacticacid,0.97378126,0.01021623,0.01600251,0.20591724,0.76477298,0.02930978
20.0,0.9407,0,0.0593,0,1.0,0,h2o,4-methyl-2-pentanone,lacticacid,0.96835016,0.0109259,0.02072394,0.21634026,0.74559154,0.03806819
30.0,0.999,0,0.0010033,0,1.0,0,h2o,4-methyl-2-pentanone,lacticacid,0.99334281,0.0063325,0.00032469,0.17234382,0.82699914,0.00065704
30.0,0.998,0,0.0020129,0,1.0,0,h2o,4-methyl-2-pentanone,lacticacid,0.99298315,0.00636566,0.00065119,0.17312628,0.82555531,0.00131841
30.0,0.9959,0,0.0040513,0,1.0,0,h2o,4-methyl-2-pentanone,lacticacid,0.99225714,0.0064331,0.00130976,0.17469218,0.82265361,0.00265421
30.0,0.9897,0,0.0103,0,1.0,0,h2o,4-methyl-2-pentanone,lacticacid,0.99002492,0.00664345,0.00333163,0.17951445,0.81371624,0.00676931
30.0,0.9787,0,0.0213,0,1.0,0,h2o,4-methyl-2-pentanone,lacticacid,0.98610962,0.00702342,0.00686696,0.18799957,0.79799254,0.01400789
30.0,0.9669,0,0.0331,0,1.0,0,h2o,4-methyl-2-pentanone,lacticacid,0.98192027,0.00744592,0.01063381,0.19709155,0.78114583,0.02176262
30.0,0.9543,0,0.0457,0,1.0,0,h2o,4-methyl-2-pentanone,lacticacid,0.97741328,0.00791955,0.01466717,0.20684122,0.76307343,0.03008535
30.0,0.9407,0,0.0593,0,1.0,0,h2o,4-methyl-2-pentanone,lacticacid,0.97253496,0.00845507,0.01900997,0.21733052,0.74363524,0.03903424
40.0,0.999,0,0.0010033,0,1.0,0,h2o,4-methyl-2-pentanone,lacticacid,0.99448541,0.00521386,0.00030073,0.17451169,0.82481637,0.00067194
40.0,0.998,0,0.0020129,0,1.0,0,h2o,4-methyl-2-pentanone,lacticacid,0.99415628,0.00524053,0.00060319,0.17528691,0.82336493,0.00134816
40.0,0.9959,0,0.0040513,0,1.0,0,h2o,4-methyl-2-pentanone,lacticacid,0.993492,0.00529464,0.00121336,0.17685251,0.82043389,0.0027136
40.0,0.9897,0,0.0103,0,1.0,0,h2o,4-methyl-2-pentanone,lacticacid,0.99144922,0.00546337,0.00308741,0.18168188,0.81140109,0.00691703
40.0,0.9787,0,0.0213,0,1.0,0,h2o,4-methyl-2-pentanone,lacticacid,0.98786409,0.00576832,0.00636759,0.19016903,0.79553017,0.0143008
40.0,0.9669,0,0.0331,0,1.0,0,h2o,4-methyl-2-pentanone,lacticacid,0.98402499,0.00610759,0.00986742,0.19926311,0.77853837,0.02219852
40.0,0.9543,0,0.0457,0,1.0,0,h2o,4-methyl-2-pentanone,lacticacid,0.97989222,0.0064879,0.01361988,0.20903512,0.76030186,0.03066303
40.0,0.9407,0,0.0593,0,1.0,0,h2o,4-methyl-2-pentanone,lacticacid,0.97541663,0.00691781,0.01766555,0.21957592,0.74067051,0.03975358
20.0,0.999,0,0.0010033,0,1.0,0,h2o,4-nonanone,lacticacid,0.99926076,5.9257e-05,0.00067998,0.03398002,0.96568002,0.00033996
20.0,0.998,0,0.0020129,0,1.0,0,h2o,4-nonanone,lacticacid,0.99857503,6.0283e-05,0.00136468,0.03411699,0.96520084,0.00068217
20.0,0.9959,0,0.0040513,0,1.0,0,h2o,4-nonanone,lacticacid,0.9971892,6.2401e-05,0.0027484,0.0343934,0.96423314,0.00137347
20.0,0.9897,0,0.0103,0,1.0,0,h2o,4-nonanone,lacticacid,0.99291344,6.931e-05,0.00701725,0.03524287,0.96125245,0.00350468
20.0,0.9787,0,0.0213,0,1.0,0,h2o,4-nonanone,lacticacid,0.98537001,8.2972e-05,0.01454702,0.03673456,0.95600126,0.00726418
20.0,0.9669,0,0.0331,0,1.0,0,h2o,4-nonanone,lacticacid,0.9772573,9.9967e-05,0.02264273,0.0383222,0.9503639,0.0113139
20.0,0.9543,0,0.0457,0,1.0,0,h2o,4-nonanone,lacticacid,0.96851405,0.00012125,0.0313647,0.04002661,0.94427663,0.01569676
20.0,0.9407,0,0.0593,0,1.0,0,h2o,4-nonanone,lacticacid,0.95906768,0.00014811,0.04078421,0.04185845,0.93767963,0.02046192
30.0,0.999,0,0.0010033,0,1.0,0,h2o,4-nonanone,lacticacid,0.99930914,5.1699e-05,0.00063916,0.03717738,0.96244286,0.00037976
30.0,0.998,0,0.0020129,0,1.0,0,h2o,4-nonanone,lacticacid,0.99866446,5.2589e-05,0.00128295,0.03733675,0.96190138,0.00076187
30.0,0.9959,0,0.0040513,0,1.0,0,h2o,4-nonanone,lacticacid,0.99736099,5.4427e-05,0.00258458,0.03765812,0.9608086,0.00153328
30.0,0.9897,0,0.0103,0,1.0,0,h2o,4-nonanone,lacticacid,0.99333439,6.0431e-05,0.00660518,0.03864368,0.95744905,0.00390727
30.0,0.9787,0,0.0213,0,1.0,0,h2o,4-nonanone,lacticacid,0.98621254,7.2335e-05,0.01371512,0.04036706,0.95155357,0.00807937
30.0,0.9669,0,0.0331,0,1.0,0,h2o,4-nonanone,lacticacid,0.97852769,8.7204e-05,0.02138511,0.04219091,0.94525812,0.01255097
30.0,0.9543,0,0.0457,0,1.0,0,h2o,4-nonanone,lacticacid,0.97021675,0.00010591,0.02967734,0.04413893,0.93849668,0.01736439
30.0,0.9407,0,0.0593,0,1.0,0,h2o,4-nonanone,lacticacid,0.96120569,0.00012965,0.03866466,0.04622616,0.93120506,0.02256878
40.0,0.999,0,0.0010033,0,1.0,0,h2o,4-nonanone,lacticacid,0.99935056,4.7073e-05,0.00060237,0.0408246,0.9587599,0.0004155
40.0,0.998,0,0.0020129,0,1.0,0,h2o,4-nonanone,lacticacid,0.99874286,4.7874e-05,0.00120927,0.04100539,0.95816116,0.00083345
40.0,0.9959,0,0.0040513,0,1.0,0,h2o,4-nonanone,lacticacid,0.99751364,4.9528e-05,0.00243683,0.04136973,0.95695343,0.00167684
40.0,0.9897,0,0.0103,0,1.0,0,h2o,4-nonanone,lacticacid,0.99371225,5.4934e-05,0.00623282,0.04248991,0.95324071,0.00426938
40.0,0.9787,0,0.0213,0,1.0,0,h2o,4-nonanone,lacticacid,0.98697199,6.5677e-05,0.01296233,0.04443101,0.94675607,0.00881292
40.0,0.9669,0,0.0331,0,1.0,0,h2o,4-nonanone,lacticacid,0.97967645,7.9128e-05,0.02024442,0.0464869,0.93984718,0.01366591
40.0,0.9543,0,0.0457,0,1.0,0,h2o,4-nonanone,lacticacid,0.97175851,9.6122e-05,0.02814537,0.04866624,0.93246599,0.01886777
40.0,0.9407,0,0.0593,0,1.0,0,h2o,4-nonanone,lacticacid,0.9631439,0.00011777,0.03673833,0.05099881,0.92453224,0.02446895
20.0,0.999,0,0.0010033,0,1.0,0,h2o,4-octanone,lacticacid,0.99914374,0.00023288,0.00062338,0.0458271,0.95377456,0.00039834
20.0,0.998,0,0.0020129,0,1.0,0,h2o,4-octanone,lacticacid,0.99851298,0.00023611,0.00125092,0.04603783,0.95316263,0.00079955
20.0,0.9959,0,0.0040513,0,1.0,0,h2o,4-octanone,lacticacid,0.99723869,0.00024273,0.00251858,0.04646353,0.95192574,0.00161073
20.0,0.9897,0,0.0103,0,1.0,0,h2o,4-octanone,lacticacid,0.9933108,0.00026406,0.00642513,0.04777583,0.94810703,0.00411715
20.0,0.9787,0,0.0213,0,1.0,0,h2o,4-octanone,lacticacid,0.98639408,0.0003051,0.01330082,0.05009483,0.9413474,0.00855777
20.0,0.9669,0,0.0331,0,1.0,0,h2o,4-octanone,lacticacid,0.97897264,0.00035441,0.02067295,0.0525897,0.93404349,0.0133668
20.0,0.9543,0,0.0457,0,1.0,0,h2o,4-octanone,lacticacid,0.97099391,0.00041401,0.02859208,0.05530108,0.92609941,0.01859951
20.0,0.9407,0,0.0593,0,1.0,0,h2o,4-octanone,lacticacid,0.96239726,0.0004865,0.03711623,0.05826357,0.91741474,0.02432169
30.0,0.999,0,0.0010033,0,1.0,0,h2o,4-octanone,lacticacid,0.9992195,0.00019912,0.00058139,0.04955732,0.95000444,0.00043823
30.0,0.998,0,0.0020129,0,1.0,0,h2o,4-octanone,lacticacid,0.99863135,0.00020185,0.0011668,0.04979431,0.94932624,0.00087944
30.0,0.9959,0,0.0040513,0,1.0,0,h2o,4-octanone,lacticacid,0.99744267,0.00020746,0.00234986,0.05027276,0.94795629,0.00177095
30.0,0.9897,0,0.0103,0,1.0,0,h2o,4-octanone,lacticacid,0.99377472,0.00022555,0.00599972,0.05174516,0.94373392,0.00452092
30.0,0.9787,0,0.0213,0,1.0,0,h2o,4-octanone,lacticacid,0.9873012,0.00026043,0.01243838,0.05433868,0.93628534,0.00937598
30.0,0.9669,0,0.0331,0,1.0,0,h2o,4-octanone,lacticacid,0.98033519,0.00030246,0.01936235,0.05712287,0.92826678,0.01461035
30.0,0.9543,0,0.0457,0,1.0,0,h2o,4-octanone,lacticacid,0.97282147,0.00035347,0.02682506,0.06012647,0.91959647,0.02027706
30.0,0.9407,0,0.0593,0,1.0,0,h2o,4-octanone,lacticacid,0.96469979,0.00041579,0.03488442,0.06339947,0.91015758,0.02644295
40.0,0.999,0,0.0010033,0,1.0,0,h2o,4-octanone,lacticacid,0.99927804,0.00017752,0.00054444,0.05378825,0.94573867,0.00047308
40.0,0.998,0,0.0020129,0,1.0,0,h2o,4-octanone,lacticacid,0.99872729,0.00017992,0.00109278,0.05404921,0.94500156,0.00094923
40.0,0.9959,0,0.0040513,0,1.0,0,h2o,4-octanone,lacticacid,0.9976138,0.00018485,0.00220134,0.05457585,0.94351324,0.00191091
40.0,0.9897,0,0.0103,0,1.0,0,h2o,4-octanone,lacticacid,0.9941744,0.00020075,0.00562485,0.05619485,0.9389314,0.00487375
40.0,0.9787,0,0.0213,0,1.0,0,h2o,4-octanone,lacticacid,0.98809146,0.00023145,0.01167709,0.0590413,0.93086733,0.01009137
40.0,0.9669,0,0.0331,0,1.0,0,h2o,4-octanone,lacticacid,0.98152748,0.00026853,0.018204,0.06208948,0.92221272,0.01569781
40.0,0.9543,0,0.0457,0,1.0,0,h2o,4-octanone,lacticacid,0.97442685,0.00031365,0.0252595,0.06537374,0.91287986,0.02174641
40.0,0.9407,0,0.0593,0,1.0,0,h2o,4-octanone,lacticacid,0.96672561,0.00036898,0.0329054,0.06893071,0.90276848,0.02830081
20.0,0.999,0,0.0010033,0,1.0,0,h2o,5-nonanol,lacticacid,0.99933533,4.4581e-05,0.00062009,0.17199678,0.82754546,0.00045776
20.0,0.998,0,0.0020129,0,1.0,0,h2o,5-nonanol,lacticacid,0.9987098,4.5326e-05,0.00124488,0.17213482,0.8269466,0.00091858
20.0,0.9959,0,0.0040513,0,1.0,0,h2o,5-nonanol,lacticacid,0.99744439,4.6863e-05,0.00250875,0.17241274,0.82573779,0.00184947
20.0,0.9897,0,0.0103,0,1.0,0,h2o,5-nonanol,lacticacid,0.99352976,5.1885e-05,0.00641836,0.17326664,0.82201449,0.00471887
20.0,0.9787,0,0.0213,0,1.0,0,h2o,5-nonanol,lacticacid,0.98658362,6.1849e-05,0.01335453,0.17473413,0.81549191,0.00977396
20.0,0.9669,0,0.0331,0,1.0,0,h2o,5-nonanol,lacticacid,0.97905748,7.4305e-05,0.02086821,0.17627388,0.80852048,0.01520563
20.0,0.9543,0,0.0457,0,1.0,0,h2o,5-nonanol,lacticacid,0.97088152,9.0011e-05,0.02902847,0.17788113,0.80105825,0.02106062
20.0,0.9407,0,0.0593,0,1.0,0,h2o,5-nonanol,lacticacid,0.96197654,0.00010998,0.03791348,0.17956843,0.7930358,0.02739577
30.0,0.999,0,0.0010033,0,1.0,0,h2o,5-nonanol,lacticacid,0.99939011,4.0759e-05,0.00056913,0.16865236,0.83085633,0.00049131
30.0,0.998,0,0.0020129,0,1.0,0,h2o,5-nonanol,lacticacid,0.99881579,4.1412e-05,0.0011428,0.16881418,0.83020004,0.00098578
30.0,0.9959,0,0.0040513,0,1.0,0,h2o,5-nonanol,lacticacid,0.99765328,4.2761e-05,0.00230395,0.16913988,0.82887579,0.00198432
30.0,0.9897,0,0.0103,0,1.0,0,h2o,5-nonanol,lacticacid,0.99405112,4.7166e-05,0.00590171,0.17013839,0.82480236,0.00505926
30.0,0.9787,0,0.0213,0,1.0,0,h2o,5-nonanol,lacticacid,0.98763756,5.5903e-05,0.01230654,0.17185291,0.81768199,0.0104651
30.0,0.9669,0,0.0331,0,1.0,0,h2o,5-nonanol,lacticacid,0.98065676,6.6835e-05,0.01927641,0.1736407,0.81010309,0.01625621
30.0,0.9543,0,0.0457,0,1.0,0,h2o,5-nonanol,lacticacid,0.97303712,8.0639e-05,0.02688224,0.17551064,0.80201103,0.02247834
30.0,0.9407,0,0.0593,0,1.0,0,h2o,5-nonanol,lacticacid,0.96469493,9.8247e-05,0.03520682,0.17745935,0.79335606,0.02918459
40.0,0.999,0,0.0010033,0,1.0,0,h2o,5-nonanol,lacticacid,0.9994349,3.8522e-05,0.00052658,0.16662639,0.832854,0.00051961
40.0,0.998,0,0.0020129,0,1.0,0,h2o,5-nonanol,lacticacid,0.99890336,3.9116e-05,0.00105752,0.16680841,0.83214909,0.0010425
40.0,0.9959,0,0.0040513,0,1.0,0,h2o,5-nonanol,lacticacid,0.99782695,4.0341e-05,0.00213271,0.16717474,0.83072703,0.00209822
40.0,0.9897,0,0.0103,0,1.0,0,h2o,5-nonanol,lacticacid,0.99448718,4.4339e-05,0.00546849,0.16829702,0.8263555,0.00534747
40.0,0.9787,0,0.0213,0,1.0,0,h2o,5-nonanol,lacticacid,0.98852417,5.2265e-05,0.01142356,0.17022423,0.81872294,0.01105282
40.0,0.9669,0,0.0331,0,1.0,0,h2o,5-nonanol,lacticacid,0.98200921,6.2181e-05,0.01792861,0.1722322,0.81061391,0.01715389
40.0,0.9543,0,0.0457,0,1.0,0,h2o,5-nonanol,lacticacid,0.97486852,7.4712e-05,0.02505676,0.1743291,0.80197595,0.02369494
40.0,0.9407,0,0.0593,0,1.0,0,h2o,5-nonanol,lacticacid,0.96701525,9.0727e-05,0.03289402,0.17651073,0.79276239,0.03072688
20.0,0.999,0,0.0010033,0,1.0,0,h2o,5-nonanone,lacticacid,0.99925111,5.4903e-05,0.00069399,0.03010246,0.96957281,0.00032474
20.0,0.998,0,0.0020129,0,1.0,0,h2o,5-nonanone,lacticacid,0.99855139,5.5874e-05,0.00139274,0.03022946,0.96911888,0.00065165
20.0,0.9959,0,0.0040513,0,1.0,0,h2o,5-nonanone,lacticacid,0.99713742,5.7879e-05,0.0028047,0.03048559,0.96820225,0.00131216
20.0,0.9897,0,0.0103,0,1.0,0,h2o,5-nonanone,lacticacid,0.99277624,6.4424e-05,0.00715934,0.03127648,0.96537413,0.0033494
20.0,0.9787,0,0.0213,0,1.0,0,h2o,5-nonanone,lacticacid,0.98508509,7.7396e-05,0.01483751,0.03265168,0.96040369,0.00694463
20.0,0.9669,0,0.0331,0,1.0,0,h2o,5-nonanone,lacticacid,0.97681849,9.3564e-05,0.02308794,0.03412012,0.95505927,0.01082061
20.0,0.9543,0,0.0457,0,1.0,0,h2o,5-nonanone,lacticacid,0.96791227,0.00011387,0.03197386,0.03568692,0.94929661,0.01501647
20.0,0.9407,0,0.0593,0,1.0,0,h2o,5-nonanone,lacticacid,0.95829604,0.00013954,0.04156442,0.03737746,0.94303962,0.01958293
30.0,0.999,0,0.0010033,0,1.0,0,h2o,5-nonanone,lacticacid,0.99929816,4.8061e-05,0.00065377,0.03320214,0.96643357,0.00036428
30.0,0.998,0,0.0020129,0,1.0,0,h2o,5-nonanone,lacticacid,0.99863886,4.8908e-05,0.00131223,0.03335131,0.96591784,0.00073085
30.0,0.9959,0,0.0040513,0,1.0,0,h2o,5-nonanone,lacticacid,0.99730598,5.0657e-05,0.00264336,0.03365194,0.96487711,0.00147095
30.0,0.9897,0,0.0103,0,1.0,0,h2o,5-nonanone,lacticacid,0.9931897,5.6378e-05,0.00675392,0.03457273,0.96167814,0.00374913
30.0,0.9787,0,0.0213,0,1.0,0,h2o,5-nonanone,lacticacid,0.98591285,6.7746e-05,0.0140194,0.0361789,0.95606682,0.00775428
30.0,0.9669,0,0.0331,0,1.0,0,h2o,5-nonanone,lacticacid,0.97806523,8.1982e-05,0.02185278,0.03787629,0.95007517,0.01204854
30.0,0.9543,0,0.0457,0,1.0,0,h2o,5-nonanone,lacticacid,0.96958269,9.9941e-05,0.03031736,0.03968602,0.94364149,0.01667249
30.0,0.9407,0,0.0593,0,1.0,0,h2o,5-nonanone,lacticacid,0.96038988,0.00012279,0.03948733,0.04161966,0.93670729,0.02167305
40.0,0.999,0,0.0010033,0,1.0,0,h2o,5-nonanone,lacticacid,0.99933885,4.3896e-05,0.00061726,0.03674575,0.96285416,0.00040009
40.0,0.998,0,0.0020129,0,1.0,0,h2o,5-nonanone,lacticacid,0.99871623,4.4662e-05,0.00123911,0.03691631,0.96228114,0.00080255
40.0,0.9959,0,0.0040513,0,1.0,0,h2o,5-nonanone,lacticacid,0.99745698,4.6244e-05,0.00249677,0.03725985,0.9611254,0.00161475
40.0,0.9897,0,0.0103,0,1.0,0,h2o,5-nonanone,lacticacid,0.99356362,5.1423e-05,0.00638495,0.0383106,0.95757788,0.00411151
40.0,0.9787,0,0.0213,0,1.0,0,h2o,5-nonanone,lacticacid,0.98666438,6.1734e-05,0.01327388,0.04013852,0.95137291,0.00848858
40.0,0.9669,0,0.0331,0,1.0,0,h2o,5-nonanone,lacticacid,0.97920025,7.4685e-05,0.02072506,0.04206268,0.94477379,0.01316353
40.0,0.9543,0,0.0457,0,1.0,0,h2o,5-nonanone,lacticacid,0.9711054,9.1085e-05,0.02880352,0.04410771,0.9377157,0.01817659
40.0,0.9407,0,0.0593,0,1.0,0,h2o,5-nonanone,lacticacid,0.96230298,0.00011204,0.03758498,0.04628913,0.93013605,0.02357482
20.0,0.999,0,0.0010033,0,1.0,0,h2o,benzene,lacticacid,0.99870316,0.00030257,0.00099427,0.00098327,0.99900703,9.6945e-06
20.0,0.998,0,0.0020129,0,1.0,0,h2o,benzene,lacticacid,0.99769646,0.00030869,0.00199485,0.00098573,0.99899484,1.9428e-05
20.0,0.9959,0,0.0040513,0,1.0,0,h2o,benzene,lacticacid,0.99566352,0.00032131,0.00401517,0.00099065,0.99897033,3.9022e-05
20.0,0.9897,0,0.0103,0,1.0,0,h2o,benzene,lacticacid,0.98940368,0.00036265,0.01023367,0.00100527,0.99889574,9.8989e-05
20.0,0.9787,0,0.0213,0,1.0,0,h2o,benzene,lacticacid,0.97840194,0.00044483,0.02115322,0.00103061,0.99876496,0.00020444
20.0,0.9669,0,0.0331,0,1.0,0,h2o,benzene,lacticacid,0.96662372,0.00054748,0.0328288,0.00105454,0.99862784,0.00031762
20.0,0.9543,0,0.0457,0,1.0,0,h2o,benzene,lacticacid,0.95398363,0.00067613,0.04534024,0.00107769,0.99848209,0.00044022
20.0,0.9407,0,0.0593,0,1.0,0,h2o,benzene,lacticacid,0.94038399,0.00083796,0.05877805,0.00110183,0.99832292,0.00057525
30.0,0.999,0,0.0010033,0,1.0,0,h2o,benzene,lacticacid,0.99867757,0.0003338,0.00098863,0.00151155,0.99847262,1.5832e-05
30.0,0.998,0,0.0020129,0,1.0,0,h2o,benzene,lacticacid,0.99767582,0.00034062,0.00198357,0.00151607,0.99845221,3.1714e-05
30.0,0.9959,0,0.0040513,0,1.0,0,h2o,benzene,lacticacid,0.9956527,0.00035469,0.00399261,0.00152508,0.99841127,6.365e-05
30.0,0.9897,0,0.0103,0,1.0,0,h2o,benzene,lacticacid,0.98942224,0.00040076,0.010177,0.0015533,0.99828529,0.00016142
30.0,0.9787,0,0.0213,0,1.0,0,h2o,benzene,lacticacid,0.97846776,0.00049244,0.0210398,0.00159795,0.99807074,0.00033131
30.0,0.9669,0,0.0331,0,1.0,0,h2o,benzene,lacticacid,0.96673519,0.00060697,0.03265784,0.00164098,0.99784714,0.00051188
30.0,0.9543,0,0.0457,0,1.0,0,h2o,benzene,lacticacid,0.95413999,0.00075048,0.04510954,0.0016849,0.99760849,0.00070661
30.0,0.9407,0,0.0593,0,1.0,0,h2o,benzene,lacticacid,0.94058045,0.00093111,0.05848844,0.00172638,0.99735828,0.00091534
40.0,0.999,0,0.0010033,0,1.0,0,h2o,benzene,lacticacid,0.99864802,0.0003714,0.00098058,0.0022536,0.99772183,2.4567e-05
40.0,0.998,0,0.0020129,0,1.0,0,h2o,benzene,lacticacid,0.9976535,0.00037902,0.00196748,0.00226133,0.99768947,4.9198e-05
40.0,0.9959,0,0.0040513,0,1.0,0,h2o,benzene,lacticacid,0.99564492,0.00039476,0.00396032,0.00227834,0.99762282,9.8848e-05
40.0,0.9897,0,0.0103,0,1.0,0,h2o,benzene,lacticacid,0.98945706,0.00044632,0.01009662,0.00232517,0.99742496,0.00024987
40.0,0.9787,0,0.0213,0,1.0,0,h2o,benzene,lacticacid,0.97857171,0.00054893,0.02087936,0.0024007,0.99708858,0.00051072
40.0,0.9669,0,0.0331,0,1.0,0,h2o,benzene,lacticacid,0.9669068,0.00067705,0.03241616,0.00247607,0.99673727,0.00078666
40.0,0.9543,0,0.0457,0,1.0,0,h2o,benzene,lacticacid,0.95437366,0.00083768,0.04478866,0.00254736,0.9963747,0.00107794
40.0,0.9407,0,0.0593,0,1.0,0,h2o,benzene,lacticacid,0.94087404,0.00103965,0.05808631,0.00261923,0.99599143,0.00138934
20.0,0.999,0,0.0010033,0,1.0,0,h2o,butanone,lacticacid,0.84389929,0.15573241,0.0003683,0.42732012,0.57210973,0.00057014
20.0,0.998,0,0.0020129,0,1.0,0,h2o,butanone,lacticacid,0.84309466,0.15616552,0.00073982,0.42837282,0.57048402,0.00114316
20.0,0.9959,0,0.0040513,0,1.0,0,h2o,butanone,lacticacid,0.84146535,0.15704201,0.00149264,0.4305194,0.56718269,0.0022979
20.0,0.9897,0,0.0103,0,1.0,0,h2o,butanone,lacticacid,0.836365,0.15980209,0.00383291,0.43723365,0.55693306,0.0058333
20.0,0.9787,0,0.0213,0,1.0,0,h2o,butanone,lacticacid,0.82711494,0.16485546,0.0080296,0.4496015,0.53842577,0.01197273
20.0,0.9669,0,0.0331,0,1.0,0,h2o,butanone,lacticacid,0.81626302,0.17106587,0.0126711,0.46301476,0.51855204,0.0184332
20.0,0.9543,0,0.0457,0,1.0,0,h2o,butanone,lacticacid,0.80231272,0.17975442,0.01793286,0.47601139,0.49876714,0.02522147
20.0,0.9407,0,0.0593,0,1.0,0,h2o,butanone,lacticacid,0.5862832,0.38424295,0.02947385,0.51226465,0.45811689,0.02961846
30.0,0.999,0,0.0010033,0,1.0,0,h2o,butanone,lacticacid,0.87600073,0.12367408,0.00032519,0.43826635,0.56115303,0.00058062
30.0,0.998,0,0.0020129,0,1.0,0,h2o,butanone,lacticacid,0.87524664,0.12409989,0.00065347,0.43943674,0.55939925,0.001164
30.0,0.9959,0,0.0040513,0,1.0,0,h2o,butanone,lacticacid,0.87371682,0.12496369,0.00131948,0.44182295,0.55583795,0.0023391
30.0,0.9897,0,0.0103,0,1.0,0,h2o,butanone,lacticacid,0.86889965,0.1277033,0.00339705,0.4492833,0.54478449,0.00593221
30.0,0.9787,0,0.0213,0,1.0,0,h2o,butanone,lacticacid,0.86007484,0.13277399,0.00715117,0.4630566,0.52478987,0.01215353
30.0,0.9669,0,0.0331,0,1.0,0,h2o,butanone,lacticacid,0.84960882,0.13903991,0.01135127,0.47818696,0.50314027,0.01867277
30.0,0.9543,0,0.0457,0,1.0,0,h2o,butanone,lacticacid,0.83503788,0.14870081,0.01626131,0.49165238,0.48285145,0.02549617
30.0,0.9407,0,0.0593,0,1.0,0,h2o,butanone,lacticacid,0.56169267,0.40902476,0.02928257,0.55585968,0.41483464,0.02930568
40.0,0.999,0,0.0010033,0,1.0,0,h2o,butanone,lacticacid,0.9059025,0.0938163,0.0002812,0.44479388,0.55461496,0.00059116
40.0,0.998,0,0.0020129,0,1.0,0,h2o,butanone,lacticacid,0.90527651,0.09415835,0.00056515,0.44605211,0.55276284,0.00118505
40.0,0.9959,0,0.0040513,0,1.0,0,h2o,butanone,lacticacid,0.9040017,0.09485682,0.00114148,0.44860676,0.54901215,0.00238109
40.0,0.9897,0,0.0103,0,1.0,0,h2o,butanone,lacticacid,0.89998258,0.0970757,0.00294172,0.4566007,0.53736301,0.00603629
40.0,0.9787,0,0.0213,0,1.0,0,h2o,butanone,lacticacid,0.89257219,0.10122099,0.00620682,0.47130329,0.51633889,0.01235782
40.0,0.9669,0,0.0331,0,1.0,0,h2o,butanone,lacticacid,0.8839786,0.10615301,0.00986839,0.48803594,0.49299208,0.01897199
40.0,0.9543,0,0.0457,0,1.0,0,h2o,butanone,lacticacid,0.87253719,0.11332299,0.01413982,0.50466635,0.46943867,0.02589498
40.0,0.9407,0,0.0593,0,1.0,0,h2o,butanone,lacticacid,0.57345557,0.39754706,0.02899737,0.57182197,0.39916944,0.02900859
20.0,0.999,0,0.0010033,0,1.0,0,h2o,ccl4,lacticacid,0.9989112,8.6298e-05,0.0010025,0.00022103,0.99977806,9.1238e-07
20.0,0.998,0,0.0020129,0,1.0,0,h2o,ccl4,lacticacid,0.99790055,8.811e-05,0.00201134,0.00022099,0.99977718,1.8254e-06
20.0,0.9959,0,0.0040513,0,1.0,0,h2o,ccl4,lacticacid,0.99585991,9.1858e-05,0.00404823,0.00022092,0.99977542,3.6536e-06
20.0,0.9897,0,0.0103,0,1.0,0,h2o,ccl4,lacticacid,0.98957861,0.00010417,0.01031722,0.00022069,0.99977015,9.1619e-06
20.0,0.9787,0,0.0213,0,1.0,0,h2o,ccl4,lacticacid,0.97854635,0.00012879,0.02132487,0.00022021,0.99976133,1.8461e-05
20.0,0.9669,0,0.0331,0,1.0,0,h2o,ccl4,lacticacid,0.96674588,0.00015977,0.03309434,0.00021959,0.99975243,2.7982e-05
20.0,0.9543,0,0.0457,0,1.0,0,h2o,ccl4,lacticacid,0.95409413,0.0001989,0.04570697,0.00021975,0.99974212,3.8137e-05
20.0,0.9407,0,0.0593,0,1.0,0,h2o,ccl4,lacticacid,0.94049473,0.00024852,0.05925676,0.0002189,0.99973257,4.8527e-05
30.0,0.999,0,0.0010033,0,1.0,0,h2o,ccl4,lacticacid,0.99891431,8.379e-05,0.0010019,0.00036627,0.99963207,1.6635e-06
30.0,0.998,0,0.0020129,0,1.0,0,h2o,ccl4,lacticacid,0.99790423,8.5635e-05,0.00201014,0.00036627,0.9996304,3.3258e-06
30.0,0.9959,0,0.0040513,0,1.0,0,h2o,ccl4,lacticacid,0.9958647,8.9455e-05,0.00404585,0.00036628,0.99962708,6.6474e-06
30.0,0.9897,0,0.0103,0,1.0,0,h2o,ccl4,lacticacid,0.98958668,0.00010203,0.01031128,0.00036721,0.99961609,1.6708e-05
30.0,0.9787,0,0.0213,0,1.0,0,h2o,ccl4,lacticacid,0.97855931,0.00012735,0.02131333,0.00036728,0.99959924,3.3475e-05
30.0,0.9669,0,0.0331,0,1.0,0,h2o,ccl4,lacticacid,0.96676306,0.00015944,0.0330775,0.00036707,0.99958247,5.0456e-05
30.0,0.9543,0,0.0457,0,1.0,0,h2o,ccl4,lacticacid,0.95411447,0.00020024,0.04568529,0.00036652,0.99956567,6.7806e-05
30.0,0.9407,0,0.0593,0,1.0,0,h2o,ccl4,lacticacid,0.94051746,0.00025229,0.05923025,0.0003656,0.9995487,8.5698e-05
40.0,0.999,0,0.0010033,0,1.0,0,h2o,ccl4,lacticacid,0.99891551,8.3588e-05,0.0010009,0.00058541,0.99941171,2.8849e-06
40.0,0.998,0,0.0020129,0,1.0,0,h2o,ccl4,lacticacid,0.99790635,8.5506e-05,0.00200814,0.00058558,0.99940865,5.765e-06
40.0,0.9959,0,0.0040513,0,1.0,0,h2o,ccl4,lacticacid,0.99586863,8.9479e-05,0.00404189,0.00058592,0.99940257,1.1512e-05
40.0,0.9897,0,0.0103,0,1.0,0,h2o,ccl4,lacticacid,0.9895957,0.0001026,0.0103017,0.0005868,0.99938453,2.8671e-05
40.0,0.9787,0,0.0213,0,1.0,0,h2o,ccl4,lacticacid,0.978576,0.00012916,0.02129484,0.00058787,0.999355,5.7125e-05
40.0,0.9669,0,0.0331,0,1.0,0,h2o,ccl4,lacticacid,0.9667863,0.00016301,0.03305068,0.00058838,0.999326,8.5616e-05
40.0,0.9543,0,0.0457,0,1.0,0,h2o,ccl4,lacticacid,0.95414303,0.00020631,0.04565066,0.00058828,0.99929732,0.00011439
40.0,0.9407,0,0.0593,0,1.0,0,h2o,ccl4,lacticacid,0.94054993,0.00026186,0.05918821,0.00058754,0.99926873,0.00014372
20.0,0.999,0,0.0010033,0,1.0,0,h2o,ch2cl2,lacticacid,0.99299819,0.00602183,0.00097998,0.00197579,0.99800487,1.9336e-05
20.0,0.998,0,0.0020129,0,1.0,0,h2o,ch2cl2,lacticacid,0.99192143,0.00611252,0.00196605,0.00198304,0.9979782,3.8763e-05
20.0,0.9959,0,0.0040513,0,1.0,0,h2o,ch2cl2,lacticacid,0.98974468,0.00629866,0.00395666,0.00199761,0.99792449,7.7902e-05
20.0,0.9897,0,0.0103,0,1.0,0,h2o,ch2cl2,lacticacid,0.98302244,0.00689746,0.0100801,0.00204184,0.99776038,0.00019778
20.0,0.9787,0,0.0213,0,1.0,0,h2o,ch2cl2,lacticacid,0.9711359,0.00804656,0.02081755,0.0021196,0.99747267,0.00040773
20.0,0.9669,0,0.0331,0,1.0,0,h2o,ch2cl2,lacticacid,0.95830607,0.00942068,0.03227325,0.00219868,0.99716972,0.0006316
20.0,0.9543,0,0.0457,0,1.0,0,h2o,ch2cl2,lacticacid,0.94441783,0.01106929,0.04451288,0.00228271,0.99684382,0.00087348
20.0,0.9407,0,0.0593,0,1.0,0,h2o,ch2cl2,lacticacid,0.92933059,0.01305711,0.0576123,0.00236827,0.99649753,0.0011342
30.0,0.999,0,0.0010033,0,1.0,0,h2o,ch2cl2,lacticacid,0.9930327,0.00599754,0.00096975,0.00296784,0.99700156,3.06e-05
30.0,0.998,0,0.0020129,0,1.0,0,h2o,ch2cl2,lacticacid,0.99196443,0.00608998,0.00194559,0.00298081,0.99695786,6.1333e-05
30.0,0.9959,0,0.0040513,0,1.0,0,h2o,ch2cl2,lacticacid,0.98980451,0.00627978,0.00391571,0.00300683,0.99686995,0.00012321
30.0,0.9897,0,0.0103,0,1.0,0,h2o,ch2cl2,lacticacid,0.98313238,0.00689059,0.00997703,0.00308821,0.99659885,0.00031294
30.0,0.9787,0,0.0213,0,1.0,0,h2o,ch2cl2,lacticacid,0.97132421,0.00806543,0.02061036,0.00322437,0.99613247,0.00064316
30.0,0.9669,0,0.0331,0,1.0,0,h2o,ch2cl2,lacticacid,0.95856927,0.00947233,0.0319584,0.00336741,0.99563699,0.00099559
30.0,0.9543,0,0.0457,0,1.0,0,h2o,ch2cl2,lacticacid,0.94474729,0.01116442,0.04408829,0.00351507,0.99511176,0.00137316
30.0,0.9407,0,0.0593,0,1.0,0,h2o,ch2cl2,lacticacid,0.9297163,0.01320888,0.05707481,0.00366619,0.99455543,0.00177838
40.0,0.999,0,0.0010033,0,1.0,0,h2o,ch2cl2,lacticacid,0.99297685,0.00606761,0.00095555,0.00433366,0.99562025,4.6088e-05
40.0,0.998,0,0.0020129,0,1.0,0,h2o,ch2cl2,lacticacid,0.9919205,0.00616243,0.00191706,0.00435776,0.99554977,9.2478e-05
40.0,0.9959,0,0.0040513,0,1.0,0,h2o,ch2cl2,lacticacid,0.98978407,0.00635736,0.00385856,0.00440212,0.99541208,0.0001858
40.0,0.9897,0,0.0103,0,1.0,0,h2o,ch2cl2,lacticacid,0.9831807,0.00698547,0.00983383,0.00453646,0.99499222,0.00047131
40.0,0.9787,0,0.0213,0,1.0,0,h2o,ch2cl2,lacticacid,0.9714854,0.00819423,0.02032037,0.00476853,0.99426224,0.00096924
40.0,0.9669,0,0.0331,0,1.0,0,h2o,ch2cl2,lacticacid,0.95883657,0.00964466,0.03151877,0.00500778,0.9934936,0.00149862
40.0,0.9543,0,0.0457,0,1.0,0,h2o,ch2cl2,lacticacid,0.94511269,0.01139191,0.04349539,0.00525476,0.99268119,0.00206405
40.0,0.9407,0,0.0593,0,1.0,0,h2o,ch2cl2,lacticacid,0.93016843,0.01350659,0.05632498,0.00550817,0.99182294,0.00266889
20.0,0.999,0,0.0010033,0,1.0,0,h2o,chcl3,lacticacid,0.99780815,0.00119339,0.00099846,0.0005399,0.99945592,4.1749e-06
20.0,0.998,0,0.0020129,0,1.0,0,h2o,chcl3,lacticacid,0.99678178,0.00121501,0.00200321,0.00054058,0.99945107,8.3493e-06
20.0,0.9959,0,0.0040513,0,1.0,0,h2o,chcl3,lacticacid,0.99470862,0.00125956,0.00403182,0.00054193,0.99944137,1.6698e-05
20.0,0.9897,0,0.0103,0,1.0,0,h2o,chcl3,lacticacid,0.98832075,0.00140435,0.01027491,0.000546,0.99941222,4.1776e-05
20.0,0.9787,0,0.0213,0,1.0,0,h2o,chcl3,lacticacid,0.97707716,0.00168807,0.02123477,0.00055278,0.99936337,8.3848e-05
20.0,0.9669,0,0.0331,0,1.0,0,h2o,chcl3,lacticacid,0.96501564,0.00203609,0.03294828,0.00055949,0.99931395,0.00012656
20.0,0.9543,0,0.0457,0,1.0,0,h2o,chcl3,lacticacid,0.95204208,0.0024646,0.04549332,0.00056606,0.99926368,0.00017026
20.0,0.9407,0,0.0593,0,1.0,0,h2o,chcl3,lacticacid,0.93804725,0.00299436,0.05895839,0.00057245,0.99921226,0.00021529
30.0,0.999,0,0.0010033,0,1.0,0,h2o,chcl3,lacticacid,0.9978798,0.0011241,0.0009961,0.00085671,0.99913637,6.922e-06
30.0,0.998,0,0.0020129,0,1.0,0,h2o,chcl3,lacticacid,0.99685613,0.00114536,0.00199851,0.00085804,0.99912813,1.3835e-05
30.0,0.9959,0,0.0040513,0,1.0,0,h2o,chcl3,lacticacid,0.9947883,0.0011892,0.00402249,0.00086069,0.99911167,2.7639e-05
30.0,0.9897,0,0.0103,0,1.0,0,h2o,chcl3,lacticacid,0.98841587,0.00133202,0.01025211,0.00086863,0.99906245,6.8917e-05
30.0,0.9787,0,0.0213,0,1.0,0,h2o,chcl3,lacticacid,0.97719609,0.00161311,0.0211908,0.00088166,0.99898078,0.00013756
30.0,0.9669,0,0.0331,0,1.0,0,h2o,chcl3,lacticacid,0.96515642,0.00195952,0.03288405,0.00089634,0.99889654,0.00020712
30.0,0.9543,0,0.0457,0,1.0,0,h2o,chcl3,lacticacid,0.95220139,0.00238824,0.04541037,0.00090933,0.99881339,0.00027728
30.0,0.9407,0,0.0593,0,1.0,0,h2o,chcl3,lacticacid,0.9382215,0.00292074,0.05885776,0.00092193,0.99872914,0.00034893
40.0,0.999,0,0.0010033,0,1.0,0,h2o,chcl3,lacticacid,0.99792148,0.00108595,0.00099256,0.0013205,0.99866854,1.0957e-05
40.0,0.998,0,0.0020129,0,1.0,0,h2o,chcl3,lacticacid,0.99690127,0.00110726,0.00199147,0.00132294,0.99865516,2.1891e-05
40.0,0.9959,0,0.0040513,0,1.0,0,h2o,chcl3,lacticacid,0.99484025,0.00115123,0.00400853,0.00132781,0.99862849,4.3696e-05
40.0,0.9897,0,0.0103,0,1.0,0,h2o,chcl3,lacticacid,0.9884876,0.00129468,0.01021772,0.00134434,0.9985467,0.00010896
40.0,0.9787,0,0.0213,0,1.0,0,h2o,chcl3,lacticacid,0.97729755,0.00157817,0.02112428,0.00136898,0.99841423,0.00021679
40.0,0.9669,0,0.0331,0,1.0,0,h2o,chcl3,lacticacid,0.96528272,0.00192929,0.03278799,0.00139286,0.9982828,0.00032433
40.0,0.9543,0,0.0457,0,1.0,0,h2o,chcl3,lacticacid,0.95234803,0.00236562,0.04528635,0.00141589,0.99815173,0.00043238
40.0,0.9407,0,0.0593,0,1.0,0,h2o,chcl3,lacticacid,0.93838399,0.00290954,0.05870646,0.00144014,0.99801698,0.00054288
20.0,0.999,0,0.0010033,0,1.0,0,h2o,cs2,lacticacid,0.99844185,0.00055574,0.00100241,0.00011055,0.99988903,4.2197e-07
20.0,0.998,0,0.0020129,0,1.0,0,h2o,cs2,lacticacid,0.99742401,0.00056485,0.00201113,0.00011052,0.99988864,8.4427e-07
20.0,0.9959,0,0.0040513,0,1.0,0,h2o,cs2,lacticacid,0.99536868,0.00058357,0.00404775,0.00011046,0.99988785,1.69e-06
20.0,0.9897,0,0.0103,0,1.0,0,h2o,cs2,lacticacid,0.98904071,0.00064391,0.01031538,0.00011026,0.9998855,4.2388e-06
20.0,0.9787,0,0.0213,0,1.0,0,h2o,cs2,lacticacid,0.97792102,0.00076023,0.02131875,0.00010989,0.99988157,8.5413e-06
20.0,0.9669,0,0.0331,0,1.0,0,h2o,cs2,lacticacid,0.96601929,0.00089998,0.03308073,0.00010944,0.99987762,1.2942e-05
20.0,0.9543,0,0.0457,0,1.0,0,h2o,cs2,lacticacid,0.95324973,0.00106842,0.04568185,0.0001089,0.99987362,1.7478e-05
20.0,0.9407,0,0.0593,0,1.0,0,h2o,cs2,lacticacid,0.93951358,0.00127213,0.05921428,0.00010826,0.99986954,2.2194e-05
30.0,0.999,0,0.0010033,0,1.0,0,h2o,cs2,lacticacid,0.99847846,0.00051939,0.00100215,0.00018946,0.99980973,8.0447e-07
30.0,0.998,0,0.0020129,0,1.0,0,h2o,cs2,lacticacid,0.99746096,0.00052843,0.0020106,0.00018944,0.99980895,1.6084e-06
30.0,0.9959,0,0.0040513,0,1.0,0,h2o,cs2,lacticacid,0.99540627,0.00054703,0.0040467,0.0001894,0.99980739,3.2152e-06
30.0,0.9897,0,0.0103,0,1.0,0,h2o,cs2,lacticacid,0.98908,0.00060718,0.01031283,0.00018924,0.99980273,8.0305e-06
30.0,0.9787,0,0.0213,0,1.0,0,h2o,cs2,lacticacid,0.97796232,0.00072384,0.02131385,0.00018888,0.99979505,1.607e-05
30.0,0.9669,0,0.0331,0,1.0,0,h2o,cs2,lacticacid,0.96606133,0.00086503,0.03307364,0.00018836,0.99978746,2.4182e-05
30.0,0.9543,0,0.0457,0,1.0,0,h2o,cs2,lacticacid,0.95329091,0.00103644,0.04567265,0.00018768,0.99977989,3.2432e-05
30.0,0.9407,0,0.0593,0,1.0,0,h2o,cs2,lacticacid,0.93955186,0.00124518,0.05920296,0.0001868,0.9997723,4.0894e-05
40.0,0.999,0,0.0010033,0,1.0,0,h2o,cs2,lacticacid,0.99849959,0.00049876,0.00100165,0.00031158,0.99968698,1.4445e-06
40.0,0.998,0,0.0020129,0,1.0,0,h2o,cs2,lacticacid,0.99748248,0.0005079,0.00200962,0.0003116,0.99968552,2.8864e-06
40.0,0.9959,0,0.0040513,0,1.0,0,h2o,cs2,lacticacid,0.99542852,0.00052674,0.00404474,0.00031163,0.99968261,5.7629e-06
40.0,0.9897,0,0.0103,0,1.0,0,h2o,cs2,lacticacid,0.98910413,0.00058782,0.01030804,0.00031166,0.99967399,1.4343e-05
40.0,0.9787,0,0.0213,0,1.0,0,h2o,cs2,lacticacid,0.97798865,0.00070692,0.02130443,0.00031263,0.99965861,2.8761e-05
40.0,0.9669,0,0.0331,0,1.0,0,h2o,cs2,lacticacid,0.96608805,0.00085204,0.03305991,0.00031245,0.99964447,4.3079e-05
40.0,0.9543,0,0.0457,0,1.0,0,h2o,cs2,lacticacid,0.95331593,0.00102932,0.04565474,0.00031194,0.99963055,5.7504e-05
40.0,0.9407,0,0.0593,0,1.0,0,h2o,cs2,lacticacid,0.93957261,0.00124655,0.05918085,0.0003111,0.99961674,7.2157e-05
20.0,0.999,0,0.0010033,0,1.0,0,h2o,cyclohexane,lacticacid,0.99896939,2.7517e-05,0.0010031,0.00012077,0.99987895,2.7746e-07
20.0,0.998,0,0.0020129,0,1.0,0,h2o,cyclohexane,lacticacid,0.99795933,2.8148e-05,0.00201252,0.0001207,0.99987875,5.5507e-07
20.0,0.9959,0,0.0040513,0,1.0,0,h2o,cyclohexane,lacticacid,0.99591993,2.9458e-05,0.00405061,0.00012055,0.99987834,1.1108e-06
20.0,0.9897,0,0.0103,0,1.0,0,h2o,cyclohexane,lacticacid,0.98964299,3.379e-05,0.01032322,0.00012009,0.99987712,2.7836e-06
20.0,0.9787,0,0.0213,0,1.0,0,h2o,cyclohexane,lacticacid,0.97862028,4.2574e-05,0.02133714,0.00011929,0.99987512,5.5981e-06
20.0,0.9669,0,0.0331,0,1.0,0,h2o,cyclohexane,lacticacid,0.96683281,5.3813e-05,0.03311338,0.00011841,0.99987312,8.4617e-06
20.0,0.9543,0,0.0457,0,1.0,0,h2o,cyclohexane,lacticacid,0.95419797,6.8243e-05,0.04573379,0.00011747,0.99987114,1.1396e-05
20.0,0.9407,0,0.0593,0,1.0,0,h2o,cyclohexane,lacticacid,0.94062081,8.6837e-05,0.05929235,0.00011643,0.99986915,1.4425e-05
30.0,0.999,0,0.0010033,0,1.0,0,h2o,cyclohexane,lacticacid,0.99896795,2.9126e-05,0.00100293,0.00020721,0.99979226,5.3253e-07
30.0,0.998,0,0.0020129,0,1.0,0,h2o,cyclohexane,lacticacid,0.997958,2.9818e-05,0.00201219,0.0002071,0.99979183,1.0645e-06
30.0,0.9959,0,0.0040513,0,1.0,0,h2o,cyclohexane,lacticacid,0.99591881,3.1252e-05,0.00404994,0.00020689,0.99979098,2.1271e-06
30.0,0.9897,0,0.0103,0,1.0,0,h2o,cyclohexane,lacticacid,0.9896424,3.6007e-05,0.01032159,0.00020622,0.99978847,5.3056e-06
30.0,0.9787,0,0.0213,0,1.0,0,h2o,cyclohexane,lacticacid,0.97862029,4.569e-05,0.02133402,0.00020503,0.99978438,1.059e-05
30.0,0.9669,0,0.0331,0,1.0,0,h2o,cyclohexane,lacticacid,0.96683298,5.8138e-05,0.03310888,0.00020372,0.99978039,1.5889e-05
30.0,0.9543,0,0.0457,0,1.0,0,h2o,cyclohexane,lacticacid,0.95419781,7.4194e-05,0.04572799,0.00020228,0.99977648,2.1243e-05
30.0,0.9407,0,0.0593,0,1.0,0,h2o,cyclohexane,lacticacid,0.94061971,9.4971e-05,0.05928532,0.00020068,0.99977262,2.67e-05
40.0,0.999,0,0.0010033,0,1.0,0,h2o,cyclohexane,lacticacid,0.99896596,3.1413e-05,0.00100263,0.00034087,0.99965817,9.6264e-07
40.0,0.998,0,0.0020129,0,1.0,0,h2o,cyclohexane,lacticacid,0.99795623,3.2181e-05,0.00201159,0.00034072,0.99965735,1.9231e-06
40.0,0.9959,0,0.0040513,0,1.0,0,h2o,cyclohexane,lacticacid,0.99591746,3.3775e-05,0.00404877,0.00034044,0.99965573,3.8375e-06
40.0,0.9897,0,0.0103,0,1.0,0,h2o,cyclohexane,lacticacid,0.98964218,3.9069e-05,0.01031875,0.00033953,0.99965093,9.5343e-06
40.0,0.9787,0,0.0213,0,1.0,0,h2o,cyclohexane,lacticacid,0.97862159,4.9887e-05,0.02132853,0.00033878,0.9996422,1.9025e-05
40.0,0.9669,0,0.0331,0,1.0,0,h2o,cyclohexane,lacticacid,0.96683513,6.3854e-05,0.03310102,0.00033706,0.99963456,2.8382e-05
40.0,0.9543,0,0.0457,0,1.0,0,h2o,cyclohexane,lacticacid,0.95420009,8.1937e-05,0.04571797,0.00033511,0.99962716,3.7735e-05
40.0,0.9407,0,0.0593,0,1.0,0,h2o,cyclohexane,lacticacid,0.94062131,0.00010542,0.05927328,0.00033288,0.99961995,4.7169e-05
20.0,0.999,0,0.0010033,0,1.0,0,h2o,dodecane,lacticacid,0.99899689,1.1061e-09,0.00100311,0.0001666,0.99983307,3.3372e-07
20.0,0.998,0,0.0020129,0,1.0,0,h2o,dodecane,lacticacid,0.99798744,1.1571e-09,0.00201256,0.00016648,0.99983286,6.6758e-07
20.0,0.9959,0,0.0040513,0,1.0,0,h2o,dodecane,lacticacid,0.99594931,1.2666e-09,0.00405069,0.00016623,0.99983243,1.3358e-06
20.0,0.9897,0,0.0103,0,1.0,0,h2o,dodecane,lacticacid,0.98967651,1.6634e-09,0.01032348,0.00016548,0.99983118,3.346e-06
20.0,0.9787,0,0.0213,0,1.0,0,h2o,dodecane,lacticacid,0.97866209,2.6319e-09,0.02133791,0.00016416,0.99982911,6.7236e-06
20.0,0.9669,0,0.0331,0,1.0,0,h2o,dodecane,lacticacid,0.966885,4.1887e-09,0.03311499,0.00016276,0.99982708,1.0154e-05
20.0,0.9543,0,0.0457,0,1.0,0,h2o,dodecane,lacticacid,0.95426325,6.7072e-09,0.04573675,0.00016127,0.99982507,1.3661e-05
20.0,0.9407,0,0.0593,0,1.0,0,h2o,dodecane,lacticacid,0.94070261,1.0808e-08,0.05929738,0.00015965,0.99982307,1.7275e-05
30.0,0.999,0,0.0010033,0,1.0,0,h2o,dodecane,lacticacid,0.99899707,1.3239e-09,0.00100293,0.00028436,0.99971501,6.3263e-07
30.0,0.998,0,0.0020129,0,1.0,0,h2o,dodecane,lacticacid,0.9979878,1.3868e-09,0.0020122,0.00028417,0.99971457,1.2645e-06
30.0,0.9959,0,0.0040513,0,1.0,0,h2o,dodecane,lacticacid,0.99595002,1.5218e-09,0.00404998,0.00028378,0.99971369,2.5262e-06
30.0,0.9897,0,0.0103,0,1.0,0,h2o,dodecane,lacticacid,0.98967823,2.0134e-09,0.01032177,0.00028261,0.99971109,6.2972e-06
30.0,0.9787,0,0.0213,0,1.0,0,h2o,dodecane,lacticacid,0.97866532,3.2229e-09,0.02133468,0.00028056,0.99970689,1.2555e-05
30.0,0.9669,0,0.0331,0,1.0,0,h2o,dodecane,lacticacid,0.96688955,5.1854e-09,0.03311044,0.00027837,0.99970282,1.8816e-05
30.0,0.9543,0,0.0457,0,1.0,0,h2o,dodecane,lacticacid,0.95426894,8.3867e-09,0.04573105,0.00027601,0.99969886,2.5127e-05
30.0,0.9407,0,0.0593,0,1.0,0,h2o,dodecane,lacticacid,0.94070928,1.3639e-08,0.0592907,0.00027346,0.99969499,3.1544e-05
40.0,0.999,0,0.0010033,0,1.0,0,h2o,dodecane,lacticacid,0.99899738,1.6343e-09,0.00100262,0.00046538,0.99953349,1.1303e-06
40.0,0.998,0,0.0020129,0,1.0,0,h2o,dodecane,lacticacid,0.99798842,1.7138e-09,0.00201157,0.0004651,0.99953264,2.2577e-06
40.0,0.9959,0,0.0040513,0,1.0,0,h2o,dodecane,lacticacid,0.99595125,1.885e-09,0.00404874,0.00046454,0.99953096,4.504e-06
40.0,0.9897,0,0.0103,0,1.0,0,h2o,dodecane,lacticacid,0.98968123,2.5103e-09,0.01031877,0.00046343,0.99952535,1.1218e-05
40.0,0.9787,0,0.0213,0,1.0,0,h2o,dodecane,lacticacid,0.97867094,4.0598e-09,0.02132906,0.00046047,0.99951731,2.2221e-05
40.0,0.9669,0,0.0331,0,1.0,0,h2o,dodecane,lacticacid,0.96689744,6.5935e-09,0.03310256,0.00045727,0.99950963,3.3093e-05
40.0,0.9543,0,0.0457,0,1.0,0,h2o,dodecane,lacticacid,0.95427875,1.0756e-08,0.04572124,0.0004538,0.99950228,4.3923e-05
40.0,0.9407,0,0.0593,0,1.0,0,h2o,dodecane,lacticacid,0.94072071,1.7626e-08,0.05927928,0.00045001,0.99949518,5.481e-05
20.0,0.999,0,0.0010033,0,1.0,0,h2o,dodecanol,lacticacid,0.9992678,4.1187e-07,0.00073179,0.07902367,0.9206608,0.00031553
20.0,0.998,0,0.0020129,0,1.0,0,h2o,dodecanol,lacticacid,0.99853041,4.2351e-07,0.00146917,0.07904174,0.9203256,0.00063266
20.0,0.9959,0,0.0040513,0,1.0,0,h2o,dodecanol,lacticacid,0.99703864,4.4794e-07,0.00296091,0.07907776,0.91965046,0.00127178
20.0,0.9897,0,0.0103,0,1.0,0,h2o,dodecanol,lacticacid,0.9924231,5.3134e-07,0.00757637,0.07918492,0.91758584,0.00322924
20.0,0.9787,0,0.0213,0,1.0,0,h2o,dodecanol,lacticacid,0.98423271,7.1243e-07,0.01576658,0.07935979,0.91400644,0.00663377
20.0,0.9669,0,0.0331,0,1.0,0,h2o,dodecanol,lacticacid,0.9753604,9.6591e-07,0.02463863,0.07953214,0.91023405,0.01023381
20.0,0.9543,0,0.0457,0,1.0,0,h2o,dodecanol,lacticacid,0.96572818,1.3248e-06,0.03427049,0.07969459,0.90625248,0.01405293
20.0,0.9407,0,0.0593,0,1.0,0,h2o,dodecanol,lacticacid,0.95524794,1.8386e-06,0.04475022,0.07984755,0.90203164,0.01812081
30.0,0.999,0,0.0010033,0,1.0,0,h2o,dodecanol,lacticacid,0.99931211,4.2443e-07,0.00068747,0.08110249,0.91854283,0.00035468
30.0,0.998,0,0.0020129,0,1.0,0,h2o,dodecanol,lacticacid,0.99861906,4.3609e-07,0.0013805,0.08113417,0.91815481,0.00071103
30.0,0.9959,0,0.0040513,0,1.0,0,h2o,dodecanol,lacticacid,0.99721601,4.6055e-07,0.00278353,0.08119752,0.91737371,0.00142877
30.0,0.9897,0,0.0103,0,1.0,0,h2o,dodecanol,lacticacid,0.99286677,5.4403e-07,0.00713268,0.08138753,0.91498899,0.00362348
30.0,0.9787,0,0.0213,0,1.0,0,h2o,dodecanol,lacticacid,0.98511961,7.2512e-07,0.01487967,0.08170652,0.91086565,0.00742783
30.0,0.9669,0,0.0331,0,1.0,0,h2o,dodecanol,lacticacid,0.97668667,9.7874e-07,0.02331235,0.08202108,0.90654757,0.01143135
30.0,0.9543,0,0.0457,0,1.0,0,h2o,dodecanol,lacticacid,0.96748728,1.3383e-06,0.03251138,0.08233203,0.90201121,0.01565676
30.0,0.9407,0,0.0593,0,1.0,0,h2o,dodecanol,lacticacid,0.95743011,1.8545e-06,0.04256804,0.08263972,0.89722779,0.02013249
40.0,0.999,0,0.0010033,0,1.0,0,h2o,dodecanol,lacticacid,0.99935225,4.5174e-07,0.0006473,0.08378889,0.91582094,0.00039017
40.0,0.998,0,0.0020129,0,1.0,0,h2o,dodecanol,lacticacid,0.99869942,4.6378e-07,0.00130011,0.0838335,0.91538441,0.00078208
40.0,0.9959,0,0.0040513,0,1.0,0,h2o,dodecanol,lacticacid,0.99737697,4.8901e-07,0.00262254,0.08392284,0.91450592,0.00157124
40.0,0.9897,0,0.0103,0,1.0,0,h2o,dodecanol,lacticacid,0.99327064,5.7502e-07,0.00672879,0.08419467,0.91182298,0.00398235
40.0,0.9787,0,0.0213,0,1.0,0,h2o,dodecanol,lacticacid,0.98593029,7.6135e-07,0.01406895,0.08464612,0.90720044,0.00815344
40.0,0.9669,0,0.0331,0,1.0,0,h2o,dodecanol,lacticacid,0.9779044,1.0221e-06,0.02209458,0.0850995,0.90236996,0.01253054
40.0,0.9543,0,0.0457,0,1.0,0,h2o,dodecanol,lacticacid,0.96910867,1.3918e-06,0.03088994,0.08555241,0.89731304,0.01713455
40.0,0.9407,0,0.0593,0,1.0,0,h2o,dodecanol,lacticacid,0.95944805,1.9234e-06,0.04055002,0.08600647,0.89200128,0.02199225
20.0,0.999,0,0.0010033,0,1.0,0,h2o,ethylacetate,lacticacid,0.97639585,0.0232432,0.00036095,0.16653319,0.83283893,0.00062788
20.0,0.998,0,0.0020129,0,1.0,0,h2o,ethylacetate,lacticacid,0.97594076,0.02333448,0.00072476,0.16717619,0.83156446,0.00125935
20.0,0.9959,0,0.0040513,0,1.0,0,h2o,ethylacetate,lacticacid,0.9750189,0.02352006,0.00146103,0.16847586,0.82899093,0.0025332
20.0,0.9897,0,0.0103,0,1.0,0,h2o,ethylacetate,lacticacid,0.9721574,0.02410138,0.00374122,0.17249487,0.82106005,0.00644508
20.0,0.9787,0,0.0213,0,1.0,0,h2o,ethylacetate,lacticacid,0.96704235,0.02516209,0.00779556,0.1795853,0.80712903,0.01328566
20.0,0.9669,0,0.0331,0,1.0,0,h2o,ethylacetate,lacticacid,0.96144595,0.02635353,0.01220052,0.18722449,0.79220953,0.02056598
20.0,0.9543,0,0.0457,0,1.0,0,h2o,ethylacetate,lacticacid,0.95529691,0.02770065,0.01700245,0.19547036,0.7761947,0.02833493
20.0,0.9407,0,0.0593,0,1.0,0,h2o,ethylacetate,lacticacid,0.94850768,0.02923459,0.02225773,0.20440812,0.75894444,0.03664745
30.0,0.999,0,0.0010033,0,1.0,0,h2o,ethylacetate,lacticacid,0.98012763,0.0195499,0.00032247,0.17875506,0.82059218,0.00065276
30.0,0.998,0,0.0020129,0,1.0,0,h2o,ethylacetate,lacticacid,0.97972785,0.0196246,0.00064755,0.1794336,0.81925723,0.00130917
30.0,0.9959,0,0.0040513,0,1.0,0,h2o,ethylacetate,lacticacid,0.97891703,0.01977723,0.00130574,0.18079117,0.81657579,0.00263303
30.0,0.9897,0,0.0103,0,1.0,0,h2o,ethylacetate,lacticacid,0.97639715,0.0202564,0.00334645,0.18498213,0.80832197,0.0066959
30.0,0.9787,0,0.0213,0,1.0,0,h2o,ethylacetate,lacticacid,0.97188473,0.02113181,0.00698346,0.19240248,0.79380596,0.01379156
30.0,0.9669,0,0.0331,0,1.0,0,h2o,ethylacetate,lacticacid,0.96693165,0.0221198,0.01094855,0.20039282,0.7782767,0.02133049
30.0,0.9543,0,0.0457,0,1.0,0,h2o,ethylacetate,lacticacid,0.96147202,0.02324102,0.01528695,0.20904266,0.76159567,0.02936167
30.0,0.9407,0,0.0593,0,1.0,0,h2o,ethylacetate,lacticacid,0.95542134,0.02452388,0.02005479,0.21844159,0.74361888,0.03793953
40.0,0.999,0,0.0010033,0,1.0,0,h2o,ethylacetate,lacticacid,0.9826602,0.01704811,0.00029169,0.19154092,0.80778906,0.00067002
40.0,0.998,0,0.0020129,0,1.0,0,h2o,ethylacetate,lacticacid,0.98230273,0.01711147,0.0005858,0.19223322,0.80642307,0.00134371
40.0,0.9959,0,0.0040513,0,1.0,0,h2o,ethylacetate,lacticacid,0.9815782,0.01724035,0.00118144,0.19363287,0.80366487,0.00270226
40.0,0.9897,0,0.0103,0,1.0,0,h2o,ethylacetate,lacticacid,0.9793256,0.01764484,0.00302956,0.19796455,0.79516531,0.00687014
40.0,0.9787,0,0.0213,0,1.0,0,h2o,ethylacetate,lacticacid,0.97528472,0.018386,0.00632928,0.20562217,0.78023419,0.01414364
40.0,0.9669,0,0.0331,0,1.0,0,h2o,ethylacetate,lacticacid,0.97084135,0.01922351,0.00993515,0.21390012,0.76423542,0.02186446
40.0,0.9543,0,0.0457,0,1.0,0,h2o,ethylacetate,lacticacid,0.96593109,0.02017703,0.01389188,0.22287526,0.7470433,0.03008144
40.0,0.9407,0,0.0593,0,1.0,0,h2o,ethylacetate,lacticacid,0.96047439,0.02127144,0.01825417,0.23265731,0.72849325,0.03884945
20.0,0.999,0,0.0010033,0,1.0,0,h2o,hexane,lacticacid,0.99899104,5.8548e-06,0.0010031,0.00014325,0.99985643,3.1599e-07
20.0,0.998,0,0.0020129,0,1.0,0,h2o,hexane,lacticacid,0.99798145,6.0092e-06,0.00201254,0.00014316,0.9998562,6.3214e-07
20.0,0.9959,0,0.0040513,0,1.0,0,h2o,hexane,lacticacid,0.99594303,6.3311e-06,0.00405064,0.00014298,0.99985575,1.265e-06
20.0,0.9897,0,0.0103,0,1.0,0,h2o,hexane,lacticacid,0.98966925,7.41e-06,0.01032334,0.00014242,0.99985441,3.1697e-06
20.0,0.9787,0,0.0213,0,1.0,0,h2o,hexane,lacticacid,0.97865278,9.6589e-06,0.02133756,0.00014143,0.9998522,6.3735e-06
20.0,0.9669,0,0.0331,0,1.0,0,h2o,hexane,lacticacid,0.96687303,1.2636e-05,0.03311434,0.00014037,0.99985,9.632e-06
20.0,0.9543,0,0.0457,0,1.0,0,h2o,hexane,lacticacid,0.95424777,1.6591e-05,0.04573564,0.00013921,0.99984782,1.2969e-05
20.0,0.9407,0,0.0593,0,1.0,0,h2o,hexane,lacticacid,0.94068252,2.1868e-05,0.05929561,0.00013796,0.99984563,1.6414e-05
30.0,0.999,0,0.0010033,0,1.0,0,h2o,hexane,lacticacid,0.99899092,6.1585e-06,0.00100292,0.00024395,0.99975545,6.0134e-07
30.0,0.998,0,0.0020129,0,1.0,0,h2o,hexane,lacticacid,0.9979815,6.327e-06,0.00201217,0.00024382,0.99975498,1.2021e-06
30.0,0.9959,0,0.0040513,0,1.0,0,h2o,hexane,lacticacid,0.99594341,6.6786e-06,0.00404992,0.00024355,0.99975404,2.4018e-06
30.0,0.9897,0,0.0103,0,1.0,0,h2o,hexane,lacticacid,0.98967056,7.8603e-06,0.01032158,0.00024273,0.99975128,5.99e-06
30.0,0.9787,0,0.0213,0,1.0,0,h2o,hexane,lacticacid,0.97865545,1.0338e-05,0.02133421,0.00024126,0.99974679,1.1953e-05
30.0,0.9669,0,0.0331,0,1.0,0,h2o,hexane,lacticacid,0.9668768,1.3638e-05,0.03310957,0.00023965,0.99974242,1.793e-05
30.0,0.9543,0,0.0457,0,1.0,0,h2o,hexane,lacticacid,0.95425236,1.8051e-05,0.04572959,0.0002379,0.99973814,2.3967e-05
30.0,0.9407,0,0.0593,0,1.0,0,h2o,hexane,lacticacid,0.94068763,2.3971e-05,0.0592884,0.00023596,0.99973392,3.0118e-05
40.0,0.999,0,0.0010033,0,1.0,0,h2o,hexane,lacticacid,0.99899078,6.6327e-06,0.00100259,0.00039925,0.99959966,1.0839e-06
40.0,0.998,0,0.0020129,0,1.0,0,h2o,hexane,lacticacid,0.99798166,6.82e-06,0.00201152,0.00039909,0.99959874,2.1654e-06
40.0,0.9959,0,0.0040513,0,1.0,0,h2o,hexane,lacticacid,0.99594416,7.2113e-06,0.00404863,0.00039876,0.99959692,4.3213e-06
40.0,0.9897,0,0.0103,0,1.0,0,h2o,hexane,lacticacid,0.989673,8.5298e-06,0.01031847,0.00039773,0.99959153,1.0738e-05
40.0,0.9787,0,0.0213,0,1.0,0,h2o,hexane,lacticacid,0.97866035,1.1307e-05,0.02132834,0.00039583,0.99958287,2.13e-05
40.0,0.9669,0,0.0331,0,1.0,0,h2o,hexane,lacticacid,0.96688373,1.5029e-05,0.03310124,0.00039368,0.99957455,3.1767e-05
40.0,0.9543,0,0.0457,0,1.0,0,h2o,hexane,lacticacid,0.95426088,2.0031e-05,0.04571909,0.00039127,0.9995665,4.2223e-05
40.0,0.9407,0,0.0593,0,1.0,0,h2o,hexane,lacticacid,0.94069725,2.6773e-05,0.05927597,0.00038856,0.99955868,5.2763e-05
20.0,0.999,0,0.0010033,0,1.0,0,h2o,menthol,lacticacid,0.99926864,0.00018197,0.00054939,0.23847907,0.76098511,0.00053582
20.0,0.998,0,0.0020129,0,1.0,0,h2o,menthol,lacticacid,0.99871279,0.00018431,0.00110291,0.23868893,0.76023563,0.00107544
20.0,0.9959,0,0.0040513,0,1.0,0,h2o,menthol,lacticacid,0.99758835,0.0001891,0.00222254,0.23911159,0.75872218,0.00216623
20.0,0.9897,0,0.0103,0,1.0,0,h2o,menthol,lacticacid,0.99410988,0.00020456,0.00568556,0.24040336,0.75406266,0.00553397
20.0,0.9787,0,0.0213,0,1.0,0,h2o,menthol,lacticacid,0.98793731,0.00023437,0.01182832,0.24264342,0.74587017,0.01148642
20.0,0.9669,0,0.0331,0,1.0,0,h2o,menthol,lacticacid,0.98124594,0.00027036,0.0184837,0.24498584,0.73710829,0.01790587
20.0,0.9543,0,0.0457,0,1.0,0,h2o,menthol,lacticacid,0.97397068,0.00031413,0.02571519,0.247447,0.7277035,0.0248495
20.0,0.9407,0,0.0593,0,1.0,0,h2o,menthol,lacticacid,0.96603446,0.00036786,0.03359768,0.25002508,0.71759179,0.03238313
30.0,0.999,0,0.0010033,0,1.0,0,h2o,menthol,lacticacid,0.99934017,0.00016243,0.0004974,0.23249795,0.76693995,0.0005621
30.0,0.998,0,0.0020129,0,1.0,0,h2o,menthol,lacticacid,0.99883685,0.00016441,0.00099873,0.2327283,0.76614363,0.00112808
30.0,0.9959,0,0.0040513,0,1.0,0,h2o,menthol,lacticacid,0.99781811,0.00016848,0.0020134,0.23319195,0.76453624,0.00227182
30.0,0.9897,0,0.0103,0,1.0,0,h2o,menthol,lacticacid,0.99466164,0.00018159,0.00515677,0.2346128,0.75958685,0.00580036
30.0,0.9787,0,0.0213,0,1.0,0,h2o,menthol,lacticacid,0.98904119,0.00020688,0.01075193,0.23705447,0.7509194,0.01202613
30.0,0.9669,0,0.0331,0,1.0,0,h2o,menthol,lacticacid,0.98292068,0.00023742,0.0168419,0.23960741,0.74166787,0.01872472
30.0,0.9543,0,0.0457,0,1.0,0,h2o,menthol,lacticacid,0.97623191,0.00027466,0.02349343,0.24226543,0.73178458,0.02594999
30.0,0.9407,0,0.0593,0,1.0,0,h2o,menthol,lacticacid,0.96889563,0.00032049,0.03078388,0.24504249,0.72119203,0.03376547
40.0,0.999,0,0.0010033,0,1.0,0,h2o,menthol,lacticacid,0.9993952,0.0001499,0.0004549,0.2284891,0.77092698,0.00058391
40.0,0.998,0,0.0020129,0,1.0,0,h2o,menthol,lacticacid,0.99893482,0.00015165,0.00091353,0.22873805,0.77009016,0.00117179
40.0,0.9959,0,0.0040513,0,1.0,0,h2o,menthol,lacticacid,0.9980026,0.00015523,0.00184217,0.22923905,0.76840135,0.0023596
40.0,0.9897,0,0.0103,0,1.0,0,h2o,menthol,lacticacid,0.99511071,0.00016675,0.00472254,0.23077259,0.76320498,0.00602243
40.0,0.9787,0,0.0213,0,1.0,0,h2o,menthol,lacticacid,0.98994787,0.00018897,0.00986316,0.23340597,0.75411525,0.01247878
40.0,0.9669,0,0.0331,0,1.0,0,h2o,menthol,lacticacid,0.98430522,0.00021581,0.01547897,0.23615358,0.74443084,0.01941558
40.0,0.9543,0,0.0457,0,1.0,0,h2o,menthol,lacticacid,0.97811333,0.00024856,0.02163811,0.23900907,0.73410555,0.02688537
40.0,0.9407,0,0.0593,0,1.0,0,h2o,menthol,lacticacid,0.9712907,0.00028894,0.02842036,0.24198487,0.72306564,0.03494949
20.0,0.999,0,0.0010033,0,1.0,0,h2o,methyl-t-butylether,lacticacid,0.98837973,0.01096407,0.0006562,0.01326245,0.98638962,0.00034792
20.0,0.998,0,0.0020129,0,1.0,0,h2o,methyl-t-butylether,lacticacid,0.98758756,0.01109521,0.00131723,0.01332744,0.98597502,0.00069754
20.0,0.9959,0,0.0040513,0,1.0,0,h2o,methyl-t-butylether,lacticacid,0.98598114,0.01136487,0.00265399,0.0134594,0.98513868,0.00140192
20.0,0.9897,0,0.0103,0,1.0,0,h2o,methyl-t-butylether,lacticacid,0.98097658,0.01223783,0.00678559,0.01387168,0.98257106,0.00355726
20.0,0.9787,0,0.0213,0,1.0,0,h2o,methyl-t-butylether,lacticacid,0.97194636,0.0139491,0.01410454,0.01461633,0.97808835,0.00729532
20.0,0.9669,0,0.0331,0,1.0,0,h2o,methyl-t-butylether,lacticacid,0.96191245,0.01606478,0.02202277,0.01543862,0.97333779,0.01122359
20.0,0.9543,0,0.0457,0,1.0,0,h2o,methyl-t-butylether,lacticacid,0.9506186,0.01875613,0.03062527,0.01634307,0.96831681,0.01534012
20.0,0.9407,0,0.0593,0,1.0,0,h2o,methyl-t-butylether,lacticacid,0.93771143,0.02227362,0.04001495,0.01733436,0.96303395,0.0196317
30.0,0.999,0,0.0010033,0,1.0,0,h2o,methyl-t-butylether,lacticacid,0.9919715,0.00740912,0.00061939,0.01475734,0.98485676,0.0003859
30.0,0.998,0,0.0020129,0,1.0,0,h2o,methyl-t-butylether,lacticacid,0.99126216,0.00749441,0.00124343,0.01483578,0.9843905,0.00077372
30.0,0.9959,0,0.0040513,0,1.0,0,h2o,methyl-t-butylether,lacticacid,0.98982479,0.00766955,0.00250566,0.01499516,0.98344964,0.00155521
30.0,0.9897,0,0.0103,0,1.0,0,h2o,methyl-t-butylether,lacticacid,0.98535679,0.00823399,0.00640922,0.0154939,0.98055834,0.00394776
30.0,0.9787,0,0.0213,0,1.0,0,h2o,methyl-t-butylether,lacticacid,0.9773445,0.00932491,0.0133306,0.0164035,0.97549095,0.00810555
30.0,0.9669,0,0.0331,0,1.0,0,h2o,methyl-t-butylether,lacticacid,0.96852237,0.01065065,0.02082698,0.01741577,0.97009321,0.01249103
30.0,0.9543,0,0.0457,0,1.0,0,h2o,methyl-t-butylether,lacticacid,0.95873842,0.01228708,0.0289745,0.01854529,0.96433519,0.01711952
30.0,0.9407,0,0.0593,0,1.0,0,h2o,methyl-t-butylether,lacticacid,0.94779005,0.01434573,0.03786422,0.01981106,0.95818526,0.02200368
40.0,0.999,0,0.0010033,0,1.0,0,h2o,methyl-t-butylether,lacticacid,0.99393736,0.00547338,0.00058926,0.01637911,0.98320447,0.00041642
40.0,0.998,0,0.0020129,0,1.0,0,h2o,methyl-t-butylether,lacticacid,0.99328134,0.00553563,0.00118303,0.01647078,0.98269432,0.00083491
40.0,0.9959,0,0.0040513,0,1.0,0,h2o,methyl-t-butylether,lacticacid,0.99195231,0.00566339,0.0023843,0.01665709,0.9816647,0.00167821
40.0,0.9897,0,0.0103,0,1.0,0,h2o,methyl-t-butylether,lacticacid,0.98782503,0.00607395,0.00610103,0.01724523,0.97849405,0.00426073
40.0,0.9787,0,0.0213,0,1.0,0,h2o,methyl-t-butylether,lacticacid,0.98043673,0.00686446,0.01269881,0.01831262,0.972937,0.00875037
40.0,0.9669,0,0.0331,0,1.0,0,h2o,methyl-t-butylether,lacticacid,0.97232616,0.0078192,0.01985463,0.01950633,0.9670027,0.01349097
40.0,0.9543,0,0.0457,0,1.0,0,h2o,methyl-t-butylether,lacticacid,0.9633715,0.00898715,0.02764135,0.02084823,0.96064666,0.01850511
40.0,0.9407,0,0.0593,0,1.0,0,h2o,methyl-t-butylether,lacticacid,0.95342003,0.01043725,0.03614272,0.02237103,0.95381021,0.02381876
20.0,0.999,0,0.0010033,0,1.0,0,h2o,n-decane,lacticacid,0.99899687,2.0547e-08,0.00100311,0.00015973,0.99983994,3.2737e-07
20.0,0.998,0,0.0020129,0,1.0,0,h2o,n-decane,lacticacid,0.99798742,2.1354e-08,0.00201256,0.00015962,0.99983973,6.5489e-07
20.0,0.9959,0,0.0040513,0,1.0,0,h2o,n-decane,lacticacid,0.99594929,2.3069e-08,0.00405069,0.00015939,0.9998393,1.3105e-06
20.0,0.9897,0,0.0103,0,1.0,0,h2o,n-decane,lacticacid,0.9896765,2.9118e-08,0.01032348,0.00015869,0.99983803,3.2828e-06
20.0,0.9787,0,0.0213,0,1.0,0,h2o,n-decane,lacticacid,0.97866207,4.3098e-08,0.02133789,0.00015747,0.99983594,6.5977e-06
20.0,0.9669,0,0.0331,0,1.0,0,h2o,n-decane,lacticacid,0.96688498,6.4116e-08,0.03311495,0.00015616,0.99983387,9.9657e-06
20.0,0.9543,0,0.0457,0,1.0,0,h2o,n-decane,lacticacid,0.95426322,9.5889e-08,0.04573669,0.00015476,0.99983183,1.3411e-05
20.0,0.9407,0,0.0593,0,1.0,0,h2o,n-decane,lacticacid,0.94070257,1.4419e-07,0.05929729,0.00015324,0.9998298,1.6962e-05
30.0,0.999,0,0.0010033,0,1.0,0,h2o,n-decane,lacticacid,0.99899704,2.3433e-08,0.00100293,0.00027234,0.99972704,6.2075e-07
30.0,0.998,0,0.0020129,0,1.0,0,h2o,n-decane,lacticacid,0.99798778,2.4383e-08,0.0020122,0.00027217,0.99972659,1.2408e-06
30.0,0.9959,0,0.0040513,0,1.0,0,h2o,n-decane,lacticacid,0.99594999,2.6402e-08,0.00404998,0.00027182,0.99972571,2.4789e-06
30.0,0.9897,0,0.0103,0,1.0,0,h2o,n-decane,lacticacid,0.9896782,3.3556e-08,0.01032176,0.00027074,0.99972308,6.1801e-06
30.0,0.9787,0,0.0213,0,1.0,0,h2o,n-decane,lacticacid,0.97866529,5.0211e-08,0.02133466,0.00026885,0.99971883,1.2324e-05
30.0,0.9669,0,0.0331,0,1.0,0,h2o,n-decane,lacticacid,0.96688954,7.5465e-08,0.03311039,0.00026682,0.99971471,1.8475e-05
30.0,0.9543,0,0.0457,0,1.0,0,h2o,n-decane,lacticacid,0.95426893,1.1394e-07,0.04573096,0.00026463,0.99971069,2.4678e-05
30.0,0.9407,0,0.0593,0,1.0,0,h2o,n-decane,lacticacid,0.94070927,1.7285e-07,0.05929055,0.00026225,0.99970676,3.0987e-05
40.0,0.999,0,0.0010033,0,1.0,0,h2o,n-decane,lacticacid,0.99899735,2.7516e-08,0.00100262,0.00044531,0.99955358,1.1094e-06
40.0,0.998,0,0.0020129,0,1.0,0,h2o,n-decane,lacticacid,0.9979884,2.8662e-08,0.00201157,0.00044506,0.99955272,2.2161e-06
40.0,0.9959,0,0.0040513,0,1.0,0,h2o,n-decane,lacticacid,0.99595124,3.1101e-08,0.00404873,0.00044517,0.99955039,4.437e-06
40.0,0.9897,0,0.0103,0,1.0,0,h2o,n-decane,lacticacid,0.9896812,3.9771e-08,0.01031876,0.00044367,0.99954531,1.1019e-05
40.0,0.9787,0,0.0213,0,1.0,0,h2o,n-decane,lacticacid,0.97867092,6.0087e-08,0.02132902,0.00044099,0.99953717,2.1834e-05
40.0,0.9669,0,0.0331,0,1.0,0,h2o,n-decane,lacticacid,0.96689745,9.1115e-08,0.03310246,0.00043808,0.99952939,3.2529e-05
40.0,0.9543,0,0.0457,0,1.0,0,h2o,n-decane,lacticacid,0.95427879,1.3869e-07,0.04572107,0.0004349,0.99952192,4.3189e-05
40.0,0.9407,0,0.0593,0,1.0,0,h2o,n-decane,lacticacid,0.94072078,2.1196e-07,0.05927901,0.0004314,0.99951469,5.3912e-05
20.0,0.999,0,0.0010033,0,1.0,0,h2o,n-heptane,lacticacid,0.9989955,1.3862e-06,0.00100311,0.0001473,0.99985238,3.1715e-07
20.0,0.998,0,0.0020129,0,1.0,0,h2o,n-heptane,lacticacid,0.99798602,1.4272e-06,0.00201255,0.0001472,0.99985216,6.3446e-07
20.0,0.9959,0,0.0040513,0,1.0,0,h2o,n-heptane,lacticacid,0.99594781,1.5132e-06,0.00405067,0.00014701,0.99985172,1.2697e-06
20.0,0.9897,0,0.0103,0,1.0,0,h2o,n-heptane,lacticacid,0.98967476,1.8053e-06,0.01032343,0.00014641,0.99985041,3.1811e-06
20.0,0.9787,0,0.0213,0,1.0,0,h2o,n-heptane,lacticacid,0.9786598,2.43e-06,0.02133777,0.00014535,0.99984825,6.3954e-06
20.0,0.9669,0,0.0331,0,1.0,0,h2o,n-heptane,lacticacid,0.96688197,3.284e-06,0.03311474,0.00014422,0.99984612,9.6636e-06
20.0,0.9543,0,0.0457,0,1.0,0,h2o,n-heptane,lacticacid,0.95425921,4.4562e-06,0.04573633,0.000143,0.99984399,1.301e-05
20.0,0.9407,0,0.0593,0,1.0,0,h2o,n-heptane,lacticacid,0.94069721,6.0723e-06,0.05929672,0.00014167,0.99984187,1.6462e-05
30.0,0.999,0,0.0010033,0,1.0,0,h2o,n-heptane,lacticacid,0.99899559,1.4822e-06,0.00100293,0.000251,0.9997484,6.0299e-07
30.0,0.998,0,0.0020129,0,1.0,0,h2o,n-heptane,lacticacid,0.99798628,1.5277e-06,0.00201219,0.00025085,0.99974794,1.2053e-06
30.0,0.9959,0,0.0040513,0,1.0,0,h2o,n-heptane,lacticacid,0.99594842,1.6231e-06,0.00404996,0.00025056,0.99974703,2.4082e-06
30.0,0.9897,0,0.0103,0,1.0,0,h2o,n-heptane,lacticacid,0.98967635,1.9479e-06,0.0103217,0.00024966,0.99974433,6.0055e-06
30.0,0.9787,0,0.0213,0,1.0,0,h2o,n-heptane,lacticacid,0.97866286,2.6473e-06,0.02133449,0.00024807,0.99973995,1.1981e-05
30.0,0.9669,0,0.0331,0,1.0,0,h2o,n-heptane,lacticacid,0.96688631,3.6101e-06,0.03311008,0.00024634,0.99973569,1.7969e-05
30.0,0.9543,0,0.0457,0,1.0,0,h2o,n-heptane,lacticacid,0.95426461,4.9406e-06,0.04573045,0.00024446,0.99973152,2.4014e-05
30.0,0.9407,0,0.0593,0,1.0,0,h2o,n-heptane,lacticacid,0.94070346,6.7865e-06,0.05928975,0.0002424,0.99972743,3.017e-05
40.0,0.999,0,0.0010033,0,1.0,0,h2o,n-heptane,lacticacid,0.99899577,1.6256e-06,0.00100261,0.0004109,0.99958801,1.0853e-06
40.0,0.998,0,0.0020129,0,1.0,0,h2o,n-heptane,lacticacid,0.99798677,1.6771e-06,0.00201155,0.00041072,0.99958711,2.1681e-06
40.0,0.9959,0,0.0040513,0,1.0,0,h2o,n-heptane,lacticacid,0.99594952,1.7851e-06,0.00404869,0.00041034,0.99958533,4.3264e-06
40.0,0.9897,0,0.0103,0,1.0,0,h2o,n-heptane,lacticacid,0.9896792,2.1539e-06,0.01031865,0.00040917,0.99958009,1.0748e-05
40.0,0.9787,0,0.0213,0,1.0,0,h2o,n-heptane,lacticacid,0.97866831,2.9523e-06,0.02132874,0.00040703,0.99957165,2.1314e-05
40.0,0.9669,0,0.0331,0,1.0,0,h2o,n-heptane,lacticacid,0.96689399,4.0582e-06,0.03310195,0.00040466,0.99956356,3.1776e-05
40.0,0.9543,0,0.0457,0,1.0,0,h2o,n-heptane,lacticacid,0.95427416,5.5952e-06,0.04572024,0.00040202,0.99955576,4.222e-05
40.0,0.9407,0,0.0593,0,1.0,0,h2o,n-heptane,lacticacid,0.94071452,7.7384e-06,0.05927775,0.00039908,0.99954818,5.2742e-05
20.0,0.999,0,0.0010033,0,1.0,0,h2o,n-nonane,lacticacid,0.9989968,8.3373e-08,0.00100312,0.00015351,0.99984617,3.1704e-07
20.0,0.998,0,0.0020129,0,1.0,0,h2o,n-nonane,lacticacid,0.99798735,8.6379e-08,0.00201257,0.0001534,0.99984596,6.3423e-07
20.0,0.9959,0,0.0040513,0,1.0,0,h2o,n-nonane,lacticacid,0.9959492,9.2733e-08,0.00405071,0.00015319,0.99984554,1.2691e-06
20.0,0.9897,0,0.0103,0,1.0,0,h2o,n-nonane,lacticacid,0.98967637,1.1486e-07,0.01032351,0.00015252,0.9998443,3.1793e-06
20.0,0.9787,0,0.0213,0,1.0,0,h2o,n-nonane,lacticacid,0.97866188,1.6469e-07,0.02133796,0.00015137,0.99984224,6.3903e-06
20.0,0.9669,0,0.0331,0,1.0,0,h2o,n-nonane,lacticacid,0.96688471,2.3726e-07,0.03311505,0.00015013,0.99984022,9.6531e-06
20.0,0.9543,0,0.0457,0,1.0,0,h2o,n-nonane,lacticacid,0.95426285,3.4348e-07,0.0457368,0.0001488,0.99983821,1.2991e-05
20.0,0.9407,0,0.0593,0,1.0,0,h2o,n-nonane,lacticacid,0.94070208,4.9974e-07,0.05929742,0.00014736,0.99983621,1.6433e-05
30.0,0.999,0,0.0010033,0,1.0,0,h2o,n-nonane,lacticacid,0.99899697,9.3812e-08,0.00100294,0.00026193,0.99973746,6.0232e-07
30.0,0.998,0,0.0020129,0,1.0,0,h2o,n-nonane,lacticacid,0.99798769,9.7302e-08,0.00201222,0.00026177,0.99973703,1.204e-06
30.0,0.9959,0,0.0040513,0,1.0,0,h2o,n-nonane,lacticacid,0.99594988,1.0469e-07,0.00405001,0.00026144,0.99973615,2.4053e-06
30.0,0.9897,0,0.0103,0,1.0,0,h2o,n-nonane,lacticacid,0.98967803,1.305e-07,0.01032184,0.00026043,0.99973358,5.9971e-06
30.0,0.9787,0,0.0213,0,1.0,0,h2o,n-nonane,lacticacid,0.97866502,1.8903e-07,0.02133479,0.00025864,0.9997294,1.196e-05
30.0,0.9669,0,0.0331,0,1.0,0,h2o,n-nonane,lacticacid,0.96688915,2.7492e-07,0.03311057,0.00025673,0.99972534,1.7931e-05
30.0,0.9543,0,0.0457,0,1.0,0,h2o,n-nonane,lacticacid,0.95426842,4.0154e-07,0.04573118,0.00025465,0.99972139,2.3954e-05
30.0,0.9407,0,0.0593,0,1.0,0,h2o,n-nonane,lacticacid,0.94070861,5.8903e-07,0.0592908,0.0002524,0.99971752,3.0081e-05
40.0,0.999,0,0.0010033,0,1.0,0,h2o,n-nonane,lacticacid,0.99899726,1.0844e-07,0.00100263,0.0004286,0.99957032,1.0784e-06
40.0,0.998,0,0.0020129,0,1.0,0,h2o,n-nonane,lacticacid,0.99798828,1.1259e-07,0.0020116,0.00042837,0.99956948,2.1541e-06
40.0,0.9959,0,0.0040513,0,1.0,0,h2o,n-nonane,lacticacid,0.99595108,1.2137e-07,0.0040488,0.00042789,0.99956781,4.2978e-06
40.0,0.9897,0,0.0103,0,1.0,0,h2o,n-nonane,lacticacid,0.98968096,1.5216e-07,0.01031889,0.00042713,0.99956216,1.0715e-05
40.0,0.9787,0,0.0213,0,1.0,0,h2o,n-nonane,lacticacid,0.97867053,2.2239e-07,0.02132925,0.00042463,0.99955414,2.1235e-05
40.0,0.9669,0,0.0331,0,1.0,0,h2o,n-nonane,lacticacid,0.96689689,3.2613e-07,0.03310278,0.0004219,0.99954646,3.164e-05
40.0,0.9543,0,0.0457,0,1.0,0,h2o,n-nonane,lacticacid,0.95427808,4.7997e-07,0.04572144,0.00041891,0.99953908,4.2016e-05
40.0,0.9407,0,0.0593,0,1.0,0,h2o,n-nonane,lacticacid,0.94071988,7.0899e-07,0.05927941,0.00041561,0.99953194,5.2456e-05
20.0,0.999,0,0.0010033,0,1.0,0,h2o,n-undecane,lacticacid,0.99899688,4.8184e-09,0.00100312,0.00016186,0.99983782,3.2673e-07
20.0,0.998,0,0.0020129,0,1.0,0,h2o,n-undecane,lacticacid,0.99798743,5.0239e-09,0.00201256,0.00016174,0.99983761,6.5361e-07
20.0,0.9959,0,0.0040513,0,1.0,0,h2o,n-undecane,lacticacid,0.99594929,5.4624e-09,0.0040507,0.0001615,0.99983719,1.3079e-06
20.0,0.9897,0,0.0103,0,1.0,0,h2o,n-undecane,lacticacid,0.98967649,7.0299e-09,0.0103235,0.00016078,0.99983594,3.2761e-06
20.0,0.9787,0,0.0213,0,1.0,0,h2o,n-undecane,lacticacid,0.97866205,1.075e-08,0.02133794,0.00015952,0.9998339,6.5837e-06
20.0,0.9669,0,0.0331,0,1.0,0,h2o,n-undecane,lacticacid,0.96688494,1.653e-08,0.03311504,0.00015817,0.99983188,9.9434e-06
20.0,0.9543,0,0.0457,0,1.0,0,h2o,n-undecane,lacticacid,0.95426317,2.5563e-08,0.04573681,0.00015673,0.99982989,1.3379e-05
20.0,0.9407,0,0.0593,0,1.0,0,h2o,n-undecane,lacticacid,0.94070251,3.9762e-08,0.05929745,0.00015518,0.9998279,1.692e-05
30.0,0.999,0,0.0010033,0,1.0,0,h2o,n-undecane,lacticacid,0.99899706,5.6248e-09,0.00100294,0.0002763,0.99972308,6.1998e-07
30.0,0.998,0,0.0020129,0,1.0,0,h2o,n-undecane,lacticacid,0.99798778,5.8719e-09,0.00201221,0.00027612,0.99972264,1.2392e-06
30.0,0.9959,0,0.0040513,0,1.0,0,h2o,n-undecane,lacticacid,0.99594999,6.4001e-09,0.00405,0.00027576,0.99972177,2.4757e-06
30.0,0.9897,0,0.0103,0,1.0,0,h2o,n-undecane,lacticacid,0.98967818,8.2961e-09,0.01032181,0.00027464,0.99971919,6.1717e-06
30.0,0.9787,0,0.0213,0,1.0,0,h2o,n-undecane,lacticacid,0.97866523,1.2831e-08,0.02133476,0.00027268,0.99971502,1.2306e-05
30.0,0.9669,0,0.0331,0,1.0,0,h2o,n-undecane,lacticacid,0.96688944,1.994e-08,0.03311054,0.00027058,0.99971098,1.8445e-05
30.0,0.9543,0,0.0457,0,1.0,0,h2o,n-undecane,lacticacid,0.9542688,3.1141e-08,0.04573117,0.00026832,0.99970705,2.4634e-05
30.0,0.9407,0,0.0593,0,1.0,0,h2o,n-undecane,lacticacid,0.94070912,4.888e-08,0.05929083,0.00026587,0.99970321,3.0927e-05
40.0,0.999,0,0.0010033,0,1.0,0,h2o,n-undecane,lacticacid,0.99899737,6.7662e-09,0.00100263,0.00045228,0.99954661,1.1087e-06
40.0,0.998,0,0.0020129,0,1.0,0,h2o,n-undecane,lacticacid,0.9979884,7.0713e-09,0.00201159,0.00045202,0.99954577,2.2146e-06
40.0,0.9959,0,0.0040513,0,1.0,0,h2o,n-undecane,lacticacid,0.99595122,7.7244e-09,0.00404878,0.00045148,0.9995441,4.4181e-06
40.0,0.9897,0,0.0103,0,1.0,0,h2o,n-undecane,lacticacid,0.98968115,1.0077e-08,0.01031884,0.00045048,0.99953851,1.1007e-05
40.0,0.9787,0,0.0213,0,1.0,0,h2o,n-undecane,lacticacid,0.9786708,1.5742e-08,0.02132919,0.00044767,0.99953052,2.1807e-05
40.0,0.9669,0,0.0331,0,1.0,0,h2o,n-undecane,lacticacid,0.96689725,2.469e-08,0.03310273,0.00044463,0.99952289,3.2481e-05
40.0,0.9543,0,0.0457,0,1.0,0,h2o,n-undecane,lacticacid,0.95427852,3.8884e-08,0.04572144,0.00044131,0.99951557,4.3117e-05
40.0,0.9407,0,0.0593,0,1.0,0,h2o,n-undecane,lacticacid,0.94072046,6.15e-08,0.05927948,0.00043768,0.99950851,5.3811e-05
20.0,0.999,0,0.0010033,0,1.0,0,h2o,octane,lacticacid,0.99899655,3.4254e-07,0.00100311,0.00015206,0.99984762,3.2137e-07
20.0,0.998,0,0.0020129,0,1.0,0,h2o,octane,lacticacid,0.99798709,3.5378e-07,0.00201255,0.00015196,0.9998474,6.429e-07
20.0,0.9959,0,0.0040513,0,1.0,0,h2o,octane,lacticacid,0.99594894,3.7743e-07,0.00405068,0.00015175,0.99984697,1.2865e-06
20.0,0.9897,0,0.0103,0,1.0,0,h2o,octane,lacticacid,0.98967609,4.5876e-07,0.01032345,0.00015111,0.99984567,3.2231e-06
20.0,0.9787,0,0.0213,0,1.0,0,h2o,octane,lacticacid,0.97866153,6.3722e-07,0.02133783,0.00014999,0.99984353,6.4791e-06
20.0,0.9669,0,0.0331,0,1.0,0,h2o,octane,lacticacid,0.96688426,8.8896e-07,0.03311485,0.00014879,0.99984142,9.7888e-06
20.0,0.9543,0,0.0457,0,1.0,0,h2o,octane,lacticacid,0.95426223,1.2457e-06,0.04573652,0.0001475,0.99983932,1.3176e-05
20.0,0.9407,0,0.0593,0,1.0,0,h2o,octane,lacticacid,0.9407012,1.7537e-06,0.05929704,0.0001461,0.99983723,1.667e-05
30.0,0.999,0,0.0010033,0,1.0,0,h2o,octane,lacticacid,0.99899669,3.756e-07,0.00100293,0.00025911,0.99974028,6.1023e-07
30.0,0.998,0,0.0020129,0,1.0,0,h2o,octane,lacticacid,0.99798742,3.8834e-07,0.00201219,0.00025895,0.99973983,1.2198e-06
30.0,0.9959,0,0.0040513,0,1.0,0,h2o,octane,lacticacid,0.99594962,4.1518e-07,0.00404997,0.00025864,0.99973892,2.4371e-06
30.0,0.9897,0,0.0103,0,1.0,0,h2o,octane,lacticacid,0.98967777,5.0778e-07,0.01032173,0.00025767,0.99973625,6.0767e-06
30.0,0.9787,0,0.0213,0,1.0,0,h2o,octane,lacticacid,0.97866472,7.123e-07,0.02133457,0.00025597,0.99973191,1.2122e-05
30.0,0.9669,0,0.0331,0,1.0,0,h2o,octane,lacticacid,0.96688877,1.003e-06,0.03311023,0.00025413,0.99972769,1.8176e-05
30.0,0.9543,0,0.0457,0,1.0,0,h2o,octane,lacticacid,0.95426788,1.4178e-06,0.0457307,0.00025213,0.99972358,2.4286e-05
30.0,0.9407,0,0.0593,0,1.0,0,h2o,octane,lacticacid,0.94070782,2.0122e-06,0.05929017,0.00024995,0.99971954,3.0506e-05
40.0,0.999,0,0.0010033,0,1.0,0,h2o,octane,lacticacid,0.99899696,4.2283e-07,0.00100261,0.00042348,0.99957543,1.0921e-06
40.0,0.998,0,0.0020129,0,1.0,0,h2o,octane,lacticacid,0.99798801,4.3758e-07,0.00201156,0.00042391,0.9995739,2.1905e-06
40.0,0.9959,0,0.0040513,0,1.0,0,h2o,octane,lacticacid,0.99595082,4.6871e-07,0.00404871,0.00042349,0.99957214,4.3708e-06
40.0,0.9897,0,0.0103,0,1.0,0,h2o,octane,lacticacid,0.98968073,5.7643e-07,0.01031869,0.00042219,0.99956695,1.0857e-05
40.0,0.9787,0,0.0213,0,1.0,0,h2o,octane,lacticacid,0.97867033,8.157e-07,0.02132886,0.00041986,0.99955862,2.1523e-05
40.0,0.9669,0,0.0331,0,1.0,0,h2o,octane,lacticacid,0.96689667,1.1579e-06,0.03310217,0.00041728,0.99955064,3.2079e-05
40.0,0.9543,0,0.0457,0,1.0,0,h2o,octane,lacticacid,0.95427773,1.6492e-06,0.04572062,0.00041444,0.99954295,4.2611e-05
40.0,0.9407,0,0.0593,0,1.0,0,h2o,octane,lacticacid,0.9407193,2.3568e-06,0.05927834,0.00041129,0.9995355,5.3216e-05
20.0,0.999,0,0.0010033,0,1.0,0,h2o,pentane,lacticacid,0.99897191,2.5007e-05,0.00100308,0.00013916,0.99986052,3.1644e-07
20.0,0.998,0,0.0020129,0,1.0,0,h2o,pentane,lacticacid,0.99796193,2.5586e-05,0.00201249,0.00013908,0.99986029,6.3305e-07
20.0,0.9959,0,0.0040513,0,1.0,0,h2o,pentane,lacticacid,0.99592267,2.6786e-05,0.00405054,0.00013891,0.99985982,1.2669e-06
20.0,0.9897,0,0.0103,0,1.0,0,h2o,pentane,lacticacid,0.98964618,3.0759e-05,0.01032306,0.00013839,0.99985843,3.1745e-06
20.0,0.9787,0,0.0213,0,1.0,0,h2o,pentane,lacticacid,0.97862433,3.8829e-05,0.02133684,0.00013748,0.99985614,6.3837e-06
20.0,0.9669,0,0.0331,0,1.0,0,h2o,pentane,lacticacid,0.96683784,4.9175e-05,0.03311298,0.00013649,0.99985386,9.6486e-06
20.0,0.9543,0,0.0457,0,1.0,0,h2o,pentane,lacticacid,0.95420417,6.2488e-05,0.04573335,0.00013541,0.99985159,1.2994e-05
20.0,0.9407,0,0.0593,0,1.0,0,h2o,pentane,lacticacid,0.94062839,7.9681e-05,0.05929193,0.00013423,0.99984932,1.6447e-05
30.0,0.999,0,0.0010033,0,1.0,0,h2o,pentane,lacticacid,0.99897123,2.5881e-05,0.00100289,0.00023683,0.99976257,6.0295e-07
30.0,0.998,0,0.0020129,0,1.0,0,h2o,pentane,lacticacid,0.99796139,2.6503e-05,0.00201211,0.00023671,0.99976209,1.2053e-06
30.0,0.9959,0,0.0040513,0,1.0,0,h2o,pentane,lacticacid,0.99592241,2.7795e-05,0.0040498,0.00023647,0.99976112,2.4083e-06
30.0,0.9897,0,0.0103,0,1.0,0,h2o,pentane,lacticacid,0.98964667,3.2082e-05,0.01032124,0.00023573,0.99975827,6.0069e-06
30.0,0.9787,0,0.0213,0,1.0,0,h2o,pentane,lacticacid,0.97862579,4.0834e-05,0.02133338,0.00023439,0.99975362,1.1989e-05
30.0,0.9669,0,0.0331,0,1.0,0,h2o,pentane,lacticacid,0.96683986,5.2122e-05,0.03310801,0.00023293,0.99974908,1.7987e-05
30.0,0.9543,0,0.0457,0,1.0,0,h2o,pentane,lacticacid,0.95420629,6.6727e-05,0.04572699,0.00023131,0.99974464,2.4048e-05
30.0,0.9407,0,0.0593,0,1.0,0,h2o,pentane,lacticacid,0.94063005,8.5688e-05,0.05928426,0.00022952,0.99974026,3.0224e-05
40.0,0.999,0,0.0010033,0,1.0,0,h2o,pentane,lacticacid,0.99897007,2.7375e-05,0.00100255,0.00038749,0.99961142,1.089e-06
40.0,0.998,0,0.0020129,0,1.0,0,h2o,pentane,lacticacid,0.9979605,2.8056e-05,0.00201144,0.00038736,0.99961047,2.1756e-06
40.0,0.9959,0,0.0040513,0,1.0,0,h2o,pentane,lacticacid,0.99592206,2.947e-05,0.00404847,0.00038708,0.99960858,4.3419e-06
40.0,0.9897,0,0.0103,0,1.0,0,h2o,pentane,lacticacid,0.98964779,3.4172e-05,0.01031804,0.00038621,0.999603,1.0791e-05
40.0,0.9787,0,0.0213,0,1.0,0,h2o,pentane,lacticacid,0.97862889,4.3816e-05,0.02132729,0.00038458,0.999594,2.1414e-05
40.0,0.9669,0,0.0331,0,1.0,0,h2o,pentane,lacticacid,0.96684435,5.6318e-05,0.03309933,0.00038271,0.99958534,3.1947e-05
40.0,0.9543,0,0.0457,0,1.0,0,h2o,pentane,lacticacid,0.95421148,7.2571e-05,0.04571595,0.00038056,0.99957696,4.2477e-05
40.0,0.9407,0,0.0593,0,1.0,0,h2o,pentane,lacticacid,0.94063517,9.3763e-05,0.05927107,0.00037811,0.99956879,5.3099e-05
20.0,0.999,0,0.0010033,0,1.0,0,h2o,thf,lacticacid,0.50149463,0.49800319,0.00050218,0.50147288,0.49802492,0.00050219
20.0,0.998,0,0.0020129,0,1.0,0,h2o,thf,lacticacid,0.50091317,0.49807928,0.00100755,0.50089243,0.4981,0.00100757
20.0,0.9959,0,0.0040513,0,1.0,0,h2o,thf,lacticacid,0.49973419,0.49823785,0.00202796,0.49971534,0.49825666,0.002028
20.0,0.9897,0,0.0103,0,1.0,0,h2o,thf,lacticacid,0.49607271,0.49875836,0.00516893,0.49604753,0.49878341,0.00516906
20.0,0.9787,0,0.0213,0,1.0,0,h2o,thf,lacticacid,0.48951431,0.49979919,0.01068649,0.48949896,0.49981439,0.01068665
20.0,0.9669,0,0.0331,0,1.0,0,h2o,thf,lacticacid,0.48238466,0.50102517,0.01659017,0.48236761,0.50104195,0.01659044
20.0,0.9543,0,0.0457,0,1.0,0,h2o,thf,lacticacid,0.47465309,0.50242414,0.02292277,0.47463383,0.50244298,0.02292319
20.0,0.9407,0,0.0593,0,1.0,0,h2o,thf,lacticacid,0.46628531,0.50398108,0.02973361,0.46627425,0.50399184,0.02973391
30.0,0.999,0,0.0010033,0,1.0,0,h2o,thf,lacticacid,0.51683098,0.48267283,0.00049619,0.51680891,0.48269488,0.0004962
30.0,0.998,0,0.0020129,0,1.0,0,h2o,thf,lacticacid,0.51620426,0.48280011,0.00099564,0.51618321,0.48282113,0.00099566
30.0,0.9959,0,0.0040513,0,1.0,0,h2o,thf,lacticacid,0.51493114,0.48306442,0.00200444,0.51491201,0.4830835,0.00200449
30.0,0.9897,0,0.0103,0,1.0,0,h2o,thf,lacticacid,0.51095367,0.48393381,0.00511251,0.51093944,0.48394796,0.0051126
30.0,0.9787,0,0.0213,0,1.0,0,h2o,thf,lacticacid,0.50379632,0.48562195,0.01058173,0.50378057,0.48563751,0.01058192
30.0,0.9669,0,0.0331,0,1.0,0,h2o,thf,lacticacid,0.49596551,0.48758918,0.01644531,0.4959478,0.48760656,0.01644564
30.0,0.9543,0,0.0457,0,1.0,0,h2o,thf,lacticacid,0.48745327,0.48980129,0.02274544,0.48743298,0.48982108,0.02274593
30.0,0.9407,0,0.0593,0,1.0,0,h2o,thf,lacticacid,0.47824341,0.49222646,0.02953013,0.47823166,0.49223785,0.02953049
40.0,0.999,0,0.0010033,0,1.0,0,h2o,thf,lacticacid,0.53175512,0.46775477,0.00049011,0.53173999,0.46776989,0.00049012
40.0,0.998,0,0.0020129,0,1.0,0,h2o,thf,lacticacid,0.5310809,0.46793553,0.00098357,0.5310665,0.46794991,0.00098359
40.0,0.9959,0,0.0040513,0,1.0,0,h2o,thf,lacticacid,0.52971367,0.46830566,0.00198067,0.52969027,0.46832899,0.00198074
40.0,0.9897,0,0.0103,0,1.0,0,h2o,thf,lacticacid,0.52540385,0.46954008,0.00505607,0.52538642,0.46955738,0.00505619
40.0,0.9787,0,0.0213,0,1.0,0,h2o,thf,lacticacid,0.5175917,0.47192881,0.01047949,0.51757232,0.47194792,0.01047976
40.0,0.9669,0,0.0331,0,1.0,0,h2o,thf,lacticacid,0.50899668,0.47469475,0.01630858,0.50897477,0.47471621,0.01630902
40.0,0.9543,0,0.0457,0,1.0,0,h2o,thf,lacticacid,0.49962828,0.47778651,0.02258521,0.4996154,0.47779905,0.02258555
40.0,0.9407,0,0.0593,0,1.0,0,h2o,thf,lacticacid,0.4895135,0.48113111,0.02935538,0.48949876,0.48114538,0.02935587
20.0,0.999,0,0.0010033,0,1.0,0,h2o,thymol,lacticacid,0.99919444,0.00019807,0.00060749,0.30007154,0.69931938,0.00060908
20.0,0.998,0,0.0020129,0,1.0,0,h2o,thymol,lacticacid,0.99857932,0.00020116,0.00121952,0.30027121,0.69850602,0.00122276
20.0,0.9959,0,0.0040513,0,1.0,0,h2o,thymol,lacticacid,0.99733509,0.00020754,0.00245737,0.30067135,0.69686458,0.00246408
20.0,0.9897,0,0.0103,0,1.0,0,h2o,thymol,lacticacid,0.99348635,0.0002283,0.00628535,0.30188305,0.69181387,0.00630309
20.0,0.9787,0,0.0213,0,1.0,0,h2o,thymol,lacticacid,0.9866545,0.00026926,0.01307624,0.30392147,0.68297083,0.01310769
20.0,0.9669,0,0.0331,0,1.0,0,h2o,thymol,lacticacid,0.97923936,0.00032018,0.02044046,0.3059817,0.67355304,0.02046526
20.0,0.9543,0,0.0457,0,1.0,0,h2o,thymol,lacticacid,0.97115902,0.0003841,0.02845688,0.30806731,0.66349715,0.02843555
20.0,0.9407,0,0.0593,0,1.0,0,h2o,thymol,lacticacid,0.9623151,0.00046524,0.03721966,0.31017289,0.65274066,0.03708646
30.0,0.999,0,0.0010033,0,1.0,0,h2o,thymol,lacticacid,0.99922999,0.00018777,0.00058224,0.29383414,0.70555459,0.00061126
30.0,0.998,0,0.0020129,0,1.0,0,h2o,thymol,lacticacid,0.99864024,0.00019068,0.00116907,0.2940515,0.70472137,0.00122713
30.0,0.9959,0,0.0040513,0,1.0,0,h2o,thymol,lacticacid,0.9974466,0.00019668,0.00235672,0.2944916,0.70303547,0.00247293
30.0,0.9897,0,0.0103,0,1.0,0,h2o,thymol,lacticacid,0.99374762,0.00021625,0.00603613,0.29580943,0.69786511,0.00632546
30.0,0.9787,0,0.0213,0,1.0,0,h2o,thymol,lacticacid,0.9871586,0.00025495,0.01258644,0.29804112,0.68880523,0.01315365
30.0,0.9669,0,0.0331,0,1.0,0,h2o,thymol,lacticacid,0.9799761,0.00030324,0.01972066,0.30031092,0.6791529,0.02053618
30.0,0.9543,0,0.0457,0,1.0,0,h2o,thymol,lacticacid,0.97211487,0.00036415,0.02752097,0.30261784,0.6688501,0.02853206
30.0,0.9407,0,0.0593,0,1.0,0,h2o,thymol,lacticacid,0.96347344,0.00044186,0.0360847,0.30496009,0.65783074,0.03720918
40.0,0.999,0,0.0010033,0,1.0,0,h2o,thymol,lacticacid,0.99925684,0.00018253,0.00056063,0.28939288,0.70999298,0.00061413
40.0,0.998,0,0.0020129,0,1.0,0,h2o,thymol,lacticacid,0.99868876,0.00018534,0.00112589,0.28962805,0.70913905,0.00123289
40.0,0.9959,0,0.0040513,0,1.0,0,h2o,thymol,lacticacid,0.99753827,0.00019114,0.00227059,0.29009975,0.70741577,0.00248448
40.0,0.9897,0,0.0103,0,1.0,0,h2o,thymol,lacticacid,0.99396776,0.00021004,0.00582221,0.29152984,0.70211511,0.00635505
40.0,0.9787,0,0.0213,0,1.0,0,h2o,thymol,lacticacid,0.9875874,0.00024753,0.01216507,0.29394689,0.6928388,0.01321431
40.0,0.9669,0,0.0331,0,1.0,0,h2o,thymol,lacticacid,0.98060522,0.00029446,0.01910032,0.2964176,0.68295302,0.02062938
40.0,0.9543,0,0.0457,0,1.0,0,h2o,thymol,lacticacid,0.97293279,0.00035389,0.02671333,0.29893845,0.67240298,0.02865857
40.0,0.9407,0,0.0593,0,1.0,0,h2o,thymol,lacticacid,0.96446486,0.00043005,0.03510509,0.30150938,0.66112146,0.03736916
20.0,0.999,0,0.0010033,0,1.0,0,h2o,trichloroethene,lacticacid,0.99880494,0.00019362,0.00100144,0.00037258,0.9996254,2.0218e-06
20.0,0.998,0,0.0020129,0,1.0,0,h2o,trichloroethene,lacticacid,0.99779317,0.00019763,0.00200921,0.00037266,0.9996233,4.0451e-06
20.0,0.9959,0,0.0040513,0,1.0,0,h2o,trichloroethene,lacticacid,0.99575013,0.00020591,0.00404396,0.00037282,0.99961908,8.0967e-06
20.0,0.9897,0,0.0103,0,1.0,0,h2o,trichloroethene,lacticacid,0.9894605,0.00023307,0.01030644,0.00037331,0.99960639,2.0302e-05
20.0,0.9787,0,0.0213,0,1.0,0,h2o,trichloroethene,lacticacid,0.97840991,0.00028726,0.02130282,0.00037407,0.99958505,4.0879e-05
20.0,0.9669,0,0.0331,0,1.0,0,h2o,trichloroethene,lacticacid,0.96658453,0.00035525,0.03306023,0.00037475,0.99956337,6.1879e-05
20.0,0.9543,0,0.0457,0,1.0,0,h2o,trichloroethene,lacticacid,0.95389941,0.00044083,0.04565976,0.00037531,0.99954122,8.3467e-05
20.0,0.9407,0,0.0593,0,1.0,0,h2o,trichloroethene,lacticacid,0.94025667,0.000549,0.05919433,0.00037572,0.99951844,0.00010583
30.0,0.999,0,0.0010033,0,1.0,0,h2o,trichloroethene,lacticacid,0.99881094,0.00018887,0.00100019,0.00060846,0.99938802,3.5148e-06
30.0,0.998,0,0.0020129,0,1.0,0,h2o,trichloroethene,lacticacid,0.99780034,0.00019294,0.00200671,0.00060873,0.99938424,7.0272e-06
30.0,0.9959,0,0.0040513,0,1.0,0,h2o,trichloroethene,lacticacid,0.99575963,0.00020137,0.00403901,0.00060928,0.99937668,1.4046e-05
30.0,0.9897,0,0.0103,0,1.0,0,h2o,trichloroethene,lacticacid,0.98947663,0.00022907,0.0102943,0.00061087,0.99935406,3.5071e-05
30.0,0.9787,0,0.0213,0,1.0,0,h2o,trichloroethene,lacticacid,0.97843606,0.00028461,0.02127933,0.00061336,0.9993165,7.0134e-05
30.0,0.9669,0,0.0331,0,1.0,0,h2o,trichloroethene,lacticacid,0.96661927,0.00035467,0.03302606,0.00061562,0.99927893,0.00010545
30.0,0.9543,0,0.0457,0,1.0,0,h2o,trichloroethene,lacticacid,0.95394115,0.00044336,0.0456155,0.00061759,0.99924113,0.00014129
30.0,0.9407,0,0.0593,0,1.0,0,h2o,trichloroethene,lacticacid,0.94030406,0.00055597,0.05913997,0.00062062,0.99920082,0.00017856
40.0,0.999,0,0.0010033,0,1.0,0,h2o,trichloroethene,lacticacid,0.99881291,0.00018885,0.00099824,0.00095778,0.9990364,5.8131e-06
40.0,0.998,0,0.0020129,0,1.0,0,h2o,trichloroethene,lacticacid,0.99780411,0.00019306,0.00200283,0.00095844,0.99902995,1.1615e-05
40.0,0.9959,0,0.0040513,0,1.0,0,h2o,trichloroethene,lacticacid,0.9957669,0.0002018,0.0040313,0.00095973,0.99901708,2.319e-05
40.0,0.9897,0,0.0103,0,1.0,0,h2o,trichloroethene,lacticacid,0.98949393,0.00023057,0.01027549,0.00096349,0.9989788,5.7705e-05
40.0,0.9787,0,0.0213,0,1.0,0,h2o,trichloroethene,lacticacid,0.97846864,0.00028851,0.02124285,0.00097088,0.99891407,0.00011505
40.0,0.9669,0,0.0331,0,1.0,0,h2o,trichloroethene,lacticacid,0.96666482,0.00036197,0.03297322,0.00097665,0.99885124,0.00017211
40.0,0.9543,0,0.0457,0,1.0,0,h2o,trichloroethene,lacticacid,0.9539973,0.00045537,0.04554733,0.00098183,0.99878872,0.00022946
40.0,0.9407,0,0.0593,0,1.0,0,h2o,trichloroethene,lacticacid,0.94036766,0.00057453,0.05905781,0.00098635,0.99872605,0.0002876
20.0,0.999,0,0.0010033,0,1.0,0,h2o,triethylamine,lacticacid,0.99731066,0.00186337,0.00082597,0.00130684,0.99851611,0.00017706
20.0,0.998,0,0.0020129,0,1.0,0,h2o,triethylamine,lacticacid,0.99644618,0.00189908,0.00165474,0.0013283,0.99831384,0.00035786
20.0,0.9959,0,0.0040513,0,1.0,0,h2o,triethylamine,lacticacid,0.99470568,0.0019727,0.00332162,0.00137066,0.99789928,0.00073006
20.0,0.9897,0,0.0103,0,1.0,0,h2o,triethylamine,lacticacid,0.98938055,0.00221285,0.00840661,0.00150038,0.99657278,0.00192685
20.0,0.9787,0,0.0213,0,1.0,0,h2o,triethylamine,lacticacid,0.98013194,0.00268639,0.01718167,0.00175043,0.99404366,0.0042059
20.0,0.9669,0,0.0331,0,1.0,0,h2o,triethylamine,lacticacid,0.97042251,0.00327198,0.02630551,0.00208331,0.9909764,0.00694029
20.0,0.9543,0,0.0457,0,1.0,0,h2o,triethylamine,lacticacid,0.96026949,0.00399643,0.03573407,0.00254221,0.98718531,0.01027248
20.0,0.9407,0,0.0593,0,1.0,0,h2o,triethylamine,lacticacid,0.94975116,0.00489072,0.04535812,0.00321775,0.9823515,0.01443075
30.0,0.999,0,0.0010033,0,1.0,0,h2o,triethylamine,lacticacid,0.99785403,0.00133546,0.00081051,0.00152309,0.9982839,0.00019302
30.0,0.998,0,0.0020129,0,1.0,0,h2o,triethylamine,lacticacid,0.99701478,0.00136144,0.00162378,0.00154805,0.9980621,0.00038985
30.0,0.9959,0,0.0040513,0,1.0,0,h2o,triethylamine,lacticacid,0.99532544,0.00141499,0.00325957,0.00159736,0.99760832,0.00079432
30.0,0.9897,0,0.0103,0,1.0,0,h2o,triethylamine,lacticacid,0.99016181,0.001589,0.00824918,0.00175024,0.99615883,0.00209092
30.0,0.9787,0,0.0213,0,1.0,0,h2o,triethylamine,lacticacid,0.98121814,0.00193088,0.01685098,0.0020491,0.99339635,0.00455455
30.0,0.9669,0,0.0331,0,1.0,0,h2o,triethylamine,lacticacid,0.97187435,0.00234907,0.02577657,0.00244755,0.99004737,0.00750508
30.0,0.9543,0,0.0457,0,1.0,0,h2o,triethylamine,lacticacid,0.96215512,0.00286027,0.03498461,0.0029917,0.98592377,0.01108452
30.0,0.9407,0,0.0593,0,1.0,0,h2o,triethylamine,lacticacid,0.95219545,0.0034772,0.04432735,0.00380123,0.98063462,0.01556415
40.0,0.999,0,0.0010033,0,1.0,0,h2o,triethylamine,lacticacid,0.99818464,0.00101728,0.00079808,0.00175468,0.99803952,0.00020579
40.0,0.998,0,0.0020129,0,1.0,0,h2o,triethylamine,lacticacid,0.99736351,0.0010375,0.00159899,0.00178295,0.99780169,0.00041536
40.0,0.9959,0,0.0040513,0,1.0,0,h2o,triethylamine,lacticacid,0.99571111,0.00107906,0.00320983,0.00184052,0.99731388,0.00084559
40.0,0.9897,0,0.0103,0,1.0,0,h2o,triethylamine,lacticacid,0.99065952,0.00121453,0.00812595,0.00201462,0.99576664,0.00221873
40.0,0.9787,0,0.0213,0,1.0,0,h2o,triethylamine,lacticacid,0.98192273,0.00148008,0.01659718,0.00236189,0.99281742,0.00482068
40.0,0.9669,0,0.0331,0,1.0,0,h2o,triethylamine,lacticacid,0.97280438,0.00180488,0.02539074,0.00281697,0.98926796,0.00791506
40.0,0.9543,0,0.0457,0,1.0,0,h2o,triethylamine,lacticacid,0.96333679,0.00220014,0.03446307,0.00343505,0.98491759,0.01164736
40.0,0.9407,0,0.0593,0,1.0,0,h2o,triethylamine,lacticacid,0.95367297,0.00267348,0.04365355,0.00435218,0.97934405,0.01630376
