 -----------------------------------------
 COSMOtherm Version 19.0.0 (Revision 5259)
 -----------------------------------------
 written by Frank Eckert, Andreas Klamt, Larissa Koch, Selman Terzi
 Copyright (C) 1999-2018, COSMOlogic GmbH & Co. KG

 Job name   : !! Multi-Component-2-Phase-Equilibrium calculation                        
 Job date   : 04/10/2025
 Job time   : 17:25:25
 Hostname   : unknown
 OS type    : Windows_NT
 Executable : Windows 64-bit

 Reading COSMOtherm parameter file BP_TZVPD_FINE_19.ctd from directory C:/Program Files/COSMOlogic/COSMOthermX19/COSMOtherm/CTDATA-FILES/
 Info: # COSMOtherm parameter file ./BP_TZVPD_FINE_19.ctd for BP-TZVPD-FINE (BP-TZVP optimized) COSMO files                                                  

 Reading COSMOtherm license key license.txt from directory C:/Program Files/COSMOlogic/COSMOthermX19/licensefiles/

 COSMOtherm license key expiration date 12/03/2025
 COSMOtherm license key version 24
 Customer : 200000000035108
 ID       : LKO2613120

 License keys:
  product                   |    licensed version    | status
 ------------------------------------------------------------------------------ 
  COSMOtherm                |          24            | active
  TURBOMOLE                 |          21            | active
  COSMOquick                |          24            | active
  COSMOconf                 |          24            | active
  COSMOmic                  |          24            | active
  COSMObase                 |          24            | active
  COSMOperm                 |          24            | active
  COSMOplex                 |          24            | active
 ------------------------------------------------------------------------------ 
 
 Reading vapor pressure and property information for compound 1 from file V:\groups\COSMOTHERM-Datenbank\COSMObase-1901\BP-TZVPD-FINE/h/h2o.vap
 Reading COSMO information for compound 1 conformer 1 from file V:\groups\COSMOTHERM-Datenbank\COSMObase-1901\BP-TZVPD-FINE/h/h2o_c0.cosmo
 
 Reading vapor pressure and property information for compound 2 from file V:\groups\COSMOTHERM-Datenbank\COSMObase-1901\BP-TZVPD-FINE/3/3-octanone.vap
 Reading COSMO information for compound 2 conformer 1 from file V:\groups\COSMOTHERM-Datenbank\COSMObase-1901\BP-TZVPD-FINE/3/3-octanone_c0.cosmo
 Reading COSMO information for compound 2 conformer 2 from file V:\groups\COSMOTHERM-Datenbank\COSMObase-1901\BP-TZVPD-FINE/3/3-octanone_c1.cosmo
 Reading COSMO information for compound 2 conformer 3 from file V:\groups\COSMOTHERM-Datenbank\COSMObase-1901\BP-TZVPD-FINE/3/3-octanone_c2.cosmo
 Reading COSMO information for compound 2 conformer 4 from file V:\groups\COSMOTHERM-Datenbank\COSMObase-1901\BP-TZVPD-FINE/3/3-octanone_c3.cosmo
 
 Reading vapor pressure and property information for compound 3 from file V:\groups\COSMOTHERM-Datenbank\COSMObase-1901\BP-TZVPD-FINE/l/lacticacid.vap
 Reading COSMO information for compound 3 conformer 1 from file V:\groups\COSMOTHERM-Datenbank\COSMObase-1901\BP-TZVPD-FINE/l/lacticacid_c0.cosmo
 Reading COSMO information for compound 3 conformer 2 from file V:\groups\COSMOTHERM-Datenbank\COSMObase-1901\BP-TZVPD-FINE/l/lacticacid_c1.cosmo
 Reading COSMO information for compound 3 conformer 3 from file V:\groups\COSMOTHERM-Datenbank\COSMObase-1901\BP-TZVPD-FINE/l/lacticacid_c2.cosmo
 Reading COSMO information for compound 3 conformer 4 from file V:\groups\COSMOTHERM-Datenbank\COSMObase-1901\BP-TZVPD-FINE/l/lacticacid_c3.cosmo
 Reading COSMO information for compound 3 conformer 5 from file V:\groups\COSMOTHERM-Datenbank\COSMObase-1901\BP-TZVPD-FINE/l/lacticacid_c4.cosmo
 Reading COSMO information for compound 3 conformer 6 from file V:\groups\COSMOTHERM-Datenbank\COSMObase-1901\BP-TZVPD-FINE/l/lacticacid_c5.cosmo


 --- Compound 1 (h2o) ---

 Experimental data for compound 1 (h2o) :
 CAS registry number for compound 1 (CAS-RN = 7732-18-5)
 Antoine equation coefficients ([mbar]/[K]) for compound 1:        18.8198      3956.2903       -40.6247
 Wagner equation coefficients ([mbar]/[K]) for compound 1:    220600.0000       647.1400        -7.7645         1.4584        -2.7758        -1.2330
 Vapor Pressure [mbar] / Temperature [°C] input for compound 1:
               10.0000            7.0000
              100.0000           45.8000
             1000.0000           99.6000
 Minimum temperature for vapor pressure estimation of compound 1 (TPVMIN = 275.00000 K)
 Maximum temperature for vapor pressure estimation of compound 1 (TPVMAX = 647.00000 K)
 UNIQUAC volume parameter for compound 1 (UNIQUAC_RI = 0.92000)
 UNIQUAC surface parameter for compound 1 (UNIQUAC_QI = 1.40000)
 Boiling temperature of compound 1 (TBOIL = 373.15000 K)
 Melting temperature of compound 1 (TMELT = 273.15000 K)
 Experimental dielectric constant for compound 1 (EPSILON = 78.20000)
 Critical temperature of compound 1 (TCRIT = 647.09600 K)
 Critical pressure of compound 1 (PCRIT = 220640.00000 mbar)
 Critical density of compound 1 (DCRIT = 0.32239 g/ml)
 DIPPR 116 density parameters for compound 1 (EXPDENSDIPPR116 = {0.92619 -1.15605 3.01718 -2.12561 273.16000 647.09500})

 Compound Information for compound 1 conformer 1 (COSMO file V:\groups\COSMOTHERM-Datenbank\COSMObase-1901\BP-TZVPD-FINE/h/h2o_c0.cosmo)
 Atomic weights         : 111
 E_COSMO+dE             :     -47993.2533 kcal/mol
 E_gas                  :     -47987.6758 kcal/mol
 E_COSMO-E_gas+dE       :         -5.5774 kcal/mol
 E_diel                 :         -8.0924 kcal/mol
 E_disp_intramolecular  :         -0.2880 kcal/mol
 Averaging corr dE      :          0.4368 kcal/mol
 Area                   :         43.1419 A^2
 Volume                 :         25.8553 A^3
 Molecular Weight       :         18.0153 a.m.u.
 Total COSMO charge     :         -0.0001 a.u.
 Dipole moment (t,x,y,z):          2.2004  0.001108  0.000271 -2.200437 Debye                            
 Sigma moments (1-6)    :          0.0000  6.40E+01  2.982917  1.35E+02  1.50E+01  3.17E+02              
 H-bond moment (accept) :          3.0054
 H-bond moment (donor)  :          2.9616
 
 No gas phase energy file for compound 1 conformer 1 found, using single point gas phase energy from cosmo file


 --- Compound 2 (3-octanone) ---

 Experimental data for compound 2 (3-octanone) :
 CAS registry number for compound 2 (CAS-RN = 106-68-3)
 Antoine equation coefficients ([mbar]/[K]) for compound 2:        22.3523      7618.4710        59.1289
 Vapor Pressure [mbar] / Temperature [°C] input for compound 2:
               10.0000           47.7000
              100.0000           97.0000
             1000.0000          161.0000
 Minimum temperature for vapor pressure estimation of compound 2 (TPVMIN = 320.85000 K)
 Maximum temperature for vapor pressure estimation of compound 2 (TPVMAX = 434.15000 K)
 Boiling temperature of compound 2 (TBOIL = 440.65000 K)

 Compound Information for compound 2 conformer 1 (COSMO file V:\groups\COSMOTHERM-Datenbank\COSMObase-1901\BP-TZVPD-FINE/3/3-octanone_c0.cosmo)
 Atomic weights         : 1111111111111111111111111
 E_COSMO+dE             :    -244677.1613 kcal/mol
 E_gas                  :    -244671.6090 kcal/mol
 E_COSMO-E_gas+dE       :         -5.5523 kcal/mol
 E_diel                 :         -7.6723 kcal/mol
 E_disp_intramolecular  :        -18.9029 kcal/mol
 Averaging corr dE      :          0.3543 kcal/mol
 Area                   :        201.9531 A^2
 Volume                 :        195.2674 A^3
 Molecular Weight       :        128.2128 a.m.u.
 Total COSMO charge     :          0.0006 a.u.
 Dipole moment (t,x,y,z):          4.0205  0.278717  2.805328 -2.866523 Debye                            
 Sigma moments (1-6)    :          0.0000  4.60E+01  3.32E+01  5.71E+01  7.33E+01  1.09E+02              
 H-bond moment (accept) :          2.1972
 H-bond moment (donor)  :          0.0000
 
 No gas phase energy file for compound 2 conformer 1 found, using single point gas phase energy from cosmo file

 Compound Information for compound 2 conformer 2 (COSMO file V:\groups\COSMOTHERM-Datenbank\COSMObase-1901\BP-TZVPD-FINE/3/3-octanone_c1.cosmo)
 Atomic weights         : 1111111111111111111111111
 E_COSMO+dE             :    -244676.9695 kcal/mol
 E_gas                  :    -244671.2384 kcal/mol
 E_COSMO-E_gas+dE       :         -5.7311 kcal/mol
 E_diel                 :         -7.8288 kcal/mol
 E_disp_intramolecular  :        -19.1457 kcal/mol
 Averaging corr dE      :          0.3540 kcal/mol
 Area                   :        201.6565 A^2
 Volume                 :        195.8468 A^3
 Molecular Weight       :        128.2128 a.m.u.
 Total COSMO charge     :          0.0004 a.u.
 Dipole moment (t,x,y,z):          4.2006 -1.485925 -0.032969 -3.928830 Debye                            
 Sigma moments (1-6)    :          0.0000  4.72E+01  3.72E+01  6.30E+01  8.47E+01  1.28E+02              
 H-bond moment (accept) :          2.5112
 H-bond moment (donor)  :          0.0000
 
 No gas phase energy file for compound 2 conformer 2 found, using single point gas phase energy from cosmo file

 Compound Information for compound 2 conformer 3 (COSMO file V:\groups\COSMOTHERM-Datenbank\COSMObase-1901\BP-TZVPD-FINE/3/3-octanone_c2.cosmo)
 Atomic weights         : 1111111111111111111111111
 E_COSMO+dE             :    -244677.1729 kcal/mol
 E_gas                  :    -244671.9802 kcal/mol
 E_COSMO-E_gas+dE       :         -5.1927 kcal/mol
 E_diel                 :         -7.2192 kcal/mol
 E_disp_intramolecular  :        -19.3793 kcal/mol
 Averaging corr dE      :          0.3565 kcal/mol
 Area                   :        199.9975 A^2
 Volume                 :        195.5727 A^3
 Molecular Weight       :        128.2128 a.m.u.
 Total COSMO charge     :          0.0007 a.u.
 Dipole moment (t,x,y,z):          4.0107  0.593522 -3.178780 -2.372516 Debye                            
 Sigma moments (1-6)    :          0.0000  4.38E+01  3.09E+01  5.34E+01  6.78E+01  1.01E+02              
 H-bond moment (accept) :          2.1024
 H-bond moment (donor)  :          0.0000
 
 No gas phase energy file for compound 2 conformer 3 found, using single point gas phase energy from cosmo file

 Compound Information for compound 2 conformer 4 (COSMO file V:\groups\COSMOTHERM-Datenbank\COSMObase-1901\BP-TZVPD-FINE/3/3-octanone_c3.cosmo)
 Atomic weights         : 1111111111111111111111111
 E_COSMO+dE             :    -244676.5451 kcal/mol
 E_gas                  :    -244670.8185 kcal/mol
 E_COSMO-E_gas+dE       :         -5.7265 kcal/mol
 E_diel                 :         -7.8344 kcal/mol
 E_disp_intramolecular  :        -19.5169 kcal/mol
 Averaging corr dE      :          0.3594 kcal/mol
 Area                   :        199.8082 A^2
 Volume                 :        195.6987 A^3
 Molecular Weight       :        128.2128 a.m.u.
 Total COSMO charge     :          0.0007 a.u.
 Dipole moment (t,x,y,z):          4.1579  1.334796  3.748113  1.207660 Debye                            
 Sigma moments (1-6)    :          0.0000  4.70E+01  3.68E+01  6.26E+01  8.39E+01  1.27E+02              
 H-bond moment (accept) :          2.5452
 H-bond moment (donor)  :          0.0000
 
 No gas phase energy file for compound 2 conformer 4 found, using single point gas phase energy from cosmo file


 --- Compound 3 (lacticacid) ---

 Compound Information for compound 3 conformer 1 (COSMO file V:\groups\COSMOTHERM-Datenbank\COSMObase-1901\BP-TZVPD-FINE/l/lacticacid_c0.cosmo)
 Atomic weights         : 111111111111
 E_COSMO+dE             :    -215748.6801 kcal/mol
 E_gas                  :    -215737.1594 kcal/mol
 E_COSMO-E_gas+dE       :        -11.5207 kcal/mol
 E_diel                 :        -14.9233 kcal/mol
 E_disp_intramolecular  :         -7.9216 kcal/mol
 Averaging corr dE      :          0.6215 kcal/mol
 Area                   :        120.1634 A^2
 Volume                 :        106.5048 A^3
 Molecular Weight       :         90.0783 a.m.u.
 Total COSMO charge     :          0.0003 a.u.
 Dipole moment (t,x,y,z):          5.6342 -4.962581 -1.954290  1.815876 Debye                            
 Sigma moments (1-6)    :          0.0000  9.26E+01 -4.184013  1.56E+02 -5.10E+01  3.43E+02              
 H-bond moment (accept) :          2.0855
 H-bond moment (donor)  :          2.8372
 
 No gas phase energy file for compound 3 conformer 1 found, using single point gas phase energy from cosmo file

 Compound Information for compound 3 conformer 2 (COSMO file V:\groups\COSMOTHERM-Datenbank\COSMObase-1901\BP-TZVPD-FINE/l/lacticacid_c1.cosmo)
 Atomic weights         : 111111111111
 E_COSMO+dE             :    -215748.4986 kcal/mol
 E_gas                  :    -215737.5373 kcal/mol
 E_COSMO-E_gas+dE       :        -10.9613 kcal/mol
 E_diel                 :        -14.1864 kcal/mol
 E_disp_intramolecular  :         -7.9782 kcal/mol
 Averaging corr dE      :          0.6372 kcal/mol
 Area                   :        119.5838 A^2
 Volume                 :        106.3744 A^3
 Molecular Weight       :         90.0783 a.m.u.
 Total COSMO charge     :          0.0003 a.u.
 Dipole moment (t,x,y,z):          5.6432 -4.887041  2.797840  0.367402 Debye                            
 Sigma moments (1-6)    :          0.0000  8.87E+01  1.972080  1.40E+02 -2.98E+01  2.93E+02              
 H-bond moment (accept) :          1.8771
 H-bond moment (donor)  :          2.4847
 
 No gas phase energy file for compound 3 conformer 2 found, using single point gas phase energy from cosmo file

 Compound Information for compound 3 conformer 3 (COSMO file V:\groups\COSMOTHERM-Datenbank\COSMObase-1901\BP-TZVPD-FINE/l/lacticacid_c2.cosmo)
 Atomic weights         : 111111111111
 E_COSMO+dE             :    -215747.6065 kcal/mol
 E_gas                  :    -215739.4763 kcal/mol
 E_COSMO-E_gas+dE       :         -8.1301 kcal/mol
 E_diel                 :        -10.2144 kcal/mol
 E_disp_intramolecular  :         -7.8101 kcal/mol
 Averaging corr dE      :          0.7457 kcal/mol
 Area                   :        120.2417 A^2
 Volume                 :        106.5759 A^3
 Molecular Weight       :         90.0783 a.m.u.
 Total COSMO charge     :          0.0004 a.u.
 Dipole moment (t,x,y,z):          3.4208 -2.782781 -1.975225 -0.237114 Debye                            
 Sigma moments (1-6)    :          0.0000  8.17E+01 -9.493434  1.52E+02 -8.52E+01  4.02E+02              
 H-bond moment (accept) :          2.0796
 H-bond moment (donor)  :          3.5488
 
 No gas phase energy file for compound 3 conformer 3 found, using single point gas phase energy from cosmo file

 Compound Information for compound 3 conformer 4 (COSMO file V:\groups\COSMOTHERM-Datenbank\COSMObase-1901\BP-TZVPD-FINE/l/lacticacid_c3.cosmo)
 Atomic weights         : 111111111111
 E_COSMO+dE             :    -215746.1854 kcal/mol
 E_gas                  :    -215736.5699 kcal/mol
 E_COSMO-E_gas+dE       :         -9.6155 kcal/mol
 E_diel                 :        -12.0403 kcal/mol
 E_disp_intramolecular  :         -7.8263 kcal/mol
 Averaging corr dE      :          0.7985 kcal/mol
 Area                   :        121.2359 A^2
 Volume                 :        107.7258 A^3
 Molecular Weight       :         90.0783 a.m.u.
 Total COSMO charge     :          0.0004 a.u.
 Dipole moment (t,x,y,z):          2.6808  0.687585  1.222652  2.284563 Debye                            
 Sigma moments (1-6)    :          0.0000  9.52E+01 -9.279924  1.79E+02 -8.57E+01  4.42E+02              
 H-bond moment (accept) :          2.4742
 H-bond moment (donor)  :          4.7099
 
 No gas phase energy file for compound 3 conformer 4 found, using single point gas phase energy from cosmo file

 Compound Information for compound 3 conformer 5 (COSMO file V:\groups\COSMOTHERM-Datenbank\COSMObase-1901\BP-TZVPD-FINE/l/lacticacid_c4.cosmo)
 Atomic weights         : 111111111111
 E_COSMO+dE             :    -215746.0988 kcal/mol
 E_gas                  :    -215734.2469 kcal/mol
 E_COSMO-E_gas+dE       :        -11.8519 kcal/mol
 E_diel                 :        -15.4923 kcal/mol
 E_disp_intramolecular  :         -7.7365 kcal/mol
 Averaging corr dE      :          0.7497 kcal/mol
 Area                   :        121.4869 A^2
 Volume                 :        107.5139 A^3
 Molecular Weight       :         90.0783 a.m.u.
 Total COSMO charge     :          0.0001 a.u.
 Dipole moment (t,x,y,z):          4.5492 -2.507745 -3.769835  0.441697 Debye                            
 Sigma moments (1-6)    :          0.0000  1.05E+02 -0.628692  2.13E+02 -4.53E+01  5.50E+02              
 H-bond moment (accept) :          3.9249
 H-bond moment (donor)  :          4.9729
 
 No gas phase energy file for compound 3 conformer 5 found, using single point gas phase energy from cosmo file

 Compound Information for compound 3 conformer 6 (COSMO file V:\groups\COSMOTHERM-Datenbank\COSMObase-1901\BP-TZVPD-FINE/l/lacticacid_c5.cosmo)
 Atomic weights         : 111111111111
 E_COSMO+dE             :    -215746.0355 kcal/mol
 E_gas                  :    -215736.3775 kcal/mol
 E_COSMO-E_gas+dE       :         -9.6580 kcal/mol
 E_diel                 :        -12.1366 kcal/mol
 E_disp_intramolecular  :         -7.7279 kcal/mol
 Averaging corr dE      :          0.8020 kcal/mol
 Area                   :        121.1546 A^2
 Volume                 :        107.2976 A^3
 Molecular Weight       :         90.0783 a.m.u.
 Total COSMO charge     :          0.0004 a.u.
 Dipole moment (t,x,y,z):          1.9935 -1.037490 -1.370029  1.010343 Debye                            
 Sigma moments (1-6)    :          0.0000  9.63E+01 -1.07E+01  1.83E+02 -8.84E+01  4.53E+02              
 H-bond moment (accept) :          2.5251
 H-bond moment (donor)  :          4.6396
 
 No gas phase energy file for compound 3 conformer 6 found, using single point gas phase energy from cosmo file


 Total number of processed compounds:    3
 Total number of processed molecules:   11


----------------
 START job     1
----------------

 ---------------------------------------------------------------------
 Multi-Component-2-Phase-Equilibrium (Liquid Extraction) calculation
 Initial phase 1: X1={0.995949 0 0.004051}
 Initial phase 2: X2={0 1}
 ---------------------------------------------------------------------



 Results for mixture 1 - LIQ_EX Phase 1 Iteration    0
 ---------------------
 Temperature          :    313.150 K
 Compound Nr.         :         1         2         3
 Compound             :       h2o 3-octanon lacticaci
 Mole Fraction        :    0.9959    0.0000    0.0041

 Compound: 1  (h2o)
 Chemical potential of the compound in the mixture :         3.46913 kcal/mol
 Log10(partial pressure [mbar])                    :         1.52862
 Free energy of molecule in mix (E_COSMO+dE+Mu)    :    -47989.78414 kcal/mol
 Total mean interaction energy in the mix (H_int)  :        -5.54639 kcal/mol
 Misfit interaction energy in the mix (H_MF)       :         0.59153 kcal/mol
 H-Bond interaction energy in the mix (H_HB)       :        -4.72904 kcal/mol
 VdW interaction energy in the mix (H_vdW)         :        -4.34093 kcal/mol
 Gas liquid transition energy in the mix (H_glt)   :         2.93205 kcal/mol

 Compound: 2  (3-octanone)
 Chemical potential of the compound in the mixture :         6.81818 kcal/mol
 Log10(partial pressure [mbar])                    :         4.43408
 Free energy of molecule in mix (E_COSMO+dE+Mu)    :   -244670.35476 kcal/mol
 Total mean interaction energy in the mix (H_int)  :        -7.59122 kcal/mol
 Misfit interaction energy in the mix (H_MF)       :         3.25369 kcal/mol
 H-Bond interaction energy in the mix (H_HB)       :        -2.11417 kcal/mol
 VdW interaction energy in the mix (H_vdW)         :       -22.43227 kcal/mol
 Gas liquid transition energy in the mix (H_glt)   :        13.54923 kcal/mol

 Compound: 3  (lacticacid)
 Chemical potential of the compound in the mixture :         4.45933 kcal/mol
 Log10(partial pressure [mbar])                    :        -0.79011
 Free energy of molecule in mix (E_COSMO+dE+Mu)    :   -215744.22081 kcal/mol
 Total mean interaction energy in the mix (H_int)  :        -7.86029 kcal/mol
 Misfit interaction energy in the mix (H_MF)       :         1.99161 kcal/mol
 H-Bond interaction energy in the mix (H_HB)       :        -7.02541 kcal/mol
 VdW interaction energy in the mix (H_vdW)         :       -13.28837 kcal/mol
 Gas liquid transition energy in the mix (H_glt)   :         8.25184 kcal/mol



 Compound: 1 Conformer: 1 (h2o_c0)
 Chemical potential of the molecule in the mixture :         3.46913 kcal/mol
 Log10(partial pressure [mbar])                    :         1.52862
 Free energy of molecule in mix (E_COSMO+dE+Mu)    :    -47989.78414 kcal/mol
 Total mean interaction energy in the mix          :        -5.54639 kcal/mol
 Misfit interaction energy in the mix              :         0.59153 kcal/mol
 H-Bond interaction energy in the mix              :        -4.72904 kcal/mol
 VdW interaction energy in the mix                 :        -4.34093 kcal/mol
 Gas liquid transition energy in the mix (H_glt)   :         2.93205 kcal/mol
 Normalized weight factor of molecule in compound  :         1.00000
 Normalized weight factor of molecule in gas phase :         1.00000

 Compound: 2 Conformer: 1 (3-octanone_c0)
 Chemical potential of the molecule in the mixture :         7.47406 kcal/mol
 Log10(partial pressure [mbar])                    :         4.34120
 Free energy of molecule in mix (E_COSMO+dE+Mu)    :   -244669.68726 kcal/mol
 Total mean interaction energy in the mix          :        -7.71725 kcal/mol
 Misfit interaction energy in the mix              :         3.30870 kcal/mol
 H-Bond interaction energy in the mix              :        -1.99969 kcal/mol
 VdW interaction energy in the mix                 :       -22.57549 kcal/mol
 Gas liquid transition energy in the mix (H_glt)   :        13.54923 kcal/mol
 Normalized weight factor of molecule in compound  :         0.34210
 Normalized weight factor of molecule in gas phase :         0.27623

 Compound: 2 Conformer: 2 (3-octanone_c1)
 Chemical potential of the molecule in the mixture :         7.36222 kcal/mol
 Log10(partial pressure [mbar])                    :         4.13834
 Free energy of molecule in mix (E_COSMO+dE+Mu)    :   -244669.60727 kcal/mol
 Total mean interaction energy in the mix          :        -7.95415 kcal/mol
 Misfit interaction energy in the mix              :         3.24585 kcal/mol
 H-Bond interaction energy in the mix              :        -2.29455 kcal/mol
 VdW interaction energy in the mix                 :       -22.45469 kcal/mol
 Gas liquid transition energy in the mix (H_glt)   :        13.54923 kcal/mol
 Normalized weight factor of molecule in compound  :         0.30084
 Normalized weight factor of molecule in gas phase :         0.15226

 Compound: 2 Conformer: 3 (3-octanone_c2)
 Chemical potential of the molecule in the mixture :         7.76528 kcal/mol
 Log10(partial pressure [mbar])                    :         4.79537
 Free energy of molecule in mix (E_COSMO+dE+Mu)    :   -244669.40766 kcal/mol
 Total mean interaction energy in the mix          :        -7.43681 kcal/mol
 Misfit interaction energy in the mix              :         3.21208 kcal/mol
 H-Bond interaction energy in the mix              :        -1.91312 kcal/mol
 VdW interaction energy in the mix                 :       -22.28500 kcal/mol
 Gas liquid transition energy in the mix (H_glt)   :        13.54923 kcal/mol
 Normalized weight factor of molecule in compound  :         0.21829
 Normalized weight factor of molecule in gas phase :         0.49421

 Compound: 2 Conformer: 4 (3-octanone_c3)
 Chemical potential of the molecule in the mixture :         7.41930 kcal/mol
 Log10(partial pressure [mbar])                    :         4.18137
 Free energy of molecule in mix (E_COSMO+dE+Mu)    :   -244669.12578 kcal/mol
 Total mean interaction energy in the mix          :        -7.83418 kcal/mol
 Misfit interaction energy in the mix              :         3.20050 kcal/mol
 H-Bond interaction energy in the mix              :        -2.32163 kcal/mol
 VdW interaction energy in the mix                 :       -22.26227 kcal/mol
 Gas liquid transition energy in the mix (H_glt)   :        13.54923 kcal/mol
 Normalized weight factor of molecule in compound  :         0.13877
 Normalized weight factor of molecule in gas phase :         0.07729

 Compound: 3 Conformer: 1 (lacticacid_c0)
 Chemical potential of the molecule in the mixture :         6.40723 kcal/mol
 Log10(partial pressure [mbar])                    :        -0.56866
 Free energy of molecule in mix (E_COSMO+dE+Mu)    :   -215742.27291 kcal/mol
 Total mean interaction energy in the mix          :        -7.35115 kcal/mol
 Misfit interaction energy in the mix              :         2.02649 kcal/mol
 H-Bond interaction energy in the mix              :        -4.39201 kcal/mol
 VdW interaction energy in the mix                 :       -13.23747 kcal/mol
 Gas liquid transition energy in the mix (H_glt)   :         8.25184 kcal/mol
 Normalized weight factor of molecule in compound  :         0.04371
 Normalized weight factor of molecule in gas phase :         0.00603

 Compound: 3 Conformer: 2 (lacticacid_c1)
 Chemical potential of the molecule in the mixture :         6.52896 kcal/mol
 Log10(partial pressure [mbar])                    :        -0.09332
 Free energy of molecule in mix (E_COSMO+dE+Mu)    :   -215741.96969 kcal/mol
 Total mean interaction energy in the mix          :        -6.91532 kcal/mol
 Misfit interaction energy in the mix              :         2.13503 kcal/mol
 H-Bond interaction energy in the mix              :        -4.08771 kcal/mol
 VdW interaction energy in the mix                 :       -13.21448 kcal/mol
 Gas liquid transition energy in the mix (H_glt)   :         8.25184 kcal/mol
 Normalized weight factor of molecule in compound  :         0.02685
 Normalized weight factor of molecule in gas phase :         0.01137

 Compound: 3 Conformer: 3 (lacticacid_c2)
 Chemical potential of the molecule in the mixture :         4.68502 kcal/mol
 Log10(partial pressure [mbar])                    :         0.59568
 Free energy of molecule in mix (E_COSMO+dE+Mu)    :   -215742.92144 kcal/mol
 Total mean interaction energy in the mix          :        -8.01844 kcal/mol
 Misfit interaction energy in the mix              :         2.06839 kcal/mol
 H-Bond interaction energy in the mix              :        -5.03903 kcal/mol
 VdW interaction energy in the mix                 :       -13.29964 kcal/mol
 Gas liquid transition energy in the mix (H_glt)   :         8.25184 kcal/mol
 Normalized weight factor of molecule in compound  :         0.12393
 Normalized weight factor of molecule in gas phase :         0.93300

 Compound: 3 Conformer: 4 (lacticacid_c3)
 Chemical potential of the molecule in the mixture :         2.93199 kcal/mol
 Log10(partial pressure [mbar])                    :        -1.66440
 Free energy of molecule in mix (E_COSMO+dE+Mu)    :   -215743.25344 kcal/mol
 Total mean interaction energy in the mix          :       -10.12969 kcal/mol
 Misfit interaction energy in the mix              :         1.98917 kcal/mol
 H-Bond interaction energy in the mix              :        -7.09462 kcal/mol
 VdW interaction energy in the mix                 :       -13.27608 kcal/mol
 Gas liquid transition energy in the mix (H_glt)   :         8.25184 kcal/mol
 Normalized weight factor of molecule in compound  :         0.21129
 Normalized weight factor of molecule in gas phase :         0.02822

 Compound: 3 Conformer: 5 (lacticacid_c4)
 Chemical potential of the molecule in the mixture :         2.42006 kcal/mol
 Log10(partial pressure [mbar])                    :        -3.58242
 Free energy of molecule in mix (E_COSMO+dE+Mu)    :   -215743.67877 kcal/mol
 Total mean interaction energy in the mix          :       -11.07790 kcal/mol
 Misfit interaction energy in the mix              :         1.96839 kcal/mol
 H-Bond interaction energy in the mix              :        -8.00076 kcal/mol
 VdW interaction energy in the mix                 :       -13.29737 kcal/mol
 Gas liquid transition energy in the mix (H_glt)   :         8.25184 kcal/mol
 Normalized weight factor of molecule in compound  :         0.41852
 Normalized weight factor of molecule in gas phase :         0.00067

 Compound: 3 Conformer: 6 (lacticacid_c5)
 Chemical potential of the molecule in the mixture :         2.89681 kcal/mol
 Log10(partial pressure [mbar])                    :        -1.71860
 Free energy of molecule in mix (E_COSMO+dE+Mu)    :   -215743.13865 kcal/mol
 Total mean interaction energy in the mix          :       -10.20482 kcal/mol
 Misfit interaction energy in the mix              :         1.96508 kcal/mol
 H-Bond interaction energy in the mix              :        -7.12403 kcal/mol
 VdW interaction energy in the mix                 :       -13.29771 kcal/mol
 Gas liquid transition energy in the mix (H_glt)   :         8.25184 kcal/mol
 Normalized weight factor of molecule in compound  :         0.17570
 Normalized weight factor of molecule in gas phase :         0.02069




 Results for mixture 2 - LIQ_EX Phase 2 Iteration    0
 ---------------------
 Temperature          :    313.150 K
 Compound Nr.         :         1         2         3
 Compound             :       h2o 3-octanon lacticaci
 Mole Fraction        :    0.0000    1.0000    0.0000

 Compound: 1  (h2o)
 Chemical potential of the compound in the mixture :         5.66043 kcal/mol
 Log10(partial pressure [mbar])                    :         3.05791
 Free energy of molecule in mix (E_COSMO+dE+Mu)    :    -47987.59285 kcal/mol
 Total mean interaction energy in the mix (H_int)  :        -2.00999 kcal/mol
 Misfit interaction energy in the mix (H_MF)       :         1.92859 kcal/mol
 H-Bond interaction energy in the mix (H_HB)       :        -2.27408 kcal/mol
 VdW interaction energy in the mix (H_vdW)         :        -4.59656 kcal/mol
 Gas liquid transition energy in the mix (H_glt)   :         2.93205 kcal/mol
 Equilibrium constant Kx(1,2)                      :        33.82921
 Equilibrium concentration x_k(1,2)                :         0.97129

 Compound: 2  (3-octanone)
 Chemical potential of the compound in the mixture :         1.57696 kcal/mol
 Log10(partial pressure [mbar])                    :         0.77627
 Free energy of molecule in mix (E_COSMO+dE+Mu)    :   -244675.59598 kcal/mol
 Total mean interaction energy in the mix (H_int)  :        -6.13773 kcal/mol
 Misfit interaction energy in the mix (H_MF)       :         3.50713 kcal/mol
 H-Bond interaction energy in the mix (H_HB)       :         0.00006 kcal/mol
 VdW interaction energy in the mix (H_vdW)         :       -23.28398 kcal/mol
 Gas liquid transition energy in the mix (H_glt)   :        13.54923 kcal/mol
 Equilibrium constant Kx(1,2)                      :  2.19879873E-04
 Equilibrium concentration x_k(1,2)                :         0.00022

 Compound: 3  (lacticacid)
 Chemical potential of the compound in the mixture :         4.86115 kcal/mol
 Log10(partial pressure [mbar])                    :        -0.50968
 Free energy of molecule in mix (E_COSMO+dE+Mu)    :   -215743.81899 kcal/mol
 Total mean interaction energy in the mix (H_int)  :        -3.95347 kcal/mol
 Misfit interaction energy in the mix (H_MF)       :         2.76787 kcal/mol
 H-Bond interaction energy in the mix (H_HB)       :        -2.20087 kcal/mol
 VdW interaction energy in the mix (H_vdW)         :       -14.00109 kcal/mol
 Gas liquid transition energy in the mix (H_glt)   :         8.25184 kcal/mol
 Equilibrium constant Kx(1,2)                      :         1.90734
 Equilibrium concentration x_k(1,2)                :         0.65604



 Compound: 1 Conformer: 1 (h2o_c0)
 Chemical potential of the molecule in the mixture :         5.66043 kcal/mol
 Log10(partial pressure [mbar])                    :         3.05791
 Free energy of molecule in mix (E_COSMO+dE+Mu)    :    -47987.59285 kcal/mol
 Total mean interaction energy in the mix          :        -2.00999 kcal/mol
 Misfit interaction energy in the mix              :         1.92859 kcal/mol
 H-Bond interaction energy in the mix              :        -2.27408 kcal/mol
 VdW interaction energy in the mix                 :        -4.59656 kcal/mol
 Gas liquid transition energy in the mix (H_glt)   :         2.93205 kcal/mol
 Normalized weight factor of molecule in compound  :         1.00000
 Normalized weight factor of molecule in gas phase :         1.00000

 Compound: 2 Conformer: 1 (3-octanone_c0)
 Chemical potential of the molecule in the mixture :         2.13135 kcal/mol
 Log10(partial pressure [mbar])                    :         0.61256
 Free energy of molecule in mix (E_COSMO+dE+Mu)    :   -244675.02997 kcal/mol
 Total mean interaction energy in the mix          :        -6.35516 kcal/mol
 Misfit interaction energy in the mix              :         3.52827 kcal/mol
 H-Bond interaction energy in the mix              :         0.00004 kcal/mol
 VdW interaction energy in the mix                 :       -23.43270 kcal/mol
 Gas liquid transition energy in the mix (H_glt)   :        13.54923 kcal/mol
 Normalized weight factor of molecule in compound  :         0.40271
 Normalized weight factor of molecule in gas phase :         0.27623

 Compound: 2 Conformer: 2 (3-octanone_c1)
 Chemical potential of the molecule in the mixture :         2.41679 kcal/mol
 Log10(partial pressure [mbar])                    :         0.68696
 Free energy of molecule in mix (E_COSMO+dE+Mu)    :   -244674.55269 kcal/mol
 Total mean interaction energy in the mix          :        -6.14230 kcal/mol
 Misfit interaction energy in the mix              :         3.62553 kcal/mol
 H-Bond interaction energy in the mix              :         0.00012 kcal/mol
 VdW interaction energy in the mix                 :       -23.31719 kcal/mol
 Gas liquid transition energy in the mix (H_glt)   :        13.54923 kcal/mol
 Normalized weight factor of molecule in compound  :         0.18703
 Normalized weight factor of molecule in gas phase :         0.15226

 Compound: 2 Conformer: 3 (3-octanone_c2)
 Chemical potential of the molecule in the mixture :         2.25704 kcal/mol
 Log10(partial pressure [mbar])                    :         0.95120
 Free energy of molecule in mix (E_COSMO+dE+Mu)    :   -244674.91590 kcal/mol
 Total mean interaction energy in the mix          :        -6.17910 kcal/mol
 Misfit interaction energy in the mix              :         3.39531 kcal/mol
 H-Bond interaction energy in the mix              :         0.00004 kcal/mol
 VdW interaction energy in the mix                 :       -23.12368 kcal/mol
 Gas liquid transition energy in the mix (H_glt)   :        13.54923 kcal/mol
 Normalized weight factor of molecule in compound  :         0.33526
 Normalized weight factor of molecule in gas phase :         0.49421

 Compound: 2 Conformer: 4 (3-octanone_c3)
 Chemical potential of the molecule in the mixture :         2.56091 kcal/mol
 Log10(partial pressure [mbar])                    :         0.79073
 Free energy of molecule in mix (E_COSMO+dE+Mu)    :   -244673.98418 kcal/mol
 Total mean interaction energy in the mix          :        -5.97170 kcal/mol
 Misfit interaction energy in the mix              :         3.59826 kcal/mol
 H-Bond interaction energy in the mix              :         0.00010 kcal/mol
 VdW interaction energy in the mix                 :       -23.11929 kcal/mol
 Gas liquid transition energy in the mix (H_glt)   :        13.54923 kcal/mol
 Normalized weight factor of molecule in compound  :         0.07501
 Normalized weight factor of molecule in gas phase :         0.07729

 Compound: 3 Conformer: 1 (lacticacid_c0)
 Chemical potential of the molecule in the mixture :         6.47464 kcal/mol
 Log10(partial pressure [mbar])                    :        -0.52162
 Free energy of molecule in mix (E_COSMO+dE+Mu)    :   -215742.20550 kcal/mol
 Total mean interaction energy in the mix          :        -4.09035 kcal/mol
 Misfit interaction energy in the mix              :         3.39777 kcal/mol
 H-Bond interaction energy in the mix              :        -1.77859 kcal/mol
 VdW interaction energy in the mix                 :       -13.96136 kcal/mol
 Gas liquid transition energy in the mix (H_glt)   :         8.25184 kcal/mol
 Normalized weight factor of molecule in compound  :         0.07481
 Normalized weight factor of molecule in gas phase :         0.00603

 Compound: 3 Conformer: 2 (lacticacid_c1)
 Chemical potential of the molecule in the mixture :         6.85186 kcal/mol
 Log10(partial pressure [mbar])                    :         0.13202
 Free energy of molecule in mix (E_COSMO+dE+Mu)    :   -215741.64679 kcal/mol
 Total mean interaction energy in the mix          :        -3.80334 kcal/mol
 Misfit interaction energy in the mix              :         3.30824 kcal/mol
 H-Bond interaction energy in the mix              :        -1.42685 kcal/mol
 VdW interaction energy in the mix                 :       -13.93657 kcal/mol
 Gas liquid transition energy in the mix (H_glt)   :         8.25184 kcal/mol
 Normalized weight factor of molecule in compound  :         0.03048
 Normalized weight factor of molecule in gas phase :         0.01137

 Compound: 3 Conformer: 3 (lacticacid_c2)
 Chemical potential of the molecule in the mixture :         3.99316 kcal/mol
 Log10(partial pressure [mbar])                    :         0.11283
 Free energy of molecule in mix (E_COSMO+dE+Mu)    :   -215743.61331 kcal/mol
 Total mean interaction energy in the mix          :        -5.23755 kcal/mol
 Misfit interaction energy in the mix              :         2.59838 kcal/mol
 H-Bond interaction energy in the mix              :        -2.08198 kcal/mol
 VdW interaction energy in the mix                 :       -14.00579 kcal/mol
 Gas liquid transition energy in the mix (H_glt)   :         8.25184 kcal/mol
 Normalized weight factor of molecule in compound  :         0.71855
 Normalized weight factor of molecule in gas phase :         0.93300

 Compound: 3 Conformer: 4 (lacticacid_c3)
 Chemical potential of the molecule in the mixture :         3.90436 kcal/mol
 Log10(partial pressure [mbar])                    :        -0.98579
 Free energy of molecule in mix (E_COSMO+dE+Mu)    :   -215742.28107 kcal/mol
 Total mean interaction energy in the mix          :        -5.69909 kcal/mol
 Misfit interaction energy in the mix              :         2.99950 kcal/mol
 H-Bond interaction energy in the mix              :        -2.95572 kcal/mol
 VdW interaction energy in the mix                 :       -13.99471 kcal/mol
 Gas liquid transition energy in the mix (H_glt)   :         8.25184 kcal/mol
 Normalized weight factor of molecule in compound  :         0.08447
 Normalized weight factor of molecule in gas phase :         0.02822

 Compound: 3 Conformer: 5 (lacticacid_c4)
 Chemical potential of the molecule in the mixture :         4.62838 kcal/mol
 Log10(partial pressure [mbar])                    :        -2.04125
 Free energy of molecule in mix (E_COSMO+dE+Mu)    :   -215741.47045 kcal/mol
 Total mean interaction energy in the mix          :        -5.27777 kcal/mol
 Misfit interaction energy in the mix              :         3.75288 kcal/mol
 H-Bond interaction energy in the mix              :        -3.24453 kcal/mol
 VdW interaction energy in the mix                 :       -14.03797 kcal/mol
 Gas liquid transition energy in the mix (H_glt)   :         8.25184 kcal/mol
 Normalized weight factor of molecule in compound  :         0.02296
 Normalized weight factor of molecule in gas phase :         0.00067

 Compound: 3 Conformer: 6 (lacticacid_c5)
 Chemical potential of the molecule in the mixture :         3.88268 kcal/mol
 Log10(partial pressure [mbar])                    :        -1.03057
 Free energy of molecule in mix (E_COSMO+dE+Mu)    :   -215742.15279 kcal/mol
 Total mean interaction energy in the mix          :        -5.73707 kcal/mol
 Misfit interaction energy in the mix              :         3.00080 kcal/mol
 H-Bond interaction energy in the mix              :        -2.97036 kcal/mol
 VdW interaction energy in the mix                 :       -14.01935 kcal/mol
 Gas liquid transition energy in the mix (H_glt)   :         8.25184 kcal/mol
 Normalized weight factor of molecule in compound  :         0.06873
 Normalized weight factor of molecule in gas phase :         0.02069




 Results for mixture 3 - LIQ_EX Phase 1 Iteration    1
 ---------------------
 Temperature          :    313.150 K
 Compound Nr.         :         1         2         3
 Compound             :       h2o 3-octanon lacticaci
 Mole Fraction        :    0.9970    0.0002    0.0027

 Compound: 1  (h2o)
 Chemical potential of the compound in the mixture :         3.46913 kcal/mol
 Log10(partial pressure [mbar])                    :         1.52862
 Free energy of molecule in mix (E_COSMO+dE+Mu)    :    -47989.78414 kcal/mol
 Total mean interaction energy in the mix (H_int)  :        -5.54543 kcal/mol
 Misfit interaction energy in the mix (H_MF)       :         0.59148 kcal/mol
 H-Bond interaction energy in the mix (H_HB)       :        -4.72870 kcal/mol
 VdW interaction energy in the mix (H_vdW)         :        -4.34026 kcal/mol
 Gas liquid transition energy in the mix (H_glt)   :         2.93205 kcal/mol

 Compound: 2  (3-octanone)
 Chemical potential of the compound in the mixture :         6.82624 kcal/mol
 Log10(partial pressure [mbar])                    :         4.43970
 Free energy of molecule in mix (E_COSMO+dE+Mu)    :   -244670.34671 kcal/mol
 Total mean interaction energy in the mix (H_int)  :        -7.59426 kcal/mol
 Misfit interaction energy in the mix (H_MF)       :         3.24752 kcal/mol
 H-Bond interaction energy in the mix (H_HB)       :        -2.11522 kcal/mol
 VdW interaction energy in the mix (H_vdW)         :       -22.42814 kcal/mol
 Gas liquid transition energy in the mix (H_glt)   :        13.54923 kcal/mol

 Compound: 3  (lacticacid)
 Chemical potential of the compound in the mixture :         4.45938 kcal/mol
 Log10(partial pressure [mbar])                    :        -0.79007
 Free energy of molecule in mix (E_COSMO+dE+Mu)    :   -215744.22076 kcal/mol
 Total mean interaction energy in the mix (H_int)  :        -7.86368 kcal/mol
 Misfit interaction energy in the mix (H_MF)       :         1.98963 kcal/mol
 H-Bond interaction energy in the mix (H_HB)       :        -7.02998 kcal/mol
 VdW interaction energy in the mix (H_vdW)         :       -13.28605 kcal/mol
 Gas liquid transition energy in the mix (H_glt)   :         8.25184 kcal/mol



 Compound: 1 Conformer: 1 (h2o_c0)
 Chemical potential of the molecule in the mixture :         3.46913 kcal/mol
 Log10(partial pressure [mbar])                    :         1.52862
 Free energy of molecule in mix (E_COSMO+dE+Mu)    :    -47989.78414 kcal/mol
 Total mean interaction energy in the mix          :        -5.54543 kcal/mol
 Misfit interaction energy in the mix              :         0.59148 kcal/mol
 H-Bond interaction energy in the mix              :        -4.72870 kcal/mol
 VdW interaction energy in the mix                 :        -4.34026 kcal/mol
 Gas liquid transition energy in the mix (H_glt)   :         2.93205 kcal/mol
 Normalized weight factor of molecule in compound  :         1.00000
 Normalized weight factor of molecule in gas phase :         1.00000

 Compound: 2 Conformer: 1 (3-octanone_c0)
 Chemical potential of the molecule in the mixture :         7.48225 kcal/mol
 Log10(partial pressure [mbar])                    :         4.34692
 Free energy of molecule in mix (E_COSMO+dE+Mu)    :   -244669.67907 kcal/mol
 Total mean interaction energy in the mix          :        -7.72015 kcal/mol
 Misfit interaction energy in the mix              :         3.30272 kcal/mol
 H-Bond interaction energy in the mix              :        -2.00077 kcal/mol
 VdW interaction energy in the mix                 :       -22.57133 kcal/mol
 Gas liquid transition energy in the mix (H_glt)   :        13.54923 kcal/mol
 Normalized weight factor of molecule in compound  :         0.34203
 Normalized weight factor of molecule in gas phase :         0.27623

 Compound: 2 Conformer: 2 (3-octanone_c1)
 Chemical potential of the molecule in the mixture :         7.37020 kcal/mol
 Log10(partial pressure [mbar])                    :         4.14391
 Free energy of molecule in mix (E_COSMO+dE+Mu)    :   -244669.59929 kcal/mol
 Total mean interaction energy in the mix          :        -7.95710 kcal/mol
 Misfit interaction energy in the mix              :         3.23957 kcal/mol
 H-Bond interaction energy in the mix              :        -2.29532 kcal/mol
 VdW interaction energy in the mix                 :       -22.45059 kcal/mol
 Gas liquid transition energy in the mix (H_glt)   :        13.54923 kcal/mol
 Normalized weight factor of molecule in compound  :         0.30087
 Normalized weight factor of molecule in gas phase :         0.15226

 Compound: 2 Conformer: 3 (3-octanone_c2)
 Chemical potential of the molecule in the mixture :         7.77339 kcal/mol
 Log10(partial pressure [mbar])                    :         4.80103
 Free energy of molecule in mix (E_COSMO+dE+Mu)    :   -244669.39955 kcal/mol
 Total mean interaction energy in the mix          :        -7.44030 kcal/mol
 Misfit interaction energy in the mix              :         3.20587 kcal/mol
 H-Bond interaction energy in the mix              :        -1.91448 kcal/mol
 VdW interaction energy in the mix                 :       -22.28092 kcal/mol
 Gas liquid transition energy in the mix (H_glt)   :        13.54923 kcal/mol
 Normalized weight factor of molecule in compound  :         0.21827
 Normalized weight factor of molecule in gas phase :         0.49421

 Compound: 2 Conformer: 4 (3-octanone_c3)
 Chemical potential of the molecule in the mixture :         7.42709 kcal/mol
 Log10(partial pressure [mbar])                    :         4.18681
 Free energy of molecule in mix (E_COSMO+dE+Mu)    :   -244669.11799 kcal/mol
 Total mean interaction energy in the mix          :        -7.83721 kcal/mol
 Misfit interaction energy in the mix              :         3.19424 kcal/mol
 H-Bond interaction energy in the mix              :        -2.32248 kcal/mol
 VdW interaction energy in the mix                 :       -22.25820 kcal/mol
 Gas liquid transition energy in the mix (H_glt)   :        13.54923 kcal/mol
 Normalized weight factor of molecule in compound  :         0.13883
 Normalized weight factor of molecule in gas phase :         0.07729

 Compound: 3 Conformer: 1 (lacticacid_c0)
 Chemical potential of the molecule in the mixture :         6.40847 kcal/mol
 Log10(partial pressure [mbar])                    :        -0.56780
 Free energy of molecule in mix (E_COSMO+dE+Mu)    :   -215742.27167 kcal/mol
 Total mean interaction energy in the mix          :        -7.35312 kcal/mol
 Misfit interaction energy in the mix              :         2.02454 kcal/mol
 H-Bond interaction energy in the mix              :        -4.39443 kcal/mol
 VdW interaction energy in the mix                 :       -13.23507 kcal/mol
 Gas liquid transition energy in the mix (H_glt)   :         8.25184 kcal/mol
 Normalized weight factor of molecule in compound  :         0.04363
 Normalized weight factor of molecule in gas phase :         0.00603

 Compound: 3 Conformer: 2 (lacticacid_c1)
 Chemical potential of the molecule in the mixture :         6.53008 kcal/mol
 Log10(partial pressure [mbar])                    :        -0.09255
 Free energy of molecule in mix (E_COSMO+dE+Mu)    :   -215741.96857 kcal/mol
 Total mean interaction energy in the mix          :        -6.91703 kcal/mol
 Misfit interaction energy in the mix              :         2.13345 kcal/mol
 H-Bond interaction energy in the mix              :        -4.09024 kcal/mol
 VdW interaction energy in the mix                 :       -13.21209 kcal/mol
 Gas liquid transition energy in the mix (H_glt)   :         8.25184 kcal/mol
 Normalized weight factor of molecule in compound  :         0.02680
 Normalized weight factor of molecule in gas phase :         0.01137

 Compound: 3 Conformer: 3 (lacticacid_c2)
 Chemical potential of the molecule in the mixture :         4.68679 kcal/mol
 Log10(partial pressure [mbar])                    :         0.59691
 Free energy of molecule in mix (E_COSMO+dE+Mu)    :   -215742.91967 kcal/mol
 Total mean interaction energy in the mix          :        -8.01983 kcal/mol
 Misfit interaction energy in the mix              :         2.06661 kcal/mol
 H-Bond interaction energy in the mix              :        -5.04104 kcal/mol
 VdW interaction energy in the mix                 :       -13.29724 kcal/mol
 Gas liquid transition energy in the mix (H_glt)   :         8.25184 kcal/mol
 Normalized weight factor of molecule in compound  :         0.12359
 Normalized weight factor of molecule in gas phase :         0.93300

 Compound: 3 Conformer: 4 (lacticacid_c3)
 Chemical potential of the molecule in the mixture :         2.93195 kcal/mol
 Log10(partial pressure [mbar])                    :        -1.66443
 Free energy of molecule in mix (E_COSMO+dE+Mu)    :   -215743.25348 kcal/mol
 Total mean interaction energy in the mix          :       -10.13272 kcal/mol
 Misfit interaction energy in the mix              :         1.98730 kcal/mol
 H-Bond interaction energy in the mix              :        -7.09807 kcal/mol
 VdW interaction energy in the mix                 :       -13.27379 kcal/mol
 Gas liquid transition energy in the mix (H_glt)   :         8.25184 kcal/mol
 Normalized weight factor of molecule in compound  :         0.21132
 Normalized weight factor of molecule in gas phase :         0.02822

 Compound: 3 Conformer: 5 (lacticacid_c4)
 Chemical potential of the molecule in the mixture :         2.41944 kcal/mol
 Log10(partial pressure [mbar])                    :        -3.58285
 Free energy of molecule in mix (E_COSMO+dE+Mu)    :   -215743.67939 kcal/mol
 Total mean interaction energy in the mix          :       -11.08082 kcal/mol
 Misfit interaction energy in the mix              :         1.96636 kcal/mol
 H-Bond interaction energy in the mix              :        -8.00396 kcal/mol
 VdW interaction energy in the mix                 :       -13.29506 kcal/mol
 Gas liquid transition energy in the mix (H_glt)   :         8.25184 kcal/mol
 Normalized weight factor of molecule in compound  :         0.41897
 Normalized weight factor of molecule in gas phase :         0.00067

 Compound: 3 Conformer: 6 (lacticacid_c5)
 Chemical potential of the molecule in the mixture :         2.89689 kcal/mol
 Log10(partial pressure [mbar])                    :        -1.71855
 Free energy of molecule in mix (E_COSMO+dE+Mu)    :   -215743.13858 kcal/mol
 Total mean interaction energy in the mix          :       -10.20787 kcal/mol
 Misfit interaction energy in the mix              :         1.96313 kcal/mol
 H-Bond interaction energy in the mix              :        -7.12744 kcal/mol
 VdW interaction energy in the mix                 :       -13.29539 kcal/mol
 Gas liquid transition energy in the mix (H_glt)   :         8.25184 kcal/mol
 Normalized weight factor of molecule in compound  :         0.17569
 Normalized weight factor of molecule in gas phase :         0.02069




 Results for mixture 4 - LIQ_EX Phase 2 Iteration    1
 ---------------------
 Temperature          :    313.150 K
 Compound Nr.         :         1         2         3
 Compound             :       h2o 3-octanon lacticaci
 Mole Fraction        :    0.0278    0.9709    0.0014

 Compound: 1  (h2o)
 Chemical potential of the compound in the mixture :         5.37312 kcal/mol
 Log10(partial pressure [mbar])                    :         2.85741
 Free energy of molecule in mix (E_COSMO+dE+Mu)    :    -47987.88015 kcal/mol
 Total mean interaction energy in the mix (H_int)  :        -2.40626 kcal/mol
 Misfit interaction energy in the mix (H_MF)       :         1.65636 kcal/mol
 H-Bond interaction energy in the mix (H_HB)       :        -2.40463 kcal/mol
 VdW interaction energy in the mix (H_vdW)         :        -4.59005 kcal/mol
 Gas liquid transition energy in the mix (H_glt)   :         2.93205 kcal/mol
 Equilibrium constant Kx(1,2)                      :        21.31988
 Equilibrium concentration x_k(1,2)                :         0.95520

 Compound: 2  (3-octanone)
 Chemical potential of the compound in the mixture :         1.58030 kcal/mol
 Log10(partial pressure [mbar])                    :         0.77859
 Free energy of molecule in mix (E_COSMO+dE+Mu)    :   -244675.59264 kcal/mol
 Total mean interaction energy in the mix (H_int)  :        -6.19589 kcal/mol
 Misfit interaction energy in the mix (H_MF)       :         3.50561 kcal/mol
 H-Bond interaction energy in the mix (H_HB)       :        -0.06451 kcal/mol
 VdW interaction energy in the mix (H_vdW)         :       -23.27725 kcal/mol
 Gas liquid transition energy in the mix (H_glt)   :        13.54923 kcal/mol
 Equilibrium constant Kx(1,2)                      :  2.18218583E-04
 Equilibrium concentration x_k(1,2)                :         0.00022

 Compound: 3  (lacticacid)
 Chemical potential of the compound in the mixture :         4.62800 kcal/mol
 Log10(partial pressure [mbar])                    :        -0.67239
 Free energy of molecule in mix (E_COSMO+dE+Mu)    :   -215744.05214 kcal/mol
 Total mean interaction energy in the mix (H_int)  :        -4.22075 kcal/mol
 Misfit interaction energy in the mix (H_MF)       :         2.57878 kcal/mol
 H-Bond interaction energy in the mix (H_HB)       :        -2.33373 kcal/mol
 VdW interaction energy in the mix (H_vdW)         :       -13.99112 kcal/mol
 Gas liquid transition energy in the mix (H_glt)   :         8.25184 kcal/mol
 Equilibrium constant Kx(1,2)                      :         1.31123
 Equilibrium concentration x_k(1,2)                :         0.56733



 Compound: 1 Conformer: 1 (h2o_c0)
 Chemical potential of the molecule in the mixture :         5.37312 kcal/mol
 Log10(partial pressure [mbar])                    :         2.85741
 Free energy of molecule in mix (E_COSMO+dE+Mu)    :    -47987.88015 kcal/mol
 Total mean interaction energy in the mix          :        -2.40626 kcal/mol
 Misfit interaction energy in the mix              :         1.65636 kcal/mol
 H-Bond interaction energy in the mix              :        -2.40463 kcal/mol
 VdW interaction energy in the mix                 :        -4.59005 kcal/mol
 Gas liquid transition energy in the mix (H_glt)   :         2.93205 kcal/mol
 Normalized weight factor of molecule in compound  :         1.00000
 Normalized weight factor of molecule in gas phase :         1.00000

 Compound: 2 Conformer: 1 (3-octanone_c0)
 Chemical potential of the molecule in the mixture :         2.13580 kcal/mol
 Log10(partial pressure [mbar])                    :         0.61566
 Free energy of molecule in mix (E_COSMO+dE+Mu)    :   -244675.02553 kcal/mol
 Total mean interaction energy in the mix          :        -6.40775 kcal/mol
 Misfit interaction energy in the mix              :         3.52613 kcal/mol
 H-Bond interaction energy in the mix              :        -0.05734 kcal/mol
 VdW interaction energy in the mix                 :       -23.42578 kcal/mol
 Gas liquid transition energy in the mix (H_glt)   :        13.54923 kcal/mol
 Normalized weight factor of molecule in compound  :         0.40199
 Normalized weight factor of molecule in gas phase :         0.27623

 Compound: 2 Conformer: 2 (3-octanone_c1)
 Chemical potential of the molecule in the mixture :         2.41095 kcal/mol
 Log10(partial pressure [mbar])                    :         0.68288
 Free energy of molecule in mix (E_COSMO+dE+Mu)    :   -244674.55854 kcal/mol
 Total mean interaction energy in the mix          :        -6.23647 kcal/mol
 Misfit interaction energy in the mix              :         3.61933 kcal/mol
 H-Bond interaction energy in the mix              :        -0.09580 kcal/mol
 VdW interaction energy in the mix                 :       -23.30923 kcal/mol
 Gas liquid transition energy in the mix (H_glt)   :        13.54923 kcal/mol
 Normalized weight factor of molecule in compound  :         0.18980
 Normalized weight factor of molecule in gas phase :         0.15226

 Compound: 2 Conformer: 3 (3-octanone_c2)
 Chemical potential of the molecule in the mixture :         2.26610 kcal/mol
 Log10(partial pressure [mbar])                    :         0.95753
 Free energy of molecule in mix (E_COSMO+dE+Mu)    :   -244674.90684 kcal/mol
 Total mean interaction energy in the mix          :        -6.22072 kcal/mol
 Misfit interaction energy in the mix              :         3.39591 kcal/mol
 H-Bond interaction energy in the mix              :        -0.04869 kcal/mol
 VdW interaction energy in the mix                 :       -23.11717 kcal/mol
 Gas liquid transition energy in the mix (H_glt)   :        13.54923 kcal/mol
 Normalized weight factor of molecule in compound  :         0.33219
 Normalized weight factor of molecule in gas phase :         0.49421

 Compound: 2 Conformer: 4 (3-octanone_c3)
 Chemical potential of the molecule in the mixture :         2.55592 kcal/mol
 Log10(partial pressure [mbar])                    :         0.78725
 Free energy of molecule in mix (E_COSMO+dE+Mu)    :   -244673.98916 kcal/mol
 Total mean interaction energy in the mix          :        -6.06309 kcal/mol
 Misfit interaction energy in the mix              :         3.59256 kcal/mol
 H-Bond interaction energy in the mix              :        -0.09340 kcal/mol
 VdW interaction energy in the mix                 :       -23.11148 kcal/mol
 Gas liquid transition energy in the mix (H_glt)   :        13.54923 kcal/mol
 Normalized weight factor of molecule in compound  :         0.07602
 Normalized weight factor of molecule in gas phase :         0.07729

 Compound: 3 Conformer: 1 (lacticacid_c0)
 Chemical potential of the molecule in the mixture :         6.25780 kcal/mol
 Log10(partial pressure [mbar])                    :        -0.67295
 Free energy of molecule in mix (E_COSMO+dE+Mu)    :   -215742.42234 kcal/mol
 Total mean interaction energy in the mix          :        -4.35674 kcal/mol
 Misfit interaction energy in the mix              :         3.18644 kcal/mol
 H-Bond interaction energy in the mix              :        -1.84256 kcal/mol
 VdW interaction energy in the mix                 :       -13.95246 kcal/mol
 Gas liquid transition energy in the mix (H_glt)   :         8.25184 kcal/mol
 Normalized weight factor of molecule in compound  :         0.07287
 Normalized weight factor of molecule in gas phase :         0.00603

 Compound: 3 Conformer: 2 (lacticacid_c1)
 Chemical potential of the molecule in the mixture :         6.63007 kcal/mol
 Log10(partial pressure [mbar])                    :        -0.02276
 Free energy of molecule in mix (E_COSMO+dE+Mu)    :   -215741.86858 kcal/mol
 Total mean interaction energy in the mix          :        -4.07206 kcal/mol
 Misfit interaction energy in the mix              :         3.13424 kcal/mol
 H-Bond interaction energy in the mix              :        -1.53336 kcal/mol
 VdW interaction energy in the mix                 :       -13.92478 kcal/mol
 Gas liquid transition energy in the mix (H_glt)   :         8.25184 kcal/mol
 Normalized weight factor of molecule in compound  :         0.02993
 Normalized weight factor of molecule in gas phase :         0.01137

 Compound: 3 Conformer: 3 (lacticacid_c2)
 Chemical potential of the molecule in the mixture :         3.78263 kcal/mol
 Log10(partial pressure [mbar])                    :        -0.03410
 Free energy of molecule in mix (E_COSMO+dE+Mu)    :   -215743.82383 kcal/mol
 Total mean interaction energy in the mix          :        -5.50769 kcal/mol
 Misfit interaction energy in the mix              :         2.41063 kcal/mol
 H-Bond interaction energy in the mix              :        -2.17388 kcal/mol
 VdW interaction energy in the mix                 :       -13.99628 kcal/mol
 Gas liquid transition energy in the mix (H_glt)   :         8.25184 kcal/mol
 Normalized weight factor of molecule in compound  :         0.69289
 Normalized weight factor of molecule in gas phase :         0.93300

 Compound: 3 Conformer: 4 (lacticacid_c3)
 Chemical potential of the molecule in the mixture :         3.59992 kcal/mol
 Log10(partial pressure [mbar])                    :        -1.19826
 Free energy of molecule in mix (E_COSMO+dE+Mu)    :   -215742.58552 kcal/mol
 Total mean interaction energy in the mix          :        -6.08365 kcal/mol
 Misfit interaction energy in the mix              :         2.75951 kcal/mol
 H-Bond interaction energy in the mix              :        -3.11398 kcal/mol
 VdW interaction energy in the mix                 :       -13.98102 kcal/mol
 Gas liquid transition energy in the mix (H_glt)   :         8.25184 kcal/mol
 Normalized weight factor of molecule in compound  :         0.09472
 Normalized weight factor of molecule in gas phase :         0.02822

 Compound: 3 Conformer: 5 (lacticacid_c4)
 Chemical potential of the molecule in the mixture :         4.19351 kcal/mol
 Log10(partial pressure [mbar])                    :        -2.34474
 Free energy of molecule in mix (E_COSMO+dE+Mu)    :   -215741.90532 kcal/mol
 Total mean interaction energy in the mix          :        -5.84301 kcal/mol
 Misfit interaction energy in the mix              :         3.37146 kcal/mol
 H-Bond interaction energy in the mix              :        -3.44253 kcal/mol
 VdW interaction energy in the mix                 :       -14.02378 kcal/mol
 Gas liquid transition energy in the mix (H_glt)   :         8.25184 kcal/mol
 Normalized weight factor of molecule in compound  :         0.03175
 Normalized weight factor of molecule in gas phase :         0.00067

 Compound: 3 Conformer: 6 (lacticacid_c5)
 Chemical potential of the molecule in the mixture :         3.57214 kcal/mol
 Log10(partial pressure [mbar])                    :        -1.24729
 Free energy of molecule in mix (E_COSMO+dE+Mu)    :   -215742.46332 kcal/mol
 Total mean interaction energy in the mix          :        -6.12675 kcal/mol
 Misfit interaction energy in the mix              :         2.74982 kcal/mol
 H-Bond interaction energy in the mix              :        -3.12255 kcal/mol
 VdW interaction energy in the mix                 :       -14.00586 kcal/mol
 Gas liquid transition energy in the mix (H_glt)   :         8.25184 kcal/mol
 Normalized weight factor of molecule in compound  :         0.07783
 Normalized weight factor of molecule in gas phase :         0.02069




 Results for mixture 5 - LIQ_EX Phase 1 Iteration    2
 ---------------------
 Temperature          :    313.150 K
 Compound Nr.         :         1         2         3
 Compound             :       h2o 3-octanon lacticaci
 Mole Fraction        :    0.9974    0.0002    0.0024

 Compound: 1  (h2o)
 Chemical potential of the compound in the mixture :         3.46913 kcal/mol
 Log10(partial pressure [mbar])                    :         1.52862
 Free energy of molecule in mix (E_COSMO+dE+Mu)    :    -47989.78415 kcal/mol
 Total mean interaction energy in the mix (H_int)  :        -5.54515 kcal/mol
 Misfit interaction energy in the mix (H_MF)       :         0.59149 kcal/mol
 H-Bond interaction energy in the mix (H_HB)       :        -4.72871 kcal/mol
 VdW interaction energy in the mix (H_vdW)         :        -4.33998 kcal/mol
 Gas liquid transition energy in the mix (H_glt)   :         2.93205 kcal/mol

 Compound: 2  (3-octanone)
 Chemical potential of the compound in the mixture :         6.83253 kcal/mol
 Log10(partial pressure [mbar])                    :         4.44410
 Free energy of molecule in mix (E_COSMO+dE+Mu)    :   -244670.34041 kcal/mol
 Total mean interaction energy in the mix (H_int)  :        -7.59550 kcal/mol
 Misfit interaction energy in the mix (H_MF)       :         3.24498 kcal/mol
 H-Bond interaction energy in the mix (H_HB)       :        -2.11569 kcal/mol
 VdW interaction energy in the mix (H_vdW)         :       -22.42640 kcal/mol
 Gas liquid transition energy in the mix (H_glt)   :        13.54923 kcal/mol

 Compound: 3  (lacticacid)
 Chemical potential of the compound in the mixture :         4.46055 kcal/mol
 Log10(partial pressure [mbar])                    :        -0.78925
 Free energy of molecule in mix (E_COSMO+dE+Mu)    :   -215744.21959 kcal/mol
 Total mean interaction energy in the mix (H_int)  :        -7.86526 kcal/mol
 Misfit interaction energy in the mix (H_MF)       :         1.98863 kcal/mol
 H-Bond interaction energy in the mix (H_HB)       :        -7.03195 kcal/mol
 VdW interaction energy in the mix (H_vdW)         :       -13.28502 kcal/mol
 Gas liquid transition energy in the mix (H_glt)   :         8.25184 kcal/mol



 Compound: 1 Conformer: 1 (h2o_c0)
 Chemical potential of the molecule in the mixture :         3.46913 kcal/mol
 Log10(partial pressure [mbar])                    :         1.52862
 Free energy of molecule in mix (E_COSMO+dE+Mu)    :    -47989.78415 kcal/mol
 Total mean interaction energy in the mix          :        -5.54515 kcal/mol
 Misfit interaction energy in the mix              :         0.59149 kcal/mol
 H-Bond interaction energy in the mix              :        -4.72871 kcal/mol
 VdW interaction energy in the mix                 :        -4.33998 kcal/mol
 Gas liquid transition energy in the mix (H_glt)   :         2.93205 kcal/mol
 Normalized weight factor of molecule in compound  :         1.00000
 Normalized weight factor of molecule in gas phase :         1.00000

 Compound: 2 Conformer: 1 (3-octanone_c0)
 Chemical potential of the molecule in the mixture :         7.48862 kcal/mol
 Log10(partial pressure [mbar])                    :         4.35136
 Free energy of molecule in mix (E_COSMO+dE+Mu)    :   -244669.67270 kcal/mol
 Total mean interaction energy in the mix          :        -7.72133 kcal/mol
 Misfit interaction energy in the mix              :         3.30026 kcal/mol
 H-Bond interaction energy in the mix              :        -2.00124 kcal/mol
 VdW interaction energy in the mix                 :       -22.56958 kcal/mol
 Gas liquid transition energy in the mix (H_glt)   :        13.54923 kcal/mol
 Normalized weight factor of molecule in compound  :         0.34199
 Normalized weight factor of molecule in gas phase :         0.27623

 Compound: 2 Conformer: 2 (3-octanone_c1)
 Chemical potential of the molecule in the mixture :         7.37645 kcal/mol
 Log10(partial pressure [mbar])                    :         4.14827
 Free energy of molecule in mix (E_COSMO+dE+Mu)    :   -244669.59304 kcal/mol
 Total mean interaction energy in the mix          :        -7.95833 kcal/mol
 Misfit interaction energy in the mix              :         3.23697 kcal/mol
 H-Bond interaction energy in the mix              :        -2.29568 kcal/mol
 VdW interaction energy in the mix                 :       -22.44885 kcal/mol
 Gas liquid transition energy in the mix (H_glt)   :        13.54923 kcal/mol
 Normalized weight factor of molecule in compound  :         0.30090
 Normalized weight factor of molecule in gas phase :         0.15226

 Compound: 2 Conformer: 3 (3-octanone_c2)
 Chemical potential of the molecule in the mixture :         7.77973 kcal/mol
 Log10(partial pressure [mbar])                    :         4.80545
 Free energy of molecule in mix (E_COSMO+dE+Mu)    :   -244669.39321 kcal/mol
 Total mean interaction energy in the mix          :        -7.44169 kcal/mol
 Misfit interaction energy in the mix              :         3.20332 kcal/mol
 H-Bond interaction energy in the mix              :        -1.91505 kcal/mol
 VdW interaction energy in the mix                 :       -22.27919 kcal/mol
 Gas liquid transition energy in the mix (H_glt)   :        13.54923 kcal/mol
 Normalized weight factor of molecule in compound  :         0.21825
 Normalized weight factor of molecule in gas phase :         0.49421

 Compound: 2 Conformer: 4 (3-octanone_c3)
 Chemical potential of the molecule in the mixture :         7.43323 kcal/mol
 Log10(partial pressure [mbar])                    :         4.19109
 Free energy of molecule in mix (E_COSMO+dE+Mu)    :   -244669.11185 kcal/mol
 Total mean interaction energy in the mix          :        -7.83848 kcal/mol
 Misfit interaction energy in the mix              :         3.19164 kcal/mol
 H-Bond interaction energy in the mix              :        -2.32287 kcal/mol
 VdW interaction energy in the mix                 :       -22.25648 kcal/mol
 Gas liquid transition energy in the mix (H_glt)   :        13.54923 kcal/mol
 Normalized weight factor of molecule in compound  :         0.13887
 Normalized weight factor of molecule in gas phase :         0.07729

 Compound: 3 Conformer: 1 (lacticacid_c0)
 Chemical potential of the molecule in the mixture :         6.41007 kcal/mol
 Log10(partial pressure [mbar])                    :        -0.56668
 Free energy of molecule in mix (E_COSMO+dE+Mu)    :   -215742.27007 kcal/mol
 Total mean interaction energy in the mix          :        -7.35412 kcal/mol
 Misfit interaction energy in the mix              :         2.02350 kcal/mol
 H-Bond interaction energy in the mix              :        -4.39546 kcal/mol
 VdW interaction energy in the mix                 :       -13.23400 kcal/mol
 Gas liquid transition energy in the mix (H_glt)   :         8.25184 kcal/mol
 Normalized weight factor of molecule in compound  :         0.04360
 Normalized weight factor of molecule in gas phase :         0.00603

 Compound: 3 Conformer: 2 (lacticacid_c1)
 Chemical potential of the molecule in the mixture :         6.53161 kcal/mol
 Log10(partial pressure [mbar])                    :        -0.09147
 Free energy of molecule in mix (E_COSMO+dE+Mu)    :   -215741.96704 kcal/mol
 Total mean interaction energy in the mix          :        -6.91788 kcal/mol
 Misfit interaction energy in the mix              :         2.13260 kcal/mol
 H-Bond interaction energy in the mix              :        -4.09130 kcal/mol
 VdW interaction energy in the mix                 :       -13.21102 kcal/mol
 Gas liquid transition energy in the mix (H_glt)   :         8.25184 kcal/mol
 Normalized weight factor of molecule in compound  :         0.02679
 Normalized weight factor of molecule in gas phase :         0.01137

 Compound: 3 Conformer: 3 (lacticacid_c2)
 Chemical potential of the molecule in the mixture :         4.68883 kcal/mol
 Log10(partial pressure [mbar])                    :         0.59833
 Free energy of molecule in mix (E_COSMO+dE+Mu)    :   -215742.91763 kcal/mol
 Total mean interaction energy in the mix          :        -8.02053 kcal/mol
 Misfit interaction energy in the mix              :         2.06575 kcal/mol
 H-Bond interaction energy in the mix              :        -5.04196 kcal/mol
 VdW interaction energy in the mix                 :       -13.29616 kcal/mol
 Gas liquid transition energy in the mix (H_glt)   :         8.25184 kcal/mol
 Normalized weight factor of molecule in compound  :         0.12342
 Normalized weight factor of molecule in gas phase :         0.93300

 Compound: 3 Conformer: 4 (lacticacid_c3)
 Chemical potential of the molecule in the mixture :         2.93312 kcal/mol
 Log10(partial pressure [mbar])                    :        -1.66361
 Free energy of molecule in mix (E_COSMO+dE+Mu)    :   -215743.25231 kcal/mol
 Total mean interaction energy in the mix          :       -10.13407 kcal/mol
 Misfit interaction energy in the mix              :         1.98636 kcal/mol
 H-Bond interaction energy in the mix              :        -7.09950 kcal/mol
 VdW interaction energy in the mix                 :       -13.27277 kcal/mol
 Gas liquid transition energy in the mix (H_glt)   :         8.25184 kcal/mol
 Normalized weight factor of molecule in compound  :         0.21132
 Normalized weight factor of molecule in gas phase :         0.02822

 Compound: 3 Conformer: 5 (lacticacid_c4)
 Chemical potential of the molecule in the mixture :         2.42027 kcal/mol
 Log10(partial pressure [mbar])                    :        -3.58227
 Free energy of molecule in mix (E_COSMO+dE+Mu)    :   -215743.67856 kcal/mol
 Total mean interaction energy in the mix          :       -11.08215 kcal/mol
 Misfit interaction energy in the mix              :         1.96533 kcal/mol
 H-Bond interaction energy in the mix              :        -8.00528 kcal/mol
 VdW interaction energy in the mix                 :       -13.29404 kcal/mol
 Gas liquid transition energy in the mix (H_glt)   :         8.25184 kcal/mol
 Normalized weight factor of molecule in compound  :         0.41920
 Normalized weight factor of molecule in gas phase :         0.00067

 Compound: 3 Conformer: 6 (lacticacid_c5)
 Chemical potential of the molecule in the mixture :         2.89810 kcal/mol
 Log10(partial pressure [mbar])                    :        -1.71770
 Free energy of molecule in mix (E_COSMO+dE+Mu)    :   -215743.13737 kcal/mol
 Total mean interaction energy in the mix          :       -10.20923 kcal/mol
 Misfit interaction energy in the mix              :         1.96217 kcal/mol
 H-Bond interaction energy in the mix              :        -7.12886 kcal/mol
 VdW interaction energy in the mix                 :       -13.29437 kcal/mol
 Gas liquid transition energy in the mix (H_glt)   :         8.25184 kcal/mol
 Normalized weight factor of molecule in compound  :         0.17568
 Normalized weight factor of molecule in gas phase :         0.02069




 Results for mixture 6 - LIQ_EX Phase 2 Iteration    2
 ---------------------
 Temperature          :    313.150 K
 Compound Nr.         :         1         2         3
 Compound             :       h2o 3-octanon lacticaci
 Mole Fraction        :    0.0451    0.9532    0.0017

 Compound: 1  (h2o)
 Chemical potential of the compound in the mixture :         5.27162 kcal/mol
 Log10(partial pressure [mbar])                    :         2.78657
 Free energy of molecule in mix (E_COSMO+dE+Mu)    :    -47987.98165 kcal/mol
 Total mean interaction energy in the mix (H_int)  :        -2.56424 kcal/mol
 Misfit interaction energy in the mix (H_MF)       :         1.56812 kcal/mol
 H-Bond interaction energy in the mix (H_HB)       :        -2.47825 kcal/mol
 VdW interaction energy in the mix (H_vdW)         :        -4.58617 kcal/mol
 Gas liquid transition energy in the mix (H_glt)   :         2.93205 kcal/mol
 Equilibrium constant Kx(1,2)                      :        18.11133
 Equilibrium concentration x_k(1,2)                :         0.94768

 Compound: 2  (3-octanone)
 Chemical potential of the compound in the mixture :         1.58417 kcal/mol
 Log10(partial pressure [mbar])                    :         0.78130
 Free energy of molecule in mix (E_COSMO+dE+Mu)    :   -244675.58877 kcal/mol
 Total mean interaction energy in the mix (H_int)  :        -6.22877 kcal/mol
 Misfit interaction energy in the mix (H_MF)       :         3.50613 kcal/mol
 H-Bond interaction energy in the mix (H_HB)       :        -0.10292 kcal/mol
 VdW interaction energy in the mix (H_vdW)         :       -23.27295 kcal/mol
 Gas liquid transition energy in the mix (H_glt)   :        13.54923 kcal/mol
 Equilibrium constant Kx(1,2)                      :  2.17371126E-04
 Equilibrium concentration x_k(1,2)                :         0.00022

 Compound: 3  (lacticacid)
 Chemical potential of the compound in the mixture :         4.54886 kcal/mol
 Log10(partial pressure [mbar])                    :        -0.72762
 Free energy of molecule in mix (E_COSMO+dE+Mu)    :   -215744.13128 kcal/mol
 Total mean interaction energy in the mix (H_int)  :        -4.32286 kcal/mol
 Misfit interaction energy in the mix (H_MF)       :         2.52571 kcal/mol
 H-Bond interaction energy in the mix (H_HB)       :        -2.40876 kcal/mol
 VdW interaction energy in the mix (H_vdW)         :       -13.98495 kcal/mol
 Gas liquid transition energy in the mix (H_glt)   :         8.25184 kcal/mol
 Equilibrium constant Kx(1,2)                      :         1.15247
 Equilibrium concentration x_k(1,2)                :         0.53542



 Compound: 1 Conformer: 1 (h2o_c0)
 Chemical potential of the molecule in the mixture :         5.27162 kcal/mol
 Log10(partial pressure [mbar])                    :         2.78657
 Free energy of molecule in mix (E_COSMO+dE+Mu)    :    -47987.98165 kcal/mol
 Total mean interaction energy in the mix          :        -2.56424 kcal/mol
 Misfit interaction energy in the mix              :         1.56812 kcal/mol
 H-Bond interaction energy in the mix              :        -2.47825 kcal/mol
 VdW interaction energy in the mix                 :        -4.58617 kcal/mol
 Gas liquid transition energy in the mix (H_glt)   :         2.93205 kcal/mol
 Normalized weight factor of molecule in compound  :         1.00000
 Normalized weight factor of molecule in gas phase :         1.00000

 Compound: 2 Conformer: 1 (3-octanone_c0)
 Chemical potential of the molecule in the mixture :         2.14044 kcal/mol
 Log10(partial pressure [mbar])                    :         0.61890
 Free energy of molecule in mix (E_COSMO+dE+Mu)    :   -244675.02089 kcal/mol
 Total mean interaction energy in the mix          :        -6.43745 kcal/mol
 Misfit interaction energy in the mix              :         3.52635 kcal/mol
 H-Bond interaction energy in the mix              :        -0.09164 kcal/mol
 VdW interaction energy in the mix                 :       -23.42140 kcal/mol
 Gas liquid transition energy in the mix (H_glt)   :        13.54923 kcal/mol
 Normalized weight factor of molecule in compound  :         0.40149
 Normalized weight factor of molecule in gas phase :         0.27623

 Compound: 2 Conformer: 2 (3-octanone_c1)
 Chemical potential of the molecule in the mixture :         2.40958 kcal/mol
 Log10(partial pressure [mbar])                    :         0.68193
 Free energy of molecule in mix (E_COSMO+dE+Mu)    :   -244674.55990 kcal/mol
 Total mean interaction energy in the mix          :        -6.28899 kcal/mol
 Misfit interaction energy in the mix              :         3.61750 kcal/mol
 H-Bond interaction energy in the mix              :        -0.15145 kcal/mol
 VdW interaction energy in the mix                 :       -23.30427 kcal/mol
 Gas liquid transition energy in the mix (H_glt)   :        13.54923 kcal/mol
 Normalized weight factor of molecule in compound  :         0.19141
 Normalized weight factor of molecule in gas phase :         0.15226

 Compound: 2 Conformer: 3 (3-octanone_c2)
 Chemical potential of the molecule in the mixture :         2.27324 kcal/mol
 Log10(partial pressure [mbar])                    :         0.96250
 Free energy of molecule in mix (E_COSMO+dE+Mu)    :   -244674.89970 kcal/mol
 Total mean interaction energy in the mix          :        -6.24440 kcal/mol
 Misfit interaction energy in the mix              :         3.39745 kcal/mol
 H-Bond interaction energy in the mix              :        -0.07805 kcal/mol
 VdW interaction energy in the mix                 :       -23.11304 kcal/mol
 Gas liquid transition energy in the mix (H_glt)   :        13.54923 kcal/mol
 Normalized weight factor of molecule in compound  :         0.33045
 Normalized weight factor of molecule in gas phase :         0.49421

 Compound: 2 Conformer: 4 (3-octanone_c3)
 Chemical potential of the molecule in the mixture :         2.55471 kcal/mol
 Log10(partial pressure [mbar])                    :         0.78640
 Free energy of molecule in mix (E_COSMO+dE+Mu)    :   -244673.99037 kcal/mol
 Total mean interaction energy in the mix          :        -6.11469 kcal/mol
 Misfit interaction energy in the mix              :         3.59069 kcal/mol
 H-Bond interaction energy in the mix              :        -0.14802 kcal/mol
 VdW interaction energy in the mix                 :       -23.10659 kcal/mol
 Gas liquid transition energy in the mix (H_glt)   :        13.54923 kcal/mol
 Normalized weight factor of molecule in compound  :         0.07665
 Normalized weight factor of molecule in gas phase :         0.07729

 Compound: 3 Conformer: 1 (lacticacid_c0)
 Chemical potential of the molecule in the mixture :         6.18505 kcal/mol
 Log10(partial pressure [mbar])                    :        -0.72372
 Free energy of molecule in mix (E_COSMO+dE+Mu)    :   -215742.49509 kcal/mol
 Total mean interaction energy in the mix          :        -4.45529 kcal/mol
 Misfit interaction energy in the mix              :         3.12076 kcal/mol
 H-Bond interaction energy in the mix              :        -1.88090 kcal/mol
 VdW interaction energy in the mix                 :       -13.94699 kcal/mol
 Gas liquid transition energy in the mix (H_glt)   :         8.25184 kcal/mol
 Normalized weight factor of molecule in compound  :         0.07213
 Normalized weight factor of molecule in gas phase :         0.00603

 Compound: 3 Conformer: 2 (lacticacid_c1)
 Chemical potential of the molecule in the mixture :         6.54599 kcal/mol
 Log10(partial pressure [mbar])                    :        -0.08144
 Free energy of molecule in mix (E_COSMO+dE+Mu)    :   -215741.95265 kcal/mol
 Total mean interaction energy in the mix          :        -4.17879 kcal/mol
 Misfit interaction energy in the mix              :         3.07985 kcal/mol
 H-Bond interaction energy in the mix              :        -1.59250 kcal/mol
 VdW interaction energy in the mix                 :       -13.91799 kcal/mol
 Gas liquid transition energy in the mix (H_glt)   :         8.25184 kcal/mol
 Normalized weight factor of molecule in compound  :         0.03017
 Normalized weight factor of molecule in gas phase :         0.01137

 Compound: 3 Conformer: 3 (lacticacid_c2)
 Chemical potential of the molecule in the mixture :         3.71469 kcal/mol
 Log10(partial pressure [mbar])                    :        -0.08151
 Free energy of molecule in mix (E_COSMO+dE+Mu)    :   -215743.89177 kcal/mol
 Total mean interaction energy in the mix          :        -5.60860 kcal/mol
 Misfit interaction energy in the mix              :         2.35794 kcal/mol
 H-Bond interaction energy in the mix              :        -2.22785 kcal/mol
 VdW interaction energy in the mix                 :       -13.99053 kcal/mol
 Gas liquid transition energy in the mix (H_glt)   :         8.25184 kcal/mol
 Normalized weight factor of molecule in compound  :         0.68053
 Normalized weight factor of molecule in gas phase :         0.93300

 Compound: 3 Conformer: 4 (lacticacid_c3)
 Chemical potential of the molecule in the mixture :         3.48983 kcal/mol
 Log10(partial pressure [mbar])                    :        -1.27509
 Free energy of molecule in mix (E_COSMO+dE+Mu)    :   -215742.69561 kcal/mol
 Total mean interaction energy in the mix          :        -6.23651 kcal/mol
 Misfit interaction energy in the mix              :         2.68891 kcal/mol
 H-Bond interaction energy in the mix              :        -3.20421 kcal/mol
 VdW interaction energy in the mix                 :       -13.97306 kcal/mol
 Gas liquid transition energy in the mix (H_glt)   :         8.25184 kcal/mol
 Normalized weight factor of molecule in compound  :         0.09955
 Normalized weight factor of molecule in gas phase :         0.02822

 Compound: 3 Conformer: 5 (lacticacid_c4)
 Chemical potential of the molecule in the mixture :         4.04173 kcal/mol
 Log10(partial pressure [mbar])                    :        -2.45066
 Free energy of molecule in mix (E_COSMO+dE+Mu)    :   -215742.05710 kcal/mol
 Total mean interaction energy in the mix          :        -6.06549 kcal/mol
 Misfit interaction energy in the mix              :         3.25445 kcal/mol
 H-Bond interaction energy in the mix              :        -3.55640 kcal/mol
 VdW interaction energy in the mix                 :       -14.01537 kcal/mol
 Gas liquid transition energy in the mix (H_glt)   :         8.25184 kcal/mol
 Normalized weight factor of molecule in compound  :         0.03568
 Normalized weight factor of molecule in gas phase :         0.00067

 Compound: 3 Conformer: 6 (lacticacid_c5)
 Chemical potential of the molecule in the mixture :         3.46104 kcal/mol
 Log10(partial pressure [mbar])                    :        -1.32483
 Free energy of molecule in mix (E_COSMO+dE+Mu)    :   -215742.57443 kcal/mol
 Total mean interaction energy in the mix          :        -6.28073 kcal/mol
 Misfit interaction energy in the mix              :         2.67571 kcal/mol
 H-Bond interaction energy in the mix              :        -3.21034 kcal/mol
 VdW interaction energy in the mix                 :       -13.99793 kcal/mol
 Gas liquid transition energy in the mix (H_glt)   :         8.25184 kcal/mol
 Normalized weight factor of molecule in compound  :         0.08194
 Normalized weight factor of molecule in gas phase :         0.02069




 Results for mixture 7 - LIQ_EX Phase 1 Iteration    3
 ---------------------
 Temperature          :    313.150 K
 Compound Nr.         :         1         2         3
 Compound             :       h2o 3-octanon lacticaci
 Mole Fraction        :    0.9976    0.0002    0.0022

 Compound: 1  (h2o)
 Chemical potential of the compound in the mixture :         3.46912 kcal/mol
 Log10(partial pressure [mbar])                    :         1.52862
 Free energy of molecule in mix (E_COSMO+dE+Mu)    :    -47989.78415 kcal/mol
 Total mean interaction energy in the mix (H_int)  :        -5.54503 kcal/mol
 Misfit interaction energy in the mix (H_MF)       :         0.59150 kcal/mol
 H-Bond interaction energy in the mix (H_HB)       :        -4.72872 kcal/mol
 VdW interaction energy in the mix (H_vdW)         :        -4.33986 kcal/mol
 Gas liquid transition energy in the mix (H_glt)   :         2.93205 kcal/mol

 Compound: 2  (3-octanone)
 Chemical potential of the compound in the mixture :         6.83514 kcal/mol
 Log10(partial pressure [mbar])                    :         4.44592
 Free energy of molecule in mix (E_COSMO+dE+Mu)    :   -244670.33780 kcal/mol
 Total mean interaction energy in the mix (H_int)  :        -7.59600 kcal/mol
 Misfit interaction energy in the mix (H_MF)       :         3.24395 kcal/mol
 H-Bond interaction energy in the mix (H_HB)       :        -2.11588 kcal/mol
 VdW interaction energy in the mix (H_vdW)         :       -22.42569 kcal/mol
 Gas liquid transition energy in the mix (H_glt)   :        13.54923 kcal/mol

 Compound: 3  (lacticacid)
 Chemical potential of the compound in the mixture :         4.46105 kcal/mol
 Log10(partial pressure [mbar])                    :        -0.78890
 Free energy of molecule in mix (E_COSMO+dE+Mu)    :   -215744.21909 kcal/mol
 Total mean interaction energy in the mix (H_int)  :        -7.86590 kcal/mol
 Misfit interaction energy in the mix (H_MF)       :         1.98822 kcal/mol
 H-Bond interaction energy in the mix (H_HB)       :        -7.03275 kcal/mol
 VdW interaction energy in the mix (H_vdW)         :       -13.28461 kcal/mol
 Gas liquid transition energy in the mix (H_glt)   :         8.25184 kcal/mol



 Compound: 1 Conformer: 1 (h2o_c0)
 Chemical potential of the molecule in the mixture :         3.46912 kcal/mol
 Log10(partial pressure [mbar])                    :         1.52862
 Free energy of molecule in mix (E_COSMO+dE+Mu)    :    -47989.78415 kcal/mol
 Total mean interaction energy in the mix          :        -5.54503 kcal/mol
 Misfit interaction energy in the mix              :         0.59150 kcal/mol
 H-Bond interaction energy in the mix              :        -4.72872 kcal/mol
 VdW interaction energy in the mix                 :        -4.33986 kcal/mol
 Gas liquid transition energy in the mix (H_glt)   :         2.93205 kcal/mol
 Normalized weight factor of molecule in compound  :         1.00000
 Normalized weight factor of molecule in gas phase :         1.00000

 Compound: 2 Conformer: 1 (3-octanone_c0)
 Chemical potential of the molecule in the mixture :         7.49127 kcal/mol
 Log10(partial pressure [mbar])                    :         4.35321
 Free energy of molecule in mix (E_COSMO+dE+Mu)    :   -244669.67006 kcal/mol
 Total mean interaction energy in the mix          :        -7.72180 kcal/mol
 Misfit interaction energy in the mix              :         3.29927 kcal/mol
 H-Bond interaction energy in the mix              :        -2.00143 kcal/mol
 VdW interaction energy in the mix                 :       -22.56887 kcal/mol
 Gas liquid transition energy in the mix (H_glt)   :        13.54923 kcal/mol
 Normalized weight factor of molecule in compound  :         0.34197
 Normalized weight factor of molecule in gas phase :         0.27623

 Compound: 2 Conformer: 2 (3-octanone_c1)
 Chemical potential of the molecule in the mixture :         7.37904 kcal/mol
 Log10(partial pressure [mbar])                    :         4.15008
 Free energy of molecule in mix (E_COSMO+dE+Mu)    :   -244669.59045 kcal/mol
 Total mean interaction energy in the mix          :        -7.95883 kcal/mol
 Misfit interaction energy in the mix              :         3.23591 kcal/mol
 H-Bond interaction energy in the mix              :        -2.29583 kcal/mol
 VdW interaction energy in the mix                 :       -22.44814 kcal/mol
 Gas liquid transition energy in the mix (H_glt)   :        13.54923 kcal/mol
 Normalized weight factor of molecule in compound  :         0.30090
 Normalized weight factor of molecule in gas phase :         0.15226

 Compound: 2 Conformer: 3 (3-octanone_c2)
 Chemical potential of the molecule in the mixture :         7.78236 kcal/mol
 Log10(partial pressure [mbar])                    :         4.80729
 Free energy of molecule in mix (E_COSMO+dE+Mu)    :   -244669.39058 kcal/mol
 Total mean interaction energy in the mix          :        -7.44225 kcal/mol
 Misfit interaction energy in the mix              :         3.20229 kcal/mol
 H-Bond interaction energy in the mix              :        -1.91528 kcal/mol
 VdW interaction energy in the mix                 :       -22.27850 kcal/mol
 Gas liquid transition energy in the mix (H_glt)   :        13.54923 kcal/mol
 Normalized weight factor of molecule in compound  :         0.21824
 Normalized weight factor of molecule in gas phase :         0.49421

 Compound: 2 Conformer: 4 (3-octanone_c3)
 Chemical potential of the molecule in the mixture :         7.43578 kcal/mol
 Log10(partial pressure [mbar])                    :         4.19287
 Free energy of molecule in mix (E_COSMO+dE+Mu)    :   -244669.10930 kcal/mol
 Total mean interaction energy in the mix          :        -7.83899 kcal/mol
 Misfit interaction energy in the mix              :         3.19059 kcal/mol
 H-Bond interaction energy in the mix              :        -2.32302 kcal/mol
 VdW interaction energy in the mix                 :       -22.25578 kcal/mol
 Gas liquid transition energy in the mix (H_glt)   :        13.54923 kcal/mol
 Normalized weight factor of molecule in compound  :         0.13888
 Normalized weight factor of molecule in gas phase :         0.07729

 Compound: 3 Conformer: 1 (lacticacid_c0)
 Chemical potential of the molecule in the mixture :         6.41074 kcal/mol
 Log10(partial pressure [mbar])                    :        -0.56622
 Free energy of molecule in mix (E_COSMO+dE+Mu)    :   -215742.26940 kcal/mol
 Total mean interaction energy in the mix          :        -7.35453 kcal/mol
 Misfit interaction energy in the mix              :         2.02307 kcal/mol
 H-Bond interaction energy in the mix              :        -4.39588 kcal/mol
 VdW interaction energy in the mix                 :       -13.23357 kcal/mol
 Gas liquid transition energy in the mix (H_glt)   :         8.25184 kcal/mol
 Normalized weight factor of molecule in compound  :         0.04358
 Normalized weight factor of molecule in gas phase :         0.00603

 Compound: 3 Conformer: 2 (lacticacid_c1)
 Chemical potential of the molecule in the mixture :         6.53226 kcal/mol
 Log10(partial pressure [mbar])                    :        -0.09102
 Free energy of molecule in mix (E_COSMO+dE+Mu)    :   -215741.96639 kcal/mol
 Total mean interaction energy in the mix          :        -6.91822 kcal/mol
 Misfit interaction energy in the mix              :         2.13225 kcal/mol
 H-Bond interaction energy in the mix              :        -4.09173 kcal/mol
 VdW interaction energy in the mix                 :       -13.21058 kcal/mol
 Gas liquid transition energy in the mix (H_glt)   :         8.25184 kcal/mol
 Normalized weight factor of molecule in compound  :         0.02678
 Normalized weight factor of molecule in gas phase :         0.01137

 Compound: 3 Conformer: 3 (lacticacid_c2)
 Chemical potential of the molecule in the mixture :         4.68969 kcal/mol
 Log10(partial pressure [mbar])                    :         0.59893
 Free energy of molecule in mix (E_COSMO+dE+Mu)    :   -215742.91677 kcal/mol
 Total mean interaction energy in the mix          :        -8.02082 kcal/mol
 Misfit interaction energy in the mix              :         2.06540 kcal/mol
 H-Bond interaction energy in the mix              :        -5.04233 kcal/mol
 VdW interaction energy in the mix                 :       -13.29572 kcal/mol
 Gas liquid transition energy in the mix (H_glt)   :         8.25184 kcal/mol
 Normalized weight factor of molecule in compound  :         0.12335
 Normalized weight factor of molecule in gas phase :         0.93300

 Compound: 3 Conformer: 4 (lacticacid_c3)
 Chemical potential of the molecule in the mixture :         2.93362 kcal/mol
 Log10(partial pressure [mbar])                    :        -1.66326
 Free energy of molecule in mix (E_COSMO+dE+Mu)    :   -215743.25181 kcal/mol
 Total mean interaction energy in the mix          :       -10.13462 kcal/mol
 Misfit interaction energy in the mix              :         1.98597 kcal/mol
 H-Bond interaction energy in the mix              :        -7.10008 kcal/mol
 VdW interaction energy in the mix                 :       -13.27235 kcal/mol
 Gas liquid transition energy in the mix (H_glt)   :         8.25184 kcal/mol
 Normalized weight factor of molecule in compound  :         0.21132
 Normalized weight factor of molecule in gas phase :         0.02822

 Compound: 3 Conformer: 5 (lacticacid_c4)
 Chemical potential of the molecule in the mixture :         2.42064 kcal/mol
 Log10(partial pressure [mbar])                    :        -3.58202
 Free energy of molecule in mix (E_COSMO+dE+Mu)    :   -215743.67819 kcal/mol
 Total mean interaction energy in the mix          :       -11.08269 kcal/mol
 Misfit interaction energy in the mix              :         1.96491 kcal/mol
 H-Bond interaction energy in the mix              :        -8.00581 kcal/mol
 VdW interaction energy in the mix                 :       -13.29363 kcal/mol
 Gas liquid transition energy in the mix (H_glt)   :         8.25184 kcal/mol
 Normalized weight factor of molecule in compound  :         0.41929
 Normalized weight factor of molecule in gas phase :         0.00067

 Compound: 3 Conformer: 6 (lacticacid_c5)
 Chemical potential of the molecule in the mixture :         2.89861 kcal/mol
 Log10(partial pressure [mbar])                    :        -1.71734
 Free energy of molecule in mix (E_COSMO+dE+Mu)    :   -215743.13685 kcal/mol
 Total mean interaction energy in the mix          :       -10.20978 kcal/mol
 Misfit interaction energy in the mix              :         1.96177 kcal/mol
 H-Bond interaction energy in the mix              :        -7.12943 kcal/mol
 VdW interaction energy in the mix                 :       -13.29396 kcal/mol
 Gas liquid transition energy in the mix (H_glt)   :         8.25184 kcal/mol
 Normalized weight factor of molecule in compound  :         0.17568
 Normalized weight factor of molecule in gas phase :         0.02069




 Results for mixture 8 - LIQ_EX Phase 2 Iteration    3
 ---------------------
 Temperature          :    313.150 K
 Compound Nr.         :         1         2         3
 Compound             :       h2o 3-octanon lacticaci
 Mole Fraction        :    0.0540    0.9441    0.0019

 Compound: 1  (h2o)
 Chemical potential of the compound in the mixture :         5.22754 kcal/mol
 Log10(partial pressure [mbar])                    :         2.75581
 Free energy of molecule in mix (E_COSMO+dE+Mu)    :    -47988.02573 kcal/mol
 Total mean interaction energy in the mix (H_int)  :        -2.63620 kcal/mol
 Misfit interaction energy in the mix (H_MF)       :         1.53077 kcal/mol
 H-Bond interaction energy in the mix (H_HB)       :        -2.51481 kcal/mol
 VdW interaction energy in the mix (H_vdW)         :        -4.58422 kcal/mol
 Gas liquid transition energy in the mix (H_glt)   :         2.93205 kcal/mol
 Equilibrium constant Kx(1,2)                      :        16.87289
 Equilibrium concentration x_k(1,2)                :         0.94405

 Compound: 2  (3-octanone)
 Chemical potential of the compound in the mixture :         1.58652 kcal/mol
 Log10(partial pressure [mbar])                    :         0.78294
 Free energy of molecule in mix (E_COSMO+dE+Mu)    :   -244675.58642 kcal/mol
 Total mean interaction energy in the mix (H_int)  :        -6.24519 kcal/mol
 Misfit interaction energy in the mix (H_MF)       :         3.50666 kcal/mol
 H-Bond interaction energy in the mix (H_HB)       :        -0.12246 kcal/mol
 VdW interaction energy in the mix (H_vdW)         :       -23.27072 kcal/mol
 Gas liquid transition energy in the mix (H_glt)   :        13.54923 kcal/mol
 Equilibrium constant Kx(1,2)                      :  2.17279188E-04
 Equilibrium concentration x_k(1,2)                :         0.00022

 Compound: 3  (lacticacid)
 Chemical potential of the compound in the mixture :         4.51412 kcal/mol
 Log10(partial pressure [mbar])                    :        -0.75187
 Free energy of molecule in mix (E_COSMO+dE+Mu)    :   -215744.16602 kcal/mol
 Total mean interaction energy in the mix (H_int)  :        -4.36997 kcal/mol
 Misfit interaction energy in the mix (H_MF)       :         2.50372 kcal/mol
 H-Bond interaction energy in the mix (H_HB)       :        -2.44654 kcal/mol
 VdW interaction energy in the mix (H_vdW)         :       -13.98180 kcal/mol
 Gas liquid transition energy in the mix (H_glt)   :         8.25184 kcal/mol
 Equilibrium constant Kx(1,2)                      :         1.08901
 Equilibrium concentration x_k(1,2)                :         0.52130



 Compound: 1 Conformer: 1 (h2o_c0)
 Chemical potential of the molecule in the mixture :         5.22754 kcal/mol
 Log10(partial pressure [mbar])                    :         2.75581
 Free energy of molecule in mix (E_COSMO+dE+Mu)    :    -47988.02573 kcal/mol
 Total mean interaction energy in the mix          :        -2.63620 kcal/mol
 Misfit interaction energy in the mix              :         1.53077 kcal/mol
 H-Bond interaction energy in the mix              :        -2.51481 kcal/mol
 VdW interaction energy in the mix                 :        -4.58422 kcal/mol
 Gas liquid transition energy in the mix (H_glt)   :         2.93205 kcal/mol
 Normalized weight factor of molecule in compound  :         1.00000
 Normalized weight factor of molecule in gas phase :         1.00000

 Compound: 2 Conformer: 1 (3-octanone_c0)
 Chemical potential of the molecule in the mixture :         2.14319 kcal/mol
 Log10(partial pressure [mbar])                    :         0.62082
 Free energy of molecule in mix (E_COSMO+dE+Mu)    :   -244675.01813 kcal/mol
 Total mean interaction energy in the mix          :        -6.45230 kcal/mol
 Misfit interaction energy in the mix              :         3.52673 kcal/mol
 H-Bond interaction energy in the mix              :        -0.10914 kcal/mol
 VdW interaction energy in the mix                 :       -23.41912 kcal/mol
 Gas liquid transition energy in the mix (H_glt)   :        13.54923 kcal/mol
 Normalized weight factor of molecule in compound  :         0.40123
 Normalized weight factor of molecule in gas phase :         0.27623

 Compound: 2 Conformer: 2 (3-octanone_c1)
 Chemical potential of the molecule in the mixture :         2.40927 kcal/mol
 Log10(partial pressure [mbar])                    :         0.68171
 Free energy of molecule in mix (E_COSMO+dE+Mu)    :   -244674.56022 kcal/mol
 Total mean interaction energy in the mix          :        -6.31499 kcal/mol
 Misfit interaction energy in the mix              :         3.61688 kcal/mol
 H-Bond interaction energy in the mix              :        -0.17940 kcal/mol
 VdW interaction energy in the mix                 :       -23.30171 kcal/mol
 Gas liquid transition energy in the mix (H_glt)   :        13.54923 kcal/mol
 Normalized weight factor of molecule in compound  :         0.19223
 Normalized weight factor of molecule in gas phase :         0.15226

 Compound: 2 Conformer: 3 (3-octanone_c2)
 Chemical potential of the molecule in the mixture :         2.27724 kcal/mol
 Log10(partial pressure [mbar])                    :         0.96530
 Free energy of molecule in mix (E_COSMO+dE+Mu)    :   -244674.89570 kcal/mol
 Total mean interaction energy in the mix          :        -6.25627 kcal/mol
 Misfit interaction energy in the mix              :         3.39847 kcal/mol
 H-Bond interaction energy in the mix              :        -0.09308 kcal/mol
 VdW interaction energy in the mix                 :       -23.11089 kcal/mol
 Gas liquid transition energy in the mix (H_glt)   :        13.54923 kcal/mol
 Normalized weight factor of molecule in compound  :         0.32957
 Normalized weight factor of molecule in gas phase :         0.49421

 Compound: 2 Conformer: 4 (3-octanone_c3)
 Chemical potential of the molecule in the mixture :         2.55445 kcal/mol
 Log10(partial pressure [mbar])                    :         0.78622
 Free energy of molecule in mix (E_COSMO+dE+Mu)    :   -244673.99064 kcal/mol
 Total mean interaction energy in the mix          :        -6.14034 kcal/mol
 Misfit interaction energy in the mix              :         3.59003 kcal/mol
 H-Bond interaction energy in the mix              :        -0.17553 kcal/mol
 VdW interaction energy in the mix                 :       -23.10407 kcal/mol
 Gas liquid transition energy in the mix (H_glt)   :        13.54923 kcal/mol
 Normalized weight factor of molecule in compound  :         0.07697
 Normalized weight factor of molecule in gas phase :         0.07729

 Compound: 3 Conformer: 1 (lacticacid_c0)
 Chemical potential of the molecule in the mixture :         6.15343 kcal/mol
 Log10(partial pressure [mbar])                    :        -0.74579
 Free energy of molecule in mix (E_COSMO+dE+Mu)    :   -215742.52671 kcal/mol
 Total mean interaction energy in the mix          :        -4.50026 kcal/mol
 Misfit interaction energy in the mix              :         3.09254 kcal/mol
 H-Bond interaction energy in the mix              :        -1.90045 kcal/mol
 VdW interaction energy in the mix                 :       -13.94419 kcal/mol
 Gas liquid transition energy in the mix (H_glt)   :         8.25184 kcal/mol
 Normalized weight factor of molecule in compound  :         0.07177
 Normalized weight factor of molecule in gas phase :         0.00603

 Compound: 3 Conformer: 2 (lacticacid_c1)
 Chemical potential of the molecule in the mixture :         6.50828 kcal/mol
 Log10(partial pressure [mbar])                    :        -0.10776
 Free energy of molecule in mix (E_COSMO+dE+Mu)    :   -215741.99037 kcal/mol
 Total mean interaction energy in the mix          :        -4.22769 kcal/mol
 Misfit interaction energy in the mix              :         3.05651 kcal/mol
 H-Bond interaction energy in the mix              :        -1.62143 kcal/mol
 VdW interaction energy in the mix                 :       -13.91461 kcal/mol
 Gas liquid transition energy in the mix (H_glt)   :         8.25184 kcal/mol
 Normalized weight factor of molecule in compound  :         0.03031
 Normalized weight factor of molecule in gas phase :         0.01137

 Compound: 3 Conformer: 3 (lacticacid_c2)
 Chemical potential of the molecule in the mixture :         3.68543 kcal/mol
 Log10(partial pressure [mbar])                    :        -0.10193
 Free energy of molecule in mix (E_COSMO+dE+Mu)    :   -215743.92103 kcal/mol
 Total mean interaction energy in the mix          :        -5.65468 kcal/mol
 Misfit interaction energy in the mix              :         2.33618 kcal/mol
 H-Bond interaction energy in the mix              :        -2.25510 kcal/mol
 VdW interaction energy in the mix                 :       -13.98760 kcal/mol
 Gas liquid transition energy in the mix (H_glt)   :         8.25184 kcal/mol
 Normalized weight factor of molecule in compound  :         0.67456
 Normalized weight factor of molecule in gas phase :         0.93300

 Compound: 3 Conformer: 4 (lacticacid_c3)
 Chemical potential of the molecule in the mixture :         3.44065 kcal/mol
 Log10(partial pressure [mbar])                    :        -1.30941
 Free energy of molecule in mix (E_COSMO+dE+Mu)    :   -215742.74478 kcal/mol
 Total mean interaction energy in the mix          :        -6.30701 kcal/mol
 Misfit interaction energy in the mix              :         2.65917 kcal/mol
 H-Bond interaction energy in the mix              :        -3.24894 kcal/mol
 VdW interaction energy in the mix                 :       -13.96908 kcal/mol
 Gas liquid transition energy in the mix (H_glt)   :         8.25184 kcal/mol
 Normalized weight factor of molecule in compound  :         0.10189
 Normalized weight factor of molecule in gas phase :         0.02822

 Compound: 3 Conformer: 5 (lacticacid_c4)
 Chemical potential of the molecule in the mixture :         3.97490 kcal/mol
 Log10(partial pressure [mbar])                    :        -2.49730
 Free energy of molecule in mix (E_COSMO+dE+Mu)    :   -215742.12393 kcal/mol
 Total mean interaction energy in the mix          :        -6.16738 kcal/mol
 Misfit interaction energy in the mix              :         3.20512 kcal/mol
 H-Bond interaction energy in the mix              :        -3.61320 kcal/mol
 VdW interaction energy in the mix                 :       -14.01114 kcal/mol
 Gas liquid transition energy in the mix (H_glt)   :         8.25184 kcal/mol
 Normalized weight factor of molecule in compound  :         0.03757
 Normalized weight factor of molecule in gas phase :         0.00067

 Compound: 3 Conformer: 6 (lacticacid_c5)
 Chemical potential of the molecule in the mixture :         3.41156 kcal/mol
 Log10(partial pressure [mbar])                    :        -1.35936
 Free energy of molecule in mix (E_COSMO+dE+Mu)    :   -215742.62391 kcal/mol
 Total mean interaction energy in the mix          :        -6.35176 kcal/mol
 Misfit interaction energy in the mix              :         2.64449 kcal/mol
 H-Bond interaction energy in the mix              :        -3.25413 kcal/mol
 VdW interaction energy in the mix                 :       -13.99396 kcal/mol
 Gas liquid transition energy in the mix (H_glt)   :         8.25184 kcal/mol
 Normalized weight factor of molecule in compound  :         0.08390
 Normalized weight factor of molecule in gas phase :         0.02069




 Results for mixture 9 - LIQ_EX Phase 1 Iteration    4
 ---------------------
 Temperature          :    313.150 K
 Compound Nr.         :         1         2         3
 Compound             :       h2o 3-octanon lacticaci
 Mole Fraction        :    0.9976    0.0002    0.0022

 Compound: 1  (h2o)
 Chemical potential of the compound in the mixture :         3.46912 kcal/mol
 Log10(partial pressure [mbar])                    :         1.52862
 Free energy of molecule in mix (E_COSMO+dE+Mu)    :    -47989.78415 kcal/mol
 Total mean interaction energy in the mix (H_int)  :        -5.54498 kcal/mol
 Misfit interaction energy in the mix (H_MF)       :         0.59150 kcal/mol
 H-Bond interaction energy in the mix (H_HB)       :        -4.72873 kcal/mol
 VdW interaction energy in the mix (H_vdW)         :        -4.33981 kcal/mol
 Gas liquid transition energy in the mix (H_glt)   :         2.93205 kcal/mol

 Compound: 2  (3-octanone)
 Chemical potential of the compound in the mixture :         6.83634 kcal/mol
 Log10(partial pressure [mbar])                    :         4.44675
 Free energy of molecule in mix (E_COSMO+dE+Mu)    :   -244670.33660 kcal/mol
 Total mean interaction energy in the mix (H_int)  :        -7.59623 kcal/mol
 Misfit interaction energy in the mix (H_MF)       :         3.24348 kcal/mol
 H-Bond interaction energy in the mix (H_HB)       :        -2.11596 kcal/mol
 VdW interaction energy in the mix (H_vdW)         :       -22.42536 kcal/mol
 Gas liquid transition energy in the mix (H_glt)   :        13.54923 kcal/mol

 Compound: 3  (lacticacid)
 Chemical potential of the compound in the mixture :         4.46128 kcal/mol
 Log10(partial pressure [mbar])                    :        -0.78874
 Free energy of molecule in mix (E_COSMO+dE+Mu)    :   -215744.21886 kcal/mol
 Total mean interaction energy in the mix (H_int)  :        -7.86619 kcal/mol
 Misfit interaction energy in the mix (H_MF)       :         1.98803 kcal/mol
 H-Bond interaction energy in the mix (H_HB)       :        -7.03312 kcal/mol
 VdW interaction energy in the mix (H_vdW)         :       -13.28442 kcal/mol
 Gas liquid transition energy in the mix (H_glt)   :         8.25184 kcal/mol



 Compound: 1 Conformer: 1 (h2o_c0)
 Chemical potential of the molecule in the mixture :         3.46912 kcal/mol
 Log10(partial pressure [mbar])                    :         1.52862
 Free energy of molecule in mix (E_COSMO+dE+Mu)    :    -47989.78415 kcal/mol
 Total mean interaction energy in the mix          :        -5.54498 kcal/mol
 Misfit interaction energy in the mix              :         0.59150 kcal/mol
 H-Bond interaction energy in the mix              :        -4.72873 kcal/mol
 VdW interaction energy in the mix                 :        -4.33981 kcal/mol
 Gas liquid transition energy in the mix (H_glt)   :         2.93205 kcal/mol
 Normalized weight factor of molecule in compound  :         1.00000
 Normalized weight factor of molecule in gas phase :         1.00000

 Compound: 2 Conformer: 1 (3-octanone_c0)
 Chemical potential of the molecule in the mixture :         7.49248 kcal/mol
 Log10(partial pressure [mbar])                    :         4.35405
 Free energy of molecule in mix (E_COSMO+dE+Mu)    :   -244669.66885 kcal/mol
 Total mean interaction energy in the mix          :        -7.72201 kcal/mol
 Misfit interaction energy in the mix              :         3.29882 kcal/mol
 H-Bond interaction energy in the mix              :        -2.00152 kcal/mol
 VdW interaction energy in the mix                 :       -22.56855 kcal/mol
 Gas liquid transition energy in the mix (H_glt)   :        13.54923 kcal/mol
 Normalized weight factor of molecule in compound  :         0.34196
 Normalized weight factor of molecule in gas phase :         0.27623

 Compound: 2 Conformer: 2 (3-octanone_c1)
 Chemical potential of the molecule in the mixture :         7.38022 kcal/mol
 Log10(partial pressure [mbar])                    :         4.15091
 Free energy of molecule in mix (E_COSMO+dE+Mu)    :   -244669.58926 kcal/mol
 Total mean interaction energy in the mix          :        -7.95905 kcal/mol
 Misfit interaction energy in the mix              :         3.23543 kcal/mol
 H-Bond interaction energy in the mix              :        -2.29589 kcal/mol
 VdW interaction energy in the mix                 :       -22.44782 kcal/mol
 Gas liquid transition energy in the mix (H_glt)   :        13.54923 kcal/mol
 Normalized weight factor of molecule in compound  :         0.30091
 Normalized weight factor of molecule in gas phase :         0.15226

 Compound: 2 Conformer: 3 (3-octanone_c2)
 Chemical potential of the molecule in the mixture :         7.78356 kcal/mol
 Log10(partial pressure [mbar])                    :         4.80813
 Free energy of molecule in mix (E_COSMO+dE+Mu)    :   -244669.38938 kcal/mol
 Total mean interaction energy in the mix          :        -7.44251 kcal/mol
 Misfit interaction energy in the mix              :         3.20182 kcal/mol
 H-Bond interaction energy in the mix              :        -1.91539 kcal/mol
 VdW interaction energy in the mix                 :       -22.27818 kcal/mol
 Gas liquid transition energy in the mix (H_glt)   :        13.54923 kcal/mol
 Normalized weight factor of molecule in compound  :         0.21824
 Normalized weight factor of molecule in gas phase :         0.49421

 Compound: 2 Conformer: 4 (3-octanone_c3)
 Chemical potential of the molecule in the mixture :         7.43695 kcal/mol
 Log10(partial pressure [mbar])                    :         4.19369
 Free energy of molecule in mix (E_COSMO+dE+Mu)    :   -244669.10814 kcal/mol
 Total mean interaction energy in the mix          :        -7.83922 kcal/mol
 Misfit interaction energy in the mix              :         3.19010 kcal/mol
 H-Bond interaction energy in the mix              :        -2.32309 kcal/mol
 VdW interaction energy in the mix                 :       -22.25546 kcal/mol
 Gas liquid transition energy in the mix (H_glt)   :        13.54923 kcal/mol
 Normalized weight factor of molecule in compound  :         0.13889
 Normalized weight factor of molecule in gas phase :         0.07729

 Compound: 3 Conformer: 1 (lacticacid_c0)
 Chemical potential of the molecule in the mixture :         6.41105 kcal/mol
 Log10(partial pressure [mbar])                    :        -0.56600
 Free energy of molecule in mix (E_COSMO+dE+Mu)    :   -215742.26909 kcal/mol
 Total mean interaction energy in the mix          :        -7.35472 kcal/mol
 Misfit interaction energy in the mix              :         2.02287 kcal/mol
 H-Bond interaction energy in the mix              :        -4.39607 kcal/mol
 VdW interaction energy in the mix                 :       -13.23337 kcal/mol
 Gas liquid transition energy in the mix (H_glt)   :         8.25184 kcal/mol
 Normalized weight factor of molecule in compound  :         0.04358
 Normalized weight factor of molecule in gas phase :         0.00603

 Compound: 3 Conformer: 2 (lacticacid_c1)
 Chemical potential of the molecule in the mixture :         6.53255 kcal/mol
 Log10(partial pressure [mbar])                    :        -0.09082
 Free energy of molecule in mix (E_COSMO+dE+Mu)    :   -215741.96610 kcal/mol
 Total mean interaction energy in the mix          :        -6.91838 kcal/mol
 Misfit interaction energy in the mix              :         2.13209 kcal/mol
 H-Bond interaction energy in the mix              :        -4.09193 kcal/mol
 VdW interaction energy in the mix                 :       -13.21038 kcal/mol
 Gas liquid transition energy in the mix (H_glt)   :         8.25184 kcal/mol
 Normalized weight factor of molecule in compound  :         0.02678
 Normalized weight factor of molecule in gas phase :         0.01137

 Compound: 3 Conformer: 3 (lacticacid_c2)
 Chemical potential of the molecule in the mixture :         4.69008 kcal/mol
 Log10(partial pressure [mbar])                    :         0.59920
 Free energy of molecule in mix (E_COSMO+dE+Mu)    :   -215742.91638 kcal/mol
 Total mean interaction energy in the mix          :        -8.02095 kcal/mol
 Misfit interaction energy in the mix              :         2.06523 kcal/mol
 H-Bond interaction energy in the mix              :        -5.04250 kcal/mol
 VdW interaction energy in the mix                 :       -13.29552 kcal/mol
 Gas liquid transition energy in the mix (H_glt)   :         8.25184 kcal/mol
 Normalized weight factor of molecule in compound  :         0.12331
 Normalized weight factor of molecule in gas phase :         0.93300

 Compound: 3 Conformer: 4 (lacticacid_c3)
 Chemical potential of the molecule in the mixture :         2.93385 kcal/mol
 Log10(partial pressure [mbar])                    :        -1.66310
 Free energy of molecule in mix (E_COSMO+dE+Mu)    :   -215743.25158 kcal/mol
 Total mean interaction energy in the mix          :       -10.13487 kcal/mol
 Misfit interaction energy in the mix              :         1.98580 kcal/mol
 H-Bond interaction energy in the mix              :        -7.10035 kcal/mol
 VdW interaction energy in the mix                 :       -13.27217 kcal/mol
 Gas liquid transition energy in the mix (H_glt)   :         8.25184 kcal/mol
 Normalized weight factor of molecule in compound  :         0.21132
 Normalized weight factor of molecule in gas phase :         0.02822

 Compound: 3 Conformer: 5 (lacticacid_c4)
 Chemical potential of the molecule in the mixture :         2.42080 kcal/mol
 Log10(partial pressure [mbar])                    :        -3.58190
 Free energy of molecule in mix (E_COSMO+dE+Mu)    :   -215743.67803 kcal/mol
 Total mean interaction energy in the mix          :       -11.08294 kcal/mol
 Misfit interaction energy in the mix              :         1.96472 kcal/mol
 H-Bond interaction energy in the mix              :        -8.00606 kcal/mol
 VdW interaction energy in the mix                 :       -13.29344 kcal/mol
 Gas liquid transition energy in the mix (H_glt)   :         8.25184 kcal/mol
 Normalized weight factor of molecule in compound  :         0.41933
 Normalized weight factor of molecule in gas phase :         0.00067

 Compound: 3 Conformer: 6 (lacticacid_c5)
 Chemical potential of the molecule in the mixture :         2.89885 kcal/mol
 Log10(partial pressure [mbar])                    :        -1.71718
 Free energy of molecule in mix (E_COSMO+dE+Mu)    :   -215743.13662 kcal/mol
 Total mean interaction energy in the mix          :       -10.21003 kcal/mol
 Misfit interaction energy in the mix              :         1.96159 kcal/mol
 H-Bond interaction energy in the mix              :        -7.12970 kcal/mol
 VdW interaction energy in the mix                 :       -13.29377 kcal/mol
 Gas liquid transition energy in the mix (H_glt)   :         8.25184 kcal/mol
 Normalized weight factor of molecule in compound  :         0.17568
 Normalized weight factor of molecule in gas phase :         0.02069




 Results for mixture 10 - LIQ_EX Phase 2 Iteration    4
 ----------------------
 Temperature          :    313.150 K
 Compound Nr.         :         1         2         3
 Compound             :       h2o 3-octanon lacticaci
 Mole Fraction        :    0.0586    0.9395    0.0020

 Compound: 1  (h2o)
 Chemical potential of the compound in the mixture :         5.20685 kcal/mol
 Log10(partial pressure [mbar])                    :         2.74137
 Free energy of molecule in mix (E_COSMO+dE+Mu)    :    -47988.04642 kcal/mol
 Total mean interaction energy in the mix (H_int)  :        -2.67069 kcal/mol
 Misfit interaction energy in the mix (H_MF)       :         1.51346 kcal/mol
 H-Bond interaction energy in the mix (H_HB)       :        -2.53296 kcal/mol
 VdW interaction energy in the mix (H_vdW)         :        -4.58324 kcal/mol
 Gas liquid transition energy in the mix (H_glt)   :         2.93205 kcal/mol
 Equilibrium constant Kx(1,2)                      :        16.32110
 Equilibrium concentration x_k(1,2)                :         0.94227

 Compound: 2  (3-octanone)
 Chemical potential of the compound in the mixture :         1.58779 kcal/mol
 Log10(partial pressure [mbar])                    :         0.78382
 Free energy of molecule in mix (E_COSMO+dE+Mu)    :   -244675.58515 kcal/mol
 Total mean interaction energy in the mix (H_int)  :        -6.25337 kcal/mol
 Misfit interaction energy in the mix (H_MF)       :         3.50698 kcal/mol
 H-Bond interaction energy in the mix (H_HB)       :        -0.13228 kcal/mol
 VdW interaction energy in the mix (H_vdW)         :       -23.26959 kcal/mol
 Gas liquid transition energy in the mix (H_glt)   :        13.54923 kcal/mol
 Equilibrium constant Kx(1,2)                      :  2.17302921E-04
 Equilibrium concentration x_k(1,2)                :         0.00022

 Compound: 3  (lacticacid)
 Chemical potential of the compound in the mixture :         4.49773 kcal/mol
 Log10(partial pressure [mbar])                    :        -0.76331
 Free energy of molecule in mix (E_COSMO+dE+Mu)    :   -215744.18241 kcal/mol
 Total mean interaction energy in the mix (H_int)  :        -4.39271 kcal/mol
 Misfit interaction energy in the mix (H_MF)       :         2.49362 kcal/mol
 H-Bond interaction energy in the mix (H_HB)       :        -2.46542 kcal/mol
 VdW interaction energy in the mix (H_vdW)         :       -13.98022 kcal/mol
 Gas liquid transition energy in the mix (H_glt)   :         8.25184 kcal/mol
 Equilibrium constant Kx(1,2)                      :         1.06032
 Equilibrium concentration x_k(1,2)                :         0.51464



 Compound: 1 Conformer: 1 (h2o_c0)
 Chemical potential of the molecule in the mixture :         5.20685 kcal/mol
 Log10(partial pressure [mbar])                    :         2.74137
 Free energy of molecule in mix (E_COSMO+dE+Mu)    :    -47988.04642 kcal/mol
 Total mean interaction energy in the mix          :        -2.67069 kcal/mol
 Misfit interaction energy in the mix              :         1.51346 kcal/mol
 H-Bond interaction energy in the mix              :        -2.53296 kcal/mol
 VdW interaction energy in the mix                 :        -4.58324 kcal/mol
 Gas liquid transition energy in the mix (H_glt)   :         2.93205 kcal/mol
 Normalized weight factor of molecule in compound  :         1.00000
 Normalized weight factor of molecule in gas phase :         1.00000

 Compound: 2 Conformer: 1 (3-octanone_c0)
 Chemical potential of the molecule in the mixture :         2.14467 kcal/mol
 Log10(partial pressure [mbar])                    :         0.62185
 Free energy of molecule in mix (E_COSMO+dE+Mu)    :   -244675.01666 kcal/mol
 Total mean interaction energy in the mix          :        -6.45970 kcal/mol
 Misfit interaction energy in the mix              :         3.52698 kcal/mol
 H-Bond interaction energy in the mix              :        -0.11795 kcal/mol
 VdW interaction energy in the mix                 :       -23.41797 kcal/mol
 Gas liquid transition energy in the mix (H_glt)   :        13.54923 kcal/mol
 Normalized weight factor of molecule in compound  :         0.40110
 Normalized weight factor of molecule in gas phase :         0.27623

 Compound: 2 Conformer: 2 (3-octanone_c1)
 Chemical potential of the molecule in the mixture :         2.40919 kcal/mol
 Log10(partial pressure [mbar])                    :         0.68166
 Free energy of molecule in mix (E_COSMO+dE+Mu)    :   -244674.56029 kcal/mol
 Total mean interaction energy in the mix          :        -6.32788 kcal/mol
 Misfit interaction energy in the mix              :         3.61664 kcal/mol
 H-Bond interaction energy in the mix              :        -0.19333 kcal/mol
 VdW interaction energy in the mix                 :       -23.30042 kcal/mol
 Gas liquid transition energy in the mix (H_glt)   :        13.54923 kcal/mol
 Normalized weight factor of molecule in compound  :         0.19264
 Normalized weight factor of molecule in gas phase :         0.15226

 Compound: 2 Conformer: 3 (3-octanone_c2)
 Chemical potential of the molecule in the mixture :         2.27934 kcal/mol
 Log10(partial pressure [mbar])                    :         0.96677
 Free energy of molecule in mix (E_COSMO+dE+Mu)    :   -244674.89360 kcal/mol
 Total mean interaction energy in the mix          :        -6.26219 kcal/mol
 Misfit interaction energy in the mix              :         3.39903 kcal/mol
 H-Bond interaction energy in the mix              :        -0.10066 kcal/mol
 VdW interaction energy in the mix                 :       -23.10980 kcal/mol
 Gas liquid transition energy in the mix (H_glt)   :        13.54923 kcal/mol
 Normalized weight factor of molecule in compound  :         0.32913
 Normalized weight factor of molecule in gas phase :         0.49421

 Compound: 2 Conformer: 4 (3-octanone_c3)
 Chemical potential of the molecule in the mixture :         2.55439 kcal/mol
 Log10(partial pressure [mbar])                    :         0.78618
 Free energy of molecule in mix (E_COSMO+dE+Mu)    :   -244673.99069 kcal/mol
 Total mean interaction energy in the mix          :        -6.15308 kcal/mol
 Misfit interaction energy in the mix              :         3.58976 kcal/mol
 H-Bond interaction energy in the mix              :        -0.18927 kcal/mol
 VdW interaction energy in the mix                 :       -23.10279 kcal/mol
 Gas liquid transition energy in the mix (H_glt)   :        13.54923 kcal/mol
 Normalized weight factor of molecule in compound  :         0.07713
 Normalized weight factor of molecule in gas phase :         0.07729

 Compound: 3 Conformer: 1 (lacticacid_c0)
 Chemical potential of the molecule in the mixture :         6.13858 kcal/mol
 Log10(partial pressure [mbar])                    :        -0.75616
 Free energy of molecule in mix (E_COSMO+dE+Mu)    :   -215742.54156 kcal/mol
 Total mean interaction energy in the mix          :        -4.52187 kcal/mol
 Misfit interaction energy in the mix              :         3.07934 kcal/mol
 H-Bond interaction energy in the mix              :        -1.91028 kcal/mol
 VdW interaction energy in the mix                 :       -13.94277 kcal/mol
 Gas liquid transition energy in the mix (H_glt)   :         8.25184 kcal/mol
 Normalized weight factor of molecule in compound  :         0.07159
 Normalized weight factor of molecule in gas phase :         0.00603

 Compound: 3 Conformer: 2 (lacticacid_c1)
 Chemical potential of the molecule in the mixture :         6.49034 kcal/mol
 Log10(partial pressure [mbar])                    :        -0.12028
 Free energy of molecule in mix (E_COSMO+dE+Mu)    :   -215742.00831 kcal/mol
 Total mean interaction energy in the mix          :        -4.25118 kcal/mol
 Misfit interaction energy in the mix              :         3.04559 kcal/mol
 H-Bond interaction energy in the mix              :        -1.63569 kcal/mol
 VdW interaction energy in the mix                 :       -13.91293 kcal/mol
 Gas liquid transition energy in the mix (H_glt)   :         8.25184 kcal/mol
 Normalized weight factor of molecule in compound  :         0.03039
 Normalized weight factor of molecule in gas phase :         0.01137

 Compound: 3 Conformer: 3 (lacticacid_c2)
 Chemical potential of the molecule in the mixture :         3.67176 kcal/mol
 Log10(partial pressure [mbar])                    :        -0.11147
 Free energy of molecule in mix (E_COSMO+dE+Mu)    :   -215743.93470 kcal/mol
 Total mean interaction energy in the mix          :        -5.67680 kcal/mol
 Misfit interaction energy in the mix              :         2.32621 kcal/mol
 H-Bond interaction energy in the mix              :        -2.26872 kcal/mol
 VdW interaction energy in the mix                 :       -13.98613 kcal/mol
 Gas liquid transition energy in the mix (H_glt)   :         8.25184 kcal/mol
 Normalized weight factor of molecule in compound  :         0.67162
 Normalized weight factor of molecule in gas phase :         0.93300

 Compound: 3 Conformer: 4 (lacticacid_c3)
 Chemical potential of the molecule in the mixture :         3.41728 kcal/mol
 Log10(partial pressure [mbar])                    :        -1.32572
 Free energy of molecule in mix (E_COSMO+dE+Mu)    :   -215742.76815 kcal/mol
 Total mean interaction energy in the mix          :        -6.34097 kcal/mol
 Misfit interaction energy in the mix              :         2.64540 kcal/mol
 H-Bond interaction energy in the mix              :        -3.27111 kcal/mol
 VdW interaction energy in the mix                 :       -13.96711 kcal/mol
 Gas liquid transition energy in the mix (H_glt)   :         8.25184 kcal/mol
 Normalized weight factor of molecule in compound  :         0.10304
 Normalized weight factor of molecule in gas phase :         0.02822

 Compound: 3 Conformer: 5 (lacticacid_c4)
 Chemical potential of the molecule in the mixture :         3.94333 kcal/mol
 Log10(partial pressure [mbar])                    :        -2.51934
 Free energy of molecule in mix (E_COSMO+dE+Mu)    :   -215742.15550 kcal/mol
 Total mean interaction energy in the mix          :        -6.21633 kcal/mol
 Misfit interaction energy in the mix              :         3.18228 kcal/mol
 H-Bond interaction energy in the mix              :        -3.64143 kcal/mol
 VdW interaction energy in the mix                 :       -14.00902 kcal/mol
 Gas liquid transition energy in the mix (H_glt)   :         8.25184 kcal/mol
 Normalized weight factor of molecule in compound  :         0.03850
 Normalized weight factor of molecule in gas phase :         0.00067

 Compound: 3 Conformer: 6 (lacticacid_c5)
 Chemical potential of the molecule in the mixture :         3.38807 kcal/mol
 Log10(partial pressure [mbar])                    :        -1.37575
 Free energy of molecule in mix (E_COSMO+dE+Mu)    :   -215742.64740 kcal/mol
 Total mean interaction energy in the mix          :        -6.38600 kcal/mol
 Misfit interaction energy in the mix              :         2.63004 kcal/mol
 H-Bond interaction energy in the mix              :        -3.27590 kcal/mol
 VdW interaction energy in the mix                 :       -13.99198 kcal/mol
 Gas liquid transition energy in the mix (H_glt)   :         8.25184 kcal/mol
 Normalized weight factor of molecule in compound  :         0.08486
 Normalized weight factor of molecule in gas phase :         0.02069




 Results for mixture 11 - LIQ_EX Phase 1 Iteration    5
 ----------------------
 Temperature          :    313.150 K
 Compound Nr.         :         1         2         3
 Compound             :       h2o 3-octanon lacticaci
 Mole Fraction        :    0.9977    0.0002    0.0021

 Compound: 1  (h2o)
 Chemical potential of the compound in the mixture :         3.46912 kcal/mol
 Log10(partial pressure [mbar])                    :         1.52862
 Free energy of molecule in mix (E_COSMO+dE+Mu)    :    -47989.78415 kcal/mol
 Total mean interaction energy in the mix (H_int)  :        -5.54496 kcal/mol
 Misfit interaction energy in the mix (H_MF)       :         0.59151 kcal/mol
 H-Bond interaction energy in the mix (H_HB)       :        -4.72873 kcal/mol
 VdW interaction energy in the mix (H_vdW)         :        -4.33978 kcal/mol
 Gas liquid transition energy in the mix (H_glt)   :         2.93205 kcal/mol

 Compound: 2  (3-octanone)
 Chemical potential of the compound in the mixture :         6.83691 kcal/mol
 Log10(partial pressure [mbar])                    :         4.44715
 Free energy of molecule in mix (E_COSMO+dE+Mu)    :   -244670.33603 kcal/mol
 Total mean interaction energy in the mix (H_int)  :        -7.59633 kcal/mol
 Misfit interaction energy in the mix (H_MF)       :         3.24325 kcal/mol
 H-Bond interaction energy in the mix (H_HB)       :        -2.11600 kcal/mol
 VdW interaction energy in the mix (H_vdW)         :       -22.42521 kcal/mol
 Gas liquid transition energy in the mix (H_glt)   :        13.54923 kcal/mol

 Compound: 3  (lacticacid)
 Chemical potential of the compound in the mixture :         4.46139 kcal/mol
 Log10(partial pressure [mbar])                    :        -0.78867
 Free energy of molecule in mix (E_COSMO+dE+Mu)    :   -215744.21875 kcal/mol
 Total mean interaction energy in the mix (H_int)  :        -7.86633 kcal/mol
 Misfit interaction energy in the mix (H_MF)       :         1.98794 kcal/mol
 H-Bond interaction energy in the mix (H_HB)       :        -7.03330 kcal/mol
 VdW interaction energy in the mix (H_vdW)         :       -13.28432 kcal/mol
 Gas liquid transition energy in the mix (H_glt)   :         8.25184 kcal/mol



 Compound: 1 Conformer: 1 (h2o_c0)
 Chemical potential of the molecule in the mixture :         3.46912 kcal/mol
 Log10(partial pressure [mbar])                    :         1.52862
 Free energy of molecule in mix (E_COSMO+dE+Mu)    :    -47989.78415 kcal/mol
 Total mean interaction energy in the mix          :        -5.54496 kcal/mol
 Misfit interaction energy in the mix              :         0.59151 kcal/mol
 H-Bond interaction energy in the mix              :        -4.72873 kcal/mol
 VdW interaction energy in the mix                 :        -4.33978 kcal/mol
 Gas liquid transition energy in the mix (H_glt)   :         2.93205 kcal/mol
 Normalized weight factor of molecule in compound  :         1.00000
 Normalized weight factor of molecule in gas phase :         1.00000

 Compound: 2 Conformer: 1 (3-octanone_c0)
 Chemical potential of the molecule in the mixture :         7.49306 kcal/mol
 Log10(partial pressure [mbar])                    :         4.35446
 Free energy of molecule in mix (E_COSMO+dE+Mu)    :   -244669.66827 kcal/mol
 Total mean interaction energy in the mix          :        -7.72212 kcal/mol
 Misfit interaction energy in the mix              :         3.29860 kcal/mol
 H-Bond interaction energy in the mix              :        -2.00156 kcal/mol
 VdW interaction energy in the mix                 :       -22.56839 kcal/mol
 Gas liquid transition energy in the mix (H_glt)   :        13.54923 kcal/mol
 Normalized weight factor of molecule in compound  :         0.34196
 Normalized weight factor of molecule in gas phase :         0.27623

 Compound: 2 Conformer: 2 (3-octanone_c1)
 Chemical potential of the molecule in the mixture :         7.38079 kcal/mol
 Log10(partial pressure [mbar])                    :         4.15131
 Free energy of molecule in mix (E_COSMO+dE+Mu)    :   -244669.58869 kcal/mol
 Total mean interaction energy in the mix          :        -7.95916 kcal/mol
 Misfit interaction energy in the mix              :         3.23520 kcal/mol
 H-Bond interaction energy in the mix              :        -2.29593 kcal/mol
 VdW interaction energy in the mix                 :       -22.44767 kcal/mol
 Gas liquid transition energy in the mix (H_glt)   :        13.54923 kcal/mol
 Normalized weight factor of molecule in compound  :         0.30091
 Normalized weight factor of molecule in gas phase :         0.15226

 Compound: 2 Conformer: 3 (3-octanone_c2)
 Chemical potential of the molecule in the mixture :         7.78414 kcal/mol
 Log10(partial pressure [mbar])                    :         4.80853
 Free energy of molecule in mix (E_COSMO+dE+Mu)    :   -244669.38880 kcal/mol
 Total mean interaction energy in the mix          :        -7.44263 kcal/mol
 Misfit interaction energy in the mix              :         3.20160 kcal/mol
 H-Bond interaction energy in the mix              :        -1.91544 kcal/mol
 VdW interaction energy in the mix                 :       -22.27802 kcal/mol
 Gas liquid transition energy in the mix (H_glt)   :        13.54923 kcal/mol
 Normalized weight factor of molecule in compound  :         0.21824
 Normalized weight factor of molecule in gas phase :         0.49421

 Compound: 2 Conformer: 4 (3-octanone_c3)
 Chemical potential of the molecule in the mixture :         7.43751 kcal/mol
 Log10(partial pressure [mbar])                    :         4.19408
 Free energy of molecule in mix (E_COSMO+dE+Mu)    :   -244669.10758 kcal/mol
 Total mean interaction energy in the mix          :        -7.83933 kcal/mol
 Misfit interaction energy in the mix              :         3.18987 kcal/mol
 H-Bond interaction energy in the mix              :        -2.32313 kcal/mol
 VdW interaction energy in the mix                 :       -22.25531 kcal/mol
 Gas liquid transition energy in the mix (H_glt)   :        13.54923 kcal/mol
 Normalized weight factor of molecule in compound  :         0.13889
 Normalized weight factor of molecule in gas phase :         0.07729

 Compound: 3 Conformer: 1 (lacticacid_c0)
 Chemical potential of the molecule in the mixture :         6.41119 kcal/mol
 Log10(partial pressure [mbar])                    :        -0.56590
 Free energy of molecule in mix (E_COSMO+dE+Mu)    :   -215742.26895 kcal/mol
 Total mean interaction energy in the mix          :        -7.35481 kcal/mol
 Misfit interaction energy in the mix              :         2.02278 kcal/mol
 H-Bond interaction energy in the mix              :        -4.39616 kcal/mol
 VdW interaction energy in the mix                 :       -13.23327 kcal/mol
 Gas liquid transition energy in the mix (H_glt)   :         8.25184 kcal/mol
 Normalized weight factor of molecule in compound  :         0.04358
 Normalized weight factor of molecule in gas phase :         0.00603

 Compound: 3 Conformer: 2 (lacticacid_c1)
 Chemical potential of the molecule in the mixture :         6.53269 kcal/mol
 Log10(partial pressure [mbar])                    :        -0.09072
 Free energy of molecule in mix (E_COSMO+dE+Mu)    :   -215741.96595 kcal/mol
 Total mean interaction energy in the mix          :        -6.91846 kcal/mol
 Misfit interaction energy in the mix              :         2.13202 kcal/mol
 H-Bond interaction energy in the mix              :        -4.09203 kcal/mol
 VdW interaction energy in the mix                 :       -13.21029 kcal/mol
 Gas liquid transition energy in the mix (H_glt)   :         8.25184 kcal/mol
 Normalized weight factor of molecule in compound  :         0.02678
 Normalized weight factor of molecule in gas phase :         0.01137

 Compound: 3 Conformer: 3 (lacticacid_c2)
 Chemical potential of the molecule in the mixture :         4.69027 kcal/mol
 Log10(partial pressure [mbar])                    :         0.59934
 Free energy of molecule in mix (E_COSMO+dE+Mu)    :   -215742.91619 kcal/mol
 Total mean interaction energy in the mix          :        -8.02101 kcal/mol
 Misfit interaction energy in the mix              :         2.06516 kcal/mol
 H-Bond interaction energy in the mix              :        -5.04259 kcal/mol
 VdW interaction energy in the mix                 :       -13.29543 kcal/mol
 Gas liquid transition energy in the mix (H_glt)   :         8.25184 kcal/mol
 Normalized weight factor of molecule in compound  :         0.12330
 Normalized weight factor of molecule in gas phase :         0.93300

 Compound: 3 Conformer: 4 (lacticacid_c3)
 Chemical potential of the molecule in the mixture :         2.93396 kcal/mol
 Log10(partial pressure [mbar])                    :        -1.66303
 Free energy of molecule in mix (E_COSMO+dE+Mu)    :   -215743.25147 kcal/mol
 Total mean interaction energy in the mix          :       -10.13499 kcal/mol
 Misfit interaction energy in the mix              :         1.98571 kcal/mol
 H-Bond interaction energy in the mix              :        -7.10047 kcal/mol
 VdW interaction energy in the mix                 :       -13.27208 kcal/mol
 Gas liquid transition energy in the mix (H_glt)   :         8.25184 kcal/mol
 Normalized weight factor of molecule in compound  :         0.21132
 Normalized weight factor of molecule in gas phase :         0.02822

 Compound: 3 Conformer: 5 (lacticacid_c4)
 Chemical potential of the molecule in the mixture :         2.42088 kcal/mol
 Log10(partial pressure [mbar])                    :        -3.58184
 Free energy of molecule in mix (E_COSMO+dE+Mu)    :   -215743.67795 kcal/mol
 Total mean interaction energy in the mix          :       -11.08306 kcal/mol
 Misfit interaction energy in the mix              :         1.96462 kcal/mol
 H-Bond interaction energy in the mix              :        -8.00617 kcal/mol
 VdW interaction energy in the mix                 :       -13.29335 kcal/mol
 Gas liquid transition energy in the mix (H_glt)   :         8.25184 kcal/mol
 Normalized weight factor of molecule in compound  :         0.41935
 Normalized weight factor of molecule in gas phase :         0.00067

 Compound: 3 Conformer: 6 (lacticacid_c5)
 Chemical potential of the molecule in the mixture :         2.89896 kcal/mol
 Log10(partial pressure [mbar])                    :        -1.71710
 Free energy of molecule in mix (E_COSMO+dE+Mu)    :   -215743.13650 kcal/mol
 Total mean interaction energy in the mix          :       -10.21015 kcal/mol
 Misfit interaction energy in the mix              :         1.96151 kcal/mol
 H-Bond interaction energy in the mix              :        -7.12982 kcal/mol
 VdW interaction energy in the mix                 :       -13.29368 kcal/mol
 Gas liquid transition energy in the mix (H_glt)   :         8.25184 kcal/mol
 Normalized weight factor of molecule in compound  :         0.17567
 Normalized weight factor of molecule in gas phase :         0.02069




 Results for mixture 12 - LIQ_EX Phase 2 Iteration    5
 ----------------------
 Temperature          :    313.150 K
 Compound Nr.         :         1         2         3
 Compound             :       h2o 3-octanon lacticaci
 Mole Fraction        :    0.0608    0.9372    0.0020

 Compound: 1  (h2o)
 Chemical potential of the compound in the mixture :         5.19679 kcal/mol
 Log10(partial pressure [mbar])                    :         2.73435
 Free energy of molecule in mix (E_COSMO+dE+Mu)    :    -47988.05648 kcal/mol
 Total mean interaction energy in the mix (H_int)  :        -2.68762 kcal/mol
 Misfit interaction energy in the mix (H_MF)       :         1.50509 kcal/mol
 H-Bond interaction energy in the mix (H_HB)       :        -2.54200 kcal/mol
 VdW interaction energy in the mix (H_vdW)         :        -4.58275 kcal/mol
 Gas liquid transition energy in the mix (H_glt)   :         2.93205 kcal/mol
 Equilibrium constant Kx(1,2)                      :        16.05941
 Equilibrium concentration x_k(1,2)                :         0.94138

 Compound: 2  (3-octanone)
 Chemical potential of the compound in the mixture :         1.58844 kcal/mol
 Log10(partial pressure [mbar])                    :         0.78428
 Free energy of molecule in mix (E_COSMO+dE+Mu)    :   -244675.58450 kcal/mol
 Total mean interaction energy in the mix (H_int)  :        -6.25745 kcal/mol
 Misfit interaction energy in the mix (H_MF)       :         3.50716 kcal/mol
 H-Bond interaction energy in the mix (H_HB)       :        -0.13720 kcal/mol
 VdW interaction energy in the mix (H_vdW)         :       -23.26902 kcal/mol
 Gas liquid transition energy in the mix (H_glt)   :        13.54923 kcal/mol
 Equilibrium constant Kx(1,2)                      :  2.17331033E-04
 Equilibrium concentration x_k(1,2)                :         0.00022

 Compound: 3  (lacticacid)
 Chemical potential of the compound in the mixture :         4.48974 kcal/mol
 Log10(partial pressure [mbar])                    :        -0.76888
 Free energy of molecule in mix (E_COSMO+dE+Mu)    :   -215744.19040 kcal/mol
 Total mean interaction energy in the mix (H_int)  :        -4.40391 kcal/mol
 Misfit interaction energy in the mix (H_MF)       :         2.48875 kcal/mol
 H-Bond interaction energy in the mix (H_HB)       :        -2.47488 kcal/mol
 VdW interaction energy in the mix (H_vdW)         :       -13.97943 kcal/mol
 Gas liquid transition energy in the mix (H_glt)   :         8.25184 kcal/mol
 Equilibrium constant Kx(1,2)                      :         1.04661
 Equilibrium concentration x_k(1,2)                :         0.51139



 Compound: 1 Conformer: 1 (h2o_c0)
 Chemical potential of the molecule in the mixture :         5.19679 kcal/mol
 Log10(partial pressure [mbar])                    :         2.73435
 Free energy of molecule in mix (E_COSMO+dE+Mu)    :    -47988.05648 kcal/mol
 Total mean interaction energy in the mix          :        -2.68762 kcal/mol
 Misfit interaction energy in the mix              :         1.50509 kcal/mol
 H-Bond interaction energy in the mix              :        -2.54200 kcal/mol
 VdW interaction energy in the mix                 :        -4.58275 kcal/mol
 Gas liquid transition energy in the mix (H_glt)   :         2.93205 kcal/mol
 Normalized weight factor of molecule in compound  :         1.00000
 Normalized weight factor of molecule in gas phase :         1.00000

 Compound: 2 Conformer: 1 (3-octanone_c0)
 Chemical potential of the molecule in the mixture :         2.14543 kcal/mol
 Log10(partial pressure [mbar])                    :         0.62238
 Free energy of molecule in mix (E_COSMO+dE+Mu)    :   -244675.01589 kcal/mol
 Total mean interaction energy in the mix          :        -6.46340 kcal/mol
 Misfit interaction energy in the mix              :         3.52712 kcal/mol
 H-Bond interaction energy in the mix              :        -0.12236 kcal/mol
 VdW interaction energy in the mix                 :       -23.41739 kcal/mol
 Gas liquid transition energy in the mix (H_glt)   :        13.54923 kcal/mol
 Normalized weight factor of molecule in compound  :         0.40103
 Normalized weight factor of molecule in gas phase :         0.27623

 Compound: 2 Conformer: 2 (3-octanone_c1)
 Chemical potential of the molecule in the mixture :         2.40918 kcal/mol
 Log10(partial pressure [mbar])                    :         0.68164
 Free energy of molecule in mix (E_COSMO+dE+Mu)    :   -244674.56031 kcal/mol
 Total mean interaction energy in the mix          :        -6.33430 kcal/mol
 Misfit interaction energy in the mix              :         3.61653 kcal/mol
 H-Bond interaction energy in the mix              :        -0.20030 kcal/mol
 VdW interaction energy in the mix                 :       -23.29977 kcal/mol
 Gas liquid transition energy in the mix (H_glt)   :        13.54923 kcal/mol
 Normalized weight factor of molecule in compound  :         0.19285
 Normalized weight factor of molecule in gas phase :         0.15226

 Compound: 2 Conformer: 3 (3-octanone_c2)
 Chemical potential of the molecule in the mixture :         2.28042 kcal/mol
 Log10(partial pressure [mbar])                    :         0.96751
 Free energy of molecule in mix (E_COSMO+dE+Mu)    :   -244674.89252 kcal/mol
 Total mean interaction energy in the mix          :        -6.26515 kcal/mol
 Misfit interaction energy in the mix              :         3.39933 kcal/mol
 H-Bond interaction energy in the mix              :        -0.10446 kcal/mol
 VdW interaction energy in the mix                 :       -23.10925 kcal/mol
 Gas liquid transition energy in the mix (H_glt)   :        13.54923 kcal/mol
 Normalized weight factor of molecule in compound  :         0.32891
 Normalized weight factor of molecule in gas phase :         0.49421

 Compound: 2 Conformer: 4 (3-octanone_c3)
 Chemical potential of the molecule in the mixture :         2.55438 kcal/mol
 Log10(partial pressure [mbar])                    :         0.78617
 Free energy of molecule in mix (E_COSMO+dE+Mu)    :   -244673.99070 kcal/mol
 Total mean interaction energy in the mix          :        -6.15944 kcal/mol
 Misfit interaction energy in the mix              :         3.58964 kcal/mol
 H-Bond interaction energy in the mix              :        -0.19615 kcal/mol
 VdW interaction energy in the mix                 :       -23.10215 kcal/mol
 Gas liquid transition energy in the mix (H_glt)   :        13.54923 kcal/mol
 Normalized weight factor of molecule in compound  :         0.07721
 Normalized weight factor of molecule in gas phase :         0.07729

 Compound: 3 Conformer: 1 (lacticacid_c0)
 Chemical potential of the molecule in the mixture :         6.13136 kcal/mol
 Log10(partial pressure [mbar])                    :        -0.76120
 Free energy of molecule in mix (E_COSMO+dE+Mu)    :   -215742.54879 kcal/mol
 Total mean interaction energy in the mix          :        -4.53250 kcal/mol
 Misfit interaction energy in the mix              :         3.07293 kcal/mol
 H-Bond interaction energy in the mix              :        -1.91521 kcal/mol
 VdW interaction energy in the mix                 :       -13.94206 kcal/mol
 Gas liquid transition energy in the mix (H_glt)   :         8.25184 kcal/mol
 Normalized weight factor of molecule in compound  :         0.07150
 Normalized weight factor of molecule in gas phase :         0.00603

 Compound: 3 Conformer: 2 (lacticacid_c1)
 Chemical potential of the molecule in the mixture :         6.48156 kcal/mol
 Log10(partial pressure [mbar])                    :        -0.12640
 Free energy of molecule in mix (E_COSMO+dE+Mu)    :   -215742.01709 kcal/mol
 Total mean interaction energy in the mix          :        -4.26272 kcal/mol
 Misfit interaction energy in the mix              :         3.04030 kcal/mol
 H-Bond interaction energy in the mix              :        -1.64277 kcal/mol
 VdW interaction energy in the mix                 :       -13.91209 kcal/mol
 Gas liquid transition energy in the mix (H_glt)   :         8.25184 kcal/mol
 Normalized weight factor of molecule in compound  :         0.03043
 Normalized weight factor of molecule in gas phase :         0.01137

 Compound: 3 Conformer: 3 (lacticacid_c2)
 Chemical potential of the molecule in the mixture :         3.66513 kcal/mol
 Log10(partial pressure [mbar])                    :        -0.11610
 Free energy of molecule in mix (E_COSMO+dE+Mu)    :   -215743.94133 kcal/mol
 Total mean interaction energy in the mix          :        -5.68768 kcal/mol
 Misfit interaction energy in the mix              :         2.32142 kcal/mol
 H-Bond interaction energy in the mix              :        -2.27554 kcal/mol
 VdW interaction energy in the mix                 :       -13.98539 kcal/mol
 Gas liquid transition energy in the mix (H_glt)   :         8.25184 kcal/mol
 Normalized weight factor of molecule in compound  :         0.67016
 Normalized weight factor of molecule in gas phase :         0.93300

 Compound: 3 Conformer: 4 (lacticacid_c3)
 Chemical potential of the molecule in the mixture :         3.40586 kcal/mol
 Log10(partial pressure [mbar])                    :        -1.33369
 Free energy of molecule in mix (E_COSMO+dE+Mu)    :   -215742.77957 kcal/mol
 Total mean interaction energy in the mix          :        -6.35769 kcal/mol
 Misfit interaction energy in the mix              :         2.63874 kcal/mol
 H-Bond interaction energy in the mix              :        -3.28216 kcal/mol
 VdW interaction energy in the mix                 :       -13.96612 kcal/mol
 Gas liquid transition energy in the mix (H_glt)   :         8.25184 kcal/mol
 Normalized weight factor of molecule in compound  :         0.10361
 Normalized weight factor of molecule in gas phase :         0.02822

 Compound: 3 Conformer: 5 (lacticacid_c4)
 Chemical potential of the molecule in the mixture :         3.92793 kcal/mol
 Log10(partial pressure [mbar])                    :        -2.53008
 Free energy of molecule in mix (E_COSMO+dE+Mu)    :   -215742.17090 kcal/mol
 Total mean interaction energy in the mix          :        -6.24039 kcal/mol
 Misfit interaction energy in the mix              :         3.17125 kcal/mol
 H-Bond interaction energy in the mix              :        -3.65552 kcal/mol
 VdW interaction energy in the mix                 :       -14.00797 kcal/mol
 Gas liquid transition energy in the mix (H_glt)   :         8.25184 kcal/mol
 Normalized weight factor of molecule in compound  :         0.03896
 Normalized weight factor of molecule in gas phase :         0.00067

 Compound: 3 Conformer: 6 (lacticacid_c5)
 Chemical potential of the molecule in the mixture :         3.37659 kcal/mol
 Log10(partial pressure [mbar])                    :        -1.38377
 Free energy of molecule in mix (E_COSMO+dE+Mu)    :   -215742.65888 kcal/mol
 Total mean interaction energy in the mix          :        -6.40286 kcal/mol
 Misfit interaction energy in the mix              :         2.62305 kcal/mol
 H-Bond interaction energy in the mix              :        -3.28676 kcal/mol
 VdW interaction energy in the mix                 :       -13.99100 kcal/mol
 Gas liquid transition energy in the mix (H_glt)   :         8.25184 kcal/mol
 Normalized weight factor of molecule in compound  :         0.08534
 Normalized weight factor of molecule in gas phase :         0.02069




 Results for mixture 13 - LIQ_EX Phase 1 Iteration    6
 ----------------------
 Temperature          :    313.150 K
 Compound Nr.         :         1         2         3
 Compound             :       h2o 3-octanon lacticaci
 Mole Fraction        :    0.9977    0.0002    0.0021

 Compound: 1  (h2o)
 Chemical potential of the compound in the mixture :         3.46912 kcal/mol
 Log10(partial pressure [mbar])                    :         1.52862
 Free energy of molecule in mix (E_COSMO+dE+Mu)    :    -47989.78415 kcal/mol
 Total mean interaction energy in the mix (H_int)  :        -5.54494 kcal/mol
 Misfit interaction energy in the mix (H_MF)       :         0.59151 kcal/mol
 H-Bond interaction energy in the mix (H_HB)       :        -4.72873 kcal/mol
 VdW interaction energy in the mix (H_vdW)         :        -4.33977 kcal/mol
 Gas liquid transition energy in the mix (H_glt)   :         2.93205 kcal/mol

 Compound: 2  (3-octanone)
 Chemical potential of the compound in the mixture :         6.83720 kcal/mol
 Log10(partial pressure [mbar])                    :         4.44735
 Free energy of molecule in mix (E_COSMO+dE+Mu)    :   -244670.33575 kcal/mol
 Total mean interaction energy in the mix (H_int)  :        -7.59639 kcal/mol
 Misfit interaction energy in the mix (H_MF)       :         3.24314 kcal/mol
 H-Bond interaction energy in the mix (H_HB)       :        -2.11602 kcal/mol
 VdW interaction energy in the mix (H_vdW)         :       -22.42513 kcal/mol
 Gas liquid transition energy in the mix (H_glt)   :        13.54923 kcal/mol

 Compound: 3  (lacticacid)
 Chemical potential of the compound in the mixture :         4.46145 kcal/mol
 Log10(partial pressure [mbar])                    :        -0.78863
 Free energy of molecule in mix (E_COSMO+dE+Mu)    :   -215744.21869 kcal/mol
 Total mean interaction energy in the mix (H_int)  :        -7.86640 kcal/mol
 Misfit interaction energy in the mix (H_MF)       :         1.98790 kcal/mol
 H-Bond interaction energy in the mix (H_HB)       :        -7.03338 kcal/mol
 VdW interaction energy in the mix (H_vdW)         :       -13.28428 kcal/mol
 Gas liquid transition energy in the mix (H_glt)   :         8.25184 kcal/mol



 Compound: 1 Conformer: 1 (h2o_c0)
 Chemical potential of the molecule in the mixture :         3.46912 kcal/mol
 Log10(partial pressure [mbar])                    :         1.52862
 Free energy of molecule in mix (E_COSMO+dE+Mu)    :    -47989.78415 kcal/mol
 Total mean interaction energy in the mix          :        -5.54494 kcal/mol
 Misfit interaction energy in the mix              :         0.59151 kcal/mol
 H-Bond interaction energy in the mix              :        -4.72873 kcal/mol
 VdW interaction energy in the mix                 :        -4.33977 kcal/mol
 Gas liquid transition energy in the mix (H_glt)   :         2.93205 kcal/mol
 Normalized weight factor of molecule in compound  :         1.00000
 Normalized weight factor of molecule in gas phase :         1.00000

 Compound: 2 Conformer: 1 (3-octanone_c0)
 Chemical potential of the molecule in the mixture :         7.49334 kcal/mol
 Log10(partial pressure [mbar])                    :         4.35466
 Free energy of molecule in mix (E_COSMO+dE+Mu)    :   -244669.66798 kcal/mol
 Total mean interaction energy in the mix          :        -7.72217 kcal/mol
 Misfit interaction energy in the mix              :         3.29849 kcal/mol
 H-Bond interaction energy in the mix              :        -2.00158 kcal/mol
 VdW interaction energy in the mix                 :       -22.56831 kcal/mol
 Gas liquid transition energy in the mix (H_glt)   :        13.54923 kcal/mol
 Normalized weight factor of molecule in compound  :         0.34196
 Normalized weight factor of molecule in gas phase :         0.27623

 Compound: 2 Conformer: 2 (3-octanone_c1)
 Chemical potential of the molecule in the mixture :         7.38107 kcal/mol
 Log10(partial pressure [mbar])                    :         4.15150
 Free energy of molecule in mix (E_COSMO+dE+Mu)    :   -244669.58841 kcal/mol
 Total mean interaction energy in the mix          :        -7.95922 kcal/mol
 Misfit interaction energy in the mix              :         3.23508 kcal/mol
 H-Bond interaction energy in the mix              :        -2.29594 kcal/mol
 VdW interaction energy in the mix                 :       -22.44759 kcal/mol
 Gas liquid transition energy in the mix (H_glt)   :        13.54923 kcal/mol
 Normalized weight factor of molecule in compound  :         0.30091
 Normalized weight factor of molecule in gas phase :         0.15226

 Compound: 2 Conformer: 3 (3-octanone_c2)
 Chemical potential of the molecule in the mixture :         7.78443 kcal/mol
 Log10(partial pressure [mbar])                    :         4.80873
 Free energy of molecule in mix (E_COSMO+dE+Mu)    :   -244669.38851 kcal/mol
 Total mean interaction energy in the mix          :        -7.44269 kcal/mol
 Misfit interaction energy in the mix              :         3.20149 kcal/mol
 H-Bond interaction energy in the mix              :        -1.91546 kcal/mol
 VdW interaction energy in the mix                 :       -22.27795 kcal/mol
 Gas liquid transition energy in the mix (H_glt)   :        13.54923 kcal/mol
 Normalized weight factor of molecule in compound  :         0.21824
 Normalized weight factor of molecule in gas phase :         0.49421

 Compound: 2 Conformer: 4 (3-octanone_c3)
 Chemical potential of the molecule in the mixture :         7.43778 kcal/mol
 Log10(partial pressure [mbar])                    :         4.19427
 Free energy of molecule in mix (E_COSMO+dE+Mu)    :   -244669.10730 kcal/mol
 Total mean interaction energy in the mix          :        -7.83939 kcal/mol
 Misfit interaction energy in the mix              :         3.18976 kcal/mol
 H-Bond interaction energy in the mix              :        -2.32315 kcal/mol
 VdW interaction energy in the mix                 :       -22.25523 kcal/mol
 Gas liquid transition energy in the mix (H_glt)   :        13.54923 kcal/mol
 Normalized weight factor of molecule in compound  :         0.13889
 Normalized weight factor of molecule in gas phase :         0.07729

 Compound: 3 Conformer: 1 (lacticacid_c0)
 Chemical potential of the molecule in the mixture :         6.41127 kcal/mol
 Log10(partial pressure [mbar])                    :        -0.56585
 Free energy of molecule in mix (E_COSMO+dE+Mu)    :   -215742.26887 kcal/mol
 Total mean interaction energy in the mix          :        -7.35485 kcal/mol
 Misfit interaction energy in the mix              :         2.02274 kcal/mol
 H-Bond interaction energy in the mix              :        -4.39620 kcal/mol
 VdW interaction energy in the mix                 :       -13.23323 kcal/mol
 Gas liquid transition energy in the mix (H_glt)   :         8.25184 kcal/mol
 Normalized weight factor of molecule in compound  :         0.04357
 Normalized weight factor of molecule in gas phase :         0.00603

 Compound: 3 Conformer: 2 (lacticacid_c1)
 Chemical potential of the molecule in the mixture :         6.53276 kcal/mol
 Log10(partial pressure [mbar])                    :        -0.09067
 Free energy of molecule in mix (E_COSMO+dE+Mu)    :   -215741.96588 kcal/mol
 Total mean interaction energy in the mix          :        -6.91849 kcal/mol
 Misfit interaction energy in the mix              :         2.13198 kcal/mol
 H-Bond interaction energy in the mix              :        -4.09207 kcal/mol
 VdW interaction energy in the mix                 :       -13.21024 kcal/mol
 Gas liquid transition energy in the mix (H_glt)   :         8.25184 kcal/mol
 Normalized weight factor of molecule in compound  :         0.02678
 Normalized weight factor of molecule in gas phase :         0.01137

 Compound: 3 Conformer: 3 (lacticacid_c2)
 Chemical potential of the molecule in the mixture :         4.69036 kcal/mol
 Log10(partial pressure [mbar])                    :         0.59940
 Free energy of molecule in mix (E_COSMO+dE+Mu)    :   -215742.91610 kcal/mol
 Total mean interaction energy in the mix          :        -8.02104 kcal/mol
 Misfit interaction energy in the mix              :         2.06512 kcal/mol
 H-Bond interaction energy in the mix              :        -5.04263 kcal/mol
 VdW interaction energy in the mix                 :       -13.29538 kcal/mol
 Gas liquid transition energy in the mix (H_glt)   :         8.25184 kcal/mol
 Normalized weight factor of molecule in compound  :         0.12329
 Normalized weight factor of molecule in gas phase :         0.93300

 Compound: 3 Conformer: 4 (lacticacid_c3)
 Chemical potential of the molecule in the mixture :         2.93401 kcal/mol
 Log10(partial pressure [mbar])                    :        -1.66299
 Free energy of molecule in mix (E_COSMO+dE+Mu)    :   -215743.25142 kcal/mol
 Total mean interaction energy in the mix          :       -10.13505 kcal/mol
 Misfit interaction energy in the mix              :         1.98567 kcal/mol
 H-Bond interaction energy in the mix              :        -7.10053 kcal/mol
 VdW interaction energy in the mix                 :       -13.27203 kcal/mol
 Gas liquid transition energy in the mix (H_glt)   :         8.25184 kcal/mol
 Normalized weight factor of molecule in compound  :         0.21132
 Normalized weight factor of molecule in gas phase :         0.02822

 Compound: 3 Conformer: 5 (lacticacid_c4)
 Chemical potential of the molecule in the mixture :         2.42092 kcal/mol
 Log10(partial pressure [mbar])                    :        -3.58182
 Free energy of molecule in mix (E_COSMO+dE+Mu)    :   -215743.67791 kcal/mol
 Total mean interaction energy in the mix          :       -11.08311 kcal/mol
 Misfit interaction energy in the mix              :         1.96458 kcal/mol
 H-Bond interaction energy in the mix              :        -8.00623 kcal/mol
 VdW interaction energy in the mix                 :       -13.29330 kcal/mol
 Gas liquid transition energy in the mix (H_glt)   :         8.25184 kcal/mol
 Normalized weight factor of molecule in compound  :         0.41936
 Normalized weight factor of molecule in gas phase :         0.00067

 Compound: 3 Conformer: 6 (lacticacid_c5)
 Chemical potential of the molecule in the mixture :         2.89902 kcal/mol
 Log10(partial pressure [mbar])                    :        -1.71706
 Free energy of molecule in mix (E_COSMO+dE+Mu)    :   -215743.13645 kcal/mol
 Total mean interaction energy in the mix          :       -10.21021 kcal/mol
 Misfit interaction energy in the mix              :         1.96146 kcal/mol
 H-Bond interaction energy in the mix              :        -7.12988 kcal/mol
 VdW interaction energy in the mix                 :       -13.29363 kcal/mol
 Gas liquid transition energy in the mix (H_glt)   :         8.25184 kcal/mol
 Normalized weight factor of molecule in compound  :         0.17567
 Normalized weight factor of molecule in gas phase :         0.02069




 Results for mixture 14 - LIQ_EX Phase 2 Iteration    6
 ----------------------
 Temperature          :    313.150 K
 Compound Nr.         :         1         2         3
 Compound             :       h2o 3-octanon lacticaci
 Mole Fraction        :    0.0620    0.9360    0.0020

 Compound: 1  (h2o)
 Chemical potential of the compound in the mixture :         5.19182 kcal/mol
 Log10(partial pressure [mbar])                    :         2.73088
 Free energy of molecule in mix (E_COSMO+dE+Mu)    :    -47988.06145 kcal/mol
 Total mean interaction energy in the mix (H_int)  :        -2.69603 kcal/mol
 Misfit interaction energy in the mix (H_MF)       :         1.50096 kcal/mol
 H-Bond interaction energy in the mix (H_HB)       :        -2.54653 kcal/mol
 VdW interaction energy in the mix (H_vdW)         :        -4.58251 kcal/mol
 Gas liquid transition energy in the mix (H_glt)   :         2.93205 kcal/mol
 Equilibrium constant Kx(1,2)                      :        15.93160
 Equilibrium concentration x_k(1,2)                :         0.94094

 Compound: 2  (3-octanone)
 Chemical potential of the compound in the mixture :         1.58877 kcal/mol
 Log10(partial pressure [mbar])                    :         0.78451
 Free energy of molecule in mix (E_COSMO+dE+Mu)    :   -244675.58417 kcal/mol
 Total mean interaction energy in the mix (H_int)  :        -6.25950 kcal/mol
 Misfit interaction energy in the mix (H_MF)       :         3.50725 kcal/mol
 H-Bond interaction energy in the mix (H_HB)       :        -0.13967 kcal/mol
 VdW interaction energy in the mix (H_vdW)         :       -23.26873 kcal/mol
 Gas liquid transition energy in the mix (H_glt)   :        13.54923 kcal/mol
 Equilibrium constant Kx(1,2)                      :  2.17349065E-04
 Equilibrium concentration x_k(1,2)                :         0.00022

 Compound: 3  (lacticacid)
 Chemical potential of the compound in the mixture :         4.48579 kcal/mol
 Log10(partial pressure [mbar])                    :        -0.77164
 Free energy of molecule in mix (E_COSMO+dE+Mu)    :   -215744.19435 kcal/mol
 Total mean interaction energy in the mix (H_int)  :        -4.40948 kcal/mol
 Misfit interaction energy in the mix (H_MF)       :         2.48636 kcal/mol
 H-Bond interaction energy in the mix (H_HB)       :        -2.47961 kcal/mol
 VdW interaction energy in the mix (H_vdW)         :       -13.97903 kcal/mol
 Gas liquid transition energy in the mix (H_glt)   :         8.25184 kcal/mol
 Equilibrium constant Kx(1,2)                      :         1.03990
 Equilibrium concentration x_k(1,2)                :         0.50978



 Compound: 1 Conformer: 1 (h2o_c0)
 Chemical potential of the molecule in the mixture :         5.19182 kcal/mol
 Log10(partial pressure [mbar])                    :         2.73088
 Free energy of molecule in mix (E_COSMO+dE+Mu)    :    -47988.06145 kcal/mol
 Total mean interaction energy in the mix          :        -2.69603 kcal/mol
 Misfit interaction energy in the mix              :         1.50096 kcal/mol
 H-Bond interaction energy in the mix              :        -2.54653 kcal/mol
 VdW interaction energy in the mix                 :        -4.58251 kcal/mol
 Gas liquid transition energy in the mix (H_glt)   :         2.93205 kcal/mol
 Normalized weight factor of molecule in compound  :         1.00000
 Normalized weight factor of molecule in gas phase :         1.00000

 Compound: 2 Conformer: 1 (3-octanone_c0)
 Chemical potential of the molecule in the mixture :         2.14582 kcal/mol
 Log10(partial pressure [mbar])                    :         0.62265
 Free energy of molecule in mix (E_COSMO+dE+Mu)    :   -244675.01551 kcal/mol
 Total mean interaction energy in the mix          :        -6.46526 kcal/mol
 Misfit interaction energy in the mix              :         3.52719 kcal/mol
 H-Bond interaction energy in the mix              :        -0.12458 kcal/mol
 VdW interaction energy in the mix                 :       -23.41709 kcal/mol
 Gas liquid transition energy in the mix (H_glt)   :        13.54923 kcal/mol
 Normalized weight factor of molecule in compound  :         0.40099
 Normalized weight factor of molecule in gas phase :         0.27623

 Compound: 2 Conformer: 2 (3-octanone_c1)
 Chemical potential of the molecule in the mixture :         2.40917 kcal/mol
 Log10(partial pressure [mbar])                    :         0.68164
 Free energy of molecule in mix (E_COSMO+dE+Mu)    :   -244674.56031 kcal/mol
 Total mean interaction energy in the mix          :        -6.33751 kcal/mol
 Misfit interaction energy in the mix              :         3.61649 kcal/mol
 H-Bond interaction energy in the mix              :        -0.20379 kcal/mol
 VdW interaction energy in the mix                 :       -23.29944 kcal/mol
 Gas liquid transition energy in the mix (H_glt)   :        13.54923 kcal/mol
 Normalized weight factor of molecule in compound  :         0.19296
 Normalized weight factor of molecule in gas phase :         0.15226

 Compound: 2 Conformer: 3 (3-octanone_c2)
 Chemical potential of the molecule in the mixture :         2.28096 kcal/mol
 Log10(partial pressure [mbar])                    :         0.96789
 Free energy of molecule in mix (E_COSMO+dE+Mu)    :   -244674.89198 kcal/mol
 Total mean interaction energy in the mix          :        -6.26664 kcal/mol
 Misfit interaction energy in the mix              :         3.39948 kcal/mol
 H-Bond interaction energy in the mix              :        -0.10637 kcal/mol
 VdW interaction energy in the mix                 :       -23.10897 kcal/mol
 Gas liquid transition energy in the mix (H_glt)   :        13.54923 kcal/mol
 Normalized weight factor of molecule in compound  :         0.32880
 Normalized weight factor of molecule in gas phase :         0.49421

 Compound: 2 Conformer: 4 (3-octanone_c3)
 Chemical potential of the molecule in the mixture :         2.55438 kcal/mol
 Log10(partial pressure [mbar])                    :         0.78617
 Free energy of molecule in mix (E_COSMO+dE+Mu)    :   -244673.99070 kcal/mol
 Total mean interaction energy in the mix          :        -6.16261 kcal/mol
 Misfit interaction energy in the mix              :         3.58958 kcal/mol
 H-Bond interaction energy in the mix              :        -0.19959 kcal/mol
 VdW interaction energy in the mix                 :       -23.10183 kcal/mol
 Gas liquid transition energy in the mix (H_glt)   :        13.54923 kcal/mol
 Normalized weight factor of molecule in compound  :         0.07726
 Normalized weight factor of molecule in gas phase :         0.07729

 Compound: 3 Conformer: 1 (lacticacid_c0)
 Chemical potential of the molecule in the mixture :         6.12778 kcal/mol
 Log10(partial pressure [mbar])                    :        -0.76369
 Free energy of molecule in mix (E_COSMO+dE+Mu)    :   -215742.55236 kcal/mol
 Total mean interaction energy in the mix          :        -4.53778 kcal/mol
 Misfit interaction energy in the mix              :         3.06977 kcal/mol
 H-Bond interaction energy in the mix              :        -1.91768 kcal/mol
 VdW interaction energy in the mix                 :       -13.94171 kcal/mol
 Gas liquid transition energy in the mix (H_glt)   :         8.25184 kcal/mol
 Normalized weight factor of molecule in compound  :         0.07146
 Normalized weight factor of molecule in gas phase :         0.00603

 Compound: 3 Conformer: 2 (lacticacid_c1)
 Chemical potential of the molecule in the mixture :         6.47721 kcal/mol
 Log10(partial pressure [mbar])                    :        -0.12944
 Free energy of molecule in mix (E_COSMO+dE+Mu)    :   -215742.02144 kcal/mol
 Total mean interaction energy in the mix          :        -4.26846 kcal/mol
 Misfit interaction energy in the mix              :         3.03768 kcal/mol
 H-Bond interaction energy in the mix              :        -1.64631 kcal/mol
 VdW interaction energy in the mix                 :       -13.91167 kcal/mol
 Gas liquid transition energy in the mix (H_glt)   :         8.25184 kcal/mol
 Normalized weight factor of molecule in compound  :         0.03045
 Normalized weight factor of molecule in gas phase :         0.01137

 Compound: 3 Conformer: 3 (lacticacid_c2)
 Chemical potential of the molecule in the mixture :         3.66186 kcal/mol
 Log10(partial pressure [mbar])                    :        -0.11839
 Free energy of molecule in mix (E_COSMO+dE+Mu)    :   -215743.94460 kcal/mol
 Total mean interaction energy in the mix          :        -5.69308 kcal/mol
 Misfit interaction energy in the mix              :         2.31906 kcal/mol
 H-Bond interaction energy in the mix              :        -2.27896 kcal/mol
 VdW interaction energy in the mix                 :       -13.98502 kcal/mol
 Gas liquid transition energy in the mix (H_glt)   :         8.25184 kcal/mol
 Normalized weight factor of molecule in compound  :         0.66943
 Normalized weight factor of molecule in gas phase :         0.93300

 Compound: 3 Conformer: 4 (lacticacid_c3)
 Chemical potential of the molecule in the mixture :         3.40019 kcal/mol
 Log10(partial pressure [mbar])                    :        -1.33764
 Free energy of molecule in mix (E_COSMO+dE+Mu)    :   -215742.78524 kcal/mol
 Total mean interaction energy in the mix          :        -6.36601 kcal/mol
 Misfit interaction energy in the mix              :         2.63546 kcal/mol
 H-Bond interaction energy in the mix              :        -3.28768 kcal/mol
 VdW interaction energy in the mix                 :       -13.96563 kcal/mol
 Gas liquid transition energy in the mix (H_glt)   :         8.25184 kcal/mol
 Normalized weight factor of molecule in compound  :         0.10389
 Normalized weight factor of molecule in gas phase :         0.02822

 Compound: 3 Conformer: 5 (lacticacid_c4)
 Chemical potential of the molecule in the mixture :         3.92031 kcal/mol
 Log10(partial pressure [mbar])                    :        -2.53540
 Free energy of molecule in mix (E_COSMO+dE+Mu)    :   -215742.17852 kcal/mol
 Total mean interaction energy in the mix          :        -6.25235 kcal/mol
 Misfit interaction energy in the mix              :         3.16582 kcal/mol
 H-Bond interaction energy in the mix              :        -3.66257 kcal/mol
 VdW interaction energy in the mix                 :       -14.00744 kcal/mol
 Gas liquid transition energy in the mix (H_glt)   :         8.25184 kcal/mol
 Normalized weight factor of molecule in compound  :         0.03919
 Normalized weight factor of molecule in gas phase :         0.00067

 Compound: 3 Conformer: 6 (lacticacid_c5)
 Chemical potential of the molecule in the mixture :         3.37090 kcal/mol
 Log10(partial pressure [mbar])                    :        -1.38773
 Free energy of molecule in mix (E_COSMO+dE+Mu)    :   -215742.66456 kcal/mol
 Total mean interaction energy in the mix          :        -6.41125 kcal/mol
 Misfit interaction energy in the mix              :         2.61961 kcal/mol
 H-Bond interaction energy in the mix              :        -3.29220 kcal/mol
 VdW interaction energy in the mix                 :       -13.99050 kcal/mol
 Gas liquid transition energy in the mix (H_glt)   :         8.25184 kcal/mol
 Normalized weight factor of molecule in compound  :         0.08558
 Normalized weight factor of molecule in gas phase :         0.02069




 Results for mixture 15 - LIQ_EX Phase 1 Iteration    7
 ----------------------
 Temperature          :    313.150 K
 Compound Nr.         :         1         2         3
 Compound             :       h2o 3-octanon lacticaci
 Mole Fraction        :    0.9977    0.0002    0.0021

 Compound: 1  (h2o)
 Chemical potential of the compound in the mixture :         3.46912 kcal/mol
 Log10(partial pressure [mbar])                    :         1.52862
 Free energy of molecule in mix (E_COSMO+dE+Mu)    :    -47989.78415 kcal/mol
 Total mean interaction energy in the mix (H_int)  :        -5.54494 kcal/mol
 Misfit interaction energy in the mix (H_MF)       :         0.59151 kcal/mol
 H-Bond interaction energy in the mix (H_HB)       :        -4.72873 kcal/mol
 VdW interaction energy in the mix (H_vdW)         :        -4.33977 kcal/mol
 Gas liquid transition energy in the mix (H_glt)   :         2.93205 kcal/mol

 Compound: 2  (3-octanone)
 Chemical potential of the compound in the mixture :         6.83734 kcal/mol
 Log10(partial pressure [mbar])                    :         4.44745
 Free energy of molecule in mix (E_COSMO+dE+Mu)    :   -244670.33561 kcal/mol
 Total mean interaction energy in the mix (H_int)  :        -7.59642 kcal/mol
 Misfit interaction energy in the mix (H_MF)       :         3.24308 kcal/mol
 H-Bond interaction energy in the mix (H_HB)       :        -2.11604 kcal/mol
 VdW interaction energy in the mix (H_vdW)         :       -22.42510 kcal/mol
 Gas liquid transition energy in the mix (H_glt)   :        13.54923 kcal/mol

 Compound: 3  (lacticacid)
 Chemical potential of the compound in the mixture :         4.46148 kcal/mol
 Log10(partial pressure [mbar])                    :        -0.78861
 Free energy of molecule in mix (E_COSMO+dE+Mu)    :   -215744.21867 kcal/mol
 Total mean interaction energy in the mix (H_int)  :        -7.86643 kcal/mol
 Misfit interaction energy in the mix (H_MF)       :         1.98788 kcal/mol
 H-Bond interaction energy in the mix (H_HB)       :        -7.03343 kcal/mol
 VdW interaction energy in the mix (H_vdW)         :       -13.28426 kcal/mol
 Gas liquid transition energy in the mix (H_glt)   :         8.25184 kcal/mol



 Compound: 1 Conformer: 1 (h2o_c0)
 Chemical potential of the molecule in the mixture :         3.46912 kcal/mol
 Log10(partial pressure [mbar])                    :         1.52862
 Free energy of molecule in mix (E_COSMO+dE+Mu)    :    -47989.78415 kcal/mol
 Total mean interaction energy in the mix          :        -5.54494 kcal/mol
 Misfit interaction energy in the mix              :         0.59151 kcal/mol
 H-Bond interaction energy in the mix              :        -4.72873 kcal/mol
 VdW interaction energy in the mix                 :        -4.33977 kcal/mol
 Gas liquid transition energy in the mix (H_glt)   :         2.93205 kcal/mol
 Normalized weight factor of molecule in compound  :         1.00000
 Normalized weight factor of molecule in gas phase :         1.00000

 Compound: 2 Conformer: 1 (3-octanone_c0)
 Chemical potential of the molecule in the mixture :         7.49348 kcal/mol
 Log10(partial pressure [mbar])                    :         4.35476
 Free energy of molecule in mix (E_COSMO+dE+Mu)    :   -244669.66784 kcal/mol
 Total mean interaction energy in the mix          :        -7.72219 kcal/mol
 Misfit interaction energy in the mix              :         3.29844 kcal/mol
 H-Bond interaction energy in the mix              :        -2.00159 kcal/mol
 VdW interaction energy in the mix                 :       -22.56828 kcal/mol
 Gas liquid transition energy in the mix (H_glt)   :        13.54923 kcal/mol
 Normalized weight factor of molecule in compound  :         0.34196
 Normalized weight factor of molecule in gas phase :         0.27623

 Compound: 2 Conformer: 2 (3-octanone_c1)
 Chemical potential of the molecule in the mixture :         7.38121 kcal/mol
 Log10(partial pressure [mbar])                    :         4.15160
 Free energy of molecule in mix (E_COSMO+dE+Mu)    :   -244669.58827 kcal/mol
 Total mean interaction energy in the mix          :        -7.95924 kcal/mol
 Misfit interaction energy in the mix              :         3.23503 kcal/mol
 H-Bond interaction energy in the mix              :        -2.29595 kcal/mol
 VdW interaction energy in the mix                 :       -22.44755 kcal/mol
 Gas liquid transition energy in the mix (H_glt)   :        13.54923 kcal/mol
 Normalized weight factor of molecule in compound  :         0.30091
 Normalized weight factor of molecule in gas phase :         0.15226

 Compound: 2 Conformer: 3 (3-octanone_c2)
 Chemical potential of the molecule in the mixture :         7.78457 kcal/mol
 Log10(partial pressure [mbar])                    :         4.80883
 Free energy of molecule in mix (E_COSMO+dE+Mu)    :   -244669.38837 kcal/mol
 Total mean interaction energy in the mix          :        -7.44272 kcal/mol
 Misfit interaction energy in the mix              :         3.20143 kcal/mol
 H-Bond interaction energy in the mix              :        -1.91547 kcal/mol
 VdW interaction energy in the mix                 :       -22.27791 kcal/mol
 Gas liquid transition energy in the mix (H_glt)   :        13.54923 kcal/mol
 Normalized weight factor of molecule in compound  :         0.21824
 Normalized weight factor of molecule in gas phase :         0.49421

 Compound: 2 Conformer: 4 (3-octanone_c3)
 Chemical potential of the molecule in the mixture :         7.43792 kcal/mol
 Log10(partial pressure [mbar])                    :         4.19436
 Free energy of molecule in mix (E_COSMO+dE+Mu)    :   -244669.10716 kcal/mol
 Total mean interaction energy in the mix          :        -7.83941 kcal/mol
 Misfit interaction energy in the mix              :         3.18970 kcal/mol
 H-Bond interaction energy in the mix              :        -2.32315 kcal/mol
 VdW interaction energy in the mix                 :       -22.25519 kcal/mol
 Gas liquid transition energy in the mix (H_glt)   :        13.54923 kcal/mol
 Normalized weight factor of molecule in compound  :         0.13889
 Normalized weight factor of molecule in gas phase :         0.07729

 Compound: 3 Conformer: 1 (lacticacid_c0)
 Chemical potential of the molecule in the mixture :         6.41130 kcal/mol
 Log10(partial pressure [mbar])                    :        -0.56582
 Free energy of molecule in mix (E_COSMO+dE+Mu)    :   -215742.26884 kcal/mol
 Total mean interaction energy in the mix          :        -7.35488 kcal/mol
 Misfit interaction energy in the mix              :         2.02271 kcal/mol
 H-Bond interaction energy in the mix              :        -4.39623 kcal/mol
 VdW interaction energy in the mix                 :       -13.23320 kcal/mol
 Gas liquid transition energy in the mix (H_glt)   :         8.25184 kcal/mol
 Normalized weight factor of molecule in compound  :         0.04357
 Normalized weight factor of molecule in gas phase :         0.00603

 Compound: 3 Conformer: 2 (lacticacid_c1)
 Chemical potential of the molecule in the mixture :         6.53280 kcal/mol
 Log10(partial pressure [mbar])                    :        -0.09064
 Free energy of molecule in mix (E_COSMO+dE+Mu)    :   -215741.96585 kcal/mol
 Total mean interaction energy in the mix          :        -6.91851 kcal/mol
 Misfit interaction energy in the mix              :         2.13196 kcal/mol
 H-Bond interaction energy in the mix              :        -4.09210 kcal/mol
 VdW interaction energy in the mix                 :       -13.21022 kcal/mol
 Gas liquid transition energy in the mix (H_glt)   :         8.25184 kcal/mol
 Normalized weight factor of molecule in compound  :         0.02678
 Normalized weight factor of molecule in gas phase :         0.01137

 Compound: 3 Conformer: 3 (lacticacid_c2)
 Chemical potential of the molecule in the mixture :         4.69041 kcal/mol
 Log10(partial pressure [mbar])                    :         0.59943
 Free energy of molecule in mix (E_COSMO+dE+Mu)    :   -215742.91606 kcal/mol
 Total mean interaction energy in the mix          :        -8.02106 kcal/mol
 Misfit interaction energy in the mix              :         2.06510 kcal/mol
 H-Bond interaction energy in the mix              :        -5.04265 kcal/mol
 VdW interaction energy in the mix                 :       -13.29536 kcal/mol
 Gas liquid transition energy in the mix (H_glt)   :         8.25184 kcal/mol
 Normalized weight factor of molecule in compound  :         0.12329
 Normalized weight factor of molecule in gas phase :         0.93300

 Compound: 3 Conformer: 4 (lacticacid_c3)
 Chemical potential of the molecule in the mixture :         2.93404 kcal/mol
 Log10(partial pressure [mbar])                    :        -1.66297
 Free energy of molecule in mix (E_COSMO+dE+Mu)    :   -215743.25139 kcal/mol
 Total mean interaction energy in the mix          :       -10.13508 kcal/mol
 Misfit interaction energy in the mix              :         1.98565 kcal/mol
 H-Bond interaction energy in the mix              :        -7.10057 kcal/mol
 VdW interaction energy in the mix                 :       -13.27201 kcal/mol
 Gas liquid transition energy in the mix (H_glt)   :         8.25184 kcal/mol
 Normalized weight factor of molecule in compound  :         0.21132
 Normalized weight factor of molecule in gas phase :         0.02822

 Compound: 3 Conformer: 5 (lacticacid_c4)
 Chemical potential of the molecule in the mixture :         2.42094 kcal/mol
 Log10(partial pressure [mbar])                    :        -3.58180
 Free energy of molecule in mix (E_COSMO+dE+Mu)    :   -215743.67789 kcal/mol
 Total mean interaction energy in the mix          :       -11.08314 kcal/mol
 Misfit interaction energy in the mix              :         1.96456 kcal/mol
 H-Bond interaction energy in the mix              :        -8.00626 kcal/mol
 VdW interaction energy in the mix                 :       -13.29328 kcal/mol
 Gas liquid transition energy in the mix (H_glt)   :         8.25184 kcal/mol
 Normalized weight factor of molecule in compound  :         0.41937
 Normalized weight factor of molecule in gas phase :         0.00067

 Compound: 3 Conformer: 6 (lacticacid_c5)
 Chemical potential of the molecule in the mixture :         2.89905 kcal/mol
 Log10(partial pressure [mbar])                    :        -1.71704
 Free energy of molecule in mix (E_COSMO+dE+Mu)    :   -215743.13642 kcal/mol
 Total mean interaction energy in the mix          :       -10.21024 kcal/mol
 Misfit interaction energy in the mix              :         1.96144 kcal/mol
 H-Bond interaction energy in the mix              :        -7.12991 kcal/mol
 VdW interaction energy in the mix                 :       -13.29361 kcal/mol
 Gas liquid transition energy in the mix (H_glt)   :         8.25184 kcal/mol
 Normalized weight factor of molecule in compound  :         0.17567
 Normalized weight factor of molecule in gas phase :         0.02069




 Results for mixture 16 - LIQ_EX Phase 2 Iteration    7
 ----------------------
 Temperature          :    313.150 K
 Compound Nr.         :         1         2         3
 Compound             :       h2o 3-octanon lacticaci
 Mole Fraction        :    0.0625    0.9354    0.0020

 Compound: 1  (h2o)
 Chemical potential of the compound in the mixture :         5.18934 kcal/mol
 Log10(partial pressure [mbar])                    :         2.72915
 Free energy of molecule in mix (E_COSMO+dE+Mu)    :    -47988.06393 kcal/mol
 Total mean interaction energy in the mix (H_int)  :        -2.70023 kcal/mol
 Misfit interaction energy in the mix (H_MF)       :         1.49891 kcal/mol
 H-Bond interaction energy in the mix (H_HB)       :        -2.54880 kcal/mol
 VdW interaction energy in the mix (H_vdW)         :        -4.58239 kcal/mol
 Gas liquid transition energy in the mix (H_glt)   :         2.93205 kcal/mol
 Equilibrium constant Kx(1,2)                      :        15.86828
 Equilibrium concentration x_k(1,2)                :         0.94072

 Compound: 2  (3-octanone)
 Chemical potential of the compound in the mixture :         1.58894 kcal/mol
 Log10(partial pressure [mbar])                    :         0.78463
 Free energy of molecule in mix (E_COSMO+dE+Mu)    :   -244675.58400 kcal/mol
 Total mean interaction energy in the mix (H_int)  :        -6.26053 kcal/mol
 Misfit interaction energy in the mix (H_MF)       :         3.50729 kcal/mol
 H-Bond interaction energy in the mix (H_HB)       :        -0.14091 kcal/mol
 VdW interaction energy in the mix (H_vdW)         :       -23.26859 kcal/mol
 Gas liquid transition energy in the mix (H_glt)   :        13.54923 kcal/mol
 Equilibrium constant Kx(1,2)                      :  2.17359090E-04
 Equilibrium concentration x_k(1,2)                :         0.00022

 Compound: 3  (lacticacid)
 Chemical potential of the compound in the mixture :         4.48382 kcal/mol
 Log10(partial pressure [mbar])                    :        -0.77301
 Free energy of molecule in mix (E_COSMO+dE+Mu)    :   -215744.19632 kcal/mol
 Total mean interaction energy in the mix (H_int)  :        -4.41227 kcal/mol
 Misfit interaction energy in the mix (H_MF)       :         2.48517 kcal/mol
 H-Bond interaction energy in the mix (H_HB)       :        -2.48199 kcal/mol
 VdW interaction energy in the mix (H_vdW)         :       -13.97883 kcal/mol
 Gas liquid transition energy in the mix (H_glt)   :         8.25184 kcal/mol
 Equilibrium constant Kx(1,2)                      :         1.03656
 Equilibrium concentration x_k(1,2)                :         0.50898



 Compound: 1 Conformer: 1 (h2o_c0)
 Chemical potential of the molecule in the mixture :         5.18934 kcal/mol
 Log10(partial pressure [mbar])                    :         2.72915
 Free energy of molecule in mix (E_COSMO+dE+Mu)    :    -47988.06393 kcal/mol
 Total mean interaction energy in the mix          :        -2.70023 kcal/mol
 Misfit interaction energy in the mix              :         1.49891 kcal/mol
 H-Bond interaction energy in the mix              :        -2.54880 kcal/mol
 VdW interaction energy in the mix                 :        -4.58239 kcal/mol
 Gas liquid transition energy in the mix (H_glt)   :         2.93205 kcal/mol
 Normalized weight factor of molecule in compound  :         1.00000
 Normalized weight factor of molecule in gas phase :         1.00000

 Compound: 2 Conformer: 1 (3-octanone_c0)
 Chemical potential of the molecule in the mixture :         2.14601 kcal/mol
 Log10(partial pressure [mbar])                    :         0.62279
 Free energy of molecule in mix (E_COSMO+dE+Mu)    :   -244675.01531 kcal/mol
 Total mean interaction energy in the mix          :        -6.46619 kcal/mol
 Misfit interaction energy in the mix              :         3.52723 kcal/mol
 H-Bond interaction energy in the mix              :        -0.12570 kcal/mol
 VdW interaction energy in the mix                 :       -23.41695 kcal/mol
 Gas liquid transition energy in the mix (H_glt)   :        13.54923 kcal/mol
 Normalized weight factor of molecule in compound  :         0.40098
 Normalized weight factor of molecule in gas phase :         0.27623

 Compound: 2 Conformer: 2 (3-octanone_c1)
 Chemical potential of the molecule in the mixture :         2.40917 kcal/mol
 Log10(partial pressure [mbar])                    :         0.68164
 Free energy of molecule in mix (E_COSMO+dE+Mu)    :   -244674.56031 kcal/mol
 Total mean interaction energy in the mix          :        -6.33912 kcal/mol
 Misfit interaction energy in the mix              :         3.61646 kcal/mol
 H-Bond interaction energy in the mix              :        -0.20554 kcal/mol
 VdW interaction energy in the mix                 :       -23.29928 kcal/mol
 Gas liquid transition energy in the mix (H_glt)   :        13.54923 kcal/mol
 Normalized weight factor of molecule in compound  :         0.19301
 Normalized weight factor of molecule in gas phase :         0.15226

 Compound: 2 Conformer: 3 (3-octanone_c2)
 Chemical potential of the molecule in the mixture :         2.28124 kcal/mol
 Log10(partial pressure [mbar])                    :         0.96809
 Free energy of molecule in mix (E_COSMO+dE+Mu)    :   -244674.89170 kcal/mol
 Total mean interaction energy in the mix          :        -6.26738 kcal/mol
 Misfit interaction energy in the mix              :         3.39955 kcal/mol
 H-Bond interaction energy in the mix              :        -0.10733 kcal/mol
 VdW interaction energy in the mix                 :       -23.10884 kcal/mol
 Gas liquid transition energy in the mix (H_glt)   :        13.54923 kcal/mol
 Normalized weight factor of molecule in compound  :         0.32874
 Normalized weight factor of molecule in gas phase :         0.49421

 Compound: 2 Conformer: 4 (3-octanone_c3)
 Chemical potential of the molecule in the mixture :         2.55438 kcal/mol
 Log10(partial pressure [mbar])                    :         0.78617
 Free energy of molecule in mix (E_COSMO+dE+Mu)    :   -244673.99070 kcal/mol
 Total mean interaction energy in the mix          :        -6.16421 kcal/mol
 Misfit interaction energy in the mix              :         3.58955 kcal/mol
 H-Bond interaction energy in the mix              :        -0.20132 kcal/mol
 VdW interaction energy in the mix                 :       -23.10167 kcal/mol
 Gas liquid transition energy in the mix (H_glt)   :        13.54923 kcal/mol
 Normalized weight factor of molecule in compound  :         0.07728
 Normalized weight factor of molecule in gas phase :         0.07729

 Compound: 3 Conformer: 1 (lacticacid_c0)
 Chemical potential of the molecule in the mixture :         6.12600 kcal/mol
 Log10(partial pressure [mbar])                    :        -0.76493
 Free energy of molecule in mix (E_COSMO+dE+Mu)    :   -215742.55414 kcal/mol
 Total mean interaction energy in the mix          :        -4.54042 kcal/mol
 Misfit interaction energy in the mix              :         3.06819 kcal/mol
 H-Bond interaction energy in the mix              :        -1.91892 kcal/mol
 VdW interaction energy in the mix                 :       -13.94153 kcal/mol
 Gas liquid transition energy in the mix (H_glt)   :         8.25184 kcal/mol
 Normalized weight factor of molecule in compound  :         0.07144
 Normalized weight factor of molecule in gas phase :         0.00603

 Compound: 3 Conformer: 2 (lacticacid_c1)
 Chemical potential of the molecule in the mixture :         6.47504 kcal/mol
 Log10(partial pressure [mbar])                    :        -0.13095
 Free energy of molecule in mix (E_COSMO+dE+Mu)    :   -215742.02361 kcal/mol
 Total mean interaction energy in the mix          :        -4.27132 kcal/mol
 Misfit interaction energy in the mix              :         3.03638 kcal/mol
 H-Bond interaction energy in the mix              :        -1.64808 kcal/mol
 VdW interaction energy in the mix                 :       -13.91146 kcal/mol
 Gas liquid transition energy in the mix (H_glt)   :         8.25184 kcal/mol
 Normalized weight factor of molecule in compound  :         0.03046
 Normalized weight factor of molecule in gas phase :         0.01137

 Compound: 3 Conformer: 3 (lacticacid_c2)
 Chemical potential of the molecule in the mixture :         3.66023 kcal/mol
 Log10(partial pressure [mbar])                    :        -0.11952
 Free energy of molecule in mix (E_COSMO+dE+Mu)    :   -215743.94623 kcal/mol
 Total mean interaction energy in the mix          :        -5.69578 kcal/mol
 Misfit interaction energy in the mix              :         2.31789 kcal/mol
 H-Bond interaction energy in the mix              :        -2.28067 kcal/mol
 VdW interaction energy in the mix                 :       -13.98484 kcal/mol
 Gas liquid transition energy in the mix (H_glt)   :         8.25184 kcal/mol
 Normalized weight factor of molecule in compound  :         0.66906
 Normalized weight factor of molecule in gas phase :         0.93300

 Compound: 3 Conformer: 4 (lacticacid_c3)
 Chemical potential of the molecule in the mixture :         3.39737 kcal/mol
 Log10(partial pressure [mbar])                    :        -1.33962
 Free energy of molecule in mix (E_COSMO+dE+Mu)    :   -215742.78806 kcal/mol
 Total mean interaction energy in the mix          :        -6.37016 kcal/mol
 Misfit interaction energy in the mix              :         2.63383 kcal/mol
 H-Bond interaction energy in the mix              :        -3.29045 kcal/mol
 VdW interaction energy in the mix                 :       -13.96538 kcal/mol
 Gas liquid transition energy in the mix (H_glt)   :         8.25184 kcal/mol
 Normalized weight factor of molecule in compound  :         0.10404
 Normalized weight factor of molecule in gas phase :         0.02822

 Compound: 3 Conformer: 5 (lacticacid_c4)
 Chemical potential of the molecule in the mixture :         3.91651 kcal/mol
 Log10(partial pressure [mbar])                    :        -2.53805
 Free energy of molecule in mix (E_COSMO+dE+Mu)    :   -215742.18232 kcal/mol
 Total mean interaction energy in the mix          :        -6.25832 kcal/mol
 Misfit interaction energy in the mix              :         3.16311 kcal/mol
 H-Bond interaction energy in the mix              :        -3.66610 kcal/mol
 VdW interaction energy in the mix                 :       -14.00717 kcal/mol
 Gas liquid transition energy in the mix (H_glt)   :         8.25184 kcal/mol
 Normalized weight factor of molecule in compound  :         0.03930
 Normalized weight factor of molecule in gas phase :         0.00067

 Compound: 3 Conformer: 6 (lacticacid_c5)
 Chemical potential of the molecule in the mixture :         3.36806 kcal/mol
 Log10(partial pressure [mbar])                    :        -1.38972
 Free energy of molecule in mix (E_COSMO+dE+Mu)    :   -215742.66740 kcal/mol
 Total mean interaction energy in the mix          :        -6.41544 kcal/mol
 Misfit interaction energy in the mix              :         2.61790 kcal/mol
 H-Bond interaction energy in the mix              :        -3.29492 kcal/mol
 VdW interaction energy in the mix                 :       -13.99025 kcal/mol
 Gas liquid transition energy in the mix (H_glt)   :         8.25184 kcal/mol
 Normalized weight factor of molecule in compound  :         0.08570
 Normalized weight factor of molecule in gas phase :         0.02069




 Results for mixture 17 - LIQ_EX Phase 1 Iteration    8
 ----------------------
 Temperature          :    313.150 K
 Compound Nr.         :         1         2         3
 Compound             :       h2o 3-octanon lacticaci
 Mole Fraction        :    0.9977    0.0002    0.0021

 Compound: 1  (h2o)
 Chemical potential of the compound in the mixture :         3.46912 kcal/mol
 Log10(partial pressure [mbar])                    :         1.52862
 Free energy of molecule in mix (E_COSMO+dE+Mu)    :    -47989.78415 kcal/mol
 Total mean interaction energy in the mix (H_int)  :        -5.54493 kcal/mol
 Misfit interaction energy in the mix (H_MF)       :         0.59151 kcal/mol
 H-Bond interaction energy in the mix (H_HB)       :        -4.72873 kcal/mol
 VdW interaction energy in the mix (H_vdW)         :        -4.33976 kcal/mol
 Gas liquid transition energy in the mix (H_glt)   :         2.93205 kcal/mol

 Compound: 2  (3-octanone)
 Chemical potential of the compound in the mixture :         6.83740 kcal/mol
 Log10(partial pressure [mbar])                    :         4.44750
 Free energy of molecule in mix (E_COSMO+dE+Mu)    :   -244670.33554 kcal/mol
 Total mean interaction energy in the mix (H_int)  :        -7.59643 kcal/mol
 Misfit interaction energy in the mix (H_MF)       :         3.24306 kcal/mol
 H-Bond interaction energy in the mix (H_HB)       :        -2.11604 kcal/mol
 VdW interaction energy in the mix (H_vdW)         :       -22.42508 kcal/mol
 Gas liquid transition energy in the mix (H_glt)   :        13.54923 kcal/mol

 Compound: 3  (lacticacid)
 Chemical potential of the compound in the mixture :         4.46149 kcal/mol
 Log10(partial pressure [mbar])                    :        -0.78860
 Free energy of molecule in mix (E_COSMO+dE+Mu)    :   -215744.21865 kcal/mol
 Total mean interaction energy in the mix (H_int)  :        -7.86645 kcal/mol
 Misfit interaction energy in the mix (H_MF)       :         1.98787 kcal/mol
 H-Bond interaction energy in the mix (H_HB)       :        -7.03345 kcal/mol
 VdW interaction energy in the mix (H_vdW)         :       -13.28425 kcal/mol
 Gas liquid transition energy in the mix (H_glt)   :         8.25184 kcal/mol



 Compound: 1 Conformer: 1 (h2o_c0)
 Chemical potential of the molecule in the mixture :         3.46912 kcal/mol
 Log10(partial pressure [mbar])                    :         1.52862
 Free energy of molecule in mix (E_COSMO+dE+Mu)    :    -47989.78415 kcal/mol
 Total mean interaction energy in the mix          :        -5.54493 kcal/mol
 Misfit interaction energy in the mix              :         0.59151 kcal/mol
 H-Bond interaction energy in the mix              :        -4.72873 kcal/mol
 VdW interaction energy in the mix                 :        -4.33976 kcal/mol
 Gas liquid transition energy in the mix (H_glt)   :         2.93205 kcal/mol
 Normalized weight factor of molecule in compound  :         1.00000
 Normalized weight factor of molecule in gas phase :         1.00000

 Compound: 2 Conformer: 1 (3-octanone_c0)
 Chemical potential of the molecule in the mixture :         7.49355 kcal/mol
 Log10(partial pressure [mbar])                    :         4.35481
 Free energy of molecule in mix (E_COSMO+dE+Mu)    :   -244669.66777 kcal/mol
 Total mean interaction energy in the mix          :        -7.72221 kcal/mol
 Misfit interaction energy in the mix              :         3.29841 kcal/mol
 H-Bond interaction energy in the mix              :        -2.00160 kcal/mol
 VdW interaction energy in the mix                 :       -22.56826 kcal/mol
 Gas liquid transition energy in the mix (H_glt)   :        13.54923 kcal/mol
 Normalized weight factor of molecule in compound  :         0.34196
 Normalized weight factor of molecule in gas phase :         0.27623

 Compound: 2 Conformer: 2 (3-octanone_c1)
 Chemical potential of the molecule in the mixture :         7.38128 kcal/mol
 Log10(partial pressure [mbar])                    :         4.15165
 Free energy of molecule in mix (E_COSMO+dE+Mu)    :   -244669.58820 kcal/mol
 Total mean interaction energy in the mix          :        -7.95926 kcal/mol
 Misfit interaction energy in the mix              :         3.23500 kcal/mol
 H-Bond interaction energy in the mix              :        -2.29595 kcal/mol
 VdW interaction energy in the mix                 :       -22.44753 kcal/mol
 Gas liquid transition energy in the mix (H_glt)   :        13.54923 kcal/mol
 Normalized weight factor of molecule in compound  :         0.30091
 Normalized weight factor of molecule in gas phase :         0.15226

 Compound: 2 Conformer: 3 (3-octanone_c2)
 Chemical potential of the molecule in the mixture :         7.78464 kcal/mol
 Log10(partial pressure [mbar])                    :         4.80888
 Free energy of molecule in mix (E_COSMO+dE+Mu)    :   -244669.38830 kcal/mol
 Total mean interaction energy in the mix          :        -7.44274 kcal/mol
 Misfit interaction energy in the mix              :         3.20140 kcal/mol
 H-Bond interaction energy in the mix              :        -1.91548 kcal/mol
 VdW interaction energy in the mix                 :       -22.27789 kcal/mol
 Gas liquid transition energy in the mix (H_glt)   :        13.54923 kcal/mol
 Normalized weight factor of molecule in compound  :         0.21824
 Normalized weight factor of molecule in gas phase :         0.49421

 Compound: 2 Conformer: 4 (3-octanone_c3)
 Chemical potential of the molecule in the mixture :         7.43799 kcal/mol
 Log10(partial pressure [mbar])                    :         4.19441
 Free energy of molecule in mix (E_COSMO+dE+Mu)    :   -244669.10710 kcal/mol
 Total mean interaction energy in the mix          :        -7.83943 kcal/mol
 Misfit interaction energy in the mix              :         3.18967 kcal/mol
 H-Bond interaction energy in the mix              :        -2.32316 kcal/mol
 VdW interaction energy in the mix                 :       -22.25517 kcal/mol
 Gas liquid transition energy in the mix (H_glt)   :        13.54923 kcal/mol
 Normalized weight factor of molecule in compound  :         0.13889
 Normalized weight factor of molecule in gas phase :         0.07729

 Compound: 3 Conformer: 1 (lacticacid_c0)
 Chemical potential of the molecule in the mixture :         6.41132 kcal/mol
 Log10(partial pressure [mbar])                    :        -0.56581
 Free energy of molecule in mix (E_COSMO+dE+Mu)    :   -215742.26882 kcal/mol
 Total mean interaction energy in the mix          :        -7.35489 kcal/mol
 Misfit interaction energy in the mix              :         2.02270 kcal/mol
 H-Bond interaction energy in the mix              :        -4.39624 kcal/mol
 VdW interaction energy in the mix                 :       -13.23319 kcal/mol
 Gas liquid transition energy in the mix (H_glt)   :         8.25184 kcal/mol
 Normalized weight factor of molecule in compound  :         0.04357
 Normalized weight factor of molecule in gas phase :         0.00603

 Compound: 3 Conformer: 2 (lacticacid_c1)
 Chemical potential of the molecule in the mixture :         6.53282 kcal/mol
 Log10(partial pressure [mbar])                    :        -0.09063
 Free energy of molecule in mix (E_COSMO+dE+Mu)    :   -215741.96583 kcal/mol
 Total mean interaction energy in the mix          :        -6.91852 kcal/mol
 Misfit interaction energy in the mix              :         2.13195 kcal/mol
 H-Bond interaction energy in the mix              :        -4.09211 kcal/mol
 VdW interaction energy in the mix                 :       -13.21021 kcal/mol
 Gas liquid transition energy in the mix (H_glt)   :         8.25184 kcal/mol
 Normalized weight factor of molecule in compound  :         0.02678
 Normalized weight factor of molecule in gas phase :         0.01137

 Compound: 3 Conformer: 3 (lacticacid_c2)
 Chemical potential of the molecule in the mixture :         4.69043 kcal/mol
 Log10(partial pressure [mbar])                    :         0.59945
 Free energy of molecule in mix (E_COSMO+dE+Mu)    :   -215742.91603 kcal/mol
 Total mean interaction energy in the mix          :        -8.02107 kcal/mol
 Misfit interaction energy in the mix              :         2.06509 kcal/mol
 H-Bond interaction energy in the mix              :        -5.04266 kcal/mol
 VdW interaction energy in the mix                 :       -13.29535 kcal/mol
 Gas liquid transition energy in the mix (H_glt)   :         8.25184 kcal/mol
 Normalized weight factor of molecule in compound  :         0.12328
 Normalized weight factor of molecule in gas phase :         0.93300

 Compound: 3 Conformer: 4 (lacticacid_c3)
 Chemical potential of the molecule in the mixture :         2.93405 kcal/mol
 Log10(partial pressure [mbar])                    :        -1.66296
 Free energy of molecule in mix (E_COSMO+dE+Mu)    :   -215743.25138 kcal/mol
 Total mean interaction energy in the mix          :       -10.13510 kcal/mol
 Misfit interaction energy in the mix              :         1.98564 kcal/mol
 H-Bond interaction energy in the mix              :        -7.10058 kcal/mol
 VdW interaction energy in the mix                 :       -13.27200 kcal/mol
 Gas liquid transition energy in the mix (H_glt)   :         8.25184 kcal/mol
 Normalized weight factor of molecule in compound  :         0.21132
 Normalized weight factor of molecule in gas phase :         0.02822

 Compound: 3 Conformer: 5 (lacticacid_c4)
 Chemical potential of the molecule in the mixture :         2.42095 kcal/mol
 Log10(partial pressure [mbar])                    :        -3.58180
 Free energy of molecule in mix (E_COSMO+dE+Mu)    :   -215743.67788 kcal/mol
 Total mean interaction energy in the mix          :       -11.08316 kcal/mol
 Misfit interaction energy in the mix              :         1.96454 kcal/mol
 H-Bond interaction energy in the mix              :        -8.00627 kcal/mol
 VdW interaction energy in the mix                 :       -13.29327 kcal/mol
 Gas liquid transition energy in the mix (H_glt)   :         8.25184 kcal/mol
 Normalized weight factor of molecule in compound  :         0.41937
 Normalized weight factor of molecule in gas phase :         0.00067

 Compound: 3 Conformer: 6 (lacticacid_c5)
 Chemical potential of the molecule in the mixture :         2.89906 kcal/mol
 Log10(partial pressure [mbar])                    :        -1.71703
 Free energy of molecule in mix (E_COSMO+dE+Mu)    :   -215743.13640 kcal/mol
 Total mean interaction energy in the mix          :       -10.21025 kcal/mol
 Misfit interaction energy in the mix              :         1.96143 kcal/mol
 H-Bond interaction energy in the mix              :        -7.12993 kcal/mol
 VdW interaction energy in the mix                 :       -13.29360 kcal/mol
 Gas liquid transition energy in the mix (H_glt)   :         8.25184 kcal/mol
 Normalized weight factor of molecule in compound  :         0.17567
 Normalized weight factor of molecule in gas phase :         0.02069




 Results for mixture 18 - LIQ_EX Phase 2 Iteration    8
 ----------------------
 Temperature          :    313.150 K
 Compound Nr.         :         1         2         3
 Compound             :       h2o 3-octanon lacticaci
 Mole Fraction        :    0.0628    0.9351    0.0020

 Compound: 1  (h2o)
 Chemical potential of the compound in the mixture :         5.18810 kcal/mol
 Log10(partial pressure [mbar])                    :         2.72828
 Free energy of molecule in mix (E_COSMO+dE+Mu)    :    -47988.06517 kcal/mol
 Total mean interaction energy in the mix (H_int)  :        -2.70233 kcal/mol
 Misfit interaction energy in the mix (H_MF)       :         1.49789 kcal/mol
 H-Bond interaction energy in the mix (H_HB)       :        -2.54994 kcal/mol
 VdW interaction energy in the mix (H_vdW)         :        -4.58232 kcal/mol
 Gas liquid transition energy in the mix (H_glt)   :         2.93205 kcal/mol
 Equilibrium constant Kx(1,2)                      :        15.83669
 Equilibrium concentration x_k(1,2)                :         0.94061

 Compound: 2  (3-octanone)
 Chemical potential of the compound in the mixture :         1.58903 kcal/mol
 Log10(partial pressure [mbar])                    :         0.78469
 Free energy of molecule in mix (E_COSMO+dE+Mu)    :   -244675.58391 kcal/mol
 Total mean interaction energy in the mix (H_int)  :        -6.26104 kcal/mol
 Misfit interaction energy in the mix (H_MF)       :         3.50732 kcal/mol
 H-Bond interaction energy in the mix (H_HB)       :        -0.14154 kcal/mol
 VdW interaction energy in the mix (H_vdW)         :       -23.26851 kcal/mol
 Gas liquid transition energy in the mix (H_glt)   :        13.54923 kcal/mol
 Equilibrium constant Kx(1,2)                      :  2.17364369E-04
 Equilibrium concentration x_k(1,2)                :         0.00022

 Compound: 3  (lacticacid)
 Chemical potential of the compound in the mixture :         4.48284 kcal/mol
 Log10(partial pressure [mbar])                    :        -0.77370
 Free energy of molecule in mix (E_COSMO+dE+Mu)    :   -215744.19731 kcal/mol
 Total mean interaction energy in the mix (H_int)  :        -4.41367 kcal/mol
 Misfit interaction energy in the mix (H_MF)       :         2.48458 kcal/mol
 H-Bond interaction energy in the mix (H_HB)       :        -2.48319 kcal/mol
 VdW interaction energy in the mix (H_vdW)         :       -13.97873 kcal/mol
 Gas liquid transition energy in the mix (H_glt)   :         8.25184 kcal/mol
 Equilibrium constant Kx(1,2)                      :         1.03490
 Equilibrium concentration x_k(1,2)                :         0.50858



 Compound: 1 Conformer: 1 (h2o_c0)
 Chemical potential of the molecule in the mixture :         5.18810 kcal/mol
 Log10(partial pressure [mbar])                    :         2.72828
 Free energy of molecule in mix (E_COSMO+dE+Mu)    :    -47988.06517 kcal/mol
 Total mean interaction energy in the mix          :        -2.70233 kcal/mol
 Misfit interaction energy in the mix              :         1.49789 kcal/mol
 H-Bond interaction energy in the mix              :        -2.54994 kcal/mol
 VdW interaction energy in the mix                 :        -4.58232 kcal/mol
 Gas liquid transition energy in the mix (H_glt)   :         2.93205 kcal/mol
 Normalized weight factor of molecule in compound  :         1.00000
 Normalized weight factor of molecule in gas phase :         1.00000

 Compound: 2 Conformer: 1 (3-octanone_c0)
 Chemical potential of the molecule in the mixture :         2.14611 kcal/mol
 Log10(partial pressure [mbar])                    :         0.62286
 Free energy of molecule in mix (E_COSMO+dE+Mu)    :   -244675.01521 kcal/mol
 Total mean interaction energy in the mix          :        -6.46665 kcal/mol
 Misfit interaction energy in the mix              :         3.52724 kcal/mol
 H-Bond interaction energy in the mix              :        -0.12626 kcal/mol
 VdW interaction energy in the mix                 :       -23.41687 kcal/mol
 Gas liquid transition energy in the mix (H_glt)   :        13.54923 kcal/mol
 Normalized weight factor of molecule in compound  :         0.40097
 Normalized weight factor of molecule in gas phase :         0.27623

 Compound: 2 Conformer: 2 (3-octanone_c1)
 Chemical potential of the molecule in the mixture :         2.40917 kcal/mol
 Log10(partial pressure [mbar])                    :         0.68164
 Free energy of molecule in mix (E_COSMO+dE+Mu)    :   -244674.56031 kcal/mol
 Total mean interaction energy in the mix          :        -6.33993 kcal/mol
 Misfit interaction energy in the mix              :         3.61645 kcal/mol
 H-Bond interaction energy in the mix              :        -0.20642 kcal/mol
 VdW interaction energy in the mix                 :       -23.29920 kcal/mol
 Gas liquid transition energy in the mix (H_glt)   :        13.54923 kcal/mol
 Normalized weight factor of molecule in compound  :         0.19303
 Normalized weight factor of molecule in gas phase :         0.15226

 Compound: 2 Conformer: 3 (3-octanone_c2)
 Chemical potential of the molecule in the mixture :         2.28137 kcal/mol
 Log10(partial pressure [mbar])                    :         0.96818
 Free energy of molecule in mix (E_COSMO+dE+Mu)    :   -244674.89157 kcal/mol
 Total mean interaction energy in the mix          :        -6.26776 kcal/mol
 Misfit interaction energy in the mix              :         3.39959 kcal/mol
 H-Bond interaction energy in the mix              :        -0.10781 kcal/mol
 VdW interaction energy in the mix                 :       -23.10877 kcal/mol
 Gas liquid transition energy in the mix (H_glt)   :        13.54923 kcal/mol
 Normalized weight factor of molecule in compound  :         0.32871
 Normalized weight factor of molecule in gas phase :         0.49421

 Compound: 2 Conformer: 4 (3-octanone_c3)
 Chemical potential of the molecule in the mixture :         2.55438 kcal/mol
 Log10(partial pressure [mbar])                    :         0.78617
 Free energy of molecule in mix (E_COSMO+dE+Mu)    :   -244673.99070 kcal/mol
 Total mean interaction energy in the mix          :        -6.16501 kcal/mol
 Misfit interaction energy in the mix              :         3.58954 kcal/mol
 H-Bond interaction energy in the mix              :        -0.20219 kcal/mol
 VdW interaction energy in the mix                 :       -23.10159 kcal/mol
 Gas liquid transition energy in the mix (H_glt)   :        13.54923 kcal/mol
 Normalized weight factor of molecule in compound  :         0.07729
 Normalized weight factor of molecule in gas phase :         0.07729

 Compound: 3 Conformer: 1 (lacticacid_c0)
 Chemical potential of the molecule in the mixture :         6.12511 kcal/mol
 Log10(partial pressure [mbar])                    :        -0.76556
 Free energy of molecule in mix (E_COSMO+dE+Mu)    :   -215742.55503 kcal/mol
 Total mean interaction energy in the mix          :        -4.54174 kcal/mol
 Misfit interaction energy in the mix              :         3.06740 kcal/mol
 H-Bond interaction energy in the mix              :        -1.91955 kcal/mol
 VdW interaction energy in the mix                 :       -13.94144 kcal/mol
 Gas liquid transition energy in the mix (H_glt)   :         8.25184 kcal/mol
 Normalized weight factor of molecule in compound  :         0.07143
 Normalized weight factor of molecule in gas phase :         0.00603

 Compound: 3 Conformer: 2 (lacticacid_c1)
 Chemical potential of the molecule in the mixture :         6.47395 kcal/mol
 Log10(partial pressure [mbar])                    :        -0.13171
 Free energy of molecule in mix (E_COSMO+dE+Mu)    :   -215742.02470 kcal/mol
 Total mean interaction energy in the mix          :        -4.27276 kcal/mol
 Misfit interaction energy in the mix              :         3.03573 kcal/mol
 H-Bond interaction energy in the mix              :        -1.64897 kcal/mol
 VdW interaction energy in the mix                 :       -13.91136 kcal/mol
 Gas liquid transition energy in the mix (H_glt)   :         8.25184 kcal/mol
 Normalized weight factor of molecule in compound  :         0.03046
 Normalized weight factor of molecule in gas phase :         0.01137

 Compound: 3 Conformer: 3 (lacticacid_c2)
 Chemical potential of the molecule in the mixture :         3.65941 kcal/mol
 Log10(partial pressure [mbar])                    :        -0.12009
 Free energy of molecule in mix (E_COSMO+dE+Mu)    :   -215743.94705 kcal/mol
 Total mean interaction energy in the mix          :        -5.69713 kcal/mol
 Misfit interaction energy in the mix              :         2.31731 kcal/mol
 H-Bond interaction energy in the mix              :        -2.28153 kcal/mol
 VdW interaction energy in the mix                 :       -13.98475 kcal/mol
 Gas liquid transition energy in the mix (H_glt)   :         8.25184 kcal/mol
 Normalized weight factor of molecule in compound  :         0.66888
 Normalized weight factor of molecule in gas phase :         0.93300

 Compound: 3 Conformer: 4 (lacticacid_c3)
 Chemical potential of the molecule in the mixture :         3.39595 kcal/mol
 Log10(partial pressure [mbar])                    :        -1.34060
 Free energy of molecule in mix (E_COSMO+dE+Mu)    :   -215742.78948 kcal/mol
 Total mean interaction energy in the mix          :        -6.37224 kcal/mol
 Misfit interaction energy in the mix              :         2.63301 kcal/mol
 H-Bond interaction energy in the mix              :        -3.29184 kcal/mol
 VdW interaction energy in the mix                 :       -13.96526 kcal/mol
 Gas liquid transition energy in the mix (H_glt)   :         8.25184 kcal/mol
 Normalized weight factor of molecule in compound  :         0.10411
 Normalized weight factor of molecule in gas phase :         0.02822

 Compound: 3 Conformer: 5 (lacticacid_c4)
 Chemical potential of the molecule in the mixture :         3.91461 kcal/mol
 Log10(partial pressure [mbar])                    :        -2.53938
 Free energy of molecule in mix (E_COSMO+dE+Mu)    :   -215742.18422 kcal/mol
 Total mean interaction energy in the mix          :        -6.26132 kcal/mol
 Misfit interaction energy in the mix              :         3.16176 kcal/mol
 H-Bond interaction energy in the mix              :        -3.66788 kcal/mol
 VdW interaction energy in the mix                 :       -14.00704 kcal/mol
 Gas liquid transition energy in the mix (H_glt)   :         8.25184 kcal/mol
 Normalized weight factor of molecule in compound  :         0.03936
 Normalized weight factor of molecule in gas phase :         0.00067

 Compound: 3 Conformer: 6 (lacticacid_c5)
 Chemical potential of the molecule in the mixture :         3.36664 kcal/mol
 Log10(partial pressure [mbar])                    :        -1.39071
 Free energy of molecule in mix (E_COSMO+dE+Mu)    :   -215742.66882 kcal/mol
 Total mean interaction energy in the mix          :        -6.41754 kcal/mol
 Misfit interaction energy in the mix              :         2.61704 kcal/mol
 H-Bond interaction energy in the mix              :        -3.29629 kcal/mol
 VdW interaction energy in the mix                 :       -13.99013 kcal/mol
 Gas liquid transition energy in the mix (H_glt)   :         8.25184 kcal/mol
 Normalized weight factor of molecule in compound  :         0.08576
 Normalized weight factor of molecule in gas phase :         0.02069




 Results for mixture 19 - LIQ_EX Phase 1 Iteration    9
 ----------------------
 Temperature          :    313.150 K
 Compound Nr.         :         1         2         3
 Compound             :       h2o 3-octanon lacticaci
 Mole Fraction        :    0.9977    0.0002    0.0021

 Compound: 1  (h2o)
 Chemical potential of the compound in the mixture :         3.46912 kcal/mol
 Log10(partial pressure [mbar])                    :         1.52862
 Free energy of molecule in mix (E_COSMO+dE+Mu)    :    -47989.78415 kcal/mol
 Total mean interaction energy in the mix (H_int)  :        -5.54493 kcal/mol
 Misfit interaction energy in the mix (H_MF)       :         0.59151 kcal/mol
 H-Bond interaction energy in the mix (H_HB)       :        -4.72873 kcal/mol
 VdW interaction energy in the mix (H_vdW)         :        -4.33976 kcal/mol
 Gas liquid transition energy in the mix (H_glt)   :         2.93205 kcal/mol

 Compound: 2  (3-octanone)
 Chemical potential of the compound in the mixture :         6.83744 kcal/mol
 Log10(partial pressure [mbar])                    :         4.44752
 Free energy of molecule in mix (E_COSMO+dE+Mu)    :   -244670.33550 kcal/mol
 Total mean interaction energy in the mix (H_int)  :        -7.59644 kcal/mol
 Misfit interaction energy in the mix (H_MF)       :         3.24304 kcal/mol
 H-Bond interaction energy in the mix (H_HB)       :        -2.11604 kcal/mol
 VdW interaction energy in the mix (H_vdW)         :       -22.42507 kcal/mol
 Gas liquid transition energy in the mix (H_glt)   :        13.54923 kcal/mol

 Compound: 3  (lacticacid)
 Chemical potential of the compound in the mixture :         4.46150 kcal/mol
 Log10(partial pressure [mbar])                    :        -0.78860
 Free energy of molecule in mix (E_COSMO+dE+Mu)    :   -215744.21865 kcal/mol
 Total mean interaction energy in the mix (H_int)  :        -7.86646 kcal/mol
 Misfit interaction energy in the mix (H_MF)       :         1.98786 kcal/mol
 H-Bond interaction energy in the mix (H_HB)       :        -7.03346 kcal/mol
 VdW interaction energy in the mix (H_vdW)         :       -13.28424 kcal/mol
 Gas liquid transition energy in the mix (H_glt)   :         8.25184 kcal/mol



 Compound: 1 Conformer: 1 (h2o_c0)
 Chemical potential of the molecule in the mixture :         3.46912 kcal/mol
 Log10(partial pressure [mbar])                    :         1.52862
 Free energy of molecule in mix (E_COSMO+dE+Mu)    :    -47989.78415 kcal/mol
 Total mean interaction energy in the mix          :        -5.54493 kcal/mol
 Misfit interaction energy in the mix              :         0.59151 kcal/mol
 H-Bond interaction energy in the mix              :        -4.72873 kcal/mol
 VdW interaction energy in the mix                 :        -4.33976 kcal/mol
 Gas liquid transition energy in the mix (H_glt)   :         2.93205 kcal/mol
 Normalized weight factor of molecule in compound  :         1.00000
 Normalized weight factor of molecule in gas phase :         1.00000

 Compound: 2 Conformer: 1 (3-octanone_c0)
 Chemical potential of the molecule in the mixture :         7.49359 kcal/mol
 Log10(partial pressure [mbar])                    :         4.35483
 Free energy of molecule in mix (E_COSMO+dE+Mu)    :   -244669.66773 kcal/mol
 Total mean interaction energy in the mix          :        -7.72221 kcal/mol
 Misfit interaction energy in the mix              :         3.29840 kcal/mol
 H-Bond interaction energy in the mix              :        -2.00160 kcal/mol
 VdW interaction energy in the mix                 :       -22.56825 kcal/mol
 Gas liquid transition energy in the mix (H_glt)   :        13.54923 kcal/mol
 Normalized weight factor of molecule in compound  :         0.34196
 Normalized weight factor of molecule in gas phase :         0.27623

 Compound: 2 Conformer: 2 (3-octanone_c1)
 Chemical potential of the molecule in the mixture :         7.38132 kcal/mol
 Log10(partial pressure [mbar])                    :         4.15167
 Free energy of molecule in mix (E_COSMO+dE+Mu)    :   -244669.58817 kcal/mol
 Total mean interaction energy in the mix          :        -7.95926 kcal/mol
 Misfit interaction energy in the mix              :         3.23499 kcal/mol
 H-Bond interaction energy in the mix              :        -2.29595 kcal/mol
 VdW interaction energy in the mix                 :       -22.44752 kcal/mol
 Gas liquid transition energy in the mix (H_glt)   :        13.54923 kcal/mol
 Normalized weight factor of molecule in compound  :         0.30091
 Normalized weight factor of molecule in gas phase :         0.15226

 Compound: 2 Conformer: 3 (3-octanone_c2)
 Chemical potential of the molecule in the mixture :         7.78467 kcal/mol
 Log10(partial pressure [mbar])                    :         4.80890
 Free energy of molecule in mix (E_COSMO+dE+Mu)    :   -244669.38827 kcal/mol
 Total mean interaction energy in the mix          :        -7.44275 kcal/mol
 Misfit interaction energy in the mix              :         3.20139 kcal/mol
 H-Bond interaction energy in the mix              :        -1.91548 kcal/mol
 VdW interaction energy in the mix                 :       -22.27788 kcal/mol
 Gas liquid transition energy in the mix (H_glt)   :        13.54923 kcal/mol
 Normalized weight factor of molecule in compound  :         0.21824
 Normalized weight factor of molecule in gas phase :         0.49421

 Compound: 2 Conformer: 4 (3-octanone_c3)
 Chemical potential of the molecule in the mixture :         7.43802 kcal/mol
 Log10(partial pressure [mbar])                    :         4.19444
 Free energy of molecule in mix (E_COSMO+dE+Mu)    :   -244669.10706 kcal/mol
 Total mean interaction energy in the mix          :        -7.83943 kcal/mol
 Misfit interaction energy in the mix              :         3.18966 kcal/mol
 H-Bond interaction energy in the mix              :        -2.32316 kcal/mol
 VdW interaction energy in the mix                 :       -22.25517 kcal/mol
 Gas liquid transition energy in the mix (H_glt)   :        13.54923 kcal/mol
 Normalized weight factor of molecule in compound  :         0.13889
 Normalized weight factor of molecule in gas phase :         0.07729

 Compound: 3 Conformer: 1 (lacticacid_c0)
 Chemical potential of the molecule in the mixture :         6.41133 kcal/mol
 Log10(partial pressure [mbar])                    :        -0.56580
 Free energy of molecule in mix (E_COSMO+dE+Mu)    :   -215742.26881 kcal/mol
 Total mean interaction energy in the mix          :        -7.35489 kcal/mol
 Misfit interaction energy in the mix              :         2.02270 kcal/mol
 H-Bond interaction energy in the mix              :        -4.39624 kcal/mol
 VdW interaction energy in the mix                 :       -13.23319 kcal/mol
 Gas liquid transition energy in the mix (H_glt)   :         8.25184 kcal/mol
 Normalized weight factor of molecule in compound  :         0.04357
 Normalized weight factor of molecule in gas phase :         0.00603

 Compound: 3 Conformer: 2 (lacticacid_c1)
 Chemical potential of the molecule in the mixture :         6.53282 kcal/mol
 Log10(partial pressure [mbar])                    :        -0.09063
 Free energy of molecule in mix (E_COSMO+dE+Mu)    :   -215741.96582 kcal/mol
 Total mean interaction energy in the mix          :        -6.91853 kcal/mol
 Misfit interaction energy in the mix              :         2.13195 kcal/mol
 H-Bond interaction energy in the mix              :        -4.09211 kcal/mol
 VdW interaction energy in the mix                 :       -13.21020 kcal/mol
 Gas liquid transition energy in the mix (H_glt)   :         8.25184 kcal/mol
 Normalized weight factor of molecule in compound  :         0.02678
 Normalized weight factor of molecule in gas phase :         0.01137

 Compound: 3 Conformer: 3 (lacticacid_c2)
 Chemical potential of the molecule in the mixture :         4.69044 kcal/mol
 Log10(partial pressure [mbar])                    :         0.59946
 Free energy of molecule in mix (E_COSMO+dE+Mu)    :   -215742.91602 kcal/mol
 Total mean interaction energy in the mix          :        -8.02107 kcal/mol
 Misfit interaction energy in the mix              :         2.06509 kcal/mol
 H-Bond interaction energy in the mix              :        -5.04266 kcal/mol
 VdW interaction energy in the mix                 :       -13.29534 kcal/mol
 Gas liquid transition energy in the mix (H_glt)   :         8.25184 kcal/mol
 Normalized weight factor of molecule in compound  :         0.12328
 Normalized weight factor of molecule in gas phase :         0.93300

 Compound: 3 Conformer: 4 (lacticacid_c3)
 Chemical potential of the molecule in the mixture :         2.93406 kcal/mol
 Log10(partial pressure [mbar])                    :        -1.66296
 Free energy of molecule in mix (E_COSMO+dE+Mu)    :   -215743.25137 kcal/mol
 Total mean interaction energy in the mix          :       -10.13510 kcal/mol
 Misfit interaction energy in the mix              :         1.98564 kcal/mol
 H-Bond interaction energy in the mix              :        -7.10059 kcal/mol
 VdW interaction energy in the mix                 :       -13.27199 kcal/mol
 Gas liquid transition energy in the mix (H_glt)   :         8.25184 kcal/mol
 Normalized weight factor of molecule in compound  :         0.21132
 Normalized weight factor of molecule in gas phase :         0.02822

 Compound: 3 Conformer: 5 (lacticacid_c4)
 Chemical potential of the molecule in the mixture :         2.42096 kcal/mol
 Log10(partial pressure [mbar])                    :        -3.58179
 Free energy of molecule in mix (E_COSMO+dE+Mu)    :   -215743.67787 kcal/mol
 Total mean interaction energy in the mix          :       -11.08317 kcal/mol
 Misfit interaction energy in the mix              :         1.96454 kcal/mol
 H-Bond interaction energy in the mix              :        -8.00628 kcal/mol
 VdW interaction energy in the mix                 :       -13.29327 kcal/mol
 Gas liquid transition energy in the mix (H_glt)   :         8.25184 kcal/mol
 Normalized weight factor of molecule in compound  :         0.41937
 Normalized weight factor of molecule in gas phase :         0.00067

 Compound: 3 Conformer: 6 (lacticacid_c5)
 Chemical potential of the molecule in the mixture :         2.89907 kcal/mol
 Log10(partial pressure [mbar])                    :        -1.71703
 Free energy of molecule in mix (E_COSMO+dE+Mu)    :   -215743.13640 kcal/mol
 Total mean interaction energy in the mix          :       -10.21026 kcal/mol
 Misfit interaction energy in the mix              :         1.96143 kcal/mol
 H-Bond interaction energy in the mix              :        -7.12994 kcal/mol
 VdW interaction energy in the mix                 :       -13.29359 kcal/mol
 Gas liquid transition energy in the mix (H_glt)   :         8.25184 kcal/mol
 Normalized weight factor of molecule in compound  :         0.17567
 Normalized weight factor of molecule in gas phase :         0.02069




 Results for mixture 20 - LIQ_EX Phase 2 Iteration    9
 ----------------------
 Temperature          :    313.150 K
 Compound Nr.         :         1         2         3
 Compound             :       h2o 3-octanon lacticaci
 Mole Fraction        :    0.0630    0.9350    0.0020

 Compound: 1  (h2o)
 Chemical potential of the compound in the mixture :         5.18748 kcal/mol
 Log10(partial pressure [mbar])                    :         2.72785
 Free energy of molecule in mix (E_COSMO+dE+Mu)    :    -47988.06579 kcal/mol
 Total mean interaction energy in the mix (H_int)  :        -2.70339 kcal/mol
 Misfit interaction energy in the mix (H_MF)       :         1.49737 kcal/mol
 H-Bond interaction energy in the mix (H_HB)       :        -2.55051 kcal/mol
 VdW interaction energy in the mix (H_vdW)         :        -4.58229 kcal/mol
 Gas liquid transition energy in the mix (H_glt)   :         2.93205 kcal/mol
 Equilibrium constant Kx(1,2)                      :        15.82087
 Equilibrium concentration x_k(1,2)                :         0.94055

 Compound: 2  (3-octanone)
 Chemical potential of the compound in the mixture :         1.58907 kcal/mol
 Log10(partial pressure [mbar])                    :         0.78472
 Free energy of molecule in mix (E_COSMO+dE+Mu)    :   -244675.58387 kcal/mol
 Total mean interaction energy in the mix (H_int)  :        -6.26130 kcal/mol
 Misfit interaction energy in the mix (H_MF)       :         3.50733 kcal/mol
 H-Bond interaction energy in the mix (H_HB)       :        -0.14185 kcal/mol
 VdW interaction energy in the mix (H_vdW)         :       -23.26848 kcal/mol
 Gas liquid transition energy in the mix (H_glt)   :        13.54923 kcal/mol
 Equilibrium constant Kx(1,2)                      :  2.17367081E-04
 Equilibrium concentration x_k(1,2)                :         0.00022

 Compound: 3  (lacticacid)
 Chemical potential of the compound in the mixture :         4.48234 kcal/mol
 Log10(partial pressure [mbar])                    :        -0.77405
 Free energy of molecule in mix (E_COSMO+dE+Mu)    :   -215744.19780 kcal/mol
 Total mean interaction energy in the mix (H_int)  :        -4.41437 kcal/mol
 Misfit interaction energy in the mix (H_MF)       :         2.48428 kcal/mol
 H-Bond interaction energy in the mix (H_HB)       :        -2.48379 kcal/mol
 VdW interaction energy in the mix (H_vdW)         :       -13.97868 kcal/mol
 Gas liquid transition energy in the mix (H_glt)   :         8.25184 kcal/mol
 Equilibrium constant Kx(1,2)                      :         1.03407
 Equilibrium concentration x_k(1,2)                :         0.50837



 Compound: 1 Conformer: 1 (h2o_c0)
 Chemical potential of the molecule in the mixture :         5.18748 kcal/mol
 Log10(partial pressure [mbar])                    :         2.72785
 Free energy of molecule in mix (E_COSMO+dE+Mu)    :    -47988.06579 kcal/mol
 Total mean interaction energy in the mix          :        -2.70339 kcal/mol
 Misfit interaction energy in the mix              :         1.49737 kcal/mol
 H-Bond interaction energy in the mix              :        -2.55051 kcal/mol
 VdW interaction energy in the mix                 :        -4.58229 kcal/mol
 Gas liquid transition energy in the mix (H_glt)   :         2.93205 kcal/mol
 Normalized weight factor of molecule in compound  :         1.00000
 Normalized weight factor of molecule in gas phase :         1.00000

 Compound: 2 Conformer: 1 (3-octanone_c0)
 Chemical potential of the molecule in the mixture :         2.14616 kcal/mol
 Log10(partial pressure [mbar])                    :         0.62289
 Free energy of molecule in mix (E_COSMO+dE+Mu)    :   -244675.01516 kcal/mol
 Total mean interaction energy in the mix          :        -6.46689 kcal/mol
 Misfit interaction energy in the mix              :         3.52725 kcal/mol
 H-Bond interaction energy in the mix              :        -0.12654 kcal/mol
 VdW interaction energy in the mix                 :       -23.41684 kcal/mol
 Gas liquid transition energy in the mix (H_glt)   :        13.54923 kcal/mol
 Normalized weight factor of molecule in compound  :         0.40096
 Normalized weight factor of molecule in gas phase :         0.27623

 Compound: 2 Conformer: 2 (3-octanone_c1)
 Chemical potential of the molecule in the mixture :         2.40917 kcal/mol
 Log10(partial pressure [mbar])                    :         0.68164
 Free energy of molecule in mix (E_COSMO+dE+Mu)    :   -244674.56031 kcal/mol
 Total mean interaction energy in the mix          :        -6.34034 kcal/mol
 Misfit interaction energy in the mix              :         3.61644 kcal/mol
 H-Bond interaction energy in the mix              :        -0.20686 kcal/mol
 VdW interaction energy in the mix                 :       -23.29916 kcal/mol
 Gas liquid transition energy in the mix (H_glt)   :        13.54923 kcal/mol
 Normalized weight factor of molecule in compound  :         0.19305
 Normalized weight factor of molecule in gas phase :         0.15226

 Compound: 2 Conformer: 3 (3-octanone_c2)
 Chemical potential of the molecule in the mixture :         2.28144 kcal/mol
 Log10(partial pressure [mbar])                    :         0.96823
 Free energy of molecule in mix (E_COSMO+dE+Mu)    :   -244674.89150 kcal/mol
 Total mean interaction energy in the mix          :        -6.26794 kcal/mol
 Misfit interaction energy in the mix              :         3.39961 kcal/mol
 H-Bond interaction energy in the mix              :        -0.10805 kcal/mol
 VdW interaction energy in the mix                 :       -23.10873 kcal/mol
 Gas liquid transition energy in the mix (H_glt)   :        13.54923 kcal/mol
 Normalized weight factor of molecule in compound  :         0.32870
 Normalized weight factor of molecule in gas phase :         0.49421

 Compound: 2 Conformer: 4 (3-octanone_c3)
 Chemical potential of the molecule in the mixture :         2.55439 kcal/mol
 Log10(partial pressure [mbar])                    :         0.78617
 Free energy of molecule in mix (E_COSMO+dE+Mu)    :   -244673.99070 kcal/mol
 Total mean interaction energy in the mix          :        -6.16541 kcal/mol
 Misfit interaction energy in the mix              :         3.58953 kcal/mol
 H-Bond interaction energy in the mix              :        -0.20262 kcal/mol
 VdW interaction energy in the mix                 :       -23.10155 kcal/mol
 Gas liquid transition energy in the mix (H_glt)   :        13.54923 kcal/mol
 Normalized weight factor of molecule in compound  :         0.07729
 Normalized weight factor of molecule in gas phase :         0.07729

 Compound: 3 Conformer: 1 (lacticacid_c0)
 Chemical potential of the molecule in the mixture :         6.12466 kcal/mol
 Log10(partial pressure [mbar])                    :        -0.76587
 Free energy of molecule in mix (E_COSMO+dE+Mu)    :   -215742.55548 kcal/mol
 Total mean interaction energy in the mix          :        -4.54241 kcal/mol
 Misfit interaction energy in the mix              :         3.06701 kcal/mol
 H-Bond interaction energy in the mix              :        -1.91986 kcal/mol
 VdW interaction energy in the mix                 :       -13.94139 kcal/mol
 Gas liquid transition energy in the mix (H_glt)   :         8.25184 kcal/mol
 Normalized weight factor of molecule in compound  :         0.07142
 Normalized weight factor of molecule in gas phase :         0.00603

 Compound: 3 Conformer: 2 (lacticacid_c1)
 Chemical potential of the molecule in the mixture :         6.47341 kcal/mol
 Log10(partial pressure [mbar])                    :        -0.13209
 Free energy of molecule in mix (E_COSMO+dE+Mu)    :   -215742.02524 kcal/mol
 Total mean interaction energy in the mix          :        -4.27348 kcal/mol
 Misfit interaction energy in the mix              :         3.03540 kcal/mol
 H-Bond interaction energy in the mix              :        -1.64942 kcal/mol
 VdW interaction energy in the mix                 :       -13.91130 kcal/mol
 Gas liquid transition energy in the mix (H_glt)   :         8.25184 kcal/mol
 Normalized weight factor of molecule in compound  :         0.03046
 Normalized weight factor of molecule in gas phase :         0.01137

 Compound: 3 Conformer: 3 (lacticacid_c2)
 Chemical potential of the molecule in the mixture :         3.65900 kcal/mol
 Log10(partial pressure [mbar])                    :        -0.12038
 Free energy of molecule in mix (E_COSMO+dE+Mu)    :   -215743.94746 kcal/mol
 Total mean interaction energy in the mix          :        -5.69781 kcal/mol
 Misfit interaction energy in the mix              :         2.31701 kcal/mol
 H-Bond interaction energy in the mix              :        -2.28197 kcal/mol
 VdW interaction energy in the mix                 :       -13.98470 kcal/mol
 Gas liquid transition energy in the mix (H_glt)   :         8.25184 kcal/mol
 Normalized weight factor of molecule in compound  :         0.66879
 Normalized weight factor of molecule in gas phase :         0.93300

 Compound: 3 Conformer: 4 (lacticacid_c3)
 Chemical potential of the molecule in the mixture :         3.39524 kcal/mol
 Log10(partial pressure [mbar])                    :        -1.34110
 Free energy of molecule in mix (E_COSMO+dE+Mu)    :   -215742.79019 kcal/mol
 Total mean interaction energy in the mix          :        -6.37329 kcal/mol
 Misfit interaction energy in the mix              :         2.63260 kcal/mol
 H-Bond interaction energy in the mix              :        -3.29254 kcal/mol
 VdW interaction energy in the mix                 :       -13.96519 kcal/mol
 Gas liquid transition energy in the mix (H_glt)   :         8.25184 kcal/mol
 Normalized weight factor of molecule in compound  :         0.10414
 Normalized weight factor of molecule in gas phase :         0.02822

 Compound: 3 Conformer: 5 (lacticacid_c4)
 Chemical potential of the molecule in the mixture :         3.91365 kcal/mol
 Log10(partial pressure [mbar])                    :        -2.54005
 Free energy of molecule in mix (E_COSMO+dE+Mu)    :   -215742.18518 kcal/mol
 Total mean interaction energy in the mix          :        -6.26282 kcal/mol
 Misfit interaction energy in the mix              :         3.16108 kcal/mol
 H-Bond interaction energy in the mix              :        -3.66877 kcal/mol
 VdW interaction energy in the mix                 :       -14.00697 kcal/mol
 Gas liquid transition energy in the mix (H_glt)   :         8.25184 kcal/mol
 Normalized weight factor of molecule in compound  :         0.03939
 Normalized weight factor of molecule in gas phase :         0.00067

 Compound: 3 Conformer: 6 (lacticacid_c5)
 Chemical potential of the molecule in the mixture :         3.36593 kcal/mol
 Log10(partial pressure [mbar])                    :        -1.39121
 Free energy of molecule in mix (E_COSMO+dE+Mu)    :   -215742.66954 kcal/mol
 Total mean interaction energy in the mix          :        -6.41859 kcal/mol
 Misfit interaction energy in the mix              :         2.61661 kcal/mol
 H-Bond interaction energy in the mix              :        -3.29698 kcal/mol
 VdW interaction energy in the mix                 :       -13.99007 kcal/mol
 Gas liquid transition energy in the mix (H_glt)   :         8.25184 kcal/mol
 Normalized weight factor of molecule in compound  :         0.08579
 Normalized weight factor of molecule in gas phase :         0.02069




 Results for mixture 21 - LIQ_EX Phase 1 Iteration   10
 ----------------------
 Temperature          :    313.150 K
 Compound Nr.         :         1         2         3
 Compound             :       h2o 3-octanon lacticaci
 Mole Fraction        :    0.9977    0.0002    0.0021

 Compound: 1  (h2o)
 Chemical potential of the compound in the mixture :         3.46912 kcal/mol
 Log10(partial pressure [mbar])                    :         1.52862
 Free energy of molecule in mix (E_COSMO+dE+Mu)    :    -47989.78415 kcal/mol
 Total mean interaction energy in the mix (H_int)  :        -5.54493 kcal/mol
 Misfit interaction energy in the mix (H_MF)       :         0.59151 kcal/mol
 H-Bond interaction energy in the mix (H_HB)       :        -4.72873 kcal/mol
 VdW interaction energy in the mix (H_vdW)         :        -4.33976 kcal/mol
 Gas liquid transition energy in the mix (H_glt)   :         2.93205 kcal/mol

 Compound: 2  (3-octanone)
 Chemical potential of the compound in the mixture :         6.83746 kcal/mol
 Log10(partial pressure [mbar])                    :         4.44753
 Free energy of molecule in mix (E_COSMO+dE+Mu)    :   -244670.33548 kcal/mol
 Total mean interaction energy in the mix (H_int)  :        -7.59644 kcal/mol
 Misfit interaction energy in the mix (H_MF)       :         3.24304 kcal/mol
 H-Bond interaction energy in the mix (H_HB)       :        -2.11604 kcal/mol
 VdW interaction energy in the mix (H_vdW)         :       -22.42506 kcal/mol
 Gas liquid transition energy in the mix (H_glt)   :        13.54923 kcal/mol

 Compound: 3  (lacticacid)
 Chemical potential of the compound in the mixture :         4.46150 kcal/mol
 Log10(partial pressure [mbar])                    :        -0.78859
 Free energy of molecule in mix (E_COSMO+dE+Mu)    :   -215744.21864 kcal/mol
 Total mean interaction energy in the mix (H_int)  :        -7.86646 kcal/mol
 Misfit interaction energy in the mix (H_MF)       :         1.98786 kcal/mol
 H-Bond interaction energy in the mix (H_HB)       :        -7.03346 kcal/mol
 VdW interaction energy in the mix (H_vdW)         :       -13.28424 kcal/mol
 Gas liquid transition energy in the mix (H_glt)   :         8.25184 kcal/mol



 Compound: 1 Conformer: 1 (h2o_c0)
 Chemical potential of the molecule in the mixture :         3.46912 kcal/mol
 Log10(partial pressure [mbar])                    :         1.52862
 Free energy of molecule in mix (E_COSMO+dE+Mu)    :    -47989.78415 kcal/mol
 Total mean interaction energy in the mix          :        -5.54493 kcal/mol
 Misfit interaction energy in the mix              :         0.59151 kcal/mol
 H-Bond interaction energy in the mix              :        -4.72873 kcal/mol
 VdW interaction energy in the mix                 :        -4.33976 kcal/mol
 Gas liquid transition energy in the mix (H_glt)   :         2.93205 kcal/mol
 Normalized weight factor of molecule in compound  :         1.00000
 Normalized weight factor of molecule in gas phase :         1.00000

 Compound: 2 Conformer: 1 (3-octanone_c0)
 Chemical potential of the molecule in the mixture :         7.49361 kcal/mol
 Log10(partial pressure [mbar])                    :         4.35484
 Free energy of molecule in mix (E_COSMO+dE+Mu)    :   -244669.66772 kcal/mol
 Total mean interaction energy in the mix          :        -7.72222 kcal/mol
 Misfit interaction energy in the mix              :         3.29839 kcal/mol
 H-Bond interaction energy in the mix              :        -2.00160 kcal/mol
 VdW interaction energy in the mix                 :       -22.56824 kcal/mol
 Gas liquid transition energy in the mix (H_glt)   :        13.54923 kcal/mol
 Normalized weight factor of molecule in compound  :         0.34196
 Normalized weight factor of molecule in gas phase :         0.27623

 Compound: 2 Conformer: 2 (3-octanone_c1)
 Chemical potential of the molecule in the mixture :         7.38133 kcal/mol
 Log10(partial pressure [mbar])                    :         4.15168
 Free energy of molecule in mix (E_COSMO+dE+Mu)    :   -244669.58815 kcal/mol
 Total mean interaction energy in the mix          :        -7.95927 kcal/mol
 Misfit interaction energy in the mix              :         3.23498 kcal/mol
 H-Bond interaction energy in the mix              :        -2.29596 kcal/mol
 VdW interaction energy in the mix                 :       -22.44752 kcal/mol
 Gas liquid transition energy in the mix (H_glt)   :        13.54923 kcal/mol
 Normalized weight factor of molecule in compound  :         0.30091
 Normalized weight factor of molecule in gas phase :         0.15226

 Compound: 2 Conformer: 3 (3-octanone_c2)
 Chemical potential of the molecule in the mixture :         7.78469 kcal/mol
 Log10(partial pressure [mbar])                    :         4.80891
 Free energy of molecule in mix (E_COSMO+dE+Mu)    :   -244669.38825 kcal/mol
 Total mean interaction energy in the mix          :        -7.44275 kcal/mol
 Misfit interaction energy in the mix              :         3.20138 kcal/mol
 H-Bond interaction energy in the mix              :        -1.91548 kcal/mol
 VdW interaction energy in the mix                 :       -22.27788 kcal/mol
 Gas liquid transition energy in the mix (H_glt)   :        13.54923 kcal/mol
 Normalized weight factor of molecule in compound  :         0.21824
 Normalized weight factor of molecule in gas phase :         0.49421

 Compound: 2 Conformer: 4 (3-octanone_c3)
 Chemical potential of the molecule in the mixture :         7.43804 kcal/mol
 Log10(partial pressure [mbar])                    :         4.19445
 Free energy of molecule in mix (E_COSMO+dE+Mu)    :   -244669.10704 kcal/mol
 Total mean interaction energy in the mix          :        -7.83944 kcal/mol
 Misfit interaction energy in the mix              :         3.18965 kcal/mol
 H-Bond interaction energy in the mix              :        -2.32316 kcal/mol
 VdW interaction energy in the mix                 :       -22.25516 kcal/mol
 Gas liquid transition energy in the mix (H_glt)   :        13.54923 kcal/mol
 Normalized weight factor of molecule in compound  :         0.13889
 Normalized weight factor of molecule in gas phase :         0.07729

 Compound: 3 Conformer: 1 (lacticacid_c0)
 Chemical potential of the molecule in the mixture :         6.41133 kcal/mol
 Log10(partial pressure [mbar])                    :        -0.56580
 Free energy of molecule in mix (E_COSMO+dE+Mu)    :   -215742.26881 kcal/mol
 Total mean interaction energy in the mix          :        -7.35489 kcal/mol
 Misfit interaction energy in the mix              :         2.02269 kcal/mol
 H-Bond interaction energy in the mix              :        -4.39624 kcal/mol
 VdW interaction energy in the mix                 :       -13.23318 kcal/mol
 Gas liquid transition energy in the mix (H_glt)   :         8.25184 kcal/mol
 Normalized weight factor of molecule in compound  :         0.04357
 Normalized weight factor of molecule in gas phase :         0.00603

 Compound: 3 Conformer: 2 (lacticacid_c1)
 Chemical potential of the molecule in the mixture :         6.53283 kcal/mol
 Log10(partial pressure [mbar])                    :        -0.09062
 Free energy of molecule in mix (E_COSMO+dE+Mu)    :   -215741.96582 kcal/mol
 Total mean interaction energy in the mix          :        -6.91853 kcal/mol
 Misfit interaction energy in the mix              :         2.13194 kcal/mol
 H-Bond interaction energy in the mix              :        -4.09212 kcal/mol
 VdW interaction energy in the mix                 :       -13.21020 kcal/mol
 Gas liquid transition energy in the mix (H_glt)   :         8.25184 kcal/mol
 Normalized weight factor of molecule in compound  :         0.02678
 Normalized weight factor of molecule in gas phase :         0.01137

 Compound: 3 Conformer: 3 (lacticacid_c2)
 Chemical potential of the molecule in the mixture :         4.69045 kcal/mol
 Log10(partial pressure [mbar])                    :         0.59946
 Free energy of molecule in mix (E_COSMO+dE+Mu)    :   -215742.91602 kcal/mol
 Total mean interaction energy in the mix          :        -8.02107 kcal/mol
 Misfit interaction energy in the mix              :         2.06508 kcal/mol
 H-Bond interaction energy in the mix              :        -5.04266 kcal/mol
 VdW interaction energy in the mix                 :       -13.29534 kcal/mol
 Gas liquid transition energy in the mix (H_glt)   :         8.25184 kcal/mol
 Normalized weight factor of molecule in compound  :         0.12328
 Normalized weight factor of molecule in gas phase :         0.93300

 Compound: 3 Conformer: 4 (lacticacid_c3)
 Chemical potential of the molecule in the mixture :         2.93406 kcal/mol
 Log10(partial pressure [mbar])                    :        -1.66295
 Free energy of molecule in mix (E_COSMO+dE+Mu)    :   -215743.25137 kcal/mol
 Total mean interaction energy in the mix          :       -10.13511 kcal/mol
 Misfit interaction energy in the mix              :         1.98563 kcal/mol
 H-Bond interaction energy in the mix              :        -7.10059 kcal/mol
 VdW interaction energy in the mix                 :       -13.27199 kcal/mol
 Gas liquid transition energy in the mix (H_glt)   :         8.25184 kcal/mol
 Normalized weight factor of molecule in compound  :         0.21132
 Normalized weight factor of molecule in gas phase :         0.02822

 Compound: 3 Conformer: 5 (lacticacid_c4)
 Chemical potential of the molecule in the mixture :         2.42096 kcal/mol
 Log10(partial pressure [mbar])                    :        -3.58179
 Free energy of molecule in mix (E_COSMO+dE+Mu)    :   -215743.67787 kcal/mol
 Total mean interaction energy in the mix          :       -11.08317 kcal/mol
 Misfit interaction energy in the mix              :         1.96454 kcal/mol
 H-Bond interaction energy in the mix              :        -8.00628 kcal/mol
 VdW interaction energy in the mix                 :       -13.29326 kcal/mol
 Gas liquid transition energy in the mix (H_glt)   :         8.25184 kcal/mol
 Normalized weight factor of molecule in compound  :         0.41937
 Normalized weight factor of molecule in gas phase :         0.00067

 Compound: 3 Conformer: 6 (lacticacid_c5)
 Chemical potential of the molecule in the mixture :         2.89907 kcal/mol
 Log10(partial pressure [mbar])                    :        -1.71702
 Free energy of molecule in mix (E_COSMO+dE+Mu)    :   -215743.13639 kcal/mol
 Total mean interaction energy in the mix          :       -10.21027 kcal/mol
 Misfit interaction energy in the mix              :         1.96142 kcal/mol
 H-Bond interaction energy in the mix              :        -7.12994 kcal/mol
 VdW interaction energy in the mix                 :       -13.29359 kcal/mol
 Gas liquid transition energy in the mix (H_glt)   :         8.25184 kcal/mol
 Normalized weight factor of molecule in compound  :         0.17567
 Normalized weight factor of molecule in gas phase :         0.02069




 Results for mixture 22 - LIQ_EX Phase 2 Iteration   10
 ----------------------
 Temperature          :    313.150 K
 Compound Nr.         :         1         2         3
 Compound             :       h2o 3-octanon lacticaci
 Mole Fraction        :    0.0631    0.9349    0.0020

 Compound: 1  (h2o)
 Chemical potential of the compound in the mixture :         5.18717 kcal/mol
 Log10(partial pressure [mbar])                    :         2.72763
 Free energy of molecule in mix (E_COSMO+dE+Mu)    :    -47988.06611 kcal/mol
 Total mean interaction energy in the mix (H_int)  :        -2.70392 kcal/mol
 Misfit interaction energy in the mix (H_MF)       :         1.49711 kcal/mol
 H-Bond interaction energy in the mix (H_HB)       :        -2.55080 kcal/mol
 VdW interaction energy in the mix (H_vdW)         :        -4.58228 kcal/mol
 Gas liquid transition energy in the mix (H_glt)   :         2.93205 kcal/mol
 Equilibrium constant Kx(1,2)                      :        15.81294
 Equilibrium concentration x_k(1,2)                :         0.94052

 Compound: 2  (3-octanone)
 Chemical potential of the compound in the mixture :         1.58909 kcal/mol
 Log10(partial pressure [mbar])                    :         0.78473
 Free energy of molecule in mix (E_COSMO+dE+Mu)    :   -244675.58385 kcal/mol
 Total mean interaction energy in the mix (H_int)  :        -6.26143 kcal/mol
 Misfit interaction energy in the mix (H_MF)       :         3.50734 kcal/mol
 H-Bond interaction energy in the mix (H_HB)       :        -0.14201 kcal/mol
 VdW interaction energy in the mix (H_vdW)         :       -23.26846 kcal/mol
 Gas liquid transition energy in the mix (H_glt)   :        13.54923 kcal/mol
 Equilibrium constant Kx(1,2)                      :  2.17368459E-04
 Equilibrium concentration x_k(1,2)                :         0.00022

 Compound: 3  (lacticacid)
 Chemical potential of the compound in the mixture :         4.48209 kcal/mol
 Log10(partial pressure [mbar])                    :        -0.77422
 Free energy of molecule in mix (E_COSMO+dE+Mu)    :   -215744.19805 kcal/mol
 Total mean interaction energy in the mix (H_int)  :        -4.41472 kcal/mol
 Misfit interaction energy in the mix (H_MF)       :         2.48413 kcal/mol
 H-Bond interaction energy in the mix (H_HB)       :        -2.48409 kcal/mol
 VdW interaction energy in the mix (H_vdW)         :       -13.97865 kcal/mol
 Gas liquid transition energy in the mix (H_glt)   :         8.25184 kcal/mol
 Equilibrium constant Kx(1,2)                      :         1.03365
 Equilibrium concentration x_k(1,2)                :         0.50827



 Compound: 1 Conformer: 1 (h2o_c0)
 Chemical potential of the molecule in the mixture :         5.18717 kcal/mol
 Log10(partial pressure [mbar])                    :         2.72763
 Free energy of molecule in mix (E_COSMO+dE+Mu)    :    -47988.06611 kcal/mol
 Total mean interaction energy in the mix          :        -2.70392 kcal/mol
 Misfit interaction energy in the mix              :         1.49711 kcal/mol
 H-Bond interaction energy in the mix              :        -2.55080 kcal/mol
 VdW interaction energy in the mix                 :        -4.58228 kcal/mol
 Gas liquid transition energy in the mix (H_glt)   :         2.93205 kcal/mol
 Normalized weight factor of molecule in compound  :         1.00000
 Normalized weight factor of molecule in gas phase :         1.00000

 Compound: 2 Conformer: 1 (3-octanone_c0)
 Chemical potential of the molecule in the mixture :         2.14618 kcal/mol
 Log10(partial pressure [mbar])                    :         0.62291
 Free energy of molecule in mix (E_COSMO+dE+Mu)    :   -244675.01514 kcal/mol
 Total mean interaction energy in the mix          :        -6.46701 kcal/mol
 Misfit interaction energy in the mix              :         3.52726 kcal/mol
 H-Bond interaction energy in the mix              :        -0.12668 kcal/mol
 VdW interaction energy in the mix                 :       -23.41682 kcal/mol
 Gas liquid transition energy in the mix (H_glt)   :        13.54923 kcal/mol
 Normalized weight factor of molecule in compound  :         0.40096
 Normalized weight factor of molecule in gas phase :         0.27623

 Compound: 2 Conformer: 2 (3-octanone_c1)
 Chemical potential of the molecule in the mixture :         2.40917 kcal/mol
 Log10(partial pressure [mbar])                    :         0.68164
 Free energy of molecule in mix (E_COSMO+dE+Mu)    :   -244674.56031 kcal/mol
 Total mean interaction energy in the mix          :        -6.34054 kcal/mol
 Misfit interaction energy in the mix              :         3.61644 kcal/mol
 H-Bond interaction energy in the mix              :        -0.20708 kcal/mol
 VdW interaction energy in the mix                 :       -23.29914 kcal/mol
 Gas liquid transition energy in the mix (H_glt)   :        13.54923 kcal/mol
 Normalized weight factor of molecule in compound  :         0.19305
 Normalized weight factor of molecule in gas phase :         0.15226

 Compound: 2 Conformer: 3 (3-octanone_c2)
 Chemical potential of the molecule in the mixture :         2.28148 kcal/mol
 Log10(partial pressure [mbar])                    :         0.96826
 Free energy of molecule in mix (E_COSMO+dE+Mu)    :   -244674.89146 kcal/mol
 Total mean interaction energy in the mix          :        -6.26804 kcal/mol
 Misfit interaction energy in the mix              :         3.39962 kcal/mol
 H-Bond interaction energy in the mix              :        -0.10818 kcal/mol
 VdW interaction energy in the mix                 :       -23.10871 kcal/mol
 Gas liquid transition energy in the mix (H_glt)   :        13.54923 kcal/mol
 Normalized weight factor of molecule in compound  :         0.32869
 Normalized weight factor of molecule in gas phase :         0.49421

 Compound: 2 Conformer: 4 (3-octanone_c3)
 Chemical potential of the molecule in the mixture :         2.55439 kcal/mol
 Log10(partial pressure [mbar])                    :         0.78617
 Free energy of molecule in mix (E_COSMO+dE+Mu)    :   -244673.99070 kcal/mol
 Total mean interaction energy in the mix          :        -6.16561 kcal/mol
 Misfit interaction energy in the mix              :         3.58953 kcal/mol
 H-Bond interaction energy in the mix              :        -0.20284 kcal/mol
 VdW interaction energy in the mix                 :       -23.10153 kcal/mol
 Gas liquid transition energy in the mix (H_glt)   :        13.54923 kcal/mol
 Normalized weight factor of molecule in compound  :         0.07729
 Normalized weight factor of molecule in gas phase :         0.07729

 Compound: 3 Conformer: 1 (lacticacid_c0)
 Chemical potential of the molecule in the mixture :         6.12444 kcal/mol
 Log10(partial pressure [mbar])                    :        -0.76602
 Free energy of molecule in mix (E_COSMO+dE+Mu)    :   -215742.55570 kcal/mol
 Total mean interaction energy in the mix          :        -4.54274 kcal/mol
 Misfit interaction energy in the mix              :         3.06681 kcal/mol
 H-Bond interaction energy in the mix              :        -1.92002 kcal/mol
 VdW interaction energy in the mix                 :       -13.94137 kcal/mol
 Gas liquid transition energy in the mix (H_glt)   :         8.25184 kcal/mol
 Normalized weight factor of molecule in compound  :         0.07142
 Normalized weight factor of molecule in gas phase :         0.00603

 Compound: 3 Conformer: 2 (lacticacid_c1)
 Chemical potential of the molecule in the mixture :         6.47313 kcal/mol
 Log10(partial pressure [mbar])                    :        -0.13228
 Free energy of molecule in mix (E_COSMO+dE+Mu)    :   -215742.02552 kcal/mol
 Total mean interaction energy in the mix          :        -4.27384 kcal/mol
 Misfit interaction energy in the mix              :         3.03524 kcal/mol
 H-Bond interaction energy in the mix              :        -1.64964 kcal/mol
 VdW interaction energy in the mix                 :       -13.91128 kcal/mol
 Gas liquid transition energy in the mix (H_glt)   :         8.25184 kcal/mol
 Normalized weight factor of molecule in compound  :         0.03047
 Normalized weight factor of molecule in gas phase :         0.01137

 Compound: 3 Conformer: 3 (lacticacid_c2)
 Chemical potential of the molecule in the mixture :         3.65880 kcal/mol
 Log10(partial pressure [mbar])                    :        -0.12052
 Free energy of molecule in mix (E_COSMO+dE+Mu)    :   -215743.94766 kcal/mol
 Total mean interaction energy in the mix          :        -5.69815 kcal/mol
 Misfit interaction energy in the mix              :         2.31687 kcal/mol
 H-Bond interaction energy in the mix              :        -2.28218 kcal/mol
 VdW interaction energy in the mix                 :       -13.98467 kcal/mol
 Gas liquid transition energy in the mix (H_glt)   :         8.25184 kcal/mol
 Normalized weight factor of molecule in compound  :         0.66874
 Normalized weight factor of molecule in gas phase :         0.93300

 Compound: 3 Conformer: 4 (lacticacid_c3)
 Chemical potential of the molecule in the mixture :         3.39489 kcal/mol
 Log10(partial pressure [mbar])                    :        -1.34135
 Free energy of molecule in mix (E_COSMO+dE+Mu)    :   -215742.79054 kcal/mol
 Total mean interaction energy in the mix          :        -6.37381 kcal/mol
 Misfit interaction energy in the mix              :         2.63240 kcal/mol
 H-Bond interaction energy in the mix              :        -3.29289 kcal/mol
 VdW interaction energy in the mix                 :       -13.96516 kcal/mol
 Gas liquid transition energy in the mix (H_glt)   :         8.25184 kcal/mol
 Normalized weight factor of molecule in compound  :         0.10416
 Normalized weight factor of molecule in gas phase :         0.02822

 Compound: 3 Conformer: 5 (lacticacid_c4)
 Chemical potential of the molecule in the mixture :         3.91317 kcal/mol
 Log10(partial pressure [mbar])                    :        -2.54038
 Free energy of molecule in mix (E_COSMO+dE+Mu)    :   -215742.18566 kcal/mol
 Total mean interaction energy in the mix          :        -6.26357 kcal/mol
 Misfit interaction energy in the mix              :         3.16074 kcal/mol
 H-Bond interaction energy in the mix              :        -3.66922 kcal/mol
 VdW interaction energy in the mix                 :       -14.00694 kcal/mol
 Gas liquid transition energy in the mix (H_glt)   :         8.25184 kcal/mol
 Normalized weight factor of molecule in compound  :         0.03941
 Normalized weight factor of molecule in gas phase :         0.00067

 Compound: 3 Conformer: 6 (lacticacid_c5)
 Chemical potential of the molecule in the mixture :         3.36557 kcal/mol
 Log10(partial pressure [mbar])                    :        -1.39146
 Free energy of molecule in mix (E_COSMO+dE+Mu)    :   -215742.66989 kcal/mol
 Total mean interaction energy in the mix          :        -6.41912 kcal/mol
 Misfit interaction energy in the mix              :         2.61640 kcal/mol
 H-Bond interaction energy in the mix              :        -3.29732 kcal/mol
 VdW interaction energy in the mix                 :       -13.99004 kcal/mol
 Gas liquid transition energy in the mix (H_glt)   :         8.25184 kcal/mol
 Normalized weight factor of molecule in compound  :         0.08580
 Normalized weight factor of molecule in gas phase :         0.02069




 Results for mixture 23 - LIQ_EX Phase 1 Iteration   11
 ----------------------
 Temperature          :    313.150 K
 Compound Nr.         :         1         2         3
 Compound             :       h2o 3-octanon lacticaci
 Mole Fraction        :    0.9977    0.0002    0.0021

 Compound: 1  (h2o)
 Chemical potential of the compound in the mixture :         3.46912 kcal/mol
 Log10(partial pressure [mbar])                    :         1.52862
 Free energy of molecule in mix (E_COSMO+dE+Mu)    :    -47989.78415 kcal/mol
 Total mean interaction energy in the mix (H_int)  :        -5.54493 kcal/mol
 Misfit interaction energy in the mix (H_MF)       :         0.59151 kcal/mol
 H-Bond interaction energy in the mix (H_HB)       :        -4.72873 kcal/mol
 VdW interaction energy in the mix (H_vdW)         :        -4.33976 kcal/mol
 Gas liquid transition energy in the mix (H_glt)   :         2.93205 kcal/mol

 Compound: 2  (3-octanone)
 Chemical potential of the compound in the mixture :         6.83747 kcal/mol
 Log10(partial pressure [mbar])                    :         4.44754
 Free energy of molecule in mix (E_COSMO+dE+Mu)    :   -244670.33547 kcal/mol
 Total mean interaction energy in the mix (H_int)  :        -7.59644 kcal/mol
 Misfit interaction energy in the mix (H_MF)       :         3.24303 kcal/mol
 H-Bond interaction energy in the mix (H_HB)       :        -2.11604 kcal/mol
 VdW interaction energy in the mix (H_vdW)         :       -22.42506 kcal/mol
 Gas liquid transition energy in the mix (H_glt)   :        13.54923 kcal/mol

 Compound: 3  (lacticacid)
 Chemical potential of the compound in the mixture :         4.46150 kcal/mol
 Log10(partial pressure [mbar])                    :        -0.78859
 Free energy of molecule in mix (E_COSMO+dE+Mu)    :   -215744.21864 kcal/mol
 Total mean interaction energy in the mix (H_int)  :        -7.86646 kcal/mol
 Misfit interaction energy in the mix (H_MF)       :         1.98786 kcal/mol
 H-Bond interaction energy in the mix (H_HB)       :        -7.03347 kcal/mol
 VdW interaction energy in the mix (H_vdW)         :       -13.28424 kcal/mol
 Gas liquid transition energy in the mix (H_glt)   :         8.25184 kcal/mol



 Compound: 1 Conformer: 1 (h2o_c0)
 Chemical potential of the molecule in the mixture :         3.46912 kcal/mol
 Log10(partial pressure [mbar])                    :         1.52862
 Free energy of molecule in mix (E_COSMO+dE+Mu)    :    -47989.78415 kcal/mol
 Total mean interaction energy in the mix          :        -5.54493 kcal/mol
 Misfit interaction energy in the mix              :         0.59151 kcal/mol
 H-Bond interaction energy in the mix              :        -4.72873 kcal/mol
 VdW interaction energy in the mix                 :        -4.33976 kcal/mol
 Gas liquid transition energy in the mix (H_glt)   :         2.93205 kcal/mol
 Normalized weight factor of molecule in compound  :         1.00000
 Normalized weight factor of molecule in gas phase :         1.00000

 Compound: 2 Conformer: 1 (3-octanone_c0)
 Chemical potential of the molecule in the mixture :         7.49362 kcal/mol
 Log10(partial pressure [mbar])                    :         4.35485
 Free energy of molecule in mix (E_COSMO+dE+Mu)    :   -244669.66771 kcal/mol
 Total mean interaction energy in the mix          :        -7.72222 kcal/mol
 Misfit interaction energy in the mix              :         3.29839 kcal/mol
 H-Bond interaction energy in the mix              :        -2.00160 kcal/mol
 VdW interaction energy in the mix                 :       -22.56824 kcal/mol
 Gas liquid transition energy in the mix (H_glt)   :        13.54923 kcal/mol
 Normalized weight factor of molecule in compound  :         0.34196
 Normalized weight factor of molecule in gas phase :         0.27623

 Compound: 2 Conformer: 2 (3-octanone_c1)
 Chemical potential of the molecule in the mixture :         7.38134 kcal/mol
 Log10(partial pressure [mbar])                    :         4.15169
 Free energy of molecule in mix (E_COSMO+dE+Mu)    :   -244669.58814 kcal/mol
 Total mean interaction energy in the mix          :        -7.95927 kcal/mol
 Misfit interaction energy in the mix              :         3.23498 kcal/mol
 H-Bond interaction energy in the mix              :        -2.29596 kcal/mol
 VdW interaction energy in the mix                 :       -22.44752 kcal/mol
 Gas liquid transition energy in the mix (H_glt)   :        13.54923 kcal/mol
 Normalized weight factor of molecule in compound  :         0.30091
 Normalized weight factor of molecule in gas phase :         0.15226

 Compound: 2 Conformer: 3 (3-octanone_c2)
 Chemical potential of the molecule in the mixture :         7.78470 kcal/mol
 Log10(partial pressure [mbar])                    :         4.80892
 Free energy of molecule in mix (E_COSMO+dE+Mu)    :   -244669.38824 kcal/mol
 Total mean interaction energy in the mix          :        -7.44275 kcal/mol
 Misfit interaction energy in the mix              :         3.20138 kcal/mol
 H-Bond interaction energy in the mix              :        -1.91548 kcal/mol
 VdW interaction energy in the mix                 :       -22.27788 kcal/mol
 Gas liquid transition energy in the mix (H_glt)   :        13.54923 kcal/mol
 Normalized weight factor of molecule in compound  :         0.21824
 Normalized weight factor of molecule in gas phase :         0.49421

 Compound: 2 Conformer: 4 (3-octanone_c3)
 Chemical potential of the molecule in the mixture :         7.43805 kcal/mol
 Log10(partial pressure [mbar])                    :         4.19445
 Free energy of molecule in mix (E_COSMO+dE+Mu)    :   -244669.10704 kcal/mol
 Total mean interaction energy in the mix          :        -7.83944 kcal/mol
 Misfit interaction energy in the mix              :         3.18965 kcal/mol
 H-Bond interaction energy in the mix              :        -2.32316 kcal/mol
 VdW interaction energy in the mix                 :       -22.25516 kcal/mol
 Gas liquid transition energy in the mix (H_glt)   :        13.54923 kcal/mol
 Normalized weight factor of molecule in compound  :         0.13889
 Normalized weight factor of molecule in gas phase :         0.07729

 Compound: 3 Conformer: 1 (lacticacid_c0)
 Chemical potential of the molecule in the mixture :         6.41134 kcal/mol
 Log10(partial pressure [mbar])                    :        -0.56580
 Free energy of molecule in mix (E_COSMO+dE+Mu)    :   -215742.26880 kcal/mol
 Total mean interaction energy in the mix          :        -7.35490 kcal/mol
 Misfit interaction energy in the mix              :         2.02269 kcal/mol
 H-Bond interaction energy in the mix              :        -4.39625 kcal/mol
 VdW interaction energy in the mix                 :       -13.23318 kcal/mol
 Gas liquid transition energy in the mix (H_glt)   :         8.25184 kcal/mol
 Normalized weight factor of molecule in compound  :         0.04357
 Normalized weight factor of molecule in gas phase :         0.00603

 Compound: 3 Conformer: 2 (lacticacid_c1)
 Chemical potential of the molecule in the mixture :         6.53283 kcal/mol
 Log10(partial pressure [mbar])                    :        -0.09062
 Free energy of molecule in mix (E_COSMO+dE+Mu)    :   -215741.96582 kcal/mol
 Total mean interaction energy in the mix          :        -6.91853 kcal/mol
 Misfit interaction energy in the mix              :         2.13194 kcal/mol
 H-Bond interaction energy in the mix              :        -4.09212 kcal/mol
 VdW interaction energy in the mix                 :       -13.21020 kcal/mol
 Gas liquid transition energy in the mix (H_glt)   :         8.25184 kcal/mol
 Normalized weight factor of molecule in compound  :         0.02678
 Normalized weight factor of molecule in gas phase :         0.01137

 Compound: 3 Conformer: 3 (lacticacid_c2)
 Chemical potential of the molecule in the mixture :         4.69045 kcal/mol
 Log10(partial pressure [mbar])                    :         0.59946
 Free energy of molecule in mix (E_COSMO+dE+Mu)    :   -215742.91601 kcal/mol
 Total mean interaction energy in the mix          :        -8.02107 kcal/mol
 Misfit interaction energy in the mix              :         2.06508 kcal/mol
 H-Bond interaction energy in the mix              :        -5.04266 kcal/mol
 VdW interaction energy in the mix                 :       -13.29534 kcal/mol
 Gas liquid transition energy in the mix (H_glt)   :         8.25184 kcal/mol
 Normalized weight factor of molecule in compound  :         0.12328
 Normalized weight factor of molecule in gas phase :         0.93300

 Compound: 3 Conformer: 4 (lacticacid_c3)
 Chemical potential of the molecule in the mixture :         2.93407 kcal/mol
 Log10(partial pressure [mbar])                    :        -1.66295
 Free energy of molecule in mix (E_COSMO+dE+Mu)    :   -215743.25137 kcal/mol
 Total mean interaction energy in the mix          :       -10.13511 kcal/mol
 Misfit interaction energy in the mix              :         1.98563 kcal/mol
 H-Bond interaction energy in the mix              :        -7.10059 kcal/mol
 VdW interaction energy in the mix                 :       -13.27199 kcal/mol
 Gas liquid transition energy in the mix (H_glt)   :         8.25184 kcal/mol
 Normalized weight factor of molecule in compound  :         0.21132
 Normalized weight factor of molecule in gas phase :         0.02822

 Compound: 3 Conformer: 5 (lacticacid_c4)
 Chemical potential of the molecule in the mixture :         2.42096 kcal/mol
 Log10(partial pressure [mbar])                    :        -3.58179
 Free energy of molecule in mix (E_COSMO+dE+Mu)    :   -215743.67787 kcal/mol
 Total mean interaction energy in the mix          :       -11.08317 kcal/mol
 Misfit interaction energy in the mix              :         1.96453 kcal/mol
 H-Bond interaction energy in the mix              :        -8.00629 kcal/mol
 VdW interaction energy in the mix                 :       -13.29326 kcal/mol
 Gas liquid transition energy in the mix (H_glt)   :         8.25184 kcal/mol
 Normalized weight factor of molecule in compound  :         0.41937
 Normalized weight factor of molecule in gas phase :         0.00067

 Compound: 3 Conformer: 6 (lacticacid_c5)
 Chemical potential of the molecule in the mixture :         2.89907 kcal/mol
 Log10(partial pressure [mbar])                    :        -1.71702
 Free energy of molecule in mix (E_COSMO+dE+Mu)    :   -215743.13639 kcal/mol
 Total mean interaction energy in the mix          :       -10.21027 kcal/mol
 Misfit interaction energy in the mix              :         1.96142 kcal/mol
 H-Bond interaction energy in the mix              :        -7.12994 kcal/mol
 VdW interaction energy in the mix                 :       -13.29359 kcal/mol
 Gas liquid transition energy in the mix (H_glt)   :         8.25184 kcal/mol
 Normalized weight factor of molecule in compound  :         0.17567
 Normalized weight factor of molecule in gas phase :         0.02069




 Results for mixture 24 - LIQ_EX Phase 2 Iteration   11
 ----------------------
 Temperature          :    313.150 K
 Compound Nr.         :         1         2         3
 Compound             :       h2o 3-octanon lacticaci
 Mole Fraction        :    0.0631    0.9349    0.0020

 Compound: 1  (h2o)
 Chemical potential of the compound in the mixture :         5.18701 kcal/mol
 Log10(partial pressure [mbar])                    :         2.72752
 Free energy of molecule in mix (E_COSMO+dE+Mu)    :    -47988.06626 kcal/mol
 Total mean interaction energy in the mix (H_int)  :        -2.70418 kcal/mol
 Misfit interaction energy in the mix (H_MF)       :         1.49698 kcal/mol
 H-Bond interaction energy in the mix (H_HB)       :        -2.55095 kcal/mol
 VdW interaction energy in the mix (H_vdW)         :        -4.58227 kcal/mol
 Gas liquid transition energy in the mix (H_glt)   :         2.93205 kcal/mol
 Equilibrium constant Kx(1,2)                      :        15.80896
 Equilibrium concentration x_k(1,2)                :         0.94051

 Compound: 2  (3-octanone)
 Chemical potential of the compound in the mixture :         1.58910 kcal/mol
 Log10(partial pressure [mbar])                    :         0.78474
 Free energy of molecule in mix (E_COSMO+dE+Mu)    :   -244675.58384 kcal/mol
 Total mean interaction energy in the mix (H_int)  :        -6.26150 kcal/mol
 Misfit interaction energy in the mix (H_MF)       :         3.50734 kcal/mol
 H-Bond interaction energy in the mix (H_HB)       :        -0.14208 kcal/mol
 VdW interaction energy in the mix (H_vdW)         :       -23.26845 kcal/mol
 Gas liquid transition energy in the mix (H_glt)   :        13.54923 kcal/mol
 Equilibrium constant Kx(1,2)                      :  2.17369155E-04
 Equilibrium concentration x_k(1,2)                :         0.00022

 Compound: 3  (lacticacid)
 Chemical potential of the compound in the mixture :         4.48197 kcal/mol
 Log10(partial pressure [mbar])                    :        -0.77431
 Free energy of molecule in mix (E_COSMO+dE+Mu)    :   -215744.19817 kcal/mol
 Total mean interaction energy in the mix (H_int)  :        -4.41490 kcal/mol
 Misfit interaction energy in the mix (H_MF)       :         2.48406 kcal/mol
 H-Bond interaction energy in the mix (H_HB)       :        -2.48424 kcal/mol
 VdW interaction energy in the mix (H_vdW)         :       -13.97864 kcal/mol
 Gas liquid transition energy in the mix (H_glt)   :         8.25184 kcal/mol
 Equilibrium constant Kx(1,2)                      :         1.03344
 Equilibrium concentration x_k(1,2)                :         0.50822



 Compound: 1 Conformer: 1 (h2o_c0)
 Chemical potential of the molecule in the mixture :         5.18701 kcal/mol
 Log10(partial pressure [mbar])                    :         2.72752
 Free energy of molecule in mix (E_COSMO+dE+Mu)    :    -47988.06626 kcal/mol
 Total mean interaction energy in the mix          :        -2.70418 kcal/mol
 Misfit interaction energy in the mix              :         1.49698 kcal/mol
 H-Bond interaction energy in the mix              :        -2.55095 kcal/mol
 VdW interaction energy in the mix                 :        -4.58227 kcal/mol
 Gas liquid transition energy in the mix (H_glt)   :         2.93205 kcal/mol
 Normalized weight factor of molecule in compound  :         1.00000
 Normalized weight factor of molecule in gas phase :         1.00000

 Compound: 2 Conformer: 1 (3-octanone_c0)
 Chemical potential of the molecule in the mixture :         2.14620 kcal/mol
 Log10(partial pressure [mbar])                    :         0.62292
 Free energy of molecule in mix (E_COSMO+dE+Mu)    :   -244675.01513 kcal/mol
 Total mean interaction energy in the mix          :        -6.46707 kcal/mol
 Misfit interaction energy in the mix              :         3.52726 kcal/mol
 H-Bond interaction energy in the mix              :        -0.12675 kcal/mol
 VdW interaction energy in the mix                 :       -23.41681 kcal/mol
 Gas liquid transition energy in the mix (H_glt)   :        13.54923 kcal/mol
 Normalized weight factor of molecule in compound  :         0.40096
 Normalized weight factor of molecule in gas phase :         0.27623

 Compound: 2 Conformer: 2 (3-octanone_c1)
 Chemical potential of the molecule in the mixture :         2.40917 kcal/mol
 Log10(partial pressure [mbar])                    :         0.68164
 Free energy of molecule in mix (E_COSMO+dE+Mu)    :   -244674.56031 kcal/mol
 Total mean interaction energy in the mix          :        -6.34065 kcal/mol
 Misfit interaction energy in the mix              :         3.61644 kcal/mol
 H-Bond interaction energy in the mix              :        -0.20719 kcal/mol
 VdW interaction energy in the mix                 :       -23.29913 kcal/mol
 Gas liquid transition energy in the mix (H_glt)   :        13.54923 kcal/mol
 Normalized weight factor of molecule in compound  :         0.19306
 Normalized weight factor of molecule in gas phase :         0.15226

 Compound: 2 Conformer: 3 (3-octanone_c2)
 Chemical potential of the molecule in the mixture :         2.28150 kcal/mol
 Log10(partial pressure [mbar])                    :         0.96827
 Free energy of molecule in mix (E_COSMO+dE+Mu)    :   -244674.89144 kcal/mol
 Total mean interaction energy in the mix          :        -6.26809 kcal/mol
 Misfit interaction energy in the mix              :         3.39963 kcal/mol
 H-Bond interaction energy in the mix              :        -0.10824 kcal/mol
 VdW interaction energy in the mix                 :       -23.10871 kcal/mol
 Gas liquid transition energy in the mix (H_glt)   :        13.54923 kcal/mol
 Normalized weight factor of molecule in compound  :         0.32869
 Normalized weight factor of molecule in gas phase :         0.49421

 Compound: 2 Conformer: 4 (3-octanone_c3)
 Chemical potential of the molecule in the mixture :         2.55439 kcal/mol
 Log10(partial pressure [mbar])                    :         0.78617
 Free energy of molecule in mix (E_COSMO+dE+Mu)    :   -244673.99070 kcal/mol
 Total mean interaction energy in the mix          :        -6.16571 kcal/mol
 Misfit interaction energy in the mix              :         3.58953 kcal/mol
 H-Bond interaction energy in the mix              :        -0.20295 kcal/mol
 VdW interaction energy in the mix                 :       -23.10152 kcal/mol
 Gas liquid transition energy in the mix (H_glt)   :        13.54923 kcal/mol
 Normalized weight factor of molecule in compound  :         0.07730
 Normalized weight factor of molecule in gas phase :         0.07729

 Compound: 3 Conformer: 1 (lacticacid_c0)
 Chemical potential of the molecule in the mixture :         6.12433 kcal/mol
 Log10(partial pressure [mbar])                    :        -0.76610
 Free energy of molecule in mix (E_COSMO+dE+Mu)    :   -215742.55581 kcal/mol
 Total mean interaction energy in the mix          :        -4.54291 kcal/mol
 Misfit interaction energy in the mix              :         3.06671 kcal/mol
 H-Bond interaction energy in the mix              :        -1.92010 kcal/mol
 VdW interaction energy in the mix                 :       -13.94136 kcal/mol
 Gas liquid transition energy in the mix (H_glt)   :         8.25184 kcal/mol
 Normalized weight factor of molecule in compound  :         0.07142
 Normalized weight factor of molecule in gas phase :         0.00603

 Compound: 3 Conformer: 2 (lacticacid_c1)
 Chemical potential of the molecule in the mixture :         6.47300 kcal/mol
 Log10(partial pressure [mbar])                    :        -0.13238
 Free energy of molecule in mix (E_COSMO+dE+Mu)    :   -215742.02565 kcal/mol
 Total mean interaction energy in the mix          :        -4.27402 kcal/mol
 Misfit interaction energy in the mix              :         3.03515 kcal/mol
 H-Bond interaction energy in the mix              :        -1.64976 kcal/mol
 VdW interaction energy in the mix                 :       -13.91126 kcal/mol
 Gas liquid transition energy in the mix (H_glt)   :         8.25184 kcal/mol
 Normalized weight factor of molecule in compound  :         0.03047
 Normalized weight factor of molecule in gas phase :         0.01137

 Compound: 3 Conformer: 3 (lacticacid_c2)
 Chemical potential of the molecule in the mixture :         3.65869 kcal/mol
 Log10(partial pressure [mbar])                    :        -0.12059
 Free energy of molecule in mix (E_COSMO+dE+Mu)    :   -215743.94777 kcal/mol
 Total mean interaction energy in the mix          :        -5.69832 kcal/mol
 Misfit interaction energy in the mix              :         2.31679 kcal/mol
 H-Bond interaction energy in the mix              :        -2.28229 kcal/mol
 VdW interaction energy in the mix                 :       -13.98466 kcal/mol
 Gas liquid transition energy in the mix (H_glt)   :         8.25184 kcal/mol
 Normalized weight factor of molecule in compound  :         0.66872
 Normalized weight factor of molecule in gas phase :         0.93300

 Compound: 3 Conformer: 4 (lacticacid_c3)
 Chemical potential of the molecule in the mixture :         3.39471 kcal/mol
 Log10(partial pressure [mbar])                    :        -1.34147
 Free energy of molecule in mix (E_COSMO+dE+Mu)    :   -215742.79072 kcal/mol
 Total mean interaction energy in the mix          :        -6.37408 kcal/mol
 Misfit interaction energy in the mix              :         2.63230 kcal/mol
 H-Bond interaction energy in the mix              :        -3.29307 kcal/mol
 VdW interaction energy in the mix                 :       -13.96515 kcal/mol
 Gas liquid transition energy in the mix (H_glt)   :         8.25184 kcal/mol
 Normalized weight factor of molecule in compound  :         0.10417
 Normalized weight factor of molecule in gas phase :         0.02822

 Compound: 3 Conformer: 5 (lacticacid_c4)
 Chemical potential of the molecule in the mixture :         3.91293 kcal/mol
 Log10(partial pressure [mbar])                    :        -2.54055
 Free energy of molecule in mix (E_COSMO+dE+Mu)    :   -215742.18590 kcal/mol
 Total mean interaction energy in the mix          :        -6.26395 kcal/mol
 Misfit interaction energy in the mix              :         3.16057 kcal/mol
 H-Bond interaction energy in the mix              :        -3.66944 kcal/mol
 VdW interaction energy in the mix                 :       -14.00692 kcal/mol
 Gas liquid transition energy in the mix (H_glt)   :         8.25184 kcal/mol
 Normalized weight factor of molecule in compound  :         0.03941
 Normalized weight factor of molecule in gas phase :         0.00067

 Compound: 3 Conformer: 6 (lacticacid_c5)
 Chemical potential of the molecule in the mixture :         3.36539 kcal/mol
 Log10(partial pressure [mbar])                    :        -1.39158
 Free energy of molecule in mix (E_COSMO+dE+Mu)    :   -215742.67007 kcal/mol
 Total mean interaction energy in the mix          :        -6.41939 kcal/mol
 Misfit interaction energy in the mix              :         2.61629 kcal/mol
 H-Bond interaction energy in the mix              :        -3.29750 kcal/mol
 VdW interaction energy in the mix                 :       -13.99002 kcal/mol
 Gas liquid transition energy in the mix (H_glt)   :         8.25184 kcal/mol
 Normalized weight factor of molecule in compound  :         0.08581
 Normalized weight factor of molecule in gas phase :         0.02069




 Results for mixture 25 - LIQ_EX Phase 1 Iteration   12
 ----------------------
 Temperature          :    313.150 K
 Compound Nr.         :         1         2         3
 Compound             :       h2o 3-octanon lacticaci
 Mole Fraction        :    0.9977    0.0002    0.0021

 Compound: 1  (h2o)
 Chemical potential of the compound in the mixture :         3.46912 kcal/mol
 Log10(partial pressure [mbar])                    :         1.52862
 Free energy of molecule in mix (E_COSMO+dE+Mu)    :    -47989.78415 kcal/mol
 Total mean interaction energy in the mix (H_int)  :        -5.54493 kcal/mol
 Misfit interaction energy in the mix (H_MF)       :         0.59151 kcal/mol
 H-Bond interaction energy in the mix (H_HB)       :        -4.72873 kcal/mol
 VdW interaction energy in the mix (H_vdW)         :        -4.33976 kcal/mol
 Gas liquid transition energy in the mix (H_glt)   :         2.93205 kcal/mol

 Compound: 2  (3-octanone)
 Chemical potential of the compound in the mixture :         6.83747 kcal/mol
 Log10(partial pressure [mbar])                    :         4.44754
 Free energy of molecule in mix (E_COSMO+dE+Mu)    :   -244670.33547 kcal/mol
 Total mean interaction energy in the mix (H_int)  :        -7.59644 kcal/mol
 Misfit interaction energy in the mix (H_MF)       :         3.24303 kcal/mol
 H-Bond interaction energy in the mix (H_HB)       :        -2.11604 kcal/mol
 VdW interaction energy in the mix (H_vdW)         :       -22.42506 kcal/mol
 Gas liquid transition energy in the mix (H_glt)   :        13.54923 kcal/mol

 Compound: 3  (lacticacid)
 Chemical potential of the compound in the mixture :         4.46150 kcal/mol
 Log10(partial pressure [mbar])                    :        -0.78859
 Free energy of molecule in mix (E_COSMO+dE+Mu)    :   -215744.21864 kcal/mol
 Total mean interaction energy in the mix (H_int)  :        -7.86646 kcal/mol
 Misfit interaction energy in the mix (H_MF)       :         1.98786 kcal/mol
 H-Bond interaction energy in the mix (H_HB)       :        -7.03347 kcal/mol
 VdW interaction energy in the mix (H_vdW)         :       -13.28424 kcal/mol
 Gas liquid transition energy in the mix (H_glt)   :         8.25184 kcal/mol



 Compound: 1 Conformer: 1 (h2o_c0)
 Chemical potential of the molecule in the mixture :         3.46912 kcal/mol
 Log10(partial pressure [mbar])                    :         1.52862
 Free energy of molecule in mix (E_COSMO+dE+Mu)    :    -47989.78415 kcal/mol
 Total mean interaction energy in the mix          :        -5.54493 kcal/mol
 Misfit interaction energy in the mix              :         0.59151 kcal/mol
 H-Bond interaction energy in the mix              :        -4.72873 kcal/mol
 VdW interaction energy in the mix                 :        -4.33976 kcal/mol
 Gas liquid transition energy in the mix (H_glt)   :         2.93205 kcal/mol
 Normalized weight factor of molecule in compound  :         1.00000
 Normalized weight factor of molecule in gas phase :         1.00000

 Compound: 2 Conformer: 1 (3-octanone_c0)
 Chemical potential of the molecule in the mixture :         7.49362 kcal/mol
 Log10(partial pressure [mbar])                    :         4.35485
 Free energy of molecule in mix (E_COSMO+dE+Mu)    :   -244669.66770 kcal/mol
 Total mean interaction energy in the mix          :        -7.72222 kcal/mol
 Misfit interaction energy in the mix              :         3.29839 kcal/mol
 H-Bond interaction energy in the mix              :        -2.00160 kcal/mol
 VdW interaction energy in the mix                 :       -22.56824 kcal/mol
 Gas liquid transition energy in the mix (H_glt)   :        13.54923 kcal/mol
 Normalized weight factor of molecule in compound  :         0.34196
 Normalized weight factor of molecule in gas phase :         0.27623

 Compound: 2 Conformer: 2 (3-octanone_c1)
 Chemical potential of the molecule in the mixture :         7.38135 kcal/mol
 Log10(partial pressure [mbar])                    :         4.15169
 Free energy of molecule in mix (E_COSMO+dE+Mu)    :   -244669.58814 kcal/mol
 Total mean interaction energy in the mix          :        -7.95927 kcal/mol
 Misfit interaction energy in the mix              :         3.23497 kcal/mol
 H-Bond interaction energy in the mix              :        -2.29596 kcal/mol
 VdW interaction energy in the mix                 :       -22.44752 kcal/mol
 Gas liquid transition energy in the mix (H_glt)   :        13.54923 kcal/mol
 Normalized weight factor of molecule in compound  :         0.30091
 Normalized weight factor of molecule in gas phase :         0.15226

 Compound: 2 Conformer: 3 (3-octanone_c2)
 Chemical potential of the molecule in the mixture :         7.78470 kcal/mol
 Log10(partial pressure [mbar])                    :         4.80892
 Free energy of molecule in mix (E_COSMO+dE+Mu)    :   -244669.38824 kcal/mol
 Total mean interaction energy in the mix          :        -7.44275 kcal/mol
 Misfit interaction energy in the mix              :         3.20138 kcal/mol
 H-Bond interaction energy in the mix              :        -1.91548 kcal/mol
 VdW interaction energy in the mix                 :       -22.27788 kcal/mol
 Gas liquid transition energy in the mix (H_glt)   :        13.54923 kcal/mol
 Normalized weight factor of molecule in compound  :         0.21824
 Normalized weight factor of molecule in gas phase :         0.49421

 Compound: 2 Conformer: 4 (3-octanone_c3)
 Chemical potential of the molecule in the mixture :         7.43805 kcal/mol
 Log10(partial pressure [mbar])                    :         4.19446
 Free energy of molecule in mix (E_COSMO+dE+Mu)    :   -244669.10703 kcal/mol
 Total mean interaction energy in the mix          :        -7.83944 kcal/mol
 Misfit interaction energy in the mix              :         3.18965 kcal/mol
 H-Bond interaction energy in the mix              :        -2.32316 kcal/mol
 VdW interaction energy in the mix                 :       -22.25516 kcal/mol
 Gas liquid transition energy in the mix (H_glt)   :        13.54923 kcal/mol
 Normalized weight factor of molecule in compound  :         0.13889
 Normalized weight factor of molecule in gas phase :         0.07729

 Compound: 3 Conformer: 1 (lacticacid_c0)
 Chemical potential of the molecule in the mixture :         6.41134 kcal/mol
 Log10(partial pressure [mbar])                    :        -0.56580
 Free energy of molecule in mix (E_COSMO+dE+Mu)    :   -215742.26880 kcal/mol
 Total mean interaction energy in the mix          :        -7.35490 kcal/mol
 Misfit interaction energy in the mix              :         2.02269 kcal/mol
 H-Bond interaction energy in the mix              :        -4.39625 kcal/mol
 VdW interaction energy in the mix                 :       -13.23318 kcal/mol
 Gas liquid transition energy in the mix (H_glt)   :         8.25184 kcal/mol
 Normalized weight factor of molecule in compound  :         0.04357
 Normalized weight factor of molecule in gas phase :         0.00603

 Compound: 3 Conformer: 2 (lacticacid_c1)
 Chemical potential of the molecule in the mixture :         6.53283 kcal/mol
 Log10(partial pressure [mbar])                    :        -0.09062
 Free energy of molecule in mix (E_COSMO+dE+Mu)    :   -215741.96582 kcal/mol
 Total mean interaction energy in the mix          :        -6.91853 kcal/mol
 Misfit interaction energy in the mix              :         2.13194 kcal/mol
 H-Bond interaction energy in the mix              :        -4.09212 kcal/mol
 VdW interaction energy in the mix                 :       -13.21020 kcal/mol
 Gas liquid transition energy in the mix (H_glt)   :         8.25184 kcal/mol
 Normalized weight factor of molecule in compound  :         0.02678
 Normalized weight factor of molecule in gas phase :         0.01137

 Compound: 3 Conformer: 3 (lacticacid_c2)
 Chemical potential of the molecule in the mixture :         4.69045 kcal/mol
 Log10(partial pressure [mbar])                    :         0.59946
 Free energy of molecule in mix (E_COSMO+dE+Mu)    :   -215742.91601 kcal/mol
 Total mean interaction energy in the mix          :        -8.02107 kcal/mol
 Misfit interaction energy in the mix              :         2.06508 kcal/mol
 H-Bond interaction energy in the mix              :        -5.04266 kcal/mol
 VdW interaction energy in the mix                 :       -13.29533 kcal/mol
 Gas liquid transition energy in the mix (H_glt)   :         8.25184 kcal/mol
 Normalized weight factor of molecule in compound  :         0.12328
 Normalized weight factor of molecule in gas phase :         0.93300

 Compound: 3 Conformer: 4 (lacticacid_c3)
 Chemical potential of the molecule in the mixture :         2.93407 kcal/mol
 Log10(partial pressure [mbar])                    :        -1.66295
 Free energy of molecule in mix (E_COSMO+dE+Mu)    :   -215743.25136 kcal/mol
 Total mean interaction energy in the mix          :       -10.13511 kcal/mol
 Misfit interaction energy in the mix              :         1.98563 kcal/mol
 H-Bond interaction energy in the mix              :        -7.10060 kcal/mol
 VdW interaction energy in the mix                 :       -13.27199 kcal/mol
 Gas liquid transition energy in the mix (H_glt)   :         8.25184 kcal/mol
 Normalized weight factor of molecule in compound  :         0.21132
 Normalized weight factor of molecule in gas phase :         0.02822

 Compound: 3 Conformer: 5 (lacticacid_c4)
 Chemical potential of the molecule in the mixture :         2.42096 kcal/mol
 Log10(partial pressure [mbar])                    :        -3.58179
 Free energy of molecule in mix (E_COSMO+dE+Mu)    :   -215743.67787 kcal/mol
 Total mean interaction energy in the mix          :       -11.08317 kcal/mol
 Misfit interaction energy in the mix              :         1.96453 kcal/mol
 H-Bond interaction energy in the mix              :        -8.00629 kcal/mol
 VdW interaction energy in the mix                 :       -13.29326 kcal/mol
 Gas liquid transition energy in the mix (H_glt)   :         8.25184 kcal/mol
 Normalized weight factor of molecule in compound  :         0.41937
 Normalized weight factor of molecule in gas phase :         0.00067

 Compound: 3 Conformer: 6 (lacticacid_c5)
 Chemical potential of the molecule in the mixture :         2.89907 kcal/mol
 Log10(partial pressure [mbar])                    :        -1.71702
 Free energy of molecule in mix (E_COSMO+dE+Mu)    :   -215743.13639 kcal/mol
 Total mean interaction energy in the mix          :       -10.21027 kcal/mol
 Misfit interaction energy in the mix              :         1.96142 kcal/mol
 H-Bond interaction energy in the mix              :        -7.12994 kcal/mol
 VdW interaction energy in the mix                 :       -13.29359 kcal/mol
 Gas liquid transition energy in the mix (H_glt)   :         8.25184 kcal/mol
 Normalized weight factor of molecule in compound  :         0.17567
 Normalized weight factor of molecule in gas phase :         0.02069




 Results for mixture 26 - LIQ_EX Phase 2 Iteration   12
 ----------------------
 Temperature          :    313.150 K
 Compound Nr.         :         1         2         3
 Compound             :       h2o 3-octanon lacticaci
 Mole Fraction        :    0.0631    0.9349    0.0020

 Compound: 1  (h2o)
 Chemical potential of the compound in the mixture :         5.18693 kcal/mol
 Log10(partial pressure [mbar])                    :         2.72746
 Free energy of molecule in mix (E_COSMO+dE+Mu)    :    -47988.06634 kcal/mol
 Total mean interaction energy in the mix (H_int)  :        -2.70432 kcal/mol
 Misfit interaction energy in the mix (H_MF)       :         1.49692 kcal/mol
 H-Bond interaction energy in the mix (H_HB)       :        -2.55102 kcal/mol
 VdW interaction energy in the mix (H_vdW)         :        -4.58227 kcal/mol
 Gas liquid transition energy in the mix (H_glt)   :         2.93205 kcal/mol
 Equilibrium constant Kx(1,2)                      :        15.80696
 Equilibrium concentration x_k(1,2)                :         0.94050

 Compound: 2  (3-octanone)
 Chemical potential of the compound in the mixture :         1.58911 kcal/mol
 Log10(partial pressure [mbar])                    :         0.78474
 Free energy of molecule in mix (E_COSMO+dE+Mu)    :   -244675.58383 kcal/mol
 Total mean interaction energy in the mix (H_int)  :        -6.26153 kcal/mol
 Misfit interaction energy in the mix (H_MF)       :         3.50734 kcal/mol
 H-Bond interaction energy in the mix (H_HB)       :        -0.14212 kcal/mol
 VdW interaction energy in the mix (H_vdW)         :       -23.26844 kcal/mol
 Gas liquid transition energy in the mix (H_glt)   :        13.54923 kcal/mol
 Equilibrium constant Kx(1,2)                      :  2.17369506E-04
 Equilibrium concentration x_k(1,2)                :         0.00022

 Compound: 3  (lacticacid)
 Chemical potential of the compound in the mixture :         4.48191 kcal/mol
 Log10(partial pressure [mbar])                    :        -0.77435
 Free energy of molecule in mix (E_COSMO+dE+Mu)    :   -215744.19824 kcal/mol
 Total mean interaction energy in the mix (H_int)  :        -4.41499 kcal/mol
 Misfit interaction energy in the mix (H_MF)       :         2.48402 kcal/mol
 H-Bond interaction energy in the mix (H_HB)       :        -2.48431 kcal/mol
 VdW interaction energy in the mix (H_vdW)         :       -13.97863 kcal/mol
 Gas liquid transition energy in the mix (H_glt)   :         8.25184 kcal/mol
 Equilibrium constant Kx(1,2)                      :         1.03333
 Equilibrium concentration x_k(1,2)                :         0.50820



 Compound: 1 Conformer: 1 (h2o_c0)
 Chemical potential of the molecule in the mixture :         5.18693 kcal/mol
 Log10(partial pressure [mbar])                    :         2.72746
 Free energy of molecule in mix (E_COSMO+dE+Mu)    :    -47988.06634 kcal/mol
 Total mean interaction energy in the mix          :        -2.70432 kcal/mol
 Misfit interaction energy in the mix              :         1.49692 kcal/mol
 H-Bond interaction energy in the mix              :        -2.55102 kcal/mol
 VdW interaction energy in the mix                 :        -4.58227 kcal/mol
 Gas liquid transition energy in the mix (H_glt)   :         2.93205 kcal/mol
 Normalized weight factor of molecule in compound  :         1.00000
 Normalized weight factor of molecule in gas phase :         1.00000

 Compound: 2 Conformer: 1 (3-octanone_c0)
 Chemical potential of the molecule in the mixture :         2.14620 kcal/mol
 Log10(partial pressure [mbar])                    :         0.62292
 Free energy of molecule in mix (E_COSMO+dE+Mu)    :   -244675.01512 kcal/mol
 Total mean interaction energy in the mix          :        -6.46710 kcal/mol
 Misfit interaction energy in the mix              :         3.52726 kcal/mol
 H-Bond interaction energy in the mix              :        -0.12678 kcal/mol
 VdW interaction energy in the mix                 :       -23.41680 kcal/mol
 Gas liquid transition energy in the mix (H_glt)   :        13.54923 kcal/mol
 Normalized weight factor of molecule in compound  :         0.40096
 Normalized weight factor of molecule in gas phase :         0.27623

 Compound: 2 Conformer: 2 (3-octanone_c1)
 Chemical potential of the molecule in the mixture :         2.40917 kcal/mol
 Log10(partial pressure [mbar])                    :         0.68164
 Free energy of molecule in mix (E_COSMO+dE+Mu)    :   -244674.56031 kcal/mol
 Total mean interaction energy in the mix          :        -6.34070 kcal/mol
 Misfit interaction energy in the mix              :         3.61644 kcal/mol
 H-Bond interaction energy in the mix              :        -0.20725 kcal/mol
 VdW interaction energy in the mix                 :       -23.29912 kcal/mol
 Gas liquid transition energy in the mix (H_glt)   :        13.54923 kcal/mol
 Normalized weight factor of molecule in compound  :         0.19306
 Normalized weight factor of molecule in gas phase :         0.15226

 Compound: 2 Conformer: 3 (3-octanone_c2)
 Chemical potential of the molecule in the mixture :         2.28151 kcal/mol
 Log10(partial pressure [mbar])                    :         0.96827
 Free energy of molecule in mix (E_COSMO+dE+Mu)    :   -244674.89144 kcal/mol
 Total mean interaction energy in the mix          :        -6.26811 kcal/mol
 Misfit interaction energy in the mix              :         3.39963 kcal/mol
 H-Bond interaction energy in the mix              :        -0.10827 kcal/mol
 VdW interaction energy in the mix                 :       -23.10870 kcal/mol
 Gas liquid transition energy in the mix (H_glt)   :        13.54923 kcal/mol
 Normalized weight factor of molecule in compound  :         0.32869
 Normalized weight factor of molecule in gas phase :         0.49421

 Compound: 2 Conformer: 4 (3-octanone_c3)
 Chemical potential of the molecule in the mixture :         2.55439 kcal/mol
 Log10(partial pressure [mbar])                    :         0.78617
 Free energy of molecule in mix (E_COSMO+dE+Mu)    :   -244673.99070 kcal/mol
 Total mean interaction energy in the mix          :        -6.16577 kcal/mol
 Misfit interaction energy in the mix              :         3.58952 kcal/mol
 H-Bond interaction energy in the mix              :        -0.20301 kcal/mol
 VdW interaction energy in the mix                 :       -23.10151 kcal/mol
 Gas liquid transition energy in the mix (H_glt)   :        13.54923 kcal/mol
 Normalized weight factor of molecule in compound  :         0.07730
 Normalized weight factor of molecule in gas phase :         0.07729

 Compound: 3 Conformer: 1 (lacticacid_c0)
 Chemical potential of the molecule in the mixture :         6.12427 kcal/mol
 Log10(partial pressure [mbar])                    :        -0.76614
 Free energy of molecule in mix (E_COSMO+dE+Mu)    :   -215742.55587 kcal/mol
 Total mean interaction energy in the mix          :        -4.54299 kcal/mol
 Misfit interaction energy in the mix              :         3.06666 kcal/mol
 H-Bond interaction energy in the mix              :        -1.92014 kcal/mol
 VdW interaction energy in the mix                 :       -13.94135 kcal/mol
 Gas liquid transition energy in the mix (H_glt)   :         8.25184 kcal/mol
 Normalized weight factor of molecule in compound  :         0.07142
 Normalized weight factor of molecule in gas phase :         0.00603

 Compound: 3 Conformer: 2 (lacticacid_c1)
 Chemical potential of the molecule in the mixture :         6.47293 kcal/mol
 Log10(partial pressure [mbar])                    :        -0.13243
 Free energy of molecule in mix (E_COSMO+dE+Mu)    :   -215742.02572 kcal/mol
 Total mean interaction energy in the mix          :        -4.27412 kcal/mol
 Misfit interaction energy in the mix              :         3.03511 kcal/mol
 H-Bond interaction energy in the mix              :        -1.64981 kcal/mol
 VdW interaction energy in the mix                 :       -13.91126 kcal/mol
 Gas liquid transition energy in the mix (H_glt)   :         8.25184 kcal/mol
 Normalized weight factor of molecule in compound  :         0.03047
 Normalized weight factor of molecule in gas phase :         0.01137

 Compound: 3 Conformer: 3 (lacticacid_c2)
 Chemical potential of the molecule in the mixture :         3.65864 kcal/mol
 Log10(partial pressure [mbar])                    :        -0.12063
 Free energy of molecule in mix (E_COSMO+dE+Mu)    :   -215743.94782 kcal/mol
 Total mean interaction energy in the mix          :        -5.69841 kcal/mol
 Misfit interaction energy in the mix              :         2.31675 kcal/mol
 H-Bond interaction energy in the mix              :        -2.28235 kcal/mol
 VdW interaction energy in the mix                 :       -13.98466 kcal/mol
 Gas liquid transition energy in the mix (H_glt)   :         8.25184 kcal/mol
 Normalized weight factor of molecule in compound  :         0.66871
 Normalized weight factor of molecule in gas phase :         0.93300

 Compound: 3 Conformer: 4 (lacticacid_c3)
 Chemical potential of the molecule in the mixture :         3.39462 kcal/mol
 Log10(partial pressure [mbar])                    :        -1.34154
 Free energy of molecule in mix (E_COSMO+dE+Mu)    :   -215742.79081 kcal/mol
 Total mean interaction energy in the mix          :        -6.37421 kcal/mol
 Misfit interaction energy in the mix              :         2.63224 kcal/mol
 H-Bond interaction energy in the mix              :        -3.29316 kcal/mol
 VdW interaction energy in the mix                 :       -13.96514 kcal/mol
 Gas liquid transition energy in the mix (H_glt)   :         8.25184 kcal/mol
 Normalized weight factor of molecule in compound  :         0.10418
 Normalized weight factor of molecule in gas phase :         0.02822

 Compound: 3 Conformer: 5 (lacticacid_c4)
 Chemical potential of the molecule in the mixture :         3.91281 kcal/mol
 Log10(partial pressure [mbar])                    :        -2.54064
 Free energy of molecule in mix (E_COSMO+dE+Mu)    :   -215742.18602 kcal/mol
 Total mean interaction energy in the mix          :        -6.26414 kcal/mol
 Misfit interaction energy in the mix              :         3.16048 kcal/mol
 H-Bond interaction energy in the mix              :        -3.66955 kcal/mol
 VdW interaction energy in the mix                 :       -14.00691 kcal/mol
 Gas liquid transition energy in the mix (H_glt)   :         8.25184 kcal/mol
 Normalized weight factor of molecule in compound  :         0.03942
 Normalized weight factor of molecule in gas phase :         0.00067

 Compound: 3 Conformer: 6 (lacticacid_c5)
 Chemical potential of the molecule in the mixture :         3.36530 kcal/mol
 Log10(partial pressure [mbar])                    :        -1.39164
 Free energy of molecule in mix (E_COSMO+dE+Mu)    :   -215742.67016 kcal/mol
 Total mean interaction energy in the mix          :        -6.41952 kcal/mol
 Misfit interaction energy in the mix              :         2.61623 kcal/mol
 H-Bond interaction energy in the mix              :        -3.29759 kcal/mol
 VdW interaction energy in the mix                 :       -13.99001 kcal/mol
 Gas liquid transition energy in the mix (H_glt)   :         8.25184 kcal/mol
 Normalized weight factor of molecule in compound  :         0.08582
 Normalized weight factor of molecule in gas phase :         0.02069


 Iterative computation of Multi-Component-2-Phase-Equilibrium (LIQ_EX) converged !


----------------
 END job       1
----------------
