 -----------------------------------------
 COSMOtherm Version 19.0.0 (Revision 5259)
 -----------------------------------------
 written by Frank Eckert, Andreas Klamt, Larissa Koch, Selman Terzi
 Copyright (C) 1999-2018, COSMOlogic GmbH & Co. KG

 Job name   : !! Multi-Component-2-Phase-Equilibrium calculation                        
 Job date   : 04/10/2025
 Job time   : 17:05:02
 Hostname   : unknown
 OS type    : Windows_NT
 Executable : Windows 64-bit

 Reading COSMOtherm parameter file BP_TZVPD_FINE_19.ctd from directory C:/Program Files/COSMOlogic/COSMOthermX19/COSMOtherm/CTDATA-FILES/
 Info: # COSMOtherm parameter file ./BP_TZVPD_FINE_19.ctd for BP-TZVPD-FINE (BP-TZVP optimized) COSMO files                                                  

 Reading COSMOtherm license key license.txt from directory C:/Program Files/COSMOlogic/COSMOthermX19/licensefiles/

 COSMOtherm license key expiration date 12/03/2025
 COSMOtherm license key version 24
 Customer : 200000000035108
 ID       : LKO2613120

 License keys:
  product                   |    licensed version    | status
 ------------------------------------------------------------------------------ 
  COSMOtherm                |          24            | active
  TURBOMOLE                 |          21            | active
  COSMOquick                |          24            | active
  COSMOconf                 |          24            | active
  COSMOmic                  |          24            | active
  COSMObase                 |          24            | active
  COSMOperm                 |          24            | active
  COSMOplex                 |          24            | active
 ------------------------------------------------------------------------------ 
 
 Reading vapor pressure and property information for compound 1 from file V:\groups\COSMOTHERM-Datenbank\COSMObase-1901\BP-TZVPD-FINE/h/h2o.vap
 Reading COSMO information for compound 1 conformer 1 from file V:\groups\COSMOTHERM-Datenbank\COSMObase-1901\BP-TZVPD-FINE/h/h2o_c0.cosmo
 
 Reading vapor pressure and property information for compound 2 from file V:\groups\COSMOTHERM-Datenbank\COSMObase-1901\BP-TZVPD-FINE/3/3-heptanol.vap
 Reading COSMO information for compound 2 conformer 1 from file V:\groups\COSMOTHERM-Datenbank\COSMObase-1901\BP-TZVPD-FINE/3/3-heptanol_c0.cosmo
 Reading COSMO information for compound 2 conformer 2 from file V:\groups\COSMOTHERM-Datenbank\COSMObase-1901\BP-TZVPD-FINE/3/3-heptanol_c1.cosmo
 Reading COSMO information for compound 2 conformer 3 from file V:\groups\COSMOTHERM-Datenbank\COSMObase-1901\BP-TZVPD-FINE/3/3-heptanol_c2.cosmo
 Reading COSMO information for compound 2 conformer 4 from file V:\groups\COSMOTHERM-Datenbank\COSMObase-1901\BP-TZVPD-FINE/3/3-heptanol_c3.cosmo
 Reading COSMO information for compound 2 conformer 5 from file V:\groups\COSMOTHERM-Datenbank\COSMObase-1901\BP-TZVPD-FINE/3/3-heptanol_c4.cosmo
 Reading COSMO information for compound 2 conformer 6 from file V:\groups\COSMOTHERM-Datenbank\COSMObase-1901\BP-TZVPD-FINE/3/3-heptanol_c5.cosmo
 Reading COSMO information for compound 2 conformer 7 from file V:\groups\COSMOTHERM-Datenbank\COSMObase-1901\BP-TZVPD-FINE/3/3-heptanol_c6.cosmo
 Reading COSMO information for compound 2 conformer 8 from file V:\groups\COSMOTHERM-Datenbank\COSMObase-1901\BP-TZVPD-FINE/3/3-heptanol_c7.cosmo
 
 Reading vapor pressure and property information for compound 3 from file V:\groups\COSMOTHERM-Datenbank\COSMObase-1901\BP-TZVPD-FINE/l/lacticacid.vap
 Reading COSMO information for compound 3 conformer 1 from file V:\groups\COSMOTHERM-Datenbank\COSMObase-1901\BP-TZVPD-FINE/l/lacticacid_c0.cosmo
 Reading COSMO information for compound 3 conformer 2 from file V:\groups\COSMOTHERM-Datenbank\COSMObase-1901\BP-TZVPD-FINE/l/lacticacid_c1.cosmo
 Reading COSMO information for compound 3 conformer 3 from file V:\groups\COSMOTHERM-Datenbank\COSMObase-1901\BP-TZVPD-FINE/l/lacticacid_c2.cosmo
 Reading COSMO information for compound 3 conformer 4 from file V:\groups\COSMOTHERM-Datenbank\COSMObase-1901\BP-TZVPD-FINE/l/lacticacid_c3.cosmo
 Reading COSMO information for compound 3 conformer 5 from file V:\groups\COSMOTHERM-Datenbank\COSMObase-1901\BP-TZVPD-FINE/l/lacticacid_c4.cosmo
 Reading COSMO information for compound 3 conformer 6 from file V:\groups\COSMOTHERM-Datenbank\COSMObase-1901\BP-TZVPD-FINE/l/lacticacid_c5.cosmo


 --- Compound 1 (h2o) ---

 Experimental data for compound 1 (h2o) :
 CAS registry number for compound 1 (CAS-RN = 7732-18-5)
 Antoine equation coefficients ([mbar]/[K]) for compound 1:        18.8198      3956.2903       -40.6247
 Wagner equation coefficients ([mbar]/[K]) for compound 1:    220600.0000       647.1400        -7.7645         1.4584        -2.7758        -1.2330
 Vapor Pressure [mbar] / Temperature [°C] input for compound 1:
               10.0000            7.0000
              100.0000           45.8000
             1000.0000           99.6000
 Minimum temperature for vapor pressure estimation of compound 1 (TPVMIN = 275.00000 K)
 Maximum temperature for vapor pressure estimation of compound 1 (TPVMAX = 647.00000 K)
 UNIQUAC volume parameter for compound 1 (UNIQUAC_RI = 0.92000)
 UNIQUAC surface parameter for compound 1 (UNIQUAC_QI = 1.40000)
 Boiling temperature of compound 1 (TBOIL = 373.15000 K)
 Melting temperature of compound 1 (TMELT = 273.15000 K)
 Experimental dielectric constant for compound 1 (EPSILON = 78.20000)
 Critical temperature of compound 1 (TCRIT = 647.09600 K)
 Critical pressure of compound 1 (PCRIT = 220640.00000 mbar)
 Critical density of compound 1 (DCRIT = 0.32239 g/ml)
 DIPPR 116 density parameters for compound 1 (EXPDENSDIPPR116 = {0.92619 -1.15605 3.01718 -2.12561 273.16000 647.09500})

 Compound Information for compound 1 conformer 1 (COSMO file V:\groups\COSMOTHERM-Datenbank\COSMObase-1901\BP-TZVPD-FINE/h/h2o_c0.cosmo)
 Atomic weights         : 111
 E_COSMO+dE             :     -47993.2533 kcal/mol
 E_gas                  :     -47987.6758 kcal/mol
 E_COSMO-E_gas+dE       :         -5.5774 kcal/mol
 E_diel                 :         -8.0924 kcal/mol
 E_disp_intramolecular  :         -0.2880 kcal/mol
 Averaging corr dE      :          0.4368 kcal/mol
 Area                   :         43.1419 A^2
 Volume                 :         25.8553 A^3
 Molecular Weight       :         18.0153 a.m.u.
 Total COSMO charge     :         -0.0001 a.u.
 Dipole moment (t,x,y,z):          2.2004  0.001108  0.000271 -2.200437 Debye                            
 Sigma moments (1-6)    :          0.0000  6.40E+01  2.982917  1.35E+02  1.50E+01  3.17E+02              
 H-bond moment (accept) :          3.0054
 H-bond moment (donor)  :          2.9616
 
 No gas phase energy file for compound 1 conformer 1 found, using single point gas phase energy from cosmo file


 --- Compound 2 (3-heptanol) ---

 Compound Information for compound 2 conformer 1 (COSMO file V:\groups\COSMOTHERM-Datenbank\COSMObase-1901\BP-TZVPD-FINE/3/3-heptanol_c0.cosmo)
 Atomic weights         : 111111111111111111111111
 E_COSMO+dE             :    -220750.4886 kcal/mol
 E_gas                  :    -220746.1598 kcal/mol
 E_COSMO-E_gas+dE       :         -4.3288 kcal/mol
 E_diel                 :         -5.6452 kcal/mol
 E_disp_intramolecular  :        -17.6733 kcal/mol
 Averaging corr dE      :          0.4523 kcal/mol
 Area                   :        185.6146 A^2
 Volume                 :        179.1879 A^3
 Molecular Weight       :        116.2020 a.m.u.
 Total COSMO charge     :          0.0003 a.u.
 Dipole moment (t,x,y,z):          2.2125  1.326768 -1.722018  0.411852 Debye                            
 Sigma moments (1-6)    :          0.0000  4.45E+01  1.90E+01  7.31E+01  5.23E+01  1.71E+02              
 H-bond moment (accept) :          2.2895
 H-bond moment (donor)  :          0.9576
 
 No gas phase energy file for compound 2 conformer 1 found, using single point gas phase energy from cosmo file

 Compound Information for compound 2 conformer 2 (COSMO file V:\groups\COSMOTHERM-Datenbank\COSMObase-1901\BP-TZVPD-FINE/3/3-heptanol_c1.cosmo)
 Atomic weights         : 111111111111111111111111
 E_COSMO+dE             :    -220750.5184 kcal/mol
 E_gas                  :    -220746.2183 kcal/mol
 E_COSMO-E_gas+dE       :         -4.3001 kcal/mol
 E_diel                 :         -5.6034 kcal/mol
 E_disp_intramolecular  :        -17.7055 kcal/mol
 Averaging corr dE      :          0.4490 kcal/mol
 Area                   :        185.5793 A^2
 Volume                 :        179.1761 A^3
 Molecular Weight       :        116.2020 a.m.u.
 Total COSMO charge     :          0.0002 a.u.
 Dipole moment (t,x,y,z):          2.2656 -1.712880  0.332324  1.445145 Debye                            
 Sigma moments (1-6)    :          0.0000  4.41E+01  1.92E+01  7.22E+01  5.29E+01  1.69E+02              
 H-bond moment (accept) :          2.2489
 H-bond moment (donor)  :          0.9213
 
 No gas phase energy file for compound 2 conformer 2 found, using single point gas phase energy from cosmo file

 Compound Information for compound 2 conformer 3 (COSMO file V:\groups\COSMOTHERM-Datenbank\COSMObase-1901\BP-TZVPD-FINE/3/3-heptanol_c2.cosmo)
 Atomic weights         : 111111111111111111111111
 E_COSMO+dE             :    -220750.5198 kcal/mol
 E_gas                  :    -220746.0682 kcal/mol
 E_COSMO-E_gas+dE       :         -4.4516 kcal/mol
 E_diel                 :         -5.8323 kcal/mol
 E_disp_intramolecular  :        -17.7242 kcal/mol
 Averaging corr dE      :          0.4236 kcal/mol
 Area                   :        186.1158 A^2
 Volume                 :        179.8696 A^3
 Molecular Weight       :        116.2020 a.m.u.
 Total COSMO charge     :          0.0002 a.u.
 Dipole moment (t,x,y,z):          2.3007  0.346443  2.217150 -0.507503 Debye                            
 Sigma moments (1-6)    :          0.0000  4.41E+01  1.55E+01  7.14E+01  4.35E+01  1.64E+02              
 H-bond moment (accept) :          2.5075
 H-bond moment (donor)  :          1.0354
 
 No gas phase energy file for compound 2 conformer 3 found, using single point gas phase energy from cosmo file

 Compound Information for compound 2 conformer 4 (COSMO file V:\groups\COSMOTHERM-Datenbank\COSMObase-1901\BP-TZVPD-FINE/3/3-heptanol_c3.cosmo)
 Atomic weights         : 111111111111111111111111
 E_COSMO+dE             :    -220750.4302 kcal/mol
 E_gas                  :    -220745.8020 kcal/mol
 E_COSMO-E_gas+dE       :         -4.6283 kcal/mol
 E_diel                 :         -6.0106 kcal/mol
 E_disp_intramolecular  :        -17.8259 kcal/mol
 Averaging corr dE      :          0.4610 kcal/mol
 Area                   :        185.3930 A^2
 Volume                 :        179.3198 A^3
 Molecular Weight       :        116.2020 a.m.u.
 Total COSMO charge     :          0.0001 a.u.
 Dipole moment (t,x,y,z):          2.2231  1.782842 -1.031606 -0.836327 Debye                            
 Sigma moments (1-6)    :          0.0000  4.71E+01  1.72E+01  7.97E+01  4.99E+01  1.88E+02              
 H-bond moment (accept) :          2.2473
 H-bond moment (donor)  :          1.1676
 
 No gas phase energy file for compound 2 conformer 4 found, using single point gas phase energy from cosmo file

 Compound Information for compound 2 conformer 5 (COSMO file V:\groups\COSMOTHERM-Datenbank\COSMObase-1901\BP-TZVPD-FINE/3/3-heptanol_c4.cosmo)
 Atomic weights         : 111111111111111111111111
 E_COSMO+dE             :    -220750.5376 kcal/mol
 E_gas                  :    -220745.8754 kcal/mol
 E_COSMO-E_gas+dE       :         -4.6622 kcal/mol
 E_diel                 :         -6.0159 kcal/mol
 E_disp_intramolecular  :        -17.9629 kcal/mol
 Averaging corr dE      :          0.4488 kcal/mol
 Area                   :        184.6074 A^2
 Volume                 :        178.9538 A^3
 Molecular Weight       :        116.2020 a.m.u.
 Total COSMO charge     :          0.0001 a.u.
 Dipole moment (t,x,y,z):          2.2559 -1.217947  0.775405 -1.733360 Debye                            
 Sigma moments (1-6)    :          0.0000  4.68E+01  2.43E+01  8.13E+01  6.96E+01  1.96E+02              
 H-bond moment (accept) :          2.9167
 H-bond moment (donor)  :          0.8999
 
 No gas phase energy file for compound 2 conformer 5 found, using single point gas phase energy from cosmo file

 Compound Information for compound 2 conformer 6 (COSMO file V:\groups\COSMOTHERM-Datenbank\COSMObase-1901\BP-TZVPD-FINE/3/3-heptanol_c5.cosmo)
 Atomic weights         : 111111111111111111111111
 E_COSMO+dE             :    -220750.3904 kcal/mol
 E_gas                  :    -220745.7540 kcal/mol
 E_COSMO-E_gas+dE       :         -4.6364 kcal/mol
 E_diel                 :         -6.0213 kcal/mol
 E_disp_intramolecular  :        -17.8455 kcal/mol
 Averaging corr dE      :          0.4551 kcal/mol
 Area                   :        185.3636 A^2
 Volume                 :        179.3272 A^3
 Molecular Weight       :        116.2020 a.m.u.
 Total COSMO charge     :          0.0004 a.u.
 Dipole moment (t,x,y,z):          2.2699 -2.029414  1.013132  0.086132 Debye                            
 Sigma moments (1-6)    :          0.0000  4.70E+01  1.73E+01  7.97E+01  5.00E+01  1.88E+02              
 H-bond moment (accept) :          2.4066
 H-bond moment (donor)  :          1.1811
 
 No gas phase energy file for compound 2 conformer 6 found, using single point gas phase energy from cosmo file

 Compound Information for compound 2 conformer 7 (COSMO file V:\groups\COSMOTHERM-Datenbank\COSMObase-1901\BP-TZVPD-FINE/3/3-heptanol_c6.cosmo)
 Atomic weights         : 111111111111111111111111
 E_COSMO+dE             :    -220750.4973 kcal/mol
 E_gas                  :    -220745.7951 kcal/mol
 E_COSMO-E_gas+dE       :         -4.7022 kcal/mol
 E_diel                 :         -6.0745 kcal/mol
 E_disp_intramolecular  :        -17.9518 kcal/mol
 Averaging corr dE      :          0.4443 kcal/mol
 Area                   :        184.5556 A^2
 Volume                 :        178.9464 A^3
 Molecular Weight       :        116.2020 a.m.u.
 Total COSMO charge     :  -6.3938903E-05 a.u.
 Dipole moment (t,x,y,z):          2.2293  0.372450  2.087405  0.688218 Debye                            
 Sigma moments (1-6)    :          0.0000  4.72E+01  2.43E+01  8.24E+01  6.98E+01  2.00E+02              
 H-bond moment (accept) :          2.8143
 H-bond moment (donor)  :          0.9136
 
 No gas phase energy file for compound 2 conformer 7 found, using single point gas phase energy from cosmo file

 Compound Information for compound 2 conformer 8 (COSMO file V:\groups\COSMOTHERM-Datenbank\COSMObase-1901\BP-TZVPD-FINE/3/3-heptanol_c7.cosmo)
 Atomic weights         : 111111111111111111111111
 E_COSMO+dE             :    -220750.2943 kcal/mol
 E_gas                  :    -220745.5480 kcal/mol
 E_COSMO-E_gas+dE       :         -4.7463 kcal/mol
 E_diel                 :         -6.1821 kcal/mol
 E_disp_intramolecular  :        -18.4716 kcal/mol
 Averaging corr dE      :          0.4441 kcal/mol
 Area                   :        182.4597 A^2
 Volume                 :        179.5124 A^3
 Molecular Weight       :        116.2020 a.m.u.
 Total COSMO charge     :          0.0003 a.u.
 Dipole moment (t,x,y,z):          2.1835 -1.921391  0.064855  1.035190 Debye                            
 Sigma moments (1-6)    :          0.0000  4.76E+01  1.98E+01  8.42E+01  5.93E+01  2.05E+02              
 H-bond moment (accept) :          2.6957
 H-bond moment (donor)  :          1.1747
 
 No gas phase energy file for compound 2 conformer 8 found, using single point gas phase energy from cosmo file


 --- Compound 3 (lacticacid) ---

 Compound Information for compound 3 conformer 1 (COSMO file V:\groups\COSMOTHERM-Datenbank\COSMObase-1901\BP-TZVPD-FINE/l/lacticacid_c0.cosmo)
 Atomic weights         : 111111111111
 E_COSMO+dE             :    -215748.6801 kcal/mol
 E_gas                  :    -215737.1594 kcal/mol
 E_COSMO-E_gas+dE       :        -11.5207 kcal/mol
 E_diel                 :        -14.9233 kcal/mol
 E_disp_intramolecular  :         -7.9216 kcal/mol
 Averaging corr dE      :          0.6215 kcal/mol
 Area                   :        120.1634 A^2
 Volume                 :        106.5048 A^3
 Molecular Weight       :         90.0783 a.m.u.
 Total COSMO charge     :          0.0003 a.u.
 Dipole moment (t,x,y,z):          5.6342 -4.962581 -1.954290  1.815876 Debye                            
 Sigma moments (1-6)    :          0.0000  9.26E+01 -4.184013  1.56E+02 -5.10E+01  3.43E+02              
 H-bond moment (accept) :          2.0855
 H-bond moment (donor)  :          2.8372
 
 No gas phase energy file for compound 3 conformer 1 found, using single point gas phase energy from cosmo file

 Compound Information for compound 3 conformer 2 (COSMO file V:\groups\COSMOTHERM-Datenbank\COSMObase-1901\BP-TZVPD-FINE/l/lacticacid_c1.cosmo)
 Atomic weights         : 111111111111
 E_COSMO+dE             :    -215748.4986 kcal/mol
 E_gas                  :    -215737.5373 kcal/mol
 E_COSMO-E_gas+dE       :        -10.9613 kcal/mol
 E_diel                 :        -14.1864 kcal/mol
 E_disp_intramolecular  :         -7.9782 kcal/mol
 Averaging corr dE      :          0.6372 kcal/mol
 Area                   :        119.5838 A^2
 Volume                 :        106.3744 A^3
 Molecular Weight       :         90.0783 a.m.u.
 Total COSMO charge     :          0.0003 a.u.
 Dipole moment (t,x,y,z):          5.6432 -4.887041  2.797840  0.367402 Debye                            
 Sigma moments (1-6)    :          0.0000  8.87E+01  1.972080  1.40E+02 -2.98E+01  2.93E+02              
 H-bond moment (accept) :          1.8771
 H-bond moment (donor)  :          2.4847
 
 No gas phase energy file for compound 3 conformer 2 found, using single point gas phase energy from cosmo file

 Compound Information for compound 3 conformer 3 (COSMO file V:\groups\COSMOTHERM-Datenbank\COSMObase-1901\BP-TZVPD-FINE/l/lacticacid_c2.cosmo)
 Atomic weights         : 111111111111
 E_COSMO+dE             :    -215747.6065 kcal/mol
 E_gas                  :    -215739.4763 kcal/mol
 E_COSMO-E_gas+dE       :         -8.1301 kcal/mol
 E_diel                 :        -10.2144 kcal/mol
 E_disp_intramolecular  :         -7.8101 kcal/mol
 Averaging corr dE      :          0.7457 kcal/mol
 Area                   :        120.2417 A^2
 Volume                 :        106.5759 A^3
 Molecular Weight       :         90.0783 a.m.u.
 Total COSMO charge     :          0.0004 a.u.
 Dipole moment (t,x,y,z):          3.4208 -2.782781 -1.975225 -0.237114 Debye                            
 Sigma moments (1-6)    :          0.0000  8.17E+01 -9.493434  1.52E+02 -8.52E+01  4.02E+02              
 H-bond moment (accept) :          2.0796
 H-bond moment (donor)  :          3.5488
 
 No gas phase energy file for compound 3 conformer 3 found, using single point gas phase energy from cosmo file

 Compound Information for compound 3 conformer 4 (COSMO file V:\groups\COSMOTHERM-Datenbank\COSMObase-1901\BP-TZVPD-FINE/l/lacticacid_c3.cosmo)
 Atomic weights         : 111111111111
 E_COSMO+dE             :    -215746.1854 kcal/mol
 E_gas                  :    -215736.5699 kcal/mol
 E_COSMO-E_gas+dE       :         -9.6155 kcal/mol
 E_diel                 :        -12.0403 kcal/mol
 E_disp_intramolecular  :         -7.8263 kcal/mol
 Averaging corr dE      :          0.7985 kcal/mol
 Area                   :        121.2359 A^2
 Volume                 :        107.7258 A^3
 Molecular Weight       :         90.0783 a.m.u.
 Total COSMO charge     :          0.0004 a.u.
 Dipole moment (t,x,y,z):          2.6808  0.687585  1.222652  2.284563 Debye                            
 Sigma moments (1-6)    :          0.0000  9.52E+01 -9.279924  1.79E+02 -8.57E+01  4.42E+02              
 H-bond moment (accept) :          2.4742
 H-bond moment (donor)  :          4.7099
 
 No gas phase energy file for compound 3 conformer 4 found, using single point gas phase energy from cosmo file

 Compound Information for compound 3 conformer 5 (COSMO file V:\groups\COSMOTHERM-Datenbank\COSMObase-1901\BP-TZVPD-FINE/l/lacticacid_c4.cosmo)
 Atomic weights         : 111111111111
 E_COSMO+dE             :    -215746.0988 kcal/mol
 E_gas                  :    -215734.2469 kcal/mol
 E_COSMO-E_gas+dE       :        -11.8519 kcal/mol
 E_diel                 :        -15.4923 kcal/mol
 E_disp_intramolecular  :         -7.7365 kcal/mol
 Averaging corr dE      :          0.7497 kcal/mol
 Area                   :        121.4869 A^2
 Volume                 :        107.5139 A^3
 Molecular Weight       :         90.0783 a.m.u.
 Total COSMO charge     :          0.0001 a.u.
 Dipole moment (t,x,y,z):          4.5492 -2.507745 -3.769835  0.441697 Debye                            
 Sigma moments (1-6)    :          0.0000  1.05E+02 -0.628692  2.13E+02 -4.53E+01  5.50E+02              
 H-bond moment (accept) :          3.9249
 H-bond moment (donor)  :          4.9729
 
 No gas phase energy file for compound 3 conformer 5 found, using single point gas phase energy from cosmo file

 Compound Information for compound 3 conformer 6 (COSMO file V:\groups\COSMOTHERM-Datenbank\COSMObase-1901\BP-TZVPD-FINE/l/lacticacid_c5.cosmo)
 Atomic weights         : 111111111111
 E_COSMO+dE             :    -215746.0355 kcal/mol
 E_gas                  :    -215736.3775 kcal/mol
 E_COSMO-E_gas+dE       :         -9.6580 kcal/mol
 E_diel                 :        -12.1366 kcal/mol
 E_disp_intramolecular  :         -7.7279 kcal/mol
 Averaging corr dE      :          0.8020 kcal/mol
 Area                   :        121.1546 A^2
 Volume                 :        107.2976 A^3
 Molecular Weight       :         90.0783 a.m.u.
 Total COSMO charge     :          0.0004 a.u.
 Dipole moment (t,x,y,z):          1.9935 -1.037490 -1.370029  1.010343 Debye                            
 Sigma moments (1-6)    :          0.0000  9.63E+01 -1.07E+01  1.83E+02 -8.84E+01  4.53E+02              
 H-bond moment (accept) :          2.5251
 H-bond moment (donor)  :          4.6396
 
 No gas phase energy file for compound 3 conformer 6 found, using single point gas phase energy from cosmo file


 Total number of processed compounds:    3
 Total number of processed molecules:   15


----------------
 START job     1
----------------

 ---------------------------------------------------------------------
 Multi-Component-2-Phase-Equilibrium (Liquid Extraction) calculation
 Initial phase 1: X1={0.995949 0 0.004051}
 Initial phase 2: X2={0 1}
 ---------------------------------------------------------------------



 Results for mixture 1 - LIQ_EX Phase 1 Iteration    0
 ---------------------
 Temperature          :    293.150 K
 Compound Nr.         :         1         2         3
 Compound             :       h2o 3-heptano lacticaci
 Mole Fraction        :    0.9959    0.0000    0.0041

 Compound: 1  (h2o)
 Chemical potential of the compound in the mixture :         2.88312 kcal/mol
 Log10(partial pressure [mbar])                    :         0.99136
 Free energy of molecule in mix (E_COSMO+dE+Mu)    :    -47990.37015 kcal/mol
 Total mean interaction energy in the mix (H_int)  :        -5.86214 kcal/mol
 Misfit interaction energy in the mix (H_MF)       :         0.54834 kcal/mol
 H-Bond interaction energy in the mix (H_HB)       :        -4.97523 kcal/mol
 VdW interaction energy in the mix (H_vdW)         :        -4.36730 kcal/mol
 Gas liquid transition energy in the mix (H_glt)   :         2.93205 kcal/mol

 Compound: 2  (3-heptanol)
 Chemical potential of the compound in the mixture :         3.36975 kcal/mol
 Log10(partial pressure [mbar])                    :         2.93937
 Free energy of molecule in mix (E_COSMO+dE+Mu)    :   -220747.16784 kcal/mol
 Total mean interaction energy in the mix (H_int)  :       -10.31973 kcal/mol
 Misfit interaction energy in the mix (H_MF)       :         2.45715 kcal/mol
 H-Bond interaction energy in the mix (H_HB)       :        -4.23014 kcal/mol
 VdW interaction energy in the mix (H_vdW)         :       -20.82731 kcal/mol
 Gas liquid transition energy in the mix (H_glt)   :        12.21004 kcal/mol

 Compound: 3  (lacticacid)
 Chemical potential of the compound in the mixture :         3.59583 kcal/mol
 Log10(partial pressure [mbar])                    :        -1.66742
 Free energy of molecule in mix (E_COSMO+dE+Mu)    :   -215745.08432 kcal/mol
 Total mean interaction energy in the mix (H_int)  :        -8.51294 kcal/mol
 Misfit interaction energy in the mix (H_MF)       :         1.78621 kcal/mol
 H-Bond interaction energy in the mix (H_HB)       :        -7.43497 kcal/mol
 VdW interaction energy in the mix (H_vdW)         :       -13.39011 kcal/mol
 Gas liquid transition energy in the mix (H_glt)   :         8.25184 kcal/mol



 Compound: 1 Conformer: 1 (h2o_c0)
 Chemical potential of the molecule in the mixture :         2.88312 kcal/mol
 Log10(partial pressure [mbar])                    :         0.99136
 Free energy of molecule in mix (E_COSMO+dE+Mu)    :    -47990.37015 kcal/mol
 Total mean interaction energy in the mix          :        -5.86214 kcal/mol
 Misfit interaction energy in the mix              :         0.54834 kcal/mol
 H-Bond interaction energy in the mix              :        -4.97523 kcal/mol
 VdW interaction energy in the mix                 :        -4.36730 kcal/mol
 Gas liquid transition energy in the mix (H_glt)   :         2.93205 kcal/mol
 Normalized weight factor of molecule in compound  :         1.00000
 Normalized weight factor of molecule in gas phase :         1.00000

 Compound: 2 Conformer: 1 (3-heptanol_c0)
 Chemical potential of the molecule in the mixture :         4.65541 kcal/mol
 Log10(partial pressure [mbar])                    :         3.24347
 Free energy of molecule in mix (E_COSMO+dE+Mu)    :   -220745.83321 kcal/mol
 Total mean interaction energy in the mix          :       -10.23686 kcal/mol
 Misfit interaction energy in the mix              :         2.42159 kcal/mol
 H-Bond interaction energy in the mix              :        -3.96815 kcal/mol
 VdW interaction energy in the mix                 :       -20.90035 kcal/mol
 Gas liquid transition energy in the mix (H_glt)   :        12.21004 kcal/mol
 Normalized weight factor of molecule in compound  :         0.10116
 Normalized weight factor of molecule in gas phase :         0.17473

 Compound: 2 Conformer: 2 (3-heptanol_c1)
 Chemical potential of the molecule in the mixture :         4.74651 kcal/mol
 Log10(partial pressure [mbar])                    :         3.33282
 Free energy of molecule in mix (E_COSMO+dE+Mu)    :   -220745.77191 kcal/mol
 Total mean interaction energy in the mix          :       -10.11919 kcal/mol
 Misfit interaction energy in the mix              :         2.47810 kcal/mol
 H-Bond interaction energy in the mix              :        -3.91818 kcal/mol
 VdW interaction energy in the mix                 :       -20.88915 kcal/mol
 Gas liquid transition energy in the mix (H_glt)   :        12.21004 kcal/mol
 Normalized weight factor of molecule in compound  :         0.09106
 Normalized weight factor of molecule in gas phase :         0.19532

 Compound: 2 Conformer: 3 (3-heptanol_c2)
 Chemical potential of the molecule in the mixture :         4.82601 kcal/mol
 Log10(partial pressure [mbar])                    :         3.27912
 Free energy of molecule in mix (E_COSMO+dE+Mu)    :   -220745.69380 kcal/mol
 Total mean interaction energy in the mix          :       -10.21151 kcal/mol
 Misfit interaction energy in the mix              :         2.42580 kcal/mol
 H-Bond interaction energy in the mix              :        -3.93404 kcal/mol
 VdW interaction energy in the mix                 :       -20.91331 kcal/mol
 Gas liquid transition energy in the mix (H_glt)   :        12.21004 kcal/mol
 Normalized weight factor of molecule in compound  :         0.07963
 Normalized weight factor of molecule in gas phase :         0.17000

 Compound: 2 Conformer: 4 (3-heptanol_c3)
 Chemical potential of the molecule in the mixture :         4.43742 kcal/mol
 Log10(partial pressure [mbar])                    :         2.85772
 Free energy of molecule in mix (E_COSMO+dE+Mu)    :   -220745.99281 kcal/mol
 Total mean interaction energy in the mix          :       -10.48175 kcal/mol
 Misfit interaction energy in the mix              :         2.46349 kcal/mol
 H-Bond interaction energy in the mix              :        -4.24974 kcal/mol
 VdW interaction energy in the mix                 :       -20.90554 kcal/mol
 Gas liquid transition energy in the mix (H_glt)   :        12.21004 kcal/mol
 Normalized weight factor of molecule in compound  :         0.13305
 Normalized weight factor of molecule in gas phase :         0.10306

 Compound: 2 Conformer: 5 (3-heptanol_c4)
 Chemical potential of the molecule in the mixture :         4.27970 kcal/mol
 Log10(partial pressure [mbar])                    :         2.71483
 Free energy of molecule in mix (E_COSMO+dE+Mu)    :   -220746.25790 kcal/mol
 Total mean interaction energy in the mix          :       -10.53315 kcal/mol
 Misfit interaction energy in the mix              :         2.47365 kcal/mol
 H-Bond interaction energy in the mix              :        -4.39690 kcal/mol
 VdW interaction energy in the mix                 :       -20.81994 kcal/mol
 Gas liquid transition energy in the mix (H_glt)   :        12.21004 kcal/mol
 Normalized weight factor of molecule in compound  :         0.20971
 Normalized weight factor of molecule in gas phase :         0.10362

 Compound: 2 Conformer: 6 (3-heptanol_c5)
 Chemical potential of the molecule in the mixture :         4.38406 kcal/mol
 Log10(partial pressure [mbar])                    :         2.81191
 Free energy of molecule in mix (E_COSMO+dE+Mu)    :   -220746.00634 kcal/mol
 Total mean interaction energy in the mix          :       -10.45697 kcal/mol
 Misfit interaction energy in the mix              :         2.44862 kcal/mol
 H-Bond interaction energy in the mix              :        -4.22103 kcal/mol
 VdW interaction energy in the mix                 :       -20.89460 kcal/mol
 Gas liquid transition energy in the mix (H_glt)   :        12.21004 kcal/mol
 Normalized weight factor of molecule in compound  :         0.13617
 Normalized weight factor of molecule in gas phase :         0.09651

 Compound: 2 Conformer: 7 (3-heptanol_c6)
 Chemical potential of the molecule in the mixture :         4.39571 kcal/mol
 Log10(partial pressure [mbar])                    :         2.77150
 Free energy of molecule in mix (E_COSMO+dE+Mu)    :   -220746.10162 kcal/mol
 Total mean interaction energy in the mix          :       -10.46524 kcal/mol
 Misfit interaction energy in the mix              :         2.49507 kcal/mol
 H-Bond interaction energy in the mix              :        -4.39119 kcal/mol
 VdW interaction energy in the mix                 :       -20.77917 kcal/mol
 Gas liquid transition energy in the mix (H_glt)   :        12.21004 kcal/mol
 Normalized weight factor of molecule in compound  :         0.16037
 Normalized weight factor of molecule in gas phase :         0.08757

 Compound: 2 Conformer: 8 (3-heptanol_c7)
 Chemical potential of the molecule in the mixture :         4.53673 kcal/mol
 Log10(partial pressure [mbar])                    :         2.84379
 Free energy of molecule in mix (E_COSMO+dE+Mu)    :   -220745.75754 kcal/mol
 Total mean interaction energy in the mix          :       -10.29102 kcal/mol
 Misfit interaction energy in the mix              :         2.40050 kcal/mol
 H-Bond interaction energy in the mix              :        -4.41385 kcal/mol
 VdW interaction energy in the mix                 :       -20.48771 kcal/mol
 Gas liquid transition energy in the mix (H_glt)   :        12.21004 kcal/mol
 Normalized weight factor of molecule in compound  :         0.08884
 Normalized weight factor of molecule in gas phase :         0.06919

 Compound: 3 Conformer: 1 (lacticacid_c0)
 Chemical potential of the molecule in the mixture :         5.53149 kcal/mol
 Log10(partial pressure [mbar])                    :        -1.46501
 Free energy of molecule in mix (E_COSMO+dE+Mu)    :   -215743.14865 kcal/mol
 Total mean interaction energy in the mix          :        -7.84628 kcal/mol
 Misfit interaction energy in the mix              :         1.82292 kcal/mol
 H-Bond interaction energy in the mix              :        -4.58127 kcal/mol
 VdW interaction energy in the mix                 :       -13.33978 kcal/mol
 Gas liquid transition energy in the mix (H_glt)   :         8.25184 kcal/mol
 Normalized weight factor of molecule in compound  :         0.03605
 Normalized weight factor of molecule in gas phase :         0.00476

 Compound: 3 Conformer: 2 (lacticacid_c1)
 Chemical potential of the molecule in the mixture :         5.68713 kcal/mol
 Log10(partial pressure [mbar])                    :        -0.93196
 Free energy of molecule in mix (E_COSMO+dE+Mu)    :   -215742.81152 kcal/mol
 Total mean interaction energy in the mix          :        -7.38048 kcal/mol
 Misfit interaction energy in the mix              :         1.94454 kcal/mol
 H-Bond interaction energy in the mix              :        -4.25856 kcal/mol
 VdW interaction energy in the mix                 :       -13.31829 kcal/mol
 Gas liquid transition energy in the mix (H_glt)   :         8.25184 kcal/mol
 Normalized weight factor of molecule in compound  :         0.02021
 Normalized weight factor of molecule in gas phase :         0.00936

 Compound: 3 Conformer: 3 (lacticacid_c2)
 Chemical potential of the molecule in the mixture :         3.83327 kcal/mol
 Log10(partial pressure [mbar])                    :        -0.20335
 Free energy of molecule in mix (E_COSMO+dE+Mu)    :   -215743.77319 kcal/mol
 Total mean interaction energy in the mix          :        -8.50260 kcal/mol
 Misfit interaction energy in the mix              :         1.86509 kcal/mol
 H-Bond interaction energy in the mix              :        -5.21507 kcal/mol
 VdW interaction energy in the mix                 :       -13.40446 kcal/mol
 Gas liquid transition energy in the mix (H_glt)   :         8.25184 kcal/mol
 Normalized weight factor of molecule in compound  :         0.10533
 Normalized weight factor of molecule in gas phase :         0.94961

 Compound: 3 Conformer: 4 (lacticacid_c3)
 Chemical potential of the molecule in the mixture :         2.03000 kcal/mol
 Log10(partial pressure [mbar])                    :        -2.65507
 Free energy of molecule in mix (E_COSMO+dE+Mu)    :   -215744.15543 kcal/mol
 Total mean interaction energy in the mix          :       -10.72524 kcal/mol
 Misfit interaction energy in the mix              :         1.78869 kcal/mol
 H-Bond interaction energy in the mix              :        -7.38901 kcal/mol
 VdW interaction energy in the mix                 :       -13.37676 kcal/mol
 Gas liquid transition energy in the mix (H_glt)   :         8.25184 kcal/mol
 Normalized weight factor of molecule in compound  :         0.20301
 Normalized weight factor of molecule in gas phase :         0.02089

 Compound: 3 Conformer: 5 (lacticacid_c4)
 Chemical potential of the molecule in the mixture :         1.45893 kcal/mol
 Log10(partial pressure [mbar])                    :        -4.74803
 Free energy of molecule in mix (E_COSMO+dE+Mu)    :   -215744.63990 kcal/mol
 Total mean interaction energy in the mix          :       -11.69801 kcal/mol
 Misfit interaction energy in the mix              :         1.76644 kcal/mol
 H-Bond interaction energy in the mix              :        -8.31964 kcal/mol
 VdW interaction energy in the mix                 :       -13.39665 kcal/mol
 Gas liquid transition energy in the mix (H_glt)   :         8.25184 kcal/mol
 Normalized weight factor of molecule in compound  :         0.46632
 Normalized weight factor of molecule in gas phase :         0.00039

 Compound: 3 Conformer: 6 (lacticacid_c5)
 Chemical potential of the molecule in the mixture :         1.98657 kcal/mol
 Log10(partial pressure [mbar])                    :        -2.71911
 Free energy of molecule in mix (E_COSMO+dE+Mu)    :   -215744.04889 kcal/mol
 Total mean interaction energy in the mix          :       -10.80606 kcal/mol
 Misfit interaction energy in the mix              :         1.76191 kcal/mol
 H-Bond interaction energy in the mix              :        -7.42132 kcal/mol
 VdW interaction energy in the mix                 :       -13.39849 kcal/mol
 Gas liquid transition energy in the mix (H_glt)   :         8.25184 kcal/mol
 Normalized weight factor of molecule in compound  :         0.16908
 Normalized weight factor of molecule in gas phase :         0.01500




 Results for mixture 2 - LIQ_EX Phase 2 Iteration    0
 ---------------------
 Temperature          :    293.150 K
 Compound Nr.         :         1         2         3
 Compound             :       h2o 3-heptano lacticaci
 Mole Fraction        :    0.0000    1.0000    0.0000

 Compound: 1  (h2o)
 Chemical potential of the compound in the mixture :         3.87135 kcal/mol
 Log10(partial pressure [mbar])                    :         1.72810
 Free energy of molecule in mix (E_COSMO+dE+Mu)    :    -47989.38192 kcal/mol
 Total mean interaction energy in the mix (H_int)  :        -5.16509 kcal/mol
 Misfit interaction energy in the mix (H_MF)       :         1.29383 kcal/mol
 H-Bond interaction energy in the mix (H_HB)       :        -4.71413 kcal/mol
 VdW interaction energy in the mix (H_vdW)         :        -4.67685 kcal/mol
 Gas liquid transition energy in the mix (H_glt)   :         2.93205 kcal/mol
 Equilibrium constant Kx(1,2)                      :         5.45424
 Equilibrium concentration x_k(1,2)                :         0.84506

 Compound: 2  (3-heptanol)
 Chemical potential of the compound in the mixture :        -0.70913 kcal/mol
 Log10(partial pressure [mbar])                    :        -0.10148
 Free energy of molecule in mix (E_COSMO+dE+Mu)    :   -220751.24673 kcal/mol
 Total mean interaction energy in the mix (H_int)  :        -9.68320 kcal/mol
 Misfit interaction energy in the mix (H_MF)       :         2.08375 kcal/mol
 H-Bond interaction energy in the mix (H_HB)       :        -2.41086 kcal/mol
 VdW interaction energy in the mix (H_vdW)         :       -21.65231 kcal/mol
 Gas liquid transition energy in the mix (H_glt)   :        12.21004 kcal/mol
 Equilibrium constant Kx(1,2)                      :  9.10243726E-04
 Equilibrium concentration x_k(1,2)                :         0.00091

 Compound: 3  (lacticacid)
 Chemical potential of the compound in the mixture :         3.84826 kcal/mol
 Log10(partial pressure [mbar])                    :        -1.47923
 Free energy of molecule in mix (E_COSMO+dE+Mu)    :   -215744.83188 kcal/mol
 Total mean interaction energy in the mix (H_int)  :        -5.73231 kcal/mol
 Misfit interaction energy in the mix (H_MF)       :         2.61683 kcal/mol
 H-Bond interaction energy in the mix (H_HB)       :        -3.84719 kcal/mol
 VdW interaction energy in the mix (H_vdW)         :       -14.17819 kcal/mol
 Gas liquid transition energy in the mix (H_glt)   :         8.25184 kcal/mol
 Equilibrium constant Kx(1,2)                      :         1.54239
 Equilibrium concentration x_k(1,2)                :         0.60667



 Compound: 1 Conformer: 1 (h2o_c0)
 Chemical potential of the molecule in the mixture :         3.87135 kcal/mol
 Log10(partial pressure [mbar])                    :         1.72810
 Free energy of molecule in mix (E_COSMO+dE+Mu)    :    -47989.38192 kcal/mol
 Total mean interaction energy in the mix          :        -5.16509 kcal/mol
 Misfit interaction energy in the mix              :         1.29383 kcal/mol
 H-Bond interaction energy in the mix              :        -4.71413 kcal/mol
 VdW interaction energy in the mix                 :        -4.67685 kcal/mol
 Gas liquid transition energy in the mix (H_glt)   :         2.93205 kcal/mol
 Normalized weight factor of molecule in compound  :         1.00000
 Normalized weight factor of molecule in gas phase :         1.00000

 Compound: 2 Conformer: 1 (3-heptanol_c0)
 Chemical potential of the molecule in the mixture :         0.56558 kcal/mol
 Log10(partial pressure [mbar])                    :         0.19447
 Free energy of molecule in mix (E_COSMO+dE+Mu)    :   -220749.92304 kcal/mol
 Total mean interaction energy in the mix          :        -9.48043 kcal/mol
 Misfit interaction energy in the mix              :         2.08758 kcal/mol
 H-Bond interaction energy in the mix              :        -2.07958 kcal/mol
 VdW interaction energy in the mix                 :       -21.69846 kcal/mol
 Gas liquid transition energy in the mix (H_glt)   :        12.21004 kcal/mol
 Normalized weight factor of molecule in compound  :         0.10308
 Normalized weight factor of molecule in gas phase :         0.17473

 Compound: 2 Conformer: 2 (3-heptanol_c1)
 Chemical potential of the molecule in the mixture :         0.59855 kcal/mol
 Log10(partial pressure [mbar])                    :         0.24048
 Free energy of molecule in mix (E_COSMO+dE+Mu)    :   -220749.91988 kcal/mol
 Total mean interaction energy in the mix          :        -9.41829 kcal/mol
 Misfit interaction energy in the mix              :         2.09887 kcal/mol
 H-Bond interaction energy in the mix              :        -2.04171 kcal/mol
 VdW interaction energy in the mix                 :       -21.68549 kcal/mol
 Gas liquid transition energy in the mix (H_glt)   :        12.21004 kcal/mol
 Normalized weight factor of molecule in compound  :         0.10252
 Normalized weight factor of molecule in gas phase :         0.19532

 Compound: 2 Conformer: 3 (3-heptanol_c2)
 Chemical potential of the molecule in the mixture :         0.41315 kcal/mol
 Log10(partial pressure [mbar])                    :        -0.01070
 Free energy of molecule in mix (E_COSMO+dE+Mu)    :   -220750.10665 kcal/mol
 Total mean interaction energy in the mix          :        -9.32721 kcal/mol
 Misfit interaction energy in the mix              :         2.10771 kcal/mol
 H-Bond interaction energy in the mix              :        -1.94764 kcal/mol
 VdW interaction energy in the mix                 :       -21.69731 kcal/mol
 Gas liquid transition energy in the mix (H_glt)   :        12.21004 kcal/mol
 Normalized weight factor of molecule in compound  :         0.14127
 Normalized weight factor of molecule in gas phase :         0.17000

 Compound: 2 Conformer: 4 (3-heptanol_c3)
 Chemical potential of the molecule in the mixture :         0.06887 kcal/mol
 Log10(partial pressure [mbar])                    :        -0.39906
 Free energy of molecule in mix (E_COSMO+dE+Mu)    :   -220750.36136 kcal/mol
 Total mean interaction energy in the mix          :       -10.15123 kcal/mol
 Misfit interaction energy in the mix              :         2.04828 kcal/mol
 H-Bond interaction energy in the mix              :        -2.70417 kcal/mol
 VdW interaction energy in the mix                 :       -21.70538 kcal/mol
 Gas liquid transition energy in the mix (H_glt)   :        12.21004 kcal/mol
 Normalized weight factor of molecule in compound  :         0.21875
 Normalized weight factor of molecule in gas phase :         0.10306

 Compound: 2 Conformer: 5 (3-heptanol_c4)
 Chemical potential of the molecule in the mixture :         0.76906 kcal/mol
 Log10(partial pressure [mbar])                    :         0.09762
 Free energy of molecule in mix (E_COSMO+dE+Mu)    :   -220749.76854 kcal/mol
 Total mean interaction energy in the mix          :        -9.55129 kcal/mol
 Misfit interaction energy in the mix              :         2.16145 kcal/mol
 H-Bond interaction energy in the mix              :        -2.28815 kcal/mol
 VdW interaction energy in the mix                 :       -21.63463 kcal/mol
 Gas liquid transition energy in the mix (H_glt)   :        12.21004 kcal/mol
 Normalized weight factor of molecule in compound  :         0.07907
 Normalized weight factor of molecule in gas phase :         0.10362

 Compound: 2 Conformer: 6 (3-heptanol_c5)
 Chemical potential of the molecule in the mixture :         0.05597 kcal/mol
 Log10(partial pressure [mbar])                    :        -0.41471
 Free energy of molecule in mix (E_COSMO+dE+Mu)    :   -220750.33443 kcal/mol
 Total mean interaction energy in the mix          :       -10.15199 kcal/mol
 Misfit interaction energy in the mix              :         2.04689 kcal/mol
 H-Bond interaction energy in the mix              :        -2.71077 kcal/mol
 VdW interaction energy in the mix                 :       -21.69816 kcal/mol
 Gas liquid transition energy in the mix (H_glt)   :        12.21004 kcal/mol
 Normalized weight factor of molecule in compound  :         0.20887
 Normalized weight factor of molecule in gas phase :         0.09651

 Compound: 2 Conformer: 7 (3-heptanol_c6)
 Chemical potential of the molecule in the mixture :         0.84223 kcal/mol
 Log10(partial pressure [mbar])                    :         0.12236
 Free energy of molecule in mix (E_COSMO+dE+Mu)    :   -220749.65510 kcal/mol
 Total mean interaction energy in the mix          :        -9.53137 kcal/mol
 Misfit interaction energy in the mix              :         2.17186 kcal/mol
 H-Bond interaction energy in the mix              :        -2.32106 kcal/mol
 VdW interaction energy in the mix                 :       -21.59221 kcal/mol
 Gas liquid transition energy in the mix (H_glt)   :        12.21004 kcal/mol
 Normalized weight factor of molecule in compound  :         0.06508
 Normalized weight factor of molecule in gas phase :         0.08757

 Compound: 2 Conformer: 8 (3-heptanol_c7)
 Chemical potential of the molecule in the mixture :         0.50907 kcal/mol
 Log10(partial pressure [mbar])                    :        -0.15886
 Free energy of molecule in mix (E_COSMO+dE+Mu)    :   -220749.78520 kcal/mol
 Total mean interaction energy in the mix          :        -9.73907 kcal/mol
 Misfit interaction energy in the mix              :         2.06228 kcal/mol
 H-Bond interaction energy in the mix              :        -2.73264 kcal/mol
 VdW interaction energy in the mix                 :       -21.27876 kcal/mol
 Gas liquid transition energy in the mix (H_glt)   :        12.21004 kcal/mol
 Normalized weight factor of molecule in compound  :         0.08136
 Normalized weight factor of molecule in gas phase :         0.06919

 Compound: 3 Conformer: 1 (lacticacid_c0)
 Chemical potential of the molecule in the mixture :         5.57844 kcal/mol
 Log10(partial pressure [mbar])                    :        -1.43000
 Free energy of molecule in mix (E_COSMO+dE+Mu)    :   -215743.10170 kcal/mol
 Total mean interaction energy in the mix          :        -5.61340 kcal/mol
 Misfit interaction energy in the mix              :         3.22836 kcal/mol
 H-Bond interaction energy in the mix              :        -2.95771 kcal/mol
 VdW interaction energy in the mix                 :       -14.13590 kcal/mol
 Gas liquid transition energy in the mix (H_glt)   :         8.25184 kcal/mol
 Normalized weight factor of molecule in compound  :         0.05130
 Normalized weight factor of molecule in gas phase :         0.00476

 Compound: 3 Conformer: 2 (lacticacid_c1)
 Chemical potential of the molecule in the mixture :         6.06214 kcal/mol
 Log10(partial pressure [mbar])                    :        -0.65238
 Free energy of molecule in mix (E_COSMO+dE+Mu)    :   -215742.43651 kcal/mol
 Total mean interaction energy in the mix          :        -5.21180 kcal/mol
 Misfit interaction energy in the mix              :         3.19915 kcal/mol
 H-Bond interaction energy in the mix              :        -2.55220 kcal/mol
 VdW interaction energy in the mix                 :       -14.11060 kcal/mol
 Gas liquid transition energy in the mix (H_glt)   :         8.25184 kcal/mol
 Normalized weight factor of molecule in compound  :         0.01638
 Normalized weight factor of molecule in gas phase :         0.00936

 Compound: 3 Conformer: 3 (lacticacid_c2)
 Chemical potential of the molecule in the mixture :         3.02408 kcal/mol
 Log10(partial pressure [mbar])                    :        -0.80661
 Free energy of molecule in mix (E_COSMO+dE+Mu)    :   -215744.58239 kcal/mol
 Total mean interaction energy in the mix          :        -6.95150 kcal/mol
 Misfit interaction energy in the mix              :         2.45107 kcal/mol
 H-Bond interaction energy in the mix              :        -3.47948 kcal/mol
 VdW interaction energy in the mix                 :       -14.17494 kcal/mol
 Gas liquid transition energy in the mix (H_glt)   :         8.25184 kcal/mol
 Normalized weight factor of molecule in compound  :         0.65163
 Normalized weight factor of molecule in gas phase :         0.94961

 Compound: 3 Conformer: 4 (lacticacid_c3)
 Chemical potential of the molecule in the mixture :         2.64900 kcal/mol
 Log10(partial pressure [mbar])                    :        -2.19360
 Free energy of molecule in mix (E_COSMO+dE+Mu)    :   -215743.53643 kcal/mol
 Total mean interaction energy in the mix          :        -7.89835 kcal/mol
 Misfit interaction energy in the mix              :         2.77597 kcal/mol
 H-Bond interaction energy in the mix              :        -4.75097 kcal/mol
 VdW interaction energy in the mix                 :       -14.17519 kcal/mol
 Gas liquid transition energy in the mix (H_glt)   :         8.25184 kcal/mol
 Normalized weight factor of molecule in compound  :         0.10820
 Normalized weight factor of molecule in gas phase :         0.02089

 Compound: 3 Conformer: 5 (lacticacid_c4)
 Chemical potential of the molecule in the mixture :         2.83106 kcal/mol
 Log10(partial pressure [mbar])                    :        -3.72510
 Free energy of molecule in mix (E_COSMO+dE+Mu)    :   -215743.26777 kcal/mol
 Total mean interaction energy in the mix          :        -8.11238 kcal/mol
 Misfit interaction energy in the mix              :         3.14368 kcal/mol
 H-Bond interaction energy in the mix              :        -5.28426 kcal/mol
 VdW interaction energy in the mix                 :       -14.22365 kcal/mol
 Gas liquid transition energy in the mix (H_glt)   :         8.25184 kcal/mol
 Normalized weight factor of molecule in compound  :         0.06823
 Normalized weight factor of molecule in gas phase :         0.00039

 Compound: 3 Conformer: 6 (lacticacid_c5)
 Chemical potential of the molecule in the mixture :         2.52064 kcal/mol
 Log10(partial pressure [mbar])                    :        -2.32096
 Free energy of molecule in mix (E_COSMO+dE+Mu)    :   -215743.51483 kcal/mol
 Total mean interaction energy in the mix          :        -8.10908 kcal/mol
 Misfit interaction energy in the mix              :         2.75049 kcal/mol
 H-Bond interaction energy in the mix              :        -4.90813 kcal/mol
 VdW interaction energy in the mix                 :       -14.20328 kcal/mol
 Gas liquid transition energy in the mix (H_glt)   :         8.25184 kcal/mol
 Normalized weight factor of molecule in compound  :         0.10426
 Normalized weight factor of molecule in gas phase :         0.01500




 Results for mixture 3 - LIQ_EX Phase 1 Iteration    1
 ---------------------
 Temperature          :    293.150 K
 Compound Nr.         :         1         2         3
 Compound             :       h2o 3-heptano lacticaci
 Mole Fraction        :    0.9960    0.0011    0.0029

 Compound: 1  (h2o)
 Chemical potential of the compound in the mixture :         2.88318 kcal/mol
 Log10(partial pressure [mbar])                    :         0.99140
 Free energy of molecule in mix (E_COSMO+dE+Mu)    :    -47990.37010 kcal/mol
 Total mean interaction energy in the mix (H_int)  :        -5.86285 kcal/mol
 Misfit interaction energy in the mix (H_MF)       :         0.54775 kcal/mol
 H-Bond interaction energy in the mix (H_HB)       :        -4.97493 kcal/mol
 VdW interaction energy in the mix (H_vdW)         :        -4.36772 kcal/mol
 Gas liquid transition energy in the mix (H_glt)   :         2.93205 kcal/mol

 Compound: 2  (3-heptanol)
 Chemical potential of the compound in the mixture :         3.33860 kcal/mol
 Log10(partial pressure [mbar])                    :         2.91614
 Free energy of molecule in mix (E_COSMO+dE+Mu)    :   -220747.19900 kcal/mol
 Total mean interaction energy in the mix (H_int)  :       -10.32611 kcal/mol
 Misfit interaction energy in the mix (H_MF)       :         2.45150 kcal/mol
 H-Bond interaction energy in the mix (H_HB)       :        -4.22943 kcal/mol
 VdW interaction energy in the mix (H_vdW)         :       -20.82874 kcal/mol
 Gas liquid transition energy in the mix (H_glt)   :        12.21004 kcal/mol

 Compound: 3  (lacticacid)
 Chemical potential of the compound in the mixture :         3.58482 kcal/mol
 Log10(partial pressure [mbar])                    :        -1.67563
 Free energy of molecule in mix (E_COSMO+dE+Mu)    :   -215745.09532 kcal/mol
 Total mean interaction energy in the mix (H_int)  :        -8.51311 kcal/mol
 Misfit interaction energy in the mix (H_MF)       :         1.78705 kcal/mol
 H-Bond interaction energy in the mix (H_HB)       :        -7.43363 kcal/mol
 VdW interaction energy in the mix (H_vdW)         :       -13.39186 kcal/mol
 Gas liquid transition energy in the mix (H_glt)   :         8.25184 kcal/mol



 Compound: 1 Conformer: 1 (h2o_c0)
 Chemical potential of the molecule in the mixture :         2.88318 kcal/mol
 Log10(partial pressure [mbar])                    :         0.99140
 Free energy of molecule in mix (E_COSMO+dE+Mu)    :    -47990.37010 kcal/mol
 Total mean interaction energy in the mix          :        -5.86285 kcal/mol
 Misfit interaction energy in the mix              :         0.54775 kcal/mol
 H-Bond interaction energy in the mix              :        -4.97493 kcal/mol
 VdW interaction energy in the mix                 :        -4.36772 kcal/mol
 Gas liquid transition energy in the mix (H_glt)   :         2.93205 kcal/mol
 Normalized weight factor of molecule in compound  :         1.00000
 Normalized weight factor of molecule in gas phase :         1.00000

 Compound: 2 Conformer: 1 (3-heptanol_c0)
 Chemical potential of the molecule in the mixture :         4.62398 kcal/mol
 Log10(partial pressure [mbar])                    :         3.22004
 Free energy of molecule in mix (E_COSMO+dE+Mu)    :   -220745.86464 kcal/mol
 Total mean interaction energy in the mix          :       -10.24304 kcal/mol
 Misfit interaction energy in the mix              :         2.41607 kcal/mol
 H-Bond interaction energy in the mix              :        -3.96744 kcal/mol
 VdW interaction energy in the mix                 :       -20.90171 kcal/mol
 Gas liquid transition energy in the mix (H_glt)   :        12.21004 kcal/mol
 Normalized weight factor of molecule in compound  :         0.10121
 Normalized weight factor of molecule in gas phase :         0.17473

 Compound: 2 Conformer: 2 (3-heptanol_c1)
 Chemical potential of the molecule in the mixture :         4.71505 kcal/mol
 Log10(partial pressure [mbar])                    :         3.30936
 Free energy of molecule in mix (E_COSMO+dE+Mu)    :   -220745.80337 kcal/mol
 Total mean interaction energy in the mix          :       -10.12547 kcal/mol
 Misfit interaction energy in the mix              :         2.47239 kcal/mol
 H-Bond interaction energy in the mix              :        -3.91739 kcal/mol
 VdW interaction energy in the mix                 :       -20.89051 kcal/mol
 Gas liquid transition energy in the mix (H_glt)   :        12.21004 kcal/mol
 Normalized weight factor of molecule in compound  :         0.09111
 Normalized weight factor of molecule in gas phase :         0.19532

 Compound: 2 Conformer: 3 (3-heptanol_c2)
 Chemical potential of the molecule in the mixture :         4.79412 kcal/mol
 Log10(partial pressure [mbar])                    :         3.25535
 Free energy of molecule in mix (E_COSMO+dE+Mu)    :   -220745.72568 kcal/mol
 Total mean interaction energy in the mix          :       -10.21833 kcal/mol
 Misfit interaction energy in the mix              :         2.42000 kcal/mol
 H-Bond interaction energy in the mix              :        -3.93374 kcal/mol
 VdW interaction energy in the mix                 :       -20.91464 kcal/mol
 Gas liquid transition energy in the mix (H_glt)   :        12.21004 kcal/mol
 Normalized weight factor of molecule in compound  :         0.07973
 Normalized weight factor of molecule in gas phase :         0.17000

 Compound: 2 Conformer: 4 (3-heptanol_c3)
 Chemical potential of the molecule in the mixture :         4.40630 kcal/mol
 Log10(partial pressure [mbar])                    :         2.83452
 Free energy of molecule in mix (E_COSMO+dE+Mu)    :   -220746.02393 kcal/mol
 Total mean interaction energy in the mix          :       -10.48806 kcal/mol
 Misfit interaction energy in the mix              :         2.45787 kcal/mol
 H-Bond interaction energy in the mix              :        -4.24912 kcal/mol
 VdW interaction energy in the mix                 :       -20.90685 kcal/mol
 Gas liquid transition energy in the mix (H_glt)   :        12.21004 kcal/mol
 Normalized weight factor of molecule in compound  :         0.13304
 Normalized weight factor of molecule in gas phase :         0.10306

 Compound: 2 Conformer: 5 (3-heptanol_c4)
 Chemical potential of the molecule in the mixture :         4.24871 kcal/mol
 Log10(partial pressure [mbar])                    :         2.69173
 Free energy of molecule in mix (E_COSMO+dE+Mu)    :   -220746.28888 kcal/mol
 Total mean interaction energy in the mix          :       -10.53957 kcal/mol
 Misfit interaction energy in the mix              :         2.46799 kcal/mol
 H-Bond interaction energy in the mix              :        -4.39625 kcal/mol
 VdW interaction energy in the mix                 :       -20.82136 kcal/mol
 Gas liquid transition energy in the mix (H_glt)   :        12.21004 kcal/mol
 Normalized weight factor of molecule in compound  :         0.20965
 Normalized weight factor of molecule in gas phase :         0.10362

 Compound: 2 Conformer: 6 (3-heptanol_c5)
 Chemical potential of the molecule in the mixture :         4.35277 kcal/mol
 Log10(partial pressure [mbar])                    :         2.78858
 Free energy of molecule in mix (E_COSMO+dE+Mu)    :   -220746.03763 kcal/mol
 Total mean interaction energy in the mix          :       -10.46351 kcal/mol
 Misfit interaction energy in the mix              :         2.44297 kcal/mol
 H-Bond interaction energy in the mix              :        -4.22057 kcal/mol
 VdW interaction energy in the mix                 :       -20.89595 kcal/mol
 Gas liquid transition energy in the mix (H_glt)   :        12.21004 kcal/mol
 Normalized weight factor of molecule in compound  :         0.13620
 Normalized weight factor of molecule in gas phase :         0.09651

 Compound: 2 Conformer: 7 (3-heptanol_c6)
 Chemical potential of the molecule in the mixture :         4.36480 kcal/mol
 Log10(partial pressure [mbar])                    :         2.74846
 Free energy of molecule in mix (E_COSMO+dE+Mu)    :   -220746.13253 kcal/mol
 Total mean interaction energy in the mix          :       -10.47159 kcal/mol
 Misfit interaction energy in the mix              :         2.48941 kcal/mol
 H-Bond interaction energy in the mix              :        -4.39044 kcal/mol
 VdW interaction energy in the mix                 :       -20.78060 kcal/mol
 Gas liquid transition energy in the mix (H_glt)   :        12.21004 kcal/mol
 Normalized weight factor of molecule in compound  :         0.16030
 Normalized weight factor of molecule in gas phase :         0.08757

 Compound: 2 Conformer: 8 (3-heptanol_c7)
 Chemical potential of the molecule in the mixture :         4.50614 kcal/mol
 Log10(partial pressure [mbar])                    :         2.82099
 Free energy of molecule in mix (E_COSMO+dE+Mu)    :   -220745.78813 kcal/mol
 Total mean interaction energy in the mix          :       -10.29746 kcal/mol
 Misfit interaction energy in the mix              :         2.39492 kcal/mol
 H-Bond interaction energy in the mix              :        -4.41336 kcal/mol
 VdW interaction energy in the mix                 :       -20.48907 kcal/mol
 Gas liquid transition energy in the mix (H_glt)   :        12.21004 kcal/mol
 Normalized weight factor of molecule in compound  :         0.08875
 Normalized weight factor of molecule in gas phase :         0.06919

 Compound: 3 Conformer: 1 (lacticacid_c0)
 Chemical potential of the molecule in the mixture :         5.52087 kcal/mol
 Log10(partial pressure [mbar])                    :        -1.47293
 Free energy of molecule in mix (E_COSMO+dE+Mu)    :   -215743.15928 kcal/mol
 Total mean interaction energy in the mix          :        -7.84643 kcal/mol
 Misfit interaction energy in the mix              :         1.82465 kcal/mol
 H-Bond interaction energy in the mix              :        -4.58132 kcal/mol
 VdW interaction energy in the mix                 :       -13.34160 kcal/mol
 Gas liquid transition energy in the mix (H_glt)   :         8.25184 kcal/mol
 Normalized weight factor of molecule in compound  :         0.03603
 Normalized weight factor of molecule in gas phase :         0.00476

 Compound: 3 Conformer: 2 (lacticacid_c1)
 Chemical potential of the molecule in the mixture :         5.67661 kcal/mol
 Log10(partial pressure [mbar])                    :        -0.93980
 Free energy of molecule in mix (E_COSMO+dE+Mu)    :   -215742.82204 kcal/mol
 Total mean interaction energy in the mix          :        -7.38103 kcal/mol
 Misfit interaction energy in the mix              :         1.94566 kcal/mol
 H-Bond interaction energy in the mix              :        -4.25836 kcal/mol
 VdW interaction energy in the mix                 :       -13.32018 kcal/mol
 Gas liquid transition energy in the mix (H_glt)   :         8.25184 kcal/mol
 Normalized weight factor of molecule in compound  :         0.02020
 Normalized weight factor of molecule in gas phase :         0.00936

 Compound: 3 Conformer: 3 (lacticacid_c2)
 Chemical potential of the molecule in the mixture :         3.81976 kcal/mol
 Log10(partial pressure [mbar])                    :        -0.21342
 Free energy of molecule in mix (E_COSMO+dE+Mu)    :   -215743.78671 kcal/mol
 Total mean interaction energy in the mix          :        -8.50406 kcal/mol
 Misfit interaction energy in the mix              :         1.86519 kcal/mol
 H-Bond interaction energy in the mix              :        -5.21472 kcal/mol
 VdW interaction energy in the mix                 :       -13.40637 kcal/mol
 Gas liquid transition energy in the mix (H_glt)   :         8.25184 kcal/mol
 Normalized weight factor of molecule in compound  :         0.10578
 Normalized weight factor of molecule in gas phase :         0.94961

 Compound: 3 Conformer: 4 (lacticacid_c3)
 Chemical potential of the molecule in the mixture :         2.01876 kcal/mol
 Log10(partial pressure [mbar])                    :        -2.66344
 Free energy of molecule in mix (E_COSMO+dE+Mu)    :   -215744.16667 kcal/mol
 Total mean interaction energy in the mix          :       -10.72627 kcal/mol
 Misfit interaction energy in the mix              :         1.78934 kcal/mol
 H-Bond interaction energy in the mix              :        -7.38896 kcal/mol
 VdW interaction energy in the mix                 :       -13.37850 kcal/mol
 Gas liquid transition energy in the mix (H_glt)   :         8.25184 kcal/mol
 Normalized weight factor of molecule in compound  :         0.20309
 Normalized weight factor of molecule in gas phase :         0.02089

 Compound: 3 Conformer: 5 (lacticacid_c4)
 Chemical potential of the molecule in the mixture :         1.44860 kcal/mol
 Log10(partial pressure [mbar])                    :        -4.75573
 Free energy of molecule in mix (E_COSMO+dE+Mu)    :   -215744.65023 kcal/mol
 Total mean interaction energy in the mix          :       -11.69898 kcal/mol
 Misfit interaction energy in the mix              :         1.76742 kcal/mol
 H-Bond interaction energy in the mix              :        -8.31987 kcal/mol
 VdW interaction energy in the mix                 :       -13.39837 kcal/mol
 Gas liquid transition energy in the mix (H_glt)   :         8.25184 kcal/mol
 Normalized weight factor of molecule in compound  :         0.46578
 Normalized weight factor of molecule in gas phase :         0.00039

 Compound: 3 Conformer: 6 (lacticacid_c5)
 Chemical potential of the molecule in the mixture :         1.97539 kcal/mol
 Log10(partial pressure [mbar])                    :        -2.72745
 Free energy of molecule in mix (E_COSMO+dE+Mu)    :   -215744.06008 kcal/mol
 Total mean interaction energy in the mix          :       -10.80704 kcal/mol
 Misfit interaction energy in the mix              :         1.76253 kcal/mol
 H-Bond interaction energy in the mix              :        -7.42123 kcal/mol
 VdW interaction energy in the mix                 :       -13.40018 kcal/mol
 Gas liquid transition energy in the mix (H_glt)   :         8.25184 kcal/mol
 Normalized weight factor of molecule in compound  :         0.16913
 Normalized weight factor of molecule in gas phase :         0.01500




 Results for mixture 4 - LIQ_EX Phase 2 Iteration    1
 ---------------------
 Temperature          :    293.150 K
 Compound Nr.         :         1         2         3
 Compound             :       h2o 3-heptano lacticaci
 Mole Fraction        :    0.1336    0.8650    0.0014

 Compound: 1  (h2o)
 Chemical potential of the compound in the mixture :         3.72225 kcal/mol
 Log10(partial pressure [mbar])                    :         1.61694
 Free energy of molecule in mix (E_COSMO+dE+Mu)    :    -47989.53102 kcal/mol
 Total mean interaction energy in the mix (H_int)  :        -5.36241 kcal/mol
 Misfit interaction energy in the mix (H_MF)       :         1.10237 kcal/mol
 H-Bond interaction energy in the mix (H_HB)       :        -4.74346 kcal/mol
 VdW interaction energy in the mix (H_vdW)         :        -4.65337 kcal/mol
 Gas liquid transition energy in the mix (H_glt)   :         2.93205 kcal/mol
 Equilibrium constant Kx(1,2)                      :         4.22220
 Equilibrium concentration x_k(1,2)                :         0.80851

 Compound: 2  (3-heptanol)
 Chemical potential of the compound in the mixture :        -0.70115 kcal/mol
 Log10(partial pressure [mbar])                    :        -0.09553
 Free energy of molecule in mix (E_COSMO+dE+Mu)    :   -220751.23875 kcal/mol
 Total mean interaction energy in the mix (H_int)  :        -9.83349 kcal/mol
 Misfit interaction energy in the mix (H_MF)       :         2.10893 kcal/mol
 H-Bond interaction energy in the mix (H_HB)       :        -2.62983 kcal/mol
 VdW interaction energy in the mix (H_vdW)         :       -21.60651 kcal/mol
 Gas liquid transition energy in the mix (H_glt)   :        12.21004 kcal/mol
 Equilibrium constant Kx(1,2)                      :  9.73499299E-04
 Equilibrium concentration x_k(1,2)                :         0.00097

 Compound: 3  (lacticacid)
 Chemical potential of the compound in the mixture :         3.64842 kcal/mol
 Log10(partial pressure [mbar])                    :        -1.62821
 Free energy of molecule in mix (E_COSMO+dE+Mu)    :   -215745.03172 kcal/mol
 Total mean interaction energy in the mix (H_int)  :        -6.05526 kcal/mol
 Misfit interaction energy in the mix (H_MF)       :         2.43293 kcal/mol
 H-Bond interaction energy in the mix (H_HB)       :        -4.11233 kcal/mol
 VdW interaction energy in the mix (H_vdW)         :       -14.13506 kcal/mol
 Gas liquid transition energy in the mix (H_glt)   :         8.25184 kcal/mol
 Equilibrium constant Kx(1,2)                      :         1.11537
 Equilibrium concentration x_k(1,2)                :         0.52727



 Compound: 1 Conformer: 1 (h2o_c0)
 Chemical potential of the molecule in the mixture :         3.72225 kcal/mol
 Log10(partial pressure [mbar])                    :         1.61694
 Free energy of molecule in mix (E_COSMO+dE+Mu)    :    -47989.53102 kcal/mol
 Total mean interaction energy in the mix          :        -5.36241 kcal/mol
 Misfit interaction energy in the mix              :         1.10237 kcal/mol
 H-Bond interaction energy in the mix              :        -4.74346 kcal/mol
 VdW interaction energy in the mix                 :        -4.65337 kcal/mol
 Gas liquid transition energy in the mix (H_glt)   :         2.93205 kcal/mol
 Normalized weight factor of molecule in compound  :         1.00000
 Normalized weight factor of molecule in gas phase :         1.00000

 Compound: 2 Conformer: 1 (3-heptanol_c0)
 Chemical potential of the molecule in the mixture :         0.55531 kcal/mol
 Log10(partial pressure [mbar])                    :         0.18681
 Free energy of molecule in mix (E_COSMO+dE+Mu)    :   -220749.93331 kcal/mol
 Total mean interaction energy in the mix          :        -9.62706 kcal/mol
 Misfit interaction energy in the mix              :         2.11966 kcal/mol
 H-Bond interaction energy in the mix              :        -2.30474 kcal/mol
 VdW interaction energy in the mix                 :       -21.65203 kcal/mol
 Gas liquid transition energy in the mix (H_glt)   :        12.21004 kcal/mol
 Normalized weight factor of molecule in compound  :         0.10636
 Normalized weight factor of molecule in gas phase :         0.17473

 Compound: 2 Conformer: 2 (3-heptanol_c1)
 Chemical potential of the molecule in the mixture :         0.59757 kcal/mol
 Log10(partial pressure [mbar])                    :         0.23975
 Free energy of molecule in mix (E_COSMO+dE+Mu)    :   -220749.92085 kcal/mol
 Total mean interaction energy in the mix          :        -9.55481 kcal/mol
 Misfit interaction energy in the mix              :         2.13001 kcal/mol
 H-Bond interaction energy in the mix              :        -2.25485 kcal/mol
 VdW interaction energy in the mix                 :       -21.64001 kcal/mol
 Gas liquid transition energy in the mix (H_glt)   :        12.21004 kcal/mol
 Normalized weight factor of molecule in compound  :         0.10411
 Normalized weight factor of molecule in gas phase :         0.19532

 Compound: 2 Conformer: 3 (3-heptanol_c2)
 Chemical potential of the molecule in the mixture :         0.44824 kcal/mol
 Log10(partial pressure [mbar])                    :         0.01546
 Free energy of molecule in mix (E_COSMO+dE+Mu)    :   -220750.07157 kcal/mol
 Total mean interaction energy in the mix          :        -9.50089 kcal/mol
 Misfit interaction energy in the mix              :         2.11556 kcal/mol
 H-Bond interaction energy in the mix              :        -2.16915 kcal/mol
 VdW interaction energy in the mix                 :       -21.65734 kcal/mol
 Gas liquid transition energy in the mix (H_glt)   :        12.21004 kcal/mol
 Normalized weight factor of molecule in compound  :         0.13485
 Normalized weight factor of molecule in gas phase :         0.17000

 Compound: 2 Conformer: 4 (3-heptanol_c3)
 Chemical potential of the molecule in the mixture :         0.11335 kcal/mol
 Log10(partial pressure [mbar])                    :        -0.36590
 Free energy of molecule in mix (E_COSMO+dE+Mu)    :   -220750.31688 kcal/mol
 Total mean interaction energy in the mix          :       -10.23362 kcal/mol
 Misfit interaction energy in the mix              :         2.07619 kcal/mol
 H-Bond interaction energy in the mix              :        -2.85619 kcal/mol
 VdW interaction energy in the mix                 :       -21.66366 kcal/mol
 Gas liquid transition energy in the mix (H_glt)   :        12.21004 kcal/mol
 Normalized weight factor of molecule in compound  :         0.20546
 Normalized weight factor of molecule in gas phase :         0.10306

 Compound: 2 Conformer: 5 (3-heptanol_c4)
 Chemical potential of the molecule in the mixture :         0.68341 kcal/mol
 Log10(partial pressure [mbar])                    :         0.03377
 Free energy of molecule in mix (E_COSMO+dE+Mu)    :   -220749.85418 kcal/mol
 Total mean interaction energy in the mix          :        -9.88295 kcal/mol
 Misfit interaction energy in the mix              :         2.17765 kcal/mol
 H-Bond interaction energy in the mix              :        -2.68981 kcal/mol
 VdW interaction energy in the mix                 :       -21.58083 kcal/mol
 Gas liquid transition energy in the mix (H_glt)   :        12.21004 kcal/mol
 Normalized weight factor of molecule in compound  :         0.09285
 Normalized weight factor of molecule in gas phase :         0.10362

 Compound: 2 Conformer: 6 (3-heptanol_c5)
 Chemical potential of the molecule in the mixture :         0.08059 kcal/mol
 Log10(partial pressure [mbar])                    :        -0.39637
 Free energy of molecule in mix (E_COSMO+dE+Mu)    :   -220750.30981 kcal/mol
 Total mean interaction energy in the mix          :       -10.27523 kcal/mol
 Misfit interaction energy in the mix              :         2.06811 kcal/mol
 H-Bond interaction energy in the mix              :        -2.89847 kcal/mol
 VdW interaction energy in the mix                 :       -21.65491 kcal/mol
 Gas liquid transition energy in the mix (H_glt)   :        12.21004 kcal/mol
 Normalized weight factor of molecule in compound  :         0.20299
 Normalized weight factor of molecule in gas phase :         0.09651

 Compound: 2 Conformer: 7 (3-heptanol_c6)
 Chemical potential of the molecule in the mixture :         0.77685 kcal/mol
 Log10(partial pressure [mbar])                    :         0.07362
 Free energy of molecule in mix (E_COSMO+dE+Mu)    :   -220749.72048 kcal/mol
 Total mean interaction energy in the mix          :        -9.80374 kcal/mol
 Misfit interaction energy in the mix              :         2.19528 kcal/mol
 H-Bond interaction energy in the mix              :        -2.66866 kcal/mol
 VdW interaction energy in the mix                 :       -21.54041 kcal/mol
 Gas liquid transition energy in the mix (H_glt)   :        12.21004 kcal/mol
 Normalized weight factor of molecule in compound  :         0.07381
 Normalized weight factor of molecule in gas phase :         0.08757

 Compound: 2 Conformer: 8 (3-heptanol_c7)
 Chemical potential of the molecule in the mixture :         0.53011 kcal/mol
 Log10(partial pressure [mbar])                    :        -0.14318
 Free energy of molecule in mix (E_COSMO+dE+Mu)    :   -220749.76417 kcal/mol
 Total mean interaction energy in the mix          :        -9.90162 kcal/mol
 Misfit interaction energy in the mix              :         2.08415 kcal/mol
 H-Bond interaction energy in the mix              :        -2.95996 kcal/mol
 VdW interaction energy in the mix                 :       -21.23585 kcal/mol
 Gas liquid transition energy in the mix (H_glt)   :        12.21004 kcal/mol
 Normalized weight factor of molecule in compound  :         0.07956
 Normalized weight factor of molecule in gas phase :         0.06919

 Compound: 3 Conformer: 1 (lacticacid_c0)
 Chemical potential of the molecule in the mixture :         5.33526 kcal/mol
 Log10(partial pressure [mbar])                    :        -1.61130
 Free energy of molecule in mix (E_COSMO+dE+Mu)    :   -215743.34488 kcal/mol
 Total mean interaction energy in the mix          :        -5.97516 kcal/mol
 Misfit interaction energy in the mix              :         2.93469 kcal/mol
 H-Bond interaction energy in the mix              :        -3.06565 kcal/mol
 VdW interaction energy in the mix                 :       -14.09604 kcal/mol
 Gas liquid transition energy in the mix (H_glt)   :         8.25184 kcal/mol
 Normalized weight factor of molecule in compound  :         0.05526
 Normalized weight factor of molecule in gas phase :         0.00476

 Compound: 3 Conformer: 2 (lacticacid_c1)
 Chemical potential of the molecule in the mixture :         5.78618 kcal/mol
 Log10(partial pressure [mbar])                    :        -0.85811
 Free energy of molecule in mix (E_COSMO+dE+Mu)    :   -215742.71246 kcal/mol
 Total mean interaction energy in the mix          :        -5.52030 kcal/mol
 Misfit interaction energy in the mix              :         2.95325 kcal/mol
 H-Bond interaction energy in the mix              :        -2.66156 kcal/mol
 VdW interaction energy in the mix                 :       -14.06382 kcal/mol
 Gas liquid transition energy in the mix (H_glt)   :         8.25184 kcal/mol
 Normalized weight factor of molecule in compound  :         0.01866
 Normalized weight factor of molecule in gas phase :         0.00936

 Compound: 3 Conformer: 3 (lacticacid_c2)
 Chemical potential of the molecule in the mixture :         2.88642 kcal/mol
 Log10(partial pressure [mbar])                    :        -0.90923
 Free energy of molecule in mix (E_COSMO+dE+Mu)    :   -215744.72004 kcal/mol
 Total mean interaction energy in the mix          :        -7.22692 kcal/mol
 Misfit interaction energy in the mix              :         2.28408 kcal/mol
 H-Bond interaction energy in the mix              :        -3.62763 kcal/mol
 VdW interaction energy in the mix                 :       -14.13522 kcal/mol
 Gas liquid transition energy in the mix (H_glt)   :         8.25184 kcal/mol
 Normalized weight factor of molecule in compound  :         0.58566
 Normalized weight factor of molecule in gas phase :         0.94961

 Compound: 3 Conformer: 4 (lacticacid_c3)
 Chemical potential of the molecule in the mixture :         2.34283 kcal/mol
 Log10(partial pressure [mbar])                    :        -2.42185
 Free energy of molecule in mix (E_COSMO+dE+Mu)    :   -215743.84260 kcal/mol
 Total mean interaction energy in the mix          :        -8.33087 kcal/mol
 Misfit interaction energy in the mix              :         2.50873 kcal/mol
 H-Bond interaction energy in the mix              :        -4.96878 kcal/mol
 VdW interaction energy in the mix                 :       -14.12266 kcal/mol
 Gas liquid transition energy in the mix (H_glt)   :         8.25184 kcal/mol
 Normalized weight factor of molecule in compound  :         0.12987
 Normalized weight factor of molecule in gas phase :         0.02089

 Compound: 3 Conformer: 5 (lacticacid_c4)
 Chemical potential of the molecule in the mixture :         2.47637 kcal/mol
 Log10(partial pressure [mbar])                    :        -3.98952
 Free energy of molecule in mix (E_COSMO+dE+Mu)    :   -215743.62246 kcal/mol
 Total mean interaction energy in the mix          :        -8.75829 kcal/mol
 Misfit interaction energy in the mix              :         2.81697 kcal/mol
 H-Bond interaction energy in the mix              :        -5.65847 kcal/mol
 VdW interaction energy in the mix                 :       -14.16862 kcal/mol
 Gas liquid transition energy in the mix (H_glt)   :         8.25184 kcal/mol
 Normalized weight factor of molecule in compound  :         0.08900
 Normalized weight factor of molecule in gas phase :         0.00039

 Compound: 3 Conformer: 6 (lacticacid_c5)
 Chemical potential of the molecule in the mixture :         2.23145 kcal/mol
 Log10(partial pressure [mbar])                    :        -2.53656
 Free energy of molecule in mix (E_COSMO+dE+Mu)    :   -215743.80402 kcal/mol
 Total mean interaction energy in the mix          :        -8.51917 kcal/mol
 Misfit interaction energy in the mix              :         2.47989 kcal/mol
 H-Bond interaction energy in the mix              :        -5.09929 kcal/mol
 VdW interaction energy in the mix                 :       -14.15161 kcal/mol
 Gas liquid transition energy in the mix (H_glt)   :         8.25184 kcal/mol
 Normalized weight factor of molecule in compound  :         0.12155
 Normalized weight factor of molecule in gas phase :         0.01500




 Results for mixture 5 - LIQ_EX Phase 1 Iteration    2
 ---------------------
 Temperature          :    293.150 K
 Compound Nr.         :         1         2         3
 Compound             :       h2o 3-heptano lacticaci
 Mole Fraction        :    0.9966    0.0009    0.0025

 Compound: 1  (h2o)
 Chemical potential of the compound in the mixture :         2.88316 kcal/mol
 Log10(partial pressure [mbar])                    :         0.99139
 Free energy of molecule in mix (E_COSMO+dE+Mu)    :    -47990.37011 kcal/mol
 Total mean interaction energy in the mix (H_int)  :        -5.86214 kcal/mol
 Misfit interaction energy in the mix (H_MF)       :         0.54791 kcal/mol
 H-Bond interaction energy in the mix (H_HB)       :        -4.97488 kcal/mol
 VdW interaction energy in the mix (H_vdW)         :        -4.36722 kcal/mol
 Gas liquid transition energy in the mix (H_glt)   :         2.93205 kcal/mol

 Compound: 2  (3-heptanol)
 Chemical potential of the compound in the mixture :         3.35024 kcal/mol
 Log10(partial pressure [mbar])                    :         2.92482
 Free energy of molecule in mix (E_COSMO+dE+Mu)    :   -220747.18735 kcal/mol
 Total mean interaction energy in the mix (H_int)  :       -10.32601 kcal/mol
 Misfit interaction energy in the mix (H_MF)       :         2.44973 kcal/mol
 H-Bond interaction energy in the mix (H_HB)       :        -4.23014 kcal/mol
 VdW interaction energy in the mix (H_vdW)         :       -20.82615 kcal/mol
 Gas liquid transition energy in the mix (H_glt)   :        12.21004 kcal/mol

 Compound: 3  (lacticacid)
 Chemical potential of the compound in the mixture :         3.58732 kcal/mol
 Log10(partial pressure [mbar])                    :        -1.67376
 Free energy of molecule in mix (E_COSMO+dE+Mu)    :   -215745.09282 kcal/mol
 Total mean interaction energy in the mix (H_int)  :        -8.51542 kcal/mol
 Misfit interaction energy in the mix (H_MF)       :         1.78566 kcal/mol
 H-Bond interaction energy in the mix (H_HB)       :        -7.43700 kcal/mol
 VdW interaction energy in the mix (H_vdW)         :       -13.39003 kcal/mol
 Gas liquid transition energy in the mix (H_glt)   :         8.25184 kcal/mol



 Compound: 1 Conformer: 1 (h2o_c0)
 Chemical potential of the molecule in the mixture :         2.88316 kcal/mol
 Log10(partial pressure [mbar])                    :         0.99139
 Free energy of molecule in mix (E_COSMO+dE+Mu)    :    -47990.37011 kcal/mol
 Total mean interaction energy in the mix          :        -5.86214 kcal/mol
 Misfit interaction energy in the mix              :         0.54791 kcal/mol
 H-Bond interaction energy in the mix              :        -4.97488 kcal/mol
 VdW interaction energy in the mix                 :        -4.36722 kcal/mol
 Gas liquid transition energy in the mix (H_glt)   :         2.93205 kcal/mol
 Normalized weight factor of molecule in compound  :         1.00000
 Normalized weight factor of molecule in gas phase :         1.00000

 Compound: 2 Conformer: 1 (3-heptanol_c0)
 Chemical potential of the molecule in the mixture :         4.63574 kcal/mol
 Log10(partial pressure [mbar])                    :         3.22880
 Free energy of molecule in mix (E_COSMO+dE+Mu)    :   -220745.85288 kcal/mol
 Total mean interaction energy in the mix          :       -10.24327 kcal/mol
 Misfit interaction energy in the mix              :         2.41414 kcal/mol
 H-Bond interaction energy in the mix              :        -3.96831 kcal/mol
 VdW interaction energy in the mix                 :       -20.89914 kcal/mol
 Gas liquid transition energy in the mix (H_glt)   :        12.21004 kcal/mol
 Normalized weight factor of molecule in compound  :         0.10119
 Normalized weight factor of molecule in gas phase :         0.17473

 Compound: 2 Conformer: 2 (3-heptanol_c1)
 Chemical potential of the molecule in the mixture :         4.72687 kcal/mol
 Log10(partial pressure [mbar])                    :         3.31817
 Free energy of molecule in mix (E_COSMO+dE+Mu)    :   -220745.79155 kcal/mol
 Total mean interaction energy in the mix          :       -10.12557 kcal/mol
 Misfit interaction energy in the mix              :         2.47062 kcal/mol
 H-Bond interaction energy in the mix              :        -3.91828 kcal/mol
 VdW interaction energy in the mix                 :       -20.88795 kcal/mol
 Gas liquid transition energy in the mix (H_glt)   :        12.21004 kcal/mol
 Normalized weight factor of molecule in compound  :         0.09108
 Normalized weight factor of molecule in gas phase :         0.19532

 Compound: 2 Conformer: 3 (3-heptanol_c2)
 Chemical potential of the molecule in the mixture :         4.80610 kcal/mol
 Log10(partial pressure [mbar])                    :         3.26427
 Free energy of molecule in mix (E_COSMO+dE+Mu)    :   -220745.71371 kcal/mol
 Total mean interaction energy in the mix          :       -10.21851 kcal/mol
 Misfit interaction energy in the mix              :         2.41820 kcal/mol
 H-Bond interaction energy in the mix              :        -3.93467 kcal/mol
 VdW interaction energy in the mix                 :       -20.91208 kcal/mol
 Gas liquid transition energy in the mix (H_glt)   :        12.21004 kcal/mol
 Normalized weight factor of molecule in compound  :         0.07969
 Normalized weight factor of molecule in gas phase :         0.17000

 Compound: 2 Conformer: 4 (3-heptanol_c3)
 Chemical potential of the molecule in the mixture :         4.41804 kcal/mol
 Log10(partial pressure [mbar])                    :         2.84327
 Free energy of molecule in mix (E_COSMO+dE+Mu)    :   -220746.01219 kcal/mol
 Total mean interaction energy in the mix          :       -10.48808 kcal/mol
 Misfit interaction energy in the mix              :         2.45609 kcal/mol
 H-Bond interaction energy in the mix              :        -4.24992 kcal/mol
 VdW interaction energy in the mix                 :       -20.90429 kcal/mol
 Gas liquid transition energy in the mix (H_glt)   :        12.21004 kcal/mol
 Normalized weight factor of molecule in compound  :         0.13302
 Normalized weight factor of molecule in gas phase :         0.10306

 Compound: 2 Conformer: 5 (3-heptanol_c4)
 Chemical potential of the molecule in the mixture :         4.26019 kcal/mol
 Log10(partial pressure [mbar])                    :         2.70029
 Free energy of molecule in mix (E_COSMO+dE+Mu)    :   -220746.27740 kcal/mol
 Total mean interaction energy in the mix          :       -10.53917 kcal/mol
 Misfit interaction energy in the mix              :         2.46626 kcal/mol
 H-Bond interaction energy in the mix              :        -4.39668 kcal/mol
 VdW interaction energy in the mix                 :       -20.81879 kcal/mol
 Gas liquid transition energy in the mix (H_glt)   :        12.21004 kcal/mol
 Normalized weight factor of molecule in compound  :         0.20971
 Normalized weight factor of molecule in gas phase :         0.10362

 Compound: 2 Conformer: 6 (3-heptanol_c5)
 Chemical potential of the molecule in the mixture :         4.36457 kcal/mol
 Log10(partial pressure [mbar])                    :         2.79737
 Free energy of molecule in mix (E_COSMO+dE+Mu)    :   -220746.02583 kcal/mol
 Total mean interaction energy in the mix          :       -10.46340 kcal/mol
 Misfit interaction energy in the mix              :         2.44119 kcal/mol
 H-Bond interaction energy in the mix              :        -4.22125 kcal/mol
 VdW interaction energy in the mix                 :       -20.89338 kcal/mol
 Gas liquid transition energy in the mix (H_glt)   :        12.21004 kcal/mol
 Normalized weight factor of molecule in compound  :         0.13617
 Normalized weight factor of molecule in gas phase :         0.09651

 Compound: 2 Conformer: 7 (3-heptanol_c6)
 Chemical potential of the molecule in the mixture :         4.37625 kcal/mol
 Log10(partial pressure [mbar])                    :         2.75700
 Free energy of molecule in mix (E_COSMO+dE+Mu)    :   -220746.12107 kcal/mol
 Total mean interaction energy in the mix          :       -10.47121 kcal/mol
 Misfit interaction energy in the mix              :         2.48770 kcal/mol
 H-Bond interaction energy in the mix              :        -4.39093 kcal/mol
 VdW interaction energy in the mix                 :       -20.77803 kcal/mol
 Gas liquid transition energy in the mix (H_glt)   :        12.21004 kcal/mol
 Normalized weight factor of molecule in compound  :         0.16035
 Normalized weight factor of molecule in gas phase :         0.08757

 Compound: 2 Conformer: 8 (3-heptanol_c7)
 Chemical potential of the molecule in the mixture :         4.51754 kcal/mol
 Log10(partial pressure [mbar])                    :         2.82949
 Free energy of molecule in mix (E_COSMO+dE+Mu)    :   -220745.77673 kcal/mol
 Total mean interaction energy in the mix          :       -10.29727 kcal/mol
 Misfit interaction energy in the mix              :         2.39314 kcal/mol
 H-Bond interaction energy in the mix              :        -4.41389 kcal/mol
 VdW interaction energy in the mix                 :       -20.48655 kcal/mol
 Gas liquid transition energy in the mix (H_glt)   :        12.21004 kcal/mol
 Normalized weight factor of molecule in compound  :         0.08879
 Normalized weight factor of molecule in gas phase :         0.06919

 Compound: 3 Conformer: 1 (lacticacid_c0)
 Chemical potential of the molecule in the mixture :         5.52402 kcal/mol
 Log10(partial pressure [mbar])                    :        -1.47058
 Free energy of molecule in mix (E_COSMO+dE+Mu)    :   -215743.15612 kcal/mol
 Total mean interaction energy in the mix          :        -7.84787 kcal/mol
 Misfit interaction energy in the mix              :         1.82305 kcal/mol
 H-Bond interaction energy in the mix              :        -4.58306 kcal/mol
 VdW interaction energy in the mix                 :       -13.33970 kcal/mol
 Gas liquid transition energy in the mix (H_glt)   :         8.25184 kcal/mol
 Normalized weight factor of molecule in compound  :         0.03599
 Normalized weight factor of molecule in gas phase :         0.00476

 Compound: 3 Conformer: 2 (lacticacid_c1)
 Chemical potential of the molecule in the mixture :         5.67971 kcal/mol
 Log10(partial pressure [mbar])                    :        -0.93748
 Free energy of molecule in mix (E_COSMO+dE+Mu)    :   -215742.81893 kcal/mol
 Total mean interaction energy in the mix          :        -7.38222 kcal/mol
 Misfit interaction energy in the mix              :         1.94442 kcal/mol
 H-Bond interaction energy in the mix              :        -4.26022 kcal/mol
 VdW interaction energy in the mix                 :       -13.31826 kcal/mol
 Gas liquid transition energy in the mix (H_glt)   :         8.25184 kcal/mol
 Normalized weight factor of molecule in compound  :         0.02017
 Normalized weight factor of molecule in gas phase :         0.00936

 Compound: 3 Conformer: 3 (lacticacid_c2)
 Chemical potential of the molecule in the mixture :         3.82396 kcal/mol
 Log10(partial pressure [mbar])                    :        -0.21029
 Free energy of molecule in mix (E_COSMO+dE+Mu)    :   -215743.78250 kcal/mol
 Total mean interaction energy in the mix          :        -8.50476 kcal/mol
 Misfit interaction energy in the mix              :         1.86414 kcal/mol
 H-Bond interaction energy in the mix              :        -5.21629 kcal/mol
 VdW interaction energy in the mix                 :       -13.40445 kcal/mol
 Gas liquid transition energy in the mix (H_glt)   :         8.25184 kcal/mol
 Normalized weight factor of molecule in compound  :         0.10547
 Normalized weight factor of molecule in gas phase :         0.94961

 Compound: 3 Conformer: 4 (lacticacid_c3)
 Chemical potential of the molecule in the mixture :         2.02137 kcal/mol
 Log10(partial pressure [mbar])                    :        -2.66151
 Free energy of molecule in mix (E_COSMO+dE+Mu)    :   -215744.16407 kcal/mol
 Total mean interaction energy in the mix          :       -10.72807 kcal/mol
 Misfit interaction energy in the mix              :         1.78807 kcal/mol
 H-Bond interaction energy in the mix              :        -7.39130 kcal/mol
 VdW interaction energy in the mix                 :       -13.37669 kcal/mol
 Gas liquid transition energy in the mix (H_glt)   :         8.25184 kcal/mol
 Normalized weight factor of molecule in compound  :         0.20305
 Normalized weight factor of molecule in gas phase :         0.02089

 Compound: 3 Conformer: 5 (lacticacid_c4)
 Chemical potential of the molecule in the mixture :         1.45056 kcal/mol
 Log10(partial pressure [mbar])                    :        -4.75427
 Free energy of molecule in mix (E_COSMO+dE+Mu)    :   -215744.64827 kcal/mol
 Total mean interaction energy in the mix          :       -11.70070 kcal/mol
 Misfit interaction energy in the mix              :         1.76596 kcal/mol
 H-Bond interaction energy in the mix              :        -8.32194 kcal/mol
 VdW interaction energy in the mix                 :       -13.39656 kcal/mol
 Gas liquid transition energy in the mix (H_glt)   :         8.25184 kcal/mol
 Normalized weight factor of molecule in compound  :         0.46622
 Normalized weight factor of molecule in gas phase :         0.00039

 Compound: 3 Conformer: 6 (lacticacid_c5)
 Chemical potential of the molecule in the mixture :         1.97803 kcal/mol
 Log10(partial pressure [mbar])                    :        -2.72548
 Free energy of molecule in mix (E_COSMO+dE+Mu)    :   -215744.05743 kcal/mol
 Total mean interaction energy in the mix          :       -10.80888 kcal/mol
 Misfit interaction energy in the mix              :         1.76122 kcal/mol
 H-Bond interaction energy in the mix              :        -7.42357 kcal/mol
 VdW interaction energy in the mix                 :       -13.39837 kcal/mol
 Gas liquid transition energy in the mix (H_glt)   :         8.25184 kcal/mol
 Normalized weight factor of molecule in compound  :         0.16909
 Normalized weight factor of molecule in gas phase :         0.01500




 Results for mixture 6 - LIQ_EX Phase 2 Iteration    2
 ---------------------
 Temperature          :    293.150 K
 Compound Nr.         :         1         2         3
 Compound             :       h2o 3-heptano lacticaci
 Mole Fraction        :    0.1996    0.7985    0.0019

 Compound: 1  (h2o)
 Chemical potential of the compound in the mixture :         3.67180 kcal/mol
 Log10(partial pressure [mbar])                    :         1.57933
 Free energy of molecule in mix (E_COSMO+dE+Mu)    :    -47989.58147 kcal/mol
 Total mean interaction energy in the mix (H_int)  :        -5.44780 kcal/mol
 Misfit interaction energy in the mix (H_MF)       :         1.02057 kcal/mol
 H-Bond interaction energy in the mix (H_HB)       :        -4.75997 kcal/mol
 VdW interaction energy in the mix (H_vdW)         :        -4.64045 kcal/mol
 Gas liquid transition energy in the mix (H_glt)   :         2.93205 kcal/mol
 Equilibrium constant Kx(1,2)                      :         3.87202
 Equilibrium concentration x_k(1,2)                :         0.79475

 Compound: 2  (3-heptanol)
 Chemical potential of the compound in the mixture :        -0.69097 kcal/mol
 Log10(partial pressure [mbar])                    :        -0.08793
 Free energy of molecule in mix (E_COSMO+dE+Mu)    :   -220751.22856 kcal/mol
 Total mean interaction energy in the mix (H_int)  :        -9.90146 kcal/mol
 Misfit interaction energy in the mix (H_MF)       :         2.13457 kcal/mol
 H-Bond interaction energy in the mix (H_HB)       :        -2.74679 kcal/mol
 VdW interaction energy in the mix (H_vdW)         :       -21.58192 kcal/mol
 Gas liquid transition energy in the mix (H_glt)   :        12.21004 kcal/mol
 Equilibrium constant Kx(1,2)                      :  9.71063549E-04
 Equilibrium concentration x_k(1,2)                :         0.00097

 Compound: 3  (lacticacid)
 Chemical potential of the compound in the mixture :         3.56816 kcal/mol
 Log10(partial pressure [mbar])                    :        -1.68805
 Free energy of molecule in mix (E_COSMO+dE+Mu)    :   -215745.11198 kcal/mol
 Total mean interaction energy in the mix (H_int)  :        -6.21444 kcal/mol
 Misfit interaction energy in the mix (H_MF)       :         2.35312 kcal/mol
 H-Bond interaction energy in the mix (H_HB)       :        -4.25796 kcal/mol
 VdW interaction energy in the mix (H_vdW)         :       -14.11093 kcal/mol
 Gas liquid transition energy in the mix (H_glt)   :         8.25184 kcal/mol
 Equilibrium constant Kx(1,2)                      :         0.96763
 Equilibrium concentration x_k(1,2)                :         0.49177



 Compound: 1 Conformer: 1 (h2o_c0)
 Chemical potential of the molecule in the mixture :         3.67180 kcal/mol
 Log10(partial pressure [mbar])                    :         1.57933
 Free energy of molecule in mix (E_COSMO+dE+Mu)    :    -47989.58147 kcal/mol
 Total mean interaction energy in the mix          :        -5.44780 kcal/mol
 Misfit interaction energy in the mix              :         1.02057 kcal/mol
 H-Bond interaction energy in the mix              :        -4.75997 kcal/mol
 VdW interaction energy in the mix                 :        -4.64045 kcal/mol
 Gas liquid transition energy in the mix (H_glt)   :         2.93205 kcal/mol
 Normalized weight factor of molecule in compound  :         1.00000
 Normalized weight factor of molecule in gas phase :         1.00000

 Compound: 2 Conformer: 1 (3-heptanol_c0)
 Chemical potential of the molecule in the mixture :         0.55755 kcal/mol
 Log10(partial pressure [mbar])                    :         0.18848
 Free energy of molecule in mix (E_COSMO+dE+Mu)    :   -220749.93107 kcal/mol
 Total mean interaction energy in the mix          :        -9.69299 kcal/mol
 Misfit interaction energy in the mix              :         2.14831 kcal/mol
 H-Bond interaction energy in the mix              :        -2.42344 kcal/mol
 VdW interaction energy in the mix                 :       -21.62790 kcal/mol
 Gas liquid transition energy in the mix (H_glt)   :        12.21004 kcal/mol
 Normalized weight factor of molecule in compound  :         0.10782
 Normalized weight factor of molecule in gas phase :         0.17473

 Compound: 2 Conformer: 2 (3-heptanol_c1)
 Chemical potential of the molecule in the mixture :         0.60366 kcal/mol
 Log10(partial pressure [mbar])                    :         0.24429
 Free energy of molecule in mix (E_COSMO+dE+Mu)    :   -220749.91476 kcal/mol
 Total mean interaction energy in the mix          :        -9.61787 kcal/mol
 Misfit interaction energy in the mix              :         2.15750 kcal/mol
 H-Bond interaction energy in the mix              :        -2.36921 kcal/mol
 VdW interaction energy in the mix                 :       -21.61620 kcal/mol
 Gas liquid transition energy in the mix (H_glt)   :        12.21004 kcal/mol
 Normalized weight factor of molecule in compound  :         0.10485
 Normalized weight factor of molecule in gas phase :         0.19532

 Compound: 2 Conformer: 3 (3-heptanol_c2)
 Chemical potential of the molecule in the mixture :         0.47305 kcal/mol
 Log10(partial pressure [mbar])                    :         0.03396
 Free energy of molecule in mix (E_COSMO+dE+Mu)    :   -220750.04675 kcal/mol
 Total mean interaction energy in the mix          :        -9.58493 kcal/mol
 Misfit interaction energy in the mix              :         2.13145 kcal/mol
 H-Bond interaction energy in the mix              :        -2.29092 kcal/mol
 VdW interaction energy in the mix                 :       -21.63551 kcal/mol
 Gas liquid transition energy in the mix (H_glt)   :        12.21004 kcal/mol
 Normalized weight factor of molecule in compound  :         0.13151
 Normalized weight factor of molecule in gas phase :         0.17000

 Compound: 2 Conformer: 4 (3-heptanol_c3)
 Chemical potential of the molecule in the mixture :         0.14315 kcal/mol
 Log10(partial pressure [mbar])                    :        -0.34369
 Free energy of molecule in mix (E_COSMO+dE+Mu)    :   -220750.28708 kcal/mol
 Total mean interaction energy in the mix          :       -10.27012 kcal/mol
 Misfit interaction energy in the mix              :         2.10211 kcal/mol
 H-Bond interaction energy in the mix              :        -2.94136 kcal/mol
 VdW interaction energy in the mix                 :       -21.64091 kcal/mol
 Gas liquid transition energy in the mix (H_glt)   :        12.21004 kcal/mol
 Normalized weight factor of molecule in compound  :         0.19866
 Normalized weight factor of molecule in gas phase :         0.10306

 Compound: 2 Conformer: 5 (3-heptanol_c4)
 Chemical potential of the molecule in the mixture :         0.64815 kcal/mol
 Log10(partial pressure [mbar])                    :  7.48214871E-03
 Free energy of molecule in mix (E_COSMO+dE+Mu)    :   -220749.88944 kcal/mol
 Total mean interaction energy in the mix          :       -10.01574 kcal/mol
 Misfit interaction energy in the mix              :         2.20267 kcal/mol
 H-Bond interaction energy in the mix              :        -2.87444 kcal/mol
 VdW interaction energy in the mix                 :       -21.55401 kcal/mol
 Gas liquid transition energy in the mix (H_glt)   :        12.21004 kcal/mol
 Normalized weight factor of molecule in compound  :         0.10039
 Normalized weight factor of molecule in gas phase :         0.10362

 Compound: 2 Conformer: 6 (3-heptanol_c5)
 Chemical potential of the molecule in the mixture :         0.10160 kcal/mol
 Log10(partial pressure [mbar])                    :        -0.38070
 Free energy of molecule in mix (E_COSMO+dE+Mu)    :   -220750.28880 kcal/mol
 Total mean interaction energy in the mix          :       -10.32638 kcal/mol
 Misfit interaction energy in the mix              :         2.09151 kcal/mol
 H-Bond interaction energy in the mix              :        -2.99625 kcal/mol
 VdW interaction energy in the mix                 :       -21.63167 kcal/mol
 Gas liquid transition energy in the mix (H_glt)   :        12.21004 kcal/mol
 Normalized weight factor of molecule in compound  :         0.19925
 Normalized weight factor of molecule in gas phase :         0.09651

 Compound: 2 Conformer: 7 (3-heptanol_c6)
 Chemical potential of the molecule in the mixture :         0.74963 kcal/mol
 Log10(partial pressure [mbar])                    :         0.05333
 Free energy of molecule in mix (E_COSMO+dE+Mu)    :   -220749.74769 kcal/mol
 Total mean interaction energy in the mix          :        -9.91940 kcal/mol
 Misfit interaction energy in the mix              :         2.22173 kcal/mol
 H-Bond interaction energy in the mix              :        -2.83699 kcal/mol
 VdW interaction energy in the mix                 :       -21.51419 kcal/mol
 Gas liquid transition energy in the mix (H_glt)   :        12.21004 kcal/mol
 Normalized weight factor of molecule in compound  :         0.07870
 Normalized weight factor of molecule in gas phase :         0.08757

 Compound: 2 Conformer: 8 (3-heptanol_c7)
 Chemical potential of the molecule in the mixture :         0.54573 kcal/mol
 Log10(partial pressure [mbar])                    :        -0.13153
 Free energy of molecule in mix (E_COSMO+dE+Mu)    :   -220749.74855 kcal/mol
 Total mean interaction energy in the mix          :        -9.97361 kcal/mol
 Misfit interaction energy in the mix              :         2.10735 kcal/mol
 H-Bond interaction energy in the mix              :        -3.07829 kcal/mol
 VdW interaction energy in the mix                 :       -21.21271 kcal/mol
 Gas liquid transition energy in the mix (H_glt)   :        12.21004 kcal/mol
 Normalized weight factor of molecule in compound  :         0.07882
 Normalized weight factor of molecule in gas phase :         0.06919

 Compound: 3 Conformer: 1 (lacticacid_c0)
 Chemical potential of the molecule in the mixture :         5.24262 kcal/mol
 Log10(partial pressure [mbar])                    :        -1.68036
 Free energy of molecule in mix (E_COSMO+dE+Mu)    :   -215743.43752 kcal/mol
 Total mean interaction energy in the mix          :        -6.14503 kcal/mol
 Misfit interaction energy in the mix              :         2.80494 kcal/mol
 H-Bond interaction energy in the mix              :        -3.12816 kcal/mol
 VdW interaction energy in the mix                 :       -14.07365 kcal/mol
 Gas liquid transition energy in the mix (H_glt)   :         8.25184 kcal/mol
 Normalized weight factor of molecule in compound  :         0.05645
 Normalized weight factor of molecule in gas phase :         0.00476

 Compound: 3 Conformer: 2 (lacticacid_c1)
 Chemical potential of the molecule in the mixture :         5.67205 kcal/mol
 Log10(partial pressure [mbar])                    :        -0.94320
 Free energy of molecule in mix (E_COSMO+dE+Mu)    :   -215742.82660 kcal/mol
 Total mean interaction energy in the mix          :        -5.66789 kcal/mol
 Misfit interaction energy in the mix              :         2.84480 kcal/mol
 H-Bond interaction energy in the mix              :        -2.72537 kcal/mol
 VdW interaction energy in the mix                 :       -14.03917 kcal/mol
 Gas liquid transition energy in the mix (H_glt)   :         8.25184 kcal/mol
 Normalized weight factor of molecule in compound  :         0.01978
 Normalized weight factor of molecule in gas phase :         0.00936

 Compound: 3 Conformer: 3 (lacticacid_c2)
 Chemical potential of the molecule in the mixture :         2.83891 kcal/mol
 Log10(partial pressure [mbar])                    :        -0.94465
 Free energy of molecule in mix (E_COSMO+dE+Mu)    :   -215744.76756 kcal/mol
 Total mean interaction energy in the mix          :        -7.35331 kcal/mol
 Misfit interaction energy in the mix              :         2.21588 kcal/mol
 H-Bond interaction energy in the mix              :        -3.70784 kcal/mol
 VdW interaction energy in the mix                 :       -14.11319 kcal/mol
 Gas liquid transition energy in the mix (H_glt)   :         8.25184 kcal/mol
 Normalized weight factor of molecule in compound  :         0.55364
 Normalized weight factor of molecule in gas phase :         0.94961

 Compound: 3 Conformer: 4 (lacticacid_c3)
 Chemical potential of the molecule in the mixture :         2.21713 kcal/mol
 Log10(partial pressure [mbar])                    :        -2.51556
 Free energy of molecule in mix (E_COSMO+dE+Mu)    :   -215743.96830 kcal/mol
 Total mean interaction energy in the mix          :        -8.53704 kcal/mol
 Misfit interaction energy in the mix              :         2.39608 kcal/mol
 H-Bond interaction energy in the mix              :        -5.08999 kcal/mol
 VdW interaction energy in the mix                 :       -14.09497 kcal/mol
 Gas liquid transition energy in the mix (H_glt)   :         8.25184 kcal/mol
 Normalized weight factor of molecule in compound  :         0.14040
 Normalized weight factor of molecule in gas phase :         0.02089

 Compound: 3 Conformer: 5 (lacticacid_c4)
 Chemical potential of the molecule in the mixture :         2.32690 kcal/mol
 Log10(partial pressure [mbar])                    :        -4.10095
 Free energy of molecule in mix (E_COSMO+dE+Mu)    :   -215743.77193 kcal/mol
 Total mean interaction energy in the mix          :        -9.04646 kcal/mol
 Misfit interaction energy in the mix              :         2.68377 kcal/mol
 H-Bond interaction energy in the mix              :        -5.84283 kcal/mol
 VdW interaction energy in the mix                 :       -14.13924 kcal/mol
 Gas liquid transition energy in the mix (H_glt)   :         8.25184 kcal/mol
 Normalized weight factor of molecule in compound  :         0.10023
 Normalized weight factor of molecule in gas phase :         0.00039

 Compound: 3 Conformer: 6 (lacticacid_c5)
 Chemical potential of the molecule in the mixture :         2.11425 kcal/mol
 Log10(partial pressure [mbar])                    :        -2.62393
 Free energy of molecule in mix (E_COSMO+dE+Mu)    :   -215743.92122 kcal/mol
 Total mean interaction energy in the mix          :        -8.71444 kcal/mol
 Misfit interaction energy in the mix              :         2.36534 kcal/mol
 H-Bond interaction energy in the mix              :        -5.20774 kcal/mol
 VdW interaction energy in the mix                 :       -14.12389 kcal/mol
 Gas liquid transition energy in the mix (H_glt)   :         8.25184 kcal/mol
 Normalized weight factor of molecule in compound  :         0.12950
 Normalized weight factor of molecule in gas phase :         0.01500




 Results for mixture 7 - LIQ_EX Phase 1 Iteration    3
 ---------------------
 Temperature          :    293.150 K
 Compound Nr.         :         1         2         3
 Compound             :       h2o 3-heptano lacticaci
 Mole Fraction        :    0.9969    0.0008    0.0022

 Compound: 1  (h2o)
 Chemical potential of the compound in the mixture :         2.88315 kcal/mol
 Log10(partial pressure [mbar])                    :         0.99138
 Free energy of molecule in mix (E_COSMO+dE+Mu)    :    -47990.37012 kcal/mol
 Total mean interaction energy in the mix (H_int)  :        -5.86173 kcal/mol
 Misfit interaction energy in the mix (H_MF)       :         0.54801 kcal/mol
 H-Bond interaction energy in the mix (H_HB)       :        -4.97486 kcal/mol
 VdW interaction energy in the mix (H_vdW)         :        -4.36693 kcal/mol
 Gas liquid transition energy in the mix (H_glt)   :         2.93205 kcal/mol

 Compound: 2  (3-heptanol)
 Chemical potential of the compound in the mixture :         3.35733 kcal/mol
 Log10(partial pressure [mbar])                    :         2.93011
 Free energy of molecule in mix (E_COSMO+dE+Mu)    :   -220747.18026 kcal/mol
 Total mean interaction energy in the mix (H_int)  :       -10.32584 kcal/mol
 Misfit interaction energy in the mix (H_MF)       :         2.44882 kcal/mol
 H-Bond interaction energy in the mix (H_HB)       :        -4.23055 kcal/mol
 VdW interaction energy in the mix (H_vdW)         :       -20.82466 kcal/mol
 Gas liquid transition energy in the mix (H_glt)   :        12.21004 kcal/mol

 Compound: 3  (lacticacid)
 Chemical potential of the compound in the mixture :         3.58892 kcal/mol
 Log10(partial pressure [mbar])                    :        -1.67257
 Free energy of molecule in mix (E_COSMO+dE+Mu)    :   -215745.09122 kcal/mol
 Total mean interaction energy in the mix (H_int)  :        -8.51672 kcal/mol
 Misfit interaction energy in the mix (H_MF)       :         1.78486 kcal/mol
 H-Bond interaction energy in the mix (H_HB)       :        -7.43891 kcal/mol
 VdW interaction energy in the mix (H_vdW)         :       -13.38897 kcal/mol
 Gas liquid transition energy in the mix (H_glt)   :         8.25184 kcal/mol



 Compound: 1 Conformer: 1 (h2o_c0)
 Chemical potential of the molecule in the mixture :         2.88315 kcal/mol
 Log10(partial pressure [mbar])                    :         0.99138
 Free energy of molecule in mix (E_COSMO+dE+Mu)    :    -47990.37012 kcal/mol
 Total mean interaction energy in the mix          :        -5.86173 kcal/mol
 Misfit interaction energy in the mix              :         0.54801 kcal/mol
 H-Bond interaction energy in the mix              :        -4.97486 kcal/mol
 VdW interaction energy in the mix                 :        -4.36693 kcal/mol
 Gas liquid transition energy in the mix (H_glt)   :         2.93205 kcal/mol
 Normalized weight factor of molecule in compound  :         1.00000
 Normalized weight factor of molecule in gas phase :         1.00000

 Compound: 2 Conformer: 1 (3-heptanol_c0)
 Chemical potential of the molecule in the mixture :         4.64289 kcal/mol
 Log10(partial pressure [mbar])                    :         3.23414
 Free energy of molecule in mix (E_COSMO+dE+Mu)    :   -220745.84573 kcal/mol
 Total mean interaction energy in the mix          :       -10.24330 kcal/mol
 Misfit interaction energy in the mix              :         2.41314 kcal/mol
 H-Bond interaction energy in the mix              :        -3.96881 kcal/mol
 VdW interaction energy in the mix                 :       -20.89767 kcal/mol
 Gas liquid transition energy in the mix (H_glt)   :        12.21004 kcal/mol
 Normalized weight factor of molecule in compound  :         0.10118
 Normalized weight factor of molecule in gas phase :         0.17473

 Compound: 2 Conformer: 2 (3-heptanol_c1)
 Chemical potential of the molecule in the mixture :         4.73406 kcal/mol
 Log10(partial pressure [mbar])                    :         3.32354
 Free energy of molecule in mix (E_COSMO+dE+Mu)    :   -220745.78436 kcal/mol
 Total mean interaction energy in the mix          :       -10.12553 kcal/mol
 Misfit interaction energy in the mix              :         2.46970 kcal/mol
 H-Bond interaction energy in the mix              :        -3.91880 kcal/mol
 VdW interaction energy in the mix                 :       -20.88647 kcal/mol
 Gas liquid transition energy in the mix (H_glt)   :        12.21004 kcal/mol
 Normalized weight factor of molecule in compound  :         0.09106
 Normalized weight factor of molecule in gas phase :         0.19532

 Compound: 2 Conformer: 3 (3-heptanol_c2)
 Chemical potential of the molecule in the mixture :         4.81339 kcal/mol
 Log10(partial pressure [mbar])                    :         3.26971
 Free energy of molecule in mix (E_COSMO+dE+Mu)    :   -220745.70642 kcal/mol
 Total mean interaction energy in the mix          :       -10.21850 kcal/mol
 Misfit interaction energy in the mix              :         2.41728 kcal/mol
 H-Bond interaction energy in the mix              :        -3.93521 kcal/mol
 VdW interaction energy in the mix                 :       -20.91061 kcal/mol
 Gas liquid transition energy in the mix (H_glt)   :        12.21004 kcal/mol
 Normalized weight factor of molecule in compound  :         0.07966
 Normalized weight factor of molecule in gas phase :         0.17000

 Compound: 2 Conformer: 4 (3-heptanol_c3)
 Chemical potential of the molecule in the mixture :         4.42518 kcal/mol
 Log10(partial pressure [mbar])                    :         2.84860
 Free energy of molecule in mix (E_COSMO+dE+Mu)    :   -220746.00505 kcal/mol
 Total mean interaction energy in the mix          :       -10.48798 kcal/mol
 Misfit interaction energy in the mix              :         2.45517 kcal/mol
 H-Bond interaction energy in the mix              :        -4.25038 kcal/mol
 VdW interaction energy in the mix                 :       -20.90281 kcal/mol
 Gas liquid transition energy in the mix (H_glt)   :        12.21004 kcal/mol
 Normalized weight factor of molecule in compound  :         0.13301
 Normalized weight factor of molecule in gas phase :         0.10306

 Compound: 2 Conformer: 5 (3-heptanol_c4)
 Chemical potential of the molecule in the mixture :         4.26719 kcal/mol
 Log10(partial pressure [mbar])                    :         2.70550
 Free energy of molecule in mix (E_COSMO+dE+Mu)    :   -220746.27041 kcal/mol
 Total mean interaction energy in the mix          :       -10.53883 kcal/mol
 Misfit interaction energy in the mix              :         2.46537 kcal/mol
 H-Bond interaction energy in the mix              :        -4.39694 kcal/mol
 VdW interaction energy in the mix                 :       -20.81731 kcal/mol
 Gas liquid transition energy in the mix (H_glt)   :        12.21004 kcal/mol
 Normalized weight factor of molecule in compound  :         0.20975
 Normalized weight factor of molecule in gas phase :         0.10362

 Compound: 2 Conformer: 6 (3-heptanol_c5)
 Chemical potential of the molecule in the mixture :         4.37175 kcal/mol
 Log10(partial pressure [mbar])                    :         2.80273
 Free energy of molecule in mix (E_COSMO+dE+Mu)    :   -220746.01865 kcal/mol
 Total mean interaction energy in the mix          :       -10.46323 kcal/mol
 Misfit interaction energy in the mix              :         2.44028 kcal/mol
 H-Bond interaction energy in the mix              :        -4.22165 kcal/mol
 VdW interaction energy in the mix                 :       -20.89190 kcal/mol
 Gas liquid transition energy in the mix (H_glt)   :        12.21004 kcal/mol
 Normalized weight factor of molecule in compound  :         0.13615
 Normalized weight factor of molecule in gas phase :         0.09651

 Compound: 2 Conformer: 7 (3-heptanol_c6)
 Chemical potential of the molecule in the mixture :         4.38323 kcal/mol
 Log10(partial pressure [mbar])                    :         2.76220
 Free energy of molecule in mix (E_COSMO+dE+Mu)    :   -220746.11410 kcal/mol
 Total mean interaction energy in the mix          :       -10.47089 kcal/mol
 Misfit interaction energy in the mix              :         2.48683 kcal/mol
 H-Bond interaction energy in the mix              :        -4.39121 kcal/mol
 VdW interaction energy in the mix                 :       -20.77655 kcal/mol
 Gas liquid transition energy in the mix (H_glt)   :        12.21004 kcal/mol
 Normalized weight factor of molecule in compound  :         0.16038
 Normalized weight factor of molecule in gas phase :         0.08757

 Compound: 2 Conformer: 8 (3-heptanol_c7)
 Chemical potential of the molecule in the mixture :         4.52449 kcal/mol
 Log10(partial pressure [mbar])                    :         2.83466
 Free energy of molecule in mix (E_COSMO+dE+Mu)    :   -220745.76979 kcal/mol
 Total mean interaction energy in the mix          :       -10.29705 kcal/mol
 Misfit interaction energy in the mix              :         2.39222 kcal/mol
 H-Bond interaction energy in the mix              :        -4.41421 kcal/mol
 VdW interaction energy in the mix                 :       -20.48511 kcal/mol
 Gas liquid transition energy in the mix (H_glt)   :        12.21004 kcal/mol
 Normalized weight factor of molecule in compound  :         0.08881
 Normalized weight factor of molecule in gas phase :         0.06919

 Compound: 3 Conformer: 1 (lacticacid_c0)
 Chemical potential of the molecule in the mixture :         5.52597 kcal/mol
 Log10(partial pressure [mbar])                    :        -1.46912
 Free energy of molecule in mix (E_COSMO+dE+Mu)    :   -215743.15417 kcal/mol
 Total mean interaction energy in the mix          :        -7.84867 kcal/mol
 Misfit interaction energy in the mix              :         1.82212 kcal/mol
 H-Bond interaction energy in the mix              :        -4.58404 kcal/mol
 VdW interaction energy in the mix                 :       -13.33859 kcal/mol
 Gas liquid transition energy in the mix (H_glt)   :         8.25184 kcal/mol
 Normalized weight factor of molecule in compound  :         0.03597
 Normalized weight factor of molecule in gas phase :         0.00476

 Compound: 3 Conformer: 2 (lacticacid_c1)
 Chemical potential of the molecule in the mixture :         5.68164 kcal/mol
 Log10(partial pressure [mbar])                    :        -0.93605
 Free energy of molecule in mix (E_COSMO+dE+Mu)    :   -215742.81701 kcal/mol
 Total mean interaction energy in the mix          :        -7.38288 kcal/mol
 Misfit interaction energy in the mix              :         1.94370 kcal/mol
 H-Bond interaction energy in the mix              :        -4.26127 kcal/mol
 VdW interaction energy in the mix                 :       -13.31715 kcal/mol
 Gas liquid transition energy in the mix (H_glt)   :         8.25184 kcal/mol
 Normalized weight factor of molecule in compound  :         0.02016
 Normalized weight factor of molecule in gas phase :         0.00936

 Compound: 3 Conformer: 3 (lacticacid_c2)
 Chemical potential of the molecule in the mixture :         3.82656 kcal/mol
 Log10(partial pressure [mbar])                    :        -0.20835
 Free energy of molecule in mix (E_COSMO+dE+Mu)    :   -215743.77990 kcal/mol
 Total mean interaction energy in the mix          :        -8.50513 kcal/mol
 Misfit interaction energy in the mix              :         1.86354 kcal/mol
 H-Bond interaction energy in the mix              :        -5.21718 kcal/mol
 VdW interaction energy in the mix                 :       -13.40332 kcal/mol
 Gas liquid transition energy in the mix (H_glt)   :         8.25184 kcal/mol
 Normalized weight factor of molecule in compound  :         0.10529
 Normalized weight factor of molecule in gas phase :         0.94961

 Compound: 3 Conformer: 4 (lacticacid_c3)
 Chemical potential of the molecule in the mixture :         2.02302 kcal/mol
 Log10(partial pressure [mbar])                    :        -2.66027
 Free energy of molecule in mix (E_COSMO+dE+Mu)    :   -215744.16241 kcal/mol
 Total mean interaction energy in the mix          :       -10.72907 kcal/mol
 Misfit interaction energy in the mix              :         1.78734 kcal/mol
 H-Bond interaction energy in the mix              :        -7.39262 kcal/mol
 VdW interaction energy in the mix                 :       -13.37563 kcal/mol
 Gas liquid transition energy in the mix (H_glt)   :         8.25184 kcal/mol
 Normalized weight factor of molecule in compound  :         0.20303
 Normalized weight factor of molecule in gas phase :         0.02089

 Compound: 3 Conformer: 5 (lacticacid_c4)
 Chemical potential of the molecule in the mixture :         1.45183 kcal/mol
 Log10(partial pressure [mbar])                    :        -4.75332
 Free energy of molecule in mix (E_COSMO+dE+Mu)    :   -215744.64700 kcal/mol
 Total mean interaction energy in the mix          :       -11.70165 kcal/mol
 Misfit interaction energy in the mix              :         1.76512 kcal/mol
 H-Bond interaction energy in the mix              :        -8.32311 kcal/mol
 VdW interaction energy in the mix                 :       -13.39550 kcal/mol
 Gas liquid transition energy in the mix (H_glt)   :         8.25184 kcal/mol
 Normalized weight factor of molecule in compound  :         0.46648
 Normalized weight factor of molecule in gas phase :         0.00039

 Compound: 3 Conformer: 6 (lacticacid_c5)
 Chemical potential of the molecule in the mixture :         1.97971 kcal/mol
 Log10(partial pressure [mbar])                    :        -2.72423
 Free energy of molecule in mix (E_COSMO+dE+Mu)    :   -215744.05575 kcal/mol
 Total mean interaction energy in the mix          :       -10.80989 kcal/mol
 Misfit interaction energy in the mix              :         1.76048 kcal/mol
 H-Bond interaction energy in the mix              :        -7.42490 kcal/mol
 VdW interaction energy in the mix                 :       -13.39731 kcal/mol
 Gas liquid transition energy in the mix (H_glt)   :         8.25184 kcal/mol
 Normalized weight factor of molecule in compound  :         0.16906
 Normalized weight factor of molecule in gas phase :         0.01500




 Results for mixture 8 - LIQ_EX Phase 2 Iteration    3
 ---------------------
 Temperature          :    293.150 K
 Compound Nr.         :         1         2         3
 Compound             :       h2o 3-heptano lacticaci
 Mole Fraction        :    0.2346    0.7632    0.0021

 Compound: 1  (h2o)
 Chemical potential of the compound in the mixture :         3.64825 kcal/mol
 Log10(partial pressure [mbar])                    :         1.56177
 Free energy of molecule in mix (E_COSMO+dE+Mu)    :    -47989.60503 kcal/mol
 Total mean interaction energy in the mix (H_int)  :        -5.49643 kcal/mol
 Misfit interaction energy in the mix (H_MF)       :         0.97405 kcal/mol
 H-Bond interaction energy in the mix (H_HB)       :        -4.76930 kcal/mol
 VdW interaction energy in the mix (H_vdW)         :        -4.63323 kcal/mol
 Gas liquid transition energy in the mix (H_glt)   :         2.93205 kcal/mol
 Equilibrium constant Kx(1,2)                      :         3.71867
 Equilibrium concentration x_k(1,2)                :         0.78808

 Compound: 2  (3-heptanol)
 Chemical potential of the compound in the mixture :        -0.68412 kcal/mol
 Log10(partial pressure [mbar])                    :        -0.08283
 Free energy of molecule in mix (E_COSMO+dE+Mu)    :   -220751.22172 kcal/mol
 Total mean interaction energy in the mix (H_int)  :        -9.93455 kcal/mol
 Misfit interaction energy in the mix (H_MF)       :         2.15281 kcal/mol
 H-Bond interaction energy in the mix (H_HB)       :        -2.81104 kcal/mol
 VdW interaction energy in the mix (H_vdW)         :       -21.56833 kcal/mol
 Gas liquid transition energy in the mix (H_glt)   :        12.21004 kcal/mol
 Equilibrium constant Kx(1,2)                      :  9.70656313E-04
 Equilibrium concentration x_k(1,2)                :         0.00097

 Compound: 3  (lacticacid)
 Chemical potential of the compound in the mixture :         3.52866 kcal/mol
 Log10(partial pressure [mbar])                    :        -1.71749
 Free energy of molecule in mix (E_COSMO+dE+Mu)    :   -215745.15148 kcal/mol
 Total mean interaction energy in the mix (H_int)  :        -6.30365 kcal/mol
 Misfit interaction energy in the mix (H_MF)       :         2.30945 kcal/mol
 H-Bond interaction energy in the mix (H_HB)       :        -4.33975 kcal/mol
 VdW interaction energy in the mix (H_vdW)         :       -14.09734 kcal/mol
 Gas liquid transition energy in the mix (H_glt)   :         8.25184 kcal/mol
 Equilibrium constant Kx(1,2)                      :         0.90172
 Equilibrium concentration x_k(1,2)                :         0.47416



 Compound: 1 Conformer: 1 (h2o_c0)
 Chemical potential of the molecule in the mixture :         3.64825 kcal/mol
 Log10(partial pressure [mbar])                    :         1.56177
 Free energy of molecule in mix (E_COSMO+dE+Mu)    :    -47989.60503 kcal/mol
 Total mean interaction energy in the mix          :        -5.49643 kcal/mol
 Misfit interaction energy in the mix              :         0.97405 kcal/mol
 H-Bond interaction energy in the mix              :        -4.76930 kcal/mol
 VdW interaction energy in the mix                 :        -4.63323 kcal/mol
 Gas liquid transition energy in the mix (H_glt)   :         2.93205 kcal/mol
 Normalized weight factor of molecule in compound  :         1.00000
 Normalized weight factor of molecule in gas phase :         1.00000

 Compound: 2 Conformer: 1 (3-heptanol_c0)
 Chemical potential of the molecule in the mixture :         0.56062 kcal/mol
 Log10(partial pressure [mbar])                    :         0.19077
 Free energy of molecule in mix (E_COSMO+dE+Mu)    :   -220749.92800 kcal/mol
 Total mean interaction energy in the mix          :        -9.72475 kcal/mol
 Misfit interaction energy in the mix              :         2.16826 kcal/mol
 H-Bond interaction energy in the mix              :        -2.48832 kcal/mol
 VdW interaction energy in the mix                 :       -21.61474 kcal/mol
 Gas liquid transition energy in the mix (H_glt)   :        12.21004 kcal/mol
 Normalized weight factor of molecule in compound  :         0.10852
 Normalized weight factor of molecule in gas phase :         0.17473

 Compound: 2 Conformer: 2 (3-heptanol_c1)
 Chemical potential of the molecule in the mixture :         0.60861 kcal/mol
 Log10(partial pressure [mbar])                    :         0.24798
 Free energy of molecule in mix (E_COSMO+dE+Mu)    :   -220749.90981 kcal/mol
 Total mean interaction energy in the mix          :        -9.64869 kcal/mol
 Misfit interaction energy in the mix              :         2.17663 kcal/mol
 H-Bond interaction energy in the mix              :        -2.43219 kcal/mol
 VdW interaction energy in the mix                 :       -21.60317 kcal/mol
 Gas liquid transition energy in the mix (H_glt)   :        12.21004 kcal/mol
 Normalized weight factor of molecule in compound  :         0.10519
 Normalized weight factor of molecule in gas phase :         0.19532

 Compound: 2 Conformer: 3 (3-heptanol_c2)
 Chemical potential of the molecule in the mixture :         0.48793 kcal/mol
 Log10(partial pressure [mbar])                    :         0.04505
 Free energy of molecule in mix (E_COSMO+dE+Mu)    :   -220750.03188 kcal/mol
 Total mean interaction energy in the mix          :        -9.62821 kcal/mol
 Misfit interaction energy in the mix              :         2.14375 kcal/mol
 H-Bond interaction energy in the mix              :        -2.35866 kcal/mol
 VdW interaction energy in the mix                 :       -21.62334 kcal/mol
 Gas liquid transition energy in the mix (H_glt)   :        12.21004 kcal/mol
 Normalized weight factor of molecule in compound  :         0.12971
 Normalized weight factor of molecule in gas phase :         0.17000

 Compound: 2 Conformer: 4 (3-heptanol_c3)
 Chemical potential of the molecule in the mixture :         0.16071 kcal/mol
 Log10(partial pressure [mbar])                    :        -0.33059
 Free energy of molecule in mix (E_COSMO+dE+Mu)    :   -220750.26951 kcal/mol
 Total mean interaction energy in the mix          :       -10.28776 kcal/mol
 Misfit interaction energy in the mix              :         2.11970 kcal/mol
 H-Bond interaction energy in the mix              :        -2.98927 kcal/mol
 VdW interaction energy in the mix                 :       -21.62823 kcal/mol
 Gas liquid transition energy in the mix (H_glt)   :        12.21004 kcal/mol
 Normalized weight factor of molecule in compound  :         0.19504
 Normalized weight factor of molecule in gas phase :         0.10306

 Compound: 2 Conformer: 5 (3-heptanol_c4)
 Chemical potential of the molecule in the mixture :         0.63131 kcal/mol
 Log10(partial pressure [mbar])                    : -5.07241714E-03
 Free energy of molecule in mix (E_COSMO+dE+Mu)    :   -220749.90628 kcal/mol
 Total mean interaction energy in the mix          :       -10.07609 kcal/mol
 Misfit interaction energy in the mix              :         2.22250 kcal/mol
 H-Bond interaction energy in the mix              :        -2.96898 kcal/mol
 VdW interaction energy in the mix                 :       -21.53966 kcal/mol
 Gas liquid transition energy in the mix (H_glt)   :        12.21004 kcal/mol
 Normalized weight factor of molecule in compound  :         0.10455
 Normalized weight factor of molecule in gas phase :         0.10362

 Compound: 2 Conformer: 6 (3-heptanol_c5)
 Chemical potential of the molecule in the mixture :         0.11486 kcal/mol
 Log10(partial pressure [mbar])                    :        -0.37081
 Free energy of molecule in mix (E_COSMO+dE+Mu)    :   -220750.27553 kcal/mol
 Total mean interaction energy in the mix          :       -10.35019 kcal/mol
 Misfit interaction energy in the mix              :         2.10798 kcal/mol
 H-Bond interaction energy in the mix              :        -3.04940 kcal/mol
 VdW interaction energy in the mix                 :       -21.61881 kcal/mol
 Gas liquid transition energy in the mix (H_glt)   :        12.21004 kcal/mol
 Normalized weight factor of molecule in compound  :         0.19707
 Normalized weight factor of molecule in gas phase :         0.09651

 Compound: 2 Conformer: 7 (3-heptanol_c6)
 Chemical potential of the molecule in the mixture :         0.73651 kcal/mol
 Log10(partial pressure [mbar])                    :         0.04355
 Free energy of molecule in mix (E_COSMO+dE+Mu)    :   -220749.76082 kcal/mol
 Total mean interaction energy in the mix          :        -9.97338 kcal/mol
 Misfit interaction energy in the mix              :         2.24180 kcal/mol
 H-Bond interaction energy in the mix              :        -2.92514 kcal/mol
 VdW interaction energy in the mix                 :       -21.50007 kcal/mol
 Gas liquid transition energy in the mix (H_glt)   :        12.21004 kcal/mol
 Normalized weight factor of molecule in compound  :         0.08145
 Normalized weight factor of molecule in gas phase :         0.08757

 Compound: 2 Conformer: 8 (3-heptanol_c7)
 Chemical potential of the molecule in the mixture :         0.55514 kcal/mol
 Log10(partial pressure [mbar])                    :        -0.12451
 Free energy of molecule in mix (E_COSMO+dE+Mu)    :   -220749.73913 kcal/mol
 Total mean interaction energy in the mix          :       -10.00817 kcal/mol
 Misfit interaction energy in the mix              :         2.12410 kcal/mol
 H-Bond interaction energy in the mix              :        -3.14242 kcal/mol
 VdW interaction energy in the mix                 :       -21.19989 kcal/mol
 Gas liquid transition energy in the mix (H_glt)   :        12.21004 kcal/mol
 Normalized weight factor of molecule in compound  :         0.07847
 Normalized weight factor of molecule in gas phase :         0.06919

 Compound: 3 Conformer: 1 (lacticacid_c0)
 Chemical potential of the molecule in the mixture :         5.19900 kcal/mol
 Log10(partial pressure [mbar])                    :        -1.71288
 Free energy of molecule in mix (E_COSMO+dE+Mu)    :   -215743.48114 kcal/mol
 Total mean interaction energy in the mix          :        -6.23864 kcal/mol
 Misfit interaction energy in the mix              :         2.73464 kcal/mol
 H-Bond interaction energy in the mix              :        -3.16415 kcal/mol
 VdW interaction energy in the mix                 :       -14.06097 kcal/mol
 Gas liquid transition energy in the mix (H_glt)   :         8.25184 kcal/mol
 Normalized weight factor of molecule in compound  :         0.05685
 Normalized weight factor of molecule in gas phase :         0.00476

 Compound: 3 Conformer: 2 (lacticacid_c1)
 Chemical potential of the molecule in the mixture :         5.61607 kcal/mol
 Log10(partial pressure [mbar])                    :        -0.98493
 Free energy of molecule in mix (E_COSMO+dE+Mu)    :   -215742.88258 kcal/mol
 Total mean interaction energy in the mix          :        -5.74958 kcal/mol
 Misfit interaction energy in the mix              :         2.78641 kcal/mol
 H-Bond interaction energy in the mix              :        -2.76221 kcal/mol
 VdW interaction energy in the mix                 :       -14.02561 kcal/mol
 Gas liquid transition energy in the mix (H_glt)   :         8.25184 kcal/mol
 Normalized weight factor of molecule in compound  :         0.02035
 Normalized weight factor of molecule in gas phase :         0.00936

 Compound: 3 Conformer: 3 (lacticacid_c2)
 Chemical potential of the molecule in the mixture :         2.81732 kcal/mol
 Log10(partial pressure [mbar])                    :        -0.96074
 Free energy of molecule in mix (E_COSMO+dE+Mu)    :   -215744.78914 kcal/mol
 Total mean interaction energy in the mix          :        -7.42225 kcal/mol
 Misfit interaction energy in the mix              :         2.17925 kcal/mol
 H-Bond interaction energy in the mix              :        -3.75254 kcal/mol
 VdW interaction energy in the mix                 :       -14.10081 kcal/mol
 Gas liquid transition energy in the mix (H_glt)   :         8.25184 kcal/mol
 Normalized weight factor of molecule in compound  :         0.53688
 Normalized weight factor of molecule in gas phase :         0.94961

 Compound: 3 Conformer: 4 (lacticacid_c3)
 Chemical potential of the molecule in the mixture :         2.15549 kcal/mol
 Log10(partial pressure [mbar])                    :        -2.56152
 Free energy of molecule in mix (E_COSMO+dE+Mu)    :   -215744.02995 kcal/mol
 Total mean interaction energy in the mix          :        -8.64933 kcal/mol
 Misfit interaction energy in the mix              :         2.33691 kcal/mol
 H-Bond interaction energy in the mix              :        -5.15832 kcal/mol
 VdW interaction energy in the mix                 :       -14.07977 kcal/mol
 Gas liquid transition energy in the mix (H_glt)   :         8.25184 kcal/mol
 Normalized weight factor of molecule in compound  :         0.14584
 Normalized weight factor of molecule in gas phase :         0.02089

 Compound: 3 Conformer: 5 (lacticacid_c4)
 Chemical potential of the molecule in the mixture :         2.25171 kcal/mol
 Log10(partial pressure [mbar])                    :        -4.15700
 Free energy of molecule in mix (E_COSMO+dE+Mu)    :   -215743.84712 kcal/mol
 Total mean interaction energy in the mix          :        -9.19645 kcal/mol
 Misfit interaction energy in the mix              :         2.61617 kcal/mol
 H-Bond interaction energy in the mix              :        -5.94145 kcal/mol
 VdW interaction energy in the mix                 :       -14.12301 kcal/mol
 Gas liquid transition energy in the mix (H_glt)   :         8.25184 kcal/mol
 Normalized weight factor of molecule in compound  :         0.10656
 Normalized weight factor of molecule in gas phase :         0.00039

 Compound: 3 Conformer: 6 (lacticacid_c5)
 Chemical potential of the molecule in the mixture :         2.05694 kcal/mol
 Log10(partial pressure [mbar])                    :        -2.66666
 Free energy of molecule in mix (E_COSMO+dE+Mu)    :   -215743.97853 kcal/mol
 Total mean interaction energy in the mix          :        -8.82169 kcal/mol
 Misfit interaction energy in the mix              :         2.30449 kcal/mol
 H-Bond interaction energy in the mix              :        -5.26947 kcal/mol
 VdW interaction energy in the mix                 :       -14.10855 kcal/mol
 Gas liquid transition energy in the mix (H_glt)   :         8.25184 kcal/mol
 Normalized weight factor of molecule in compound  :         0.13352
 Normalized weight factor of molecule in gas phase :         0.01500




 Results for mixture 9 - LIQ_EX Phase 1 Iteration    4
 ---------------------
 Temperature          :    293.150 K
 Compound Nr.         :         1         2         3
 Compound             :       h2o 3-heptano lacticaci
 Mole Fraction        :    0.9971    0.0008    0.0021

 Compound: 1  (h2o)
 Chemical potential of the compound in the mixture :         2.88314 kcal/mol
 Log10(partial pressure [mbar])                    :         0.99138
 Free energy of molecule in mix (E_COSMO+dE+Mu)    :    -47990.37013 kcal/mol
 Total mean interaction energy in the mix (H_int)  :        -5.86152 kcal/mol
 Misfit interaction energy in the mix (H_MF)       :         0.54806 kcal/mol
 H-Bond interaction energy in the mix (H_HB)       :        -4.97485 kcal/mol
 VdW interaction energy in the mix (H_vdW)         :        -4.36678 kcal/mol
 Gas liquid transition energy in the mix (H_glt)   :         2.93205 kcal/mol

 Compound: 2  (3-heptanol)
 Chemical potential of the compound in the mixture :         3.36092 kcal/mol
 Log10(partial pressure [mbar])                    :         2.93278
 Free energy of molecule in mix (E_COSMO+dE+Mu)    :   -220747.17668 kcal/mol
 Total mean interaction energy in the mix (H_int)  :       -10.32577 kcal/mol
 Misfit interaction energy in the mix (H_MF)       :         2.44834 kcal/mol
 H-Bond interaction energy in the mix (H_HB)       :        -4.23077 kcal/mol
 VdW interaction energy in the mix (H_vdW)         :       -20.82389 kcal/mol
 Gas liquid transition energy in the mix (H_glt)   :        12.21004 kcal/mol

 Compound: 3  (lacticacid)
 Chemical potential of the compound in the mixture :         3.58972 kcal/mol
 Log10(partial pressure [mbar])                    :        -1.67197
 Free energy of molecule in mix (E_COSMO+dE+Mu)    :   -215745.09042 kcal/mol
 Total mean interaction energy in the mix (H_int)  :        -8.51739 kcal/mol
 Misfit interaction energy in the mix (H_MF)       :         1.78445 kcal/mol
 H-Bond interaction energy in the mix (H_HB)       :        -7.43990 kcal/mol
 VdW interaction energy in the mix (H_vdW)         :       -13.38843 kcal/mol
 Gas liquid transition energy in the mix (H_glt)   :         8.25184 kcal/mol



 Compound: 1 Conformer: 1 (h2o_c0)
 Chemical potential of the molecule in the mixture :         2.88314 kcal/mol
 Log10(partial pressure [mbar])                    :         0.99138
 Free energy of molecule in mix (E_COSMO+dE+Mu)    :    -47990.37013 kcal/mol
 Total mean interaction energy in the mix          :        -5.86152 kcal/mol
 Misfit interaction energy in the mix              :         0.54806 kcal/mol
 H-Bond interaction energy in the mix              :        -4.97485 kcal/mol
 VdW interaction energy in the mix                 :        -4.36678 kcal/mol
 Gas liquid transition energy in the mix (H_glt)   :         2.93205 kcal/mol
 Normalized weight factor of molecule in compound  :         1.00000
 Normalized weight factor of molecule in gas phase :         1.00000

 Compound: 2 Conformer: 1 (3-heptanol_c0)
 Chemical potential of the molecule in the mixture :         4.64651 kcal/mol
 Log10(partial pressure [mbar])                    :         3.23683
 Free energy of molecule in mix (E_COSMO+dE+Mu)    :   -220745.84211 kcal/mol
 Total mean interaction energy in the mix          :       -10.24333 kcal/mol
 Misfit interaction energy in the mix              :         2.41261 kcal/mol
 H-Bond interaction energy in the mix              :        -3.96907 kcal/mol
 VdW interaction energy in the mix                 :       -20.89691 kcal/mol
 Gas liquid transition energy in the mix (H_glt)   :        12.21004 kcal/mol
 Normalized weight factor of molecule in compound  :         0.10117
 Normalized weight factor of molecule in gas phase :         0.17473

 Compound: 2 Conformer: 2 (3-heptanol_c1)
 Chemical potential of the molecule in the mixture :         4.73770 kcal/mol
 Log10(partial pressure [mbar])                    :         3.32625
 Free energy of molecule in mix (E_COSMO+dE+Mu)    :   -220745.78072 kcal/mol
 Total mean interaction energy in the mix          :       -10.12552 kcal/mol
 Misfit interaction energy in the mix              :         2.46922 kcal/mol
 H-Bond interaction energy in the mix              :        -3.91906 kcal/mol
 VdW interaction energy in the mix                 :       -20.88572 kcal/mol
 Gas liquid transition energy in the mix (H_glt)   :        12.21004 kcal/mol
 Normalized weight factor of molecule in compound  :         0.09105
 Normalized weight factor of molecule in gas phase :         0.19532

 Compound: 2 Conformer: 3 (3-heptanol_c2)
 Chemical potential of the molecule in the mixture :         4.81707 kcal/mol
 Log10(partial pressure [mbar])                    :         3.27246
 Free energy of molecule in mix (E_COSMO+dE+Mu)    :   -220745.70273 kcal/mol
 Total mean interaction energy in the mix          :       -10.21850 kcal/mol
 Misfit interaction energy in the mix              :         2.41679 kcal/mol
 H-Bond interaction energy in the mix              :        -3.93548 kcal/mol
 VdW interaction energy in the mix                 :       -20.90985 kcal/mol
 Gas liquid transition energy in the mix (H_glt)   :        12.21004 kcal/mol
 Normalized weight factor of molecule in compound  :         0.07965
 Normalized weight factor of molecule in gas phase :         0.17000

 Compound: 2 Conformer: 4 (3-heptanol_c3)
 Chemical potential of the molecule in the mixture :         4.42879 kcal/mol
 Log10(partial pressure [mbar])                    :         2.85129
 Free energy of molecule in mix (E_COSMO+dE+Mu)    :   -220746.00143 kcal/mol
 Total mean interaction energy in the mix          :       -10.48795 kcal/mol
 Misfit interaction energy in the mix              :         2.45469 kcal/mol
 H-Bond interaction energy in the mix              :        -4.25062 kcal/mol
 VdW interaction energy in the mix                 :       -20.90206 kcal/mol
 Gas liquid transition energy in the mix (H_glt)   :        12.21004 kcal/mol
 Normalized weight factor of molecule in compound  :         0.13300
 Normalized weight factor of molecule in gas phase :         0.10306

 Compound: 2 Conformer: 5 (3-heptanol_c4)
 Chemical potential of the molecule in the mixture :         4.27073 kcal/mol
 Log10(partial pressure [mbar])                    :         2.70814
 Free energy of molecule in mix (E_COSMO+dE+Mu)    :   -220746.26687 kcal/mol
 Total mean interaction energy in the mix          :       -10.53867 kcal/mol
 Misfit interaction energy in the mix              :         2.46490 kcal/mol
 H-Bond interaction energy in the mix              :        -4.39707 kcal/mol
 VdW interaction energy in the mix                 :       -20.81655 kcal/mol
 Gas liquid transition energy in the mix (H_glt)   :        12.21004 kcal/mol
 Normalized weight factor of molecule in compound  :         0.20976
 Normalized weight factor of molecule in gas phase :         0.10362

 Compound: 2 Conformer: 6 (3-heptanol_c5)
 Chemical potential of the molecule in the mixture :         4.37538 kcal/mol
 Log10(partial pressure [mbar])                    :         2.80543
 Free energy of molecule in mix (E_COSMO+dE+Mu)    :   -220746.01502 kcal/mol
 Total mean interaction energy in the mix          :       -10.46316 kcal/mol
 Misfit interaction energy in the mix              :         2.43979 kcal/mol
 H-Bond interaction energy in the mix              :        -4.22185 kcal/mol
 VdW interaction energy in the mix                 :       -20.89114 kcal/mol
 Gas liquid transition energy in the mix (H_glt)   :        12.21004 kcal/mol
 Normalized weight factor of molecule in compound  :         0.13614
 Normalized weight factor of molecule in gas phase :         0.09651

 Compound: 2 Conformer: 7 (3-heptanol_c6)
 Chemical potential of the molecule in the mixture :         4.38676 kcal/mol
 Log10(partial pressure [mbar])                    :         2.76484
 Free energy of molecule in mix (E_COSMO+dE+Mu)    :   -220746.11056 kcal/mol
 Total mean interaction energy in the mix          :       -10.47074 kcal/mol
 Misfit interaction energy in the mix              :         2.48636 kcal/mol
 H-Bond interaction energy in the mix              :        -4.39135 kcal/mol
 VdW interaction energy in the mix                 :       -20.77579 kcal/mol
 Gas liquid transition energy in the mix (H_glt)   :        12.21004 kcal/mol
 Normalized weight factor of molecule in compound  :         0.16040
 Normalized weight factor of molecule in gas phase :         0.08757

 Compound: 2 Conformer: 8 (3-heptanol_c7)
 Chemical potential of the molecule in the mixture :         4.52800 kcal/mol
 Log10(partial pressure [mbar])                    :         2.83728
 Free energy of molecule in mix (E_COSMO+dE+Mu)    :   -220745.76628 kcal/mol
 Total mean interaction energy in the mix          :       -10.29696 kcal/mol
 Misfit interaction energy in the mix              :         2.39173 kcal/mol
 H-Bond interaction energy in the mix              :        -4.41437 kcal/mol
 VdW interaction energy in the mix                 :       -20.48436 kcal/mol
 Gas liquid transition energy in the mix (H_glt)   :        12.21004 kcal/mol
 Normalized weight factor of molecule in compound  :         0.08883
 Normalized weight factor of molecule in gas phase :         0.06919

 Compound: 3 Conformer: 1 (lacticacid_c0)
 Chemical potential of the molecule in the mixture :         5.52696 kcal/mol
 Log10(partial pressure [mbar])                    :        -1.46838
 Free energy of molecule in mix (E_COSMO+dE+Mu)    :   -215743.15318 kcal/mol
 Total mean interaction energy in the mix          :        -7.84909 kcal/mol
 Misfit interaction energy in the mix              :         1.82165 kcal/mol
 H-Bond interaction energy in the mix              :        -4.58455 kcal/mol
 VdW interaction energy in the mix                 :       -13.33803 kcal/mol
 Gas liquid transition energy in the mix (H_glt)   :         8.25184 kcal/mol
 Normalized weight factor of molecule in compound  :         0.03596
 Normalized weight factor of molecule in gas phase :         0.00476

 Compound: 3 Conformer: 2 (lacticacid_c1)
 Chemical potential of the molecule in the mixture :         5.68261 kcal/mol
 Log10(partial pressure [mbar])                    :        -0.93532
 Free energy of molecule in mix (E_COSMO+dE+Mu)    :   -215742.81604 kcal/mol
 Total mean interaction energy in the mix          :        -7.38321 kcal/mol
 Misfit interaction energy in the mix              :         1.94333 kcal/mol
 H-Bond interaction energy in the mix              :        -4.26181 kcal/mol
 VdW interaction energy in the mix                 :       -13.31658 kcal/mol
 Gas liquid transition energy in the mix (H_glt)   :         8.25184 kcal/mol
 Normalized weight factor of molecule in compound  :         0.02016
 Normalized weight factor of molecule in gas phase :         0.00936

 Compound: 3 Conformer: 3 (lacticacid_c2)
 Chemical potential of the molecule in the mixture :         3.82787 kcal/mol
 Log10(partial pressure [mbar])                    :        -0.20737
 Free energy of molecule in mix (E_COSMO+dE+Mu)    :   -215743.77859 kcal/mol
 Total mean interaction energy in the mix          :        -8.50532 kcal/mol
 Misfit interaction energy in the mix              :         1.86323 kcal/mol
 H-Bond interaction energy in the mix              :        -5.21764 kcal/mol
 VdW interaction energy in the mix                 :       -13.40275 kcal/mol
 Gas liquid transition energy in the mix (H_glt)   :         8.25184 kcal/mol
 Normalized weight factor of molecule in compound  :         0.10520
 Normalized weight factor of molecule in gas phase :         0.94961

 Compound: 3 Conformer: 4 (lacticacid_c3)
 Chemical potential of the molecule in the mixture :         2.02385 kcal/mol
 Log10(partial pressure [mbar])                    :        -2.65965
 Free energy of molecule in mix (E_COSMO+dE+Mu)    :   -215744.16158 kcal/mol
 Total mean interaction energy in the mix          :       -10.72959 kcal/mol
 Misfit interaction energy in the mix              :         1.78697 kcal/mol
 H-Bond interaction energy in the mix              :        -7.39331 kcal/mol
 VdW interaction energy in the mix                 :       -13.37509 kcal/mol
 Gas liquid transition energy in the mix (H_glt)   :         8.25184 kcal/mol
 Normalized weight factor of molecule in compound  :         0.20302
 Normalized weight factor of molecule in gas phase :         0.02089

 Compound: 3 Conformer: 5 (lacticacid_c4)
 Chemical potential of the molecule in the mixture :         1.45247 kcal/mol
 Log10(partial pressure [mbar])                    :        -4.75285
 Free energy of molecule in mix (E_COSMO+dE+Mu)    :   -215744.64636 kcal/mol
 Total mean interaction energy in the mix          :       -11.70214 kcal/mol
 Misfit interaction energy in the mix              :         1.76469 kcal/mol
 H-Bond interaction energy in the mix              :        -8.32371 kcal/mol
 VdW interaction energy in the mix                 :       -13.39496 kcal/mol
 Gas liquid transition energy in the mix (H_glt)   :         8.25184 kcal/mol
 Normalized weight factor of molecule in compound  :         0.46661
 Normalized weight factor of molecule in gas phase :         0.00039

 Compound: 3 Conformer: 6 (lacticacid_c5)
 Chemical potential of the molecule in the mixture :         1.98055 kcal/mol
 Log10(partial pressure [mbar])                    :        -2.72360
 Free energy of molecule in mix (E_COSMO+dE+Mu)    :   -215744.05491 kcal/mol
 Total mean interaction energy in the mix          :       -10.81042 kcal/mol
 Misfit interaction energy in the mix              :         1.76009 kcal/mol
 H-Bond interaction energy in the mix              :        -7.42558 kcal/mol
 VdW interaction energy in the mix                 :       -13.39677 kcal/mol
 Gas liquid transition energy in the mix (H_glt)   :         8.25184 kcal/mol
 Normalized weight factor of molecule in compound  :         0.16905
 Normalized weight factor of molecule in gas phase :         0.01500




 Results for mixture 10 - LIQ_EX Phase 2 Iteration    4
 ----------------------
 Temperature          :    293.150 K
 Compound Nr.         :         1         2         3
 Compound             :       h2o 3-heptano lacticaci
 Mole Fraction        :    0.2542    0.7435    0.0022

 Compound: 1  (h2o)
 Chemical potential of the compound in the mixture :         3.63558 kcal/mol
 Log10(partial pressure [mbar])                    :         1.55233
 Free energy of molecule in mix (E_COSMO+dE+Mu)    :    -47989.61769 kcal/mol
 Total mean interaction energy in the mix (H_int)  :        -5.52520 kcal/mol
 Misfit interaction energy in the mix (H_MF)       :         0.94650 kcal/mol
 H-Bond interaction energy in the mix (H_HB)       :        -4.77468 kcal/mol
 VdW interaction energy in the mix (H_vdW)         :        -4.62908 kcal/mol
 Gas liquid transition energy in the mix (H_glt)   :         2.93205 kcal/mol
 Equilibrium constant Kx(1,2)                      :         3.63873
 Equilibrium concentration x_k(1,2)                :         0.78442

 Compound: 2  (3-heptanol)
 Chemical potential of the compound in the mixture :        -0.67979 kcal/mol
 Log10(partial pressure [mbar])                    :        -0.07960
 Free energy of molecule in mix (E_COSMO+dE+Mu)    :   -220751.21738 kcal/mol
 Total mean interaction energy in the mix (H_int)  :        -9.95181 kcal/mol
 Misfit interaction energy in the mix (H_MF)       :         2.16470 kcal/mol
 H-Bond interaction energy in the mix (H_HB)       :        -2.84758 kcal/mol
 VdW interaction energy in the mix (H_vdW)         :       -21.56056 kcal/mol
 Gas liquid transition energy in the mix (H_glt)   :        12.21004 kcal/mol
 Equilibrium constant Kx(1,2)                      :  9.71901028E-04
 Equilibrium concentration x_k(1,2)                :         0.00097

 Compound: 3  (lacticacid)
 Chemical potential of the compound in the mixture :         3.50720 kcal/mol
 Log10(partial pressure [mbar])                    :        -1.73349
 Free energy of molecule in mix (E_COSMO+dE+Mu)    :   -215745.17294 kcal/mol
 Total mean interaction energy in the mix (H_int)  :        -6.35524 kcal/mol
 Misfit interaction energy in the mix (H_MF)       :         2.28447 kcal/mol
 H-Bond interaction energy in the mix (H_HB)       :        -4.38698 kcal/mol
 VdW interaction energy in the mix (H_vdW)         :       -14.08949 kcal/mol
 Gas liquid transition energy in the mix (H_glt)   :         8.25184 kcal/mol
 Equilibrium constant Kx(1,2)                      :         0.86791
 Equilibrium concentration x_k(1,2)                :         0.46464



 Compound: 1 Conformer: 1 (h2o_c0)
 Chemical potential of the molecule in the mixture :         3.63558 kcal/mol
 Log10(partial pressure [mbar])                    :         1.55233
 Free energy of molecule in mix (E_COSMO+dE+Mu)    :    -47989.61769 kcal/mol
 Total mean interaction energy in the mix          :        -5.52520 kcal/mol
 Misfit interaction energy in the mix              :         0.94650 kcal/mol
 H-Bond interaction energy in the mix              :        -4.77468 kcal/mol
 VdW interaction energy in the mix                 :        -4.62908 kcal/mol
 Gas liquid transition energy in the mix (H_glt)   :         2.93205 kcal/mol
 Normalized weight factor of molecule in compound  :         1.00000
 Normalized weight factor of molecule in gas phase :         1.00000

 Compound: 2 Conformer: 1 (3-heptanol_c0)
 Chemical potential of the molecule in the mixture :         0.56300 kcal/mol
 Log10(partial pressure [mbar])                    :         0.19255
 Free energy of molecule in mix (E_COSMO+dE+Mu)    :   -220749.92562 kcal/mol
 Total mean interaction energy in the mix          :        -9.74119 kcal/mol
 Misfit interaction energy in the mix              :         2.18117 kcal/mol
 H-Bond interaction energy in the mix              :        -2.52514 kcal/mol
 VdW interaction energy in the mix                 :       -21.60726 kcal/mol
 Gas liquid transition energy in the mix (H_glt)   :        12.21004 kcal/mol
 Normalized weight factor of molecule in compound  :         0.10889
 Normalized weight factor of molecule in gas phase :         0.17473

 Compound: 2 Conformer: 2 (3-heptanol_c1)
 Chemical potential of the molecule in the mixture :         0.61199 kcal/mol
 Log10(partial pressure [mbar])                    :         0.25050
 Free energy of molecule in mix (E_COSMO+dE+Mu)    :   -220749.90643 kcal/mol
 Total mean interaction energy in the mix          :        -9.66479 kcal/mol
 Misfit interaction energy in the mix              :         2.18900 kcal/mol
 H-Bond interaction energy in the mix              :        -2.46808 kcal/mol
 VdW interaction energy in the mix                 :       -21.59575 kcal/mol
 Gas liquid transition energy in the mix (H_glt)   :        12.21004 kcal/mol
 Normalized weight factor of molecule in compound  :         0.10536
 Normalized weight factor of molecule in gas phase :         0.19532

 Compound: 2 Conformer: 3 (3-heptanol_c2)
 Chemical potential of the molecule in the mixture :         0.49681 kcal/mol
 Log10(partial pressure [mbar])                    :         0.05167
 Free energy of molecule in mix (E_COSMO+dE+Mu)    :   -220750.02299 kcal/mol
 Total mean interaction energy in the mix          :        -9.65174 kcal/mol
 Misfit interaction energy in the mix              :         2.15200 kcal/mol
 H-Bond interaction energy in the mix              :        -2.39744 kcal/mol
 VdW interaction energy in the mix                 :       -21.61635 kcal/mol
 Gas liquid transition energy in the mix (H_glt)   :        12.21004 kcal/mol
 Normalized weight factor of molecule in compound  :         0.12870
 Normalized weight factor of molecule in gas phase :         0.17000

 Compound: 2 Conformer: 4 (3-heptanol_c3)
 Chemical potential of the molecule in the mixture :         0.17111 kcal/mol
 Log10(partial pressure [mbar])                    :        -0.32284
 Free energy of molecule in mix (E_COSMO+dE+Mu)    :   -220750.25912 kcal/mol
 Total mean interaction energy in the mix          :       -10.29685 kcal/mol
 Misfit interaction energy in the mix              :         2.13093 kcal/mol
 H-Bond interaction energy in the mix              :        -3.01686 kcal/mol
 VdW interaction energy in the mix                 :       -21.62095 kcal/mol
 Gas liquid transition energy in the mix (H_glt)   :        12.21004 kcal/mol
 Normalized weight factor of molecule in compound  :         0.19302
 Normalized weight factor of molecule in gas phase :         0.10306

 Compound: 2 Conformer: 5 (3-heptanol_c4)
 Chemical potential of the molecule in the mixture :         0.62257 kcal/mol
 Log10(partial pressure [mbar])                    :        -0.01159
 Free energy of molecule in mix (E_COSMO+dE+Mu)    :   -220749.91502 kcal/mol
 Total mean interaction energy in the mix          :       -10.10638 kcal/mol
 Misfit interaction energy in the mix              :         2.23599 kcal/mol
 H-Bond interaction energy in the mix              :        -3.02084 kcal/mol
 VdW interaction energy in the mix                 :       -21.53157 kcal/mol
 Gas liquid transition energy in the mix (H_glt)   :        12.21004 kcal/mol
 Normalized weight factor of molecule in compound  :         0.10692
 Normalized weight factor of molecule in gas phase :         0.10362

 Compound: 2 Conformer: 6 (3-heptanol_c5)
 Chemical potential of the molecule in the mixture :         0.12298 kcal/mol
 Log10(partial pressure [mbar])                    :        -0.36476
 Free energy of molecule in mix (E_COSMO+dE+Mu)    :   -220750.26742 kcal/mol
 Total mean interaction energy in the mix          :       -10.36224 kcal/mol
 Misfit interaction energy in the mix              :         2.11864 kcal/mol
 H-Bond interaction energy in the mix              :        -3.07948 kcal/mol
 VdW interaction energy in the mix                 :       -21.61145 kcal/mol
 Gas liquid transition energy in the mix (H_glt)   :        12.21004 kcal/mol
 Normalized weight factor of molecule in compound  :         0.19579
 Normalized weight factor of molecule in gas phase :         0.09651

 Compound: 2 Conformer: 7 (3-heptanol_c6)
 Chemical potential of the molecule in the mixture :         0.72969 kcal/mol
 Log10(partial pressure [mbar])                    :         0.03846
 Free energy of molecule in mix (E_COSMO+dE+Mu)    :   -220749.76763 kcal/mol
 Total mean interaction energy in the mix          :       -10.00084 kcal/mol
 Misfit interaction energy in the mix              :         2.25525 kcal/mol
 H-Bond interaction energy in the mix              :        -2.97404 kcal/mol
 VdW interaction energy in the mix                 :       -21.49210 kcal/mol
 Gas liquid transition energy in the mix (H_glt)   :        12.21004 kcal/mol
 Normalized weight factor of molecule in compound  :         0.08302
 Normalized weight factor of molecule in gas phase :         0.08757

 Compound: 2 Conformer: 8 (3-heptanol_c7)
 Chemical potential of the molecule in the mixture :         0.56081 kcal/mol
 Log10(partial pressure [mbar])                    :        -0.12028
 Free energy of molecule in mix (E_COSMO+dE+Mu)    :   -220749.73346 kcal/mol
 Total mean interaction energy in the mix          :       -10.02607 kcal/mol
 Misfit interaction energy in the mix              :         2.13507 kcal/mol
 H-Bond interaction energy in the mix              :        -3.17864 kcal/mol
 VdW interaction energy in the mix                 :       -21.19254 kcal/mol
 Gas liquid transition energy in the mix (H_glt)   :        12.21004 kcal/mol
 Normalized weight factor of molecule in compound  :         0.07829
 Normalized weight factor of molecule in gas phase :         0.06919

 Compound: 3 Conformer: 1 (lacticacid_c0)
 Chemical potential of the molecule in the mixture :         5.17594 kcal/mol
 Log10(partial pressure [mbar])                    :        -1.73007
 Free energy of molecule in mix (E_COSMO+dE+Mu)    :   -215743.50420 kcal/mol
 Total mean interaction energy in the mix          :        -6.29235 kcal/mol
 Misfit interaction energy in the mix              :         2.69463 kcal/mol
 H-Bond interaction energy in the mix              :        -3.18520 kcal/mol
 VdW interaction energy in the mix                 :       -14.05363 kcal/mol
 Gas liquid transition energy in the mix (H_glt)   :         8.25184 kcal/mol
 Normalized weight factor of molecule in compound  :         0.05701
 Normalized weight factor of molecule in gas phase :         0.00476

 Compound: 3 Conformer: 2 (lacticacid_c1)
 Chemical potential of the molecule in the mixture :         5.58590 kcal/mol
 Log10(partial pressure [mbar])                    :        -1.00742
 Free energy of molecule in mix (E_COSMO+dE+Mu)    :   -215742.91275 kcal/mol
 Total mean interaction energy in the mix          :        -5.79643 kcal/mol
 Misfit interaction energy in the mix              :         2.75339 kcal/mol
 H-Bond interaction energy in the mix              :        -2.78378 kcal/mol
 VdW interaction energy in the mix                 :       -14.01788 kcal/mol
 Gas liquid transition energy in the mix (H_glt)   :         8.25184 kcal/mol
 Normalized weight factor of molecule in compound  :         0.02065
 Normalized weight factor of molecule in gas phase :         0.00936

 Compound: 3 Conformer: 3 (lacticacid_c2)
 Chemical potential of the molecule in the mixture :         2.80606 kcal/mol
 Log10(partial pressure [mbar])                    :        -0.96914
 Free energy of molecule in mix (E_COSMO+dE+Mu)    :   -215744.80041 kcal/mol
 Total mean interaction energy in the mix          :        -7.46164 kcal/mol
 Misfit interaction energy in the mix              :         2.15840 kcal/mol
 H-Bond interaction energy in the mix              :        -3.77822 kcal/mol
 VdW interaction energy in the mix                 :       -14.09365 kcal/mol
 Gas liquid transition energy in the mix (H_glt)   :         8.25184 kcal/mol
 Normalized weight factor of molecule in compound  :         0.52756
 Normalized weight factor of molecule in gas phase :         0.94961

 Compound: 3 Conformer: 4 (lacticacid_c3)
 Chemical potential of the molecule in the mixture :         2.12220 kcal/mol
 Log10(partial pressure [mbar])                    :        -2.58633
 Free energy of molecule in mix (E_COSMO+dE+Mu)    :   -215744.06323 kcal/mol
 Total mean interaction energy in the mix          :        -8.71318 kcal/mol
 Misfit interaction energy in the mix              :         2.30388 kcal/mol
 H-Bond interaction energy in the mix              :        -5.19781 kcal/mol
 VdW interaction energy in the mix                 :       -14.07110 kcal/mol
 Gas liquid transition energy in the mix (H_glt)   :         8.25184 kcal/mol
 Normalized weight factor of molecule in compound  :         0.14883
 Normalized weight factor of molecule in gas phase :         0.02089

 Compound: 3 Conformer: 5 (lacticacid_c4)
 Chemical potential of the molecule in the mixture :         2.21050 kcal/mol
 Log10(partial pressure [mbar])                    :        -4.18773
 Free energy of molecule in mix (E_COSMO+dE+Mu)    :   -215743.88833 kcal/mol
 Total mean interaction energy in the mix          :        -9.27972 kcal/mol
 Misfit interaction energy in the mix              :         2.57914 kcal/mol
 H-Bond interaction energy in the mix              :        -5.99697 kcal/mol
 VdW interaction energy in the mix                 :       -14.11373 kcal/mol
 Gas liquid transition energy in the mix (H_glt)   :         8.25184 kcal/mol
 Normalized weight factor of molecule in compound  :         0.11023
 Normalized weight factor of molecule in gas phase :         0.00039

 Compound: 3 Conformer: 6 (lacticacid_c5)
 Chemical potential of the molecule in the mixture :         2.02600 kcal/mol
 Log10(partial pressure [mbar])                    :        -2.68972
 Free energy of molecule in mix (E_COSMO+dE+Mu)    :   -215744.00946 kcal/mol
 Total mean interaction energy in the mix          :        -8.88304 kcal/mol
 Misfit interaction energy in the mix              :         2.27022 kcal/mol
 H-Bond interaction energy in the mix              :        -5.30533 kcal/mol
 VdW interaction energy in the mix                 :       -14.09978 kcal/mol
 Gas liquid transition energy in the mix (H_glt)   :         8.25184 kcal/mol
 Normalized weight factor of molecule in compound  :         0.13571
 Normalized weight factor of molecule in gas phase :         0.01500




 Results for mixture 11 - LIQ_EX Phase 1 Iteration    5
 ----------------------
 Temperature          :    293.150 K
 Compound Nr.         :         1         2         3
 Compound             :       h2o 3-heptano lacticaci
 Mole Fraction        :    0.9972    0.0007    0.0020

 Compound: 1  (h2o)
 Chemical potential of the compound in the mixture :         2.88314 kcal/mol
 Log10(partial pressure [mbar])                    :         0.99138
 Free energy of molecule in mix (E_COSMO+dE+Mu)    :    -47990.37013 kcal/mol
 Total mean interaction energy in the mix (H_int)  :        -5.86141 kcal/mol
 Misfit interaction energy in the mix (H_MF)       :         0.54809 kcal/mol
 H-Bond interaction energy in the mix (H_HB)       :        -4.97484 kcal/mol
 VdW interaction energy in the mix (H_vdW)         :        -4.36670 kcal/mol
 Gas liquid transition energy in the mix (H_glt)   :         2.93205 kcal/mol

 Compound: 2  (3-heptanol)
 Chemical potential of the compound in the mixture :         3.36283 kcal/mol
 Log10(partial pressure [mbar])                    :         2.93420
 Free energy of molecule in mix (E_COSMO+dE+Mu)    :   -220747.17477 kcal/mol
 Total mean interaction energy in the mix (H_int)  :       -10.32574 kcal/mol
 Misfit interaction energy in the mix (H_MF)       :         2.44807 kcal/mol
 H-Bond interaction energy in the mix (H_HB)       :        -4.23088 kcal/mol
 VdW interaction energy in the mix (H_vdW)         :       -20.82348 kcal/mol
 Gas liquid transition energy in the mix (H_glt)   :        12.21004 kcal/mol

 Compound: 3  (lacticacid)
 Chemical potential of the compound in the mixture :         3.59015 kcal/mol
 Log10(partial pressure [mbar])                    :        -1.67165
 Free energy of molecule in mix (E_COSMO+dE+Mu)    :   -215745.09000 kcal/mol
 Total mean interaction energy in the mix (H_int)  :        -8.51775 kcal/mol
 Misfit interaction energy in the mix (H_MF)       :         1.78423 kcal/mol
 H-Bond interaction energy in the mix (H_HB)       :        -7.44043 kcal/mol
 VdW interaction energy in the mix (H_vdW)         :       -13.38813 kcal/mol
 Gas liquid transition energy in the mix (H_glt)   :         8.25184 kcal/mol



 Compound: 1 Conformer: 1 (h2o_c0)
 Chemical potential of the molecule in the mixture :         2.88314 kcal/mol
 Log10(partial pressure [mbar])                    :         0.99138
 Free energy of molecule in mix (E_COSMO+dE+Mu)    :    -47990.37013 kcal/mol
 Total mean interaction energy in the mix          :        -5.86141 kcal/mol
 Misfit interaction energy in the mix              :         0.54809 kcal/mol
 H-Bond interaction energy in the mix              :        -4.97484 kcal/mol
 VdW interaction energy in the mix                 :        -4.36670 kcal/mol
 Gas liquid transition energy in the mix (H_glt)   :         2.93205 kcal/mol
 Normalized weight factor of molecule in compound  :         1.00000
 Normalized weight factor of molecule in gas phase :         1.00000

 Compound: 2 Conformer: 1 (3-heptanol_c0)
 Chemical potential of the molecule in the mixture :         4.64844 kcal/mol
 Log10(partial pressure [mbar])                    :         3.23827
 Free energy of molecule in mix (E_COSMO+dE+Mu)    :   -220745.84018 kcal/mol
 Total mean interaction energy in the mix          :       -10.24335 kcal/mol
 Misfit interaction energy in the mix              :         2.41232 kcal/mol
 H-Bond interaction energy in the mix              :        -3.96921 kcal/mol
 VdW interaction energy in the mix                 :       -20.89650 kcal/mol
 Gas liquid transition energy in the mix (H_glt)   :        12.21004 kcal/mol
 Normalized weight factor of molecule in compound  :         0.10117
 Normalized weight factor of molecule in gas phase :         0.17473

 Compound: 2 Conformer: 2 (3-heptanol_c1)
 Chemical potential of the molecule in the mixture :         4.73964 kcal/mol
 Log10(partial pressure [mbar])                    :         3.32770
 Free energy of molecule in mix (E_COSMO+dE+Mu)    :   -220745.77878 kcal/mol
 Total mean interaction energy in the mix          :       -10.12552 kcal/mol
 Misfit interaction energy in the mix              :         2.46895 kcal/mol
 H-Bond interaction energy in the mix              :        -3.91920 kcal/mol
 VdW interaction energy in the mix                 :       -20.88531 kcal/mol
 Gas liquid transition energy in the mix (H_glt)   :        12.21004 kcal/mol
 Normalized weight factor of molecule in compound  :         0.09105
 Normalized weight factor of molecule in gas phase :         0.19532

 Compound: 2 Conformer: 3 (3-heptanol_c2)
 Chemical potential of the molecule in the mixture :         4.81904 kcal/mol
 Log10(partial pressure [mbar])                    :         3.27392
 Free energy of molecule in mix (E_COSMO+dE+Mu)    :   -220745.70077 kcal/mol
 Total mean interaction energy in the mix          :       -10.21852 kcal/mol
 Misfit interaction energy in the mix              :         2.41651 kcal/mol
 H-Bond interaction energy in the mix              :        -3.93563 kcal/mol
 VdW interaction energy in the mix                 :       -20.90944 kcal/mol
 Gas liquid transition energy in the mix (H_glt)   :        12.21004 kcal/mol
 Normalized weight factor of molecule in compound  :         0.07964
 Normalized weight factor of molecule in gas phase :         0.17000

 Compound: 2 Conformer: 4 (3-heptanol_c3)
 Chemical potential of the molecule in the mixture :         4.43072 kcal/mol
 Log10(partial pressure [mbar])                    :         2.85273
 Free energy of molecule in mix (E_COSMO+dE+Mu)    :   -220745.99951 kcal/mol
 Total mean interaction energy in the mix          :       -10.48793 kcal/mol
 Misfit interaction energy in the mix              :         2.45442 kcal/mol
 H-Bond interaction energy in the mix              :        -4.25075 kcal/mol
 VdW interaction energy in the mix                 :       -20.90165 kcal/mol
 Gas liquid transition energy in the mix (H_glt)   :        12.21004 kcal/mol
 Normalized weight factor of molecule in compound  :         0.13300
 Normalized weight factor of molecule in gas phase :         0.10306

 Compound: 2 Conformer: 5 (3-heptanol_c4)
 Chemical potential of the molecule in the mixture :         4.27261 kcal/mol
 Log10(partial pressure [mbar])                    :         2.70954
 Free energy of molecule in mix (E_COSMO+dE+Mu)    :   -220746.26498 kcal/mol
 Total mean interaction energy in the mix          :       -10.53859 kcal/mol
 Misfit interaction energy in the mix              :         2.46464 kcal/mol
 H-Bond interaction energy in the mix              :        -4.39714 kcal/mol
 VdW interaction energy in the mix                 :       -20.81614 kcal/mol
 Gas liquid transition energy in the mix (H_glt)   :        12.21004 kcal/mol
 Normalized weight factor of molecule in compound  :         0.20977
 Normalized weight factor of molecule in gas phase :         0.10362

 Compound: 2 Conformer: 6 (3-heptanol_c5)
 Chemical potential of the molecule in the mixture :         4.37732 kcal/mol
 Log10(partial pressure [mbar])                    :         2.80688
 Free energy of molecule in mix (E_COSMO+dE+Mu)    :   -220746.01308 kcal/mol
 Total mean interaction energy in the mix          :       -10.46312 kcal/mol
 Misfit interaction energy in the mix              :         2.43952 kcal/mol
 H-Bond interaction energy in the mix              :        -4.22196 kcal/mol
 VdW interaction energy in the mix                 :       -20.89073 kcal/mol
 Gas liquid transition energy in the mix (H_glt)   :        12.21004 kcal/mol
 Normalized weight factor of molecule in compound  :         0.13613
 Normalized weight factor of molecule in gas phase :         0.09651

 Compound: 2 Conformer: 7 (3-heptanol_c6)
 Chemical potential of the molecule in the mixture :         4.38864 kcal/mol
 Log10(partial pressure [mbar])                    :         2.76624
 Free energy of molecule in mix (E_COSMO+dE+Mu)    :   -220746.10868 kcal/mol
 Total mean interaction energy in the mix          :       -10.47067 kcal/mol
 Misfit interaction energy in the mix              :         2.48610 kcal/mol
 H-Bond interaction energy in the mix              :        -4.39143 kcal/mol
 VdW interaction energy in the mix                 :       -20.77538 kcal/mol
 Gas liquid transition energy in the mix (H_glt)   :        12.21004 kcal/mol
 Normalized weight factor of molecule in compound  :         0.16041
 Normalized weight factor of molecule in gas phase :         0.08757

 Compound: 2 Conformer: 8 (3-heptanol_c7)
 Chemical potential of the molecule in the mixture :         4.52987 kcal/mol
 Log10(partial pressure [mbar])                    :         2.83868
 Free energy of molecule in mix (E_COSMO+dE+Mu)    :   -220745.76441 kcal/mol
 Total mean interaction energy in the mix          :       -10.29691 kcal/mol
 Misfit interaction energy in the mix              :         2.39146 kcal/mol
 H-Bond interaction energy in the mix              :        -4.41445 kcal/mol
 VdW interaction energy in the mix                 :       -20.48396 kcal/mol
 Gas liquid transition energy in the mix (H_glt)   :        12.21004 kcal/mol
 Normalized weight factor of molecule in compound  :         0.08883
 Normalized weight factor of molecule in gas phase :         0.06919

 Compound: 3 Conformer: 1 (lacticacid_c0)
 Chemical potential of the molecule in the mixture :         5.52748 kcal/mol
 Log10(partial pressure [mbar])                    :        -1.46799
 Free energy of molecule in mix (E_COSMO+dE+Mu)    :   -215743.15266 kcal/mol
 Total mean interaction energy in the mix          :        -7.84931 kcal/mol
 Misfit interaction energy in the mix              :         1.82139 kcal/mol
 H-Bond interaction energy in the mix              :        -4.58482 kcal/mol
 VdW interaction energy in the mix                 :       -13.33772 kcal/mol
 Gas liquid transition energy in the mix (H_glt)   :         8.25184 kcal/mol
 Normalized weight factor of molecule in compound  :         0.03595
 Normalized weight factor of molecule in gas phase :         0.00476

 Compound: 3 Conformer: 2 (lacticacid_c1)
 Chemical potential of the molecule in the mixture :         5.68313 kcal/mol
 Log10(partial pressure [mbar])                    :        -0.93494
 Free energy of molecule in mix (E_COSMO+dE+Mu)    :   -215742.81552 kcal/mol
 Total mean interaction energy in the mix          :        -7.38340 kcal/mol
 Misfit interaction energy in the mix              :         1.94313 kcal/mol
 H-Bond interaction energy in the mix              :        -4.26210 kcal/mol
 VdW interaction energy in the mix                 :       -13.31627 kcal/mol
 Gas liquid transition energy in the mix (H_glt)   :         8.25184 kcal/mol
 Normalized weight factor of molecule in compound  :         0.02015
 Normalized weight factor of molecule in gas phase :         0.00936

 Compound: 3 Conformer: 3 (lacticacid_c2)
 Chemical potential of the molecule in the mixture :         3.82857 kcal/mol
 Log10(partial pressure [mbar])                    :        -0.20685
 Free energy of molecule in mix (E_COSMO+dE+Mu)    :   -215743.77789 kcal/mol
 Total mean interaction energy in the mix          :        -8.50543 kcal/mol
 Misfit interaction energy in the mix              :         1.86306 kcal/mol
 H-Bond interaction energy in the mix              :        -5.21789 kcal/mol
 VdW interaction energy in the mix                 :       -13.40244 kcal/mol
 Gas liquid transition energy in the mix (H_glt)   :         8.25184 kcal/mol
 Normalized weight factor of molecule in compound  :         0.10515
 Normalized weight factor of molecule in gas phase :         0.94961

 Compound: 3 Conformer: 4 (lacticacid_c3)
 Chemical potential of the molecule in the mixture :         2.02429 kcal/mol
 Log10(partial pressure [mbar])                    :        -2.65933
 Free energy of molecule in mix (E_COSMO+dE+Mu)    :   -215744.16114 kcal/mol
 Total mean interaction energy in the mix          :       -10.72987 kcal/mol
 Misfit interaction energy in the mix              :         1.78677 kcal/mol
 H-Bond interaction energy in the mix              :        -7.39367 kcal/mol
 VdW interaction energy in the mix                 :       -13.37480 kcal/mol
 Gas liquid transition energy in the mix (H_glt)   :         8.25184 kcal/mol
 Normalized weight factor of molecule in compound  :         0.20302
 Normalized weight factor of molecule in gas phase :         0.02089

 Compound: 3 Conformer: 5 (lacticacid_c4)
 Chemical potential of the molecule in the mixture :         1.45280 kcal/mol
 Log10(partial pressure [mbar])                    :        -4.75260
 Free energy of molecule in mix (E_COSMO+dE+Mu)    :   -215744.64603 kcal/mol
 Total mean interaction energy in the mix          :       -11.70241 kcal/mol
 Misfit interaction energy in the mix              :         1.76445 kcal/mol
 H-Bond interaction energy in the mix              :        -8.32403 kcal/mol
 VdW interaction energy in the mix                 :       -13.39467 kcal/mol
 Gas liquid transition energy in the mix (H_glt)   :         8.25184 kcal/mol
 Normalized weight factor of molecule in compound  :         0.46668
 Normalized weight factor of molecule in gas phase :         0.00039

 Compound: 3 Conformer: 6 (lacticacid_c5)
 Chemical potential of the molecule in the mixture :         1.98100 kcal/mol
 Log10(partial pressure [mbar])                    :        -2.72327
 Free energy of molecule in mix (E_COSMO+dE+Mu)    :   -215744.05447 kcal/mol
 Total mean interaction energy in the mix          :       -10.81070 kcal/mol
 Misfit interaction energy in the mix              :         1.75989 kcal/mol
 H-Bond interaction energy in the mix              :        -7.42595 kcal/mol
 VdW interaction energy in the mix                 :       -13.39648 kcal/mol
 Gas liquid transition energy in the mix (H_glt)   :         8.25184 kcal/mol
 Normalized weight factor of molecule in compound  :         0.16905
 Normalized weight factor of molecule in gas phase :         0.01500




 Results for mixture 12 - LIQ_EX Phase 2 Iteration    5
 ----------------------
 Temperature          :    293.150 K
 Compound Nr.         :         1         2         3
 Compound             :       h2o 3-heptano lacticaci
 Mole Fraction        :    0.2656    0.7321    0.0023

 Compound: 1  (h2o)
 Chemical potential of the compound in the mixture :         3.62833 kcal/mol
 Log10(partial pressure [mbar])                    :         1.54692
 Free energy of molecule in mix (E_COSMO+dE+Mu)    :    -47989.62494 kcal/mol
 Total mean interaction energy in the mix (H_int)  :        -5.54242 kcal/mol
 Misfit interaction energy in the mix (H_MF)       :         0.93001 kcal/mol
 H-Bond interaction energy in the mix (H_HB)       :        -4.77785 kcal/mol
 VdW interaction energy in the mix (H_vdW)         :        -4.62663 kcal/mol
 Gas liquid transition energy in the mix (H_glt)   :         2.93205 kcal/mol
 Equilibrium constant Kx(1,2)                      :         3.59374
 Equilibrium concentration x_k(1,2)                :         0.78231

 Compound: 2  (3-heptanol)
 Chemical potential of the compound in the mixture :        -0.67709 kcal/mol
 Log10(partial pressure [mbar])                    :        -0.07758
 Free energy of molecule in mix (E_COSMO+dE+Mu)    :   -220751.21468 kcal/mol
 Total mean interaction energy in the mix (H_int)  :        -9.96134 kcal/mol
 Misfit interaction energy in the mix (H_MF)       :         2.17220 kcal/mol
 H-Bond interaction energy in the mix (H_HB)       :        -2.86895 kcal/mol
 VdW interaction energy in the mix (H_vdW)         :       -21.55599 kcal/mol
 Gas liquid transition energy in the mix (H_glt)   :        12.21004 kcal/mol
 Equilibrium constant Kx(1,2)                      :  9.73222161E-04
 Equilibrium concentration x_k(1,2)                :         0.00097

 Compound: 3  (lacticacid)
 Chemical potential of the compound in the mixture :         3.49491 kcal/mol
 Log10(partial pressure [mbar])                    :        -1.74265
 Free energy of molecule in mix (E_COSMO+dE+Mu)    :   -215745.18523 kcal/mol
 Total mean interaction energy in the mix (H_int)  :        -6.38566 kcal/mol
 Misfit interaction energy in the mix (H_MF)       :         2.26985 kcal/mol
 H-Bond interaction energy in the mix (H_HB)       :        -4.41489 kcal/mol
 VdW interaction energy in the mix (H_vdW)         :       -14.08486 kcal/mol
 Gas liquid transition energy in the mix (H_glt)   :         8.25184 kcal/mol
 Equilibrium constant Kx(1,2)                      :         0.84919
 Equilibrium concentration x_k(1,2)                :         0.45922



 Compound: 1 Conformer: 1 (h2o_c0)
 Chemical potential of the molecule in the mixture :         3.62833 kcal/mol
 Log10(partial pressure [mbar])                    :         1.54692
 Free energy of molecule in mix (E_COSMO+dE+Mu)    :    -47989.62494 kcal/mol
 Total mean interaction energy in the mix          :        -5.54242 kcal/mol
 Misfit interaction energy in the mix              :         0.93001 kcal/mol
 H-Bond interaction energy in the mix              :        -4.77785 kcal/mol
 VdW interaction energy in the mix                 :        -4.62663 kcal/mol
 Gas liquid transition energy in the mix (H_glt)   :         2.93205 kcal/mol
 Normalized weight factor of molecule in compound  :         1.00000
 Normalized weight factor of molecule in gas phase :         1.00000

 Compound: 2 Conformer: 1 (3-heptanol_c0)
 Chemical potential of the molecule in the mixture :         0.56463 kcal/mol
 Log10(partial pressure [mbar])                    :         0.19376
 Free energy of molecule in mix (E_COSMO+dE+Mu)    :   -220749.92399 kcal/mol
 Total mean interaction energy in the mix          :        -9.75023 kcal/mol
 Misfit interaction energy in the mix              :         2.18927 kcal/mol
 H-Bond interaction energy in the mix              :        -2.54667 kcal/mol
 VdW interaction energy in the mix                 :       -21.60288 kcal/mol
 Gas liquid transition energy in the mix (H_glt)   :        12.21004 kcal/mol
 Normalized weight factor of molecule in compound  :         0.10909
 Normalized weight factor of molecule in gas phase :         0.17473

 Compound: 2 Conformer: 2 (3-heptanol_c1)
 Chemical potential of the molecule in the mixture :         0.61418 kcal/mol
 Log10(partial pressure [mbar])                    :         0.25213
 Free energy of molecule in mix (E_COSMO+dE+Mu)    :   -220749.90424 kcal/mol
 Total mean interaction energy in the mix          :        -9.67369 kcal/mol
 Misfit interaction energy in the mix              :         2.19676 kcal/mol
 H-Bond interaction energy in the mix              :        -2.48909 kcal/mol
 VdW interaction energy in the mix                 :       -21.59140 kcal/mol
 Gas liquid transition energy in the mix (H_glt)   :        12.21004 kcal/mol
 Normalized weight factor of molecule in compound  :         0.10545
 Normalized weight factor of molecule in gas phase :         0.19532

 Compound: 2 Conformer: 3 (3-heptanol_c2)
 Chemical potential of the molecule in the mixture :         0.50217 kcal/mol
 Log10(partial pressure [mbar])                    :         0.05567
 Free energy of molecule in mix (E_COSMO+dE+Mu)    :   -220750.01763 kcal/mol
 Total mean interaction energy in the mix          :        -9.66511 kcal/mol
 Misfit interaction energy in the mix              :         2.15728 kcal/mol
 H-Bond interaction energy in the mix              :        -2.42020 kcal/mol
 VdW interaction energy in the mix                 :       -21.61223 kcal/mol
 Gas liquid transition energy in the mix (H_glt)   :        12.21004 kcal/mol
 Normalized weight factor of molecule in compound  :         0.12811
 Normalized weight factor of molecule in gas phase :         0.17000

 Compound: 2 Conformer: 4 (3-heptanol_c3)
 Chemical potential of the molecule in the mixture :         0.17735 kcal/mol
 Log10(partial pressure [mbar])                    :        -0.31819
 Free energy of molecule in mix (E_COSMO+dE+Mu)    :   -220750.25288 kcal/mol
 Total mean interaction energy in the mix          :       -10.30182 kcal/mol
 Misfit interaction energy in the mix              :         2.13793 kcal/mol
 H-Bond interaction energy in the mix              :        -3.03312 kcal/mol
 VdW interaction energy in the mix                 :       -21.61667 kcal/mol
 Gas liquid transition energy in the mix (H_glt)   :        12.21004 kcal/mol
 Normalized weight factor of molecule in compound  :         0.19185
 Normalized weight factor of molecule in gas phase :         0.10306

 Compound: 2 Conformer: 5 (3-heptanol_c4)
 Chemical potential of the molecule in the mixture :         0.61776 kcal/mol
 Log10(partial pressure [mbar])                    :        -0.01517
 Free energy of molecule in mix (E_COSMO+dE+Mu)    :   -220749.91983 kcal/mol
 Total mean interaction energy in the mix          :       -10.12276 kcal/mol
 Misfit interaction energy in the mix              :         2.24464 kcal/mol
 H-Bond interaction energy in the mix              :        -3.05058 kcal/mol
 VdW interaction energy in the mix                 :       -21.52686 kcal/mol
 Gas liquid transition energy in the mix (H_glt)   :        12.21004 kcal/mol
 Normalized weight factor of molecule in compound  :         0.10831
 Normalized weight factor of molecule in gas phase :         0.10362

 Compound: 2 Conformer: 6 (3-heptanol_c5)
 Chemical potential of the molecule in the mixture :         0.12793 kcal/mol
 Log10(partial pressure [mbar])                    :        -0.36107
 Free energy of molecule in mix (E_COSMO+dE+Mu)    :   -220750.26247 kcal/mol
 Total mean interaction energy in the mix          :       -10.36878 kcal/mol
 Misfit interaction energy in the mix              :         2.12533 kcal/mol
 H-Bond interaction energy in the mix              :        -3.09703 kcal/mol
 VdW interaction energy in the mix                 :       -21.60712 kcal/mol
 Gas liquid transition energy in the mix (H_glt)   :        12.21004 kcal/mol
 Normalized weight factor of molecule in compound  :         0.19504
 Normalized weight factor of molecule in gas phase :         0.09651

 Compound: 2 Conformer: 7 (3-heptanol_c6)
 Chemical potential of the molecule in the mixture :         0.72595 kcal/mol
 Log10(partial pressure [mbar])                    :         0.03567
 Free energy of molecule in mix (E_COSMO+dE+Mu)    :   -220749.77138 kcal/mol
 Total mean interaction energy in the mix          :       -10.01581 kcal/mol
 Misfit interaction energy in the mix              :         2.26385 kcal/mol
 H-Bond interaction energy in the mix              :        -3.00225 kcal/mol
 VdW interaction energy in the mix                 :       -21.48744 kcal/mol
 Gas liquid transition energy in the mix (H_glt)   :        12.21004 kcal/mol
 Normalized weight factor of molecule in compound  :         0.08395
 Normalized weight factor of molecule in gas phase :         0.08757

 Compound: 2 Conformer: 8 (3-heptanol_c7)
 Chemical potential of the molecule in the mixture :         0.56426 kcal/mol
 Log10(partial pressure [mbar])                    :        -0.11772
 Free energy of molecule in mix (E_COSMO+dE+Mu)    :   -220749.73002 kcal/mol
 Total mean interaction energy in the mix          :       -10.03591 kcal/mol
 Misfit interaction energy in the mix              :         2.14201 kcal/mol
 H-Bond interaction energy in the mix              :        -3.19973 kcal/mol
 VdW interaction energy in the mix                 :       -21.18822 kcal/mol
 Gas liquid transition energy in the mix (H_glt)   :        12.21004 kcal/mol
 Normalized weight factor of molecule in compound  :         0.07819
 Normalized weight factor of molecule in gas phase :         0.06919

 Compound: 3 Conformer: 1 (lacticacid_c0)
 Chemical potential of the molecule in the mixture :         5.16296 kcal/mol
 Log10(partial pressure [mbar])                    :        -1.73975
 Free energy of molecule in mix (E_COSMO+dE+Mu)    :   -215743.51718 kcal/mol
 Total mean interaction energy in the mix          :        -6.32386 kcal/mol
 Misfit interaction energy in the mix              :         2.67128 kcal/mol
 H-Bond interaction energy in the mix              :        -3.19771 kcal/mol
 VdW interaction energy in the mix                 :       -14.04928 kcal/mol
 Gas liquid transition energy in the mix (H_glt)   :         8.25184 kcal/mol
 Normalized weight factor of molecule in compound  :         0.05708
 Normalized weight factor of molecule in gas phase :         0.00476

 Compound: 3 Conformer: 2 (lacticacid_c1)
 Chemical potential of the molecule in the mixture :         5.56875 kcal/mol
 Log10(partial pressure [mbar])                    :        -1.02021
 Free energy of molecule in mix (E_COSMO+dE+Mu)    :   -215742.92990 kcal/mol
 Total mean interaction energy in the mix          :        -5.82391 kcal/mol
 Misfit interaction energy in the mix              :         2.73420 kcal/mol
 H-Bond interaction energy in the mix              :        -2.79662 kcal/mol
 VdW interaction energy in the mix                 :       -14.01334 kcal/mol
 Gas liquid transition energy in the mix (H_glt)   :         8.25184 kcal/mol
 Normalized weight factor of molecule in compound  :         0.02083
 Normalized weight factor of molecule in gas phase :         0.00936

 Compound: 3 Conformer: 3 (lacticacid_c2)
 Chemical potential of the molecule in the mixture :         2.79975 kcal/mol
 Log10(partial pressure [mbar])                    :        -0.97385
 Free energy of molecule in mix (E_COSMO+dE+Mu)    :   -215744.80672 kcal/mol
 Total mean interaction energy in the mix          :        -7.48472 kcal/mol
 Misfit interaction energy in the mix              :         2.14623 kcal/mol
 H-Bond interaction energy in the mix              :        -3.79335 kcal/mol
 VdW interaction energy in the mix                 :       -14.08943 kcal/mol
 Gas liquid transition energy in the mix (H_glt)   :         8.25184 kcal/mol
 Normalized weight factor of molecule in compound  :         0.52217
 Normalized weight factor of molecule in gas phase :         0.94961

 Compound: 3 Conformer: 4 (lacticacid_c3)
 Chemical potential of the molecule in the mixture :         2.10325 kcal/mol
 Log10(partial pressure [mbar])                    :        -2.60046
 Free energy of molecule in mix (E_COSMO+dE+Mu)    :   -215744.08219 kcal/mol
 Total mean interaction energy in the mix          :        -8.75049 kcal/mol
 Misfit interaction energy in the mix              :         2.28482 kcal/mol
 H-Bond interaction energy in the mix              :        -5.22114 kcal/mol
 VdW interaction energy in the mix                 :       -14.06601 kcal/mol
 Gas liquid transition energy in the mix (H_glt)   :         8.25184 kcal/mol
 Normalized weight factor of molecule in compound  :         0.15055
 Normalized weight factor of molecule in gas phase :         0.02089

 Compound: 3 Conformer: 5 (lacticacid_c4)
 Chemical potential of the molecule in the mixture :         2.18681 kcal/mol
 Log10(partial pressure [mbar])                    :        -4.20539
 Free energy of molecule in mix (E_COSMO+dE+Mu)    :   -215743.91202 kcal/mol
 Total mean interaction energy in the mix          :        -9.32777 kcal/mol
 Misfit interaction energy in the mix              :         2.55798 kcal/mol
 H-Bond interaction energy in the mix              :        -6.02931 kcal/mol
 VdW interaction energy in the mix                 :       -14.10827 kcal/mol
 Gas liquid transition energy in the mix (H_glt)   :         8.25184 kcal/mol
 Normalized weight factor of molecule in compound  :         0.11241
 Normalized weight factor of molecule in gas phase :         0.00039

 Compound: 3 Conformer: 6 (lacticacid_c5)
 Chemical potential of the molecule in the mixture :         2.00838 kcal/mol
 Log10(partial pressure [mbar])                    :        -2.70286
 Free energy of molecule in mix (E_COSMO+dE+Mu)    :   -215744.02709 kcal/mol
 Total mean interaction energy in the mix          :        -8.91902 kcal/mol
 Misfit interaction energy in the mix              :         2.25034 kcal/mol
 H-Bond interaction energy in the mix              :        -5.32657 kcal/mol
 VdW interaction energy in the mix                 :       -14.09463 kcal/mol
 Gas liquid transition energy in the mix (H_glt)   :         8.25184 kcal/mol
 Normalized weight factor of molecule in compound  :         0.13696
 Normalized weight factor of molecule in gas phase :         0.01500




 Results for mixture 13 - LIQ_EX Phase 1 Iteration    6
 ----------------------
 Temperature          :    293.150 K
 Compound Nr.         :         1         2         3
 Compound             :       h2o 3-heptano lacticaci
 Mole Fraction        :    0.9973    0.0007    0.0020

 Compound: 1  (h2o)
 Chemical potential of the compound in the mixture :         2.88314 kcal/mol
 Log10(partial pressure [mbar])                    :         0.99138
 Free energy of molecule in mix (E_COSMO+dE+Mu)    :    -47990.37013 kcal/mol
 Total mean interaction energy in the mix (H_int)  :        -5.86134 kcal/mol
 Misfit interaction energy in the mix (H_MF)       :         0.54810 kcal/mol
 H-Bond interaction energy in the mix (H_HB)       :        -4.97483 kcal/mol
 VdW interaction energy in the mix (H_vdW)         :        -4.36666 kcal/mol
 Gas liquid transition energy in the mix (H_glt)   :         2.93205 kcal/mol

 Compound: 2  (3-heptanol)
 Chemical potential of the compound in the mixture :         3.36390 kcal/mol
 Log10(partial pressure [mbar])                    :         2.93501
 Free energy of molecule in mix (E_COSMO+dE+Mu)    :   -220747.17369 kcal/mol
 Total mean interaction energy in the mix (H_int)  :       -10.32572 kcal/mol
 Misfit interaction energy in the mix (H_MF)       :         2.44792 kcal/mol
 H-Bond interaction energy in the mix (H_HB)       :        -4.23094 kcal/mol
 VdW interaction energy in the mix (H_vdW)         :       -20.82324 kcal/mol
 Gas liquid transition energy in the mix (H_glt)   :        12.21004 kcal/mol

 Compound: 3  (lacticacid)
 Chemical potential of the compound in the mixture :         3.59038 kcal/mol
 Log10(partial pressure [mbar])                    :        -1.67148
 Free energy of molecule in mix (E_COSMO+dE+Mu)    :   -215745.08976 kcal/mol
 Total mean interaction energy in the mix (H_int)  :        -8.51795 kcal/mol
 Misfit interaction energy in the mix (H_MF)       :         1.78410 kcal/mol
 H-Bond interaction energy in the mix (H_HB)       :        -7.44073 kcal/mol
 VdW interaction energy in the mix (H_vdW)         :       -13.38797 kcal/mol
 Gas liquid transition energy in the mix (H_glt)   :         8.25184 kcal/mol



 Compound: 1 Conformer: 1 (h2o_c0)
 Chemical potential of the molecule in the mixture :         2.88314 kcal/mol
 Log10(partial pressure [mbar])                    :         0.99138
 Free energy of molecule in mix (E_COSMO+dE+Mu)    :    -47990.37013 kcal/mol
 Total mean interaction energy in the mix          :        -5.86134 kcal/mol
 Misfit interaction energy in the mix              :         0.54810 kcal/mol
 H-Bond interaction energy in the mix              :        -4.97483 kcal/mol
 VdW interaction energy in the mix                 :        -4.36666 kcal/mol
 Gas liquid transition energy in the mix (H_glt)   :         2.93205 kcal/mol
 Normalized weight factor of molecule in compound  :         1.00000
 Normalized weight factor of molecule in gas phase :         1.00000

 Compound: 2 Conformer: 1 (3-heptanol_c0)
 Chemical potential of the molecule in the mixture :         4.64953 kcal/mol
 Log10(partial pressure [mbar])                    :         3.23908
 Free energy of molecule in mix (E_COSMO+dE+Mu)    :   -220745.83909 kcal/mol
 Total mean interaction energy in the mix          :       -10.24337 kcal/mol
 Misfit interaction energy in the mix              :         2.41215 kcal/mol
 H-Bond interaction energy in the mix              :        -3.96928 kcal/mol
 VdW interaction energy in the mix                 :       -20.89627 kcal/mol
 Gas liquid transition energy in the mix (H_glt)   :        12.21004 kcal/mol
 Normalized weight factor of molecule in compound  :         0.10117
 Normalized weight factor of molecule in gas phase :         0.17473

 Compound: 2 Conformer: 2 (3-heptanol_c1)
 Chemical potential of the molecule in the mixture :         4.74073 kcal/mol
 Log10(partial pressure [mbar])                    :         3.32851
 Free energy of molecule in mix (E_COSMO+dE+Mu)    :   -220745.77769 kcal/mol
 Total mean interaction energy in the mix          :       -10.12552 kcal/mol
 Misfit interaction energy in the mix              :         2.46880 kcal/mol
 H-Bond interaction energy in the mix              :        -3.91928 kcal/mol
 VdW interaction energy in the mix                 :       -20.88507 kcal/mol
 Gas liquid transition energy in the mix (H_glt)   :        12.21004 kcal/mol
 Normalized weight factor of molecule in compound  :         0.09105
 Normalized weight factor of molecule in gas phase :         0.19532

 Compound: 2 Conformer: 3 (3-heptanol_c2)
 Chemical potential of the molecule in the mixture :         4.82014 kcal/mol
 Log10(partial pressure [mbar])                    :         3.27475
 Free energy of molecule in mix (E_COSMO+dE+Mu)    :   -220745.69966 kcal/mol
 Total mean interaction energy in the mix          :       -10.21853 kcal/mol
 Misfit interaction energy in the mix              :         2.41636 kcal/mol
 H-Bond interaction energy in the mix              :        -3.93571 kcal/mol
 VdW interaction energy in the mix                 :       -20.90921 kcal/mol
 Gas liquid transition energy in the mix (H_glt)   :        12.21004 kcal/mol
 Normalized weight factor of molecule in compound  :         0.07963
 Normalized weight factor of molecule in gas phase :         0.17000

 Compound: 2 Conformer: 4 (3-heptanol_c3)
 Chemical potential of the molecule in the mixture :         4.43180 kcal/mol
 Log10(partial pressure [mbar])                    :         2.85354
 Free energy of molecule in mix (E_COSMO+dE+Mu)    :   -220745.99843 kcal/mol
 Total mean interaction energy in the mix          :       -10.48793 kcal/mol
 Misfit interaction energy in the mix              :         2.45426 kcal/mol
 H-Bond interaction energy in the mix              :        -4.25082 kcal/mol
 VdW interaction energy in the mix                 :       -20.90142 kcal/mol
 Gas liquid transition energy in the mix (H_glt)   :        12.21004 kcal/mol
 Normalized weight factor of molecule in compound  :         0.13299
 Normalized weight factor of molecule in gas phase :         0.10306

 Compound: 2 Conformer: 5 (3-heptanol_c4)
 Chemical potential of the molecule in the mixture :         4.27367 kcal/mol
 Log10(partial pressure [mbar])                    :         2.71033
 Free energy of molecule in mix (E_COSMO+dE+Mu)    :   -220746.26392 kcal/mol
 Total mean interaction energy in the mix          :       -10.53855 kcal/mol
 Misfit interaction energy in the mix              :         2.46449 kcal/mol
 H-Bond interaction energy in the mix              :        -4.39717 kcal/mol
 VdW interaction energy in the mix                 :       -20.81590 kcal/mol
 Gas liquid transition energy in the mix (H_glt)   :        12.21004 kcal/mol
 Normalized weight factor of molecule in compound  :         0.20978
 Normalized weight factor of molecule in gas phase :         0.10362

 Compound: 2 Conformer: 6 (3-heptanol_c5)
 Chemical potential of the molecule in the mixture :         4.37840 kcal/mol
 Log10(partial pressure [mbar])                    :         2.80769
 Free energy of molecule in mix (E_COSMO+dE+Mu)    :   -220746.01200 kcal/mol
 Total mean interaction energy in the mix          :       -10.46311 kcal/mol
 Misfit interaction energy in the mix              :         2.43937 kcal/mol
 H-Bond interaction energy in the mix              :        -4.22202 kcal/mol
 VdW interaction energy in the mix                 :       -20.89050 kcal/mol
 Gas liquid transition energy in the mix (H_glt)   :        12.21004 kcal/mol
 Normalized weight factor of molecule in compound  :         0.13613
 Normalized weight factor of molecule in gas phase :         0.09651

 Compound: 2 Conformer: 7 (3-heptanol_c6)
 Chemical potential of the molecule in the mixture :         4.38970 kcal/mol
 Log10(partial pressure [mbar])                    :         2.76703
 Free energy of molecule in mix (E_COSMO+dE+Mu)    :   -220746.10763 kcal/mol
 Total mean interaction energy in the mix          :       -10.47063 kcal/mol
 Misfit interaction energy in the mix              :         2.48595 kcal/mol
 H-Bond interaction energy in the mix              :        -4.39147 kcal/mol
 VdW interaction energy in the mix                 :       -20.77515 kcal/mol
 Gas liquid transition energy in the mix (H_glt)   :        12.21004 kcal/mol
 Normalized weight factor of molecule in compound  :         0.16041
 Normalized weight factor of molecule in gas phase :         0.08757

 Compound: 2 Conformer: 8 (3-heptanol_c7)
 Chemical potential of the molecule in the mixture :         4.53092 kcal/mol
 Log10(partial pressure [mbar])                    :         2.83946
 Free energy of molecule in mix (E_COSMO+dE+Mu)    :   -220745.76336 kcal/mol
 Total mean interaction energy in the mix          :       -10.29689 kcal/mol
 Misfit interaction energy in the mix              :         2.39130 kcal/mol
 H-Bond interaction energy in the mix              :        -4.41450 kcal/mol
 VdW interaction energy in the mix                 :       -20.48373 kcal/mol
 Gas liquid transition energy in the mix (H_glt)   :        12.21004 kcal/mol
 Normalized weight factor of molecule in compound  :         0.08883
 Normalized weight factor of molecule in gas phase :         0.06919

 Compound: 3 Conformer: 1 (lacticacid_c0)
 Chemical potential of the molecule in the mixture :         5.52778 kcal/mol
 Log10(partial pressure [mbar])                    :        -1.46778
 Free energy of molecule in mix (E_COSMO+dE+Mu)    :   -215743.15237 kcal/mol
 Total mean interaction energy in the mix          :        -7.84944 kcal/mol
 Misfit interaction energy in the mix              :         1.82124 kcal/mol
 H-Bond interaction energy in the mix              :        -4.58498 kcal/mol
 VdW interaction energy in the mix                 :       -13.33755 kcal/mol
 Gas liquid transition energy in the mix (H_glt)   :         8.25184 kcal/mol
 Normalized weight factor of molecule in compound  :         0.03595
 Normalized weight factor of molecule in gas phase :         0.00476

 Compound: 3 Conformer: 2 (lacticacid_c1)
 Chemical potential of the molecule in the mixture :         5.68342 kcal/mol
 Log10(partial pressure [mbar])                    :        -0.93472
 Free energy of molecule in mix (E_COSMO+dE+Mu)    :   -215742.81523 kcal/mol
 Total mean interaction energy in the mix          :        -7.38350 kcal/mol
 Misfit interaction energy in the mix              :         1.94302 kcal/mol
 H-Bond interaction energy in the mix              :        -4.26227 kcal/mol
 VdW interaction energy in the mix                 :       -13.31610 kcal/mol
 Gas liquid transition energy in the mix (H_glt)   :         8.25184 kcal/mol
 Normalized weight factor of molecule in compound  :         0.02015
 Normalized weight factor of molecule in gas phase :         0.00936

 Compound: 3 Conformer: 3 (lacticacid_c2)
 Chemical potential of the molecule in the mixture :         3.82896 kcal/mol
 Log10(partial pressure [mbar])                    :        -0.20656
 Free energy of molecule in mix (E_COSMO+dE+Mu)    :   -215743.77750 kcal/mol
 Total mean interaction energy in the mix          :        -8.50549 kcal/mol
 Misfit interaction energy in the mix              :         1.86297 kcal/mol
 H-Bond interaction energy in the mix              :        -5.21803 kcal/mol
 VdW interaction energy in the mix                 :       -13.40227 kcal/mol
 Gas liquid transition energy in the mix (H_glt)   :         8.25184 kcal/mol
 Normalized weight factor of molecule in compound  :         0.10512
 Normalized weight factor of molecule in gas phase :         0.94961

 Compound: 3 Conformer: 4 (lacticacid_c3)
 Chemical potential of the molecule in the mixture :         2.02453 kcal/mol
 Log10(partial pressure [mbar])                    :        -2.65914
 Free energy of molecule in mix (E_COSMO+dE+Mu)    :   -215744.16090 kcal/mol
 Total mean interaction energy in the mix          :       -10.73003 kcal/mol
 Misfit interaction energy in the mix              :         1.78665 kcal/mol
 H-Bond interaction energy in the mix              :        -7.39388 kcal/mol
 VdW interaction energy in the mix                 :       -13.37464 kcal/mol
 Gas liquid transition energy in the mix (H_glt)   :         8.25184 kcal/mol
 Normalized weight factor of molecule in compound  :         0.20301
 Normalized weight factor of molecule in gas phase :         0.02089

 Compound: 3 Conformer: 5 (lacticacid_c4)
 Chemical potential of the molecule in the mixture :         1.45299 kcal/mol
 Log10(partial pressure [mbar])                    :        -4.75246
 Free energy of molecule in mix (E_COSMO+dE+Mu)    :   -215744.64584 kcal/mol
 Total mean interaction energy in the mix          :       -11.70257 kcal/mol
 Misfit interaction energy in the mix              :         1.76432 kcal/mol
 H-Bond interaction energy in the mix              :        -8.32422 kcal/mol
 VdW interaction energy in the mix                 :       -13.39451 kcal/mol
 Gas liquid transition energy in the mix (H_glt)   :         8.25184 kcal/mol
 Normalized weight factor of molecule in compound  :         0.46672
 Normalized weight factor of molecule in gas phase :         0.00039

 Compound: 3 Conformer: 6 (lacticacid_c5)
 Chemical potential of the molecule in the mixture :         1.98125 kcal/mol
 Log10(partial pressure [mbar])                    :        -2.72308
 Free energy of molecule in mix (E_COSMO+dE+Mu)    :   -215744.05422 kcal/mol
 Total mean interaction energy in the mix          :       -10.81087 kcal/mol
 Misfit interaction energy in the mix              :         1.75977 kcal/mol
 H-Bond interaction energy in the mix              :        -7.42616 kcal/mol
 VdW interaction energy in the mix                 :       -13.39632 kcal/mol
 Gas liquid transition energy in the mix (H_glt)   :         8.25184 kcal/mol
 Normalized weight factor of molecule in compound  :         0.16904
 Normalized weight factor of molecule in gas phase :         0.01500




 Results for mixture 14 - LIQ_EX Phase 2 Iteration    6
 ----------------------
 Temperature          :    293.150 K
 Compound Nr.         :         1         2         3
 Compound             :       h2o 3-heptano lacticaci
 Mole Fraction        :    0.2723    0.7253    0.0023

 Compound: 1  (h2o)
 Chemical potential of the compound in the mixture :         3.62405 kcal/mol
 Log10(partial pressure [mbar])                    :         1.54373
 Free energy of molecule in mix (E_COSMO+dE+Mu)    :    -47989.62922 kcal/mol
 Total mean interaction energy in the mix (H_int)  :        -5.55282 kcal/mol
 Misfit interaction energy in the mix (H_MF)       :         0.92005 kcal/mol
 H-Bond interaction energy in the mix (H_HB)       :        -4.77975 kcal/mol
 VdW interaction energy in the mix (H_vdW)         :        -4.62517 kcal/mol
 Gas liquid transition energy in the mix (H_glt)   :         2.93205 kcal/mol
 Equilibrium constant Kx(1,2)                      :         3.56742
 Equilibrium concentration x_k(1,2)                :         0.78106

 Compound: 2  (3-heptanol)
 Chemical potential of the compound in the mixture :        -0.67541 kcal/mol
 Log10(partial pressure [mbar])                    :        -0.07634
 Free energy of molecule in mix (E_COSMO+dE+Mu)    :   -220751.21301 kcal/mol
 Total mean interaction energy in the mix (H_int)  :        -9.96683 kcal/mol
 Misfit interaction energy in the mix (H_MF)       :         2.17687 kcal/mol
 H-Bond interaction energy in the mix (H_HB)       :        -2.88170 kcal/mol
 VdW interaction energy in the mix (H_vdW)         :       -21.55326 kcal/mol
 Gas liquid transition energy in the mix (H_glt)   :        12.21004 kcal/mol
 Equilibrium constant Kx(1,2)                      :  9.74225294E-04
 Equilibrium concentration x_k(1,2)                :         0.00097

 Compound: 3  (lacticacid)
 Chemical potential of the compound in the mixture :         3.48767 kcal/mol
 Log10(partial pressure [mbar])                    :        -1.74805
 Free energy of molecule in mix (E_COSMO+dE+Mu)    :   -215745.19247 kcal/mol
 Total mean interaction energy in the mix (H_int)  :        -6.40387 kcal/mol
 Misfit interaction energy in the mix (H_MF)       :         2.26116 kcal/mol
 H-Bond interaction energy in the mix (H_HB)       :        -4.43162 kcal/mol
 VdW interaction energy in the mix (H_vdW)         :       -14.08208 kcal/mol
 Gas liquid transition energy in the mix (H_glt)   :         8.25184 kcal/mol
 Equilibrium constant Kx(1,2)                      :         0.83835
 Equilibrium concentration x_k(1,2)                :         0.45603



 Compound: 1 Conformer: 1 (h2o_c0)
 Chemical potential of the molecule in the mixture :         3.62405 kcal/mol
 Log10(partial pressure [mbar])                    :         1.54373
 Free energy of molecule in mix (E_COSMO+dE+Mu)    :    -47989.62922 kcal/mol
 Total mean interaction energy in the mix          :        -5.55282 kcal/mol
 Misfit interaction energy in the mix              :         0.92005 kcal/mol
 H-Bond interaction energy in the mix              :        -4.77975 kcal/mol
 VdW interaction energy in the mix                 :        -4.62517 kcal/mol
 Gas liquid transition energy in the mix (H_glt)   :         2.93205 kcal/mol
 Normalized weight factor of molecule in compound  :         1.00000
 Normalized weight factor of molecule in gas phase :         1.00000

 Compound: 2 Conformer: 1 (3-heptanol_c0)
 Chemical potential of the molecule in the mixture :         0.56568 kcal/mol
 Log10(partial pressure [mbar])                    :         0.19454
 Free energy of molecule in mix (E_COSMO+dE+Mu)    :   -220749.92294 kcal/mol
 Total mean interaction energy in the mix          :        -9.75542 kcal/mol
 Misfit interaction energy in the mix              :         2.19430 kcal/mol
 H-Bond interaction energy in the mix              :        -2.55949 kcal/mol
 VdW interaction energy in the mix                 :       -21.60026 kcal/mol
 Gas liquid transition energy in the mix (H_glt)   :        12.21004 kcal/mol
 Normalized weight factor of molecule in compound  :         0.10921
 Normalized weight factor of molecule in gas phase :         0.17473

 Compound: 2 Conformer: 2 (3-heptanol_c1)
 Chemical potential of the molecule in the mixture :         0.61556 kcal/mol
 Log10(partial pressure [mbar])                    :         0.25316
 Free energy of molecule in mix (E_COSMO+dE+Mu)    :   -220749.90286 kcal/mol
 Total mean interaction energy in the mix          :        -9.67881 kcal/mol
 Misfit interaction energy in the mix              :         2.20158 kcal/mol
 H-Bond interaction energy in the mix              :        -2.50163 kcal/mol
 VdW interaction energy in the mix                 :       -21.58881 kcal/mol
 Gas liquid transition energy in the mix (H_glt)   :        12.21004 kcal/mol
 Normalized weight factor of molecule in compound  :         0.10551
 Normalized weight factor of molecule in gas phase :         0.19532

 Compound: 2 Conformer: 3 (3-heptanol_c2)
 Chemical potential of the molecule in the mixture :         0.50543 kcal/mol
 Log10(partial pressure [mbar])                    :         0.05809
 Free energy of molecule in mix (E_COSMO+dE+Mu)    :   -220750.01438 kcal/mol
 Total mean interaction energy in the mix          :        -9.67294 kcal/mol
 Misfit interaction energy in the mix              :         2.16059 kcal/mol
 H-Bond interaction energy in the mix              :        -2.43381 kcal/mol
 VdW interaction energy in the mix                 :       -21.60977 kcal/mol
 Gas liquid transition energy in the mix (H_glt)   :        12.21004 kcal/mol
 Normalized weight factor of molecule in compound  :         0.12777
 Normalized weight factor of molecule in gas phase :         0.17000

 Compound: 2 Conformer: 4 (3-heptanol_c3)
 Chemical potential of the molecule in the mixture :         0.18112 kcal/mol
 Log10(partial pressure [mbar])                    :        -0.31538
 Free energy of molecule in mix (E_COSMO+dE+Mu)    :   -220750.24910 kcal/mol
 Total mean interaction energy in the mix          :       -10.30466 kcal/mol
 Misfit interaction energy in the mix              :         2.14226 kcal/mol
 H-Bond interaction energy in the mix              :        -3.04286 kcal/mol
 VdW interaction energy in the mix                 :       -21.61410 kcal/mol
 Gas liquid transition energy in the mix (H_glt)   :        12.21004 kcal/mol
 Normalized weight factor of molecule in compound  :         0.19116
 Normalized weight factor of molecule in gas phase :         0.10306

 Compound: 2 Conformer: 5 (3-heptanol_c4)
 Chemical potential of the molecule in the mixture :         0.61501 kcal/mol
 Log10(partial pressure [mbar])                    :        -0.01723
 Free energy of molecule in mix (E_COSMO+dE+Mu)    :   -220749.92259 kcal/mol
 Total mean interaction energy in the mix          :       -10.13205 kcal/mol
 Misfit interaction energy in the mix              :         2.25007 kcal/mol
 H-Bond interaction energy in the mix              :        -3.06810 kcal/mol
 VdW interaction energy in the mix                 :       -21.52406 kcal/mol
 Gas liquid transition energy in the mix (H_glt)   :        12.21004 kcal/mol
 Normalized weight factor of molecule in compound  :         0.10914
 Normalized weight factor of molecule in gas phase :         0.10362

 Compound: 2 Conformer: 6 (3-heptanol_c5)
 Chemical potential of the molecule in the mixture :         0.13096 kcal/mol
 Log10(partial pressure [mbar])                    :        -0.35881
 Free energy of molecule in mix (E_COSMO+dE+Mu)    :   -220750.25944 kcal/mol
 Total mean interaction energy in the mix          :       -10.37249 kcal/mol
 Misfit interaction energy in the mix              :         2.12947 kcal/mol
 H-Bond interaction energy in the mix              :        -3.10748 kcal/mol
 VdW interaction energy in the mix                 :       -21.60453 kcal/mol
 Gas liquid transition energy in the mix (H_glt)   :        12.21004 kcal/mol
 Normalized weight factor of molecule in compound  :         0.19458
 Normalized weight factor of molecule in gas phase :         0.09651

 Compound: 2 Conformer: 7 (3-heptanol_c6)
 Chemical potential of the molecule in the mixture :         0.72380 kcal/mol
 Log10(partial pressure [mbar])                    :         0.03407
 Free energy of molecule in mix (E_COSMO+dE+Mu)    :   -220749.77353 kcal/mol
 Total mean interaction energy in the mix          :       -10.02435 kcal/mol
 Misfit interaction energy in the mix              :         2.26922 kcal/mol
 H-Bond interaction energy in the mix              :        -3.01894 kcal/mol
 VdW interaction energy in the mix                 :       -21.48467 kcal/mol
 Gas liquid transition energy in the mix (H_glt)   :        12.21004 kcal/mol
 Normalized weight factor of molecule in compound  :         0.08450
 Normalized weight factor of molecule in gas phase :         0.08757

 Compound: 2 Conformer: 8 (3-heptanol_c7)
 Chemical potential of the molecule in the mixture :         0.56636 kcal/mol
 Log10(partial pressure [mbar])                    :        -0.11615
 Free energy of molecule in mix (E_COSMO+dE+Mu)    :   -220749.72792 kcal/mol
 Total mean interaction energy in the mix          :       -10.04156 kcal/mol
 Misfit interaction energy in the mix              :         2.14632 kcal/mol
 H-Bond interaction energy in the mix              :        -3.21228 kcal/mol
 VdW interaction energy in the mix                 :       -21.18564 kcal/mol
 Gas liquid transition energy in the mix (H_glt)   :        12.21004 kcal/mol
 Normalized weight factor of molecule in compound  :         0.07814
 Normalized weight factor of molecule in gas phase :         0.06919

 Compound: 3 Conformer: 1 (lacticacid_c0)
 Chemical potential of the molecule in the mixture :         5.15538 kcal/mol
 Log10(partial pressure [mbar])                    :        -1.74540
 Free energy of molecule in mix (E_COSMO+dE+Mu)    :   -215743.52476 kcal/mol
 Total mean interaction energy in the mix          :        -6.34267 kcal/mol
 Misfit interaction energy in the mix              :         2.65741 kcal/mol
 H-Bond interaction energy in the mix              :        -3.20525 kcal/mol
 VdW interaction energy in the mix                 :       -14.04667 kcal/mol
 Gas liquid transition energy in the mix (H_glt)   :         8.25184 kcal/mol
 Normalized weight factor of molecule in compound  :         0.05711
 Normalized weight factor of molecule in gas phase :         0.00476

 Compound: 3 Conformer: 2 (lacticacid_c1)
 Chemical potential of the molecule in the mixture :         5.55868 kcal/mol
 Log10(partial pressure [mbar])                    :        -1.02772
 Free energy of molecule in mix (E_COSMO+dE+Mu)    :   -215742.93997 kcal/mol
 Total mean interaction energy in the mix          :        -5.84030 kcal/mol
 Misfit interaction energy in the mix              :         2.72283 kcal/mol
 H-Bond interaction energy in the mix              :        -2.80435 kcal/mol
 VdW interaction energy in the mix                 :       -14.01062 kcal/mol
 Gas liquid transition energy in the mix (H_glt)   :         8.25184 kcal/mol
 Normalized weight factor of molecule in compound  :         0.02093
 Normalized weight factor of molecule in gas phase :         0.00936

 Compound: 3 Conformer: 3 (lacticacid_c2)
 Chemical potential of the molecule in the mixture :         2.79607 kcal/mol
 Log10(partial pressure [mbar])                    :        -0.97659
 Free energy of molecule in mix (E_COSMO+dE+Mu)    :   -215744.81039 kcal/mol
 Total mean interaction energy in the mix          :        -7.49848 kcal/mol
 Misfit interaction energy in the mix              :         2.13899 kcal/mol
 H-Bond interaction energy in the mix              :        -3.80241 kcal/mol
 VdW interaction energy in the mix                 :       -14.08690 kcal/mol
 Gas liquid transition energy in the mix (H_glt)   :         8.25184 kcal/mol
 Normalized weight factor of molecule in compound  :         0.51899
 Normalized weight factor of molecule in gas phase :         0.94961

 Compound: 3 Conformer: 4 (lacticacid_c3)
 Chemical potential of the molecule in the mixture :         2.09211 kcal/mol
 Log10(partial pressure [mbar])                    :        -2.60877
 Free energy of molecule in mix (E_COSMO+dE+Mu)    :   -215744.09332 kcal/mol
 Total mean interaction energy in the mix          :        -8.77269 kcal/mol
 Misfit interaction energy in the mix              :         2.27357 kcal/mol
 H-Bond interaction energy in the mix              :        -5.23514 kcal/mol
 VdW interaction energy in the mix                 :       -14.06297 kcal/mol
 Gas liquid transition energy in the mix (H_glt)   :         8.25184 kcal/mol
 Normalized weight factor of molecule in compound  :         0.15156
 Normalized weight factor of molecule in gas phase :         0.02089

 Compound: 3 Conformer: 5 (lacticacid_c4)
 Chemical potential of the molecule in the mixture :         2.17281 kcal/mol
 Log10(partial pressure [mbar])                    :        -4.21582
 Free energy of molecule in mix (E_COSMO+dE+Mu)    :   -215743.92602 kcal/mol
 Total mean interaction energy in the mix          :        -9.35617 kcal/mol
 Misfit interaction energy in the mix              :         2.54555 kcal/mol
 H-Bond interaction energy in the mix              :        -6.04855 kcal/mol
 VdW interaction energy in the mix                 :       -14.10502 kcal/mol
 Gas liquid transition energy in the mix (H_glt)   :         8.25184 kcal/mol
 Normalized weight factor of molecule in compound  :         0.11372
 Normalized weight factor of molecule in gas phase :         0.00039

 Compound: 3 Conformer: 6 (lacticacid_c5)
 Chemical potential of the molecule in the mixture :         1.99801 kcal/mol
 Log10(partial pressure [mbar])                    :        -2.71058
 Free energy of molecule in mix (E_COSMO+dE+Mu)    :   -215744.03745 kcal/mol
 Total mean interaction energy in the mix          :        -8.94047 kcal/mol
 Misfit interaction energy in the mix              :         2.23857 kcal/mol
 H-Bond interaction energy in the mix              :        -5.33933 kcal/mol
 VdW interaction energy in the mix                 :       -14.09155 kcal/mol
 Gas liquid transition energy in the mix (H_glt)   :         8.25184 kcal/mol
 Normalized weight factor of molecule in compound  :         0.13770
 Normalized weight factor of molecule in gas phase :         0.01500




 Results for mixture 15 - LIQ_EX Phase 1 Iteration    7
 ----------------------
 Temperature          :    293.150 K
 Compound Nr.         :         1         2         3
 Compound             :       h2o 3-heptano lacticaci
 Mole Fraction        :    0.9973    0.0007    0.0020

 Compound: 1  (h2o)
 Chemical potential of the compound in the mixture :         2.88314 kcal/mol
 Log10(partial pressure [mbar])                    :         0.99138
 Free energy of molecule in mix (E_COSMO+dE+Mu)    :    -47990.37013 kcal/mol
 Total mean interaction energy in the mix (H_int)  :        -5.86131 kcal/mol
 Misfit interaction energy in the mix (H_MF)       :         0.54811 kcal/mol
 H-Bond interaction energy in the mix (H_HB)       :        -4.97483 kcal/mol
 VdW interaction energy in the mix (H_vdW)         :        -4.36663 kcal/mol
 Gas liquid transition energy in the mix (H_glt)   :         2.93205 kcal/mol

 Compound: 2  (3-heptanol)
 Chemical potential of the compound in the mixture :         3.36453 kcal/mol
 Log10(partial pressure [mbar])                    :         2.93547
 Free energy of molecule in mix (E_COSMO+dE+Mu)    :   -220747.17307 kcal/mol
 Total mean interaction energy in the mix (H_int)  :       -10.32571 kcal/mol
 Misfit interaction energy in the mix (H_MF)       :         2.44782 kcal/mol
 H-Bond interaction energy in the mix (H_HB)       :        -4.23098 kcal/mol
 VdW interaction energy in the mix (H_vdW)         :       -20.82311 kcal/mol
 Gas liquid transition energy in the mix (H_glt)   :        12.21004 kcal/mol

 Compound: 3  (lacticacid)
 Chemical potential of the compound in the mixture :         3.59052 kcal/mol
 Log10(partial pressure [mbar])                    :        -1.67138
 Free energy of molecule in mix (E_COSMO+dE+Mu)    :   -215745.08962 kcal/mol
 Total mean interaction energy in the mix (H_int)  :        -8.51808 kcal/mol
 Misfit interaction energy in the mix (H_MF)       :         1.78403 kcal/mol
 H-Bond interaction energy in the mix (H_HB)       :        -7.44091 kcal/mol
 VdW interaction energy in the mix (H_vdW)         :       -13.38787 kcal/mol
 Gas liquid transition energy in the mix (H_glt)   :         8.25184 kcal/mol



 Compound: 1 Conformer: 1 (h2o_c0)
 Chemical potential of the molecule in the mixture :         2.88314 kcal/mol
 Log10(partial pressure [mbar])                    :         0.99138
 Free energy of molecule in mix (E_COSMO+dE+Mu)    :    -47990.37013 kcal/mol
 Total mean interaction energy in the mix          :        -5.86131 kcal/mol
 Misfit interaction energy in the mix              :         0.54811 kcal/mol
 H-Bond interaction energy in the mix              :        -4.97483 kcal/mol
 VdW interaction energy in the mix                 :        -4.36663 kcal/mol
 Gas liquid transition energy in the mix (H_glt)   :         2.93205 kcal/mol
 Normalized weight factor of molecule in compound  :         1.00000
 Normalized weight factor of molecule in gas phase :         1.00000

 Compound: 2 Conformer: 1 (3-heptanol_c0)
 Chemical potential of the molecule in the mixture :         4.65016 kcal/mol
 Log10(partial pressure [mbar])                    :         3.23955
 Free energy of molecule in mix (E_COSMO+dE+Mu)    :   -220745.83846 kcal/mol
 Total mean interaction energy in the mix          :       -10.24338 kcal/mol
 Misfit interaction energy in the mix              :         2.41205 kcal/mol
 H-Bond interaction energy in the mix              :        -3.96933 kcal/mol
 VdW interaction energy in the mix                 :       -20.89614 kcal/mol
 Gas liquid transition energy in the mix (H_glt)   :        12.21004 kcal/mol
 Normalized weight factor of molecule in compound  :         0.10117
 Normalized weight factor of molecule in gas phase :         0.17473

 Compound: 2 Conformer: 2 (3-heptanol_c1)
 Chemical potential of the molecule in the mixture :         4.74137 kcal/mol
 Log10(partial pressure [mbar])                    :         3.32898
 Free energy of molecule in mix (E_COSMO+dE+Mu)    :   -220745.77705 kcal/mol
 Total mean interaction energy in the mix          :       -10.12552 kcal/mol
 Misfit interaction energy in the mix              :         2.46871 kcal/mol
 H-Bond interaction energy in the mix              :        -3.91933 kcal/mol
 VdW interaction energy in the mix                 :       -20.88494 kcal/mol
 Gas liquid transition energy in the mix (H_glt)   :        12.21004 kcal/mol
 Normalized weight factor of molecule in compound  :         0.09105
 Normalized weight factor of molecule in gas phase :         0.19532

 Compound: 2 Conformer: 3 (3-heptanol_c2)
 Chemical potential of the molecule in the mixture :         4.82079 kcal/mol
 Log10(partial pressure [mbar])                    :         3.27522
 Free energy of molecule in mix (E_COSMO+dE+Mu)    :   -220745.69902 kcal/mol
 Total mean interaction energy in the mix          :       -10.21853 kcal/mol
 Misfit interaction energy in the mix              :         2.41626 kcal/mol
 H-Bond interaction energy in the mix              :        -3.93576 kcal/mol
 VdW interaction energy in the mix                 :       -20.90908 kcal/mol
 Gas liquid transition energy in the mix (H_glt)   :        12.21004 kcal/mol
 Normalized weight factor of molecule in compound  :         0.07963
 Normalized weight factor of molecule in gas phase :         0.17000

 Compound: 2 Conformer: 4 (3-heptanol_c3)
 Chemical potential of the molecule in the mixture :         4.43243 kcal/mol
 Log10(partial pressure [mbar])                    :         2.85401
 Free energy of molecule in mix (E_COSMO+dE+Mu)    :   -220745.99780 kcal/mol
 Total mean interaction energy in the mix          :       -10.48793 kcal/mol
 Misfit interaction energy in the mix              :         2.45417 kcal/mol
 H-Bond interaction energy in the mix              :        -4.25086 kcal/mol
 VdW interaction energy in the mix                 :       -20.90128 kcal/mol
 Gas liquid transition energy in the mix (H_glt)   :        12.21004 kcal/mol
 Normalized weight factor of molecule in compound  :         0.13299
 Normalized weight factor of molecule in gas phase :         0.10306

 Compound: 2 Conformer: 5 (3-heptanol_c4)
 Chemical potential of the molecule in the mixture :         4.27429 kcal/mol
 Log10(partial pressure [mbar])                    :         2.71079
 Free energy of molecule in mix (E_COSMO+dE+Mu)    :   -220746.26331 kcal/mol
 Total mean interaction energy in the mix          :       -10.53852 kcal/mol
 Misfit interaction energy in the mix              :         2.46440 kcal/mol
 H-Bond interaction energy in the mix              :        -4.39720 kcal/mol
 VdW interaction energy in the mix                 :       -20.81577 kcal/mol
 Gas liquid transition energy in the mix (H_glt)   :        12.21004 kcal/mol
 Normalized weight factor of molecule in compound  :         0.20978
 Normalized weight factor of molecule in gas phase :         0.10362

 Compound: 2 Conformer: 6 (3-heptanol_c5)
 Chemical potential of the molecule in the mixture :         4.37904 kcal/mol
 Log10(partial pressure [mbar])                    :         2.80816
 Free energy of molecule in mix (E_COSMO+dE+Mu)    :   -220746.01136 kcal/mol
 Total mean interaction energy in the mix          :       -10.46310 kcal/mol
 Misfit interaction energy in the mix              :         2.43928 kcal/mol
 H-Bond interaction energy in the mix              :        -4.22206 kcal/mol
 VdW interaction energy in the mix                 :       -20.89036 kcal/mol
 Gas liquid transition energy in the mix (H_glt)   :        12.21004 kcal/mol
 Normalized weight factor of molecule in compound  :         0.13613
 Normalized weight factor of molecule in gas phase :         0.09651

 Compound: 2 Conformer: 7 (3-heptanol_c6)
 Chemical potential of the molecule in the mixture :         4.39031 kcal/mol
 Log10(partial pressure [mbar])                    :         2.76748
 Free energy of molecule in mix (E_COSMO+dE+Mu)    :   -220746.10701 kcal/mol
 Total mean interaction energy in the mix          :       -10.47061 kcal/mol
 Misfit interaction energy in the mix              :         2.48587 kcal/mol
 H-Bond interaction energy in the mix              :        -4.39150 kcal/mol
 VdW interaction energy in the mix                 :       -20.77501 kcal/mol
 Gas liquid transition energy in the mix (H_glt)   :        12.21004 kcal/mol
 Normalized weight factor of molecule in compound  :         0.16042
 Normalized weight factor of molecule in gas phase :         0.08757

 Compound: 2 Conformer: 8 (3-heptanol_c7)
 Chemical potential of the molecule in the mixture :         4.53153 kcal/mol
 Log10(partial pressure [mbar])                    :         2.83992
 Free energy of molecule in mix (E_COSMO+dE+Mu)    :   -220745.76274 kcal/mol
 Total mean interaction energy in the mix          :       -10.29687 kcal/mol
 Misfit interaction energy in the mix              :         2.39121 kcal/mol
 H-Bond interaction energy in the mix              :        -4.41453 kcal/mol
 VdW interaction energy in the mix                 :       -20.48360 kcal/mol
 Gas liquid transition energy in the mix (H_glt)   :        12.21004 kcal/mol
 Normalized weight factor of molecule in compound  :         0.08884
 Normalized weight factor of molecule in gas phase :         0.06919

 Compound: 3 Conformer: 1 (lacticacid_c0)
 Chemical potential of the molecule in the mixture :         5.52795 kcal/mol
 Log10(partial pressure [mbar])                    :        -1.46765
 Free energy of molecule in mix (E_COSMO+dE+Mu)    :   -215743.15219 kcal/mol
 Total mean interaction energy in the mix          :        -7.84951 kcal/mol
 Misfit interaction energy in the mix              :         1.82116 kcal/mol
 H-Bond interaction energy in the mix              :        -4.58507 kcal/mol
 VdW interaction energy in the mix                 :       -13.33745 kcal/mol
 Gas liquid transition energy in the mix (H_glt)   :         8.25184 kcal/mol
 Normalized weight factor of molecule in compound  :         0.03594
 Normalized weight factor of molecule in gas phase :         0.00476

 Compound: 3 Conformer: 2 (lacticacid_c1)
 Chemical potential of the molecule in the mixture :         5.68358 kcal/mol
 Log10(partial pressure [mbar])                    :        -0.93460
 Free energy of molecule in mix (E_COSMO+dE+Mu)    :   -215742.81506 kcal/mol
 Total mean interaction energy in the mix          :        -7.38356 kcal/mol
 Misfit interaction energy in the mix              :         1.94296 kcal/mol
 H-Bond interaction energy in the mix              :        -4.26237 kcal/mol
 VdW interaction energy in the mix                 :       -13.31599 kcal/mol
 Gas liquid transition energy in the mix (H_glt)   :         8.25184 kcal/mol
 Normalized weight factor of molecule in compound  :         0.02015
 Normalized weight factor of molecule in gas phase :         0.00936

 Compound: 3 Conformer: 3 (lacticacid_c2)
 Chemical potential of the molecule in the mixture :         3.82919 kcal/mol
 Log10(partial pressure [mbar])                    :        -0.20639
 Free energy of molecule in mix (E_COSMO+dE+Mu)    :   -215743.77727 kcal/mol
 Total mean interaction energy in the mix          :        -8.50553 kcal/mol
 Misfit interaction energy in the mix              :         1.86291 kcal/mol
 H-Bond interaction energy in the mix              :        -5.21812 kcal/mol
 VdW interaction energy in the mix                 :       -13.40216 kcal/mol
 Gas liquid transition energy in the mix (H_glt)   :         8.25184 kcal/mol
 Normalized weight factor of molecule in compound  :         0.10511
 Normalized weight factor of molecule in gas phase :         0.94961

 Compound: 3 Conformer: 4 (lacticacid_c3)
 Chemical potential of the molecule in the mixture :         2.02467 kcal/mol
 Log10(partial pressure [mbar])                    :        -2.65904
 Free energy of molecule in mix (E_COSMO+dE+Mu)    :   -215744.16076 kcal/mol
 Total mean interaction energy in the mix          :       -10.73012 kcal/mol
 Misfit interaction energy in the mix              :         1.78659 kcal/mol
 H-Bond interaction energy in the mix              :        -7.39401 kcal/mol
 VdW interaction energy in the mix                 :       -13.37454 kcal/mol
 Gas liquid transition energy in the mix (H_glt)   :         8.25184 kcal/mol
 Normalized weight factor of molecule in compound  :         0.20301
 Normalized weight factor of molecule in gas phase :         0.02089

 Compound: 3 Conformer: 5 (lacticacid_c4)
 Chemical potential of the molecule in the mixture :         1.45309 kcal/mol
 Log10(partial pressure [mbar])                    :        -4.75238
 Free energy of molecule in mix (E_COSMO+dE+Mu)    :   -215744.64574 kcal/mol
 Total mean interaction energy in the mix          :       -11.70265 kcal/mol
 Misfit interaction energy in the mix              :         1.76424 kcal/mol
 H-Bond interaction energy in the mix              :        -8.32433 kcal/mol
 VdW interaction energy in the mix                 :       -13.39441 kcal/mol
 Gas liquid transition energy in the mix (H_glt)   :         8.25184 kcal/mol
 Normalized weight factor of molecule in compound  :         0.46674
 Normalized weight factor of molecule in gas phase :         0.00039

 Compound: 3 Conformer: 6 (lacticacid_c5)
 Chemical potential of the molecule in the mixture :         1.98139 kcal/mol
 Log10(partial pressure [mbar])                    :        -2.72298
 Free energy of molecule in mix (E_COSMO+dE+Mu)    :   -215744.05408 kcal/mol
 Total mean interaction energy in the mix          :       -10.81096 kcal/mol
 Misfit interaction energy in the mix              :         1.75970 kcal/mol
 H-Bond interaction energy in the mix              :        -7.42628 kcal/mol
 VdW interaction energy in the mix                 :       -13.39622 kcal/mol
 Gas liquid transition energy in the mix (H_glt)   :         8.25184 kcal/mol
 Normalized weight factor of molecule in compound  :         0.16904
 Normalized weight factor of molecule in gas phase :         0.01500




 Results for mixture 16 - LIQ_EX Phase 2 Iteration    7
 ----------------------
 Temperature          :    293.150 K
 Compound Nr.         :         1         2         3
 Compound             :       h2o 3-heptano lacticaci
 Mole Fraction        :    0.2764    0.7213    0.0023

 Compound: 1  (h2o)
 Chemical potential of the compound in the mixture :         3.62148 kcal/mol
 Log10(partial pressure [mbar])                    :         1.54181
 Free energy of molecule in mix (E_COSMO+dE+Mu)    :    -47989.63180 kcal/mol
 Total mean interaction energy in the mix (H_int)  :        -5.55914 kcal/mol
 Misfit interaction energy in the mix (H_MF)       :         0.91400 kcal/mol
 H-Bond interaction energy in the mix (H_HB)       :        -4.78090 kcal/mol
 VdW interaction energy in the mix (H_vdW)         :        -4.62428 kcal/mol
 Gas liquid transition energy in the mix (H_glt)   :         2.93205 kcal/mol
 Equilibrium constant Kx(1,2)                      :         3.55169
 Equilibrium concentration x_k(1,2)                :         0.78030

 Compound: 2  (3-heptanol)
 Chemical potential of the compound in the mixture :        -0.67438 kcal/mol
 Log10(partial pressure [mbar])                    :        -0.07556
 Free energy of molecule in mix (E_COSMO+dE+Mu)    :   -220751.21197 kcal/mol
 Total mean interaction energy in the mix (H_int)  :        -9.97006 kcal/mol
 Misfit interaction energy in the mix (H_MF)       :         2.17975 kcal/mol
 H-Bond interaction energy in the mix (H_HB)       :        -2.88939 kcal/mol
 VdW interaction energy in the mix (H_vdW)         :       -21.55161 kcal/mol
 Gas liquid transition energy in the mix (H_glt)   :        12.21004 kcal/mol
 Equilibrium constant Kx(1,2)                      :  9.74909157E-04
 Equilibrium concentration x_k(1,2)                :         0.00097

 Compound: 3  (lacticacid)
 Chemical potential of the compound in the mixture :         3.48333 kcal/mol
 Log10(partial pressure [mbar])                    :        -1.75129
 Free energy of molecule in mix (E_COSMO+dE+Mu)    :   -215745.19682 kcal/mol
 Total mean interaction energy in the mix (H_int)  :        -6.41488 kcal/mol
 Misfit interaction energy in the mix (H_MF)       :         2.25593 kcal/mol
 H-Bond interaction energy in the mix (H_HB)       :        -4.44176 kcal/mol
 VdW interaction energy in the mix (H_vdW)         :       -14.08039 kcal/mol
 Gas liquid transition energy in the mix (H_glt)   :         8.25184 kcal/mol
 Equilibrium constant Kx(1,2)                      :         0.83193
 Equilibrium concentration x_k(1,2)                :         0.45413



 Compound: 1 Conformer: 1 (h2o_c0)
 Chemical potential of the molecule in the mixture :         3.62148 kcal/mol
 Log10(partial pressure [mbar])                    :         1.54181
 Free energy of molecule in mix (E_COSMO+dE+Mu)    :    -47989.63180 kcal/mol
 Total mean interaction energy in the mix          :        -5.55914 kcal/mol
 Misfit interaction energy in the mix              :         0.91400 kcal/mol
 H-Bond interaction energy in the mix              :        -4.78090 kcal/mol
 VdW interaction energy in the mix                 :        -4.62428 kcal/mol
 Gas liquid transition energy in the mix (H_glt)   :         2.93205 kcal/mol
 Normalized weight factor of molecule in compound  :         1.00000
 Normalized weight factor of molecule in gas phase :         1.00000

 Compound: 2 Conformer: 1 (3-heptanol_c0)
 Chemical potential of the molecule in the mixture :         0.56635 kcal/mol
 Log10(partial pressure [mbar])                    :         0.19504
 Free energy of molecule in mix (E_COSMO+dE+Mu)    :   -220749.92227 kcal/mol
 Total mean interaction energy in the mix          :        -9.75847 kcal/mol
 Misfit interaction energy in the mix              :         2.19740 kcal/mol
 H-Bond interaction energy in the mix              :        -2.56723 kcal/mol
 VdW interaction energy in the mix                 :       -21.59868 kcal/mol
 Gas liquid transition energy in the mix (H_glt)   :        12.21004 kcal/mol
 Normalized weight factor of molecule in compound  :         0.10927
 Normalized weight factor of molecule in gas phase :         0.17473

 Compound: 2 Conformer: 2 (3-heptanol_c1)
 Chemical potential of the molecule in the mixture :         0.61643 kcal/mol
 Log10(partial pressure [mbar])                    :         0.25381
 Free energy of molecule in mix (E_COSMO+dE+Mu)    :   -220749.90199 kcal/mol
 Total mean interaction energy in the mix          :        -9.68184 kcal/mol
 Misfit interaction energy in the mix              :         2.20456 kcal/mol
 H-Bond interaction energy in the mix              :        -2.50919 kcal/mol
 VdW interaction energy in the mix                 :       -21.58724 kcal/mol
 Gas liquid transition energy in the mix (H_glt)   :        12.21004 kcal/mol
 Normalized weight factor of molecule in compound  :         0.10554
 Normalized weight factor of molecule in gas phase :         0.19532

 Compound: 2 Conformer: 3 (3-heptanol_c2)
 Chemical potential of the molecule in the mixture :         0.50741 kcal/mol
 Log10(partial pressure [mbar])                    :         0.05957
 Free energy of molecule in mix (E_COSMO+dE+Mu)    :   -220750.01239 kcal/mol
 Total mean interaction energy in the mix          :        -9.67761 kcal/mol
 Misfit interaction energy in the mix              :         2.16265 kcal/mol
 H-Bond interaction energy in the mix              :        -2.44202 kcal/mol
 VdW interaction energy in the mix                 :       -21.60827 kcal/mol
 Gas liquid transition energy in the mix (H_glt)   :        12.21004 kcal/mol
 Normalized weight factor of molecule in compound  :         0.12756
 Normalized weight factor of molecule in gas phase :         0.17000

 Compound: 2 Conformer: 4 (3-heptanol_c3)
 Chemical potential of the molecule in the mixture :         0.18342 kcal/mol
 Log10(partial pressure [mbar])                    :        -0.31366
 Free energy of molecule in mix (E_COSMO+dE+Mu)    :   -220750.24680 kcal/mol
 Total mean interaction energy in the mix          :       -10.30633 kcal/mol
 Misfit interaction energy in the mix              :         2.14493 kcal/mol
 H-Bond interaction energy in the mix              :        -3.04875 kcal/mol
 VdW interaction energy in the mix                 :       -21.61255 kcal/mol
 Gas liquid transition energy in the mix (H_glt)   :        12.21004 kcal/mol
 Normalized weight factor of molecule in compound  :         0.19075
 Normalized weight factor of molecule in gas phase :         0.10306

 Compound: 2 Conformer: 5 (3-heptanol_c4)
 Chemical potential of the molecule in the mixture :         0.61338 kcal/mol
 Log10(partial pressure [mbar])                    :        -0.01844
 Free energy of molecule in mix (E_COSMO+dE+Mu)    :   -220749.92421 kcal/mol
 Total mean interaction energy in the mix          :       -10.13750 kcal/mol
 Misfit interaction energy in the mix              :         2.25344 kcal/mol
 H-Bond interaction energy in the mix              :        -3.07861 kcal/mol
 VdW interaction energy in the mix                 :       -21.52237 kcal/mol
 Gas liquid transition energy in the mix (H_glt)   :        12.21004 kcal/mol
 Normalized weight factor of molecule in compound  :         0.10964
 Normalized weight factor of molecule in gas phase :         0.10362

 Compound: 2 Conformer: 6 (3-heptanol_c5)
 Chemical potential of the molecule in the mixture :         0.13282 kcal/mol
 Log10(partial pressure [mbar])                    :        -0.35743
 Free energy of molecule in mix (E_COSMO+dE+Mu)    :   -220750.25758 kcal/mol
 Total mean interaction energy in the mix          :       -10.37466 kcal/mol
 Misfit interaction energy in the mix              :         2.13204 kcal/mol
 H-Bond interaction energy in the mix              :        -3.11378 kcal/mol
 VdW interaction energy in the mix                 :       -21.60296 kcal/mol
 Gas liquid transition energy in the mix (H_glt)   :        12.21004 kcal/mol
 Normalized weight factor of molecule in compound  :         0.19431
 Normalized weight factor of molecule in gas phase :         0.09651

 Compound: 2 Conformer: 7 (3-heptanol_c6)
 Chemical potential of the molecule in the mixture :         0.72254 kcal/mol
 Log10(partial pressure [mbar])                    :         0.03313
 Free energy of molecule in mix (E_COSMO+dE+Mu)    :   -220749.77479 kcal/mol
 Total mean interaction energy in the mix          :       -10.02937 kcal/mol
 Misfit interaction energy in the mix              :         2.27256 kcal/mol
 H-Bond interaction energy in the mix              :        -3.02896 kcal/mol
 VdW interaction energy in the mix                 :       -21.48300 kcal/mol
 Gas liquid transition energy in the mix (H_glt)   :        12.21004 kcal/mol
 Normalized weight factor of molecule in compound  :         0.08483
 Normalized weight factor of molecule in gas phase :         0.08757

 Compound: 2 Conformer: 8 (3-heptanol_c7)
 Chemical potential of the molecule in the mixture :         0.56764 kcal/mol
 Log10(partial pressure [mbar])                    :        -0.11519
 Free energy of molecule in mix (E_COSMO+dE+Mu)    :   -220749.72663 kcal/mol
 Total mean interaction energy in the mix          :       -10.04489 kcal/mol
 Misfit interaction energy in the mix              :         2.14899 kcal/mol
 H-Bond interaction energy in the mix              :        -3.21984 kcal/mol
 VdW interaction energy in the mix                 :       -21.18408 kcal/mol
 Gas liquid transition energy in the mix (H_glt)   :        12.21004 kcal/mol
 Normalized weight factor of molecule in compound  :         0.07810
 Normalized weight factor of molecule in gas phase :         0.06919

 Compound: 3 Conformer: 1 (lacticacid_c0)
 Chemical potential of the molecule in the mixture :         5.15087 kcal/mol
 Log10(partial pressure [mbar])                    :        -1.74876
 Free energy of molecule in mix (E_COSMO+dE+Mu)    :   -215743.52927 kcal/mol
 Total mean interaction energy in the mix          :        -6.35402 kcal/mol
 Misfit interaction energy in the mix              :         2.64905 kcal/mol
 H-Bond interaction energy in the mix              :        -3.20982 kcal/mol
 VdW interaction energy in the mix                 :       -14.04509 kcal/mol
 Gas liquid transition energy in the mix (H_glt)   :         8.25184 kcal/mol
 Normalized weight factor of molecule in compound  :         0.05713
 Normalized weight factor of molecule in gas phase :         0.00476

 Compound: 3 Conformer: 2 (lacticacid_c1)
 Chemical potential of the molecule in the mixture :         5.55266 kcal/mol
 Log10(partial pressure [mbar])                    :        -1.03220
 Free energy of molecule in mix (E_COSMO+dE+Mu)    :   -215742.94599 kcal/mol
 Total mean interaction energy in the mix          :        -5.85019 kcal/mol
 Misfit interaction energy in the mix              :         2.71600 kcal/mol
 H-Bond interaction energy in the mix              :        -2.80905 kcal/mol
 VdW interaction energy in the mix                 :       -14.00898 kcal/mol
 Gas liquid transition energy in the mix (H_glt)   :         8.25184 kcal/mol
 Normalized weight factor of molecule in compound  :         0.02099
 Normalized weight factor of molecule in gas phase :         0.00936

 Compound: 3 Conformer: 3 (lacticacid_c2)
 Chemical potential of the molecule in the mixture :         2.79388 kcal/mol
 Log10(partial pressure [mbar])                    :        -0.97822
 Free energy of molecule in mix (E_COSMO+dE+Mu)    :   -215744.81258 kcal/mol
 Total mean interaction energy in the mix          :        -7.50678 kcal/mol
 Misfit interaction energy in the mix              :         2.13464 kcal/mol
 H-Bond interaction energy in the mix              :        -3.80789 kcal/mol
 VdW interaction energy in the mix                 :       -14.08536 kcal/mol
 Gas liquid transition energy in the mix (H_glt)   :         8.25184 kcal/mol
 Normalized weight factor of molecule in compound  :         0.51707
 Normalized weight factor of molecule in gas phase :         0.94961

 Compound: 3 Conformer: 4 (lacticacid_c3)
 Chemical potential of the molecule in the mixture :         2.08544 kcal/mol
 Log10(partial pressure [mbar])                    :        -2.61374
 Free energy of molecule in mix (E_COSMO+dE+Mu)    :   -215744.09999 kcal/mol
 Total mean interaction energy in the mix          :        -8.78607 kcal/mol
 Misfit interaction energy in the mix              :         2.26683 kcal/mol
 H-Bond interaction energy in the mix              :        -5.24361 kcal/mol
 VdW interaction energy in the mix                 :       -14.06114 kcal/mol
 Gas liquid transition energy in the mix (H_glt)   :         8.25184 kcal/mol
 Normalized weight factor of molecule in compound  :         0.15216
 Normalized weight factor of molecule in gas phase :         0.02089

 Compound: 3 Conformer: 5 (lacticacid_c4)
 Chemical potential of the molecule in the mixture :         2.16441 kcal/mol
 Log10(partial pressure [mbar])                    :        -4.22209
 Free energy of molecule in mix (E_COSMO+dE+Mu)    :   -215743.93442 kcal/mol
 Total mean interaction energy in the mix          :        -9.37323 kcal/mol
 Misfit interaction energy in the mix              :         2.53812 kcal/mol
 H-Bond interaction energy in the mix              :        -6.06014 kcal/mol
 VdW interaction energy in the mix                 :       -14.10305 kcal/mol
 Gas liquid transition energy in the mix (H_glt)   :         8.25184 kcal/mol
 Normalized weight factor of molecule in compound  :         0.11452
 Normalized weight factor of molecule in gas phase :         0.00039

 Compound: 3 Conformer: 6 (lacticacid_c5)
 Chemical potential of the molecule in the mixture :         1.99181 kcal/mol
 Log10(partial pressure [mbar])                    :        -2.71521
 Free energy of molecule in mix (E_COSMO+dE+Mu)    :   -215744.04365 kcal/mol
 Total mean interaction energy in the mix          :        -8.95342 kcal/mol
 Misfit interaction energy in the mix              :         2.23150 kcal/mol
 H-Bond interaction energy in the mix              :        -5.34707 kcal/mol
 VdW interaction energy in the mix                 :       -14.08968 kcal/mol
 Gas liquid transition energy in the mix (H_glt)   :         8.25184 kcal/mol
 Normalized weight factor of molecule in compound  :         0.13814
 Normalized weight factor of molecule in gas phase :         0.01500




 Results for mixture 17 - LIQ_EX Phase 1 Iteration    8
 ----------------------
 Temperature          :    293.150 K
 Compound Nr.         :         1         2         3
 Compound             :       h2o 3-heptano lacticaci
 Mole Fraction        :    0.9973    0.0007    0.0020

 Compound: 1  (h2o)
 Chemical potential of the compound in the mixture :         2.88314 kcal/mol
 Log10(partial pressure [mbar])                    :         0.99138
 Free energy of molecule in mix (E_COSMO+dE+Mu)    :    -47990.37013 kcal/mol
 Total mean interaction energy in the mix (H_int)  :        -5.86128 kcal/mol
 Misfit interaction energy in the mix (H_MF)       :         0.54811 kcal/mol
 H-Bond interaction energy in the mix (H_HB)       :        -4.97483 kcal/mol
 VdW interaction energy in the mix (H_vdW)         :        -4.36662 kcal/mol
 Gas liquid transition energy in the mix (H_glt)   :         2.93205 kcal/mol

 Compound: 2  (3-heptanol)
 Chemical potential of the compound in the mixture :         3.36490 kcal/mol
 Log10(partial pressure [mbar])                    :         2.93575
 Free energy of molecule in mix (E_COSMO+dE+Mu)    :   -220747.17269 kcal/mol
 Total mean interaction energy in the mix (H_int)  :       -10.32571 kcal/mol
 Misfit interaction energy in the mix (H_MF)       :         2.44777 kcal/mol
 H-Bond interaction energy in the mix (H_HB)       :        -4.23100 kcal/mol
 VdW interaction energy in the mix (H_vdW)         :       -20.82302 kcal/mol
 Gas liquid transition energy in the mix (H_glt)   :        12.21004 kcal/mol

 Compound: 3  (lacticacid)
 Chemical potential of the compound in the mixture :         3.59060 kcal/mol
 Log10(partial pressure [mbar])                    :        -1.67132
 Free energy of molecule in mix (E_COSMO+dE+Mu)    :   -215745.08954 kcal/mol
 Total mean interaction energy in the mix (H_int)  :        -8.51815 kcal/mol
 Misfit interaction energy in the mix (H_MF)       :         1.78399 kcal/mol
 H-Bond interaction energy in the mix (H_HB)       :        -7.44102 kcal/mol
 VdW interaction energy in the mix (H_vdW)         :       -13.38781 kcal/mol
 Gas liquid transition energy in the mix (H_glt)   :         8.25184 kcal/mol



 Compound: 1 Conformer: 1 (h2o_c0)
 Chemical potential of the molecule in the mixture :         2.88314 kcal/mol
 Log10(partial pressure [mbar])                    :         0.99138
 Free energy of molecule in mix (E_COSMO+dE+Mu)    :    -47990.37013 kcal/mol
 Total mean interaction energy in the mix          :        -5.86128 kcal/mol
 Misfit interaction energy in the mix              :         0.54811 kcal/mol
 H-Bond interaction energy in the mix              :        -4.97483 kcal/mol
 VdW interaction energy in the mix                 :        -4.36662 kcal/mol
 Gas liquid transition energy in the mix (H_glt)   :         2.93205 kcal/mol
 Normalized weight factor of molecule in compound  :         1.00000
 Normalized weight factor of molecule in gas phase :         1.00000

 Compound: 2 Conformer: 1 (3-heptanol_c0)
 Chemical potential of the molecule in the mixture :         4.65053 kcal/mol
 Log10(partial pressure [mbar])                    :         3.23983
 Free energy of molecule in mix (E_COSMO+dE+Mu)    :   -220745.83809 kcal/mol
 Total mean interaction energy in the mix          :       -10.24338 kcal/mol
 Misfit interaction energy in the mix              :         2.41199 kcal/mol
 H-Bond interaction energy in the mix              :        -3.96936 kcal/mol
 VdW interaction energy in the mix                 :       -20.89605 kcal/mol
 Gas liquid transition energy in the mix (H_glt)   :        12.21004 kcal/mol
 Normalized weight factor of molecule in compound  :         0.10117
 Normalized weight factor of molecule in gas phase :         0.17473

 Compound: 2 Conformer: 2 (3-heptanol_c1)
 Chemical potential of the molecule in the mixture :         4.74175 kcal/mol
 Log10(partial pressure [mbar])                    :         3.32926
 Free energy of molecule in mix (E_COSMO+dE+Mu)    :   -220745.77667 kcal/mol
 Total mean interaction energy in the mix          :       -10.12552 kcal/mol
 Misfit interaction energy in the mix              :         2.46865 kcal/mol
 H-Bond interaction energy in the mix              :        -3.91936 kcal/mol
 VdW interaction energy in the mix                 :       -20.88486 kcal/mol
 Gas liquid transition energy in the mix (H_glt)   :        12.21004 kcal/mol
 Normalized weight factor of molecule in compound  :         0.09105
 Normalized weight factor of molecule in gas phase :         0.19532

 Compound: 2 Conformer: 3 (3-heptanol_c2)
 Chemical potential of the molecule in the mixture :         4.82117 kcal/mol
 Log10(partial pressure [mbar])                    :         3.27551
 Free energy of molecule in mix (E_COSMO+dE+Mu)    :   -220745.69864 kcal/mol
 Total mean interaction energy in the mix          :       -10.21854 kcal/mol
 Misfit interaction energy in the mix              :         2.41621 kcal/mol
 H-Bond interaction energy in the mix              :        -3.93579 kcal/mol
 VdW interaction energy in the mix                 :       -20.90900 kcal/mol
 Gas liquid transition energy in the mix (H_glt)   :        12.21004 kcal/mol
 Normalized weight factor of molecule in compound  :         0.07963
 Normalized weight factor of molecule in gas phase :         0.17000

 Compound: 2 Conformer: 4 (3-heptanol_c3)
 Chemical potential of the molecule in the mixture :         4.43281 kcal/mol
 Log10(partial pressure [mbar])                    :         2.85429
 Free energy of molecule in mix (E_COSMO+dE+Mu)    :   -220745.99742 kcal/mol
 Total mean interaction energy in the mix          :       -10.48793 kcal/mol
 Misfit interaction energy in the mix              :         2.45412 kcal/mol
 H-Bond interaction energy in the mix              :        -4.25088 kcal/mol
 VdW interaction energy in the mix                 :       -20.90120 kcal/mol
 Gas liquid transition energy in the mix (H_glt)   :        12.21004 kcal/mol
 Normalized weight factor of molecule in compound  :         0.13299
 Normalized weight factor of molecule in gas phase :         0.10306

 Compound: 2 Conformer: 5 (3-heptanol_c4)
 Chemical potential of the molecule in the mixture :         4.27466 kcal/mol
 Log10(partial pressure [mbar])                    :         2.71107
 Free energy of molecule in mix (E_COSMO+dE+Mu)    :   -220746.26294 kcal/mol
 Total mean interaction energy in the mix          :       -10.53851 kcal/mol
 Misfit interaction energy in the mix              :         2.46435 kcal/mol
 H-Bond interaction energy in the mix              :        -4.39721 kcal/mol
 VdW interaction energy in the mix                 :       -20.81568 kcal/mol
 Gas liquid transition energy in the mix (H_glt)   :        12.21004 kcal/mol
 Normalized weight factor of molecule in compound  :         0.20978
 Normalized weight factor of molecule in gas phase :         0.10362

 Compound: 2 Conformer: 6 (3-heptanol_c5)
 Chemical potential of the molecule in the mixture :         4.37941 kcal/mol
 Log10(partial pressure [mbar])                    :         2.80844
 Free energy of molecule in mix (E_COSMO+dE+Mu)    :   -220746.01099 kcal/mol
 Total mean interaction energy in the mix          :       -10.46309 kcal/mol
 Misfit interaction energy in the mix              :         2.43922 kcal/mol
 H-Bond interaction energy in the mix              :        -4.22208 kcal/mol
 VdW interaction energy in the mix                 :       -20.89028 kcal/mol
 Gas liquid transition energy in the mix (H_glt)   :        12.21004 kcal/mol
 Normalized weight factor of molecule in compound  :         0.13612
 Normalized weight factor of molecule in gas phase :         0.09651

 Compound: 2 Conformer: 7 (3-heptanol_c6)
 Chemical potential of the molecule in the mixture :         4.39068 kcal/mol
 Log10(partial pressure [mbar])                    :         2.76776
 Free energy of molecule in mix (E_COSMO+dE+Mu)    :   -220746.10665 kcal/mol
 Total mean interaction energy in the mix          :       -10.47059 kcal/mol
 Misfit interaction energy in the mix              :         2.48581 kcal/mol
 H-Bond interaction energy in the mix              :        -4.39152 kcal/mol
 VdW interaction energy in the mix                 :       -20.77493 kcal/mol
 Gas liquid transition energy in the mix (H_glt)   :        12.21004 kcal/mol
 Normalized weight factor of molecule in compound  :         0.16042
 Normalized weight factor of molecule in gas phase :         0.08757

 Compound: 2 Conformer: 8 (3-heptanol_c7)
 Chemical potential of the molecule in the mixture :         4.53190 kcal/mol
 Log10(partial pressure [mbar])                    :         2.84019
 Free energy of molecule in mix (E_COSMO+dE+Mu)    :   -220745.76238 kcal/mol
 Total mean interaction energy in the mix          :       -10.29687 kcal/mol
 Misfit interaction energy in the mix              :         2.39116 kcal/mol
 H-Bond interaction energy in the mix              :        -4.41455 kcal/mol
 VdW interaction energy in the mix                 :       -20.48352 kcal/mol
 Gas liquid transition energy in the mix (H_glt)   :        12.21004 kcal/mol
 Normalized weight factor of molecule in compound  :         0.08884
 Normalized weight factor of molecule in gas phase :         0.06919

 Compound: 3 Conformer: 1 (lacticacid_c0)
 Chemical potential of the molecule in the mixture :         5.52805 kcal/mol
 Log10(partial pressure [mbar])                    :        -1.46757
 Free energy of molecule in mix (E_COSMO+dE+Mu)    :   -215743.15209 kcal/mol
 Total mean interaction energy in the mix          :        -7.84956 kcal/mol
 Misfit interaction energy in the mix              :         1.82111 kcal/mol
 H-Bond interaction energy in the mix              :        -4.58512 kcal/mol
 VdW interaction energy in the mix                 :       -13.33739 kcal/mol
 Gas liquid transition energy in the mix (H_glt)   :         8.25184 kcal/mol
 Normalized weight factor of molecule in compound  :         0.03594
 Normalized weight factor of molecule in gas phase :         0.00476

 Compound: 3 Conformer: 2 (lacticacid_c1)
 Chemical potential of the molecule in the mixture :         5.68368 kcal/mol
 Log10(partial pressure [mbar])                    :        -0.93452
 Free energy of molecule in mix (E_COSMO+dE+Mu)    :   -215742.81496 kcal/mol
 Total mean interaction energy in the mix          :        -7.38360 kcal/mol
 Misfit interaction energy in the mix              :         1.94292 kcal/mol
 H-Bond interaction energy in the mix              :        -4.26243 kcal/mol
 VdW interaction energy in the mix                 :       -13.31593 kcal/mol
 Gas liquid transition energy in the mix (H_glt)   :         8.25184 kcal/mol
 Normalized weight factor of molecule in compound  :         0.02015
 Normalized weight factor of molecule in gas phase :         0.00936

 Compound: 3 Conformer: 3 (lacticacid_c2)
 Chemical potential of the molecule in the mixture :         3.82932 kcal/mol
 Log10(partial pressure [mbar])                    :        -0.20629
 Free energy of molecule in mix (E_COSMO+dE+Mu)    :   -215743.77714 kcal/mol
 Total mean interaction energy in the mix          :        -8.50555 kcal/mol
 Misfit interaction energy in the mix              :         1.86288 kcal/mol
 H-Bond interaction energy in the mix              :        -5.21817 kcal/mol
 VdW interaction energy in the mix                 :       -13.40210 kcal/mol
 Gas liquid transition energy in the mix (H_glt)   :         8.25184 kcal/mol
 Normalized weight factor of molecule in compound  :         0.10510
 Normalized weight factor of molecule in gas phase :         0.94961

 Compound: 3 Conformer: 4 (lacticacid_c3)
 Chemical potential of the molecule in the mixture :         2.02476 kcal/mol
 Log10(partial pressure [mbar])                    :        -2.65898
 Free energy of molecule in mix (E_COSMO+dE+Mu)    :   -215744.16067 kcal/mol
 Total mean interaction energy in the mix          :       -10.73018 kcal/mol
 Misfit interaction energy in the mix              :         1.78655 kcal/mol
 H-Bond interaction energy in the mix              :        -7.39408 kcal/mol
 VdW interaction energy in the mix                 :       -13.37448 kcal/mol
 Gas liquid transition energy in the mix (H_glt)   :         8.25184 kcal/mol
 Normalized weight factor of molecule in compound  :         0.20301
 Normalized weight factor of molecule in gas phase :         0.02089

 Compound: 3 Conformer: 5 (lacticacid_c4)
 Chemical potential of the molecule in the mixture :         1.45316 kcal/mol
 Log10(partial pressure [mbar])                    :        -4.75233
 Free energy of molecule in mix (E_COSMO+dE+Mu)    :   -215744.64567 kcal/mol
 Total mean interaction energy in the mix          :       -11.70271 kcal/mol
 Misfit interaction energy in the mix              :         1.76420 kcal/mol
 H-Bond interaction energy in the mix              :        -8.32439 kcal/mol
 VdW interaction energy in the mix                 :       -13.39436 kcal/mol
 Gas liquid transition energy in the mix (H_glt)   :         8.25184 kcal/mol
 Normalized weight factor of molecule in compound  :         0.46676
 Normalized weight factor of molecule in gas phase :         0.00039

 Compound: 3 Conformer: 6 (lacticacid_c5)
 Chemical potential of the molecule in the mixture :         1.98147 kcal/mol
 Log10(partial pressure [mbar])                    :        -2.72291
 Free energy of molecule in mix (E_COSMO+dE+Mu)    :   -215744.05399 kcal/mol
 Total mean interaction energy in the mix          :       -10.81102 kcal/mol
 Misfit interaction energy in the mix              :         1.75966 kcal/mol
 H-Bond interaction energy in the mix              :        -7.42636 kcal/mol
 VdW interaction energy in the mix                 :       -13.39616 kcal/mol
 Gas liquid transition energy in the mix (H_glt)   :         8.25184 kcal/mol
 Normalized weight factor of molecule in compound  :         0.16904
 Normalized weight factor of molecule in gas phase :         0.01500




 Results for mixture 18 - LIQ_EX Phase 2 Iteration    8
 ----------------------
 Temperature          :    293.150 K
 Compound Nr.         :         1         2         3
 Compound             :       h2o 3-heptano lacticaci
 Mole Fraction        :    0.2789    0.7188    0.0024

 Compound: 1  (h2o)
 Chemical potential of the compound in the mixture :         3.61991 kcal/mol
 Log10(partial pressure [mbar])                    :         1.54065
 Free energy of molecule in mix (E_COSMO+dE+Mu)    :    -47989.63336 kcal/mol
 Total mean interaction energy in the mix (H_int)  :        -5.56299 kcal/mol
 Misfit interaction energy in the mix (H_MF)       :         0.91030 kcal/mol
 H-Bond interaction energy in the mix (H_HB)       :        -4.78160 kcal/mol
 VdW interaction energy in the mix (H_vdW)         :        -4.62374 kcal/mol
 Gas liquid transition energy in the mix (H_glt)   :         2.93205 kcal/mol
 Equilibrium constant Kx(1,2)                      :         3.54219
 Equilibrium concentration x_k(1,2)                :         0.77984

 Compound: 2  (3-heptanol)
 Chemical potential of the compound in the mixture :        -0.67374 kcal/mol
 Log10(partial pressure [mbar])                    :        -0.07509
 Free energy of molecule in mix (E_COSMO+dE+Mu)    :   -220751.21133 kcal/mol
 Total mean interaction energy in the mix (H_int)  :        -9.97200 kcal/mol
 Misfit interaction energy in the mix (H_MF)       :         2.18153 kcal/mol
 H-Bond interaction energy in the mix (H_HB)       :        -2.89407 kcal/mol
 VdW interaction energy in the mix (H_vdW)         :       -21.55061 kcal/mol
 Gas liquid transition energy in the mix (H_glt)   :        12.21004 kcal/mol
 Equilibrium constant Kx(1,2)                      :  9.75353814E-04
 Equilibrium concentration x_k(1,2)                :         0.00097

 Compound: 3  (lacticacid)
 Chemical potential of the compound in the mixture :         3.48069 kcal/mol
 Log10(partial pressure [mbar])                    :        -1.75325
 Free energy of molecule in mix (E_COSMO+dE+Mu)    :   -215745.19945 kcal/mol
 Total mean interaction energy in the mix (H_int)  :        -6.42158 kcal/mol
 Misfit interaction energy in the mix (H_MF)       :         2.25275 kcal/mol
 H-Bond interaction energy in the mix (H_HB)       :        -4.44794 kcal/mol
 VdW interaction energy in the mix (H_vdW)         :       -14.07937 kcal/mol
 Gas liquid transition energy in the mix (H_glt)   :         8.25184 kcal/mol
 Equilibrium constant Kx(1,2)                      :         0.82807
 Equilibrium concentration x_k(1,2)                :         0.45297



 Compound: 1 Conformer: 1 (h2o_c0)
 Chemical potential of the molecule in the mixture :         3.61991 kcal/mol
 Log10(partial pressure [mbar])                    :         1.54065
 Free energy of molecule in mix (E_COSMO+dE+Mu)    :    -47989.63336 kcal/mol
 Total mean interaction energy in the mix          :        -5.56299 kcal/mol
 Misfit interaction energy in the mix              :         0.91030 kcal/mol
 H-Bond interaction energy in the mix              :        -4.78160 kcal/mol
 VdW interaction energy in the mix                 :        -4.62374 kcal/mol
 Gas liquid transition energy in the mix (H_glt)   :         2.93205 kcal/mol
 Normalized weight factor of molecule in compound  :         1.00000
 Normalized weight factor of molecule in gas phase :         1.00000

 Compound: 2 Conformer: 1 (3-heptanol_c0)
 Chemical potential of the molecule in the mixture :         0.56677 kcal/mol
 Log10(partial pressure [mbar])                    :         0.19535
 Free energy of molecule in mix (E_COSMO+dE+Mu)    :   -220749.92185 kcal/mol
 Total mean interaction energy in the mix          :        -9.76030 kcal/mol
 Misfit interaction energy in the mix              :         2.19932 kcal/mol
 H-Bond interaction energy in the mix              :        -2.57194 kcal/mol
 VdW interaction energy in the mix                 :       -21.59772 kcal/mol
 Gas liquid transition energy in the mix (H_glt)   :        12.21004 kcal/mol
 Normalized weight factor of molecule in compound  :         0.10931
 Normalized weight factor of molecule in gas phase :         0.17473

 Compound: 2 Conformer: 2 (3-heptanol_c1)
 Chemical potential of the molecule in the mixture :         0.61697 kcal/mol
 Log10(partial pressure [mbar])                    :         0.25421
 Free energy of molecule in mix (E_COSMO+dE+Mu)    :   -220749.90145 kcal/mol
 Total mean interaction energy in the mix          :        -9.68365 kcal/mol
 Misfit interaction energy in the mix              :         2.20640 kcal/mol
 H-Bond interaction energy in the mix              :        -2.51380 kcal/mol
 VdW interaction energy in the mix                 :       -21.58629 kcal/mol
 Gas liquid transition energy in the mix (H_glt)   :        12.21004 kcal/mol
 Normalized weight factor of molecule in compound  :         0.10555
 Normalized weight factor of molecule in gas phase :         0.19532

 Compound: 2 Conformer: 3 (3-heptanol_c2)
 Chemical potential of the molecule in the mixture :         0.50863 kcal/mol
 Log10(partial pressure [mbar])                    :         0.06048
 Free energy of molecule in mix (E_COSMO+dE+Mu)    :   -220750.01117 kcal/mol
 Total mean interaction energy in the mix          :        -9.68043 kcal/mol
 Misfit interaction energy in the mix              :         2.16392 kcal/mol
 H-Bond interaction energy in the mix              :        -2.44702 kcal/mol
 VdW interaction energy in the mix                 :       -21.60737 kcal/mol
 Gas liquid transition energy in the mix (H_glt)   :        12.21004 kcal/mol
 Normalized weight factor of molecule in compound  :         0.12743
 Normalized weight factor of molecule in gas phase :         0.17000

 Compound: 2 Conformer: 4 (3-heptanol_c3)
 Chemical potential of the molecule in the mixture :         0.18483 kcal/mol
 Log10(partial pressure [mbar])                    :        -0.31261
 Free energy of molecule in mix (E_COSMO+dE+Mu)    :   -220750.24540 kcal/mol
 Total mean interaction energy in the mix          :       -10.30732 kcal/mol
 Misfit interaction energy in the mix              :         2.14657 kcal/mol
 H-Bond interaction energy in the mix              :        -3.05233 kcal/mol
 VdW interaction energy in the mix                 :       -21.61160 kcal/mol
 Gas liquid transition energy in the mix (H_glt)   :        12.21004 kcal/mol
 Normalized weight factor of molecule in compound  :         0.19050
 Normalized weight factor of molecule in gas phase :         0.10306

 Compound: 2 Conformer: 5 (3-heptanol_c4)
 Chemical potential of the molecule in the mixture :         0.61241 kcal/mol
 Log10(partial pressure [mbar])                    :        -0.01916
 Free energy of molecule in mix (E_COSMO+dE+Mu)    :   -220749.92519 kcal/mol
 Total mean interaction energy in the mix          :       -10.14075 kcal/mol
 Misfit interaction energy in the mix              :         2.25553 kcal/mol
 H-Bond interaction energy in the mix              :        -3.08497 kcal/mol
 VdW interaction energy in the mix                 :       -21.52134 kcal/mol
 Gas liquid transition energy in the mix (H_glt)   :        12.21004 kcal/mol
 Normalized weight factor of molecule in compound  :         0.10994
 Normalized weight factor of molecule in gas phase :         0.10362

 Compound: 2 Conformer: 6 (3-heptanol_c5)
 Chemical potential of the molecule in the mixture :         0.13395 kcal/mol
 Log10(partial pressure [mbar])                    :        -0.35658
 Free energy of molecule in mix (E_COSMO+dE+Mu)    :   -220750.25644 kcal/mol
 Total mean interaction energy in the mix          :       -10.37595 kcal/mol
 Misfit interaction energy in the mix              :         2.13362 kcal/mol
 H-Bond interaction energy in the mix              :        -3.11761 kcal/mol
 VdW interaction energy in the mix                 :       -21.60201 kcal/mol
 Gas liquid transition energy in the mix (H_glt)   :        12.21004 kcal/mol
 Normalized weight factor of molecule in compound  :         0.19414
 Normalized weight factor of molecule in gas phase :         0.09651

 Compound: 2 Conformer: 7 (3-heptanol_c6)
 Chemical potential of the molecule in the mixture :         0.72178 kcal/mol
 Log10(partial pressure [mbar])                    :         0.03257
 Free energy of molecule in mix (E_COSMO+dE+Mu)    :   -220749.77554 kcal/mol
 Total mean interaction energy in the mix          :       -10.03236 kcal/mol
 Misfit interaction energy in the mix              :         2.27462 kcal/mol
 H-Bond interaction energy in the mix              :        -3.03503 kcal/mol
 VdW interaction energy in the mix                 :       -21.48199 kcal/mol
 Gas liquid transition energy in the mix (H_glt)   :        12.21004 kcal/mol
 Normalized weight factor of molecule in compound  :         0.08504
 Normalized weight factor of molecule in gas phase :         0.08757

 Compound: 2 Conformer: 8 (3-heptanol_c7)
 Chemical potential of the molecule in the mixture :         0.56843 kcal/mol
 Log10(partial pressure [mbar])                    :        -0.11460
 Free energy of molecule in mix (E_COSMO+dE+Mu)    :   -220749.72585 kcal/mol
 Total mean interaction energy in the mix          :       -10.04689 kcal/mol
 Misfit interaction energy in the mix              :         2.15064 kcal/mol
 H-Bond interaction energy in the mix              :        -3.22444 kcal/mol
 VdW interaction energy in the mix                 :       -21.18313 kcal/mol
 Gas liquid transition energy in the mix (H_glt)   :        12.21004 kcal/mol
 Normalized weight factor of molecule in compound  :         0.07808
 Normalized weight factor of molecule in gas phase :         0.06919

 Compound: 3 Conformer: 1 (lacticacid_c0)
 Chemical potential of the molecule in the mixture :         5.14814 kcal/mol
 Log10(partial pressure [mbar])                    :        -1.75080
 Free energy of molecule in mix (E_COSMO+dE+Mu)    :   -215743.53200 kcal/mol
 Total mean interaction energy in the mix          :        -6.36091 kcal/mol
 Misfit interaction energy in the mix              :         2.64398 kcal/mol
 H-Bond interaction energy in the mix              :        -3.21262 kcal/mol
 VdW interaction energy in the mix                 :       -14.04412 kcal/mol
 Gas liquid transition energy in the mix (H_glt)   :         8.25184 kcal/mol
 Normalized weight factor of molecule in compound  :         0.05714
 Normalized weight factor of molecule in gas phase :         0.00476

 Compound: 3 Conformer: 2 (lacticacid_c1)
 Chemical potential of the molecule in the mixture :         5.54902 kcal/mol
 Log10(partial pressure [mbar])                    :        -1.03491
 Free energy of molecule in mix (E_COSMO+dE+Mu)    :   -215742.94963 kcal/mol
 Total mean interaction energy in the mix          :        -5.85620 kcal/mol
 Misfit interaction energy in the mix              :         2.71186 kcal/mol
 H-Bond interaction energy in the mix              :        -2.81191 kcal/mol
 VdW interaction energy in the mix                 :       -14.00798 kcal/mol
 Gas liquid transition energy in the mix (H_glt)   :         8.25184 kcal/mol
 Normalized weight factor of molecule in compound  :         0.02103
 Normalized weight factor of molecule in gas phase :         0.00936

 Compound: 3 Conformer: 3 (lacticacid_c2)
 Chemical potential of the molecule in the mixture :         2.79256 kcal/mol
 Log10(partial pressure [mbar])                    :        -0.97920
 Free energy of molecule in mix (E_COSMO+dE+Mu)    :   -215744.81390 kcal/mol
 Total mean interaction energy in the mix          :        -7.51182 kcal/mol
 Misfit interaction energy in the mix              :         2.13200 kcal/mol
 H-Bond interaction energy in the mix              :        -3.81123 kcal/mol
 VdW interaction energy in the mix                 :       -14.08443 kcal/mol
 Gas liquid transition energy in the mix (H_glt)   :         8.25184 kcal/mol
 Normalized weight factor of molecule in compound  :         0.51591
 Normalized weight factor of molecule in gas phase :         0.94961

 Compound: 3 Conformer: 4 (lacticacid_c3)
 Chemical potential of the molecule in the mixture :         2.08141 kcal/mol
 Log10(partial pressure [mbar])                    :        -2.61674
 Free energy of molecule in mix (E_COSMO+dE+Mu)    :   -215744.10402 kcal/mol
 Total mean interaction energy in the mix          :        -8.79420 kcal/mol
 Misfit interaction energy in the mix              :         2.26275 kcal/mol
 H-Bond interaction energy in the mix              :        -5.24878 kcal/mol
 VdW interaction energy in the mix                 :       -14.06002 kcal/mol
 Gas liquid transition energy in the mix (H_glt)   :         8.25184 kcal/mol
 Normalized weight factor of molecule in compound  :         0.15253
 Normalized weight factor of molecule in gas phase :         0.02089

 Compound: 3 Conformer: 5 (lacticacid_c4)
 Chemical potential of the molecule in the mixture :         2.15932 kcal/mol
 Log10(partial pressure [mbar])                    :        -4.22588
 Free energy of molecule in mix (E_COSMO+dE+Mu)    :   -215743.93951 kcal/mol
 Total mean interaction energy in the mix          :        -9.38356 kcal/mol
 Misfit interaction energy in the mix              :         2.53363 kcal/mol
 H-Bond interaction energy in the mix              :        -6.06719 kcal/mol
 VdW interaction energy in the mix                 :       -14.10185 kcal/mol
 Gas liquid transition energy in the mix (H_glt)   :         8.25184 kcal/mol
 Normalized weight factor of molecule in compound  :         0.11500
 Normalized weight factor of molecule in gas phase :         0.00039

 Compound: 3 Conformer: 6 (lacticacid_c5)
 Chemical potential of the molecule in the mixture :         1.98806 kcal/mol
 Log10(partial pressure [mbar])                    :        -2.71800
 Free energy of molecule in mix (E_COSMO+dE+Mu)    :   -215744.04740 kcal/mol
 Total mean interaction energy in the mix          :        -8.96128 kcal/mol
 Misfit interaction energy in the mix              :         2.22721 kcal/mol
 H-Bond interaction energy in the mix              :        -5.35179 kcal/mol
 VdW interaction energy in the mix                 :       -14.08855 kcal/mol
 Gas liquid transition energy in the mix (H_glt)   :         8.25184 kcal/mol
 Normalized weight factor of molecule in compound  :         0.13840
 Normalized weight factor of molecule in gas phase :         0.01500




 Results for mixture 19 - LIQ_EX Phase 1 Iteration    9
 ----------------------
 Temperature          :    293.150 K
 Compound Nr.         :         1         2         3
 Compound             :       h2o 3-heptano lacticaci
 Mole Fraction        :    0.9973    0.0007    0.0020

 Compound: 1  (h2o)
 Chemical potential of the compound in the mixture :         2.88314 kcal/mol
 Log10(partial pressure [mbar])                    :         0.99138
 Free energy of molecule in mix (E_COSMO+dE+Mu)    :    -47990.37013 kcal/mol
 Total mean interaction energy in the mix (H_int)  :        -5.86127 kcal/mol
 Misfit interaction energy in the mix (H_MF)       :         0.54812 kcal/mol
 H-Bond interaction energy in the mix (H_HB)       :        -4.97483 kcal/mol
 VdW interaction energy in the mix (H_vdW)         :        -4.36661 kcal/mol
 Gas liquid transition energy in the mix (H_glt)   :         2.93205 kcal/mol

 Compound: 2  (3-heptanol)
 Chemical potential of the compound in the mixture :         3.36513 kcal/mol
 Log10(partial pressure [mbar])                    :         2.93592
 Free energy of molecule in mix (E_COSMO+dE+Mu)    :   -220747.17247 kcal/mol
 Total mean interaction energy in the mix (H_int)  :       -10.32570 kcal/mol
 Misfit interaction energy in the mix (H_MF)       :         2.44774 kcal/mol
 H-Bond interaction energy in the mix (H_HB)       :        -4.23102 kcal/mol
 VdW interaction energy in the mix (H_vdW)         :       -20.82297 kcal/mol
 Gas liquid transition energy in the mix (H_glt)   :        12.21004 kcal/mol

 Compound: 3  (lacticacid)
 Chemical potential of the compound in the mixture :         3.59065 kcal/mol
 Log10(partial pressure [mbar])                    :        -1.67128
 Free energy of molecule in mix (E_COSMO+dE+Mu)    :   -215745.08949 kcal/mol
 Total mean interaction energy in the mix (H_int)  :        -8.51819 kcal/mol
 Misfit interaction energy in the mix (H_MF)       :         1.78396 kcal/mol
 H-Bond interaction energy in the mix (H_HB)       :        -7.44108 kcal/mol
 VdW interaction energy in the mix (H_vdW)         :       -13.38778 kcal/mol
 Gas liquid transition energy in the mix (H_glt)   :         8.25184 kcal/mol



 Compound: 1 Conformer: 1 (h2o_c0)
 Chemical potential of the molecule in the mixture :         2.88314 kcal/mol
 Log10(partial pressure [mbar])                    :         0.99138
 Free energy of molecule in mix (E_COSMO+dE+Mu)    :    -47990.37013 kcal/mol
 Total mean interaction energy in the mix          :        -5.86127 kcal/mol
 Misfit interaction energy in the mix              :         0.54812 kcal/mol
 H-Bond interaction energy in the mix              :        -4.97483 kcal/mol
 VdW interaction energy in the mix                 :        -4.36661 kcal/mol
 Gas liquid transition energy in the mix (H_glt)   :         2.93205 kcal/mol
 Normalized weight factor of molecule in compound  :         1.00000
 Normalized weight factor of molecule in gas phase :         1.00000

 Compound: 2 Conformer: 1 (3-heptanol_c0)
 Chemical potential of the molecule in the mixture :         4.65076 kcal/mol
 Log10(partial pressure [mbar])                    :         3.24000
 Free energy of molecule in mix (E_COSMO+dE+Mu)    :   -220745.83786 kcal/mol
 Total mean interaction energy in the mix          :       -10.24339 kcal/mol
 Misfit interaction energy in the mix              :         2.41195 kcal/mol
 H-Bond interaction energy in the mix              :        -3.96937 kcal/mol
 VdW interaction energy in the mix                 :       -20.89600 kcal/mol
 Gas liquid transition energy in the mix (H_glt)   :        12.21004 kcal/mol
 Normalized weight factor of molecule in compound  :         0.10117
 Normalized weight factor of molecule in gas phase :         0.17473

 Compound: 2 Conformer: 2 (3-heptanol_c1)
 Chemical potential of the molecule in the mixture :         4.74198 kcal/mol
 Log10(partial pressure [mbar])                    :         3.32943
 Free energy of molecule in mix (E_COSMO+dE+Mu)    :   -220745.77645 kcal/mol
 Total mean interaction energy in the mix          :       -10.12553 kcal/mol
 Misfit interaction energy in the mix              :         2.46862 kcal/mol
 H-Bond interaction energy in the mix              :        -3.91938 kcal/mol
 VdW interaction energy in the mix                 :       -20.88481 kcal/mol
 Gas liquid transition energy in the mix (H_glt)   :        12.21004 kcal/mol
 Normalized weight factor of molecule in compound  :         0.09104
 Normalized weight factor of molecule in gas phase :         0.19532

 Compound: 2 Conformer: 3 (3-heptanol_c2)
 Chemical potential of the molecule in the mixture :         4.82140 kcal/mol
 Log10(partial pressure [mbar])                    :         3.27568
 Free energy of molecule in mix (E_COSMO+dE+Mu)    :   -220745.69841 kcal/mol
 Total mean interaction energy in the mix          :       -10.21854 kcal/mol
 Misfit interaction energy in the mix              :         2.41617 kcal/mol
 H-Bond interaction energy in the mix              :        -3.93581 kcal/mol
 VdW interaction energy in the mix                 :       -20.90895 kcal/mol
 Gas liquid transition energy in the mix (H_glt)   :        12.21004 kcal/mol
 Normalized weight factor of molecule in compound  :         0.07963
 Normalized weight factor of molecule in gas phase :         0.17000

 Compound: 2 Conformer: 4 (3-heptanol_c3)
 Chemical potential of the molecule in the mixture :         4.43303 kcal/mol
 Log10(partial pressure [mbar])                    :         2.85446
 Free energy of molecule in mix (E_COSMO+dE+Mu)    :   -220745.99719 kcal/mol
 Total mean interaction energy in the mix          :       -10.48793 kcal/mol
 Misfit interaction energy in the mix              :         2.45408 kcal/mol
 H-Bond interaction energy in the mix              :        -4.25090 kcal/mol
 VdW interaction energy in the mix                 :       -20.90115 kcal/mol
 Gas liquid transition energy in the mix (H_glt)   :        12.21004 kcal/mol
 Normalized weight factor of molecule in compound  :         0.13299
 Normalized weight factor of molecule in gas phase :         0.10306

 Compound: 2 Conformer: 5 (3-heptanol_c4)
 Chemical potential of the molecule in the mixture :         4.27488 kcal/mol
 Log10(partial pressure [mbar])                    :         2.71123
 Free energy of molecule in mix (E_COSMO+dE+Mu)    :   -220746.26272 kcal/mol
 Total mean interaction energy in the mix          :       -10.53850 kcal/mol
 Misfit interaction energy in the mix              :         2.46432 kcal/mol
 H-Bond interaction energy in the mix              :        -4.39722 kcal/mol
 VdW interaction energy in the mix                 :       -20.81564 kcal/mol
 Gas liquid transition energy in the mix (H_glt)   :        12.21004 kcal/mol
 Normalized weight factor of molecule in compound  :         0.20978
 Normalized weight factor of molecule in gas phase :         0.10362

 Compound: 2 Conformer: 6 (3-heptanol_c5)
 Chemical potential of the molecule in the mixture :         4.37964 kcal/mol
 Log10(partial pressure [mbar])                    :         2.80861
 Free energy of molecule in mix (E_COSMO+dE+Mu)    :   -220746.01076 kcal/mol
 Total mean interaction energy in the mix          :       -10.46309 kcal/mol
 Misfit interaction energy in the mix              :         2.43919 kcal/mol
 H-Bond interaction energy in the mix              :        -4.22209 kcal/mol
 VdW interaction energy in the mix                 :       -20.89023 kcal/mol
 Gas liquid transition energy in the mix (H_glt)   :        12.21004 kcal/mol
 Normalized weight factor of molecule in compound  :         0.13612
 Normalized weight factor of molecule in gas phase :         0.09651

 Compound: 2 Conformer: 7 (3-heptanol_c6)
 Chemical potential of the molecule in the mixture :         4.39090 kcal/mol
 Log10(partial pressure [mbar])                    :         2.76792
 Free energy of molecule in mix (E_COSMO+dE+Mu)    :   -220746.10643 kcal/mol
 Total mean interaction energy in the mix          :       -10.47058 kcal/mol
 Misfit interaction energy in the mix              :         2.48578 kcal/mol
 H-Bond interaction energy in the mix              :        -4.39152 kcal/mol
 VdW interaction energy in the mix                 :       -20.77488 kcal/mol
 Gas liquid transition energy in the mix (H_glt)   :        12.21004 kcal/mol
 Normalized weight factor of molecule in compound  :         0.16042
 Normalized weight factor of molecule in gas phase :         0.08757

 Compound: 2 Conformer: 8 (3-heptanol_c7)
 Chemical potential of the molecule in the mixture :         4.53212 kcal/mol
 Log10(partial pressure [mbar])                    :         2.84035
 Free energy of molecule in mix (E_COSMO+dE+Mu)    :   -220745.76216 kcal/mol
 Total mean interaction energy in the mix          :       -10.29686 kcal/mol
 Misfit interaction energy in the mix              :         2.39112 kcal/mol
 H-Bond interaction energy in the mix              :        -4.41456 kcal/mol
 VdW interaction energy in the mix                 :       -20.48347 kcal/mol
 Gas liquid transition energy in the mix (H_glt)   :        12.21004 kcal/mol
 Normalized weight factor of molecule in compound  :         0.08884
 Normalized weight factor of molecule in gas phase :         0.06919

 Compound: 3 Conformer: 1 (lacticacid_c0)
 Chemical potential of the molecule in the mixture :         5.52811 kcal/mol
 Log10(partial pressure [mbar])                    :        -1.46753
 Free energy of molecule in mix (E_COSMO+dE+Mu)    :   -215743.15203 kcal/mol
 Total mean interaction energy in the mix          :        -7.84959 kcal/mol
 Misfit interaction energy in the mix              :         1.82108 kcal/mol
 H-Bond interaction energy in the mix              :        -4.58516 kcal/mol
 VdW interaction energy in the mix                 :       -13.33735 kcal/mol
 Gas liquid transition energy in the mix (H_glt)   :         8.25184 kcal/mol
 Normalized weight factor of molecule in compound  :         0.03594
 Normalized weight factor of molecule in gas phase :         0.00476

 Compound: 3 Conformer: 2 (lacticacid_c1)
 Chemical potential of the molecule in the mixture :         5.68374 kcal/mol
 Log10(partial pressure [mbar])                    :        -0.93448
 Free energy of molecule in mix (E_COSMO+dE+Mu)    :   -215742.81490 kcal/mol
 Total mean interaction energy in the mix          :        -7.38362 kcal/mol
 Misfit interaction energy in the mix              :         1.94289 kcal/mol
 H-Bond interaction energy in the mix              :        -4.26246 kcal/mol
 VdW interaction energy in the mix                 :       -13.31590 kcal/mol
 Gas liquid transition energy in the mix (H_glt)   :         8.25184 kcal/mol
 Normalized weight factor of molecule in compound  :         0.02015
 Normalized weight factor of molecule in gas phase :         0.00936

 Compound: 3 Conformer: 3 (lacticacid_c2)
 Chemical potential of the molecule in the mixture :         3.82940 kcal/mol
 Log10(partial pressure [mbar])                    :        -0.20623
 Free energy of molecule in mix (E_COSMO+dE+Mu)    :   -215743.77706 kcal/mol
 Total mean interaction energy in the mix          :        -8.50556 kcal/mol
 Misfit interaction energy in the mix              :         1.86286 kcal/mol
 H-Bond interaction energy in the mix              :        -5.21820 kcal/mol
 VdW interaction energy in the mix                 :       -13.40207 kcal/mol
 Gas liquid transition energy in the mix (H_glt)   :         8.25184 kcal/mol
 Normalized weight factor of molecule in compound  :         0.10509
 Normalized weight factor of molecule in gas phase :         0.94961

 Compound: 3 Conformer: 4 (lacticacid_c3)
 Chemical potential of the molecule in the mixture :         2.02481 kcal/mol
 Log10(partial pressure [mbar])                    :        -2.65894
 Free energy of molecule in mix (E_COSMO+dE+Mu)    :   -215744.16062 kcal/mol
 Total mean interaction energy in the mix          :       -10.73021 kcal/mol
 Misfit interaction energy in the mix              :         1.78652 kcal/mol
 H-Bond interaction energy in the mix              :        -7.39413 kcal/mol
 VdW interaction energy in the mix                 :       -13.37445 kcal/mol
 Gas liquid transition energy in the mix (H_glt)   :         8.25184 kcal/mol
 Normalized weight factor of molecule in compound  :         0.20301
 Normalized weight factor of molecule in gas phase :         0.02089

 Compound: 3 Conformer: 5 (lacticacid_c4)
 Chemical potential of the molecule in the mixture :         1.45320 kcal/mol
 Log10(partial pressure [mbar])                    :        -4.75230
 Free energy of molecule in mix (E_COSMO+dE+Mu)    :   -215744.64563 kcal/mol
 Total mean interaction energy in the mix          :       -11.70274 kcal/mol
 Misfit interaction energy in the mix              :         1.76417 kcal/mol
 H-Bond interaction energy in the mix              :        -8.32443 kcal/mol
 VdW interaction energy in the mix                 :       -13.39432 kcal/mol
 Gas liquid transition energy in the mix (H_glt)   :         8.25184 kcal/mol
 Normalized weight factor of molecule in compound  :         0.46677
 Normalized weight factor of molecule in gas phase :         0.00039

 Compound: 3 Conformer: 6 (lacticacid_c5)
 Chemical potential of the molecule in the mixture :         1.98153 kcal/mol
 Log10(partial pressure [mbar])                    :        -2.72288
 Free energy of molecule in mix (E_COSMO+dE+Mu)    :   -215744.05394 kcal/mol
 Total mean interaction energy in the mix          :       -10.81105 kcal/mol
 Misfit interaction energy in the mix              :         1.75963 kcal/mol
 H-Bond interaction energy in the mix              :        -7.42640 kcal/mol
 VdW interaction energy in the mix                 :       -13.39613 kcal/mol
 Gas liquid transition energy in the mix (H_glt)   :         8.25184 kcal/mol
 Normalized weight factor of molecule in compound  :         0.16904
 Normalized weight factor of molecule in gas phase :         0.01500




 Results for mixture 20 - LIQ_EX Phase 2 Iteration    9
 ----------------------
 Temperature          :    293.150 K
 Compound Nr.         :         1         2         3
 Compound             :       h2o 3-heptano lacticaci
 Mole Fraction        :    0.2804    0.7173    0.0024

 Compound: 1  (h2o)
 Chemical potential of the compound in the mixture :         3.61896 kcal/mol
 Log10(partial pressure [mbar])                    :         1.53994
 Free energy of molecule in mix (E_COSMO+dE+Mu)    :    -47989.63431 kcal/mol
 Total mean interaction energy in the mix (H_int)  :        -5.56535 kcal/mol
 Misfit interaction energy in the mix (H_MF)       :         0.90804 kcal/mol
 H-Bond interaction energy in the mix (H_HB)       :        -4.78203 kcal/mol
 VdW interaction energy in the mix (H_vdW)         :        -4.62342 kcal/mol
 Gas liquid transition energy in the mix (H_glt)   :         2.93205 kcal/mol
 Equilibrium constant Kx(1,2)                      :         3.53640
 Equilibrium concentration x_k(1,2)                :         0.77956

 Compound: 2  (3-heptanol)
 Chemical potential of the compound in the mixture :        -0.67335 kcal/mol
 Log10(partial pressure [mbar])                    :        -0.07480
 Free energy of molecule in mix (E_COSMO+dE+Mu)    :   -220751.21094 kcal/mol
 Total mean interaction energy in the mix (H_int)  :        -9.97318 kcal/mol
 Misfit interaction energy in the mix (H_MF)       :         2.18263 kcal/mol
 H-Bond interaction energy in the mix (H_HB)       :        -2.89692 kcal/mol
 VdW interaction energy in the mix (H_vdW)         :       -21.55000 kcal/mol
 Gas liquid transition energy in the mix (H_glt)   :        12.21004 kcal/mol
 Equilibrium constant Kx(1,2)                      :  9.75636209E-04
 Equilibrium concentration x_k(1,2)                :         0.00097

 Compound: 3  (lacticacid)
 Chemical potential of the compound in the mixture :         3.47909 kcal/mol
 Log10(partial pressure [mbar])                    :        -1.75445
 Free energy of molecule in mix (E_COSMO+dE+Mu)    :   -215745.20105 kcal/mol
 Total mean interaction energy in the mix (H_int)  :        -6.42568 kcal/mol
 Misfit interaction energy in the mix (H_MF)       :         2.25081 kcal/mol
 H-Bond interaction energy in the mix (H_HB)       :        -4.45172 kcal/mol
 VdW interaction energy in the mix (H_vdW)         :       -14.07874 kcal/mol
 Gas liquid transition energy in the mix (H_glt)   :         8.25184 kcal/mol
 Equilibrium constant Kx(1,2)                      :         0.82572
 Equilibrium concentration x_k(1,2)                :         0.45227



 Compound: 1 Conformer: 1 (h2o_c0)
 Chemical potential of the molecule in the mixture :         3.61896 kcal/mol
 Log10(partial pressure [mbar])                    :         1.53994
 Free energy of molecule in mix (E_COSMO+dE+Mu)    :    -47989.63431 kcal/mol
 Total mean interaction energy in the mix          :        -5.56535 kcal/mol
 Misfit interaction energy in the mix              :         0.90804 kcal/mol
 H-Bond interaction energy in the mix              :        -4.78203 kcal/mol
 VdW interaction energy in the mix                 :        -4.62342 kcal/mol
 Gas liquid transition energy in the mix (H_glt)   :         2.93205 kcal/mol
 Normalized weight factor of molecule in compound  :         1.00000
 Normalized weight factor of molecule in gas phase :         1.00000

 Compound: 2 Conformer: 1 (3-heptanol_c0)
 Chemical potential of the molecule in the mixture :         0.56703 kcal/mol
 Log10(partial pressure [mbar])                    :         0.19555
 Free energy of molecule in mix (E_COSMO+dE+Mu)    :   -220749.92159 kcal/mol
 Total mean interaction energy in the mix          :        -9.76141 kcal/mol
 Misfit interaction energy in the mix              :         2.20050 kcal/mol
 H-Bond interaction energy in the mix              :        -2.57481 kcal/mol
 VdW interaction energy in the mix                 :       -21.59714 kcal/mol
 Gas liquid transition energy in the mix (H_glt)   :        12.21004 kcal/mol
 Normalized weight factor of molecule in compound  :         0.10934
 Normalized weight factor of molecule in gas phase :         0.17473

 Compound: 2 Conformer: 2 (3-heptanol_c1)
 Chemical potential of the molecule in the mixture :         0.61730 kcal/mol
 Log10(partial pressure [mbar])                    :         0.25446
 Free energy of molecule in mix (E_COSMO+dE+Mu)    :   -220749.90112 kcal/mol
 Total mean interaction energy in the mix          :        -9.68475 kcal/mol
 Misfit interaction energy in the mix              :         2.20753 kcal/mol
 H-Bond interaction energy in the mix              :        -2.51661 kcal/mol
 VdW interaction energy in the mix                 :       -21.58571 kcal/mol
 Gas liquid transition energy in the mix (H_glt)   :        12.21004 kcal/mol
 Normalized weight factor of molecule in compound  :         0.10556
 Normalized weight factor of molecule in gas phase :         0.19532

 Compound: 2 Conformer: 3 (3-heptanol_c2)
 Chemical potential of the molecule in the mixture :         0.50938 kcal/mol
 Log10(partial pressure [mbar])                    :         0.06104
 Free energy of molecule in mix (E_COSMO+dE+Mu)    :   -220750.01043 kcal/mol
 Total mean interaction energy in the mix          :        -9.68215 kcal/mol
 Misfit interaction energy in the mix              :         2.16470 kcal/mol
 H-Bond interaction energy in the mix              :        -2.45008 kcal/mol
 VdW interaction energy in the mix                 :       -21.60681 kcal/mol
 Gas liquid transition energy in the mix (H_glt)   :        12.21004 kcal/mol
 Normalized weight factor of molecule in compound  :         0.12735
 Normalized weight factor of molecule in gas phase :         0.17000

 Compound: 2 Conformer: 4 (3-heptanol_c3)
 Chemical potential of the molecule in the mixture :         0.18569 kcal/mol
 Log10(partial pressure [mbar])                    :        -0.31197
 Free energy of molecule in mix (E_COSMO+dE+Mu)    :   -220750.24453 kcal/mol
 Total mean interaction energy in the mix          :       -10.30793 kcal/mol
 Misfit interaction energy in the mix              :         2.14758 kcal/mol
 H-Bond interaction energy in the mix              :        -3.05452 kcal/mol
 VdW interaction energy in the mix                 :       -21.61102 kcal/mol
 Gas liquid transition energy in the mix (H_glt)   :        12.21004 kcal/mol
 Normalized weight factor of molecule in compound  :         0.19034
 Normalized weight factor of molecule in gas phase :         0.10306

 Compound: 2 Conformer: 5 (3-heptanol_c4)
 Chemical potential of the molecule in the mixture :         0.61182 kcal/mol
 Log10(partial pressure [mbar])                    :        -0.01960
 Free energy of molecule in mix (E_COSMO+dE+Mu)    :   -220749.92577 kcal/mol
 Total mean interaction energy in the mix          :       -10.14271 kcal/mol
 Misfit interaction energy in the mix              :         2.25682 kcal/mol
 H-Bond interaction energy in the mix              :        -3.08885 kcal/mol
 VdW interaction energy in the mix                 :       -21.52072 kcal/mol
 Gas liquid transition energy in the mix (H_glt)   :        12.21004 kcal/mol
 Normalized weight factor of molecule in compound  :         0.11013
 Normalized weight factor of molecule in gas phase :         0.10362

 Compound: 2 Conformer: 6 (3-heptanol_c5)
 Chemical potential of the molecule in the mixture :         0.13465 kcal/mol
 Log10(partial pressure [mbar])                    :        -0.35606
 Free energy of molecule in mix (E_COSMO+dE+Mu)    :   -220750.25574 kcal/mol
 Total mean interaction energy in the mix          :       -10.37674 kcal/mol
 Misfit interaction energy in the mix              :         2.13459 kcal/mol
 H-Bond interaction energy in the mix              :        -3.11995 kcal/mol
 VdW interaction energy in the mix                 :       -21.60142 kcal/mol
 Gas liquid transition energy in the mix (H_glt)   :        12.21004 kcal/mol
 Normalized weight factor of molecule in compound  :         0.19404
 Normalized weight factor of molecule in gas phase :         0.09651

 Compound: 2 Conformer: 7 (3-heptanol_c6)
 Chemical potential of the molecule in the mixture :         0.72133 kcal/mol
 Log10(partial pressure [mbar])                    :         0.03223
 Free energy of molecule in mix (E_COSMO+dE+Mu)    :   -220749.77600 kcal/mol
 Total mean interaction energy in the mix          :       -10.03418 kcal/mol
 Misfit interaction energy in the mix              :         2.27589 kcal/mol
 H-Bond interaction energy in the mix              :        -3.03874 kcal/mol
 VdW interaction energy in the mix                 :       -21.48137 kcal/mol
 Gas liquid transition energy in the mix (H_glt)   :        12.21004 kcal/mol
 Normalized weight factor of molecule in compound  :         0.08516
 Normalized weight factor of molecule in gas phase :         0.08757

 Compound: 2 Conformer: 8 (3-heptanol_c7)
 Chemical potential of the molecule in the mixture :         0.56892 kcal/mol
 Log10(partial pressure [mbar])                    :        -0.11424
 Free energy of molecule in mix (E_COSMO+dE+Mu)    :   -220749.72536 kcal/mol
 Total mean interaction energy in the mix          :       -10.04810 kcal/mol
 Misfit interaction energy in the mix              :         2.15165 kcal/mol
 H-Bond interaction energy in the mix              :        -3.22724 kcal/mol
 VdW interaction energy in the mix                 :       -21.18255 kcal/mol
 Gas liquid transition energy in the mix (H_glt)   :        12.21004 kcal/mol
 Normalized weight factor of molecule in compound  :         0.07807
 Normalized weight factor of molecule in gas phase :         0.06919

 Compound: 3 Conformer: 1 (lacticacid_c0)
 Chemical potential of the molecule in the mixture :         5.14648 kcal/mol
 Log10(partial pressure [mbar])                    :        -1.75203
 Free energy of molecule in mix (E_COSMO+dE+Mu)    :   -215743.53366 kcal/mol
 Total mean interaction energy in the mix          :        -6.36513 kcal/mol
 Misfit interaction energy in the mix              :         2.64089 kcal/mol
 H-Bond interaction energy in the mix              :        -3.21432 kcal/mol
 VdW interaction energy in the mix                 :       -14.04353 kcal/mol
 Gas liquid transition energy in the mix (H_glt)   :         8.25184 kcal/mol
 Normalized weight factor of molecule in compound  :         0.05714
 Normalized weight factor of molecule in gas phase :         0.00476

 Compound: 3 Conformer: 2 (lacticacid_c1)
 Chemical potential of the molecule in the mixture :         5.54681 kcal/mol
 Log10(partial pressure [mbar])                    :        -1.03657
 Free energy of molecule in mix (E_COSMO+dE+Mu)    :   -215742.95184 kcal/mol
 Total mean interaction energy in the mix          :        -5.85986 kcal/mol
 Misfit interaction energy in the mix              :         2.70934 kcal/mol
 H-Bond interaction energy in the mix              :        -2.81367 kcal/mol
 VdW interaction energy in the mix                 :       -14.00737 kcal/mol
 Gas liquid transition energy in the mix (H_glt)   :         8.25184 kcal/mol
 Normalized weight factor of molecule in compound  :         0.02105
 Normalized weight factor of molecule in gas phase :         0.00936

 Compound: 3 Conformer: 3 (lacticacid_c2)
 Chemical potential of the molecule in the mixture :         2.79176 kcal/mol
 Log10(partial pressure [mbar])                    :        -0.97980
 Free energy of molecule in mix (E_COSMO+dE+Mu)    :   -215744.81470 kcal/mol
 Total mean interaction energy in the mix          :        -7.51490 kcal/mol
 Misfit interaction energy in the mix              :         2.13038 kcal/mol
 H-Bond interaction energy in the mix              :        -3.81327 kcal/mol
 VdW interaction energy in the mix                 :       -14.08386 kcal/mol
 Gas liquid transition energy in the mix (H_glt)   :         8.25184 kcal/mol
 Normalized weight factor of molecule in compound  :         0.51520
 Normalized weight factor of molecule in gas phase :         0.94961

 Compound: 3 Conformer: 4 (lacticacid_c3)
 Chemical potential of the molecule in the mixture :         2.07896 kcal/mol
 Log10(partial pressure [mbar])                    :        -2.61857
 Free energy of molecule in mix (E_COSMO+dE+Mu)    :   -215744.10648 kcal/mol
 Total mean interaction energy in the mix          :        -8.79916 kcal/mol
 Misfit interaction energy in the mix              :         2.26027 kcal/mol
 H-Bond interaction energy in the mix              :        -5.25193 kcal/mol
 VdW interaction energy in the mix                 :       -14.05934 kcal/mol
 Gas liquid transition energy in the mix (H_glt)   :         8.25184 kcal/mol
 Normalized weight factor of molecule in compound  :         0.15275
 Normalized weight factor of molecule in gas phase :         0.02089

 Compound: 3 Conformer: 5 (lacticacid_c4)
 Chemical potential of the molecule in the mixture :         2.15622 kcal/mol
 Log10(partial pressure [mbar])                    :        -4.22820
 Free energy of molecule in mix (E_COSMO+dE+Mu)    :   -215743.94261 kcal/mol
 Total mean interaction energy in the mix          :        -9.38986 kcal/mol
 Misfit interaction energy in the mix              :         2.53090 kcal/mol
 H-Bond interaction energy in the mix              :        -6.07149 kcal/mol
 VdW interaction energy in the mix                 :       -14.10111 kcal/mol
 Gas liquid transition energy in the mix (H_glt)   :         8.25184 kcal/mol
 Normalized weight factor of molecule in compound  :         0.11530
 Normalized weight factor of molecule in gas phase :         0.00039

 Compound: 3 Conformer: 6 (lacticacid_c5)
 Chemical potential of the molecule in the mixture :         1.98578 kcal/mol
 Log10(partial pressure [mbar])                    :        -2.71971
 Free energy of molecule in mix (E_COSMO+dE+Mu)    :   -215744.04969 kcal/mol
 Total mean interaction energy in the mix          :        -8.96609 kcal/mol
 Misfit interaction energy in the mix              :         2.22460 kcal/mol
 H-Bond interaction energy in the mix              :        -5.35467 kcal/mol
 VdW interaction energy in the mix                 :       -14.08786 kcal/mol
 Gas liquid transition energy in the mix (H_glt)   :         8.25184 kcal/mol
 Normalized weight factor of molecule in compound  :         0.13856
 Normalized weight factor of molecule in gas phase :         0.01500




 Results for mixture 21 - LIQ_EX Phase 1 Iteration   10
 ----------------------
 Temperature          :    293.150 K
 Compound Nr.         :         1         2         3
 Compound             :       h2o 3-heptano lacticaci
 Mole Fraction        :    0.9973    0.0007    0.0020

 Compound: 1  (h2o)
 Chemical potential of the compound in the mixture :         2.88314 kcal/mol
 Log10(partial pressure [mbar])                    :         0.99138
 Free energy of molecule in mix (E_COSMO+dE+Mu)    :    -47990.37013 kcal/mol
 Total mean interaction energy in the mix (H_int)  :        -5.86126 kcal/mol
 Misfit interaction energy in the mix (H_MF)       :         0.54812 kcal/mol
 H-Bond interaction energy in the mix (H_HB)       :        -4.97483 kcal/mol
 VdW interaction energy in the mix (H_vdW)         :        -4.36660 kcal/mol
 Gas liquid transition energy in the mix (H_glt)   :         2.93205 kcal/mol

 Compound: 2  (3-heptanol)
 Chemical potential of the compound in the mixture :         3.36526 kcal/mol
 Log10(partial pressure [mbar])                    :         2.93602
 Free energy of molecule in mix (E_COSMO+dE+Mu)    :   -220747.17233 kcal/mol
 Total mean interaction energy in the mix (H_int)  :       -10.32570 kcal/mol
 Misfit interaction energy in the mix (H_MF)       :         2.44772 kcal/mol
 H-Bond interaction energy in the mix (H_HB)       :        -4.23102 kcal/mol
 VdW interaction energy in the mix (H_vdW)         :       -20.82294 kcal/mol
 Gas liquid transition energy in the mix (H_glt)   :        12.21004 kcal/mol

 Compound: 3  (lacticacid)
 Chemical potential of the compound in the mixture :         3.59068 kcal/mol
 Log10(partial pressure [mbar])                    :        -1.67126
 Free energy of molecule in mix (E_COSMO+dE+Mu)    :   -215745.08946 kcal/mol
 Total mean interaction energy in the mix (H_int)  :        -8.51822 kcal/mol
 Misfit interaction energy in the mix (H_MF)       :         1.78394 kcal/mol
 H-Bond interaction energy in the mix (H_HB)       :        -7.44112 kcal/mol
 VdW interaction energy in the mix (H_vdW)         :       -13.38776 kcal/mol
 Gas liquid transition energy in the mix (H_glt)   :         8.25184 kcal/mol



 Compound: 1 Conformer: 1 (h2o_c0)
 Chemical potential of the molecule in the mixture :         2.88314 kcal/mol
 Log10(partial pressure [mbar])                    :         0.99138
 Free energy of molecule in mix (E_COSMO+dE+Mu)    :    -47990.37013 kcal/mol
 Total mean interaction energy in the mix          :        -5.86126 kcal/mol
 Misfit interaction energy in the mix              :         0.54812 kcal/mol
 H-Bond interaction energy in the mix              :        -4.97483 kcal/mol
 VdW interaction energy in the mix                 :        -4.36660 kcal/mol
 Gas liquid transition energy in the mix (H_glt)   :         2.93205 kcal/mol
 Normalized weight factor of molecule in compound  :         1.00000
 Normalized weight factor of molecule in gas phase :         1.00000

 Compound: 2 Conformer: 1 (3-heptanol_c0)
 Chemical potential of the molecule in the mixture :         4.65090 kcal/mol
 Log10(partial pressure [mbar])                    :         3.24010
 Free energy of molecule in mix (E_COSMO+dE+Mu)    :   -220745.83772 kcal/mol
 Total mean interaction energy in the mix          :       -10.24339 kcal/mol
 Misfit interaction energy in the mix              :         2.41193 kcal/mol
 H-Bond interaction energy in the mix              :        -3.96938 kcal/mol
 VdW interaction energy in the mix                 :       -20.89597 kcal/mol
 Gas liquid transition energy in the mix (H_glt)   :        12.21004 kcal/mol
 Normalized weight factor of molecule in compound  :         0.10117
 Normalized weight factor of molecule in gas phase :         0.17473

 Compound: 2 Conformer: 2 (3-heptanol_c1)
 Chemical potential of the molecule in the mixture :         4.74211 kcal/mol
 Log10(partial pressure [mbar])                    :         3.32954
 Free energy of molecule in mix (E_COSMO+dE+Mu)    :   -220745.77631 kcal/mol
 Total mean interaction energy in the mix          :       -10.12553 kcal/mol
 Misfit interaction energy in the mix              :         2.46860 kcal/mol
 H-Bond interaction energy in the mix              :        -3.91939 kcal/mol
 VdW interaction energy in the mix                 :       -20.88478 kcal/mol
 Gas liquid transition energy in the mix (H_glt)   :        12.21004 kcal/mol
 Normalized weight factor of molecule in compound  :         0.09104
 Normalized weight factor of molecule in gas phase :         0.19532

 Compound: 2 Conformer: 3 (3-heptanol_c2)
 Chemical potential of the molecule in the mixture :         4.82154 kcal/mol
 Log10(partial pressure [mbar])                    :         3.27579
 Free energy of molecule in mix (E_COSMO+dE+Mu)    :   -220745.69827 kcal/mol
 Total mean interaction energy in the mix          :       -10.21854 kcal/mol
 Misfit interaction energy in the mix              :         2.41615 kcal/mol
 H-Bond interaction energy in the mix              :        -3.93582 kcal/mol
 VdW interaction energy in the mix                 :       -20.90892 kcal/mol
 Gas liquid transition energy in the mix (H_glt)   :        12.21004 kcal/mol
 Normalized weight factor of molecule in compound  :         0.07963
 Normalized weight factor of molecule in gas phase :         0.17000

 Compound: 2 Conformer: 4 (3-heptanol_c3)
 Chemical potential of the molecule in the mixture :         4.43317 kcal/mol
 Log10(partial pressure [mbar])                    :         2.85456
 Free energy of molecule in mix (E_COSMO+dE+Mu)    :   -220745.99706 kcal/mol
 Total mean interaction energy in the mix          :       -10.48793 kcal/mol
 Misfit interaction energy in the mix              :         2.45406 kcal/mol
 H-Bond interaction energy in the mix              :        -4.25091 kcal/mol
 VdW interaction energy in the mix                 :       -20.90112 kcal/mol
 Gas liquid transition energy in the mix (H_glt)   :        12.21004 kcal/mol
 Normalized weight factor of molecule in compound  :         0.13299
 Normalized weight factor of molecule in gas phase :         0.10306

 Compound: 2 Conformer: 5 (3-heptanol_c4)
 Chemical potential of the molecule in the mixture :         4.27501 kcal/mol
 Log10(partial pressure [mbar])                    :         2.71133
 Free energy of molecule in mix (E_COSMO+dE+Mu)    :   -220746.26258 kcal/mol
 Total mean interaction energy in the mix          :       -10.53849 kcal/mol
 Misfit interaction energy in the mix              :         2.46430 kcal/mol
 H-Bond interaction energy in the mix              :        -4.39722 kcal/mol
 VdW interaction energy in the mix                 :       -20.81561 kcal/mol
 Gas liquid transition energy in the mix (H_glt)   :        12.21004 kcal/mol
 Normalized weight factor of molecule in compound  :         0.20979
 Normalized weight factor of molecule in gas phase :         0.10362

 Compound: 2 Conformer: 6 (3-heptanol_c5)
 Chemical potential of the molecule in the mixture :         4.37978 kcal/mol
 Log10(partial pressure [mbar])                    :         2.80871
 Free energy of molecule in mix (E_COSMO+dE+Mu)    :   -220746.01062 kcal/mol
 Total mean interaction energy in the mix          :       -10.46309 kcal/mol
 Misfit interaction energy in the mix              :         2.43917 kcal/mol
 H-Bond interaction energy in the mix              :        -4.22210 kcal/mol
 VdW interaction energy in the mix                 :       -20.89020 kcal/mol
 Gas liquid transition energy in the mix (H_glt)   :        12.21004 kcal/mol
 Normalized weight factor of molecule in compound  :         0.13612
 Normalized weight factor of molecule in gas phase :         0.09651

 Compound: 2 Conformer: 7 (3-heptanol_c6)
 Chemical potential of the molecule in the mixture :         4.39103 kcal/mol
 Log10(partial pressure [mbar])                    :         2.76802
 Free energy of molecule in mix (E_COSMO+dE+Mu)    :   -220746.10629 kcal/mol
 Total mean interaction energy in the mix          :       -10.47058 kcal/mol
 Misfit interaction energy in the mix              :         2.48576 kcal/mol
 H-Bond interaction energy in the mix              :        -4.39153 kcal/mol
 VdW interaction energy in the mix                 :       -20.77485 kcal/mol
 Gas liquid transition energy in the mix (H_glt)   :        12.21004 kcal/mol
 Normalized weight factor of molecule in compound  :         0.16042
 Normalized weight factor of molecule in gas phase :         0.08757

 Compound: 2 Conformer: 8 (3-heptanol_c7)
 Chemical potential of the molecule in the mixture :         4.53225 kcal/mol
 Log10(partial pressure [mbar])                    :         2.84045
 Free energy of molecule in mix (E_COSMO+dE+Mu)    :   -220745.76202 kcal/mol
 Total mean interaction energy in the mix          :       -10.29686 kcal/mol
 Misfit interaction energy in the mix              :         2.39110 kcal/mol
 H-Bond interaction energy in the mix              :        -4.41456 kcal/mol
 VdW interaction energy in the mix                 :       -20.48344 kcal/mol
 Gas liquid transition energy in the mix (H_glt)   :        12.21004 kcal/mol
 Normalized weight factor of molecule in compound  :         0.08884
 Normalized weight factor of molecule in gas phase :         0.06919

 Compound: 3 Conformer: 1 (lacticacid_c0)
 Chemical potential of the molecule in the mixture :         5.52815 kcal/mol
 Log10(partial pressure [mbar])                    :        -1.46750
 Free energy of molecule in mix (E_COSMO+dE+Mu)    :   -215743.15200 kcal/mol
 Total mean interaction energy in the mix          :        -7.84960 kcal/mol
 Misfit interaction energy in the mix              :         1.82106 kcal/mol
 H-Bond interaction energy in the mix              :        -4.58518 kcal/mol
 VdW interaction energy in the mix                 :       -13.33733 kcal/mol
 Gas liquid transition energy in the mix (H_glt)   :         8.25184 kcal/mol
 Normalized weight factor of molecule in compound  :         0.03594
 Normalized weight factor of molecule in gas phase :         0.00476

 Compound: 3 Conformer: 2 (lacticacid_c1)
 Chemical potential of the molecule in the mixture :         5.68378 kcal/mol
 Log10(partial pressure [mbar])                    :        -0.93445
 Free energy of molecule in mix (E_COSMO+dE+Mu)    :   -215742.81487 kcal/mol
 Total mean interaction energy in the mix          :        -7.38364 kcal/mol
 Misfit interaction energy in the mix              :         1.94288 kcal/mol
 H-Bond interaction energy in the mix              :        -4.26248 kcal/mol
 VdW interaction energy in the mix                 :       -13.31587 kcal/mol
 Gas liquid transition energy in the mix (H_glt)   :         8.25184 kcal/mol
 Normalized weight factor of molecule in compound  :         0.02015
 Normalized weight factor of molecule in gas phase :         0.00936

 Compound: 3 Conformer: 3 (lacticacid_c2)
 Chemical potential of the molecule in the mixture :         3.82945 kcal/mol
 Log10(partial pressure [mbar])                    :        -0.20619
 Free energy of molecule in mix (E_COSMO+dE+Mu)    :   -215743.77701 kcal/mol
 Total mean interaction energy in the mix          :        -8.50557 kcal/mol
 Misfit interaction energy in the mix              :         1.86285 kcal/mol
 H-Bond interaction energy in the mix              :        -5.21821 kcal/mol
 VdW interaction energy in the mix                 :       -13.40204 kcal/mol
 Gas liquid transition energy in the mix (H_glt)   :         8.25184 kcal/mol
 Normalized weight factor of molecule in compound  :         0.10509
 Normalized weight factor of molecule in gas phase :         0.94961

 Compound: 3 Conformer: 4 (lacticacid_c3)
 Chemical potential of the molecule in the mixture :         2.02484 kcal/mol
 Log10(partial pressure [mbar])                    :        -2.65891
 Free energy of molecule in mix (E_COSMO+dE+Mu)    :   -215744.16059 kcal/mol
 Total mean interaction energy in the mix          :       -10.73023 kcal/mol
 Misfit interaction energy in the mix              :         1.78651 kcal/mol
 H-Bond interaction energy in the mix              :        -7.39415 kcal/mol
 VdW interaction energy in the mix                 :       -13.37443 kcal/mol
 Gas liquid transition energy in the mix (H_glt)   :         8.25184 kcal/mol
 Normalized weight factor of molecule in compound  :         0.20301
 Normalized weight factor of molecule in gas phase :         0.02089

 Compound: 3 Conformer: 5 (lacticacid_c4)
 Chemical potential of the molecule in the mixture :         1.45322 kcal/mol
 Log10(partial pressure [mbar])                    :        -4.75229
 Free energy of molecule in mix (E_COSMO+dE+Mu)    :   -215744.64561 kcal/mol
 Total mean interaction energy in the mix          :       -11.70276 kcal/mol
 Misfit interaction energy in the mix              :         1.76415 kcal/mol
 H-Bond interaction energy in the mix              :        -8.32445 kcal/mol
 VdW interaction energy in the mix                 :       -13.39430 kcal/mol
 Gas liquid transition energy in the mix (H_glt)   :         8.25184 kcal/mol
 Normalized weight factor of molecule in compound  :         0.46677
 Normalized weight factor of molecule in gas phase :         0.00039

 Compound: 3 Conformer: 6 (lacticacid_c5)
 Chemical potential of the molecule in the mixture :         1.98156 kcal/mol
 Log10(partial pressure [mbar])                    :        -2.72285
 Free energy of molecule in mix (E_COSMO+dE+Mu)    :   -215744.05391 kcal/mol
 Total mean interaction energy in the mix          :       -10.81108 kcal/mol
 Misfit interaction energy in the mix              :         1.75962 kcal/mol
 H-Bond interaction energy in the mix              :        -7.42643 kcal/mol
 VdW interaction energy in the mix                 :       -13.39611 kcal/mol
 Gas liquid transition energy in the mix (H_glt)   :         8.25184 kcal/mol
 Normalized weight factor of molecule in compound  :         0.16904
 Normalized weight factor of molecule in gas phase :         0.01500




 Results for mixture 22 - LIQ_EX Phase 2 Iteration   10
 ----------------------
 Temperature          :    293.150 K
 Compound Nr.         :         1         2         3
 Compound             :       h2o 3-heptano lacticaci
 Mole Fraction        :    0.2813    0.7163    0.0024

 Compound: 1  (h2o)
 Chemical potential of the compound in the mixture :         3.61838 kcal/mol
 Log10(partial pressure [mbar])                    :         1.53950
 Free energy of molecule in mix (E_COSMO+dE+Mu)    :    -47989.63489 kcal/mol
 Total mean interaction energy in the mix (H_int)  :        -5.56680 kcal/mol
 Misfit interaction energy in the mix (H_MF)       :         0.90665 kcal/mol
 H-Bond interaction energy in the mix (H_HB)       :        -4.78229 kcal/mol
 VdW interaction energy in the mix (H_vdW)         :        -4.62321 kcal/mol
 Gas liquid transition energy in the mix (H_glt)   :         2.93205 kcal/mol
 Equilibrium constant Kx(1,2)                      :         3.53286
 Equilibrium concentration x_k(1,2)                :         0.77939

 Compound: 2  (3-heptanol)
 Chemical potential of the compound in the mixture :        -0.67310 kcal/mol
 Log10(partial pressure [mbar])                    :        -0.07461
 Free energy of molecule in mix (E_COSMO+dE+Mu)    :   -220751.21070 kcal/mol
 Total mean interaction energy in the mix (H_int)  :        -9.97390 kcal/mol
 Misfit interaction energy in the mix (H_MF)       :         2.18330 kcal/mol
 H-Bond interaction energy in the mix (H_HB)       :        -2.89867 kcal/mol
 VdW interaction energy in the mix (H_vdW)         :       -21.54962 kcal/mol
 Gas liquid transition energy in the mix (H_glt)   :        12.21004 kcal/mol
 Equilibrium constant Kx(1,2)                      :  9.75813251E-04
 Equilibrium concentration x_k(1,2)                :         0.00097

 Compound: 3  (lacticacid)
 Chemical potential of the compound in the mixture :         3.47811 kcal/mol
 Log10(partial pressure [mbar])                    :        -1.75518
 Free energy of molecule in mix (E_COSMO+dE+Mu)    :   -215745.20203 kcal/mol
 Total mean interaction energy in the mix (H_int)  :        -6.42819 kcal/mol
 Misfit interaction energy in the mix (H_MF)       :         2.24963 kcal/mol
 H-Bond interaction energy in the mix (H_HB)       :        -4.45404 kcal/mol
 VdW interaction energy in the mix (H_vdW)         :       -14.07836 kcal/mol
 Gas liquid transition energy in the mix (H_glt)   :         8.25184 kcal/mol
 Equilibrium constant Kx(1,2)                      :         0.82429
 Equilibrium concentration x_k(1,2)                :         0.45184



 Compound: 1 Conformer: 1 (h2o_c0)
 Chemical potential of the molecule in the mixture :         3.61838 kcal/mol
 Log10(partial pressure [mbar])                    :         1.53950
 Free energy of molecule in mix (E_COSMO+dE+Mu)    :    -47989.63489 kcal/mol
 Total mean interaction energy in the mix          :        -5.56680 kcal/mol
 Misfit interaction energy in the mix              :         0.90665 kcal/mol
 H-Bond interaction energy in the mix              :        -4.78229 kcal/mol
 VdW interaction energy in the mix                 :        -4.62321 kcal/mol
 Gas liquid transition energy in the mix (H_glt)   :         2.93205 kcal/mol
 Normalized weight factor of molecule in compound  :         1.00000
 Normalized weight factor of molecule in gas phase :         1.00000

 Compound: 2 Conformer: 1 (3-heptanol_c0)
 Chemical potential of the molecule in the mixture :         0.56719 kcal/mol
 Log10(partial pressure [mbar])                    :         0.19567
 Free energy of molecule in mix (E_COSMO+dE+Mu)    :   -220749.92143 kcal/mol
 Total mean interaction energy in the mix          :        -9.76209 kcal/mol
 Misfit interaction energy in the mix              :         2.20122 kcal/mol
 H-Bond interaction energy in the mix              :        -2.57657 kcal/mol
 VdW interaction energy in the mix                 :       -21.59678 kcal/mol
 Gas liquid transition energy in the mix (H_glt)   :        12.21004 kcal/mol
 Normalized weight factor of molecule in compound  :         0.10935
 Normalized weight factor of molecule in gas phase :         0.17473

 Compound: 2 Conformer: 2 (3-heptanol_c1)
 Chemical potential of the molecule in the mixture :         0.61751 kcal/mol
 Log10(partial pressure [mbar])                    :         0.25461
 Free energy of molecule in mix (E_COSMO+dE+Mu)    :   -220749.90092 kcal/mol
 Total mean interaction energy in the mix          :        -9.68542 kcal/mol
 Misfit interaction energy in the mix              :         2.20822 kcal/mol
 H-Bond interaction energy in the mix              :        -2.51833 kcal/mol
 VdW interaction energy in the mix                 :       -21.58535 kcal/mol
 Gas liquid transition energy in the mix (H_glt)   :        12.21004 kcal/mol
 Normalized weight factor of molecule in compound  :         0.10557
 Normalized weight factor of molecule in gas phase :         0.19532

 Compound: 2 Conformer: 3 (3-heptanol_c2)
 Chemical potential of the molecule in the mixture :         0.50984 kcal/mol
 Log10(partial pressure [mbar])                    :         0.06138
 Free energy of molecule in mix (E_COSMO+dE+Mu)    :   -220750.00997 kcal/mol
 Total mean interaction energy in the mix          :        -9.68320 kcal/mol
 Misfit interaction energy in the mix              :         2.16518 kcal/mol
 H-Bond interaction energy in the mix              :        -2.45195 kcal/mol
 VdW interaction energy in the mix                 :       -21.60647 kcal/mol
 Gas liquid transition energy in the mix (H_glt)   :        12.21004 kcal/mol
 Normalized weight factor of molecule in compound  :         0.12731
 Normalized weight factor of molecule in gas phase :         0.17000

 Compound: 2 Conformer: 4 (3-heptanol_c3)
 Chemical potential of the molecule in the mixture :         0.18622 kcal/mol
 Log10(partial pressure [mbar])                    :        -0.31157
 Free energy of molecule in mix (E_COSMO+dE+Mu)    :   -220750.24400 kcal/mol
 Total mean interaction energy in the mix          :       -10.30829 kcal/mol
 Misfit interaction energy in the mix              :         2.14821 kcal/mol
 H-Bond interaction energy in the mix              :        -3.05587 kcal/mol
 VdW interaction energy in the mix                 :       -21.61067 kcal/mol
 Gas liquid transition energy in the mix (H_glt)   :        12.21004 kcal/mol
 Normalized weight factor of molecule in compound  :         0.19025
 Normalized weight factor of molecule in gas phase :         0.10306

 Compound: 2 Conformer: 5 (3-heptanol_c4)
 Chemical potential of the molecule in the mixture :         0.61146 kcal/mol
 Log10(partial pressure [mbar])                    :        -0.01987
 Free energy of molecule in mix (E_COSMO+dE+Mu)    :   -220749.92613 kcal/mol
 Total mean interaction energy in the mix          :       -10.14390 kcal/mol
 Misfit interaction energy in the mix              :         2.25761 kcal/mol
 H-Bond interaction energy in the mix              :        -3.09122 kcal/mol
 VdW interaction energy in the mix                 :       -21.52033 kcal/mol
 Gas liquid transition energy in the mix (H_glt)   :        12.21004 kcal/mol
 Normalized weight factor of molecule in compound  :         0.11024
 Normalized weight factor of molecule in gas phase :         0.10362

 Compound: 2 Conformer: 6 (3-heptanol_c5)
 Chemical potential of the molecule in the mixture :         0.13508 kcal/mol
 Log10(partial pressure [mbar])                    :        -0.35574
 Free energy of molecule in mix (E_COSMO+dE+Mu)    :   -220750.25531 kcal/mol
 Total mean interaction energy in the mix          :       -10.37721 kcal/mol
 Misfit interaction energy in the mix              :         2.13519 kcal/mol
 H-Bond interaction energy in the mix              :        -3.12138 kcal/mol
 VdW interaction energy in the mix                 :       -21.60107 kcal/mol
 Gas liquid transition energy in the mix (H_glt)   :        12.21004 kcal/mol
 Normalized weight factor of molecule in compound  :         0.19398
 Normalized weight factor of molecule in gas phase :         0.09651

 Compound: 2 Conformer: 7 (3-heptanol_c6)
 Chemical potential of the molecule in the mixture :         0.72105 kcal/mol
 Log10(partial pressure [mbar])                    :         0.03202
 Free energy of molecule in mix (E_COSMO+dE+Mu)    :   -220749.77627 kcal/mol
 Total mean interaction energy in the mix          :       -10.03528 kcal/mol
 Misfit interaction energy in the mix              :         2.27667 kcal/mol
 H-Bond interaction energy in the mix              :        -3.04101 kcal/mol
 VdW interaction energy in the mix                 :       -21.48099 kcal/mol
 Gas liquid transition energy in the mix (H_glt)   :        12.21004 kcal/mol
 Normalized weight factor of molecule in compound  :         0.08524
 Normalized weight factor of molecule in gas phase :         0.08757

 Compound: 2 Conformer: 8 (3-heptanol_c7)
 Chemical potential of the molecule in the mixture :         0.56921 kcal/mol
 Log10(partial pressure [mbar])                    :        -0.11402
 Free energy of molecule in mix (E_COSMO+dE+Mu)    :   -220749.72506 kcal/mol
 Total mean interaction energy in the mix          :       -10.04883 kcal/mol
 Misfit interaction energy in the mix              :         2.15228 kcal/mol
 H-Bond interaction energy in the mix              :        -3.22896 kcal/mol
 VdW interaction energy in the mix                 :       -21.18219 kcal/mol
 Gas liquid transition energy in the mix (H_glt)   :        12.21004 kcal/mol
 Normalized weight factor of molecule in compound  :         0.07806
 Normalized weight factor of molecule in gas phase :         0.06919

 Compound: 3 Conformer: 1 (lacticacid_c0)
 Chemical potential of the molecule in the mixture :         5.14547 kcal/mol
 Log10(partial pressure [mbar])                    :        -1.75279
 Free energy of molecule in mix (E_COSMO+dE+Mu)    :   -215743.53467 kcal/mol
 Total mean interaction energy in the mix          :        -6.36770 kcal/mol
 Misfit interaction energy in the mix              :         2.63900 kcal/mol
 H-Bond interaction energy in the mix              :        -3.21537 kcal/mol
 VdW interaction energy in the mix                 :       -14.04317 kcal/mol
 Gas liquid transition energy in the mix (H_glt)   :         8.25184 kcal/mol
 Normalized weight factor of molecule in compound  :         0.05714
 Normalized weight factor of molecule in gas phase :         0.00476

 Compound: 3 Conformer: 2 (lacticacid_c1)
 Chemical potential of the molecule in the mixture :         5.54545 kcal/mol
 Log10(partial pressure [mbar])                    :        -1.03758
 Free energy of molecule in mix (E_COSMO+dE+Mu)    :   -215742.95319 kcal/mol
 Total mean interaction energy in the mix          :        -5.86211 kcal/mol
 Misfit interaction energy in the mix              :         2.70779 kcal/mol
 H-Bond interaction energy in the mix              :        -2.81474 kcal/mol
 VdW interaction energy in the mix                 :       -14.00700 kcal/mol
 Gas liquid transition energy in the mix (H_glt)   :         8.25184 kcal/mol
 Normalized weight factor of molecule in compound  :         0.02106
 Normalized weight factor of molecule in gas phase :         0.00936

 Compound: 3 Conformer: 3 (lacticacid_c2)
 Chemical potential of the molecule in the mixture :         2.79127 kcal/mol
 Log10(partial pressure [mbar])                    :        -0.98016
 Free energy of molecule in mix (E_COSMO+dE+Mu)    :   -215744.81519 kcal/mol
 Total mean interaction energy in the mix          :        -7.51679 kcal/mol
 Misfit interaction energy in the mix              :         2.12940 kcal/mol
 H-Bond interaction energy in the mix              :        -3.81452 kcal/mol
 VdW interaction energy in the mix                 :       -14.08351 kcal/mol
 Gas liquid transition energy in the mix (H_glt)   :         8.25184 kcal/mol
 Normalized weight factor of molecule in compound  :         0.51476
 Normalized weight factor of molecule in gas phase :         0.94961

 Compound: 3 Conformer: 4 (lacticacid_c3)
 Chemical potential of the molecule in the mixture :         2.07745 kcal/mol
 Log10(partial pressure [mbar])                    :        -2.61969
 Free energy of molecule in mix (E_COSMO+dE+Mu)    :   -215744.10798 kcal/mol
 Total mean interaction energy in the mix          :        -8.80220 kcal/mol
 Misfit interaction energy in the mix              :         2.25875 kcal/mol
 H-Bond interaction energy in the mix              :        -5.25387 kcal/mol
 VdW interaction energy in the mix                 :       -14.05892 kcal/mol
 Gas liquid transition energy in the mix (H_glt)   :         8.25184 kcal/mol
 Normalized weight factor of molecule in compound  :         0.15289
 Normalized weight factor of molecule in gas phase :         0.02089

 Compound: 3 Conformer: 5 (lacticacid_c4)
 Chemical potential of the molecule in the mixture :         2.15432 kcal/mol
 Log10(partial pressure [mbar])                    :        -4.22961
 Free energy of molecule in mix (E_COSMO+dE+Mu)    :   -215743.94451 kcal/mol
 Total mean interaction energy in the mix          :        -9.39372 kcal/mol
 Misfit interaction energy in the mix              :         2.52923 kcal/mol
 H-Bond interaction energy in the mix              :        -6.07412 kcal/mol
 VdW interaction energy in the mix                 :       -14.10067 kcal/mol
 Gas liquid transition energy in the mix (H_glt)   :         8.25184 kcal/mol
 Normalized weight factor of molecule in compound  :         0.11548
 Normalized weight factor of molecule in gas phase :         0.00039

 Compound: 3 Conformer: 6 (lacticacid_c5)
 Chemical potential of the molecule in the mixture :         1.98438 kcal/mol
 Log10(partial pressure [mbar])                    :        -2.72075
 Free energy of molecule in mix (E_COSMO+dE+Mu)    :   -215744.05108 kcal/mol
 Total mean interaction energy in the mix          :        -8.96903 kcal/mol
 Misfit interaction energy in the mix              :         2.22300 kcal/mol
 H-Bond interaction energy in the mix              :        -5.35644 kcal/mol
 VdW interaction energy in the mix                 :       -14.08743 kcal/mol
 Gas liquid transition energy in the mix (H_glt)   :         8.25184 kcal/mol
 Normalized weight factor of molecule in compound  :         0.13866
 Normalized weight factor of molecule in gas phase :         0.01500




 Results for mixture 23 - LIQ_EX Phase 1 Iteration   11
 ----------------------
 Temperature          :    293.150 K
 Compound Nr.         :         1         2         3
 Compound             :       h2o 3-heptano lacticaci
 Mole Fraction        :    0.9973    0.0007    0.0020

 Compound: 1  (h2o)
 Chemical potential of the compound in the mixture :         2.88314 kcal/mol
 Log10(partial pressure [mbar])                    :         0.99138
 Free energy of molecule in mix (E_COSMO+dE+Mu)    :    -47990.37013 kcal/mol
 Total mean interaction energy in the mix (H_int)  :        -5.86126 kcal/mol
 Misfit interaction energy in the mix (H_MF)       :         0.54812 kcal/mol
 H-Bond interaction energy in the mix (H_HB)       :        -4.97483 kcal/mol
 VdW interaction energy in the mix (H_vdW)         :        -4.36660 kcal/mol
 Gas liquid transition energy in the mix (H_glt)   :         2.93205 kcal/mol

 Compound: 2  (3-heptanol)
 Chemical potential of the compound in the mixture :         3.36535 kcal/mol
 Log10(partial pressure [mbar])                    :         2.93608
 Free energy of molecule in mix (E_COSMO+dE+Mu)    :   -220747.17225 kcal/mol
 Total mean interaction energy in the mix (H_int)  :       -10.32570 kcal/mol
 Misfit interaction energy in the mix (H_MF)       :         2.44770 kcal/mol
 H-Bond interaction energy in the mix (H_HB)       :        -4.23103 kcal/mol
 VdW interaction energy in the mix (H_vdW)         :       -20.82293 kcal/mol
 Gas liquid transition energy in the mix (H_glt)   :        12.21004 kcal/mol

 Compound: 3  (lacticacid)
 Chemical potential of the compound in the mixture :         3.59070 kcal/mol
 Log10(partial pressure [mbar])                    :        -1.67124
 Free energy of molecule in mix (E_COSMO+dE+Mu)    :   -215745.08945 kcal/mol
 Total mean interaction energy in the mix (H_int)  :        -8.51823 kcal/mol
 Misfit interaction energy in the mix (H_MF)       :         1.78393 kcal/mol
 H-Bond interaction energy in the mix (H_HB)       :        -7.44114 kcal/mol
 VdW interaction energy in the mix (H_vdW)         :       -13.38774 kcal/mol
 Gas liquid transition energy in the mix (H_glt)   :         8.25184 kcal/mol



 Compound: 1 Conformer: 1 (h2o_c0)
 Chemical potential of the molecule in the mixture :         2.88314 kcal/mol
 Log10(partial pressure [mbar])                    :         0.99138
 Free energy of molecule in mix (E_COSMO+dE+Mu)    :    -47990.37013 kcal/mol
 Total mean interaction energy in the mix          :        -5.86126 kcal/mol
 Misfit interaction energy in the mix              :         0.54812 kcal/mol
 H-Bond interaction energy in the mix              :        -4.97483 kcal/mol
 VdW interaction energy in the mix                 :        -4.36660 kcal/mol
 Gas liquid transition energy in the mix (H_glt)   :         2.93205 kcal/mol
 Normalized weight factor of molecule in compound  :         1.00000
 Normalized weight factor of molecule in gas phase :         1.00000

 Compound: 2 Conformer: 1 (3-heptanol_c0)
 Chemical potential of the molecule in the mixture :         4.65098 kcal/mol
 Log10(partial pressure [mbar])                    :         3.24017
 Free energy of molecule in mix (E_COSMO+dE+Mu)    :   -220745.83764 kcal/mol
 Total mean interaction energy in the mix          :       -10.24339 kcal/mol
 Misfit interaction energy in the mix              :         2.41192 kcal/mol
 H-Bond interaction energy in the mix              :        -3.96939 kcal/mol
 VdW interaction energy in the mix                 :       -20.89596 kcal/mol
 Gas liquid transition energy in the mix (H_glt)   :        12.21004 kcal/mol
 Normalized weight factor of molecule in compound  :         0.10117
 Normalized weight factor of molecule in gas phase :         0.17473

 Compound: 2 Conformer: 2 (3-heptanol_c1)
 Chemical potential of the molecule in the mixture :         4.74220 kcal/mol
 Log10(partial pressure [mbar])                    :         3.32960
 Free energy of molecule in mix (E_COSMO+dE+Mu)    :   -220745.77622 kcal/mol
 Total mean interaction energy in the mix          :       -10.12553 kcal/mol
 Misfit interaction energy in the mix              :         2.46859 kcal/mol
 H-Bond interaction energy in the mix              :        -3.91939 kcal/mol
 VdW interaction energy in the mix                 :       -20.88476 kcal/mol
 Gas liquid transition energy in the mix (H_glt)   :        12.21004 kcal/mol
 Normalized weight factor of molecule in compound  :         0.09104
 Normalized weight factor of molecule in gas phase :         0.19532

 Compound: 2 Conformer: 3 (3-heptanol_c2)
 Chemical potential of the molecule in the mixture :         4.82162 kcal/mol
 Log10(partial pressure [mbar])                    :         3.27585
 Free energy of molecule in mix (E_COSMO+dE+Mu)    :   -220745.69818 kcal/mol
 Total mean interaction energy in the mix          :       -10.21854 kcal/mol
 Misfit interaction energy in the mix              :         2.41614 kcal/mol
 H-Bond interaction energy in the mix              :        -3.93582 kcal/mol
 VdW interaction energy in the mix                 :       -20.90890 kcal/mol
 Gas liquid transition energy in the mix (H_glt)   :        12.21004 kcal/mol
 Normalized weight factor of molecule in compound  :         0.07963
 Normalized weight factor of molecule in gas phase :         0.17000

 Compound: 2 Conformer: 4 (3-heptanol_c3)
 Chemical potential of the molecule in the mixture :         4.43325 kcal/mol
 Log10(partial pressure [mbar])                    :         2.85462
 Free energy of molecule in mix (E_COSMO+dE+Mu)    :   -220745.99697 kcal/mol
 Total mean interaction energy in the mix          :       -10.48793 kcal/mol
 Misfit interaction energy in the mix              :         2.45405 kcal/mol
 H-Bond interaction energy in the mix              :        -4.25091 kcal/mol
 VdW interaction energy in the mix                 :       -20.90110 kcal/mol
 Gas liquid transition energy in the mix (H_glt)   :        12.21004 kcal/mol
 Normalized weight factor of molecule in compound  :         0.13299
 Normalized weight factor of molecule in gas phase :         0.10306

 Compound: 2 Conformer: 5 (3-heptanol_c4)
 Chemical potential of the molecule in the mixture :         4.27509 kcal/mol
 Log10(partial pressure [mbar])                    :         2.71140
 Free energy of molecule in mix (E_COSMO+dE+Mu)    :   -220746.26250 kcal/mol
 Total mean interaction energy in the mix          :       -10.53849 kcal/mol
 Misfit interaction energy in the mix              :         2.46428 kcal/mol
 H-Bond interaction energy in the mix              :        -4.39723 kcal/mol
 VdW interaction energy in the mix                 :       -20.81559 kcal/mol
 Gas liquid transition energy in the mix (H_glt)   :        12.21004 kcal/mol
 Normalized weight factor of molecule in compound  :         0.20979
 Normalized weight factor of molecule in gas phase :         0.10362

 Compound: 2 Conformer: 6 (3-heptanol_c5)
 Chemical potential of the molecule in the mixture :         4.37986 kcal/mol
 Log10(partial pressure [mbar])                    :         2.80878
 Free energy of molecule in mix (E_COSMO+dE+Mu)    :   -220746.01054 kcal/mol
 Total mean interaction energy in the mix          :       -10.46309 kcal/mol
 Misfit interaction energy in the mix              :         2.43916 kcal/mol
 H-Bond interaction energy in the mix              :        -4.22210 kcal/mol
 VdW interaction energy in the mix                 :       -20.89018 kcal/mol
 Gas liquid transition energy in the mix (H_glt)   :        12.21004 kcal/mol
 Normalized weight factor of molecule in compound  :         0.13612
 Normalized weight factor of molecule in gas phase :         0.09651

 Compound: 2 Conformer: 7 (3-heptanol_c6)
 Chemical potential of the molecule in the mixture :         4.39112 kcal/mol
 Log10(partial pressure [mbar])                    :         2.76808
 Free energy of molecule in mix (E_COSMO+dE+Mu)    :   -220746.10621 kcal/mol
 Total mean interaction energy in the mix          :       -10.47058 kcal/mol
 Misfit interaction energy in the mix              :         2.48575 kcal/mol
 H-Bond interaction energy in the mix              :        -4.39153 kcal/mol
 VdW interaction energy in the mix                 :       -20.77483 kcal/mol
 Gas liquid transition energy in the mix (H_glt)   :        12.21004 kcal/mol
 Normalized weight factor of molecule in compound  :         0.16042
 Normalized weight factor of molecule in gas phase :         0.08757

 Compound: 2 Conformer: 8 (3-heptanol_c7)
 Chemical potential of the molecule in the mixture :         4.53233 kcal/mol
 Log10(partial pressure [mbar])                    :         2.84051
 Free energy of molecule in mix (E_COSMO+dE+Mu)    :   -220745.76194 kcal/mol
 Total mean interaction energy in the mix          :       -10.29686 kcal/mol
 Misfit interaction energy in the mix              :         2.39109 kcal/mol
 H-Bond interaction energy in the mix              :        -4.41457 kcal/mol
 VdW interaction energy in the mix                 :       -20.48342 kcal/mol
 Gas liquid transition energy in the mix (H_glt)   :        12.21004 kcal/mol
 Normalized weight factor of molecule in compound  :         0.08884
 Normalized weight factor of molecule in gas phase :         0.06919

 Compound: 3 Conformer: 1 (lacticacid_c0)
 Chemical potential of the molecule in the mixture :         5.52817 kcal/mol
 Log10(partial pressure [mbar])                    :        -1.46748
 Free energy of molecule in mix (E_COSMO+dE+Mu)    :   -215743.15197 kcal/mol
 Total mean interaction energy in the mix          :        -7.84961 kcal/mol
 Misfit interaction energy in the mix              :         1.82105 kcal/mol
 H-Bond interaction energy in the mix              :        -4.58519 kcal/mol
 VdW interaction energy in the mix                 :       -13.33731 kcal/mol
 Gas liquid transition energy in the mix (H_glt)   :         8.25184 kcal/mol
 Normalized weight factor of molecule in compound  :         0.03594
 Normalized weight factor of molecule in gas phase :         0.00476

 Compound: 3 Conformer: 2 (lacticacid_c1)
 Chemical potential of the molecule in the mixture :         5.68380 kcal/mol
 Log10(partial pressure [mbar])                    :        -0.93444
 Free energy of molecule in mix (E_COSMO+dE+Mu)    :   -215742.81485 kcal/mol
 Total mean interaction energy in the mix          :        -7.38364 kcal/mol
 Misfit interaction energy in the mix              :         1.94287 kcal/mol
 H-Bond interaction energy in the mix              :        -4.26250 kcal/mol
 VdW interaction energy in the mix                 :       -13.31586 kcal/mol
 Gas liquid transition energy in the mix (H_glt)   :         8.25184 kcal/mol
 Normalized weight factor of molecule in compound  :         0.02015
 Normalized weight factor of molecule in gas phase :         0.00936

 Compound: 3 Conformer: 3 (lacticacid_c2)
 Chemical potential of the molecule in the mixture :         3.82948 kcal/mol
 Log10(partial pressure [mbar])                    :        -0.20617
 Free energy of molecule in mix (E_COSMO+dE+Mu)    :   -215743.77698 kcal/mol
 Total mean interaction energy in the mix          :        -8.50557 kcal/mol
 Misfit interaction energy in the mix              :         1.86284 kcal/mol
 H-Bond interaction energy in the mix              :        -5.21823 kcal/mol
 VdW interaction energy in the mix                 :       -13.40203 kcal/mol
 Gas liquid transition energy in the mix (H_glt)   :         8.25184 kcal/mol
 Normalized weight factor of molecule in compound  :         0.10509
 Normalized weight factor of molecule in gas phase :         0.94961

 Compound: 3 Conformer: 4 (lacticacid_c3)
 Chemical potential of the molecule in the mixture :         2.02486 kcal/mol
 Log10(partial pressure [mbar])                    :        -2.65890
 Free energy of molecule in mix (E_COSMO+dE+Mu)    :   -215744.16057 kcal/mol
 Total mean interaction energy in the mix          :       -10.73024 kcal/mol
 Misfit interaction energy in the mix              :         1.78650 kcal/mol
 H-Bond interaction energy in the mix              :        -7.39417 kcal/mol
 VdW interaction energy in the mix                 :       -13.37441 kcal/mol
 Gas liquid transition energy in the mix (H_glt)   :         8.25184 kcal/mol
 Normalized weight factor of molecule in compound  :         0.20301
 Normalized weight factor of molecule in gas phase :         0.02089

 Compound: 3 Conformer: 5 (lacticacid_c4)
 Chemical potential of the molecule in the mixture :         1.45323 kcal/mol
 Log10(partial pressure [mbar])                    :        -4.75228
 Free energy of molecule in mix (E_COSMO+dE+Mu)    :   -215744.64560 kcal/mol
 Total mean interaction energy in the mix          :       -11.70277 kcal/mol
 Misfit interaction energy in the mix              :         1.76414 kcal/mol
 H-Bond interaction energy in the mix              :        -8.32447 kcal/mol
 VdW interaction energy in the mix                 :       -13.39429 kcal/mol
 Gas liquid transition energy in the mix (H_glt)   :         8.25184 kcal/mol
 Normalized weight factor of molecule in compound  :         0.46677
 Normalized weight factor of molecule in gas phase :         0.00039

 Compound: 3 Conformer: 6 (lacticacid_c5)
 Chemical potential of the molecule in the mixture :         1.98158 kcal/mol
 Log10(partial pressure [mbar])                    :        -2.72284
 Free energy of molecule in mix (E_COSMO+dE+Mu)    :   -215744.05389 kcal/mol
 Total mean interaction energy in the mix          :       -10.81109 kcal/mol
 Misfit interaction energy in the mix              :         1.75961 kcal/mol
 H-Bond interaction energy in the mix              :        -7.42645 kcal/mol
 VdW interaction energy in the mix                 :       -13.39609 kcal/mol
 Gas liquid transition energy in the mix (H_glt)   :         8.25184 kcal/mol
 Normalized weight factor of molecule in compound  :         0.16904
 Normalized weight factor of molecule in gas phase :         0.01500




 Results for mixture 24 - LIQ_EX Phase 2 Iteration   11
 ----------------------
 Temperature          :    293.150 K
 Compound Nr.         :         1         2         3
 Compound             :       h2o 3-heptano lacticaci
 Mole Fraction        :    0.2819    0.7158    0.0024

 Compound: 1  (h2o)
 Chemical potential of the compound in the mixture :         3.61802 kcal/mol
 Log10(partial pressure [mbar])                    :         1.53924
 Free energy of molecule in mix (E_COSMO+dE+Mu)    :    -47989.63525 kcal/mol
 Total mean interaction energy in the mix (H_int)  :        -5.56769 kcal/mol
 Misfit interaction energy in the mix (H_MF)       :         0.90580 kcal/mol
 H-Bond interaction energy in the mix (H_HB)       :        -4.78245 kcal/mol
 VdW interaction energy in the mix (H_vdW)         :        -4.62309 kcal/mol
 Gas liquid transition energy in the mix (H_glt)   :         2.93205 kcal/mol
 Equilibrium constant Kx(1,2)                      :         3.53070
 Equilibrium concentration x_k(1,2)                :         0.77928

 Compound: 2  (3-heptanol)
 Chemical potential of the compound in the mixture :        -0.67295 kcal/mol
 Log10(partial pressure [mbar])                    :        -0.07450
 Free energy of molecule in mix (E_COSMO+dE+Mu)    :   -220751.21055 kcal/mol
 Total mean interaction energy in the mix (H_int)  :        -9.97434 kcal/mol
 Misfit interaction energy in the mix (H_MF)       :         2.18372 kcal/mol
 H-Bond interaction energy in the mix (H_HB)       :        -2.89975 kcal/mol
 VdW interaction energy in the mix (H_vdW)         :       -21.54939 kcal/mol
 Gas liquid transition energy in the mix (H_glt)   :        12.21004 kcal/mol
 Equilibrium constant Kx(1,2)                      :  9.75923422E-04
 Equilibrium concentration x_k(1,2)                :         0.00097

 Compound: 3  (lacticacid)
 Chemical potential of the compound in the mixture :         3.47751 kcal/mol
 Log10(partial pressure [mbar])                    :        -1.75563
 Free energy of molecule in mix (E_COSMO+dE+Mu)    :   -215745.20263 kcal/mol
 Total mean interaction energy in the mix (H_int)  :        -6.42973 kcal/mol
 Misfit interaction energy in the mix (H_MF)       :         2.24890 kcal/mol
 H-Bond interaction energy in the mix (H_HB)       :        -4.45546 kcal/mol
 VdW interaction energy in the mix (H_vdW)         :       -14.07812 kcal/mol
 Gas liquid transition energy in the mix (H_glt)   :         8.25184 kcal/mol
 Equilibrium constant Kx(1,2)                      :         0.82342
 Equilibrium concentration x_k(1,2)                :         0.45158



 Compound: 1 Conformer: 1 (h2o_c0)
 Chemical potential of the molecule in the mixture :         3.61802 kcal/mol
 Log10(partial pressure [mbar])                    :         1.53924
 Free energy of molecule in mix (E_COSMO+dE+Mu)    :    -47989.63525 kcal/mol
 Total mean interaction energy in the mix          :        -5.56769 kcal/mol
 Misfit interaction energy in the mix              :         0.90580 kcal/mol
 H-Bond interaction energy in the mix              :        -4.78245 kcal/mol
 VdW interaction energy in the mix                 :        -4.62309 kcal/mol
 Gas liquid transition energy in the mix (H_glt)   :         2.93205 kcal/mol
 Normalized weight factor of molecule in compound  :         1.00000
 Normalized weight factor of molecule in gas phase :         1.00000

 Compound: 2 Conformer: 1 (3-heptanol_c0)
 Chemical potential of the molecule in the mixture :         0.56729 kcal/mol
 Log10(partial pressure [mbar])                    :         0.19574
 Free energy of molecule in mix (E_COSMO+dE+Mu)    :   -220749.92133 kcal/mol
 Total mean interaction energy in the mix          :        -9.76250 kcal/mol
 Misfit interaction energy in the mix              :         2.20167 kcal/mol
 H-Bond interaction energy in the mix              :        -2.57765 kcal/mol
 VdW interaction energy in the mix                 :       -21.59656 kcal/mol
 Gas liquid transition energy in the mix (H_glt)   :        12.21004 kcal/mol
 Normalized weight factor of molecule in compound  :         0.10936
 Normalized weight factor of molecule in gas phase :         0.17473

 Compound: 2 Conformer: 2 (3-heptanol_c1)
 Chemical potential of the molecule in the mixture :         0.61763 kcal/mol
 Log10(partial pressure [mbar])                    :         0.25471
 Free energy of molecule in mix (E_COSMO+dE+Mu)    :   -220749.90079 kcal/mol
 Total mean interaction energy in the mix          :        -9.68583 kcal/mol
 Misfit interaction energy in the mix              :         2.20865 kcal/mol
 H-Bond interaction energy in the mix              :        -2.51939 kcal/mol
 VdW interaction energy in the mix                 :       -21.58513 kcal/mol
 Gas liquid transition energy in the mix (H_glt)   :        12.21004 kcal/mol
 Normalized weight factor of molecule in compound  :         0.10558
 Normalized weight factor of molecule in gas phase :         0.19532

 Compound: 2 Conformer: 3 (3-heptanol_c2)
 Chemical potential of the molecule in the mixture :         0.51012 kcal/mol
 Log10(partial pressure [mbar])                    :         0.06159
 Free energy of molecule in mix (E_COSMO+dE+Mu)    :   -220750.00969 kcal/mol
 Total mean interaction energy in the mix          :        -9.68384 kcal/mol
 Misfit interaction energy in the mix              :         2.16548 kcal/mol
 H-Bond interaction energy in the mix              :        -2.45310 kcal/mol
 VdW interaction energy in the mix                 :       -21.60626 kcal/mol
 Gas liquid transition energy in the mix (H_glt)   :        12.21004 kcal/mol
 Normalized weight factor of molecule in compound  :         0.12728
 Normalized weight factor of molecule in gas phase :         0.17000

 Compound: 2 Conformer: 4 (3-heptanol_c3)
 Chemical potential of the molecule in the mixture :         0.18655 kcal/mol
 Log10(partial pressure [mbar])                    :        -0.31133
 Free energy of molecule in mix (E_COSMO+dE+Mu)    :   -220750.24368 kcal/mol
 Total mean interaction energy in the mix          :       -10.30852 kcal/mol
 Misfit interaction energy in the mix              :         2.14859 kcal/mol
 H-Bond interaction energy in the mix              :        -3.05669 kcal/mol
 VdW interaction energy in the mix                 :       -21.61045 kcal/mol
 Gas liquid transition energy in the mix (H_glt)   :        12.21004 kcal/mol
 Normalized weight factor of molecule in compound  :         0.19019
 Normalized weight factor of molecule in gas phase :         0.10306

 Compound: 2 Conformer: 5 (3-heptanol_c4)
 Chemical potential of the molecule in the mixture :         0.61124 kcal/mol
 Log10(partial pressure [mbar])                    :        -0.02003
 Free energy of molecule in mix (E_COSMO+dE+Mu)    :   -220749.92635 kcal/mol
 Total mean interaction energy in the mix          :       -10.14463 kcal/mol
 Misfit interaction energy in the mix              :         2.25810 kcal/mol
 H-Bond interaction energy in the mix              :        -3.09267 kcal/mol
 VdW interaction energy in the mix                 :       -21.52010 kcal/mol
 Gas liquid transition energy in the mix (H_glt)   :        12.21004 kcal/mol
 Normalized weight factor of molecule in compound  :         0.11031
 Normalized weight factor of molecule in gas phase :         0.10362

 Compound: 2 Conformer: 6 (3-heptanol_c5)
 Chemical potential of the molecule in the mixture :         0.13535 kcal/mol
 Log10(partial pressure [mbar])                    :        -0.35554
 Free energy of molecule in mix (E_COSMO+dE+Mu)    :   -220750.25505 kcal/mol
 Total mean interaction energy in the mix          :       -10.37750 kcal/mol
 Misfit interaction energy in the mix              :         2.13556 kcal/mol
 H-Bond interaction energy in the mix              :        -3.12226 kcal/mol
 VdW interaction energy in the mix                 :       -21.60085 kcal/mol
 Gas liquid transition energy in the mix (H_glt)   :        12.21004 kcal/mol
 Normalized weight factor of molecule in compound  :         0.19394
 Normalized weight factor of molecule in gas phase :         0.09651

 Compound: 2 Conformer: 7 (3-heptanol_c6)
 Chemical potential of the molecule in the mixture :         0.72088 kcal/mol
 Log10(partial pressure [mbar])                    :         0.03189
 Free energy of molecule in mix (E_COSMO+dE+Mu)    :   -220749.77644 kcal/mol
 Total mean interaction energy in the mix          :       -10.03595 kcal/mol
 Misfit interaction energy in the mix              :         2.27715 kcal/mol
 H-Bond interaction energy in the mix              :        -3.04240 kcal/mol
 VdW interaction energy in the mix                 :       -21.48075 kcal/mol
 Gas liquid transition energy in the mix (H_glt)   :        12.21004 kcal/mol
 Normalized weight factor of molecule in compound  :         0.08528
 Normalized weight factor of molecule in gas phase :         0.08757

 Compound: 2 Conformer: 8 (3-heptanol_c7)
 Chemical potential of the molecule in the mixture :         0.56940 kcal/mol
 Log10(partial pressure [mbar])                    :        -0.11388
 Free energy of molecule in mix (E_COSMO+dE+Mu)    :   -220749.72488 kcal/mol
 Total mean interaction energy in the mix          :       -10.04928 kcal/mol
 Misfit interaction energy in the mix              :         2.15266 kcal/mol
 H-Bond interaction energy in the mix              :        -3.23001 kcal/mol
 VdW interaction energy in the mix                 :       -21.18198 kcal/mol
 Gas liquid transition energy in the mix (H_glt)   :        12.21004 kcal/mol
 Normalized weight factor of molecule in compound  :         0.07806
 Normalized weight factor of molecule in gas phase :         0.06919

 Compound: 3 Conformer: 1 (lacticacid_c0)
 Chemical potential of the molecule in the mixture :         5.14485 kcal/mol
 Log10(partial pressure [mbar])                    :        -1.75325
 Free energy of molecule in mix (E_COSMO+dE+Mu)    :   -215743.53529 kcal/mol
 Total mean interaction energy in the mix          :        -6.36929 kcal/mol
 Misfit interaction energy in the mix              :         2.63784 kcal/mol
 H-Bond interaction energy in the mix              :        -3.21602 kcal/mol
 VdW interaction energy in the mix                 :       -14.04295 kcal/mol
 Gas liquid transition energy in the mix (H_glt)   :         8.25184 kcal/mol
 Normalized weight factor of molecule in compound  :         0.05715
 Normalized weight factor of molecule in gas phase :         0.00476

 Compound: 3 Conformer: 2 (lacticacid_c1)
 Chemical potential of the molecule in the mixture :         5.54462 kcal/mol
 Log10(partial pressure [mbar])                    :        -1.03819
 Free energy of molecule in mix (E_COSMO+dE+Mu)    :   -215742.95402 kcal/mol
 Total mean interaction energy in the mix          :        -5.86349 kcal/mol
 Misfit interaction energy in the mix              :         2.70684 kcal/mol
 H-Bond interaction energy in the mix              :        -2.81540 kcal/mol
 VdW interaction energy in the mix                 :       -14.00677 kcal/mol
 Gas liquid transition energy in the mix (H_glt)   :         8.25184 kcal/mol
 Normalized weight factor of molecule in compound  :         0.02107
 Normalized weight factor of molecule in gas phase :         0.00936

 Compound: 3 Conformer: 3 (lacticacid_c2)
 Chemical potential of the molecule in the mixture :         2.79097 kcal/mol
 Log10(partial pressure [mbar])                    :        -0.98039
 Free energy of molecule in mix (E_COSMO+dE+Mu)    :   -215744.81549 kcal/mol
 Total mean interaction energy in the mix          :        -7.51795 kcal/mol
 Misfit interaction energy in the mix              :         2.12879 kcal/mol
 H-Bond interaction energy in the mix              :        -3.81529 kcal/mol
 VdW interaction energy in the mix                 :       -14.08329 kcal/mol
 Gas liquid transition energy in the mix (H_glt)   :         8.25184 kcal/mol
 Normalized weight factor of molecule in compound  :         0.51450
 Normalized weight factor of molecule in gas phase :         0.94961

 Compound: 3 Conformer: 4 (lacticacid_c3)
 Chemical potential of the molecule in the mixture :         2.07653 kcal/mol
 Log10(partial pressure [mbar])                    :        -2.62038
 Free energy of molecule in mix (E_COSMO+dE+Mu)    :   -215744.10890 kcal/mol
 Total mean interaction energy in the mix          :        -8.80406 kcal/mol
 Misfit interaction energy in the mix              :         2.25782 kcal/mol
 H-Bond interaction energy in the mix              :        -5.25506 kcal/mol
 VdW interaction energy in the mix                 :       -14.05866 kcal/mol
 Gas liquid transition energy in the mix (H_glt)   :         8.25184 kcal/mol
 Normalized weight factor of molecule in compound  :         0.15297
 Normalized weight factor of molecule in gas phase :         0.02089

 Compound: 3 Conformer: 5 (lacticacid_c4)
 Chemical potential of the molecule in the mixture :         2.15315 kcal/mol
 Log10(partial pressure [mbar])                    :        -4.23048
 Free energy of molecule in mix (E_COSMO+dE+Mu)    :   -215743.94568 kcal/mol
 Total mean interaction energy in the mix          :        -9.39608 kcal/mol
 Misfit interaction energy in the mix              :         2.52820 kcal/mol
 H-Bond interaction energy in the mix              :        -6.07574 kcal/mol
 VdW interaction energy in the mix                 :       -14.10039 kcal/mol
 Gas liquid transition energy in the mix (H_glt)   :         8.25184 kcal/mol
 Normalized weight factor of molecule in compound  :         0.11559
 Normalized weight factor of molecule in gas phase :         0.00039

 Compound: 3 Conformer: 6 (lacticacid_c5)
 Chemical potential of the molecule in the mixture :         1.98352 kcal/mol
 Log10(partial pressure [mbar])                    :        -2.72139
 Free energy of molecule in mix (E_COSMO+dE+Mu)    :   -215744.05194 kcal/mol
 Total mean interaction energy in the mix          :        -8.97084 kcal/mol
 Misfit interaction energy in the mix              :         2.22202 kcal/mol
 H-Bond interaction energy in the mix              :        -5.35753 kcal/mol
 VdW interaction energy in the mix                 :       -14.08717 kcal/mol
 Gas liquid transition energy in the mix (H_glt)   :         8.25184 kcal/mol
 Normalized weight factor of molecule in compound  :         0.13872
 Normalized weight factor of molecule in gas phase :         0.01500




 Results for mixture 25 - LIQ_EX Phase 1 Iteration   12
 ----------------------
 Temperature          :    293.150 K
 Compound Nr.         :         1         2         3
 Compound             :       h2o 3-heptano lacticaci
 Mole Fraction        :    0.9973    0.0007    0.0020

 Compound: 1  (h2o)
 Chemical potential of the compound in the mixture :         2.88314 kcal/mol
 Log10(partial pressure [mbar])                    :         0.99138
 Free energy of molecule in mix (E_COSMO+dE+Mu)    :    -47990.37013 kcal/mol
 Total mean interaction energy in the mix (H_int)  :        -5.86125 kcal/mol
 Misfit interaction energy in the mix (H_MF)       :         0.54812 kcal/mol
 H-Bond interaction energy in the mix (H_HB)       :        -4.97483 kcal/mol
 VdW interaction energy in the mix (H_vdW)         :        -4.36660 kcal/mol
 Gas liquid transition energy in the mix (H_glt)   :         2.93205 kcal/mol

 Compound: 2  (3-heptanol)
 Chemical potential of the compound in the mixture :         3.36540 kcal/mol
 Log10(partial pressure [mbar])                    :         2.93612
 Free energy of molecule in mix (E_COSMO+dE+Mu)    :   -220747.17220 kcal/mol
 Total mean interaction energy in the mix (H_int)  :       -10.32570 kcal/mol
 Misfit interaction energy in the mix (H_MF)       :         2.44770 kcal/mol
 H-Bond interaction energy in the mix (H_HB)       :        -4.23103 kcal/mol
 VdW interaction energy in the mix (H_vdW)         :       -20.82291 kcal/mol
 Gas liquid transition energy in the mix (H_glt)   :        12.21004 kcal/mol

 Compound: 3  (lacticacid)
 Chemical potential of the compound in the mixture :         3.59071 kcal/mol
 Log10(partial pressure [mbar])                    :        -1.67124
 Free energy of molecule in mix (E_COSMO+dE+Mu)    :   -215745.08943 kcal/mol
 Total mean interaction energy in the mix (H_int)  :        -8.51824 kcal/mol
 Misfit interaction energy in the mix (H_MF)       :         1.78393 kcal/mol
 H-Bond interaction energy in the mix (H_HB)       :        -7.44116 kcal/mol
 VdW interaction energy in the mix (H_vdW)         :       -13.38774 kcal/mol
 Gas liquid transition energy in the mix (H_glt)   :         8.25184 kcal/mol



 Compound: 1 Conformer: 1 (h2o_c0)
 Chemical potential of the molecule in the mixture :         2.88314 kcal/mol
 Log10(partial pressure [mbar])                    :         0.99138
 Free energy of molecule in mix (E_COSMO+dE+Mu)    :    -47990.37013 kcal/mol
 Total mean interaction energy in the mix          :        -5.86125 kcal/mol
 Misfit interaction energy in the mix              :         0.54812 kcal/mol
 H-Bond interaction energy in the mix              :        -4.97483 kcal/mol
 VdW interaction energy in the mix                 :        -4.36660 kcal/mol
 Gas liquid transition energy in the mix (H_glt)   :         2.93205 kcal/mol
 Normalized weight factor of molecule in compound  :         1.00000
 Normalized weight factor of molecule in gas phase :         1.00000

 Compound: 2 Conformer: 1 (3-heptanol_c0)
 Chemical potential of the molecule in the mixture :         4.65103 kcal/mol
 Log10(partial pressure [mbar])                    :         3.24020
 Free energy of molecule in mix (E_COSMO+dE+Mu)    :   -220745.83759 kcal/mol
 Total mean interaction energy in the mix          :       -10.24339 kcal/mol
 Misfit interaction energy in the mix              :         2.41191 kcal/mol
 H-Bond interaction energy in the mix              :        -3.96939 kcal/mol
 VdW interaction energy in the mix                 :       -20.89595 kcal/mol
 Gas liquid transition energy in the mix (H_glt)   :        12.21004 kcal/mol
 Normalized weight factor of molecule in compound  :         0.10117
 Normalized weight factor of molecule in gas phase :         0.17473

 Compound: 2 Conformer: 2 (3-heptanol_c1)
 Chemical potential of the molecule in the mixture :         4.74225 kcal/mol
 Log10(partial pressure [mbar])                    :         3.32964
 Free energy of molecule in mix (E_COSMO+dE+Mu)    :   -220745.77617 kcal/mol
 Total mean interaction energy in the mix          :       -10.12553 kcal/mol
 Misfit interaction energy in the mix              :         2.46858 kcal/mol
 H-Bond interaction energy in the mix              :        -3.91940 kcal/mol
 VdW interaction energy in the mix                 :       -20.88475 kcal/mol
 Gas liquid transition energy in the mix (H_glt)   :        12.21004 kcal/mol
 Normalized weight factor of molecule in compound  :         0.09104
 Normalized weight factor of molecule in gas phase :         0.19532

 Compound: 2 Conformer: 3 (3-heptanol_c2)
 Chemical potential of the molecule in the mixture :         4.82168 kcal/mol
 Log10(partial pressure [mbar])                    :         3.27589
 Free energy of molecule in mix (E_COSMO+dE+Mu)    :   -220745.69813 kcal/mol
 Total mean interaction energy in the mix          :       -10.21854 kcal/mol
 Misfit interaction energy in the mix              :         2.41613 kcal/mol
 H-Bond interaction energy in the mix              :        -3.93583 kcal/mol
 VdW interaction energy in the mix                 :       -20.90889 kcal/mol
 Gas liquid transition energy in the mix (H_glt)   :        12.21004 kcal/mol
 Normalized weight factor of molecule in compound  :         0.07963
 Normalized weight factor of molecule in gas phase :         0.17000

 Compound: 2 Conformer: 4 (3-heptanol_c3)
 Chemical potential of the molecule in the mixture :         4.43331 kcal/mol
 Log10(partial pressure [mbar])                    :         2.85466
 Free energy of molecule in mix (E_COSMO+dE+Mu)    :   -220745.99692 kcal/mol
 Total mean interaction energy in the mix          :       -10.48792 kcal/mol
 Misfit interaction energy in the mix              :         2.45404 kcal/mol
 H-Bond interaction energy in the mix              :        -4.25092 kcal/mol
 VdW interaction energy in the mix                 :       -20.90109 kcal/mol
 Gas liquid transition energy in the mix (H_glt)   :        12.21004 kcal/mol
 Normalized weight factor of molecule in compound  :         0.13299
 Normalized weight factor of molecule in gas phase :         0.10306

 Compound: 2 Conformer: 5 (3-heptanol_c4)
 Chemical potential of the molecule in the mixture :         4.27514 kcal/mol
 Log10(partial pressure [mbar])                    :         2.71143
 Free energy of molecule in mix (E_COSMO+dE+Mu)    :   -220746.26245 kcal/mol
 Total mean interaction energy in the mix          :       -10.53849 kcal/mol
 Misfit interaction energy in the mix              :         2.46428 kcal/mol
 H-Bond interaction energy in the mix              :        -4.39723 kcal/mol
 VdW interaction energy in the mix                 :       -20.81558 kcal/mol
 Gas liquid transition energy in the mix (H_glt)   :        12.21004 kcal/mol
 Normalized weight factor of molecule in compound  :         0.20979
 Normalized weight factor of molecule in gas phase :         0.10362

 Compound: 2 Conformer: 6 (3-heptanol_c5)
 Chemical potential of the molecule in the mixture :         4.37992 kcal/mol
 Log10(partial pressure [mbar])                    :         2.80882
 Free energy of molecule in mix (E_COSMO+dE+Mu)    :   -220746.01048 kcal/mol
 Total mean interaction energy in the mix          :       -10.46309 kcal/mol
 Misfit interaction energy in the mix              :         2.43915 kcal/mol
 H-Bond interaction energy in the mix              :        -4.22211 kcal/mol
 VdW interaction energy in the mix                 :       -20.89017 kcal/mol
 Gas liquid transition energy in the mix (H_glt)   :        12.21004 kcal/mol
 Normalized weight factor of molecule in compound  :         0.13612
 Normalized weight factor of molecule in gas phase :         0.09651

 Compound: 2 Conformer: 7 (3-heptanol_c6)
 Chemical potential of the molecule in the mixture :         4.39117 kcal/mol
 Log10(partial pressure [mbar])                    :         2.76812
 Free energy of molecule in mix (E_COSMO+dE+Mu)    :   -220746.10616 kcal/mol
 Total mean interaction energy in the mix          :       -10.47057 kcal/mol
 Misfit interaction energy in the mix              :         2.48574 kcal/mol
 H-Bond interaction energy in the mix              :        -4.39154 kcal/mol
 VdW interaction energy in the mix                 :       -20.77482 kcal/mol
 Gas liquid transition energy in the mix (H_glt)   :        12.21004 kcal/mol
 Normalized weight factor of molecule in compound  :         0.16042
 Normalized weight factor of molecule in gas phase :         0.08757

 Compound: 2 Conformer: 8 (3-heptanol_c7)
 Chemical potential of the molecule in the mixture :         4.53238 kcal/mol
 Log10(partial pressure [mbar])                    :         2.84055
 Free energy of molecule in mix (E_COSMO+dE+Mu)    :   -220745.76189 kcal/mol
 Total mean interaction energy in the mix          :       -10.29686 kcal/mol
 Misfit interaction energy in the mix              :         2.39108 kcal/mol
 H-Bond interaction energy in the mix              :        -4.41457 kcal/mol
 VdW interaction energy in the mix                 :       -20.48341 kcal/mol
 Gas liquid transition energy in the mix (H_glt)   :        12.21004 kcal/mol
 Normalized weight factor of molecule in compound  :         0.08884
 Normalized weight factor of molecule in gas phase :         0.06919

 Compound: 3 Conformer: 1 (lacticacid_c0)
 Chemical potential of the molecule in the mixture :         5.52818 kcal/mol
 Log10(partial pressure [mbar])                    :        -1.46747
 Free energy of molecule in mix (E_COSMO+dE+Mu)    :   -215743.15196 kcal/mol
 Total mean interaction energy in the mix          :        -7.84962 kcal/mol
 Misfit interaction energy in the mix              :         1.82104 kcal/mol
 H-Bond interaction energy in the mix              :        -4.58520 kcal/mol
 VdW interaction energy in the mix                 :       -13.33731 kcal/mol
 Gas liquid transition energy in the mix (H_glt)   :         8.25184 kcal/mol
 Normalized weight factor of molecule in compound  :         0.03594
 Normalized weight factor of molecule in gas phase :         0.00476

 Compound: 3 Conformer: 2 (lacticacid_c1)
 Chemical potential of the molecule in the mixture :         5.68382 kcal/mol
 Log10(partial pressure [mbar])                    :        -0.93442
 Free energy of molecule in mix (E_COSMO+dE+Mu)    :   -215742.81483 kcal/mol
 Total mean interaction energy in the mix          :        -7.38365 kcal/mol
 Misfit interaction energy in the mix              :         1.94286 kcal/mol
 H-Bond interaction energy in the mix              :        -4.26250 kcal/mol
 VdW interaction energy in the mix                 :       -13.31585 kcal/mol
 Gas liquid transition energy in the mix (H_glt)   :         8.25184 kcal/mol
 Normalized weight factor of molecule in compound  :         0.02015
 Normalized weight factor of molecule in gas phase :         0.00936

 Compound: 3 Conformer: 3 (lacticacid_c2)
 Chemical potential of the molecule in the mixture :         3.82950 kcal/mol
 Log10(partial pressure [mbar])                    :        -0.20616
 Free energy of molecule in mix (E_COSMO+dE+Mu)    :   -215743.77696 kcal/mol
 Total mean interaction energy in the mix          :        -8.50558 kcal/mol
 Misfit interaction energy in the mix              :         1.86284 kcal/mol
 H-Bond interaction energy in the mix              :        -5.21823 kcal/mol
 VdW interaction energy in the mix                 :       -13.40202 kcal/mol
 Gas liquid transition energy in the mix (H_glt)   :         8.25184 kcal/mol
 Normalized weight factor of molecule in compound  :         0.10508
 Normalized weight factor of molecule in gas phase :         0.94961

 Compound: 3 Conformer: 4 (lacticacid_c3)
 Chemical potential of the molecule in the mixture :         2.02487 kcal/mol
 Log10(partial pressure [mbar])                    :        -2.65889
 Free energy of molecule in mix (E_COSMO+dE+Mu)    :   -215744.16056 kcal/mol
 Total mean interaction energy in the mix          :       -10.73025 kcal/mol
 Misfit interaction energy in the mix              :         1.78649 kcal/mol
 H-Bond interaction energy in the mix              :        -7.39418 kcal/mol
 VdW interaction energy in the mix                 :       -13.37441 kcal/mol
 Gas liquid transition energy in the mix (H_glt)   :         8.25184 kcal/mol
 Normalized weight factor of molecule in compound  :         0.20301
 Normalized weight factor of molecule in gas phase :         0.02089

 Compound: 3 Conformer: 5 (lacticacid_c4)
 Chemical potential of the molecule in the mixture :         1.45324 kcal/mol
 Log10(partial pressure [mbar])                    :        -4.75227
 Free energy of molecule in mix (E_COSMO+dE+Mu)    :   -215744.64559 kcal/mol
 Total mean interaction energy in the mix          :       -11.70278 kcal/mol
 Misfit interaction energy in the mix              :         1.76414 kcal/mol
 H-Bond interaction energy in the mix              :        -8.32448 kcal/mol
 VdW interaction energy in the mix                 :       -13.39428 kcal/mol
 Gas liquid transition energy in the mix (H_glt)   :         8.25184 kcal/mol
 Normalized weight factor of molecule in compound  :         0.46678
 Normalized weight factor of molecule in gas phase :         0.00039

 Compound: 3 Conformer: 6 (lacticacid_c5)
 Chemical potential of the molecule in the mixture :         1.98159 kcal/mol
 Log10(partial pressure [mbar])                    :        -2.72283
 Free energy of molecule in mix (E_COSMO+dE+Mu)    :   -215744.05388 kcal/mol
 Total mean interaction energy in the mix          :       -10.81110 kcal/mol
 Misfit interaction energy in the mix              :         1.75960 kcal/mol
 H-Bond interaction energy in the mix              :        -7.42646 kcal/mol
 VdW interaction energy in the mix                 :       -13.39609 kcal/mol
 Gas liquid transition energy in the mix (H_glt)   :         8.25184 kcal/mol
 Normalized weight factor of molecule in compound  :         0.16904
 Normalized weight factor of molecule in gas phase :         0.01500




 Results for mixture 26 - LIQ_EX Phase 2 Iteration   12
 ----------------------
 Temperature          :    293.150 K
 Compound Nr.         :         1         2         3
 Compound             :       h2o 3-heptano lacticaci
 Mole Fraction        :    0.2822    0.7154    0.0024

 Compound: 1  (h2o)
 Chemical potential of the compound in the mixture :         3.61780 kcal/mol
 Log10(partial pressure [mbar])                    :         1.53907
 Free energy of molecule in mix (E_COSMO+dE+Mu)    :    -47989.63547 kcal/mol
 Total mean interaction energy in the mix (H_int)  :        -5.56824 kcal/mol
 Misfit interaction energy in the mix (H_MF)       :         0.90528 kcal/mol
 H-Bond interaction energy in the mix (H_HB)       :        -4.78255 kcal/mol
 VdW interaction energy in the mix (H_vdW)         :        -4.62301 kcal/mol
 Gas liquid transition energy in the mix (H_glt)   :         2.93205 kcal/mol
 Equilibrium constant Kx(1,2)                      :         3.52936
 Equilibrium concentration x_k(1,2)                :         0.77922

 Compound: 2  (3-heptanol)
 Chemical potential of the compound in the mixture :        -0.67286 kcal/mol
 Log10(partial pressure [mbar])                    :        -0.07444
 Free energy of molecule in mix (E_COSMO+dE+Mu)    :   -220751.21046 kcal/mol
 Total mean interaction energy in the mix (H_int)  :        -9.97460 kcal/mol
 Misfit interaction energy in the mix (H_MF)       :         2.18398 kcal/mol
 H-Bond interaction energy in the mix (H_HB)       :        -2.90041 kcal/mol
 VdW interaction energy in the mix (H_vdW)         :       -21.54925 kcal/mol
 Gas liquid transition energy in the mix (H_glt)   :        12.21004 kcal/mol
 Equilibrium constant Kx(1,2)                      :  9.75991681E-04
 Equilibrium concentration x_k(1,2)                :         0.00098

 Compound: 3  (lacticacid)
 Chemical potential of the compound in the mixture :         3.47714 kcal/mol
 Log10(partial pressure [mbar])                    :        -1.75590
 Free energy of molecule in mix (E_COSMO+dE+Mu)    :   -215745.20300 kcal/mol
 Total mean interaction energy in the mix (H_int)  :        -6.43068 kcal/mol
 Misfit interaction energy in the mix (H_MF)       :         2.24845 kcal/mol
 H-Bond interaction energy in the mix (H_HB)       :        -4.45633 kcal/mol
 VdW interaction energy in the mix (H_vdW)         :       -14.07798 kcal/mol
 Gas liquid transition energy in the mix (H_glt)   :         8.25184 kcal/mol
 Equilibrium constant Kx(1,2)                      :         0.82288
 Equilibrium concentration x_k(1,2)                :         0.45142



 Compound: 1 Conformer: 1 (h2o_c0)
 Chemical potential of the molecule in the mixture :         3.61780 kcal/mol
 Log10(partial pressure [mbar])                    :         1.53907
 Free energy of molecule in mix (E_COSMO+dE+Mu)    :    -47989.63547 kcal/mol
 Total mean interaction energy in the mix          :        -5.56824 kcal/mol
 Misfit interaction energy in the mix              :         0.90528 kcal/mol
 H-Bond interaction energy in the mix              :        -4.78255 kcal/mol
 VdW interaction energy in the mix                 :        -4.62301 kcal/mol
 Gas liquid transition energy in the mix (H_glt)   :         2.93205 kcal/mol
 Normalized weight factor of molecule in compound  :         1.00000
 Normalized weight factor of molecule in gas phase :         1.00000

 Compound: 2 Conformer: 1 (3-heptanol_c0)
 Chemical potential of the molecule in the mixture :         0.56735 kcal/mol
 Log10(partial pressure [mbar])                    :         0.19579
 Free energy of molecule in mix (E_COSMO+dE+Mu)    :   -220749.92127 kcal/mol
 Total mean interaction energy in the mix          :        -9.76275 kcal/mol
 Misfit interaction energy in the mix              :         2.20194 kcal/mol
 H-Bond interaction energy in the mix              :        -2.57832 kcal/mol
 VdW interaction energy in the mix                 :       -21.59642 kcal/mol
 Gas liquid transition energy in the mix (H_glt)   :        12.21004 kcal/mol
 Normalized weight factor of molecule in compound  :         0.10937
 Normalized weight factor of molecule in gas phase :         0.17473

 Compound: 2 Conformer: 2 (3-heptanol_c1)
 Chemical potential of the molecule in the mixture :         0.61771 kcal/mol
 Log10(partial pressure [mbar])                    :         0.25476
 Free energy of molecule in mix (E_COSMO+dE+Mu)    :   -220749.90071 kcal/mol
 Total mean interaction energy in the mix          :        -9.68608 kcal/mol
 Misfit interaction energy in the mix              :         2.20891 kcal/mol
 H-Bond interaction energy in the mix              :        -2.52004 kcal/mol
 VdW interaction energy in the mix                 :       -21.58500 kcal/mol
 Gas liquid transition energy in the mix (H_glt)   :        12.21004 kcal/mol
 Normalized weight factor of molecule in compound  :         0.10558
 Normalized weight factor of molecule in gas phase :         0.19532

 Compound: 2 Conformer: 3 (3-heptanol_c2)
 Chemical potential of the molecule in the mixture :         0.51029 kcal/mol
 Log10(partial pressure [mbar])                    :         0.06172
 Free energy of molecule in mix (E_COSMO+dE+Mu)    :   -220750.00951 kcal/mol
 Total mean interaction energy in the mix          :        -9.68423 kcal/mol
 Misfit interaction energy in the mix              :         2.16566 kcal/mol
 H-Bond interaction energy in the mix              :        -2.45381 kcal/mol
 VdW interaction energy in the mix                 :       -21.60613 kcal/mol
 Gas liquid transition energy in the mix (H_glt)   :        12.21004 kcal/mol
 Normalized weight factor of molecule in compound  :         0.12726
 Normalized weight factor of molecule in gas phase :         0.17000

 Compound: 2 Conformer: 4 (3-heptanol_c3)
 Chemical potential of the molecule in the mixture :         0.18675 kcal/mol
 Log10(partial pressure [mbar])                    :        -0.31118
 Free energy of molecule in mix (E_COSMO+dE+Mu)    :   -220750.24348 kcal/mol
 Total mean interaction energy in the mix          :       -10.30865 kcal/mol
 Misfit interaction energy in the mix              :         2.14882 kcal/mol
 H-Bond interaction energy in the mix              :        -3.05720 kcal/mol
 VdW interaction energy in the mix                 :       -21.61032 kcal/mol
 Gas liquid transition energy in the mix (H_glt)   :        12.21004 kcal/mol
 Normalized weight factor of molecule in compound  :         0.19016
 Normalized weight factor of molecule in gas phase :         0.10306

 Compound: 2 Conformer: 5 (3-heptanol_c4)
 Chemical potential of the molecule in the mixture :         0.61111 kcal/mol
 Log10(partial pressure [mbar])                    :        -0.02013
 Free energy of molecule in mix (E_COSMO+dE+Mu)    :   -220749.92649 kcal/mol
 Total mean interaction energy in the mix          :       -10.14508 kcal/mol
 Misfit interaction energy in the mix              :         2.25840 kcal/mol
 H-Bond interaction energy in the mix              :        -3.09356 kcal/mol
 VdW interaction energy in the mix                 :       -21.51995 kcal/mol
 Gas liquid transition energy in the mix (H_glt)   :        12.21004 kcal/mol
 Normalized weight factor of molecule in compound  :         0.11035
 Normalized weight factor of molecule in gas phase :         0.10362

 Compound: 2 Conformer: 6 (3-heptanol_c5)
 Chemical potential of the molecule in the mixture :         0.13551 kcal/mol
 Log10(partial pressure [mbar])                    :        -0.35542
 Free energy of molecule in mix (E_COSMO+dE+Mu)    :   -220750.25489 kcal/mol
 Total mean interaction energy in the mix          :       -10.37768 kcal/mol
 Misfit interaction energy in the mix              :         2.13579 kcal/mol
 H-Bond interaction energy in the mix              :        -3.12280 kcal/mol
 VdW interaction energy in the mix                 :       -21.60071 kcal/mol
 Gas liquid transition energy in the mix (H_glt)   :        12.21004 kcal/mol
 Normalized weight factor of molecule in compound  :         0.19392
 Normalized weight factor of molecule in gas phase :         0.09651

 Compound: 2 Conformer: 7 (3-heptanol_c6)
 Chemical potential of the molecule in the mixture :         0.72078 kcal/mol
 Log10(partial pressure [mbar])                    :         0.03182
 Free energy of molecule in mix (E_COSMO+dE+Mu)    :   -220749.77655 kcal/mol
 Total mean interaction energy in the mix          :       -10.03637 kcal/mol
 Misfit interaction energy in the mix              :         2.27745 kcal/mol
 H-Bond interaction energy in the mix              :        -3.04325 kcal/mol
 VdW interaction energy in the mix                 :       -21.48061 kcal/mol
 Gas liquid transition energy in the mix (H_glt)   :        12.21004 kcal/mol
 Normalized weight factor of molecule in compound  :         0.08531
 Normalized weight factor of molecule in gas phase :         0.08757

 Compound: 2 Conformer: 8 (3-heptanol_c7)
 Chemical potential of the molecule in the mixture :         0.56951 kcal/mol
 Log10(partial pressure [mbar])                    :        -0.11380
 Free energy of molecule in mix (E_COSMO+dE+Mu)    :   -220749.72477 kcal/mol
 Total mean interaction energy in the mix          :       -10.04956 kcal/mol
 Misfit interaction energy in the mix              :         2.15290 kcal/mol
 H-Bond interaction energy in the mix              :        -3.23066 kcal/mol
 VdW interaction energy in the mix                 :       -21.18184 kcal/mol
 Gas liquid transition energy in the mix (H_glt)   :        12.21004 kcal/mol
 Normalized weight factor of molecule in compound  :         0.07806
 Normalized weight factor of molecule in gas phase :         0.06919

 Compound: 3 Conformer: 1 (lacticacid_c0)
 Chemical potential of the molecule in the mixture :         5.14447 kcal/mol
 Log10(partial pressure [mbar])                    :        -1.75353
 Free energy of molecule in mix (E_COSMO+dE+Mu)    :   -215743.53567 kcal/mol
 Total mean interaction energy in the mix          :        -6.37026 kcal/mol
 Misfit interaction energy in the mix              :         2.63712 kcal/mol
 H-Bond interaction energy in the mix              :        -3.21641 kcal/mol
 VdW interaction energy in the mix                 :       -14.04281 kcal/mol
 Gas liquid transition energy in the mix (H_glt)   :         8.25184 kcal/mol
 Normalized weight factor of molecule in compound  :         0.05715
 Normalized weight factor of molecule in gas phase :         0.00476

 Compound: 3 Conformer: 2 (lacticacid_c1)
 Chemical potential of the molecule in the mixture :         5.54411 kcal/mol
 Log10(partial pressure [mbar])                    :        -1.03857
 Free energy of molecule in mix (E_COSMO+dE+Mu)    :   -215742.95453 kcal/mol
 Total mean interaction energy in the mix          :        -5.86434 kcal/mol
 Misfit interaction energy in the mix              :         2.70626 kcal/mol
 H-Bond interaction energy in the mix              :        -2.81581 kcal/mol
 VdW interaction energy in the mix                 :       -14.00663 kcal/mol
 Gas liquid transition energy in the mix (H_glt)   :         8.25184 kcal/mol
 Normalized weight factor of molecule in compound  :         0.02107
 Normalized weight factor of molecule in gas phase :         0.00936

 Compound: 3 Conformer: 3 (lacticacid_c2)
 Chemical potential of the molecule in the mixture :         2.79079 kcal/mol
 Log10(partial pressure [mbar])                    :        -0.98052
 Free energy of molecule in mix (E_COSMO+dE+Mu)    :   -215744.81567 kcal/mol
 Total mean interaction energy in the mix          :        -7.51866 kcal/mol
 Misfit interaction energy in the mix              :         2.12842 kcal/mol
 H-Bond interaction energy in the mix              :        -3.81576 kcal/mol
 VdW interaction energy in the mix                 :       -14.08316 kcal/mol
 Gas liquid transition energy in the mix (H_glt)   :         8.25184 kcal/mol
 Normalized weight factor of molecule in compound  :         0.51433
 Normalized weight factor of molecule in gas phase :         0.94961

 Compound: 3 Conformer: 4 (lacticacid_c3)
 Chemical potential of the molecule in the mixture :         2.07597 kcal/mol
 Log10(partial pressure [mbar])                    :        -2.62080
 Free energy of molecule in mix (E_COSMO+dE+Mu)    :   -215744.10946 kcal/mol
 Total mean interaction energy in the mix          :        -8.80521 kcal/mol
 Misfit interaction energy in the mix              :         2.25724 kcal/mol
 H-Bond interaction energy in the mix              :        -5.25579 kcal/mol
 VdW interaction energy in the mix                 :       -14.05850 kcal/mol
 Gas liquid transition energy in the mix (H_glt)   :         8.25184 kcal/mol
 Normalized weight factor of molecule in compound  :         0.15302
 Normalized weight factor of molecule in gas phase :         0.02089

 Compound: 3 Conformer: 5 (lacticacid_c4)
 Chemical potential of the molecule in the mixture :         2.15244 kcal/mol
 Log10(partial pressure [mbar])                    :        -4.23101
 Free energy of molecule in mix (E_COSMO+dE+Mu)    :   -215743.94639 kcal/mol
 Total mean interaction energy in the mix          :        -9.39754 kcal/mol
 Misfit interaction energy in the mix              :         2.52758 kcal/mol
 H-Bond interaction energy in the mix              :        -6.07673 kcal/mol
 VdW interaction energy in the mix                 :       -14.10022 kcal/mol
 Gas liquid transition energy in the mix (H_glt)   :         8.25184 kcal/mol
 Normalized weight factor of molecule in compound  :         0.11566
 Normalized weight factor of molecule in gas phase :         0.00039

 Compound: 3 Conformer: 6 (lacticacid_c5)
 Chemical potential of the molecule in the mixture :         1.98300 kcal/mol
 Log10(partial pressure [mbar])                    :        -2.72178
 Free energy of molecule in mix (E_COSMO+dE+Mu)    :   -215744.05247 kcal/mol
 Total mean interaction energy in the mix          :        -8.97195 kcal/mol
 Misfit interaction energy in the mix              :         2.22142 kcal/mol
 H-Bond interaction energy in the mix              :        -5.35820 kcal/mol
 VdW interaction energy in the mix                 :       -14.08701 kcal/mol
 Gas liquid transition energy in the mix (H_glt)   :         8.25184 kcal/mol
 Normalized weight factor of molecule in compound  :         0.13876
 Normalized weight factor of molecule in gas phase :         0.01500




 Results for mixture 27 - LIQ_EX Phase 1 Iteration   13
 ----------------------
 Temperature          :    293.150 K
 Compound Nr.         :         1         2         3
 Compound             :       h2o 3-heptano lacticaci
 Mole Fraction        :    0.9973    0.0007    0.0020

 Compound: 1  (h2o)
 Chemical potential of the compound in the mixture :         2.88314 kcal/mol
 Log10(partial pressure [mbar])                    :         0.99138
 Free energy of molecule in mix (E_COSMO+dE+Mu)    :    -47990.37013 kcal/mol
 Total mean interaction energy in the mix (H_int)  :        -5.86125 kcal/mol
 Misfit interaction energy in the mix (H_MF)       :         0.54812 kcal/mol
 H-Bond interaction energy in the mix (H_HB)       :        -4.97483 kcal/mol
 VdW interaction energy in the mix (H_vdW)         :        -4.36660 kcal/mol
 Gas liquid transition energy in the mix (H_glt)   :         2.93205 kcal/mol

 Compound: 2  (3-heptanol)
 Chemical potential of the compound in the mixture :         3.36543 kcal/mol
 Log10(partial pressure [mbar])                    :         2.93614
 Free energy of molecule in mix (E_COSMO+dE+Mu)    :   -220747.17217 kcal/mol
 Total mean interaction energy in the mix (H_int)  :       -10.32570 kcal/mol
 Misfit interaction energy in the mix (H_MF)       :         2.44769 kcal/mol
 H-Bond interaction energy in the mix (H_HB)       :        -4.23103 kcal/mol
 VdW interaction energy in the mix (H_vdW)         :       -20.82291 kcal/mol
 Gas liquid transition energy in the mix (H_glt)   :        12.21004 kcal/mol

 Compound: 3  (lacticacid)
 Chemical potential of the compound in the mixture :         3.59071 kcal/mol
 Log10(partial pressure [mbar])                    :        -1.67123
 Free energy of molecule in mix (E_COSMO+dE+Mu)    :   -215745.08943 kcal/mol
 Total mean interaction energy in the mix (H_int)  :        -8.51825 kcal/mol
 Misfit interaction energy in the mix (H_MF)       :         1.78392 kcal/mol
 H-Bond interaction energy in the mix (H_HB)       :        -7.44117 kcal/mol
 VdW interaction energy in the mix (H_vdW)         :       -13.38773 kcal/mol
 Gas liquid transition energy in the mix (H_glt)   :         8.25184 kcal/mol



 Compound: 1 Conformer: 1 (h2o_c0)
 Chemical potential of the molecule in the mixture :         2.88314 kcal/mol
 Log10(partial pressure [mbar])                    :         0.99138
 Free energy of molecule in mix (E_COSMO+dE+Mu)    :    -47990.37013 kcal/mol
 Total mean interaction energy in the mix          :        -5.86125 kcal/mol
 Misfit interaction energy in the mix              :         0.54812 kcal/mol
 H-Bond interaction energy in the mix              :        -4.97483 kcal/mol
 VdW interaction energy in the mix                 :        -4.36660 kcal/mol
 Gas liquid transition energy in the mix (H_glt)   :         2.93205 kcal/mol
 Normalized weight factor of molecule in compound  :         1.00000
 Normalized weight factor of molecule in gas phase :         1.00000

 Compound: 2 Conformer: 1 (3-heptanol_c0)
 Chemical potential of the molecule in the mixture :         4.65106 kcal/mol
 Log10(partial pressure [mbar])                    :         3.24023
 Free energy of molecule in mix (E_COSMO+dE+Mu)    :   -220745.83755 kcal/mol
 Total mean interaction energy in the mix          :       -10.24339 kcal/mol
 Misfit interaction energy in the mix              :         2.41190 kcal/mol
 H-Bond interaction energy in the mix              :        -3.96940 kcal/mol
 VdW interaction energy in the mix                 :       -20.89594 kcal/mol
 Gas liquid transition energy in the mix (H_glt)   :        12.21004 kcal/mol
 Normalized weight factor of molecule in compound  :         0.10117
 Normalized weight factor of molecule in gas phase :         0.17473

 Compound: 2 Conformer: 2 (3-heptanol_c1)
 Chemical potential of the molecule in the mixture :         4.74228 kcal/mol
 Log10(partial pressure [mbar])                    :         3.32966
 Free energy of molecule in mix (E_COSMO+dE+Mu)    :   -220745.77614 kcal/mol
 Total mean interaction energy in the mix          :       -10.12553 kcal/mol
 Misfit interaction energy in the mix              :         2.46857 kcal/mol
 H-Bond interaction energy in the mix              :        -3.91940 kcal/mol
 VdW interaction energy in the mix                 :       -20.88474 kcal/mol
 Gas liquid transition energy in the mix (H_glt)   :        12.21004 kcal/mol
 Normalized weight factor of molecule in compound  :         0.09104
 Normalized weight factor of molecule in gas phase :         0.19532

 Compound: 2 Conformer: 3 (3-heptanol_c2)
 Chemical potential of the molecule in the mixture :         4.82171 kcal/mol
 Log10(partial pressure [mbar])                    :         3.27591
 Free energy of molecule in mix (E_COSMO+dE+Mu)    :   -220745.69810 kcal/mol
 Total mean interaction energy in the mix          :       -10.21854 kcal/mol
 Misfit interaction energy in the mix              :         2.41613 kcal/mol
 H-Bond interaction energy in the mix              :        -3.93583 kcal/mol
 VdW interaction energy in the mix                 :       -20.90888 kcal/mol
 Gas liquid transition energy in the mix (H_glt)   :        12.21004 kcal/mol
 Normalized weight factor of molecule in compound  :         0.07963
 Normalized weight factor of molecule in gas phase :         0.17000

 Compound: 2 Conformer: 4 (3-heptanol_c3)
 Chemical potential of the molecule in the mixture :         4.43334 kcal/mol
 Log10(partial pressure [mbar])                    :         2.85468
 Free energy of molecule in mix (E_COSMO+dE+Mu)    :   -220745.99689 kcal/mol
 Total mean interaction energy in the mix          :       -10.48792 kcal/mol
 Misfit interaction energy in the mix              :         2.45404 kcal/mol
 H-Bond interaction energy in the mix              :        -4.25092 kcal/mol
 VdW interaction energy in the mix                 :       -20.90108 kcal/mol
 Gas liquid transition energy in the mix (H_glt)   :        12.21004 kcal/mol
 Normalized weight factor of molecule in compound  :         0.13299
 Normalized weight factor of molecule in gas phase :         0.10306

 Compound: 2 Conformer: 5 (3-heptanol_c4)
 Chemical potential of the molecule in the mixture :         4.27518 kcal/mol
 Log10(partial pressure [mbar])                    :         2.71146
 Free energy of molecule in mix (E_COSMO+dE+Mu)    :   -220746.26242 kcal/mol
 Total mean interaction energy in the mix          :       -10.53849 kcal/mol
 Misfit interaction energy in the mix              :         2.46427 kcal/mol
 H-Bond interaction energy in the mix              :        -4.39723 kcal/mol
 VdW interaction energy in the mix                 :       -20.81557 kcal/mol
 Gas liquid transition energy in the mix (H_glt)   :        12.21004 kcal/mol
 Normalized weight factor of molecule in compound  :         0.20979
 Normalized weight factor of molecule in gas phase :         0.10362

 Compound: 2 Conformer: 6 (3-heptanol_c5)
 Chemical potential of the molecule in the mixture :         4.37995 kcal/mol
 Log10(partial pressure [mbar])                    :         2.80884
 Free energy of molecule in mix (E_COSMO+dE+Mu)    :   -220746.01045 kcal/mol
 Total mean interaction energy in the mix          :       -10.46309 kcal/mol
 Misfit interaction energy in the mix              :         2.43914 kcal/mol
 H-Bond interaction energy in the mix              :        -4.22211 kcal/mol
 VdW interaction energy in the mix                 :       -20.89016 kcal/mol
 Gas liquid transition energy in the mix (H_glt)   :        12.21004 kcal/mol
 Normalized weight factor of molecule in compound  :         0.13612
 Normalized weight factor of molecule in gas phase :         0.09651

 Compound: 2 Conformer: 7 (3-heptanol_c6)
 Chemical potential of the molecule in the mixture :         4.39120 kcal/mol
 Log10(partial pressure [mbar])                    :         2.76814
 Free energy of molecule in mix (E_COSMO+dE+Mu)    :   -220746.10613 kcal/mol
 Total mean interaction energy in the mix          :       -10.47057 kcal/mol
 Misfit interaction energy in the mix              :         2.48574 kcal/mol
 H-Bond interaction energy in the mix              :        -4.39154 kcal/mol
 VdW interaction energy in the mix                 :       -20.77482 kcal/mol
 Gas liquid transition energy in the mix (H_glt)   :        12.21004 kcal/mol
 Normalized weight factor of molecule in compound  :         0.16042
 Normalized weight factor of molecule in gas phase :         0.08757

 Compound: 2 Conformer: 8 (3-heptanol_c7)
 Chemical potential of the molecule in the mixture :         4.53241 kcal/mol
 Log10(partial pressure [mbar])                    :         2.84057
 Free energy of molecule in mix (E_COSMO+dE+Mu)    :   -220745.76186 kcal/mol
 Total mean interaction energy in the mix          :       -10.29686 kcal/mol
 Misfit interaction energy in the mix              :         2.39108 kcal/mol
 H-Bond interaction energy in the mix              :        -4.41457 kcal/mol
 VdW interaction energy in the mix                 :       -20.48340 kcal/mol
 Gas liquid transition energy in the mix (H_glt)   :        12.21004 kcal/mol
 Normalized weight factor of molecule in compound  :         0.08884
 Normalized weight factor of molecule in gas phase :         0.06919

 Compound: 3 Conformer: 1 (lacticacid_c0)
 Chemical potential of the molecule in the mixture :         5.52819 kcal/mol
 Log10(partial pressure [mbar])                    :        -1.46747
 Free energy of molecule in mix (E_COSMO+dE+Mu)    :   -215743.15195 kcal/mol
 Total mean interaction energy in the mix          :        -7.84962 kcal/mol
 Misfit interaction energy in the mix              :         1.82104 kcal/mol
 H-Bond interaction energy in the mix              :        -4.58520 kcal/mol
 VdW interaction energy in the mix                 :       -13.33730 kcal/mol
 Gas liquid transition energy in the mix (H_glt)   :         8.25184 kcal/mol
 Normalized weight factor of molecule in compound  :         0.03594
 Normalized weight factor of molecule in gas phase :         0.00476

 Compound: 3 Conformer: 2 (lacticacid_c1)
 Chemical potential of the molecule in the mixture :         5.68382 kcal/mol
 Log10(partial pressure [mbar])                    :        -0.93442
 Free energy of molecule in mix (E_COSMO+dE+Mu)    :   -215742.81482 kcal/mol
 Total mean interaction energy in the mix          :        -7.38365 kcal/mol
 Misfit interaction energy in the mix              :         1.94286 kcal/mol
 H-Bond interaction energy in the mix              :        -4.26251 kcal/mol
 VdW interaction energy in the mix                 :       -13.31585 kcal/mol
 Gas liquid transition energy in the mix (H_glt)   :         8.25184 kcal/mol
 Normalized weight factor of molecule in compound  :         0.02015
 Normalized weight factor of molecule in gas phase :         0.00936

 Compound: 3 Conformer: 3 (lacticacid_c2)
 Chemical potential of the molecule in the mixture :         3.82951 kcal/mol
 Log10(partial pressure [mbar])                    :        -0.20615
 Free energy of molecule in mix (E_COSMO+dE+Mu)    :   -215743.77695 kcal/mol
 Total mean interaction energy in the mix          :        -8.50558 kcal/mol
 Misfit interaction energy in the mix              :         1.86283 kcal/mol
 H-Bond interaction energy in the mix              :        -5.21824 kcal/mol
 VdW interaction energy in the mix                 :       -13.40202 kcal/mol
 Gas liquid transition energy in the mix (H_glt)   :         8.25184 kcal/mol
 Normalized weight factor of molecule in compound  :         0.10508
 Normalized weight factor of molecule in gas phase :         0.94961

 Compound: 3 Conformer: 4 (lacticacid_c3)
 Chemical potential of the molecule in the mixture :         2.02488 kcal/mol
 Log10(partial pressure [mbar])                    :        -2.65889
 Free energy of molecule in mix (E_COSMO+dE+Mu)    :   -215744.16055 kcal/mol
 Total mean interaction energy in the mix          :       -10.73026 kcal/mol
 Misfit interaction energy in the mix              :         1.78649 kcal/mol
 H-Bond interaction energy in the mix              :        -7.39419 kcal/mol
 VdW interaction energy in the mix                 :       -13.37440 kcal/mol
 Gas liquid transition energy in the mix (H_glt)   :         8.25184 kcal/mol
 Normalized weight factor of molecule in compound  :         0.20301
 Normalized weight factor of molecule in gas phase :         0.02089

 Compound: 3 Conformer: 5 (lacticacid_c4)
 Chemical potential of the molecule in the mixture :         1.45325 kcal/mol
 Log10(partial pressure [mbar])                    :        -4.75227
 Free energy of molecule in mix (E_COSMO+dE+Mu)    :   -215744.64558 kcal/mol
 Total mean interaction energy in the mix          :       -11.70278 kcal/mol
 Misfit interaction energy in the mix              :         1.76413 kcal/mol
 H-Bond interaction energy in the mix              :        -8.32448 kcal/mol
 VdW interaction energy in the mix                 :       -13.39427 kcal/mol
 Gas liquid transition energy in the mix (H_glt)   :         8.25184 kcal/mol
 Normalized weight factor of molecule in compound  :         0.46678
 Normalized weight factor of molecule in gas phase :         0.00039

 Compound: 3 Conformer: 6 (lacticacid_c5)
 Chemical potential of the molecule in the mixture :         1.98160 kcal/mol
 Log10(partial pressure [mbar])                    :        -2.72282
 Free energy of molecule in mix (E_COSMO+dE+Mu)    :   -215744.05387 kcal/mol
 Total mean interaction energy in the mix          :       -10.81110 kcal/mol
 Misfit interaction energy in the mix              :         1.75960 kcal/mol
 H-Bond interaction energy in the mix              :        -7.42646 kcal/mol
 VdW interaction energy in the mix                 :       -13.39608 kcal/mol
 Gas liquid transition energy in the mix (H_glt)   :         8.25184 kcal/mol
 Normalized weight factor of molecule in compound  :         0.16904
 Normalized weight factor of molecule in gas phase :         0.01500




 Results for mixture 28 - LIQ_EX Phase 2 Iteration   13
 ----------------------
 Temperature          :    293.150 K
 Compound Nr.         :         1         2         3
 Compound             :       h2o 3-heptano lacticaci
 Mole Fraction        :    0.2824    0.7152    0.0024

 Compound: 1  (h2o)
 Chemical potential of the compound in the mixture :         3.61767 kcal/mol
 Log10(partial pressure [mbar])                    :         1.53897
 Free energy of molecule in mix (E_COSMO+dE+Mu)    :    -47989.63561 kcal/mol
 Total mean interaction energy in the mix (H_int)  :        -5.56858 kcal/mol
 Misfit interaction energy in the mix (H_MF)       :         0.90495 kcal/mol
 H-Bond interaction energy in the mix (H_HB)       :        -4.78261 kcal/mol
 VdW interaction energy in the mix (H_vdW)         :        -4.62297 kcal/mol
 Gas liquid transition energy in the mix (H_glt)   :         2.93205 kcal/mol
 Equilibrium constant Kx(1,2)                      :         3.52855
 Equilibrium concentration x_k(1,2)                :         0.77918

 Compound: 2  (3-heptanol)
 Chemical potential of the compound in the mixture :        -0.67281 kcal/mol
 Log10(partial pressure [mbar])                    :        -0.07439
 Free energy of molecule in mix (E_COSMO+dE+Mu)    :   -220751.21040 kcal/mol
 Total mean interaction energy in the mix (H_int)  :        -9.97477 kcal/mol
 Misfit interaction energy in the mix (H_MF)       :         2.18413 kcal/mol
 H-Bond interaction energy in the mix (H_HB)       :        -2.90081 kcal/mol
 VdW interaction energy in the mix (H_vdW)         :       -21.54916 kcal/mol
 Gas liquid transition energy in the mix (H_glt)   :        12.21004 kcal/mol
 Equilibrium constant Kx(1,2)                      :  9.76033861E-04
 Equilibrium concentration x_k(1,2)                :         0.00098

 Compound: 3  (lacticacid)
 Chemical potential of the compound in the mixture :         3.47691 kcal/mol
 Log10(partial pressure [mbar])                    :        -1.75607
 Free energy of molecule in mix (E_COSMO+dE+Mu)    :   -215745.20323 kcal/mol
 Total mean interaction energy in the mix (H_int)  :        -6.43126 kcal/mol
 Misfit interaction energy in the mix (H_MF)       :         2.24818 kcal/mol
 H-Bond interaction energy in the mix (H_HB)       :        -4.45687 kcal/mol
 VdW interaction energy in the mix (H_vdW)         :       -14.07789 kcal/mol
 Gas liquid transition energy in the mix (H_glt)   :         8.25184 kcal/mol
 Equilibrium constant Kx(1,2)                      :         0.82255
 Equilibrium concentration x_k(1,2)                :         0.45132



 Compound: 1 Conformer: 1 (h2o_c0)
 Chemical potential of the molecule in the mixture :         3.61767 kcal/mol
 Log10(partial pressure [mbar])                    :         1.53897
 Free energy of molecule in mix (E_COSMO+dE+Mu)    :    -47989.63561 kcal/mol
 Total mean interaction energy in the mix          :        -5.56858 kcal/mol
 Misfit interaction energy in the mix              :         0.90495 kcal/mol
 H-Bond interaction energy in the mix              :        -4.78261 kcal/mol
 VdW interaction energy in the mix                 :        -4.62297 kcal/mol
 Gas liquid transition energy in the mix (H_glt)   :         2.93205 kcal/mol
 Normalized weight factor of molecule in compound  :         1.00000
 Normalized weight factor of molecule in gas phase :         1.00000

 Compound: 2 Conformer: 1 (3-heptanol_c0)
 Chemical potential of the molecule in the mixture :         0.56739 kcal/mol
 Log10(partial pressure [mbar])                    :         0.19582
 Free energy of molecule in mix (E_COSMO+dE+Mu)    :   -220749.92123 kcal/mol
 Total mean interaction energy in the mix          :        -9.76291 kcal/mol
 Misfit interaction energy in the mix              :         2.20211 kcal/mol
 H-Bond interaction energy in the mix              :        -2.57872 kcal/mol
 VdW interaction energy in the mix                 :       -21.59634 kcal/mol
 Gas liquid transition energy in the mix (H_glt)   :        12.21004 kcal/mol
 Normalized weight factor of molecule in compound  :         0.10937
 Normalized weight factor of molecule in gas phase :         0.17473

 Compound: 2 Conformer: 2 (3-heptanol_c1)
 Chemical potential of the molecule in the mixture :         0.61776 kcal/mol
 Log10(partial pressure [mbar])                    :         0.25480
 Free energy of molecule in mix (E_COSMO+dE+Mu)    :   -220749.90066 kcal/mol
 Total mean interaction energy in the mix          :        -9.68623 kcal/mol
 Misfit interaction energy in the mix              :         2.20908 kcal/mol
 H-Bond interaction energy in the mix              :        -2.52044 kcal/mol
 VdW interaction energy in the mix                 :       -21.58491 kcal/mol
 Gas liquid transition energy in the mix (H_glt)   :        12.21004 kcal/mol
 Normalized weight factor of molecule in compound  :         0.10558
 Normalized weight factor of molecule in gas phase :         0.19532

 Compound: 2 Conformer: 3 (3-heptanol_c2)
 Chemical potential of the molecule in the mixture :         0.51040 kcal/mol
 Log10(partial pressure [mbar])                    :         0.06180
 Free energy of molecule in mix (E_COSMO+dE+Mu)    :   -220750.00941 kcal/mol
 Total mean interaction energy in the mix          :        -9.68448 kcal/mol
 Misfit interaction energy in the mix              :         2.16578 kcal/mol
 H-Bond interaction energy in the mix              :        -2.45424 kcal/mol
 VdW interaction energy in the mix                 :       -21.60605 kcal/mol
 Gas liquid transition energy in the mix (H_glt)   :        12.21004 kcal/mol
 Normalized weight factor of molecule in compound  :         0.12725
 Normalized weight factor of molecule in gas phase :         0.17000

 Compound: 2 Conformer: 4 (3-heptanol_c3)
 Chemical potential of the molecule in the mixture :         0.18687 kcal/mol
 Log10(partial pressure [mbar])                    :        -0.31109
 Free energy of molecule in mix (E_COSMO+dE+Mu)    :   -220750.24336 kcal/mol
 Total mean interaction energy in the mix          :       -10.30874 kcal/mol
 Misfit interaction energy in the mix              :         2.14897 kcal/mol
 H-Bond interaction energy in the mix              :        -3.05751 kcal/mol
 VdW interaction energy in the mix                 :       -21.61024 kcal/mol
 Gas liquid transition energy in the mix (H_glt)   :        12.21004 kcal/mol
 Normalized weight factor of molecule in compound  :         0.19013
 Normalized weight factor of molecule in gas phase :         0.10306

 Compound: 2 Conformer: 5 (3-heptanol_c4)
 Chemical potential of the molecule in the mixture :         0.61103 kcal/mol
 Log10(partial pressure [mbar])                    :        -0.02019
 Free energy of molecule in mix (E_COSMO+dE+Mu)    :   -220749.92657 kcal/mol
 Total mean interaction energy in the mix          :       -10.14535 kcal/mol
 Misfit interaction energy in the mix              :         2.25858 kcal/mol
 H-Bond interaction energy in the mix              :        -3.09411 kcal/mol
 VdW interaction energy in the mix                 :       -21.51987 kcal/mol
 Gas liquid transition energy in the mix (H_glt)   :        12.21004 kcal/mol
 Normalized weight factor of molecule in compound  :         0.11038
 Normalized weight factor of molecule in gas phase :         0.10362

 Compound: 2 Conformer: 6 (3-heptanol_c5)
 Chemical potential of the molecule in the mixture :         0.13561 kcal/mol
 Log10(partial pressure [mbar])                    :        -0.35534
 Free energy of molecule in mix (E_COSMO+dE+Mu)    :   -220750.25479 kcal/mol
 Total mean interaction energy in the mix          :       -10.37779 kcal/mol
 Misfit interaction energy in the mix              :         2.13593 kcal/mol
 H-Bond interaction energy in the mix              :        -3.12313 kcal/mol
 VdW interaction energy in the mix                 :       -21.60063 kcal/mol
 Gas liquid transition energy in the mix (H_glt)   :        12.21004 kcal/mol
 Normalized weight factor of molecule in compound  :         0.19390
 Normalized weight factor of molecule in gas phase :         0.09651

 Compound: 2 Conformer: 7 (3-heptanol_c6)
 Chemical potential of the molecule in the mixture :         0.72071 kcal/mol
 Log10(partial pressure [mbar])                    :         0.03177
 Free energy of molecule in mix (E_COSMO+dE+Mu)    :   -220749.77661 kcal/mol
 Total mean interaction energy in the mix          :       -10.03662 kcal/mol
 Misfit interaction energy in the mix              :         2.27763 kcal/mol
 H-Bond interaction energy in the mix              :        -3.04377 kcal/mol
 VdW interaction energy in the mix                 :       -21.48052 kcal/mol
 Gas liquid transition energy in the mix (H_glt)   :        12.21004 kcal/mol
 Normalized weight factor of molecule in compound  :         0.08533
 Normalized weight factor of molecule in gas phase :         0.08757

 Compound: 2 Conformer: 8 (3-heptanol_c7)
 Chemical potential of the molecule in the mixture :         0.56958 kcal/mol
 Log10(partial pressure [mbar])                    :        -0.11375
 Free energy of molecule in mix (E_COSMO+dE+Mu)    :   -220749.72470 kcal/mol
 Total mean interaction energy in the mix          :       -10.04973 kcal/mol
 Misfit interaction energy in the mix              :         2.15305 kcal/mol
 H-Bond interaction energy in the mix              :        -3.23106 kcal/mol
 VdW interaction energy in the mix                 :       -21.18176 kcal/mol
 Gas liquid transition energy in the mix (H_glt)   :        12.21004 kcal/mol
 Normalized weight factor of molecule in compound  :         0.07805
 Normalized weight factor of molecule in gas phase :         0.06919

 Compound: 3 Conformer: 1 (lacticacid_c0)
 Chemical potential of the molecule in the mixture :         5.14424 kcal/mol
 Log10(partial pressure [mbar])                    :        -1.75371
 Free energy of molecule in mix (E_COSMO+dE+Mu)    :   -215743.53590 kcal/mol
 Total mean interaction energy in the mix          :        -6.37086 kcal/mol
 Misfit interaction energy in the mix              :         2.63668 kcal/mol
 H-Bond interaction energy in the mix              :        -3.21666 kcal/mol
 VdW interaction energy in the mix                 :       -14.04273 kcal/mol
 Gas liquid transition energy in the mix (H_glt)   :         8.25184 kcal/mol
 Normalized weight factor of molecule in compound  :         0.05715
 Normalized weight factor of molecule in gas phase :         0.00476

 Compound: 3 Conformer: 2 (lacticacid_c1)
 Chemical potential of the molecule in the mixture :         5.54380 kcal/mol
 Log10(partial pressure [mbar])                    :        -1.03881
 Free energy of molecule in mix (E_COSMO+dE+Mu)    :   -215742.95485 kcal/mol
 Total mean interaction energy in the mix          :        -5.86486 kcal/mol
 Misfit interaction energy in the mix              :         2.70591 kcal/mol
 H-Bond interaction energy in the mix              :        -2.81606 kcal/mol
 VdW interaction energy in the mix                 :       -14.00654 kcal/mol
 Gas liquid transition energy in the mix (H_glt)   :         8.25184 kcal/mol
 Normalized weight factor of molecule in compound  :         0.02108
 Normalized weight factor of molecule in gas phase :         0.00936

 Compound: 3 Conformer: 3 (lacticacid_c2)
 Chemical potential of the molecule in the mixture :         2.79068 kcal/mol
 Log10(partial pressure [mbar])                    :        -0.98061
 Free energy of molecule in mix (E_COSMO+dE+Mu)    :   -215744.81579 kcal/mol
 Total mean interaction energy in the mix          :        -7.51910 kcal/mol
 Misfit interaction energy in the mix              :         2.12819 kcal/mol
 H-Bond interaction energy in the mix              :        -3.81605 kcal/mol
 VdW interaction energy in the mix                 :       -14.08308 kcal/mol
 Gas liquid transition energy in the mix (H_glt)   :         8.25184 kcal/mol
 Normalized weight factor of molecule in compound  :         0.51423
 Normalized weight factor of molecule in gas phase :         0.94961

 Compound: 3 Conformer: 4 (lacticacid_c3)
 Chemical potential of the molecule in the mixture :         2.07562 kcal/mol
 Log10(partial pressure [mbar])                    :        -2.62106
 Free energy of molecule in mix (E_COSMO+dE+Mu)    :   -215744.10981 kcal/mol
 Total mean interaction energy in the mix          :        -8.80591 kcal/mol
 Misfit interaction energy in the mix              :         2.25689 kcal/mol
 H-Bond interaction energy in the mix              :        -5.25624 kcal/mol
 VdW interaction energy in the mix                 :       -14.05841 kcal/mol
 Gas liquid transition energy in the mix (H_glt)   :         8.25184 kcal/mol
 Normalized weight factor of molecule in compound  :         0.15306
 Normalized weight factor of molecule in gas phase :         0.02089

 Compound: 3 Conformer: 5 (lacticacid_c4)
 Chemical potential of the molecule in the mixture :         2.15200 kcal/mol
 Log10(partial pressure [mbar])                    :        -4.23134
 Free energy of molecule in mix (E_COSMO+dE+Mu)    :   -215743.94683 kcal/mol
 Total mean interaction energy in the mix          :        -9.39843 kcal/mol
 Misfit interaction energy in the mix              :         2.52719 kcal/mol
 H-Bond interaction energy in the mix              :        -6.07734 kcal/mol
 VdW interaction energy in the mix                 :       -14.10012 kcal/mol
 Gas liquid transition energy in the mix (H_glt)   :         8.25184 kcal/mol
 Normalized weight factor of molecule in compound  :         0.11570
 Normalized weight factor of molecule in gas phase :         0.00039

 Compound: 3 Conformer: 6 (lacticacid_c5)
 Chemical potential of the molecule in the mixture :         1.98267 kcal/mol
 Log10(partial pressure [mbar])                    :        -2.72202
 Free energy of molecule in mix (E_COSMO+dE+Mu)    :   -215744.05279 kcal/mol
 Total mean interaction energy in the mix          :        -8.97263 kcal/mol
 Misfit interaction energy in the mix              :         2.22105 kcal/mol
 H-Bond interaction energy in the mix              :        -5.35861 kcal/mol
 VdW interaction energy in the mix                 :       -14.08691 kcal/mol
 Gas liquid transition energy in the mix (H_glt)   :         8.25184 kcal/mol
 Normalized weight factor of molecule in compound  :         0.13878
 Normalized weight factor of molecule in gas phase :         0.01500




 Results for mixture 29 - LIQ_EX Phase 1 Iteration   14
 ----------------------
 Temperature          :    293.150 K
 Compound Nr.         :         1         2         3
 Compound             :       h2o 3-heptano lacticaci
 Mole Fraction        :    0.9973    0.0007    0.0020

 Compound: 1  (h2o)
 Chemical potential of the compound in the mixture :         2.88314 kcal/mol
 Log10(partial pressure [mbar])                    :         0.99138
 Free energy of molecule in mix (E_COSMO+dE+Mu)    :    -47990.37013 kcal/mol
 Total mean interaction energy in the mix (H_int)  :        -5.86125 kcal/mol
 Misfit interaction energy in the mix (H_MF)       :         0.54812 kcal/mol
 H-Bond interaction energy in the mix (H_HB)       :        -4.97483 kcal/mol
 VdW interaction energy in the mix (H_vdW)         :        -4.36659 kcal/mol
 Gas liquid transition energy in the mix (H_glt)   :         2.93205 kcal/mol

 Compound: 2  (3-heptanol)
 Chemical potential of the compound in the mixture :         3.36545 kcal/mol
 Log10(partial pressure [mbar])                    :         2.93616
 Free energy of molecule in mix (E_COSMO+dE+Mu)    :   -220747.17215 kcal/mol
 Total mean interaction energy in the mix (H_int)  :       -10.32570 kcal/mol
 Misfit interaction energy in the mix (H_MF)       :         2.44769 kcal/mol
 H-Bond interaction energy in the mix (H_HB)       :        -4.23104 kcal/mol
 VdW interaction energy in the mix (H_vdW)         :       -20.82290 kcal/mol
 Gas liquid transition energy in the mix (H_glt)   :        12.21004 kcal/mol

 Compound: 3  (lacticacid)
 Chemical potential of the compound in the mixture :         3.59072 kcal/mol
 Log10(partial pressure [mbar])                    :        -1.67123
 Free energy of molecule in mix (E_COSMO+dE+Mu)    :   -215745.08942 kcal/mol
 Total mean interaction energy in the mix (H_int)  :        -8.51825 kcal/mol
 Misfit interaction energy in the mix (H_MF)       :         1.78392 kcal/mol
 H-Bond interaction energy in the mix (H_HB)       :        -7.44117 kcal/mol
 VdW interaction energy in the mix (H_vdW)         :       -13.38773 kcal/mol
 Gas liquid transition energy in the mix (H_glt)   :         8.25184 kcal/mol



 Compound: 1 Conformer: 1 (h2o_c0)
 Chemical potential of the molecule in the mixture :         2.88314 kcal/mol
 Log10(partial pressure [mbar])                    :         0.99138
 Free energy of molecule in mix (E_COSMO+dE+Mu)    :    -47990.37013 kcal/mol
 Total mean interaction energy in the mix          :        -5.86125 kcal/mol
 Misfit interaction energy in the mix              :         0.54812 kcal/mol
 H-Bond interaction energy in the mix              :        -4.97483 kcal/mol
 VdW interaction energy in the mix                 :        -4.36659 kcal/mol
 Gas liquid transition energy in the mix (H_glt)   :         2.93205 kcal/mol
 Normalized weight factor of molecule in compound  :         1.00000
 Normalized weight factor of molecule in gas phase :         1.00000

 Compound: 2 Conformer: 1 (3-heptanol_c0)
 Chemical potential of the molecule in the mixture :         4.65108 kcal/mol
 Log10(partial pressure [mbar])                    :         3.24024
 Free energy of molecule in mix (E_COSMO+dE+Mu)    :   -220745.83753 kcal/mol
 Total mean interaction energy in the mix          :       -10.24339 kcal/mol
 Misfit interaction energy in the mix              :         2.41190 kcal/mol
 H-Bond interaction energy in the mix              :        -3.96940 kcal/mol
 VdW interaction energy in the mix                 :       -20.89593 kcal/mol
 Gas liquid transition energy in the mix (H_glt)   :        12.21004 kcal/mol
 Normalized weight factor of molecule in compound  :         0.10117
 Normalized weight factor of molecule in gas phase :         0.17473

 Compound: 2 Conformer: 2 (3-heptanol_c1)
 Chemical potential of the molecule in the mixture :         4.74230 kcal/mol
 Log10(partial pressure [mbar])                    :         3.32968
 Free energy of molecule in mix (E_COSMO+dE+Mu)    :   -220745.77612 kcal/mol
 Total mean interaction energy in the mix          :       -10.12553 kcal/mol
 Misfit interaction energy in the mix              :         2.46857 kcal/mol
 H-Bond interaction energy in the mix              :        -3.91940 kcal/mol
 VdW interaction energy in the mix                 :       -20.88474 kcal/mol
 Gas liquid transition energy in the mix (H_glt)   :        12.21004 kcal/mol
 Normalized weight factor of molecule in compound  :         0.09104
 Normalized weight factor of molecule in gas phase :         0.19532

 Compound: 2 Conformer: 3 (3-heptanol_c2)
 Chemical potential of the molecule in the mixture :         4.82173 kcal/mol
 Log10(partial pressure [mbar])                    :         3.27593
 Free energy of molecule in mix (E_COSMO+dE+Mu)    :   -220745.69808 kcal/mol
 Total mean interaction energy in the mix          :       -10.21854 kcal/mol
 Misfit interaction energy in the mix              :         2.41613 kcal/mol
 H-Bond interaction energy in the mix              :        -3.93583 kcal/mol
 VdW interaction energy in the mix                 :       -20.90888 kcal/mol
 Gas liquid transition energy in the mix (H_glt)   :        12.21004 kcal/mol
 Normalized weight factor of molecule in compound  :         0.07963
 Normalized weight factor of molecule in gas phase :         0.17000

 Compound: 2 Conformer: 4 (3-heptanol_c3)
 Chemical potential of the molecule in the mixture :         4.43336 kcal/mol
 Log10(partial pressure [mbar])                    :         2.85470
 Free energy of molecule in mix (E_COSMO+dE+Mu)    :   -220745.99687 kcal/mol
 Total mean interaction energy in the mix          :       -10.48792 kcal/mol
 Misfit interaction energy in the mix              :         2.45403 kcal/mol
 H-Bond interaction energy in the mix              :        -4.25092 kcal/mol
 VdW interaction energy in the mix                 :       -20.90108 kcal/mol
 Gas liquid transition energy in the mix (H_glt)   :        12.21004 kcal/mol
 Normalized weight factor of molecule in compound  :         0.13299
 Normalized weight factor of molecule in gas phase :         0.10306

 Compound: 2 Conformer: 5 (3-heptanol_c4)
 Chemical potential of the molecule in the mixture :         4.27519 kcal/mol
 Log10(partial pressure [mbar])                    :         2.71147
 Free energy of molecule in mix (E_COSMO+dE+Mu)    :   -220746.26240 kcal/mol
 Total mean interaction energy in the mix          :       -10.53849 kcal/mol
 Misfit interaction energy in the mix              :         2.46427 kcal/mol
 H-Bond interaction energy in the mix              :        -4.39723 kcal/mol
 VdW interaction energy in the mix                 :       -20.81556 kcal/mol
 Gas liquid transition energy in the mix (H_glt)   :        12.21004 kcal/mol
 Normalized weight factor of molecule in compound  :         0.20979
 Normalized weight factor of molecule in gas phase :         0.10362

 Compound: 2 Conformer: 6 (3-heptanol_c5)
 Chemical potential of the molecule in the mixture :         4.37997 kcal/mol
 Log10(partial pressure [mbar])                    :         2.80885
 Free energy of molecule in mix (E_COSMO+dE+Mu)    :   -220746.01043 kcal/mol
 Total mean interaction energy in the mix          :       -10.46309 kcal/mol
 Misfit interaction energy in the mix              :         2.43914 kcal/mol
 H-Bond interaction energy in the mix              :        -4.22211 kcal/mol
 VdW interaction energy in the mix                 :       -20.89016 kcal/mol
 Gas liquid transition energy in the mix (H_glt)   :        12.21004 kcal/mol
 Normalized weight factor of molecule in compound  :         0.13612
 Normalized weight factor of molecule in gas phase :         0.09651

 Compound: 2 Conformer: 7 (3-heptanol_c6)
 Chemical potential of the molecule in the mixture :         4.39122 kcal/mol
 Log10(partial pressure [mbar])                    :         2.76816
 Free energy of molecule in mix (E_COSMO+dE+Mu)    :   -220746.10611 kcal/mol
 Total mean interaction energy in the mix          :       -10.47057 kcal/mol
 Misfit interaction energy in the mix              :         2.48574 kcal/mol
 H-Bond interaction energy in the mix              :        -4.39154 kcal/mol
 VdW interaction energy in the mix                 :       -20.77481 kcal/mol
 Gas liquid transition energy in the mix (H_glt)   :        12.21004 kcal/mol
 Normalized weight factor of molecule in compound  :         0.16042
 Normalized weight factor of molecule in gas phase :         0.08757

 Compound: 2 Conformer: 8 (3-heptanol_c7)
 Chemical potential of the molecule in the mixture :         4.53243 kcal/mol
 Log10(partial pressure [mbar])                    :         2.84059
 Free energy of molecule in mix (E_COSMO+dE+Mu)    :   -220745.76184 kcal/mol
 Total mean interaction energy in the mix          :       -10.29686 kcal/mol
 Misfit interaction energy in the mix              :         2.39107 kcal/mol
 H-Bond interaction energy in the mix              :        -4.41457 kcal/mol
 VdW interaction energy in the mix                 :       -20.48340 kcal/mol
 Gas liquid transition energy in the mix (H_glt)   :        12.21004 kcal/mol
 Normalized weight factor of molecule in compound  :         0.08884
 Normalized weight factor of molecule in gas phase :         0.06919

 Compound: 3 Conformer: 1 (lacticacid_c0)
 Chemical potential of the molecule in the mixture :         5.52820 kcal/mol
 Log10(partial pressure [mbar])                    :        -1.46746
 Free energy of molecule in mix (E_COSMO+dE+Mu)    :   -215743.15195 kcal/mol
 Total mean interaction energy in the mix          :        -7.84963 kcal/mol
 Misfit interaction energy in the mix              :         1.82103 kcal/mol
 H-Bond interaction energy in the mix              :        -4.58520 kcal/mol
 VdW interaction energy in the mix                 :       -13.33730 kcal/mol
 Gas liquid transition energy in the mix (H_glt)   :         8.25184 kcal/mol
 Normalized weight factor of molecule in compound  :         0.03594
 Normalized weight factor of molecule in gas phase :         0.00476

 Compound: 3 Conformer: 2 (lacticacid_c1)
 Chemical potential of the molecule in the mixture :         5.68383 kcal/mol
 Log10(partial pressure [mbar])                    :        -0.93441
 Free energy of molecule in mix (E_COSMO+dE+Mu)    :   -215742.81482 kcal/mol
 Total mean interaction energy in the mix          :        -7.38365 kcal/mol
 Misfit interaction energy in the mix              :         1.94286 kcal/mol
 H-Bond interaction energy in the mix              :        -4.26251 kcal/mol
 VdW interaction energy in the mix                 :       -13.31584 kcal/mol
 Gas liquid transition energy in the mix (H_glt)   :         8.25184 kcal/mol
 Normalized weight factor of molecule in compound  :         0.02015
 Normalized weight factor of molecule in gas phase :         0.00936

 Compound: 3 Conformer: 3 (lacticacid_c2)
 Chemical potential of the molecule in the mixture :         3.82952 kcal/mol
 Log10(partial pressure [mbar])                    :        -0.20614
 Free energy of molecule in mix (E_COSMO+dE+Mu)    :   -215743.77694 kcal/mol
 Total mean interaction energy in the mix          :        -8.50558 kcal/mol
 Misfit interaction energy in the mix              :         1.86283 kcal/mol
 H-Bond interaction energy in the mix              :        -5.21824 kcal/mol
 VdW interaction energy in the mix                 :       -13.40201 kcal/mol
 Gas liquid transition energy in the mix (H_glt)   :         8.25184 kcal/mol
 Normalized weight factor of molecule in compound  :         0.10508
 Normalized weight factor of molecule in gas phase :         0.94961

 Compound: 3 Conformer: 4 (lacticacid_c3)
 Chemical potential of the molecule in the mixture :         2.02488 kcal/mol
 Log10(partial pressure [mbar])                    :        -2.65888
 Free energy of molecule in mix (E_COSMO+dE+Mu)    :   -215744.16055 kcal/mol
 Total mean interaction energy in the mix          :       -10.73026 kcal/mol
 Misfit interaction energy in the mix              :         1.78649 kcal/mol
 H-Bond interaction energy in the mix              :        -7.39419 kcal/mol
 VdW interaction energy in the mix                 :       -13.37440 kcal/mol
 Gas liquid transition energy in the mix (H_glt)   :         8.25184 kcal/mol
 Normalized weight factor of molecule in compound  :         0.20301
 Normalized weight factor of molecule in gas phase :         0.02089

 Compound: 3 Conformer: 5 (lacticacid_c4)
 Chemical potential of the molecule in the mixture :         1.45325 kcal/mol
 Log10(partial pressure [mbar])                    :        -4.75226
 Free energy of molecule in mix (E_COSMO+dE+Mu)    :   -215744.64558 kcal/mol
 Total mean interaction energy in the mix          :       -11.70279 kcal/mol
 Misfit interaction energy in the mix              :         1.76413 kcal/mol
 H-Bond interaction energy in the mix              :        -8.32449 kcal/mol
 VdW interaction energy in the mix                 :       -13.39427 kcal/mol
 Gas liquid transition energy in the mix (H_glt)   :         8.25184 kcal/mol
 Normalized weight factor of molecule in compound  :         0.46678
 Normalized weight factor of molecule in gas phase :         0.00039

 Compound: 3 Conformer: 6 (lacticacid_c5)
 Chemical potential of the molecule in the mixture :         1.98160 kcal/mol
 Log10(partial pressure [mbar])                    :        -2.72282
 Free energy of molecule in mix (E_COSMO+dE+Mu)    :   -215744.05386 kcal/mol
 Total mean interaction energy in the mix          :       -10.81110 kcal/mol
 Misfit interaction energy in the mix              :         1.75960 kcal/mol
 H-Bond interaction energy in the mix              :        -7.42647 kcal/mol
 VdW interaction energy in the mix                 :       -13.39608 kcal/mol
 Gas liquid transition energy in the mix (H_glt)   :         8.25184 kcal/mol
 Normalized weight factor of molecule in compound  :         0.16904
 Normalized weight factor of molecule in gas phase :         0.01500




 Results for mixture 30 - LIQ_EX Phase 2 Iteration   14
 ----------------------
 Temperature          :    293.150 K
 Compound Nr.         :         1         2         3
 Compound             :       h2o 3-heptano lacticaci
 Mole Fraction        :    0.2825    0.7151    0.0024

 Compound: 1  (h2o)
 Chemical potential of the compound in the mixture :         3.61758 kcal/mol
 Log10(partial pressure [mbar])                    :         1.53891
 Free energy of molecule in mix (E_COSMO+dE+Mu)    :    -47989.63569 kcal/mol
 Total mean interaction energy in the mix (H_int)  :        -5.56878 kcal/mol
 Misfit interaction energy in the mix (H_MF)       :         0.90476 kcal/mol
 H-Bond interaction energy in the mix (H_HB)       :        -4.78265 kcal/mol
 VdW interaction energy in the mix (H_vdW)         :        -4.62294 kcal/mol
 Gas liquid transition energy in the mix (H_glt)   :         2.93205 kcal/mol
 Equilibrium constant Kx(1,2)                      :         3.52804
 Equilibrium concentration x_k(1,2)                :         0.77915

 Compound: 2  (3-heptanol)
 Chemical potential of the compound in the mixture :        -0.67277 kcal/mol
 Log10(partial pressure [mbar])                    :        -0.07437
 Free energy of molecule in mix (E_COSMO+dE+Mu)    :   -220751.21037 kcal/mol
 Total mean interaction energy in the mix (H_int)  :        -9.97487 kcal/mol
 Misfit interaction energy in the mix (H_MF)       :         2.18423 kcal/mol
 H-Bond interaction energy in the mix (H_HB)       :        -2.90106 kcal/mol
 VdW interaction energy in the mix (H_vdW)         :       -21.54911 kcal/mol
 Gas liquid transition energy in the mix (H_glt)   :        12.21004 kcal/mol
 Equilibrium constant Kx(1,2)                      :  9.76059884E-04
 Equilibrium concentration x_k(1,2)                :         0.00098

 Compound: 3  (lacticacid)
 Chemical potential of the compound in the mixture :         3.47677 kcal/mol
 Log10(partial pressure [mbar])                    :        -1.75617
 Free energy of molecule in mix (E_COSMO+dE+Mu)    :   -215745.20337 kcal/mol
 Total mean interaction energy in the mix (H_int)  :        -6.43161 kcal/mol
 Misfit interaction energy in the mix (H_MF)       :         2.24801 kcal/mol
 H-Bond interaction energy in the mix (H_HB)       :        -4.45720 kcal/mol
 VdW interaction energy in the mix (H_vdW)         :       -14.07783 kcal/mol
 Gas liquid transition energy in the mix (H_glt)   :         8.25184 kcal/mol
 Equilibrium constant Kx(1,2)                      :         0.82234
 Equilibrium concentration x_k(1,2)                :         0.45126



 Compound: 1 Conformer: 1 (h2o_c0)
 Chemical potential of the molecule in the mixture :         3.61758 kcal/mol
 Log10(partial pressure [mbar])                    :         1.53891
 Free energy of molecule in mix (E_COSMO+dE+Mu)    :    -47989.63569 kcal/mol
 Total mean interaction energy in the mix          :        -5.56878 kcal/mol
 Misfit interaction energy in the mix              :         0.90476 kcal/mol
 H-Bond interaction energy in the mix              :        -4.78265 kcal/mol
 VdW interaction energy in the mix                 :        -4.62294 kcal/mol
 Gas liquid transition energy in the mix (H_glt)   :         2.93205 kcal/mol
 Normalized weight factor of molecule in compound  :         1.00000
 Normalized weight factor of molecule in gas phase :         1.00000

 Compound: 2 Conformer: 1 (3-heptanol_c0)
 Chemical potential of the molecule in the mixture :         0.56741 kcal/mol
 Log10(partial pressure [mbar])                    :         0.19583
 Free energy of molecule in mix (E_COSMO+dE+Mu)    :   -220749.92121 kcal/mol
 Total mean interaction energy in the mix          :        -9.76301 kcal/mol
 Misfit interaction energy in the mix              :         2.20222 kcal/mol
 H-Bond interaction energy in the mix              :        -2.57897 kcal/mol
 VdW interaction energy in the mix                 :       -21.59629 kcal/mol
 Gas liquid transition energy in the mix (H_glt)   :        12.21004 kcal/mol
 Normalized weight factor of molecule in compound  :         0.10938
 Normalized weight factor of molecule in gas phase :         0.17473

 Compound: 2 Conformer: 2 (3-heptanol_c1)
 Chemical potential of the molecule in the mixture :         0.61779 kcal/mol
 Log10(partial pressure [mbar])                    :         0.25482
 Free energy of molecule in mix (E_COSMO+dE+Mu)    :   -220749.90063 kcal/mol
 Total mean interaction energy in the mix          :        -9.68633 kcal/mol
 Misfit interaction energy in the mix              :         2.20918 kcal/mol
 H-Bond interaction energy in the mix              :        -2.52068 kcal/mol
 VdW interaction energy in the mix                 :       -21.58486 kcal/mol
 Gas liquid transition energy in the mix (H_glt)   :        12.21004 kcal/mol
 Normalized weight factor of molecule in compound  :         0.10558
 Normalized weight factor of molecule in gas phase :         0.19532

 Compound: 2 Conformer: 3 (3-heptanol_c2)
 Chemical potential of the molecule in the mixture :         0.51046 kcal/mol
 Log10(partial pressure [mbar])                    :         0.06185
 Free energy of molecule in mix (E_COSMO+dE+Mu)    :   -220750.00934 kcal/mol
 Total mean interaction energy in the mix          :        -9.68463 kcal/mol
 Misfit interaction energy in the mix              :         2.16585 kcal/mol
 H-Bond interaction energy in the mix              :        -2.45451 kcal/mol
 VdW interaction energy in the mix                 :       -21.60601 kcal/mol
 Gas liquid transition energy in the mix (H_glt)   :        12.21004 kcal/mol
 Normalized weight factor of molecule in compound  :         0.12724
 Normalized weight factor of molecule in gas phase :         0.17000

 Compound: 2 Conformer: 4 (3-heptanol_c3)
 Chemical potential of the molecule in the mixture :         0.18695 kcal/mol
 Log10(partial pressure [mbar])                    :        -0.31103
 Free energy of molecule in mix (E_COSMO+dE+Mu)    :   -220750.24328 kcal/mol
 Total mean interaction energy in the mix          :       -10.30879 kcal/mol
 Misfit interaction energy in the mix              :         2.14906 kcal/mol
 H-Bond interaction energy in the mix              :        -3.05770 kcal/mol
 VdW interaction energy in the mix                 :       -21.61019 kcal/mol
 Gas liquid transition energy in the mix (H_glt)   :        12.21004 kcal/mol
 Normalized weight factor of molecule in compound  :         0.19012
 Normalized weight factor of molecule in gas phase :         0.10306

 Compound: 2 Conformer: 5 (3-heptanol_c4)
 Chemical potential of the molecule in the mixture :         0.61098 kcal/mol
 Log10(partial pressure [mbar])                    :        -0.02023
 Free energy of molecule in mix (E_COSMO+dE+Mu)    :   -220749.92662 kcal/mol
 Total mean interaction energy in the mix          :       -10.14552 kcal/mol
 Misfit interaction energy in the mix              :         2.25870 kcal/mol
 H-Bond interaction energy in the mix              :        -3.09445 kcal/mol
 VdW interaction energy in the mix                 :       -21.51981 kcal/mol
 Gas liquid transition energy in the mix (H_glt)   :        12.21004 kcal/mol
 Normalized weight factor of molecule in compound  :         0.11040
 Normalized weight factor of molecule in gas phase :         0.10362

 Compound: 2 Conformer: 6 (3-heptanol_c5)
 Chemical potential of the molecule in the mixture :         0.13567 kcal/mol
 Log10(partial pressure [mbar])                    :        -0.35530
 Free energy of molecule in mix (E_COSMO+dE+Mu)    :   -220750.25473 kcal/mol
 Total mean interaction energy in the mix          :       -10.37786 kcal/mol
 Misfit interaction energy in the mix              :         2.13601 kcal/mol
 H-Bond interaction energy in the mix              :        -3.12333 kcal/mol
 VdW interaction energy in the mix                 :       -21.60058 kcal/mol
 Gas liquid transition energy in the mix (H_glt)   :        12.21004 kcal/mol
 Normalized weight factor of molecule in compound  :         0.19389
 Normalized weight factor of molecule in gas phase :         0.09651

 Compound: 2 Conformer: 7 (3-heptanol_c6)
 Chemical potential of the molecule in the mixture :         0.72067 kcal/mol
 Log10(partial pressure [mbar])                    :         0.03174
 Free energy of molecule in mix (E_COSMO+dE+Mu)    :   -220749.77665 kcal/mol
 Total mean interaction energy in the mix          :       -10.03678 kcal/mol
 Misfit interaction energy in the mix              :         2.27775 kcal/mol
 H-Bond interaction energy in the mix              :        -3.04410 kcal/mol
 VdW interaction energy in the mix                 :       -21.48047 kcal/mol
 Gas liquid transition energy in the mix (H_glt)   :        12.21004 kcal/mol
 Normalized weight factor of molecule in compound  :         0.08534
 Normalized weight factor of molecule in gas phase :         0.08757

 Compound: 2 Conformer: 8 (3-heptanol_c7)
 Chemical potential of the molecule in the mixture :         0.56962 kcal/mol
 Log10(partial pressure [mbar])                    :        -0.11372
 Free energy of molecule in mix (E_COSMO+dE+Mu)    :   -220749.72466 kcal/mol
 Total mean interaction energy in the mix          :       -10.04983 kcal/mol
 Misfit interaction energy in the mix              :         2.15314 kcal/mol
 H-Bond interaction energy in the mix              :        -3.23130 kcal/mol
 VdW interaction energy in the mix                 :       -21.18171 kcal/mol
 Gas liquid transition energy in the mix (H_glt)   :        12.21004 kcal/mol
 Normalized weight factor of molecule in compound  :         0.07805
 Normalized weight factor of molecule in gas phase :         0.06919

 Compound: 3 Conformer: 1 (lacticacid_c0)
 Chemical potential of the molecule in the mixture :         5.14409 kcal/mol
 Log10(partial pressure [mbar])                    :        -1.75381
 Free energy of molecule in mix (E_COSMO+dE+Mu)    :   -215743.53605 kcal/mol
 Total mean interaction energy in the mix          :        -6.37123 kcal/mol
 Misfit interaction energy in the mix              :         2.63642 kcal/mol
 H-Bond interaction energy in the mix              :        -3.21681 kcal/mol
 VdW interaction energy in the mix                 :       -14.04268 kcal/mol
 Gas liquid transition energy in the mix (H_glt)   :         8.25184 kcal/mol
 Normalized weight factor of molecule in compound  :         0.05715
 Normalized weight factor of molecule in gas phase :         0.00476

 Compound: 3 Conformer: 2 (lacticacid_c1)
 Chemical potential of the molecule in the mixture :         5.54361 kcal/mol
 Log10(partial pressure [mbar])                    :        -1.03895
 Free energy of molecule in mix (E_COSMO+dE+Mu)    :   -215742.95504 kcal/mol
 Total mean interaction energy in the mix          :        -5.86518 kcal/mol
 Misfit interaction energy in the mix              :         2.70569 kcal/mol
 H-Bond interaction energy in the mix              :        -2.81621 kcal/mol
 VdW interaction energy in the mix                 :       -14.00649 kcal/mol
 Gas liquid transition energy in the mix (H_glt)   :         8.25184 kcal/mol
 Normalized weight factor of molecule in compound  :         0.02108
 Normalized weight factor of molecule in gas phase :         0.00936

 Compound: 3 Conformer: 3 (lacticacid_c2)
 Chemical potential of the molecule in the mixture :         2.79061 kcal/mol
 Log10(partial pressure [mbar])                    :        -0.98066
 Free energy of molecule in mix (E_COSMO+dE+Mu)    :   -215744.81586 kcal/mol
 Total mean interaction energy in the mix          :        -7.51937 kcal/mol
 Misfit interaction energy in the mix              :         2.12805 kcal/mol
 H-Bond interaction energy in the mix              :        -3.81623 kcal/mol
 VdW interaction energy in the mix                 :       -14.08303 kcal/mol
 Gas liquid transition energy in the mix (H_glt)   :         8.25184 kcal/mol
 Normalized weight factor of molecule in compound  :         0.51417
 Normalized weight factor of molecule in gas phase :         0.94961

 Compound: 3 Conformer: 4 (lacticacid_c3)
 Chemical potential of the molecule in the mixture :         2.07541 kcal/mol
 Log10(partial pressure [mbar])                    :        -2.62122
 Free energy of molecule in mix (E_COSMO+dE+Mu)    :   -215744.11002 kcal/mol
 Total mean interaction energy in the mix          :        -8.80635 kcal/mol
 Misfit interaction energy in the mix              :         2.25668 kcal/mol
 H-Bond interaction energy in the mix              :        -5.25652 kcal/mol
 VdW interaction energy in the mix                 :       -14.05835 kcal/mol
 Gas liquid transition energy in the mix (H_glt)   :         8.25184 kcal/mol
 Normalized weight factor of molecule in compound  :         0.15307
 Normalized weight factor of molecule in gas phase :         0.02089

 Compound: 3 Conformer: 5 (lacticacid_c4)
 Chemical potential of the molecule in the mixture :         2.15173 kcal/mol
 Log10(partial pressure [mbar])                    :        -4.23154
 Free energy of molecule in mix (E_COSMO+dE+Mu)    :   -215743.94710 kcal/mol
 Total mean interaction energy in the mix          :        -9.39898 kcal/mol
 Misfit interaction energy in the mix              :         2.52695 kcal/mol
 H-Bond interaction energy in the mix              :        -6.07772 kcal/mol
 VdW interaction energy in the mix                 :       -14.10005 kcal/mol
 Gas liquid transition energy in the mix (H_glt)   :         8.25184 kcal/mol
 Normalized weight factor of molecule in compound  :         0.11573
 Normalized weight factor of molecule in gas phase :         0.00039

 Compound: 3 Conformer: 6 (lacticacid_c5)
 Chemical potential of the molecule in the mixture :         1.98248 kcal/mol
 Log10(partial pressure [mbar])                    :        -2.72217
 Free energy of molecule in mix (E_COSMO+dE+Mu)    :   -215744.05299 kcal/mol
 Total mean interaction energy in the mix          :        -8.97305 kcal/mol
 Misfit interaction energy in the mix              :         2.22083 kcal/mol
 H-Bond interaction energy in the mix              :        -5.35886 kcal/mol
 VdW interaction energy in the mix                 :       -14.08685 kcal/mol
 Gas liquid transition energy in the mix (H_glt)   :         8.25184 kcal/mol
 Normalized weight factor of molecule in compound  :         0.13880
 Normalized weight factor of molecule in gas phase :         0.01500




 Results for mixture 31 - LIQ_EX Phase 1 Iteration   15
 ----------------------
 Temperature          :    293.150 K
 Compound Nr.         :         1         2         3
 Compound             :       h2o 3-heptano lacticaci
 Mole Fraction        :    0.9973    0.0007    0.0020

 Compound: 1  (h2o)
 Chemical potential of the compound in the mixture :         2.88314 kcal/mol
 Log10(partial pressure [mbar])                    :         0.99138
 Free energy of molecule in mix (E_COSMO+dE+Mu)    :    -47990.37013 kcal/mol
 Total mean interaction energy in the mix (H_int)  :        -5.86125 kcal/mol
 Misfit interaction energy in the mix (H_MF)       :         0.54812 kcal/mol
 H-Bond interaction energy in the mix (H_HB)       :        -4.97483 kcal/mol
 VdW interaction energy in the mix (H_vdW)         :        -4.36659 kcal/mol
 Gas liquid transition energy in the mix (H_glt)   :         2.93205 kcal/mol

 Compound: 2  (3-heptanol)
 Chemical potential of the compound in the mixture :         3.36546 kcal/mol
 Log10(partial pressure [mbar])                    :         2.93617
 Free energy of molecule in mix (E_COSMO+dE+Mu)    :   -220747.17214 kcal/mol
 Total mean interaction energy in the mix (H_int)  :       -10.32570 kcal/mol
 Misfit interaction energy in the mix (H_MF)       :         2.44769 kcal/mol
 H-Bond interaction energy in the mix (H_HB)       :        -4.23104 kcal/mol
 VdW interaction energy in the mix (H_vdW)         :       -20.82290 kcal/mol
 Gas liquid transition energy in the mix (H_glt)   :        12.21004 kcal/mol

 Compound: 3  (lacticacid)
 Chemical potential of the compound in the mixture :         3.59072 kcal/mol
 Log10(partial pressure [mbar])                    :        -1.67123
 Free energy of molecule in mix (E_COSMO+dE+Mu)    :   -215745.08942 kcal/mol
 Total mean interaction energy in the mix (H_int)  :        -8.51826 kcal/mol
 Misfit interaction energy in the mix (H_MF)       :         1.78392 kcal/mol
 H-Bond interaction energy in the mix (H_HB)       :        -7.44117 kcal/mol
 VdW interaction energy in the mix (H_vdW)         :       -13.38773 kcal/mol
 Gas liquid transition energy in the mix (H_glt)   :         8.25184 kcal/mol



 Compound: 1 Conformer: 1 (h2o_c0)
 Chemical potential of the molecule in the mixture :         2.88314 kcal/mol
 Log10(partial pressure [mbar])                    :         0.99138
 Free energy of molecule in mix (E_COSMO+dE+Mu)    :    -47990.37013 kcal/mol
 Total mean interaction energy in the mix          :        -5.86125 kcal/mol
 Misfit interaction energy in the mix              :         0.54812 kcal/mol
 H-Bond interaction energy in the mix              :        -4.97483 kcal/mol
 VdW interaction energy in the mix                 :        -4.36659 kcal/mol
 Gas liquid transition energy in the mix (H_glt)   :         2.93205 kcal/mol
 Normalized weight factor of molecule in compound  :         1.00000
 Normalized weight factor of molecule in gas phase :         1.00000

 Compound: 2 Conformer: 1 (3-heptanol_c0)
 Chemical potential of the molecule in the mixture :         4.65110 kcal/mol
 Log10(partial pressure [mbar])                    :         3.24025
 Free energy of molecule in mix (E_COSMO+dE+Mu)    :   -220745.83752 kcal/mol
 Total mean interaction energy in the mix          :       -10.24339 kcal/mol
 Misfit interaction energy in the mix              :         2.41190 kcal/mol
 H-Bond interaction energy in the mix              :        -3.96940 kcal/mol
 VdW interaction energy in the mix                 :       -20.89593 kcal/mol
 Gas liquid transition energy in the mix (H_glt)   :        12.21004 kcal/mol
 Normalized weight factor of molecule in compound  :         0.10117
 Normalized weight factor of molecule in gas phase :         0.17473

 Compound: 2 Conformer: 2 (3-heptanol_c1)
 Chemical potential of the molecule in the mixture :         4.74231 kcal/mol
 Log10(partial pressure [mbar])                    :         3.32969
 Free energy of molecule in mix (E_COSMO+dE+Mu)    :   -220745.77611 kcal/mol
 Total mean interaction energy in the mix          :       -10.12553 kcal/mol
 Misfit interaction energy in the mix              :         2.46857 kcal/mol
 H-Bond interaction energy in the mix              :        -3.91940 kcal/mol
 VdW interaction energy in the mix                 :       -20.88473 kcal/mol
 Gas liquid transition energy in the mix (H_glt)   :        12.21004 kcal/mol
 Normalized weight factor of molecule in compound  :         0.09104
 Normalized weight factor of molecule in gas phase :         0.19532

 Compound: 2 Conformer: 3 (3-heptanol_c2)
 Chemical potential of the molecule in the mixture :         4.82174 kcal/mol
 Log10(partial pressure [mbar])                    :         3.27594
 Free energy of molecule in mix (E_COSMO+dE+Mu)    :   -220745.69806 kcal/mol
 Total mean interaction energy in the mix          :       -10.21854 kcal/mol
 Misfit interaction energy in the mix              :         2.41612 kcal/mol
 H-Bond interaction energy in the mix              :        -3.93583 kcal/mol
 VdW interaction energy in the mix                 :       -20.90887 kcal/mol
 Gas liquid transition energy in the mix (H_glt)   :        12.21004 kcal/mol
 Normalized weight factor of molecule in compound  :         0.07963
 Normalized weight factor of molecule in gas phase :         0.17000

 Compound: 2 Conformer: 4 (3-heptanol_c3)
 Chemical potential of the molecule in the mixture :         4.43337 kcal/mol
 Log10(partial pressure [mbar])                    :         2.85471
 Free energy of molecule in mix (E_COSMO+dE+Mu)    :   -220745.99686 kcal/mol
 Total mean interaction energy in the mix          :       -10.48792 kcal/mol
 Misfit interaction energy in the mix              :         2.45403 kcal/mol
 H-Bond interaction energy in the mix              :        -4.25092 kcal/mol
 VdW interaction energy in the mix                 :       -20.90108 kcal/mol
 Gas liquid transition energy in the mix (H_glt)   :        12.21004 kcal/mol
 Normalized weight factor of molecule in compound  :         0.13299
 Normalized weight factor of molecule in gas phase :         0.10306

 Compound: 2 Conformer: 5 (3-heptanol_c4)
 Chemical potential of the molecule in the mixture :         4.27521 kcal/mol
 Log10(partial pressure [mbar])                    :         2.71148
 Free energy of molecule in mix (E_COSMO+dE+Mu)    :   -220746.26239 kcal/mol
 Total mean interaction energy in the mix          :       -10.53849 kcal/mol
 Misfit interaction energy in the mix              :         2.46427 kcal/mol
 H-Bond interaction energy in the mix              :        -4.39723 kcal/mol
 VdW interaction energy in the mix                 :       -20.81556 kcal/mol
 Gas liquid transition energy in the mix (H_glt)   :        12.21004 kcal/mol
 Normalized weight factor of molecule in compound  :         0.20979
 Normalized weight factor of molecule in gas phase :         0.10362

 Compound: 2 Conformer: 6 (3-heptanol_c5)
 Chemical potential of the molecule in the mixture :         4.37998 kcal/mol
 Log10(partial pressure [mbar])                    :         2.80886
 Free energy of molecule in mix (E_COSMO+dE+Mu)    :   -220746.01042 kcal/mol
 Total mean interaction energy in the mix          :       -10.46309 kcal/mol
 Misfit interaction energy in the mix              :         2.43914 kcal/mol
 H-Bond interaction energy in the mix              :        -4.22211 kcal/mol
 VdW interaction energy in the mix                 :       -20.89016 kcal/mol
 Gas liquid transition energy in the mix (H_glt)   :        12.21004 kcal/mol
 Normalized weight factor of molecule in compound  :         0.13612
 Normalized weight factor of molecule in gas phase :         0.09651

 Compound: 2 Conformer: 7 (3-heptanol_c6)
 Chemical potential of the molecule in the mixture :         4.39123 kcal/mol
 Log10(partial pressure [mbar])                    :         2.76817
 Free energy of molecule in mix (E_COSMO+dE+Mu)    :   -220746.10610 kcal/mol
 Total mean interaction energy in the mix          :       -10.47057 kcal/mol
 Misfit interaction energy in the mix              :         2.48573 kcal/mol
 H-Bond interaction energy in the mix              :        -4.39154 kcal/mol
 VdW interaction energy in the mix                 :       -20.77481 kcal/mol
 Gas liquid transition energy in the mix (H_glt)   :        12.21004 kcal/mol
 Normalized weight factor of molecule in compound  :         0.16042
 Normalized weight factor of molecule in gas phase :         0.08757

 Compound: 2 Conformer: 8 (3-heptanol_c7)
 Chemical potential of the molecule in the mixture :         4.53244 kcal/mol
 Log10(partial pressure [mbar])                    :         2.84060
 Free energy of molecule in mix (E_COSMO+dE+Mu)    :   -220745.76183 kcal/mol
 Total mean interaction energy in the mix          :       -10.29686 kcal/mol
 Misfit interaction energy in the mix              :         2.39107 kcal/mol
 H-Bond interaction energy in the mix              :        -4.41457 kcal/mol
 VdW interaction energy in the mix                 :       -20.48340 kcal/mol
 Gas liquid transition energy in the mix (H_glt)   :        12.21004 kcal/mol
 Normalized weight factor of molecule in compound  :         0.08884
 Normalized weight factor of molecule in gas phase :         0.06919

 Compound: 3 Conformer: 1 (lacticacid_c0)
 Chemical potential of the molecule in the mixture :         5.52820 kcal/mol
 Log10(partial pressure [mbar])                    :        -1.46746
 Free energy of molecule in mix (E_COSMO+dE+Mu)    :   -215743.15194 kcal/mol
 Total mean interaction energy in the mix          :        -7.84963 kcal/mol
 Misfit interaction energy in the mix              :         1.82103 kcal/mol
 H-Bond interaction energy in the mix              :        -4.58520 kcal/mol
 VdW interaction energy in the mix                 :       -13.33730 kcal/mol
 Gas liquid transition energy in the mix (H_glt)   :         8.25184 kcal/mol
 Normalized weight factor of molecule in compound  :         0.03594
 Normalized weight factor of molecule in gas phase :         0.00476

 Compound: 3 Conformer: 2 (lacticacid_c1)
 Chemical potential of the molecule in the mixture :         5.68383 kcal/mol
 Log10(partial pressure [mbar])                    :        -0.93441
 Free energy of molecule in mix (E_COSMO+dE+Mu)    :   -215742.81482 kcal/mol
 Total mean interaction energy in the mix          :        -7.38366 kcal/mol
 Misfit interaction energy in the mix              :         1.94286 kcal/mol
 H-Bond interaction energy in the mix              :        -4.26251 kcal/mol
 VdW interaction energy in the mix                 :       -13.31584 kcal/mol
 Gas liquid transition energy in the mix (H_glt)   :         8.25184 kcal/mol
 Normalized weight factor of molecule in compound  :         0.02015
 Normalized weight factor of molecule in gas phase :         0.00936

 Compound: 3 Conformer: 3 (lacticacid_c2)
 Chemical potential of the molecule in the mixture :         3.82953 kcal/mol
 Log10(partial pressure [mbar])                    :        -0.20614
 Free energy of molecule in mix (E_COSMO+dE+Mu)    :   -215743.77694 kcal/mol
 Total mean interaction energy in the mix          :        -8.50558 kcal/mol
 Misfit interaction energy in the mix              :         1.86283 kcal/mol
 H-Bond interaction energy in the mix              :        -5.21824 kcal/mol
 VdW interaction energy in the mix                 :       -13.40201 kcal/mol
 Gas liquid transition energy in the mix (H_glt)   :         8.25184 kcal/mol
 Normalized weight factor of molecule in compound  :         0.10508
 Normalized weight factor of molecule in gas phase :         0.94961

 Compound: 3 Conformer: 4 (lacticacid_c3)
 Chemical potential of the molecule in the mixture :         2.02488 kcal/mol
 Log10(partial pressure [mbar])                    :        -2.65888
 Free energy of molecule in mix (E_COSMO+dE+Mu)    :   -215744.16055 kcal/mol
 Total mean interaction energy in the mix          :       -10.73026 kcal/mol
 Misfit interaction energy in the mix              :         1.78648 kcal/mol
 H-Bond interaction energy in the mix              :        -7.39419 kcal/mol
 VdW interaction energy in the mix                 :       -13.37440 kcal/mol
 Gas liquid transition energy in the mix (H_glt)   :         8.25184 kcal/mol
 Normalized weight factor of molecule in compound  :         0.20301
 Normalized weight factor of molecule in gas phase :         0.02089

 Compound: 3 Conformer: 5 (lacticacid_c4)
 Chemical potential of the molecule in the mixture :         1.45325 kcal/mol
 Log10(partial pressure [mbar])                    :        -4.75226
 Free energy of molecule in mix (E_COSMO+dE+Mu)    :   -215744.64558 kcal/mol
 Total mean interaction energy in the mix          :       -11.70279 kcal/mol
 Misfit interaction energy in the mix              :         1.76413 kcal/mol
 H-Bond interaction energy in the mix              :        -8.32449 kcal/mol
 VdW interaction energy in the mix                 :       -13.39427 kcal/mol
 Gas liquid transition energy in the mix (H_glt)   :         8.25184 kcal/mol
 Normalized weight factor of molecule in compound  :         0.46678
 Normalized weight factor of molecule in gas phase :         0.00039

 Compound: 3 Conformer: 6 (lacticacid_c5)
 Chemical potential of the molecule in the mixture :         1.98160 kcal/mol
 Log10(partial pressure [mbar])                    :        -2.72282
 Free energy of molecule in mix (E_COSMO+dE+Mu)    :   -215744.05386 kcal/mol
 Total mean interaction energy in the mix          :       -10.81111 kcal/mol
 Misfit interaction energy in the mix              :         1.75960 kcal/mol
 H-Bond interaction energy in the mix              :        -7.42647 kcal/mol
 VdW interaction energy in the mix                 :       -13.39608 kcal/mol
 Gas liquid transition energy in the mix (H_glt)   :         8.25184 kcal/mol
 Normalized weight factor of molecule in compound  :         0.16904
 Normalized weight factor of molecule in gas phase :         0.01500




 Results for mixture 32 - LIQ_EX Phase 2 Iteration   15
 ----------------------
 Temperature          :    293.150 K
 Compound Nr.         :         1         2         3
 Compound             :       h2o 3-heptano lacticaci
 Mole Fraction        :    0.2826    0.7150    0.0024

 Compound: 1  (h2o)
 Chemical potential of the compound in the mixture :         3.61753 kcal/mol
 Log10(partial pressure [mbar])                    :         1.53887
 Free energy of molecule in mix (E_COSMO+dE+Mu)    :    -47989.63574 kcal/mol
 Total mean interaction energy in the mix (H_int)  :        -5.56891 kcal/mol
 Misfit interaction energy in the mix (H_MF)       :         0.90463 kcal/mol
 H-Bond interaction energy in the mix (H_HB)       :        -4.78268 kcal/mol
 VdW interaction energy in the mix (H_vdW)         :        -4.62292 kcal/mol
 Gas liquid transition energy in the mix (H_glt)   :         2.93205 kcal/mol
 Equilibrium constant Kx(1,2)                      :         3.52773
 Equilibrium concentration x_k(1,2)                :         0.77914

 Compound: 2  (3-heptanol)
 Chemical potential of the compound in the mixture :        -0.67275 kcal/mol
 Log10(partial pressure [mbar])                    :        -0.07435
 Free energy of molecule in mix (E_COSMO+dE+Mu)    :   -220751.21035 kcal/mol
 Total mean interaction energy in the mix (H_int)  :        -9.97493 kcal/mol
 Misfit interaction energy in the mix (H_MF)       :         2.18429 kcal/mol
 H-Bond interaction energy in the mix (H_HB)       :        -2.90122 kcal/mol
 VdW interaction energy in the mix (H_vdW)         :       -21.54907 kcal/mol
 Gas liquid transition energy in the mix (H_glt)   :        12.21004 kcal/mol
 Equilibrium constant Kx(1,2)                      :  9.76075924E-04
 Equilibrium concentration x_k(1,2)                :         0.00098

 Compound: 3  (lacticacid)
 Chemical potential of the compound in the mixture :         3.47669 kcal/mol
 Log10(partial pressure [mbar])                    :        -1.75624
 Free energy of molecule in mix (E_COSMO+dE+Mu)    :   -215745.20345 kcal/mol
 Total mean interaction energy in the mix (H_int)  :        -6.43184 kcal/mol
 Misfit interaction energy in the mix (H_MF)       :         2.24791 kcal/mol
 H-Bond interaction energy in the mix (H_HB)       :        -4.45741 kcal/mol
 VdW interaction energy in the mix (H_vdW)         :       -14.07780 kcal/mol
 Gas liquid transition energy in the mix (H_glt)   :         8.25184 kcal/mol
 Equilibrium constant Kx(1,2)                      :         0.82222
 Equilibrium concentration x_k(1,2)                :         0.45122



 Compound: 1 Conformer: 1 (h2o_c0)
 Chemical potential of the molecule in the mixture :         3.61753 kcal/mol
 Log10(partial pressure [mbar])                    :         1.53887
 Free energy of molecule in mix (E_COSMO+dE+Mu)    :    -47989.63574 kcal/mol
 Total mean interaction energy in the mix          :        -5.56891 kcal/mol
 Misfit interaction energy in the mix              :         0.90463 kcal/mol
 H-Bond interaction energy in the mix              :        -4.78268 kcal/mol
 VdW interaction energy in the mix                 :        -4.62292 kcal/mol
 Gas liquid transition energy in the mix (H_glt)   :         2.93205 kcal/mol
 Normalized weight factor of molecule in compound  :         1.00000
 Normalized weight factor of molecule in gas phase :         1.00000

 Compound: 2 Conformer: 1 (3-heptanol_c0)
 Chemical potential of the molecule in the mixture :         0.56743 kcal/mol
 Log10(partial pressure [mbar])                    :         0.19584
 Free energy of molecule in mix (E_COSMO+dE+Mu)    :   -220749.92119 kcal/mol
 Total mean interaction energy in the mix          :        -9.76306 kcal/mol
 Misfit interaction energy in the mix              :         2.20228 kcal/mol
 H-Bond interaction energy in the mix              :        -2.57913 kcal/mol
 VdW interaction energy in the mix                 :       -21.59626 kcal/mol
 Gas liquid transition energy in the mix (H_glt)   :        12.21004 kcal/mol
 Normalized weight factor of molecule in compound  :         0.10938
 Normalized weight factor of molecule in gas phase :         0.17473

 Compound: 2 Conformer: 2 (3-heptanol_c1)
 Chemical potential of the molecule in the mixture :         0.61781 kcal/mol
 Log10(partial pressure [mbar])                    :         0.25484
 Free energy of molecule in mix (E_COSMO+dE+Mu)    :   -220749.90062 kcal/mol
 Total mean interaction energy in the mix          :        -9.68639 kcal/mol
 Misfit interaction energy in the mix              :         2.20924 kcal/mol
 H-Bond interaction energy in the mix              :        -2.52084 kcal/mol
 VdW interaction energy in the mix                 :       -21.58483 kcal/mol
 Gas liquid transition energy in the mix (H_glt)   :        12.21004 kcal/mol
 Normalized weight factor of molecule in compound  :         0.10558
 Normalized weight factor of molecule in gas phase :         0.19532

 Compound: 2 Conformer: 3 (3-heptanol_c2)
 Chemical potential of the molecule in the mixture :         0.51050 kcal/mol
 Log10(partial pressure [mbar])                    :         0.06188
 Free energy of molecule in mix (E_COSMO+dE+Mu)    :   -220750.00930 kcal/mol
 Total mean interaction energy in the mix          :        -9.68472 kcal/mol
 Misfit interaction energy in the mix              :         2.16589 kcal/mol
 H-Bond interaction energy in the mix              :        -2.45467 kcal/mol
 VdW interaction energy in the mix                 :       -21.60598 kcal/mol
 Gas liquid transition energy in the mix (H_glt)   :        12.21004 kcal/mol
 Normalized weight factor of molecule in compound  :         0.12724
 Normalized weight factor of molecule in gas phase :         0.17000

 Compound: 2 Conformer: 4 (3-heptanol_c3)
 Chemical potential of the molecule in the mixture :         0.18700 kcal/mol
 Log10(partial pressure [mbar])                    :        -0.31100
 Free energy of molecule in mix (E_COSMO+dE+Mu)    :   -220750.24323 kcal/mol
 Total mean interaction energy in the mix          :       -10.30882 kcal/mol
 Misfit interaction energy in the mix              :         2.14911 kcal/mol
 H-Bond interaction energy in the mix              :        -3.05782 kcal/mol
 VdW interaction energy in the mix                 :       -21.61016 kcal/mol
 Gas liquid transition energy in the mix (H_glt)   :        12.21004 kcal/mol
 Normalized weight factor of molecule in compound  :         0.19011
 Normalized weight factor of molecule in gas phase :         0.10306

 Compound: 2 Conformer: 5 (3-heptanol_c4)
 Chemical potential of the molecule in the mixture :         0.61095 kcal/mol
 Log10(partial pressure [mbar])                    :        -0.02026
 Free energy of molecule in mix (E_COSMO+dE+Mu)    :   -220749.92665 kcal/mol
 Total mean interaction energy in the mix          :       -10.14562 kcal/mol
 Misfit interaction energy in the mix              :         2.25877 kcal/mol
 H-Bond interaction energy in the mix              :        -3.09466 kcal/mol
 VdW interaction energy in the mix                 :       -21.51978 kcal/mol
 Gas liquid transition energy in the mix (H_glt)   :        12.21004 kcal/mol
 Normalized weight factor of molecule in compound  :         0.11041
 Normalized weight factor of molecule in gas phase :         0.10362

 Compound: 2 Conformer: 6 (3-heptanol_c5)
 Chemical potential of the molecule in the mixture :         0.13571 kcal/mol
 Log10(partial pressure [mbar])                    :        -0.35527
 Free energy of molecule in mix (E_COSMO+dE+Mu)    :   -220750.25469 kcal/mol
 Total mean interaction energy in the mix          :       -10.37790 kcal/mol
 Misfit interaction energy in the mix              :         2.13607 kcal/mol
 H-Bond interaction energy in the mix              :        -3.12346 kcal/mol
 VdW interaction energy in the mix                 :       -21.60055 kcal/mol
 Gas liquid transition energy in the mix (H_glt)   :        12.21004 kcal/mol
 Normalized weight factor of molecule in compound  :         0.19389
 Normalized weight factor of molecule in gas phase :         0.09651

 Compound: 2 Conformer: 7 (3-heptanol_c6)
 Chemical potential of the molecule in the mixture :         0.72065 kcal/mol
 Log10(partial pressure [mbar])                    :         0.03172
 Free energy of molecule in mix (E_COSMO+dE+Mu)    :   -220749.77668 kcal/mol
 Total mean interaction energy in the mix          :       -10.03687 kcal/mol
 Misfit interaction energy in the mix              :         2.27782 kcal/mol
 H-Bond interaction energy in the mix              :        -3.04430 kcal/mol
 VdW interaction energy in the mix                 :       -21.48043 kcal/mol
 Gas liquid transition energy in the mix (H_glt)   :        12.21004 kcal/mol
 Normalized weight factor of molecule in compound  :         0.08535
 Normalized weight factor of molecule in gas phase :         0.08757

 Compound: 2 Conformer: 8 (3-heptanol_c7)
 Chemical potential of the molecule in the mixture :         0.56965 kcal/mol
 Log10(partial pressure [mbar])                    :        -0.11370
 Free energy of molecule in mix (E_COSMO+dE+Mu)    :   -220749.72463 kcal/mol
 Total mean interaction energy in the mix          :       -10.04990 kcal/mol
 Misfit interaction energy in the mix              :         2.15319 kcal/mol
 H-Bond interaction energy in the mix              :        -3.23145 kcal/mol
 VdW interaction energy in the mix                 :       -21.18168 kcal/mol
 Gas liquid transition energy in the mix (H_glt)   :        12.21004 kcal/mol
 Normalized weight factor of molecule in compound  :         0.07805
 Normalized weight factor of molecule in gas phase :         0.06919

 Compound: 3 Conformer: 1 (lacticacid_c0)
 Chemical potential of the molecule in the mixture :         5.14400 kcal/mol
 Log10(partial pressure [mbar])                    :        -1.75388
 Free energy of molecule in mix (E_COSMO+dE+Mu)    :   -215743.53614 kcal/mol
 Total mean interaction energy in the mix          :        -6.37145 kcal/mol
 Misfit interaction energy in the mix              :         2.63625 kcal/mol
 H-Bond interaction energy in the mix              :        -3.21690 kcal/mol
 VdW interaction energy in the mix                 :       -14.04264 kcal/mol
 Gas liquid transition energy in the mix (H_glt)   :         8.25184 kcal/mol
 Normalized weight factor of molecule in compound  :         0.05715
 Normalized weight factor of molecule in gas phase :         0.00476

 Compound: 3 Conformer: 2 (lacticacid_c1)
 Chemical potential of the molecule in the mixture :         5.54349 kcal/mol
 Log10(partial pressure [mbar])                    :        -1.03904
 Free energy of molecule in mix (E_COSMO+dE+Mu)    :   -215742.95516 kcal/mol
 Total mean interaction energy in the mix          :        -5.86537 kcal/mol
 Misfit interaction energy in the mix              :         2.70555 kcal/mol
 H-Bond interaction energy in the mix              :        -2.81631 kcal/mol
 VdW interaction energy in the mix                 :       -14.00646 kcal/mol
 Gas liquid transition energy in the mix (H_glt)   :         8.25184 kcal/mol
 Normalized weight factor of molecule in compound  :         0.02108
 Normalized weight factor of molecule in gas phase :         0.00936

 Compound: 3 Conformer: 3 (lacticacid_c2)
 Chemical potential of the molecule in the mixture :         2.79056 kcal/mol
 Log10(partial pressure [mbar])                    :        -0.98069
 Free energy of molecule in mix (E_COSMO+dE+Mu)    :   -215744.81590 kcal/mol
 Total mean interaction energy in the mix          :        -7.51953 kcal/mol
 Misfit interaction energy in the mix              :         2.12797 kcal/mol
 H-Bond interaction energy in the mix              :        -3.81634 kcal/mol
 VdW interaction energy in the mix                 :       -14.08300 kcal/mol
 Gas liquid transition energy in the mix (H_glt)   :         8.25184 kcal/mol
 Normalized weight factor of molecule in compound  :         0.51413
 Normalized weight factor of molecule in gas phase :         0.94961

 Compound: 3 Conformer: 4 (lacticacid_c3)
 Chemical potential of the molecule in the mixture :         2.07528 kcal/mol
 Log10(partial pressure [mbar])                    :        -2.62131
 Free energy of molecule in mix (E_COSMO+dE+Mu)    :   -215744.11015 kcal/mol
 Total mean interaction energy in the mix          :        -8.80661 kcal/mol
 Misfit interaction energy in the mix              :         2.25654 kcal/mol
 H-Bond interaction energy in the mix              :        -5.25669 kcal/mol
 VdW interaction energy in the mix                 :       -14.05831 kcal/mol
 Gas liquid transition energy in the mix (H_glt)   :         8.25184 kcal/mol
 Normalized weight factor of molecule in compound  :         0.15309
 Normalized weight factor of molecule in gas phase :         0.02089

 Compound: 3 Conformer: 5 (lacticacid_c4)
 Chemical potential of the molecule in the mixture :         2.15156 kcal/mol
 Log10(partial pressure [mbar])                    :        -4.23167
 Free energy of molecule in mix (E_COSMO+dE+Mu)    :   -215743.94727 kcal/mol
 Total mean interaction energy in the mix          :        -9.39931 kcal/mol
 Misfit interaction energy in the mix              :         2.52681 kcal/mol
 H-Bond interaction energy in the mix              :        -6.07795 kcal/mol
 VdW interaction energy in the mix                 :       -14.10001 kcal/mol
 Gas liquid transition energy in the mix (H_glt)   :         8.25184 kcal/mol
 Normalized weight factor of molecule in compound  :         0.11575
 Normalized weight factor of molecule in gas phase :         0.00039

 Compound: 3 Conformer: 6 (lacticacid_c5)
 Chemical potential of the molecule in the mixture :         1.98235 kcal/mol
 Log10(partial pressure [mbar])                    :        -2.72226
 Free energy of molecule in mix (E_COSMO+dE+Mu)    :   -215744.05311 kcal/mol
 Total mean interaction energy in the mix          :        -8.97331 kcal/mol
 Misfit interaction energy in the mix              :         2.22069 kcal/mol
 H-Bond interaction energy in the mix              :        -5.35902 kcal/mol
 VdW interaction energy in the mix                 :       -14.08682 kcal/mol
 Gas liquid transition energy in the mix (H_glt)   :         8.25184 kcal/mol
 Normalized weight factor of molecule in compound  :         0.13881
 Normalized weight factor of molecule in gas phase :         0.01500




 Results for mixture 33 - LIQ_EX Phase 1 Iteration   16
 ----------------------
 Temperature          :    293.150 K
 Compound Nr.         :         1         2         3
 Compound             :       h2o 3-heptano lacticaci
 Mole Fraction        :    0.9973    0.0007    0.0020

 Compound: 1  (h2o)
 Chemical potential of the compound in the mixture :         2.88314 kcal/mol
 Log10(partial pressure [mbar])                    :         0.99138
 Free energy of molecule in mix (E_COSMO+dE+Mu)    :    -47990.37013 kcal/mol
 Total mean interaction energy in the mix (H_int)  :        -5.86125 kcal/mol
 Misfit interaction energy in the mix (H_MF)       :         0.54812 kcal/mol
 H-Bond interaction energy in the mix (H_HB)       :        -4.97483 kcal/mol
 VdW interaction energy in the mix (H_vdW)         :        -4.36659 kcal/mol
 Gas liquid transition energy in the mix (H_glt)   :         2.93205 kcal/mol

 Compound: 2  (3-heptanol)
 Chemical potential of the compound in the mixture :         3.36547 kcal/mol
 Log10(partial pressure [mbar])                    :         2.93617
 Free energy of molecule in mix (E_COSMO+dE+Mu)    :   -220747.17213 kcal/mol
 Total mean interaction energy in the mix (H_int)  :       -10.32570 kcal/mol
 Misfit interaction energy in the mix (H_MF)       :         2.44769 kcal/mol
 H-Bond interaction energy in the mix (H_HB)       :        -4.23104 kcal/mol
 VdW interaction energy in the mix (H_vdW)         :       -20.82290 kcal/mol
 Gas liquid transition energy in the mix (H_glt)   :        12.21004 kcal/mol

 Compound: 3  (lacticacid)
 Chemical potential of the compound in the mixture :         3.59072 kcal/mol
 Log10(partial pressure [mbar])                    :        -1.67122
 Free energy of molecule in mix (E_COSMO+dE+Mu)    :   -215745.08942 kcal/mol
 Total mean interaction energy in the mix (H_int)  :        -8.51826 kcal/mol
 Misfit interaction energy in the mix (H_MF)       :         1.78392 kcal/mol
 H-Bond interaction energy in the mix (H_HB)       :        -7.44118 kcal/mol
 VdW interaction energy in the mix (H_vdW)         :       -13.38772 kcal/mol
 Gas liquid transition energy in the mix (H_glt)   :         8.25184 kcal/mol



 Compound: 1 Conformer: 1 (h2o_c0)
 Chemical potential of the molecule in the mixture :         2.88314 kcal/mol
 Log10(partial pressure [mbar])                    :         0.99138
 Free energy of molecule in mix (E_COSMO+dE+Mu)    :    -47990.37013 kcal/mol
 Total mean interaction energy in the mix          :        -5.86125 kcal/mol
 Misfit interaction energy in the mix              :         0.54812 kcal/mol
 H-Bond interaction energy in the mix              :        -4.97483 kcal/mol
 VdW interaction energy in the mix                 :        -4.36659 kcal/mol
 Gas liquid transition energy in the mix (H_glt)   :         2.93205 kcal/mol
 Normalized weight factor of molecule in compound  :         1.00000
 Normalized weight factor of molecule in gas phase :         1.00000

 Compound: 2 Conformer: 1 (3-heptanol_c0)
 Chemical potential of the molecule in the mixture :         4.65110 kcal/mol
 Log10(partial pressure [mbar])                    :         3.24026
 Free energy of molecule in mix (E_COSMO+dE+Mu)    :   -220745.83752 kcal/mol
 Total mean interaction energy in the mix          :       -10.24339 kcal/mol
 Misfit interaction energy in the mix              :         2.41190 kcal/mol
 H-Bond interaction energy in the mix              :        -3.96940 kcal/mol
 VdW interaction energy in the mix                 :       -20.89593 kcal/mol
 Gas liquid transition energy in the mix (H_glt)   :        12.21004 kcal/mol
 Normalized weight factor of molecule in compound  :         0.10117
 Normalized weight factor of molecule in gas phase :         0.17473

 Compound: 2 Conformer: 2 (3-heptanol_c1)
 Chemical potential of the molecule in the mixture :         4.74232 kcal/mol
 Log10(partial pressure [mbar])                    :         3.32969
 Free energy of molecule in mix (E_COSMO+dE+Mu)    :   -220745.77610 kcal/mol
 Total mean interaction energy in the mix          :       -10.12553 kcal/mol
 Misfit interaction energy in the mix              :         2.46857 kcal/mol
 H-Bond interaction energy in the mix              :        -3.91940 kcal/mol
 VdW interaction energy in the mix                 :       -20.88473 kcal/mol
 Gas liquid transition energy in the mix (H_glt)   :        12.21004 kcal/mol
 Normalized weight factor of molecule in compound  :         0.09104
 Normalized weight factor of molecule in gas phase :         0.19532

 Compound: 2 Conformer: 3 (3-heptanol_c2)
 Chemical potential of the molecule in the mixture :         4.82175 kcal/mol
 Log10(partial pressure [mbar])                    :         3.27594
 Free energy of molecule in mix (E_COSMO+dE+Mu)    :   -220745.69806 kcal/mol
 Total mean interaction energy in the mix          :       -10.21854 kcal/mol
 Misfit interaction energy in the mix              :         2.41612 kcal/mol
 H-Bond interaction energy in the mix              :        -3.93583 kcal/mol
 VdW interaction energy in the mix                 :       -20.90887 kcal/mol
 Gas liquid transition energy in the mix (H_glt)   :        12.21004 kcal/mol
 Normalized weight factor of molecule in compound  :         0.07963
 Normalized weight factor of molecule in gas phase :         0.17000

 Compound: 2 Conformer: 4 (3-heptanol_c3)
 Chemical potential of the molecule in the mixture :         4.43338 kcal/mol
 Log10(partial pressure [mbar])                    :         2.85471
 Free energy of molecule in mix (E_COSMO+dE+Mu)    :   -220745.99685 kcal/mol
 Total mean interaction energy in the mix          :       -10.48792 kcal/mol
 Misfit interaction energy in the mix              :         2.45403 kcal/mol
 H-Bond interaction energy in the mix              :        -4.25092 kcal/mol
 VdW interaction energy in the mix                 :       -20.90107 kcal/mol
 Gas liquid transition energy in the mix (H_glt)   :        12.21004 kcal/mol
 Normalized weight factor of molecule in compound  :         0.13299
 Normalized weight factor of molecule in gas phase :         0.10306

 Compound: 2 Conformer: 5 (3-heptanol_c4)
 Chemical potential of the molecule in the mixture :         4.27521 kcal/mol
 Log10(partial pressure [mbar])                    :         2.71148
 Free energy of molecule in mix (E_COSMO+dE+Mu)    :   -220746.26238 kcal/mol
 Total mean interaction energy in the mix          :       -10.53849 kcal/mol
 Misfit interaction energy in the mix              :         2.46427 kcal/mol
 H-Bond interaction energy in the mix              :        -4.39723 kcal/mol
 VdW interaction energy in the mix                 :       -20.81556 kcal/mol
 Gas liquid transition energy in the mix (H_glt)   :        12.21004 kcal/mol
 Normalized weight factor of molecule in compound  :         0.20979
 Normalized weight factor of molecule in gas phase :         0.10362

 Compound: 2 Conformer: 6 (3-heptanol_c5)
 Chemical potential of the molecule in the mixture :         4.37999 kcal/mol
 Log10(partial pressure [mbar])                    :         2.80887
 Free energy of molecule in mix (E_COSMO+dE+Mu)    :   -220746.01041 kcal/mol
 Total mean interaction energy in the mix          :       -10.46309 kcal/mol
 Misfit interaction energy in the mix              :         2.43914 kcal/mol
 H-Bond interaction energy in the mix              :        -4.22211 kcal/mol
 VdW interaction energy in the mix                 :       -20.89016 kcal/mol
 Gas liquid transition energy in the mix (H_glt)   :        12.21004 kcal/mol
 Normalized weight factor of molecule in compound  :         0.13612
 Normalized weight factor of molecule in gas phase :         0.09651

 Compound: 2 Conformer: 7 (3-heptanol_c6)
 Chemical potential of the molecule in the mixture :         4.39124 kcal/mol
 Log10(partial pressure [mbar])                    :         2.76817
 Free energy of molecule in mix (E_COSMO+dE+Mu)    :   -220746.10609 kcal/mol
 Total mean interaction energy in the mix          :       -10.47057 kcal/mol
 Misfit interaction energy in the mix              :         2.48573 kcal/mol
 H-Bond interaction energy in the mix              :        -4.39154 kcal/mol
 VdW interaction energy in the mix                 :       -20.77481 kcal/mol
 Gas liquid transition energy in the mix (H_glt)   :        12.21004 kcal/mol
 Normalized weight factor of molecule in compound  :         0.16042
 Normalized weight factor of molecule in gas phase :         0.08757

 Compound: 2 Conformer: 8 (3-heptanol_c7)
 Chemical potential of the molecule in the mixture :         4.53245 kcal/mol
 Log10(partial pressure [mbar])                    :         2.84060
 Free energy of molecule in mix (E_COSMO+dE+Mu)    :   -220745.76183 kcal/mol
 Total mean interaction energy in the mix          :       -10.29686 kcal/mol
 Misfit interaction energy in the mix              :         2.39107 kcal/mol
 H-Bond interaction energy in the mix              :        -4.41457 kcal/mol
 VdW interaction energy in the mix                 :       -20.48340 kcal/mol
 Gas liquid transition energy in the mix (H_glt)   :        12.21004 kcal/mol
 Normalized weight factor of molecule in compound  :         0.08884
 Normalized weight factor of molecule in gas phase :         0.06919

 Compound: 3 Conformer: 1 (lacticacid_c0)
 Chemical potential of the molecule in the mixture :         5.52820 kcal/mol
 Log10(partial pressure [mbar])                    :        -1.46746
 Free energy of molecule in mix (E_COSMO+dE+Mu)    :   -215743.15194 kcal/mol
 Total mean interaction energy in the mix          :        -7.84963 kcal/mol
 Misfit interaction energy in the mix              :         1.82103 kcal/mol
 H-Bond interaction energy in the mix              :        -4.58521 kcal/mol
 VdW interaction energy in the mix                 :       -13.33729 kcal/mol
 Gas liquid transition energy in the mix (H_glt)   :         8.25184 kcal/mol
 Normalized weight factor of molecule in compound  :         0.03594
 Normalized weight factor of molecule in gas phase :         0.00476

 Compound: 3 Conformer: 2 (lacticacid_c1)
 Chemical potential of the molecule in the mixture :         5.68383 kcal/mol
 Log10(partial pressure [mbar])                    :        -0.93441
 Free energy of molecule in mix (E_COSMO+dE+Mu)    :   -215742.81481 kcal/mol
 Total mean interaction energy in the mix          :        -7.38366 kcal/mol
 Misfit interaction energy in the mix              :         1.94286 kcal/mol
 H-Bond interaction energy in the mix              :        -4.26251 kcal/mol
 VdW interaction energy in the mix                 :       -13.31584 kcal/mol
 Gas liquid transition energy in the mix (H_glt)   :         8.25184 kcal/mol
 Normalized weight factor of molecule in compound  :         0.02015
 Normalized weight factor of molecule in gas phase :         0.00936

 Compound: 3 Conformer: 3 (lacticacid_c2)
 Chemical potential of the molecule in the mixture :         3.82953 kcal/mol
 Log10(partial pressure [mbar])                    :        -0.20614
 Free energy of molecule in mix (E_COSMO+dE+Mu)    :   -215743.77693 kcal/mol
 Total mean interaction energy in the mix          :        -8.50558 kcal/mol
 Misfit interaction energy in the mix              :         1.86283 kcal/mol
 H-Bond interaction energy in the mix              :        -5.21824 kcal/mol
 VdW interaction energy in the mix                 :       -13.40201 kcal/mol
 Gas liquid transition energy in the mix (H_glt)   :         8.25184 kcal/mol
 Normalized weight factor of molecule in compound  :         0.10508
 Normalized weight factor of molecule in gas phase :         0.94961

 Compound: 3 Conformer: 4 (lacticacid_c3)
 Chemical potential of the molecule in the mixture :         2.02489 kcal/mol
 Log10(partial pressure [mbar])                    :        -2.65888
 Free energy of molecule in mix (E_COSMO+dE+Mu)    :   -215744.16055 kcal/mol
 Total mean interaction energy in the mix          :       -10.73026 kcal/mol
 Misfit interaction energy in the mix              :         1.78648 kcal/mol
 H-Bond interaction energy in the mix              :        -7.39419 kcal/mol
 VdW interaction energy in the mix                 :       -13.37439 kcal/mol
 Gas liquid transition energy in the mix (H_glt)   :         8.25184 kcal/mol
 Normalized weight factor of molecule in compound  :         0.20301
 Normalized weight factor of molecule in gas phase :         0.02089

 Compound: 3 Conformer: 5 (lacticacid_c4)
 Chemical potential of the molecule in the mixture :         1.45325 kcal/mol
 Log10(partial pressure [mbar])                    :        -4.75226
 Free energy of molecule in mix (E_COSMO+dE+Mu)    :   -215744.64558 kcal/mol
 Total mean interaction energy in the mix          :       -11.70279 kcal/mol
 Misfit interaction energy in the mix              :         1.76413 kcal/mol
 H-Bond interaction energy in the mix              :        -8.32449 kcal/mol
 VdW interaction energy in the mix                 :       -13.39427 kcal/mol
 Gas liquid transition energy in the mix (H_glt)   :         8.25184 kcal/mol
 Normalized weight factor of molecule in compound  :         0.46678
 Normalized weight factor of molecule in gas phase :         0.00039

 Compound: 3 Conformer: 6 (lacticacid_c5)
 Chemical potential of the molecule in the mixture :         1.98160 kcal/mol
 Log10(partial pressure [mbar])                    :        -2.72282
 Free energy of molecule in mix (E_COSMO+dE+Mu)    :   -215744.05386 kcal/mol
 Total mean interaction energy in the mix          :       -10.81111 kcal/mol
 Misfit interaction energy in the mix              :         1.75960 kcal/mol
 H-Bond interaction energy in the mix              :        -7.42647 kcal/mol
 VdW interaction energy in the mix                 :       -13.39608 kcal/mol
 Gas liquid transition energy in the mix (H_glt)   :         8.25184 kcal/mol
 Normalized weight factor of molecule in compound  :         0.16904
 Normalized weight factor of molecule in gas phase :         0.01500




 Results for mixture 34 - LIQ_EX Phase 2 Iteration   16
 ----------------------
 Temperature          :    293.150 K
 Compound Nr.         :         1         2         3
 Compound             :       h2o 3-heptano lacticaci
 Mole Fraction        :    0.2827    0.7149    0.0024

 Compound: 1  (h2o)
 Chemical potential of the compound in the mixture :         3.61750 kcal/mol
 Log10(partial pressure [mbar])                    :         1.53885
 Free energy of molecule in mix (E_COSMO+dE+Mu)    :    -47989.63577 kcal/mol
 Total mean interaction energy in the mix (H_int)  :        -5.56899 kcal/mol
 Misfit interaction energy in the mix (H_MF)       :         0.90456 kcal/mol
 H-Bond interaction energy in the mix (H_HB)       :        -4.78269 kcal/mol
 VdW interaction energy in the mix (H_vdW)         :        -4.62291 kcal/mol
 Gas liquid transition energy in the mix (H_glt)   :         2.93205 kcal/mol
 Equilibrium constant Kx(1,2)                      :         3.52754
 Equilibrium concentration x_k(1,2)                :         0.77913

 Compound: 2  (3-heptanol)
 Chemical potential of the compound in the mixture :        -0.67274 kcal/mol
 Log10(partial pressure [mbar])                    :        -0.07434
 Free energy of molecule in mix (E_COSMO+dE+Mu)    :   -220751.21033 kcal/mol
 Total mean interaction energy in the mix (H_int)  :        -9.97497 kcal/mol
 Misfit interaction energy in the mix (H_MF)       :         2.18433 kcal/mol
 H-Bond interaction energy in the mix (H_HB)       :        -2.90131 kcal/mol
 VdW interaction energy in the mix (H_vdW)         :       -21.54905 kcal/mol
 Gas liquid transition energy in the mix (H_glt)   :        12.21004 kcal/mol
 Equilibrium constant Kx(1,2)                      :  9.76085804E-04
 Equilibrium concentration x_k(1,2)                :         0.00098

 Compound: 3  (lacticacid)
 Chemical potential of the compound in the mixture :         3.47663 kcal/mol
 Log10(partial pressure [mbar])                    :        -1.75628
 Free energy of molecule in mix (E_COSMO+dE+Mu)    :   -215745.20351 kcal/mol
 Total mean interaction energy in the mix (H_int)  :        -6.43197 kcal/mol
 Misfit interaction energy in the mix (H_MF)       :         2.24784 kcal/mol
 H-Bond interaction energy in the mix (H_HB)       :        -4.45753 kcal/mol
 VdW interaction energy in the mix (H_vdW)         :       -14.07778 kcal/mol
 Gas liquid transition energy in the mix (H_glt)   :         8.25184 kcal/mol
 Equilibrium constant Kx(1,2)                      :         0.82214
 Equilibrium concentration x_k(1,2)                :         0.45120



 Compound: 1 Conformer: 1 (h2o_c0)
 Chemical potential of the molecule in the mixture :         3.61750 kcal/mol
 Log10(partial pressure [mbar])                    :         1.53885
 Free energy of molecule in mix (E_COSMO+dE+Mu)    :    -47989.63577 kcal/mol
 Total mean interaction energy in the mix          :        -5.56899 kcal/mol
 Misfit interaction energy in the mix              :         0.90456 kcal/mol
 H-Bond interaction energy in the mix              :        -4.78269 kcal/mol
 VdW interaction energy in the mix                 :        -4.62291 kcal/mol
 Gas liquid transition energy in the mix (H_glt)   :         2.93205 kcal/mol
 Normalized weight factor of molecule in compound  :         1.00000
 Normalized weight factor of molecule in gas phase :         1.00000

 Compound: 2 Conformer: 1 (3-heptanol_c0)
 Chemical potential of the molecule in the mixture :         0.56744 kcal/mol
 Log10(partial pressure [mbar])                    :         0.19585
 Free energy of molecule in mix (E_COSMO+dE+Mu)    :   -220749.92118 kcal/mol
 Total mean interaction energy in the mix          :        -9.76310 kcal/mol
 Misfit interaction energy in the mix              :         2.20232 kcal/mol
 H-Bond interaction energy in the mix              :        -2.57922 kcal/mol
 VdW interaction energy in the mix                 :       -21.59624 kcal/mol
 Gas liquid transition energy in the mix (H_glt)   :        12.21004 kcal/mol
 Normalized weight factor of molecule in compound  :         0.10938
 Normalized weight factor of molecule in gas phase :         0.17473

 Compound: 2 Conformer: 2 (3-heptanol_c1)
 Chemical potential of the molecule in the mixture :         0.61782 kcal/mol
 Log10(partial pressure [mbar])                    :         0.25484
 Free energy of molecule in mix (E_COSMO+dE+Mu)    :   -220749.90060 kcal/mol
 Total mean interaction energy in the mix          :        -9.68642 kcal/mol
 Misfit interaction energy in the mix              :         2.20928 kcal/mol
 H-Bond interaction energy in the mix              :        -2.52093 kcal/mol
 VdW interaction energy in the mix                 :       -21.58481 kcal/mol
 Gas liquid transition energy in the mix (H_glt)   :        12.21004 kcal/mol
 Normalized weight factor of molecule in compound  :         0.10558
 Normalized weight factor of molecule in gas phase :         0.19532

 Compound: 2 Conformer: 3 (3-heptanol_c2)
 Chemical potential of the molecule in the mixture :         0.51053 kcal/mol
 Log10(partial pressure [mbar])                    :         0.06190
 Free energy of molecule in mix (E_COSMO+dE+Mu)    :   -220750.00928 kcal/mol
 Total mean interaction energy in the mix          :        -9.68477 kcal/mol
 Misfit interaction energy in the mix              :         2.16592 kcal/mol
 H-Bond interaction energy in the mix              :        -2.45477 kcal/mol
 VdW interaction energy in the mix                 :       -21.60596 kcal/mol
 Gas liquid transition energy in the mix (H_glt)   :        12.21004 kcal/mol
 Normalized weight factor of molecule in compound  :         0.12723
 Normalized weight factor of molecule in gas phase :         0.17000

 Compound: 2 Conformer: 4 (3-heptanol_c3)
 Chemical potential of the molecule in the mixture :         0.18702 kcal/mol
 Log10(partial pressure [mbar])                    :        -0.31098
 Free energy of molecule in mix (E_COSMO+dE+Mu)    :   -220750.24320 kcal/mol
 Total mean interaction energy in the mix          :       -10.30884 kcal/mol
 Misfit interaction energy in the mix              :         2.14915 kcal/mol
 H-Bond interaction energy in the mix              :        -3.05789 kcal/mol
 VdW interaction energy in the mix                 :       -21.61014 kcal/mol
 Gas liquid transition energy in the mix (H_glt)   :        12.21004 kcal/mol
 Normalized weight factor of molecule in compound  :         0.19011
 Normalized weight factor of molecule in gas phase :         0.10306

 Compound: 2 Conformer: 5 (3-heptanol_c4)
 Chemical potential of the molecule in the mixture :         0.61093 kcal/mol
 Log10(partial pressure [mbar])                    :        -0.02027
 Free energy of molecule in mix (E_COSMO+dE+Mu)    :   -220749.92667 kcal/mol
 Total mean interaction energy in the mix          :       -10.14569 kcal/mol
 Misfit interaction energy in the mix              :         2.25881 kcal/mol
 H-Bond interaction energy in the mix              :        -3.09478 kcal/mol
 VdW interaction energy in the mix                 :       -21.51976 kcal/mol
 Gas liquid transition energy in the mix (H_glt)   :        12.21004 kcal/mol
 Normalized weight factor of molecule in compound  :         0.11041
 Normalized weight factor of molecule in gas phase :         0.10362

 Compound: 2 Conformer: 6 (3-heptanol_c5)
 Chemical potential of the molecule in the mixture :         0.13574 kcal/mol
 Log10(partial pressure [mbar])                    :        -0.35525
 Free energy of molecule in mix (E_COSMO+dE+Mu)    :   -220750.25466 kcal/mol
 Total mean interaction energy in the mix          :       -10.37792 kcal/mol
 Misfit interaction energy in the mix              :         2.13610 kcal/mol
 H-Bond interaction energy in the mix              :        -3.12354 kcal/mol
 VdW interaction energy in the mix                 :       -21.60053 kcal/mol
 Gas liquid transition energy in the mix (H_glt)   :        12.21004 kcal/mol
 Normalized weight factor of molecule in compound  :         0.19388
 Normalized weight factor of molecule in gas phase :         0.09651

 Compound: 2 Conformer: 7 (3-heptanol_c6)
 Chemical potential of the molecule in the mixture :         0.72063 kcal/mol
 Log10(partial pressure [mbar])                    :         0.03171
 Free energy of molecule in mix (E_COSMO+dE+Mu)    :   -220749.77669 kcal/mol
 Total mean interaction energy in the mix          :       -10.03693 kcal/mol
 Misfit interaction energy in the mix              :         2.27786 kcal/mol
 H-Bond interaction energy in the mix              :        -3.04442 kcal/mol
 VdW interaction energy in the mix                 :       -21.48041 kcal/mol
 Gas liquid transition energy in the mix (H_glt)   :        12.21004 kcal/mol
 Normalized weight factor of molecule in compound  :         0.08535
 Normalized weight factor of molecule in gas phase :         0.08757

 Compound: 2 Conformer: 8 (3-heptanol_c7)
 Chemical potential of the molecule in the mixture :         0.56966 kcal/mol
 Log10(partial pressure [mbar])                    :        -0.11369
 Free energy of molecule in mix (E_COSMO+dE+Mu)    :   -220749.72461 kcal/mol
 Total mean interaction energy in the mix          :       -10.04994 kcal/mol
 Misfit interaction energy in the mix              :         2.15323 kcal/mol
 H-Bond interaction energy in the mix              :        -3.23155 kcal/mol
 VdW interaction energy in the mix                 :       -21.18166 kcal/mol
 Gas liquid transition energy in the mix (H_glt)   :        12.21004 kcal/mol
 Normalized weight factor of molecule in compound  :         0.07805
 Normalized weight factor of molecule in gas phase :         0.06919

 Compound: 3 Conformer: 1 (lacticacid_c0)
 Chemical potential of the molecule in the mixture :         5.14395 kcal/mol
 Log10(partial pressure [mbar])                    :        -1.75392
 Free energy of molecule in mix (E_COSMO+dE+Mu)    :   -215743.53619 kcal/mol
 Total mean interaction energy in the mix          :        -6.37159 kcal/mol
 Misfit interaction energy in the mix              :         2.63615 kcal/mol
 H-Bond interaction energy in the mix              :        -3.21695 kcal/mol
 VdW interaction energy in the mix                 :       -14.04263 kcal/mol
 Gas liquid transition energy in the mix (H_glt)   :         8.25184 kcal/mol
 Normalized weight factor of molecule in compound  :         0.05715
 Normalized weight factor of molecule in gas phase :         0.00476

 Compound: 3 Conformer: 2 (lacticacid_c1)
 Chemical potential of the molecule in the mixture :         5.54342 kcal/mol
 Log10(partial pressure [mbar])                    :        -1.03909
 Free energy of molecule in mix (E_COSMO+dE+Mu)    :   -215742.95523 kcal/mol
 Total mean interaction energy in the mix          :        -5.86549 kcal/mol
 Misfit interaction energy in the mix              :         2.70547 kcal/mol
 H-Bond interaction energy in the mix              :        -2.81637 kcal/mol
 VdW interaction energy in the mix                 :       -14.00644 kcal/mol
 Gas liquid transition energy in the mix (H_glt)   :         8.25184 kcal/mol
 Normalized weight factor of molecule in compound  :         0.02108
 Normalized weight factor of molecule in gas phase :         0.00936

 Compound: 3 Conformer: 3 (lacticacid_c2)
 Chemical potential of the molecule in the mixture :         2.79054 kcal/mol
 Log10(partial pressure [mbar])                    :        -0.98071
 Free energy of molecule in mix (E_COSMO+dE+Mu)    :   -215744.81593 kcal/mol
 Total mean interaction energy in the mix          :        -7.51963 kcal/mol
 Misfit interaction energy in the mix              :         2.12791 kcal/mol
 H-Bond interaction energy in the mix              :        -3.81641 kcal/mol
 VdW interaction energy in the mix                 :       -14.08298 kcal/mol
 Gas liquid transition energy in the mix (H_glt)   :         8.25184 kcal/mol
 Normalized weight factor of molecule in compound  :         0.51411
 Normalized weight factor of molecule in gas phase :         0.94961

 Compound: 3 Conformer: 4 (lacticacid_c3)
 Chemical potential of the molecule in the mixture :         2.07520 kcal/mol
 Log10(partial pressure [mbar])                    :        -2.62137
 Free energy of molecule in mix (E_COSMO+dE+Mu)    :   -215744.11024 kcal/mol
 Total mean interaction energy in the mix          :        -8.80678 kcal/mol
 Misfit interaction energy in the mix              :         2.25646 kcal/mol
 H-Bond interaction energy in the mix              :        -5.25679 kcal/mol
 VdW interaction energy in the mix                 :       -14.05829 kcal/mol
 Gas liquid transition energy in the mix (H_glt)   :         8.25184 kcal/mol
 Normalized weight factor of molecule in compound  :         0.15309
 Normalized weight factor of molecule in gas phase :         0.02089

 Compound: 3 Conformer: 5 (lacticacid_c4)
 Chemical potential of the molecule in the mixture :         2.15146 kcal/mol
 Log10(partial pressure [mbar])                    :        -4.23174
 Free energy of molecule in mix (E_COSMO+dE+Mu)    :   -215743.94737 kcal/mol
 Total mean interaction energy in the mix          :        -9.39952 kcal/mol
 Misfit interaction energy in the mix              :         2.52672 kcal/mol
 H-Bond interaction energy in the mix              :        -6.07809 kcal/mol
 VdW interaction energy in the mix                 :       -14.09999 kcal/mol
 Gas liquid transition energy in the mix (H_glt)   :         8.25184 kcal/mol
 Normalized weight factor of molecule in compound  :         0.11576
 Normalized weight factor of molecule in gas phase :         0.00039

 Compound: 3 Conformer: 6 (lacticacid_c5)
 Chemical potential of the molecule in the mixture :         1.98228 kcal/mol
 Log10(partial pressure [mbar])                    :        -2.72231
 Free energy of molecule in mix (E_COSMO+dE+Mu)    :   -215744.05319 kcal/mol
 Total mean interaction energy in the mix          :        -8.97346 kcal/mol
 Misfit interaction energy in the mix              :         2.22060 kcal/mol
 H-Bond interaction energy in the mix              :        -5.35911 kcal/mol
 VdW interaction energy in the mix                 :       -14.08679 kcal/mol
 Gas liquid transition energy in the mix (H_glt)   :         8.25184 kcal/mol
 Normalized weight factor of molecule in compound  :         0.13881
 Normalized weight factor of molecule in gas phase :         0.01500




 Results for mixture 35 - LIQ_EX Phase 1 Iteration   17
 ----------------------
 Temperature          :    293.150 K
 Compound Nr.         :         1         2         3
 Compound             :       h2o 3-heptano lacticaci
 Mole Fraction        :    0.9973    0.0007    0.0020

 Compound: 1  (h2o)
 Chemical potential of the compound in the mixture :         2.88314 kcal/mol
 Log10(partial pressure [mbar])                    :         0.99138
 Free energy of molecule in mix (E_COSMO+dE+Mu)    :    -47990.37013 kcal/mol
 Total mean interaction energy in the mix (H_int)  :        -5.86125 kcal/mol
 Misfit interaction energy in the mix (H_MF)       :         0.54812 kcal/mol
 H-Bond interaction energy in the mix (H_HB)       :        -4.97483 kcal/mol
 VdW interaction energy in the mix (H_vdW)         :        -4.36659 kcal/mol
 Gas liquid transition energy in the mix (H_glt)   :         2.93205 kcal/mol

 Compound: 2  (3-heptanol)
 Chemical potential of the compound in the mixture :         3.36547 kcal/mol
 Log10(partial pressure [mbar])                    :         2.93617
 Free energy of molecule in mix (E_COSMO+dE+Mu)    :   -220747.17212 kcal/mol
 Total mean interaction energy in the mix (H_int)  :       -10.32570 kcal/mol
 Misfit interaction energy in the mix (H_MF)       :         2.44768 kcal/mol
 H-Bond interaction energy in the mix (H_HB)       :        -4.23104 kcal/mol
 VdW interaction energy in the mix (H_vdW)         :       -20.82290 kcal/mol
 Gas liquid transition energy in the mix (H_glt)   :        12.21004 kcal/mol

 Compound: 3  (lacticacid)
 Chemical potential of the compound in the mixture :         3.59072 kcal/mol
 Log10(partial pressure [mbar])                    :        -1.67122
 Free energy of molecule in mix (E_COSMO+dE+Mu)    :   -215745.08942 kcal/mol
 Total mean interaction energy in the mix (H_int)  :        -8.51826 kcal/mol
 Misfit interaction energy in the mix (H_MF)       :         1.78392 kcal/mol
 H-Bond interaction energy in the mix (H_HB)       :        -7.44118 kcal/mol
 VdW interaction energy in the mix (H_vdW)         :       -13.38772 kcal/mol
 Gas liquid transition energy in the mix (H_glt)   :         8.25184 kcal/mol



 Compound: 1 Conformer: 1 (h2o_c0)
 Chemical potential of the molecule in the mixture :         2.88314 kcal/mol
 Log10(partial pressure [mbar])                    :         0.99138
 Free energy of molecule in mix (E_COSMO+dE+Mu)    :    -47990.37013 kcal/mol
 Total mean interaction energy in the mix          :        -5.86125 kcal/mol
 Misfit interaction energy in the mix              :         0.54812 kcal/mol
 H-Bond interaction energy in the mix              :        -4.97483 kcal/mol
 VdW interaction energy in the mix                 :        -4.36659 kcal/mol
 Gas liquid transition energy in the mix (H_glt)   :         2.93205 kcal/mol
 Normalized weight factor of molecule in compound  :         1.00000
 Normalized weight factor of molecule in gas phase :         1.00000

 Compound: 2 Conformer: 1 (3-heptanol_c0)
 Chemical potential of the molecule in the mixture :         4.65111 kcal/mol
 Log10(partial pressure [mbar])                    :         3.24026
 Free energy of molecule in mix (E_COSMO+dE+Mu)    :   -220745.83751 kcal/mol
 Total mean interaction energy in the mix          :       -10.24339 kcal/mol
 Misfit interaction energy in the mix              :         2.41190 kcal/mol
 H-Bond interaction energy in the mix              :        -3.96940 kcal/mol
 VdW interaction energy in the mix                 :       -20.89593 kcal/mol
 Gas liquid transition energy in the mix (H_glt)   :        12.21004 kcal/mol
 Normalized weight factor of molecule in compound  :         0.10117
 Normalized weight factor of molecule in gas phase :         0.17473

 Compound: 2 Conformer: 2 (3-heptanol_c1)
 Chemical potential of the molecule in the mixture :         4.74233 kcal/mol
 Log10(partial pressure [mbar])                    :         3.32970
 Free energy of molecule in mix (E_COSMO+dE+Mu)    :   -220745.77610 kcal/mol
 Total mean interaction energy in the mix          :       -10.12553 kcal/mol
 Misfit interaction energy in the mix              :         2.46857 kcal/mol
 H-Bond interaction energy in the mix              :        -3.91940 kcal/mol
 VdW interaction energy in the mix                 :       -20.88473 kcal/mol
 Gas liquid transition energy in the mix (H_glt)   :        12.21004 kcal/mol
 Normalized weight factor of molecule in compound  :         0.09104
 Normalized weight factor of molecule in gas phase :         0.19532

 Compound: 2 Conformer: 3 (3-heptanol_c2)
 Chemical potential of the molecule in the mixture :         4.82175 kcal/mol
 Log10(partial pressure [mbar])                    :         3.27595
 Free energy of molecule in mix (E_COSMO+dE+Mu)    :   -220745.69805 kcal/mol
 Total mean interaction energy in the mix          :       -10.21854 kcal/mol
 Misfit interaction energy in the mix              :         2.41612 kcal/mol
 H-Bond interaction energy in the mix              :        -3.93583 kcal/mol
 VdW interaction energy in the mix                 :       -20.90887 kcal/mol
 Gas liquid transition energy in the mix (H_glt)   :        12.21004 kcal/mol
 Normalized weight factor of molecule in compound  :         0.07963
 Normalized weight factor of molecule in gas phase :         0.17000

 Compound: 2 Conformer: 4 (3-heptanol_c3)
 Chemical potential of the molecule in the mixture :         4.43338 kcal/mol
 Log10(partial pressure [mbar])                    :         2.85471
 Free energy of molecule in mix (E_COSMO+dE+Mu)    :   -220745.99685 kcal/mol
 Total mean interaction energy in the mix          :       -10.48792 kcal/mol
 Misfit interaction energy in the mix              :         2.45403 kcal/mol
 H-Bond interaction energy in the mix              :        -4.25092 kcal/mol
 VdW interaction energy in the mix                 :       -20.90107 kcal/mol
 Gas liquid transition energy in the mix (H_glt)   :        12.21004 kcal/mol
 Normalized weight factor of molecule in compound  :         0.13299
 Normalized weight factor of molecule in gas phase :         0.10306

 Compound: 2 Conformer: 5 (3-heptanol_c4)
 Chemical potential of the molecule in the mixture :         4.27522 kcal/mol
 Log10(partial pressure [mbar])                    :         2.71149
 Free energy of molecule in mix (E_COSMO+dE+Mu)    :   -220746.26238 kcal/mol
 Total mean interaction energy in the mix          :       -10.53849 kcal/mol
 Misfit interaction energy in the mix              :         2.46427 kcal/mol
 H-Bond interaction energy in the mix              :        -4.39723 kcal/mol
 VdW interaction energy in the mix                 :       -20.81556 kcal/mol
 Gas liquid transition energy in the mix (H_glt)   :        12.21004 kcal/mol
 Normalized weight factor of molecule in compound  :         0.20979
 Normalized weight factor of molecule in gas phase :         0.10362

 Compound: 2 Conformer: 6 (3-heptanol_c5)
 Chemical potential of the molecule in the mixture :         4.37999 kcal/mol
 Log10(partial pressure [mbar])                    :         2.80887
 Free energy of molecule in mix (E_COSMO+dE+Mu)    :   -220746.01041 kcal/mol
 Total mean interaction energy in the mix          :       -10.46309 kcal/mol
 Misfit interaction energy in the mix              :         2.43914 kcal/mol
 H-Bond interaction energy in the mix              :        -4.22211 kcal/mol
 VdW interaction energy in the mix                 :       -20.89015 kcal/mol
 Gas liquid transition energy in the mix (H_glt)   :        12.21004 kcal/mol
 Normalized weight factor of molecule in compound  :         0.13612
 Normalized weight factor of molecule in gas phase :         0.09651

 Compound: 2 Conformer: 7 (3-heptanol_c6)
 Chemical potential of the molecule in the mixture :         4.39124 kcal/mol
 Log10(partial pressure [mbar])                    :         2.76817
 Free energy of molecule in mix (E_COSMO+dE+Mu)    :   -220746.10609 kcal/mol
 Total mean interaction energy in the mix          :       -10.47057 kcal/mol
 Misfit interaction energy in the mix              :         2.48573 kcal/mol
 H-Bond interaction energy in the mix              :        -4.39154 kcal/mol
 VdW interaction energy in the mix                 :       -20.77481 kcal/mol
 Gas liquid transition energy in the mix (H_glt)   :        12.21004 kcal/mol
 Normalized weight factor of molecule in compound  :         0.16042
 Normalized weight factor of molecule in gas phase :         0.08757

 Compound: 2 Conformer: 8 (3-heptanol_c7)
 Chemical potential of the molecule in the mixture :         4.53246 kcal/mol
 Log10(partial pressure [mbar])                    :         2.84061
 Free energy of molecule in mix (E_COSMO+dE+Mu)    :   -220745.76182 kcal/mol
 Total mean interaction energy in the mix          :       -10.29686 kcal/mol
 Misfit interaction energy in the mix              :         2.39107 kcal/mol
 H-Bond interaction energy in the mix              :        -4.41457 kcal/mol
 VdW interaction energy in the mix                 :       -20.48340 kcal/mol
 Gas liquid transition energy in the mix (H_glt)   :        12.21004 kcal/mol
 Normalized weight factor of molecule in compound  :         0.08884
 Normalized weight factor of molecule in gas phase :         0.06919

 Compound: 3 Conformer: 1 (lacticacid_c0)
 Chemical potential of the molecule in the mixture :         5.52820 kcal/mol
 Log10(partial pressure [mbar])                    :        -1.46746
 Free energy of molecule in mix (E_COSMO+dE+Mu)    :   -215743.15194 kcal/mol
 Total mean interaction energy in the mix          :        -7.84963 kcal/mol
 Misfit interaction energy in the mix              :         1.82103 kcal/mol
 H-Bond interaction energy in the mix              :        -4.58521 kcal/mol
 VdW interaction energy in the mix                 :       -13.33729 kcal/mol
 Gas liquid transition energy in the mix (H_glt)   :         8.25184 kcal/mol
 Normalized weight factor of molecule in compound  :         0.03594
 Normalized weight factor of molecule in gas phase :         0.00476

 Compound: 3 Conformer: 2 (lacticacid_c1)
 Chemical potential of the molecule in the mixture :         5.68384 kcal/mol
 Log10(partial pressure [mbar])                    :        -0.93441
 Free energy of molecule in mix (E_COSMO+dE+Mu)    :   -215742.81481 kcal/mol
 Total mean interaction energy in the mix          :        -7.38366 kcal/mol
 Misfit interaction energy in the mix              :         1.94286 kcal/mol
 H-Bond interaction energy in the mix              :        -4.26252 kcal/mol
 VdW interaction energy in the mix                 :       -13.31584 kcal/mol
 Gas liquid transition energy in the mix (H_glt)   :         8.25184 kcal/mol
 Normalized weight factor of molecule in compound  :         0.02015
 Normalized weight factor of molecule in gas phase :         0.00936

 Compound: 3 Conformer: 3 (lacticacid_c2)
 Chemical potential of the molecule in the mixture :         3.82953 kcal/mol
 Log10(partial pressure [mbar])                    :        -0.20614
 Free energy of molecule in mix (E_COSMO+dE+Mu)    :   -215743.77693 kcal/mol
 Total mean interaction energy in the mix          :        -8.50558 kcal/mol
 Misfit interaction energy in the mix              :         1.86283 kcal/mol
 H-Bond interaction energy in the mix              :        -5.21824 kcal/mol
 VdW interaction energy in the mix                 :       -13.40201 kcal/mol
 Gas liquid transition energy in the mix (H_glt)   :         8.25184 kcal/mol
 Normalized weight factor of molecule in compound  :         0.10508
 Normalized weight factor of molecule in gas phase :         0.94961

 Compound: 3 Conformer: 4 (lacticacid_c3)
 Chemical potential of the molecule in the mixture :         2.02489 kcal/mol
 Log10(partial pressure [mbar])                    :        -2.65888
 Free energy of molecule in mix (E_COSMO+dE+Mu)    :   -215744.16054 kcal/mol
 Total mean interaction energy in the mix          :       -10.73026 kcal/mol
 Misfit interaction energy in the mix              :         1.78648 kcal/mol
 H-Bond interaction energy in the mix              :        -7.39419 kcal/mol
 VdW interaction energy in the mix                 :       -13.37439 kcal/mol
 Gas liquid transition energy in the mix (H_glt)   :         8.25184 kcal/mol
 Normalized weight factor of molecule in compound  :         0.20301
 Normalized weight factor of molecule in gas phase :         0.02089

 Compound: 3 Conformer: 5 (lacticacid_c4)
 Chemical potential of the molecule in the mixture :         1.45325 kcal/mol
 Log10(partial pressure [mbar])                    :        -4.75226
 Free energy of molecule in mix (E_COSMO+dE+Mu)    :   -215744.64558 kcal/mol
 Total mean interaction energy in the mix          :       -11.70279 kcal/mol
 Misfit interaction energy in the mix              :         1.76413 kcal/mol
 H-Bond interaction energy in the mix              :        -8.32449 kcal/mol
 VdW interaction energy in the mix                 :       -13.39427 kcal/mol
 Gas liquid transition energy in the mix (H_glt)   :         8.25184 kcal/mol
 Normalized weight factor of molecule in compound  :         0.46678
 Normalized weight factor of molecule in gas phase :         0.00039

 Compound: 3 Conformer: 6 (lacticacid_c5)
 Chemical potential of the molecule in the mixture :         1.98161 kcal/mol
 Log10(partial pressure [mbar])                    :        -2.72282
 Free energy of molecule in mix (E_COSMO+dE+Mu)    :   -215744.05386 kcal/mol
 Total mean interaction energy in the mix          :       -10.81111 kcal/mol
 Misfit interaction energy in the mix              :         1.75960 kcal/mol
 H-Bond interaction energy in the mix              :        -7.42647 kcal/mol
 VdW interaction energy in the mix                 :       -13.39607 kcal/mol
 Gas liquid transition energy in the mix (H_glt)   :         8.25184 kcal/mol
 Normalized weight factor of molecule in compound  :         0.16904
 Normalized weight factor of molecule in gas phase :         0.01500




 Results for mixture 36 - LIQ_EX Phase 2 Iteration   17
 ----------------------
 Temperature          :    293.150 K
 Compound Nr.         :         1         2         3
 Compound             :       h2o 3-heptano lacticaci
 Mole Fraction        :    0.2827    0.7149    0.0024

 Compound: 1  (h2o)
 Chemical potential of the compound in the mixture :         3.61748 kcal/mol
 Log10(partial pressure [mbar])                    :         1.53883
 Free energy of molecule in mix (E_COSMO+dE+Mu)    :    -47989.63579 kcal/mol
 Total mean interaction energy in the mix (H_int)  :        -5.56904 kcal/mol
 Misfit interaction energy in the mix (H_MF)       :         0.90451 kcal/mol
 H-Bond interaction energy in the mix (H_HB)       :        -4.78270 kcal/mol
 VdW interaction energy in the mix (H_vdW)         :        -4.62290 kcal/mol
 Gas liquid transition energy in the mix (H_glt)   :         2.93205 kcal/mol
 Equilibrium constant Kx(1,2)                      :         3.52743
 Equilibrium concentration x_k(1,2)                :         0.77912

 Compound: 2  (3-heptanol)
 Chemical potential of the compound in the mixture :        -0.67273 kcal/mol
 Log10(partial pressure [mbar])                    :        -0.07434
 Free energy of molecule in mix (E_COSMO+dE+Mu)    :   -220751.21032 kcal/mol
 Total mean interaction energy in the mix (H_int)  :        -9.97499 kcal/mol
 Misfit interaction energy in the mix (H_MF)       :         2.18435 kcal/mol
 H-Bond interaction energy in the mix (H_HB)       :        -2.90137 kcal/mol
 VdW interaction energy in the mix (H_vdW)         :       -21.54904 kcal/mol
 Gas liquid transition energy in the mix (H_glt)   :        12.21004 kcal/mol
 Equilibrium constant Kx(1,2)                      :  9.76091888E-04
 Equilibrium concentration x_k(1,2)                :         0.00098

 Compound: 3  (lacticacid)
 Chemical potential of the compound in the mixture :         3.47660 kcal/mol
 Log10(partial pressure [mbar])                    :        -1.75630
 Free energy of molecule in mix (E_COSMO+dE+Mu)    :   -215745.20354 kcal/mol
 Total mean interaction energy in the mix (H_int)  :        -6.43205 kcal/mol
 Misfit interaction energy in the mix (H_MF)       :         2.24780 kcal/mol
 H-Bond interaction energy in the mix (H_HB)       :        -4.45761 kcal/mol
 VdW interaction energy in the mix (H_vdW)         :       -14.07776 kcal/mol
 Gas liquid transition energy in the mix (H_glt)   :         8.25184 kcal/mol
 Equilibrium constant Kx(1,2)                      :         0.82210
 Equilibrium concentration x_k(1,2)                :         0.45118



 Compound: 1 Conformer: 1 (h2o_c0)
 Chemical potential of the molecule in the mixture :         3.61748 kcal/mol
 Log10(partial pressure [mbar])                    :         1.53883
 Free energy of molecule in mix (E_COSMO+dE+Mu)    :    -47989.63579 kcal/mol
 Total mean interaction energy in the mix          :        -5.56904 kcal/mol
 Misfit interaction energy in the mix              :         0.90451 kcal/mol
 H-Bond interaction energy in the mix              :        -4.78270 kcal/mol
 VdW interaction energy in the mix                 :        -4.62290 kcal/mol
 Gas liquid transition energy in the mix (H_glt)   :         2.93205 kcal/mol
 Normalized weight factor of molecule in compound  :         1.00000
 Normalized weight factor of molecule in gas phase :         1.00000

 Compound: 2 Conformer: 1 (3-heptanol_c0)
 Chemical potential of the molecule in the mixture :         0.56744 kcal/mol
 Log10(partial pressure [mbar])                    :         0.19586
 Free energy of molecule in mix (E_COSMO+dE+Mu)    :   -220749.92118 kcal/mol
 Total mean interaction energy in the mix          :        -9.76312 kcal/mol
 Misfit interaction energy in the mix              :         2.20234 kcal/mol
 H-Bond interaction energy in the mix              :        -2.57928 kcal/mol
 VdW interaction energy in the mix                 :       -21.59622 kcal/mol
 Gas liquid transition energy in the mix (H_glt)   :        12.21004 kcal/mol
 Normalized weight factor of molecule in compound  :         0.10938
 Normalized weight factor of molecule in gas phase :         0.17473

 Compound: 2 Conformer: 2 (3-heptanol_c1)
 Chemical potential of the molecule in the mixture :         0.61782 kcal/mol
 Log10(partial pressure [mbar])                    :         0.25485
 Free energy of molecule in mix (E_COSMO+dE+Mu)    :   -220749.90060 kcal/mol
 Total mean interaction energy in the mix          :        -9.68645 kcal/mol
 Misfit interaction energy in the mix              :         2.20930 kcal/mol
 H-Bond interaction energy in the mix              :        -2.52099 kcal/mol
 VdW interaction energy in the mix                 :       -21.58480 kcal/mol
 Gas liquid transition energy in the mix (H_glt)   :        12.21004 kcal/mol
 Normalized weight factor of molecule in compound  :         0.10558
 Normalized weight factor of molecule in gas phase :         0.19532

 Compound: 2 Conformer: 3 (3-heptanol_c2)
 Chemical potential of the molecule in the mixture :         0.51054 kcal/mol
 Log10(partial pressure [mbar])                    :         0.06191
 Free energy of molecule in mix (E_COSMO+dE+Mu)    :   -220750.00926 kcal/mol
 Total mean interaction energy in the mix          :        -9.68481 kcal/mol
 Misfit interaction energy in the mix              :         2.16593 kcal/mol
 H-Bond interaction energy in the mix              :        -2.45484 kcal/mol
 VdW interaction energy in the mix                 :       -21.60595 kcal/mol
 Gas liquid transition energy in the mix (H_glt)   :        12.21004 kcal/mol
 Normalized weight factor of molecule in compound  :         0.12723
 Normalized weight factor of molecule in gas phase :         0.17000

 Compound: 2 Conformer: 4 (3-heptanol_c3)
 Chemical potential of the molecule in the mixture :         0.18704 kcal/mol
 Log10(partial pressure [mbar])                    :        -0.31096
 Free energy of molecule in mix (E_COSMO+dE+Mu)    :   -220750.24319 kcal/mol
 Total mean interaction energy in the mix          :       -10.30885 kcal/mol
 Misfit interaction energy in the mix              :         2.14917 kcal/mol
 H-Bond interaction energy in the mix              :        -3.05794 kcal/mol
 VdW interaction energy in the mix                 :       -21.61012 kcal/mol
 Gas liquid transition energy in the mix (H_glt)   :        12.21004 kcal/mol
 Normalized weight factor of molecule in compound  :         0.19010
 Normalized weight factor of molecule in gas phase :         0.10306

 Compound: 2 Conformer: 5 (3-heptanol_c4)
 Chemical potential of the molecule in the mixture :         0.61091 kcal/mol
 Log10(partial pressure [mbar])                    :        -0.02028
 Free energy of molecule in mix (E_COSMO+dE+Mu)    :   -220749.92668 kcal/mol
 Total mean interaction energy in the mix          :       -10.14573 kcal/mol
 Misfit interaction energy in the mix              :         2.25884 kcal/mol
 H-Bond interaction energy in the mix              :        -3.09486 kcal/mol
 VdW interaction energy in the mix                 :       -21.51974 kcal/mol
 Gas liquid transition energy in the mix (H_glt)   :        12.21004 kcal/mol
 Normalized weight factor of molecule in compound  :         0.11042
 Normalized weight factor of molecule in gas phase :         0.10362

 Compound: 2 Conformer: 6 (3-heptanol_c5)
 Chemical potential of the molecule in the mixture :         0.13575 kcal/mol
 Log10(partial pressure [mbar])                    :        -0.35524
 Free energy of molecule in mix (E_COSMO+dE+Mu)    :   -220750.25465 kcal/mol
 Total mean interaction energy in the mix          :       -10.37794 kcal/mol
 Misfit interaction energy in the mix              :         2.13612 kcal/mol
 H-Bond interaction energy in the mix              :        -3.12358 kcal/mol
 VdW interaction energy in the mix                 :       -21.60052 kcal/mol
 Gas liquid transition energy in the mix (H_glt)   :        12.21004 kcal/mol
 Normalized weight factor of molecule in compound  :         0.19388
 Normalized weight factor of molecule in gas phase :         0.09651

 Compound: 2 Conformer: 7 (3-heptanol_c6)
 Chemical potential of the molecule in the mixture :         0.72063 kcal/mol
 Log10(partial pressure [mbar])                    :         0.03170
 Free energy of molecule in mix (E_COSMO+dE+Mu)    :   -220749.77670 kcal/mol
 Total mean interaction energy in the mix          :       -10.03697 kcal/mol
 Misfit interaction energy in the mix              :         2.27788 kcal/mol
 H-Bond interaction energy in the mix              :        -3.04449 kcal/mol
 VdW interaction energy in the mix                 :       -21.48040 kcal/mol
 Gas liquid transition energy in the mix (H_glt)   :        12.21004 kcal/mol
 Normalized weight factor of molecule in compound  :         0.08535
 Normalized weight factor of molecule in gas phase :         0.08757

 Compound: 2 Conformer: 8 (3-heptanol_c7)
 Chemical potential of the molecule in the mixture :         0.56967 kcal/mol
 Log10(partial pressure [mbar])                    :        -0.11368
 Free energy of molecule in mix (E_COSMO+dE+Mu)    :   -220749.72460 kcal/mol
 Total mean interaction energy in the mix          :       -10.04996 kcal/mol
 Misfit interaction energy in the mix              :         2.15325 kcal/mol
 H-Bond interaction energy in the mix              :        -3.23160 kcal/mol
 VdW interaction energy in the mix                 :       -21.18165 kcal/mol
 Gas liquid transition energy in the mix (H_glt)   :        12.21004 kcal/mol
 Normalized weight factor of molecule in compound  :         0.07805
 Normalized weight factor of molecule in gas phase :         0.06919

 Compound: 3 Conformer: 1 (lacticacid_c0)
 Chemical potential of the molecule in the mixture :         5.14392 kcal/mol
 Log10(partial pressure [mbar])                    :        -1.75395
 Free energy of molecule in mix (E_COSMO+dE+Mu)    :   -215743.53622 kcal/mol
 Total mean interaction energy in the mix          :        -6.37168 kcal/mol
 Misfit interaction energy in the mix              :         2.63608 kcal/mol
 H-Bond interaction energy in the mix              :        -3.21699 kcal/mol
 VdW interaction energy in the mix                 :       -14.04261 kcal/mol
 Gas liquid transition energy in the mix (H_glt)   :         8.25184 kcal/mol
 Normalized weight factor of molecule in compound  :         0.05715
 Normalized weight factor of molecule in gas phase :         0.00476

 Compound: 3 Conformer: 2 (lacticacid_c1)
 Chemical potential of the molecule in the mixture :         5.54337 kcal/mol
 Log10(partial pressure [mbar])                    :        -1.03913
 Free energy of molecule in mix (E_COSMO+dE+Mu)    :   -215742.95528 kcal/mol
 Total mean interaction energy in the mix          :        -5.86557 kcal/mol
 Misfit interaction energy in the mix              :         2.70542 kcal/mol
 H-Bond interaction energy in the mix              :        -2.81640 kcal/mol
 VdW interaction energy in the mix                 :       -14.00642 kcal/mol
 Gas liquid transition energy in the mix (H_glt)   :         8.25184 kcal/mol
 Normalized weight factor of molecule in compound  :         0.02108
 Normalized weight factor of molecule in gas phase :         0.00936

 Compound: 3 Conformer: 3 (lacticacid_c2)
 Chemical potential of the molecule in the mixture :         2.79052 kcal/mol
 Log10(partial pressure [mbar])                    :        -0.98072
 Free energy of molecule in mix (E_COSMO+dE+Mu)    :   -215744.81594 kcal/mol
 Total mean interaction energy in the mix          :        -7.51970 kcal/mol
 Misfit interaction energy in the mix              :         2.12788 kcal/mol
 H-Bond interaction energy in the mix              :        -3.81645 kcal/mol
 VdW interaction energy in the mix                 :       -14.08297 kcal/mol
 Gas liquid transition energy in the mix (H_glt)   :         8.25184 kcal/mol
 Normalized weight factor of molecule in compound  :         0.51409
 Normalized weight factor of molecule in gas phase :         0.94961

 Compound: 3 Conformer: 4 (lacticacid_c3)
 Chemical potential of the molecule in the mixture :         2.07515 kcal/mol
 Log10(partial pressure [mbar])                    :        -2.62141
 Free energy of molecule in mix (E_COSMO+dE+Mu)    :   -215744.11029 kcal/mol
 Total mean interaction energy in the mix          :        -8.80688 kcal/mol
 Misfit interaction energy in the mix              :         2.25641 kcal/mol
 H-Bond interaction energy in the mix              :        -5.25686 kcal/mol
 VdW interaction energy in the mix                 :       -14.05827 kcal/mol
 Gas liquid transition energy in the mix (H_glt)   :         8.25184 kcal/mol
 Normalized weight factor of molecule in compound  :         0.15310
 Normalized weight factor of molecule in gas phase :         0.02089

 Compound: 3 Conformer: 5 (lacticacid_c4)
 Chemical potential of the molecule in the mixture :         2.15140 kcal/mol
 Log10(partial pressure [mbar])                    :        -4.23179
 Free energy of molecule in mix (E_COSMO+dE+Mu)    :   -215743.94743 kcal/mol
 Total mean interaction energy in the mix          :        -9.39965 kcal/mol
 Misfit interaction energy in the mix              :         2.52666 kcal/mol
 H-Bond interaction energy in the mix              :        -6.07818 kcal/mol
 VdW interaction energy in the mix                 :       -14.09997 kcal/mol
 Gas liquid transition energy in the mix (H_glt)   :         8.25184 kcal/mol
 Normalized weight factor of molecule in compound  :         0.11576
 Normalized weight factor of molecule in gas phase :         0.00039

 Compound: 3 Conformer: 6 (lacticacid_c5)
 Chemical potential of the molecule in the mixture :         1.98223 kcal/mol
 Log10(partial pressure [mbar])                    :        -2.72235
 Free energy of molecule in mix (E_COSMO+dE+Mu)    :   -215744.05323 kcal/mol
 Total mean interaction energy in the mix          :        -8.97356 kcal/mol
 Misfit interaction energy in the mix              :         2.22055 kcal/mol
 H-Bond interaction energy in the mix              :        -5.35917 kcal/mol
 VdW interaction energy in the mix                 :       -14.08678 kcal/mol
 Gas liquid transition energy in the mix (H_glt)   :         8.25184 kcal/mol
 Normalized weight factor of molecule in compound  :         0.13882
 Normalized weight factor of molecule in gas phase :         0.01500




 Results for mixture 37 - LIQ_EX Phase 1 Iteration   18
 ----------------------
 Temperature          :    293.150 K
 Compound Nr.         :         1         2         3
 Compound             :       h2o 3-heptano lacticaci
 Mole Fraction        :    0.9973    0.0007    0.0020

 Compound: 1  (h2o)
 Chemical potential of the compound in the mixture :         2.88314 kcal/mol
 Log10(partial pressure [mbar])                    :         0.99138
 Free energy of molecule in mix (E_COSMO+dE+Mu)    :    -47990.37013 kcal/mol
 Total mean interaction energy in the mix (H_int)  :        -5.86125 kcal/mol
 Misfit interaction energy in the mix (H_MF)       :         0.54812 kcal/mol
 H-Bond interaction energy in the mix (H_HB)       :        -4.97483 kcal/mol
 VdW interaction energy in the mix (H_vdW)         :        -4.36659 kcal/mol
 Gas liquid transition energy in the mix (H_glt)   :         2.93205 kcal/mol

 Compound: 2  (3-heptanol)
 Chemical potential of the compound in the mixture :         3.36547 kcal/mol
 Log10(partial pressure [mbar])                    :         2.93618
 Free energy of molecule in mix (E_COSMO+dE+Mu)    :   -220747.17212 kcal/mol
 Total mean interaction energy in the mix (H_int)  :       -10.32570 kcal/mol
 Misfit interaction energy in the mix (H_MF)       :         2.44768 kcal/mol
 H-Bond interaction energy in the mix (H_HB)       :        -4.23104 kcal/mol
 VdW interaction energy in the mix (H_vdW)         :       -20.82290 kcal/mol
 Gas liquid transition energy in the mix (H_glt)   :        12.21004 kcal/mol

 Compound: 3  (lacticacid)
 Chemical potential of the compound in the mixture :         3.59072 kcal/mol
 Log10(partial pressure [mbar])                    :        -1.67122
 Free energy of molecule in mix (E_COSMO+dE+Mu)    :   -215745.08942 kcal/mol
 Total mean interaction energy in the mix (H_int)  :        -8.51826 kcal/mol
 Misfit interaction energy in the mix (H_MF)       :         1.78392 kcal/mol
 H-Bond interaction energy in the mix (H_HB)       :        -7.44118 kcal/mol
 VdW interaction energy in the mix (H_vdW)         :       -13.38772 kcal/mol
 Gas liquid transition energy in the mix (H_glt)   :         8.25184 kcal/mol



 Compound: 1 Conformer: 1 (h2o_c0)
 Chemical potential of the molecule in the mixture :         2.88314 kcal/mol
 Log10(partial pressure [mbar])                    :         0.99138
 Free energy of molecule in mix (E_COSMO+dE+Mu)    :    -47990.37013 kcal/mol
 Total mean interaction energy in the mix          :        -5.86125 kcal/mol
 Misfit interaction energy in the mix              :         0.54812 kcal/mol
 H-Bond interaction energy in the mix              :        -4.97483 kcal/mol
 VdW interaction energy in the mix                 :        -4.36659 kcal/mol
 Gas liquid transition energy in the mix (H_glt)   :         2.93205 kcal/mol
 Normalized weight factor of molecule in compound  :         1.00000
 Normalized weight factor of molecule in gas phase :         1.00000

 Compound: 2 Conformer: 1 (3-heptanol_c0)
 Chemical potential of the molecule in the mixture :         4.65111 kcal/mol
 Log10(partial pressure [mbar])                    :         3.24026
 Free energy of molecule in mix (E_COSMO+dE+Mu)    :   -220745.83751 kcal/mol
 Total mean interaction energy in the mix          :       -10.24339 kcal/mol
 Misfit interaction energy in the mix              :         2.41189 kcal/mol
 H-Bond interaction energy in the mix              :        -3.96940 kcal/mol
 VdW interaction energy in the mix                 :       -20.89593 kcal/mol
 Gas liquid transition energy in the mix (H_glt)   :        12.21004 kcal/mol
 Normalized weight factor of molecule in compound  :         0.10117
 Normalized weight factor of molecule in gas phase :         0.17473

 Compound: 2 Conformer: 2 (3-heptanol_c1)
 Chemical potential of the molecule in the mixture :         4.74233 kcal/mol
 Log10(partial pressure [mbar])                    :         3.32970
 Free energy of molecule in mix (E_COSMO+dE+Mu)    :   -220745.77609 kcal/mol
 Total mean interaction energy in the mix          :       -10.12553 kcal/mol
 Misfit interaction energy in the mix              :         2.46857 kcal/mol
 H-Bond interaction energy in the mix              :        -3.91940 kcal/mol
 VdW interaction energy in the mix                 :       -20.88473 kcal/mol
 Gas liquid transition energy in the mix (H_glt)   :        12.21004 kcal/mol
 Normalized weight factor of molecule in compound  :         0.09104
 Normalized weight factor of molecule in gas phase :         0.19532

 Compound: 2 Conformer: 3 (3-heptanol_c2)
 Chemical potential of the molecule in the mixture :         4.82176 kcal/mol
 Log10(partial pressure [mbar])                    :         3.27595
 Free energy of molecule in mix (E_COSMO+dE+Mu)    :   -220745.69805 kcal/mol
 Total mean interaction energy in the mix          :       -10.21854 kcal/mol
 Misfit interaction energy in the mix              :         2.41612 kcal/mol
 H-Bond interaction energy in the mix              :        -3.93583 kcal/mol
 VdW interaction energy in the mix                 :       -20.90887 kcal/mol
 Gas liquid transition energy in the mix (H_glt)   :        12.21004 kcal/mol
 Normalized weight factor of molecule in compound  :         0.07963
 Normalized weight factor of molecule in gas phase :         0.17000

 Compound: 2 Conformer: 4 (3-heptanol_c3)
 Chemical potential of the molecule in the mixture :         4.43338 kcal/mol
 Log10(partial pressure [mbar])                    :         2.85472
 Free energy of molecule in mix (E_COSMO+dE+Mu)    :   -220745.99684 kcal/mol
 Total mean interaction energy in the mix          :       -10.48792 kcal/mol
 Misfit interaction energy in the mix              :         2.45403 kcal/mol
 H-Bond interaction energy in the mix              :        -4.25092 kcal/mol
 VdW interaction energy in the mix                 :       -20.90107 kcal/mol
 Gas liquid transition energy in the mix (H_glt)   :        12.21004 kcal/mol
 Normalized weight factor of molecule in compound  :         0.13299
 Normalized weight factor of molecule in gas phase :         0.10306

 Compound: 2 Conformer: 5 (3-heptanol_c4)
 Chemical potential of the molecule in the mixture :         4.27522 kcal/mol
 Log10(partial pressure [mbar])                    :         2.71149
 Free energy of molecule in mix (E_COSMO+dE+Mu)    :   -220746.26238 kcal/mol
 Total mean interaction energy in the mix          :       -10.53849 kcal/mol
 Misfit interaction energy in the mix              :         2.46426 kcal/mol
 H-Bond interaction energy in the mix              :        -4.39723 kcal/mol
 VdW interaction energy in the mix                 :       -20.81556 kcal/mol
 Gas liquid transition energy in the mix (H_glt)   :        12.21004 kcal/mol
 Normalized weight factor of molecule in compound  :         0.20979
 Normalized weight factor of molecule in gas phase :         0.10362

 Compound: 2 Conformer: 6 (3-heptanol_c5)
 Chemical potential of the molecule in the mixture :         4.37999 kcal/mol
 Log10(partial pressure [mbar])                    :         2.80887
 Free energy of molecule in mix (E_COSMO+dE+Mu)    :   -220746.01041 kcal/mol
 Total mean interaction energy in the mix          :       -10.46309 kcal/mol
 Misfit interaction energy in the mix              :         2.43914 kcal/mol
 H-Bond interaction energy in the mix              :        -4.22211 kcal/mol
 VdW interaction energy in the mix                 :       -20.89015 kcal/mol
 Gas liquid transition energy in the mix (H_glt)   :        12.21004 kcal/mol
 Normalized weight factor of molecule in compound  :         0.13612
 Normalized weight factor of molecule in gas phase :         0.09651

 Compound: 2 Conformer: 7 (3-heptanol_c6)
 Chemical potential of the molecule in the mixture :         4.39124 kcal/mol
 Log10(partial pressure [mbar])                    :         2.76818
 Free energy of molecule in mix (E_COSMO+dE+Mu)    :   -220746.10608 kcal/mol
 Total mean interaction energy in the mix          :       -10.47057 kcal/mol
 Misfit interaction energy in the mix              :         2.48573 kcal/mol
 H-Bond interaction energy in the mix              :        -4.39154 kcal/mol
 VdW interaction energy in the mix                 :       -20.77481 kcal/mol
 Gas liquid transition energy in the mix (H_glt)   :        12.21004 kcal/mol
 Normalized weight factor of molecule in compound  :         0.16042
 Normalized weight factor of molecule in gas phase :         0.08757

 Compound: 2 Conformer: 8 (3-heptanol_c7)
 Chemical potential of the molecule in the mixture :         4.53246 kcal/mol
 Log10(partial pressure [mbar])                    :         2.84061
 Free energy of molecule in mix (E_COSMO+dE+Mu)    :   -220745.76182 kcal/mol
 Total mean interaction energy in the mix          :       -10.29686 kcal/mol
 Misfit interaction energy in the mix              :         2.39107 kcal/mol
 H-Bond interaction energy in the mix              :        -4.41457 kcal/mol
 VdW interaction energy in the mix                 :       -20.48339 kcal/mol
 Gas liquid transition energy in the mix (H_glt)   :        12.21004 kcal/mol
 Normalized weight factor of molecule in compound  :         0.08884
 Normalized weight factor of molecule in gas phase :         0.06919

 Compound: 3 Conformer: 1 (lacticacid_c0)
 Chemical potential of the molecule in the mixture :         5.52820 kcal/mol
 Log10(partial pressure [mbar])                    :        -1.46746
 Free energy of molecule in mix (E_COSMO+dE+Mu)    :   -215743.15194 kcal/mol
 Total mean interaction energy in the mix          :        -7.84963 kcal/mol
 Misfit interaction energy in the mix              :         1.82103 kcal/mol
 H-Bond interaction energy in the mix              :        -4.58521 kcal/mol
 VdW interaction energy in the mix                 :       -13.33729 kcal/mol
 Gas liquid transition energy in the mix (H_glt)   :         8.25184 kcal/mol
 Normalized weight factor of molecule in compound  :         0.03594
 Normalized weight factor of molecule in gas phase :         0.00476

 Compound: 3 Conformer: 2 (lacticacid_c1)
 Chemical potential of the molecule in the mixture :         5.68384 kcal/mol
 Log10(partial pressure [mbar])                    :        -0.93441
 Free energy of molecule in mix (E_COSMO+dE+Mu)    :   -215742.81481 kcal/mol
 Total mean interaction energy in the mix          :        -7.38366 kcal/mol
 Misfit interaction energy in the mix              :         1.94286 kcal/mol
 H-Bond interaction energy in the mix              :        -4.26252 kcal/mol
 VdW interaction energy in the mix                 :       -13.31584 kcal/mol
 Gas liquid transition energy in the mix (H_glt)   :         8.25184 kcal/mol
 Normalized weight factor of molecule in compound  :         0.02015
 Normalized weight factor of molecule in gas phase :         0.00936

 Compound: 3 Conformer: 3 (lacticacid_c2)
 Chemical potential of the molecule in the mixture :         3.82953 kcal/mol
 Log10(partial pressure [mbar])                    :        -0.20613
 Free energy of molecule in mix (E_COSMO+dE+Mu)    :   -215743.77693 kcal/mol
 Total mean interaction energy in the mix          :        -8.50558 kcal/mol
 Misfit interaction energy in the mix              :         1.86283 kcal/mol
 H-Bond interaction energy in the mix              :        -5.21824 kcal/mol
 VdW interaction energy in the mix                 :       -13.40201 kcal/mol
 Gas liquid transition energy in the mix (H_glt)   :         8.25184 kcal/mol
 Normalized weight factor of molecule in compound  :         0.10508
 Normalized weight factor of molecule in gas phase :         0.94961

 Compound: 3 Conformer: 4 (lacticacid_c3)
 Chemical potential of the molecule in the mixture :         2.02489 kcal/mol
 Log10(partial pressure [mbar])                    :        -2.65888
 Free energy of molecule in mix (E_COSMO+dE+Mu)    :   -215744.16054 kcal/mol
 Total mean interaction energy in the mix          :       -10.73026 kcal/mol
 Misfit interaction energy in the mix              :         1.78648 kcal/mol
 H-Bond interaction energy in the mix              :        -7.39419 kcal/mol
 VdW interaction energy in the mix                 :       -13.37439 kcal/mol
 Gas liquid transition energy in the mix (H_glt)   :         8.25184 kcal/mol
 Normalized weight factor of molecule in compound  :         0.20301
 Normalized weight factor of molecule in gas phase :         0.02089

 Compound: 3 Conformer: 5 (lacticacid_c4)
 Chemical potential of the molecule in the mixture :         1.45325 kcal/mol
 Log10(partial pressure [mbar])                    :        -4.75226
 Free energy of molecule in mix (E_COSMO+dE+Mu)    :   -215744.64557 kcal/mol
 Total mean interaction energy in the mix          :       -11.70279 kcal/mol
 Misfit interaction energy in the mix              :         1.76413 kcal/mol
 H-Bond interaction energy in the mix              :        -8.32449 kcal/mol
 VdW interaction energy in the mix                 :       -13.39427 kcal/mol
 Gas liquid transition energy in the mix (H_glt)   :         8.25184 kcal/mol
 Normalized weight factor of molecule in compound  :         0.46678
 Normalized weight factor of molecule in gas phase :         0.00039

 Compound: 3 Conformer: 6 (lacticacid_c5)
 Chemical potential of the molecule in the mixture :         1.98161 kcal/mol
 Log10(partial pressure [mbar])                    :        -2.72282
 Free energy of molecule in mix (E_COSMO+dE+Mu)    :   -215744.05386 kcal/mol
 Total mean interaction energy in the mix          :       -10.81111 kcal/mol
 Misfit interaction energy in the mix              :         1.75960 kcal/mol
 H-Bond interaction energy in the mix              :        -7.42647 kcal/mol
 VdW interaction energy in the mix                 :       -13.39607 kcal/mol
 Gas liquid transition energy in the mix (H_glt)   :         8.25184 kcal/mol
 Normalized weight factor of molecule in compound  :         0.16904
 Normalized weight factor of molecule in gas phase :         0.01500




 Results for mixture 38 - LIQ_EX Phase 2 Iteration   18
 ----------------------
 Temperature          :    293.150 K
 Compound Nr.         :         1         2         3
 Compound             :       h2o 3-heptano lacticaci
 Mole Fraction        :    0.2827    0.7149    0.0024

 Compound: 1  (h2o)
 Chemical potential of the compound in the mixture :         3.61747 kcal/mol
 Log10(partial pressure [mbar])                    :         1.53882
 Free energy of molecule in mix (E_COSMO+dE+Mu)    :    -47989.63580 kcal/mol
 Total mean interaction energy in the mix (H_int)  :        -5.56907 kcal/mol
 Misfit interaction energy in the mix (H_MF)       :         0.90448 kcal/mol
 H-Bond interaction energy in the mix (H_HB)       :        -4.78270 kcal/mol
 VdW interaction energy in the mix (H_vdW)         :        -4.62290 kcal/mol
 Gas liquid transition energy in the mix (H_glt)   :         2.93205 kcal/mol
 Equilibrium constant Kx(1,2)                      :         3.52736
 Equilibrium concentration x_k(1,2)                :         0.77912

 Compound: 2  (3-heptanol)
 Chemical potential of the compound in the mixture :        -0.67272 kcal/mol
 Log10(partial pressure [mbar])                    :        -0.07433
 Free energy of molecule in mix (E_COSMO+dE+Mu)    :   -220751.21032 kcal/mol
 Total mean interaction energy in the mix (H_int)  :        -9.97501 kcal/mol
 Misfit interaction energy in the mix (H_MF)       :         2.18436 kcal/mol
 H-Bond interaction energy in the mix (H_HB)       :        -2.90140 kcal/mol
 VdW interaction energy in the mix (H_vdW)         :       -21.54903 kcal/mol
 Gas liquid transition energy in the mix (H_glt)   :        12.21004 kcal/mol
 Equilibrium constant Kx(1,2)                      :  9.76095634E-04
 Equilibrium concentration x_k(1,2)                :         0.00098

 Compound: 3  (lacticacid)
 Chemical potential of the compound in the mixture :         3.47658 kcal/mol
 Log10(partial pressure [mbar])                    :        -1.75632
 Free energy of molecule in mix (E_COSMO+dE+Mu)    :   -215745.20356 kcal/mol
 Total mean interaction energy in the mix (H_int)  :        -6.43211 kcal/mol
 Misfit interaction energy in the mix (H_MF)       :         2.24778 kcal/mol
 H-Bond interaction energy in the mix (H_HB)       :        -4.45765 kcal/mol
 VdW interaction energy in the mix (H_vdW)         :       -14.07776 kcal/mol
 Gas liquid transition energy in the mix (H_glt)   :         8.25184 kcal/mol
 Equilibrium constant Kx(1,2)                      :         0.82207
 Equilibrium concentration x_k(1,2)                :         0.45117



 Compound: 1 Conformer: 1 (h2o_c0)
 Chemical potential of the molecule in the mixture :         3.61747 kcal/mol
 Log10(partial pressure [mbar])                    :         1.53882
 Free energy of molecule in mix (E_COSMO+dE+Mu)    :    -47989.63580 kcal/mol
 Total mean interaction energy in the mix          :        -5.56907 kcal/mol
 Misfit interaction energy in the mix              :         0.90448 kcal/mol
 H-Bond interaction energy in the mix              :        -4.78270 kcal/mol
 VdW interaction energy in the mix                 :        -4.62290 kcal/mol
 Gas liquid transition energy in the mix (H_glt)   :         2.93205 kcal/mol
 Normalized weight factor of molecule in compound  :         1.00000
 Normalized weight factor of molecule in gas phase :         1.00000

 Compound: 2 Conformer: 1 (3-heptanol_c0)
 Chemical potential of the molecule in the mixture :         0.56744 kcal/mol
 Log10(partial pressure [mbar])                    :         0.19586
 Free energy of molecule in mix (E_COSMO+dE+Mu)    :   -220749.92117 kcal/mol
 Total mean interaction energy in the mix          :        -9.76314 kcal/mol
 Misfit interaction energy in the mix              :         2.20236 kcal/mol
 H-Bond interaction energy in the mix              :        -2.57932 kcal/mol
 VdW interaction energy in the mix                 :       -21.59622 kcal/mol
 Gas liquid transition energy in the mix (H_glt)   :        12.21004 kcal/mol
 Normalized weight factor of molecule in compound  :         0.10938
 Normalized weight factor of molecule in gas phase :         0.17473

 Compound: 2 Conformer: 2 (3-heptanol_c1)
 Chemical potential of the molecule in the mixture :         0.61783 kcal/mol
 Log10(partial pressure [mbar])                    :         0.25485
 Free energy of molecule in mix (E_COSMO+dE+Mu)    :   -220749.90059 kcal/mol
 Total mean interaction energy in the mix          :        -9.68646 kcal/mol
 Misfit interaction energy in the mix              :         2.20931 kcal/mol
 H-Bond interaction energy in the mix              :        -2.52102 kcal/mol
 VdW interaction energy in the mix                 :       -21.58479 kcal/mol
 Gas liquid transition energy in the mix (H_glt)   :        12.21004 kcal/mol
 Normalized weight factor of molecule in compound  :         0.10558
 Normalized weight factor of molecule in gas phase :         0.19532

 Compound: 2 Conformer: 3 (3-heptanol_c2)
 Chemical potential of the molecule in the mixture :         0.51055 kcal/mol
 Log10(partial pressure [mbar])                    :         0.06191
 Free energy of molecule in mix (E_COSMO+dE+Mu)    :   -220750.00925 kcal/mol
 Total mean interaction energy in the mix          :        -9.68483 kcal/mol
 Misfit interaction energy in the mix              :         2.16594 kcal/mol
 H-Bond interaction energy in the mix              :        -2.45487 kcal/mol
 VdW interaction energy in the mix                 :       -21.60594 kcal/mol
 Gas liquid transition energy in the mix (H_glt)   :        12.21004 kcal/mol
 Normalized weight factor of molecule in compound  :         0.12723
 Normalized weight factor of molecule in gas phase :         0.17000

 Compound: 2 Conformer: 4 (3-heptanol_c3)
 Chemical potential of the molecule in the mixture :         0.18705 kcal/mol
 Log10(partial pressure [mbar])                    :        -0.31096
 Free energy of molecule in mix (E_COSMO+dE+Mu)    :   -220750.24318 kcal/mol
 Total mean interaction energy in the mix          :       -10.30886 kcal/mol
 Misfit interaction energy in the mix              :         2.14918 kcal/mol
 H-Bond interaction energy in the mix              :        -3.05797 kcal/mol
 VdW interaction energy in the mix                 :       -21.61012 kcal/mol
 Gas liquid transition energy in the mix (H_glt)   :        12.21004 kcal/mol
 Normalized weight factor of molecule in compound  :         0.19010
 Normalized weight factor of molecule in gas phase :         0.10306

 Compound: 2 Conformer: 5 (3-heptanol_c4)
 Chemical potential of the molecule in the mixture :         0.61091 kcal/mol
 Log10(partial pressure [mbar])                    :        -0.02028
 Free energy of molecule in mix (E_COSMO+dE+Mu)    :   -220749.92669 kcal/mol
 Total mean interaction energy in the mix          :       -10.14575 kcal/mol
 Misfit interaction energy in the mix              :         2.25886 kcal/mol
 H-Bond interaction energy in the mix              :        -3.09491 kcal/mol
 VdW interaction energy in the mix                 :       -21.51974 kcal/mol
 Gas liquid transition energy in the mix (H_glt)   :        12.21004 kcal/mol
 Normalized weight factor of molecule in compound  :         0.11042
 Normalized weight factor of molecule in gas phase :         0.10362

 Compound: 2 Conformer: 6 (3-heptanol_c5)
 Chemical potential of the molecule in the mixture :         0.13576 kcal/mol
 Log10(partial pressure [mbar])                    :        -0.35524
 Free energy of molecule in mix (E_COSMO+dE+Mu)    :   -220750.25464 kcal/mol
 Total mean interaction energy in the mix          :       -10.37795 kcal/mol
 Misfit interaction energy in the mix              :         2.13613 kcal/mol
 H-Bond interaction energy in the mix              :        -3.12361 kcal/mol
 VdW interaction energy in the mix                 :       -21.60051 kcal/mol
 Gas liquid transition energy in the mix (H_glt)   :        12.21004 kcal/mol
 Normalized weight factor of molecule in compound  :         0.19388
 Normalized weight factor of molecule in gas phase :         0.09651

 Compound: 2 Conformer: 7 (3-heptanol_c6)
 Chemical potential of the molecule in the mixture :         0.72062 kcal/mol
 Log10(partial pressure [mbar])                    :         0.03170
 Free energy of molecule in mix (E_COSMO+dE+Mu)    :   -220749.77671 kcal/mol
 Total mean interaction energy in the mix          :       -10.03699 kcal/mol
 Misfit interaction energy in the mix              :         2.27790 kcal/mol
 H-Bond interaction energy in the mix              :        -3.04454 kcal/mol
 VdW interaction energy in the mix                 :       -21.48039 kcal/mol
 Gas liquid transition energy in the mix (H_glt)   :        12.21004 kcal/mol
 Normalized weight factor of molecule in compound  :         0.08536
 Normalized weight factor of molecule in gas phase :         0.08757

 Compound: 2 Conformer: 8 (3-heptanol_c7)
 Chemical potential of the molecule in the mixture :         0.56968 kcal/mol
 Log10(partial pressure [mbar])                    :        -0.11367
 Free energy of molecule in mix (E_COSMO+dE+Mu)    :   -220749.72460 kcal/mol
 Total mean interaction energy in the mix          :       -10.04998 kcal/mol
 Misfit interaction energy in the mix              :         2.15326 kcal/mol
 H-Bond interaction energy in the mix              :        -3.23164 kcal/mol
 VdW interaction energy in the mix                 :       -21.18164 kcal/mol
 Gas liquid transition energy in the mix (H_glt)   :        12.21004 kcal/mol
 Normalized weight factor of molecule in compound  :         0.07805
 Normalized weight factor of molecule in gas phase :         0.06919

 Compound: 3 Conformer: 1 (lacticacid_c0)
 Chemical potential of the molecule in the mixture :         5.14390 kcal/mol
 Log10(partial pressure [mbar])                    :        -1.75396
 Free energy of molecule in mix (E_COSMO+dE+Mu)    :   -215743.53624 kcal/mol
 Total mean interaction energy in the mix          :        -6.37173 kcal/mol
 Misfit interaction energy in the mix              :         2.63605 kcal/mol
 H-Bond interaction energy in the mix              :        -3.21701 kcal/mol
 VdW interaction energy in the mix                 :       -14.04261 kcal/mol
 Gas liquid transition energy in the mix (H_glt)   :         8.25184 kcal/mol
 Normalized weight factor of molecule in compound  :         0.05715
 Normalized weight factor of molecule in gas phase :         0.00476

 Compound: 3 Conformer: 2 (lacticacid_c1)
 Chemical potential of the molecule in the mixture :         5.54334 kcal/mol
 Log10(partial pressure [mbar])                    :        -1.03915
 Free energy of molecule in mix (E_COSMO+dE+Mu)    :   -215742.95530 kcal/mol
 Total mean interaction energy in the mix          :        -5.86562 kcal/mol
 Misfit interaction energy in the mix              :         2.70538 kcal/mol
 H-Bond interaction energy in the mix              :        -2.81642 kcal/mol
 VdW interaction energy in the mix                 :       -14.00642 kcal/mol
 Gas liquid transition energy in the mix (H_glt)   :         8.25184 kcal/mol
 Normalized weight factor of molecule in compound  :         0.02108
 Normalized weight factor of molecule in gas phase :         0.00936

 Compound: 3 Conformer: 3 (lacticacid_c2)
 Chemical potential of the molecule in the mixture :         2.79051 kcal/mol
 Log10(partial pressure [mbar])                    :        -0.98073
 Free energy of molecule in mix (E_COSMO+dE+Mu)    :   -215744.81595 kcal/mol
 Total mean interaction energy in the mix          :        -7.51973 kcal/mol
 Misfit interaction energy in the mix              :         2.12786 kcal/mol
 H-Bond interaction energy in the mix              :        -3.81648 kcal/mol
 VdW interaction energy in the mix                 :       -14.08296 kcal/mol
 Gas liquid transition energy in the mix (H_glt)   :         8.25184 kcal/mol
 Normalized weight factor of molecule in compound  :         0.51409
 Normalized weight factor of molecule in gas phase :         0.94961

 Compound: 3 Conformer: 4 (lacticacid_c3)
 Chemical potential of the molecule in the mixture :         2.07512 kcal/mol
 Log10(partial pressure [mbar])                    :        -2.62143
 Free energy of molecule in mix (E_COSMO+dE+Mu)    :   -215744.11032 kcal/mol
 Total mean interaction energy in the mix          :        -8.80694 kcal/mol
 Misfit interaction energy in the mix              :         2.25638 kcal/mol
 H-Bond interaction energy in the mix              :        -5.25689 kcal/mol
 VdW interaction energy in the mix                 :       -14.05827 kcal/mol
 Gas liquid transition energy in the mix (H_glt)   :         8.25184 kcal/mol
 Normalized weight factor of molecule in compound  :         0.15310
 Normalized weight factor of molecule in gas phase :         0.02089

 Compound: 3 Conformer: 5 (lacticacid_c4)
 Chemical potential of the molecule in the mixture :         2.15136 kcal/mol
 Log10(partial pressure [mbar])                    :        -4.23182
 Free energy of molecule in mix (E_COSMO+dE+Mu)    :   -215743.94747 kcal/mol
 Total mean interaction energy in the mix          :        -9.39973 kcal/mol
 Misfit interaction energy in the mix              :         2.52663 kcal/mol
 H-Bond interaction energy in the mix              :        -6.07823 kcal/mol
 VdW interaction energy in the mix                 :       -14.09996 kcal/mol
 Gas liquid transition energy in the mix (H_glt)   :         8.25184 kcal/mol
 Normalized weight factor of molecule in compound  :         0.11576
 Normalized weight factor of molecule in gas phase :         0.00039

 Compound: 3 Conformer: 6 (lacticacid_c5)
 Chemical potential of the molecule in the mixture :         1.98220 kcal/mol
 Log10(partial pressure [mbar])                    :        -2.72237
 Free energy of molecule in mix (E_COSMO+dE+Mu)    :   -215744.05326 kcal/mol
 Total mean interaction energy in the mix          :        -8.97362 kcal/mol
 Misfit interaction energy in the mix              :         2.22052 kcal/mol
 H-Bond interaction energy in the mix              :        -5.35921 kcal/mol
 VdW interaction energy in the mix                 :       -14.08677 kcal/mol
 Gas liquid transition energy in the mix (H_glt)   :         8.25184 kcal/mol
 Normalized weight factor of molecule in compound  :         0.13882
 Normalized weight factor of molecule in gas phase :         0.01500




 Results for mixture 39 - LIQ_EX Phase 1 Iteration   19
 ----------------------
 Temperature          :    293.150 K
 Compound Nr.         :         1         2         3
 Compound             :       h2o 3-heptano lacticaci
 Mole Fraction        :    0.9973    0.0007    0.0020

 Compound: 1  (h2o)
 Chemical potential of the compound in the mixture :         2.88314 kcal/mol
 Log10(partial pressure [mbar])                    :         0.99138
 Free energy of molecule in mix (E_COSMO+dE+Mu)    :    -47990.37013 kcal/mol
 Total mean interaction energy in the mix (H_int)  :        -5.86125 kcal/mol
 Misfit interaction energy in the mix (H_MF)       :         0.54812 kcal/mol
 H-Bond interaction energy in the mix (H_HB)       :        -4.97483 kcal/mol
 VdW interaction energy in the mix (H_vdW)         :        -4.36659 kcal/mol
 Gas liquid transition energy in the mix (H_glt)   :         2.93205 kcal/mol

 Compound: 2  (3-heptanol)
 Chemical potential of the compound in the mixture :         3.36548 kcal/mol
 Log10(partial pressure [mbar])                    :         2.93618
 Free energy of molecule in mix (E_COSMO+dE+Mu)    :   -220747.17212 kcal/mol
 Total mean interaction energy in the mix (H_int)  :       -10.32570 kcal/mol
 Misfit interaction energy in the mix (H_MF)       :         2.44768 kcal/mol
 H-Bond interaction energy in the mix (H_HB)       :        -4.23104 kcal/mol
 VdW interaction energy in the mix (H_vdW)         :       -20.82290 kcal/mol
 Gas liquid transition energy in the mix (H_glt)   :        12.21004 kcal/mol

 Compound: 3  (lacticacid)
 Chemical potential of the compound in the mixture :         3.59072 kcal/mol
 Log10(partial pressure [mbar])                    :        -1.67122
 Free energy of molecule in mix (E_COSMO+dE+Mu)    :   -215745.08942 kcal/mol
 Total mean interaction energy in the mix (H_int)  :        -8.51826 kcal/mol
 Misfit interaction energy in the mix (H_MF)       :         1.78392 kcal/mol
 H-Bond interaction energy in the mix (H_HB)       :        -7.44118 kcal/mol
 VdW interaction energy in the mix (H_vdW)         :       -13.38772 kcal/mol
 Gas liquid transition energy in the mix (H_glt)   :         8.25184 kcal/mol



 Compound: 1 Conformer: 1 (h2o_c0)
 Chemical potential of the molecule in the mixture :         2.88314 kcal/mol
 Log10(partial pressure [mbar])                    :         0.99138
 Free energy of molecule in mix (E_COSMO+dE+Mu)    :    -47990.37013 kcal/mol
 Total mean interaction energy in the mix          :        -5.86125 kcal/mol
 Misfit interaction energy in the mix              :         0.54812 kcal/mol
 H-Bond interaction energy in the mix              :        -4.97483 kcal/mol
 VdW interaction energy in the mix                 :        -4.36659 kcal/mol
 Gas liquid transition energy in the mix (H_glt)   :         2.93205 kcal/mol
 Normalized weight factor of molecule in compound  :         1.00000
 Normalized weight factor of molecule in gas phase :         1.00000

 Compound: 2 Conformer: 1 (3-heptanol_c0)
 Chemical potential of the molecule in the mixture :         4.65111 kcal/mol
 Log10(partial pressure [mbar])                    :         3.24026
 Free energy of molecule in mix (E_COSMO+dE+Mu)    :   -220745.83751 kcal/mol
 Total mean interaction energy in the mix          :       -10.24339 kcal/mol
 Misfit interaction energy in the mix              :         2.41189 kcal/mol
 H-Bond interaction energy in the mix              :        -3.96940 kcal/mol
 VdW interaction energy in the mix                 :       -20.89593 kcal/mol
 Gas liquid transition energy in the mix (H_glt)   :        12.21004 kcal/mol
 Normalized weight factor of molecule in compound  :         0.10117
 Normalized weight factor of molecule in gas phase :         0.17473

 Compound: 2 Conformer: 2 (3-heptanol_c1)
 Chemical potential of the molecule in the mixture :         4.74233 kcal/mol
 Log10(partial pressure [mbar])                    :         3.32970
 Free energy of molecule in mix (E_COSMO+dE+Mu)    :   -220745.77609 kcal/mol
 Total mean interaction energy in the mix          :       -10.12553 kcal/mol
 Misfit interaction energy in the mix              :         2.46857 kcal/mol
 H-Bond interaction energy in the mix              :        -3.91940 kcal/mol
 VdW interaction energy in the mix                 :       -20.88473 kcal/mol
 Gas liquid transition energy in the mix (H_glt)   :        12.21004 kcal/mol
 Normalized weight factor of molecule in compound  :         0.09104
 Normalized weight factor of molecule in gas phase :         0.19532

 Compound: 2 Conformer: 3 (3-heptanol_c2)
 Chemical potential of the molecule in the mixture :         4.82176 kcal/mol
 Log10(partial pressure [mbar])                    :         3.27595
 Free energy of molecule in mix (E_COSMO+dE+Mu)    :   -220745.69805 kcal/mol
 Total mean interaction energy in the mix          :       -10.21854 kcal/mol
 Misfit interaction energy in the mix              :         2.41612 kcal/mol
 H-Bond interaction energy in the mix              :        -3.93583 kcal/mol
 VdW interaction energy in the mix                 :       -20.90887 kcal/mol
 Gas liquid transition energy in the mix (H_glt)   :        12.21004 kcal/mol
 Normalized weight factor of molecule in compound  :         0.07963
 Normalized weight factor of molecule in gas phase :         0.17000

 Compound: 2 Conformer: 4 (3-heptanol_c3)
 Chemical potential of the molecule in the mixture :         4.43339 kcal/mol
 Log10(partial pressure [mbar])                    :         2.85472
 Free energy of molecule in mix (E_COSMO+dE+Mu)    :   -220745.99684 kcal/mol
 Total mean interaction energy in the mix          :       -10.48792 kcal/mol
 Misfit interaction energy in the mix              :         2.45403 kcal/mol
 H-Bond interaction energy in the mix              :        -4.25092 kcal/mol
 VdW interaction energy in the mix                 :       -20.90107 kcal/mol
 Gas liquid transition energy in the mix (H_glt)   :        12.21004 kcal/mol
 Normalized weight factor of molecule in compound  :         0.13299
 Normalized weight factor of molecule in gas phase :         0.10306

 Compound: 2 Conformer: 5 (3-heptanol_c4)
 Chemical potential of the molecule in the mixture :         4.27522 kcal/mol
 Log10(partial pressure [mbar])                    :         2.71149
 Free energy of molecule in mix (E_COSMO+dE+Mu)    :   -220746.26237 kcal/mol
 Total mean interaction energy in the mix          :       -10.53849 kcal/mol
 Misfit interaction energy in the mix              :         2.46426 kcal/mol
 H-Bond interaction energy in the mix              :        -4.39723 kcal/mol
 VdW interaction energy in the mix                 :       -20.81556 kcal/mol
 Gas liquid transition energy in the mix (H_glt)   :        12.21004 kcal/mol
 Normalized weight factor of molecule in compound  :         0.20979
 Normalized weight factor of molecule in gas phase :         0.10362

 Compound: 2 Conformer: 6 (3-heptanol_c5)
 Chemical potential of the molecule in the mixture :         4.38000 kcal/mol
 Log10(partial pressure [mbar])                    :         2.80888
 Free energy of molecule in mix (E_COSMO+dE+Mu)    :   -220746.01040 kcal/mol
 Total mean interaction energy in the mix          :       -10.46309 kcal/mol
 Misfit interaction energy in the mix              :         2.43914 kcal/mol
 H-Bond interaction energy in the mix              :        -4.22211 kcal/mol
 VdW interaction energy in the mix                 :       -20.89015 kcal/mol
 Gas liquid transition energy in the mix (H_glt)   :        12.21004 kcal/mol
 Normalized weight factor of molecule in compound  :         0.13612
 Normalized weight factor of molecule in gas phase :         0.09651

 Compound: 2 Conformer: 7 (3-heptanol_c6)
 Chemical potential of the molecule in the mixture :         4.39124 kcal/mol
 Log10(partial pressure [mbar])                    :         2.76818
 Free energy of molecule in mix (E_COSMO+dE+Mu)    :   -220746.10608 kcal/mol
 Total mean interaction energy in the mix          :       -10.47057 kcal/mol
 Misfit interaction energy in the mix              :         2.48573 kcal/mol
 H-Bond interaction energy in the mix              :        -4.39154 kcal/mol
 VdW interaction energy in the mix                 :       -20.77481 kcal/mol
 Gas liquid transition energy in the mix (H_glt)   :        12.21004 kcal/mol
 Normalized weight factor of molecule in compound  :         0.16042
 Normalized weight factor of molecule in gas phase :         0.08757

 Compound: 2 Conformer: 8 (3-heptanol_c7)
 Chemical potential of the molecule in the mixture :         4.53246 kcal/mol
 Log10(partial pressure [mbar])                    :         2.84061
 Free energy of molecule in mix (E_COSMO+dE+Mu)    :   -220745.76182 kcal/mol
 Total mean interaction energy in the mix          :       -10.29686 kcal/mol
 Misfit interaction energy in the mix              :         2.39107 kcal/mol
 H-Bond interaction energy in the mix              :        -4.41457 kcal/mol
 VdW interaction energy in the mix                 :       -20.48339 kcal/mol
 Gas liquid transition energy in the mix (H_glt)   :        12.21004 kcal/mol
 Normalized weight factor of molecule in compound  :         0.08884
 Normalized weight factor of molecule in gas phase :         0.06919

 Compound: 3 Conformer: 1 (lacticacid_c0)
 Chemical potential of the molecule in the mixture :         5.52820 kcal/mol
 Log10(partial pressure [mbar])                    :        -1.46746
 Free energy of molecule in mix (E_COSMO+dE+Mu)    :   -215743.15194 kcal/mol
 Total mean interaction energy in the mix          :        -7.84963 kcal/mol
 Misfit interaction energy in the mix              :         1.82103 kcal/mol
 H-Bond interaction energy in the mix              :        -4.58521 kcal/mol
 VdW interaction energy in the mix                 :       -13.33729 kcal/mol
 Gas liquid transition energy in the mix (H_glt)   :         8.25184 kcal/mol
 Normalized weight factor of molecule in compound  :         0.03594
 Normalized weight factor of molecule in gas phase :         0.00476

 Compound: 3 Conformer: 2 (lacticacid_c1)
 Chemical potential of the molecule in the mixture :         5.68384 kcal/mol
 Log10(partial pressure [mbar])                    :        -0.93441
 Free energy of molecule in mix (E_COSMO+dE+Mu)    :   -215742.81481 kcal/mol
 Total mean interaction energy in the mix          :        -7.38366 kcal/mol
 Misfit interaction energy in the mix              :         1.94286 kcal/mol
 H-Bond interaction energy in the mix              :        -4.26252 kcal/mol
 VdW interaction energy in the mix                 :       -13.31584 kcal/mol
 Gas liquid transition energy in the mix (H_glt)   :         8.25184 kcal/mol
 Normalized weight factor of molecule in compound  :         0.02015
 Normalized weight factor of molecule in gas phase :         0.00936

 Compound: 3 Conformer: 3 (lacticacid_c2)
 Chemical potential of the molecule in the mixture :         3.82953 kcal/mol
 Log10(partial pressure [mbar])                    :        -0.20613
 Free energy of molecule in mix (E_COSMO+dE+Mu)    :   -215743.77693 kcal/mol
 Total mean interaction energy in the mix          :        -8.50558 kcal/mol
 Misfit interaction energy in the mix              :         1.86283 kcal/mol
 H-Bond interaction energy in the mix              :        -5.21824 kcal/mol
 VdW interaction energy in the mix                 :       -13.40201 kcal/mol
 Gas liquid transition energy in the mix (H_glt)   :         8.25184 kcal/mol
 Normalized weight factor of molecule in compound  :         0.10508
 Normalized weight factor of molecule in gas phase :         0.94961

 Compound: 3 Conformer: 4 (lacticacid_c3)
 Chemical potential of the molecule in the mixture :         2.02489 kcal/mol
 Log10(partial pressure [mbar])                    :        -2.65888
 Free energy of molecule in mix (E_COSMO+dE+Mu)    :   -215744.16054 kcal/mol
 Total mean interaction energy in the mix          :       -10.73026 kcal/mol
 Misfit interaction energy in the mix              :         1.78648 kcal/mol
 H-Bond interaction energy in the mix              :        -7.39419 kcal/mol
 VdW interaction energy in the mix                 :       -13.37439 kcal/mol
 Gas liquid transition energy in the mix (H_glt)   :         8.25184 kcal/mol
 Normalized weight factor of molecule in compound  :         0.20301
 Normalized weight factor of molecule in gas phase :         0.02089

 Compound: 3 Conformer: 5 (lacticacid_c4)
 Chemical potential of the molecule in the mixture :         1.45326 kcal/mol
 Log10(partial pressure [mbar])                    :        -4.75226
 Free energy of molecule in mix (E_COSMO+dE+Mu)    :   -215744.64557 kcal/mol
 Total mean interaction energy in the mix          :       -11.70279 kcal/mol
 Misfit interaction energy in the mix              :         1.76413 kcal/mol
 H-Bond interaction energy in the mix              :        -8.32449 kcal/mol
 VdW interaction energy in the mix                 :       -13.39427 kcal/mol
 Gas liquid transition energy in the mix (H_glt)   :         8.25184 kcal/mol
 Normalized weight factor of molecule in compound  :         0.46678
 Normalized weight factor of molecule in gas phase :         0.00039

 Compound: 3 Conformer: 6 (lacticacid_c5)
 Chemical potential of the molecule in the mixture :         1.98161 kcal/mol
 Log10(partial pressure [mbar])                    :        -2.72282
 Free energy of molecule in mix (E_COSMO+dE+Mu)    :   -215744.05386 kcal/mol
 Total mean interaction energy in the mix          :       -10.81111 kcal/mol
 Misfit interaction energy in the mix              :         1.75960 kcal/mol
 H-Bond interaction energy in the mix              :        -7.42647 kcal/mol
 VdW interaction energy in the mix                 :       -13.39607 kcal/mol
 Gas liquid transition energy in the mix (H_glt)   :         8.25184 kcal/mol
 Normalized weight factor of molecule in compound  :         0.16904
 Normalized weight factor of molecule in gas phase :         0.01500




 Results for mixture 40 - LIQ_EX Phase 2 Iteration   19
 ----------------------
 Temperature          :    293.150 K
 Compound Nr.         :         1         2         3
 Compound             :       h2o 3-heptano lacticaci
 Mole Fraction        :    0.2827    0.7149    0.0024

 Compound: 1  (h2o)
 Chemical potential of the compound in the mixture :         3.61746 kcal/mol
 Log10(partial pressure [mbar])                    :         1.53882
 Free energy of molecule in mix (E_COSMO+dE+Mu)    :    -47989.63581 kcal/mol
 Total mean interaction energy in the mix (H_int)  :        -5.56908 kcal/mol
 Misfit interaction energy in the mix (H_MF)       :         0.90447 kcal/mol
 H-Bond interaction energy in the mix (H_HB)       :        -4.78271 kcal/mol
 VdW interaction energy in the mix (H_vdW)         :        -4.62290 kcal/mol
 Gas liquid transition energy in the mix (H_glt)   :         2.93205 kcal/mol
 Equilibrium constant Kx(1,2)                      :         3.52731
 Equilibrium concentration x_k(1,2)                :         0.77912

 Compound: 2  (3-heptanol)
 Chemical potential of the compound in the mixture :        -0.67272 kcal/mol
 Log10(partial pressure [mbar])                    :        -0.07433
 Free energy of molecule in mix (E_COSMO+dE+Mu)    :   -220751.21032 kcal/mol
 Total mean interaction energy in the mix (H_int)  :        -9.97502 kcal/mol
 Misfit interaction energy in the mix (H_MF)       :         2.18437 kcal/mol
 H-Bond interaction energy in the mix (H_HB)       :        -2.90143 kcal/mol
 VdW interaction energy in the mix (H_vdW)         :       -21.54903 kcal/mol
 Gas liquid transition energy in the mix (H_glt)   :        12.21004 kcal/mol
 Equilibrium constant Kx(1,2)                      :  9.76097940E-04
 Equilibrium concentration x_k(1,2)                :         0.00098

 Compound: 3  (lacticacid)
 Chemical potential of the compound in the mixture :         3.47657 kcal/mol
 Log10(partial pressure [mbar])                    :        -1.75633
 Free energy of molecule in mix (E_COSMO+dE+Mu)    :   -215745.20357 kcal/mol
 Total mean interaction energy in the mix (H_int)  :        -6.43214 kcal/mol
 Misfit interaction energy in the mix (H_MF)       :         2.24777 kcal/mol
 H-Bond interaction energy in the mix (H_HB)       :        -4.45768 kcal/mol
 VdW interaction energy in the mix (H_vdW)         :       -14.07775 kcal/mol
 Gas liquid transition energy in the mix (H_glt)   :         8.25184 kcal/mol
 Equilibrium constant Kx(1,2)                      :         0.82205
 Equilibrium concentration x_k(1,2)                :         0.45117



 Compound: 1 Conformer: 1 (h2o_c0)
 Chemical potential of the molecule in the mixture :         3.61746 kcal/mol
 Log10(partial pressure [mbar])                    :         1.53882
 Free energy of molecule in mix (E_COSMO+dE+Mu)    :    -47989.63581 kcal/mol
 Total mean interaction energy in the mix          :        -5.56908 kcal/mol
 Misfit interaction energy in the mix              :         0.90447 kcal/mol
 H-Bond interaction energy in the mix              :        -4.78271 kcal/mol
 VdW interaction energy in the mix                 :        -4.62290 kcal/mol
 Gas liquid transition energy in the mix (H_glt)   :         2.93205 kcal/mol
 Normalized weight factor of molecule in compound  :         1.00000
 Normalized weight factor of molecule in gas phase :         1.00000

 Compound: 2 Conformer: 1 (3-heptanol_c0)
 Chemical potential of the molecule in the mixture :         0.56745 kcal/mol
 Log10(partial pressure [mbar])                    :         0.19586
 Free energy of molecule in mix (E_COSMO+dE+Mu)    :   -220749.92117 kcal/mol
 Total mean interaction energy in the mix          :        -9.76314 kcal/mol
 Misfit interaction energy in the mix              :         2.20237 kcal/mol
 H-Bond interaction energy in the mix              :        -2.57934 kcal/mol
 VdW interaction energy in the mix                 :       -21.59621 kcal/mol
 Gas liquid transition energy in the mix (H_glt)   :        12.21004 kcal/mol
 Normalized weight factor of molecule in compound  :         0.10938
 Normalized weight factor of molecule in gas phase :         0.17473

 Compound: 2 Conformer: 2 (3-heptanol_c1)
 Chemical potential of the molecule in the mixture :         0.61783 kcal/mol
 Log10(partial pressure [mbar])                    :         0.25485
 Free energy of molecule in mix (E_COSMO+dE+Mu)    :   -220749.90059 kcal/mol
 Total mean interaction energy in the mix          :        -9.68647 kcal/mol
 Misfit interaction energy in the mix              :         2.20932 kcal/mol
 H-Bond interaction energy in the mix              :        -2.52104 kcal/mol
 VdW interaction energy in the mix                 :       -21.58479 kcal/mol
 Gas liquid transition energy in the mix (H_glt)   :        12.21004 kcal/mol
 Normalized weight factor of molecule in compound  :         0.10558
 Normalized weight factor of molecule in gas phase :         0.19532

 Compound: 2 Conformer: 3 (3-heptanol_c2)
 Chemical potential of the molecule in the mixture :         0.51056 kcal/mol
 Log10(partial pressure [mbar])                    :         0.06192
 Free energy of molecule in mix (E_COSMO+dE+Mu)    :   -220750.00925 kcal/mol
 Total mean interaction energy in the mix          :        -9.68484 kcal/mol
 Misfit interaction energy in the mix              :         2.16595 kcal/mol
 H-Bond interaction energy in the mix              :        -2.45490 kcal/mol
 VdW interaction energy in the mix                 :       -21.60593 kcal/mol
 Gas liquid transition energy in the mix (H_glt)   :        12.21004 kcal/mol
 Normalized weight factor of molecule in compound  :         0.12723
 Normalized weight factor of molecule in gas phase :         0.17000

 Compound: 2 Conformer: 4 (3-heptanol_c3)
 Chemical potential of the molecule in the mixture :         0.18706 kcal/mol
 Log10(partial pressure [mbar])                    :        -0.31095
 Free energy of molecule in mix (E_COSMO+dE+Mu)    :   -220750.24317 kcal/mol
 Total mean interaction energy in the mix          :       -10.30886 kcal/mol
 Misfit interaction energy in the mix              :         2.14919 kcal/mol
 H-Bond interaction energy in the mix              :        -3.05798 kcal/mol
 VdW interaction energy in the mix                 :       -21.61011 kcal/mol
 Gas liquid transition energy in the mix (H_glt)   :        12.21004 kcal/mol
 Normalized weight factor of molecule in compound  :         0.19010
 Normalized weight factor of molecule in gas phase :         0.10306

 Compound: 2 Conformer: 5 (3-heptanol_c4)
 Chemical potential of the molecule in the mixture :         0.61090 kcal/mol
 Log10(partial pressure [mbar])                    :        -0.02029
 Free energy of molecule in mix (E_COSMO+dE+Mu)    :   -220749.92669 kcal/mol
 Total mean interaction energy in the mix          :       -10.14577 kcal/mol
 Misfit interaction energy in the mix              :         2.25887 kcal/mol
 H-Bond interaction energy in the mix              :        -3.09494 kcal/mol
 VdW interaction energy in the mix                 :       -21.51973 kcal/mol
 Gas liquid transition energy in the mix (H_glt)   :        12.21004 kcal/mol
 Normalized weight factor of molecule in compound  :         0.11042
 Normalized weight factor of molecule in gas phase :         0.10362

 Compound: 2 Conformer: 6 (3-heptanol_c5)
 Chemical potential of the molecule in the mixture :         0.13576 kcal/mol
 Log10(partial pressure [mbar])                    :        -0.35523
 Free energy of molecule in mix (E_COSMO+dE+Mu)    :   -220750.25464 kcal/mol
 Total mean interaction energy in the mix          :       -10.37795 kcal/mol
 Misfit interaction energy in the mix              :         2.13614 kcal/mol
 H-Bond interaction energy in the mix              :        -3.12363 kcal/mol
 VdW interaction energy in the mix                 :       -21.60051 kcal/mol
 Gas liquid transition energy in the mix (H_glt)   :        12.21004 kcal/mol
 Normalized weight factor of molecule in compound  :         0.19388
 Normalized weight factor of molecule in gas phase :         0.09651

 Compound: 2 Conformer: 7 (3-heptanol_c6)
 Chemical potential of the molecule in the mixture :         0.72062 kcal/mol
 Log10(partial pressure [mbar])                    :         0.03170
 Free energy of molecule in mix (E_COSMO+dE+Mu)    :   -220749.77671 kcal/mol
 Total mean interaction energy in the mix          :       -10.03701 kcal/mol
 Misfit interaction energy in the mix              :         2.27791 kcal/mol
 H-Bond interaction energy in the mix              :        -3.04457 kcal/mol
 VdW interaction energy in the mix                 :       -21.48039 kcal/mol
 Gas liquid transition energy in the mix (H_glt)   :        12.21004 kcal/mol
 Normalized weight factor of molecule in compound  :         0.08536
 Normalized weight factor of molecule in gas phase :         0.08757

 Compound: 2 Conformer: 8 (3-heptanol_c7)
 Chemical potential of the molecule in the mixture :         0.56968 kcal/mol
 Log10(partial pressure [mbar])                    :        -0.11367
 Free energy of molecule in mix (E_COSMO+dE+Mu)    :   -220749.72459 kcal/mol
 Total mean interaction energy in the mix          :       -10.04999 kcal/mol
 Misfit interaction energy in the mix              :         2.15327 kcal/mol
 H-Bond interaction energy in the mix              :        -3.23166 kcal/mol
 VdW interaction energy in the mix                 :       -21.18163 kcal/mol
 Gas liquid transition energy in the mix (H_glt)   :        12.21004 kcal/mol
 Normalized weight factor of molecule in compound  :         0.07805
 Normalized weight factor of molecule in gas phase :         0.06919

 Compound: 3 Conformer: 1 (lacticacid_c0)
 Chemical potential of the molecule in the mixture :         5.14388 kcal/mol
 Log10(partial pressure [mbar])                    :        -1.75397
 Free energy of molecule in mix (E_COSMO+dE+Mu)    :   -215743.53626 kcal/mol
 Total mean interaction energy in the mix          :        -6.37176 kcal/mol
 Misfit interaction energy in the mix              :         2.63602 kcal/mol
 H-Bond interaction energy in the mix              :        -3.21702 kcal/mol
 VdW interaction energy in the mix                 :       -14.04260 kcal/mol
 Gas liquid transition energy in the mix (H_glt)   :         8.25184 kcal/mol
 Normalized weight factor of molecule in compound  :         0.05715
 Normalized weight factor of molecule in gas phase :         0.00476

 Compound: 3 Conformer: 2 (lacticacid_c1)
 Chemical potential of the molecule in the mixture :         5.54333 kcal/mol
 Log10(partial pressure [mbar])                    :        -1.03916
 Free energy of molecule in mix (E_COSMO+dE+Mu)    :   -215742.95532 kcal/mol
 Total mean interaction energy in the mix          :        -5.86564 kcal/mol
 Misfit interaction energy in the mix              :         2.70537 kcal/mol
 H-Bond interaction energy in the mix              :        -2.81644 kcal/mol
 VdW interaction energy in the mix                 :       -14.00641 kcal/mol
 Gas liquid transition energy in the mix (H_glt)   :         8.25184 kcal/mol
 Normalized weight factor of molecule in compound  :         0.02108
 Normalized weight factor of molecule in gas phase :         0.00936

 Compound: 3 Conformer: 3 (lacticacid_c2)
 Chemical potential of the molecule in the mixture :         2.79050 kcal/mol
 Log10(partial pressure [mbar])                    :        -0.98074
 Free energy of molecule in mix (E_COSMO+dE+Mu)    :   -215744.81596 kcal/mol
 Total mean interaction energy in the mix          :        -7.51976 kcal/mol
 Misfit interaction energy in the mix              :         2.12785 kcal/mol
 H-Bond interaction energy in the mix              :        -3.81649 kcal/mol
 VdW interaction energy in the mix                 :       -14.08296 kcal/mol
 Gas liquid transition energy in the mix (H_glt)   :         8.25184 kcal/mol
 Normalized weight factor of molecule in compound  :         0.51408
 Normalized weight factor of molecule in gas phase :         0.94961

 Compound: 3 Conformer: 4 (lacticacid_c3)
 Chemical potential of the molecule in the mixture :         2.07510 kcal/mol
 Log10(partial pressure [mbar])                    :        -2.62145
 Free energy of molecule in mix (E_COSMO+dE+Mu)    :   -215744.11033 kcal/mol
 Total mean interaction energy in the mix          :        -8.80698 kcal/mol
 Misfit interaction energy in the mix              :         2.25636 kcal/mol
 H-Bond interaction energy in the mix              :        -5.25692 kcal/mol
 VdW interaction energy in the mix                 :       -14.05826 kcal/mol
 Gas liquid transition energy in the mix (H_glt)   :         8.25184 kcal/mol
 Normalized weight factor of molecule in compound  :         0.15310
 Normalized weight factor of molecule in gas phase :         0.02089

 Compound: 3 Conformer: 5 (lacticacid_c4)
 Chemical potential of the molecule in the mixture :         2.15133 kcal/mol
 Log10(partial pressure [mbar])                    :        -4.23184
 Free energy of molecule in mix (E_COSMO+dE+Mu)    :   -215743.94750 kcal/mol
 Total mean interaction energy in the mix          :        -9.39978 kcal/mol
 Misfit interaction energy in the mix              :         2.52661 kcal/mol
 H-Bond interaction energy in the mix              :        -6.07827 kcal/mol
 VdW interaction energy in the mix                 :       -14.09996 kcal/mol
 Gas liquid transition energy in the mix (H_glt)   :         8.25184 kcal/mol
 Normalized weight factor of molecule in compound  :         0.11577
 Normalized weight factor of molecule in gas phase :         0.00039

 Compound: 3 Conformer: 6 (lacticacid_c5)
 Chemical potential of the molecule in the mixture :         1.98219 kcal/mol
 Log10(partial pressure [mbar])                    :        -2.72238
 Free energy of molecule in mix (E_COSMO+dE+Mu)    :   -215744.05328 kcal/mol
 Total mean interaction energy in the mix          :        -8.97366 kcal/mol
 Misfit interaction energy in the mix              :         2.22050 kcal/mol
 H-Bond interaction energy in the mix              :        -5.35923 kcal/mol
 VdW interaction energy in the mix                 :       -14.08676 kcal/mol
 Gas liquid transition energy in the mix (H_glt)   :         8.25184 kcal/mol
 Normalized weight factor of molecule in compound  :         0.13882
 Normalized weight factor of molecule in gas phase :         0.01500


 Iterative computation of Multi-Component-2-Phase-Equilibrium (LIQ_EX) converged !


----------------
 END job       1
----------------
