 -----------------------------------------
 COSMOtherm Version 19.0.0 (Revision 5259)
 -----------------------------------------
 written by Frank Eckert, Andreas Klamt, Larissa Koch, Selman Terzi
 Copyright (C) 1999-2018, COSMOlogic GmbH & Co. KG

 Job name   : !! Multi-Component-2-Phase-Equilibrium calculation                        
 Job date   : 04/10/2025
 Job time   : 17:18:04
 Hostname   : unknown
 OS type    : Windows_NT
 Executable : Windows 64-bit

 Reading COSMOtherm parameter file BP_TZVPD_FINE_19.ctd from directory C:/Program Files/COSMOlogic/COSMOthermX19/COSMOtherm/CTDATA-FILES/
 Info: # COSMOtherm parameter file ./BP_TZVPD_FINE_19.ctd for BP-TZVPD-FINE (BP-TZVP optimized) COSMO files                                                  

 Reading COSMOtherm license key license.txt from directory C:/Program Files/COSMOlogic/COSMOthermX19/licensefiles/

 COSMOtherm license key expiration date 12/03/2025
 COSMOtherm license key version 24
 Customer : 200000000035108
 ID       : LKO2613120

 License keys:
  product                   |    licensed version    | status
 ------------------------------------------------------------------------------ 
  COSMOtherm                |          24            | active
  TURBOMOLE                 |          21            | active
  COSMOquick                |          24            | active
  COSMOconf                 |          24            | active
  COSMOmic                  |          24            | active
  COSMObase                 |          24            | active
  COSMOperm                 |          24            | active
  COSMOplex                 |          24            | active
 ------------------------------------------------------------------------------ 
 
 Reading vapor pressure and property information for compound 1 from file V:\groups\COSMOTHERM-Datenbank\COSMObase-1901\BP-TZVPD-FINE/h/h2o.vap
 Reading COSMO information for compound 1 conformer 1 from file V:\groups\COSMOTHERM-Datenbank\COSMObase-1901\BP-TZVPD-FINE/h/h2o_c0.cosmo
 
 Reading vapor pressure and property information for compound 2 from file V:\groups\COSMOTHERM-Datenbank\COSMObase-1901\BP-TZVPD-FINE/4/4-nonanone.vap
 Reading COSMO information for compound 2 conformer 1 from file V:\groups\COSMOTHERM-Datenbank\COSMObase-1901\BP-TZVPD-FINE/4/4-nonanone_c0.cosmo
 Reading COSMO information for compound 2 conformer 2 from file V:\groups\COSMOTHERM-Datenbank\COSMObase-1901\BP-TZVPD-FINE/4/4-nonanone_c1.cosmo
 Reading COSMO information for compound 2 conformer 3 from file V:\groups\COSMOTHERM-Datenbank\COSMObase-1901\BP-TZVPD-FINE/4/4-nonanone_c2.cosmo
 Reading COSMO information for compound 2 conformer 4 from file V:\groups\COSMOTHERM-Datenbank\COSMObase-1901\BP-TZVPD-FINE/4/4-nonanone_c3.cosmo
 Reading COSMO information for compound 2 conformer 5 from file V:\groups\COSMOTHERM-Datenbank\COSMObase-1901\BP-TZVPD-FINE/4/4-nonanone_c4.cosmo
 
 Reading vapor pressure and property information for compound 3 from file V:\groups\COSMOTHERM-Datenbank\COSMObase-1901\BP-TZVPD-FINE/l/lacticacid.vap
 Reading COSMO information for compound 3 conformer 1 from file V:\groups\COSMOTHERM-Datenbank\COSMObase-1901\BP-TZVPD-FINE/l/lacticacid_c0.cosmo
 Reading COSMO information for compound 3 conformer 2 from file V:\groups\COSMOTHERM-Datenbank\COSMObase-1901\BP-TZVPD-FINE/l/lacticacid_c1.cosmo
 Reading COSMO information for compound 3 conformer 3 from file V:\groups\COSMOTHERM-Datenbank\COSMObase-1901\BP-TZVPD-FINE/l/lacticacid_c2.cosmo
 Reading COSMO information for compound 3 conformer 4 from file V:\groups\COSMOTHERM-Datenbank\COSMObase-1901\BP-TZVPD-FINE/l/lacticacid_c3.cosmo
 Reading COSMO information for compound 3 conformer 5 from file V:\groups\COSMOTHERM-Datenbank\COSMObase-1901\BP-TZVPD-FINE/l/lacticacid_c4.cosmo
 Reading COSMO information for compound 3 conformer 6 from file V:\groups\COSMOTHERM-Datenbank\COSMObase-1901\BP-TZVPD-FINE/l/lacticacid_c5.cosmo


 --- Compound 1 (h2o) ---

 Experimental data for compound 1 (h2o) :
 CAS registry number for compound 1 (CAS-RN = 7732-18-5)
 Antoine equation coefficients ([mbar]/[K]) for compound 1:        18.8198      3956.2903       -40.6247
 Wagner equation coefficients ([mbar]/[K]) for compound 1:    220600.0000       647.1400        -7.7645         1.4584        -2.7758        -1.2330
 Vapor Pressure [mbar] / Temperature [°C] input for compound 1:
               10.0000            7.0000
              100.0000           45.8000
             1000.0000           99.6000
 Minimum temperature for vapor pressure estimation of compound 1 (TPVMIN = 275.00000 K)
 Maximum temperature for vapor pressure estimation of compound 1 (TPVMAX = 647.00000 K)
 UNIQUAC volume parameter for compound 1 (UNIQUAC_RI = 0.92000)
 UNIQUAC surface parameter for compound 1 (UNIQUAC_QI = 1.40000)
 Boiling temperature of compound 1 (TBOIL = 373.15000 K)
 Melting temperature of compound 1 (TMELT = 273.15000 K)
 Experimental dielectric constant for compound 1 (EPSILON = 78.20000)
 Critical temperature of compound 1 (TCRIT = 647.09600 K)
 Critical pressure of compound 1 (PCRIT = 220640.00000 mbar)
 Critical density of compound 1 (DCRIT = 0.32239 g/ml)
 DIPPR 116 density parameters for compound 1 (EXPDENSDIPPR116 = {0.92619 -1.15605 3.01718 -2.12561 273.16000 647.09500})

 Compound Information for compound 1 conformer 1 (COSMO file V:\groups\COSMOTHERM-Datenbank\COSMObase-1901\BP-TZVPD-FINE/h/h2o_c0.cosmo)
 Atomic weights         : 111
 E_COSMO+dE             :     -47993.2533 kcal/mol
 E_gas                  :     -47987.6758 kcal/mol
 E_COSMO-E_gas+dE       :         -5.5774 kcal/mol
 E_diel                 :         -8.0924 kcal/mol
 E_disp_intramolecular  :         -0.2880 kcal/mol
 Averaging corr dE      :          0.4368 kcal/mol
 Area                   :         43.1419 A^2
 Volume                 :         25.8553 A^3
 Molecular Weight       :         18.0153 a.m.u.
 Total COSMO charge     :         -0.0001 a.u.
 Dipole moment (t,x,y,z):          2.2004  0.001108  0.000271 -2.200437 Debye                            
 Sigma moments (1-6)    :          0.0000  6.40E+01  2.982917  1.35E+02  1.50E+01  3.17E+02              
 H-bond moment (accept) :          3.0054
 H-bond moment (donor)  :          2.9616
 
 No gas phase energy file for compound 1 conformer 1 found, using single point gas phase energy from cosmo file


 --- Compound 2 (4-nonanone) ---

 Experimental data for compound 2 (4-nonanone) :
 CAS registry number for compound 2 (CAS-RN = 4485-09-0)
 Boiling temperature of compound 2 (TBOIL = 395.15000 K)

 Compound Information for compound 2 conformer 1 (COSMO file V:\groups\COSMOTHERM-Datenbank\COSMObase-1901\BP-TZVPD-FINE/4/4-nonanone_c0.cosmo)
 Atomic weights         : 1111111111111111111111111111
 E_COSMO+dE             :    -269357.9089 kcal/mol
 E_gas                  :    -269352.3359 kcal/mol
 E_COSMO-E_gas+dE       :         -5.5730 kcal/mol
 E_diel                 :         -7.6930 kcal/mol
 E_disp_intramolecular  :        -21.5953 kcal/mol
 Averaging corr dE      :          0.3730 kcal/mol
 Area                   :        222.0485 A^2
 Volume                 :        216.9795 A^3
 Molecular Weight       :        142.2395 a.m.u.
 Total COSMO charge     :          0.0002 a.u.
 Dipole moment (t,x,y,z):          3.9157 -3.345999 -1.374077  1.499600 Debye                            
 Sigma moments (1-6)    :          0.0000  4.66E+01  3.33E+01  5.66E+01  7.29E+01  1.08E+02              
 H-bond moment (accept) :          2.1750
 H-bond moment (donor)  :          0.0000
 
 No gas phase energy file for compound 2 conformer 1 found, using single point gas phase energy from cosmo file

 Compound Information for compound 2 conformer 2 (COSMO file V:\groups\COSMOTHERM-Datenbank\COSMObase-1901\BP-TZVPD-FINE/4/4-nonanone_c1.cosmo)
 Atomic weights         : 1111111111111111111111111111
 E_COSMO+dE             :    -269357.7407 kcal/mol
 E_gas                  :    -269351.9751 kcal/mol
 E_COSMO-E_gas+dE       :         -5.7656 kcal/mol
 E_diel                 :         -7.8589 kcal/mol
 E_disp_intramolecular  :        -21.8560 kcal/mol
 Averaging corr dE      :          0.3700 kcal/mol
 Area                   :        221.7451 A^2
 Volume                 :        217.5811 A^3
 Molecular Weight       :        142.2395 a.m.u.
 Total COSMO charge     :          0.0001 a.u.
 Dipole moment (t,x,y,z):          4.1095  1.083425  3.962009  0.128273 Debye                            
 Sigma moments (1-6)    :          0.0000  4.78E+01  3.74E+01  6.28E+01  8.47E+01  1.28E+02              
 H-bond moment (accept) :          2.5089
 H-bond moment (donor)  :          0.0000
 
 No gas phase energy file for compound 2 conformer 2 found, using single point gas phase energy from cosmo file

 Compound Information for compound 2 conformer 3 (COSMO file V:\groups\COSMOTHERM-Datenbank\COSMObase-1901\BP-TZVPD-FINE/4/4-nonanone_c2.cosmo)
 Atomic weights         : 1111111111111111111111111111
 E_COSMO+dE             :    -269357.9347 kcal/mol
 E_gas                  :    -269352.6931 kcal/mol
 E_COSMO-E_gas+dE       :         -5.2416 kcal/mol
 E_diel                 :         -7.2686 kcal/mol
 E_disp_intramolecular  :        -22.0731 kcal/mol
 Averaging corr dE      :          0.3678 kcal/mol
 Area                   :        220.1268 A^2
 Volume                 :        217.3247 A^3
 Molecular Weight       :        142.2395 a.m.u.
 Total COSMO charge     :          0.0005 a.u.
 Dipole moment (t,x,y,z):          3.9211 -0.440166  3.337849 -2.010054 Debye                            
 Sigma moments (1-6)    :          0.0000  4.46E+01  3.14E+01  5.37E+01  6.86E+01  1.02E+02              
 H-bond moment (accept) :          2.0520
 H-bond moment (donor)  :          0.0000
 
 No gas phase energy file for compound 2 conformer 3 found, using single point gas phase energy from cosmo file

 Compound Information for compound 2 conformer 4 (COSMO file V:\groups\COSMOTHERM-Datenbank\COSMObase-1901\BP-TZVPD-FINE/4/4-nonanone_c3.cosmo)
 Atomic weights         : 1111111111111111111111111111
 E_COSMO+dE             :    -269357.8587 kcal/mol
 E_gas                  :    -269352.5899 kcal/mol
 E_COSMO-E_gas+dE       :         -5.2688 kcal/mol
 E_diel                 :         -7.3345 kcal/mol
 E_disp_intramolecular  :        -22.0012 kcal/mol
 Averaging corr dE      :          0.3691 kcal/mol
 Area                   :        220.0997 A^2
 Volume                 :        217.1765 A^3
 Molecular Weight       :        142.2395 a.m.u.
 Total COSMO charge     :          0.0003 a.u.
 Dipole moment (t,x,y,z):          3.9370  0.430790  3.627650 -1.467790 Debye                            
 Sigma moments (1-6)    :          0.0000  4.45E+01  3.13E+01  5.35E+01  6.86E+01  1.02E+02              
 H-bond moment (accept) :          2.1235
 H-bond moment (donor)  :          0.0000
 
 No gas phase energy file for compound 2 conformer 4 found, using single point gas phase energy from cosmo file

 Compound Information for compound 2 conformer 5 (COSMO file V:\groups\COSMOTHERM-Datenbank\COSMObase-1901\BP-TZVPD-FINE/4/4-nonanone_c4.cosmo)
 Atomic weights         : 1111111111111111111111111111
 E_COSMO+dE             :    -269357.6644 kcal/mol
 E_gas                  :    -269351.8861 kcal/mol
 E_COSMO-E_gas+dE       :         -5.7782 kcal/mol
 E_diel                 :         -7.9004 kcal/mol
 E_disp_intramolecular  :        -21.8302 kcal/mol
 Averaging corr dE      :          0.3729 kcal/mol
 Area                   :        221.8136 A^2
 Volume                 :        217.5944 A^3
 Molecular Weight       :        142.2395 a.m.u.
 Total COSMO charge     :          0.0002 a.u.
 Dipole moment (t,x,y,z):          4.0737 -0.150244 -4.068937  0.127927 Debye                            
 Sigma moments (1-6)    :          0.0000  4.79E+01  3.73E+01  6.30E+01  8.49E+01  1.29E+02              
 H-bond moment (accept) :          2.5556
 H-bond moment (donor)  :          0.0000
 
 No gas phase energy file for compound 2 conformer 5 found, using single point gas phase energy from cosmo file


 --- Compound 3 (lacticacid) ---

 Compound Information for compound 3 conformer 1 (COSMO file V:\groups\COSMOTHERM-Datenbank\COSMObase-1901\BP-TZVPD-FINE/l/lacticacid_c0.cosmo)
 Atomic weights         : 111111111111
 E_COSMO+dE             :    -215748.6801 kcal/mol
 E_gas                  :    -215737.1594 kcal/mol
 E_COSMO-E_gas+dE       :        -11.5207 kcal/mol
 E_diel                 :        -14.9233 kcal/mol
 E_disp_intramolecular  :         -7.9216 kcal/mol
 Averaging corr dE      :          0.6215 kcal/mol
 Area                   :        120.1634 A^2
 Volume                 :        106.5048 A^3
 Molecular Weight       :         90.0783 a.m.u.
 Total COSMO charge     :          0.0003 a.u.
 Dipole moment (t,x,y,z):          5.6342 -4.962581 -1.954290  1.815876 Debye                            
 Sigma moments (1-6)    :          0.0000  9.26E+01 -4.184013  1.56E+02 -5.10E+01  3.43E+02              
 H-bond moment (accept) :          2.0855
 H-bond moment (donor)  :          2.8372
 
 No gas phase energy file for compound 3 conformer 1 found, using single point gas phase energy from cosmo file

 Compound Information for compound 3 conformer 2 (COSMO file V:\groups\COSMOTHERM-Datenbank\COSMObase-1901\BP-TZVPD-FINE/l/lacticacid_c1.cosmo)
 Atomic weights         : 111111111111
 E_COSMO+dE             :    -215748.4986 kcal/mol
 E_gas                  :    -215737.5373 kcal/mol
 E_COSMO-E_gas+dE       :        -10.9613 kcal/mol
 E_diel                 :        -14.1864 kcal/mol
 E_disp_intramolecular  :         -7.9782 kcal/mol
 Averaging corr dE      :          0.6372 kcal/mol
 Area                   :        119.5838 A^2
 Volume                 :        106.3744 A^3
 Molecular Weight       :         90.0783 a.m.u.
 Total COSMO charge     :          0.0003 a.u.
 Dipole moment (t,x,y,z):          5.6432 -4.887041  2.797840  0.367402 Debye                            
 Sigma moments (1-6)    :          0.0000  8.87E+01  1.972080  1.40E+02 -2.98E+01  2.93E+02              
 H-bond moment (accept) :          1.8771
 H-bond moment (donor)  :          2.4847
 
 No gas phase energy file for compound 3 conformer 2 found, using single point gas phase energy from cosmo file

 Compound Information for compound 3 conformer 3 (COSMO file V:\groups\COSMOTHERM-Datenbank\COSMObase-1901\BP-TZVPD-FINE/l/lacticacid_c2.cosmo)
 Atomic weights         : 111111111111
 E_COSMO+dE             :    -215747.6065 kcal/mol
 E_gas                  :    -215739.4763 kcal/mol
 E_COSMO-E_gas+dE       :         -8.1301 kcal/mol
 E_diel                 :        -10.2144 kcal/mol
 E_disp_intramolecular  :         -7.8101 kcal/mol
 Averaging corr dE      :          0.7457 kcal/mol
 Area                   :        120.2417 A^2
 Volume                 :        106.5759 A^3
 Molecular Weight       :         90.0783 a.m.u.
 Total COSMO charge     :          0.0004 a.u.
 Dipole moment (t,x,y,z):          3.4208 -2.782781 -1.975225 -0.237114 Debye                            
 Sigma moments (1-6)    :          0.0000  8.17E+01 -9.493434  1.52E+02 -8.52E+01  4.02E+02              
 H-bond moment (accept) :          2.0796
 H-bond moment (donor)  :          3.5488
 
 No gas phase energy file for compound 3 conformer 3 found, using single point gas phase energy from cosmo file

 Compound Information for compound 3 conformer 4 (COSMO file V:\groups\COSMOTHERM-Datenbank\COSMObase-1901\BP-TZVPD-FINE/l/lacticacid_c3.cosmo)
 Atomic weights         : 111111111111
 E_COSMO+dE             :    -215746.1854 kcal/mol
 E_gas                  :    -215736.5699 kcal/mol
 E_COSMO-E_gas+dE       :         -9.6155 kcal/mol
 E_diel                 :        -12.0403 kcal/mol
 E_disp_intramolecular  :         -7.8263 kcal/mol
 Averaging corr dE      :          0.7985 kcal/mol
 Area                   :        121.2359 A^2
 Volume                 :        107.7258 A^3
 Molecular Weight       :         90.0783 a.m.u.
 Total COSMO charge     :          0.0004 a.u.
 Dipole moment (t,x,y,z):          2.6808  0.687585  1.222652  2.284563 Debye                            
 Sigma moments (1-6)    :          0.0000  9.52E+01 -9.279924  1.79E+02 -8.57E+01  4.42E+02              
 H-bond moment (accept) :          2.4742
 H-bond moment (donor)  :          4.7099
 
 No gas phase energy file for compound 3 conformer 4 found, using single point gas phase energy from cosmo file

 Compound Information for compound 3 conformer 5 (COSMO file V:\groups\COSMOTHERM-Datenbank\COSMObase-1901\BP-TZVPD-FINE/l/lacticacid_c4.cosmo)
 Atomic weights         : 111111111111
 E_COSMO+dE             :    -215746.0988 kcal/mol
 E_gas                  :    -215734.2469 kcal/mol
 E_COSMO-E_gas+dE       :        -11.8519 kcal/mol
 E_diel                 :        -15.4923 kcal/mol
 E_disp_intramolecular  :         -7.7365 kcal/mol
 Averaging corr dE      :          0.7497 kcal/mol
 Area                   :        121.4869 A^2
 Volume                 :        107.5139 A^3
 Molecular Weight       :         90.0783 a.m.u.
 Total COSMO charge     :          0.0001 a.u.
 Dipole moment (t,x,y,z):          4.5492 -2.507745 -3.769835  0.441697 Debye                            
 Sigma moments (1-6)    :          0.0000  1.05E+02 -0.628692  2.13E+02 -4.53E+01  5.50E+02              
 H-bond moment (accept) :          3.9249
 H-bond moment (donor)  :          4.9729
 
 No gas phase energy file for compound 3 conformer 5 found, using single point gas phase energy from cosmo file

 Compound Information for compound 3 conformer 6 (COSMO file V:\groups\COSMOTHERM-Datenbank\COSMObase-1901\BP-TZVPD-FINE/l/lacticacid_c5.cosmo)
 Atomic weights         : 111111111111
 E_COSMO+dE             :    -215746.0355 kcal/mol
 E_gas                  :    -215736.3775 kcal/mol
 E_COSMO-E_gas+dE       :         -9.6580 kcal/mol
 E_diel                 :        -12.1366 kcal/mol
 E_disp_intramolecular  :         -7.7279 kcal/mol
 Averaging corr dE      :          0.8020 kcal/mol
 Area                   :        121.1546 A^2
 Volume                 :        107.2976 A^3
 Molecular Weight       :         90.0783 a.m.u.
 Total COSMO charge     :          0.0004 a.u.
 Dipole moment (t,x,y,z):          1.9935 -1.037490 -1.370029  1.010343 Debye                            
 Sigma moments (1-6)    :          0.0000  9.63E+01 -1.07E+01  1.83E+02 -8.84E+01  4.53E+02              
 H-bond moment (accept) :          2.5251
 H-bond moment (donor)  :          4.6396
 
 No gas phase energy file for compound 3 conformer 6 found, using single point gas phase energy from cosmo file


 Total number of processed compounds:    3
 Total number of processed molecules:   12


----------------
 START job     1
----------------

 ---------------------------------------------------------------------
 Multi-Component-2-Phase-Equilibrium (Liquid Extraction) calculation
 Initial phase 1: X1={0.998997 0 0.001003}
 Initial phase 2: X2={0 1}
 ---------------------------------------------------------------------



 Results for mixture 1 - LIQ_EX Phase 1 Iteration    0
 ---------------------
 Temperature          :    313.150 K
 Compound Nr.         :         1         2         3
 Compound             :       h2o 4-nonanon lacticaci
 Mole Fraction        :    0.9990    0.0000    0.0010

 Compound: 1  (h2o)
 Chemical potential of the compound in the mixture :         3.46911 kcal/mol
 Log10(partial pressure [mbar])                    :         1.52861
 Free energy of molecule in mix (E_COSMO+dE+Mu)    :    -47989.78416 kcal/mol
 Total mean interaction energy in the mix (H_int)  :        -5.54406 kcal/mol
 Misfit interaction energy in the mix (H_MF)       :         0.59162 kcal/mol
 H-Bond interaction energy in the mix (H_HB)       :        -4.72901 kcal/mol
 VdW interaction energy in the mix (H_vdW)         :        -4.33872 kcal/mol
 Gas liquid transition energy in the mix (H_glt)   :         2.93205 kcal/mol

 Compound: 2  (4-nonanone)
 Chemical potential of the compound in the mixture :         6.95163 kcal/mol
 Log10(partial pressure [mbar])                    :         4.66638
 Free energy of molecule in mix (E_COSMO+dE+Mu)    :   -269350.98304 kcal/mol
 Total mean interaction energy in the mix (H_int)  :        -8.23034 kcal/mol
 Misfit interaction energy in the mix (H_MF)       :         3.62086 kcal/mol
 H-Bond interaction energy in the mix (H_HB)       :        -2.11164 kcal/mol
 VdW interaction energy in the mix (H_vdW)         :       -24.72512 kcal/mol
 Gas liquid transition energy in the mix (H_glt)   :        14.86330 kcal/mol

 Compound: 3  (lacticacid)
 Chemical potential of the compound in the mixture :         4.46763 kcal/mol
 Log10(partial pressure [mbar])                    :        -0.78432
 Free energy of molecule in mix (E_COSMO+dE+Mu)    :   -215744.21251 kcal/mol
 Total mean interaction energy in the mix (H_int)  :        -7.87245 kcal/mol
 Misfit interaction energy in the mix (H_MF)       :         1.98394 kcal/mol
 H-Bond interaction energy in the mix (H_HB)       :        -7.04078 kcal/mol
 VdW interaction energy in the mix (H_vdW)         :       -13.28038 kcal/mol
 Gas liquid transition energy in the mix (H_glt)   :         8.25184 kcal/mol



 Compound: 1 Conformer: 1 (h2o_c0)
 Chemical potential of the molecule in the mixture :         3.46911 kcal/mol
 Log10(partial pressure [mbar])                    :         1.52861
 Free energy of molecule in mix (E_COSMO+dE+Mu)    :    -47989.78416 kcal/mol
 Total mean interaction energy in the mix          :        -5.54406 kcal/mol
 Misfit interaction energy in the mix              :         0.59162 kcal/mol
 H-Bond interaction energy in the mix              :        -4.72901 kcal/mol
 VdW interaction energy in the mix                 :        -4.33872 kcal/mol
 Gas liquid transition energy in the mix (H_glt)   :         2.93205 kcal/mol
 Normalized weight factor of molecule in compound  :         1.00000
 Normalized weight factor of molecule in gas phase :         1.00000

 Compound: 2 Conformer: 1 (4-nonanone_c0)
 Chemical potential of the molecule in the mixture :         7.83918 kcal/mol
 Log10(partial pressure [mbar])                    :         4.58155
 Free energy of molecule in mix (E_COSMO+dE+Mu)    :   -269350.06975 kcal/mol
 Total mean interaction energy in the mix          :        -8.32828 kcal/mol
 Misfit interaction energy in the mix              :         3.66577 kcal/mol
 H-Bond interaction energy in the mix              :        -1.98859 kcal/mol
 VdW interaction energy in the mix                 :       -24.86876 kcal/mol
 Gas liquid transition energy in the mix (H_glt)   :        14.86330 kcal/mol
 Normalized weight factor of molecule in compound  :         0.23047
 Normalized weight factor of molecule in gas phase :         0.18958

 Compound: 2 Conformer: 2 (4-nonanone_c1)
 Chemical potential of the molecule in the mixture :         7.71570 kcal/mol
 Log10(partial pressure [mbar])                    :         4.36097
 Free energy of molecule in mix (E_COSMO+dE+Mu)    :   -269350.02501 kcal/mol
 Total mean interaction energy in the mix          :        -8.52615 kcal/mol
 Misfit interaction energy in the mix              :         3.63012 kcal/mol
 H-Bond interaction energy in the mix              :        -2.28229 kcal/mol
 VdW interaction energy in the mix                 :       -24.73729 kcal/mol
 Gas liquid transition energy in the mix (H_glt)   :        14.86330 kcal/mol
 Normalized weight factor of molecule in compound  :         0.21448
 Normalized weight factor of molecule in gas phase :         0.10617

 Compound: 2 Conformer: 3 (4-nonanone_c2)
 Chemical potential of the molecule in the mixture :         8.08042 kcal/mol
 Log10(partial pressure [mbar])                    :         4.98122
 Free energy of molecule in mix (E_COSMO+dE+Mu)    :   -269349.85425 kcal/mol
 Total mean interaction energy in the mix          :        -8.05106 kcal/mol
 Misfit interaction energy in the mix              :         3.56044 kcal/mol
 H-Bond interaction energy in the mix              :        -1.90118 kcal/mol
 VdW interaction energy in the mix                 :       -24.57362 kcal/mol
 Gas liquid transition energy in the mix (H_glt)   :        14.86330 kcal/mol
 Normalized weight factor of molecule in compound  :         0.16301
 Normalized weight factor of molecule in gas phase :         0.33080

 Compound: 2 Conformer: 4 (4-nonanone_c3)
 Chemical potential of the molecule in the mixture :         8.01312 kcal/mol
 Log10(partial pressure [mbar])                    :         4.91525
 Free energy of molecule in mix (E_COSMO+dE+Mu)    :   -269349.84560 kcal/mol
 Total mean interaction energy in the mix          :        -8.06988 kcal/mol
 Misfit interaction energy in the mix              :         3.60194 kcal/mol
 H-Bond interaction energy in the mix              :        -1.91739 kcal/mol
 VdW interaction energy in the mix                 :       -24.61772 kcal/mol
 Gas liquid transition energy in the mix (H_glt)   :        14.86330 kcal/mol
 Normalized weight factor of molecule in compound  :         0.16076
 Normalized weight factor of molecule in gas phase :         0.28143

 Compound: 2 Conformer: 5 (4-nonanone_c4)
 Chemical potential of the molecule in the mixture :         7.59246 kcal/mol
 Log10(partial pressure [mbar])                    :         4.26613
 Free energy of molecule in mix (E_COSMO+dE+Mu)    :   -269350.07189 kcal/mol
 Total mean interaction energy in the mix          :        -8.62497 kcal/mol
 Misfit interaction energy in the mix              :         3.62325 kcal/mol
 H-Bond interaction energy in the mix              :        -2.35937 kcal/mol
 VdW interaction energy in the mix                 :       -24.75215 kcal/mol
 Gas liquid transition energy in the mix (H_glt)   :        14.86330 kcal/mol
 Normalized weight factor of molecule in compound  :         0.23127
 Normalized weight factor of molecule in gas phase :         0.09202

 Compound: 3 Conformer: 1 (lacticacid_c0)
 Chemical potential of the molecule in the mixture :         6.41889 kcal/mol
 Log10(partial pressure [mbar])                    :        -0.56053
 Free energy of molecule in mix (E_COSMO+dE+Mu)    :   -215742.26125 kcal/mol
 Total mean interaction energy in the mix          :        -7.35885 kcal/mol
 Misfit interaction energy in the mix              :         2.01851 kcal/mol
 H-Bond interaction energy in the mix              :        -4.40003 kcal/mol
 VdW interaction energy in the mix                 :       -13.22918 kcal/mol
 Gas liquid transition energy in the mix (H_glt)   :         8.25184 kcal/mol
 Normalized weight factor of molecule in compound  :         0.04347
 Normalized weight factor of molecule in gas phase :         0.00603

 Compound: 3 Conformer: 2 (lacticacid_c1)
 Chemical potential of the molecule in the mixture :         6.54015 kcal/mol
 Log10(partial pressure [mbar])                    :        -0.08551
 Free energy of molecule in mix (E_COSMO+dE+Mu)    :   -215741.95850 kcal/mol
 Total mean interaction energy in the mix          :        -6.92180 kcal/mol
 Misfit interaction energy in the mix              :         2.12855 kcal/mol
 H-Bond interaction energy in the mix              :        -4.09602 kcal/mol
 VdW interaction energy in the mix                 :       -13.20617 kcal/mol
 Gas liquid transition energy in the mix (H_glt)   :         8.25184 kcal/mol
 Normalized weight factor of molecule in compound  :         0.02673
 Normalized weight factor of molecule in gas phase :         0.01137

 Compound: 3 Conformer: 3 (lacticacid_c2)
 Chemical potential of the molecule in the mixture :         4.69999 kcal/mol
 Log10(partial pressure [mbar])                    :         0.60612
 Free energy of molecule in mix (E_COSMO+dE+Mu)    :   -215742.90647 kcal/mol
 Total mean interaction energy in the mix          :        -8.02382 kcal/mol
 Misfit interaction energy in the mix              :         2.06175 kcal/mol
 H-Bond interaction energy in the mix              :        -5.04613 kcal/mol
 VdW interaction energy in the mix                 :       -13.29128 kcal/mol
 Gas liquid transition energy in the mix (H_glt)   :         8.25184 kcal/mol
 Normalized weight factor of molecule in compound  :         0.12261
 Normalized weight factor of molecule in gas phase :         0.93300

 Compound: 3 Conformer: 4 (lacticacid_c3)
 Chemical potential of the molecule in the mixture :         2.94024 kcal/mol
 Log10(partial pressure [mbar])                    :        -1.65865
 Free energy of molecule in mix (E_COSMO+dE+Mu)    :   -215743.24520 kcal/mol
 Total mean interaction energy in the mix          :       -10.14017 kcal/mol
 Misfit interaction energy in the mix              :         1.98193 kcal/mol
 H-Bond interaction energy in the mix              :        -7.10578 kcal/mol
 VdW interaction energy in the mix                 :       -13.26816 kcal/mol
 Gas liquid transition energy in the mix (H_glt)   :         8.25184 kcal/mol
 Normalized weight factor of molecule in compound  :         0.21131
 Normalized weight factor of molecule in gas phase :         0.02822

 Compound: 3 Conformer: 5 (lacticacid_c4)
 Chemical potential of the molecule in the mixture :         2.42577 kcal/mol
 Log10(partial pressure [mbar])                    :        -3.57843
 Free energy of molecule in mix (E_COSMO+dE+Mu)    :   -215743.67306 kcal/mol
 Total mean interaction energy in the mix          :       -11.08820 kcal/mol
 Misfit interaction energy in the mix              :         1.96046 kcal/mol
 H-Bond interaction energy in the mix              :        -8.01105 kcal/mol
 VdW interaction energy in the mix                 :       -13.28944 kcal/mol
 Gas liquid transition energy in the mix (H_glt)   :         8.25184 kcal/mol
 Normalized weight factor of molecule in compound  :         0.42026
 Normalized weight factor of molecule in gas phase :         0.00067

 Compound: 3 Conformer: 6 (lacticacid_c5)
 Chemical potential of the molecule in the mixture :         2.90538 kcal/mol
 Log10(partial pressure [mbar])                    :        -1.71262
 Free energy of molecule in mix (E_COSMO+dE+Mu)    :   -215743.13009 kcal/mol
 Total mean interaction energy in the mix          :       -10.21536 kcal/mol
 Misfit interaction energy in the mix              :         1.95765 kcal/mol
 H-Bond interaction energy in the mix              :        -7.13510 kcal/mol
 VdW interaction energy in the mix                 :       -13.28976 kcal/mol
 Gas liquid transition energy in the mix (H_glt)   :         8.25184 kcal/mol
 Normalized weight factor of molecule in compound  :         0.17562
 Normalized weight factor of molecule in gas phase :         0.02069




 Results for mixture 2 - LIQ_EX Phase 2 Iteration    0
 ---------------------
 Temperature          :    313.150 K
 Compound Nr.         :         1         2         3
 Compound             :       h2o 4-nonanon lacticaci
 Mole Fraction        :    0.0000    1.0000    0.0000

 Compound: 1  (h2o)
 Chemical potential of the compound in the mixture :         5.84957 kcal/mol
 Log10(partial pressure [mbar])                    :         3.18992
 Free energy of molecule in mix (E_COSMO+dE+Mu)    :    -47987.40370 kcal/mol
 Total mean interaction energy in the mix (H_int)  :        -1.92365 kcal/mol
 Misfit interaction energy in the mix (H_MF)       :         1.98651 kcal/mol
 H-Bond interaction energy in the mix (H_HB)       :        -2.23317 kcal/mol
 VdW interaction energy in the mix (H_vdW)         :        -4.60904 kcal/mol
 Gas liquid transition energy in the mix (H_glt)   :         2.93205 kcal/mol
 Equilibrium constant Kx(1,2)                      :        45.84698
 Equilibrium concentration x_k(1,2)                :         0.97865

 Compound: 2  (4-nonanone)
 Chemical potential of the compound in the mixture :         0.77427 kcal/mol
 Log10(partial pressure [mbar])                    :         0.35524
 Free energy of molecule in mix (E_COSMO+dE+Mu)    :   -269357.16040 kcal/mol
 Total mean interaction energy in the mix (H_int)  :        -7.12221 kcal/mol
 Misfit interaction energy in the mix (H_MF)       :         3.61313 kcal/mol
 H-Bond interaction energy in the mix (H_HB)       :         0.00017 kcal/mol
 VdW interaction energy in the mix (H_vdW)         :       -25.68181 kcal/mol
 Gas liquid transition energy in the mix (H_glt)   :        14.86330 kcal/mol
 Equilibrium constant Kx(1,2)                      :  4.88493883E-05
 Equilibrium concentration x_k(1,2)                :         0.00005

 Compound: 3  (lacticacid)
 Chemical potential of the compound in the mixture :         5.01135 kcal/mol
 Log10(partial pressure [mbar])                    :        -0.40486
 Free energy of molecule in mix (E_COSMO+dE+Mu)    :   -215743.66879 kcal/mol
 Total mean interaction energy in the mix (H_int)  :        -3.98560 kcal/mol
 Misfit interaction energy in the mix (H_MF)       :         2.76811 kcal/mol
 H-Bond interaction energy in the mix (H_HB)       :        -2.17203 kcal/mol
 VdW interaction energy in the mix (H_vdW)         :       -14.02996 kcal/mol
 Gas liquid transition energy in the mix (H_glt)   :         8.25184 kcal/mol
 Equilibrium constant Kx(1,2)                      :         2.39583
 Equilibrium concentration x_k(1,2)                :         0.70552



 Compound: 1 Conformer: 1 (h2o_c0)
 Chemical potential of the molecule in the mixture :         5.84957 kcal/mol
 Log10(partial pressure [mbar])                    :         3.18992
 Free energy of molecule in mix (E_COSMO+dE+Mu)    :    -47987.40370 kcal/mol
 Total mean interaction energy in the mix          :        -1.92365 kcal/mol
 Misfit interaction energy in the mix              :         1.98651 kcal/mol
 H-Bond interaction energy in the mix              :        -2.23317 kcal/mol
 VdW interaction energy in the mix                 :        -4.60904 kcal/mol
 Gas liquid transition energy in the mix (H_glt)   :         2.93205 kcal/mol
 Normalized weight factor of molecule in compound  :         1.00000
 Normalized weight factor of molecule in gas phase :         1.00000

 Compound: 2 Conformer: 1 (4-nonanone_c0)
 Chemical potential of the molecule in the mixture :         1.52701 kcal/mol
 Log10(partial pressure [mbar])                    :         0.17632
 Free energy of molecule in mix (E_COSMO+dE+Mu)    :   -269356.38193 kcal/mol
 Total mean interaction energy in the mix          :        -7.34278 kcal/mol
 Misfit interaction energy in the mix              :         3.64103 kcal/mol
 H-Bond interaction energy in the mix              :         0.00010 kcal/mol
 VdW interaction energy in the mix                 :       -25.84721 kcal/mol
 Gas liquid transition energy in the mix (H_glt)   :        14.86330 kcal/mol
 Normalized weight factor of molecule in compound  :         0.28623
 Normalized weight factor of molecule in gas phase :         0.18958

 Compound: 2 Conformer: 2 (4-nonanone_c1)
 Chemical potential of the molecule in the mixture :         1.83912 kcal/mol
 Log10(partial pressure [mbar])                    :         0.25973
 Free energy of molecule in mix (E_COSMO+dE+Mu)    :   -269355.90159 kcal/mol
 Total mean interaction energy in the mix          :        -7.11156 kcal/mol
 Misfit interaction energy in the mix              :         3.74167 kcal/mol
 H-Bond interaction energy in the mix              :         0.00038 kcal/mol
 VdW interaction energy in the mix                 :       -25.71690 kcal/mol
 Gas liquid transition energy in the mix (H_glt)   :        14.86330 kcal/mol
 Normalized weight factor of molecule in compound  :         0.13228
 Normalized weight factor of molecule in gas phase :         0.10617

 Compound: 2 Conformer: 3 (4-nonanone_c2)
 Chemical potential of the molecule in the mixture :         1.68051 kcal/mol
 Log10(partial pressure [mbar])                    :         0.51476
 Free energy of molecule in mix (E_COSMO+dE+Mu)    :   -269356.25416 kcal/mol
 Total mean interaction energy in the mix          :        -7.15035 kcal/mol
 Misfit interaction energy in the mix              :         3.51751 kcal/mol
 H-Bond interaction energy in the mix              :         0.00010 kcal/mol
 VdW interaction energy in the mix                 :       -25.53126 kcal/mol
 Gas liquid transition energy in the mix (H_glt)   :        14.86330 kcal/mol
 Normalized weight factor of molecule in compound  :         0.23310
 Normalized weight factor of molecule in gas phase :         0.33080

 Compound: 2 Conformer: 4 (4-nonanone_c3)
 Chemical potential of the molecule in the mixture :         1.61988 kcal/mol
 Log10(partial pressure [mbar])                    :         0.45345
 Free energy of molecule in mix (E_COSMO+dE+Mu)    :   -269356.23883 kcal/mol
 Total mean interaction energy in the mix          :        -7.18183 kcal/mol
 Misfit interaction energy in the mix              :         3.53387 kcal/mol
 H-Bond interaction energy in the mix              :         0.00011 kcal/mol
 VdW interaction energy in the mix                 :       -25.57911 kcal/mol
 Gas liquid transition energy in the mix (H_glt)   :        14.86330 kcal/mol
 Normalized weight factor of molecule in compound  :         0.22743
 Normalized weight factor of molecule in gas phase :         0.28143

 Compound: 2 Conformer: 5 (4-nonanone_c4)
 Chemical potential of the molecule in the mixture :         1.81838 kcal/mol
 Log10(partial pressure [mbar])                    :         0.23644
 Free energy of molecule in mix (E_COSMO+dE+Mu)    :   -269355.84597 kcal/mol
 Total mean interaction energy in the mix          :        -7.13180 kcal/mol
 Misfit interaction energy in the mix              :         3.73981 kcal/mol
 H-Bond interaction energy in the mix              :         0.00037 kcal/mol
 VdW interaction energy in the mix                 :       -25.73527 kcal/mol
 Gas liquid transition energy in the mix (H_glt)   :        14.86330 kcal/mol
 Normalized weight factor of molecule in compound  :         0.12097
 Normalized weight factor of molecule in gas phase :         0.09202

 Compound: 3 Conformer: 1 (lacticacid_c0)
 Chemical potential of the molecule in the mixture :         6.63351 kcal/mol
 Log10(partial pressure [mbar])                    :        -0.41075
 Free energy of molecule in mix (E_COSMO+dE+Mu)    :   -215742.04663 kcal/mol
 Total mean interaction energy in the mix          :        -4.08151 kcal/mol
 Misfit interaction energy in the mix              :         3.44464 kcal/mol
 H-Bond interaction energy in the mix              :        -1.78692 kcal/mol
 VdW interaction energy in the mix                 :       -13.99107 kcal/mol
 Gas liquid transition energy in the mix (H_glt)   :         8.25184 kcal/mol
 Normalized weight factor of molecule in compound  :         0.07377
 Normalized weight factor of molecule in gas phase :         0.00603

 Compound: 3 Conformer: 2 (lacticacid_c1)
 Chemical potential of the molecule in the mixture :         7.03506 kcal/mol
 Log10(partial pressure [mbar])                    :         0.25988
 Free energy of molecule in mix (E_COSMO+dE+Mu)    :   -215741.46359 kcal/mol
 Total mean interaction energy in the mix          :        -3.75136 kcal/mol
 Misfit interaction energy in the mix              :         3.35117 kcal/mol
 H-Bond interaction energy in the mix              :        -1.38775 kcal/mol
 VdW interaction energy in the mix                 :       -13.96662 kcal/mol
 Gas liquid transition energy in the mix (H_glt)   :         8.25184 kcal/mol
 Normalized weight factor of molecule in compound  :         0.02891
 Normalized weight factor of molecule in gas phase :         0.01137

 Compound: 3 Conformer: 3 (lacticacid_c2)
 Chemical potential of the molecule in the mixture :         4.12127 kcal/mol
 Log10(partial pressure [mbar])                    :         0.20224
 Free energy of molecule in mix (E_COSMO+dE+Mu)    :   -215743.48519 kcal/mol
 Total mean interaction energy in the mix          :        -5.26176 kcal/mol
 Misfit interaction energy in the mix              :         2.60384 kcal/mol
 H-Bond interaction energy in the mix              :        -2.08326 kcal/mol
 VdW interaction energy in the mix                 :       -14.03418 kcal/mol
 Gas liquid transition energy in the mix (H_glt)   :         8.25184 kcal/mol
 Normalized weight factor of molecule in compound  :         0.74450
 Normalized weight factor of molecule in gas phase :         0.93300

 Compound: 3 Conformer: 4 (lacticacid_c3)
 Chemical potential of the molecule in the mixture :         4.13625 kcal/mol
 Log10(partial pressure [mbar])                    :        -0.82396
 Free energy of molecule in mix (E_COSMO+dE+Mu)    :   -215742.04918 kcal/mol
 Total mean interaction energy in the mix          :        -5.62912 kcal/mol
 Misfit interaction energy in the mix              :         3.03067 kcal/mol
 H-Bond interaction energy in the mix              :        -2.88664 kcal/mol
 VdW interaction energy in the mix                 :       -14.02499 kcal/mol
 Gas liquid transition energy in the mix (H_glt)   :         8.25184 kcal/mol
 Normalized weight factor of molecule in compound  :         0.07408
 Normalized weight factor of molecule in gas phase :         0.02822

 Compound: 3 Conformer: 5 (lacticacid_c4)
 Chemical potential of the molecule in the mixture :         4.89493 kcal/mol
 Log10(partial pressure [mbar])                    :        -1.85522
 Free energy of molecule in mix (E_COSMO+dE+Mu)    :   -215741.20390 kcal/mol
 Total mean interaction energy in the mix          :        -5.21732 kcal/mol
 Misfit interaction energy in the mix              :         3.82612 kcal/mol
 H-Bond interaction energy in the mix              :        -3.22675 kcal/mol
 VdW interaction energy in the mix                 :       -14.06854 kcal/mol
 Gas liquid transition energy in the mix (H_glt)   :         8.25184 kcal/mol
 Normalized weight factor of molecule in compound  :         0.01904
 Normalized weight factor of molecule in gas phase :         0.00067

 Compound: 3 Conformer: 6 (lacticacid_c5)
 Chemical potential of the molecule in the mixture :         4.12056 kcal/mol
 Log10(partial pressure [mbar])                    :        -0.86455
 Free energy of molecule in mix (E_COSMO+dE+Mu)    :   -215741.91491 kcal/mol
 Total mean interaction energy in the mix          :        -5.67468 kcal/mol
 Misfit interaction energy in the mix              :         3.03504 kcal/mol
 H-Bond interaction energy in the mix              :        -2.91158 kcal/mol
 VdW interaction energy in the mix                 :       -14.04997 kcal/mol
 Gas liquid transition energy in the mix (H_glt)   :         8.25184 kcal/mol
 Normalized weight factor of molecule in compound  :         0.05970
 Normalized weight factor of molecule in gas phase :         0.02069




 Results for mixture 3 - LIQ_EX Phase 1 Iteration    1
 ---------------------
 Temperature          :    313.150 K
 Compound Nr.         :         1         2         3
 Compound             :       h2o 4-nonanon lacticaci
 Mole Fraction        :    0.9992    0.0000    0.0007

 Compound: 1  (h2o)
 Chemical potential of the compound in the mixture :         3.46911 kcal/mol
 Log10(partial pressure [mbar])                    :         1.52861
 Free energy of molecule in mix (E_COSMO+dE+Mu)    :    -47989.78416 kcal/mol
 Total mean interaction energy in the mix (H_int)  :        -5.54386 kcal/mol
 Misfit interaction energy in the mix (H_MF)       :         0.59161 kcal/mol
 H-Bond interaction energy in the mix (H_HB)       :        -4.72893 kcal/mol
 VdW interaction energy in the mix (H_vdW)         :        -4.33859 kcal/mol
 Gas liquid transition energy in the mix (H_glt)   :         2.93205 kcal/mol

 Compound: 2  (4-nonanone)
 Chemical potential of the compound in the mixture :         6.95312 kcal/mol
 Log10(partial pressure [mbar])                    :         4.66741
 Free energy of molecule in mix (E_COSMO+dE+Mu)    :   -269350.98156 kcal/mol
 Total mean interaction energy in the mix (H_int)  :        -8.23108 kcal/mol
 Misfit interaction energy in the mix (H_MF)       :         3.61944 kcal/mol
 H-Bond interaction energy in the mix (H_HB)       :        -2.11188 kcal/mol
 VdW interaction energy in the mix (H_vdW)         :       -24.72421 kcal/mol
 Gas liquid transition energy in the mix (H_glt)   :        14.86330 kcal/mol

 Compound: 3  (lacticacid)
 Chemical potential of the compound in the mixture :         4.46751 kcal/mol
 Log10(partial pressure [mbar])                    :        -0.78440
 Free energy of molecule in mix (E_COSMO+dE+Mu)    :   -215744.21263 kcal/mol
 Total mean interaction energy in the mix (H_int)  :        -7.87315 kcal/mol
 Misfit interaction energy in the mix (H_MF)       :         1.98354 kcal/mol
 H-Bond interaction energy in the mix (H_HB)       :        -7.04171 kcal/mol
 VdW interaction energy in the mix (H_vdW)         :       -13.27992 kcal/mol
 Gas liquid transition energy in the mix (H_glt)   :         8.25184 kcal/mol



 Compound: 1 Conformer: 1 (h2o_c0)
 Chemical potential of the molecule in the mixture :         3.46911 kcal/mol
 Log10(partial pressure [mbar])                    :         1.52861
 Free energy of molecule in mix (E_COSMO+dE+Mu)    :    -47989.78416 kcal/mol
 Total mean interaction energy in the mix          :        -5.54386 kcal/mol
 Misfit interaction energy in the mix              :         0.59161 kcal/mol
 H-Bond interaction energy in the mix              :        -4.72893 kcal/mol
 VdW interaction energy in the mix                 :        -4.33859 kcal/mol
 Gas liquid transition energy in the mix (H_glt)   :         2.93205 kcal/mol
 Normalized weight factor of molecule in compound  :         1.00000
 Normalized weight factor of molecule in gas phase :         1.00000

 Compound: 2 Conformer: 1 (4-nonanone_c0)
 Chemical potential of the molecule in the mixture :         7.84070 kcal/mol
 Log10(partial pressure [mbar])                    :         4.58261
 Free energy of molecule in mix (E_COSMO+dE+Mu)    :   -269350.06824 kcal/mol
 Total mean interaction energy in the mix          :        -8.32901 kcal/mol
 Misfit interaction energy in the mix              :         3.66438 kcal/mol
 H-Bond interaction energy in the mix              :        -1.98886 kcal/mol
 VdW interaction energy in the mix                 :       -24.86784 kcal/mol
 Gas liquid transition energy in the mix (H_glt)   :        14.86330 kcal/mol
 Normalized weight factor of molecule in compound  :         0.23046
 Normalized weight factor of molecule in gas phase :         0.18958

 Compound: 2 Conformer: 2 (4-nonanone_c1)
 Chemical potential of the molecule in the mixture :         7.71717 kcal/mol
 Log10(partial pressure [mbar])                    :         4.36199
 Free energy of molecule in mix (E_COSMO+dE+Mu)    :   -269350.02354 kcal/mol
 Total mean interaction energy in the mix          :        -8.52686 kcal/mol
 Misfit interaction energy in the mix              :         3.62869 kcal/mol
 H-Bond interaction energy in the mix              :        -2.28248 kcal/mol
 VdW interaction energy in the mix                 :       -24.73637 kcal/mol
 Gas liquid transition energy in the mix (H_glt)   :        14.86330 kcal/mol
 Normalized weight factor of molecule in compound  :         0.21449
 Normalized weight factor of molecule in gas phase :         0.10617

 Compound: 2 Conformer: 3 (4-nonanone_c2)
 Chemical potential of the molecule in the mixture :         8.08192 kcal/mol
 Log10(partial pressure [mbar])                    :         4.98227
 Free energy of molecule in mix (E_COSMO+dE+Mu)    :   -269349.85275 kcal/mol
 Total mean interaction energy in the mix          :        -8.05187 kcal/mol
 Misfit interaction energy in the mix              :         3.55900 kcal/mol
 H-Bond interaction energy in the mix              :        -1.90146 kcal/mol
 VdW interaction energy in the mix                 :       -24.57271 kcal/mol
 Gas liquid transition energy in the mix (H_glt)   :        14.86330 kcal/mol
 Normalized weight factor of molecule in compound  :         0.16301
 Normalized weight factor of molecule in gas phase :         0.33080

 Compound: 2 Conformer: 4 (4-nonanone_c3)
 Chemical potential of the molecule in the mixture :         8.01463 kcal/mol
 Log10(partial pressure [mbar])                    :         4.91631
 Free energy of molecule in mix (E_COSMO+dE+Mu)    :   -269349.84409 kcal/mol
 Total mean interaction energy in the mix          :        -8.07064 kcal/mol
 Misfit interaction energy in the mix              :         3.60053 kcal/mol
 H-Bond interaction energy in the mix              :        -1.91766 kcal/mol
 VdW interaction energy in the mix                 :       -24.61681 kcal/mol
 Gas liquid transition energy in the mix (H_glt)   :        14.86330 kcal/mol
 Normalized weight factor of molecule in compound  :         0.16076
 Normalized weight factor of molecule in gas phase :         0.28143

 Compound: 2 Conformer: 5 (4-nonanone_c4)
 Chemical potential of the molecule in the mixture :         7.59391 kcal/mol
 Log10(partial pressure [mbar])                    :         4.26714
 Free energy of molecule in mix (E_COSMO+dE+Mu)    :   -269350.07044 kcal/mol
 Total mean interaction energy in the mix          :        -8.62566 kcal/mol
 Misfit interaction energy in the mix              :         3.62182 kcal/mol
 H-Bond interaction energy in the mix              :        -2.35955 kcal/mol
 VdW interaction energy in the mix                 :       -24.75123 kcal/mol
 Gas liquid transition energy in the mix (H_glt)   :        14.86330 kcal/mol
 Normalized weight factor of molecule in compound  :         0.23128
 Normalized weight factor of molecule in gas phase :         0.09202

 Compound: 3 Conformer: 1 (lacticacid_c0)
 Chemical potential of the molecule in the mixture :         6.41902 kcal/mol
 Log10(partial pressure [mbar])                    :        -0.56044
 Free energy of molecule in mix (E_COSMO+dE+Mu)    :   -215742.26112 kcal/mol
 Total mean interaction energy in the mix          :        -7.35926 kcal/mol
 Misfit interaction energy in the mix              :         2.01813 kcal/mol
 H-Bond interaction energy in the mix              :        -4.40053 kcal/mol
 VdW interaction energy in the mix                 :       -13.22870 kcal/mol
 Gas liquid transition energy in the mix (H_glt)   :         8.25184 kcal/mol
 Normalized weight factor of molecule in compound  :         0.04346
 Normalized weight factor of molecule in gas phase :         0.00603

 Compound: 3 Conformer: 2 (lacticacid_c1)
 Chemical potential of the molecule in the mixture :         6.54026 kcal/mol
 Log10(partial pressure [mbar])                    :        -0.08544
 Free energy of molecule in mix (E_COSMO+dE+Mu)    :   -215741.95839 kcal/mol
 Total mean interaction energy in the mix          :        -6.92217 kcal/mol
 Misfit interaction energy in the mix              :         2.12823 kcal/mol
 H-Bond interaction energy in the mix              :        -4.09654 kcal/mol
 VdW interaction energy in the mix                 :       -13.20570 kcal/mol
 Gas liquid transition energy in the mix (H_glt)   :         8.25184 kcal/mol
 Normalized weight factor of molecule in compound  :         0.02672
 Normalized weight factor of molecule in gas phase :         0.01137

 Compound: 3 Conformer: 3 (lacticacid_c2)
 Chemical potential of the molecule in the mixture :         4.70021 kcal/mol
 Log10(partial pressure [mbar])                    :         0.60627
 Free energy of molecule in mix (E_COSMO+dE+Mu)    :   -215742.90625 kcal/mol
 Total mean interaction energy in the mix          :        -8.02413 kcal/mol
 Misfit interaction energy in the mix              :         2.06138 kcal/mol
 H-Bond interaction energy in the mix              :        -5.04654 kcal/mol
 VdW interaction energy in the mix                 :       -13.29080 kcal/mol
 Gas liquid transition energy in the mix (H_glt)   :         8.25184 kcal/mol
 Normalized weight factor of molecule in compound  :         0.12254
 Normalized weight factor of molecule in gas phase :         0.93300

 Compound: 3 Conformer: 4 (lacticacid_c3)
 Chemical potential of the molecule in the mixture :         2.94010 kcal/mol
 Log10(partial pressure [mbar])                    :        -1.65874
 Free energy of molecule in mix (E_COSMO+dE+Mu)    :   -215743.24533 kcal/mol
 Total mean interaction energy in the mix          :       -10.14081 kcal/mol
 Misfit interaction energy in the mix              :         1.98155 kcal/mol
 H-Bond interaction energy in the mix              :        -7.10649 kcal/mol
 VdW interaction energy in the mix                 :       -13.26771 kcal/mol
 Gas liquid transition energy in the mix (H_glt)   :         8.25184 kcal/mol
 Normalized weight factor of molecule in compound  :         0.21131
 Normalized weight factor of molecule in gas phase :         0.02822

 Compound: 3 Conformer: 5 (lacticacid_c4)
 Chemical potential of the molecule in the mixture :         2.42553 kcal/mol
 Log10(partial pressure [mbar])                    :        -3.57860
 Free energy of molecule in mix (E_COSMO+dE+Mu)    :   -215743.67330 kcal/mol
 Total mean interaction energy in the mix          :       -11.08881 kcal/mol
 Misfit interaction energy in the mix              :         1.96005 kcal/mol
 H-Bond interaction energy in the mix              :        -8.01172 kcal/mol
 VdW interaction energy in the mix                 :       -13.28898 kcal/mol
 Gas liquid transition energy in the mix (H_glt)   :         8.25184 kcal/mol
 Normalized weight factor of molecule in compound  :         0.42035
 Normalized weight factor of molecule in gas phase :         0.00067

 Compound: 3 Conformer: 6 (lacticacid_c5)
 Chemical potential of the molecule in the mixture :         2.90526 kcal/mol
 Log10(partial pressure [mbar])                    :        -1.71270
 Free energy of molecule in mix (E_COSMO+dE+Mu)    :   -215743.13020 kcal/mol
 Total mean interaction energy in the mix          :       -10.21600 kcal/mol
 Misfit interaction energy in the mix              :         1.95726 kcal/mol
 H-Bond interaction energy in the mix              :        -7.13581 kcal/mol
 VdW interaction energy in the mix                 :       -13.28930 kcal/mol
 Gas liquid transition energy in the mix (H_glt)   :         8.25184 kcal/mol
 Normalized weight factor of molecule in compound  :         0.17562
 Normalized weight factor of molecule in gas phase :         0.02069




 Results for mixture 4 - LIQ_EX Phase 2 Iteration    1
 ---------------------
 Temperature          :    313.150 K
 Compound Nr.         :         1         2         3
 Compound             :       h2o 4-nonanon lacticaci
 Mole Fraction        :    0.0209    0.9788    0.0003

 Compound: 1  (h2o)
 Chemical potential of the compound in the mixture :         5.59831 kcal/mol
 Log10(partial pressure [mbar])                    :         3.01456
 Free energy of molecule in mix (E_COSMO+dE+Mu)    :    -47987.65496 kcal/mol
 Total mean interaction energy in the mix (H_int)  :        -2.25831 kcal/mol
 Misfit interaction energy in the mix (H_MF)       :         1.74859 kcal/mol
 H-Bond interaction energy in the mix (H_HB)       :        -2.33540 kcal/mol
 VdW interaction energy in the mix (H_vdW)         :        -4.60356 kcal/mol
 Gas liquid transition energy in the mix (H_glt)   :         2.93205 kcal/mol
 Equilibrium constant Kx(1,2)                      :        30.61650
 Equilibrium concentration x_k(1,2)                :         0.96837

 Compound: 2  (4-nonanone)
 Chemical potential of the compound in the mixture :         0.77669 kcal/mol
 Log10(partial pressure [mbar])                    :         0.35692
 Free energy of molecule in mix (E_COSMO+dE+Mu)    :   -269357.15798 kcal/mol
 Total mean interaction energy in the mix (H_int)  :        -7.16155 kcal/mol
 Misfit interaction energy in the mix (H_MF)       :         3.61302 kcal/mol
 H-Bond interaction energy in the mix (H_HB)       :        -0.04537 kcal/mol
 VdW interaction energy in the mix (H_vdW)         :       -25.67625 kcal/mol
 Gas liquid transition energy in the mix (H_glt)   :        14.86330 kcal/mol
 Equilibrium constant Kx(1,2)                      :  4.89224683E-05
 Equilibrium concentration x_k(1,2)                :         0.00005

 Compound: 3  (lacticacid)
 Chemical potential of the compound in the mixture :         4.80622 kcal/mol
 Log10(partial pressure [mbar])                    :        -0.54802
 Free energy of molecule in mix (E_COSMO+dE+Mu)    :   -215743.87393 kcal/mol
 Total mean interaction energy in the mix (H_int)  :        -4.21245 kcal/mol
 Misfit interaction energy in the mix (H_MF)       :         2.59985 kcal/mol
 H-Bond interaction energy in the mix (H_HB)       :        -2.27303 kcal/mol
 VdW interaction energy in the mix (H_vdW)         :       -14.02186 kcal/mol
 Gas liquid transition energy in the mix (H_glt)   :         8.25184 kcal/mol
 Equilibrium constant Kx(1,2)                      :         1.72337
 Equilibrium concentration x_k(1,2)                :         0.63281



 Compound: 1 Conformer: 1 (h2o_c0)
 Chemical potential of the molecule in the mixture :         5.59831 kcal/mol
 Log10(partial pressure [mbar])                    :         3.01456
 Free energy of molecule in mix (E_COSMO+dE+Mu)    :    -47987.65496 kcal/mol
 Total mean interaction energy in the mix          :        -2.25831 kcal/mol
 Misfit interaction energy in the mix              :         1.74859 kcal/mol
 H-Bond interaction energy in the mix              :        -2.33540 kcal/mol
 VdW interaction energy in the mix                 :        -4.60356 kcal/mol
 Gas liquid transition energy in the mix (H_glt)   :         2.93205 kcal/mol
 Normalized weight factor of molecule in compound  :         1.00000
 Normalized weight factor of molecule in gas phase :         1.00000

 Compound: 2 Conformer: 1 (4-nonanone_c0)
 Chemical potential of the molecule in the mixture :         1.53171 kcal/mol
 Log10(partial pressure [mbar])                    :         0.17961
 Free energy of molecule in mix (E_COSMO+dE+Mu)    :   -269356.37722 kcal/mol
 Total mean interaction energy in the mix          :        -7.37340 kcal/mol
 Misfit interaction energy in the mix              :         3.64108 kcal/mol
 H-Bond interaction energy in the mix              :        -0.03624 kcal/mol
 VdW interaction energy in the mix                 :       -25.84154 kcal/mol
 Gas liquid transition energy in the mix (H_glt)   :        14.86330 kcal/mol
 Normalized weight factor of molecule in compound  :         0.28518
 Normalized weight factor of molecule in gas phase :         0.18958

 Compound: 2 Conformer: 2 (4-nonanone_c1)
 Chemical potential of the molecule in the mixture :         1.83481 kcal/mol
 Log10(partial pressure [mbar])                    :         0.25673
 Free energy of molecule in mix (E_COSMO+dE+Mu)    :   -269355.90590 kcal/mol
 Total mean interaction energy in the mix          :        -7.17804 kcal/mol
 Misfit interaction energy in the mix              :         3.73790 kcal/mol
 H-Bond interaction energy in the mix              :        -0.06893 kcal/mol
 VdW interaction energy in the mix                 :       -25.71031 kcal/mol
 Gas liquid transition energy in the mix (H_glt)   :        14.86330 kcal/mol
 Normalized weight factor of molecule in compound  :         0.13371
 Normalized weight factor of molecule in gas phase :         0.10617

 Compound: 2 Conformer: 3 (4-nonanone_c2)
 Chemical potential of the molecule in the mixture :         1.68595 kcal/mol
 Log10(partial pressure [mbar])                    :         0.51856
 Free energy of molecule in mix (E_COSMO+dE+Mu)    :   -269356.24872 kcal/mol
 Total mean interaction energy in the mix          :        -7.18023 kcal/mol
 Misfit interaction energy in the mix              :         3.51836 kcal/mol
 H-Bond interaction energy in the mix              :        -0.03618 kcal/mol
 VdW interaction energy in the mix                 :       -25.52571 kcal/mol
 Gas liquid transition energy in the mix (H_glt)   :        14.86330 kcal/mol
 Normalized weight factor of molecule in compound  :         0.23197
 Normalized weight factor of molecule in gas phase :         0.33080

 Compound: 2 Conformer: 4 (4-nonanone_c3)
 Chemical potential of the molecule in the mixture :         1.62635 kcal/mol
 Log10(partial pressure [mbar])                    :         0.45797
 Free energy of molecule in mix (E_COSMO+dE+Mu)    :   -269356.23237 kcal/mol
 Total mean interaction energy in the mix          :        -7.20869 kcal/mol
 Misfit interaction energy in the mix              :         3.53519 kcal/mol
 H-Bond interaction energy in the mix              :        -0.03357 kcal/mol
 VdW interaction energy in the mix                 :       -25.57361 kcal/mol
 Gas liquid transition energy in the mix (H_glt)   :        14.86330 kcal/mol
 Normalized weight factor of molecule in compound  :         0.22595
 Normalized weight factor of molecule in gas phase :         0.28143

 Compound: 2 Conformer: 5 (4-nonanone_c4)
 Chemical potential of the molecule in the mixture :         1.80948 kcal/mol
 Log10(partial pressure [mbar])                    :         0.23022
 Free energy of molecule in mix (E_COSMO+dE+Mu)    :   -269355.85487 kcal/mol
 Total mean interaction energy in the mix          :        -7.21136 kcal/mol
 Misfit interaction energy in the mix              :         3.73352 kcal/mol
 H-Bond interaction energy in the mix              :        -0.07986 kcal/mol
 VdW interaction energy in the mix                 :       -25.72833 kcal/mol
 Gas liquid transition energy in the mix (H_glt)   :        14.86330 kcal/mol
 Normalized weight factor of molecule in compound  :         0.12319
 Normalized weight factor of molecule in gas phase :         0.09202

 Compound: 3 Conformer: 1 (lacticacid_c0)
 Chemical potential of the molecule in the mixture :         6.44072 kcal/mol
 Log10(partial pressure [mbar])                    :        -0.54529
 Free energy of molecule in mix (E_COSMO+dE+Mu)    :   -215742.23942 kcal/mol
 Total mean interaction energy in the mix          :        -4.31042 kcal/mol
 Misfit interaction energy in the mix              :         3.25748 kcal/mol
 H-Bond interaction energy in the mix              :        -1.83585 kcal/mol
 VdW interaction energy in the mix                 :       -13.98389 kcal/mol
 Gas liquid transition energy in the mix (H_glt)   :         8.25184 kcal/mol
 Normalized weight factor of molecule in compound  :         0.07232
 Normalized weight factor of molecule in gas phase :         0.00603

 Compound: 3 Conformer: 2 (lacticacid_c1)
 Chemical potential of the molecule in the mixture :         6.83900 kcal/mol
 Log10(partial pressure [mbar])                    :         0.12305
 Free energy of molecule in mix (E_COSMO+dE+Mu)    :   -215741.65964 kcal/mol
 Total mean interaction energy in the mix          :        -3.98514 kcal/mol
 Misfit interaction energy in the mix              :         3.19669 kcal/mol
 H-Bond interaction energy in the mix              :        -1.47701 kcal/mol
 VdW interaction energy in the mix                 :       -13.95666 kcal/mol
 Gas liquid transition energy in the mix (H_glt)   :         8.25184 kcal/mol
 Normalized weight factor of molecule in compound  :         0.02849
 Normalized weight factor of molecule in gas phase :         0.01137

 Compound: 3 Conformer: 3 (lacticacid_c2)
 Chemical potential of the molecule in the mixture :         3.93289 kcal/mol
 Log10(partial pressure [mbar])                    :         0.07077
 Free energy of molecule in mix (E_COSMO+dE+Mu)    :   -215743.67357 kcal/mol
 Total mean interaction energy in the mix          :        -5.49296 kcal/mol
 Misfit interaction energy in the mix              :         2.43576 kcal/mol
 H-Bond interaction energy in the mix              :        -2.15417 kcal/mol
 VdW interaction energy in the mix                 :       -14.02640 kcal/mol
 Gas liquid transition energy in the mix (H_glt)   :         8.25184 kcal/mol
 Normalized weight factor of molecule in compound  :         0.72472
 Normalized weight factor of molecule in gas phase :         0.93300

 Compound: 3 Conformer: 4 (lacticacid_c3)
 Chemical potential of the molecule in the mixture :         3.86596 kcal/mol
 Log10(partial pressure [mbar])                    :        -1.01259
 Free energy of molecule in mix (E_COSMO+dE+Mu)    :   -215742.31947 kcal/mol
 Total mean interaction energy in the mix          :        -5.96461 kcal/mol
 Misfit interaction energy in the mix              :         2.81570 kcal/mol
 H-Bond interaction energy in the mix              :        -3.01876 kcal/mol
 VdW interaction energy in the mix                 :       -14.01338 kcal/mol
 Gas liquid transition energy in the mix (H_glt)   :         8.25184 kcal/mol
 Normalized weight factor of molecule in compound  :         0.08225
 Normalized weight factor of molecule in gas phase :         0.02822

 Compound: 3 Conformer: 5 (lacticacid_c4)
 Chemical potential of the molecule in the mixture :         4.51215 kcal/mol
 Log10(partial pressure [mbar])                    :        -2.12236
 Free energy of molecule in mix (E_COSMO+dE+Mu)    :   -215741.58668 kcal/mol
 Total mean interaction energy in the mix          :        -5.69826 kcal/mol
 Misfit interaction energy in the mix              :         3.48804 kcal/mol
 H-Bond interaction energy in the mix              :        -3.38136 kcal/mol
 VdW interaction energy in the mix                 :       -14.05678 kcal/mol
 Gas liquid transition energy in the mix (H_glt)   :         8.25184 kcal/mol
 Normalized weight factor of molecule in compound  :         0.02534
 Normalized weight factor of molecule in gas phase :         0.00067

 Compound: 3 Conformer: 6 (lacticacid_c5)
 Chemical potential of the molecule in the mixture :         3.84483 kcal/mol
 Log10(partial pressure [mbar])                    :        -1.05698
 Free energy of molecule in mix (E_COSMO+dE+Mu)    :   -215742.19064 kcal/mol
 Total mean interaction energy in the mix          :        -6.01211 kcal/mol
 Misfit interaction energy in the mix              :         2.81054 kcal/mol
 H-Bond interaction energy in the mix              :        -3.03590 kcal/mol
 VdW interaction energy in the mix                 :       -14.03859 kcal/mol
 Gas liquid transition energy in the mix (H_glt)   :         8.25184 kcal/mol
 Normalized weight factor of molecule in compound  :         0.06687
 Normalized weight factor of molecule in gas phase :         0.02069




 Results for mixture 5 - LIQ_EX Phase 1 Iteration    2
 ---------------------
 Temperature          :    313.150 K
 Compound Nr.         :         1         2         3
 Compound             :       h2o 4-nonanon lacticaci
 Mole Fraction        :    0.9993    0.0000    0.0006

 Compound: 1  (h2o)
 Chemical potential of the compound in the mixture :         3.46911 kcal/mol
 Log10(partial pressure [mbar])                    :         1.52861
 Free energy of molecule in mix (E_COSMO+dE+Mu)    :    -47989.78416 kcal/mol
 Total mean interaction energy in the mix (H_int)  :        -5.54380 kcal/mol
 Misfit interaction energy in the mix (H_MF)       :         0.59161 kcal/mol
 H-Bond interaction energy in the mix (H_HB)       :        -4.72893 kcal/mol
 VdW interaction energy in the mix (H_vdW)         :        -4.33853 kcal/mol
 Gas liquid transition energy in the mix (H_glt)   :         2.93205 kcal/mol

 Compound: 2  (4-nonanone)
 Chemical potential of the compound in the mixture :         6.95454 kcal/mol
 Log10(partial pressure [mbar])                    :         4.66841
 Free energy of molecule in mix (E_COSMO+dE+Mu)    :   -269350.98013 kcal/mol
 Total mean interaction energy in the mix (H_int)  :        -8.23133 kcal/mol
 Misfit interaction energy in the mix (H_MF)       :         3.61891 kcal/mol
 H-Bond interaction energy in the mix (H_HB)       :        -2.11198 kcal/mol
 VdW interaction energy in the mix (H_vdW)         :       -24.72382 kcal/mol
 Gas liquid transition energy in the mix (H_glt)   :        14.86330 kcal/mol

 Compound: 3  (lacticacid)
 Chemical potential of the compound in the mixture :         4.46775 kcal/mol
 Log10(partial pressure [mbar])                    :        -0.78423
 Free energy of molecule in mix (E_COSMO+dE+Mu)    :   -215744.21240 kcal/mol
 Total mean interaction energy in the mix (H_int)  :        -7.87347 kcal/mol
 Misfit interaction energy in the mix (H_MF)       :         1.98334 kcal/mol
 H-Bond interaction energy in the mix (H_HB)       :        -7.04211 kcal/mol
 VdW interaction energy in the mix (H_vdW)         :       -13.27971 kcal/mol
 Gas liquid transition energy in the mix (H_glt)   :         8.25184 kcal/mol



 Compound: 1 Conformer: 1 (h2o_c0)
 Chemical potential of the molecule in the mixture :         3.46911 kcal/mol
 Log10(partial pressure [mbar])                    :         1.52861
 Free energy of molecule in mix (E_COSMO+dE+Mu)    :    -47989.78416 kcal/mol
 Total mean interaction energy in the mix          :        -5.54380 kcal/mol
 Misfit interaction energy in the mix              :         0.59161 kcal/mol
 H-Bond interaction energy in the mix              :        -4.72893 kcal/mol
 VdW interaction energy in the mix                 :        -4.33853 kcal/mol
 Gas liquid transition energy in the mix (H_glt)   :         2.93205 kcal/mol
 Normalized weight factor of molecule in compound  :         1.00000
 Normalized weight factor of molecule in gas phase :         1.00000

 Compound: 2 Conformer: 1 (4-nonanone_c0)
 Chemical potential of the molecule in the mixture :         7.84214 kcal/mol
 Log10(partial pressure [mbar])                    :         4.58362
 Free energy of molecule in mix (E_COSMO+dE+Mu)    :   -269350.06679 kcal/mol
 Total mean interaction energy in the mix          :        -8.32925 kcal/mol
 Misfit interaction energy in the mix              :         3.66386 kcal/mol
 H-Bond interaction energy in the mix              :        -1.98896 kcal/mol
 VdW interaction energy in the mix                 :       -24.86745 kcal/mol
 Gas liquid transition energy in the mix (H_glt)   :        14.86330 kcal/mol
 Normalized weight factor of molecule in compound  :         0.23046
 Normalized weight factor of molecule in gas phase :         0.18958

 Compound: 2 Conformer: 2 (4-nonanone_c1)
 Chemical potential of the molecule in the mixture :         7.71859 kcal/mol
 Log10(partial pressure [mbar])                    :         4.36298
 Free energy of molecule in mix (E_COSMO+dE+Mu)    :   -269350.02213 kcal/mol
 Total mean interaction energy in the mix          :        -8.52709 kcal/mol
 Misfit interaction energy in the mix              :         3.62815 kcal/mol
 H-Bond interaction energy in the mix              :        -2.28256 kcal/mol
 VdW interaction energy in the mix                 :       -24.73599 kcal/mol
 Gas liquid transition energy in the mix (H_glt)   :        14.86330 kcal/mol
 Normalized weight factor of molecule in compound  :         0.21449
 Normalized weight factor of molecule in gas phase :         0.10617

 Compound: 2 Conformer: 3 (4-nonanone_c2)
 Chemical potential of the molecule in the mixture :         8.08336 kcal/mol
 Log10(partial pressure [mbar])                    :         4.98327
 Free energy of molecule in mix (E_COSMO+dE+Mu)    :   -269349.85131 kcal/mol
 Total mean interaction energy in the mix          :        -8.05214 kcal/mol
 Misfit interaction energy in the mix              :         3.55845 kcal/mol
 H-Bond interaction energy in the mix              :        -1.90157 kcal/mol
 VdW interaction energy in the mix                 :       -24.57233 kcal/mol
 Gas liquid transition energy in the mix (H_glt)   :        14.86330 kcal/mol
 Normalized weight factor of molecule in compound  :         0.16301
 Normalized weight factor of molecule in gas phase :         0.33080

 Compound: 2 Conformer: 4 (4-nonanone_c3)
 Chemical potential of the molecule in the mixture :         8.01607 kcal/mol
 Log10(partial pressure [mbar])                    :         4.91732
 Free energy of molecule in mix (E_COSMO+dE+Mu)    :   -269349.84265 kcal/mol
 Total mean interaction energy in the mix          :        -8.07089 kcal/mol
 Misfit interaction energy in the mix              :         3.60001 kcal/mol
 H-Bond interaction energy in the mix              :        -1.91777 kcal/mol
 VdW interaction energy in the mix                 :       -24.61642 kcal/mol
 Gas liquid transition energy in the mix (H_glt)   :        14.86330 kcal/mol
 Normalized weight factor of molecule in compound  :         0.16075
 Normalized weight factor of molecule in gas phase :         0.28143

 Compound: 2 Conformer: 5 (4-nonanone_c4)
 Chemical potential of the molecule in the mixture :         7.59532 kcal/mol
 Log10(partial pressure [mbar])                    :         4.26813
 Free energy of molecule in mix (E_COSMO+dE+Mu)    :   -269350.06903 kcal/mol
 Total mean interaction energy in the mix          :        -8.62589 kcal/mol
 Misfit interaction energy in the mix              :         3.62128 kcal/mol
 H-Bond interaction energy in the mix              :        -2.35962 kcal/mol
 VdW interaction energy in the mix                 :       -24.75085 kcal/mol
 Gas liquid transition energy in the mix (H_glt)   :        14.86330 kcal/mol
 Normalized weight factor of molecule in compound  :         0.23129
 Normalized weight factor of molecule in gas phase :         0.09202

 Compound: 3 Conformer: 1 (lacticacid_c0)
 Chemical potential of the molecule in the mixture :         6.41934 kcal/mol
 Log10(partial pressure [mbar])                    :        -0.56021
 Free energy of molecule in mix (E_COSMO+dE+Mu)    :   -215742.26080 kcal/mol
 Total mean interaction energy in the mix          :        -7.35946 kcal/mol
 Misfit interaction energy in the mix              :         2.01792 kcal/mol
 H-Bond interaction energy in the mix              :        -4.40073 kcal/mol
 VdW interaction energy in the mix                 :       -13.22848 kcal/mol
 Gas liquid transition energy in the mix (H_glt)   :         8.25184 kcal/mol
 Normalized weight factor of molecule in compound  :         0.04345
 Normalized weight factor of molecule in gas phase :         0.00603

 Compound: 3 Conformer: 2 (lacticacid_c1)
 Chemical potential of the molecule in the mixture :         6.54056 kcal/mol
 Log10(partial pressure [mbar])                    :        -0.08523
 Free energy of molecule in mix (E_COSMO+dE+Mu)    :   -215741.95809 kcal/mol
 Total mean interaction energy in the mix          :        -6.92233 kcal/mol
 Misfit interaction energy in the mix              :         2.12807 kcal/mol
 H-Bond interaction energy in the mix              :        -4.09676 kcal/mol
 VdW interaction energy in the mix                 :       -13.20548 kcal/mol
 Gas liquid transition energy in the mix (H_glt)   :         8.25184 kcal/mol
 Normalized weight factor of molecule in compound  :         0.02671
 Normalized weight factor of molecule in gas phase :         0.01137

 Compound: 3 Conformer: 3 (lacticacid_c2)
 Chemical potential of the molecule in the mixture :         4.70062 kcal/mol
 Log10(partial pressure [mbar])                    :         0.60656
 Free energy of molecule in mix (E_COSMO+dE+Mu)    :   -215742.90585 kcal/mol
 Total mean interaction energy in the mix          :        -8.02426 kcal/mol
 Misfit interaction energy in the mix              :         2.06121 kcal/mol
 H-Bond interaction energy in the mix              :        -5.04673 kcal/mol
 VdW interaction energy in the mix                 :       -13.29059 kcal/mol
 Gas liquid transition energy in the mix (H_glt)   :         8.25184 kcal/mol
 Normalized weight factor of molecule in compound  :         0.12251
 Normalized weight factor of molecule in gas phase :         0.93300

 Compound: 3 Conformer: 4 (lacticacid_c3)
 Chemical potential of the molecule in the mixture :         2.94033 kcal/mol
 Log10(partial pressure [mbar])                    :        -1.65858
 Free energy of molecule in mix (E_COSMO+dE+Mu)    :   -215743.24510 kcal/mol
 Total mean interaction energy in the mix          :       -10.14108 kcal/mol
 Misfit interaction energy in the mix              :         1.98136 kcal/mol
 H-Bond interaction energy in the mix              :        -7.10678 kcal/mol
 VdW interaction energy in the mix                 :       -13.26750 kcal/mol
 Gas liquid transition energy in the mix (H_glt)   :         8.25184 kcal/mol
 Normalized weight factor of molecule in compound  :         0.21131
 Normalized weight factor of molecule in gas phase :         0.02822

 Compound: 3 Conformer: 5 (lacticacid_c4)
 Chemical potential of the molecule in the mixture :         2.42569 kcal/mol
 Log10(partial pressure [mbar])                    :        -3.57849
 Free energy of molecule in mix (E_COSMO+dE+Mu)    :   -215743.67314 kcal/mol
 Total mean interaction energy in the mix          :       -11.08907 kcal/mol
 Misfit interaction energy in the mix              :         1.95985 kcal/mol
 H-Bond interaction energy in the mix              :        -8.01198 kcal/mol
 VdW interaction energy in the mix                 :       -13.28878 kcal/mol
 Gas liquid transition energy in the mix (H_glt)   :         8.25184 kcal/mol
 Normalized weight factor of molecule in compound  :         0.42039
 Normalized weight factor of molecule in gas phase :         0.00067

 Compound: 3 Conformer: 6 (lacticacid_c5)
 Chemical potential of the molecule in the mixture :         2.90551 kcal/mol
 Log10(partial pressure [mbar])                    :        -1.71253
 Free energy of molecule in mix (E_COSMO+dE+Mu)    :   -215743.12996 kcal/mol
 Total mean interaction energy in the mix          :       -10.21627 kcal/mol
 Misfit interaction energy in the mix              :         1.95707 kcal/mol
 H-Bond interaction energy in the mix              :        -7.13609 kcal/mol
 VdW interaction energy in the mix                 :       -13.28909 kcal/mol
 Gas liquid transition energy in the mix (H_glt)   :         8.25184 kcal/mol
 Normalized weight factor of molecule in compound  :         0.17562
 Normalized weight factor of molecule in gas phase :         0.02069




 Results for mixture 6 - LIQ_EX Phase 2 Iteration    2
 ---------------------
 Temperature          :    313.150 K
 Compound Nr.         :         1         2         3
 Compound             :       h2o 4-nonanon lacticaci
 Mole Fraction        :    0.0319    0.9677    0.0004

 Compound: 1  (h2o)
 Chemical potential of the compound in the mixture :         5.51591 kcal/mol
 Log10(partial pressure [mbar])                    :         2.95705
 Free energy of molecule in mix (E_COSMO+dE+Mu)    :    -47987.73737 kcal/mol
 Total mean interaction energy in the mix (H_int)  :        -2.37830 kcal/mol
 Misfit interaction energy in the mix (H_MF)       :         1.67659 kcal/mol
 H-Bond interaction energy in the mix (H_HB)       :        -2.38615 kcal/mol
 VdW interaction energy in the mix (H_vdW)         :        -4.60078 kcal/mol
 Gas liquid transition energy in the mix (H_glt)   :         2.93205 kcal/mol
 Equilibrium constant Kx(1,2)                      :        26.81924
 Equilibrium concentration x_k(1,2)                :         0.96405

 Compound: 2  (4-nonanone)
 Chemical potential of the compound in the mixture :         0.77901 kcal/mol
 Log10(partial pressure [mbar])                    :         0.35854
 Free energy of molecule in mix (E_COSMO+dE+Mu)    :   -269357.15566 kcal/mol
 Total mean interaction energy in the mix (H_int)  :        -7.18093 kcal/mol
 Misfit interaction energy in the mix (H_MF)       :         3.61382 kcal/mol
 H-Bond interaction energy in the mix (H_HB)       :        -0.06886 kcal/mol
 VdW interaction energy in the mix (H_vdW)         :       -25.67330 kcal/mol
 Gas liquid transition energy in the mix (H_glt)   :        14.86330 kcal/mol
 Equilibrium constant Kx(1,2)                      :  4.89927046E-05
 Equilibrium concentration x_k(1,2)                :         0.00005

 Compound: 3  (lacticacid)
 Chemical potential of the compound in the mixture :         4.74292 kcal/mol
 Log10(partial pressure [mbar])                    :        -0.59219
 Free energy of molecule in mix (E_COSMO+dE+Mu)    :   -215743.93722 kcal/mol
 Total mean interaction energy in the mix (H_int)  :        -4.28802 kcal/mol
 Misfit interaction energy in the mix (H_MF)       :         2.55601 kcal/mol
 H-Bond interaction energy in the mix (H_HB)       :        -2.32237 kcal/mol
 VdW interaction energy in the mix (H_vdW)         :       -14.01762 kcal/mol
 Gas liquid transition energy in the mix (H_glt)   :         8.25184 kcal/mol
 Equilibrium constant Kx(1,2)                      :         1.55611
 Equilibrium concentration x_k(1,2)                :         0.60878



 Compound: 1 Conformer: 1 (h2o_c0)
 Chemical potential of the molecule in the mixture :         5.51591 kcal/mol
 Log10(partial pressure [mbar])                    :         2.95705
 Free energy of molecule in mix (E_COSMO+dE+Mu)    :    -47987.73737 kcal/mol
 Total mean interaction energy in the mix          :        -2.37830 kcal/mol
 Misfit interaction energy in the mix              :         1.67659 kcal/mol
 H-Bond interaction energy in the mix              :        -2.38615 kcal/mol
 VdW interaction energy in the mix                 :        -4.60078 kcal/mol
 Gas liquid transition energy in the mix (H_glt)   :         2.93205 kcal/mol
 Normalized weight factor of molecule in compound  :         1.00000
 Normalized weight factor of molecule in gas phase :         1.00000

 Compound: 2 Conformer: 1 (4-nonanone_c0)
 Chemical potential of the molecule in the mixture :         1.53524 kcal/mol
 Log10(partial pressure [mbar])                    :         0.18207
 Free energy of molecule in mix (E_COSMO+dE+Mu)    :   -269356.37369 kcal/mol
 Total mean interaction energy in the mix          :        -7.38846 kcal/mol
 Misfit interaction energy in the mix              :         3.64197 kcal/mol
 H-Bond interaction energy in the mix              :        -0.05517 kcal/mol
 VdW interaction energy in the mix                 :       -25.83855 kcal/mol
 Gas liquid transition energy in the mix (H_glt)   :        14.86330 kcal/mol
 Normalized weight factor of molecule in compound  :         0.28462
 Normalized weight factor of molecule in gas phase :         0.18958

 Compound: 2 Conformer: 2 (4-nonanone_c1)
 Chemical potential of the molecule in the mixture :         1.83371 kcal/mol
 Log10(partial pressure [mbar])                    :         0.25596
 Free energy of molecule in mix (E_COSMO+dE+Mu)    :   -269355.90700 kcal/mol
 Total mean interaction energy in the mix          :        -7.21051 kcal/mol
 Misfit interaction energy in the mix              :         3.73696 kcal/mol
 H-Bond interaction energy in the mix              :        -0.10390 kcal/mol
 VdW interaction energy in the mix                 :       -25.70686 kcal/mol
 Gas liquid transition energy in the mix (H_glt)   :        14.86330 kcal/mol
 Normalized weight factor of molecule in compound  :         0.13445
 Normalized weight factor of molecule in gas phase :         0.10617

 Compound: 2 Conformer: 3 (4-nonanone_c2)
 Chemical potential of the molecule in the mixture :         1.68975 kcal/mol
 Log10(partial pressure [mbar])                    :         0.52121
 Free energy of molecule in mix (E_COSMO+dE+Mu)    :   -269356.24492 kcal/mol
 Total mean interaction energy in the mix          :        -7.19495 kcal/mol
 Misfit interaction energy in the mix              :         3.51955 kcal/mol
 H-Bond interaction energy in the mix              :        -0.05502 kcal/mol
 VdW interaction energy in the mix                 :       -25.52278 kcal/mol
 Gas liquid transition energy in the mix (H_glt)   :        14.86330 kcal/mol
 Normalized weight factor of molecule in compound  :         0.23142
 Normalized weight factor of molecule in gas phase :         0.33080

 Compound: 2 Conformer: 4 (4-nonanone_c3)
 Chemical potential of the molecule in the mixture :         1.63066 kcal/mol
 Log10(partial pressure [mbar])                    :         0.46098
 Free energy of molecule in mix (E_COSMO+dE+Mu)    :   -269356.22805 kcal/mol
 Total mean interaction energy in the mix          :        -7.22194 kcal/mol
 Misfit interaction energy in the mix              :         3.53659 kcal/mol
 H-Bond interaction energy in the mix              :        -0.05112 kcal/mol
 VdW interaction energy in the mix                 :       -25.57071 kcal/mol
 Gas liquid transition energy in the mix (H_glt)   :        14.86330 kcal/mol
 Normalized weight factor of molecule in compound  :         0.22523
 Normalized weight factor of molecule in gas phase :         0.28143

 Compound: 2 Conformer: 5 (4-nonanone_c4)
 Chemical potential of the molecule in the mixture :         1.80634 kcal/mol
 Log10(partial pressure [mbar])                    :         0.22803
 Free energy of molecule in mix (E_COSMO+dE+Mu)    :   -269355.85801 kcal/mol
 Total mean interaction energy in the mix          :        -7.24993 kcal/mol
 Misfit interaction energy in the mix              :         3.73164 kcal/mol
 H-Bond interaction energy in the mix              :        -0.12016 kcal/mol
 VdW interaction energy in the mix                 :       -25.72471 kcal/mol
 Gas liquid transition energy in the mix (H_glt)   :        14.86330 kcal/mol
 Normalized weight factor of molecule in compound  :         0.12427
 Normalized weight factor of molecule in gas phase :         0.09202

 Compound: 3 Conformer: 1 (lacticacid_c0)
 Chemical potential of the molecule in the mixture :         6.38151 kcal/mol
 Log10(partial pressure [mbar])                    :        -0.58662
 Free energy of molecule in mix (E_COSMO+dE+Mu)    :   -215742.29863 kcal/mol
 Total mean interaction energy in the mix          :        -4.38483 kcal/mol
 Misfit interaction energy in the mix              :         3.20454 kcal/mol
 H-Bond interaction energy in the mix              :        -1.86104 kcal/mol
 VdW interaction energy in the mix                 :       -13.98017 kcal/mol
 Gas liquid transition energy in the mix (H_glt)   :         8.25184 kcal/mol
 Normalized weight factor of molecule in compound  :         0.07185
 Normalized weight factor of molecule in gas phase :         0.00603

 Compound: 3 Conformer: 2 (lacticacid_c1)
 Chemical potential of the molecule in the mixture :         6.77205 kcal/mol
 Log10(partial pressure [mbar])                    :         0.07633
 Free energy of molecule in mix (E_COSMO+dE+Mu)    :   -215741.72660 kcal/mol
 Total mean interaction energy in the mix          :        -4.06718 kcal/mol
 Misfit interaction energy in the mix              :         3.15267 kcal/mol
 H-Bond interaction energy in the mix              :        -1.51991 kcal/mol
 VdW interaction energy in the mix                 :       -13.95178 kcal/mol
 Gas liquid transition energy in the mix (H_glt)   :         8.25184 kcal/mol
 Normalized weight factor of molecule in compound  :         0.02866
 Normalized weight factor of molecule in gas phase :         0.01137

 Compound: 3 Conformer: 3 (lacticacid_c2)
 Chemical potential of the molecule in the mixture :         3.87685 kcal/mol
 Log10(partial pressure [mbar])                    :         0.03166
 Free energy of molecule in mix (E_COSMO+dE+Mu)    :   -215743.72961 kcal/mol
 Total mean interaction energy in the mix          :        -5.56897 kcal/mol
 Misfit interaction energy in the mix              :         2.39177 kcal/mol
 H-Bond interaction energy in the mix              :        -2.19015 kcal/mol
 VdW interaction energy in the mix                 :       -14.02242 kcal/mol
 Gas liquid transition energy in the mix (H_glt)   :         8.25184 kcal/mol
 Normalized weight factor of molecule in compound  :         0.71632
 Normalized weight factor of molecule in gas phase :         0.93300

 Compound: 3 Conformer: 4 (lacticacid_c3)
 Chemical potential of the molecule in the mixture :         3.77776 kcal/mol
 Log10(partial pressure [mbar])                    :        -1.07414
 Free energy of molecule in mix (E_COSMO+dE+Mu)    :   -215742.40767 kcal/mol
 Total mean interaction energy in the mix          :        -6.08220 kcal/mol
 Misfit interaction energy in the mix              :         2.75720 kcal/mol
 H-Bond interaction energy in the mix              :        -3.08360 kcal/mol
 VdW interaction energy in the mix                 :       -14.00764 kcal/mol
 Gas liquid transition energy in the mix (H_glt)   :         8.25184 kcal/mol
 Normalized weight factor of molecule in compound  :         0.08561
 Normalized weight factor of molecule in gas phase :         0.02822

 Compound: 3 Conformer: 5 (lacticacid_c4)
 Chemical potential of the molecule in the mixture :         4.39014 kcal/mol
 Log10(partial pressure [mbar])                    :        -2.20751
 Free energy of molecule in mix (E_COSMO+dE+Mu)    :   -215741.70869 kcal/mol
 Total mean interaction energy in the mix          :        -5.86614 kcal/mol
 Misfit interaction energy in the mix              :         3.39135 kcal/mol
 H-Bond interaction energy in the mix              :        -3.45848 kcal/mol
 VdW interaction energy in the mix                 :       -14.05085 kcal/mol
 Gas liquid transition energy in the mix (H_glt)   :         8.25184 kcal/mol
 Normalized weight factor of molecule in compound  :         0.02784
 Normalized weight factor of molecule in gas phase :         0.00067

 Compound: 3 Conformer: 6 (lacticacid_c5)
 Chemical potential of the molecule in the mixture :         3.75563 kcal/mol
 Log10(partial pressure [mbar])                    :        -1.11923
 Free energy of molecule in mix (E_COSMO+dE+Mu)    :   -215742.27983 kcal/mol
 Total mean interaction energy in the mix          :        -6.12950 kcal/mol
 Misfit interaction energy in the mix              :         2.74922 kcal/mol
 H-Bond interaction energy in the mix              :        -3.09765 kcal/mol
 VdW interaction energy in the mix                 :       -14.03291 kcal/mol
 Gas liquid transition energy in the mix (H_glt)   :         8.25184 kcal/mol
 Normalized weight factor of molecule in compound  :         0.06971
 Normalized weight factor of molecule in gas phase :         0.02069




 Results for mixture 7 - LIQ_EX Phase 1 Iteration    3
 ---------------------
 Temperature          :    313.150 K
 Compound Nr.         :         1         2         3
 Compound             :       h2o 4-nonanon lacticaci
 Mole Fraction        :    0.9993    0.0000    0.0006

 Compound: 1  (h2o)
 Chemical potential of the compound in the mixture :         3.46911 kcal/mol
 Log10(partial pressure [mbar])                    :         1.52861
 Free energy of molecule in mix (E_COSMO+dE+Mu)    :    -47989.78416 kcal/mol
 Total mean interaction energy in the mix (H_int)  :        -5.54378 kcal/mol
 Misfit interaction energy in the mix (H_MF)       :         0.59161 kcal/mol
 H-Bond interaction energy in the mix (H_HB)       :        -4.72893 kcal/mol
 VdW interaction energy in the mix (H_vdW)         :        -4.33851 kcal/mol
 Gas liquid transition energy in the mix (H_glt)   :         2.93205 kcal/mol

 Compound: 2  (4-nonanone)
 Chemical potential of the compound in the mixture :         6.95507 kcal/mol
 Log10(partial pressure [mbar])                    :         4.66878
 Free energy of molecule in mix (E_COSMO+dE+Mu)    :   -269350.97960 kcal/mol
 Total mean interaction energy in the mix (H_int)  :        -8.23141 kcal/mol
 Misfit interaction energy in the mix (H_MF)       :         3.61871 kcal/mol
 H-Bond interaction energy in the mix (H_HB)       :        -2.11201 kcal/mol
 VdW interaction energy in the mix (H_vdW)         :       -24.72368 kcal/mol
 Gas liquid transition energy in the mix (H_glt)   :        14.86330 kcal/mol

 Compound: 3  (lacticacid)
 Chemical potential of the compound in the mixture :         4.46783 kcal/mol
 Log10(partial pressure [mbar])                    :        -0.78417
 Free energy of molecule in mix (E_COSMO+dE+Mu)    :   -215744.21231 kcal/mol
 Total mean interaction energy in the mix (H_int)  :        -7.87358 kcal/mol
 Misfit interaction energy in the mix (H_MF)       :         1.98327 kcal/mol
 H-Bond interaction energy in the mix (H_HB)       :        -7.04225 kcal/mol
 VdW interaction energy in the mix (H_vdW)         :       -13.27964 kcal/mol
 Gas liquid transition energy in the mix (H_glt)   :         8.25184 kcal/mol



 Compound: 1 Conformer: 1 (h2o_c0)
 Chemical potential of the molecule in the mixture :         3.46911 kcal/mol
 Log10(partial pressure [mbar])                    :         1.52861
 Free energy of molecule in mix (E_COSMO+dE+Mu)    :    -47989.78416 kcal/mol
 Total mean interaction energy in the mix          :        -5.54378 kcal/mol
 Misfit interaction energy in the mix              :         0.59161 kcal/mol
 H-Bond interaction energy in the mix              :        -4.72893 kcal/mol
 VdW interaction energy in the mix                 :        -4.33851 kcal/mol
 Gas liquid transition energy in the mix (H_glt)   :         2.93205 kcal/mol
 Normalized weight factor of molecule in compound  :         1.00000
 Normalized weight factor of molecule in gas phase :         1.00000

 Compound: 2 Conformer: 1 (4-nonanone_c0)
 Chemical potential of the molecule in the mixture :         7.84267 kcal/mol
 Log10(partial pressure [mbar])                    :         4.58399
 Free energy of molecule in mix (E_COSMO+dE+Mu)    :   -269350.06626 kcal/mol
 Total mean interaction energy in the mix          :        -8.32934 kcal/mol
 Misfit interaction energy in the mix              :         3.66367 kcal/mol
 H-Bond interaction energy in the mix              :        -1.98900 kcal/mol
 VdW interaction energy in the mix                 :       -24.86731 kcal/mol
 Gas liquid transition energy in the mix (H_glt)   :        14.86330 kcal/mol
 Normalized weight factor of molecule in compound  :         0.23046
 Normalized weight factor of molecule in gas phase :         0.18958

 Compound: 2 Conformer: 2 (4-nonanone_c1)
 Chemical potential of the molecule in the mixture :         7.71910 kcal/mol
 Log10(partial pressure [mbar])                    :         4.36334
 Free energy of molecule in mix (E_COSMO+dE+Mu)    :   -269350.02161 kcal/mol
 Total mean interaction energy in the mix          :        -8.52718 kcal/mol
 Misfit interaction energy in the mix              :         3.62796 kcal/mol
 H-Bond interaction energy in the mix              :        -2.28259 kcal/mol
 VdW interaction energy in the mix                 :       -24.73585 kcal/mol
 Gas liquid transition energy in the mix (H_glt)   :        14.86330 kcal/mol
 Normalized weight factor of molecule in compound  :         0.21450
 Normalized weight factor of molecule in gas phase :         0.10617

 Compound: 2 Conformer: 3 (4-nonanone_c2)
 Chemical potential of the molecule in the mixture :         8.08389 kcal/mol
 Log10(partial pressure [mbar])                    :         4.98364
 Free energy of molecule in mix (E_COSMO+dE+Mu)    :   -269349.85078 kcal/mol
 Total mean interaction energy in the mix          :        -8.05224 kcal/mol
 Misfit interaction energy in the mix              :         3.55826 kcal/mol
 H-Bond interaction energy in the mix              :        -1.90161 kcal/mol
 VdW interaction energy in the mix                 :       -24.57219 kcal/mol
 Gas liquid transition energy in the mix (H_glt)   :        14.86330 kcal/mol
 Normalized weight factor of molecule in compound  :         0.16301
 Normalized weight factor of molecule in gas phase :         0.33080

 Compound: 2 Conformer: 4 (4-nonanone_c3)
 Chemical potential of the molecule in the mixture :         8.01660 kcal/mol
 Log10(partial pressure [mbar])                    :         4.91768
 Free energy of molecule in mix (E_COSMO+dE+Mu)    :   -269349.84212 kcal/mol
 Total mean interaction energy in the mix          :        -8.07097 kcal/mol
 Misfit interaction energy in the mix              :         3.59982 kcal/mol
 H-Bond interaction energy in the mix              :        -1.91781 kcal/mol
 VdW interaction energy in the mix                 :       -24.61629 kcal/mol
 Gas liquid transition energy in the mix (H_glt)   :        14.86330 kcal/mol
 Normalized weight factor of molecule in compound  :         0.16075
 Normalized weight factor of molecule in gas phase :         0.28143

 Compound: 2 Conformer: 5 (4-nonanone_c4)
 Chemical potential of the molecule in the mixture :         7.59584 kcal/mol
 Log10(partial pressure [mbar])                    :         4.26849
 Free energy of molecule in mix (E_COSMO+dE+Mu)    :   -269350.06852 kcal/mol
 Total mean interaction energy in the mix          :        -8.62597 kcal/mol
 Misfit interaction energy in the mix              :         3.62109 kcal/mol
 H-Bond interaction energy in the mix              :        -2.35965 kcal/mol
 VdW interaction energy in the mix                 :       -24.75071 kcal/mol
 Gas liquid transition energy in the mix (H_glt)   :        14.86330 kcal/mol
 Normalized weight factor of molecule in compound  :         0.23129
 Normalized weight factor of molecule in gas phase :         0.09202

 Compound: 3 Conformer: 1 (lacticacid_c0)
 Chemical potential of the molecule in the mixture :         6.41946 kcal/mol
 Log10(partial pressure [mbar])                    :        -0.56013
 Free energy of molecule in mix (E_COSMO+dE+Mu)    :   -215742.26068 kcal/mol
 Total mean interaction energy in the mix          :        -7.35953 kcal/mol
 Misfit interaction energy in the mix              :         2.01784 kcal/mol
 H-Bond interaction energy in the mix              :        -4.40081 kcal/mol
 VdW interaction energy in the mix                 :       -13.22841 kcal/mol
 Gas liquid transition energy in the mix (H_glt)   :         8.25184 kcal/mol
 Normalized weight factor of molecule in compound  :         0.04345
 Normalized weight factor of molecule in gas phase :         0.00603

 Compound: 3 Conformer: 2 (lacticacid_c1)
 Chemical potential of the molecule in the mixture :         6.54068 kcal/mol
 Log10(partial pressure [mbar])                    :        -0.08515
 Free energy of molecule in mix (E_COSMO+dE+Mu)    :   -215741.95797 kcal/mol
 Total mean interaction energy in the mix          :        -6.92239 kcal/mol
 Misfit interaction energy in the mix              :         2.12800 kcal/mol
 H-Bond interaction energy in the mix              :        -4.09683 kcal/mol
 VdW interaction energy in the mix                 :       -13.20540 kcal/mol
 Gas liquid transition energy in the mix (H_glt)   :         8.25184 kcal/mol
 Normalized weight factor of molecule in compound  :         0.02671
 Normalized weight factor of molecule in gas phase :         0.01137

 Compound: 3 Conformer: 3 (lacticacid_c2)
 Chemical potential of the molecule in the mixture :         4.70077 kcal/mol
 Log10(partial pressure [mbar])                    :         0.60666
 Free energy of molecule in mix (E_COSMO+dE+Mu)    :   -215742.90570 kcal/mol
 Total mean interaction energy in the mix          :        -8.02431 kcal/mol
 Misfit interaction energy in the mix              :         2.06115 kcal/mol
 H-Bond interaction energy in the mix              :        -5.04679 kcal/mol
 VdW interaction energy in the mix                 :       -13.29051 kcal/mol
 Gas liquid transition energy in the mix (H_glt)   :         8.25184 kcal/mol
 Normalized weight factor of molecule in compound  :         0.12250
 Normalized weight factor of molecule in gas phase :         0.93300

 Compound: 3 Conformer: 4 (lacticacid_c3)
 Chemical potential of the molecule in the mixture :         2.94042 kcal/mol
 Log10(partial pressure [mbar])                    :        -1.65852
 Free energy of molecule in mix (E_COSMO+dE+Mu)    :   -215743.24501 kcal/mol
 Total mean interaction energy in the mix          :       -10.14118 kcal/mol
 Misfit interaction energy in the mix              :         1.98129 kcal/mol
 H-Bond interaction energy in the mix              :        -7.10688 kcal/mol
 VdW interaction energy in the mix                 :       -13.26743 kcal/mol
 Gas liquid transition energy in the mix (H_glt)   :         8.25184 kcal/mol
 Normalized weight factor of molecule in compound  :         0.21131
 Normalized weight factor of molecule in gas phase :         0.02822

 Compound: 3 Conformer: 5 (lacticacid_c4)
 Chemical potential of the molecule in the mixture :         2.42575 kcal/mol
 Log10(partial pressure [mbar])                    :        -3.57844
 Free energy of molecule in mix (E_COSMO+dE+Mu)    :   -215743.67307 kcal/mol
 Total mean interaction energy in the mix          :       -11.08917 kcal/mol
 Misfit interaction energy in the mix              :         1.95977 kcal/mol
 H-Bond interaction energy in the mix              :        -8.01208 kcal/mol
 VdW interaction energy in the mix                 :       -13.28870 kcal/mol
 Gas liquid transition energy in the mix (H_glt)   :         8.25184 kcal/mol
 Normalized weight factor of molecule in compound  :         0.42041
 Normalized weight factor of molecule in gas phase :         0.00067

 Compound: 3 Conformer: 6 (lacticacid_c5)
 Chemical potential of the molecule in the mixture :         2.90560 kcal/mol
 Log10(partial pressure [mbar])                    :        -1.71247
 Free energy of molecule in mix (E_COSMO+dE+Mu)    :   -215743.12987 kcal/mol
 Total mean interaction energy in the mix          :       -10.21637 kcal/mol
 Misfit interaction energy in the mix              :         1.95700 kcal/mol
 H-Bond interaction energy in the mix              :        -7.13619 kcal/mol
 VdW interaction energy in the mix                 :       -13.28902 kcal/mol
 Gas liquid transition energy in the mix (H_glt)   :         8.25184 kcal/mol
 Normalized weight factor of molecule in compound  :         0.17562
 Normalized weight factor of molecule in gas phase :         0.02069




 Results for mixture 8 - LIQ_EX Phase 2 Iteration    3
 ---------------------
 Temperature          :    313.150 K
 Compound Nr.         :         1         2         3
 Compound             :       h2o 4-nonanon lacticaci
 Mole Fraction        :    0.0369    0.9627    0.0004

 Compound: 1  (h2o)
 Chemical potential of the compound in the mixture :         5.48330 kcal/mol
 Log10(partial pressure [mbar])                    :         2.93430
 Free energy of molecule in mix (E_COSMO+dE+Mu)    :    -47987.76997 kcal/mol
 Total mean interaction energy in the mix (H_int)  :        -2.42738 kcal/mol
 Misfit interaction energy in the mix (H_MF)       :         1.64859 kcal/mol
 H-Bond interaction energy in the mix (H_HB)       :        -2.40846 kcal/mol
 VdW interaction energy in the mix (H_vdW)         :        -4.59956 kcal/mol
 Gas liquid transition energy in the mix (H_glt)   :         2.93205 kcal/mol
 Equilibrium constant Kx(1,2)                      :        25.45036
 Equilibrium concentration x_k(1,2)                :         0.96219

 Compound: 2  (4-nonanone)
 Chemical potential of the compound in the mixture :         0.78022 kcal/mol
 Log10(partial pressure [mbar])                    :         0.35939
 Free energy of molecule in mix (E_COSMO+dE+Mu)    :   -269357.15445 kcal/mol
 Total mean interaction energy in the mix (H_int)  :        -7.18946 kcal/mol
 Misfit interaction energy in the mix (H_MF)       :         3.61430 kcal/mol
 H-Bond interaction energy in the mix (H_HB)       :        -0.07936 kcal/mol
 VdW interaction energy in the mix (H_vdW)         :       -25.67196 kcal/mol
 Gas liquid transition energy in the mix (H_glt)   :        14.86330 kcal/mol
 Equilibrium constant Kx(1,2)                      :  4.90467964E-05
 Equilibrium concentration x_k(1,2)                :         0.00005

 Compound: 3  (lacticacid)
 Chemical potential of the compound in the mixture :         4.71776 kcal/mol
 Log10(partial pressure [mbar])                    :        -0.60975
 Free energy of molecule in mix (E_COSMO+dE+Mu)    :   -215743.96238 kcal/mol
 Total mean interaction energy in the mix (H_int)  :        -4.31901 kcal/mol
 Misfit interaction energy in the mix (H_MF)       :         2.53927 kcal/mol
 H-Bond interaction energy in the mix (H_HB)       :        -2.34420 kcal/mol
 VdW interaction energy in the mix (H_vdW)         :       -14.01573 kcal/mol
 Gas liquid transition energy in the mix (H_glt)   :         8.25184 kcal/mol
 Equilibrium constant Kx(1,2)                      :         1.49424
 Equilibrium concentration x_k(1,2)                :         0.59908



 Compound: 1 Conformer: 1 (h2o_c0)
 Chemical potential of the molecule in the mixture :         5.48330 kcal/mol
 Log10(partial pressure [mbar])                    :         2.93430
 Free energy of molecule in mix (E_COSMO+dE+Mu)    :    -47987.76997 kcal/mol
 Total mean interaction energy in the mix          :        -2.42738 kcal/mol
 Misfit interaction energy in the mix              :         1.64859 kcal/mol
 H-Bond interaction energy in the mix              :        -2.40846 kcal/mol
 VdW interaction energy in the mix                 :        -4.59956 kcal/mol
 Gas liquid transition energy in the mix (H_glt)   :         2.93205 kcal/mol
 Normalized weight factor of molecule in compound  :         1.00000
 Normalized weight factor of molecule in gas phase :         1.00000

 Compound: 2 Conformer: 1 (4-nonanone_c0)
 Chemical potential of the molecule in the mixture :         1.53700 kcal/mol
 Log10(partial pressure [mbar])                    :         0.18329
 Free energy of molecule in mix (E_COSMO+dE+Mu)    :   -269356.37194 kcal/mol
 Total mean interaction energy in the mix          :        -7.39510 kcal/mol
 Misfit interaction energy in the mix              :         3.64249 kcal/mol
 H-Bond interaction energy in the mix              :        -0.06369 kcal/mol
 VdW interaction energy in the mix                 :       -25.83720 kcal/mol
 Gas liquid transition energy in the mix (H_glt)   :        14.86330 kcal/mol
 Normalized weight factor of molecule in compound  :         0.28437
 Normalized weight factor of molecule in gas phase :         0.18958

 Compound: 2 Conformer: 2 (4-nonanone_c1)
 Chemical potential of the molecule in the mixture :         1.83340 kcal/mol
 Log10(partial pressure [mbar])                    :         0.25574
 Free energy of molecule in mix (E_COSMO+dE+Mu)    :   -269355.90732 kcal/mol
 Total mean interaction energy in the mix          :        -7.22470 kcal/mol
 Misfit interaction energy in the mix              :         3.73669 kcal/mol
 H-Bond interaction energy in the mix              :        -0.11938 kcal/mol
 VdW interaction energy in the mix                 :       -25.70532 kcal/mol
 Gas liquid transition energy in the mix (H_glt)   :        14.86330 kcal/mol
 Normalized weight factor of molecule in compound  :         0.13478
 Normalized weight factor of molecule in gas phase :         0.10617

 Compound: 2 Conformer: 3 (4-nonanone_c2)
 Chemical potential of the molecule in the mixture :         1.69162 kcal/mol
 Log10(partial pressure [mbar])                    :         0.52251
 Free energy of molecule in mix (E_COSMO+dE+Mu)    :   -269356.24305 kcal/mol
 Total mean interaction energy in the mix          :        -7.20145 kcal/mol
 Misfit interaction energy in the mix              :         3.52019 kcal/mol
 H-Bond interaction energy in the mix              :        -0.06348 kcal/mol
 VdW interaction energy in the mix                 :       -25.52146 kcal/mol
 Gas liquid transition energy in the mix (H_glt)   :        14.86330 kcal/mol
 Normalized weight factor of molecule in compound  :         0.23118
 Normalized weight factor of molecule in gas phase :         0.33080

 Compound: 2 Conformer: 4 (4-nonanone_c3)
 Chemical potential of the molecule in the mixture :         1.63275 kcal/mol
 Log10(partial pressure [mbar])                    :         0.46243
 Free energy of molecule in mix (E_COSMO+dE+Mu)    :   -269356.22597 kcal/mol
 Total mean interaction energy in the mix          :        -7.22779 kcal/mol
 Misfit interaction energy in the mix              :         3.53733 kcal/mol
 H-Bond interaction energy in the mix              :        -0.05902 kcal/mol
 VdW interaction energy in the mix                 :       -25.56940 kcal/mol
 Gas liquid transition energy in the mix (H_glt)   :        14.86330 kcal/mol
 Normalized weight factor of molecule in compound  :         0.22491
 Normalized weight factor of molecule in gas phase :         0.28143

 Compound: 2 Conformer: 5 (4-nonanone_c4)
 Chemical potential of the molecule in the mixture :         1.80516 kcal/mol
 Log10(partial pressure [mbar])                    :         0.22721
 Free energy of molecule in mix (E_COSMO+dE+Mu)    :   -269355.85920 kcal/mol
 Total mean interaction energy in the mix          :        -7.26675 kcal/mol
 Misfit interaction energy in the mix              :         3.73100 kcal/mol
 H-Bond interaction energy in the mix              :        -0.13797 kcal/mol
 VdW interaction energy in the mix                 :       -25.72309 kcal/mol
 Gas liquid transition energy in the mix (H_glt)   :        14.86330 kcal/mol
 Normalized weight factor of molecule in compound  :         0.12475
 Normalized weight factor of molecule in gas phase :         0.09202

 Compound: 3 Conformer: 1 (lacticacid_c0)
 Chemical potential of the molecule in the mixture :         6.35812 kcal/mol
 Log10(partial pressure [mbar])                    :        -0.60294
 Free energy of molecule in mix (E_COSMO+dE+Mu)    :   -215742.32203 kcal/mol
 Total mean interaction energy in the mix          :        -4.41511 kcal/mol
 Misfit interaction energy in the mix              :         3.18385 kcal/mol
 H-Bond interaction energy in the mix              :        -1.87230 kcal/mol
 VdW interaction energy in the mix                 :       -13.97850 kcal/mol
 Gas liquid transition energy in the mix (H_glt)   :         8.25184 kcal/mol
 Normalized weight factor of molecule in compound  :         0.07165
 Normalized weight factor of molecule in gas phase :         0.00603

 Compound: 3 Conformer: 2 (lacticacid_c1)
 Chemical potential of the molecule in the mixture :         6.74494 kcal/mol
 Log10(partial pressure [mbar])                    :         0.05741
 Free energy of molecule in mix (E_COSMO+dE+Mu)    :   -215741.75371 kcal/mol
 Total mean interaction energy in the mix          :        -4.10083 kcal/mol
 Misfit interaction energy in the mix              :         3.13546 kcal/mol
 H-Bond interaction energy in the mix              :        -1.53848 kcal/mol
 VdW interaction energy in the mix                 :       -13.94964 kcal/mol
 Gas liquid transition energy in the mix (H_glt)   :         8.25184 kcal/mol
 Normalized weight factor of molecule in compound  :         0.02875
 Normalized weight factor of molecule in gas phase :         0.01137

 Compound: 3 Conformer: 3 (lacticacid_c2)
 Chemical potential of the molecule in the mixture :         3.85482 kcal/mol
 Log10(partial pressure [mbar])                    :         0.01628
 Free energy of molecule in mix (E_COSMO+dE+Mu)    :   -215743.75164 kcal/mol
 Total mean interaction energy in the mix          :        -5.59995 kcal/mol
 Misfit interaction energy in the mix              :         2.37499 kcal/mol
 H-Bond interaction energy in the mix              :        -2.20612 kcal/mol
 VdW interaction energy in the mix                 :       -14.02065 kcal/mol
 Gas liquid transition energy in the mix (H_glt)   :         8.25184 kcal/mol
 Normalized weight factor of molecule in compound  :         0.71273
 Normalized weight factor of molecule in gas phase :         0.93300

 Compound: 3 Conformer: 4 (lacticacid_c3)
 Chemical potential of the molecule in the mixture :         3.74225 kcal/mol
 Log10(partial pressure [mbar])                    :        -1.09893
 Free energy of molecule in mix (E_COSMO+dE+Mu)    :   -215742.44318 kcal/mol
 Total mean interaction energy in the mix          :        -6.13058 kcal/mol
 Misfit interaction energy in the mix              :         2.73463 kcal/mol
 H-Bond interaction energy in the mix              :        -3.11193 kcal/mol
 VdW interaction energy in the mix                 :       -14.00512 kcal/mol
 Gas liquid transition energy in the mix (H_glt)   :         8.25184 kcal/mol
 Normalized weight factor of molecule in compound  :         0.08705
 Normalized weight factor of molecule in gas phase :         0.02822

 Compound: 3 Conformer: 5 (lacticacid_c4)
 Chemical potential of the molecule in the mixture :         4.34159 kcal/mol
 Log10(partial pressure [mbar])                    :        -2.24139
 Free energy of molecule in mix (E_COSMO+dE+Mu)    :   -215741.75724 kcal/mol
 Total mean interaction energy in the mix          :        -5.93483 kcal/mol
 Misfit interaction energy in the mix              :         3.35398 kcal/mol
 H-Bond interaction energy in the mix              :        -3.49242 kcal/mol
 VdW interaction energy in the mix                 :       -14.04823 kcal/mol
 Gas liquid transition energy in the mix (H_glt)   :         8.25184 kcal/mol
 Normalized weight factor of molecule in compound  :         0.02891
 Normalized weight factor of molecule in gas phase :         0.00067

 Compound: 3 Conformer: 6 (lacticacid_c5)
 Chemical potential of the molecule in the mixture :         3.71979 kcal/mol
 Log10(partial pressure [mbar])                    :        -1.14425
 Free energy of molecule in mix (E_COSMO+dE+Mu)    :   -215742.31567 kcal/mol
 Total mean interaction energy in the mix          :        -6.17780 kcal/mol
 Misfit interaction energy in the mix              :         2.72555 kcal/mol
 H-Bond interaction energy in the mix              :        -3.12478 kcal/mol
 VdW interaction energy in the mix                 :       -14.03041 kcal/mol
 Gas liquid transition energy in the mix (H_glt)   :         8.25184 kcal/mol
 Normalized weight factor of molecule in compound  :         0.07092
 Normalized weight factor of molecule in gas phase :         0.02069




 Results for mixture 9 - LIQ_EX Phase 1 Iteration    4
 ---------------------
 Temperature          :    313.150 K
 Compound Nr.         :         1         2         3
 Compound             :       h2o 4-nonanon lacticaci
 Mole Fraction        :    0.9993    0.0000    0.0006

 Compound: 1  (h2o)
 Chemical potential of the compound in the mixture :         3.46911 kcal/mol
 Log10(partial pressure [mbar])                    :         1.52861
 Free energy of molecule in mix (E_COSMO+dE+Mu)    :    -47989.78416 kcal/mol
 Total mean interaction energy in the mix (H_int)  :        -5.54377 kcal/mol
 Misfit interaction energy in the mix (H_MF)       :         0.59161 kcal/mol
 H-Bond interaction energy in the mix (H_HB)       :        -4.72893 kcal/mol
 VdW interaction energy in the mix (H_vdW)         :        -4.33850 kcal/mol
 Gas liquid transition energy in the mix (H_glt)   :         2.93205 kcal/mol

 Compound: 2  (4-nonanone)
 Chemical potential of the compound in the mixture :         6.95528 kcal/mol
 Log10(partial pressure [mbar])                    :         4.66893
 Free energy of molecule in mix (E_COSMO+dE+Mu)    :   -269350.97939 kcal/mol
 Total mean interaction energy in the mix (H_int)  :        -8.23145 kcal/mol
 Misfit interaction energy in the mix (H_MF)       :         3.61864 kcal/mol
 H-Bond interaction energy in the mix (H_HB)       :        -2.11203 kcal/mol
 VdW interaction energy in the mix (H_vdW)         :       -24.72362 kcal/mol
 Gas liquid transition energy in the mix (H_glt)   :        14.86330 kcal/mol

 Compound: 3  (lacticacid)
 Chemical potential of the compound in the mixture :         4.46787 kcal/mol
 Log10(partial pressure [mbar])                    :        -0.78415
 Free energy of molecule in mix (E_COSMO+dE+Mu)    :   -215744.21227 kcal/mol
 Total mean interaction energy in the mix (H_int)  :        -7.87363 kcal/mol
 Misfit interaction energy in the mix (H_MF)       :         1.98324 kcal/mol
 H-Bond interaction energy in the mix (H_HB)       :        -7.04231 kcal/mol
 VdW interaction energy in the mix (H_vdW)         :       -13.27961 kcal/mol
 Gas liquid transition energy in the mix (H_glt)   :         8.25184 kcal/mol



 Compound: 1 Conformer: 1 (h2o_c0)
 Chemical potential of the molecule in the mixture :         3.46911 kcal/mol
 Log10(partial pressure [mbar])                    :         1.52861
 Free energy of molecule in mix (E_COSMO+dE+Mu)    :    -47989.78416 kcal/mol
 Total mean interaction energy in the mix          :        -5.54377 kcal/mol
 Misfit interaction energy in the mix              :         0.59161 kcal/mol
 H-Bond interaction energy in the mix              :        -4.72893 kcal/mol
 VdW interaction energy in the mix                 :        -4.33850 kcal/mol
 Gas liquid transition energy in the mix (H_glt)   :         2.93205 kcal/mol
 Normalized weight factor of molecule in compound  :         1.00000
 Normalized weight factor of molecule in gas phase :         1.00000

 Compound: 2 Conformer: 1 (4-nonanone_c0)
 Chemical potential of the molecule in the mixture :         7.84289 kcal/mol
 Log10(partial pressure [mbar])                    :         4.58414
 Free energy of molecule in mix (E_COSMO+dE+Mu)    :   -269350.06605 kcal/mol
 Total mean interaction energy in the mix          :        -8.32937 kcal/mol
 Misfit interaction energy in the mix              :         3.66359 kcal/mol
 H-Bond interaction energy in the mix              :        -1.98902 kcal/mol
 VdW interaction energy in the mix                 :       -24.86725 kcal/mol
 Gas liquid transition energy in the mix (H_glt)   :        14.86330 kcal/mol
 Normalized weight factor of molecule in compound  :         0.23045
 Normalized weight factor of molecule in gas phase :         0.18958

 Compound: 2 Conformer: 2 (4-nonanone_c1)
 Chemical potential of the molecule in the mixture :         7.71932 kcal/mol
 Log10(partial pressure [mbar])                    :         4.36349
 Free energy of molecule in mix (E_COSMO+dE+Mu)    :   -269350.02139 kcal/mol
 Total mean interaction energy in the mix          :        -8.52721 kcal/mol
 Misfit interaction energy in the mix              :         3.62788 kcal/mol
 H-Bond interaction energy in the mix              :        -2.28260 kcal/mol
 VdW interaction energy in the mix                 :       -24.73579 kcal/mol
 Gas liquid transition energy in the mix (H_glt)   :        14.86330 kcal/mol
 Normalized weight factor of molecule in compound  :         0.21450
 Normalized weight factor of molecule in gas phase :         0.10617

 Compound: 2 Conformer: 3 (4-nonanone_c2)
 Chemical potential of the molecule in the mixture :         8.08411 kcal/mol
 Log10(partial pressure [mbar])                    :         4.98379
 Free energy of molecule in mix (E_COSMO+dE+Mu)    :   -269349.85057 kcal/mol
 Total mean interaction energy in the mix          :        -8.05228 kcal/mol
 Misfit interaction energy in the mix              :         3.55818 kcal/mol
 H-Bond interaction energy in the mix              :        -1.90163 kcal/mol
 VdW interaction energy in the mix                 :       -24.57213 kcal/mol
 Gas liquid transition energy in the mix (H_glt)   :        14.86330 kcal/mol
 Normalized weight factor of molecule in compound  :         0.16301
 Normalized weight factor of molecule in gas phase :         0.33080

 Compound: 2 Conformer: 4 (4-nonanone_c3)
 Chemical potential of the molecule in the mixture :         8.01682 kcal/mol
 Log10(partial pressure [mbar])                    :         4.91784
 Free energy of molecule in mix (E_COSMO+dE+Mu)    :   -269349.84190 kcal/mol
 Total mean interaction energy in the mix          :        -8.07101 kcal/mol
 Misfit interaction energy in the mix              :         3.59974 kcal/mol
 H-Bond interaction energy in the mix              :        -1.91783 kcal/mol
 VdW interaction energy in the mix                 :       -24.61623 kcal/mol
 Gas liquid transition energy in the mix (H_glt)   :        14.86330 kcal/mol
 Normalized weight factor of molecule in compound  :         0.16075
 Normalized weight factor of molecule in gas phase :         0.28143

 Compound: 2 Conformer: 5 (4-nonanone_c4)
 Chemical potential of the molecule in the mixture :         7.59605 kcal/mol
 Log10(partial pressure [mbar])                    :         4.26864
 Free energy of molecule in mix (E_COSMO+dE+Mu)    :   -269350.06830 kcal/mol
 Total mean interaction energy in the mix          :        -8.62600 kcal/mol
 Misfit interaction energy in the mix              :         3.62101 kcal/mol
 H-Bond interaction energy in the mix              :        -2.35966 kcal/mol
 VdW interaction energy in the mix                 :       -24.75065 kcal/mol
 Gas liquid transition energy in the mix (H_glt)   :        14.86330 kcal/mol
 Normalized weight factor of molecule in compound  :         0.23129
 Normalized weight factor of molecule in gas phase :         0.09202

 Compound: 3 Conformer: 1 (lacticacid_c0)
 Chemical potential of the molecule in the mixture :         6.41951 kcal/mol
 Log10(partial pressure [mbar])                    :        -0.56010
 Free energy of molecule in mix (E_COSMO+dE+Mu)    :   -215742.26064 kcal/mol
 Total mean interaction energy in the mix          :        -7.35956 kcal/mol
 Misfit interaction energy in the mix              :         2.01781 kcal/mol
 H-Bond interaction energy in the mix              :        -4.40084 kcal/mol
 VdW interaction energy in the mix                 :       -13.22837 kcal/mol
 Gas liquid transition energy in the mix (H_glt)   :         8.25184 kcal/mol
 Normalized weight factor of molecule in compound  :         0.04345
 Normalized weight factor of molecule in gas phase :         0.00603

 Compound: 3 Conformer: 2 (lacticacid_c1)
 Chemical potential of the molecule in the mixture :         6.54072 kcal/mol
 Log10(partial pressure [mbar])                    :        -0.08511
 Free energy of molecule in mix (E_COSMO+dE+Mu)    :   -215741.95793 kcal/mol
 Total mean interaction energy in the mix          :        -6.92242 kcal/mol
 Misfit interaction energy in the mix              :         2.12798 kcal/mol
 H-Bond interaction energy in the mix              :        -4.09687 kcal/mol
 VdW interaction energy in the mix                 :       -13.20537 kcal/mol
 Gas liquid transition energy in the mix (H_glt)   :         8.25184 kcal/mol
 Normalized weight factor of molecule in compound  :         0.02671
 Normalized weight factor of molecule in gas phase :         0.01137

 Compound: 3 Conformer: 3 (lacticacid_c2)
 Chemical potential of the molecule in the mixture :         4.70083 kcal/mol
 Log10(partial pressure [mbar])                    :         0.60671
 Free energy of molecule in mix (E_COSMO+dE+Mu)    :   -215742.90563 kcal/mol
 Total mean interaction energy in the mix          :        -8.02434 kcal/mol
 Misfit interaction energy in the mix              :         2.06112 kcal/mol
 H-Bond interaction energy in the mix              :        -5.04682 kcal/mol
 VdW interaction energy in the mix                 :       -13.29048 kcal/mol
 Gas liquid transition energy in the mix (H_glt)   :         8.25184 kcal/mol
 Normalized weight factor of molecule in compound  :         0.12249
 Normalized weight factor of molecule in gas phase :         0.93300

 Compound: 3 Conformer: 4 (lacticacid_c3)
 Chemical potential of the molecule in the mixture :         2.94046 kcal/mol
 Log10(partial pressure [mbar])                    :        -1.65849
 Free energy of molecule in mix (E_COSMO+dE+Mu)    :   -215743.24497 kcal/mol
 Total mean interaction energy in the mix          :       -10.14122 kcal/mol
 Misfit interaction energy in the mix              :         1.98126 kcal/mol
 H-Bond interaction energy in the mix              :        -7.10692 kcal/mol
 VdW interaction energy in the mix                 :       -13.26740 kcal/mol
 Gas liquid transition energy in the mix (H_glt)   :         8.25184 kcal/mol
 Normalized weight factor of molecule in compound  :         0.21131
 Normalized weight factor of molecule in gas phase :         0.02822

 Compound: 3 Conformer: 5 (lacticacid_c4)
 Chemical potential of the molecule in the mixture :         2.42578 kcal/mol
 Log10(partial pressure [mbar])                    :        -3.57842
 Free energy of molecule in mix (E_COSMO+dE+Mu)    :   -215743.67305 kcal/mol
 Total mean interaction energy in the mix          :       -11.08921 kcal/mol
 Misfit interaction energy in the mix              :         1.95974 kcal/mol
 H-Bond interaction energy in the mix              :        -8.01212 kcal/mol
 VdW interaction energy in the mix                 :       -13.28867 kcal/mol
 Gas liquid transition energy in the mix (H_glt)   :         8.25184 kcal/mol
 Normalized weight factor of molecule in compound  :         0.42042
 Normalized weight factor of molecule in gas phase :         0.00067

 Compound: 3 Conformer: 6 (lacticacid_c5)
 Chemical potential of the molecule in the mixture :         2.90563 kcal/mol
 Log10(partial pressure [mbar])                    :        -1.71244
 Free energy of molecule in mix (E_COSMO+dE+Mu)    :   -215743.12983 kcal/mol
 Total mean interaction energy in the mix          :       -10.21641 kcal/mol
 Misfit interaction energy in the mix              :         1.95697 kcal/mol
 H-Bond interaction energy in the mix              :        -7.13623 kcal/mol
 VdW interaction energy in the mix                 :       -13.28899 kcal/mol
 Gas liquid transition energy in the mix (H_glt)   :         8.25184 kcal/mol
 Normalized weight factor of molecule in compound  :         0.17562
 Normalized weight factor of molecule in gas phase :         0.02069




 Results for mixture 10 - LIQ_EX Phase 2 Iteration    4
 ----------------------
 Temperature          :    313.150 K
 Compound Nr.         :         1         2         3
 Compound             :       h2o 4-nonanon lacticaci
 Mole Fraction        :    0.0391    0.9605    0.0004

 Compound: 1  (h2o)
 Chemical potential of the compound in the mixture :         5.46957 kcal/mol
 Log10(partial pressure [mbar])                    :         2.92471
 Free energy of molecule in mix (E_COSMO+dE+Mu)    :    -47987.78370 kcal/mol
 Total mean interaction energy in the mix (H_int)  :        -2.44833 kcal/mol
 Misfit interaction energy in the mix (H_MF)       :         1.63689 kcal/mol
 H-Bond interaction energy in the mix (H_HB)       :        -2.41826 kcal/mol
 VdW interaction energy in the mix (H_vdW)         :        -4.59902 kcal/mol
 Gas liquid transition energy in the mix (H_glt)   :         2.93205 kcal/mol
 Equilibrium constant Kx(1,2)                      :        24.89473
 Equilibrium concentration x_k(1,2)                :         0.96138

 Compound: 2  (4-nonanone)
 Chemical potential of the compound in the mixture :         0.78079 kcal/mol
 Log10(partial pressure [mbar])                    :         0.35978
 Free energy of molecule in mix (E_COSMO+dE+Mu)    :   -269357.15388 kcal/mol
 Total mean interaction energy in the mix (H_int)  :        -7.19320 kcal/mol
 Misfit interaction energy in the mix (H_MF)       :         3.61454 kcal/mol
 H-Bond interaction energy in the mix (H_HB)       :        -0.08401 kcal/mol
 VdW interaction energy in the mix (H_vdW)         :       -25.67137 kcal/mol
 Gas liquid transition energy in the mix (H_glt)   :        14.86330 kcal/mol
 Equilibrium constant Kx(1,2)                      :  4.90742644E-05
 Equilibrium concentration x_k(1,2)                :         0.00005

 Compound: 3  (lacticacid)
 Chemical potential of the compound in the mixture :         4.70713 kcal/mol
 Log10(partial pressure [mbar])                    :        -0.61717
 Free energy of molecule in mix (E_COSMO+dE+Mu)    :   -215743.97301 kcal/mol
 Total mean interaction energy in the mix (H_int)  :        -4.33228 kcal/mol
 Misfit interaction energy in the mix (H_MF)       :         2.53232 kcal/mol
 H-Bond interaction energy in the mix (H_HB)       :        -2.35381 kcal/mol
 VdW interaction energy in the mix (H_vdW)         :       -14.01489 kcal/mol
 Gas liquid transition energy in the mix (H_glt)   :         8.25184 kcal/mol
 Equilibrium constant Kx(1,2)                      :         1.46885
 Equilibrium concentration x_k(1,2)                :         0.59495



 Compound: 1 Conformer: 1 (h2o_c0)
 Chemical potential of the molecule in the mixture :         5.46957 kcal/mol
 Log10(partial pressure [mbar])                    :         2.92471
 Free energy of molecule in mix (E_COSMO+dE+Mu)    :    -47987.78370 kcal/mol
 Total mean interaction energy in the mix          :        -2.44833 kcal/mol
 Misfit interaction energy in the mix              :         1.63689 kcal/mol
 H-Bond interaction energy in the mix              :        -2.41826 kcal/mol
 VdW interaction energy in the mix                 :        -4.59902 kcal/mol
 Gas liquid transition energy in the mix (H_glt)   :         2.93205 kcal/mol
 Normalized weight factor of molecule in compound  :         1.00000
 Normalized weight factor of molecule in gas phase :         1.00000

 Compound: 2 Conformer: 1 (4-nonanone_c0)
 Chemical potential of the molecule in the mixture :         1.53780 kcal/mol
 Log10(partial pressure [mbar])                    :         0.18386
 Free energy of molecule in mix (E_COSMO+dE+Mu)    :   -269356.37113 kcal/mol
 Total mean interaction energy in the mix          :        -7.39802 kcal/mol
 Misfit interaction energy in the mix              :         3.64274 kcal/mol
 H-Bond interaction energy in the mix              :        -0.06746 kcal/mol
 VdW interaction energy in the mix                 :       -25.83660 kcal/mol
 Gas liquid transition energy in the mix (H_glt)   :        14.86330 kcal/mol
 Normalized weight factor of molecule in compound  :         0.28426
 Normalized weight factor of molecule in gas phase :         0.18958

 Compound: 2 Conformer: 2 (4-nonanone_c1)
 Chemical potential of the molecule in the mixture :         1.83329 kcal/mol
 Log10(partial pressure [mbar])                    :         0.25567
 Free energy of molecule in mix (E_COSMO+dE+Mu)    :   -269355.90742 kcal/mol
 Total mean interaction energy in the mix          :        -7.23092 kcal/mol
 Misfit interaction energy in the mix              :         3.73660 kcal/mol
 H-Bond interaction energy in the mix              :        -0.12620 kcal/mol
 VdW interaction energy in the mix                 :       -25.70463 kcal/mol
 Gas liquid transition energy in the mix (H_glt)   :        14.86330 kcal/mol
 Normalized weight factor of molecule in compound  :         0.13493
 Normalized weight factor of molecule in gas phase :         0.10617

 Compound: 2 Conformer: 3 (4-nonanone_c2)
 Chemical potential of the molecule in the mixture :         1.69247 kcal/mol
 Log10(partial pressure [mbar])                    :         0.52311
 Free energy of molecule in mix (E_COSMO+dE+Mu)    :   -269356.24220 kcal/mol
 Total mean interaction energy in the mix          :        -7.20430 kcal/mol
 Misfit interaction energy in the mix              :         3.52049 kcal/mol
 H-Bond interaction energy in the mix              :        -0.06722 kcal/mol
 VdW interaction energy in the mix                 :       -25.52087 kcal/mol
 Gas liquid transition energy in the mix (H_glt)   :        14.86330 kcal/mol
 Normalized weight factor of molecule in compound  :         0.23107
 Normalized weight factor of molecule in gas phase :         0.33080

 Compound: 2 Conformer: 4 (4-nonanone_c3)
 Chemical potential of the molecule in the mixture :         1.63370 kcal/mol
 Log10(partial pressure [mbar])                    :         0.46310
 Free energy of molecule in mix (E_COSMO+dE+Mu)    :   -269356.22501 kcal/mol
 Total mean interaction energy in the mix          :        -7.23037 kcal/mol
 Misfit interaction energy in the mix              :         3.53767 kcal/mol
 H-Bond interaction energy in the mix              :        -0.06252 kcal/mol
 VdW interaction energy in the mix                 :       -25.56881 kcal/mol
 Gas liquid transition energy in the mix (H_glt)   :        14.86330 kcal/mol
 Normalized weight factor of molecule in compound  :         0.22477
 Normalized weight factor of molecule in gas phase :         0.28143

 Compound: 2 Conformer: 5 (4-nonanone_c4)
 Chemical potential of the molecule in the mixture :         1.80467 kcal/mol
 Log10(partial pressure [mbar])                    :         0.22687
 Free energy of molecule in mix (E_COSMO+dE+Mu)    :   -269355.85968 kcal/mol
 Total mean interaction energy in the mix          :        -7.27411 kcal/mol
 Misfit interaction energy in the mix              :         3.73075 kcal/mol
 H-Bond interaction energy in the mix              :        -0.14580 kcal/mol
 VdW interaction energy in the mix                 :       -25.72237 kcal/mol
 Gas liquid transition energy in the mix (H_glt)   :        14.86330 kcal/mol
 Normalized weight factor of molecule in compound  :         0.12496
 Normalized weight factor of molecule in gas phase :         0.09202

 Compound: 3 Conformer: 1 (lacticacid_c0)
 Chemical potential of the molecule in the mixture :         6.34826 kcal/mol
 Log10(partial pressure [mbar])                    :        -0.60982
 Free energy of molecule in mix (E_COSMO+dE+Mu)    :   -215742.33188 kcal/mol
 Total mean interaction energy in the mix          :        -4.42803 kcal/mol
 Misfit interaction energy in the mix              :         3.17516 kcal/mol
 H-Bond interaction energy in the mix              :        -1.87727 kcal/mol
 VdW interaction energy in the mix                 :       -13.97776 kcal/mol
 Gas liquid transition energy in the mix (H_glt)   :         8.25184 kcal/mol
 Normalized weight factor of molecule in compound  :         0.07156
 Normalized weight factor of molecule in gas phase :         0.00603

 Compound: 3 Conformer: 2 (lacticacid_c1)
 Chemical potential of the molecule in the mixture :         6.73341 kcal/mol
 Log10(partial pressure [mbar])                    :         0.04936
 Free energy of molecule in mix (E_COSMO+dE+Mu)    :   -215741.76524 kcal/mol
 Total mean interaction energy in the mix          :        -4.11521 kcal/mol
 Misfit interaction energy in the mix              :         3.12824 kcal/mol
 H-Bond interaction energy in the mix              :        -1.54658 kcal/mol
 VdW interaction energy in the mix                 :       -13.94871 kcal/mol
 Gas liquid transition energy in the mix (H_glt)   :         8.25184 kcal/mol
 Normalized weight factor of molecule in compound  :         0.02879
 Normalized weight factor of molecule in gas phase :         0.01137

 Compound: 3 Conformer: 3 (lacticacid_c2)
 Chemical potential of the molecule in the mixture :         3.84556 kcal/mol
 Log10(partial pressure [mbar])                    :  9.81963380E-03
 Free energy of molecule in mix (E_COSMO+dE+Mu)    :   -215743.76090 kcal/mol
 Total mean interaction energy in the mix          :        -5.61317 kcal/mol
 Misfit interaction energy in the mix              :         2.36802 kcal/mol
 H-Bond interaction energy in the mix              :        -2.21316 kcal/mol
 VdW interaction energy in the mix                 :       -14.01987 kcal/mol
 Gas liquid transition energy in the mix (H_glt)   :         8.25184 kcal/mol
 Normalized weight factor of molecule in compound  :         0.71116
 Normalized weight factor of molecule in gas phase :         0.93300

 Compound: 3 Conformer: 4 (lacticacid_c3)
 Chemical potential of the molecule in the mixture :         3.72716 kcal/mol
 Log10(partial pressure [mbar])                    :        -1.10945
 Free energy of molecule in mix (E_COSMO+dE+Mu)    :   -215742.45827 kcal/mol
 Total mean interaction energy in the mix          :        -6.15129 kcal/mol
 Misfit interaction energy in the mix              :         2.72521 kcal/mol
 H-Bond interaction energy in the mix              :        -3.12433 kcal/mol
 VdW interaction energy in the mix                 :       -14.00401 kcal/mol
 Gas liquid transition energy in the mix (H_glt)   :         8.25184 kcal/mol
 Normalized weight factor of molecule in compound  :         0.08767
 Normalized weight factor of molecule in gas phase :         0.02822

 Compound: 3 Conformer: 5 (lacticacid_c4)
 Chemical potential of the molecule in the mixture :         4.32106 kcal/mol
 Log10(partial pressure [mbar])                    :        -2.25572
 Free energy of molecule in mix (E_COSMO+dE+Mu)    :   -215741.77777 kcal/mol
 Total mean interaction energy in the mix          :        -5.96418 kcal/mol
 Misfit interaction energy in the mix              :         3.33838 kcal/mol
 H-Bond interaction energy in the mix              :        -3.50732 kcal/mol
 VdW interaction energy in the mix                 :       -14.04708 kcal/mol
 Gas liquid transition energy in the mix (H_glt)   :         8.25184 kcal/mol
 Normalized weight factor of molecule in compound  :         0.02937
 Normalized weight factor of molecule in gas phase :         0.00067

 Compound: 3 Conformer: 6 (lacticacid_c5)
 Chemical potential of the molecule in the mixture :         3.70459 kcal/mol
 Log10(partial pressure [mbar])                    :        -1.15486
 Free energy of molecule in mix (E_COSMO+dE+Mu)    :   -215742.33088 kcal/mol
 Total mean interaction energy in the mix          :        -6.19848 kcal/mol
 Misfit interaction energy in the mix              :         2.71567 kcal/mol
 H-Bond interaction energy in the mix              :        -3.13668 kcal/mol
 VdW interaction energy in the mix                 :       -14.02931 kcal/mol
 Gas liquid transition energy in the mix (H_glt)   :         8.25184 kcal/mol
 Normalized weight factor of molecule in compound  :         0.07144
 Normalized weight factor of molecule in gas phase :         0.02069




 Results for mixture 11 - LIQ_EX Phase 1 Iteration    5
 ----------------------
 Temperature          :    313.150 K
 Compound Nr.         :         1         2         3
 Compound             :       h2o 4-nonanon lacticaci
 Mole Fraction        :    0.9993    0.0000    0.0006

 Compound: 1  (h2o)
 Chemical potential of the compound in the mixture :         3.46911 kcal/mol
 Log10(partial pressure [mbar])                    :         1.52861
 Free energy of molecule in mix (E_COSMO+dE+Mu)    :    -47989.78416 kcal/mol
 Total mean interaction energy in the mix (H_int)  :        -5.54377 kcal/mol
 Misfit interaction energy in the mix (H_MF)       :         0.59161 kcal/mol
 H-Bond interaction energy in the mix (H_HB)       :        -4.72893 kcal/mol
 VdW interaction energy in the mix (H_vdW)         :        -4.33850 kcal/mol
 Gas liquid transition energy in the mix (H_glt)   :         2.93205 kcal/mol

 Compound: 2  (4-nonanone)
 Chemical potential of the compound in the mixture :         6.95538 kcal/mol
 Log10(partial pressure [mbar])                    :         4.66899
 Free energy of molecule in mix (E_COSMO+dE+Mu)    :   -269350.97929 kcal/mol
 Total mean interaction energy in the mix (H_int)  :        -8.23147 kcal/mol
 Misfit interaction energy in the mix (H_MF)       :         3.61860 kcal/mol
 H-Bond interaction energy in the mix (H_HB)       :        -2.11204 kcal/mol
 VdW interaction energy in the mix (H_vdW)         :       -24.72360 kcal/mol
 Gas liquid transition energy in the mix (H_glt)   :        14.86330 kcal/mol

 Compound: 3  (lacticacid)
 Chemical potential of the compound in the mixture :         4.46788 kcal/mol
 Log10(partial pressure [mbar])                    :        -0.78414
 Free energy of molecule in mix (E_COSMO+dE+Mu)    :   -215744.21226 kcal/mol
 Total mean interaction energy in the mix (H_int)  :        -7.87365 kcal/mol
 Misfit interaction energy in the mix (H_MF)       :         1.98322 kcal/mol
 H-Bond interaction energy in the mix (H_HB)       :        -7.04233 kcal/mol
 VdW interaction energy in the mix (H_vdW)         :       -13.27960 kcal/mol
 Gas liquid transition energy in the mix (H_glt)   :         8.25184 kcal/mol



 Compound: 1 Conformer: 1 (h2o_c0)
 Chemical potential of the molecule in the mixture :         3.46911 kcal/mol
 Log10(partial pressure [mbar])                    :         1.52861
 Free energy of molecule in mix (E_COSMO+dE+Mu)    :    -47989.78416 kcal/mol
 Total mean interaction energy in the mix          :        -5.54377 kcal/mol
 Misfit interaction energy in the mix              :         0.59161 kcal/mol
 H-Bond interaction energy in the mix              :        -4.72893 kcal/mol
 VdW interaction energy in the mix                 :        -4.33850 kcal/mol
 Gas liquid transition energy in the mix (H_glt)   :         2.93205 kcal/mol
 Normalized weight factor of molecule in compound  :         1.00000
 Normalized weight factor of molecule in gas phase :         1.00000

 Compound: 2 Conformer: 1 (4-nonanone_c0)
 Chemical potential of the molecule in the mixture :         7.84298 kcal/mol
 Log10(partial pressure [mbar])                    :         4.58420
 Free energy of molecule in mix (E_COSMO+dE+Mu)    :   -269350.06595 kcal/mol
 Total mean interaction energy in the mix          :        -8.32939 kcal/mol
 Misfit interaction energy in the mix              :         3.66356 kcal/mol
 H-Bond interaction energy in the mix              :        -1.98903 kcal/mol
 VdW interaction energy in the mix                 :       -24.86722 kcal/mol
 Gas liquid transition energy in the mix (H_glt)   :        14.86330 kcal/mol
 Normalized weight factor of molecule in compound  :         0.23045
 Normalized weight factor of molecule in gas phase :         0.18958

 Compound: 2 Conformer: 2 (4-nonanone_c1)
 Chemical potential of the molecule in the mixture :         7.71941 kcal/mol
 Log10(partial pressure [mbar])                    :         4.36356
 Free energy of molecule in mix (E_COSMO+dE+Mu)    :   -269350.02130 kcal/mol
 Total mean interaction energy in the mix          :        -8.52723 kcal/mol
 Misfit interaction energy in the mix              :         3.62784 kcal/mol
 H-Bond interaction energy in the mix              :        -2.28261 kcal/mol
 VdW interaction energy in the mix                 :       -24.73576 kcal/mol
 Gas liquid transition energy in the mix (H_glt)   :        14.86330 kcal/mol
 Normalized weight factor of molecule in compound  :         0.21450
 Normalized weight factor of molecule in gas phase :         0.10617

 Compound: 2 Conformer: 3 (4-nonanone_c2)
 Chemical potential of the molecule in the mixture :         8.08420 kcal/mol
 Log10(partial pressure [mbar])                    :         4.98386
 Free energy of molecule in mix (E_COSMO+dE+Mu)    :   -269349.85047 kcal/mol
 Total mean interaction energy in the mix          :        -8.05230 kcal/mol
 Misfit interaction energy in the mix              :         3.55815 kcal/mol
 H-Bond interaction energy in the mix              :        -1.90164 kcal/mol
 VdW interaction energy in the mix                 :       -24.57211 kcal/mol
 Gas liquid transition energy in the mix (H_glt)   :        14.86330 kcal/mol
 Normalized weight factor of molecule in compound  :         0.16301
 Normalized weight factor of molecule in gas phase :         0.33080

 Compound: 2 Conformer: 4 (4-nonanone_c3)
 Chemical potential of the molecule in the mixture :         8.01691 kcal/mol
 Log10(partial pressure [mbar])                    :         4.91790
 Free energy of molecule in mix (E_COSMO+dE+Mu)    :   -269349.84181 kcal/mol
 Total mean interaction energy in the mix          :        -8.07103 kcal/mol
 Misfit interaction energy in the mix              :         3.59971 kcal/mol
 H-Bond interaction energy in the mix              :        -1.91784 kcal/mol
 VdW interaction energy in the mix                 :       -24.61620 kcal/mol
 Gas liquid transition energy in the mix (H_glt)   :        14.86330 kcal/mol
 Normalized weight factor of molecule in compound  :         0.16075
 Normalized weight factor of molecule in gas phase :         0.28143

 Compound: 2 Conformer: 5 (4-nonanone_c4)
 Chemical potential of the molecule in the mixture :         7.59614 kcal/mol
 Log10(partial pressure [mbar])                    :         4.26870
 Free energy of molecule in mix (E_COSMO+dE+Mu)    :   -269350.06821 kcal/mol
 Total mean interaction energy in the mix          :        -8.62602 kcal/mol
 Misfit interaction energy in the mix              :         3.62097 kcal/mol
 H-Bond interaction energy in the mix              :        -2.35967 kcal/mol
 VdW interaction energy in the mix                 :       -24.75063 kcal/mol
 Gas liquid transition energy in the mix (H_glt)   :        14.86330 kcal/mol
 Normalized weight factor of molecule in compound  :         0.23129
 Normalized weight factor of molecule in gas phase :         0.09202

 Compound: 3 Conformer: 1 (lacticacid_c0)
 Chemical potential of the molecule in the mixture :         6.41953 kcal/mol
 Log10(partial pressure [mbar])                    :        -0.56008
 Free energy of molecule in mix (E_COSMO+dE+Mu)    :   -215742.26061 kcal/mol
 Total mean interaction energy in the mix          :        -7.35957 kcal/mol
 Misfit interaction energy in the mix              :         2.01780 kcal/mol
 H-Bond interaction energy in the mix              :        -4.40085 kcal/mol
 VdW interaction energy in the mix                 :       -13.22836 kcal/mol
 Gas liquid transition energy in the mix (H_glt)   :         8.25184 kcal/mol
 Normalized weight factor of molecule in compound  :         0.04345
 Normalized weight factor of molecule in gas phase :         0.00603

 Compound: 3 Conformer: 2 (lacticacid_c1)
 Chemical potential of the molecule in the mixture :         6.54074 kcal/mol
 Log10(partial pressure [mbar])                    :        -0.08510
 Free energy of molecule in mix (E_COSMO+dE+Mu)    :   -215741.95791 kcal/mol
 Total mean interaction energy in the mix          :        -6.92243 kcal/mol
 Misfit interaction energy in the mix              :         2.12797 kcal/mol
 H-Bond interaction energy in the mix              :        -4.09688 kcal/mol
 VdW interaction energy in the mix                 :       -13.20536 kcal/mol
 Gas liquid transition energy in the mix (H_glt)   :         8.25184 kcal/mol
 Normalized weight factor of molecule in compound  :         0.02671
 Normalized weight factor of molecule in gas phase :         0.01137

 Compound: 3 Conformer: 3 (lacticacid_c2)
 Chemical potential of the molecule in the mixture :         4.70086 kcal/mol
 Log10(partial pressure [mbar])                    :         0.60672
 Free energy of molecule in mix (E_COSMO+dE+Mu)    :   -215742.90561 kcal/mol
 Total mean interaction energy in the mix          :        -8.02434 kcal/mol
 Misfit interaction energy in the mix              :         2.06111 kcal/mol
 H-Bond interaction energy in the mix              :        -5.04683 kcal/mol
 VdW interaction energy in the mix                 :       -13.29046 kcal/mol
 Gas liquid transition energy in the mix (H_glt)   :         8.25184 kcal/mol
 Normalized weight factor of molecule in compound  :         0.12249
 Normalized weight factor of molecule in gas phase :         0.93300

 Compound: 3 Conformer: 4 (lacticacid_c3)
 Chemical potential of the molecule in the mixture :         2.94047 kcal/mol
 Log10(partial pressure [mbar])                    :        -1.65848
 Free energy of molecule in mix (E_COSMO+dE+Mu)    :   -215743.24496 kcal/mol
 Total mean interaction energy in the mix          :       -10.14123 kcal/mol
 Misfit interaction energy in the mix              :         1.98125 kcal/mol
 H-Bond interaction energy in the mix              :        -7.10694 kcal/mol
 VdW interaction energy in the mix                 :       -13.26738 kcal/mol
 Gas liquid transition energy in the mix (H_glt)   :         8.25184 kcal/mol
 Normalized weight factor of molecule in compound  :         0.21131
 Normalized weight factor of molecule in gas phase :         0.02822

 Compound: 3 Conformer: 5 (lacticacid_c4)
 Chemical potential of the molecule in the mixture :         2.42579 kcal/mol
 Log10(partial pressure [mbar])                    :        -3.57842
 Free energy of molecule in mix (E_COSMO+dE+Mu)    :   -215743.67304 kcal/mol
 Total mean interaction energy in the mix          :       -11.08923 kcal/mol
 Misfit interaction energy in the mix              :         1.95973 kcal/mol
 H-Bond interaction energy in the mix              :        -8.01213 kcal/mol
 VdW interaction energy in the mix                 :       -13.28866 kcal/mol
 Gas liquid transition energy in the mix (H_glt)   :         8.25184 kcal/mol
 Normalized weight factor of molecule in compound  :         0.42042
 Normalized weight factor of molecule in gas phase :         0.00067

 Compound: 3 Conformer: 6 (lacticacid_c5)
 Chemical potential of the molecule in the mixture :         2.90565 kcal/mol
 Log10(partial pressure [mbar])                    :        -1.71243
 Free energy of molecule in mix (E_COSMO+dE+Mu)    :   -215743.12982 kcal/mol
 Total mean interaction energy in the mix          :       -10.21643 kcal/mol
 Misfit interaction energy in the mix              :         1.95695 kcal/mol
 H-Bond interaction energy in the mix              :        -7.13625 kcal/mol
 VdW interaction energy in the mix                 :       -13.28897 kcal/mol
 Gas liquid transition energy in the mix (H_glt)   :         8.25184 kcal/mol
 Normalized weight factor of molecule in compound  :         0.17562
 Normalized weight factor of molecule in gas phase :         0.02069




 Results for mixture 12 - LIQ_EX Phase 2 Iteration    5
 ----------------------
 Temperature          :    313.150 K
 Compound Nr.         :         1         2         3
 Compound             :       h2o 4-nonanon lacticaci
 Mole Fraction        :    0.0401    0.9595    0.0004

 Compound: 1  (h2o)
 Chemical potential of the compound in the mixture :         5.46363 kcal/mol
 Log10(partial pressure [mbar])                    :         2.92057
 Free energy of molecule in mix (E_COSMO+dE+Mu)    :    -47987.78964 kcal/mol
 Total mean interaction energy in the mix (H_int)  :        -2.45744 kcal/mol
 Misfit interaction energy in the mix (H_MF)       :         1.63185 kcal/mol
 H-Bond interaction energy in the mix (H_HB)       :        -2.42256 kcal/mol
 VdW interaction energy in the mix (H_vdW)         :        -4.59878 kcal/mol
 Gas liquid transition energy in the mix (H_glt)   :         2.93205 kcal/mol
 Equilibrium constant Kx(1,2)                      :        24.65837
 Equilibrium concentration x_k(1,2)                :         0.96103

 Compound: 2  (4-nonanone)
 Chemical potential of the compound in the mixture :         0.78104 kcal/mol
 Log10(partial pressure [mbar])                    :         0.35996
 Free energy of molecule in mix (E_COSMO+dE+Mu)    :   -269357.15363 kcal/mol
 Total mean interaction energy in the mix (H_int)  :        -7.19485 kcal/mol
 Misfit interaction energy in the mix (H_MF)       :         3.61465 kcal/mol
 H-Bond interaction energy in the mix (H_HB)       :        -0.08606 kcal/mol
 VdW interaction energy in the mix (H_vdW)         :       -25.67111 kcal/mol
 Gas liquid transition energy in the mix (H_glt)   :        14.86330 kcal/mol
 Equilibrium constant Kx(1,2)                      :  4.90870245E-05
 Equilibrium concentration x_k(1,2)                :         0.00005

 Compound: 3  (lacticacid)
 Chemical potential of the compound in the mixture :         4.70253 kcal/mol
 Log10(partial pressure [mbar])                    :        -0.62038
 Free energy of molecule in mix (E_COSMO+dE+Mu)    :   -215743.97761 kcal/mol
 Total mean interaction energy in the mix (H_int)  :        -4.33805 kcal/mol
 Misfit interaction energy in the mix (H_MF)       :         2.52933 kcal/mol
 H-Bond interaction energy in the mix (H_HB)       :        -2.35805 kcal/mol
 VdW interaction energy in the mix (H_vdW)         :       -14.01452 kcal/mol
 Gas liquid transition energy in the mix (H_glt)   :         8.25184 kcal/mol
 Equilibrium constant Kx(1,2)                      :         1.45800
 Equilibrium concentration x_k(1,2)                :         0.59316



 Compound: 1 Conformer: 1 (h2o_c0)
 Chemical potential of the molecule in the mixture :         5.46363 kcal/mol
 Log10(partial pressure [mbar])                    :         2.92057
 Free energy of molecule in mix (E_COSMO+dE+Mu)    :    -47987.78964 kcal/mol
 Total mean interaction energy in the mix          :        -2.45744 kcal/mol
 Misfit interaction energy in the mix              :         1.63185 kcal/mol
 H-Bond interaction energy in the mix              :        -2.42256 kcal/mol
 VdW interaction energy in the mix                 :        -4.59878 kcal/mol
 Gas liquid transition energy in the mix (H_glt)   :         2.93205 kcal/mol
 Normalized weight factor of molecule in compound  :         1.00000
 Normalized weight factor of molecule in gas phase :         1.00000

 Compound: 2 Conformer: 1 (4-nonanone_c0)
 Chemical potential of the molecule in the mixture :         1.53816 kcal/mol
 Log10(partial pressure [mbar])                    :         0.18411
 Free energy of molecule in mix (E_COSMO+dE+Mu)    :   -269356.37077 kcal/mol
 Total mean interaction energy in the mix          :        -7.39930 kcal/mol
 Misfit interaction energy in the mix              :         3.64285 kcal/mol
 H-Bond interaction energy in the mix              :        -0.06913 kcal/mol
 VdW interaction energy in the mix                 :       -25.83633 kcal/mol
 Gas liquid transition energy in the mix (H_glt)   :        14.86330 kcal/mol
 Normalized weight factor of molecule in compound  :         0.28422
 Normalized weight factor of molecule in gas phase :         0.18958

 Compound: 2 Conformer: 2 (4-nonanone_c1)
 Chemical potential of the molecule in the mixture :         1.83325 kcal/mol
 Log10(partial pressure [mbar])                    :         0.25564
 Free energy of molecule in mix (E_COSMO+dE+Mu)    :   -269355.90746 kcal/mol
 Total mean interaction energy in the mix          :        -7.23365 kcal/mol
 Misfit interaction energy in the mix              :         3.73657 kcal/mol
 H-Bond interaction energy in the mix              :        -0.12920 kcal/mol
 VdW interaction energy in the mix                 :       -25.70433 kcal/mol
 Gas liquid transition energy in the mix (H_glt)   :        14.86330 kcal/mol
 Normalized weight factor of molecule in compound  :         0.13499
 Normalized weight factor of molecule in gas phase :         0.10617

 Compound: 2 Conformer: 3 (4-nonanone_c2)
 Chemical potential of the molecule in the mixture :         1.69285 kcal/mol
 Log10(partial pressure [mbar])                    :         0.52338
 Free energy of molecule in mix (E_COSMO+dE+Mu)    :   -269356.24182 kcal/mol
 Total mean interaction energy in the mix          :        -7.20555 kcal/mol
 Misfit interaction energy in the mix              :         3.52063 kcal/mol
 H-Bond interaction energy in the mix              :        -0.06887 kcal/mol
 VdW interaction energy in the mix                 :       -25.52062 kcal/mol
 Gas liquid transition energy in the mix (H_glt)   :        14.86330 kcal/mol
 Normalized weight factor of molecule in compound  :         0.23102
 Normalized weight factor of molecule in gas phase :         0.33080

 Compound: 2 Conformer: 4 (4-nonanone_c3)
 Chemical potential of the molecule in the mixture :         1.63413 kcal/mol
 Log10(partial pressure [mbar])                    :         0.46339
 Free energy of molecule in mix (E_COSMO+dE+Mu)    :   -269356.22459 kcal/mol
 Total mean interaction energy in the mix          :        -7.23150 kcal/mol
 Misfit interaction energy in the mix              :         3.53782 kcal/mol
 H-Bond interaction energy in the mix              :        -0.06407 kcal/mol
 VdW interaction energy in the mix                 :       -25.56856 kcal/mol
 Gas liquid transition energy in the mix (H_glt)   :        14.86330 kcal/mol
 Normalized weight factor of molecule in compound  :         0.22471
 Normalized weight factor of molecule in gas phase :         0.28143

 Compound: 2 Conformer: 5 (4-nonanone_c4)
 Chemical potential of the molecule in the mixture :         1.80446 kcal/mol
 Log10(partial pressure [mbar])                    :         0.22672
 Free energy of molecule in mix (E_COSMO+dE+Mu)    :   -269355.85989 kcal/mol
 Total mean interaction energy in the mix          :        -7.27735 kcal/mol
 Misfit interaction energy in the mix              :         3.73065 kcal/mol
 H-Bond interaction energy in the mix              :        -0.14924 kcal/mol
 VdW interaction energy in the mix                 :       -25.72206 kcal/mol
 Gas liquid transition energy in the mix (H_glt)   :        14.86330 kcal/mol
 Normalized weight factor of molecule in compound  :         0.12506
 Normalized weight factor of molecule in gas phase :         0.09202

 Compound: 3 Conformer: 1 (lacticacid_c0)
 Chemical potential of the molecule in the mixture :         6.34400 kcal/mol
 Log10(partial pressure [mbar])                    :        -0.61280
 Free energy of molecule in mix (E_COSMO+dE+Mu)    :   -215742.33614 kcal/mol
 Total mean interaction energy in the mix          :        -4.43364 kcal/mol
 Misfit interaction energy in the mix              :         3.17142 kcal/mol
 H-Bond interaction energy in the mix              :        -1.87947 kcal/mol
 VdW interaction energy in the mix                 :       -13.97744 kcal/mol
 Gas liquid transition energy in the mix (H_glt)   :         8.25184 kcal/mol
 Normalized weight factor of molecule in compound  :         0.07152
 Normalized weight factor of molecule in gas phase :         0.00603

 Compound: 3 Conformer: 2 (lacticacid_c1)
 Chemical potential of the molecule in the mixture :         6.72841 kcal/mol
 Log10(partial pressure [mbar])                    :         0.04587
 Free energy of molecule in mix (E_COSMO+dE+Mu)    :   -215741.77024 kcal/mol
 Total mean interaction energy in the mix          :        -4.12146 kcal/mol
 Misfit interaction energy in the mix              :         3.12512 kcal/mol
 H-Bond interaction energy in the mix              :        -1.55013 kcal/mol
 VdW interaction energy in the mix                 :       -13.94830 kcal/mol
 Gas liquid transition energy in the mix (H_glt)   :         8.25184 kcal/mol
 Normalized weight factor of molecule in compound  :         0.02881
 Normalized weight factor of molecule in gas phase :         0.01137

 Compound: 3 Conformer: 3 (lacticacid_c2)
 Chemical potential of the molecule in the mixture :         3.84156 kcal/mol
 Log10(partial pressure [mbar])                    :  7.02817816E-03
 Free energy of molecule in mix (E_COSMO+dE+Mu)    :   -215743.76490 kcal/mol
 Total mean interaction energy in the mix          :        -5.61892 kcal/mol
 Misfit interaction energy in the mix              :         2.36503 kcal/mol
 H-Bond interaction energy in the mix              :        -2.21626 kcal/mol
 VdW interaction energy in the mix                 :       -14.01953 kcal/mol
 Gas liquid transition energy in the mix (H_glt)   :         8.25184 kcal/mol
 Normalized weight factor of molecule in compound  :         0.71048
 Normalized weight factor of molecule in gas phase :         0.93300

 Compound: 3 Conformer: 4 (lacticacid_c3)
 Chemical potential of the molecule in the mixture :         3.72062 kcal/mol
 Log10(partial pressure [mbar])                    :        -1.11402
 Free energy of molecule in mix (E_COSMO+dE+Mu)    :   -215742.46481 kcal/mol
 Total mean interaction energy in the mix          :        -6.16031 kcal/mol
 Misfit interaction energy in the mix              :         2.72115 kcal/mol
 H-Bond interaction energy in the mix              :        -3.12977 kcal/mol
 VdW interaction energy in the mix                 :       -14.00353 kcal/mol
 Gas liquid transition energy in the mix (H_glt)   :         8.25184 kcal/mol
 Normalized weight factor of molecule in compound  :         0.08795
 Normalized weight factor of molecule in gas phase :         0.02822

 Compound: 3 Conformer: 5 (lacticacid_c4)
 Chemical potential of the molecule in the mixture :         4.31218 kcal/mol
 Log10(partial pressure [mbar])                    :        -2.26192
 Free energy of molecule in mix (E_COSMO+dE+Mu)    :   -215741.78665 kcal/mol
 Total mean interaction energy in the mix          :        -5.97694 kcal/mol
 Misfit interaction energy in the mix              :         3.33166 kcal/mol
 H-Bond interaction energy in the mix              :        -3.51387 kcal/mol
 VdW interaction energy in the mix                 :       -14.04657 kcal/mol
 Gas liquid transition energy in the mix (H_glt)   :         8.25184 kcal/mol
 Normalized weight factor of molecule in compound  :         0.02958
 Normalized weight factor of molecule in gas phase :         0.00067

 Compound: 3 Conformer: 6 (lacticacid_c5)
 Chemical potential of the molecule in the mixture :         3.69799 kcal/mol
 Log10(partial pressure [mbar])                    :        -1.15946
 Free energy of molecule in mix (E_COSMO+dE+Mu)    :   -215742.33747 kcal/mol
 Total mean interaction energy in the mix          :        -6.20748 kcal/mol
 Misfit interaction energy in the mix              :         2.71142 kcal/mol
 H-Bond interaction energy in the mix              :        -3.14191 kcal/mol
 VdW interaction energy in the mix                 :       -14.02883 kcal/mol
 Gas liquid transition energy in the mix (H_glt)   :         8.25184 kcal/mol
 Normalized weight factor of molecule in compound  :         0.07167
 Normalized weight factor of molecule in gas phase :         0.02069




 Results for mixture 13 - LIQ_EX Phase 1 Iteration    6
 ----------------------
 Temperature          :    313.150 K
 Compound Nr.         :         1         2         3
 Compound             :       h2o 4-nonanon lacticaci
 Mole Fraction        :    0.9993    0.0000    0.0006

 Compound: 1  (h2o)
 Chemical potential of the compound in the mixture :         3.46911 kcal/mol
 Log10(partial pressure [mbar])                    :         1.52861
 Free energy of molecule in mix (E_COSMO+dE+Mu)    :    -47989.78416 kcal/mol
 Total mean interaction energy in the mix (H_int)  :        -5.54376 kcal/mol
 Misfit interaction energy in the mix (H_MF)       :         0.59161 kcal/mol
 H-Bond interaction energy in the mix (H_HB)       :        -4.72893 kcal/mol
 VdW interaction energy in the mix (H_vdW)         :        -4.33850 kcal/mol
 Gas liquid transition energy in the mix (H_glt)   :         2.93205 kcal/mol

 Compound: 2  (4-nonanone)
 Chemical potential of the compound in the mixture :         6.95542 kcal/mol
 Log10(partial pressure [mbar])                    :         4.66902
 Free energy of molecule in mix (E_COSMO+dE+Mu)    :   -269350.97925 kcal/mol
 Total mean interaction energy in the mix (H_int)  :        -8.23147 kcal/mol
 Misfit interaction energy in the mix (H_MF)       :         3.61859 kcal/mol
 H-Bond interaction energy in the mix (H_HB)       :        -2.11204 kcal/mol
 VdW interaction energy in the mix (H_vdW)         :       -24.72359 kcal/mol
 Gas liquid transition energy in the mix (H_glt)   :        14.86330 kcal/mol

 Compound: 3  (lacticacid)
 Chemical potential of the compound in the mixture :         4.46789 kcal/mol
 Log10(partial pressure [mbar])                    :        -0.78413
 Free energy of molecule in mix (E_COSMO+dE+Mu)    :   -215744.21225 kcal/mol
 Total mean interaction energy in the mix (H_int)  :        -7.87365 kcal/mol
 Misfit interaction energy in the mix (H_MF)       :         1.98322 kcal/mol
 H-Bond interaction energy in the mix (H_HB)       :        -7.04234 kcal/mol
 VdW interaction energy in the mix (H_vdW)         :       -13.27959 kcal/mol
 Gas liquid transition energy in the mix (H_glt)   :         8.25184 kcal/mol



 Compound: 1 Conformer: 1 (h2o_c0)
 Chemical potential of the molecule in the mixture :         3.46911 kcal/mol
 Log10(partial pressure [mbar])                    :         1.52861
 Free energy of molecule in mix (E_COSMO+dE+Mu)    :    -47989.78416 kcal/mol
 Total mean interaction energy in the mix          :        -5.54376 kcal/mol
 Misfit interaction energy in the mix              :         0.59161 kcal/mol
 H-Bond interaction energy in the mix              :        -4.72893 kcal/mol
 VdW interaction energy in the mix                 :        -4.33850 kcal/mol
 Gas liquid transition energy in the mix (H_glt)   :         2.93205 kcal/mol
 Normalized weight factor of molecule in compound  :         1.00000
 Normalized weight factor of molecule in gas phase :         1.00000

 Compound: 2 Conformer: 1 (4-nonanone_c0)
 Chemical potential of the molecule in the mixture :         7.84302 kcal/mol
 Log10(partial pressure [mbar])                    :         4.58423
 Free energy of molecule in mix (E_COSMO+dE+Mu)    :   -269350.06591 kcal/mol
 Total mean interaction energy in the mix          :        -8.32940 kcal/mol
 Misfit interaction energy in the mix              :         3.66354 kcal/mol
 H-Bond interaction energy in the mix              :        -1.98903 kcal/mol
 VdW interaction energy in the mix                 :       -24.86721 kcal/mol
 Gas liquid transition energy in the mix (H_glt)   :        14.86330 kcal/mol
 Normalized weight factor of molecule in compound  :         0.23045
 Normalized weight factor of molecule in gas phase :         0.18958

 Compound: 2 Conformer: 2 (4-nonanone_c1)
 Chemical potential of the molecule in the mixture :         7.71945 kcal/mol
 Log10(partial pressure [mbar])                    :         4.36359
 Free energy of molecule in mix (E_COSMO+dE+Mu)    :   -269350.02126 kcal/mol
 Total mean interaction energy in the mix          :        -8.52723 kcal/mol
 Misfit interaction energy in the mix              :         3.62783 kcal/mol
 H-Bond interaction energy in the mix              :        -2.28261 kcal/mol
 VdW interaction energy in the mix                 :       -24.73575 kcal/mol
 Gas liquid transition energy in the mix (H_glt)   :        14.86330 kcal/mol
 Normalized weight factor of molecule in compound  :         0.21450
 Normalized weight factor of molecule in gas phase :         0.10617

 Compound: 2 Conformer: 3 (4-nonanone_c2)
 Chemical potential of the molecule in the mixture :         8.08424 kcal/mol
 Log10(partial pressure [mbar])                    :         4.98389
 Free energy of molecule in mix (E_COSMO+dE+Mu)    :   -269349.85043 kcal/mol
 Total mean interaction energy in the mix          :        -8.05230 kcal/mol
 Misfit interaction energy in the mix              :         3.55813 kcal/mol
 H-Bond interaction energy in the mix              :        -1.90164 kcal/mol
 VdW interaction energy in the mix                 :       -24.57210 kcal/mol
 Gas liquid transition energy in the mix (H_glt)   :        14.86330 kcal/mol
 Normalized weight factor of molecule in compound  :         0.16301
 Normalized weight factor of molecule in gas phase :         0.33080

 Compound: 2 Conformer: 4 (4-nonanone_c3)
 Chemical potential of the molecule in the mixture :         8.01695 kcal/mol
 Log10(partial pressure [mbar])                    :         4.91793
 Free energy of molecule in mix (E_COSMO+dE+Mu)    :   -269349.84177 kcal/mol
 Total mean interaction energy in the mix          :        -8.07103 kcal/mol
 Misfit interaction energy in the mix              :         3.59970 kcal/mol
 H-Bond interaction energy in the mix              :        -1.91784 kcal/mol
 VdW interaction energy in the mix                 :       -24.61619 kcal/mol
 Gas liquid transition energy in the mix (H_glt)   :        14.86330 kcal/mol
 Normalized weight factor of molecule in compound  :         0.16075
 Normalized weight factor of molecule in gas phase :         0.28143

 Compound: 2 Conformer: 5 (4-nonanone_c4)
 Chemical potential of the molecule in the mixture :         7.59618 kcal/mol
 Log10(partial pressure [mbar])                    :         4.26873
 Free energy of molecule in mix (E_COSMO+dE+Mu)    :   -269350.06817 kcal/mol
 Total mean interaction energy in the mix          :        -8.62602 kcal/mol
 Misfit interaction energy in the mix              :         3.62096 kcal/mol
 H-Bond interaction energy in the mix              :        -2.35967 kcal/mol
 VdW interaction energy in the mix                 :       -24.75061 kcal/mol
 Gas liquid transition energy in the mix (H_glt)   :        14.86330 kcal/mol
 Normalized weight factor of molecule in compound  :         0.23129
 Normalized weight factor of molecule in gas phase :         0.09202

 Compound: 3 Conformer: 1 (lacticacid_c0)
 Chemical potential of the molecule in the mixture :         6.41954 kcal/mol
 Log10(partial pressure [mbar])                    :        -0.56008
 Free energy of molecule in mix (E_COSMO+dE+Mu)    :   -215742.26061 kcal/mol
 Total mean interaction energy in the mix          :        -7.35958 kcal/mol
 Misfit interaction energy in the mix              :         2.01779 kcal/mol
 H-Bond interaction energy in the mix              :        -4.40086 kcal/mol
 VdW interaction energy in the mix                 :       -13.22835 kcal/mol
 Gas liquid transition energy in the mix (H_glt)   :         8.25184 kcal/mol
 Normalized weight factor of molecule in compound  :         0.04345
 Normalized weight factor of molecule in gas phase :         0.00603

 Compound: 3 Conformer: 2 (lacticacid_c1)
 Chemical potential of the molecule in the mixture :         6.54075 kcal/mol
 Log10(partial pressure [mbar])                    :        -0.08509
 Free energy of molecule in mix (E_COSMO+dE+Mu)    :   -215741.95790 kcal/mol
 Total mean interaction energy in the mix          :        -6.92243 kcal/mol
 Misfit interaction energy in the mix              :         2.12796 kcal/mol
 H-Bond interaction energy in the mix              :        -4.09688 kcal/mol
 VdW interaction energy in the mix                 :       -13.20535 kcal/mol
 Gas liquid transition energy in the mix (H_glt)   :         8.25184 kcal/mol
 Normalized weight factor of molecule in compound  :         0.02671
 Normalized weight factor of molecule in gas phase :         0.01137

 Compound: 3 Conformer: 3 (lacticacid_c2)
 Chemical potential of the molecule in the mixture :         4.70087 kcal/mol
 Log10(partial pressure [mbar])                    :         0.60673
 Free energy of molecule in mix (E_COSMO+dE+Mu)    :   -215742.90560 kcal/mol
 Total mean interaction energy in the mix          :        -8.02435 kcal/mol
 Misfit interaction energy in the mix              :         2.06110 kcal/mol
 H-Bond interaction energy in the mix              :        -5.04684 kcal/mol
 VdW interaction energy in the mix                 :       -13.29046 kcal/mol
 Gas liquid transition energy in the mix (H_glt)   :         8.25184 kcal/mol
 Normalized weight factor of molecule in compound  :         0.12249
 Normalized weight factor of molecule in gas phase :         0.93300

 Compound: 3 Conformer: 4 (lacticacid_c3)
 Chemical potential of the molecule in the mixture :         2.94048 kcal/mol
 Log10(partial pressure [mbar])                    :        -1.65848
 Free energy of molecule in mix (E_COSMO+dE+Mu)    :   -215743.24495 kcal/mol
 Total mean interaction energy in the mix          :       -10.14124 kcal/mol
 Misfit interaction energy in the mix              :         1.98124 kcal/mol
 H-Bond interaction energy in the mix              :        -7.10695 kcal/mol
 VdW interaction energy in the mix                 :       -13.26738 kcal/mol
 Gas liquid transition energy in the mix (H_glt)   :         8.25184 kcal/mol
 Normalized weight factor of molecule in compound  :         0.21131
 Normalized weight factor of molecule in gas phase :         0.02822

 Compound: 3 Conformer: 5 (lacticacid_c4)
 Chemical potential of the molecule in the mixture :         2.42580 kcal/mol
 Log10(partial pressure [mbar])                    :        -3.57841
 Free energy of molecule in mix (E_COSMO+dE+Mu)    :   -215743.67303 kcal/mol
 Total mean interaction energy in the mix          :       -11.08923 kcal/mol
 Misfit interaction energy in the mix              :         1.95972 kcal/mol
 H-Bond interaction energy in the mix              :        -8.01214 kcal/mol
 VdW interaction energy in the mix                 :       -13.28866 kcal/mol
 Gas liquid transition energy in the mix (H_glt)   :         8.25184 kcal/mol
 Normalized weight factor of molecule in compound  :         0.42042
 Normalized weight factor of molecule in gas phase :         0.00067

 Compound: 3 Conformer: 6 (lacticacid_c5)
 Chemical potential of the molecule in the mixture :         2.90566 kcal/mol
 Log10(partial pressure [mbar])                    :        -1.71243
 Free energy of molecule in mix (E_COSMO+dE+Mu)    :   -215743.12981 kcal/mol
 Total mean interaction energy in the mix          :       -10.21644 kcal/mol
 Misfit interaction energy in the mix              :         1.95695 kcal/mol
 H-Bond interaction energy in the mix              :        -7.13626 kcal/mol
 VdW interaction energy in the mix                 :       -13.28897 kcal/mol
 Gas liquid transition energy in the mix (H_glt)   :         8.25184 kcal/mol
 Normalized weight factor of molecule in compound  :         0.17562
 Normalized weight factor of molecule in gas phase :         0.02069




 Results for mixture 14 - LIQ_EX Phase 2 Iteration    6
 ----------------------
 Temperature          :    313.150 K
 Compound Nr.         :         1         2         3
 Compound             :       h2o 4-nonanon lacticaci
 Mole Fraction        :    0.0405    0.9591    0.0004

 Compound: 1  (h2o)
 Chemical potential of the compound in the mixture :         5.46104 kcal/mol
 Log10(partial pressure [mbar])                    :         2.91876
 Free energy of molecule in mix (E_COSMO+dE+Mu)    :    -47987.79223 kcal/mol
 Total mean interaction energy in the mix (H_int)  :        -2.46143 kcal/mol
 Misfit interaction energy in the mix (H_MF)       :         1.62965 kcal/mol
 H-Bond interaction energy in the mix (H_HB)       :        -2.42445 kcal/mol
 VdW interaction energy in the mix (H_vdW)         :        -4.59868 kcal/mol
 Gas liquid transition energy in the mix (H_glt)   :         2.93205 kcal/mol
 Equilibrium constant Kx(1,2)                      :        24.55583
 Equilibrium concentration x_k(1,2)                :         0.96087

 Compound: 2  (4-nonanone)
 Chemical potential of the compound in the mixture :         0.78115 kcal/mol
 Log10(partial pressure [mbar])                    :         0.36004
 Free energy of molecule in mix (E_COSMO+dE+Mu)    :   -269357.15352 kcal/mol
 Total mean interaction energy in the mix (H_int)  :        -7.19558 kcal/mol
 Misfit interaction energy in the mix (H_MF)       :         3.61469 kcal/mol
 H-Bond interaction energy in the mix (H_HB)       :        -0.08696 kcal/mol
 VdW interaction energy in the mix (H_vdW)         :       -25.67100 kcal/mol
 Gas liquid transition energy in the mix (H_glt)   :        14.86330 kcal/mol
 Equilibrium constant Kx(1,2)                      :  4.90927702E-05
 Equilibrium concentration x_k(1,2)                :         0.00005

 Compound: 3  (lacticacid)
 Chemical potential of the compound in the mixture :         4.70052 kcal/mol
 Log10(partial pressure [mbar])                    :        -0.62178
 Free energy of molecule in mix (E_COSMO+dE+Mu)    :   -215743.97962 kcal/mol
 Total mean interaction energy in the mix (H_int)  :        -4.34058 kcal/mol
 Misfit interaction energy in the mix (H_MF)       :         2.52803 kcal/mol
 H-Bond interaction energy in the mix (H_HB)       :        -2.35991 kcal/mol
 VdW interaction energy in the mix (H_vdW)         :       -14.01436 kcal/mol
 Gas liquid transition energy in the mix (H_glt)   :         8.25184 kcal/mol
 Equilibrium constant Kx(1,2)                      :         1.45328
 Equilibrium concentration x_k(1,2)                :         0.59238



 Compound: 1 Conformer: 1 (h2o_c0)
 Chemical potential of the molecule in the mixture :         5.46104 kcal/mol
 Log10(partial pressure [mbar])                    :         2.91876
 Free energy of molecule in mix (E_COSMO+dE+Mu)    :    -47987.79223 kcal/mol
 Total mean interaction energy in the mix          :        -2.46143 kcal/mol
 Misfit interaction energy in the mix              :         1.62965 kcal/mol
 H-Bond interaction energy in the mix              :        -2.42445 kcal/mol
 VdW interaction energy in the mix                 :        -4.59868 kcal/mol
 Gas liquid transition energy in the mix (H_glt)   :         2.93205 kcal/mol
 Normalized weight factor of molecule in compound  :         1.00000
 Normalized weight factor of molecule in gas phase :         1.00000

 Compound: 2 Conformer: 1 (4-nonanone_c0)
 Chemical potential of the molecule in the mixture :         1.53832 kcal/mol
 Log10(partial pressure [mbar])                    :         0.18422
 Free energy of molecule in mix (E_COSMO+dE+Mu)    :   -269356.37061 kcal/mol
 Total mean interaction energy in the mix          :        -7.39987 kcal/mol
 Misfit interaction energy in the mix              :         3.64290 kcal/mol
 H-Bond interaction energy in the mix              :        -0.06986 kcal/mol
 VdW interaction energy in the mix                 :       -25.83621 kcal/mol
 Gas liquid transition energy in the mix (H_glt)   :        14.86330 kcal/mol
 Normalized weight factor of molecule in compound  :         0.28419
 Normalized weight factor of molecule in gas phase :         0.18958

 Compound: 2 Conformer: 2 (4-nonanone_c1)
 Chemical potential of the molecule in the mixture :         1.83323 kcal/mol
 Log10(partial pressure [mbar])                    :         0.25563
 Free energy of molecule in mix (E_COSMO+dE+Mu)    :   -269355.90748 kcal/mol
 Total mean interaction energy in the mix          :        -7.23486 kcal/mol
 Misfit interaction energy in the mix              :         3.73655 kcal/mol
 H-Bond interaction energy in the mix              :        -0.13052 kcal/mol
 VdW interaction energy in the mix                 :       -25.70420 kcal/mol
 Gas liquid transition energy in the mix (H_glt)   :        14.86330 kcal/mol
 Normalized weight factor of molecule in compound  :         0.13502
 Normalized weight factor of molecule in gas phase :         0.10617

 Compound: 2 Conformer: 3 (4-nonanone_c2)
 Chemical potential of the molecule in the mixture :         1.69302 kcal/mol
 Log10(partial pressure [mbar])                    :         0.52349
 Free energy of molecule in mix (E_COSMO+dE+Mu)    :   -269356.24165 kcal/mol
 Total mean interaction energy in the mix          :        -7.20611 kcal/mol
 Misfit interaction energy in the mix              :         3.52069 kcal/mol
 H-Bond interaction energy in the mix              :        -0.06960 kcal/mol
 VdW interaction energy in the mix                 :       -25.52050 kcal/mol
 Gas liquid transition energy in the mix (H_glt)   :        14.86330 kcal/mol
 Normalized weight factor of molecule in compound  :         0.23100
 Normalized weight factor of molecule in gas phase :         0.33080

 Compound: 2 Conformer: 4 (4-nonanone_c3)
 Chemical potential of the molecule in the mixture :         1.63431 kcal/mol
 Log10(partial pressure [mbar])                    :         0.46353
 Free energy of molecule in mix (E_COSMO+dE+Mu)    :   -269356.22440 kcal/mol
 Total mean interaction energy in the mix          :        -7.23200 kcal/mol
 Misfit interaction energy in the mix              :         3.53789 kcal/mol
 H-Bond interaction energy in the mix              :        -0.06475 kcal/mol
 VdW interaction energy in the mix                 :       -25.56844 kcal/mol
 Gas liquid transition energy in the mix (H_glt)   :        14.86330 kcal/mol
 Normalized weight factor of molecule in compound  :         0.22469
 Normalized weight factor of molecule in gas phase :         0.28143

 Compound: 2 Conformer: 5 (4-nonanone_c4)
 Chemical potential of the molecule in the mixture :         1.80437 kcal/mol
 Log10(partial pressure [mbar])                    :         0.22666
 Free energy of molecule in mix (E_COSMO+dE+Mu)    :   -269355.85998 kcal/mol
 Total mean interaction energy in the mix          :        -7.27877 kcal/mol
 Misfit interaction energy in the mix              :         3.73060 kcal/mol
 H-Bond interaction energy in the mix              :        -0.15076 kcal/mol
 VdW interaction energy in the mix                 :       -25.72192 kcal/mol
 Gas liquid transition energy in the mix (H_glt)   :        14.86330 kcal/mol
 Normalized weight factor of molecule in compound  :         0.12510
 Normalized weight factor of molecule in gas phase :         0.09202

 Compound: 3 Conformer: 1 (lacticacid_c0)
 Chemical potential of the molecule in the mixture :         6.34214 kcal/mol
 Log10(partial pressure [mbar])                    :        -0.61409
 Free energy of molecule in mix (E_COSMO+dE+Mu)    :   -215742.33800 kcal/mol
 Total mean interaction energy in the mix          :        -4.43610 kcal/mol
 Misfit interaction energy in the mix              :         3.16978 kcal/mol
 H-Bond interaction energy in the mix              :        -1.88043 kcal/mol
 VdW interaction energy in the mix                 :       -13.97729 kcal/mol
 Gas liquid transition energy in the mix (H_glt)   :         8.25184 kcal/mol
 Normalized weight factor of molecule in compound  :         0.07150
 Normalized weight factor of molecule in gas phase :         0.00603

 Compound: 3 Conformer: 2 (lacticacid_c1)
 Chemical potential of the molecule in the mixture :         6.72622 kcal/mol
 Log10(partial pressure [mbar])                    :         0.04434
 Free energy of molecule in mix (E_COSMO+dE+Mu)    :   -215741.77243 kcal/mol
 Total mean interaction energy in the mix          :        -4.12420 kcal/mol
 Misfit interaction energy in the mix              :         3.12376 kcal/mol
 H-Bond interaction energy in the mix              :        -1.55169 kcal/mol
 VdW interaction energy in the mix                 :       -13.94812 kcal/mol
 Gas liquid transition energy in the mix (H_glt)   :         8.25184 kcal/mol
 Normalized weight factor of molecule in compound  :         0.02881
 Normalized weight factor of molecule in gas phase :         0.01137

 Compound: 3 Conformer: 3 (lacticacid_c2)
 Chemical potential of the molecule in the mixture :         3.83981 kcal/mol
 Log10(partial pressure [mbar])                    :  5.80917861E-03
 Free energy of molecule in mix (E_COSMO+dE+Mu)    :   -215743.76665 kcal/mol
 Total mean interaction energy in the mix          :        -5.62144 kcal/mol
 Misfit interaction energy in the mix              :         2.36372 kcal/mol
 H-Bond interaction energy in the mix              :        -2.21763 kcal/mol
 VdW interaction energy in the mix                 :       -14.01938 kcal/mol
 Gas liquid transition energy in the mix (H_glt)   :         8.25184 kcal/mol
 Normalized weight factor of molecule in compound  :         0.71018
 Normalized weight factor of molecule in gas phase :         0.93300

 Compound: 3 Conformer: 4 (lacticacid_c3)
 Chemical potential of the molecule in the mixture :         3.71776 kcal/mol
 Log10(partial pressure [mbar])                    :        -1.11601
 Free energy of molecule in mix (E_COSMO+dE+Mu)    :   -215742.46767 kcal/mol
 Total mean interaction energy in the mix          :        -6.16426 kcal/mol
 Misfit interaction energy in the mix              :         2.71938 kcal/mol
 H-Bond interaction energy in the mix              :        -3.13217 kcal/mol
 VdW interaction energy in the mix                 :       -14.00331 kcal/mol
 Gas liquid transition energy in the mix (H_glt)   :         8.25184 kcal/mol
 Normalized weight factor of molecule in compound  :         0.08807
 Normalized weight factor of molecule in gas phase :         0.02822

 Compound: 3 Conformer: 5 (lacticacid_c4)
 Chemical potential of the molecule in the mixture :         4.30830 kcal/mol
 Log10(partial pressure [mbar])                    :        -2.26463
 Free energy of molecule in mix (E_COSMO+dE+Mu)    :   -215741.79053 kcal/mol
 Total mean interaction energy in the mix          :        -5.98253 kcal/mol
 Misfit interaction energy in the mix              :         3.32873 kcal/mol
 H-Bond interaction energy in the mix              :        -3.51676 kcal/mol
 VdW interaction energy in the mix                 :       -14.04635 kcal/mol
 Gas liquid transition energy in the mix (H_glt)   :         8.25184 kcal/mol
 Normalized weight factor of molecule in compound  :         0.02967
 Normalized weight factor of molecule in gas phase :         0.00067

 Compound: 3 Conformer: 6 (lacticacid_c5)
 Chemical potential of the molecule in the mixture :         3.69511 kcal/mol
 Log10(partial pressure [mbar])                    :        -1.16147
 Free energy of molecule in mix (E_COSMO+dE+Mu)    :   -215742.34035 kcal/mol
 Total mean interaction energy in the mix          :        -6.21142 kcal/mol
 Misfit interaction energy in the mix              :         2.70957 kcal/mol
 H-Bond interaction energy in the mix              :        -3.14421 kcal/mol
 VdW interaction energy in the mix                 :       -14.02862 kcal/mol
 Gas liquid transition energy in the mix (H_glt)   :         8.25184 kcal/mol
 Normalized weight factor of molecule in compound  :         0.07177
 Normalized weight factor of molecule in gas phase :         0.02069




 Results for mixture 15 - LIQ_EX Phase 1 Iteration    7
 ----------------------
 Temperature          :    313.150 K
 Compound Nr.         :         1         2         3
 Compound             :       h2o 4-nonanon lacticaci
 Mole Fraction        :    0.9993    0.0000    0.0006

 Compound: 1  (h2o)
 Chemical potential of the compound in the mixture :         3.46911 kcal/mol
 Log10(partial pressure [mbar])                    :         1.52861
 Free energy of molecule in mix (E_COSMO+dE+Mu)    :    -47989.78416 kcal/mol
 Total mean interaction energy in the mix (H_int)  :        -5.54376 kcal/mol
 Misfit interaction energy in the mix (H_MF)       :         0.59161 kcal/mol
 H-Bond interaction energy in the mix (H_HB)       :        -4.72893 kcal/mol
 VdW interaction energy in the mix (H_vdW)         :        -4.33850 kcal/mol
 Gas liquid transition energy in the mix (H_glt)   :         2.93205 kcal/mol

 Compound: 2  (4-nonanone)
 Chemical potential of the compound in the mixture :         6.95544 kcal/mol
 Log10(partial pressure [mbar])                    :         4.66903
 Free energy of molecule in mix (E_COSMO+dE+Mu)    :   -269350.97923 kcal/mol
 Total mean interaction energy in the mix (H_int)  :        -8.23148 kcal/mol
 Misfit interaction energy in the mix (H_MF)       :         3.61858 kcal/mol
 H-Bond interaction energy in the mix (H_HB)       :        -2.11204 kcal/mol
 VdW interaction energy in the mix (H_vdW)         :       -24.72358 kcal/mol
 Gas liquid transition energy in the mix (H_glt)   :        14.86330 kcal/mol

 Compound: 3  (lacticacid)
 Chemical potential of the compound in the mixture :         4.46789 kcal/mol
 Log10(partial pressure [mbar])                    :        -0.78413
 Free energy of molecule in mix (E_COSMO+dE+Mu)    :   -215744.21225 kcal/mol
 Total mean interaction energy in the mix (H_int)  :        -7.87366 kcal/mol
 Misfit interaction energy in the mix (H_MF)       :         1.98322 kcal/mol
 H-Bond interaction energy in the mix (H_HB)       :        -7.04235 kcal/mol
 VdW interaction energy in the mix (H_vdW)         :       -13.27959 kcal/mol
 Gas liquid transition energy in the mix (H_glt)   :         8.25184 kcal/mol



 Compound: 1 Conformer: 1 (h2o_c0)
 Chemical potential of the molecule in the mixture :         3.46911 kcal/mol
 Log10(partial pressure [mbar])                    :         1.52861
 Free energy of molecule in mix (E_COSMO+dE+Mu)    :    -47989.78416 kcal/mol
 Total mean interaction energy in the mix          :        -5.54376 kcal/mol
 Misfit interaction energy in the mix              :         0.59161 kcal/mol
 H-Bond interaction energy in the mix              :        -4.72893 kcal/mol
 VdW interaction energy in the mix                 :        -4.33850 kcal/mol
 Gas liquid transition energy in the mix (H_glt)   :         2.93205 kcal/mol
 Normalized weight factor of molecule in compound  :         1.00000
 Normalized weight factor of molecule in gas phase :         1.00000

 Compound: 2 Conformer: 1 (4-nonanone_c0)
 Chemical potential of the molecule in the mixture :         7.84304 kcal/mol
 Log10(partial pressure [mbar])                    :         4.58425
 Free energy of molecule in mix (E_COSMO+dE+Mu)    :   -269350.06589 kcal/mol
 Total mean interaction energy in the mix          :        -8.32940 kcal/mol
 Misfit interaction energy in the mix              :         3.66354 kcal/mol
 H-Bond interaction energy in the mix              :        -1.98903 kcal/mol
 VdW interaction energy in the mix                 :       -24.86721 kcal/mol
 Gas liquid transition energy in the mix (H_glt)   :        14.86330 kcal/mol
 Normalized weight factor of molecule in compound  :         0.23045
 Normalized weight factor of molecule in gas phase :         0.18958

 Compound: 2 Conformer: 2 (4-nonanone_c1)
 Chemical potential of the molecule in the mixture :         7.71947 kcal/mol
 Log10(partial pressure [mbar])                    :         4.36360
 Free energy of molecule in mix (E_COSMO+dE+Mu)    :   -269350.02124 kcal/mol
 Total mean interaction energy in the mix          :        -8.52724 kcal/mol
 Misfit interaction energy in the mix              :         3.62782 kcal/mol
 H-Bond interaction energy in the mix              :        -2.28261 kcal/mol
 VdW interaction energy in the mix                 :       -24.73575 kcal/mol
 Gas liquid transition energy in the mix (H_glt)   :        14.86330 kcal/mol
 Normalized weight factor of molecule in compound  :         0.21450
 Normalized weight factor of molecule in gas phase :         0.10617

 Compound: 2 Conformer: 3 (4-nonanone_c2)
 Chemical potential of the molecule in the mixture :         8.08426 kcal/mol
 Log10(partial pressure [mbar])                    :         4.98390
 Free energy of molecule in mix (E_COSMO+dE+Mu)    :   -269349.85041 kcal/mol
 Total mean interaction energy in the mix          :        -8.05231 kcal/mol
 Misfit interaction energy in the mix              :         3.55812 kcal/mol
 H-Bond interaction energy in the mix              :        -1.90164 kcal/mol
 VdW interaction energy in the mix                 :       -24.57209 kcal/mol
 Gas liquid transition energy in the mix (H_glt)   :        14.86330 kcal/mol
 Normalized weight factor of molecule in compound  :         0.16301
 Normalized weight factor of molecule in gas phase :         0.33080

 Compound: 2 Conformer: 4 (4-nonanone_c3)
 Chemical potential of the molecule in the mixture :         8.01697 kcal/mol
 Log10(partial pressure [mbar])                    :         4.91794
 Free energy of molecule in mix (E_COSMO+dE+Mu)    :   -269349.84175 kcal/mol
 Total mean interaction energy in the mix          :        -8.07104 kcal/mol
 Misfit interaction energy in the mix              :         3.59969 kcal/mol
 H-Bond interaction energy in the mix              :        -1.91784 kcal/mol
 VdW interaction energy in the mix                 :       -24.61619 kcal/mol
 Gas liquid transition energy in the mix (H_glt)   :        14.86330 kcal/mol
 Normalized weight factor of molecule in compound  :         0.16075
 Normalized weight factor of molecule in gas phase :         0.28143

 Compound: 2 Conformer: 5 (4-nonanone_c4)
 Chemical potential of the molecule in the mixture :         7.59620 kcal/mol
 Log10(partial pressure [mbar])                    :         4.26874
 Free energy of molecule in mix (E_COSMO+dE+Mu)    :   -269350.06815 kcal/mol
 Total mean interaction energy in the mix          :        -8.62602 kcal/mol
 Misfit interaction energy in the mix              :         3.62095 kcal/mol
 H-Bond interaction energy in the mix              :        -2.35967 kcal/mol
 VdW interaction energy in the mix                 :       -24.75061 kcal/mol
 Gas liquid transition energy in the mix (H_glt)   :        14.86330 kcal/mol
 Normalized weight factor of molecule in compound  :         0.23129
 Normalized weight factor of molecule in gas phase :         0.09202

 Compound: 3 Conformer: 1 (lacticacid_c0)
 Chemical potential of the molecule in the mixture :         6.41954 kcal/mol
 Log10(partial pressure [mbar])                    :        -0.56008
 Free energy of molecule in mix (E_COSMO+dE+Mu)    :   -215742.26060 kcal/mol
 Total mean interaction energy in the mix          :        -7.35958 kcal/mol
 Misfit interaction energy in the mix              :         2.01779 kcal/mol
 H-Bond interaction energy in the mix              :        -4.40086 kcal/mol
 VdW interaction energy in the mix                 :       -13.22835 kcal/mol
 Gas liquid transition energy in the mix (H_glt)   :         8.25184 kcal/mol
 Normalized weight factor of molecule in compound  :         0.04345
 Normalized weight factor of molecule in gas phase :         0.00603

 Compound: 3 Conformer: 2 (lacticacid_c1)
 Chemical potential of the molecule in the mixture :         6.54076 kcal/mol
 Log10(partial pressure [mbar])                    :        -0.08509
 Free energy of molecule in mix (E_COSMO+dE+Mu)    :   -215741.95789 kcal/mol
 Total mean interaction energy in the mix          :        -6.92243 kcal/mol
 Misfit interaction energy in the mix              :         2.12796 kcal/mol
 H-Bond interaction energy in the mix              :        -4.09689 kcal/mol
 VdW interaction energy in the mix                 :       -13.20535 kcal/mol
 Gas liquid transition energy in the mix (H_glt)   :         8.25184 kcal/mol
 Normalized weight factor of molecule in compound  :         0.02671
 Normalized weight factor of molecule in gas phase :         0.01137

 Compound: 3 Conformer: 3 (lacticacid_c2)
 Chemical potential of the molecule in the mixture :         4.70087 kcal/mol
 Log10(partial pressure [mbar])                    :         0.60674
 Free energy of molecule in mix (E_COSMO+dE+Mu)    :   -215742.90559 kcal/mol
 Total mean interaction energy in the mix          :        -8.02435 kcal/mol
 Misfit interaction energy in the mix              :         2.06110 kcal/mol
 H-Bond interaction energy in the mix              :        -5.04684 kcal/mol
 VdW interaction energy in the mix                 :       -13.29045 kcal/mol
 Gas liquid transition energy in the mix (H_glt)   :         8.25184 kcal/mol
 Normalized weight factor of molecule in compound  :         0.12249
 Normalized weight factor of molecule in gas phase :         0.93300

 Compound: 3 Conformer: 4 (lacticacid_c3)
 Chemical potential of the molecule in the mixture :         2.94048 kcal/mol
 Log10(partial pressure [mbar])                    :        -1.65848
 Free energy of molecule in mix (E_COSMO+dE+Mu)    :   -215743.24495 kcal/mol
 Total mean interaction energy in the mix          :       -10.14125 kcal/mol
 Misfit interaction energy in the mix              :         1.98124 kcal/mol
 H-Bond interaction energy in the mix              :        -7.10695 kcal/mol
 VdW interaction energy in the mix                 :       -13.26738 kcal/mol
 Gas liquid transition energy in the mix (H_glt)   :         8.25184 kcal/mol
 Normalized weight factor of molecule in compound  :         0.21131
 Normalized weight factor of molecule in gas phase :         0.02822

 Compound: 3 Conformer: 5 (lacticacid_c4)
 Chemical potential of the molecule in the mixture :         2.42580 kcal/mol
 Log10(partial pressure [mbar])                    :        -3.57841
 Free energy of molecule in mix (E_COSMO+dE+Mu)    :   -215743.67303 kcal/mol
 Total mean interaction energy in the mix          :       -11.08924 kcal/mol
 Misfit interaction energy in the mix              :         1.95972 kcal/mol
 H-Bond interaction energy in the mix              :        -8.01214 kcal/mol
 VdW interaction energy in the mix                 :       -13.28865 kcal/mol
 Gas liquid transition energy in the mix (H_glt)   :         8.25184 kcal/mol
 Normalized weight factor of molecule in compound  :         0.42042
 Normalized weight factor of molecule in gas phase :         0.00067

 Compound: 3 Conformer: 6 (lacticacid_c5)
 Chemical potential of the molecule in the mixture :         2.90566 kcal/mol
 Log10(partial pressure [mbar])                    :        -1.71242
 Free energy of molecule in mix (E_COSMO+dE+Mu)    :   -215743.12981 kcal/mol
 Total mean interaction energy in the mix          :       -10.21644 kcal/mol
 Misfit interaction energy in the mix              :         1.95695 kcal/mol
 H-Bond interaction energy in the mix              :        -7.13626 kcal/mol
 VdW interaction energy in the mix                 :       -13.28897 kcal/mol
 Gas liquid transition energy in the mix (H_glt)   :         8.25184 kcal/mol
 Normalized weight factor of molecule in compound  :         0.17562
 Normalized weight factor of molecule in gas phase :         0.02069




 Results for mixture 16 - LIQ_EX Phase 2 Iteration    7
 ----------------------
 Temperature          :    313.150 K
 Compound Nr.         :         1         2         3
 Compound             :       h2o 4-nonanon lacticaci
 Mole Fraction        :    0.0407    0.9589    0.0004

 Compound: 1  (h2o)
 Chemical potential of the compound in the mixture :         5.45990 kcal/mol
 Log10(partial pressure [mbar])                    :         2.91797
 Free energy of molecule in mix (E_COSMO+dE+Mu)    :    -47987.79337 kcal/mol
 Total mean interaction energy in the mix (H_int)  :        -2.46318 kcal/mol
 Misfit interaction energy in the mix (H_MF)       :         1.62868 kcal/mol
 H-Bond interaction energy in the mix (H_HB)       :        -2.42529 kcal/mol
 VdW interaction energy in the mix (H_vdW)         :        -4.59863 kcal/mol
 Gas liquid transition energy in the mix (H_glt)   :         2.93205 kcal/mol
 Equilibrium constant Kx(1,2)                      :        24.51096
 Equilibrium concentration x_k(1,2)                :         0.96080

 Compound: 2  (4-nonanone)
 Chemical potential of the compound in the mixture :         0.78120 kcal/mol
 Log10(partial pressure [mbar])                    :         0.36007
 Free energy of molecule in mix (E_COSMO+dE+Mu)    :   -269357.15347 kcal/mol
 Total mean interaction energy in the mix (H_int)  :        -7.19590 kcal/mol
 Misfit interaction energy in the mix (H_MF)       :         3.61471 kcal/mol
 H-Bond interaction energy in the mix (H_HB)       :        -0.08736 kcal/mol
 VdW interaction energy in the mix (H_vdW)         :       -25.67095 kcal/mol
 Gas liquid transition energy in the mix (H_glt)   :        14.86330 kcal/mol
 Equilibrium constant Kx(1,2)                      :  4.90953251E-05
 Equilibrium concentration x_k(1,2)                :         0.00005

 Compound: 3  (lacticacid)
 Chemical potential of the compound in the mixture :         4.69964 kcal/mol
 Log10(partial pressure [mbar])                    :        -0.62240
 Free energy of molecule in mix (E_COSMO+dE+Mu)    :   -215743.98051 kcal/mol
 Total mean interaction energy in the mix (H_int)  :        -4.34169 kcal/mol
 Misfit interaction energy in the mix (H_MF)       :         2.52746 kcal/mol
 H-Bond interaction energy in the mix (H_HB)       :        -2.36073 kcal/mol
 VdW interaction energy in the mix (H_vdW)         :       -14.01429 kcal/mol
 Gas liquid transition energy in the mix (H_glt)   :         8.25184 kcal/mol
 Equilibrium constant Kx(1,2)                      :         1.45121
 Equilibrium concentration x_k(1,2)                :         0.59204



 Compound: 1 Conformer: 1 (h2o_c0)
 Chemical potential of the molecule in the mixture :         5.45990 kcal/mol
 Log10(partial pressure [mbar])                    :         2.91797
 Free energy of molecule in mix (E_COSMO+dE+Mu)    :    -47987.79337 kcal/mol
 Total mean interaction energy in the mix          :        -2.46318 kcal/mol
 Misfit interaction energy in the mix              :         1.62868 kcal/mol
 H-Bond interaction energy in the mix              :        -2.42529 kcal/mol
 VdW interaction energy in the mix                 :        -4.59863 kcal/mol
 Gas liquid transition energy in the mix (H_glt)   :         2.93205 kcal/mol
 Normalized weight factor of molecule in compound  :         1.00000
 Normalized weight factor of molecule in gas phase :         1.00000

 Compound: 2 Conformer: 1 (4-nonanone_c0)
 Chemical potential of the molecule in the mixture :         1.53839 kcal/mol
 Log10(partial pressure [mbar])                    :         0.18427
 Free energy of molecule in mix (E_COSMO+dE+Mu)    :   -269356.37054 kcal/mol
 Total mean interaction energy in the mix          :        -7.40012 kcal/mol
 Misfit interaction energy in the mix              :         3.64293 kcal/mol
 H-Bond interaction energy in the mix              :        -0.07018 kcal/mol
 VdW interaction energy in the mix                 :       -25.83616 kcal/mol
 Gas liquid transition energy in the mix (H_glt)   :        14.86330 kcal/mol
 Normalized weight factor of molecule in compound  :         0.28419
 Normalized weight factor of molecule in gas phase :         0.18958

 Compound: 2 Conformer: 2 (4-nonanone_c1)
 Chemical potential of the molecule in the mixture :         1.83322 kcal/mol
 Log10(partial pressure [mbar])                    :         0.25562
 Free energy of molecule in mix (E_COSMO+dE+Mu)    :   -269355.90749 kcal/mol
 Total mean interaction energy in the mix          :        -7.23538 kcal/mol
 Misfit interaction energy in the mix              :         3.73655 kcal/mol
 H-Bond interaction energy in the mix              :        -0.13110 kcal/mol
 VdW interaction energy in the mix                 :       -25.70414 kcal/mol
 Gas liquid transition energy in the mix (H_glt)   :        14.86330 kcal/mol
 Normalized weight factor of molecule in compound  :         0.13503
 Normalized weight factor of molecule in gas phase :         0.10617

 Compound: 2 Conformer: 3 (4-nonanone_c2)
 Chemical potential of the molecule in the mixture :         1.69309 kcal/mol
 Log10(partial pressure [mbar])                    :         0.52355
 Free energy of molecule in mix (E_COSMO+dE+Mu)    :   -269356.24158 kcal/mol
 Total mean interaction energy in the mix          :        -7.20635 kcal/mol
 Misfit interaction energy in the mix              :         3.52072 kcal/mol
 H-Bond interaction energy in the mix              :        -0.06992 kcal/mol
 VdW interaction energy in the mix                 :       -25.52045 kcal/mol
 Gas liquid transition energy in the mix (H_glt)   :        14.86330 kcal/mol
 Normalized weight factor of molecule in compound  :         0.23099
 Normalized weight factor of molecule in gas phase :         0.33080

 Compound: 2 Conformer: 4 (4-nonanone_c3)
 Chemical potential of the molecule in the mixture :         1.63440 kcal/mol
 Log10(partial pressure [mbar])                    :         0.46358
 Free energy of molecule in mix (E_COSMO+dE+Mu)    :   -269356.22432 kcal/mol
 Total mean interaction energy in the mix          :        -7.23222 kcal/mol
 Misfit interaction energy in the mix              :         3.53792 kcal/mol
 H-Bond interaction energy in the mix              :        -0.06505 kcal/mol
 VdW interaction energy in the mix                 :       -25.56839 kcal/mol
 Gas liquid transition energy in the mix (H_glt)   :        14.86330 kcal/mol
 Normalized weight factor of molecule in compound  :         0.22467
 Normalized weight factor of molecule in gas phase :         0.28143

 Compound: 2 Conformer: 5 (4-nonanone_c4)
 Chemical potential of the molecule in the mixture :         1.80433 kcal/mol
 Log10(partial pressure [mbar])                    :         0.22663
 Free energy of molecule in mix (E_COSMO+dE+Mu)    :   -269355.86002 kcal/mol
 Total mean interaction energy in the mix          :        -7.27939 kcal/mol
 Misfit interaction energy in the mix              :         3.73058 kcal/mol
 H-Bond interaction energy in the mix              :        -0.15142 kcal/mol
 VdW interaction energy in the mix                 :       -25.72185 kcal/mol
 Gas liquid transition energy in the mix (H_glt)   :        14.86330 kcal/mol
 Normalized weight factor of molecule in compound  :         0.12512
 Normalized weight factor of molecule in gas phase :         0.09202

 Compound: 3 Conformer: 1 (lacticacid_c0)
 Chemical potential of the molecule in the mixture :         6.34132 kcal/mol
 Log10(partial pressure [mbar])                    :        -0.61466
 Free energy of molecule in mix (E_COSMO+dE+Mu)    :   -215742.33882 kcal/mol
 Total mean interaction energy in the mix          :        -4.43718 kcal/mol
 Misfit interaction energy in the mix              :         3.16907 kcal/mol
 H-Bond interaction energy in the mix              :        -1.88086 kcal/mol
 VdW interaction energy in the mix                 :       -13.97723 kcal/mol
 Gas liquid transition energy in the mix (H_glt)   :         8.25184 kcal/mol
 Normalized weight factor of molecule in compound  :         0.07150
 Normalized weight factor of molecule in gas phase :         0.00603

 Compound: 3 Conformer: 2 (lacticacid_c1)
 Chemical potential of the molecule in the mixture :         6.72526 kcal/mol
 Log10(partial pressure [mbar])                    :         0.04367
 Free energy of molecule in mix (E_COSMO+dE+Mu)    :   -215741.77339 kcal/mol
 Total mean interaction energy in the mix          :        -4.12540 kcal/mol
 Misfit interaction energy in the mix              :         3.12317 kcal/mol
 H-Bond interaction energy in the mix              :        -1.55237 kcal/mol
 VdW interaction energy in the mix                 :       -13.94804 kcal/mol
 Gas liquid transition energy in the mix (H_glt)   :         8.25184 kcal/mol
 Normalized weight factor of molecule in compound  :         0.02882
 Normalized weight factor of molecule in gas phase :         0.01137

 Compound: 3 Conformer: 3 (lacticacid_c2)
 Chemical potential of the molecule in the mixture :         3.83905 kcal/mol
 Log10(partial pressure [mbar])                    :  5.27425305E-03
 Free energy of molecule in mix (E_COSMO+dE+Mu)    :   -215743.76741 kcal/mol
 Total mean interaction energy in the mix          :        -5.62255 kcal/mol
 Misfit interaction energy in the mix              :         2.36315 kcal/mol
 H-Bond interaction energy in the mix              :        -2.21823 kcal/mol
 VdW interaction energy in the mix                 :       -14.01931 kcal/mol
 Gas liquid transition energy in the mix (H_glt)   :         8.25184 kcal/mol
 Normalized weight factor of molecule in compound  :         0.71004
 Normalized weight factor of molecule in gas phase :         0.93300

 Compound: 3 Conformer: 4 (lacticacid_c3)
 Chemical potential of the molecule in the mixture :         3.71651 kcal/mol
 Log10(partial pressure [mbar])                    :        -1.11689
 Free energy of molecule in mix (E_COSMO+dE+Mu)    :   -215742.46892 kcal/mol
 Total mean interaction energy in the mix          :        -6.16599 kcal/mol
 Misfit interaction energy in the mix              :         2.71861 kcal/mol
 H-Bond interaction energy in the mix              :        -3.13322 kcal/mol
 VdW interaction energy in the mix                 :       -14.00322 kcal/mol
 Gas liquid transition energy in the mix (H_glt)   :         8.25184 kcal/mol
 Normalized weight factor of molecule in compound  :         0.08812
 Normalized weight factor of molecule in gas phase :         0.02822

 Compound: 3 Conformer: 5 (lacticacid_c4)
 Chemical potential of the molecule in the mixture :         4.30659 kcal/mol
 Log10(partial pressure [mbar])                    :        -2.26582
 Free energy of molecule in mix (E_COSMO+dE+Mu)    :   -215741.79224 kcal/mol
 Total mean interaction energy in the mix          :        -5.98499 kcal/mol
 Misfit interaction energy in the mix              :         3.32745 kcal/mol
 H-Bond interaction energy in the mix              :        -3.51803 kcal/mol
 VdW interaction energy in the mix                 :       -14.04625 kcal/mol
 Gas liquid transition energy in the mix (H_glt)   :         8.25184 kcal/mol
 Normalized weight factor of molecule in compound  :         0.02970
 Normalized weight factor of molecule in gas phase :         0.00067

 Compound: 3 Conformer: 6 (lacticacid_c5)
 Chemical potential of the molecule in the mixture :         3.69384 kcal/mol
 Log10(partial pressure [mbar])                    :        -1.16235
 Free energy of molecule in mix (E_COSMO+dE+Mu)    :   -215742.34162 kcal/mol
 Total mean interaction energy in the mix          :        -6.21315 kcal/mol
 Misfit interaction energy in the mix              :         2.70876 kcal/mol
 H-Bond interaction energy in the mix              :        -3.14523 kcal/mol
 VdW interaction energy in the mix                 :       -14.02852 kcal/mol
 Gas liquid transition energy in the mix (H_glt)   :         8.25184 kcal/mol
 Normalized weight factor of molecule in compound  :         0.07182
 Normalized weight factor of molecule in gas phase :         0.02069




 Results for mixture 17 - LIQ_EX Phase 1 Iteration    8
 ----------------------
 Temperature          :    313.150 K
 Compound Nr.         :         1         2         3
 Compound             :       h2o 4-nonanon lacticaci
 Mole Fraction        :    0.9994    0.0000    0.0006

 Compound: 1  (h2o)
 Chemical potential of the compound in the mixture :         3.46911 kcal/mol
 Log10(partial pressure [mbar])                    :         1.52861
 Free energy of molecule in mix (E_COSMO+dE+Mu)    :    -47989.78416 kcal/mol
 Total mean interaction energy in the mix (H_int)  :        -5.54376 kcal/mol
 Misfit interaction energy in the mix (H_MF)       :         0.59161 kcal/mol
 H-Bond interaction energy in the mix (H_HB)       :        -4.72893 kcal/mol
 VdW interaction energy in the mix (H_vdW)         :        -4.33850 kcal/mol
 Gas liquid transition energy in the mix (H_glt)   :         2.93205 kcal/mol

 Compound: 2  (4-nonanone)
 Chemical potential of the compound in the mixture :         6.95544 kcal/mol
 Log10(partial pressure [mbar])                    :         4.66904
 Free energy of molecule in mix (E_COSMO+dE+Mu)    :   -269350.97923 kcal/mol
 Total mean interaction energy in the mix (H_int)  :        -8.23148 kcal/mol
 Misfit interaction energy in the mix (H_MF)       :         3.61858 kcal/mol
 H-Bond interaction energy in the mix (H_HB)       :        -2.11204 kcal/mol
 VdW interaction energy in the mix (H_vdW)         :       -24.72358 kcal/mol
 Gas liquid transition energy in the mix (H_glt)   :        14.86330 kcal/mol

 Compound: 3  (lacticacid)
 Chemical potential of the compound in the mixture :         4.46790 kcal/mol
 Log10(partial pressure [mbar])                    :        -0.78413
 Free energy of molecule in mix (E_COSMO+dE+Mu)    :   -215744.21225 kcal/mol
 Total mean interaction energy in the mix (H_int)  :        -7.87366 kcal/mol
 Misfit interaction energy in the mix (H_MF)       :         1.98321 kcal/mol
 H-Bond interaction energy in the mix (H_HB)       :        -7.04235 kcal/mol
 VdW interaction energy in the mix (H_vdW)         :       -13.27959 kcal/mol
 Gas liquid transition energy in the mix (H_glt)   :         8.25184 kcal/mol



 Compound: 1 Conformer: 1 (h2o_c0)
 Chemical potential of the molecule in the mixture :         3.46911 kcal/mol
 Log10(partial pressure [mbar])                    :         1.52861
 Free energy of molecule in mix (E_COSMO+dE+Mu)    :    -47989.78416 kcal/mol
 Total mean interaction energy in the mix          :        -5.54376 kcal/mol
 Misfit interaction energy in the mix              :         0.59161 kcal/mol
 H-Bond interaction energy in the mix              :        -4.72893 kcal/mol
 VdW interaction energy in the mix                 :        -4.33850 kcal/mol
 Gas liquid transition energy in the mix (H_glt)   :         2.93205 kcal/mol
 Normalized weight factor of molecule in compound  :         1.00000
 Normalized weight factor of molecule in gas phase :         1.00000

 Compound: 2 Conformer: 1 (4-nonanone_c0)
 Chemical potential of the molecule in the mixture :         7.84305 kcal/mol
 Log10(partial pressure [mbar])                    :         4.58425
 Free energy of molecule in mix (E_COSMO+dE+Mu)    :   -269350.06588 kcal/mol
 Total mean interaction energy in the mix          :        -8.32940 kcal/mol
 Misfit interaction energy in the mix              :         3.66354 kcal/mol
 H-Bond interaction energy in the mix              :        -1.98903 kcal/mol
 VdW interaction energy in the mix                 :       -24.86721 kcal/mol
 Gas liquid transition energy in the mix (H_glt)   :        14.86330 kcal/mol
 Normalized weight factor of molecule in compound  :         0.23045
 Normalized weight factor of molecule in gas phase :         0.18958

 Compound: 2 Conformer: 2 (4-nonanone_c1)
 Chemical potential of the molecule in the mixture :         7.71948 kcal/mol
 Log10(partial pressure [mbar])                    :         4.36360
 Free energy of molecule in mix (E_COSMO+dE+Mu)    :   -269350.02123 kcal/mol
 Total mean interaction energy in the mix          :        -8.52724 kcal/mol
 Misfit interaction energy in the mix              :         3.62782 kcal/mol
 H-Bond interaction energy in the mix              :        -2.28261 kcal/mol
 VdW interaction energy in the mix                 :       -24.73575 kcal/mol
 Gas liquid transition energy in the mix (H_glt)   :        14.86330 kcal/mol
 Normalized weight factor of molecule in compound  :         0.21450
 Normalized weight factor of molecule in gas phase :         0.10617

 Compound: 2 Conformer: 3 (4-nonanone_c2)
 Chemical potential of the molecule in the mixture :         8.08427 kcal/mol
 Log10(partial pressure [mbar])                    :         4.98391
 Free energy of molecule in mix (E_COSMO+dE+Mu)    :   -269349.85041 kcal/mol
 Total mean interaction energy in the mix          :        -8.05231 kcal/mol
 Misfit interaction energy in the mix              :         3.55812 kcal/mol
 H-Bond interaction energy in the mix              :        -1.90164 kcal/mol
 VdW interaction energy in the mix                 :       -24.57209 kcal/mol
 Gas liquid transition energy in the mix (H_glt)   :        14.86330 kcal/mol
 Normalized weight factor of molecule in compound  :         0.16301
 Normalized weight factor of molecule in gas phase :         0.33080

 Compound: 2 Conformer: 4 (4-nonanone_c3)
 Chemical potential of the molecule in the mixture :         8.01698 kcal/mol
 Log10(partial pressure [mbar])                    :         4.91795
 Free energy of molecule in mix (E_COSMO+dE+Mu)    :   -269349.84174 kcal/mol
 Total mean interaction energy in the mix          :        -8.07104 kcal/mol
 Misfit interaction energy in the mix              :         3.59969 kcal/mol
 H-Bond interaction energy in the mix              :        -1.91784 kcal/mol
 VdW interaction energy in the mix                 :       -24.61619 kcal/mol
 Gas liquid transition energy in the mix (H_glt)   :        14.86330 kcal/mol
 Normalized weight factor of molecule in compound  :         0.16075
 Normalized weight factor of molecule in gas phase :         0.28143

 Compound: 2 Conformer: 5 (4-nonanone_c4)
 Chemical potential of the molecule in the mixture :         7.59621 kcal/mol
 Log10(partial pressure [mbar])                    :         4.26875
 Free energy of molecule in mix (E_COSMO+dE+Mu)    :   -269350.06814 kcal/mol
 Total mean interaction energy in the mix          :        -8.62603 kcal/mol
 Misfit interaction energy in the mix              :         3.62095 kcal/mol
 H-Bond interaction energy in the mix              :        -2.35967 kcal/mol
 VdW interaction energy in the mix                 :       -24.75061 kcal/mol
 Gas liquid transition energy in the mix (H_glt)   :        14.86330 kcal/mol
 Normalized weight factor of molecule in compound  :         0.23129
 Normalized weight factor of molecule in gas phase :         0.09202

 Compound: 3 Conformer: 1 (lacticacid_c0)
 Chemical potential of the molecule in the mixture :         6.41954 kcal/mol
 Log10(partial pressure [mbar])                    :        -0.56007
 Free energy of molecule in mix (E_COSMO+dE+Mu)    :   -215742.26060 kcal/mol
 Total mean interaction energy in the mix          :        -7.35958 kcal/mol
 Misfit interaction energy in the mix              :         2.01779 kcal/mol
 H-Bond interaction energy in the mix              :        -4.40086 kcal/mol
 VdW interaction energy in the mix                 :       -13.22835 kcal/mol
 Gas liquid transition energy in the mix (H_glt)   :         8.25184 kcal/mol
 Normalized weight factor of molecule in compound  :         0.04345
 Normalized weight factor of molecule in gas phase :         0.00603

 Compound: 3 Conformer: 2 (lacticacid_c1)
 Chemical potential of the molecule in the mixture :         6.54076 kcal/mol
 Log10(partial pressure [mbar])                    :        -0.08509
 Free energy of molecule in mix (E_COSMO+dE+Mu)    :   -215741.95789 kcal/mol
 Total mean interaction energy in the mix          :        -6.92244 kcal/mol
 Misfit interaction energy in the mix              :         2.12796 kcal/mol
 H-Bond interaction energy in the mix              :        -4.09689 kcal/mol
 VdW interaction energy in the mix                 :       -13.20535 kcal/mol
 Gas liquid transition energy in the mix (H_glt)   :         8.25184 kcal/mol
 Normalized weight factor of molecule in compound  :         0.02671
 Normalized weight factor of molecule in gas phase :         0.01137

 Compound: 3 Conformer: 3 (lacticacid_c2)
 Chemical potential of the molecule in the mixture :         4.70087 kcal/mol
 Log10(partial pressure [mbar])                    :         0.60674
 Free energy of molecule in mix (E_COSMO+dE+Mu)    :   -215742.90559 kcal/mol
 Total mean interaction energy in the mix          :        -8.02435 kcal/mol
 Misfit interaction energy in the mix              :         2.06110 kcal/mol
 H-Bond interaction energy in the mix              :        -5.04684 kcal/mol
 VdW interaction energy in the mix                 :       -13.29045 kcal/mol
 Gas liquid transition energy in the mix (H_glt)   :         8.25184 kcal/mol
 Normalized weight factor of molecule in compound  :         0.12249
 Normalized weight factor of molecule in gas phase :         0.93300

 Compound: 3 Conformer: 4 (lacticacid_c3)
 Chemical potential of the molecule in the mixture :         2.94048 kcal/mol
 Log10(partial pressure [mbar])                    :        -1.65847
 Free energy of molecule in mix (E_COSMO+dE+Mu)    :   -215743.24495 kcal/mol
 Total mean interaction energy in the mix          :       -10.14125 kcal/mol
 Misfit interaction energy in the mix              :         1.98124 kcal/mol
 H-Bond interaction energy in the mix              :        -7.10695 kcal/mol
 VdW interaction energy in the mix                 :       -13.26737 kcal/mol
 Gas liquid transition energy in the mix (H_glt)   :         8.25184 kcal/mol
 Normalized weight factor of molecule in compound  :         0.21131
 Normalized weight factor of molecule in gas phase :         0.02822

 Compound: 3 Conformer: 5 (lacticacid_c4)
 Chemical potential of the molecule in the mixture :         2.42580 kcal/mol
 Log10(partial pressure [mbar])                    :        -3.57841
 Free energy of molecule in mix (E_COSMO+dE+Mu)    :   -215743.67303 kcal/mol
 Total mean interaction energy in the mix          :       -11.08924 kcal/mol
 Misfit interaction energy in the mix              :         1.95972 kcal/mol
 H-Bond interaction energy in the mix              :        -8.01214 kcal/mol
 VdW interaction energy in the mix                 :       -13.28865 kcal/mol
 Gas liquid transition energy in the mix (H_glt)   :         8.25184 kcal/mol
 Normalized weight factor of molecule in compound  :         0.42042
 Normalized weight factor of molecule in gas phase :         0.00067

 Compound: 3 Conformer: 6 (lacticacid_c5)
 Chemical potential of the molecule in the mixture :         2.90566 kcal/mol
 Log10(partial pressure [mbar])                    :        -1.71242
 Free energy of molecule in mix (E_COSMO+dE+Mu)    :   -215743.12980 kcal/mol
 Total mean interaction energy in the mix          :       -10.21644 kcal/mol
 Misfit interaction energy in the mix              :         1.95695 kcal/mol
 H-Bond interaction energy in the mix              :        -7.13626 kcal/mol
 VdW interaction energy in the mix                 :       -13.28896 kcal/mol
 Gas liquid transition energy in the mix (H_glt)   :         8.25184 kcal/mol
 Normalized weight factor of molecule in compound  :         0.17562
 Normalized weight factor of molecule in gas phase :         0.02069




 Results for mixture 18 - LIQ_EX Phase 2 Iteration    8
 ----------------------
 Temperature          :    313.150 K
 Compound Nr.         :         1         2         3
 Compound             :       h2o 4-nonanon lacticaci
 Mole Fraction        :    0.0408    0.9588    0.0004

 Compound: 1  (h2o)
 Chemical potential of the compound in the mixture :         5.45940 kcal/mol
 Log10(partial pressure [mbar])                    :         2.91762
 Free energy of molecule in mix (E_COSMO+dE+Mu)    :    -47987.79387 kcal/mol
 Total mean interaction energy in the mix (H_int)  :        -2.46395 kcal/mol
 Misfit interaction energy in the mix (H_MF)       :         1.62826 kcal/mol
 H-Bond interaction energy in the mix (H_HB)       :        -2.42565 kcal/mol
 VdW interaction energy in the mix (H_vdW)         :        -4.59861 kcal/mol
 Gas liquid transition energy in the mix (H_glt)   :         2.93205 kcal/mol
 Equilibrium constant Kx(1,2)                      :        24.49125
 Equilibrium concentration x_k(1,2)                :         0.96077

 Compound: 2  (4-nonanone)
 Chemical potential of the compound in the mixture :         0.78123 kcal/mol
 Log10(partial pressure [mbar])                    :         0.36009
 Free energy of molecule in mix (E_COSMO+dE+Mu)    :   -269357.15344 kcal/mol
 Total mean interaction energy in the mix (H_int)  :        -7.19604 kcal/mol
 Misfit interaction energy in the mix (H_MF)       :         3.61472 kcal/mol
 H-Bond interaction energy in the mix (H_HB)       :        -0.08753 kcal/mol
 VdW interaction energy in the mix (H_vdW)         :       -25.67092 kcal/mol
 Gas liquid transition energy in the mix (H_glt)   :        14.86330 kcal/mol
 Equilibrium constant Kx(1,2)                      :  4.90964552E-05
 Equilibrium concentration x_k(1,2)                :         0.00005

 Compound: 3  (lacticacid)
 Chemical potential of the compound in the mixture :         4.69925 kcal/mol
 Log10(partial pressure [mbar])                    :        -0.62267
 Free energy of molecule in mix (E_COSMO+dE+Mu)    :   -215743.98089 kcal/mol
 Total mean interaction energy in the mix (H_int)  :        -4.34218 kcal/mol
 Misfit interaction energy in the mix (H_MF)       :         2.52721 kcal/mol
 H-Bond interaction energy in the mix (H_HB)       :        -2.36109 kcal/mol
 VdW interaction energy in the mix (H_vdW)         :       -14.01426 kcal/mol
 Gas liquid transition energy in the mix (H_glt)   :         8.25184 kcal/mol
 Equilibrium constant Kx(1,2)                      :         1.45030
 Equilibrium concentration x_k(1,2)                :         0.59189



 Compound: 1 Conformer: 1 (h2o_c0)
 Chemical potential of the molecule in the mixture :         5.45940 kcal/mol
 Log10(partial pressure [mbar])                    :         2.91762
 Free energy of molecule in mix (E_COSMO+dE+Mu)    :    -47987.79387 kcal/mol
 Total mean interaction energy in the mix          :        -2.46395 kcal/mol
 Misfit interaction energy in the mix              :         1.62826 kcal/mol
 H-Bond interaction energy in the mix              :        -2.42565 kcal/mol
 VdW interaction energy in the mix                 :        -4.59861 kcal/mol
 Gas liquid transition energy in the mix (H_glt)   :         2.93205 kcal/mol
 Normalized weight factor of molecule in compound  :         1.00000
 Normalized weight factor of molecule in gas phase :         1.00000

 Compound: 2 Conformer: 1 (4-nonanone_c0)
 Chemical potential of the molecule in the mixture :         1.53842 kcal/mol
 Log10(partial pressure [mbar])                    :         0.18429
 Free energy of molecule in mix (E_COSMO+dE+Mu)    :   -269356.37051 kcal/mol
 Total mean interaction energy in the mix          :        -7.40023 kcal/mol
 Misfit interaction energy in the mix              :         3.64294 kcal/mol
 H-Bond interaction energy in the mix              :        -0.07033 kcal/mol
 VdW interaction energy in the mix                 :       -25.83614 kcal/mol
 Gas liquid transition energy in the mix (H_glt)   :        14.86330 kcal/mol
 Normalized weight factor of molecule in compound  :         0.28418
 Normalized weight factor of molecule in gas phase :         0.18958

 Compound: 2 Conformer: 2 (4-nonanone_c1)
 Chemical potential of the molecule in the mixture :         1.83322 kcal/mol
 Log10(partial pressure [mbar])                    :         0.25562
 Free energy of molecule in mix (E_COSMO+dE+Mu)    :   -269355.90749 kcal/mol
 Total mean interaction energy in the mix          :        -7.23562 kcal/mol
 Misfit interaction energy in the mix              :         3.73655 kcal/mol
 H-Bond interaction energy in the mix              :        -0.13135 kcal/mol
 VdW interaction energy in the mix                 :       -25.70411 kcal/mol
 Gas liquid transition energy in the mix (H_glt)   :        14.86330 kcal/mol
 Normalized weight factor of molecule in compound  :         0.13504
 Normalized weight factor of molecule in gas phase :         0.10617

 Compound: 2 Conformer: 3 (4-nonanone_c2)
 Chemical potential of the molecule in the mixture :         1.69313 kcal/mol
 Log10(partial pressure [mbar])                    :         0.52357
 Free energy of molecule in mix (E_COSMO+dE+Mu)    :   -269356.24154 kcal/mol
 Total mean interaction energy in the mix          :        -7.20646 kcal/mol
 Misfit interaction energy in the mix              :         3.52073 kcal/mol
 H-Bond interaction energy in the mix              :        -0.07006 kcal/mol
 VdW interaction energy in the mix                 :       -25.52043 kcal/mol
 Gas liquid transition energy in the mix (H_glt)   :        14.86330 kcal/mol
 Normalized weight factor of molecule in compound  :         0.23099
 Normalized weight factor of molecule in gas phase :         0.33080

 Compound: 2 Conformer: 4 (4-nonanone_c3)
 Chemical potential of the molecule in the mixture :         1.63443 kcal/mol
 Log10(partial pressure [mbar])                    :         0.46361
 Free energy of molecule in mix (E_COSMO+dE+Mu)    :   -269356.22428 kcal/mol
 Total mean interaction energy in the mix          :        -7.23231 kcal/mol
 Misfit interaction energy in the mix              :         3.53794 kcal/mol
 H-Bond interaction energy in the mix              :        -0.06518 kcal/mol
 VdW interaction energy in the mix                 :       -25.56837 kcal/mol
 Gas liquid transition energy in the mix (H_glt)   :        14.86330 kcal/mol
 Normalized weight factor of molecule in compound  :         0.22467
 Normalized weight factor of molecule in gas phase :         0.28143

 Compound: 2 Conformer: 5 (4-nonanone_c4)
 Chemical potential of the molecule in the mixture :         1.80431 kcal/mol
 Log10(partial pressure [mbar])                    :         0.22662
 Free energy of molecule in mix (E_COSMO+dE+Mu)    :   -269355.86004 kcal/mol
 Total mean interaction energy in the mix          :        -7.27967 kcal/mol
 Misfit interaction energy in the mix              :         3.73058 kcal/mol
 H-Bond interaction energy in the mix              :        -0.15172 kcal/mol
 VdW interaction energy in the mix                 :       -25.72183 kcal/mol
 Gas liquid transition energy in the mix (H_glt)   :        14.86330 kcal/mol
 Normalized weight factor of molecule in compound  :         0.12512
 Normalized weight factor of molecule in gas phase :         0.09202

 Compound: 3 Conformer: 1 (lacticacid_c0)
 Chemical potential of the molecule in the mixture :         6.34096 kcal/mol
 Log10(partial pressure [mbar])                    :        -0.61492
 Free energy of molecule in mix (E_COSMO+dE+Mu)    :   -215742.33918 kcal/mol
 Total mean interaction energy in the mix          :        -4.43766 kcal/mol
 Misfit interaction energy in the mix              :         3.16875 kcal/mol
 H-Bond interaction energy in the mix              :        -1.88104 kcal/mol
 VdW interaction energy in the mix                 :       -13.97720 kcal/mol
 Gas liquid transition energy in the mix (H_glt)   :         8.25184 kcal/mol
 Normalized weight factor of molecule in compound  :         0.07149
 Normalized weight factor of molecule in gas phase :         0.00603

 Compound: 3 Conformer: 2 (lacticacid_c1)
 Chemical potential of the molecule in the mixture :         6.72484 kcal/mol
 Log10(partial pressure [mbar])                    :         0.04338
 Free energy of molecule in mix (E_COSMO+dE+Mu)    :   -215741.77381 kcal/mol
 Total mean interaction energy in the mix          :        -4.12593 kcal/mol
 Misfit interaction energy in the mix              :         3.12291 kcal/mol
 H-Bond interaction energy in the mix              :        -1.55268 kcal/mol
 VdW interaction energy in the mix                 :       -13.94800 kcal/mol
 Gas liquid transition energy in the mix (H_glt)   :         8.25184 kcal/mol
 Normalized weight factor of molecule in compound  :         0.02882
 Normalized weight factor of molecule in gas phase :         0.01137

 Compound: 3 Conformer: 3 (lacticacid_c2)
 Chemical potential of the molecule in the mixture :         3.83871 kcal/mol
 Log10(partial pressure [mbar])                    :  5.03901388E-03
 Free energy of molecule in mix (E_COSMO+dE+Mu)    :   -215743.76775 kcal/mol
 Total mean interaction energy in the mix          :        -5.62303 kcal/mol
 Misfit interaction energy in the mix              :         2.36290 kcal/mol
 H-Bond interaction energy in the mix              :        -2.21849 kcal/mol
 VdW interaction energy in the mix                 :       -14.01928 kcal/mol
 Gas liquid transition energy in the mix (H_glt)   :         8.25184 kcal/mol
 Normalized weight factor of molecule in compound  :         0.70999
 Normalized weight factor of molecule in gas phase :         0.93300

 Compound: 3 Conformer: 4 (lacticacid_c3)
 Chemical potential of the molecule in the mixture :         3.71595 kcal/mol
 Log10(partial pressure [mbar])                    :        -1.11728
 Free energy of molecule in mix (E_COSMO+dE+Mu)    :   -215742.46948 kcal/mol
 Total mean interaction energy in the mix          :        -6.16676 kcal/mol
 Misfit interaction energy in the mix              :         2.71827 kcal/mol
 H-Bond interaction energy in the mix              :        -3.13369 kcal/mol
 VdW interaction energy in the mix                 :       -14.00318 kcal/mol
 Gas liquid transition energy in the mix (H_glt)   :         8.25184 kcal/mol
 Normalized weight factor of molecule in compound  :         0.08814
 Normalized weight factor of molecule in gas phase :         0.02822

 Compound: 3 Conformer: 5 (lacticacid_c4)
 Chemical potential of the molecule in the mixture :         4.30584 kcal/mol
 Log10(partial pressure [mbar])                    :        -2.26634
 Free energy of molecule in mix (E_COSMO+dE+Mu)    :   -215741.79299 kcal/mol
 Total mean interaction energy in the mix          :        -5.98607 kcal/mol
 Misfit interaction energy in the mix              :         3.32689 kcal/mol
 H-Bond interaction energy in the mix              :        -3.51859 kcal/mol
 VdW interaction energy in the mix                 :       -14.04621 kcal/mol
 Gas liquid transition energy in the mix (H_glt)   :         8.25184 kcal/mol
 Normalized weight factor of molecule in compound  :         0.02972
 Normalized weight factor of molecule in gas phase :         0.00067

 Compound: 3 Conformer: 6 (lacticacid_c5)
 Chemical potential of the molecule in the mixture :         3.69329 kcal/mol
 Log10(partial pressure [mbar])                    :        -1.16274
 Free energy of molecule in mix (E_COSMO+dE+Mu)    :   -215742.34218 kcal/mol
 Total mean interaction energy in the mix          :        -6.21391 kcal/mol
 Misfit interaction energy in the mix              :         2.70840 kcal/mol
 H-Bond interaction energy in the mix              :        -3.14567 kcal/mol
 VdW interaction energy in the mix                 :       -14.02848 kcal/mol
 Gas liquid transition energy in the mix (H_glt)   :         8.25184 kcal/mol
 Normalized weight factor of molecule in compound  :         0.07184
 Normalized weight factor of molecule in gas phase :         0.02069




 Results for mixture 19 - LIQ_EX Phase 1 Iteration    9
 ----------------------
 Temperature          :    313.150 K
 Compound Nr.         :         1         2         3
 Compound             :       h2o 4-nonanon lacticaci
 Mole Fraction        :    0.9994    0.0000    0.0006

 Compound: 1  (h2o)
 Chemical potential of the compound in the mixture :         3.46911 kcal/mol
 Log10(partial pressure [mbar])                    :         1.52861
 Free energy of molecule in mix (E_COSMO+dE+Mu)    :    -47989.78416 kcal/mol
 Total mean interaction energy in the mix (H_int)  :        -5.54376 kcal/mol
 Misfit interaction energy in the mix (H_MF)       :         0.59161 kcal/mol
 H-Bond interaction energy in the mix (H_HB)       :        -4.72893 kcal/mol
 VdW interaction energy in the mix (H_vdW)         :        -4.33850 kcal/mol
 Gas liquid transition energy in the mix (H_glt)   :         2.93205 kcal/mol

 Compound: 2  (4-nonanone)
 Chemical potential of the compound in the mixture :         6.95545 kcal/mol
 Log10(partial pressure [mbar])                    :         4.66904
 Free energy of molecule in mix (E_COSMO+dE+Mu)    :   -269350.97922 kcal/mol
 Total mean interaction energy in the mix (H_int)  :        -8.23148 kcal/mol
 Misfit interaction energy in the mix (H_MF)       :         3.61858 kcal/mol
 H-Bond interaction energy in the mix (H_HB)       :        -2.11204 kcal/mol
 VdW interaction energy in the mix (H_vdW)         :       -24.72358 kcal/mol
 Gas liquid transition energy in the mix (H_glt)   :        14.86330 kcal/mol

 Compound: 3  (lacticacid)
 Chemical potential of the compound in the mixture :         4.46790 kcal/mol
 Log10(partial pressure [mbar])                    :        -0.78413
 Free energy of molecule in mix (E_COSMO+dE+Mu)    :   -215744.21224 kcal/mol
 Total mean interaction energy in the mix (H_int)  :        -7.87366 kcal/mol
 Misfit interaction energy in the mix (H_MF)       :         1.98321 kcal/mol
 H-Bond interaction energy in the mix (H_HB)       :        -7.04235 kcal/mol
 VdW interaction energy in the mix (H_vdW)         :       -13.27959 kcal/mol
 Gas liquid transition energy in the mix (H_glt)   :         8.25184 kcal/mol



 Compound: 1 Conformer: 1 (h2o_c0)
 Chemical potential of the molecule in the mixture :         3.46911 kcal/mol
 Log10(partial pressure [mbar])                    :         1.52861
 Free energy of molecule in mix (E_COSMO+dE+Mu)    :    -47989.78416 kcal/mol
 Total mean interaction energy in the mix          :        -5.54376 kcal/mol
 Misfit interaction energy in the mix              :         0.59161 kcal/mol
 H-Bond interaction energy in the mix              :        -4.72893 kcal/mol
 VdW interaction energy in the mix                 :        -4.33850 kcal/mol
 Gas liquid transition energy in the mix (H_glt)   :         2.93205 kcal/mol
 Normalized weight factor of molecule in compound  :         1.00000
 Normalized weight factor of molecule in gas phase :         1.00000

 Compound: 2 Conformer: 1 (4-nonanone_c0)
 Chemical potential of the molecule in the mixture :         7.84305 kcal/mol
 Log10(partial pressure [mbar])                    :         4.58425
 Free energy of molecule in mix (E_COSMO+dE+Mu)    :   -269350.06588 kcal/mol
 Total mean interaction energy in the mix          :        -8.32940 kcal/mol
 Misfit interaction energy in the mix              :         3.66353 kcal/mol
 H-Bond interaction energy in the mix              :        -1.98903 kcal/mol
 VdW interaction energy in the mix                 :       -24.86720 kcal/mol
 Gas liquid transition energy in the mix (H_glt)   :        14.86330 kcal/mol
 Normalized weight factor of molecule in compound  :         0.23045
 Normalized weight factor of molecule in gas phase :         0.18958

 Compound: 2 Conformer: 2 (4-nonanone_c1)
 Chemical potential of the molecule in the mixture :         7.71948 kcal/mol
 Log10(partial pressure [mbar])                    :         4.36361
 Free energy of molecule in mix (E_COSMO+dE+Mu)    :   -269350.02123 kcal/mol
 Total mean interaction energy in the mix          :        -8.52724 kcal/mol
 Misfit interaction energy in the mix              :         3.62782 kcal/mol
 H-Bond interaction energy in the mix              :        -2.28261 kcal/mol
 VdW interaction energy in the mix                 :       -24.73575 kcal/mol
 Gas liquid transition energy in the mix (H_glt)   :        14.86330 kcal/mol
 Normalized weight factor of molecule in compound  :         0.21450
 Normalized weight factor of molecule in gas phase :         0.10617

 Compound: 2 Conformer: 3 (4-nonanone_c2)
 Chemical potential of the molecule in the mixture :         8.08427 kcal/mol
 Log10(partial pressure [mbar])                    :         4.98391
 Free energy of molecule in mix (E_COSMO+dE+Mu)    :   -269349.85040 kcal/mol
 Total mean interaction energy in the mix          :        -8.05231 kcal/mol
 Misfit interaction energy in the mix              :         3.55812 kcal/mol
 H-Bond interaction energy in the mix              :        -1.90164 kcal/mol
 VdW interaction energy in the mix                 :       -24.57209 kcal/mol
 Gas liquid transition energy in the mix (H_glt)   :        14.86330 kcal/mol
 Normalized weight factor of molecule in compound  :         0.16301
 Normalized weight factor of molecule in gas phase :         0.33080

 Compound: 2 Conformer: 4 (4-nonanone_c3)
 Chemical potential of the molecule in the mixture :         8.01698 kcal/mol
 Log10(partial pressure [mbar])                    :         4.91795
 Free energy of molecule in mix (E_COSMO+dE+Mu)    :   -269349.84174 kcal/mol
 Total mean interaction energy in the mix          :        -8.07104 kcal/mol
 Misfit interaction energy in the mix              :         3.59969 kcal/mol
 H-Bond interaction energy in the mix              :        -1.91784 kcal/mol
 VdW interaction energy in the mix                 :       -24.61618 kcal/mol
 Gas liquid transition energy in the mix (H_glt)   :        14.86330 kcal/mol
 Normalized weight factor of molecule in compound  :         0.16075
 Normalized weight factor of molecule in gas phase :         0.28143

 Compound: 2 Conformer: 5 (4-nonanone_c4)
 Chemical potential of the molecule in the mixture :         7.59621 kcal/mol
 Log10(partial pressure [mbar])                    :         4.26875
 Free energy of molecule in mix (E_COSMO+dE+Mu)    :   -269350.06814 kcal/mol
 Total mean interaction energy in the mix          :        -8.62603 kcal/mol
 Misfit interaction energy in the mix              :         3.62095 kcal/mol
 H-Bond interaction energy in the mix              :        -2.35967 kcal/mol
 VdW interaction energy in the mix                 :       -24.75061 kcal/mol
 Gas liquid transition energy in the mix (H_glt)   :        14.86330 kcal/mol
 Normalized weight factor of molecule in compound  :         0.23129
 Normalized weight factor of molecule in gas phase :         0.09202

 Compound: 3 Conformer: 1 (lacticacid_c0)
 Chemical potential of the molecule in the mixture :         6.41954 kcal/mol
 Log10(partial pressure [mbar])                    :        -0.56007
 Free energy of molecule in mix (E_COSMO+dE+Mu)    :   -215742.26060 kcal/mol
 Total mean interaction energy in the mix          :        -7.35958 kcal/mol
 Misfit interaction energy in the mix              :         2.01779 kcal/mol
 H-Bond interaction energy in the mix              :        -4.40086 kcal/mol
 VdW interaction energy in the mix                 :       -13.22835 kcal/mol
 Gas liquid transition energy in the mix (H_glt)   :         8.25184 kcal/mol
 Normalized weight factor of molecule in compound  :         0.04345
 Normalized weight factor of molecule in gas phase :         0.00603

 Compound: 3 Conformer: 2 (lacticacid_c1)
 Chemical potential of the molecule in the mixture :         6.54076 kcal/mol
 Log10(partial pressure [mbar])                    :        -0.08509
 Free energy of molecule in mix (E_COSMO+dE+Mu)    :   -215741.95789 kcal/mol
 Total mean interaction energy in the mix          :        -6.92244 kcal/mol
 Misfit interaction energy in the mix              :         2.12796 kcal/mol
 H-Bond interaction energy in the mix              :        -4.09689 kcal/mol
 VdW interaction energy in the mix                 :       -13.20535 kcal/mol
 Gas liquid transition energy in the mix (H_glt)   :         8.25184 kcal/mol
 Normalized weight factor of molecule in compound  :         0.02671
 Normalized weight factor of molecule in gas phase :         0.01137

 Compound: 3 Conformer: 3 (lacticacid_c2)
 Chemical potential of the molecule in the mixture :         4.70088 kcal/mol
 Log10(partial pressure [mbar])                    :         0.60674
 Free energy of molecule in mix (E_COSMO+dE+Mu)    :   -215742.90559 kcal/mol
 Total mean interaction energy in the mix          :        -8.02435 kcal/mol
 Misfit interaction energy in the mix              :         2.06110 kcal/mol
 H-Bond interaction energy in the mix              :        -5.04684 kcal/mol
 VdW interaction energy in the mix                 :       -13.29045 kcal/mol
 Gas liquid transition energy in the mix (H_glt)   :         8.25184 kcal/mol
 Normalized weight factor of molecule in compound  :         0.12249
 Normalized weight factor of molecule in gas phase :         0.93300

 Compound: 3 Conformer: 4 (lacticacid_c3)
 Chemical potential of the molecule in the mixture :         2.94048 kcal/mol
 Log10(partial pressure [mbar])                    :        -1.65847
 Free energy of molecule in mix (E_COSMO+dE+Mu)    :   -215743.24495 kcal/mol
 Total mean interaction energy in the mix          :       -10.14125 kcal/mol
 Misfit interaction energy in the mix              :         1.98124 kcal/mol
 H-Bond interaction energy in the mix              :        -7.10696 kcal/mol
 VdW interaction energy in the mix                 :       -13.26737 kcal/mol
 Gas liquid transition energy in the mix (H_glt)   :         8.25184 kcal/mol
 Normalized weight factor of molecule in compound  :         0.21131
 Normalized weight factor of molecule in gas phase :         0.02822

 Compound: 3 Conformer: 5 (lacticacid_c4)
 Chemical potential of the molecule in the mixture :         2.42580 kcal/mol
 Log10(partial pressure [mbar])                    :        -3.57841
 Free energy of molecule in mix (E_COSMO+dE+Mu)    :   -215743.67303 kcal/mol
 Total mean interaction energy in the mix          :       -11.08924 kcal/mol
 Misfit interaction energy in the mix              :         1.95972 kcal/mol
 H-Bond interaction energy in the mix              :        -8.01215 kcal/mol
 VdW interaction energy in the mix                 :       -13.28865 kcal/mol
 Gas liquid transition energy in the mix (H_glt)   :         8.25184 kcal/mol
 Normalized weight factor of molecule in compound  :         0.42042
 Normalized weight factor of molecule in gas phase :         0.00067

 Compound: 3 Conformer: 6 (lacticacid_c5)
 Chemical potential of the molecule in the mixture :         2.90566 kcal/mol
 Log10(partial pressure [mbar])                    :        -1.71242
 Free energy of molecule in mix (E_COSMO+dE+Mu)    :   -215743.12980 kcal/mol
 Total mean interaction energy in the mix          :       -10.21644 kcal/mol
 Misfit interaction energy in the mix              :         1.95695 kcal/mol
 H-Bond interaction energy in the mix              :        -7.13626 kcal/mol
 VdW interaction energy in the mix                 :       -13.28896 kcal/mol
 Gas liquid transition energy in the mix (H_glt)   :         8.25184 kcal/mol
 Normalized weight factor of molecule in compound  :         0.17562
 Normalized weight factor of molecule in gas phase :         0.02069




 Results for mixture 20 - LIQ_EX Phase 2 Iteration    9
 ----------------------
 Temperature          :    313.150 K
 Compound Nr.         :         1         2         3
 Compound             :       h2o 4-nonanon lacticaci
 Mole Fraction        :    0.0408    0.9588    0.0004

 Compound: 1  (h2o)
 Chemical potential of the compound in the mixture :         5.45918 kcal/mol
 Log10(partial pressure [mbar])                    :         2.91746
 Free energy of molecule in mix (E_COSMO+dE+Mu)    :    -47987.79409 kcal/mol
 Total mean interaction energy in the mix (H_int)  :        -2.46429 kcal/mol
 Misfit interaction energy in the mix (H_MF)       :         1.62807 kcal/mol
 H-Bond interaction energy in the mix (H_HB)       :        -2.42582 kcal/mol
 VdW interaction energy in the mix (H_vdW)         :        -4.59860 kcal/mol
 Gas liquid transition energy in the mix (H_glt)   :         2.93205 kcal/mol
 Equilibrium constant Kx(1,2)                      :        24.48258
 Equilibrium concentration x_k(1,2)                :         0.96076

 Compound: 2  (4-nonanone)
 Chemical potential of the compound in the mixture :         0.78124 kcal/mol
 Log10(partial pressure [mbar])                    :         0.36010
 Free energy of molecule in mix (E_COSMO+dE+Mu)    :   -269357.15343 kcal/mol
 Total mean interaction energy in the mix (H_int)  :        -7.19610 kcal/mol
 Misfit interaction energy in the mix (H_MF)       :         3.61473 kcal/mol
 H-Bond interaction energy in the mix (H_HB)       :        -0.08761 kcal/mol
 VdW interaction energy in the mix (H_vdW)         :       -25.67091 kcal/mol
 Gas liquid transition energy in the mix (H_glt)   :        14.86330 kcal/mol
 Equilibrium constant Kx(1,2)                      :  4.90969538E-05
 Equilibrium concentration x_k(1,2)                :         0.00005

 Compound: 3  (lacticacid)
 Chemical potential of the compound in the mixture :         4.69908 kcal/mol
 Log10(partial pressure [mbar])                    :        -0.62279
 Free energy of molecule in mix (E_COSMO+dE+Mu)    :   -215743.98106 kcal/mol
 Total mean interaction energy in the mix (H_int)  :        -4.34239 kcal/mol
 Misfit interaction energy in the mix (H_MF)       :         2.52710 kcal/mol
 H-Bond interaction energy in the mix (H_HB)       :        -2.36125 kcal/mol
 VdW interaction energy in the mix (H_vdW)         :       -14.01425 kcal/mol
 Gas liquid transition energy in the mix (H_glt)   :         8.25184 kcal/mol
 Equilibrium constant Kx(1,2)                      :         1.44990
 Equilibrium concentration x_k(1,2)                :         0.59182



 Compound: 1 Conformer: 1 (h2o_c0)
 Chemical potential of the molecule in the mixture :         5.45918 kcal/mol
 Log10(partial pressure [mbar])                    :         2.91746
 Free energy of molecule in mix (E_COSMO+dE+Mu)    :    -47987.79409 kcal/mol
 Total mean interaction energy in the mix          :        -2.46429 kcal/mol
 Misfit interaction energy in the mix              :         1.62807 kcal/mol
 H-Bond interaction energy in the mix              :        -2.42582 kcal/mol
 VdW interaction energy in the mix                 :        -4.59860 kcal/mol
 Gas liquid transition energy in the mix (H_glt)   :         2.93205 kcal/mol
 Normalized weight factor of molecule in compound  :         1.00000
 Normalized weight factor of molecule in gas phase :         1.00000

 Compound: 2 Conformer: 1 (4-nonanone_c0)
 Chemical potential of the molecule in the mixture :         1.53844 kcal/mol
 Log10(partial pressure [mbar])                    :         0.18430
 Free energy of molecule in mix (E_COSMO+dE+Mu)    :   -269356.37050 kcal/mol
 Total mean interaction energy in the mix          :        -7.40028 kcal/mol
 Misfit interaction energy in the mix              :         3.64294 kcal/mol
 H-Bond interaction energy in the mix              :        -0.07039 kcal/mol
 VdW interaction energy in the mix                 :       -25.83613 kcal/mol
 Gas liquid transition energy in the mix (H_glt)   :        14.86330 kcal/mol
 Normalized weight factor of molecule in compound  :         0.28418
 Normalized weight factor of molecule in gas phase :         0.18958

 Compound: 2 Conformer: 2 (4-nonanone_c1)
 Chemical potential of the molecule in the mixture :         1.83322 kcal/mol
 Log10(partial pressure [mbar])                    :         0.25562
 Free energy of molecule in mix (E_COSMO+dE+Mu)    :   -269355.90749 kcal/mol
 Total mean interaction energy in the mix          :        -7.23572 kcal/mol
 Misfit interaction energy in the mix              :         3.73654 kcal/mol
 H-Bond interaction energy in the mix              :        -0.13147 kcal/mol
 VdW interaction energy in the mix                 :       -25.70410 kcal/mol
 Gas liquid transition energy in the mix (H_glt)   :        14.86330 kcal/mol
 Normalized weight factor of molecule in compound  :         0.13504
 Normalized weight factor of molecule in gas phase :         0.10617

 Compound: 2 Conformer: 3 (4-nonanone_c2)
 Chemical potential of the molecule in the mixture :         1.69314 kcal/mol
 Log10(partial pressure [mbar])                    :         0.52358
 Free energy of molecule in mix (E_COSMO+dE+Mu)    :   -269356.24153 kcal/mol
 Total mean interaction energy in the mix          :        -7.20651 kcal/mol
 Misfit interaction energy in the mix              :         3.52073 kcal/mol
 H-Bond interaction energy in the mix              :        -0.07012 kcal/mol
 VdW interaction energy in the mix                 :       -25.52042 kcal/mol
 Gas liquid transition energy in the mix (H_glt)   :        14.86330 kcal/mol
 Normalized weight factor of molecule in compound  :         0.23099
 Normalized weight factor of molecule in gas phase :         0.33080

 Compound: 2 Conformer: 4 (4-nonanone_c3)
 Chemical potential of the molecule in the mixture :         1.63445 kcal/mol
 Log10(partial pressure [mbar])                    :         0.46362
 Free energy of molecule in mix (E_COSMO+dE+Mu)    :   -269356.22427 kcal/mol
 Total mean interaction energy in the mix          :        -7.23236 kcal/mol
 Misfit interaction energy in the mix              :         3.53794 kcal/mol
 H-Bond interaction energy in the mix              :        -0.06524 kcal/mol
 VdW interaction energy in the mix                 :       -25.56836 kcal/mol
 Gas liquid transition energy in the mix (H_glt)   :        14.86330 kcal/mol
 Normalized weight factor of molecule in compound  :         0.22467
 Normalized weight factor of molecule in gas phase :         0.28143

 Compound: 2 Conformer: 5 (4-nonanone_c4)
 Chemical potential of the molecule in the mixture :         1.80431 kcal/mol
 Log10(partial pressure [mbar])                    :         0.22661
 Free energy of molecule in mix (E_COSMO+dE+Mu)    :   -269355.86005 kcal/mol
 Total mean interaction energy in the mix          :        -7.27979 kcal/mol
 Misfit interaction energy in the mix              :         3.73057 kcal/mol
 H-Bond interaction energy in the mix              :        -0.15185 kcal/mol
 VdW interaction energy in the mix                 :       -25.72182 kcal/mol
 Gas liquid transition energy in the mix (H_glt)   :        14.86330 kcal/mol
 Normalized weight factor of molecule in compound  :         0.12513
 Normalized weight factor of molecule in gas phase :         0.09202

 Compound: 3 Conformer: 1 (lacticacid_c0)
 Chemical potential of the molecule in the mixture :         6.34080 kcal/mol
 Log10(partial pressure [mbar])                    :        -0.61503
 Free energy of molecule in mix (E_COSMO+dE+Mu)    :   -215742.33934 kcal/mol
 Total mean interaction energy in the mix          :        -4.43786 kcal/mol
 Misfit interaction energy in the mix              :         3.16861 kcal/mol
 H-Bond interaction energy in the mix              :        -1.88113 kcal/mol
 VdW interaction energy in the mix                 :       -13.97719 kcal/mol
 Gas liquid transition energy in the mix (H_glt)   :         8.25184 kcal/mol
 Normalized weight factor of molecule in compound  :         0.07149
 Normalized weight factor of molecule in gas phase :         0.00603

 Compound: 3 Conformer: 2 (lacticacid_c1)
 Chemical potential of the molecule in the mixture :         6.72465 kcal/mol
 Log10(partial pressure [mbar])                    :         0.04325
 Free energy of molecule in mix (E_COSMO+dE+Mu)    :   -215741.77400 kcal/mol
 Total mean interaction energy in the mix          :        -4.12616 kcal/mol
 Misfit interaction energy in the mix              :         3.12279 kcal/mol
 H-Bond interaction energy in the mix              :        -1.55281 kcal/mol
 VdW interaction energy in the mix                 :       -13.94799 kcal/mol
 Gas liquid transition energy in the mix (H_glt)   :         8.25184 kcal/mol
 Normalized weight factor of molecule in compound  :         0.02882
 Normalized weight factor of molecule in gas phase :         0.01137

 Compound: 3 Conformer: 3 (lacticacid_c2)
 Chemical potential of the molecule in the mixture :         3.83856 kcal/mol
 Log10(partial pressure [mbar])                    :  4.93546801E-03
 Free energy of molecule in mix (E_COSMO+dE+Mu)    :   -215743.76790 kcal/mol
 Total mean interaction energy in the mix          :        -5.62325 kcal/mol
 Misfit interaction energy in the mix              :         2.36279 kcal/mol
 H-Bond interaction energy in the mix              :        -2.21861 kcal/mol
 VdW interaction energy in the mix                 :       -14.01927 kcal/mol
 Gas liquid transition energy in the mix (H_glt)   :         8.25184 kcal/mol
 Normalized weight factor of molecule in compound  :         0.70996
 Normalized weight factor of molecule in gas phase :         0.93300

 Compound: 3 Conformer: 4 (lacticacid_c3)
 Chemical potential of the molecule in the mixture :         3.71571 kcal/mol
 Log10(partial pressure [mbar])                    :        -1.11745
 Free energy of molecule in mix (E_COSMO+dE+Mu)    :   -215742.46972 kcal/mol
 Total mean interaction energy in the mix          :        -6.16709 kcal/mol
 Misfit interaction energy in the mix              :         2.71812 kcal/mol
 H-Bond interaction energy in the mix              :        -3.13389 kcal/mol
 VdW interaction energy in the mix                 :       -14.00316 kcal/mol
 Gas liquid transition energy in the mix (H_glt)   :         8.25184 kcal/mol
 Normalized weight factor of molecule in compound  :         0.08815
 Normalized weight factor of molecule in gas phase :         0.02822

 Compound: 3 Conformer: 5 (lacticacid_c4)
 Chemical potential of the molecule in the mixture :         4.30551 kcal/mol
 Log10(partial pressure [mbar])                    :        -2.26657
 Free energy of molecule in mix (E_COSMO+dE+Mu)    :   -215741.79332 kcal/mol
 Total mean interaction energy in the mix          :        -5.98654 kcal/mol
 Misfit interaction energy in the mix              :         3.32664 kcal/mol
 H-Bond interaction energy in the mix              :        -3.51883 kcal/mol
 VdW interaction energy in the mix                 :       -14.04619 kcal/mol
 Gas liquid transition energy in the mix (H_glt)   :         8.25184 kcal/mol
 Normalized weight factor of molecule in compound  :         0.02973
 Normalized weight factor of molecule in gas phase :         0.00067

 Compound: 3 Conformer: 6 (lacticacid_c5)
 Chemical potential of the molecule in the mixture :         3.69304 kcal/mol
 Log10(partial pressure [mbar])                    :        -1.16291
 Free energy of molecule in mix (E_COSMO+dE+Mu)    :   -215742.34242 kcal/mol
 Total mean interaction energy in the mix          :        -6.21425 kcal/mol
 Misfit interaction energy in the mix              :         2.70824 kcal/mol
 H-Bond interaction energy in the mix              :        -3.14587 kcal/mol
 VdW interaction energy in the mix                 :       -14.02846 kcal/mol
 Gas liquid transition energy in the mix (H_glt)   :         8.25184 kcal/mol
 Normalized weight factor of molecule in compound  :         0.07185
 Normalized weight factor of molecule in gas phase :         0.02069




 Results for mixture 21 - LIQ_EX Phase 1 Iteration   10
 ----------------------
 Temperature          :    313.150 K
 Compound Nr.         :         1         2         3
 Compound             :       h2o 4-nonanon lacticaci
 Mole Fraction        :    0.9994    0.0000    0.0006

 Compound: 1  (h2o)
 Chemical potential of the compound in the mixture :         3.46911 kcal/mol
 Log10(partial pressure [mbar])                    :         1.52861
 Free energy of molecule in mix (E_COSMO+dE+Mu)    :    -47989.78416 kcal/mol
 Total mean interaction energy in the mix (H_int)  :        -5.54376 kcal/mol
 Misfit interaction energy in the mix (H_MF)       :         0.59161 kcal/mol
 H-Bond interaction energy in the mix (H_HB)       :        -4.72893 kcal/mol
 VdW interaction energy in the mix (H_vdW)         :        -4.33850 kcal/mol
 Gas liquid transition energy in the mix (H_glt)   :         2.93205 kcal/mol

 Compound: 2  (4-nonanone)
 Chemical potential of the compound in the mixture :         6.95545 kcal/mol
 Log10(partial pressure [mbar])                    :         4.66904
 Free energy of molecule in mix (E_COSMO+dE+Mu)    :   -269350.97922 kcal/mol
 Total mean interaction energy in the mix (H_int)  :        -8.23148 kcal/mol
 Misfit interaction energy in the mix (H_MF)       :         3.61858 kcal/mol
 H-Bond interaction energy in the mix (H_HB)       :        -2.11204 kcal/mol
 VdW interaction energy in the mix (H_vdW)         :       -24.72358 kcal/mol
 Gas liquid transition energy in the mix (H_glt)   :        14.86330 kcal/mol

 Compound: 3  (lacticacid)
 Chemical potential of the compound in the mixture :         4.46790 kcal/mol
 Log10(partial pressure [mbar])                    :        -0.78413
 Free energy of molecule in mix (E_COSMO+dE+Mu)    :   -215744.21224 kcal/mol
 Total mean interaction energy in the mix (H_int)  :        -7.87366 kcal/mol
 Misfit interaction energy in the mix (H_MF)       :         1.98321 kcal/mol
 H-Bond interaction energy in the mix (H_HB)       :        -7.04235 kcal/mol
 VdW interaction energy in the mix (H_vdW)         :       -13.27959 kcal/mol
 Gas liquid transition energy in the mix (H_glt)   :         8.25184 kcal/mol



 Compound: 1 Conformer: 1 (h2o_c0)
 Chemical potential of the molecule in the mixture :         3.46911 kcal/mol
 Log10(partial pressure [mbar])                    :         1.52861
 Free energy of molecule in mix (E_COSMO+dE+Mu)    :    -47989.78416 kcal/mol
 Total mean interaction energy in the mix          :        -5.54376 kcal/mol
 Misfit interaction energy in the mix              :         0.59161 kcal/mol
 H-Bond interaction energy in the mix              :        -4.72893 kcal/mol
 VdW interaction energy in the mix                 :        -4.33850 kcal/mol
 Gas liquid transition energy in the mix (H_glt)   :         2.93205 kcal/mol
 Normalized weight factor of molecule in compound  :         1.00000
 Normalized weight factor of molecule in gas phase :         1.00000

 Compound: 2 Conformer: 1 (4-nonanone_c0)
 Chemical potential of the molecule in the mixture :         7.84306 kcal/mol
 Log10(partial pressure [mbar])                    :         4.58426
 Free energy of molecule in mix (E_COSMO+dE+Mu)    :   -269350.06588 kcal/mol
 Total mean interaction energy in the mix          :        -8.32940 kcal/mol
 Misfit interaction energy in the mix              :         3.66353 kcal/mol
 H-Bond interaction energy in the mix              :        -1.98903 kcal/mol
 VdW interaction energy in the mix                 :       -24.86720 kcal/mol
 Gas liquid transition energy in the mix (H_glt)   :        14.86330 kcal/mol
 Normalized weight factor of molecule in compound  :         0.23045
 Normalized weight factor of molecule in gas phase :         0.18958

 Compound: 2 Conformer: 2 (4-nonanone_c1)
 Chemical potential of the molecule in the mixture :         7.71948 kcal/mol
 Log10(partial pressure [mbar])                    :         4.36361
 Free energy of molecule in mix (E_COSMO+dE+Mu)    :   -269350.02123 kcal/mol
 Total mean interaction energy in the mix          :        -8.52724 kcal/mol
 Misfit interaction energy in the mix              :         3.62781 kcal/mol
 H-Bond interaction energy in the mix              :        -2.28261 kcal/mol
 VdW interaction energy in the mix                 :       -24.73575 kcal/mol
 Gas liquid transition energy in the mix (H_glt)   :        14.86330 kcal/mol
 Normalized weight factor of molecule in compound  :         0.21450
 Normalized weight factor of molecule in gas phase :         0.10617

 Compound: 2 Conformer: 3 (4-nonanone_c2)
 Chemical potential of the molecule in the mixture :         8.08427 kcal/mol
 Log10(partial pressure [mbar])                    :         4.98391
 Free energy of molecule in mix (E_COSMO+dE+Mu)    :   -269349.85040 kcal/mol
 Total mean interaction energy in the mix          :        -8.05231 kcal/mol
 Misfit interaction energy in the mix              :         3.55812 kcal/mol
 H-Bond interaction energy in the mix              :        -1.90164 kcal/mol
 VdW interaction energy in the mix                 :       -24.57209 kcal/mol
 Gas liquid transition energy in the mix (H_glt)   :        14.86330 kcal/mol
 Normalized weight factor of molecule in compound  :         0.16301
 Normalized weight factor of molecule in gas phase :         0.33080

 Compound: 2 Conformer: 4 (4-nonanone_c3)
 Chemical potential of the molecule in the mixture :         8.01698 kcal/mol
 Log10(partial pressure [mbar])                    :         4.91795
 Free energy of molecule in mix (E_COSMO+dE+Mu)    :   -269349.84173 kcal/mol
 Total mean interaction energy in the mix          :        -8.07104 kcal/mol
 Misfit interaction energy in the mix              :         3.59969 kcal/mol
 H-Bond interaction energy in the mix              :        -1.91784 kcal/mol
 VdW interaction energy in the mix                 :       -24.61618 kcal/mol
 Gas liquid transition energy in the mix (H_glt)   :        14.86330 kcal/mol
 Normalized weight factor of molecule in compound  :         0.16075
 Normalized weight factor of molecule in gas phase :         0.28143

 Compound: 2 Conformer: 5 (4-nonanone_c4)
 Chemical potential of the molecule in the mixture :         7.59621 kcal/mol
 Log10(partial pressure [mbar])                    :         4.26875
 Free energy of molecule in mix (E_COSMO+dE+Mu)    :   -269350.06814 kcal/mol
 Total mean interaction energy in the mix          :        -8.62603 kcal/mol
 Misfit interaction energy in the mix              :         3.62095 kcal/mol
 H-Bond interaction energy in the mix              :        -2.35967 kcal/mol
 VdW interaction energy in the mix                 :       -24.75061 kcal/mol
 Gas liquid transition energy in the mix (H_glt)   :        14.86330 kcal/mol
 Normalized weight factor of molecule in compound  :         0.23129
 Normalized weight factor of molecule in gas phase :         0.09202

 Compound: 3 Conformer: 1 (lacticacid_c0)
 Chemical potential of the molecule in the mixture :         6.41954 kcal/mol
 Log10(partial pressure [mbar])                    :        -0.56007
 Free energy of molecule in mix (E_COSMO+dE+Mu)    :   -215742.26060 kcal/mol
 Total mean interaction energy in the mix          :        -7.35958 kcal/mol
 Misfit interaction energy in the mix              :         2.01779 kcal/mol
 H-Bond interaction energy in the mix              :        -4.40086 kcal/mol
 VdW interaction energy in the mix                 :       -13.22835 kcal/mol
 Gas liquid transition energy in the mix (H_glt)   :         8.25184 kcal/mol
 Normalized weight factor of molecule in compound  :         0.04345
 Normalized weight factor of molecule in gas phase :         0.00603

 Compound: 3 Conformer: 2 (lacticacid_c1)
 Chemical potential of the molecule in the mixture :         6.54076 kcal/mol
 Log10(partial pressure [mbar])                    :        -0.08509
 Free energy of molecule in mix (E_COSMO+dE+Mu)    :   -215741.95789 kcal/mol
 Total mean interaction energy in the mix          :        -6.92244 kcal/mol
 Misfit interaction energy in the mix              :         2.12796 kcal/mol
 H-Bond interaction energy in the mix              :        -4.09689 kcal/mol
 VdW interaction energy in the mix                 :       -13.20535 kcal/mol
 Gas liquid transition energy in the mix (H_glt)   :         8.25184 kcal/mol
 Normalized weight factor of molecule in compound  :         0.02671
 Normalized weight factor of molecule in gas phase :         0.01137

 Compound: 3 Conformer: 3 (lacticacid_c2)
 Chemical potential of the molecule in the mixture :         4.70088 kcal/mol
 Log10(partial pressure [mbar])                    :         0.60674
 Free energy of molecule in mix (E_COSMO+dE+Mu)    :   -215742.90559 kcal/mol
 Total mean interaction energy in the mix          :        -8.02435 kcal/mol
 Misfit interaction energy in the mix              :         2.06110 kcal/mol
 H-Bond interaction energy in the mix              :        -5.04684 kcal/mol
 VdW interaction energy in the mix                 :       -13.29045 kcal/mol
 Gas liquid transition energy in the mix (H_glt)   :         8.25184 kcal/mol
 Normalized weight factor of molecule in compound  :         0.12249
 Normalized weight factor of molecule in gas phase :         0.93300

 Compound: 3 Conformer: 4 (lacticacid_c3)
 Chemical potential of the molecule in the mixture :         2.94048 kcal/mol
 Log10(partial pressure [mbar])                    :        -1.65847
 Free energy of molecule in mix (E_COSMO+dE+Mu)    :   -215743.24495 kcal/mol
 Total mean interaction energy in the mix          :       -10.14125 kcal/mol
 Misfit interaction energy in the mix              :         1.98124 kcal/mol
 H-Bond interaction energy in the mix              :        -7.10696 kcal/mol
 VdW interaction energy in the mix                 :       -13.26737 kcal/mol
 Gas liquid transition energy in the mix (H_glt)   :         8.25184 kcal/mol
 Normalized weight factor of molecule in compound  :         0.21131
 Normalized weight factor of molecule in gas phase :         0.02822

 Compound: 3 Conformer: 5 (lacticacid_c4)
 Chemical potential of the molecule in the mixture :         2.42580 kcal/mol
 Log10(partial pressure [mbar])                    :        -3.57841
 Free energy of molecule in mix (E_COSMO+dE+Mu)    :   -215743.67303 kcal/mol
 Total mean interaction energy in the mix          :       -11.08924 kcal/mol
 Misfit interaction energy in the mix              :         1.95972 kcal/mol
 H-Bond interaction energy in the mix              :        -8.01215 kcal/mol
 VdW interaction energy in the mix                 :       -13.28865 kcal/mol
 Gas liquid transition energy in the mix (H_glt)   :         8.25184 kcal/mol
 Normalized weight factor of molecule in compound  :         0.42042
 Normalized weight factor of molecule in gas phase :         0.00067

 Compound: 3 Conformer: 6 (lacticacid_c5)
 Chemical potential of the molecule in the mixture :         2.90566 kcal/mol
 Log10(partial pressure [mbar])                    :        -1.71242
 Free energy of molecule in mix (E_COSMO+dE+Mu)    :   -215743.12980 kcal/mol
 Total mean interaction energy in the mix          :       -10.21644 kcal/mol
 Misfit interaction energy in the mix              :         1.95695 kcal/mol
 H-Bond interaction energy in the mix              :        -7.13627 kcal/mol
 VdW interaction energy in the mix                 :       -13.28896 kcal/mol
 Gas liquid transition energy in the mix (H_glt)   :         8.25184 kcal/mol
 Normalized weight factor of molecule in compound  :         0.17562
 Normalized weight factor of molecule in gas phase :         0.02069




 Results for mixture 22 - LIQ_EX Phase 2 Iteration   10
 ----------------------
 Temperature          :    313.150 K
 Compound Nr.         :         1         2         3
 Compound             :       h2o 4-nonanon lacticaci
 Mole Fraction        :    0.0408    0.9588    0.0004

 Compound: 1  (h2o)
 Chemical potential of the compound in the mixture :         5.45908 kcal/mol
 Log10(partial pressure [mbar])                    :         2.91740
 Free energy of molecule in mix (E_COSMO+dE+Mu)    :    -47987.79419 kcal/mol
 Total mean interaction energy in the mix (H_int)  :        -2.46444 kcal/mol
 Misfit interaction energy in the mix (H_MF)       :         1.62799 kcal/mol
 H-Bond interaction energy in the mix (H_HB)       :        -2.42589 kcal/mol
 VdW interaction energy in the mix (H_vdW)         :        -4.59860 kcal/mol
 Gas liquid transition energy in the mix (H_glt)   :         2.93205 kcal/mol
 Equilibrium constant Kx(1,2)                      :        24.47876
 Equilibrium concentration x_k(1,2)                :         0.96075

 Compound: 2  (4-nonanone)
 Chemical potential of the compound in the mixture :         0.78124 kcal/mol
 Log10(partial pressure [mbar])                    :         0.36010
 Free energy of molecule in mix (E_COSMO+dE+Mu)    :   -269357.15343 kcal/mol
 Total mean interaction energy in the mix (H_int)  :        -7.19613 kcal/mol
 Misfit interaction energy in the mix (H_MF)       :         3.61473 kcal/mol
 H-Bond interaction energy in the mix (H_HB)       :        -0.08765 kcal/mol
 VdW interaction energy in the mix (H_vdW)         :       -25.67091 kcal/mol
 Gas liquid transition energy in the mix (H_glt)   :        14.86330 kcal/mol
 Equilibrium constant Kx(1,2)                      :  4.90971737E-05
 Equilibrium concentration x_k(1,2)                :         0.00005

 Compound: 3  (lacticacid)
 Chemical potential of the compound in the mixture :         4.69900 kcal/mol
 Log10(partial pressure [mbar])                    :        -0.62284
 Free energy of molecule in mix (E_COSMO+dE+Mu)    :   -215743.98114 kcal/mol
 Total mean interaction energy in the mix (H_int)  :        -4.34249 kcal/mol
 Misfit interaction energy in the mix (H_MF)       :         2.52705 kcal/mol
 H-Bond interaction energy in the mix (H_HB)       :        -2.36132 kcal/mol
 VdW interaction energy in the mix (H_vdW)         :       -14.01424 kcal/mol
 Gas liquid transition energy in the mix (H_glt)   :         8.25184 kcal/mol
 Equilibrium constant Kx(1,2)                      :         1.44973
 Equilibrium concentration x_k(1,2)                :         0.59179



 Compound: 1 Conformer: 1 (h2o_c0)
 Chemical potential of the molecule in the mixture :         5.45908 kcal/mol
 Log10(partial pressure [mbar])                    :         2.91740
 Free energy of molecule in mix (E_COSMO+dE+Mu)    :    -47987.79419 kcal/mol
 Total mean interaction energy in the mix          :        -2.46444 kcal/mol
 Misfit interaction energy in the mix              :         1.62799 kcal/mol
 H-Bond interaction energy in the mix              :        -2.42589 kcal/mol
 VdW interaction energy in the mix                 :        -4.59860 kcal/mol
 Gas liquid transition energy in the mix (H_glt)   :         2.93205 kcal/mol
 Normalized weight factor of molecule in compound  :         1.00000
 Normalized weight factor of molecule in gas phase :         1.00000

 Compound: 2 Conformer: 1 (4-nonanone_c0)
 Chemical potential of the molecule in the mixture :         1.53844 kcal/mol
 Log10(partial pressure [mbar])                    :         0.18430
 Free energy of molecule in mix (E_COSMO+dE+Mu)    :   -269356.37049 kcal/mol
 Total mean interaction energy in the mix          :        -7.40030 kcal/mol
 Misfit interaction energy in the mix              :         3.64294 kcal/mol
 H-Bond interaction energy in the mix              :        -0.07042 kcal/mol
 VdW interaction energy in the mix                 :       -25.83612 kcal/mol
 Gas liquid transition energy in the mix (H_glt)   :        14.86330 kcal/mol
 Normalized weight factor of molecule in compound  :         0.28418
 Normalized weight factor of molecule in gas phase :         0.18958

 Compound: 2 Conformer: 2 (4-nonanone_c1)
 Chemical potential of the molecule in the mixture :         1.83322 kcal/mol
 Log10(partial pressure [mbar])                    :         0.25562
 Free energy of molecule in mix (E_COSMO+dE+Mu)    :   -269355.90749 kcal/mol
 Total mean interaction energy in the mix          :        -7.23577 kcal/mol
 Misfit interaction energy in the mix              :         3.73654 kcal/mol
 H-Bond interaction energy in the mix              :        -0.13152 kcal/mol
 VdW interaction energy in the mix                 :       -25.70409 kcal/mol
 Gas liquid transition energy in the mix (H_glt)   :        14.86330 kcal/mol
 Normalized weight factor of molecule in compound  :         0.13504
 Normalized weight factor of molecule in gas phase :         0.10617

 Compound: 2 Conformer: 3 (4-nonanone_c2)
 Chemical potential of the molecule in the mixture :         1.69315 kcal/mol
 Log10(partial pressure [mbar])                    :         0.52358
 Free energy of molecule in mix (E_COSMO+dE+Mu)    :   -269356.24152 kcal/mol
 Total mean interaction energy in the mix          :        -7.20653 kcal/mol
 Misfit interaction energy in the mix              :         3.52074 kcal/mol
 H-Bond interaction energy in the mix              :        -0.07015 kcal/mol
 VdW interaction energy in the mix                 :       -25.52041 kcal/mol
 Gas liquid transition energy in the mix (H_glt)   :        14.86330 kcal/mol
 Normalized weight factor of molecule in compound  :         0.23099
 Normalized weight factor of molecule in gas phase :         0.33080

 Compound: 2 Conformer: 4 (4-nonanone_c3)
 Chemical potential of the molecule in the mixture :         1.63446 kcal/mol
 Log10(partial pressure [mbar])                    :         0.46363
 Free energy of molecule in mix (E_COSMO+dE+Mu)    :   -269356.22426 kcal/mol
 Total mean interaction energy in the mix          :        -7.23238 kcal/mol
 Misfit interaction energy in the mix              :         3.53795 kcal/mol
 H-Bond interaction energy in the mix              :        -0.06526 kcal/mol
 VdW interaction energy in the mix                 :       -25.56836 kcal/mol
 Gas liquid transition energy in the mix (H_glt)   :        14.86330 kcal/mol
 Normalized weight factor of molecule in compound  :         0.22467
 Normalized weight factor of molecule in gas phase :         0.28143

 Compound: 2 Conformer: 5 (4-nonanone_c4)
 Chemical potential of the molecule in the mixture :         1.80430 kcal/mol
 Log10(partial pressure [mbar])                    :         0.22661
 Free energy of molecule in mix (E_COSMO+dE+Mu)    :   -269355.86005 kcal/mol
 Total mean interaction energy in the mix          :        -7.27984 kcal/mol
 Misfit interaction energy in the mix              :         3.73057 kcal/mol
 H-Bond interaction energy in the mix              :        -0.15190 kcal/mol
 VdW interaction energy in the mix                 :       -25.72181 kcal/mol
 Gas liquid transition energy in the mix (H_glt)   :        14.86330 kcal/mol
 Normalized weight factor of molecule in compound  :         0.12513
 Normalized weight factor of molecule in gas phase :         0.09202

 Compound: 3 Conformer: 1 (lacticacid_c0)
 Chemical potential of the molecule in the mixture :         6.34073 kcal/mol
 Log10(partial pressure [mbar])                    :        -0.61507
 Free energy of molecule in mix (E_COSMO+dE+Mu)    :   -215742.33941 kcal/mol
 Total mean interaction energy in the mix          :        -4.43796 kcal/mol
 Misfit interaction energy in the mix              :         3.16855 kcal/mol
 H-Bond interaction energy in the mix              :        -1.88116 kcal/mol
 VdW interaction energy in the mix                 :       -13.97718 kcal/mol
 Gas liquid transition energy in the mix (H_glt)   :         8.25184 kcal/mol
 Normalized weight factor of molecule in compound  :         0.07149
 Normalized weight factor of molecule in gas phase :         0.00603

 Compound: 3 Conformer: 2 (lacticacid_c1)
 Chemical potential of the molecule in the mixture :         6.72457 kcal/mol
 Log10(partial pressure [mbar])                    :         0.04319
 Free energy of molecule in mix (E_COSMO+dE+Mu)    :   -215741.77408 kcal/mol
 Total mean interaction energy in the mix          :        -4.12627 kcal/mol
 Misfit interaction energy in the mix              :         3.12274 kcal/mol
 H-Bond interaction energy in the mix              :        -1.55287 kcal/mol
 VdW interaction energy in the mix                 :       -13.94798 kcal/mol
 Gas liquid transition energy in the mix (H_glt)   :         8.25184 kcal/mol
 Normalized weight factor of molecule in compound  :         0.02882
 Normalized weight factor of molecule in gas phase :         0.01137

 Compound: 3 Conformer: 3 (lacticacid_c2)
 Chemical potential of the molecule in the mixture :         3.83850 kcal/mol
 Log10(partial pressure [mbar])                    :  4.88987113E-03
 Free energy of molecule in mix (E_COSMO+dE+Mu)    :   -215743.76797 kcal/mol
 Total mean interaction energy in the mix          :        -5.62334 kcal/mol
 Misfit interaction energy in the mix              :         2.36274 kcal/mol
 H-Bond interaction energy in the mix              :        -2.21866 kcal/mol
 VdW interaction energy in the mix                 :       -14.01926 kcal/mol
 Gas liquid transition energy in the mix (H_glt)   :         8.25184 kcal/mol
 Normalized weight factor of molecule in compound  :         0.70995
 Normalized weight factor of molecule in gas phase :         0.93300

 Compound: 3 Conformer: 4 (lacticacid_c3)
 Chemical potential of the molecule in the mixture :         3.71560 kcal/mol
 Log10(partial pressure [mbar])                    :        -1.11752
 Free energy of molecule in mix (E_COSMO+dE+Mu)    :   -215742.46983 kcal/mol
 Total mean interaction energy in the mix          :        -6.16724 kcal/mol
 Misfit interaction energy in the mix              :         2.71805 kcal/mol
 H-Bond interaction energy in the mix              :        -3.13398 kcal/mol
 VdW interaction energy in the mix                 :       -14.00315 kcal/mol
 Gas liquid transition energy in the mix (H_glt)   :         8.25184 kcal/mol
 Normalized weight factor of molecule in compound  :         0.08816
 Normalized weight factor of molecule in gas phase :         0.02822

 Compound: 3 Conformer: 5 (lacticacid_c4)
 Chemical potential of the molecule in the mixture :         4.30537 kcal/mol
 Log10(partial pressure [mbar])                    :        -2.26667
 Free energy of molecule in mix (E_COSMO+dE+Mu)    :   -215741.79346 kcal/mol
 Total mean interaction energy in the mix          :        -5.98675 kcal/mol
 Misfit interaction energy in the mix              :         3.32653 kcal/mol
 H-Bond interaction energy in the mix              :        -3.51894 kcal/mol
 VdW interaction energy in the mix                 :       -14.04618 kcal/mol
 Gas liquid transition energy in the mix (H_glt)   :         8.25184 kcal/mol
 Normalized weight factor of molecule in compound  :         0.02973
 Normalized weight factor of molecule in gas phase :         0.00067

 Compound: 3 Conformer: 6 (lacticacid_c5)
 Chemical potential of the molecule in the mixture :         3.69293 kcal/mol
 Log10(partial pressure [mbar])                    :        -1.16299
 Free energy of molecule in mix (E_COSMO+dE+Mu)    :   -215742.34253 kcal/mol
 Total mean interaction energy in the mix          :        -6.21440 kcal/mol
 Misfit interaction energy in the mix              :         2.70817 kcal/mol
 H-Bond interaction energy in the mix              :        -3.14595 kcal/mol
 VdW interaction energy in the mix                 :       -14.02846 kcal/mol
 Gas liquid transition energy in the mix (H_glt)   :         8.25184 kcal/mol
 Normalized weight factor of molecule in compound  :         0.07185
 Normalized weight factor of molecule in gas phase :         0.02069


 Iterative computation of Multi-Component-2-Phase-Equilibrium (LIQ_EX) converged !


----------------
 END job       1
----------------
