 -----------------------------------------
 COSMOtherm Version 19.0.0 (Revision 5259)
 -----------------------------------------
 written by Frank Eckert, Andreas Klamt, Larissa Koch, Selman Terzi
 Copyright (C) 1999-2018, COSMOlogic GmbH & Co. KG

 Job name   : !! Multi-Component-2-Phase-Equilibrium calculation                        
 Job date   : 04/10/2025
 Job time   : 17:23:16
 Hostname   : unknown
 OS type    : Windows_NT
 Executable : Windows 64-bit

 Reading COSMOtherm parameter file BP_TZVPD_FINE_19.ctd from directory C:/Program Files/COSMOlogic/COSMOthermX19/COSMOtherm/CTDATA-FILES/
 Info: # COSMOtherm parameter file ./BP_TZVPD_FINE_19.ctd for BP-TZVPD-FINE (BP-TZVP optimized) COSMO files                                                  

 Reading COSMOtherm license key license.txt from directory C:/Program Files/COSMOlogic/COSMOthermX19/licensefiles/

 COSMOtherm license key expiration date 12/03/2025
 COSMOtherm license key version 24
 Customer : 200000000035108
 ID       : LKO2613120

 License keys:
  product                   |    licensed version    | status
 ------------------------------------------------------------------------------ 
  COSMOtherm                |          24            | active
  TURBOMOLE                 |          21            | active
  COSMOquick                |          24            | active
  COSMOconf                 |          24            | active
  COSMOmic                  |          24            | active
  COSMObase                 |          24            | active
  COSMOperm                 |          24            | active
  COSMOplex                 |          24            | active
 ------------------------------------------------------------------------------ 
 
 Reading vapor pressure and property information for compound 1 from file V:\groups\COSMOTHERM-Datenbank\COSMObase-1901\BP-TZVPD-FINE/h/h2o.vap
 Reading COSMO information for compound 1 conformer 1 from file V:\groups\COSMOTHERM-Datenbank\COSMObase-1901\BP-TZVPD-FINE/h/h2o_c0.cosmo
 
 Reading vapor pressure and property information for compound 2 from file V:\groups\COSMOTHERM-Datenbank\COSMObase-1901\BP-TZVPD-FINE/2/2-heptanol.vap
 Reading COSMO information for compound 2 conformer 1 from file V:\groups\COSMOTHERM-Datenbank\COSMObase-1901\BP-TZVPD-FINE/2/2-heptanol_c0.cosmo
 Reading COSMO information for compound 2 conformer 2 from file V:\groups\COSMOTHERM-Datenbank\COSMObase-1901\BP-TZVPD-FINE/2/2-heptanol_c1.cosmo
 Reading COSMO information for compound 2 conformer 3 from file V:\groups\COSMOTHERM-Datenbank\COSMObase-1901\BP-TZVPD-FINE/2/2-heptanol_c2.cosmo
 Reading COSMO information for compound 2 conformer 4 from file V:\groups\COSMOTHERM-Datenbank\COSMObase-1901\BP-TZVPD-FINE/2/2-heptanol_c3.cosmo
 Reading COSMO information for compound 2 conformer 5 from file V:\groups\COSMOTHERM-Datenbank\COSMObase-1901\BP-TZVPD-FINE/2/2-heptanol_c4.cosmo
 
 Reading vapor pressure and property information for compound 3 from file V:\groups\COSMOTHERM-Datenbank\COSMObase-1901\BP-TZVPD-FINE/l/lacticacid.vap
 Reading COSMO information for compound 3 conformer 1 from file V:\groups\COSMOTHERM-Datenbank\COSMObase-1901\BP-TZVPD-FINE/l/lacticacid_c0.cosmo
 Reading COSMO information for compound 3 conformer 2 from file V:\groups\COSMOTHERM-Datenbank\COSMObase-1901\BP-TZVPD-FINE/l/lacticacid_c1.cosmo
 Reading COSMO information for compound 3 conformer 3 from file V:\groups\COSMOTHERM-Datenbank\COSMObase-1901\BP-TZVPD-FINE/l/lacticacid_c2.cosmo
 Reading COSMO information for compound 3 conformer 4 from file V:\groups\COSMOTHERM-Datenbank\COSMObase-1901\BP-TZVPD-FINE/l/lacticacid_c3.cosmo
 Reading COSMO information for compound 3 conformer 5 from file V:\groups\COSMOTHERM-Datenbank\COSMObase-1901\BP-TZVPD-FINE/l/lacticacid_c4.cosmo
 Reading COSMO information for compound 3 conformer 6 from file V:\groups\COSMOTHERM-Datenbank\COSMObase-1901\BP-TZVPD-FINE/l/lacticacid_c5.cosmo


 --- Compound 1 (h2o) ---

 Experimental data for compound 1 (h2o) :
 CAS registry number for compound 1 (CAS-RN = 7732-18-5)
 Antoine equation coefficients ([mbar]/[K]) for compound 1:        18.8198      3956.2903       -40.6247
 Wagner equation coefficients ([mbar]/[K]) for compound 1:    220600.0000       647.1400        -7.7645         1.4584        -2.7758        -1.2330
 Vapor Pressure [mbar] / Temperature [°C] input for compound 1:
               10.0000            7.0000
              100.0000           45.8000
             1000.0000           99.6000
 Minimum temperature for vapor pressure estimation of compound 1 (TPVMIN = 275.00000 K)
 Maximum temperature for vapor pressure estimation of compound 1 (TPVMAX = 647.00000 K)
 UNIQUAC volume parameter for compound 1 (UNIQUAC_RI = 0.92000)
 UNIQUAC surface parameter for compound 1 (UNIQUAC_QI = 1.40000)
 Boiling temperature of compound 1 (TBOIL = 373.15000 K)
 Melting temperature of compound 1 (TMELT = 273.15000 K)
 Experimental dielectric constant for compound 1 (EPSILON = 78.20000)
 Critical temperature of compound 1 (TCRIT = 647.09600 K)
 Critical pressure of compound 1 (PCRIT = 220640.00000 mbar)
 Critical density of compound 1 (DCRIT = 0.32239 g/ml)
 DIPPR 116 density parameters for compound 1 (EXPDENSDIPPR116 = {0.92619 -1.15605 3.01718 -2.12561 273.16000 647.09500})

 Compound Information for compound 1 conformer 1 (COSMO file V:\groups\COSMOTHERM-Datenbank\COSMObase-1901\BP-TZVPD-FINE/h/h2o_c0.cosmo)
 Atomic weights         : 111
 E_COSMO+dE             :     -47993.2533 kcal/mol
 E_gas                  :     -47987.6758 kcal/mol
 E_COSMO-E_gas+dE       :         -5.5774 kcal/mol
 E_diel                 :         -8.0924 kcal/mol
 E_disp_intramolecular  :         -0.2880 kcal/mol
 Averaging corr dE      :          0.4368 kcal/mol
 Area                   :         43.1419 A^2
 Volume                 :         25.8553 A^3
 Molecular Weight       :         18.0153 a.m.u.
 Total COSMO charge     :         -0.0001 a.u.
 Dipole moment (t,x,y,z):          2.2004  0.001108  0.000271 -2.200437 Debye                            
 Sigma moments (1-6)    :          0.0000  6.40E+01  2.982917  1.35E+02  1.50E+01  3.17E+02              
 H-bond moment (accept) :          3.0054
 H-bond moment (donor)  :          2.9616
 
 No gas phase energy file for compound 1 conformer 1 found, using single point gas phase energy from cosmo file


 --- Compound 2 (2-heptanol) ---

 Experimental data for compound 2 (2-heptanol) :
 CAS registry number for compound 2 (CAS-RN = 543-49-7)
 Boiling temperature of compound 2 (TBOIL = 432.15000 K)

 Compound Information for compound 2 conformer 1 (COSMO file V:\groups\COSMOTHERM-Datenbank\COSMObase-1901\BP-TZVPD-FINE/2/2-heptanol_c0.cosmo)
 Atomic weights         : 111111111111111111111111
 E_COSMO+dE             :    -220751.1048 kcal/mol
 E_gas                  :    -220746.3844 kcal/mol
 E_COSMO-E_gas+dE       :         -4.7203 kcal/mol
 E_diel                 :         -6.1030 kcal/mol
 E_disp_intramolecular  :        -17.5321 kcal/mol
 Averaging corr dE      :          0.4481 kcal/mol
 Area                   :        186.6763 A^2
 Volume                 :        179.2976 A^3
 Molecular Weight       :        116.2020 a.m.u.
 Total COSMO charge     :   7.0491351E-05 a.u.
 Dipole moment (t,x,y,z):          2.3305  1.624606 -1.462120 -0.808832 Debye                            
 Sigma moments (1-6)    :          0.0000  4.74E+01  2.40E+01  8.20E+01  6.84E+01  1.98E+02              
 H-bond moment (accept) :          2.7615
 H-bond moment (donor)  :          0.9511
 
 No gas phase energy file for compound 2 conformer 1 found, using single point gas phase energy from cosmo file

 Compound Information for compound 2 conformer 2 (COSMO file V:\groups\COSMOTHERM-Datenbank\COSMObase-1901\BP-TZVPD-FINE/2/2-heptanol_c1.cosmo)
 Atomic weights         : 111111111111111111111111
 E_COSMO+dE             :    -220750.8724 kcal/mol
 E_gas                  :    -220746.2093 kcal/mol
 E_COSMO-E_gas+dE       :         -4.6631 kcal/mol
 E_diel                 :         -6.0574 kcal/mol
 E_disp_intramolecular  :        -17.3937 kcal/mol
 Averaging corr dE      :          0.4616 kcal/mol
 Area                   :        187.4057 A^2
 Volume                 :        179.5999 A^3
 Molecular Weight       :        116.2020 a.m.u.
 Total COSMO charge     :         -0.0002 a.u.
 Dipole moment (t,x,y,z):          2.1530 -1.422747 -1.182406 -1.101345 Debye                            
 Sigma moments (1-6)    :          0.0000  4.76E+01  1.69E+01  8.09E+01  4.88E+01  1.92E+02              
 H-bond moment (accept) :          2.4986
 H-bond moment (donor)  :          1.2291
 
 No gas phase energy file for compound 2 conformer 2 found, using single point gas phase energy from cosmo file

 Compound Information for compound 2 conformer 3 (COSMO file V:\groups\COSMOTHERM-Datenbank\COSMObase-1901\BP-TZVPD-FINE/2/2-heptanol_c2.cosmo)
 Atomic weights         : 111111111111111111111111
 E_COSMO+dE             :    -220750.9394 kcal/mol
 E_gas                  :    -220746.1772 kcal/mol
 E_COSMO-E_gas+dE       :         -4.7622 kcal/mol
 E_diel                 :         -6.1715 kcal/mol
 E_disp_intramolecular  :        -17.5114 kcal/mol
 Averaging corr dE      :          0.4306 kcal/mol
 Area                   :        187.3059 A^2
 Volume                 :        179.9466 A^3
 Molecular Weight       :        116.2020 a.m.u.
 Total COSMO charge     :  -1.3287068E-05 a.u.
 Dipole moment (t,x,y,z):          2.1700  0.316990  0.695593 -2.030914 Debye                            
 Sigma moments (1-6)    :          0.0000  4.73E+01  1.92E+01  7.96E+01  5.51E+01  1.88E+02              
 H-bond moment (accept) :          2.7336
 H-bond moment (donor)  :          1.0508
 
 No gas phase energy file for compound 2 conformer 3 found, using single point gas phase energy from cosmo file

 Compound Information for compound 2 conformer 4 (COSMO file V:\groups\COSMOTHERM-Datenbank\COSMObase-1901\BP-TZVPD-FINE/2/2-heptanol_c3.cosmo)
 Atomic weights         : 111111111111111111111111
 E_COSMO+dE             :    -220751.0520 kcal/mol
 E_gas                  :    -220746.0295 kcal/mol
 E_COSMO-E_gas+dE       :         -5.0225 kcal/mol
 E_diel                 :         -6.4759 kcal/mol
 E_disp_intramolecular  :        -17.6475 kcal/mol
 Averaging corr dE      :          0.4492 kcal/mol
 Area                   :        186.4354 A^2
 Volume                 :        179.4961 A^3
 Molecular Weight       :        116.2020 a.m.u.
 Total COSMO charge     :          0.0002 a.u.
 Dipole moment (t,x,y,z):          2.3356  2.050792 -0.257957  1.087447 Debye                            
 Sigma moments (1-6)    :          0.0000  5.02E+01  2.22E+01  8.92E+01  6.55E+01  2.17E+02              
 H-bond moment (accept) :          2.8884
 H-bond moment (donor)  :          1.1815
 
 No gas phase energy file for compound 2 conformer 4 found, using single point gas phase energy from cosmo file

 Compound Information for compound 2 conformer 5 (COSMO file V:\groups\COSMOTHERM-Datenbank\COSMObase-1901\BP-TZVPD-FINE/2/2-heptanol_c4.cosmo)
 Atomic weights         : 111111111111111111111111
 E_COSMO+dE             :    -220750.9705 kcal/mol
 E_gas                  :    -220745.9343 kcal/mol
 E_COSMO-E_gas+dE       :         -5.0362 kcal/mol
 E_diel                 :         -6.5010 kcal/mol
 E_disp_intramolecular  :        -17.6379 kcal/mol
 Averaging corr dE      :          0.4532 kcal/mol
 Area                   :        186.4332 A^2
 Volume                 :        179.4947 A^3
 Molecular Weight       :        116.2020 a.m.u.
 Total COSMO charge     :   3.9703987E-06 a.u.
 Dipole moment (t,x,y,z):          2.2723 -0.420001 -2.073732  0.828657 Debye                            
 Sigma moments (1-6)    :          0.0000  5.04E+01  2.19E+01  9.02E+01  6.49E+01  2.20E+02              
 H-bond moment (accept) :          2.8842
 H-bond moment (donor)  :          1.2381
 
 No gas phase energy file for compound 2 conformer 5 found, using single point gas phase energy from cosmo file


 --- Compound 3 (lacticacid) ---

 Compound Information for compound 3 conformer 1 (COSMO file V:\groups\COSMOTHERM-Datenbank\COSMObase-1901\BP-TZVPD-FINE/l/lacticacid_c0.cosmo)
 Atomic weights         : 111111111111
 E_COSMO+dE             :    -215748.6801 kcal/mol
 E_gas                  :    -215737.1594 kcal/mol
 E_COSMO-E_gas+dE       :        -11.5207 kcal/mol
 E_diel                 :        -14.9233 kcal/mol
 E_disp_intramolecular  :         -7.9216 kcal/mol
 Averaging corr dE      :          0.6215 kcal/mol
 Area                   :        120.1634 A^2
 Volume                 :        106.5048 A^3
 Molecular Weight       :         90.0783 a.m.u.
 Total COSMO charge     :          0.0003 a.u.
 Dipole moment (t,x,y,z):          5.6342 -4.962581 -1.954290  1.815876 Debye                            
 Sigma moments (1-6)    :          0.0000  9.26E+01 -4.184013  1.56E+02 -5.10E+01  3.43E+02              
 H-bond moment (accept) :          2.0855
 H-bond moment (donor)  :          2.8372
 
 No gas phase energy file for compound 3 conformer 1 found, using single point gas phase energy from cosmo file

 Compound Information for compound 3 conformer 2 (COSMO file V:\groups\COSMOTHERM-Datenbank\COSMObase-1901\BP-TZVPD-FINE/l/lacticacid_c1.cosmo)
 Atomic weights         : 111111111111
 E_COSMO+dE             :    -215748.4986 kcal/mol
 E_gas                  :    -215737.5373 kcal/mol
 E_COSMO-E_gas+dE       :        -10.9613 kcal/mol
 E_diel                 :        -14.1864 kcal/mol
 E_disp_intramolecular  :         -7.9782 kcal/mol
 Averaging corr dE      :          0.6372 kcal/mol
 Area                   :        119.5838 A^2
 Volume                 :        106.3744 A^3
 Molecular Weight       :         90.0783 a.m.u.
 Total COSMO charge     :          0.0003 a.u.
 Dipole moment (t,x,y,z):          5.6432 -4.887041  2.797840  0.367402 Debye                            
 Sigma moments (1-6)    :          0.0000  8.87E+01  1.972080  1.40E+02 -2.98E+01  2.93E+02              
 H-bond moment (accept) :          1.8771
 H-bond moment (donor)  :          2.4847
 
 No gas phase energy file for compound 3 conformer 2 found, using single point gas phase energy from cosmo file

 Compound Information for compound 3 conformer 3 (COSMO file V:\groups\COSMOTHERM-Datenbank\COSMObase-1901\BP-TZVPD-FINE/l/lacticacid_c2.cosmo)
 Atomic weights         : 111111111111
 E_COSMO+dE             :    -215747.6065 kcal/mol
 E_gas                  :    -215739.4763 kcal/mol
 E_COSMO-E_gas+dE       :         -8.1301 kcal/mol
 E_diel                 :        -10.2144 kcal/mol
 E_disp_intramolecular  :         -7.8101 kcal/mol
 Averaging corr dE      :          0.7457 kcal/mol
 Area                   :        120.2417 A^2
 Volume                 :        106.5759 A^3
 Molecular Weight       :         90.0783 a.m.u.
 Total COSMO charge     :          0.0004 a.u.
 Dipole moment (t,x,y,z):          3.4208 -2.782781 -1.975225 -0.237114 Debye                            
 Sigma moments (1-6)    :          0.0000  8.17E+01 -9.493434  1.52E+02 -8.52E+01  4.02E+02              
 H-bond moment (accept) :          2.0796
 H-bond moment (donor)  :          3.5488
 
 No gas phase energy file for compound 3 conformer 3 found, using single point gas phase energy from cosmo file

 Compound Information for compound 3 conformer 4 (COSMO file V:\groups\COSMOTHERM-Datenbank\COSMObase-1901\BP-TZVPD-FINE/l/lacticacid_c3.cosmo)
 Atomic weights         : 111111111111
 E_COSMO+dE             :    -215746.1854 kcal/mol
 E_gas                  :    -215736.5699 kcal/mol
 E_COSMO-E_gas+dE       :         -9.6155 kcal/mol
 E_diel                 :        -12.0403 kcal/mol
 E_disp_intramolecular  :         -7.8263 kcal/mol
 Averaging corr dE      :          0.7985 kcal/mol
 Area                   :        121.2359 A^2
 Volume                 :        107.7258 A^3
 Molecular Weight       :         90.0783 a.m.u.
 Total COSMO charge     :          0.0004 a.u.
 Dipole moment (t,x,y,z):          2.6808  0.687585  1.222652  2.284563 Debye                            
 Sigma moments (1-6)    :          0.0000  9.52E+01 -9.279924  1.79E+02 -8.57E+01  4.42E+02              
 H-bond moment (accept) :          2.4742
 H-bond moment (donor)  :          4.7099
 
 No gas phase energy file for compound 3 conformer 4 found, using single point gas phase energy from cosmo file

 Compound Information for compound 3 conformer 5 (COSMO file V:\groups\COSMOTHERM-Datenbank\COSMObase-1901\BP-TZVPD-FINE/l/lacticacid_c4.cosmo)
 Atomic weights         : 111111111111
 E_COSMO+dE             :    -215746.0988 kcal/mol
 E_gas                  :    -215734.2469 kcal/mol
 E_COSMO-E_gas+dE       :        -11.8519 kcal/mol
 E_diel                 :        -15.4923 kcal/mol
 E_disp_intramolecular  :         -7.7365 kcal/mol
 Averaging corr dE      :          0.7497 kcal/mol
 Area                   :        121.4869 A^2
 Volume                 :        107.5139 A^3
 Molecular Weight       :         90.0783 a.m.u.
 Total COSMO charge     :          0.0001 a.u.
 Dipole moment (t,x,y,z):          4.5492 -2.507745 -3.769835  0.441697 Debye                            
 Sigma moments (1-6)    :          0.0000  1.05E+02 -0.628692  2.13E+02 -4.53E+01  5.50E+02              
 H-bond moment (accept) :          3.9249
 H-bond moment (donor)  :          4.9729
 
 No gas phase energy file for compound 3 conformer 5 found, using single point gas phase energy from cosmo file

 Compound Information for compound 3 conformer 6 (COSMO file V:\groups\COSMOTHERM-Datenbank\COSMObase-1901\BP-TZVPD-FINE/l/lacticacid_c5.cosmo)
 Atomic weights         : 111111111111
 E_COSMO+dE             :    -215746.0355 kcal/mol
 E_gas                  :    -215736.3775 kcal/mol
 E_COSMO-E_gas+dE       :         -9.6580 kcal/mol
 E_diel                 :        -12.1366 kcal/mol
 E_disp_intramolecular  :         -7.7279 kcal/mol
 Averaging corr dE      :          0.8020 kcal/mol
 Area                   :        121.1546 A^2
 Volume                 :        107.2976 A^3
 Molecular Weight       :         90.0783 a.m.u.
 Total COSMO charge     :          0.0004 a.u.
 Dipole moment (t,x,y,z):          1.9935 -1.037490 -1.370029  1.010343 Debye                            
 Sigma moments (1-6)    :          0.0000  9.63E+01 -1.07E+01  1.83E+02 -8.84E+01  4.53E+02              
 H-bond moment (accept) :          2.5251
 H-bond moment (donor)  :          4.6396
 
 No gas phase energy file for compound 3 conformer 6 found, using single point gas phase energy from cosmo file


 Total number of processed compounds:    3
 Total number of processed molecules:   12


----------------
 START job     1
----------------

 ---------------------------------------------------------------------
 Multi-Component-2-Phase-Equilibrium (Liquid Extraction) calculation
 Initial phase 1: X1={0.995949 0 0.004051}
 Initial phase 2: X2={0 1}
 ---------------------------------------------------------------------



 Results for mixture 1 - LIQ_EX Phase 1 Iteration    0
 ---------------------
 Temperature          :    313.150 K
 Compound Nr.         :         1         2         3
 Compound             :       h2o 2-heptano lacticaci
 Mole Fraction        :    0.9959    0.0000    0.0041

 Compound: 1  (h2o)
 Chemical potential of the compound in the mixture :         3.46913 kcal/mol
 Log10(partial pressure [mbar])                    :         1.52862
 Free energy of molecule in mix (E_COSMO+dE+Mu)    :    -47989.78414 kcal/mol
 Total mean interaction energy in the mix (H_int)  :        -5.54639 kcal/mol
 Misfit interaction energy in the mix (H_MF)       :         0.59153 kcal/mol
 H-Bond interaction energy in the mix (H_HB)       :        -4.72904 kcal/mol
 VdW interaction energy in the mix (H_vdW)         :        -4.34093 kcal/mol
 Gas liquid transition energy in the mix (H_glt)   :         2.93205 kcal/mol

 Compound: 2  (2-heptanol)
 Chemical potential of the compound in the mixture :         4.57343 kcal/mol
 Log10(partial pressure [mbar])                    :         3.42343
 Free energy of molecule in mix (E_COSMO+dE+Mu)    :   -220746.53134 kcal/mol
 Total mean interaction energy in the mix (H_int)  :        -9.66031 kcal/mol
 Misfit interaction energy in the mix (H_MF)       :         2.92314 kcal/mol
 H-Bond interaction energy in the mix (H_HB)       :        -4.19221 kcal/mol
 VdW interaction energy in the mix (H_vdW)         :       -20.81714 kcal/mol
 Gas liquid transition energy in the mix (H_glt)   :        12.32536 kcal/mol

 Compound: 3  (lacticacid)
 Chemical potential of the compound in the mixture :         4.45933 kcal/mol
 Log10(partial pressure [mbar])                    :        -0.79011
 Free energy of molecule in mix (E_COSMO+dE+Mu)    :   -215744.22081 kcal/mol
 Total mean interaction energy in the mix (H_int)  :        -7.86029 kcal/mol
 Misfit interaction energy in the mix (H_MF)       :         1.99161 kcal/mol
 H-Bond interaction energy in the mix (H_HB)       :        -7.02541 kcal/mol
 VdW interaction energy in the mix (H_vdW)         :       -13.28837 kcal/mol
 Gas liquid transition energy in the mix (H_glt)   :         8.25184 kcal/mol



 Compound: 1 Conformer: 1 (h2o_c0)
 Chemical potential of the molecule in the mixture :         3.46913 kcal/mol
 Log10(partial pressure [mbar])                    :         1.52862
 Free energy of molecule in mix (E_COSMO+dE+Mu)    :    -47989.78414 kcal/mol
 Total mean interaction energy in the mix          :        -5.54639 kcal/mol
 Misfit interaction energy in the mix              :         0.59153 kcal/mol
 H-Bond interaction energy in the mix              :        -4.72904 kcal/mol
 VdW interaction energy in the mix                 :        -4.34093 kcal/mol
 Gas liquid transition energy in the mix (H_glt)   :         2.93205 kcal/mol
 Normalized weight factor of molecule in compound  :         1.00000
 Normalized weight factor of molecule in gas phase :         1.00000

 Compound: 2 Conformer: 1 (2-heptanol_c0)
 Chemical potential of the molecule in the mixture :         5.46865 kcal/mol
 Log10(partial pressure [mbar])                    :         3.52224
 Free energy of molecule in mix (E_COSMO+dE+Mu)    :   -220745.63611 kcal/mol
 Total mean interaction energy in the mix          :        -9.76590 kcal/mol
 Misfit interaction energy in the mix              :         2.93931 kcal/mol
 H-Bond interaction energy in the mix              :        -4.21683 kcal/mol
 VdW interaction energy in the mix                 :       -20.81374 kcal/mol
 Gas liquid transition energy in the mix (H_glt)   :        12.32536 kcal/mol
 Normalized weight factor of molecule in compound  :         0.23726
 Normalized weight factor of molecule in gas phase :         0.25848

 Compound: 2 Conformer: 2 (2-heptanol_c1)
 Chemical potential of the molecule in the mixture :         5.49884 kcal/mol
 Log10(partial pressure [mbar])                    :         3.58324
 Free energy of molecule in mix (E_COSMO+dE+Mu)    :   -220745.37360 kcal/mol
 Total mean interaction energy in the mix          :        -9.76270 kcal/mol
 Misfit interaction energy in the mix              :         2.90407 kcal/mol
 H-Bond interaction energy in the mix              :        -4.09296 kcal/mol
 VdW interaction energy in the mix                 :       -20.89916 kcal/mol
 Gas liquid transition energy in the mix (H_glt)   :        12.32536 kcal/mol
 Normalized weight factor of molecule in compound  :         0.15560
 Normalized weight factor of molecule in gas phase :         0.21915

 Compound: 2 Conformer: 3 (2-heptanol_c2)
 Chemical potential of the molecule in the mixture :         5.69420 kcal/mol
 Log10(partial pressure [mbar])                    :         3.65044
 Free energy of molecule in mix (E_COSMO+dE+Mu)    :   -220745.24520 kcal/mol
 Total mean interaction energy in the mix          :        -9.58035 kcal/mol
 Misfit interaction energy in the mix              :         2.91046 kcal/mol
 H-Bond interaction energy in the mix              :        -3.97540 kcal/mol
 VdW interaction energy in the mix                 :       -20.84076 kcal/mol
 Gas liquid transition energy in the mix (H_glt)   :        12.32536 kcal/mol
 Normalized weight factor of molecule in compound  :         0.12659
 Normalized weight factor of molecule in gas phase :         0.21063

 Compound: 2 Conformer: 4 (2-heptanol_c3)
 Chemical potential of the molecule in the mixture :         5.36279 kcal/mol
 Log10(partial pressure [mbar])                    :         3.23751
 Free energy of molecule in mix (E_COSMO+dE+Mu)    :   -220745.68921 kcal/mol
 Total mean interaction energy in the mix          :        -9.79099 kcal/mol
 Misfit interaction energy in the mix              :         2.93455 kcal/mol
 H-Bond interaction energy in the mix              :        -4.25304 kcal/mol
 VdW interaction energy in the mix                 :       -20.79786 kcal/mol
 Gas liquid transition energy in the mix (H_glt)   :        12.32536 kcal/mol
 Normalized weight factor of molecule in compound  :         0.25840
 Normalized weight factor of molecule in gas phase :         0.16808

 Compound: 2 Conformer: 5 (2-heptanol_c4)
 Chemical potential of the molecule in the mixture :         5.37537 kcal/mol
 Log10(partial pressure [mbar])                    :         3.23668
 Free energy of molecule in mix (E_COSMO+dE+Mu)    :   -220745.59514 kcal/mol
 Total mean interaction energy in the mix          :        -9.82196 kcal/mol
 Misfit interaction energy in the mix              :         2.91321 kcal/mol
 H-Bond interaction energy in the mix              :        -4.28824 kcal/mol
 VdW interaction energy in the mix                 :       -20.77230 kcal/mol
 Gas liquid transition energy in the mix (H_glt)   :        12.32536 kcal/mol
 Normalized weight factor of molecule in compound  :         0.22215
 Normalized weight factor of molecule in gas phase :         0.14367

 Compound: 3 Conformer: 1 (lacticacid_c0)
 Chemical potential of the molecule in the mixture :         6.40723 kcal/mol
 Log10(partial pressure [mbar])                    :        -0.56866
 Free energy of molecule in mix (E_COSMO+dE+Mu)    :   -215742.27291 kcal/mol
 Total mean interaction energy in the mix          :        -7.35115 kcal/mol
 Misfit interaction energy in the mix              :         2.02649 kcal/mol
 H-Bond interaction energy in the mix              :        -4.39201 kcal/mol
 VdW interaction energy in the mix                 :       -13.23747 kcal/mol
 Gas liquid transition energy in the mix (H_glt)   :         8.25184 kcal/mol
 Normalized weight factor of molecule in compound  :         0.04371
 Normalized weight factor of molecule in gas phase :         0.00603

 Compound: 3 Conformer: 2 (lacticacid_c1)
 Chemical potential of the molecule in the mixture :         6.52896 kcal/mol
 Log10(partial pressure [mbar])                    :        -0.09332
 Free energy of molecule in mix (E_COSMO+dE+Mu)    :   -215741.96969 kcal/mol
 Total mean interaction energy in the mix          :        -6.91532 kcal/mol
 Misfit interaction energy in the mix              :         2.13503 kcal/mol
 H-Bond interaction energy in the mix              :        -4.08771 kcal/mol
 VdW interaction energy in the mix                 :       -13.21448 kcal/mol
 Gas liquid transition energy in the mix (H_glt)   :         8.25184 kcal/mol
 Normalized weight factor of molecule in compound  :         0.02685
 Normalized weight factor of molecule in gas phase :         0.01137

 Compound: 3 Conformer: 3 (lacticacid_c2)
 Chemical potential of the molecule in the mixture :         4.68502 kcal/mol
 Log10(partial pressure [mbar])                    :         0.59568
 Free energy of molecule in mix (E_COSMO+dE+Mu)    :   -215742.92144 kcal/mol
 Total mean interaction energy in the mix          :        -8.01844 kcal/mol
 Misfit interaction energy in the mix              :         2.06839 kcal/mol
 H-Bond interaction energy in the mix              :        -5.03903 kcal/mol
 VdW interaction energy in the mix                 :       -13.29964 kcal/mol
 Gas liquid transition energy in the mix (H_glt)   :         8.25184 kcal/mol
 Normalized weight factor of molecule in compound  :         0.12393
 Normalized weight factor of molecule in gas phase :         0.93300

 Compound: 3 Conformer: 4 (lacticacid_c3)
 Chemical potential of the molecule in the mixture :         2.93199 kcal/mol
 Log10(partial pressure [mbar])                    :        -1.66440
 Free energy of molecule in mix (E_COSMO+dE+Mu)    :   -215743.25344 kcal/mol
 Total mean interaction energy in the mix          :       -10.12969 kcal/mol
 Misfit interaction energy in the mix              :         1.98917 kcal/mol
 H-Bond interaction energy in the mix              :        -7.09462 kcal/mol
 VdW interaction energy in the mix                 :       -13.27608 kcal/mol
 Gas liquid transition energy in the mix (H_glt)   :         8.25184 kcal/mol
 Normalized weight factor of molecule in compound  :         0.21129
 Normalized weight factor of molecule in gas phase :         0.02822

 Compound: 3 Conformer: 5 (lacticacid_c4)
 Chemical potential of the molecule in the mixture :         2.42006 kcal/mol
 Log10(partial pressure [mbar])                    :        -3.58242
 Free energy of molecule in mix (E_COSMO+dE+Mu)    :   -215743.67877 kcal/mol
 Total mean interaction energy in the mix          :       -11.07790 kcal/mol
 Misfit interaction energy in the mix              :         1.96839 kcal/mol
 H-Bond interaction energy in the mix              :        -8.00076 kcal/mol
 VdW interaction energy in the mix                 :       -13.29737 kcal/mol
 Gas liquid transition energy in the mix (H_glt)   :         8.25184 kcal/mol
 Normalized weight factor of molecule in compound  :         0.41852
 Normalized weight factor of molecule in gas phase :         0.00067

 Compound: 3 Conformer: 6 (lacticacid_c5)
 Chemical potential of the molecule in the mixture :         2.89681 kcal/mol
 Log10(partial pressure [mbar])                    :        -1.71860
 Free energy of molecule in mix (E_COSMO+dE+Mu)    :   -215743.13865 kcal/mol
 Total mean interaction energy in the mix          :       -10.20482 kcal/mol
 Misfit interaction energy in the mix              :         1.96508 kcal/mol
 H-Bond interaction energy in the mix              :        -7.12403 kcal/mol
 VdW interaction energy in the mix                 :       -13.29771 kcal/mol
 Gas liquid transition energy in the mix (H_glt)   :         8.25184 kcal/mol
 Normalized weight factor of molecule in compound  :         0.17570
 Normalized weight factor of molecule in gas phase :         0.02069




 Results for mixture 2 - LIQ_EX Phase 2 Iteration    0
 ---------------------
 Temperature          :    313.150 K
 Compound Nr.         :         1         2         3
 Compound             :       h2o 2-heptano lacticaci
 Mole Fraction        :    0.0000    1.0000    0.0000

 Compound: 1  (h2o)
 Chemical potential of the compound in the mixture :         4.47049 kcal/mol
 Log10(partial pressure [mbar])                    :         2.22747
 Free energy of molecule in mix (E_COSMO+dE+Mu)    :    -47988.78278 kcal/mol
 Total mean interaction energy in the mix (H_int)  :        -4.71111 kcal/mol
 Misfit interaction energy in the mix (H_MF)       :         1.40171 kcal/mol
 H-Bond interaction energy in the mix (H_HB)       :        -4.42140 kcal/mol
 VdW interaction energy in the mix (H_vdW)         :        -4.62348 kcal/mol
 Gas liquid transition energy in the mix (H_glt)   :         2.93205 kcal/mol
 Equilibrium constant Kx(1,2)                      :         4.99855
 Equilibrium concentration x_k(1,2)                :         0.83329

 Compound: 2  (2-heptanol)
 Chemical potential of the compound in the mixture :         0.13953 kcal/mol
 Log10(partial pressure [mbar])                    :         0.32904
 Free energy of molecule in mix (E_COSMO+dE+Mu)    :   -220750.96523 kcal/mol
 Total mean interaction energy in the mix (H_int)  :        -9.51699 kcal/mol
 Misfit interaction energy in the mix (H_MF)       :         2.21013 kcal/mol
 H-Bond interaction energy in the mix (H_HB)       :        -2.57946 kcal/mol
 VdW interaction energy in the mix (H_vdW)         :       -21.60253 kcal/mol
 Gas liquid transition energy in the mix (H_glt)   :        12.32536 kcal/mol
 Equilibrium constant Kx(1,2)                      :  8.04655971E-04
 Equilibrium concentration x_k(1,2)                :         0.00080

 Compound: 3  (lacticacid)
 Chemical potential of the compound in the mixture :         4.50353 kcal/mol
 Log10(partial pressure [mbar])                    :        -0.75926
 Free energy of molecule in mix (E_COSMO+dE+Mu)    :   -215744.17661 kcal/mol
 Total mean interaction energy in the mix (H_int)  :        -5.34749 kcal/mol
 Misfit interaction energy in the mix (H_MF)       :         2.72123 kcal/mol
 H-Bond interaction energy in the mix (H_HB)       :        -3.76656 kcal/mol
 VdW interaction energy in the mix (H_vdW)         :       -14.03659 kcal/mol
 Gas liquid transition energy in the mix (H_glt)   :         8.25184 kcal/mol
 Equilibrium constant Kx(1,2)                      :         1.07361
 Equilibrium concentration x_k(1,2)                :         0.51775



 Compound: 1 Conformer: 1 (h2o_c0)
 Chemical potential of the molecule in the mixture :         4.47049 kcal/mol
 Log10(partial pressure [mbar])                    :         2.22747
 Free energy of molecule in mix (E_COSMO+dE+Mu)    :    -47988.78278 kcal/mol
 Total mean interaction energy in the mix          :        -4.71111 kcal/mol
 Misfit interaction energy in the mix              :         1.40171 kcal/mol
 H-Bond interaction energy in the mix              :        -4.42140 kcal/mol
 VdW interaction energy in the mix                 :        -4.62348 kcal/mol
 Gas liquid transition energy in the mix (H_glt)   :         2.93205 kcal/mol
 Normalized weight factor of molecule in compound  :         1.00000
 Normalized weight factor of molecule in gas phase :         1.00000

 Compound: 2 Conformer: 1 (2-heptanol_c0)
 Chemical potential of the molecule in the mixture :         1.42020 kcal/mol
 Log10(partial pressure [mbar])                    :         0.69685
 Free energy of molecule in mix (E_COSMO+dE+Mu)    :   -220749.68456 kcal/mol
 Total mean interaction energy in the mix          :        -9.20845 kcal/mol
 Misfit interaction energy in the mix              :         2.28805 kcal/mol
 H-Bond interaction energy in the mix              :        -2.22489 kcal/mol
 VdW interaction energy in the mix                 :       -21.59696 kcal/mol
 Gas liquid transition energy in the mix (H_glt)   :        12.32536 kcal/mol
 Normalized weight factor of molecule in compound  :         0.12771
 Normalized weight factor of molecule in gas phase :         0.25848

 Compound: 2 Conformer: 2 (2-heptanol_c1)
 Chemical potential of the molecule in the mixture :         0.72526 kcal/mol
 Log10(partial pressure [mbar])                    :         0.25178
 Free energy of molecule in mix (E_COSMO+dE+Mu)    :   -220750.14718 kcal/mol
 Total mean interaction energy in the mix          :        -9.84279 kcal/mol
 Misfit interaction energy in the mix              :         2.12829 kcal/mol
 H-Bond interaction energy in the mix              :        -2.63024 kcal/mol
 VdW interaction energy in the mix                 :       -21.66620 kcal/mol
 Gas liquid transition energy in the mix (H_glt)   :        12.32536 kcal/mol
 Normalized weight factor of molecule in compound  :         0.26859
 Normalized weight factor of molecule in gas phase :         0.21915

 Compound: 2 Conformer: 3 (2-heptanol_c2)
 Chemical potential of the molecule in the mixture :         1.08116 kcal/mol
 Log10(partial pressure [mbar])                    :         0.43103
 Free energy of molecule in mix (E_COSMO+dE+Mu)    :   -220749.85824 kcal/mol
 Total mean interaction energy in the mix          :        -9.33542 kcal/mol
 Misfit interaction energy in the mix              :         2.22907 kcal/mol
 H-Bond interaction energy in the mix              :        -2.28266 kcal/mol
 VdW interaction energy in the mix                 :       -21.60719 kcal/mol
 Gas liquid transition energy in the mix (H_glt)   :        12.32536 kcal/mol
 Normalized weight factor of molecule in compound  :         0.16883
 Normalized weight factor of molecule in gas phase :         0.21063

 Compound: 2 Conformer: 4 (2-heptanol_c3)
 Chemical potential of the molecule in the mixture :         0.98658 kcal/mol
 Log10(partial pressure [mbar])                    :         0.18339
 Free energy of molecule in mix (E_COSMO+dE+Mu)    :   -220750.06541 kcal/mol
 Total mean interaction energy in the mix          :        -9.77670 kcal/mol
 Misfit interaction energy in the mix              :         2.23757 kcal/mol
 H-Bond interaction energy in the mix              :        -2.76378 kcal/mol
 VdW interaction energy in the mix                 :       -21.57585 kcal/mol
 Gas liquid transition energy in the mix (H_glt)   :        12.32536 kcal/mol
 Normalized weight factor of molecule in compound  :         0.23552
 Normalized weight factor of molecule in gas phase :         0.16808

 Compound: 2 Conformer: 5 (2-heptanol_c4)
 Chemical potential of the molecule in the mixture :         1.00881 kcal/mol
 Log10(partial pressure [mbar])                    :         0.18929
 Free energy of molecule in mix (E_COSMO+dE+Mu)    :   -220749.96170 kcal/mol
 Total mean interaction energy in the mix          :        -9.77224 kcal/mol
 Misfit interaction energy in the mix              :         2.22204 kcal/mol
 H-Bond interaction energy in the mix              :        -2.77176 kcal/mol
 VdW interaction energy in the mix                 :       -21.54788 kcal/mol
 Gas liquid transition energy in the mix (H_glt)   :        12.32536 kcal/mol
 Normalized weight factor of molecule in compound  :         0.19936
 Normalized weight factor of molecule in gas phase :         0.14367

 Compound: 3 Conformer: 1 (lacticacid_c0)
 Chemical potential of the molecule in the mixture :         6.37420 kcal/mol
 Log10(partial pressure [mbar])                    :        -0.59172
 Free energy of molecule in mix (E_COSMO+dE+Mu)    :   -215742.30595 kcal/mol
 Total mean interaction energy in the mix          :        -5.22929 kcal/mol
 Misfit interaction energy in the mix              :         3.33558 kcal/mol
 H-Bond interaction energy in the mix              :        -2.82043 kcal/mol
 VdW interaction energy in the mix                 :       -13.99629 kcal/mol
 Gas liquid transition energy in the mix (H_glt)   :         8.25184 kcal/mol
 Normalized weight factor of molecule in compound  :         0.04949
 Normalized weight factor of molecule in gas phase :         0.00603

 Compound: 3 Conformer: 2 (lacticacid_c1)
 Chemical potential of the molecule in the mixture :         6.75209 kcal/mol
 Log10(partial pressure [mbar])                    :         0.06240
 Free energy of molecule in mix (E_COSMO+dE+Mu)    :   -215741.74656 kcal/mol
 Total mean interaction energy in the mix          :        -4.86075 kcal/mol
 Misfit interaction energy in the mix              :         3.29910 kcal/mol
 H-Bond interaction energy in the mix              :        -2.44251 kcal/mol
 VdW interaction energy in the mix                 :       -13.96918 kcal/mol
 Gas liquid transition energy in the mix (H_glt)   :         8.25184 kcal/mol
 Normalized weight factor of molecule in compound  :         0.02014
 Normalized weight factor of molecule in gas phase :         0.01137

 Compound: 3 Conformer: 3 (lacticacid_c2)
 Chemical potential of the molecule in the mixture :         3.73767 kcal/mol
 Log10(partial pressure [mbar])                    :        -0.06547
 Free energy of molecule in mix (E_COSMO+dE+Mu)    :   -215743.86879 kcal/mol
 Total mean interaction energy in the mix          :        -6.57005 kcal/mol
 Misfit interaction energy in the mix              :         2.53760 kcal/mol
 H-Bond interaction energy in the mix              :        -3.32474 kcal/mol
 VdW interaction energy in the mix                 :       -14.03475 kcal/mol
 Gas liquid transition energy in the mix (H_glt)   :         8.25184 kcal/mol
 Normalized weight factor of molecule in compound  :         0.60978
 Normalized weight factor of molecule in gas phase :         0.93300

 Compound: 3 Conformer: 4 (lacticacid_c3)
 Chemical potential of the molecule in the mixture :         3.29175 kcal/mol
 Log10(partial pressure [mbar])                    :        -1.41332
 Free energy of molecule in mix (E_COSMO+dE+Mu)    :   -215742.89368 kcal/mol
 Total mean interaction energy in the mix          :        -7.59167 kcal/mol
 Misfit interaction energy in the mix              :         2.86258 kcal/mol
 H-Bond interaction energy in the mix              :        -4.67644 kcal/mol
 VdW interaction energy in the mix                 :       -14.02965 kcal/mol
 Gas liquid transition energy in the mix (H_glt)   :         8.25184 kcal/mol
 Normalized weight factor of molecule in compound  :         0.12725
 Normalized weight factor of molecule in gas phase :         0.02822

 Compound: 3 Conformer: 5 (lacticacid_c4)
 Chemical potential of the molecule in the mixture :         3.56208 kcal/mol
 Log10(partial pressure [mbar])                    :        -2.78541
 Free energy of molecule in mix (E_COSMO+dE+Mu)    :   -215742.53675 kcal/mol
 Total mean interaction energy in the mix          :        -7.74862 kcal/mol
 Misfit interaction energy in the mix              :         3.24140 kcal/mol
 H-Bond interaction energy in the mix              :        -5.16480 kcal/mol
 VdW interaction energy in the mix                 :       -14.07705 kcal/mol
 Gas liquid transition energy in the mix (H_glt)   :         8.25184 kcal/mol
 Normalized weight factor of molecule in compound  :         0.07171
 Normalized weight factor of molecule in gas phase :         0.00067

 Compound: 3 Conformer: 6 (lacticacid_c5)
 Chemical potential of the molecule in the mixture :         3.16984 kcal/mol
 Log10(partial pressure [mbar])                    :        -1.52805
 Free energy of molecule in mix (E_COSMO+dE+Mu)    :   -215742.86562 kcal/mol
 Total mean interaction energy in the mix          :        -7.77286 kcal/mol
 Misfit interaction energy in the mix              :         2.84163 kcal/mol
 H-Bond interaction energy in the mix              :        -4.80954 kcal/mol
 VdW interaction energy in the mix                 :       -14.05679 kcal/mol
 Gas liquid transition energy in the mix (H_glt)   :         8.25184 kcal/mol
 Normalized weight factor of molecule in compound  :         0.12164
 Normalized weight factor of molecule in gas phase :         0.02069




 Results for mixture 3 - LIQ_EX Phase 1 Iteration    1
 ---------------------
 Temperature          :    313.150 K
 Compound Nr.         :         1         2         3
 Compound             :       h2o 2-heptano lacticaci
 Mole Fraction        :    0.9965    0.0010    0.0025

 Compound: 1  (h2o)
 Chemical potential of the compound in the mixture :         3.46917 kcal/mol
 Log10(partial pressure [mbar])                    :         1.52865
 Free energy of molecule in mix (E_COSMO+dE+Mu)    :    -47989.78410 kcal/mol
 Total mean interaction energy in the mix (H_int)  :        -5.54631 kcal/mol
 Misfit interaction energy in the mix (H_MF)       :         0.59122 kcal/mol
 H-Bond interaction energy in the mix (H_HB)       :        -4.72867 kcal/mol
 VdW interaction energy in the mix (H_vdW)         :        -4.34091 kcal/mol
 Gas liquid transition energy in the mix (H_glt)   :         2.93205 kcal/mol

 Compound: 2  (2-heptanol)
 Chemical potential of the compound in the mixture :         4.55005 kcal/mol
 Log10(partial pressure [mbar])                    :         3.40712
 Free energy of molecule in mix (E_COSMO+dE+Mu)    :   -220746.55471 kcal/mol
 Total mean interaction energy in the mix (H_int)  :        -9.66447 kcal/mol
 Misfit interaction energy in the mix (H_MF)       :         2.91785 kcal/mol
 H-Bond interaction energy in the mix (H_HB)       :        -4.19204 kcal/mol
 VdW interaction energy in the mix (H_vdW)         :       -20.81619 kcal/mol
 Gas liquid transition energy in the mix (H_glt)   :        12.32536 kcal/mol

 Compound: 3  (lacticacid)
 Chemical potential of the compound in the mixture :         4.44974 kcal/mol
 Log10(partial pressure [mbar])                    :        -0.79680
 Free energy of molecule in mix (E_COSMO+dE+Mu)    :   -215744.23040 kcal/mol
 Total mean interaction energy in the mix (H_int)  :        -7.86115 kcal/mol
 Misfit interaction energy in the mix (H_MF)       :         1.99203 kcal/mol
 H-Bond interaction energy in the mix (H_HB)       :        -7.02649 kcal/mol
 VdW interaction energy in the mix (H_vdW)         :       -13.28851 kcal/mol
 Gas liquid transition energy in the mix (H_glt)   :         8.25184 kcal/mol



 Compound: 1 Conformer: 1 (h2o_c0)
 Chemical potential of the molecule in the mixture :         3.46917 kcal/mol
 Log10(partial pressure [mbar])                    :         1.52865
 Free energy of molecule in mix (E_COSMO+dE+Mu)    :    -47989.78410 kcal/mol
 Total mean interaction energy in the mix          :        -5.54631 kcal/mol
 Misfit interaction energy in the mix              :         0.59122 kcal/mol
 H-Bond interaction energy in the mix              :        -4.72867 kcal/mol
 VdW interaction energy in the mix                 :        -4.34091 kcal/mol
 Gas liquid transition energy in the mix (H_glt)   :         2.93205 kcal/mol
 Normalized weight factor of molecule in compound  :         1.00000
 Normalized weight factor of molecule in gas phase :         1.00000

 Compound: 2 Conformer: 1 (2-heptanol_c0)
 Chemical potential of the molecule in the mixture :         5.44513 kcal/mol
 Log10(partial pressure [mbar])                    :         3.50583
 Free energy of molecule in mix (E_COSMO+dE+Mu)    :   -220745.65963 kcal/mol
 Total mean interaction energy in the mix          :        -9.77004 kcal/mol
 Misfit interaction energy in the mix              :         2.93406 kcal/mol
 H-Bond interaction energy in the mix              :        -4.21663 kcal/mol
 VdW interaction energy in the mix                 :       -20.81283 kcal/mol
 Gas liquid transition energy in the mix (H_glt)   :        12.32536 kcal/mol
 Normalized weight factor of molecule in compound  :         0.23732
 Normalized weight factor of molecule in gas phase :         0.25848

 Compound: 2 Conformer: 2 (2-heptanol_c1)
 Chemical potential of the molecule in the mixture :         5.47523 kcal/mol
 Log10(partial pressure [mbar])                    :         3.56676
 Free energy of molecule in mix (E_COSMO+dE+Mu)    :   -220745.39721 kcal/mol
 Total mean interaction energy in the mix          :        -9.76709 kcal/mol
 Misfit interaction energy in the mix              :         2.89869 kcal/mol
 H-Bond interaction energy in the mix              :        -4.09300 kcal/mol
 VdW interaction energy in the mix                 :       -20.89814 kcal/mol
 Gas liquid transition energy in the mix (H_glt)   :        12.32536 kcal/mol
 Normalized weight factor of molecule in compound  :         0.15566
 Normalized weight factor of molecule in gas phase :         0.21915

 Compound: 2 Conformer: 3 (2-heptanol_c2)
 Chemical potential of the molecule in the mixture :         5.67060 kcal/mol
 Log10(partial pressure [mbar])                    :         3.63397
 Free energy of molecule in mix (E_COSMO+dE+Mu)    :   -220745.26881 kcal/mol
 Total mean interaction energy in the mix          :        -9.58470 kcal/mol
 Misfit interaction energy in the mix              :         2.90513 kcal/mol
 H-Bond interaction energy in the mix              :        -3.97540 kcal/mol
 VdW interaction energy in the mix                 :       -20.83979 kcal/mol
 Gas liquid transition energy in the mix (H_glt)   :        12.32536 kcal/mol
 Normalized weight factor of molecule in compound  :         0.12664
 Normalized weight factor of molecule in gas phase :         0.21063

 Compound: 2 Conformer: 4 (2-heptanol_c3)
 Chemical potential of the molecule in the mixture :         5.33965 kcal/mol
 Log10(partial pressure [mbar])                    :         3.22137
 Free energy of molecule in mix (E_COSMO+dE+Mu)    :   -220745.71234 kcal/mol
 Total mean interaction energy in the mix          :        -9.79507 kcal/mol
 Misfit interaction energy in the mix              :         2.92927 kcal/mol
 H-Bond interaction energy in the mix              :        -4.25282 kcal/mol
 VdW interaction energy in the mix                 :       -20.79689 kcal/mol
 Gas liquid transition energy in the mix (H_glt)   :        12.32536 kcal/mol
 Normalized weight factor of molecule in compound  :         0.25830
 Normalized weight factor of molecule in gas phase :         0.16808

 Compound: 2 Conformer: 5 (2-heptanol_c4)
 Chemical potential of the molecule in the mixture :         5.35218 kcal/mol
 Log10(partial pressure [mbar])                    :         3.22050
 Free energy of molecule in mix (E_COSMO+dE+Mu)    :   -220745.61833 kcal/mol
 Total mean interaction energy in the mix          :        -9.82607 kcal/mol
 Misfit interaction energy in the mix              :         2.90793 kcal/mol
 H-Bond interaction energy in the mix              :        -4.28803 kcal/mol
 VdW interaction energy in the mix                 :       -20.77134 kcal/mol
 Gas liquid transition energy in the mix (H_glt)   :        12.32536 kcal/mol
 Normalized weight factor of molecule in compound  :         0.22208
 Normalized weight factor of molecule in gas phase :         0.14367

 Compound: 3 Conformer: 1 (lacticacid_c0)
 Chemical potential of the molecule in the mixture :         6.39859 kcal/mol
 Log10(partial pressure [mbar])                    :        -0.57470
 Free energy of molecule in mix (E_COSMO+dE+Mu)    :   -215742.28155 kcal/mol
 Total mean interaction energy in the mix          :        -7.35130 kcal/mol
 Misfit interaction energy in the mix              :         2.02757 kcal/mol
 H-Bond interaction energy in the mix              :        -4.39309 kcal/mol
 VdW interaction energy in the mix                 :       -13.23762 kcal/mol
 Gas liquid transition energy in the mix (H_glt)   :         8.25184 kcal/mol
 Normalized weight factor of molecule in compound  :         0.04364
 Normalized weight factor of molecule in gas phase :         0.00603

 Compound: 3 Conformer: 2 (lacticacid_c1)
 Chemical potential of the molecule in the mixture :         6.52038 kcal/mol
 Log10(partial pressure [mbar])                    :        -0.09931
 Free energy of molecule in mix (E_COSMO+dE+Mu)    :   -215741.97827 kcal/mol
 Total mean interaction energy in the mix          :        -6.91568 kcal/mol
 Misfit interaction energy in the mix              :         2.13580 kcal/mol
 H-Bond interaction energy in the mix              :        -4.08864 kcal/mol
 VdW interaction energy in the mix                 :       -13.21468 kcal/mol
 Gas liquid transition energy in the mix (H_glt)   :         8.25184 kcal/mol
 Normalized weight factor of molecule in compound  :         0.02681
 Normalized weight factor of molecule in gas phase :         0.01137

 Compound: 3 Conformer: 3 (lacticacid_c2)
 Chemical potential of the molecule in the mixture :         4.67430 kcal/mol
 Log10(partial pressure [mbar])                    :         0.58819
 Free energy of molecule in mix (E_COSMO+dE+Mu)    :   -215742.93216 kcal/mol
 Total mean interaction energy in the mix          :        -8.01921 kcal/mol
 Misfit interaction energy in the mix              :         2.06839 kcal/mol
 H-Bond interaction energy in the mix              :        -5.03959 kcal/mol
 VdW interaction energy in the mix                 :       -13.29985 kcal/mol
 Gas liquid transition energy in the mix (H_glt)   :         8.25184 kcal/mol
 Normalized weight factor of molecule in compound  :         0.12416
 Normalized weight factor of molecule in gas phase :         0.93300

 Compound: 3 Conformer: 4 (lacticacid_c3)
 Chemical potential of the molecule in the mixture :         2.92221 kcal/mol
 Log10(partial pressure [mbar])                    :        -1.67123
 Free energy of molecule in mix (E_COSMO+dE+Mu)    :   -215743.26322 kcal/mol
 Total mean interaction energy in the mix          :       -10.13101 kcal/mol
 Misfit interaction energy in the mix              :         1.98951 kcal/mol
 H-Bond interaction energy in the mix              :        -7.09613 kcal/mol
 VdW interaction energy in the mix                 :       -13.27623 kcal/mol
 Gas liquid transition energy in the mix (H_glt)   :         8.25184 kcal/mol
 Normalized weight factor of molecule in compound  :         0.21135
 Normalized weight factor of molecule in gas phase :         0.02822

 Compound: 3 Conformer: 5 (lacticacid_c4)
 Chemical potential of the molecule in the mixture :         2.41078 kcal/mol
 Log10(partial pressure [mbar])                    :        -3.58889
 Free energy of molecule in mix (E_COSMO+dE+Mu)    :   -215743.68805 kcal/mol
 Total mean interaction energy in the mix          :       -11.07914 kcal/mol
 Misfit interaction energy in the mix              :         1.96892 kcal/mol
 H-Bond interaction energy in the mix              :        -8.00241 kcal/mol
 VdW interaction energy in the mix                 :       -13.29749 kcal/mol
 Gas liquid transition energy in the mix (H_glt)   :         8.25184 kcal/mol
 Normalized weight factor of molecule in compound  :         0.41831
 Normalized weight factor of molecule in gas phase :         0.00067

 Compound: 3 Conformer: 6 (lacticacid_c5)
 Chemical potential of the molecule in the mixture :         2.88709 kcal/mol
 Log10(partial pressure [mbar])                    :        -1.72539
 Free energy of molecule in mix (E_COSMO+dE+Mu)    :   -215743.14838 kcal/mol
 Total mean interaction energy in the mix          :       -10.20616 kcal/mol
 Misfit interaction energy in the mix              :         1.96536 kcal/mol
 H-Bond interaction energy in the mix              :        -7.12555 kcal/mol
 VdW interaction energy in the mix                 :       -13.29781 kcal/mol
 Gas liquid transition energy in the mix (H_glt)   :         8.25184 kcal/mol
 Normalized weight factor of molecule in compound  :         0.17574
 Normalized weight factor of molecule in gas phase :         0.02069




 Results for mixture 4 - LIQ_EX Phase 2 Iteration    1
 ---------------------
 Temperature          :    313.150 K
 Compound Nr.         :         1         2         3
 Compound             :       h2o 2-heptano lacticaci
 Mole Fraction        :    0.1423    0.8561    0.0017

 Compound: 1  (h2o)
 Chemical potential of the compound in the mixture :         4.32661 kcal/mol
 Log10(partial pressure [mbar])                    :         2.12705
 Free energy of molecule in mix (E_COSMO+dE+Mu)    :    -47988.92666 kcal/mol
 Total mean interaction energy in the mix (H_int)  :        -4.93107 kcal/mol
 Misfit interaction energy in the mix (H_MF)       :         1.19533 kcal/mol
 H-Bond interaction energy in the mix (H_HB)       :        -4.45561 kcal/mol
 VdW interaction energy in the mix (H_vdW)         :        -4.60284 kcal/mol
 Gas liquid transition energy in the mix (H_glt)   :         2.93205 kcal/mol
 Equilibrium constant Kx(1,2)                      :         3.96643
 Equilibrium concentration x_k(1,2)                :         0.79865

 Compound: 2  (2-heptanol)
 Chemical potential of the compound in the mixture :         0.14942 kcal/mol
 Log10(partial pressure [mbar])                    :         0.33594
 Free energy of molecule in mix (E_COSMO+dE+Mu)    :   -220750.95534 kcal/mol
 Total mean interaction energy in the mix (H_int)  :        -9.68168 kcal/mol
 Misfit interaction energy in the mix (H_MF)       :         2.24031 kcal/mol
 H-Bond interaction energy in the mix (H_HB)       :        -2.81517 kcal/mol
 VdW interaction energy in the mix (H_vdW)         :       -21.55888 kcal/mol
 Gas liquid transition energy in the mix (H_glt)   :        12.32536 kcal/mol
 Equilibrium constant Kx(1,2)                      :  8.48840667E-04
 Equilibrium concentration x_k(1,2)                :         0.00085

 Compound: 3  (lacticacid)
 Chemical potential of the compound in the mixture :         4.30824 kcal/mol
 Log10(partial pressure [mbar])                    :        -0.89555
 Free energy of molecule in mix (E_COSMO+dE+Mu)    :   -215744.37190 kcal/mol
 Total mean interaction energy in the mix (H_int)  :        -5.66977 kcal/mol
 Misfit interaction energy in the mix (H_MF)       :         2.52851 kcal/mol
 H-Bond interaction energy in the mix (H_HB)       :        -4.00629 kcal/mol
 VdW interaction energy in the mix (H_vdW)         :       -13.99533 kcal/mol
 Gas liquid transition energy in the mix (H_glt)   :         8.25184 kcal/mol
 Equilibrium constant Kx(1,2)                      :         0.79662
 Equilibrium concentration x_k(1,2)                :         0.44340



 Compound: 1 Conformer: 1 (h2o_c0)
 Chemical potential of the molecule in the mixture :         4.32661 kcal/mol
 Log10(partial pressure [mbar])                    :         2.12705
 Free energy of molecule in mix (E_COSMO+dE+Mu)    :    -47988.92666 kcal/mol
 Total mean interaction energy in the mix          :        -4.93107 kcal/mol
 Misfit interaction energy in the mix              :         1.19533 kcal/mol
 H-Bond interaction energy in the mix              :        -4.45561 kcal/mol
 VdW interaction energy in the mix                 :        -4.60284 kcal/mol
 Gas liquid transition energy in the mix (H_glt)   :         2.93205 kcal/mol
 Normalized weight factor of molecule in compound  :         1.00000
 Normalized weight factor of molecule in gas phase :         1.00000

 Compound: 2 Conformer: 1 (2-heptanol_c0)
 Chemical potential of the molecule in the mixture :         1.37029 kcal/mol
 Log10(partial pressure [mbar])                    :         0.66202
 Free energy of molecule in mix (E_COSMO+dE+Mu)    :   -220749.73447 kcal/mol
 Total mean interaction energy in the mix          :        -9.46579 kcal/mol
 Misfit interaction energy in the mix              :         2.31820 kcal/mol
 H-Bond interaction energy in the mix              :        -2.55978 kcal/mol
 VdW interaction energy in the mix                 :       -21.54956 kcal/mol
 Gas liquid transition energy in the mix (H_glt)   :        12.32536 kcal/mol
 Normalized weight factor of molecule in compound  :         0.14059
 Normalized weight factor of molecule in gas phase :         0.25848

 Compound: 2 Conformer: 2 (2-heptanol_c1)
 Chemical potential of the molecule in the mixture :         0.75781 kcal/mol
 Log10(partial pressure [mbar])                    :         0.27450
 Free energy of molecule in mix (E_COSMO+dE+Mu)    :   -220750.11462 kcal/mol
 Total mean interaction energy in the mix          :        -9.96655 kcal/mol
 Misfit interaction energy in the mix              :         2.15720 kcal/mol
 H-Bond interaction energy in the mix              :        -2.82403 kcal/mol
 VdW interaction energy in the mix                 :       -21.62507 kcal/mol
 Gas liquid transition energy in the mix (H_glt)   :        12.32536 kcal/mol
 Normalized weight factor of molecule in compound  :         0.25898
 Normalized weight factor of molecule in gas phase :         0.21915

 Compound: 2 Conformer: 3 (2-heptanol_c2)
 Chemical potential of the molecule in the mixture :         1.10515 kcal/mol
 Log10(partial pressure [mbar])                    :         0.44777
 Free energy of molecule in mix (E_COSMO+dE+Mu)    :   -220749.83425 kcal/mol
 Total mean interaction energy in the mix          :        -9.49444 kcal/mol
 Misfit interaction energy in the mix              :         2.25311 kcal/mol
 H-Bond interaction energy in the mix              :        -2.50682 kcal/mol
 VdW interaction energy in the mix                 :       -21.56609 kcal/mol
 Gas liquid transition energy in the mix (H_glt)   :        12.32536 kcal/mol
 Normalized weight factor of molecule in compound  :         0.16504
 Normalized weight factor of molecule in gas phase :         0.21063

 Compound: 2 Conformer: 4 (2-heptanol_c3)
 Chemical potential of the molecule in the mixture :         0.99623 kcal/mol
 Log10(partial pressure [mbar])                    :         0.19012
 Free energy of molecule in mix (E_COSMO+dE+Mu)    :   -220750.05576 kcal/mol
 Total mean interaction energy in the mix          :        -9.94702 kcal/mol
 Misfit interaction energy in the mix              :         2.26578 kcal/mol
 H-Bond interaction energy in the mix              :        -3.00558 kcal/mol
 VdW interaction energy in the mix                 :       -21.53257 kcal/mol
 Gas liquid transition energy in the mix (H_glt)   :        12.32536 kcal/mol
 Normalized weight factor of molecule in compound  :         0.23561
 Normalized weight factor of molecule in gas phase :         0.16808

 Compound: 2 Conformer: 5 (2-heptanol_c4)
 Chemical potential of the molecule in the mixture :         1.01744 kcal/mol
 Log10(partial pressure [mbar])                    :         0.19531
 Free energy of molecule in mix (E_COSMO+dE+Mu)    :   -220749.95308 kcal/mol
 Total mean interaction energy in the mix          :        -9.94033 kcal/mol
 Misfit interaction energy in the mix              :         2.25264 kcal/mol
 H-Bond interaction energy in the mix              :        -3.01361 kcal/mol
 VdW interaction energy in the mix                 :       -21.50471 kcal/mol
 Gas liquid transition energy in the mix (H_glt)   :        12.32536 kcal/mol
 Normalized weight factor of molecule in compound  :         0.19977
 Normalized weight factor of molecule in gas phase :         0.14367

 Compound: 3 Conformer: 1 (lacticacid_c0)
 Chemical potential of the molecule in the mixture :         6.12024 kcal/mol
 Log10(partial pressure [mbar])                    :        -0.76895
 Free energy of molecule in mix (E_COSMO+dE+Mu)    :   -215742.55990 kcal/mol
 Total mean interaction energy in the mix          :        -5.60537 kcal/mol
 Misfit interaction energy in the mix              :         3.02948 kcal/mol
 H-Bond interaction energy in the mix              :        -2.92954 kcal/mol
 VdW interaction energy in the mix                 :       -13.95715 kcal/mol
 Gas liquid transition energy in the mix (H_glt)   :         8.25184 kcal/mol
 Normalized weight factor of molecule in compound  :         0.05438
 Normalized weight factor of molecule in gas phase :         0.00603

 Compound: 3 Conformer: 2 (lacticacid_c1)
 Chemical potential of the molecule in the mixture :         6.47624 kcal/mol
 Log10(partial pressure [mbar])                    :        -0.13011
 Free energy of molecule in mix (E_COSMO+dE+Mu)    :   -215742.02241 kcal/mol
 Total mean interaction energy in the mix          :        -5.18696 kcal/mol
 Misfit interaction energy in the mix              :         3.04242 kcal/mol
 H-Bond interaction energy in the mix              :        -2.55548 kcal/mol
 VdW interaction energy in the mix                 :       -13.92574 kcal/mol
 Gas liquid transition energy in the mix (H_glt)   :         8.25184 kcal/mol
 Normalized weight factor of molecule in compound  :         0.02292
 Normalized weight factor of molecule in gas phase :         0.01137

 Compound: 3 Conformer: 3 (lacticacid_c2)
 Chemical potential of the molecule in the mixture :         3.60569 kcal/mol
 Log10(partial pressure [mbar])                    :        -0.15759
 Free energy of molecule in mix (E_COSMO+dE+Mu)    :   -215744.00077 kcal/mol
 Total mean interaction energy in the mix          :        -6.84101 kcal/mol
 Misfit interaction energy in the mix              :         2.36915 kcal/mol
 H-Bond interaction energy in the mix              :        -3.46531 kcal/mol
 VdW interaction energy in the mix                 :       -13.99669 kcal/mol
 Gas liquid transition energy in the mix (H_glt)   :         8.25184 kcal/mol
 Normalized weight factor of molecule in compound  :         0.55080
 Normalized weight factor of molecule in gas phase :         0.93300

 Compound: 3 Conformer: 4 (lacticacid_c3)
 Chemical potential of the molecule in the mixture :         3.01008 kcal/mol
 Log10(partial pressure [mbar])                    :        -1.60990
 Free energy of molecule in mix (E_COSMO+dE+Mu)    :   -215743.17535 kcal/mol
 Total mean interaction energy in the mix          :        -8.00037 kcal/mol
 Misfit interaction energy in the mix              :         2.59214 kcal/mol
 H-Bond interaction energy in the mix              :        -4.86191 kcal/mol
 VdW interaction energy in the mix                 :       -13.98244 kcal/mol
 Gas liquid transition energy in the mix (H_glt)   :         8.25184 kcal/mol
 Normalized weight factor of molecule in compound  :         0.14620
 Normalized weight factor of molecule in gas phase :         0.02822

 Compound: 3 Conformer: 5 (lacticacid_c4)
 Chemical potential of the molecule in the mixture :         3.23002 kcal/mol
 Log10(partial pressure [mbar])                    :        -3.01715
 Free energy of molecule in mix (E_COSMO+dE+Mu)    :   -215742.86881 kcal/mol
 Total mean interaction energy in the mix          :        -8.34339 kcal/mol
 Misfit interaction energy in the mix              :         2.91261 kcal/mol
 H-Bond interaction energy in the mix              :        -5.48097 kcal/mol
 VdW interaction energy in the mix                 :       -14.02688 kcal/mol
 Gas liquid transition energy in the mix (H_glt)   :         8.25184 kcal/mol
 Normalized weight factor of molecule in compound  :         0.08933
 Normalized weight factor of molecule in gas phase :         0.00067

 Compound: 3 Conformer: 6 (lacticacid_c5)
 Chemical potential of the molecule in the mixture :         2.90342 kcal/mol
 Log10(partial pressure [mbar])                    :        -1.71399
 Free energy of molecule in mix (E_COSMO+dE+Mu)    :   -215743.13204 kcal/mol
 Total mean interaction energy in the mix          :        -8.17320 kcal/mol
 Misfit interaction energy in the mix              :         2.56616 kcal/mol
 H-Bond interaction energy in the mix              :        -4.98129 kcal/mol
 VdW interaction energy in the mix                 :       -14.00991 kcal/mol
 Gas liquid transition energy in the mix (H_glt)   :         8.25184 kcal/mol
 Normalized weight factor of molecule in compound  :         0.13637
 Normalized weight factor of molecule in gas phase :         0.02069




 Results for mixture 5 - LIQ_EX Phase 1 Iteration    2
 ---------------------
 Temperature          :    313.150 K
 Compound Nr.         :         1         2         3
 Compound             :       h2o 2-heptano lacticaci
 Mole Fraction        :    0.9972    0.0008    0.0020

 Compound: 1  (h2o)
 Chemical potential of the compound in the mixture :         3.46915 kcal/mol
 Log10(partial pressure [mbar])                    :         1.52864
 Free energy of molecule in mix (E_COSMO+dE+Mu)    :    -47989.78412 kcal/mol
 Total mean interaction energy in the mix (H_int)  :        -5.54576 kcal/mol
 Misfit interaction energy in the mix (H_MF)       :         0.59130 kcal/mol
 H-Bond interaction energy in the mix (H_HB)       :        -4.72872 kcal/mol
 VdW interaction energy in the mix (H_vdW)         :        -4.34038 kcal/mol
 Gas liquid transition energy in the mix (H_glt)   :         2.93205 kcal/mol

 Compound: 2  (2-heptanol)
 Chemical potential of the compound in the mixture :         4.56463 kcal/mol
 Log10(partial pressure [mbar])                    :         3.41729
 Free energy of molecule in mix (E_COSMO+dE+Mu)    :   -220746.54013 kcal/mol
 Total mean interaction energy in the mix (H_int)  :        -9.66537 kcal/mol
 Misfit interaction energy in the mix (H_MF)       :         2.91481 kcal/mol
 H-Bond interaction energy in the mix (H_HB)       :        -4.19266 kcal/mol
 VdW interaction energy in the mix (H_vdW)         :       -20.81341 kcal/mol
 Gas liquid transition energy in the mix (H_glt)   :        12.32536 kcal/mol

 Compound: 3  (lacticacid)
 Chemical potential of the compound in the mixture :         4.45339 kcal/mol
 Log10(partial pressure [mbar])                    :        -0.79425
 Free energy of molecule in mix (E_COSMO+dE+Mu)    :   -215744.22675 kcal/mol
 Total mean interaction energy in the mix (H_int)  :        -7.86397 kcal/mol
 Misfit interaction energy in the mix (H_MF)       :         1.99010 kcal/mol
 H-Bond interaction energy in the mix (H_HB)       :        -7.03006 kcal/mol
 VdW interaction energy in the mix (H_vdW)         :       -13.28655 kcal/mol
 Gas liquid transition energy in the mix (H_glt)   :         8.25184 kcal/mol



 Compound: 1 Conformer: 1 (h2o_c0)
 Chemical potential of the molecule in the mixture :         3.46915 kcal/mol
 Log10(partial pressure [mbar])                    :         1.52864
 Free energy of molecule in mix (E_COSMO+dE+Mu)    :    -47989.78412 kcal/mol
 Total mean interaction energy in the mix          :        -5.54576 kcal/mol
 Misfit interaction energy in the mix              :         0.59130 kcal/mol
 H-Bond interaction energy in the mix              :        -4.72872 kcal/mol
 VdW interaction energy in the mix                 :        -4.34038 kcal/mol
 Gas liquid transition energy in the mix (H_glt)   :         2.93205 kcal/mol
 Normalized weight factor of molecule in compound  :         1.00000
 Normalized weight factor of molecule in gas phase :         1.00000

 Compound: 2 Conformer: 1 (2-heptanol_c0)
 Chemical potential of the molecule in the mixture :         5.45957 kcal/mol
 Log10(partial pressure [mbar])                    :         3.51590
 Free energy of molecule in mix (E_COSMO+dE+Mu)    :   -220745.64519 kcal/mol
 Total mean interaction energy in the mix          :        -9.77099 kcal/mol
 Misfit interaction energy in the mix              :         2.93098 kcal/mol
 H-Bond interaction energy in the mix              :        -4.21728 kcal/mol
 VdW interaction energy in the mix                 :       -20.81005 kcal/mol
 Gas liquid transition energy in the mix (H_glt)   :        12.32536 kcal/mol
 Normalized weight factor of molecule in compound  :         0.23737
 Normalized weight factor of molecule in gas phase :         0.25848

 Compound: 2 Conformer: 2 (2-heptanol_c1)
 Chemical potential of the molecule in the mixture :         5.49010 kcal/mol
 Log10(partial pressure [mbar])                    :         3.57714
 Free energy of molecule in mix (E_COSMO+dE+Mu)    :   -220745.38233 kcal/mol
 Total mean interaction energy in the mix          :        -9.76816 kcal/mol
 Misfit interaction energy in the mix              :         2.89563 kcal/mol
 H-Bond interaction energy in the mix              :        -4.09377 kcal/mol
 VdW interaction energy in the mix                 :       -20.89538 kcal/mol
 Gas liquid transition energy in the mix (H_glt)   :        12.32536 kcal/mol
 Normalized weight factor of molecule in compound  :         0.15559
 Normalized weight factor of molecule in gas phase :         0.21915

 Compound: 2 Conformer: 3 (2-heptanol_c2)
 Chemical potential of the molecule in the mixture :         5.68537 kcal/mol
 Log10(partial pressure [mbar])                    :         3.64428
 Free energy of molecule in mix (E_COSMO+dE+Mu)    :   -220745.25403 kcal/mol
 Total mean interaction energy in the mix          :        -9.58576 kcal/mol
 Misfit interaction energy in the mix              :         2.90205 kcal/mol
 H-Bond interaction energy in the mix              :        -3.97614 kcal/mol
 VdW interaction energy in the mix                 :       -20.83703 kcal/mol
 Gas liquid transition energy in the mix (H_glt)   :        12.32536 kcal/mol
 Normalized weight factor of molecule in compound  :         0.12660
 Normalized weight factor of molecule in gas phase :         0.21063

 Compound: 2 Conformer: 4 (2-heptanol_c3)
 Chemical potential of the molecule in the mixture :         5.35415 kcal/mol
 Log10(partial pressure [mbar])                    :         3.23149
 Free energy of molecule in mix (E_COSMO+dE+Mu)    :   -220745.69784 kcal/mol
 Total mean interaction energy in the mix          :        -9.79576 kcal/mol
 Misfit interaction energy in the mix              :         2.92629 kcal/mol
 H-Bond interaction energy in the mix              :        -4.25328 kcal/mol
 VdW interaction energy in the mix                 :       -20.79412 kcal/mol
 Gas liquid transition energy in the mix (H_glt)   :        12.32536 kcal/mol
 Normalized weight factor of molecule in compound  :         0.25833
 Normalized weight factor of molecule in gas phase :         0.16808

 Compound: 2 Conformer: 5 (2-heptanol_c4)
 Chemical potential of the molecule in the mixture :         5.36666 kcal/mol
 Log10(partial pressure [mbar])                    :         3.23060
 Free energy of molecule in mix (E_COSMO+dE+Mu)    :   -220745.60385 kcal/mol
 Total mean interaction energy in the mix          :        -9.82685 kcal/mol
 Misfit interaction energy in the mix              :         2.90489 kcal/mol
 H-Bond interaction energy in the mix              :        -4.28852 kcal/mol
 VdW interaction energy in the mix                 :       -20.76858 kcal/mol
 Gas liquid transition energy in the mix (H_glt)   :        12.32536 kcal/mol
 Normalized weight factor of molecule in compound  :         0.22211
 Normalized weight factor of molecule in gas phase :         0.14367

 Compound: 3 Conformer: 1 (lacticacid_c0)
 Chemical potential of the molecule in the mixture :         6.40290 kcal/mol
 Log10(partial pressure [mbar])                    :        -0.57169
 Free energy of molecule in mix (E_COSMO+dE+Mu)    :   -215742.27724 kcal/mol
 Total mean interaction energy in the mix          :        -7.35315 kcal/mol
 Misfit interaction energy in the mix              :         2.02545 kcal/mol
 H-Bond interaction energy in the mix              :        -4.39487 kcal/mol
 VdW interaction energy in the mix                 :       -13.23558 kcal/mol
 Gas liquid transition energy in the mix (H_glt)   :         8.25184 kcal/mol
 Normalized weight factor of molecule in compound  :         0.04360
 Normalized weight factor of molecule in gas phase :         0.00603

 Compound: 3 Conformer: 2 (lacticacid_c1)
 Chemical potential of the molecule in the mixture :         6.52456 kcal/mol
 Log10(partial pressure [mbar])                    :        -0.09639
 Free energy of molecule in mix (E_COSMO+dE+Mu)    :   -215741.97409 kcal/mol
 Total mean interaction energy in the mix          :        -6.91721 kcal/mol
 Misfit interaction energy in the mix              :         2.13409 kcal/mol
 H-Bond interaction energy in the mix              :        -4.09051 kcal/mol
 VdW interaction energy in the mix                 :       -13.21263 kcal/mol
 Gas liquid transition energy in the mix (H_glt)   :         8.25184 kcal/mol
 Normalized weight factor of molecule in compound  :         0.02678
 Normalized weight factor of molecule in gas phase :         0.01137

 Compound: 3 Conformer: 3 (lacticacid_c2)
 Chemical potential of the molecule in the mixture :         4.67978 kcal/mol
 Log10(partial pressure [mbar])                    :         0.59201
 Free energy of molecule in mix (E_COSMO+dE+Mu)    :   -215742.92669 kcal/mol
 Total mean interaction energy in the mix          :        -8.02039 kcal/mol
 Misfit interaction energy in the mix              :         2.06678 kcal/mol
 H-Bond interaction energy in the mix              :        -5.04123 kcal/mol
 VdW interaction energy in the mix                 :       -13.29778 kcal/mol
 Gas liquid transition energy in the mix (H_glt)   :         8.25184 kcal/mol
 Normalized weight factor of molecule in compound  :         0.12379
 Normalized weight factor of molecule in gas phase :         0.93300

 Compound: 3 Conformer: 4 (lacticacid_c3)
 Chemical potential of the molecule in the mixture :         2.92588 kcal/mol
 Log10(partial pressure [mbar])                    :        -1.66866
 Free energy of molecule in mix (E_COSMO+dE+Mu)    :   -215743.25955 kcal/mol
 Total mean interaction energy in the mix          :       -10.13334 kcal/mol
 Misfit interaction energy in the mix              :         1.98770 kcal/mol
 H-Bond interaction energy in the mix              :        -7.09860 kcal/mol
 VdW interaction energy in the mix                 :       -13.27428 kcal/mol
 Gas liquid transition energy in the mix (H_glt)   :         8.25184 kcal/mol
 Normalized weight factor of molecule in compound  :         0.21135
 Normalized weight factor of molecule in gas phase :         0.02822

 Compound: 3 Conformer: 5 (lacticacid_c4)
 Chemical potential of the molecule in the mixture :         2.41374 kcal/mol
 Log10(partial pressure [mbar])                    :        -3.58683
 Free energy of molecule in mix (E_COSMO+dE+Mu)    :   -215743.68509 kcal/mol
 Total mean interaction energy in the mix          :       -11.08144 kcal/mol
 Misfit interaction energy in the mix              :         1.96690 kcal/mol
 H-Bond interaction energy in the mix              :        -8.00465 kcal/mol
 VdW interaction energy in the mix                 :       -13.29554 kcal/mol
 Gas liquid transition energy in the mix (H_glt)   :         8.25184 kcal/mol
 Normalized weight factor of molecule in compound  :         0.41877
 Normalized weight factor of molecule in gas phase :         0.00067

 Compound: 3 Conformer: 6 (lacticacid_c5)
 Chemical potential of the molecule in the mixture :         2.89083 kcal/mol
 Log10(partial pressure [mbar])                    :        -1.72278
 Free energy of molecule in mix (E_COSMO+dE+Mu)    :   -215743.14464 kcal/mol
 Total mean interaction energy in the mix          :       -10.20850 kcal/mol
 Misfit interaction energy in the mix              :         1.96351 kcal/mol
 H-Bond interaction energy in the mix              :        -7.12799 kcal/mol
 VdW interaction energy in the mix                 :       -13.29586 kcal/mol
 Gas liquid transition energy in the mix (H_glt)   :         8.25184 kcal/mol
 Normalized weight factor of molecule in compound  :         0.17571
 Normalized weight factor of molecule in gas phase :         0.02069




 Results for mixture 6 - LIQ_EX Phase 2 Iteration    2
 ---------------------
 Temperature          :    313.150 K
 Compound Nr.         :         1         2         3
 Compound             :       h2o 2-heptano lacticaci
 Mole Fraction        :    0.2108    0.7871    0.0021

 Compound: 1  (h2o)
 Chemical potential of the compound in the mixture :         4.27821 kcal/mol
 Log10(partial pressure [mbar])                    :         2.09328
 Free energy of molecule in mix (E_COSMO+dE+Mu)    :    -47988.97506 kcal/mol
 Total mean interaction energy in the mix (H_int)  :        -5.01659 kcal/mol
 Misfit interaction energy in the mix (H_MF)       :         1.11710 kcal/mol
 H-Bond interaction energy in the mix (H_HB)       :        -4.47430 kcal/mol
 VdW interaction energy in the mix (H_vdW)         :        -4.59145 kcal/mol
 Gas liquid transition energy in the mix (H_glt)   :         2.93205 kcal/mol
 Equilibrium constant Kx(1,2)                      :         3.66977
 Equilibrium concentration x_k(1,2)                :         0.78586

 Compound: 2  (2-heptanol)
 Chemical potential of the compound in the mixture :         0.16029 kcal/mol
 Log10(partial pressure [mbar])                    :         0.34353
 Free energy of molecule in mix (E_COSMO+dE+Mu)    :   -220750.94447 kcal/mol
 Total mean interaction energy in the mix (H_int)  :        -9.74935 kcal/mol
 Misfit interaction energy in the mix (H_MF)       :         2.26960 kcal/mol
 H-Bond interaction energy in the mix (H_HB)       :        -2.93383 kcal/mol
 VdW interaction energy in the mix (H_vdW)         :       -21.53562 kcal/mol
 Gas liquid transition energy in the mix (H_glt)   :        12.32536 kcal/mol
 Equilibrium constant Kx(1,2)                      :  8.43801511E-04
 Equilibrium concentration x_k(1,2)                :         0.00084

 Compound: 3  (lacticacid)
 Chemical potential of the compound in the mixture :         4.23003 kcal/mol
 Log10(partial pressure [mbar])                    :        -0.95014
 Free energy of molecule in mix (E_COSMO+dE+Mu)    :   -215744.45011 kcal/mol
 Total mean interaction energy in the mix (H_int)  :        -5.82107 kcal/mol
 Misfit interaction energy in the mix (H_MF)       :         2.45327 kcal/mol
 H-Bond interaction energy in the mix (H_HB)       :        -4.13901 kcal/mol
 VdW interaction energy in the mix (H_vdW)         :       -13.97248 kcal/mol
 Gas liquid transition energy in the mix (H_glt)   :         8.25184 kcal/mol
 Equilibrium constant Kx(1,2)                      :         0.69842
 Equilibrium concentration x_k(1,2)                :         0.41122



 Compound: 1 Conformer: 1 (h2o_c0)
 Chemical potential of the molecule in the mixture :         4.27821 kcal/mol
 Log10(partial pressure [mbar])                    :         2.09328
 Free energy of molecule in mix (E_COSMO+dE+Mu)    :    -47988.97506 kcal/mol
 Total mean interaction energy in the mix          :        -5.01659 kcal/mol
 Misfit interaction energy in the mix              :         1.11710 kcal/mol
 H-Bond interaction energy in the mix              :        -4.47430 kcal/mol
 VdW interaction energy in the mix                 :        -4.59145 kcal/mol
 Gas liquid transition energy in the mix (H_glt)   :         2.93205 kcal/mol
 Normalized weight factor of molecule in compound  :         1.00000
 Normalized weight factor of molecule in gas phase :         1.00000

 Compound: 2 Conformer: 1 (2-heptanol_c0)
 Chemical potential of the molecule in the mixture :         1.35072 kcal/mol
 Log10(partial pressure [mbar])                    :         0.64836
 Free energy of molecule in mix (E_COSMO+dE+Mu)    :   -220749.75404 kcal/mol
 Total mean interaction energy in the mix          :        -9.57482 kcal/mol
 Misfit interaction energy in the mix              :         2.34684 kcal/mol
 H-Bond interaction energy in the mix              :        -2.72178 kcal/mol
 VdW interaction energy in the mix                 :       -21.52524 kcal/mol
 Gas liquid transition energy in the mix (H_glt)   :        12.32536 kcal/mol
 Normalized weight factor of molecule in compound  :         0.14764
 Normalized weight factor of molecule in gas phase :         0.25848

 Compound: 2 Conformer: 2 (2-heptanol_c1)
 Chemical potential of the molecule in the mixture :         0.78234 kcal/mol
 Log10(partial pressure [mbar])                    :         0.29162
 Free energy of molecule in mix (E_COSMO+dE+Mu)    :   -220750.09010 kcal/mol
 Total mean interaction energy in the mix          :       -10.01467 kcal/mol
 Misfit interaction energy in the mix              :         2.18622 kcal/mol
 H-Bond interaction energy in the mix              :        -2.92323 kcal/mol
 VdW interaction energy in the mix                 :       -21.60301 kcal/mol
 Gas liquid transition energy in the mix (H_glt)   :        12.32536 kcal/mol
 Normalized weight factor of molecule in compound  :         0.25336
 Normalized weight factor of molecule in gas phase :         0.21915

 Compound: 2 Conformer: 3 (2-heptanol_c2)
 Chemical potential of the molecule in the mixture :         1.12374 kcal/mol
 Log10(partial pressure [mbar])                    :         0.46074
 Free energy of molecule in mix (E_COSMO+dE+Mu)    :   -220749.81567 kcal/mol
 Total mean interaction energy in the mix          :        -9.56345 kcal/mol
 Misfit interaction energy in the mix              :         2.27882 kcal/mol
 H-Bond interaction energy in the mix              :        -2.62355 kcal/mol
 VdW interaction energy in the mix                 :       -21.54407 kcal/mol
 Gas liquid transition energy in the mix (H_glt)   :        12.32536 kcal/mol
 Normalized weight factor of molecule in compound  :         0.16301
 Normalized weight factor of molecule in gas phase :         0.21063

 Compound: 2 Conformer: 4 (2-heptanol_c3)
 Chemical potential of the molecule in the mixture :         1.00672 kcal/mol
 Log10(partial pressure [mbar])                    :         0.19744
 Free energy of molecule in mix (E_COSMO+dE+Mu)    :   -220750.04527 kcal/mol
 Total mean interaction energy in the mix          :       -10.01383 kcal/mol
 Misfit interaction energy in the mix              :         2.29431 kcal/mol
 H-Bond interaction energy in the mix              :        -3.12394 kcal/mol
 VdW interaction energy in the mix                 :       -21.50956 kcal/mol
 Gas liquid transition energy in the mix (H_glt)   :        12.32536 kcal/mol
 Normalized weight factor of molecule in compound  :         0.23575
 Normalized weight factor of molecule in gas phase :         0.16808

 Compound: 2 Conformer: 5 (2-heptanol_c4)
 Chemical potential of the molecule in the mixture :         1.02685 kcal/mol
 Log10(partial pressure [mbar])                    :         0.20187
 Free energy of molecule in mix (E_COSMO+dE+Mu)    :   -220749.94367 kcal/mol
 Total mean interaction energy in the mix          :       -10.00723 kcal/mol
 Misfit interaction energy in the mix              :         2.28154 kcal/mol
 H-Bond interaction energy in the mix              :        -3.13235 kcal/mol
 VdW interaction energy in the mix                 :       -21.48178 kcal/mol
 Gas liquid transition energy in the mix (H_glt)   :        12.32536 kcal/mol
 Normalized weight factor of molecule in compound  :         0.20024
 Normalized weight factor of molecule in gas phase :         0.14367

 Compound: 3 Conformer: 1 (lacticacid_c0)
 Chemical potential of the molecule in the mixture :         6.02222 kcal/mol
 Log10(partial pressure [mbar])                    :        -0.83736
 Free energy of molecule in mix (E_COSMO+dE+Mu)    :   -215742.65792 kcal/mol
 Total mean interaction energy in the mix          :        -5.77103 kcal/mol
 Misfit interaction energy in the mix              :         2.90580 kcal/mol
 H-Bond interaction energy in the mix              :        -2.99321 kcal/mol
 VdW interaction energy in the mix                 :       -13.93547 kcal/mol
 Gas liquid transition energy in the mix (H_glt)   :         8.25184 kcal/mol
 Normalized weight factor of molecule in compound  :         0.05614
 Normalized weight factor of molecule in gas phase :         0.00603

 Compound: 3 Conformer: 2 (lacticacid_c1)
 Chemical potential of the molecule in the mixture :         6.36281 kcal/mol
 Log10(partial pressure [mbar])                    :        -0.20928
 Free energy of molecule in mix (E_COSMO+dE+Mu)    :   -215742.13584 kcal/mol
 Total mean interaction energy in the mix          :        -5.33355 kcal/mol
 Misfit interaction energy in the mix              :         2.93880 kcal/mol
 H-Bond interaction energy in the mix              :        -2.62140 kcal/mol
 VdW interaction energy in the mix                 :       -13.90279 kcal/mol
 Gas liquid transition energy in the mix (H_glt)   :         8.25184 kcal/mol
 Normalized weight factor of molecule in compound  :         0.02426
 Normalized weight factor of molecule in gas phase :         0.01137

 Compound: 3 Conformer: 3 (lacticacid_c2)
 Chemical potential of the molecule in the mixture :         3.55969 kcal/mol
 Log10(partial pressure [mbar])                    :        -0.18969
 Free energy of molecule in mix (E_COSMO+dE+Mu)    :   -215744.04677 kcal/mol
 Total mean interaction energy in the mix          :        -6.96046 kcal/mol
 Misfit interaction energy in the mix              :         2.30771 kcal/mol
 H-Bond interaction energy in the mix              :        -3.54430 kcal/mol
 VdW interaction energy in the mix                 :       -13.97570 kcal/mol
 Gas liquid transition energy in the mix (H_glt)   :         8.25184 kcal/mol
 Normalized weight factor of molecule in compound  :         0.52301
 Normalized weight factor of molecule in gas phase :         0.93300

 Compound: 3 Conformer: 4 (lacticacid_c3)
 Chemical potential of the molecule in the mixture :         2.89561 kcal/mol
 Log10(partial pressure [mbar])                    :        -1.68979
 Free energy of molecule in mix (E_COSMO+dE+Mu)    :   -215743.28982 kcal/mol
 Total mean interaction energy in the mix          :        -8.18679 kcal/mol
 Misfit interaction energy in the mix              :         2.48744 kcal/mol
 H-Bond interaction energy in the mix              :        -4.96876 kcal/mol
 VdW interaction energy in the mix                 :       -13.95731 kcal/mol
 Gas liquid transition energy in the mix (H_glt)   :         8.25184 kcal/mol
 Normalized weight factor of molecule in compound  :         0.15497
 Normalized weight factor of molecule in gas phase :         0.02822

 Compound: 3 Conformer: 5 (lacticacid_c4)
 Chemical potential of the molecule in the mixture :         3.08920 kcal/mol
 Log10(partial pressure [mbar])                    :        -3.11543
 Free energy of molecule in mix (E_COSMO+dE+Mu)    :   -215743.00962 kcal/mol
 Total mean interaction energy in the mix          :        -8.61059 kcal/mol
 Misfit interaction energy in the mix              :         2.78490 kcal/mol
 H-Bond interaction energy in the mix              :        -5.64754 kcal/mol
 VdW interaction energy in the mix                 :       -13.99979 kcal/mol
 Gas liquid transition energy in the mix (H_glt)   :         8.25184 kcal/mol
 Normalized weight factor of molecule in compound  :         0.09879
 Normalized weight factor of molecule in gas phase :         0.00067

 Compound: 3 Conformer: 6 (lacticacid_c5)
 Chemical potential of the molecule in the mixture :         2.79636 kcal/mol
 Log10(partial pressure [mbar])                    :        -1.78870
 Free energy of molecule in mix (E_COSMO+dE+Mu)    :   -215743.23910 kcal/mol
 Total mean interaction energy in the mix          :        -8.35436 kcal/mol
 Misfit interaction energy in the mix              :         2.45955 kcal/mol
 H-Bond interaction energy in the mix              :        -5.08114 kcal/mol
 VdW interaction energy in the mix                 :       -13.98460 kcal/mol
 Gas liquid transition energy in the mix (H_glt)   :         8.25184 kcal/mol
 Normalized weight factor of molecule in compound  :         0.14284
 Normalized weight factor of molecule in gas phase :         0.02069




 Results for mixture 7 - LIQ_EX Phase 1 Iteration    3
 ---------------------
 Temperature          :    313.150 K
 Compound Nr.         :         1         2         3
 Compound             :       h2o 2-heptano lacticaci
 Mole Fraction        :    0.9975    0.0007    0.0018

 Compound: 1  (h2o)
 Chemical potential of the compound in the mixture :         3.46914 kcal/mol
 Log10(partial pressure [mbar])                    :         1.52863
 Free energy of molecule in mix (E_COSMO+dE+Mu)    :    -47989.78413 kcal/mol
 Total mean interaction energy in the mix (H_int)  :        -5.54547 kcal/mol
 Misfit interaction energy in the mix (H_MF)       :         0.59134 kcal/mol
 H-Bond interaction energy in the mix (H_HB)       :        -4.72876 kcal/mol
 VdW interaction energy in the mix (H_vdW)         :        -4.34010 kcal/mol
 Gas liquid transition energy in the mix (H_glt)   :         2.93205 kcal/mol

 Compound: 2  (2-heptanol)
 Chemical potential of the compound in the mixture :         4.57250 kcal/mol
 Log10(partial pressure [mbar])                    :         3.42278
 Free energy of molecule in mix (E_COSMO+dE+Mu)    :   -220746.53227 kcal/mol
 Total mean interaction energy in the mix (H_int)  :        -9.66580 kcal/mol
 Misfit interaction energy in the mix (H_MF)       :         2.91329 kcal/mol
 H-Bond interaction energy in the mix (H_HB)       :        -4.19298 kcal/mol
 VdW interaction energy in the mix (H_vdW)         :       -20.81198 kcal/mol
 Gas liquid transition energy in the mix (H_glt)   :        12.32536 kcal/mol

 Compound: 3  (lacticacid)
 Chemical potential of the compound in the mixture :         4.45541 kcal/mol
 Log10(partial pressure [mbar])                    :        -0.79284
 Free energy of molecule in mix (E_COSMO+dE+Mu)    :   -215744.22473 kcal/mol
 Total mean interaction energy in the mix (H_int)  :        -7.86543 kcal/mol
 Misfit interaction energy in the mix (H_MF)       :         1.98909 kcal/mol
 H-Bond interaction energy in the mix (H_HB)       :        -7.03190 kcal/mol
 VdW interaction energy in the mix (H_vdW)         :       -13.28552 kcal/mol
 Gas liquid transition energy in the mix (H_glt)   :         8.25184 kcal/mol



 Compound: 1 Conformer: 1 (h2o_c0)
 Chemical potential of the molecule in the mixture :         3.46914 kcal/mol
 Log10(partial pressure [mbar])                    :         1.52863
 Free energy of molecule in mix (E_COSMO+dE+Mu)    :    -47989.78413 kcal/mol
 Total mean interaction energy in the mix          :        -5.54547 kcal/mol
 Misfit interaction energy in the mix              :         0.59134 kcal/mol
 H-Bond interaction energy in the mix              :        -4.72876 kcal/mol
 VdW interaction energy in the mix                 :        -4.34010 kcal/mol
 Gas liquid transition energy in the mix (H_glt)   :         2.93205 kcal/mol
 Normalized weight factor of molecule in compound  :         1.00000
 Normalized weight factor of molecule in gas phase :         1.00000

 Compound: 2 Conformer: 1 (2-heptanol_c0)
 Chemical potential of the molecule in the mixture :         5.46737 kcal/mol
 Log10(partial pressure [mbar])                    :         3.52135
 Free energy of molecule in mix (E_COSMO+dE+Mu)    :   -220745.63739 kcal/mol
 Total mean interaction energy in the mix          :        -9.77144 kcal/mol
 Misfit interaction energy in the mix              :         2.92944 kcal/mol
 H-Bond interaction energy in the mix              :        -4.21762 kcal/mol
 VdW interaction energy in the mix                 :       -20.80862 kcal/mol
 Gas liquid transition energy in the mix (H_glt)   :        12.32536 kcal/mol
 Normalized weight factor of molecule in compound  :         0.23740
 Normalized weight factor of molecule in gas phase :         0.25848

 Compound: 2 Conformer: 2 (2-heptanol_c1)
 Chemical potential of the molecule in the mixture :         5.49813 kcal/mol
 Log10(partial pressure [mbar])                    :         3.58274
 Free energy of molecule in mix (E_COSMO+dE+Mu)    :   -220745.37430 kcal/mol
 Total mean interaction energy in the mix          :        -9.76867 kcal/mol
 Misfit interaction energy in the mix              :         2.89409 kcal/mol
 H-Bond interaction energy in the mix              :        -4.09417 kcal/mol
 VdW interaction energy in the mix                 :       -20.89396 kcal/mol
 Gas liquid transition energy in the mix (H_glt)   :        12.32536 kcal/mol
 Normalized weight factor of molecule in compound  :         0.15555
 Normalized weight factor of molecule in gas phase :         0.21915

 Compound: 2 Conformer: 3 (2-heptanol_c2)
 Chemical potential of the molecule in the mixture :         5.69335 kcal/mol
 Log10(partial pressure [mbar])                    :         3.64985
 Free energy of molecule in mix (E_COSMO+dE+Mu)    :   -220745.24606 kcal/mol
 Total mean interaction energy in the mix          :        -9.58626 kcal/mol
 Misfit interaction energy in the mix              :         2.90051 kcal/mol
 H-Bond interaction energy in the mix              :        -3.97653 kcal/mol
 VdW interaction energy in the mix                 :       -20.83560 kcal/mol
 Gas liquid transition energy in the mix (H_glt)   :        12.32536 kcal/mol
 Normalized weight factor of molecule in compound  :         0.12658
 Normalized weight factor of molecule in gas phase :         0.21063

 Compound: 2 Conformer: 4 (2-heptanol_c3)
 Chemical potential of the molecule in the mixture :         5.36198 kcal/mol
 Log10(partial pressure [mbar])                    :         3.23695
 Free energy of molecule in mix (E_COSMO+dE+Mu)    :   -220745.69002 kcal/mol
 Total mean interaction energy in the mix          :        -9.79607 kcal/mol
 Misfit interaction energy in the mix              :         2.92479 kcal/mol
 H-Bond interaction energy in the mix              :        -4.25353 kcal/mol
 VdW interaction energy in the mix                 :       -20.79269 kcal/mol
 Gas liquid transition energy in the mix (H_glt)   :        12.32536 kcal/mol
 Normalized weight factor of molecule in compound  :         0.25834
 Normalized weight factor of molecule in gas phase :         0.16808

 Compound: 2 Conformer: 5 (2-heptanol_c4)
 Chemical potential of the molecule in the mixture :         5.37448 kcal/mol
 Log10(partial pressure [mbar])                    :         3.23606
 Free energy of molecule in mix (E_COSMO+dE+Mu)    :   -220745.59604 kcal/mol
 Total mean interaction energy in the mix          :        -9.82721 kcal/mol
 Misfit interaction energy in the mix              :         2.90337 kcal/mol
 H-Bond interaction energy in the mix              :        -4.28878 kcal/mol
 VdW interaction energy in the mix                 :       -20.76715 kcal/mol
 Gas liquid transition energy in the mix (H_glt)   :        12.32536 kcal/mol
 Normalized weight factor of molecule in compound  :         0.22213
 Normalized weight factor of molecule in gas phase :         0.14367

 Compound: 3 Conformer: 1 (lacticacid_c0)
 Chemical potential of the molecule in the mixture :         6.40525 kcal/mol
 Log10(partial pressure [mbar])                    :        -0.57005
 Free energy of molecule in mix (E_COSMO+dE+Mu)    :   -215742.27489 kcal/mol
 Total mean interaction energy in the mix          :        -7.35411 kcal/mol
 Misfit interaction energy in the mix              :         2.02433 kcal/mol
 H-Bond interaction energy in the mix              :        -4.39577 kcal/mol
 VdW interaction energy in the mix                 :       -13.23452 kcal/mol
 Gas liquid transition energy in the mix (H_glt)   :         8.25184 kcal/mol
 Normalized weight factor of molecule in compound  :         0.04357
 Normalized weight factor of molecule in gas phase :         0.00603

 Compound: 3 Conformer: 2 (lacticacid_c1)
 Chemical potential of the molecule in the mixture :         6.52685 kcal/mol
 Log10(partial pressure [mbar])                    :        -0.09480
 Free energy of molecule in mix (E_COSMO+dE+Mu)    :   -215741.97180 kcal/mol
 Total mean interaction energy in the mix          :        -6.91799 kcal/mol
 Misfit interaction energy in the mix              :         2.13319 kcal/mol
 H-Bond interaction energy in the mix              :        -4.09147 kcal/mol
 VdW interaction energy in the mix                 :       -13.21156 kcal/mol
 Gas liquid transition energy in the mix (H_glt)   :         8.25184 kcal/mol
 Normalized weight factor of molecule in compound  :         0.02677
 Normalized weight factor of molecule in gas phase :         0.01137

 Compound: 3 Conformer: 3 (lacticacid_c2)
 Chemical potential of the molecule in the mixture :         4.68276 kcal/mol
 Log10(partial pressure [mbar])                    :         0.59409
 Free energy of molecule in mix (E_COSMO+dE+Mu)    :   -215742.92371 kcal/mol
 Total mean interaction energy in the mix          :        -8.02100 kcal/mol
 Misfit interaction energy in the mix              :         2.06594 kcal/mol
 H-Bond interaction energy in the mix              :        -5.04208 kcal/mol
 VdW interaction energy in the mix                 :       -13.29670 kcal/mol
 Gas liquid transition energy in the mix (H_glt)   :         8.25184 kcal/mol
 Normalized weight factor of molecule in compound  :         0.12360
 Normalized weight factor of molecule in gas phase :         0.93300

 Compound: 3 Conformer: 4 (lacticacid_c3)
 Chemical potential of the molecule in the mixture :         2.92791 kcal/mol
 Log10(partial pressure [mbar])                    :        -1.66725
 Free energy of molecule in mix (E_COSMO+dE+Mu)    :   -215743.25752 kcal/mol
 Total mean interaction energy in the mix          :       -10.13453 kcal/mol
 Misfit interaction energy in the mix              :         1.98675 kcal/mol
 H-Bond interaction energy in the mix              :        -7.09987 kcal/mol
 VdW interaction energy in the mix                 :       -13.27326 kcal/mol
 Gas liquid transition energy in the mix (H_glt)   :         8.25184 kcal/mol
 Normalized weight factor of molecule in compound  :         0.21134
 Normalized weight factor of molecule in gas phase :         0.02822

 Compound: 3 Conformer: 5 (lacticacid_c4)
 Chemical potential of the molecule in the mixture :         2.41540 kcal/mol
 Log10(partial pressure [mbar])                    :        -3.58567
 Free energy of molecule in mix (E_COSMO+dE+Mu)    :   -215743.68342 kcal/mol
 Total mean interaction energy in the mix          :       -11.08262 kcal/mol
 Misfit interaction energy in the mix              :         1.96585 kcal/mol
 H-Bond interaction energy in the mix              :        -8.00579 kcal/mol
 VdW interaction energy in the mix                 :       -13.29453 kcal/mol
 Gas liquid transition energy in the mix (H_glt)   :         8.25184 kcal/mol
 Normalized weight factor of molecule in compound  :         0.41901
 Normalized weight factor of molecule in gas phase :         0.00067

 Compound: 3 Conformer: 6 (lacticacid_c5)
 Chemical potential of the molecule in the mixture :         2.89289 kcal/mol
 Log10(partial pressure [mbar])                    :        -1.72133
 Free energy of molecule in mix (E_COSMO+dE+Mu)    :   -215743.14257 kcal/mol
 Total mean interaction energy in the mix          :       -10.20970 kcal/mol
 Misfit interaction energy in the mix              :         1.96255 kcal/mol
 H-Bond interaction energy in the mix              :        -7.12924 kcal/mol
 VdW interaction energy in the mix                 :       -13.29484 kcal/mol
 Gas liquid transition energy in the mix (H_glt)   :         8.25184 kcal/mol
 Normalized weight factor of molecule in compound  :         0.17570
 Normalized weight factor of molecule in gas phase :         0.02069




 Results for mixture 8 - LIQ_EX Phase 2 Iteration    3
 ---------------------
 Temperature          :    313.150 K
 Compound Nr.         :         1         2         3
 Compound             :       h2o 2-heptano lacticaci
 Mole Fraction        :    0.2467    0.7509    0.0023

 Compound: 1  (h2o)
 Chemical potential of the compound in the mixture :         4.25607 kcal/mol
 Log10(partial pressure [mbar])                    :         2.07782
 Free energy of molecule in mix (E_COSMO+dE+Mu)    :    -47988.99720 kcal/mol
 Total mean interaction energy in the mix (H_int)  :        -5.06126 kcal/mol
 Misfit interaction energy in the mix (H_MF)       :         1.07647 kcal/mol
 H-Bond interaction energy in the mix (H_HB)       :        -4.48471 kcal/mol
 VdW interaction energy in the mix (H_vdW)         :        -4.58507 kcal/mol
 Gas liquid transition energy in the mix (H_glt)   :         2.93205 kcal/mol
 Equilibrium constant Kx(1,2)                      :         3.54153
 Equilibrium concentration x_k(1,2)                :         0.77981

 Compound: 2  (2-heptanol)
 Chemical potential of the compound in the mixture :         0.16732 kcal/mol
 Log10(partial pressure [mbar])                    :         0.34843
 Free energy of molecule in mix (E_COSMO+dE+Mu)    :   -220750.93744 kcal/mol
 Total mean interaction energy in the mix (H_int)  :        -9.78064 kcal/mol
 Misfit interaction energy in the mix (H_MF)       :         2.28964 kcal/mol
 H-Bond interaction energy in the mix (H_HB)       :        -2.99711 kcal/mol
 VdW interaction energy in the mix (H_vdW)         :       -21.52278 kcal/mol
 Gas liquid transition energy in the mix (H_glt)   :        12.32536 kcal/mol
 Equilibrium constant Kx(1,2)                      :  8.42662995E-04
 Equilibrium concentration x_k(1,2)                :         0.00084

 Compound: 3  (lacticacid)
 Chemical potential of the compound in the mixture :         4.19203 kcal/mol
 Log10(partial pressure [mbar])                    :        -0.97665
 Free energy of molecule in mix (E_COSMO+dE+Mu)    :   -215744.48811 kcal/mol
 Total mean interaction energy in the mix (H_int)  :        -5.90329 kcal/mol
 Misfit interaction energy in the mix (H_MF)       :         2.41502 kcal/mol
 H-Bond interaction energy in the mix (H_HB)       :        -4.21373 kcal/mol
 VdW interaction energy in the mix (H_vdW)         :       -13.95965 kcal/mol
 Gas liquid transition energy in the mix (H_glt)   :         8.25184 kcal/mol
 Equilibrium constant Kx(1,2)                      :         0.65492
 Equilibrium concentration x_k(1,2)                :         0.39574



 Compound: 1 Conformer: 1 (h2o_c0)
 Chemical potential of the molecule in the mixture :         4.25607 kcal/mol
 Log10(partial pressure [mbar])                    :         2.07782
 Free energy of molecule in mix (E_COSMO+dE+Mu)    :    -47988.99720 kcal/mol
 Total mean interaction energy in the mix          :        -5.06126 kcal/mol
 Misfit interaction energy in the mix              :         1.07647 kcal/mol
 H-Bond interaction energy in the mix              :        -4.48471 kcal/mol
 VdW interaction energy in the mix                 :        -4.58507 kcal/mol
 Gas liquid transition energy in the mix (H_glt)   :         2.93205 kcal/mol
 Normalized weight factor of molecule in compound  :         1.00000
 Normalized weight factor of molecule in gas phase :         1.00000

 Compound: 2 Conformer: 1 (2-heptanol_c0)
 Chemical potential of the molecule in the mixture :         1.34153 kcal/mol
 Log10(partial pressure [mbar])                    :         0.64195
 Free energy of molecule in mix (E_COSMO+dE+Mu)    :   -220749.76323 kcal/mol
 Total mean interaction energy in the mix          :        -9.62615 kcal/mol
 Misfit interaction energy in the mix              :         2.36698 kcal/mol
 H-Bond interaction energy in the mix              :        -2.80644 kcal/mol
 VdW interaction energy in the mix                 :       -21.51205 kcal/mol
 Gas liquid transition energy in the mix (H_glt)   :        12.32536 kcal/mol
 Normalized weight factor of molecule in compound  :         0.15154
 Normalized weight factor of molecule in gas phase :         0.25848

 Compound: 2 Conformer: 2 (2-heptanol_c1)
 Chemical potential of the molecule in the mixture :         0.79736 kcal/mol
 Log10(partial pressure [mbar])                    :         0.30210
 Free energy of molecule in mix (E_COSMO+dE+Mu)    :   -220750.07508 kcal/mol
 Total mean interaction energy in the mix          :       -10.03623 kcal/mol
 Misfit interaction energy in the mix              :         2.20582 kcal/mol
 H-Bond interaction energy in the mix              :        -2.97661 kcal/mol
 VdW interaction energy in the mix                 :       -21.59080 kcal/mol
 Gas liquid transition energy in the mix (H_glt)   :        12.32536 kcal/mol
 Normalized weight factor of molecule in compound  :         0.25013
 Normalized weight factor of molecule in gas phase :         0.21915

 Compound: 2 Conformer: 3 (2-heptanol_c2)
 Chemical potential of the molecule in the mixture :         1.13503 kcal/mol
 Log10(partial pressure [mbar])                    :         0.46863
 Free energy of molecule in mix (E_COSMO+dE+Mu)    :   -220749.80437 kcal/mol
 Total mean interaction energy in the mix          :        -9.59661 kcal/mol
 Misfit interaction energy in the mix              :         2.29671 kcal/mol
 H-Bond interaction energy in the mix              :        -2.68678 kcal/mol
 VdW interaction energy in the mix                 :       -21.53190 kcal/mol
 Gas liquid transition energy in the mix (H_glt)   :        12.32536 kcal/mol
 Normalized weight factor of molecule in compound  :         0.16190
 Normalized weight factor of molecule in gas phase :         0.21063

 Compound: 2 Conformer: 4 (2-heptanol_c3)
 Chemical potential of the molecule in the mixture :         1.01342 kcal/mol
 Log10(partial pressure [mbar])                    :         0.20212
 Free energy of molecule in mix (E_COSMO+dE+Mu)    :   -220750.03857 kcal/mol
 Total mean interaction energy in the mix          :       -10.04362 kcal/mol
 Misfit interaction energy in the mix              :         2.31409 kcal/mol
 H-Bond interaction energy in the mix              :        -3.18618 kcal/mol
 VdW interaction energy in the mix                 :       -21.49689 kcal/mol
 Gas liquid transition energy in the mix (H_glt)   :        12.32536 kcal/mol
 Normalized weight factor of molecule in compound  :         0.23588
 Normalized weight factor of molecule in gas phase :         0.16808

 Compound: 2 Conformer: 5 (2-heptanol_c4)
 Chemical potential of the molecule in the mixture :         1.03287 kcal/mol
 Log10(partial pressure [mbar])                    :         0.20608
 Free energy of molecule in mix (E_COSMO+dE+Mu)    :   -220749.93764 kcal/mol
 Total mean interaction energy in the mix          :       -10.03739 kcal/mol
 Misfit interaction energy in the mix              :         2.30130 kcal/mol
 H-Bond interaction energy in the mix              :        -3.19490 kcal/mol
 VdW interaction energy in the mix                 :       -21.46915 kcal/mol
 Gas liquid transition energy in the mix (H_glt)   :        12.32536 kcal/mol
 Normalized weight factor of molecule in compound  :         0.20056
 Normalized weight factor of molecule in gas phase :         0.14367

 Compound: 3 Conformer: 1 (lacticacid_c0)
 Chemical potential of the molecule in the mixture :         5.97629 kcal/mol
 Log10(partial pressure [mbar])                    :        -0.86941
 Free energy of molecule in mix (E_COSMO+dE+Mu)    :   -215742.70385 kcal/mol
 Total mean interaction energy in the mix          :        -5.85845 kcal/mol
 Misfit interaction energy in the mix              :         2.84286 kcal/mol
 H-Bond interaction energy in the mix              :        -3.02990 kcal/mol
 VdW interaction energy in the mix                 :       -13.92325 kcal/mol
 Gas liquid transition energy in the mix (H_glt)   :         8.25184 kcal/mol
 Normalized weight factor of molecule in compound  :         0.05686
 Normalized weight factor of molecule in gas phase :         0.00603

 Compound: 3 Conformer: 2 (lacticacid_c1)
 Chemical potential of the molecule in the mixture :         6.30781 kcal/mol
 Log10(partial pressure [mbar])                    :        -0.24766
 Free energy of molecule in mix (E_COSMO+dE+Mu)    :   -215742.19083 kcal/mol
 Total mean interaction energy in the mix          :        -5.41144 kcal/mol
 Misfit interaction energy in the mix              :         2.88620 kcal/mol
 H-Bond interaction energy in the mix              :        -2.65935 kcal/mol
 VdW interaction energy in the mix                 :       -13.89014 kcal/mol
 Gas liquid transition energy in the mix (H_glt)   :         8.25184 kcal/mol
 Normalized weight factor of molecule in compound  :         0.02493
 Normalized weight factor of molecule in gas phase :         0.01137

 Compound: 3 Conformer: 3 (lacticacid_c2)
 Chemical potential of the molecule in the mixture :         3.53896 kcal/mol
 Log10(partial pressure [mbar])                    :        -0.20416
 Free energy of molecule in mix (E_COSMO+dE+Mu)    :   -215744.06750 kcal/mol
 Total mean interaction energy in the mix          :        -7.02379 kcal/mol
 Misfit interaction energy in the mix              :         2.27724 kcal/mol
 H-Bond interaction energy in the mix              :        -3.58895 kcal/mol
 VdW interaction energy in the mix                 :       -13.96392 kcal/mol
 Gas liquid transition energy in the mix (H_glt)   :         8.25184 kcal/mol
 Normalized weight factor of molecule in compound  :         0.50870
 Normalized weight factor of molecule in gas phase :         0.93300

 Compound: 3 Conformer: 4 (lacticacid_c3)
 Chemical potential of the molecule in the mixture :         2.84020 kcal/mol
 Log10(partial pressure [mbar])                    :        -1.72846
 Free energy of molecule in mix (E_COSMO+dE+Mu)    :   -215743.34524 kcal/mol
 Total mean interaction energy in the mix          :        -8.28587 kcal/mol
 Misfit interaction energy in the mix              :         2.43557 kcal/mol
 H-Bond interaction energy in the mix              :        -5.02985 kcal/mol
 VdW interaction energy in the mix                 :       -13.94344 kcal/mol
 Gas liquid transition energy in the mix (H_glt)   :         8.25184 kcal/mol
 Normalized weight factor of molecule in compound  :         0.15937
 Normalized weight factor of molecule in gas phase :         0.02822

 Compound: 3 Conformer: 5 (lacticacid_c4)
 Chemical potential of the molecule in the mixture :         3.01833 kcal/mol
 Log10(partial pressure [mbar])                    :        -3.16489
 Free energy of molecule in mix (E_COSMO+dE+Mu)    :   -215743.08050 kcal/mol
 Total mean interaction energy in the mix          :        -8.74936 kcal/mol
 Misfit interaction energy in the mix              :         2.72229 kcal/mol
 H-Bond interaction energy in the mix              :        -5.73871 kcal/mol
 VdW interaction energy in the mix                 :       -13.98478 kcal/mol
 Gas liquid transition energy in the mix (H_glt)   :         8.25184 kcal/mol
 Normalized weight factor of molecule in compound  :         0.10414
 Normalized weight factor of molecule in gas phase :         0.00067

 Compound: 3 Conformer: 6 (lacticacid_c5)
 Chemical potential of the molecule in the mixture :         2.74474 kcal/mol
 Log10(partial pressure [mbar])                    :        -1.82473
 Free energy of molecule in mix (E_COSMO+dE+Mu)    :   -215743.29072 kcal/mol
 Total mean interaction energy in the mix          :        -8.45077 kcal/mol
 Misfit interaction energy in the mix              :         2.40640 kcal/mol
 H-Bond interaction energy in the mix              :        -5.13845 kcal/mol
 VdW interaction energy in the mix                 :       -13.97056 kcal/mol
 Gas liquid transition energy in the mix (H_glt)   :         8.25184 kcal/mol
 Normalized weight factor of molecule in compound  :         0.14600
 Normalized weight factor of molecule in gas phase :         0.02069




 Results for mixture 9 - LIQ_EX Phase 1 Iteration    4
 ---------------------
 Temperature          :    313.150 K
 Compound Nr.         :         1         2         3
 Compound             :       h2o 2-heptano lacticaci
 Mole Fraction        :    0.9977    0.0007    0.0017

 Compound: 1  (h2o)
 Chemical potential of the compound in the mixture :         3.46914 kcal/mol
 Log10(partial pressure [mbar])                    :         1.52863
 Free energy of molecule in mix (E_COSMO+dE+Mu)    :    -47989.78413 kcal/mol
 Total mean interaction energy in the mix (H_int)  :        -5.54533 kcal/mol
 Misfit interaction energy in the mix (H_MF)       :         0.59136 kcal/mol
 H-Bond interaction energy in the mix (H_HB)       :        -4.72877 kcal/mol
 VdW interaction energy in the mix (H_vdW)         :        -4.33997 kcal/mol
 Gas liquid transition energy in the mix (H_glt)   :         2.93205 kcal/mol

 Compound: 2  (2-heptanol)
 Chemical potential of the compound in the mixture :         4.57635 kcal/mol
 Log10(partial pressure [mbar])                    :         3.42547
 Free energy of molecule in mix (E_COSMO+dE+Mu)    :   -220746.52841 kcal/mol
 Total mean interaction energy in the mix (H_int)  :        -9.66601 kcal/mol
 Misfit interaction energy in the mix (H_MF)       :         2.91253 kcal/mol
 H-Bond interaction energy in the mix (H_HB)       :        -4.19314 kcal/mol
 VdW interaction energy in the mix (H_vdW)         :       -20.81127 kcal/mol
 Gas liquid transition energy in the mix (H_glt)   :        12.32536 kcal/mol

 Compound: 3  (lacticacid)
 Chemical potential of the compound in the mixture :         4.45640 kcal/mol
 Log10(partial pressure [mbar])                    :        -0.79216
 Free energy of molecule in mix (E_COSMO+dE+Mu)    :   -215744.22375 kcal/mol
 Total mean interaction energy in the mix (H_int)  :        -7.86615 kcal/mol
 Misfit interaction energy in the mix (H_MF)       :         1.98859 kcal/mol
 H-Bond interaction energy in the mix (H_HB)       :        -7.03282 kcal/mol
 VdW interaction energy in the mix (H_vdW)         :       -13.28501 kcal/mol
 Gas liquid transition energy in the mix (H_glt)   :         8.25184 kcal/mol



 Compound: 1 Conformer: 1 (h2o_c0)
 Chemical potential of the molecule in the mixture :         3.46914 kcal/mol
 Log10(partial pressure [mbar])                    :         1.52863
 Free energy of molecule in mix (E_COSMO+dE+Mu)    :    -47989.78413 kcal/mol
 Total mean interaction energy in the mix          :        -5.54533 kcal/mol
 Misfit interaction energy in the mix              :         0.59136 kcal/mol
 H-Bond interaction energy in the mix              :        -4.72877 kcal/mol
 VdW interaction energy in the mix                 :        -4.33997 kcal/mol
 Gas liquid transition energy in the mix (H_glt)   :         2.93205 kcal/mol
 Normalized weight factor of molecule in compound  :         1.00000
 Normalized weight factor of molecule in gas phase :         1.00000

 Compound: 2 Conformer: 1 (2-heptanol_c0)
 Chemical potential of the molecule in the mixture :         5.47119 kcal/mol
 Log10(partial pressure [mbar])                    :         3.52402
 Free energy of molecule in mix (E_COSMO+dE+Mu)    :   -220745.63357 kcal/mol
 Total mean interaction energy in the mix          :        -9.77167 kcal/mol
 Misfit interaction energy in the mix              :         2.92867 kcal/mol
 H-Bond interaction energy in the mix              :        -4.21779 kcal/mol
 VdW interaction energy in the mix                 :       -20.80791 kcal/mol
 Gas liquid transition energy in the mix (H_glt)   :        12.32536 kcal/mol
 Normalized weight factor of molecule in compound  :         0.23741
 Normalized weight factor of molecule in gas phase :         0.25848

 Compound: 2 Conformer: 2 (2-heptanol_c1)
 Chemical potential of the molecule in the mixture :         5.50207 kcal/mol
 Log10(partial pressure [mbar])                    :         3.58549
 Free energy of molecule in mix (E_COSMO+dE+Mu)    :   -220745.37037 kcal/mol
 Total mean interaction energy in the mix          :        -9.76893 kcal/mol
 Misfit interaction energy in the mix              :         2.89333 kcal/mol
 H-Bond interaction energy in the mix              :        -4.09436 kcal/mol
 VdW interaction energy in the mix                 :       -20.89325 kcal/mol
 Gas liquid transition energy in the mix (H_glt)   :        12.32536 kcal/mol
 Normalized weight factor of molecule in compound  :         0.15553
 Normalized weight factor of molecule in gas phase :         0.21915

 Compound: 2 Conformer: 3 (2-heptanol_c2)
 Chemical potential of the molecule in the mixture :         5.69725 kcal/mol
 Log10(partial pressure [mbar])                    :         3.65257
 Free energy of molecule in mix (E_COSMO+dE+Mu)    :   -220745.24215 kcal/mol
 Total mean interaction energy in the mix          :        -9.58651 kcal/mol
 Misfit interaction energy in the mix              :         2.89974 kcal/mol
 H-Bond interaction energy in the mix              :        -3.97672 kcal/mol
 VdW interaction energy in the mix                 :       -20.83489 kcal/mol
 Gas liquid transition energy in the mix (H_glt)   :        12.32536 kcal/mol
 Normalized weight factor of molecule in compound  :         0.12657
 Normalized weight factor of molecule in gas phase :         0.21063

 Compound: 2 Conformer: 4 (2-heptanol_c3)
 Chemical potential of the molecule in the mixture :         5.36581 kcal/mol
 Log10(partial pressure [mbar])                    :         3.23963
 Free energy of molecule in mix (E_COSMO+dE+Mu)    :   -220745.68618 kcal/mol
 Total mean interaction energy in the mix          :        -9.79623 kcal/mol
 Misfit interaction energy in the mix              :         2.92404 kcal/mol
 H-Bond interaction energy in the mix              :        -4.25365 kcal/mol
 VdW interaction energy in the mix                 :       -20.79198 kcal/mol
 Gas liquid transition energy in the mix (H_glt)   :        12.32536 kcal/mol
 Normalized weight factor of molecule in compound  :         0.25835
 Normalized weight factor of molecule in gas phase :         0.16808

 Compound: 2 Conformer: 5 (2-heptanol_c4)
 Chemical potential of the molecule in the mixture :         5.37830 kcal/mol
 Log10(partial pressure [mbar])                    :         3.23873
 Free energy of molecule in mix (E_COSMO+dE+Mu)    :   -220745.59221 kcal/mol
 Total mean interaction energy in the mix          :        -9.82739 kcal/mol
 Misfit interaction energy in the mix              :         2.90260 kcal/mol
 H-Bond interaction energy in the mix              :        -4.28891 kcal/mol
 VdW interaction energy in the mix                 :       -20.76644 kcal/mol
 Gas liquid transition energy in the mix (H_glt)   :        12.32536 kcal/mol
 Normalized weight factor of molecule in compound  :         0.22214
 Normalized weight factor of molecule in gas phase :         0.14367

 Compound: 3 Conformer: 1 (lacticacid_c0)
 Chemical potential of the molecule in the mixture :         6.40640 kcal/mol
 Log10(partial pressure [mbar])                    :        -0.56925
 Free energy of molecule in mix (E_COSMO+dE+Mu)    :   -215742.27374 kcal/mol
 Total mean interaction energy in the mix          :        -7.35459 kcal/mol
 Misfit interaction energy in the mix              :         2.02378 kcal/mol
 H-Bond interaction energy in the mix              :        -4.39622 kcal/mol
 VdW interaction energy in the mix                 :       -13.23399 kcal/mol
 Gas liquid transition energy in the mix (H_glt)   :         8.25184 kcal/mol
 Normalized weight factor of molecule in compound  :         0.04356
 Normalized weight factor of molecule in gas phase :         0.00603

 Compound: 3 Conformer: 2 (lacticacid_c1)
 Chemical potential of the molecule in the mixture :         6.52796 kcal/mol
 Log10(partial pressure [mbar])                    :        -0.09402
 Free energy of molecule in mix (E_COSMO+dE+Mu)    :   -215741.97068 kcal/mol
 Total mean interaction energy in the mix          :        -6.91838 kcal/mol
 Misfit interaction energy in the mix              :         2.13275 kcal/mol
 H-Bond interaction energy in the mix              :        -4.09194 kcal/mol
 VdW interaction energy in the mix                 :       -13.21103 kcal/mol
 Gas liquid transition energy in the mix (H_glt)   :         8.25184 kcal/mol
 Normalized weight factor of molecule in compound  :         0.02677
 Normalized weight factor of molecule in gas phase :         0.01137

 Compound: 3 Conformer: 3 (lacticacid_c2)
 Chemical potential of the molecule in the mixture :         4.68422 kcal/mol
 Log10(partial pressure [mbar])                    :         0.59511
 Free energy of molecule in mix (E_COSMO+dE+Mu)    :   -215742.92225 kcal/mol
 Total mean interaction energy in the mix          :        -8.02129 kcal/mol
 Misfit interaction energy in the mix              :         2.06553 kcal/mol
 H-Bond interaction energy in the mix              :        -5.04249 kcal/mol
 VdW interaction energy in the mix                 :       -13.29617 kcal/mol
 Gas liquid transition energy in the mix (H_glt)   :         8.25184 kcal/mol
 Normalized weight factor of molecule in compound  :         0.12351
 Normalized weight factor of molecule in gas phase :         0.93300

 Compound: 3 Conformer: 4 (lacticacid_c3)
 Chemical potential of the molecule in the mixture :         2.92891 kcal/mol
 Log10(partial pressure [mbar])                    :        -1.66655
 Free energy of molecule in mix (E_COSMO+dE+Mu)    :   -215743.25653 kcal/mol
 Total mean interaction energy in the mix          :       -10.13513 kcal/mol
 Misfit interaction energy in the mix              :         1.98628 kcal/mol
 H-Bond interaction energy in the mix              :        -7.10049 kcal/mol
 VdW interaction energy in the mix                 :       -13.27276 kcal/mol
 Gas liquid transition energy in the mix (H_glt)   :         8.25184 kcal/mol
 Normalized weight factor of molecule in compound  :         0.21134
 Normalized weight factor of molecule in gas phase :         0.02822

 Compound: 3 Conformer: 5 (lacticacid_c4)
 Chemical potential of the molecule in the mixture :         2.41621 kcal/mol
 Log10(partial pressure [mbar])                    :        -3.58510
 Free energy of molecule in mix (E_COSMO+dE+Mu)    :   -215743.68262 kcal/mol
 Total mean interaction energy in the mix          :       -11.08321 kcal/mol
 Misfit interaction energy in the mix              :         1.96533 kcal/mol
 H-Bond interaction energy in the mix              :        -8.00635 kcal/mol
 VdW interaction energy in the mix                 :       -13.29402 kcal/mol
 Gas liquid transition energy in the mix (H_glt)   :         8.25184 kcal/mol
 Normalized weight factor of molecule in compound  :         0.41913
 Normalized weight factor of molecule in gas phase :         0.00067

 Compound: 3 Conformer: 6 (lacticacid_c5)
 Chemical potential of the molecule in the mixture :         2.89390 kcal/mol
 Log10(partial pressure [mbar])                    :        -1.72063
 Free energy of molecule in mix (E_COSMO+dE+Mu)    :   -215743.14156 kcal/mol
 Total mean interaction energy in the mix          :       -10.21029 kcal/mol
 Misfit interaction energy in the mix              :         1.96207 kcal/mol
 H-Bond interaction energy in the mix              :        -7.12986 kcal/mol
 VdW interaction energy in the mix                 :       -13.29434 kcal/mol
 Gas liquid transition energy in the mix (H_glt)   :         8.25184 kcal/mol
 Normalized weight factor of molecule in compound  :         0.17569
 Normalized weight factor of molecule in gas phase :         0.02069




 Results for mixture 10 - LIQ_EX Phase 2 Iteration    4
 ----------------------
 Temperature          :    313.150 K
 Compound Nr.         :         1         2         3
 Compound             :       h2o 2-heptano lacticaci
 Mole Fraction        :    0.2666    0.7309    0.0024

 Compound: 1  (h2o)
 Chemical potential of the compound in the mixture :         4.24437 kcal/mol
 Log10(partial pressure [mbar])                    :         2.06965
 Free energy of molecule in mix (E_COSMO+dE+Mu)    :    -47989.00891 kcal/mol
 Total mean interaction energy in the mix (H_int)  :        -5.08662 kcal/mol
 Misfit interaction energy in the mix (H_MF)       :         1.05339 kcal/mol
 H-Bond interaction energy in the mix (H_HB)       :        -4.49063 kcal/mol
 VdW interaction energy in the mix (H_vdW)         :        -4.58143 kcal/mol
 Gas liquid transition energy in the mix (H_glt)   :         2.93205 kcal/mol
 Equilibrium constant Kx(1,2)                      :         3.47558
 Equilibrium concentration x_k(1,2)                :         0.77657

 Compound: 2  (2-heptanol)
 Chemical potential of the compound in the mixture :         0.17166 kcal/mol
 Log10(partial pressure [mbar])                    :         0.35146
 Free energy of molecule in mix (E_COSMO+dE+Mu)    :   -220750.93310 kcal/mol
 Total mean interaction energy in the mix (H_int)  :        -9.79628 kcal/mol
 Misfit interaction energy in the mix (H_MF)       :         2.30243 kcal/mol
 H-Bond interaction energy in the mix (H_HB)       :        -3.03233 kcal/mol
 VdW interaction energy in the mix (H_vdW)         :       -21.51549 kcal/mol
 Gas liquid transition energy in the mix (H_glt)   :        12.32536 kcal/mol
 Equilibrium constant Kx(1,2)                      :  8.43325819E-04
 Equilibrium concentration x_k(1,2)                :         0.00084

 Compound: 3  (lacticacid)
 Chemical potential of the compound in the mixture :         4.17166 kcal/mol
 Log10(partial pressure [mbar])                    :        -0.99087
 Free energy of molecule in mix (E_COSMO+dE+Mu)    :   -215744.50848 kcal/mol
 Total mean interaction energy in the mix (H_int)  :        -5.95006 kcal/mol
 Misfit interaction energy in the mix (H_MF)       :         2.39382 kcal/mol
 H-Bond interaction energy in the mix (H_HB)       :        -4.25666 kcal/mol
 VdW interaction energy in the mix (H_vdW)         :       -13.95230 kcal/mol
 Gas liquid transition energy in the mix (H_glt)   :         8.25184 kcal/mol
 Equilibrium constant Kx(1,2)                      :         0.63282
 Equilibrium concentration x_k(1,2)                :         0.38756



 Compound: 1 Conformer: 1 (h2o_c0)
 Chemical potential of the molecule in the mixture :         4.24437 kcal/mol
 Log10(partial pressure [mbar])                    :         2.06965
 Free energy of molecule in mix (E_COSMO+dE+Mu)    :    -47989.00891 kcal/mol
 Total mean interaction energy in the mix          :        -5.08662 kcal/mol
 Misfit interaction energy in the mix              :         1.05339 kcal/mol
 H-Bond interaction energy in the mix              :        -4.49063 kcal/mol
 VdW interaction energy in the mix                 :        -4.58143 kcal/mol
 Gas liquid transition energy in the mix (H_glt)   :         2.93205 kcal/mol
 Normalized weight factor of molecule in compound  :         1.00000
 Normalized weight factor of molecule in gas phase :         1.00000

 Compound: 2 Conformer: 1 (2-heptanol_c0)
 Chemical potential of the molecule in the mixture :         1.33687 kcal/mol
 Log10(partial pressure [mbar])                    :         0.63870
 Free energy of molecule in mix (E_COSMO+dE+Mu)    :   -220749.76789 kcal/mol
 Total mean interaction energy in the mix          :        -9.65225 kcal/mol
 Misfit interaction energy in the mix              :         2.38006 kcal/mol
 H-Bond interaction energy in the mix              :        -2.85305 kcal/mol
 VdW interaction energy in the mix                 :       -21.50462 kcal/mol
 Gas liquid transition energy in the mix (H_glt)   :        12.32536 kcal/mol
 Normalized weight factor of molecule in compound  :         0.15375
 Normalized weight factor of molecule in gas phase :         0.25848

 Compound: 2 Conformer: 2 (2-heptanol_c1)
 Chemical potential of the molecule in the mixture :         0.80636 kcal/mol
 Log10(partial pressure [mbar])                    :         0.30838
 Free energy of molecule in mix (E_COSMO+dE+Mu)    :   -220750.06608 kcal/mol
 Total mean interaction energy in the mix          :       -10.04678 kcal/mol
 Misfit interaction energy in the mix              :         2.21818 kcal/mol
 H-Bond interaction energy in the mix              :        -3.00646 kcal/mol
 VdW interaction energy in the mix                 :       -21.58385 kcal/mol
 Gas liquid transition energy in the mix (H_glt)   :        12.32536 kcal/mol
 Normalized weight factor of molecule in compound  :         0.24826
 Normalized weight factor of molecule in gas phase :         0.21915

 Compound: 2 Conformer: 3 (2-heptanol_c2)
 Chemical potential of the molecule in the mixture :         1.14180 kcal/mol
 Log10(partial pressure [mbar])                    :         0.47335
 Free energy of molecule in mix (E_COSMO+dE+Mu)    :   -220749.79761 kcal/mol
 Total mean interaction energy in the mix          :        -9.61366 kcal/mol
 Misfit interaction energy in the mix              :         2.30820 kcal/mol
 H-Bond interaction energy in the mix              :        -2.72225 kcal/mol
 VdW interaction energy in the mix                 :       -21.52497 kcal/mol
 Gas liquid transition energy in the mix (H_glt)   :        12.32536 kcal/mol
 Normalized weight factor of molecule in compound  :         0.16127
 Normalized weight factor of molecule in gas phase :         0.21063

 Compound: 2 Conformer: 4 (2-heptanol_c3)
 Chemical potential of the molecule in the mixture :         1.01755 kcal/mol
 Log10(partial pressure [mbar])                    :         0.20500
 Free energy of molecule in mix (E_COSMO+dE+Mu)    :   -220750.03444 kcal/mol
 Total mean interaction energy in the mix          :       -10.05810 kcal/mol
 Misfit interaction energy in the mix              :         2.32678 kcal/mol
 H-Bond interaction energy in the mix              :        -3.22055 kcal/mol
 VdW interaction energy in the mix                 :       -21.48968 kcal/mol
 Gas liquid transition energy in the mix (H_glt)   :        12.32536 kcal/mol
 Normalized weight factor of molecule in compound  :         0.23596
 Normalized weight factor of molecule in gas phase :         0.16808

 Compound: 2 Conformer: 5 (2-heptanol_c4)
 Chemical potential of the molecule in the mixture :         1.03659 kcal/mol
 Log10(partial pressure [mbar])                    :         0.20867
 Free energy of molecule in mix (E_COSMO+dE+Mu)    :   -220749.93392 kcal/mol
 Total mean interaction energy in the mix          :       -10.05219 kcal/mol
 Misfit interaction energy in the mix              :         2.31391 kcal/mol
 H-Bond interaction energy in the mix              :        -3.22948 kcal/mol
 VdW interaction energy in the mix                 :       -21.46197 kcal/mol
 Gas liquid transition energy in the mix (H_glt)   :        12.32536 kcal/mol
 Normalized weight factor of molecule in compound  :         0.20076
 Normalized weight factor of molecule in gas phase :         0.14367

 Compound: 3 Conformer: 1 (lacticacid_c0)
 Chemical potential of the molecule in the mixture :         5.95227 kcal/mol
 Log10(partial pressure [mbar])                    :        -0.88618
 Free energy of molecule in mix (E_COSMO+dE+Mu)    :   -215742.72787 kcal/mol
 Total mean interaction energy in the mix          :        -5.90750 kcal/mol
 Misfit interaction energy in the mix              :         2.80810 kcal/mol
 H-Bond interaction energy in the mix              :        -3.05121 kcal/mol
 VdW interaction energy in the mix                 :       -13.91624 kcal/mol
 Gas liquid transition energy in the mix (H_glt)   :         8.25184 kcal/mol
 Normalized weight factor of molecule in compound  :         0.05719
 Normalized weight factor of molecule in gas phase :         0.00603

 Compound: 3 Conformer: 2 (lacticacid_c1)
 Chemical potential of the molecule in the mixture :         6.27854 kcal/mol
 Log10(partial pressure [mbar])                    :        -0.26809
 Free energy of molecule in mix (E_COSMO+dE+Mu)    :   -215742.22011 kcal/mol
 Total mean interaction energy in the mix          :        -5.45526 kcal/mol
 Misfit interaction energy in the mix              :         2.85722 kcal/mol
 H-Bond interaction energy in the mix              :        -2.68137 kcal/mol
 VdW interaction energy in the mix                 :       -13.88294 kcal/mol
 Gas liquid transition energy in the mix (H_glt)   :         8.25184 kcal/mol
 Normalized weight factor of molecule in compound  :         0.02529
 Normalized weight factor of molecule in gas phase :         0.01137

 Compound: 3 Conformer: 3 (lacticacid_c2)
 Chemical potential of the molecule in the mixture :         3.52825 kcal/mol
 Log10(partial pressure [mbar])                    :        -0.21163
 Free energy of molecule in mix (E_COSMO+dE+Mu)    :   -215744.07821 kcal/mol
 Total mean interaction energy in the mix          :        -7.05944 kcal/mol
 Misfit interaction energy in the mix              :         2.26049 kcal/mol
 H-Bond interaction energy in the mix              :        -3.61460 kcal/mol
 VdW interaction energy in the mix                 :       -13.95717 kcal/mol
 Gas liquid transition energy in the mix (H_glt)   :         8.25184 kcal/mol
 Normalized weight factor of molecule in compound  :         0.50086
 Normalized weight factor of molecule in gas phase :         0.93300

 Compound: 3 Conformer: 4 (lacticacid_c3)
 Chemical potential of the molecule in the mixture :         2.81064 kcal/mol
 Log10(partial pressure [mbar])                    :        -1.74909
 Free energy of molecule in mix (E_COSMO+dE+Mu)    :   -215743.37479 kcal/mol
 Total mean interaction energy in the mix          :        -8.34153 kcal/mol
 Misfit interaction energy in the mix              :         2.40735 kcal/mol
 H-Bond interaction energy in the mix              :        -5.06517 kcal/mol
 VdW interaction energy in the mix                 :       -13.93555 kcal/mol
 Gas liquid transition energy in the mix (H_glt)   :         8.25184 kcal/mol
 Normalized weight factor of molecule in compound  :         0.16173
 Normalized weight factor of molecule in gas phase :         0.02822

 Compound: 3 Conformer: 5 (lacticacid_c4)
 Chemical potential of the molecule in the mixture :         2.97968 kcal/mol
 Log10(partial pressure [mbar])                    :        -3.19186
 Free energy of molecule in mix (E_COSMO+dE+Mu)    :   -215743.11915 kcal/mol
 Total mean interaction energy in the mix          :        -8.82603 kcal/mol
 Misfit interaction energy in the mix              :         2.68858 kcal/mol
 H-Bond interaction energy in the mix              :        -5.79022 kcal/mol
 VdW interaction energy in the mix                 :       -13.97624 kcal/mol
 Gas liquid transition energy in the mix (H_glt)   :         8.25184 kcal/mol
 Normalized weight factor of molecule in compound  :         0.10725
 Normalized weight factor of molecule in gas phase :         0.00067

 Compound: 3 Conformer: 6 (lacticacid_c5)
 Chemical potential of the molecule in the mixture :         2.71724 kcal/mol
 Log10(partial pressure [mbar])                    :        -1.84392
 Free energy of molecule in mix (E_COSMO+dE+Mu)    :   -215743.31823 kcal/mol
 Total mean interaction energy in the mix          :        -8.50505 kcal/mol
 Misfit interaction energy in the mix              :         2.37732 kcal/mol
 H-Bond interaction energy in the mix              :        -5.17164 kcal/mol
 VdW interaction energy in the mix                 :       -13.96256 kcal/mol
 Gas liquid transition energy in the mix (H_glt)   :         8.25184 kcal/mol
 Normalized weight factor of molecule in compound  :         0.14768
 Normalized weight factor of molecule in gas phase :         0.02069




 Results for mixture 11 - LIQ_EX Phase 1 Iteration    5
 ----------------------
 Temperature          :    313.150 K
 Compound Nr.         :         1         2         3
 Compound             :       h2o 2-heptano lacticaci
 Mole Fraction        :    0.9977    0.0006    0.0016

 Compound: 1  (h2o)
 Chemical potential of the compound in the mixture :         3.46914 kcal/mol
 Log10(partial pressure [mbar])                    :         1.52863
 Free energy of molecule in mix (E_COSMO+dE+Mu)    :    -47989.78414 kcal/mol
 Total mean interaction energy in the mix (H_int)  :        -5.54525 kcal/mol
 Misfit interaction energy in the mix (H_MF)       :         0.59137 kcal/mol
 H-Bond interaction energy in the mix (H_HB)       :        -4.72878 kcal/mol
 VdW interaction energy in the mix (H_vdW)         :        -4.33989 kcal/mol
 Gas liquid transition energy in the mix (H_glt)   :         2.93205 kcal/mol

 Compound: 2  (2-heptanol)
 Chemical potential of the compound in the mixture :         4.57837 kcal/mol
 Log10(partial pressure [mbar])                    :         3.42688
 Free energy of molecule in mix (E_COSMO+dE+Mu)    :   -220746.52639 kcal/mol
 Total mean interaction energy in the mix (H_int)  :        -9.66613 kcal/mol
 Misfit interaction energy in the mix (H_MF)       :         2.91212 kcal/mol
 H-Bond interaction energy in the mix (H_HB)       :        -4.19323 kcal/mol
 VdW interaction energy in the mix (H_vdW)         :       -20.81089 kcal/mol
 Gas liquid transition energy in the mix (H_glt)   :        12.32536 kcal/mol

 Compound: 3  (lacticacid)
 Chemical potential of the compound in the mixture :         4.45691 kcal/mol
 Log10(partial pressure [mbar])                    :        -0.79180
 Free energy of molecule in mix (E_COSMO+dE+Mu)    :   -215744.22323 kcal/mol
 Total mean interaction energy in the mix (H_int)  :        -7.86653 kcal/mol
 Misfit interaction energy in the mix (H_MF)       :         1.98832 kcal/mol
 H-Bond interaction energy in the mix (H_HB)       :        -7.03330 kcal/mol
 VdW interaction energy in the mix (H_vdW)         :       -13.28475 kcal/mol
 Gas liquid transition energy in the mix (H_glt)   :         8.25184 kcal/mol



 Compound: 1 Conformer: 1 (h2o_c0)
 Chemical potential of the molecule in the mixture :         3.46914 kcal/mol
 Log10(partial pressure [mbar])                    :         1.52863
 Free energy of molecule in mix (E_COSMO+dE+Mu)    :    -47989.78414 kcal/mol
 Total mean interaction energy in the mix          :        -5.54525 kcal/mol
 Misfit interaction energy in the mix              :         0.59137 kcal/mol
 H-Bond interaction energy in the mix              :        -4.72878 kcal/mol
 VdW interaction energy in the mix                 :        -4.33989 kcal/mol
 Gas liquid transition energy in the mix (H_glt)   :         2.93205 kcal/mol
 Normalized weight factor of molecule in compound  :         1.00000
 Normalized weight factor of molecule in gas phase :         1.00000

 Compound: 2 Conformer: 1 (2-heptanol_c0)
 Chemical potential of the molecule in the mixture :         5.47319 kcal/mol
 Log10(partial pressure [mbar])                    :         3.52541
 Free energy of molecule in mix (E_COSMO+dE+Mu)    :   -220745.63157 kcal/mol
 Total mean interaction energy in the mix          :        -9.77179 kcal/mol
 Misfit interaction energy in the mix              :         2.92826 kcal/mol
 H-Bond interaction energy in the mix              :        -4.21788 kcal/mol
 VdW interaction energy in the mix                 :       -20.80753 kcal/mol
 Gas liquid transition energy in the mix (H_glt)   :        12.32536 kcal/mol
 Normalized weight factor of molecule in compound  :         0.23742
 Normalized weight factor of molecule in gas phase :         0.25848

 Compound: 2 Conformer: 2 (2-heptanol_c1)
 Chemical potential of the molecule in the mixture :         5.50413 kcal/mol
 Log10(partial pressure [mbar])                    :         3.58693
 Free energy of molecule in mix (E_COSMO+dE+Mu)    :   -220745.36831 kcal/mol
 Total mean interaction energy in the mix          :        -9.76907 kcal/mol
 Misfit interaction energy in the mix              :         2.89292 kcal/mol
 H-Bond interaction energy in the mix              :        -4.09447 kcal/mol
 VdW interaction energy in the mix                 :       -20.89288 kcal/mol
 Gas liquid transition energy in the mix (H_glt)   :        12.32536 kcal/mol
 Normalized weight factor of molecule in compound  :         0.15552
 Normalized weight factor of molecule in gas phase :         0.21915

 Compound: 2 Conformer: 3 (2-heptanol_c2)
 Chemical potential of the molecule in the mixture :         5.69930 kcal/mol
 Log10(partial pressure [mbar])                    :         3.65400
 Free energy of molecule in mix (E_COSMO+dE+Mu)    :   -220745.24010 kcal/mol
 Total mean interaction energy in the mix          :        -9.58665 kcal/mol
 Misfit interaction energy in the mix              :         2.89933 kcal/mol
 H-Bond interaction energy in the mix              :        -3.97682 kcal/mol
 VdW interaction energy in the mix                 :       -20.83452 kcal/mol
 Gas liquid transition energy in the mix (H_glt)   :        12.32536 kcal/mol
 Normalized weight factor of molecule in compound  :         0.12656
 Normalized weight factor of molecule in gas phase :         0.21063

 Compound: 2 Conformer: 4 (2-heptanol_c3)
 Chemical potential of the molecule in the mixture :         5.36782 kcal/mol
 Log10(partial pressure [mbar])                    :         3.24103
 Free energy of molecule in mix (E_COSMO+dE+Mu)    :   -220745.68417 kcal/mol
 Total mean interaction energy in the mix          :        -9.79632 kcal/mol
 Misfit interaction energy in the mix              :         2.92364 kcal/mol
 H-Bond interaction energy in the mix              :        -4.25371 kcal/mol
 VdW interaction energy in the mix                 :       -20.79161 kcal/mol
 Gas liquid transition energy in the mix (H_glt)   :        12.32536 kcal/mol
 Normalized weight factor of molecule in compound  :         0.25836
 Normalized weight factor of molecule in gas phase :         0.16808

 Compound: 2 Conformer: 5 (2-heptanol_c4)
 Chemical potential of the molecule in the mixture :         5.38031 kcal/mol
 Log10(partial pressure [mbar])                    :         3.24013
 Free energy of molecule in mix (E_COSMO+dE+Mu)    :   -220745.59020 kcal/mol
 Total mean interaction energy in the mix          :        -9.82749 kcal/mol
 Misfit interaction energy in the mix              :         2.90220 kcal/mol
 H-Bond interaction energy in the mix              :        -4.28898 kcal/mol
 VdW interaction energy in the mix                 :       -20.76607 kcal/mol
 Gas liquid transition energy in the mix (H_glt)   :        12.32536 kcal/mol
 Normalized weight factor of molecule in compound  :         0.22215
 Normalized weight factor of molecule in gas phase :         0.14367

 Compound: 3 Conformer: 1 (lacticacid_c0)
 Chemical potential of the molecule in the mixture :         6.40700 kcal/mol
 Log10(partial pressure [mbar])                    :        -0.56883
 Free energy of molecule in mix (E_COSMO+dE+Mu)    :   -215742.27314 kcal/mol
 Total mean interaction energy in the mix          :        -7.35484 kcal/mol
 Misfit interaction energy in the mix              :         2.02349 kcal/mol
 H-Bond interaction energy in the mix              :        -4.39646 kcal/mol
 VdW interaction energy in the mix                 :       -13.23371 kcal/mol
 Gas liquid transition energy in the mix (H_glt)   :         8.25184 kcal/mol
 Normalized weight factor of molecule in compound  :         0.04356
 Normalized weight factor of molecule in gas phase :         0.00603

 Compound: 3 Conformer: 2 (lacticacid_c1)
 Chemical potential of the molecule in the mixture :         6.52855 kcal/mol
 Log10(partial pressure [mbar])                    :        -0.09361
 Free energy of molecule in mix (E_COSMO+dE+Mu)    :   -215741.97010 kcal/mol
 Total mean interaction energy in the mix          :        -6.91859 kcal/mol
 Misfit interaction energy in the mix              :         2.13252 kcal/mol
 H-Bond interaction energy in the mix              :        -4.09220 kcal/mol
 VdW interaction energy in the mix                 :       -13.21075 kcal/mol
 Gas liquid transition energy in the mix (H_glt)   :         8.25184 kcal/mol
 Normalized weight factor of molecule in compound  :         0.02676
 Normalized weight factor of molecule in gas phase :         0.01137

 Compound: 3 Conformer: 3 (lacticacid_c2)
 Chemical potential of the molecule in the mixture :         4.68498 kcal/mol
 Log10(partial pressure [mbar])                    :         0.59564
 Free energy of molecule in mix (E_COSMO+dE+Mu)    :   -215742.92148 kcal/mol
 Total mean interaction energy in the mix          :        -8.02145 kcal/mol
 Misfit interaction energy in the mix              :         2.06531 kcal/mol
 H-Bond interaction energy in the mix              :        -5.04272 kcal/mol
 VdW interaction energy in the mix                 :       -13.29589 kcal/mol
 Gas liquid transition energy in the mix (H_glt)   :         8.25184 kcal/mol
 Normalized weight factor of molecule in compound  :         0.12346
 Normalized weight factor of molecule in gas phase :         0.93300

 Compound: 3 Conformer: 4 (lacticacid_c3)
 Chemical potential of the molecule in the mixture :         2.92942 kcal/mol
 Log10(partial pressure [mbar])                    :        -1.66619
 Free energy of molecule in mix (E_COSMO+dE+Mu)    :   -215743.25601 kcal/mol
 Total mean interaction energy in the mix          :       -10.13544 kcal/mol
 Misfit interaction energy in the mix              :         1.98603 kcal/mol
 H-Bond interaction energy in the mix              :        -7.10082 kcal/mol
 VdW interaction energy in the mix                 :       -13.27249 kcal/mol
 Gas liquid transition energy in the mix (H_glt)   :         8.25184 kcal/mol
 Normalized weight factor of molecule in compound  :         0.21134
 Normalized weight factor of molecule in gas phase :         0.02822

 Compound: 3 Conformer: 5 (lacticacid_c4)
 Chemical potential of the molecule in the mixture :         2.41663 kcal/mol
 Log10(partial pressure [mbar])                    :        -3.58481
 Free energy of molecule in mix (E_COSMO+dE+Mu)    :   -215743.68220 kcal/mol
 Total mean interaction energy in the mix          :       -11.08352 kcal/mol
 Misfit interaction energy in the mix              :         1.96505 kcal/mol
 H-Bond interaction energy in the mix              :        -8.00665 kcal/mol
 VdW interaction energy in the mix                 :       -13.29376 kcal/mol
 Gas liquid transition energy in the mix (H_glt)   :         8.25184 kcal/mol
 Normalized weight factor of molecule in compound  :         0.41919
 Normalized weight factor of molecule in gas phase :         0.00067

 Compound: 3 Conformer: 6 (lacticacid_c5)
 Chemical potential of the molecule in the mixture :         2.89443 kcal/mol
 Log10(partial pressure [mbar])                    :        -1.72026
 Free energy of molecule in mix (E_COSMO+dE+Mu)    :   -215743.14104 kcal/mol
 Total mean interaction energy in the mix          :       -10.21061 kcal/mol
 Misfit interaction energy in the mix              :         1.96182 kcal/mol
 H-Bond interaction energy in the mix              :        -7.13019 kcal/mol
 VdW interaction energy in the mix                 :       -13.29408 kcal/mol
 Gas liquid transition energy in the mix (H_glt)   :         8.25184 kcal/mol
 Normalized weight factor of molecule in compound  :         0.17569
 Normalized weight factor of molecule in gas phase :         0.02069




 Results for mixture 12 - LIQ_EX Phase 2 Iteration    5
 ----------------------
 Temperature          :    313.150 K
 Compound Nr.         :         1         2         3
 Compound             :       h2o 2-heptano lacticaci
 Mole Fraction        :    0.2780    0.7195    0.0025

 Compound: 1  (h2o)
 Chemical potential of the compound in the mixture :         4.23777 kcal/mol
 Log10(partial pressure [mbar])                    :         2.06505
 Free energy of molecule in mix (E_COSMO+dE+Mu)    :    -47989.01550 kcal/mol
 Total mean interaction energy in the mix (H_int)  :        -5.10145 kcal/mol
 Misfit interaction energy in the mix (H_MF)       :         1.03988 kcal/mol
 H-Bond interaction energy in the mix (H_HB)       :        -4.49408 kcal/mol
 VdW interaction energy in the mix (H_vdW)         :        -4.57930 kcal/mol
 Gas liquid transition energy in the mix (H_glt)   :         2.93205 kcal/mol
 Equilibrium constant Kx(1,2)                      :         3.43893
 Equilibrium concentration x_k(1,2)                :         0.77472

 Compound: 2  (2-heptanol)
 Chemical potential of the compound in the mixture :         0.17432 kcal/mol
 Log10(partial pressure [mbar])                    :         0.35332
 Free energy of molecule in mix (E_COSMO+dE+Mu)    :   -220750.93044 kcal/mol
 Total mean interaction energy in the mix (H_int)  :        -9.80463 kcal/mol
 Misfit interaction energy in the mix (H_MF)       :         2.31036 kcal/mol
 H-Bond interaction energy in the mix (H_HB)       :        -3.05255 kcal/mol
 VdW interaction energy in the mix (H_vdW)         :       -21.51125 kcal/mol
 Gas liquid transition energy in the mix (H_glt)   :        12.32536 kcal/mol
 Equilibrium constant Kx(1,2)                      :  8.44189212E-04
 Equilibrium concentration x_k(1,2)                :         0.00084

 Compound: 3  (lacticacid)
 Chemical potential of the compound in the mixture :         4.16014 kcal/mol
 Log10(partial pressure [mbar])                    :        -0.99891
 Free energy of molecule in mix (E_COSMO+dE+Mu)    :   -215744.52000 kcal/mol
 Total mean interaction energy in the mix (H_int)  :        -5.97730 kcal/mol
 Misfit interaction energy in the mix (H_MF)       :         2.38163 kcal/mol
 H-Bond interaction energy in the mix (H_HB)       :        -4.28178 kcal/mol
 VdW interaction energy in the mix (H_vdW)         :       -13.94800 kcal/mol
 Gas liquid transition energy in the mix (H_glt)   :         8.25184 kcal/mol
 Equilibrium constant Kx(1,2)                      :         0.62071
 Equilibrium concentration x_k(1,2)                :         0.38299



 Compound: 1 Conformer: 1 (h2o_c0)
 Chemical potential of the molecule in the mixture :         4.23777 kcal/mol
 Log10(partial pressure [mbar])                    :         2.06505
 Free energy of molecule in mix (E_COSMO+dE+Mu)    :    -47989.01550 kcal/mol
 Total mean interaction energy in the mix          :        -5.10145 kcal/mol
 Misfit interaction energy in the mix              :         1.03988 kcal/mol
 H-Bond interaction energy in the mix              :        -4.49408 kcal/mol
 VdW interaction energy in the mix                 :        -4.57930 kcal/mol
 Gas liquid transition energy in the mix (H_glt)   :         2.93205 kcal/mol
 Normalized weight factor of molecule in compound  :         1.00000
 Normalized weight factor of molecule in gas phase :         1.00000

 Compound: 2 Conformer: 1 (2-heptanol_c0)
 Chemical potential of the molecule in the mixture :         1.33438 kcal/mol
 Log10(partial pressure [mbar])                    :         0.63696
 Free energy of molecule in mix (E_COSMO+dE+Mu)    :   -220749.77039 kcal/mol
 Total mean interaction energy in the mix          :        -9.66636 kcal/mol
 Misfit interaction energy in the mix              :         2.38824 kcal/mol
 H-Bond interaction energy in the mix              :        -2.87965 kcal/mol
 VdW interaction energy in the mix                 :       -21.50031 kcal/mol
 Gas liquid transition energy in the mix (H_glt)   :        12.32536 kcal/mol
 Normalized weight factor of molecule in compound  :         0.15503
 Normalized weight factor of molecule in gas phase :         0.25848

 Compound: 2 Conformer: 2 (2-heptanol_c1)
 Chemical potential of the molecule in the mixture :         0.81175 kcal/mol
 Log10(partial pressure [mbar])                    :         0.31214
 Free energy of molecule in mix (E_COSMO+dE+Mu)    :   -220750.06069 kcal/mol
 Total mean interaction energy in the mix          :       -10.05231 kcal/mol
 Misfit interaction energy in the mix              :         2.22579 kcal/mol
 H-Bond interaction energy in the mix              :        -3.02365 kcal/mol
 VdW interaction energy in the mix                 :       -21.57981 kcal/mol
 Gas liquid transition energy in the mix (H_glt)   :        12.32536 kcal/mol
 Normalized weight factor of molecule in compound  :         0.24718
 Normalized weight factor of molecule in gas phase :         0.21915

 Compound: 2 Conformer: 3 (2-heptanol_c2)
 Chemical potential of the molecule in the mixture :         1.14585 kcal/mol
 Log10(partial pressure [mbar])                    :         0.47618
 Free energy of molecule in mix (E_COSMO+dE+Mu)    :   -220749.79355 kcal/mol
 Total mean interaction energy in the mix          :        -9.62293 kcal/mol
 Misfit interaction energy in the mix              :         2.31536 kcal/mol
 H-Bond interaction energy in the mix              :        -2.74270 kcal/mol
 VdW interaction energy in the mix                 :       -21.52094 kcal/mol
 Gas liquid transition energy in the mix (H_glt)   :        12.32536 kcal/mol
 Normalized weight factor of molecule in compound  :         0.16091
 Normalized weight factor of molecule in gas phase :         0.21063

 Compound: 2 Conformer: 4 (2-heptanol_c3)
 Chemical potential of the molecule in the mixture :         1.02007 kcal/mol
 Log10(partial pressure [mbar])                    :         0.20676
 Free energy of molecule in mix (E_COSMO+dE+Mu)    :   -220750.03192 kcal/mol
 Total mean interaction energy in the mix          :       -10.06567 kcal/mol
 Misfit interaction energy in the mix              :         2.33467 kcal/mol
 H-Bond interaction energy in the mix              :        -3.24020 kcal/mol
 VdW interaction energy in the mix                 :       -21.48550 kcal/mol
 Gas liquid transition energy in the mix (H_glt)   :        12.32536 kcal/mol
 Normalized weight factor of molecule in compound  :         0.23601
 Normalized weight factor of molecule in gas phase :         0.16808

 Compound: 2 Conformer: 5 (2-heptanol_c4)
 Chemical potential of the molecule in the mixture :         1.03887 kcal/mol
 Log10(partial pressure [mbar])                    :         0.21026
 Free energy of molecule in mix (E_COSMO+dE+Mu)    :   -220749.93164 kcal/mol
 Total mean interaction energy in the mix          :       -10.05998 kcal/mol
 Misfit interaction energy in the mix              :         2.32173 kcal/mol
 H-Bond interaction energy in the mix              :        -3.24927 kcal/mol
 VdW interaction energy in the mix                 :       -21.45780 kcal/mol
 Gas liquid transition energy in the mix (H_glt)   :        12.32536 kcal/mol
 Normalized weight factor of molecule in compound  :         0.20088
 Normalized weight factor of molecule in gas phase :         0.14367

 Compound: 3 Conformer: 1 (lacticacid_c0)
 Chemical potential of the molecule in the mixture :         5.93890 kcal/mol
 Log10(partial pressure [mbar])                    :        -0.89551
 Free energy of molecule in mix (E_COSMO+dE+Mu)    :   -215742.74124 kcal/mol
 Total mean interaction energy in the mix          :        -5.93587 kcal/mol
 Misfit interaction energy in the mix              :         2.78816 kcal/mol
 H-Bond interaction energy in the mix              :        -3.06374 kcal/mol
 VdW interaction energy in the mix                 :       -13.91213 kcal/mol
 Gas liquid transition energy in the mix (H_glt)   :         8.25184 kcal/mol
 Normalized weight factor of molecule in compound  :         0.05736
 Normalized weight factor of molecule in gas phase :         0.00603

 Compound: 3 Conformer: 2 (lacticacid_c1)
 Chemical potential of the molecule in the mixture :         6.26211 kcal/mol
 Log10(partial pressure [mbar])                    :        -0.27956
 Free energy of molecule in mix (E_COSMO+dE+Mu)    :   -215742.23654 kcal/mol
 Total mean interaction energy in the mix          :        -5.48060 kcal/mol
 Misfit interaction energy in the mix              :         2.84064 kcal/mol
 H-Bond interaction energy in the mix              :        -2.69433 kcal/mol
 VdW interaction energy in the mix                 :       -13.87876 kcal/mol
 Gas liquid transition energy in the mix (H_glt)   :         8.25184 kcal/mol
 Normalized weight factor of molecule in compound  :         0.02549
 Normalized weight factor of molecule in gas phase :         0.01137

 Compound: 3 Conformer: 3 (lacticacid_c2)
 Chemical potential of the molecule in the mixture :         3.52232 kcal/mol
 Log10(partial pressure [mbar])                    :        -0.21577
 Free energy of molecule in mix (E_COSMO+dE+Mu)    :   -215744.08414 kcal/mol
 Total mean interaction energy in the mix          :        -7.08009 kcal/mol
 Misfit interaction energy in the mix              :         2.25090 kcal/mol
 H-Bond interaction energy in the mix              :        -3.62961 kcal/mol
 VdW interaction energy in the mix                 :       -13.95322 kcal/mol
 Gas liquid transition energy in the mix (H_glt)   :         8.25184 kcal/mol
 Normalized weight factor of molecule in compound  :         0.49638
 Normalized weight factor of molecule in gas phase :         0.93300

 Compound: 3 Conformer: 4 (lacticacid_c3)
 Chemical potential of the molecule in the mixture :         2.79402 kcal/mol
 Log10(partial pressure [mbar])                    :        -1.76069
 Free energy of molecule in mix (E_COSMO+dE+Mu)    :   -215743.39141 kcal/mol
 Total mean interaction energy in the mix          :        -8.37370 kcal/mol
 Misfit interaction energy in the mix              :         2.39132 kcal/mol
 H-Bond interaction energy in the mix              :        -5.08589 kcal/mol
 VdW interaction energy in the mix                 :       -13.93097 kcal/mol
 Gas liquid transition energy in the mix (H_glt)   :         8.25184 kcal/mol
 Normalized weight factor of molecule in compound  :         0.16307
 Normalized weight factor of molecule in gas phase :         0.02822

 Compound: 3 Conformer: 5 (lacticacid_c4)
 Chemical potential of the molecule in the mixture :         2.95766 kcal/mol
 Log10(partial pressure [mbar])                    :        -3.20723
 Free energy of molecule in mix (E_COSMO+dE+Mu)    :   -215743.14117 kcal/mol
 Total mean interaction energy in the mix          :        -8.86992 kcal/mol
 Misfit interaction energy in the mix              :         2.66956 kcal/mol
 H-Bond interaction energy in the mix              :        -5.82005 kcal/mol
 VdW interaction energy in the mix                 :       -13.97127 kcal/mol
 Gas liquid transition energy in the mix (H_glt)   :         8.25184 kcal/mol
 Normalized weight factor of molecule in compound  :         0.10907
 Normalized weight factor of molecule in gas phase :         0.00067

 Compound: 3 Conformer: 6 (lacticacid_c5)
 Chemical potential of the molecule in the mixture :         2.70177 kcal/mol
 Log10(partial pressure [mbar])                    :        -1.85472
 Free energy of molecule in mix (E_COSMO+dE+Mu)    :   -215743.33370 kcal/mol
 Total mean interaction energy in the mix          :        -8.53647 kcal/mol
 Misfit interaction energy in the mix              :         2.36073 kcal/mol
 H-Bond interaction energy in the mix              :        -5.19114 kcal/mol
 VdW interaction energy in the mix                 :       -13.95790 kcal/mol
 Gas liquid transition energy in the mix (H_glt)   :         8.25184 kcal/mol
 Normalized weight factor of molecule in compound  :         0.14862
 Normalized weight factor of molecule in gas phase :         0.02069




 Results for mixture 13 - LIQ_EX Phase 1 Iteration    6
 ----------------------
 Temperature          :    313.150 K
 Compound Nr.         :         1         2         3
 Compound             :       h2o 2-heptano lacticaci
 Mole Fraction        :    0.9978    0.0006    0.0016

 Compound: 1  (h2o)
 Chemical potential of the compound in the mixture :         3.46914 kcal/mol
 Log10(partial pressure [mbar])                    :         1.52862
 Free energy of molecule in mix (E_COSMO+dE+Mu)    :    -47989.78414 kcal/mol
 Total mean interaction energy in the mix (H_int)  :        -5.54521 kcal/mol
 Misfit interaction energy in the mix (H_MF)       :         0.59137 kcal/mol
 H-Bond interaction energy in the mix (H_HB)       :        -4.72879 kcal/mol
 VdW interaction energy in the mix (H_vdW)         :        -4.33985 kcal/mol
 Gas liquid transition energy in the mix (H_glt)   :         2.93205 kcal/mol

 Compound: 2  (2-heptanol)
 Chemical potential of the compound in the mixture :         4.57949 kcal/mol
 Log10(partial pressure [mbar])                    :         3.42766
 Free energy of molecule in mix (E_COSMO+dE+Mu)    :   -220746.52527 kcal/mol
 Total mean interaction energy in the mix (H_int)  :        -9.66620 kcal/mol
 Misfit interaction energy in the mix (H_MF)       :         2.91189 kcal/mol
 H-Bond interaction energy in the mix (H_HB)       :        -4.19327 kcal/mol
 VdW interaction energy in the mix (H_vdW)         :       -20.81068 kcal/mol
 Gas liquid transition energy in the mix (H_glt)   :        12.32536 kcal/mol

 Compound: 3  (lacticacid)
 Chemical potential of the compound in the mixture :         4.45719 kcal/mol
 Log10(partial pressure [mbar])                    :        -0.79160
 Free energy of molecule in mix (E_COSMO+dE+Mu)    :   -215744.22295 kcal/mol
 Total mean interaction energy in the mix (H_int)  :        -7.86674 kcal/mol
 Misfit interaction energy in the mix (H_MF)       :         1.98818 kcal/mol
 H-Bond interaction energy in the mix (H_HB)       :        -7.03357 kcal/mol
 VdW interaction energy in the mix (H_vdW)         :       -13.28460 kcal/mol
 Gas liquid transition energy in the mix (H_glt)   :         8.25184 kcal/mol



 Compound: 1 Conformer: 1 (h2o_c0)
 Chemical potential of the molecule in the mixture :         3.46914 kcal/mol
 Log10(partial pressure [mbar])                    :         1.52862
 Free energy of molecule in mix (E_COSMO+dE+Mu)    :    -47989.78414 kcal/mol
 Total mean interaction energy in the mix          :        -5.54521 kcal/mol
 Misfit interaction energy in the mix              :         0.59137 kcal/mol
 H-Bond interaction energy in the mix              :        -4.72879 kcal/mol
 VdW interaction energy in the mix                 :        -4.33985 kcal/mol
 Gas liquid transition energy in the mix (H_glt)   :         2.93205 kcal/mol
 Normalized weight factor of molecule in compound  :         1.00000
 Normalized weight factor of molecule in gas phase :         1.00000

 Compound: 2 Conformer: 1 (2-heptanol_c0)
 Chemical potential of the molecule in the mixture :         5.47430 kcal/mol
 Log10(partial pressure [mbar])                    :         3.52619
 Free energy of molecule in mix (E_COSMO+dE+Mu)    :   -220745.63046 kcal/mol
 Total mean interaction energy in the mix          :        -9.77186 kcal/mol
 Misfit interaction energy in the mix              :         2.92803 kcal/mol
 H-Bond interaction energy in the mix              :        -4.21793 kcal/mol
 VdW interaction energy in the mix                 :       -20.80732 kcal/mol
 Gas liquid transition energy in the mix (H_glt)   :        12.32536 kcal/mol
 Normalized weight factor of molecule in compound  :         0.23742
 Normalized weight factor of molecule in gas phase :         0.25848

 Compound: 2 Conformer: 2 (2-heptanol_c1)
 Chemical potential of the molecule in the mixture :         5.50527 kcal/mol
 Log10(partial pressure [mbar])                    :         3.58772
 Free energy of molecule in mix (E_COSMO+dE+Mu)    :   -220745.36717 kcal/mol
 Total mean interaction energy in the mix          :        -9.76915 kcal/mol
 Misfit interaction energy in the mix              :         2.89269 kcal/mol
 H-Bond interaction energy in the mix              :        -4.09453 kcal/mol
 VdW interaction energy in the mix                 :       -20.89267 kcal/mol
 Gas liquid transition energy in the mix (H_glt)   :        12.32536 kcal/mol
 Normalized weight factor of molecule in compound  :         0.15551
 Normalized weight factor of molecule in gas phase :         0.21915

 Compound: 2 Conformer: 3 (2-heptanol_c2)
 Chemical potential of the molecule in the mixture :         5.70044 kcal/mol
 Log10(partial pressure [mbar])                    :         3.65479
 Free energy of molecule in mix (E_COSMO+dE+Mu)    :   -220745.23897 kcal/mol
 Total mean interaction energy in the mix          :        -9.58673 kcal/mol
 Misfit interaction energy in the mix              :         2.89910 kcal/mol
 H-Bond interaction energy in the mix              :        -3.97687 kcal/mol
 VdW interaction energy in the mix                 :       -20.83431 kcal/mol
 Gas liquid transition energy in the mix (H_glt)   :        12.32536 kcal/mol
 Normalized weight factor of molecule in compound  :         0.12656
 Normalized weight factor of molecule in gas phase :         0.21063

 Compound: 2 Conformer: 4 (2-heptanol_c3)
 Chemical potential of the molecule in the mixture :         5.36893 kcal/mol
 Log10(partial pressure [mbar])                    :         3.24181
 Free energy of molecule in mix (E_COSMO+dE+Mu)    :   -220745.68306 kcal/mol
 Total mean interaction energy in the mix          :        -9.79637 kcal/mol
 Misfit interaction energy in the mix              :         2.92342 kcal/mol
 H-Bond interaction energy in the mix              :        -4.25375 kcal/mol
 VdW interaction energy in the mix                 :       -20.79140 kcal/mol
 Gas liquid transition energy in the mix (H_glt)   :        12.32536 kcal/mol
 Normalized weight factor of molecule in compound  :         0.25836
 Normalized weight factor of molecule in gas phase :         0.16808

 Compound: 2 Conformer: 5 (2-heptanol_c4)
 Chemical potential of the molecule in the mixture :         5.38142 kcal/mol
 Log10(partial pressure [mbar])                    :         3.24091
 Free energy of molecule in mix (E_COSMO+dE+Mu)    :   -220745.58909 kcal/mol
 Total mean interaction energy in the mix          :        -9.82755 kcal/mol
 Misfit interaction energy in the mix              :         2.90197 kcal/mol
 H-Bond interaction energy in the mix              :        -4.28901 kcal/mol
 VdW interaction energy in the mix                 :       -20.76586 kcal/mol
 Gas liquid transition energy in the mix (H_glt)   :        12.32536 kcal/mol
 Normalized weight factor of molecule in compound  :         0.22215
 Normalized weight factor of molecule in gas phase :         0.14367

 Compound: 3 Conformer: 1 (lacticacid_c0)
 Chemical potential of the molecule in the mixture :         6.40733 kcal/mol
 Log10(partial pressure [mbar])                    :        -0.56859
 Free energy of molecule in mix (E_COSMO+dE+Mu)    :   -215742.27281 kcal/mol
 Total mean interaction energy in the mix          :        -7.35498 kcal/mol
 Misfit interaction energy in the mix              :         2.02333 kcal/mol
 H-Bond interaction energy in the mix              :        -4.39659 kcal/mol
 VdW interaction energy in the mix                 :       -13.23356 kcal/mol
 Gas liquid transition energy in the mix (H_glt)   :         8.25184 kcal/mol
 Normalized weight factor of molecule in compound  :         0.04355
 Normalized weight factor of molecule in gas phase :         0.00603

 Compound: 3 Conformer: 2 (lacticacid_c1)
 Chemical potential of the molecule in the mixture :         6.52887 kcal/mol
 Log10(partial pressure [mbar])                    :        -0.09339
 Free energy of molecule in mix (E_COSMO+dE+Mu)    :   -215741.96978 kcal/mol
 Total mean interaction energy in the mix          :        -6.91870 kcal/mol
 Misfit interaction energy in the mix              :         2.13239 kcal/mol
 H-Bond interaction energy in the mix              :        -4.09234 kcal/mol
 VdW interaction energy in the mix                 :       -13.21059 kcal/mol
 Gas liquid transition energy in the mix (H_glt)   :         8.25184 kcal/mol
 Normalized weight factor of molecule in compound  :         0.02676
 Normalized weight factor of molecule in gas phase :         0.01137

 Compound: 3 Conformer: 3 (lacticacid_c2)
 Chemical potential of the molecule in the mixture :         4.68540 kcal/mol
 Log10(partial pressure [mbar])                    :         0.59594
 Free energy of molecule in mix (E_COSMO+dE+Mu)    :   -215742.92106 kcal/mol
 Total mean interaction energy in the mix          :        -8.02154 kcal/mol
 Misfit interaction energy in the mix              :         2.06519 kcal/mol
 H-Bond interaction energy in the mix              :        -5.04284 kcal/mol
 VdW interaction energy in the mix                 :       -13.29573 kcal/mol
 Gas liquid transition energy in the mix (H_glt)   :         8.25184 kcal/mol
 Normalized weight factor of molecule in compound  :         0.12343
 Normalized weight factor of molecule in gas phase :         0.93300

 Compound: 3 Conformer: 4 (lacticacid_c3)
 Chemical potential of the molecule in the mixture :         2.92971 kcal/mol
 Log10(partial pressure [mbar])                    :        -1.66599
 Free energy of molecule in mix (E_COSMO+dE+Mu)    :   -215743.25572 kcal/mol
 Total mean interaction energy in the mix          :       -10.13562 kcal/mol
 Misfit interaction energy in the mix              :         1.98590 kcal/mol
 H-Bond interaction energy in the mix              :        -7.10101 kcal/mol
 VdW interaction energy in the mix                 :       -13.27235 kcal/mol
 Gas liquid transition energy in the mix (H_glt)   :         8.25184 kcal/mol
 Normalized weight factor of molecule in compound  :         0.21134
 Normalized weight factor of molecule in gas phase :         0.02822

 Compound: 3 Conformer: 5 (lacticacid_c4)
 Chemical potential of the molecule in the mixture :         2.41686 kcal/mol
 Log10(partial pressure [mbar])                    :        -3.58465
 Free energy of molecule in mix (E_COSMO+dE+Mu)    :   -215743.68197 kcal/mol
 Total mean interaction energy in the mix          :       -11.08369 kcal/mol
 Misfit interaction energy in the mix              :         1.96490 kcal/mol
 H-Bond interaction energy in the mix              :        -8.00682 kcal/mol
 VdW interaction energy in the mix                 :       -13.29361 kcal/mol
 Gas liquid transition energy in the mix (H_glt)   :         8.25184 kcal/mol
 Normalized weight factor of molecule in compound  :         0.41923
 Normalized weight factor of molecule in gas phase :         0.00067

 Compound: 3 Conformer: 6 (lacticacid_c5)
 Chemical potential of the molecule in the mixture :         2.89472 kcal/mol
 Log10(partial pressure [mbar])                    :        -1.72006
 Free energy of molecule in mix (E_COSMO+dE+Mu)    :   -215743.14075 kcal/mol
 Total mean interaction energy in the mix          :       -10.21079 kcal/mol
 Misfit interaction energy in the mix              :         1.96168 kcal/mol
 H-Bond interaction energy in the mix              :        -7.13038 kcal/mol
 VdW interaction energy in the mix                 :       -13.29393 kcal/mol
 Gas liquid transition energy in the mix (H_glt)   :         8.25184 kcal/mol
 Normalized weight factor of molecule in compound  :         0.17569
 Normalized weight factor of molecule in gas phase :         0.02069




 Results for mixture 14 - LIQ_EX Phase 2 Iteration    6
 ----------------------
 Temperature          :    313.150 K
 Compound Nr.         :         1         2         3
 Compound             :       h2o 2-heptano lacticaci
 Mole Fraction        :    0.2847    0.7128    0.0025

 Compound: 1  (h2o)
 Chemical potential of the compound in the mixture :         4.23393 kcal/mol
 Log10(partial pressure [mbar])                    :         2.06237
 Free energy of molecule in mix (E_COSMO+dE+Mu)    :    -47989.01935 kcal/mol
 Total mean interaction energy in the mix (H_int)  :        -5.11024 kcal/mol
 Misfit interaction energy in the mix (H_MF)       :         1.03187 kcal/mol
 H-Bond interaction energy in the mix (H_HB)       :        -4.49611 kcal/mol
 VdW interaction energy in the mix (H_vdW)         :        -4.57804 kcal/mol
 Gas liquid transition energy in the mix (H_glt)   :         2.93205 kcal/mol
 Equilibrium constant Kx(1,2)                      :         3.41778
 Equilibrium concentration x_k(1,2)                :         0.77364

 Compound: 2  (2-heptanol)
 Chemical potential of the compound in the mixture :         0.17594 kcal/mol
 Log10(partial pressure [mbar])                    :         0.35445
 Free energy of molecule in mix (E_COSMO+dE+Mu)    :   -220750.92882 kcal/mol
 Total mean interaction energy in the mix (H_int)  :        -9.80929 kcal/mol
 Misfit interaction energy in the mix (H_MF)       :         2.31521 kcal/mol
 H-Bond interaction energy in the mix (H_HB)       :        -3.06440 kcal/mol
 VdW interaction energy in the mix (H_vdW)         :       -21.50874 kcal/mol
 Gas liquid transition energy in the mix (H_glt)   :        12.32536 kcal/mol
 Equilibrium constant Kx(1,2)                      :  8.44864501E-04
 Equilibrium concentration x_k(1,2)                :         0.00084

 Compound: 3  (lacticacid)
 Chemical potential of the compound in the mixture :         4.15345 kcal/mol
 Log10(partial pressure [mbar])                    :        -1.00358
 Free energy of molecule in mix (E_COSMO+dE+Mu)    :   -215744.52669 kcal/mol
 Total mean interaction energy in the mix (H_int)  :        -5.99340 kcal/mol
 Misfit interaction energy in the mix (H_MF)       :         2.37449 kcal/mol
 H-Bond interaction energy in the mix (H_HB)       :        -4.29666 kcal/mol
 VdW interaction energy in the mix (H_vdW)         :       -13.94546 kcal/mol
 Gas liquid transition energy in the mix (H_glt)   :         8.25184 kcal/mol
 Equilibrium constant Kx(1,2)                      :         0.61379
 Equilibrium concentration x_k(1,2)                :         0.38034



 Compound: 1 Conformer: 1 (h2o_c0)
 Chemical potential of the molecule in the mixture :         4.23393 kcal/mol
 Log10(partial pressure [mbar])                    :         2.06237
 Free energy of molecule in mix (E_COSMO+dE+Mu)    :    -47989.01935 kcal/mol
 Total mean interaction energy in the mix          :        -5.11024 kcal/mol
 Misfit interaction energy in the mix              :         1.03187 kcal/mol
 H-Bond interaction energy in the mix              :        -4.49611 kcal/mol
 VdW interaction energy in the mix                 :        -4.57804 kcal/mol
 Gas liquid transition energy in the mix (H_glt)   :         2.93205 kcal/mol
 Normalized weight factor of molecule in compound  :         1.00000
 Normalized weight factor of molecule in gas phase :         1.00000

 Compound: 2 Conformer: 1 (2-heptanol_c0)
 Chemical potential of the molecule in the mixture :         1.33298 kcal/mol
 Log10(partial pressure [mbar])                    :         0.63598
 Free energy of molecule in mix (E_COSMO+dE+Mu)    :   -220749.77178 kcal/mol
 Total mean interaction energy in the mix          :        -9.67432 kcal/mol
 Misfit interaction energy in the mix              :         2.39329 kcal/mol
 H-Bond interaction energy in the mix              :        -2.89518 kcal/mol
 VdW interaction energy in the mix                 :       -21.49778 kcal/mol
 Gas liquid transition energy in the mix (H_glt)   :        12.32536 kcal/mol
 Normalized weight factor of molecule in compound  :         0.15578
 Normalized weight factor of molecule in gas phase :         0.25848

 Compound: 2 Conformer: 2 (2-heptanol_c1)
 Chemical potential of the molecule in the mixture :         0.81499 kcal/mol
 Log10(partial pressure [mbar])                    :         0.31441
 Free energy of molecule in mix (E_COSMO+dE+Mu)    :   -220750.05745 kcal/mol
 Total mean interaction energy in the mix          :       -10.05537 kcal/mol
 Misfit interaction energy in the mix              :         2.23043 kcal/mol
 H-Bond interaction energy in the mix              :        -3.03374 kcal/mol
 VdW interaction energy in the mix                 :       -21.57742 kcal/mol
 Gas liquid transition energy in the mix (H_glt)   :        12.32536 kcal/mol
 Normalized weight factor of molecule in compound  :         0.24653
 Normalized weight factor of molecule in gas phase :         0.21915

 Compound: 2 Conformer: 3 (2-heptanol_c2)
 Chemical potential of the molecule in the mixture :         1.14830 kcal/mol
 Log10(partial pressure [mbar])                    :         0.47788
 Free energy of molecule in mix (E_COSMO+dE+Mu)    :   -220749.79111 kcal/mol
 Total mean interaction energy in the mix          :        -9.62817 kcal/mol
 Misfit interaction energy in the mix              :         2.31975 kcal/mol
 H-Bond interaction energy in the mix              :        -2.75471 kcal/mol
 VdW interaction energy in the mix                 :       -21.51856 kcal/mol
 Gas liquid transition energy in the mix (H_glt)   :        12.32536 kcal/mol
 Normalized weight factor of molecule in compound  :         0.16069
 Normalized weight factor of molecule in gas phase :         0.21063

 Compound: 2 Conformer: 4 (2-heptanol_c3)
 Chemical potential of the molecule in the mixture :         1.02160 kcal/mol
 Log10(partial pressure [mbar])                    :         0.20783
 Free energy of molecule in mix (E_COSMO+dE+Mu)    :   -220750.03039 kcal/mol
 Total mean interaction energy in the mix          :       -10.06984 kcal/mol
 Misfit interaction energy in the mix              :         2.33952 kcal/mol
 H-Bond interaction energy in the mix              :        -3.25169 kcal/mol
 VdW interaction energy in the mix                 :       -21.48303 kcal/mol
 Gas liquid transition energy in the mix (H_glt)   :        12.32536 kcal/mol
 Normalized weight factor of molecule in compound  :         0.23604
 Normalized weight factor of molecule in gas phase :         0.16808

 Compound: 2 Conformer: 5 (2-heptanol_c4)
 Chemical potential of the molecule in the mixture :         1.04026 kcal/mol
 Log10(partial pressure [mbar])                    :         0.21123
 Free energy of molecule in mix (E_COSMO+dE+Mu)    :   -220749.93025 kcal/mol
 Total mean interaction energy in the mix          :       -10.06430 kcal/mol
 Misfit interaction energy in the mix              :         2.32653 kcal/mol
 H-Bond interaction energy in the mix              :        -3.26084 kcal/mol
 VdW interaction energy in the mix                 :       -21.45534 kcal/mol
 Gas liquid transition energy in the mix (H_glt)   :        12.32536 kcal/mol
 Normalized weight factor of molecule in compound  :         0.20096
 Normalized weight factor of molecule in gas phase :         0.14367

 Compound: 3 Conformer: 1 (lacticacid_c0)
 Chemical potential of the molecule in the mixture :         5.93120 kcal/mol
 Log10(partial pressure [mbar])                    :        -0.90089
 Free energy of molecule in mix (E_COSMO+dE+Mu)    :   -215742.74894 kcal/mol
 Total mean interaction energy in the mix          :        -5.95257 kcal/mol
 Misfit interaction energy in the mix              :         2.77648 kcal/mol
 H-Bond interaction energy in the mix              :        -3.07119 kcal/mol
 VdW interaction energy in the mix                 :       -13.90970 kcal/mol
 Gas liquid transition energy in the mix (H_glt)   :         8.25184 kcal/mol
 Normalized weight factor of molecule in compound  :         0.05745
 Normalized weight factor of molecule in gas phase :         0.00603

 Compound: 3 Conformer: 2 (lacticacid_c1)
 Chemical potential of the molecule in the mixture :         6.25260 kcal/mol
 Log10(partial pressure [mbar])                    :        -0.28619
 Free energy of molecule in mix (E_COSMO+dE+Mu)    :   -215742.24605 kcal/mol
 Total mean interaction energy in the mix          :        -5.49552 kcal/mol
 Misfit interaction energy in the mix              :         2.83095 kcal/mol
 H-Bond interaction energy in the mix              :        -2.70202 kcal/mol
 VdW interaction energy in the mix                 :       -13.87629 kcal/mol
 Gas liquid transition energy in the mix (H_glt)   :         8.25184 kcal/mol
 Normalized weight factor of molecule in compound  :         0.02561
 Normalized weight factor of molecule in gas phase :         0.01137

 Compound: 3 Conformer: 3 (lacticacid_c2)
 Chemical potential of the molecule in the mixture :         3.51891 kcal/mol
 Log10(partial pressure [mbar])                    :        -0.21815
 Free energy of molecule in mix (E_COSMO+dE+Mu)    :   -215744.08755 kcal/mol
 Total mean interaction energy in the mix          :        -7.09225 kcal/mol
 Misfit interaction energy in the mix              :         2.24529 kcal/mol
 H-Bond interaction energy in the mix              :        -3.63849 kcal/mol
 VdW interaction energy in the mix                 :       -13.95088 kcal/mol
 Gas liquid transition energy in the mix (H_glt)   :         8.25184 kcal/mol
 Normalized weight factor of molecule in compound  :         0.49377
 Normalized weight factor of molecule in gas phase :         0.93300

 Compound: 3 Conformer: 4 (lacticacid_c3)
 Chemical potential of the molecule in the mixture :         2.78439 kcal/mol
 Log10(partial pressure [mbar])                    :        -1.76741
 Free energy of molecule in mix (E_COSMO+dE+Mu)    :   -215743.40105 kcal/mol
 Total mean interaction energy in the mix          :        -8.39263 kcal/mol
 Misfit interaction energy in the mix              :         2.38198 kcal/mol
 H-Bond interaction energy in the mix              :        -5.09818 kcal/mol
 VdW interaction energy in the mix                 :       -13.92826 kcal/mol
 Gas liquid transition energy in the mix (H_glt)   :         8.25184 kcal/mol
 Normalized weight factor of molecule in compound  :         0.16384
 Normalized weight factor of molecule in gas phase :         0.02822

 Compound: 3 Conformer: 5 (lacticacid_c4)
 Chemical potential of the molecule in the mixture :         2.94481 kcal/mol
 Log10(partial pressure [mbar])                    :        -3.21620
 Free energy of molecule in mix (E_COSMO+dE+Mu)    :   -215743.15402 kcal/mol
 Total mean interaction energy in the mix          :        -8.89560 kcal/mol
 Misfit interaction energy in the mix              :         2.65852 kcal/mol
 H-Bond interaction energy in the mix              :        -5.83763 kcal/mol
 VdW interaction energy in the mix                 :       -13.96833 kcal/mol
 Gas liquid transition energy in the mix (H_glt)   :         8.25184 kcal/mol
 Normalized weight factor of molecule in compound  :         0.11016
 Normalized weight factor of molecule in gas phase :         0.00067

 Compound: 3 Conformer: 6 (lacticacid_c5)
 Chemical potential of the molecule in the mixture :         2.69280 kcal/mol
 Log10(partial pressure [mbar])                    :        -1.86098
 Free energy of molecule in mix (E_COSMO+dE+Mu)    :   -215743.34266 kcal/mol
 Total mean interaction energy in the mix          :        -8.55498 kcal/mol
 Misfit interaction energy in the mix              :         2.35104 kcal/mol
 H-Bond interaction energy in the mix              :        -5.20271 kcal/mol
 VdW interaction energy in the mix                 :       -13.95515 kcal/mol
 Gas liquid transition energy in the mix (H_glt)   :         8.25184 kcal/mol
 Normalized weight factor of molecule in compound  :         0.14917
 Normalized weight factor of molecule in gas phase :         0.02069




 Results for mixture 15 - LIQ_EX Phase 1 Iteration    7
 ----------------------
 Temperature          :    313.150 K
 Compound Nr.         :         1         2         3
 Compound             :       h2o 2-heptano lacticaci
 Mole Fraction        :    0.9978    0.0006    0.0016

 Compound: 1  (h2o)
 Chemical potential of the compound in the mixture :         3.46914 kcal/mol
 Log10(partial pressure [mbar])                    :         1.52862
 Free energy of molecule in mix (E_COSMO+dE+Mu)    :    -47989.78414 kcal/mol
 Total mean interaction energy in the mix (H_int)  :        -5.54519 kcal/mol
 Misfit interaction energy in the mix (H_MF)       :         0.59138 kcal/mol
 H-Bond interaction energy in the mix (H_HB)       :        -4.72879 kcal/mol
 VdW interaction energy in the mix (H_vdW)         :        -4.33983 kcal/mol
 Gas liquid transition energy in the mix (H_glt)   :         2.93205 kcal/mol

 Compound: 2  (2-heptanol)
 Chemical potential of the compound in the mixture :         4.58013 kcal/mol
 Log10(partial pressure [mbar])                    :         3.42811
 Free energy of molecule in mix (E_COSMO+dE+Mu)    :   -220746.52463 kcal/mol
 Total mean interaction energy in the mix (H_int)  :        -9.66624 kcal/mol
 Misfit interaction energy in the mix (H_MF)       :         2.91176 kcal/mol
 H-Bond interaction energy in the mix (H_HB)       :        -4.19330 kcal/mol
 VdW interaction energy in the mix (H_vdW)         :       -20.81056 kcal/mol
 Gas liquid transition energy in the mix (H_glt)   :        12.32536 kcal/mol

 Compound: 3  (lacticacid)
 Chemical potential of the compound in the mixture :         4.45736 kcal/mol
 Log10(partial pressure [mbar])                    :        -0.79149
 Free energy of molecule in mix (E_COSMO+dE+Mu)    :   -215744.22278 kcal/mol
 Total mean interaction energy in the mix (H_int)  :        -7.86686 kcal/mol
 Misfit interaction energy in the mix (H_MF)       :         1.98809 kcal/mol
 H-Bond interaction energy in the mix (H_HB)       :        -7.03372 kcal/mol
 VdW interaction energy in the mix (H_vdW)         :       -13.28451 kcal/mol
 Gas liquid transition energy in the mix (H_glt)   :         8.25184 kcal/mol



 Compound: 1 Conformer: 1 (h2o_c0)
 Chemical potential of the molecule in the mixture :         3.46914 kcal/mol
 Log10(partial pressure [mbar])                    :         1.52862
 Free energy of molecule in mix (E_COSMO+dE+Mu)    :    -47989.78414 kcal/mol
 Total mean interaction energy in the mix          :        -5.54519 kcal/mol
 Misfit interaction energy in the mix              :         0.59138 kcal/mol
 H-Bond interaction energy in the mix              :        -4.72879 kcal/mol
 VdW interaction energy in the mix                 :        -4.33983 kcal/mol
 Gas liquid transition energy in the mix (H_glt)   :         2.93205 kcal/mol
 Normalized weight factor of molecule in compound  :         1.00000
 Normalized weight factor of molecule in gas phase :         1.00000

 Compound: 2 Conformer: 1 (2-heptanol_c0)
 Chemical potential of the molecule in the mixture :         5.47494 kcal/mol
 Log10(partial pressure [mbar])                    :         3.52663
 Free energy of molecule in mix (E_COSMO+dE+Mu)    :   -220745.62982 kcal/mol
 Total mean interaction energy in the mix          :        -9.77190 kcal/mol
 Misfit interaction energy in the mix              :         2.92789 kcal/mol
 H-Bond interaction energy in the mix              :        -4.21796 kcal/mol
 VdW interaction energy in the mix                 :       -20.80720 kcal/mol
 Gas liquid transition energy in the mix (H_glt)   :        12.32536 kcal/mol
 Normalized weight factor of molecule in compound  :         0.23742
 Normalized weight factor of molecule in gas phase :         0.25848

 Compound: 2 Conformer: 2 (2-heptanol_c1)
 Chemical potential of the molecule in the mixture :         5.50593 kcal/mol
 Log10(partial pressure [mbar])                    :         3.58818
 Free energy of molecule in mix (E_COSMO+dE+Mu)    :   -220745.36651 kcal/mol
 Total mean interaction energy in the mix          :        -9.76920 kcal/mol
 Misfit interaction energy in the mix              :         2.89255 kcal/mol
 H-Bond interaction energy in the mix              :        -4.09456 kcal/mol
 VdW interaction energy in the mix                 :       -20.89255 kcal/mol
 Gas liquid transition energy in the mix (H_glt)   :        12.32536 kcal/mol
 Normalized weight factor of molecule in compound  :         0.15551
 Normalized weight factor of molecule in gas phase :         0.21915

 Compound: 2 Conformer: 3 (2-heptanol_c2)
 Chemical potential of the molecule in the mixture :         5.70109 kcal/mol
 Log10(partial pressure [mbar])                    :         3.65525
 Free energy of molecule in mix (E_COSMO+dE+Mu)    :   -220745.23832 kcal/mol
 Total mean interaction energy in the mix          :        -9.58677 kcal/mol
 Misfit interaction energy in the mix              :         2.89896 kcal/mol
 H-Bond interaction energy in the mix              :        -3.97690 kcal/mol
 VdW interaction energy in the mix                 :       -20.83419 kcal/mol
 Gas liquid transition energy in the mix (H_glt)   :        12.32536 kcal/mol
 Normalized weight factor of molecule in compound  :         0.12656
 Normalized weight factor of molecule in gas phase :         0.21063

 Compound: 2 Conformer: 4 (2-heptanol_c3)
 Chemical potential of the molecule in the mixture :         5.36958 kcal/mol
 Log10(partial pressure [mbar])                    :         3.24225
 Free energy of molecule in mix (E_COSMO+dE+Mu)    :   -220745.68242 kcal/mol
 Total mean interaction energy in the mix          :        -9.79640 kcal/mol
 Misfit interaction energy in the mix              :         2.92329 kcal/mol
 H-Bond interaction energy in the mix              :        -4.25377 kcal/mol
 VdW interaction energy in the mix                 :       -20.79128 kcal/mol
 Gas liquid transition energy in the mix (H_glt)   :        12.32536 kcal/mol
 Normalized weight factor of molecule in compound  :         0.25836
 Normalized weight factor of molecule in gas phase :         0.16808

 Compound: 2 Conformer: 5 (2-heptanol_c4)
 Chemical potential of the molecule in the mixture :         5.38206 kcal/mol
 Log10(partial pressure [mbar])                    :         3.24135
 Free energy of molecule in mix (E_COSMO+dE+Mu)    :   -220745.58845 kcal/mol
 Total mean interaction energy in the mix          :        -9.82758 kcal/mol
 Misfit interaction energy in the mix              :         2.90184 kcal/mol
 H-Bond interaction energy in the mix              :        -4.28903 kcal/mol
 VdW interaction energy in the mix                 :       -20.76574 kcal/mol
 Gas liquid transition energy in the mix (H_glt)   :        12.32536 kcal/mol
 Normalized weight factor of molecule in compound  :         0.22215
 Normalized weight factor of molecule in gas phase :         0.14367

 Compound: 3 Conformer: 1 (lacticacid_c0)
 Chemical potential of the molecule in the mixture :         6.40752 kcal/mol
 Log10(partial pressure [mbar])                    :        -0.56846
 Free energy of molecule in mix (E_COSMO+dE+Mu)    :   -215742.27262 kcal/mol
 Total mean interaction energy in the mix          :        -7.35506 kcal/mol
 Misfit interaction energy in the mix              :         2.02324 kcal/mol
 H-Bond interaction energy in the mix              :        -4.39667 kcal/mol
 VdW interaction energy in the mix                 :       -13.23347 kcal/mol
 Gas liquid transition energy in the mix (H_glt)   :         8.25184 kcal/mol
 Normalized weight factor of molecule in compound  :         0.04355
 Normalized weight factor of molecule in gas phase :         0.00603

 Compound: 3 Conformer: 2 (lacticacid_c1)
 Chemical potential of the molecule in the mixture :         6.52906 kcal/mol
 Log10(partial pressure [mbar])                    :        -0.09326
 Free energy of molecule in mix (E_COSMO+dE+Mu)    :   -215741.96959 kcal/mol
 Total mean interaction energy in the mix          :        -6.91877 kcal/mol
 Misfit interaction energy in the mix              :         2.13231 kcal/mol
 H-Bond interaction energy in the mix              :        -4.09242 kcal/mol
 VdW interaction energy in the mix                 :       -13.21050 kcal/mol
 Gas liquid transition energy in the mix (H_glt)   :         8.25184 kcal/mol
 Normalized weight factor of molecule in compound  :         0.02676
 Normalized weight factor of molecule in gas phase :         0.01137

 Compound: 3 Conformer: 3 (lacticacid_c2)
 Chemical potential of the molecule in the mixture :         4.68564 kcal/mol
 Log10(partial pressure [mbar])                    :         0.59611
 Free energy of molecule in mix (E_COSMO+dE+Mu)    :   -215742.92082 kcal/mol
 Total mean interaction energy in the mix          :        -8.02159 kcal/mol
 Misfit interaction energy in the mix              :         2.06512 kcal/mol
 H-Bond interaction energy in the mix              :        -5.04291 kcal/mol
 VdW interaction energy in the mix                 :       -13.29564 kcal/mol
 Gas liquid transition energy in the mix (H_glt)   :         8.25184 kcal/mol
 Normalized weight factor of molecule in compound  :         0.12341
 Normalized weight factor of molecule in gas phase :         0.93300

 Compound: 3 Conformer: 4 (lacticacid_c3)
 Chemical potential of the molecule in the mixture :         2.92987 kcal/mol
 Log10(partial pressure [mbar])                    :        -1.66588
 Free energy of molecule in mix (E_COSMO+dE+Mu)    :   -215743.25556 kcal/mol
 Total mean interaction energy in the mix          :       -10.13572 kcal/mol
 Misfit interaction energy in the mix              :         1.98582 kcal/mol
 H-Bond interaction energy in the mix              :        -7.10111 kcal/mol
 VdW interaction energy in the mix                 :       -13.27226 kcal/mol
 Gas liquid transition energy in the mix (H_glt)   :         8.25184 kcal/mol
 Normalized weight factor of molecule in compound  :         0.21134
 Normalized weight factor of molecule in gas phase :         0.02822

 Compound: 3 Conformer: 5 (lacticacid_c4)
 Chemical potential of the molecule in the mixture :         2.41700 kcal/mol
 Log10(partial pressure [mbar])                    :        -3.58455
 Free energy of molecule in mix (E_COSMO+dE+Mu)    :   -215743.68183 kcal/mol
 Total mean interaction energy in the mix          :       -11.08379 kcal/mol
 Misfit interaction energy in the mix              :         1.96481 kcal/mol
 H-Bond interaction energy in the mix              :        -8.00691 kcal/mol
 VdW interaction energy in the mix                 :       -13.29353 kcal/mol
 Gas liquid transition energy in the mix (H_glt)   :         8.25184 kcal/mol
 Normalized weight factor of molecule in compound  :         0.41925
 Normalized weight factor of molecule in gas phase :         0.00067

 Compound: 3 Conformer: 6 (lacticacid_c5)
 Chemical potential of the molecule in the mixture :         2.89488 kcal/mol
 Log10(partial pressure [mbar])                    :        -1.71994
 Free energy of molecule in mix (E_COSMO+dE+Mu)    :   -215743.14058 kcal/mol
 Total mean interaction energy in the mix          :       -10.21089 kcal/mol
 Misfit interaction energy in the mix              :         1.96160 kcal/mol
 H-Bond interaction energy in the mix              :        -7.13048 kcal/mol
 VdW interaction energy in the mix                 :       -13.29384 kcal/mol
 Gas liquid transition energy in the mix (H_glt)   :         8.25184 kcal/mol
 Normalized weight factor of molecule in compound  :         0.17569
 Normalized weight factor of molecule in gas phase :         0.02069




 Results for mixture 16 - LIQ_EX Phase 2 Iteration    7
 ----------------------
 Temperature          :    313.150 K
 Compound Nr.         :         1         2         3
 Compound             :       h2o 2-heptano lacticaci
 Mole Fraction        :    0.2887    0.7088    0.0025

 Compound: 1  (h2o)
 Chemical potential of the compound in the mixture :         4.23165 kcal/mol
 Log10(partial pressure [mbar])                    :         2.06078
 Free energy of molecule in mix (E_COSMO+dE+Mu)    :    -47989.02162 kcal/mol
 Total mean interaction energy in the mix (H_int)  :        -5.11549 kcal/mol
 Misfit interaction energy in the mix (H_MF)       :         1.02707 kcal/mol
 H-Bond interaction energy in the mix (H_HB)       :        -4.49732 kcal/mol
 VdW interaction energy in the mix (H_vdW)         :        -4.57729 kcal/mol
 Gas liquid transition energy in the mix (H_glt)   :         2.93205 kcal/mol
 Equilibrium constant Kx(1,2)                      :         3.40531
 Equilibrium concentration x_k(1,2)                :         0.77300

 Compound: 2  (2-heptanol)
 Chemical potential of the compound in the mixture :         0.17692 kcal/mol
 Log10(partial pressure [mbar])                    :         0.35513
 Free energy of molecule in mix (E_COSMO+dE+Mu)    :   -220750.92784 kcal/mol
 Total mean interaction energy in the mix (H_int)  :        -9.81198 kcal/mol
 Misfit interaction energy in the mix (H_MF)       :         2.31817 kcal/mol
 H-Bond interaction energy in the mix (H_HB)       :        -3.07143 kcal/mol
 VdW interaction energy in the mix (H_vdW)         :       -21.50725 kcal/mol
 Gas liquid transition energy in the mix (H_glt)   :        12.32536 kcal/mol
 Equilibrium constant Kx(1,2)                      :  8.45325319E-04
 Equilibrium concentration x_k(1,2)                :         0.00084

 Compound: 3  (lacticacid)
 Chemical potential of the compound in the mixture :         4.14949 kcal/mol
 Log10(partial pressure [mbar])                    :        -1.00634
 Free energy of molecule in mix (E_COSMO+dE+Mu)    :   -215744.53065 kcal/mol
 Total mean interaction energy in the mix (H_int)  :        -6.00299 kcal/mol
 Misfit interaction energy in the mix (H_MF)       :         2.37026 kcal/mol
 H-Bond interaction energy in the mix (H_HB)       :        -4.30555 kcal/mol
 VdW interaction energy in the mix (H_vdW)         :       -13.94394 kcal/mol
 Gas liquid transition energy in the mix (H_glt)   :         8.25184 kcal/mol
 Equilibrium constant Kx(1,2)                      :         0.60974
 Equilibrium concentration x_k(1,2)                :         0.37878



 Compound: 1 Conformer: 1 (h2o_c0)
 Chemical potential of the molecule in the mixture :         4.23165 kcal/mol
 Log10(partial pressure [mbar])                    :         2.06078
 Free energy of molecule in mix (E_COSMO+dE+Mu)    :    -47989.02162 kcal/mol
 Total mean interaction energy in the mix          :        -5.11549 kcal/mol
 Misfit interaction energy in the mix              :         1.02707 kcal/mol
 H-Bond interaction energy in the mix              :        -4.49732 kcal/mol
 VdW interaction energy in the mix                 :        -4.57729 kcal/mol
 Gas liquid transition energy in the mix (H_glt)   :         2.93205 kcal/mol
 Normalized weight factor of molecule in compound  :         1.00000
 Normalized weight factor of molecule in gas phase :         1.00000

 Compound: 2 Conformer: 1 (2-heptanol_c0)
 Chemical potential of the molecule in the mixture :         1.33217 kcal/mol
 Log10(partial pressure [mbar])                    :         0.63542
 Free energy of molecule in mix (E_COSMO+dE+Mu)    :   -220749.77259 kcal/mol
 Total mean interaction energy in the mix          :        -9.67893 kcal/mol
 Misfit interaction energy in the mix              :         2.39637 kcal/mol
 H-Bond interaction energy in the mix              :        -2.90438 kcal/mol
 VdW interaction energy in the mix                 :       -21.49627 kcal/mol
 Gas liquid transition energy in the mix (H_glt)   :        12.32536 kcal/mol
 Normalized weight factor of molecule in compound  :         0.15623
 Normalized weight factor of molecule in gas phase :         0.25848

 Compound: 2 Conformer: 2 (2-heptanol_c1)
 Chemical potential of the molecule in the mixture :         0.81694 kcal/mol
 Log10(partial pressure [mbar])                    :         0.31577
 Free energy of molecule in mix (E_COSMO+dE+Mu)    :   -220750.05549 kcal/mol
 Total mean interaction energy in the mix          :       -10.05712 kcal/mol
 Misfit interaction energy in the mix              :         2.23326 kcal/mol
 H-Bond interaction energy in the mix              :        -3.03974 kcal/mol
 VdW interaction energy in the mix                 :       -21.57599 kcal/mol
 Gas liquid transition energy in the mix (H_glt)   :        12.32536 kcal/mol
 Normalized weight factor of molecule in compound  :         0.24615
 Normalized weight factor of molecule in gas phase :         0.21915

 Compound: 2 Conformer: 3 (2-heptanol_c2)
 Chemical potential of the molecule in the mixture :         1.14977 kcal/mol
 Log10(partial pressure [mbar])                    :         0.47891
 Free energy of molecule in mix (E_COSMO+dE+Mu)    :   -220749.78963 kcal/mol
 Total mean interaction energy in the mix          :        -9.63121 kcal/mol
 Misfit interaction energy in the mix              :         2.32242 kcal/mol
 H-Bond interaction energy in the mix              :        -2.76185 kcal/mol
 VdW interaction energy in the mix                 :       -21.51714 kcal/mol
 Gas liquid transition energy in the mix (H_glt)   :        12.32536 kcal/mol
 Normalized weight factor of molecule in compound  :         0.16056
 Normalized weight factor of molecule in gas phase :         0.21063

 Compound: 2 Conformer: 4 (2-heptanol_c3)
 Chemical potential of the molecule in the mixture :         1.02254 kcal/mol
 Log10(partial pressure [mbar])                    :         0.20848
 Free energy of molecule in mix (E_COSMO+dE+Mu)    :   -220750.02946 kcal/mol
 Total mean interaction energy in the mix          :       -10.07222 kcal/mol
 Misfit interaction energy in the mix              :         2.34248 kcal/mol
 H-Bond interaction energy in the mix              :        -3.25850 kcal/mol
 VdW interaction energy in the mix                 :       -21.48155 kcal/mol
 Gas liquid transition energy in the mix (H_glt)   :        12.32536 kcal/mol
 Normalized weight factor of molecule in compound  :         0.23606
 Normalized weight factor of molecule in gas phase :         0.16808

 Compound: 2 Conformer: 5 (2-heptanol_c4)
 Chemical potential of the molecule in the mixture :         1.04111 kcal/mol
 Log10(partial pressure [mbar])                    :         0.21182
 Free energy of molecule in mix (E_COSMO+dE+Mu)    :   -220749.92941 kcal/mol
 Total mean interaction energy in the mix          :       -10.06677 kcal/mol
 Misfit interaction energy in the mix              :         2.32945 kcal/mol
 H-Bond interaction energy in the mix              :        -3.26770 kcal/mol
 VdW interaction energy in the mix                 :       -21.45388 kcal/mol
 Gas liquid transition energy in the mix (H_glt)   :        12.32536 kcal/mol
 Normalized weight factor of molecule in compound  :         0.20100
 Normalized weight factor of molecule in gas phase :         0.14367

 Compound: 3 Conformer: 1 (lacticacid_c0)
 Chemical potential of the molecule in the mixture :         5.92667 kcal/mol
 Log10(partial pressure [mbar])                    :        -0.90405
 Free energy of molecule in mix (E_COSMO+dE+Mu)    :   -215742.75347 kcal/mol
 Total mean interaction energy in the mix          :        -5.96250 kcal/mol
 Misfit interaction energy in the mix              :         2.76955 kcal/mol
 H-Bond interaction energy in the mix              :        -3.07565 kcal/mol
 VdW interaction energy in the mix                 :       -13.90824 kcal/mol
 Gas liquid transition energy in the mix (H_glt)   :         8.25184 kcal/mol
 Normalized weight factor of molecule in compound  :         0.05751
 Normalized weight factor of molecule in gas phase :         0.00603

 Compound: 3 Conformer: 2 (lacticacid_c1)
 Chemical potential of the molecule in the mixture :         6.24699 kcal/mol
 Log10(partial pressure [mbar])                    :        -0.29011
 Free energy of molecule in mix (E_COSMO+dE+Mu)    :   -215742.25166 kcal/mol
 Total mean interaction energy in the mix          :        -5.50440 kcal/mol
 Misfit interaction energy in the mix              :         2.82521 kcal/mol
 H-Bond interaction energy in the mix              :        -2.70663 kcal/mol
 VdW interaction energy in the mix                 :       -13.87482 kcal/mol
 Gas liquid transition energy in the mix (H_glt)   :         8.25184 kcal/mol
 Normalized weight factor of molecule in compound  :         0.02567
 Normalized weight factor of molecule in gas phase :         0.01137

 Compound: 3 Conformer: 3 (lacticacid_c2)
 Chemical potential of the molecule in the mixture :         3.51691 kcal/mol
 Log10(partial pressure [mbar])                    :        -0.21954
 Free energy of molecule in mix (E_COSMO+dE+Mu)    :   -215744.08955 kcal/mol
 Total mean interaction energy in the mix          :        -7.09949 kcal/mol
 Misfit interaction energy in the mix              :         2.24196 kcal/mol
 H-Bond interaction energy in the mix              :        -3.64380 kcal/mol
 VdW interaction energy in the mix                 :       -13.94949 kcal/mol
 Gas liquid transition energy in the mix (H_glt)   :         8.25184 kcal/mol
 Normalized weight factor of molecule in compound  :         0.49222
 Normalized weight factor of molecule in gas phase :         0.93300

 Compound: 3 Conformer: 4 (lacticacid_c3)
 Chemical potential of the molecule in the mixture :         2.77870 kcal/mol
 Log10(partial pressure [mbar])                    :        -1.77138
 Free energy of molecule in mix (E_COSMO+dE+Mu)    :   -215743.40673 kcal/mol
 Total mean interaction energy in the mix          :        -8.40389 kcal/mol
 Misfit interaction energy in the mix              :         2.37645 kcal/mol
 H-Bond interaction energy in the mix              :        -5.10554 kcal/mol
 VdW interaction energy in the mix                 :       -13.92664 kcal/mol
 Gas liquid transition energy in the mix (H_glt)   :         8.25184 kcal/mol
 Normalized weight factor of molecule in compound  :         0.16430
 Normalized weight factor of molecule in gas phase :         0.02822

 Compound: 3 Conformer: 5 (lacticacid_c4)
 Chemical potential of the molecule in the mixture :         2.93719 kcal/mol
 Log10(partial pressure [mbar])                    :        -3.22152
 Free energy of molecule in mix (E_COSMO+dE+Mu)    :   -215743.16164 kcal/mol
 Total mean interaction energy in the mix          :        -8.91082 kcal/mol
 Misfit interaction energy in the mix              :         2.65201 kcal/mol
 H-Bond interaction energy in the mix              :        -5.84809 kcal/mol
 VdW interaction energy in the mix                 :       -13.96658 kcal/mol
 Gas liquid transition energy in the mix (H_glt)   :         8.25184 kcal/mol
 Normalized weight factor of molecule in compound  :         0.11081
 Normalized weight factor of molecule in gas phase :         0.00067

 Compound: 3 Conformer: 6 (lacticacid_c5)
 Chemical potential of the molecule in the mixture :         2.68751 kcal/mol
 Log10(partial pressure [mbar])                    :        -1.86467
 Free energy of molecule in mix (E_COSMO+dE+Mu)    :   -215743.34795 kcal/mol
 Total mean interaction energy in the mix          :        -8.56600 kcal/mol
 Misfit interaction energy in the mix              :         2.34531 kcal/mol
 H-Bond interaction energy in the mix              :        -5.20964 kcal/mol
 VdW interaction energy in the mix                 :       -13.95351 kcal/mol
 Gas liquid transition energy in the mix (H_glt)   :         8.25184 kcal/mol
 Normalized weight factor of molecule in compound  :         0.14949
 Normalized weight factor of molecule in gas phase :         0.02069




 Results for mixture 17 - LIQ_EX Phase 1 Iteration    8
 ----------------------
 Temperature          :    313.150 K
 Compound Nr.         :         1         2         3
 Compound             :       h2o 2-heptano lacticaci
 Mole Fraction        :    0.9978    0.0006    0.0016

 Compound: 1  (h2o)
 Chemical potential of the compound in the mixture :         3.46914 kcal/mol
 Log10(partial pressure [mbar])                    :         1.52862
 Free energy of molecule in mix (E_COSMO+dE+Mu)    :    -47989.78414 kcal/mol
 Total mean interaction energy in the mix (H_int)  :        -5.54517 kcal/mol
 Misfit interaction energy in the mix (H_MF)       :         0.59138 kcal/mol
 H-Bond interaction energy in the mix (H_HB)       :        -4.72879 kcal/mol
 VdW interaction energy in the mix (H_vdW)         :        -4.33982 kcal/mol
 Gas liquid transition energy in the mix (H_glt)   :         2.93205 kcal/mol

 Compound: 2  (2-heptanol)
 Chemical potential of the compound in the mixture :         4.58051 kcal/mol
 Log10(partial pressure [mbar])                    :         3.42837
 Free energy of molecule in mix (E_COSMO+dE+Mu)    :   -220746.52425 kcal/mol
 Total mean interaction energy in the mix (H_int)  :        -9.66626 kcal/mol
 Misfit interaction energy in the mix (H_MF)       :         2.91168 kcal/mol
 H-Bond interaction energy in the mix (H_HB)       :        -4.19332 kcal/mol
 VdW interaction energy in the mix (H_vdW)         :       -20.81049 kcal/mol
 Gas liquid transition energy in the mix (H_glt)   :        12.32536 kcal/mol

 Compound: 3  (lacticacid)
 Chemical potential of the compound in the mixture :         4.45745 kcal/mol
 Log10(partial pressure [mbar])                    :        -0.79142
 Free energy of molecule in mix (E_COSMO+dE+Mu)    :   -215744.22269 kcal/mol
 Total mean interaction energy in the mix (H_int)  :        -7.86693 kcal/mol
 Misfit interaction energy in the mix (H_MF)       :         1.98804 kcal/mol
 H-Bond interaction energy in the mix (H_HB)       :        -7.03381 kcal/mol
 VdW interaction energy in the mix (H_vdW)         :       -13.28446 kcal/mol
 Gas liquid transition energy in the mix (H_glt)   :         8.25184 kcal/mol



 Compound: 1 Conformer: 1 (h2o_c0)
 Chemical potential of the molecule in the mixture :         3.46914 kcal/mol
 Log10(partial pressure [mbar])                    :         1.52862
 Free energy of molecule in mix (E_COSMO+dE+Mu)    :    -47989.78414 kcal/mol
 Total mean interaction energy in the mix          :        -5.54517 kcal/mol
 Misfit interaction energy in the mix              :         0.59138 kcal/mol
 H-Bond interaction energy in the mix              :        -4.72879 kcal/mol
 VdW interaction energy in the mix                 :        -4.33982 kcal/mol
 Gas liquid transition energy in the mix (H_glt)   :         2.93205 kcal/mol
 Normalized weight factor of molecule in compound  :         1.00000
 Normalized weight factor of molecule in gas phase :         1.00000

 Compound: 2 Conformer: 1 (2-heptanol_c0)
 Chemical potential of the molecule in the mixture :         5.47531 kcal/mol
 Log10(partial pressure [mbar])                    :         3.52689
 Free energy of molecule in mix (E_COSMO+dE+Mu)    :   -220745.62945 kcal/mol
 Total mean interaction energy in the mix          :        -9.77193 kcal/mol
 Misfit interaction energy in the mix              :         2.92781 kcal/mol
 H-Bond interaction energy in the mix              :        -4.21797 kcal/mol
 VdW interaction energy in the mix                 :       -20.80713 kcal/mol
 Gas liquid transition energy in the mix (H_glt)   :        12.32536 kcal/mol
 Normalized weight factor of molecule in compound  :         0.23742
 Normalized weight factor of molecule in gas phase :         0.25848

 Compound: 2 Conformer: 2 (2-heptanol_c1)
 Chemical potential of the molecule in the mixture :         5.50631 kcal/mol
 Log10(partial pressure [mbar])                    :         3.58845
 Free energy of molecule in mix (E_COSMO+dE+Mu)    :   -220745.36613 kcal/mol
 Total mean interaction energy in the mix          :        -9.76922 kcal/mol
 Misfit interaction energy in the mix              :         2.89247 kcal/mol
 H-Bond interaction energy in the mix              :        -4.09458 kcal/mol
 VdW interaction energy in the mix                 :       -20.89248 kcal/mol
 Gas liquid transition energy in the mix (H_glt)   :        12.32536 kcal/mol
 Normalized weight factor of molecule in compound  :         0.15551
 Normalized weight factor of molecule in gas phase :         0.21915

 Compound: 2 Conformer: 3 (2-heptanol_c2)
 Chemical potential of the molecule in the mixture :         5.70147 kcal/mol
 Log10(partial pressure [mbar])                    :         3.65552
 Free energy of molecule in mix (E_COSMO+dE+Mu)    :   -220745.23793 kcal/mol
 Total mean interaction energy in the mix          :        -9.58680 kcal/mol
 Misfit interaction energy in the mix              :         2.89889 kcal/mol
 H-Bond interaction energy in the mix              :        -3.97692 kcal/mol
 VdW interaction energy in the mix                 :       -20.83412 kcal/mol
 Gas liquid transition energy in the mix (H_glt)   :        12.32536 kcal/mol
 Normalized weight factor of molecule in compound  :         0.12656
 Normalized weight factor of molecule in gas phase :         0.21063

 Compound: 2 Conformer: 4 (2-heptanol_c3)
 Chemical potential of the molecule in the mixture :         5.36995 kcal/mol
 Log10(partial pressure [mbar])                    :         3.24252
 Free energy of molecule in mix (E_COSMO+dE+Mu)    :   -220745.68204 kcal/mol
 Total mean interaction energy in the mix          :        -9.79641 kcal/mol
 Misfit interaction energy in the mix              :         2.92321 kcal/mol
 H-Bond interaction energy in the mix              :        -4.25378 kcal/mol
 VdW interaction energy in the mix                 :       -20.79120 kcal/mol
 Gas liquid transition energy in the mix (H_glt)   :        12.32536 kcal/mol
 Normalized weight factor of molecule in compound  :         0.25836
 Normalized weight factor of molecule in gas phase :         0.16808

 Compound: 2 Conformer: 5 (2-heptanol_c4)
 Chemical potential of the molecule in the mixture :         5.38244 kcal/mol
 Log10(partial pressure [mbar])                    :         3.24161
 Free energy of molecule in mix (E_COSMO+dE+Mu)    :   -220745.58807 kcal/mol
 Total mean interaction energy in the mix          :        -9.82760 kcal/mol
 Misfit interaction energy in the mix              :         2.90176 kcal/mol
 H-Bond interaction energy in the mix              :        -4.28905 kcal/mol
 VdW interaction energy in the mix                 :       -20.76567 kcal/mol
 Gas liquid transition energy in the mix (H_glt)   :        12.32536 kcal/mol
 Normalized weight factor of molecule in compound  :         0.22215
 Normalized weight factor of molecule in gas phase :         0.14367

 Compound: 3 Conformer: 1 (lacticacid_c0)
 Chemical potential of the molecule in the mixture :         6.40764 kcal/mol
 Log10(partial pressure [mbar])                    :        -0.56838
 Free energy of molecule in mix (E_COSMO+dE+Mu)    :   -215742.27251 kcal/mol
 Total mean interaction energy in the mix          :        -7.35511 kcal/mol
 Misfit interaction energy in the mix              :         2.02318 kcal/mol
 H-Bond interaction energy in the mix              :        -4.39672 kcal/mol
 VdW interaction energy in the mix                 :       -13.23342 kcal/mol
 Gas liquid transition energy in the mix (H_glt)   :         8.25184 kcal/mol
 Normalized weight factor of molecule in compound  :         0.04355
 Normalized weight factor of molecule in gas phase :         0.00603

 Compound: 3 Conformer: 2 (lacticacid_c1)
 Chemical potential of the molecule in the mixture :         6.52917 kcal/mol
 Log10(partial pressure [mbar])                    :        -0.09318
 Free energy of molecule in mix (E_COSMO+dE+Mu)    :   -215741.96948 kcal/mol
 Total mean interaction energy in the mix          :        -6.91881 kcal/mol
 Misfit interaction energy in the mix              :         2.13227 kcal/mol
 H-Bond interaction energy in the mix              :        -4.09247 kcal/mol
 VdW interaction energy in the mix                 :       -13.21045 kcal/mol
 Gas liquid transition energy in the mix (H_glt)   :         8.25184 kcal/mol
 Normalized weight factor of molecule in compound  :         0.02676
 Normalized weight factor of molecule in gas phase :         0.01137

 Compound: 3 Conformer: 3 (lacticacid_c2)
 Chemical potential of the molecule in the mixture :         4.68578 kcal/mol
 Log10(partial pressure [mbar])                    :         0.59621
 Free energy of molecule in mix (E_COSMO+dE+Mu)    :   -215742.92068 kcal/mol
 Total mean interaction energy in the mix          :        -8.02162 kcal/mol
 Misfit interaction energy in the mix              :         2.06508 kcal/mol
 H-Bond interaction energy in the mix              :        -5.04295 kcal/mol
 VdW interaction energy in the mix                 :       -13.29559 kcal/mol
 Gas liquid transition energy in the mix (H_glt)   :         8.25184 kcal/mol
 Normalized weight factor of molecule in compound  :         0.12341
 Normalized weight factor of molecule in gas phase :         0.93300

 Compound: 3 Conformer: 4 (lacticacid_c3)
 Chemical potential of the molecule in the mixture :         2.92997 kcal/mol
 Log10(partial pressure [mbar])                    :        -1.66581
 Free energy of molecule in mix (E_COSMO+dE+Mu)    :   -215743.25546 kcal/mol
 Total mean interaction energy in the mix          :       -10.13578 kcal/mol
 Misfit interaction energy in the mix              :         1.98577 kcal/mol
 H-Bond interaction energy in the mix              :        -7.10118 kcal/mol
 VdW interaction energy in the mix                 :       -13.27221 kcal/mol
 Gas liquid transition energy in the mix (H_glt)   :         8.25184 kcal/mol
 Normalized weight factor of molecule in compound  :         0.21134
 Normalized weight factor of molecule in gas phase :         0.02822

 Compound: 3 Conformer: 5 (lacticacid_c4)
 Chemical potential of the molecule in the mixture :         2.41708 kcal/mol
 Log10(partial pressure [mbar])                    :        -3.58450
 Free energy of molecule in mix (E_COSMO+dE+Mu)    :   -215743.68175 kcal/mol
 Total mean interaction energy in the mix          :       -11.08385 kcal/mol
 Misfit interaction energy in the mix              :         1.96476 kcal/mol
 H-Bond interaction energy in the mix              :        -8.00697 kcal/mol
 VdW interaction energy in the mix                 :       -13.29348 kcal/mol
 Gas liquid transition energy in the mix (H_glt)   :         8.25184 kcal/mol
 Normalized weight factor of molecule in compound  :         0.41926
 Normalized weight factor of molecule in gas phase :         0.00067

 Compound: 3 Conformer: 6 (lacticacid_c5)
 Chemical potential of the molecule in the mixture :         2.89498 kcal/mol
 Log10(partial pressure [mbar])                    :        -1.71988
 Free energy of molecule in mix (E_COSMO+dE+Mu)    :   -215743.14048 kcal/mol
 Total mean interaction energy in the mix          :       -10.21095 kcal/mol
 Misfit interaction energy in the mix              :         1.96155 kcal/mol
 H-Bond interaction energy in the mix              :        -7.13054 kcal/mol
 VdW interaction energy in the mix                 :       -13.29379 kcal/mol
 Gas liquid transition energy in the mix (H_glt)   :         8.25184 kcal/mol
 Normalized weight factor of molecule in compound  :         0.17568
 Normalized weight factor of molecule in gas phase :         0.02069




 Results for mixture 18 - LIQ_EX Phase 2 Iteration    8
 ----------------------
 Temperature          :    313.150 K
 Compound Nr.         :         1         2         3
 Compound             :       h2o 2-heptano lacticaci
 Mole Fraction        :    0.2911    0.7064    0.0025

 Compound: 1  (h2o)
 Chemical potential of the compound in the mixture :         4.23030 kcal/mol
 Log10(partial pressure [mbar])                    :         2.05983
 Free energy of molecule in mix (E_COSMO+dE+Mu)    :    -47989.02298 kcal/mol
 Total mean interaction energy in the mix (H_int)  :        -5.11865 kcal/mol
 Misfit interaction energy in the mix (H_MF)       :         1.02419 kcal/mol
 H-Bond interaction energy in the mix (H_HB)       :        -4.49805 kcal/mol
 VdW interaction energy in the mix (H_vdW)         :        -4.57684 kcal/mol
 Gas liquid transition energy in the mix (H_glt)   :         2.93205 kcal/mol
 Equilibrium constant Kx(1,2)                      :         3.39789
 Equilibrium concentration x_k(1,2)                :         0.77262

 Compound: 2  (2-heptanol)
 Chemical potential of the compound in the mixture :         0.17752 kcal/mol
 Log10(partial pressure [mbar])                    :         0.35555
 Free energy of molecule in mix (E_COSMO+dE+Mu)    :   -220750.92724 kcal/mol
 Total mean interaction energy in the mix (H_int)  :        -9.81355 kcal/mol
 Misfit interaction energy in the mix (H_MF)       :         2.31997 kcal/mol
 H-Bond interaction energy in the mix (H_HB)       :        -3.07564 kcal/mol
 VdW interaction energy in the mix (H_vdW)         :       -21.50635 kcal/mol
 Gas liquid transition energy in the mix (H_glt)   :        12.32536 kcal/mol
 Equilibrium constant Kx(1,2)                      :  8.45622517E-04
 Equilibrium concentration x_k(1,2)                :         0.00084

 Compound: 3  (lacticacid)
 Chemical potential of the compound in the mixture :         4.14713 kcal/mol
 Log10(partial pressure [mbar])                    :        -1.00799
 Free energy of molecule in mix (E_COSMO+dE+Mu)    :   -215744.53301 kcal/mol
 Total mean interaction energy in the mix (H_int)  :        -6.00875 kcal/mol
 Misfit interaction energy in the mix (H_MF)       :         2.36772 kcal/mol
 H-Bond interaction energy in the mix (H_HB)       :        -4.31089 kcal/mol
 VdW interaction energy in the mix (H_vdW)         :       -13.94303 kcal/mol
 Gas liquid transition energy in the mix (H_glt)   :         8.25184 kcal/mol
 Equilibrium constant Kx(1,2)                      :         0.60734
 Equilibrium concentration x_k(1,2)                :         0.37785



 Compound: 1 Conformer: 1 (h2o_c0)
 Chemical potential of the molecule in the mixture :         4.23030 kcal/mol
 Log10(partial pressure [mbar])                    :         2.05983
 Free energy of molecule in mix (E_COSMO+dE+Mu)    :    -47989.02298 kcal/mol
 Total mean interaction energy in the mix          :        -5.11865 kcal/mol
 Misfit interaction energy in the mix              :         1.02419 kcal/mol
 H-Bond interaction energy in the mix              :        -4.49805 kcal/mol
 VdW interaction energy in the mix                 :        -4.57684 kcal/mol
 Gas liquid transition energy in the mix (H_glt)   :         2.93205 kcal/mol
 Normalized weight factor of molecule in compound  :         1.00000
 Normalized weight factor of molecule in gas phase :         1.00000

 Compound: 2 Conformer: 1 (2-heptanol_c0)
 Chemical potential of the molecule in the mixture :         1.33170 kcal/mol
 Log10(partial pressure [mbar])                    :         0.63509
 Free energy of molecule in mix (E_COSMO+dE+Mu)    :   -220749.77306 kcal/mol
 Total mean interaction energy in the mix          :        -9.68165 kcal/mol
 Misfit interaction energy in the mix              :         2.39824 kcal/mol
 H-Bond interaction energy in the mix              :        -2.90988 kcal/mol
 VdW interaction energy in the mix                 :       -21.49536 kcal/mol
 Gas liquid transition energy in the mix (H_glt)   :        12.32536 kcal/mol
 Normalized weight factor of molecule in compound  :         0.15649
 Normalized weight factor of molecule in gas phase :         0.25848

 Compound: 2 Conformer: 2 (2-heptanol_c1)
 Chemical potential of the molecule in the mixture :         0.81812 kcal/mol
 Log10(partial pressure [mbar])                    :         0.31659
 Free energy of molecule in mix (E_COSMO+dE+Mu)    :   -220750.05431 kcal/mol
 Total mean interaction energy in the mix          :       -10.05813 kcal/mol
 Misfit interaction energy in the mix              :         2.23497 kcal/mol
 H-Bond interaction energy in the mix              :        -3.04332 kcal/mol
 VdW interaction energy in the mix                 :       -21.57514 kcal/mol
 Gas liquid transition energy in the mix (H_glt)   :        12.32536 kcal/mol
 Normalized weight factor of molecule in compound  :         0.24592
 Normalized weight factor of molecule in gas phase :         0.21915

 Compound: 2 Conformer: 3 (2-heptanol_c2)
 Chemical potential of the molecule in the mixture :         1.15066 kcal/mol
 Log10(partial pressure [mbar])                    :         0.47954
 Free energy of molecule in mix (E_COSMO+dE+Mu)    :   -220749.78874 kcal/mol
 Total mean interaction energy in the mix          :        -9.63301 kcal/mol
 Misfit interaction energy in the mix              :         2.32405 kcal/mol
 H-Bond interaction energy in the mix              :        -2.76613 kcal/mol
 VdW interaction energy in the mix                 :       -21.51629 kcal/mol
 Gas liquid transition energy in the mix (H_glt)   :        12.32536 kcal/mol
 Normalized weight factor of molecule in compound  :         0.16049
 Normalized weight factor of molecule in gas phase :         0.21063

 Compound: 2 Conformer: 4 (2-heptanol_c3)
 Chemical potential of the molecule in the mixture :         1.02310 kcal/mol
 Log10(partial pressure [mbar])                    :         0.20887
 Free energy of molecule in mix (E_COSMO+dE+Mu)    :   -220750.02889 kcal/mol
 Total mean interaction energy in the mix          :       -10.07361 kcal/mol
 Misfit interaction energy in the mix              :         2.34427 kcal/mol
 H-Bond interaction energy in the mix              :        -3.26257 kcal/mol
 VdW interaction energy in the mix                 :       -21.48067 kcal/mol
 Gas liquid transition energy in the mix (H_glt)   :        12.32536 kcal/mol
 Normalized weight factor of molecule in compound  :         0.23607
 Normalized weight factor of molecule in gas phase :         0.16808

 Compound: 2 Conformer: 5 (2-heptanol_c4)
 Chemical potential of the molecule in the mixture :         1.04162 kcal/mol
 Log10(partial pressure [mbar])                    :         0.21218
 Free energy of molecule in mix (E_COSMO+dE+Mu)    :   -220749.92889 kcal/mol
 Total mean interaction energy in the mix          :       -10.06821 kcal/mol
 Misfit interaction energy in the mix              :         2.33122 kcal/mol
 H-Bond interaction energy in the mix              :        -3.27180 kcal/mol
 VdW interaction energy in the mix                 :       -21.45300 kcal/mol
 Gas liquid transition energy in the mix (H_glt)   :        12.32536 kcal/mol
 Normalized weight factor of molecule in compound  :         0.20103
 Normalized weight factor of molecule in gas phase :         0.14367

 Compound: 3 Conformer: 1 (lacticacid_c0)
 Chemical potential of the molecule in the mixture :         5.92398 kcal/mol
 Log10(partial pressure [mbar])                    :        -0.90593
 Free energy of molecule in mix (E_COSMO+dE+Mu)    :   -215742.75616 kcal/mol
 Total mean interaction energy in the mix          :        -5.96845 kcal/mol
 Misfit interaction energy in the mix              :         2.76541 kcal/mol
 H-Bond interaction energy in the mix              :        -3.07833 kcal/mol
 VdW interaction energy in the mix                 :       -13.90737 kcal/mol
 Gas liquid transition energy in the mix (H_glt)   :         8.25184 kcal/mol
 Normalized weight factor of molecule in compound  :         0.05754
 Normalized weight factor of molecule in gas phase :         0.00603

 Compound: 3 Conformer: 2 (lacticacid_c1)
 Chemical potential of the molecule in the mixture :         6.24365 kcal/mol
 Log10(partial pressure [mbar])                    :        -0.29244
 Free energy of molecule in mix (E_COSMO+dE+Mu)    :   -215742.25500 kcal/mol
 Total mean interaction energy in the mix          :        -5.50972 kcal/mol
 Misfit interaction energy in the mix              :         2.82177 kcal/mol
 H-Bond interaction energy in the mix              :        -2.70940 kcal/mol
 VdW interaction energy in the mix                 :       -13.87393 kcal/mol
 Gas liquid transition energy in the mix (H_glt)   :         8.25184 kcal/mol
 Normalized weight factor of molecule in compound  :         0.02572
 Normalized weight factor of molecule in gas phase :         0.01137

 Compound: 3 Conformer: 3 (lacticacid_c2)
 Chemical potential of the molecule in the mixture :         3.51572 kcal/mol
 Log10(partial pressure [mbar])                    :        -0.22038
 Free energy of molecule in mix (E_COSMO+dE+Mu)    :   -215744.09074 kcal/mol
 Total mean interaction energy in the mix          :        -7.10383 kcal/mol
 Misfit interaction energy in the mix              :         2.23997 kcal/mol
 H-Bond interaction energy in the mix              :        -3.64699 kcal/mol
 VdW interaction energy in the mix                 :       -13.94865 kcal/mol
 Gas liquid transition energy in the mix (H_glt)   :         8.25184 kcal/mol
 Normalized weight factor of molecule in compound  :         0.49130
 Normalized weight factor of molecule in gas phase :         0.93300

 Compound: 3 Conformer: 4 (lacticacid_c3)
 Chemical potential of the molecule in the mixture :         2.77531 kcal/mol
 Log10(partial pressure [mbar])                    :        -1.77375
 Free energy of molecule in mix (E_COSMO+dE+Mu)    :   -215743.41012 kcal/mol
 Total mean interaction energy in the mix          :        -8.41063 kcal/mol
 Misfit interaction energy in the mix              :         2.37316 kcal/mol
 H-Bond interaction energy in the mix              :        -5.10995 kcal/mol
 VdW interaction energy in the mix                 :       -13.92567 kcal/mol
 Gas liquid transition energy in the mix (H_glt)   :         8.25184 kcal/mol
 Normalized weight factor of molecule in compound  :         0.16457
 Normalized weight factor of molecule in gas phase :         0.02822

 Compound: 3 Conformer: 5 (lacticacid_c4)
 Chemical potential of the molecule in the mixture :         2.93263 kcal/mol
 Log10(partial pressure [mbar])                    :        -3.22470
 Free energy of molecule in mix (E_COSMO+dE+Mu)    :   -215743.16620 kcal/mol
 Total mean interaction energy in the mix          :        -8.91992 kcal/mol
 Misfit interaction energy in the mix              :         2.64813 kcal/mol
 H-Bond interaction energy in the mix              :        -5.85436 kcal/mol
 VdW interaction energy in the mix                 :       -13.96553 kcal/mol
 Gas liquid transition energy in the mix (H_glt)   :         8.25184 kcal/mol
 Normalized weight factor of molecule in compound  :         0.11120
 Normalized weight factor of molecule in gas phase :         0.00067

 Compound: 3 Conformer: 6 (lacticacid_c5)
 Chemical potential of the molecule in the mixture :         2.68436 kcal/mol
 Log10(partial pressure [mbar])                    :        -1.86687
 Free energy of molecule in mix (E_COSMO+dE+Mu)    :   -215743.35111 kcal/mol
 Total mean interaction energy in the mix          :        -8.57260 kcal/mol
 Misfit interaction energy in the mix              :         2.34188 kcal/mol
 H-Bond interaction energy in the mix              :        -5.21380 kcal/mol
 VdW interaction energy in the mix                 :       -13.95253 kcal/mol
 Gas liquid transition energy in the mix (H_glt)   :         8.25184 kcal/mol
 Normalized weight factor of molecule in compound  :         0.14968
 Normalized weight factor of molecule in gas phase :         0.02069




 Results for mixture 19 - LIQ_EX Phase 1 Iteration    9
 ----------------------
 Temperature          :    313.150 K
 Compound Nr.         :         1         2         3
 Compound             :       h2o 2-heptano lacticaci
 Mole Fraction        :    0.9978    0.0006    0.0016

 Compound: 1  (h2o)
 Chemical potential of the compound in the mixture :         3.46913 kcal/mol
 Log10(partial pressure [mbar])                    :         1.52862
 Free energy of molecule in mix (E_COSMO+dE+Mu)    :    -47989.78414 kcal/mol
 Total mean interaction energy in the mix (H_int)  :        -5.54517 kcal/mol
 Misfit interaction energy in the mix (H_MF)       :         0.59138 kcal/mol
 H-Bond interaction energy in the mix (H_HB)       :        -4.72879 kcal/mol
 VdW interaction energy in the mix (H_vdW)         :        -4.33981 kcal/mol
 Gas liquid transition energy in the mix (H_glt)   :         2.93205 kcal/mol

 Compound: 2  (2-heptanol)
 Chemical potential of the compound in the mixture :         4.58073 kcal/mol
 Log10(partial pressure [mbar])                    :         3.42853
 Free energy of molecule in mix (E_COSMO+dE+Mu)    :   -220746.52403 kcal/mol
 Total mean interaction energy in the mix (H_int)  :        -9.66627 kcal/mol
 Misfit interaction energy in the mix (H_MF)       :         2.91163 kcal/mol
 H-Bond interaction energy in the mix (H_HB)       :        -4.19333 kcal/mol
 VdW interaction energy in the mix (H_vdW)         :       -20.81045 kcal/mol
 Gas liquid transition energy in the mix (H_glt)   :        12.32536 kcal/mol

 Compound: 3  (lacticacid)
 Chemical potential of the compound in the mixture :         4.45751 kcal/mol
 Log10(partial pressure [mbar])                    :        -0.79138
 Free energy of molecule in mix (E_COSMO+dE+Mu)    :   -215744.22263 kcal/mol
 Total mean interaction energy in the mix (H_int)  :        -7.86698 kcal/mol
 Misfit interaction energy in the mix (H_MF)       :         1.98801 kcal/mol
 H-Bond interaction energy in the mix (H_HB)       :        -7.03387 kcal/mol
 VdW interaction energy in the mix (H_vdW)         :       -13.28443 kcal/mol
 Gas liquid transition energy in the mix (H_glt)   :         8.25184 kcal/mol



 Compound: 1 Conformer: 1 (h2o_c0)
 Chemical potential of the molecule in the mixture :         3.46913 kcal/mol
 Log10(partial pressure [mbar])                    :         1.52862
 Free energy of molecule in mix (E_COSMO+dE+Mu)    :    -47989.78414 kcal/mol
 Total mean interaction energy in the mix          :        -5.54517 kcal/mol
 Misfit interaction energy in the mix              :         0.59138 kcal/mol
 H-Bond interaction energy in the mix              :        -4.72879 kcal/mol
 VdW interaction energy in the mix                 :        -4.33981 kcal/mol
 Gas liquid transition energy in the mix (H_glt)   :         2.93205 kcal/mol
 Normalized weight factor of molecule in compound  :         1.00000
 Normalized weight factor of molecule in gas phase :         1.00000

 Compound: 2 Conformer: 1 (2-heptanol_c0)
 Chemical potential of the molecule in the mixture :         5.47554 kcal/mol
 Log10(partial pressure [mbar])                    :         3.52705
 Free energy of molecule in mix (E_COSMO+dE+Mu)    :   -220745.62923 kcal/mol
 Total mean interaction energy in the mix          :        -9.77194 kcal/mol
 Misfit interaction energy in the mix              :         2.92777 kcal/mol
 H-Bond interaction energy in the mix              :        -4.21798 kcal/mol
 VdW interaction energy in the mix                 :       -20.80708 kcal/mol
 Gas liquid transition energy in the mix (H_glt)   :        12.32536 kcal/mol
 Normalized weight factor of molecule in compound  :         0.23742
 Normalized weight factor of molecule in gas phase :         0.25848

 Compound: 2 Conformer: 2 (2-heptanol_c1)
 Chemical potential of the molecule in the mixture :         5.50654 kcal/mol
 Log10(partial pressure [mbar])                    :         3.58861
 Free energy of molecule in mix (E_COSMO+dE+Mu)    :   -220745.36590 kcal/mol
 Total mean interaction energy in the mix          :        -9.76924 kcal/mol
 Misfit interaction energy in the mix              :         2.89243 kcal/mol
 H-Bond interaction energy in the mix              :        -4.09459 kcal/mol
 VdW interaction energy in the mix                 :       -20.89243 kcal/mol
 Gas liquid transition energy in the mix (H_glt)   :        12.32536 kcal/mol
 Normalized weight factor of molecule in compound  :         0.15551
 Normalized weight factor of molecule in gas phase :         0.21915

 Compound: 2 Conformer: 3 (2-heptanol_c2)
 Chemical potential of the molecule in the mixture :         5.70170 kcal/mol
 Log10(partial pressure [mbar])                    :         3.65567
 Free energy of molecule in mix (E_COSMO+dE+Mu)    :   -220745.23771 kcal/mol
 Total mean interaction energy in the mix          :        -9.58681 kcal/mol
 Misfit interaction energy in the mix              :         2.89884 kcal/mol
 H-Bond interaction energy in the mix              :        -3.97694 kcal/mol
 VdW interaction energy in the mix                 :       -20.83407 kcal/mol
 Gas liquid transition energy in the mix (H_glt)   :        12.32536 kcal/mol
 Normalized weight factor of molecule in compound  :         0.12656
 Normalized weight factor of molecule in gas phase :         0.21063

 Compound: 2 Conformer: 4 (2-heptanol_c3)
 Chemical potential of the molecule in the mixture :         5.37017 kcal/mol
 Log10(partial pressure [mbar])                    :         3.24267
 Free energy of molecule in mix (E_COSMO+dE+Mu)    :   -220745.68182 kcal/mol
 Total mean interaction energy in the mix          :        -9.79642 kcal/mol
 Misfit interaction energy in the mix              :         2.92317 kcal/mol
 H-Bond interaction energy in the mix              :        -4.25378 kcal/mol
 VdW interaction energy in the mix                 :       -20.79116 kcal/mol
 Gas liquid transition energy in the mix (H_glt)   :        12.32536 kcal/mol
 Normalized weight factor of molecule in compound  :         0.25836
 Normalized weight factor of molecule in gas phase :         0.16808

 Compound: 2 Conformer: 5 (2-heptanol_c4)
 Chemical potential of the molecule in the mixture :         5.38266 kcal/mol
 Log10(partial pressure [mbar])                    :         3.24177
 Free energy of molecule in mix (E_COSMO+dE+Mu)    :   -220745.58785 kcal/mol
 Total mean interaction energy in the mix          :        -9.82761 kcal/mol
 Misfit interaction energy in the mix              :         2.90171 kcal/mol
 H-Bond interaction energy in the mix              :        -4.28906 kcal/mol
 VdW interaction energy in the mix                 :       -20.76563 kcal/mol
 Gas liquid transition energy in the mix (H_glt)   :        12.32536 kcal/mol
 Normalized weight factor of molecule in compound  :         0.22215
 Normalized weight factor of molecule in gas phase :         0.14367

 Compound: 3 Conformer: 1 (lacticacid_c0)
 Chemical potential of the molecule in the mixture :         6.40770 kcal/mol
 Log10(partial pressure [mbar])                    :        -0.56834
 Free energy of molecule in mix (E_COSMO+dE+Mu)    :   -215742.27244 kcal/mol
 Total mean interaction energy in the mix          :        -7.35514 kcal/mol
 Misfit interaction energy in the mix              :         2.02315 kcal/mol
 H-Bond interaction energy in the mix              :        -4.39674 kcal/mol
 VdW interaction energy in the mix                 :       -13.23338 kcal/mol
 Gas liquid transition energy in the mix (H_glt)   :         8.25184 kcal/mol
 Normalized weight factor of molecule in compound  :         0.04355
 Normalized weight factor of molecule in gas phase :         0.00603

 Compound: 3 Conformer: 2 (lacticacid_c1)
 Chemical potential of the molecule in the mixture :         6.52923 kcal/mol
 Log10(partial pressure [mbar])                    :        -0.09314
 Free energy of molecule in mix (E_COSMO+dE+Mu)    :   -215741.96942 kcal/mol
 Total mean interaction energy in the mix          :        -6.91883 kcal/mol
 Misfit interaction energy in the mix              :         2.13224 kcal/mol
 H-Bond interaction energy in the mix              :        -4.09249 kcal/mol
 VdW interaction energy in the mix                 :       -13.21042 kcal/mol
 Gas liquid transition energy in the mix (H_glt)   :         8.25184 kcal/mol
 Normalized weight factor of molecule in compound  :         0.02676
 Normalized weight factor of molecule in gas phase :         0.01137

 Compound: 3 Conformer: 3 (lacticacid_c2)
 Chemical potential of the molecule in the mixture :         4.68587 kcal/mol
 Log10(partial pressure [mbar])                    :         0.59627
 Free energy of molecule in mix (E_COSMO+dE+Mu)    :   -215742.92059 kcal/mol
 Total mean interaction energy in the mix          :        -8.02164 kcal/mol
 Misfit interaction energy in the mix              :         2.06505 kcal/mol
 H-Bond interaction energy in the mix              :        -5.04298 kcal/mol
 VdW interaction energy in the mix                 :       -13.29556 kcal/mol
 Gas liquid transition energy in the mix (H_glt)   :         8.25184 kcal/mol
 Normalized weight factor of molecule in compound  :         0.12340
 Normalized weight factor of molecule in gas phase :         0.93300

 Compound: 3 Conformer: 4 (lacticacid_c3)
 Chemical potential of the molecule in the mixture :         2.93002 kcal/mol
 Log10(partial pressure [mbar])                    :        -1.66577
 Free energy of molecule in mix (E_COSMO+dE+Mu)    :   -215743.25541 kcal/mol
 Total mean interaction energy in the mix          :       -10.13581 kcal/mol
 Misfit interaction energy in the mix              :         1.98574 kcal/mol
 H-Bond interaction energy in the mix              :        -7.10121 kcal/mol
 VdW interaction energy in the mix                 :       -13.27218 kcal/mol
 Gas liquid transition energy in the mix (H_glt)   :         8.25184 kcal/mol
 Normalized weight factor of molecule in compound  :         0.21134
 Normalized weight factor of molecule in gas phase :         0.02822

 Compound: 3 Conformer: 5 (lacticacid_c4)
 Chemical potential of the molecule in the mixture :         2.41712 kcal/mol
 Log10(partial pressure [mbar])                    :        -3.58447
 Free energy of molecule in mix (E_COSMO+dE+Mu)    :   -215743.68171 kcal/mol
 Total mean interaction energy in the mix          :       -11.08388 kcal/mol
 Misfit interaction energy in the mix              :         1.96473 kcal/mol
 H-Bond interaction energy in the mix              :        -8.00700 kcal/mol
 VdW interaction energy in the mix                 :       -13.29345 kcal/mol
 Gas liquid transition energy in the mix (H_glt)   :         8.25184 kcal/mol
 Normalized weight factor of molecule in compound  :         0.41927
 Normalized weight factor of molecule in gas phase :         0.00067

 Compound: 3 Conformer: 6 (lacticacid_c5)
 Chemical potential of the molecule in the mixture :         2.89504 kcal/mol
 Log10(partial pressure [mbar])                    :        -1.71984
 Free energy of molecule in mix (E_COSMO+dE+Mu)    :   -215743.14042 kcal/mol
 Total mean interaction energy in the mix          :       -10.21098 kcal/mol
 Misfit interaction energy in the mix              :         1.96152 kcal/mol
 H-Bond interaction energy in the mix              :        -7.13058 kcal/mol
 VdW interaction energy in the mix                 :       -13.29376 kcal/mol
 Gas liquid transition energy in the mix (H_glt)   :         8.25184 kcal/mol
 Normalized weight factor of molecule in compound  :         0.17568
 Normalized weight factor of molecule in gas phase :         0.02069




 Results for mixture 20 - LIQ_EX Phase 2 Iteration    9
 ----------------------
 Temperature          :    313.150 K
 Compound Nr.         :         1         2         3
 Compound             :       h2o 2-heptano lacticaci
 Mole Fraction        :    0.2925    0.7050    0.0025

 Compound: 1  (h2o)
 Chemical potential of the compound in the mixture :         4.22948 kcal/mol
 Log10(partial pressure [mbar])                    :         2.05926
 Free energy of molecule in mix (E_COSMO+dE+Mu)    :    -47989.02379 kcal/mol
 Total mean interaction energy in the mix (H_int)  :        -5.12055 kcal/mol
 Misfit interaction energy in the mix (H_MF)       :         1.02246 kcal/mol
 H-Bond interaction energy in the mix (H_HB)       :        -4.49849 kcal/mol
 VdW interaction energy in the mix (H_vdW)         :        -4.57657 kcal/mol
 Gas liquid transition energy in the mix (H_glt)   :         2.93205 kcal/mol
 Equilibrium constant Kx(1,2)                      :         3.39344
 Equilibrium concentration x_k(1,2)                :         0.77239

 Compound: 2  (2-heptanol)
 Chemical potential of the compound in the mixture :         0.17788 kcal/mol
 Log10(partial pressure [mbar])                    :         0.35580
 Free energy of molecule in mix (E_COSMO+dE+Mu)    :   -220750.92688 kcal/mol
 Total mean interaction energy in the mix (H_int)  :        -9.81449 kcal/mol
 Misfit interaction energy in the mix (H_MF)       :         2.32106 kcal/mol
 H-Bond interaction energy in the mix (H_HB)       :        -3.07817 kcal/mol
 VdW interaction energy in the mix (H_vdW)         :       -21.50581 kcal/mol
 Gas liquid transition energy in the mix (H_glt)   :        12.32536 kcal/mol
 Equilibrium constant Kx(1,2)                      :  8.45808949E-04
 Equilibrium concentration x_k(1,2)                :         0.00085

 Compound: 3  (lacticacid)
 Chemical potential of the compound in the mixture :         4.14572 kcal/mol
 Log10(partial pressure [mbar])                    :        -1.00898
 Free energy of molecule in mix (E_COSMO+dE+Mu)    :   -215744.53443 kcal/mol
 Total mean interaction energy in the mix (H_int)  :        -6.01222 kcal/mol
 Misfit interaction energy in the mix (H_MF)       :         2.36620 kcal/mol
 H-Bond interaction energy in the mix (H_HB)       :        -4.31411 kcal/mol
 VdW interaction energy in the mix (H_vdW)         :       -13.94248 kcal/mol
 Gas liquid transition energy in the mix (H_glt)   :         8.25184 kcal/mol
 Equilibrium constant Kx(1,2)                      :         0.60590
 Equilibrium concentration x_k(1,2)                :         0.37730



 Compound: 1 Conformer: 1 (h2o_c0)
 Chemical potential of the molecule in the mixture :         4.22948 kcal/mol
 Log10(partial pressure [mbar])                    :         2.05926
 Free energy of molecule in mix (E_COSMO+dE+Mu)    :    -47989.02379 kcal/mol
 Total mean interaction energy in the mix          :        -5.12055 kcal/mol
 Misfit interaction energy in the mix              :         1.02246 kcal/mol
 H-Bond interaction energy in the mix              :        -4.49849 kcal/mol
 VdW interaction energy in the mix                 :        -4.57657 kcal/mol
 Gas liquid transition energy in the mix (H_glt)   :         2.93205 kcal/mol
 Normalized weight factor of molecule in compound  :         1.00000
 Normalized weight factor of molecule in gas phase :         1.00000

 Compound: 2 Conformer: 1 (2-heptanol_c0)
 Chemical potential of the molecule in the mixture :         1.33142 kcal/mol
 Log10(partial pressure [mbar])                    :         0.63490
 Free energy of molecule in mix (E_COSMO+dE+Mu)    :   -220749.77334 kcal/mol
 Total mean interaction energy in the mix          :        -9.68326 kcal/mol
 Misfit interaction energy in the mix              :         2.39938 kcal/mol
 H-Bond interaction energy in the mix              :        -2.91318 kcal/mol
 VdW interaction energy in the mix                 :       -21.49482 kcal/mol
 Gas liquid transition energy in the mix (H_glt)   :        12.32536 kcal/mol
 Normalized weight factor of molecule in compound  :         0.15666
 Normalized weight factor of molecule in gas phase :         0.25848

 Compound: 2 Conformer: 2 (2-heptanol_c1)
 Chemical potential of the molecule in the mixture :         0.81884 kcal/mol
 Log10(partial pressure [mbar])                    :         0.31709
 Free energy of molecule in mix (E_COSMO+dE+Mu)    :   -220750.05360 kcal/mol
 Total mean interaction energy in the mix          :       -10.05874 kcal/mol
 Misfit interaction energy in the mix              :         2.23601 kcal/mol
 H-Bond interaction energy in the mix              :        -3.04548 kcal/mol
 VdW interaction energy in the mix                 :       -21.57462 kcal/mol
 Gas liquid transition energy in the mix (H_glt)   :        12.32536 kcal/mol
 Normalized weight factor of molecule in compound  :         0.24578
 Normalized weight factor of molecule in gas phase :         0.21915

 Compound: 2 Conformer: 3 (2-heptanol_c2)
 Chemical potential of the molecule in the mixture :         1.15120 kcal/mol
 Log10(partial pressure [mbar])                    :         0.47991
 Free energy of molecule in mix (E_COSMO+dE+Mu)    :   -220749.78820 kcal/mol
 Total mean interaction energy in the mix          :        -9.63408 kcal/mol
 Misfit interaction energy in the mix              :         2.32504 kcal/mol
 H-Bond interaction energy in the mix              :        -2.76870 kcal/mol
 VdW interaction energy in the mix                 :       -21.51578 kcal/mol
 Gas liquid transition energy in the mix (H_glt)   :        12.32536 kcal/mol
 Normalized weight factor of molecule in compound  :         0.16044
 Normalized weight factor of molecule in gas phase :         0.21063

 Compound: 2 Conformer: 4 (2-heptanol_c3)
 Chemical potential of the molecule in the mixture :         1.02344 kcal/mol
 Log10(partial pressure [mbar])                    :         0.20911
 Free energy of molecule in mix (E_COSMO+dE+Mu)    :   -220750.02855 kcal/mol
 Total mean interaction energy in the mix          :       -10.07443 kcal/mol
 Misfit interaction energy in the mix              :         2.34536 kcal/mol
 H-Bond interaction energy in the mix              :        -3.26501 kcal/mol
 VdW interaction energy in the mix                 :       -21.48014 kcal/mol
 Gas liquid transition energy in the mix (H_glt)   :        12.32536 kcal/mol
 Normalized weight factor of molecule in compound  :         0.23608
 Normalized weight factor of molecule in gas phase :         0.16808

 Compound: 2 Conformer: 5 (2-heptanol_c4)
 Chemical potential of the molecule in the mixture :         1.04193 kcal/mol
 Log10(partial pressure [mbar])                    :         0.21240
 Free energy of molecule in mix (E_COSMO+dE+Mu)    :   -220749.92858 kcal/mol
 Total mean interaction energy in the mix          :       -10.06907 kcal/mol
 Misfit interaction energy in the mix              :         2.33230 kcal/mol
 H-Bond interaction energy in the mix              :        -3.27426 kcal/mol
 VdW interaction energy in the mix                 :       -21.45247 kcal/mol
 Gas liquid transition energy in the mix (H_glt)   :        12.32536 kcal/mol
 Normalized weight factor of molecule in compound  :         0.20104
 Normalized weight factor of molecule in gas phase :         0.14367

 Compound: 3 Conformer: 1 (lacticacid_c0)
 Chemical potential of the molecule in the mixture :         5.92236 kcal/mol
 Log10(partial pressure [mbar])                    :        -0.90705
 Free energy of molecule in mix (E_COSMO+dE+Mu)    :   -215742.75778 kcal/mol
 Total mean interaction energy in the mix          :        -5.97203 kcal/mol
 Misfit interaction energy in the mix              :         2.76292 kcal/mol
 H-Bond interaction energy in the mix              :        -3.07994 kcal/mol
 VdW interaction energy in the mix                 :       -13.90684 kcal/mol
 Gas liquid transition energy in the mix (H_glt)   :         8.25184 kcal/mol
 Normalized weight factor of molecule in compound  :         0.05756
 Normalized weight factor of molecule in gas phase :         0.00603

 Compound: 3 Conformer: 2 (lacticacid_c1)
 Chemical potential of the molecule in the mixture :         6.24165 kcal/mol
 Log10(partial pressure [mbar])                    :        -0.29384
 Free energy of molecule in mix (E_COSMO+dE+Mu)    :   -215742.25700 kcal/mol
 Total mean interaction energy in the mix          :        -5.51292 kcal/mol
 Misfit interaction energy in the mix              :         2.81971 kcal/mol
 H-Bond interaction energy in the mix              :        -2.71107 kcal/mol
 VdW interaction energy in the mix                 :       -13.87340 kcal/mol
 Gas liquid transition energy in the mix (H_glt)   :         8.25184 kcal/mol
 Normalized weight factor of molecule in compound  :         0.02574
 Normalized weight factor of molecule in gas phase :         0.01137

 Compound: 3 Conformer: 3 (lacticacid_c2)
 Chemical potential of the molecule in the mixture :         3.51500 kcal/mol
 Log10(partial pressure [mbar])                    :        -0.22087
 Free energy of molecule in mix (E_COSMO+dE+Mu)    :   -215744.09146 kcal/mol
 Total mean interaction energy in the mix          :        -7.10644 kcal/mol
 Misfit interaction energy in the mix              :         2.23877 kcal/mol
 H-Bond interaction energy in the mix              :        -3.64891 kcal/mol
 VdW interaction energy in the mix                 :       -13.94814 kcal/mol
 Gas liquid transition energy in the mix (H_glt)   :         8.25184 kcal/mol
 Normalized weight factor of molecule in compound  :         0.49074
 Normalized weight factor of molecule in gas phase :         0.93300

 Compound: 3 Conformer: 4 (lacticacid_c3)
 Chemical potential of the molecule in the mixture :         2.77328 kcal/mol
 Log10(partial pressure [mbar])                    :        -1.77517
 Free energy of molecule in mix (E_COSMO+dE+Mu)    :   -215743.41215 kcal/mol
 Total mean interaction energy in the mix          :        -8.41469 kcal/mol
 Misfit interaction energy in the mix              :         2.37118 kcal/mol
 H-Bond interaction energy in the mix              :        -5.11262 kcal/mol
 VdW interaction energy in the mix                 :       -13.92509 kcal/mol
 Gas liquid transition energy in the mix (H_glt)   :         8.25184 kcal/mol
 Normalized weight factor of molecule in compound  :         0.16473
 Normalized weight factor of molecule in gas phase :         0.02822

 Compound: 3 Conformer: 5 (lacticacid_c4)
 Chemical potential of the molecule in the mixture :         2.92990 kcal/mol
 Log10(partial pressure [mbar])                    :        -3.22660
 Free energy of molecule in mix (E_COSMO+dE+Mu)    :   -215743.16893 kcal/mol
 Total mean interaction energy in the mix          :        -8.92539 kcal/mol
 Misfit interaction energy in the mix              :         2.64580 kcal/mol
 H-Bond interaction energy in the mix              :        -5.85813 kcal/mol
 VdW interaction energy in the mix                 :       -13.96490 kcal/mol
 Gas liquid transition energy in the mix (H_glt)   :         8.25184 kcal/mol
 Normalized weight factor of molecule in compound  :         0.11144
 Normalized weight factor of molecule in gas phase :         0.00067

 Compound: 3 Conformer: 6 (lacticacid_c5)
 Chemical potential of the molecule in the mixture :         2.68246 kcal/mol
 Log10(partial pressure [mbar])                    :        -1.86819
 Free energy of molecule in mix (E_COSMO+dE+Mu)    :   -215743.35300 kcal/mol
 Total mean interaction energy in the mix          :        -8.57657 kcal/mol
 Misfit interaction energy in the mix              :         2.33982 kcal/mol
 H-Bond interaction energy in the mix              :        -5.21631 kcal/mol
 VdW interaction energy in the mix                 :       -13.95193 kcal/mol
 Gas liquid transition energy in the mix (H_glt)   :         8.25184 kcal/mol
 Normalized weight factor of molecule in compound  :         0.14979
 Normalized weight factor of molecule in gas phase :         0.02069




 Results for mixture 21 - LIQ_EX Phase 1 Iteration   10
 ----------------------
 Temperature          :    313.150 K
 Compound Nr.         :         1         2         3
 Compound             :       h2o 2-heptano lacticaci
 Mole Fraction        :    0.9979    0.0006    0.0015

 Compound: 1  (h2o)
 Chemical potential of the compound in the mixture :         3.46913 kcal/mol
 Log10(partial pressure [mbar])                    :         1.52862
 Free energy of molecule in mix (E_COSMO+dE+Mu)    :    -47989.78414 kcal/mol
 Total mean interaction energy in the mix (H_int)  :        -5.54516 kcal/mol
 Misfit interaction energy in the mix (H_MF)       :         0.59138 kcal/mol
 H-Bond interaction energy in the mix (H_HB)       :        -4.72879 kcal/mol
 VdW interaction energy in the mix (H_vdW)         :        -4.33980 kcal/mol
 Gas liquid transition energy in the mix (H_glt)   :         2.93205 kcal/mol

 Compound: 2  (2-heptanol)
 Chemical potential of the compound in the mixture :         4.58087 kcal/mol
 Log10(partial pressure [mbar])                    :         3.42862
 Free energy of molecule in mix (E_COSMO+dE+Mu)    :   -220746.52389 kcal/mol
 Total mean interaction energy in the mix (H_int)  :        -9.66628 kcal/mol
 Misfit interaction energy in the mix (H_MF)       :         2.91161 kcal/mol
 H-Bond interaction energy in the mix (H_HB)       :        -4.19333 kcal/mol
 VdW interaction energy in the mix (H_vdW)         :       -20.81042 kcal/mol
 Gas liquid transition energy in the mix (H_glt)   :        12.32536 kcal/mol

 Compound: 3  (lacticacid)
 Chemical potential of the compound in the mixture :         4.45754 kcal/mol
 Log10(partial pressure [mbar])                    :        -0.79136
 Free energy of molecule in mix (E_COSMO+dE+Mu)    :   -215744.22260 kcal/mol
 Total mean interaction energy in the mix (H_int)  :        -7.86700 kcal/mol
 Misfit interaction energy in the mix (H_MF)       :         1.98799 kcal/mol
 H-Bond interaction energy in the mix (H_HB)       :        -7.03390 kcal/mol
 VdW interaction energy in the mix (H_vdW)         :       -13.28441 kcal/mol
 Gas liquid transition energy in the mix (H_glt)   :         8.25184 kcal/mol



 Compound: 1 Conformer: 1 (h2o_c0)
 Chemical potential of the molecule in the mixture :         3.46913 kcal/mol
 Log10(partial pressure [mbar])                    :         1.52862
 Free energy of molecule in mix (E_COSMO+dE+Mu)    :    -47989.78414 kcal/mol
 Total mean interaction energy in the mix          :        -5.54516 kcal/mol
 Misfit interaction energy in the mix              :         0.59138 kcal/mol
 H-Bond interaction energy in the mix              :        -4.72879 kcal/mol
 VdW interaction energy in the mix                 :        -4.33980 kcal/mol
 Gas liquid transition energy in the mix (H_glt)   :         2.93205 kcal/mol
 Normalized weight factor of molecule in compound  :         1.00000
 Normalized weight factor of molecule in gas phase :         1.00000

 Compound: 2 Conformer: 1 (2-heptanol_c0)
 Chemical potential of the molecule in the mixture :         5.47567 kcal/mol
 Log10(partial pressure [mbar])                    :         3.52714
 Free energy of molecule in mix (E_COSMO+dE+Mu)    :   -220745.62909 kcal/mol
 Total mean interaction energy in the mix          :        -9.77195 kcal/mol
 Misfit interaction energy in the mix              :         2.92774 kcal/mol
 H-Bond interaction energy in the mix              :        -4.21799 kcal/mol
 VdW interaction energy in the mix                 :       -20.80706 kcal/mol
 Gas liquid transition energy in the mix (H_glt)   :        12.32536 kcal/mol
 Normalized weight factor of molecule in compound  :         0.23742
 Normalized weight factor of molecule in gas phase :         0.25848

 Compound: 2 Conformer: 2 (2-heptanol_c1)
 Chemical potential of the molecule in the mixture :         5.50668 kcal/mol
 Log10(partial pressure [mbar])                    :         3.58871
 Free energy of molecule in mix (E_COSMO+dE+Mu)    :   -220745.36576 kcal/mol
 Total mean interaction energy in the mix          :        -9.76925 kcal/mol
 Misfit interaction energy in the mix              :         2.89240 kcal/mol
 H-Bond interaction energy in the mix              :        -4.09460 kcal/mol
 VdW interaction energy in the mix                 :       -20.89241 kcal/mol
 Gas liquid transition energy in the mix (H_glt)   :        12.32536 kcal/mol
 Normalized weight factor of molecule in compound  :         0.15551
 Normalized weight factor of molecule in gas phase :         0.21915

 Compound: 2 Conformer: 3 (2-heptanol_c2)
 Chemical potential of the molecule in the mixture :         5.70183 kcal/mol
 Log10(partial pressure [mbar])                    :         3.65577
 Free energy of molecule in mix (E_COSMO+dE+Mu)    :   -220745.23757 kcal/mol
 Total mean interaction energy in the mix          :        -9.58682 kcal/mol
 Misfit interaction energy in the mix              :         2.89881 kcal/mol
 H-Bond interaction energy in the mix              :        -3.97694 kcal/mol
 VdW interaction energy in the mix                 :       -20.83405 kcal/mol
 Gas liquid transition energy in the mix (H_glt)   :        12.32536 kcal/mol
 Normalized weight factor of molecule in compound  :         0.12656
 Normalized weight factor of molecule in gas phase :         0.21063

 Compound: 2 Conformer: 4 (2-heptanol_c3)
 Chemical potential of the molecule in the mixture :         5.37031 kcal/mol
 Log10(partial pressure [mbar])                    :         3.24276
 Free energy of molecule in mix (E_COSMO+dE+Mu)    :   -220745.68169 kcal/mol
 Total mean interaction energy in the mix          :        -9.79643 kcal/mol
 Misfit interaction energy in the mix              :         2.92314 kcal/mol
 H-Bond interaction energy in the mix              :        -4.25379 kcal/mol
 VdW interaction energy in the mix                 :       -20.79114 kcal/mol
 Gas liquid transition energy in the mix (H_glt)   :        12.32536 kcal/mol
 Normalized weight factor of molecule in compound  :         0.25836
 Normalized weight factor of molecule in gas phase :         0.16808

 Compound: 2 Conformer: 5 (2-heptanol_c4)
 Chemical potential of the molecule in the mixture :         5.38279 kcal/mol
 Log10(partial pressure [mbar])                    :         3.24186
 Free energy of molecule in mix (E_COSMO+dE+Mu)    :   -220745.58772 kcal/mol
 Total mean interaction energy in the mix          :        -9.82762 kcal/mol
 Misfit interaction energy in the mix              :         2.90168 kcal/mol
 H-Bond interaction energy in the mix              :        -4.28906 kcal/mol
 VdW interaction energy in the mix                 :       -20.76560 kcal/mol
 Gas liquid transition energy in the mix (H_glt)   :        12.32536 kcal/mol
 Normalized weight factor of molecule in compound  :         0.22215
 Normalized weight factor of molecule in gas phase :         0.14367

 Compound: 3 Conformer: 1 (lacticacid_c0)
 Chemical potential of the molecule in the mixture :         6.40774 kcal/mol
 Log10(partial pressure [mbar])                    :        -0.56831
 Free energy of molecule in mix (E_COSMO+dE+Mu)    :   -215742.27240 kcal/mol
 Total mean interaction energy in the mix          :        -7.35515 kcal/mol
 Misfit interaction energy in the mix              :         2.02313 kcal/mol
 H-Bond interaction energy in the mix              :        -4.39676 kcal/mol
 VdW interaction energy in the mix                 :       -13.23337 kcal/mol
 Gas liquid transition energy in the mix (H_glt)   :         8.25184 kcal/mol
 Normalized weight factor of molecule in compound  :         0.04355
 Normalized weight factor of molecule in gas phase :         0.00603

 Compound: 3 Conformer: 2 (lacticacid_c1)
 Chemical potential of the molecule in the mixture :         6.52927 kcal/mol
 Log10(partial pressure [mbar])                    :        -0.09311
 Free energy of molecule in mix (E_COSMO+dE+Mu)    :   -215741.96938 kcal/mol
 Total mean interaction energy in the mix          :        -6.91884 kcal/mol
 Misfit interaction energy in the mix              :         2.13223 kcal/mol
 H-Bond interaction energy in the mix              :        -4.09251 kcal/mol
 VdW interaction energy in the mix                 :       -13.21040 kcal/mol
 Gas liquid transition energy in the mix (H_glt)   :         8.25184 kcal/mol
 Normalized weight factor of molecule in compound  :         0.02676
 Normalized weight factor of molecule in gas phase :         0.01137

 Compound: 3 Conformer: 3 (lacticacid_c2)
 Chemical potential of the molecule in the mixture :         4.68592 kcal/mol
 Log10(partial pressure [mbar])                    :         0.59630
 Free energy of molecule in mix (E_COSMO+dE+Mu)    :   -215742.92054 kcal/mol
 Total mean interaction energy in the mix          :        -8.02165 kcal/mol
 Misfit interaction energy in the mix              :         2.06504 kcal/mol
 H-Bond interaction energy in the mix              :        -5.04299 kcal/mol
 VdW interaction energy in the mix                 :       -13.29554 kcal/mol
 Gas liquid transition energy in the mix (H_glt)   :         8.25184 kcal/mol
 Normalized weight factor of molecule in compound  :         0.12340
 Normalized weight factor of molecule in gas phase :         0.93300

 Compound: 3 Conformer: 4 (lacticacid_c3)
 Chemical potential of the molecule in the mixture :         2.93006 kcal/mol
 Log10(partial pressure [mbar])                    :        -1.66575
 Free energy of molecule in mix (E_COSMO+dE+Mu)    :   -215743.25537 kcal/mol
 Total mean interaction energy in the mix          :       -10.13583 kcal/mol
 Misfit interaction energy in the mix              :         1.98572 kcal/mol
 H-Bond interaction energy in the mix              :        -7.10124 kcal/mol
 VdW interaction energy in the mix                 :       -13.27216 kcal/mol
 Gas liquid transition energy in the mix (H_glt)   :         8.25184 kcal/mol
 Normalized weight factor of molecule in compound  :         0.21134
 Normalized weight factor of molecule in gas phase :         0.02822

 Compound: 3 Conformer: 5 (lacticacid_c4)
 Chemical potential of the molecule in the mixture :         2.41715 kcal/mol
 Log10(partial pressure [mbar])                    :        -3.58445
 Free energy of molecule in mix (E_COSMO+dE+Mu)    :   -215743.68168 kcal/mol
 Total mean interaction energy in the mix          :       -11.08390 kcal/mol
 Misfit interaction energy in the mix              :         1.96471 kcal/mol
 H-Bond interaction energy in the mix              :        -8.00702 kcal/mol
 VdW interaction energy in the mix                 :       -13.29343 kcal/mol
 Gas liquid transition energy in the mix (H_glt)   :         8.25184 kcal/mol
 Normalized weight factor of molecule in compound  :         0.41927
 Normalized weight factor of molecule in gas phase :         0.00067

 Compound: 3 Conformer: 6 (lacticacid_c5)
 Chemical potential of the molecule in the mixture :         2.89507 kcal/mol
 Log10(partial pressure [mbar])                    :        -1.71981
 Free energy of molecule in mix (E_COSMO+dE+Mu)    :   -215743.14039 kcal/mol
 Total mean interaction energy in the mix          :       -10.21100 kcal/mol
 Misfit interaction energy in the mix              :         1.96150 kcal/mol
 H-Bond interaction energy in the mix              :        -7.13060 kcal/mol
 VdW interaction energy in the mix                 :       -13.29375 kcal/mol
 Gas liquid transition energy in the mix (H_glt)   :         8.25184 kcal/mol
 Normalized weight factor of molecule in compound  :         0.17568
 Normalized weight factor of molecule in gas phase :         0.02069




 Results for mixture 22 - LIQ_EX Phase 2 Iteration   10
 ----------------------
 Temperature          :    313.150 K
 Compound Nr.         :         1         2         3
 Compound             :       h2o 2-heptano lacticaci
 Mole Fraction        :    0.2933    0.7041    0.0026

 Compound: 1  (h2o)
 Chemical potential of the compound in the mixture :         4.22899 kcal/mol
 Log10(partial pressure [mbar])                    :         2.05892
 Free energy of molecule in mix (E_COSMO+dE+Mu)    :    -47989.02428 kcal/mol
 Total mean interaction energy in the mix (H_int)  :        -5.12170 kcal/mol
 Misfit interaction energy in the mix (H_MF)       :         1.02141 kcal/mol
 H-Bond interaction energy in the mix (H_HB)       :        -4.49875 kcal/mol
 VdW interaction energy in the mix (H_vdW)         :        -4.57641 kcal/mol
 Gas liquid transition energy in the mix (H_glt)   :         2.93205 kcal/mol
 Equilibrium constant Kx(1,2)                      :         3.39076
 Equilibrium concentration x_k(1,2)                :         0.77225

 Compound: 2  (2-heptanol)
 Chemical potential of the compound in the mixture :         0.17810 kcal/mol
 Log10(partial pressure [mbar])                    :         0.35595
 Free energy of molecule in mix (E_COSMO+dE+Mu)    :   -220750.92666 kcal/mol
 Total mean interaction energy in the mix (H_int)  :        -9.81505 kcal/mol
 Misfit interaction energy in the mix (H_MF)       :         2.32172 kcal/mol
 H-Bond interaction energy in the mix (H_HB)       :        -3.07969 kcal/mol
 VdW interaction energy in the mix (H_vdW)         :       -21.50549 kcal/mol
 Gas liquid transition energy in the mix (H_glt)   :        12.32536 kcal/mol
 Equilibrium constant Kx(1,2)                      :  8.45924153E-04
 Equilibrium concentration x_k(1,2)                :         0.00085

 Compound: 3  (lacticacid)
 Chemical potential of the compound in the mixture :         4.14486 kcal/mol
 Log10(partial pressure [mbar])                    :        -1.00957
 Free energy of molecule in mix (E_COSMO+dE+Mu)    :   -215744.53528 kcal/mol
 Total mean interaction energy in the mix (H_int)  :        -6.01431 kcal/mol
 Misfit interaction energy in the mix (H_MF)       :         2.36528 kcal/mol
 H-Bond interaction energy in the mix (H_HB)       :        -4.31605 kcal/mol
 VdW interaction energy in the mix (H_vdW)         :       -13.94215 kcal/mol
 Gas liquid transition energy in the mix (H_glt)   :         8.25184 kcal/mol
 Equilibrium constant Kx(1,2)                      :         0.60504
 Equilibrium concentration x_k(1,2)                :         0.37696



 Compound: 1 Conformer: 1 (h2o_c0)
 Chemical potential of the molecule in the mixture :         4.22899 kcal/mol
 Log10(partial pressure [mbar])                    :         2.05892
 Free energy of molecule in mix (E_COSMO+dE+Mu)    :    -47989.02428 kcal/mol
 Total mean interaction energy in the mix          :        -5.12170 kcal/mol
 Misfit interaction energy in the mix              :         1.02141 kcal/mol
 H-Bond interaction energy in the mix              :        -4.49875 kcal/mol
 VdW interaction energy in the mix                 :        -4.57641 kcal/mol
 Gas liquid transition energy in the mix (H_glt)   :         2.93205 kcal/mol
 Normalized weight factor of molecule in compound  :         1.00000
 Normalized weight factor of molecule in gas phase :         1.00000

 Compound: 2 Conformer: 1 (2-heptanol_c0)
 Chemical potential of the molecule in the mixture :         1.33125 kcal/mol
 Log10(partial pressure [mbar])                    :         0.63478
 Free energy of molecule in mix (E_COSMO+dE+Mu)    :   -220749.77351 kcal/mol
 Total mean interaction energy in the mix          :        -9.68424 kcal/mol
 Misfit interaction energy in the mix              :         2.40007 kcal/mol
 H-Bond interaction energy in the mix              :        -2.91517 kcal/mol
 VdW interaction energy in the mix                 :       -21.49449 kcal/mol
 Gas liquid transition energy in the mix (H_glt)   :        12.32536 kcal/mol
 Normalized weight factor of molecule in compound  :         0.15675
 Normalized weight factor of molecule in gas phase :         0.25848

 Compound: 2 Conformer: 2 (2-heptanol_c1)
 Chemical potential of the molecule in the mixture :         0.81927 kcal/mol
 Log10(partial pressure [mbar])                    :         0.31739
 Free energy of molecule in mix (E_COSMO+dE+Mu)    :   -220750.05317 kcal/mol
 Total mean interaction energy in the mix          :       -10.05910 kcal/mol
 Misfit interaction energy in the mix              :         2.23664 kcal/mol
 H-Bond interaction energy in the mix              :        -3.04678 kcal/mol
 VdW interaction energy in the mix                 :       -21.57431 kcal/mol
 Gas liquid transition energy in the mix (H_glt)   :        12.32536 kcal/mol
 Normalized weight factor of molecule in compound  :         0.24569
 Normalized weight factor of molecule in gas phase :         0.21915

 Compound: 2 Conformer: 3 (2-heptanol_c2)
 Chemical potential of the molecule in the mixture :         1.15153 kcal/mol
 Log10(partial pressure [mbar])                    :         0.48014
 Free energy of molecule in mix (E_COSMO+dE+Mu)    :   -220749.78787 kcal/mol
 Total mean interaction energy in the mix          :        -9.63472 kcal/mol
 Misfit interaction energy in the mix              :         2.32564 kcal/mol
 H-Bond interaction energy in the mix              :        -2.77025 kcal/mol
 VdW interaction energy in the mix                 :       -21.51547 kcal/mol
 Gas liquid transition energy in the mix (H_glt)   :        12.32536 kcal/mol
 Normalized weight factor of molecule in compound  :         0.16042
 Normalized weight factor of molecule in gas phase :         0.21063

 Compound: 2 Conformer: 4 (2-heptanol_c3)
 Chemical potential of the molecule in the mixture :         1.02365 kcal/mol
 Log10(partial pressure [mbar])                    :         0.20926
 Free energy of molecule in mix (E_COSMO+dE+Mu)    :   -220750.02834 kcal/mol
 Total mean interaction energy in the mix          :       -10.07492 kcal/mol
 Misfit interaction energy in the mix              :         2.34602 kcal/mol
 H-Bond interaction energy in the mix              :        -3.26649 kcal/mol
 VdW interaction energy in the mix                 :       -21.47982 kcal/mol
 Gas liquid transition energy in the mix (H_glt)   :        12.32536 kcal/mol
 Normalized weight factor of molecule in compound  :         0.23608
 Normalized weight factor of molecule in gas phase :         0.16808

 Compound: 2 Conformer: 5 (2-heptanol_c4)
 Chemical potential of the molecule in the mixture :         1.04212 kcal/mol
 Log10(partial pressure [mbar])                    :         0.21253
 Free energy of molecule in mix (E_COSMO+dE+Mu)    :   -220749.92839 kcal/mol
 Total mean interaction energy in the mix          :       -10.06958 kcal/mol
 Misfit interaction energy in the mix              :         2.33295 kcal/mol
 H-Bond interaction energy in the mix              :        -3.27574 kcal/mol
 VdW interaction energy in the mix                 :       -21.45215 kcal/mol
 Gas liquid transition energy in the mix (H_glt)   :        12.32536 kcal/mol
 Normalized weight factor of molecule in compound  :         0.20105
 Normalized weight factor of molecule in gas phase :         0.14367

 Compound: 3 Conformer: 1 (lacticacid_c0)
 Chemical potential of the molecule in the mixture :         5.92139 kcal/mol
 Log10(partial pressure [mbar])                    :        -0.90773
 Free energy of molecule in mix (E_COSMO+dE+Mu)    :   -215742.75875 kcal/mol
 Total mean interaction energy in the mix          :        -5.97419 kcal/mol
 Misfit interaction energy in the mix              :         2.76141 kcal/mol
 H-Bond interaction energy in the mix              :        -3.08092 kcal/mol
 VdW interaction energy in the mix                 :       -13.90653 kcal/mol
 Gas liquid transition energy in the mix (H_glt)   :         8.25184 kcal/mol
 Normalized weight factor of molecule in compound  :         0.05757
 Normalized weight factor of molecule in gas phase :         0.00603

 Compound: 3 Conformer: 2 (lacticacid_c1)
 Chemical potential of the molecule in the mixture :         6.24044 kcal/mol
 Log10(partial pressure [mbar])                    :        -0.29468
 Free energy of molecule in mix (E_COSMO+dE+Mu)    :   -215742.25821 kcal/mol
 Total mean interaction energy in the mix          :        -5.51485 kcal/mol
 Misfit interaction energy in the mix              :         2.81847 kcal/mol
 H-Bond interaction energy in the mix              :        -2.71207 kcal/mol
 VdW interaction energy in the mix                 :       -13.87308 kcal/mol
 Gas liquid transition energy in the mix (H_glt)   :         8.25184 kcal/mol
 Normalized weight factor of molecule in compound  :         0.02575
 Normalized weight factor of molecule in gas phase :         0.01137

 Compound: 3 Conformer: 3 (lacticacid_c2)
 Chemical potential of the molecule in the mixture :         3.51458 kcal/mol
 Log10(partial pressure [mbar])                    :        -0.22117
 Free energy of molecule in mix (E_COSMO+dE+Mu)    :   -215744.09189 kcal/mol
 Total mean interaction energy in the mix          :        -7.10801 kcal/mol
 Misfit interaction energy in the mix              :         2.23805 kcal/mol
 H-Bond interaction energy in the mix              :        -3.65007 kcal/mol
 VdW interaction energy in the mix                 :       -13.94784 kcal/mol
 Gas liquid transition energy in the mix (H_glt)   :         8.25184 kcal/mol
 Normalized weight factor of molecule in compound  :         0.49041
 Normalized weight factor of molecule in gas phase :         0.93300

 Compound: 3 Conformer: 4 (lacticacid_c3)
 Chemical potential of the molecule in the mixture :         2.77205 kcal/mol
 Log10(partial pressure [mbar])                    :        -1.77602
 Free energy of molecule in mix (E_COSMO+dE+Mu)    :   -215743.41338 kcal/mol
 Total mean interaction energy in the mix          :        -8.41713 kcal/mol
 Misfit interaction energy in the mix              :         2.36999 kcal/mol
 H-Bond interaction energy in the mix              :        -5.11422 kcal/mol
 VdW interaction energy in the mix                 :       -13.92474 kcal/mol
 Gas liquid transition energy in the mix (H_glt)   :         8.25184 kcal/mol
 Normalized weight factor of molecule in compound  :         0.16483
 Normalized weight factor of molecule in gas phase :         0.02822

 Compound: 3 Conformer: 5 (lacticacid_c4)
 Chemical potential of the molecule in the mixture :         2.92825 kcal/mol
 Log10(partial pressure [mbar])                    :        -3.22775
 Free energy of molecule in mix (E_COSMO+dE+Mu)    :   -215743.17058 kcal/mol
 Total mean interaction energy in the mix          :        -8.92868 kcal/mol
 Misfit interaction energy in the mix              :         2.64440 kcal/mol
 H-Bond interaction energy in the mix              :        -5.86041 kcal/mol
 VdW interaction energy in the mix                 :       -13.96452 kcal/mol
 Gas liquid transition energy in the mix (H_glt)   :         8.25184 kcal/mol
 Normalized weight factor of molecule in compound  :         0.11158
 Normalized weight factor of molecule in gas phase :         0.00067

 Compound: 3 Conformer: 6 (lacticacid_c5)
 Chemical potential of the molecule in the mixture :         2.68132 kcal/mol
 Log10(partial pressure [mbar])                    :        -1.86899
 Free energy of molecule in mix (E_COSMO+dE+Mu)    :   -215743.35414 kcal/mol
 Total mean interaction energy in the mix          :        -8.57897 kcal/mol
 Misfit interaction energy in the mix              :         2.33858 kcal/mol
 H-Bond interaction energy in the mix              :        -5.21782 kcal/mol
 VdW interaction energy in the mix                 :       -13.95157 kcal/mol
 Gas liquid transition energy in the mix (H_glt)   :         8.25184 kcal/mol
 Normalized weight factor of molecule in compound  :         0.14986
 Normalized weight factor of molecule in gas phase :         0.02069




 Results for mixture 23 - LIQ_EX Phase 1 Iteration   11
 ----------------------
 Temperature          :    313.150 K
 Compound Nr.         :         1         2         3
 Compound             :       h2o 2-heptano lacticaci
 Mole Fraction        :    0.9979    0.0006    0.0015

 Compound: 1  (h2o)
 Chemical potential of the compound in the mixture :         3.46913 kcal/mol
 Log10(partial pressure [mbar])                    :         1.52862
 Free energy of molecule in mix (E_COSMO+dE+Mu)    :    -47989.78414 kcal/mol
 Total mean interaction energy in the mix (H_int)  :        -5.54516 kcal/mol
 Misfit interaction energy in the mix (H_MF)       :         0.59138 kcal/mol
 H-Bond interaction energy in the mix (H_HB)       :        -4.72879 kcal/mol
 VdW interaction energy in the mix (H_vdW)         :        -4.33980 kcal/mol
 Gas liquid transition energy in the mix (H_glt)   :         2.93205 kcal/mol

 Compound: 2  (2-heptanol)
 Chemical potential of the compound in the mixture :         4.58095 kcal/mol
 Log10(partial pressure [mbar])                    :         3.42868
 Free energy of molecule in mix (E_COSMO+dE+Mu)    :   -220746.52381 kcal/mol
 Total mean interaction energy in the mix (H_int)  :        -9.66629 kcal/mol
 Misfit interaction energy in the mix (H_MF)       :         2.91159 kcal/mol
 H-Bond interaction energy in the mix (H_HB)       :        -4.19334 kcal/mol
 VdW interaction energy in the mix (H_vdW)         :       -20.81041 kcal/mol
 Gas liquid transition energy in the mix (H_glt)   :        12.32536 kcal/mol

 Compound: 3  (lacticacid)
 Chemical potential of the compound in the mixture :         4.45756 kcal/mol
 Log10(partial pressure [mbar])                    :        -0.79134
 Free energy of molecule in mix (E_COSMO+dE+Mu)    :   -215744.22258 kcal/mol
 Total mean interaction energy in the mix (H_int)  :        -7.86702 kcal/mol
 Misfit interaction energy in the mix (H_MF)       :         1.98798 kcal/mol
 H-Bond interaction energy in the mix (H_HB)       :        -7.03392 kcal/mol
 VdW interaction energy in the mix (H_vdW)         :       -13.28440 kcal/mol
 Gas liquid transition energy in the mix (H_glt)   :         8.25184 kcal/mol



 Compound: 1 Conformer: 1 (h2o_c0)
 Chemical potential of the molecule in the mixture :         3.46913 kcal/mol
 Log10(partial pressure [mbar])                    :         1.52862
 Free energy of molecule in mix (E_COSMO+dE+Mu)    :    -47989.78414 kcal/mol
 Total mean interaction energy in the mix          :        -5.54516 kcal/mol
 Misfit interaction energy in the mix              :         0.59138 kcal/mol
 H-Bond interaction energy in the mix              :        -4.72879 kcal/mol
 VdW interaction energy in the mix                 :        -4.33980 kcal/mol
 Gas liquid transition energy in the mix (H_glt)   :         2.93205 kcal/mol
 Normalized weight factor of molecule in compound  :         1.00000
 Normalized weight factor of molecule in gas phase :         1.00000

 Compound: 2 Conformer: 1 (2-heptanol_c0)
 Chemical potential of the molecule in the mixture :         5.47575 kcal/mol
 Log10(partial pressure [mbar])                    :         3.52720
 Free energy of molecule in mix (E_COSMO+dE+Mu)    :   -220745.62901 kcal/mol
 Total mean interaction energy in the mix          :        -9.77196 kcal/mol
 Misfit interaction energy in the mix              :         2.92772 kcal/mol
 H-Bond interaction energy in the mix              :        -4.21799 kcal/mol
 VdW interaction energy in the mix                 :       -20.80704 kcal/mol
 Gas liquid transition energy in the mix (H_glt)   :        12.32536 kcal/mol
 Normalized weight factor of molecule in compound  :         0.23742
 Normalized weight factor of molecule in gas phase :         0.25848

 Compound: 2 Conformer: 2 (2-heptanol_c1)
 Chemical potential of the molecule in the mixture :         5.50676 kcal/mol
 Log10(partial pressure [mbar])                    :         3.58876
 Free energy of molecule in mix (E_COSMO+dE+Mu)    :   -220745.36568 kcal/mol
 Total mean interaction energy in the mix          :        -9.76926 kcal/mol
 Misfit interaction energy in the mix              :         2.89238 kcal/mol
 H-Bond interaction energy in the mix              :        -4.09460 kcal/mol
 VdW interaction energy in the mix                 :       -20.89239 kcal/mol
 Gas liquid transition energy in the mix (H_glt)   :        12.32536 kcal/mol
 Normalized weight factor of molecule in compound  :         0.15551
 Normalized weight factor of molecule in gas phase :         0.21915

 Compound: 2 Conformer: 3 (2-heptanol_c2)
 Chemical potential of the molecule in the mixture :         5.70192 kcal/mol
 Log10(partial pressure [mbar])                    :         3.65583
 Free energy of molecule in mix (E_COSMO+dE+Mu)    :   -220745.23749 kcal/mol
 Total mean interaction energy in the mix          :        -9.58683 kcal/mol
 Misfit interaction energy in the mix              :         2.89879 kcal/mol
 H-Bond interaction energy in the mix              :        -3.97695 kcal/mol
 VdW interaction energy in the mix                 :       -20.83403 kcal/mol
 Gas liquid transition energy in the mix (H_glt)   :        12.32536 kcal/mol
 Normalized weight factor of molecule in compound  :         0.12656
 Normalized weight factor of molecule in gas phase :         0.21063

 Compound: 2 Conformer: 4 (2-heptanol_c3)
 Chemical potential of the molecule in the mixture :         5.37039 kcal/mol
 Log10(partial pressure [mbar])                    :         3.24282
 Free energy of molecule in mix (E_COSMO+dE+Mu)    :   -220745.68161 kcal/mol
 Total mean interaction energy in the mix          :        -9.79643 kcal/mol
 Misfit interaction energy in the mix              :         2.92312 kcal/mol
 H-Bond interaction energy in the mix              :        -4.25379 kcal/mol
 VdW interaction energy in the mix                 :       -20.79112 kcal/mol
 Gas liquid transition energy in the mix (H_glt)   :        12.32536 kcal/mol
 Normalized weight factor of molecule in compound  :         0.25836
 Normalized weight factor of molecule in gas phase :         0.16808

 Compound: 2 Conformer: 5 (2-heptanol_c4)
 Chemical potential of the molecule in the mixture :         5.38287 kcal/mol
 Log10(partial pressure [mbar])                    :         3.24192
 Free energy of molecule in mix (E_COSMO+dE+Mu)    :   -220745.58764 kcal/mol
 Total mean interaction energy in the mix          :        -9.82762 kcal/mol
 Misfit interaction energy in the mix              :         2.90167 kcal/mol
 H-Bond interaction energy in the mix              :        -4.28906 kcal/mol
 VdW interaction energy in the mix                 :       -20.76559 kcal/mol
 Gas liquid transition energy in the mix (H_glt)   :        12.32536 kcal/mol
 Normalized weight factor of molecule in compound  :         0.22215
 Normalized weight factor of molecule in gas phase :         0.14367

 Compound: 3 Conformer: 1 (lacticacid_c0)
 Chemical potential of the molecule in the mixture :         6.40777 kcal/mol
 Log10(partial pressure [mbar])                    :        -0.56829
 Free energy of molecule in mix (E_COSMO+dE+Mu)    :   -215742.27238 kcal/mol
 Total mean interaction energy in the mix          :        -7.35516 kcal/mol
 Misfit interaction energy in the mix              :         2.02312 kcal/mol
 H-Bond interaction energy in the mix              :        -4.39677 kcal/mol
 VdW interaction energy in the mix                 :       -13.23335 kcal/mol
 Gas liquid transition energy in the mix (H_glt)   :         8.25184 kcal/mol
 Normalized weight factor of molecule in compound  :         0.04355
 Normalized weight factor of molecule in gas phase :         0.00603

 Compound: 3 Conformer: 2 (lacticacid_c1)
 Chemical potential of the molecule in the mixture :         6.52929 kcal/mol
 Log10(partial pressure [mbar])                    :        -0.09309
 Free energy of molecule in mix (E_COSMO+dE+Mu)    :   -215741.96936 kcal/mol
 Total mean interaction energy in the mix          :        -6.91885 kcal/mol
 Misfit interaction energy in the mix              :         2.13222 kcal/mol
 H-Bond interaction energy in the mix              :        -4.09252 kcal/mol
 VdW interaction energy in the mix                 :       -13.21039 kcal/mol
 Gas liquid transition energy in the mix (H_glt)   :         8.25184 kcal/mol
 Normalized weight factor of molecule in compound  :         0.02676
 Normalized weight factor of molecule in gas phase :         0.01137

 Compound: 3 Conformer: 3 (lacticacid_c2)
 Chemical potential of the molecule in the mixture :         4.68595 kcal/mol
 Log10(partial pressure [mbar])                    :         0.59632
 Free energy of molecule in mix (E_COSMO+dE+Mu)    :   -215742.92051 kcal/mol
 Total mean interaction energy in the mix          :        -8.02166 kcal/mol
 Misfit interaction energy in the mix              :         2.06503 kcal/mol
 H-Bond interaction energy in the mix              :        -5.04300 kcal/mol
 VdW interaction energy in the mix                 :       -13.29553 kcal/mol
 Gas liquid transition energy in the mix (H_glt)   :         8.25184 kcal/mol
 Normalized weight factor of molecule in compound  :         0.12339
 Normalized weight factor of molecule in gas phase :         0.93300

 Compound: 3 Conformer: 4 (lacticacid_c3)
 Chemical potential of the molecule in the mixture :         2.93008 kcal/mol
 Log10(partial pressure [mbar])                    :        -1.66574
 Free energy of molecule in mix (E_COSMO+dE+Mu)    :   -215743.25535 kcal/mol
 Total mean interaction energy in the mix          :       -10.13585 kcal/mol
 Misfit interaction energy in the mix              :         1.98571 kcal/mol
 H-Bond interaction energy in the mix              :        -7.10125 kcal/mol
 VdW interaction energy in the mix                 :       -13.27215 kcal/mol
 Gas liquid transition energy in the mix (H_glt)   :         8.25184 kcal/mol
 Normalized weight factor of molecule in compound  :         0.21134
 Normalized weight factor of molecule in gas phase :         0.02822

 Compound: 3 Conformer: 5 (lacticacid_c4)
 Chemical potential of the molecule in the mixture :         2.41717 kcal/mol
 Log10(partial pressure [mbar])                    :        -3.58444
 Free energy of molecule in mix (E_COSMO+dE+Mu)    :   -215743.68166 kcal/mol
 Total mean interaction energy in the mix          :       -11.08392 kcal/mol
 Misfit interaction energy in the mix              :         1.96470 kcal/mol
 H-Bond interaction energy in the mix              :        -8.00704 kcal/mol
 VdW interaction energy in the mix                 :       -13.29342 kcal/mol
 Gas liquid transition energy in the mix (H_glt)   :         8.25184 kcal/mol
 Normalized weight factor of molecule in compound  :         0.41927
 Normalized weight factor of molecule in gas phase :         0.00067

 Compound: 3 Conformer: 6 (lacticacid_c5)
 Chemical potential of the molecule in the mixture :         2.89510 kcal/mol
 Log10(partial pressure [mbar])                    :        -1.71980
 Free energy of molecule in mix (E_COSMO+dE+Mu)    :   -215743.14037 kcal/mol
 Total mean interaction energy in the mix          :       -10.21102 kcal/mol
 Misfit interaction energy in the mix              :         1.96149 kcal/mol
 H-Bond interaction energy in the mix              :        -7.13062 kcal/mol
 VdW interaction energy in the mix                 :       -13.29373 kcal/mol
 Gas liquid transition energy in the mix (H_glt)   :         8.25184 kcal/mol
 Normalized weight factor of molecule in compound  :         0.17568
 Normalized weight factor of molecule in gas phase :         0.02069




 Results for mixture 24 - LIQ_EX Phase 2 Iteration   11
 ----------------------
 Temperature          :    313.150 K
 Compound Nr.         :         1         2         3
 Compound             :       h2o 2-heptano lacticaci
 Mole Fraction        :    0.2939    0.7036    0.0026

 Compound: 1  (h2o)
 Chemical potential of the compound in the mixture :         4.22869 kcal/mol
 Log10(partial pressure [mbar])                    :         2.05871
 Free energy of molecule in mix (E_COSMO+dE+Mu)    :    -47989.02458 kcal/mol
 Total mean interaction energy in the mix (H_int)  :        -5.12239 kcal/mol
 Misfit interaction energy in the mix (H_MF)       :         1.02078 kcal/mol
 H-Bond interaction energy in the mix (H_HB)       :        -4.49891 kcal/mol
 VdW interaction energy in the mix (H_vdW)         :        -4.57631 kcal/mol
 Gas liquid transition energy in the mix (H_glt)   :         2.93205 kcal/mol
 Equilibrium constant Kx(1,2)                      :         3.38915
 Equilibrium concentration x_k(1,2)                :         0.77217

 Compound: 2  (2-heptanol)
 Chemical potential of the compound in the mixture :         0.17823 kcal/mol
 Log10(partial pressure [mbar])                    :         0.35605
 Free energy of molecule in mix (E_COSMO+dE+Mu)    :   -220750.92653 kcal/mol
 Total mean interaction energy in the mix (H_int)  :        -9.81539 kcal/mol
 Misfit interaction energy in the mix (H_MF)       :         2.32212 kcal/mol
 H-Bond interaction energy in the mix (H_HB)       :        -3.08061 kcal/mol
 VdW interaction energy in the mix (H_vdW)         :       -21.50529 kcal/mol
 Gas liquid transition energy in the mix (H_glt)   :        12.32536 kcal/mol
 Equilibrium constant Kx(1,2)                      :  8.45994739E-04
 Equilibrium concentration x_k(1,2)                :         0.00085

 Compound: 3  (lacticacid)
 Chemical potential of the compound in the mixture :         4.14435 kcal/mol
 Log10(partial pressure [mbar])                    :        -1.00993
 Free energy of molecule in mix (E_COSMO+dE+Mu)    :   -215744.53579 kcal/mol
 Total mean interaction energy in the mix (H_int)  :        -6.01557 kcal/mol
 Misfit interaction energy in the mix (H_MF)       :         2.36473 kcal/mol
 H-Bond interaction energy in the mix (H_HB)       :        -4.31723 kcal/mol
 VdW interaction energy in the mix (H_vdW)         :       -13.94195 kcal/mol
 Gas liquid transition energy in the mix (H_glt)   :         8.25184 kcal/mol
 Equilibrium constant Kx(1,2)                      :         0.60452
 Equilibrium concentration x_k(1,2)                :         0.37676



 Compound: 1 Conformer: 1 (h2o_c0)
 Chemical potential of the molecule in the mixture :         4.22869 kcal/mol
 Log10(partial pressure [mbar])                    :         2.05871
 Free energy of molecule in mix (E_COSMO+dE+Mu)    :    -47989.02458 kcal/mol
 Total mean interaction energy in the mix          :        -5.12239 kcal/mol
 Misfit interaction energy in the mix              :         1.02078 kcal/mol
 H-Bond interaction energy in the mix              :        -4.49891 kcal/mol
 VdW interaction energy in the mix                 :        -4.57631 kcal/mol
 Gas liquid transition energy in the mix (H_glt)   :         2.93205 kcal/mol
 Normalized weight factor of molecule in compound  :         1.00000
 Normalized weight factor of molecule in gas phase :         1.00000

 Compound: 2 Conformer: 1 (2-heptanol_c0)
 Chemical potential of the molecule in the mixture :         1.33115 kcal/mol
 Log10(partial pressure [mbar])                    :         0.63471
 Free energy of molecule in mix (E_COSMO+dE+Mu)    :   -220749.77361 kcal/mol
 Total mean interaction energy in the mix          :        -9.68482 kcal/mol
 Misfit interaction energy in the mix              :         2.40049 kcal/mol
 H-Bond interaction energy in the mix              :        -2.91637 kcal/mol
 VdW interaction energy in the mix                 :       -21.49429 kcal/mol
 Gas liquid transition energy in the mix (H_glt)   :        12.32536 kcal/mol
 Normalized weight factor of molecule in compound  :         0.15681
 Normalized weight factor of molecule in gas phase :         0.25848

 Compound: 2 Conformer: 2 (2-heptanol_c1)
 Chemical potential of the molecule in the mixture :         0.81953 kcal/mol
 Log10(partial pressure [mbar])                    :         0.31757
 Free energy of molecule in mix (E_COSMO+dE+Mu)    :   -220750.05291 kcal/mol
 Total mean interaction energy in the mix          :       -10.05932 kcal/mol
 Misfit interaction energy in the mix              :         2.23702 kcal/mol
 H-Bond interaction energy in the mix              :        -3.04757 kcal/mol
 VdW interaction energy in the mix                 :       -21.57412 kcal/mol
 Gas liquid transition energy in the mix (H_glt)   :        12.32536 kcal/mol
 Normalized weight factor of molecule in compound  :         0.24564
 Normalized weight factor of molecule in gas phase :         0.21915

 Compound: 2 Conformer: 3 (2-heptanol_c2)
 Chemical potential of the molecule in the mixture :         1.15173 kcal/mol
 Log10(partial pressure [mbar])                    :         0.48028
 Free energy of molecule in mix (E_COSMO+dE+Mu)    :   -220749.78768 kcal/mol
 Total mean interaction energy in the mix          :        -9.63511 kcal/mol
 Misfit interaction energy in the mix              :         2.32600 kcal/mol
 H-Bond interaction energy in the mix              :        -2.77119 kcal/mol
 VdW interaction energy in the mix                 :       -21.51528 kcal/mol
 Gas liquid transition energy in the mix (H_glt)   :        12.32536 kcal/mol
 Normalized weight factor of molecule in compound  :         0.16040
 Normalized weight factor of molecule in gas phase :         0.21063

 Compound: 2 Conformer: 4 (2-heptanol_c3)
 Chemical potential of the molecule in the mixture :         1.02378 kcal/mol
 Log10(partial pressure [mbar])                    :         0.20935
 Free energy of molecule in mix (E_COSMO+dE+Mu)    :   -220750.02822 kcal/mol
 Total mean interaction energy in the mix          :       -10.07522 kcal/mol
 Misfit interaction energy in the mix              :         2.34642 kcal/mol
 H-Bond interaction energy in the mix              :        -3.26738 kcal/mol
 VdW interaction energy in the mix                 :       -21.47962 kcal/mol
 Gas liquid transition energy in the mix (H_glt)   :        12.32536 kcal/mol
 Normalized weight factor of molecule in compound  :         0.23609
 Normalized weight factor of molecule in gas phase :         0.16808

 Compound: 2 Conformer: 5 (2-heptanol_c4)
 Chemical potential of the molecule in the mixture :         1.04223 kcal/mol
 Log10(partial pressure [mbar])                    :         0.21261
 Free energy of molecule in mix (E_COSMO+dE+Mu)    :   -220749.92828 kcal/mol
 Total mean interaction energy in the mix          :       -10.06988 kcal/mol
 Misfit interaction energy in the mix              :         2.33335 kcal/mol
 H-Bond interaction energy in the mix              :        -3.27664 kcal/mol
 VdW interaction energy in the mix                 :       -21.45195 kcal/mol
 Gas liquid transition energy in the mix (H_glt)   :        12.32536 kcal/mol
 Normalized weight factor of molecule in compound  :         0.20106
 Normalized weight factor of molecule in gas phase :         0.14367

 Compound: 3 Conformer: 1 (lacticacid_c0)
 Chemical potential of the molecule in the mixture :         5.92081 kcal/mol
 Log10(partial pressure [mbar])                    :        -0.90814
 Free energy of molecule in mix (E_COSMO+dE+Mu)    :   -215742.75933 kcal/mol
 Total mean interaction energy in the mix          :        -5.97549 kcal/mol
 Misfit interaction energy in the mix              :         2.76051 kcal/mol
 H-Bond interaction energy in the mix              :        -3.08151 kcal/mol
 VdW interaction energy in the mix                 :       -13.90634 kcal/mol
 Gas liquid transition energy in the mix (H_glt)   :         8.25184 kcal/mol
 Normalized weight factor of molecule in compound  :         0.05757
 Normalized weight factor of molecule in gas phase :         0.00603

 Compound: 3 Conformer: 2 (lacticacid_c1)
 Chemical potential of the molecule in the mixture :         6.23972 kcal/mol
 Log10(partial pressure [mbar])                    :        -0.29519
 Free energy of molecule in mix (E_COSMO+dE+Mu)    :   -215742.25893 kcal/mol
 Total mean interaction energy in the mix          :        -5.51601 kcal/mol
 Misfit interaction energy in the mix              :         2.81772 kcal/mol
 H-Bond interaction energy in the mix              :        -2.71268 kcal/mol
 VdW interaction energy in the mix                 :       -13.87289 kcal/mol
 Gas liquid transition energy in the mix (H_glt)   :         8.25184 kcal/mol
 Normalized weight factor of molecule in compound  :         0.02576
 Normalized weight factor of molecule in gas phase :         0.01137

 Compound: 3 Conformer: 3 (lacticacid_c2)
 Chemical potential of the molecule in the mixture :         3.51432 kcal/mol
 Log10(partial pressure [mbar])                    :        -0.22135
 Free energy of molecule in mix (E_COSMO+dE+Mu)    :   -215744.09215 kcal/mol
 Total mean interaction energy in the mix          :        -7.10896 kcal/mol
 Misfit interaction energy in the mix              :         2.23762 kcal/mol
 H-Bond interaction energy in the mix              :        -3.65077 kcal/mol
 VdW interaction energy in the mix                 :       -13.94765 kcal/mol
 Gas liquid transition energy in the mix (H_glt)   :         8.25184 kcal/mol
 Normalized weight factor of molecule in compound  :         0.49021
 Normalized weight factor of molecule in gas phase :         0.93300

 Compound: 3 Conformer: 4 (lacticacid_c3)
 Chemical potential of the molecule in the mixture :         2.77131 kcal/mol
 Log10(partial pressure [mbar])                    :        -1.77654
 Free energy of molecule in mix (E_COSMO+dE+Mu)    :   -215743.41412 kcal/mol
 Total mean interaction energy in the mix          :        -8.41861 kcal/mol
 Misfit interaction energy in the mix              :         2.36927 kcal/mol
 H-Bond interaction energy in the mix              :        -5.11519 kcal/mol
 VdW interaction energy in the mix                 :       -13.92453 kcal/mol
 Gas liquid transition energy in the mix (H_glt)   :         8.25184 kcal/mol
 Normalized weight factor of molecule in compound  :         0.16489
 Normalized weight factor of molecule in gas phase :         0.02822

 Compound: 3 Conformer: 5 (lacticacid_c4)
 Chemical potential of the molecule in the mixture :         2.92726 kcal/mol
 Log10(partial pressure [mbar])                    :        -3.22845
 Free energy of molecule in mix (E_COSMO+dE+Mu)    :   -215743.17157 kcal/mol
 Total mean interaction energy in the mix          :        -8.93067 kcal/mol
 Misfit interaction energy in the mix              :         2.64356 kcal/mol
 H-Bond interaction energy in the mix              :        -5.86178 kcal/mol
 VdW interaction energy in the mix                 :       -13.96429 kcal/mol
 Gas liquid transition energy in the mix (H_glt)   :         8.25184 kcal/mol
 Normalized weight factor of molecule in compound  :         0.11167
 Normalized weight factor of molecule in gas phase :         0.00067

 Compound: 3 Conformer: 6 (lacticacid_c5)
 Chemical potential of the molecule in the mixture :         2.68064 kcal/mol
 Log10(partial pressure [mbar])                    :        -1.86947
 Free energy of molecule in mix (E_COSMO+dE+Mu)    :   -215743.35483 kcal/mol
 Total mean interaction energy in the mix          :        -8.58042 kcal/mol
 Misfit interaction energy in the mix              :         2.33783 kcal/mol
 H-Bond interaction energy in the mix              :        -5.21873 kcal/mol
 VdW interaction energy in the mix                 :       -13.95136 kcal/mol
 Gas liquid transition energy in the mix (H_glt)   :         8.25184 kcal/mol
 Normalized weight factor of molecule in compound  :         0.14990
 Normalized weight factor of molecule in gas phase :         0.02069




 Results for mixture 25 - LIQ_EX Phase 1 Iteration   12
 ----------------------
 Temperature          :    313.150 K
 Compound Nr.         :         1         2         3
 Compound             :       h2o 2-heptano lacticaci
 Mole Fraction        :    0.9979    0.0006    0.0015

 Compound: 1  (h2o)
 Chemical potential of the compound in the mixture :         3.46913 kcal/mol
 Log10(partial pressure [mbar])                    :         1.52862
 Free energy of molecule in mix (E_COSMO+dE+Mu)    :    -47989.78414 kcal/mol
 Total mean interaction energy in the mix (H_int)  :        -5.54516 kcal/mol
 Misfit interaction energy in the mix (H_MF)       :         0.59138 kcal/mol
 H-Bond interaction energy in the mix (H_HB)       :        -4.72879 kcal/mol
 VdW interaction energy in the mix (H_vdW)         :        -4.33980 kcal/mol
 Gas liquid transition energy in the mix (H_glt)   :         2.93205 kcal/mol

 Compound: 2  (2-heptanol)
 Chemical potential of the compound in the mixture :         4.58100 kcal/mol
 Log10(partial pressure [mbar])                    :         3.42871
 Free energy of molecule in mix (E_COSMO+dE+Mu)    :   -220746.52376 kcal/mol
 Total mean interaction energy in the mix (H_int)  :        -9.66629 kcal/mol
 Misfit interaction energy in the mix (H_MF)       :         2.91158 kcal/mol
 H-Bond interaction energy in the mix (H_HB)       :        -4.19334 kcal/mol
 VdW interaction energy in the mix (H_vdW)         :       -20.81040 kcal/mol
 Gas liquid transition energy in the mix (H_glt)   :        12.32536 kcal/mol

 Compound: 3  (lacticacid)
 Chemical potential of the compound in the mixture :         4.45757 kcal/mol
 Log10(partial pressure [mbar])                    :        -0.79133
 Free energy of molecule in mix (E_COSMO+dE+Mu)    :   -215744.22257 kcal/mol
 Total mean interaction energy in the mix (H_int)  :        -7.86703 kcal/mol
 Misfit interaction energy in the mix (H_MF)       :         1.98798 kcal/mol
 H-Bond interaction energy in the mix (H_HB)       :        -7.03393 kcal/mol
 VdW interaction energy in the mix (H_vdW)         :       -13.28440 kcal/mol
 Gas liquid transition energy in the mix (H_glt)   :         8.25184 kcal/mol



 Compound: 1 Conformer: 1 (h2o_c0)
 Chemical potential of the molecule in the mixture :         3.46913 kcal/mol
 Log10(partial pressure [mbar])                    :         1.52862
 Free energy of molecule in mix (E_COSMO+dE+Mu)    :    -47989.78414 kcal/mol
 Total mean interaction energy in the mix          :        -5.54516 kcal/mol
 Misfit interaction energy in the mix              :         0.59138 kcal/mol
 H-Bond interaction energy in the mix              :        -4.72879 kcal/mol
 VdW interaction energy in the mix                 :        -4.33980 kcal/mol
 Gas liquid transition energy in the mix (H_glt)   :         2.93205 kcal/mol
 Normalized weight factor of molecule in compound  :         1.00000
 Normalized weight factor of molecule in gas phase :         1.00000

 Compound: 2 Conformer: 1 (2-heptanol_c0)
 Chemical potential of the molecule in the mixture :         5.47580 kcal/mol
 Log10(partial pressure [mbar])                    :         3.52723
 Free energy of molecule in mix (E_COSMO+dE+Mu)    :   -220745.62896 kcal/mol
 Total mean interaction energy in the mix          :        -9.77196 kcal/mol
 Misfit interaction energy in the mix              :         2.92771 kcal/mol
 H-Bond interaction energy in the mix              :        -4.21800 kcal/mol
 VdW interaction energy in the mix                 :       -20.80703 kcal/mol
 Gas liquid transition energy in the mix (H_glt)   :        12.32536 kcal/mol
 Normalized weight factor of molecule in compound  :         0.23742
 Normalized weight factor of molecule in gas phase :         0.25848

 Compound: 2 Conformer: 2 (2-heptanol_c1)
 Chemical potential of the molecule in the mixture :         5.50681 kcal/mol
 Log10(partial pressure [mbar])                    :         3.58880
 Free energy of molecule in mix (E_COSMO+dE+Mu)    :   -220745.36563 kcal/mol
 Total mean interaction energy in the mix          :        -9.76926 kcal/mol
 Misfit interaction energy in the mix              :         2.89237 kcal/mol
 H-Bond interaction energy in the mix              :        -4.09460 kcal/mol
 VdW interaction energy in the mix                 :       -20.89239 kcal/mol
 Gas liquid transition energy in the mix (H_glt)   :        12.32536 kcal/mol
 Normalized weight factor of molecule in compound  :         0.15551
 Normalized weight factor of molecule in gas phase :         0.21915

 Compound: 2 Conformer: 3 (2-heptanol_c2)
 Chemical potential of the molecule in the mixture :         5.70197 kcal/mol
 Log10(partial pressure [mbar])                    :         3.65586
 Free energy of molecule in mix (E_COSMO+dE+Mu)    :   -220745.23744 kcal/mol
 Total mean interaction energy in the mix          :        -9.58683 kcal/mol
 Misfit interaction energy in the mix              :         2.89878 kcal/mol
 H-Bond interaction energy in the mix              :        -3.97695 kcal/mol
 VdW interaction energy in the mix                 :       -20.83402 kcal/mol
 Gas liquid transition energy in the mix (H_glt)   :        12.32536 kcal/mol
 Normalized weight factor of molecule in compound  :         0.12656
 Normalized weight factor of molecule in gas phase :         0.21063

 Compound: 2 Conformer: 4 (2-heptanol_c3)
 Chemical potential of the molecule in the mixture :         5.37044 kcal/mol
 Log10(partial pressure [mbar])                    :         3.24285
 Free energy of molecule in mix (E_COSMO+dE+Mu)    :   -220745.68156 kcal/mol
 Total mean interaction energy in the mix          :        -9.79644 kcal/mol
 Misfit interaction energy in the mix              :         2.92311 kcal/mol
 H-Bond interaction energy in the mix              :        -4.25379 kcal/mol
 VdW interaction energy in the mix                 :       -20.79111 kcal/mol
 Gas liquid transition energy in the mix (H_glt)   :        12.32536 kcal/mol
 Normalized weight factor of molecule in compound  :         0.25836
 Normalized weight factor of molecule in gas phase :         0.16808

 Compound: 2 Conformer: 5 (2-heptanol_c4)
 Chemical potential of the molecule in the mixture :         5.38292 kcal/mol
 Log10(partial pressure [mbar])                    :         3.24195
 Free energy of molecule in mix (E_COSMO+dE+Mu)    :   -220745.58759 kcal/mol
 Total mean interaction energy in the mix          :        -9.82763 kcal/mol
 Misfit interaction energy in the mix              :         2.90166 kcal/mol
 H-Bond interaction energy in the mix              :        -4.28906 kcal/mol
 VdW interaction energy in the mix                 :       -20.76558 kcal/mol
 Gas liquid transition energy in the mix (H_glt)   :        12.32536 kcal/mol
 Normalized weight factor of molecule in compound  :         0.22215
 Normalized weight factor of molecule in gas phase :         0.14367

 Compound: 3 Conformer: 1 (lacticacid_c0)
 Chemical potential of the molecule in the mixture :         6.40778 kcal/mol
 Log10(partial pressure [mbar])                    :        -0.56828
 Free energy of molecule in mix (E_COSMO+dE+Mu)    :   -215742.27236 kcal/mol
 Total mean interaction energy in the mix          :        -7.35517 kcal/mol
 Misfit interaction energy in the mix              :         2.02311 kcal/mol
 H-Bond interaction energy in the mix              :        -4.39677 kcal/mol
 VdW interaction energy in the mix                 :       -13.23335 kcal/mol
 Gas liquid transition energy in the mix (H_glt)   :         8.25184 kcal/mol
 Normalized weight factor of molecule in compound  :         0.04355
 Normalized weight factor of molecule in gas phase :         0.00603

 Compound: 3 Conformer: 2 (lacticacid_c1)
 Chemical potential of the molecule in the mixture :         6.52931 kcal/mol
 Log10(partial pressure [mbar])                    :        -0.09308
 Free energy of molecule in mix (E_COSMO+dE+Mu)    :   -215741.96934 kcal/mol
 Total mean interaction energy in the mix          :        -6.91886 kcal/mol
 Misfit interaction energy in the mix              :         2.13221 kcal/mol
 H-Bond interaction energy in the mix              :        -4.09253 kcal/mol
 VdW interaction energy in the mix                 :       -13.21038 kcal/mol
 Gas liquid transition energy in the mix (H_glt)   :         8.25184 kcal/mol
 Normalized weight factor of molecule in compound  :         0.02676
 Normalized weight factor of molecule in gas phase :         0.01137

 Compound: 3 Conformer: 3 (lacticacid_c2)
 Chemical potential of the molecule in the mixture :         4.68597 kcal/mol
 Log10(partial pressure [mbar])                    :         0.59634
 Free energy of molecule in mix (E_COSMO+dE+Mu)    :   -215742.92049 kcal/mol
 Total mean interaction energy in the mix          :        -8.02166 kcal/mol
 Misfit interaction energy in the mix              :         2.06502 kcal/mol
 H-Bond interaction energy in the mix              :        -5.04301 kcal/mol
 VdW interaction energy in the mix                 :       -13.29552 kcal/mol
 Gas liquid transition energy in the mix (H_glt)   :         8.25184 kcal/mol
 Normalized weight factor of molecule in compound  :         0.12339
 Normalized weight factor of molecule in gas phase :         0.93300

 Compound: 3 Conformer: 4 (lacticacid_c3)
 Chemical potential of the molecule in the mixture :         2.93009 kcal/mol
 Log10(partial pressure [mbar])                    :        -1.66573
 Free energy of molecule in mix (E_COSMO+dE+Mu)    :   -215743.25534 kcal/mol
 Total mean interaction energy in the mix          :       -10.13585 kcal/mol
 Misfit interaction energy in the mix              :         1.98571 kcal/mol
 H-Bond interaction energy in the mix              :        -7.10126 kcal/mol
 VdW interaction energy in the mix                 :       -13.27215 kcal/mol
 Gas liquid transition energy in the mix (H_glt)   :         8.25184 kcal/mol
 Normalized weight factor of molecule in compound  :         0.21134
 Normalized weight factor of molecule in gas phase :         0.02822

 Compound: 3 Conformer: 5 (lacticacid_c4)
 Chemical potential of the molecule in the mixture :         2.41718 kcal/mol
 Log10(partial pressure [mbar])                    :        -3.58443
 Free energy of molecule in mix (E_COSMO+dE+Mu)    :   -215743.68165 kcal/mol
 Total mean interaction energy in the mix          :       -11.08392 kcal/mol
 Misfit interaction energy in the mix              :         1.96469 kcal/mol
 H-Bond interaction energy in the mix              :        -8.00704 kcal/mol
 VdW interaction energy in the mix                 :       -13.29341 kcal/mol
 Gas liquid transition energy in the mix (H_glt)   :         8.25184 kcal/mol
 Normalized weight factor of molecule in compound  :         0.41928
 Normalized weight factor of molecule in gas phase :         0.00067

 Compound: 3 Conformer: 6 (lacticacid_c5)
 Chemical potential of the molecule in the mixture :         2.89511 kcal/mol
 Log10(partial pressure [mbar])                    :        -1.71979
 Free energy of molecule in mix (E_COSMO+dE+Mu)    :   -215743.14036 kcal/mol
 Total mean interaction energy in the mix          :       -10.21102 kcal/mol
 Misfit interaction energy in the mix              :         1.96149 kcal/mol
 H-Bond interaction energy in the mix              :        -7.13063 kcal/mol
 VdW interaction energy in the mix                 :       -13.29373 kcal/mol
 Gas liquid transition energy in the mix (H_glt)   :         8.25184 kcal/mol
 Normalized weight factor of molecule in compound  :         0.17568
 Normalized weight factor of molecule in gas phase :         0.02069




 Results for mixture 26 - LIQ_EX Phase 2 Iteration   12
 ----------------------
 Temperature          :    313.150 K
 Compound Nr.         :         1         2         3
 Compound             :       h2o 2-heptano lacticaci
 Mole Fraction        :    0.2942    0.7033    0.0026

 Compound: 1  (h2o)
 Chemical potential of the compound in the mixture :         4.22851 kcal/mol
 Log10(partial pressure [mbar])                    :         2.05859
 Free energy of molecule in mix (E_COSMO+dE+Mu)    :    -47989.02476 kcal/mol
 Total mean interaction energy in the mix (H_int)  :        -5.12281 kcal/mol
 Misfit interaction energy in the mix (H_MF)       :         1.02039 kcal/mol
 H-Bond interaction energy in the mix (H_HB)       :        -4.49901 kcal/mol
 VdW interaction energy in the mix (H_vdW)         :        -4.57625 kcal/mol
 Gas liquid transition energy in the mix (H_glt)   :         2.93205 kcal/mol
 Equilibrium constant Kx(1,2)                      :         3.38817
 Equilibrium concentration x_k(1,2)                :         0.77211

 Compound: 2  (2-heptanol)
 Chemical potential of the compound in the mixture :         0.17831 kcal/mol
 Log10(partial pressure [mbar])                    :         0.35610
 Free energy of molecule in mix (E_COSMO+dE+Mu)    :   -220750.92645 kcal/mol
 Total mean interaction energy in the mix (H_int)  :        -9.81559 kcal/mol
 Misfit interaction energy in the mix (H_MF)       :         2.32236 kcal/mol
 H-Bond interaction energy in the mix (H_HB)       :        -3.08117 kcal/mol
 VdW interaction energy in the mix (H_vdW)         :       -21.50517 kcal/mol
 Gas liquid transition energy in the mix (H_glt)   :        12.32536 kcal/mol
 Equilibrium constant Kx(1,2)                      :  8.46037782E-04
 Equilibrium concentration x_k(1,2)                :         0.00085

 Compound: 3  (lacticacid)
 Chemical potential of the compound in the mixture :         4.14404 kcal/mol
 Log10(partial pressure [mbar])                    :        -1.01015
 Free energy of molecule in mix (E_COSMO+dE+Mu)    :   -215744.53611 kcal/mol
 Total mean interaction energy in the mix (H_int)  :        -6.01633 kcal/mol
 Misfit interaction energy in the mix (H_MF)       :         2.36439 kcal/mol
 H-Bond interaction energy in the mix (H_HB)       :        -4.31794 kcal/mol
 VdW interaction energy in the mix (H_vdW)         :       -13.94183 kcal/mol
 Gas liquid transition energy in the mix (H_glt)   :         8.25184 kcal/mol
 Equilibrium constant Kx(1,2)                      :         0.60420
 Equilibrium concentration x_k(1,2)                :         0.37664



 Compound: 1 Conformer: 1 (h2o_c0)
 Chemical potential of the molecule in the mixture :         4.22851 kcal/mol
 Log10(partial pressure [mbar])                    :         2.05859
 Free energy of molecule in mix (E_COSMO+dE+Mu)    :    -47989.02476 kcal/mol
 Total mean interaction energy in the mix          :        -5.12281 kcal/mol
 Misfit interaction energy in the mix              :         1.02039 kcal/mol
 H-Bond interaction energy in the mix              :        -4.49901 kcal/mol
 VdW interaction energy in the mix                 :        -4.57625 kcal/mol
 Gas liquid transition energy in the mix (H_glt)   :         2.93205 kcal/mol
 Normalized weight factor of molecule in compound  :         1.00000
 Normalized weight factor of molecule in gas phase :         1.00000

 Compound: 2 Conformer: 1 (2-heptanol_c0)
 Chemical potential of the molecule in the mixture :         1.33109 kcal/mol
 Log10(partial pressure [mbar])                    :         0.63467
 Free energy of molecule in mix (E_COSMO+dE+Mu)    :   -220749.77367 kcal/mol
 Total mean interaction energy in the mix          :        -9.68517 kcal/mol
 Misfit interaction energy in the mix              :         2.40074 kcal/mol
 H-Bond interaction energy in the mix              :        -2.91710 kcal/mol
 VdW interaction energy in the mix                 :       -21.49417 kcal/mol
 Gas liquid transition energy in the mix (H_glt)   :        12.32536 kcal/mol
 Normalized weight factor of molecule in compound  :         0.15685
 Normalized weight factor of molecule in gas phase :         0.25848

 Compound: 2 Conformer: 2 (2-heptanol_c1)
 Chemical potential of the molecule in the mixture :         0.81969 kcal/mol
 Log10(partial pressure [mbar])                    :         0.31768
 Free energy of molecule in mix (E_COSMO+dE+Mu)    :   -220750.05275 kcal/mol
 Total mean interaction energy in the mix          :       -10.05945 kcal/mol
 Misfit interaction energy in the mix              :         2.23725 kcal/mol
 H-Bond interaction energy in the mix              :        -3.04804 kcal/mol
 VdW interaction energy in the mix                 :       -21.57401 kcal/mol
 Gas liquid transition energy in the mix (H_glt)   :        12.32536 kcal/mol
 Normalized weight factor of molecule in compound  :         0.24561
 Normalized weight factor of molecule in gas phase :         0.21915

 Compound: 2 Conformer: 3 (2-heptanol_c2)
 Chemical potential of the molecule in the mixture :         1.15185 kcal/mol
 Log10(partial pressure [mbar])                    :         0.48036
 Free energy of molecule in mix (E_COSMO+dE+Mu)    :   -220749.78756 kcal/mol
 Total mean interaction energy in the mix          :        -9.63534 kcal/mol
 Misfit interaction energy in the mix              :         2.32622 kcal/mol
 H-Bond interaction energy in the mix              :        -2.77175 kcal/mol
 VdW interaction energy in the mix                 :       -21.51517 kcal/mol
 Gas liquid transition energy in the mix (H_glt)   :        12.32536 kcal/mol
 Normalized weight factor of molecule in compound  :         0.16039
 Normalized weight factor of molecule in gas phase :         0.21063

 Compound: 2 Conformer: 4 (2-heptanol_c3)
 Chemical potential of the molecule in the mixture :         1.02385 kcal/mol
 Log10(partial pressure [mbar])                    :         0.20940
 Free energy of molecule in mix (E_COSMO+dE+Mu)    :   -220750.02814 kcal/mol
 Total mean interaction energy in the mix          :       -10.07540 kcal/mol
 Misfit interaction energy in the mix              :         2.34667 kcal/mol
 H-Bond interaction energy in the mix              :        -3.26791 kcal/mol
 VdW interaction energy in the mix                 :       -21.47951 kcal/mol
 Gas liquid transition energy in the mix (H_glt)   :        12.32536 kcal/mol
 Normalized weight factor of molecule in compound  :         0.23609
 Normalized weight factor of molecule in gas phase :         0.16808

 Compound: 2 Conformer: 5 (2-heptanol_c4)
 Chemical potential of the molecule in the mixture :         1.04230 kcal/mol
 Log10(partial pressure [mbar])                    :         0.21266
 Free energy of molecule in mix (E_COSMO+dE+Mu)    :   -220749.92821 kcal/mol
 Total mean interaction energy in the mix          :       -10.07007 kcal/mol
 Misfit interaction energy in the mix              :         2.33359 kcal/mol
 H-Bond interaction energy in the mix              :        -3.27718 kcal/mol
 VdW interaction energy in the mix                 :       -21.45184 kcal/mol
 Gas liquid transition energy in the mix (H_glt)   :        12.32536 kcal/mol
 Normalized weight factor of molecule in compound  :         0.20106
 Normalized weight factor of molecule in gas phase :         0.14367

 Compound: 3 Conformer: 1 (lacticacid_c0)
 Chemical potential of the molecule in the mixture :         5.92045 kcal/mol
 Log10(partial pressure [mbar])                    :        -0.90838
 Free energy of molecule in mix (E_COSMO+dE+Mu)    :   -215742.75969 kcal/mol
 Total mean interaction energy in the mix          :        -5.97628 kcal/mol
 Misfit interaction energy in the mix              :         2.75996 kcal/mol
 H-Bond interaction energy in the mix              :        -3.08186 kcal/mol
 VdW interaction energy in the mix                 :       -13.90622 kcal/mol
 Gas liquid transition energy in the mix (H_glt)   :         8.25184 kcal/mol
 Normalized weight factor of molecule in compound  :         0.05758
 Normalized weight factor of molecule in gas phase :         0.00603

 Compound: 3 Conformer: 2 (lacticacid_c1)
 Chemical potential of the molecule in the mixture :         6.23928 kcal/mol
 Log10(partial pressure [mbar])                    :        -0.29549
 Free energy of molecule in mix (E_COSMO+dE+Mu)    :   -215742.25937 kcal/mol
 Total mean interaction energy in the mix          :        -5.51671 kcal/mol
 Misfit interaction energy in the mix              :         2.81727 kcal/mol
 H-Bond interaction energy in the mix              :        -2.71305 kcal/mol
 VdW interaction energy in the mix                 :       -13.87277 kcal/mol
 Gas liquid transition energy in the mix (H_glt)   :         8.25184 kcal/mol
 Normalized weight factor of molecule in compound  :         0.02577
 Normalized weight factor of molecule in gas phase :         0.01137

 Compound: 3 Conformer: 3 (lacticacid_c2)
 Chemical potential of the molecule in the mixture :         3.51416 kcal/mol
 Log10(partial pressure [mbar])                    :        -0.22146
 Free energy of molecule in mix (E_COSMO+dE+Mu)    :   -215744.09230 kcal/mol
 Total mean interaction energy in the mix          :        -7.10953 kcal/mol
 Misfit interaction energy in the mix              :         2.23736 kcal/mol
 H-Bond interaction energy in the mix              :        -3.65119 kcal/mol
 VdW interaction energy in the mix                 :       -13.94754 kcal/mol
 Gas liquid transition energy in the mix (H_glt)   :         8.25184 kcal/mol
 Normalized weight factor of molecule in compound  :         0.49009
 Normalized weight factor of molecule in gas phase :         0.93300

 Compound: 3 Conformer: 4 (lacticacid_c3)
 Chemical potential of the molecule in the mixture :         2.77087 kcal/mol
 Log10(partial pressure [mbar])                    :        -1.77685
 Free energy of molecule in mix (E_COSMO+dE+Mu)    :   -215743.41456 kcal/mol
 Total mean interaction energy in the mix          :        -8.41950 kcal/mol
 Misfit interaction energy in the mix              :         2.36884 kcal/mol
 H-Bond interaction energy in the mix              :        -5.11578 kcal/mol
 VdW interaction energy in the mix                 :       -13.92440 kcal/mol
 Gas liquid transition energy in the mix (H_glt)   :         8.25184 kcal/mol
 Normalized weight factor of molecule in compound  :         0.16492
 Normalized weight factor of molecule in gas phase :         0.02822

 Compound: 3 Conformer: 5 (lacticacid_c4)
 Chemical potential of the molecule in the mixture :         2.92665 kcal/mol
 Log10(partial pressure [mbar])                    :        -3.22887
 Free energy of molecule in mix (E_COSMO+dE+Mu)    :   -215743.17218 kcal/mol
 Total mean interaction energy in the mix          :        -8.93188 kcal/mol
 Misfit interaction energy in the mix              :         2.64305 kcal/mol
 H-Bond interaction energy in the mix              :        -5.86262 kcal/mol
 VdW interaction energy in the mix                 :       -13.96415 kcal/mol
 Gas liquid transition energy in the mix (H_glt)   :         8.25184 kcal/mol
 Normalized weight factor of molecule in compound  :         0.11172
 Normalized weight factor of molecule in gas phase :         0.00067

 Compound: 3 Conformer: 6 (lacticacid_c5)
 Chemical potential of the molecule in the mixture :         2.68022 kcal/mol
 Log10(partial pressure [mbar])                    :        -1.86976
 Free energy of molecule in mix (E_COSMO+dE+Mu)    :   -215743.35524 kcal/mol
 Total mean interaction energy in the mix          :        -8.58129 kcal/mol
 Misfit interaction energy in the mix              :         2.33738 kcal/mol
 H-Bond interaction energy in the mix              :        -5.21929 kcal/mol
 VdW interaction energy in the mix                 :       -13.95123 kcal/mol
 Gas liquid transition energy in the mix (H_glt)   :         8.25184 kcal/mol
 Normalized weight factor of molecule in compound  :         0.14993
 Normalized weight factor of molecule in gas phase :         0.02069




 Results for mixture 27 - LIQ_EX Phase 1 Iteration   13
 ----------------------
 Temperature          :    313.150 K
 Compound Nr.         :         1         2         3
 Compound             :       h2o 2-heptano lacticaci
 Mole Fraction        :    0.9979    0.0006    0.0015

 Compound: 1  (h2o)
 Chemical potential of the compound in the mixture :         3.46913 kcal/mol
 Log10(partial pressure [mbar])                    :         1.52862
 Free energy of molecule in mix (E_COSMO+dE+Mu)    :    -47989.78414 kcal/mol
 Total mean interaction energy in the mix (H_int)  :        -5.54516 kcal/mol
 Misfit interaction energy in the mix (H_MF)       :         0.59138 kcal/mol
 H-Bond interaction energy in the mix (H_HB)       :        -4.72879 kcal/mol
 VdW interaction energy in the mix (H_vdW)         :        -4.33980 kcal/mol
 Gas liquid transition energy in the mix (H_glt)   :         2.93205 kcal/mol

 Compound: 2  (2-heptanol)
 Chemical potential of the compound in the mixture :         4.58103 kcal/mol
 Log10(partial pressure [mbar])                    :         3.42873
 Free energy of molecule in mix (E_COSMO+dE+Mu)    :   -220746.52373 kcal/mol
 Total mean interaction energy in the mix (H_int)  :        -9.66629 kcal/mol
 Misfit interaction energy in the mix (H_MF)       :         2.91157 kcal/mol
 H-Bond interaction energy in the mix (H_HB)       :        -4.19334 kcal/mol
 VdW interaction energy in the mix (H_vdW)         :       -20.81039 kcal/mol
 Gas liquid transition energy in the mix (H_glt)   :        12.32536 kcal/mol

 Compound: 3  (lacticacid)
 Chemical potential of the compound in the mixture :         4.45758 kcal/mol
 Log10(partial pressure [mbar])                    :        -0.79133
 Free energy of molecule in mix (E_COSMO+dE+Mu)    :   -215744.22256 kcal/mol
 Total mean interaction energy in the mix (H_int)  :        -7.86703 kcal/mol
 Misfit interaction energy in the mix (H_MF)       :         1.98797 kcal/mol
 H-Bond interaction energy in the mix (H_HB)       :        -7.03394 kcal/mol
 VdW interaction energy in the mix (H_vdW)         :       -13.28439 kcal/mol
 Gas liquid transition energy in the mix (H_glt)   :         8.25184 kcal/mol



 Compound: 1 Conformer: 1 (h2o_c0)
 Chemical potential of the molecule in the mixture :         3.46913 kcal/mol
 Log10(partial pressure [mbar])                    :         1.52862
 Free energy of molecule in mix (E_COSMO+dE+Mu)    :    -47989.78414 kcal/mol
 Total mean interaction energy in the mix          :        -5.54516 kcal/mol
 Misfit interaction energy in the mix              :         0.59138 kcal/mol
 H-Bond interaction energy in the mix              :        -4.72879 kcal/mol
 VdW interaction energy in the mix                 :        -4.33980 kcal/mol
 Gas liquid transition energy in the mix (H_glt)   :         2.93205 kcal/mol
 Normalized weight factor of molecule in compound  :         1.00000
 Normalized weight factor of molecule in gas phase :         1.00000

 Compound: 2 Conformer: 1 (2-heptanol_c0)
 Chemical potential of the molecule in the mixture :         5.47583 kcal/mol
 Log10(partial pressure [mbar])                    :         3.52725
 Free energy of molecule in mix (E_COSMO+dE+Mu)    :   -220745.62893 kcal/mol
 Total mean interaction energy in the mix          :        -9.77196 kcal/mol
 Misfit interaction energy in the mix              :         2.92771 kcal/mol
 H-Bond interaction energy in the mix              :        -4.21800 kcal/mol
 VdW interaction energy in the mix                 :       -20.80703 kcal/mol
 Gas liquid transition energy in the mix (H_glt)   :        12.32536 kcal/mol
 Normalized weight factor of molecule in compound  :         0.23742
 Normalized weight factor of molecule in gas phase :         0.25848

 Compound: 2 Conformer: 2 (2-heptanol_c1)
 Chemical potential of the molecule in the mixture :         5.50684 kcal/mol
 Log10(partial pressure [mbar])                    :         3.58882
 Free energy of molecule in mix (E_COSMO+dE+Mu)    :   -220745.36560 kcal/mol
 Total mean interaction energy in the mix          :        -9.76926 kcal/mol
 Misfit interaction energy in the mix              :         2.89237 kcal/mol
 H-Bond interaction energy in the mix              :        -4.09461 kcal/mol
 VdW interaction energy in the mix                 :       -20.89238 kcal/mol
 Gas liquid transition energy in the mix (H_glt)   :        12.32536 kcal/mol
 Normalized weight factor of molecule in compound  :         0.15550
 Normalized weight factor of molecule in gas phase :         0.21915

 Compound: 2 Conformer: 3 (2-heptanol_c2)
 Chemical potential of the molecule in the mixture :         5.70200 kcal/mol
 Log10(partial pressure [mbar])                    :         3.65588
 Free energy of molecule in mix (E_COSMO+dE+Mu)    :   -220745.23741 kcal/mol
 Total mean interaction energy in the mix          :        -9.58683 kcal/mol
 Misfit interaction energy in the mix              :         2.89878 kcal/mol
 H-Bond interaction energy in the mix              :        -3.97695 kcal/mol
 VdW interaction energy in the mix                 :       -20.83402 kcal/mol
 Gas liquid transition energy in the mix (H_glt)   :        12.32536 kcal/mol
 Normalized weight factor of molecule in compound  :         0.12656
 Normalized weight factor of molecule in gas phase :         0.21063

 Compound: 2 Conformer: 4 (2-heptanol_c3)
 Chemical potential of the molecule in the mixture :         5.37046 kcal/mol
 Log10(partial pressure [mbar])                    :         3.24287
 Free energy of molecule in mix (E_COSMO+dE+Mu)    :   -220745.68153 kcal/mol
 Total mean interaction energy in the mix          :        -9.79644 kcal/mol
 Misfit interaction energy in the mix              :         2.92311 kcal/mol
 H-Bond interaction energy in the mix              :        -4.25379 kcal/mol
 VdW interaction energy in the mix                 :       -20.79111 kcal/mol
 Gas liquid transition energy in the mix (H_glt)   :        12.32536 kcal/mol
 Normalized weight factor of molecule in compound  :         0.25836
 Normalized weight factor of molecule in gas phase :         0.16808

 Compound: 2 Conformer: 5 (2-heptanol_c4)
 Chemical potential of the molecule in the mixture :         5.38295 kcal/mol
 Log10(partial pressure [mbar])                    :         3.24197
 Free energy of molecule in mix (E_COSMO+dE+Mu)    :   -220745.58756 kcal/mol
 Total mean interaction energy in the mix          :        -9.82763 kcal/mol
 Misfit interaction energy in the mix              :         2.90165 kcal/mol
 H-Bond interaction energy in the mix              :        -4.28906 kcal/mol
 VdW interaction energy in the mix                 :       -20.76557 kcal/mol
 Gas liquid transition energy in the mix (H_glt)   :        12.32536 kcal/mol
 Normalized weight factor of molecule in compound  :         0.22215
 Normalized weight factor of molecule in gas phase :         0.14367

 Compound: 3 Conformer: 1 (lacticacid_c0)
 Chemical potential of the molecule in the mixture :         6.40779 kcal/mol
 Log10(partial pressure [mbar])                    :        -0.56828
 Free energy of molecule in mix (E_COSMO+dE+Mu)    :   -215742.27235 kcal/mol
 Total mean interaction energy in the mix          :        -7.35517 kcal/mol
 Misfit interaction energy in the mix              :         2.02311 kcal/mol
 H-Bond interaction energy in the mix              :        -4.39678 kcal/mol
 VdW interaction energy in the mix                 :       -13.23334 kcal/mol
 Gas liquid transition energy in the mix (H_glt)   :         8.25184 kcal/mol
 Normalized weight factor of molecule in compound  :         0.04355
 Normalized weight factor of molecule in gas phase :         0.00603

 Compound: 3 Conformer: 2 (lacticacid_c1)
 Chemical potential of the molecule in the mixture :         6.52931 kcal/mol
 Log10(partial pressure [mbar])                    :        -0.09308
 Free energy of molecule in mix (E_COSMO+dE+Mu)    :   -215741.96933 kcal/mol
 Total mean interaction energy in the mix          :        -6.91886 kcal/mol
 Misfit interaction energy in the mix              :         2.13221 kcal/mol
 H-Bond interaction energy in the mix              :        -4.09253 kcal/mol
 VdW interaction energy in the mix                 :       -13.21038 kcal/mol
 Gas liquid transition energy in the mix (H_glt)   :         8.25184 kcal/mol
 Normalized weight factor of molecule in compound  :         0.02676
 Normalized weight factor of molecule in gas phase :         0.01137

 Compound: 3 Conformer: 3 (lacticacid_c2)
 Chemical potential of the molecule in the mixture :         4.68598 kcal/mol
 Log10(partial pressure [mbar])                    :         0.59634
 Free energy of molecule in mix (E_COSMO+dE+Mu)    :   -215742.92048 kcal/mol
 Total mean interaction energy in the mix          :        -8.02166 kcal/mol
 Misfit interaction energy in the mix              :         2.06502 kcal/mol
 H-Bond interaction energy in the mix              :        -5.04301 kcal/mol
 VdW interaction energy in the mix                 :       -13.29551 kcal/mol
 Gas liquid transition energy in the mix (H_glt)   :         8.25184 kcal/mol
 Normalized weight factor of molecule in compound  :         0.12339
 Normalized weight factor of molecule in gas phase :         0.93300

 Compound: 3 Conformer: 4 (lacticacid_c3)
 Chemical potential of the molecule in the mixture :         2.93010 kcal/mol
 Log10(partial pressure [mbar])                    :        -1.66572
 Free energy of molecule in mix (E_COSMO+dE+Mu)    :   -215743.25533 kcal/mol
 Total mean interaction energy in the mix          :       -10.13586 kcal/mol
 Misfit interaction energy in the mix              :         1.98571 kcal/mol
 H-Bond interaction energy in the mix              :        -7.10126 kcal/mol
 VdW interaction energy in the mix                 :       -13.27214 kcal/mol
 Gas liquid transition energy in the mix (H_glt)   :         8.25184 kcal/mol
 Normalized weight factor of molecule in compound  :         0.21134
 Normalized weight factor of molecule in gas phase :         0.02822

 Compound: 3 Conformer: 5 (lacticacid_c4)
 Chemical potential of the molecule in the mixture :         2.41718 kcal/mol
 Log10(partial pressure [mbar])                    :        -3.58443
 Free energy of molecule in mix (E_COSMO+dE+Mu)    :   -215743.68165 kcal/mol
 Total mean interaction energy in the mix          :       -11.08393 kcal/mol
 Misfit interaction energy in the mix              :         1.96469 kcal/mol
 H-Bond interaction energy in the mix              :        -8.00705 kcal/mol
 VdW interaction energy in the mix                 :       -13.29341 kcal/mol
 Gas liquid transition energy in the mix (H_glt)   :         8.25184 kcal/mol
 Normalized weight factor of molecule in compound  :         0.41928
 Normalized weight factor of molecule in gas phase :         0.00067

 Compound: 3 Conformer: 6 (lacticacid_c5)
 Chemical potential of the molecule in the mixture :         2.89512 kcal/mol
 Log10(partial pressure [mbar])                    :        -1.71978
 Free energy of molecule in mix (E_COSMO+dE+Mu)    :   -215743.14035 kcal/mol
 Total mean interaction energy in the mix          :       -10.21103 kcal/mol
 Misfit interaction energy in the mix              :         1.96148 kcal/mol
 H-Bond interaction energy in the mix              :        -7.13063 kcal/mol
 VdW interaction energy in the mix                 :       -13.29372 kcal/mol
 Gas liquid transition energy in the mix (H_glt)   :         8.25184 kcal/mol
 Normalized weight factor of molecule in compound  :         0.17568
 Normalized weight factor of molecule in gas phase :         0.02069




 Results for mixture 28 - LIQ_EX Phase 2 Iteration   13
 ----------------------
 Temperature          :    313.150 K
 Compound Nr.         :         1         2         3
 Compound             :       h2o 2-heptano lacticaci
 Mole Fraction        :    0.2944    0.7031    0.0026

 Compound: 1  (h2o)
 Chemical potential of the compound in the mixture :         4.22840 kcal/mol
 Log10(partial pressure [mbar])                    :         2.05851
 Free energy of molecule in mix (E_COSMO+dE+Mu)    :    -47989.02487 kcal/mol
 Total mean interaction energy in the mix (H_int)  :        -5.12307 kcal/mol
 Misfit interaction energy in the mix (H_MF)       :         1.02016 kcal/mol
 H-Bond interaction energy in the mix (H_HB)       :        -4.49906 kcal/mol
 VdW interaction energy in the mix (H_vdW)         :        -4.57622 kcal/mol
 Gas liquid transition energy in the mix (H_glt)   :         2.93205 kcal/mol
 Equilibrium constant Kx(1,2)                      :         3.38758
 Equilibrium concentration x_k(1,2)                :         0.77208

 Compound: 2  (2-heptanol)
 Chemical potential of the compound in the mixture :         0.17836 kcal/mol
 Log10(partial pressure [mbar])                    :         0.35614
 Free energy of molecule in mix (E_COSMO+dE+Mu)    :   -220750.92640 kcal/mol
 Total mean interaction energy in the mix (H_int)  :        -9.81571 kcal/mol
 Misfit interaction energy in the mix (H_MF)       :         2.32251 kcal/mol
 H-Bond interaction energy in the mix (H_HB)       :        -3.08151 kcal/mol
 VdW interaction energy in the mix (H_vdW)         :       -21.50510 kcal/mol
 Gas liquid transition energy in the mix (H_glt)   :        12.32536 kcal/mol
 Equilibrium constant Kx(1,2)                      :  8.46063952E-04
 Equilibrium concentration x_k(1,2)                :         0.00085

 Compound: 3  (lacticacid)
 Chemical potential of the compound in the mixture :         4.14385 kcal/mol
 Log10(partial pressure [mbar])                    :        -1.01028
 Free energy of molecule in mix (E_COSMO+dE+Mu)    :   -215744.53629 kcal/mol
 Total mean interaction energy in the mix (H_int)  :        -6.01680 kcal/mol
 Misfit interaction energy in the mix (H_MF)       :         2.36419 kcal/mol
 H-Bond interaction energy in the mix (H_HB)       :        -4.31837 kcal/mol
 VdW interaction energy in the mix (H_vdW)         :       -13.94175 kcal/mol
 Gas liquid transition energy in the mix (H_glt)   :         8.25184 kcal/mol
 Equilibrium constant Kx(1,2)                      :         0.60401
 Equilibrium concentration x_k(1,2)                :         0.37656



 Compound: 1 Conformer: 1 (h2o_c0)
 Chemical potential of the molecule in the mixture :         4.22840 kcal/mol
 Log10(partial pressure [mbar])                    :         2.05851
 Free energy of molecule in mix (E_COSMO+dE+Mu)    :    -47989.02487 kcal/mol
 Total mean interaction energy in the mix          :        -5.12307 kcal/mol
 Misfit interaction energy in the mix              :         1.02016 kcal/mol
 H-Bond interaction energy in the mix              :        -4.49906 kcal/mol
 VdW interaction energy in the mix                 :        -4.57622 kcal/mol
 Gas liquid transition energy in the mix (H_glt)   :         2.93205 kcal/mol
 Normalized weight factor of molecule in compound  :         1.00000
 Normalized weight factor of molecule in gas phase :         1.00000

 Compound: 2 Conformer: 1 (2-heptanol_c0)
 Chemical potential of the molecule in the mixture :         1.33106 kcal/mol
 Log10(partial pressure [mbar])                    :         0.63464
 Free energy of molecule in mix (E_COSMO+dE+Mu)    :   -220749.77370 kcal/mol
 Total mean interaction energy in the mix          :        -9.68538 kcal/mol
 Misfit interaction energy in the mix              :         2.40089 kcal/mol
 H-Bond interaction energy in the mix              :        -2.91754 kcal/mol
 VdW interaction energy in the mix                 :       -21.49410 kcal/mol
 Gas liquid transition energy in the mix (H_glt)   :        12.32536 kcal/mol
 Normalized weight factor of molecule in compound  :         0.15687
 Normalized weight factor of molecule in gas phase :         0.25848

 Compound: 2 Conformer: 2 (2-heptanol_c1)
 Chemical potential of the molecule in the mixture :         0.81978 kcal/mol
 Log10(partial pressure [mbar])                    :         0.31775
 Free energy of molecule in mix (E_COSMO+dE+Mu)    :   -220750.05265 kcal/mol
 Total mean interaction energy in the mix          :       -10.05953 kcal/mol
 Misfit interaction energy in the mix              :         2.23739 kcal/mol
 H-Bond interaction energy in the mix              :        -3.04833 kcal/mol
 VdW interaction energy in the mix                 :       -21.57394 kcal/mol
 Gas liquid transition energy in the mix (H_glt)   :        12.32536 kcal/mol
 Normalized weight factor of molecule in compound  :         0.24559
 Normalized weight factor of molecule in gas phase :         0.21915

 Compound: 2 Conformer: 3 (2-heptanol_c2)
 Chemical potential of the molecule in the mixture :         1.15192 kcal/mol
 Log10(partial pressure [mbar])                    :         0.48041
 Free energy of molecule in mix (E_COSMO+dE+Mu)    :   -220749.78749 kcal/mol
 Total mean interaction energy in the mix          :        -9.63548 kcal/mol
 Misfit interaction energy in the mix              :         2.32635 kcal/mol
 H-Bond interaction energy in the mix              :        -2.77209 kcal/mol
 VdW interaction energy in the mix                 :       -21.51510 kcal/mol
 Gas liquid transition energy in the mix (H_glt)   :        12.32536 kcal/mol
 Normalized weight factor of molecule in compound  :         0.16038
 Normalized weight factor of molecule in gas phase :         0.21063

 Compound: 2 Conformer: 4 (2-heptanol_c3)
 Chemical potential of the molecule in the mixture :         1.02390 kcal/mol
 Log10(partial pressure [mbar])                    :         0.20943
 Free energy of molecule in mix (E_COSMO+dE+Mu)    :   -220750.02810 kcal/mol
 Total mean interaction energy in the mix          :       -10.07550 kcal/mol
 Misfit interaction energy in the mix              :         2.34681 kcal/mol
 H-Bond interaction energy in the mix              :        -3.26824 kcal/mol
 VdW interaction energy in the mix                 :       -21.47943 kcal/mol
 Gas liquid transition energy in the mix (H_glt)   :        12.32536 kcal/mol
 Normalized weight factor of molecule in compound  :         0.23609
 Normalized weight factor of molecule in gas phase :         0.16808

 Compound: 2 Conformer: 5 (2-heptanol_c4)
 Chemical potential of the molecule in the mixture :         1.04234 kcal/mol
 Log10(partial pressure [mbar])                    :         0.21269
 Free energy of molecule in mix (E_COSMO+dE+Mu)    :   -220749.92817 kcal/mol
 Total mean interaction energy in the mix          :       -10.07018 kcal/mol
 Misfit interaction energy in the mix              :         2.33373 kcal/mol
 H-Bond interaction energy in the mix              :        -3.27751 kcal/mol
 VdW interaction energy in the mix                 :       -21.45177 kcal/mol
 Gas liquid transition energy in the mix (H_glt)   :        12.32536 kcal/mol
 Normalized weight factor of molecule in compound  :         0.20107
 Normalized weight factor of molecule in gas phase :         0.14367

 Compound: 3 Conformer: 1 (lacticacid_c0)
 Chemical potential of the molecule in the mixture :         5.92024 kcal/mol
 Log10(partial pressure [mbar])                    :        -0.90853
 Free energy of molecule in mix (E_COSMO+dE+Mu)    :   -215742.75990 kcal/mol
 Total mean interaction energy in the mix          :        -5.97676 kcal/mol
 Misfit interaction energy in the mix              :         2.75963 kcal/mol
 H-Bond interaction energy in the mix              :        -3.08208 kcal/mol
 VdW interaction energy in the mix                 :       -13.90615 kcal/mol
 Gas liquid transition energy in the mix (H_glt)   :         8.25184 kcal/mol
 Normalized weight factor of molecule in compound  :         0.05758
 Normalized weight factor of molecule in gas phase :         0.00603

 Compound: 3 Conformer: 2 (lacticacid_c1)
 Chemical potential of the molecule in the mixture :         6.23901 kcal/mol
 Log10(partial pressure [mbar])                    :        -0.29568
 Free energy of molecule in mix (E_COSMO+dE+Mu)    :   -215742.25964 kcal/mol
 Total mean interaction energy in the mix          :        -5.51714 kcal/mol
 Misfit interaction energy in the mix              :         2.81699 kcal/mol
 H-Bond interaction energy in the mix              :        -2.71327 kcal/mol
 VdW interaction energy in the mix                 :       -13.87270 kcal/mol
 Gas liquid transition energy in the mix (H_glt)   :         8.25184 kcal/mol
 Normalized weight factor of molecule in compound  :         0.02577
 Normalized weight factor of molecule in gas phase :         0.01137

 Compound: 3 Conformer: 3 (lacticacid_c2)
 Chemical potential of the molecule in the mixture :         3.51407 kcal/mol
 Log10(partial pressure [mbar])                    :        -0.22153
 Free energy of molecule in mix (E_COSMO+dE+Mu)    :   -215744.09240 kcal/mol
 Total mean interaction energy in the mix          :        -7.10988 kcal/mol
 Misfit interaction energy in the mix              :         2.23720 kcal/mol
 H-Bond interaction energy in the mix              :        -3.65144 kcal/mol
 VdW interaction energy in the mix                 :       -13.94748 kcal/mol
 Gas liquid transition energy in the mix (H_glt)   :         8.25184 kcal/mol
 Normalized weight factor of molecule in compound  :         0.49001
 Normalized weight factor of molecule in gas phase :         0.93300

 Compound: 3 Conformer: 4 (lacticacid_c3)
 Chemical potential of the molecule in the mixture :         2.77060 kcal/mol
 Log10(partial pressure [mbar])                    :        -1.77704
 Free energy of molecule in mix (E_COSMO+dE+Mu)    :   -215743.41483 kcal/mol
 Total mean interaction energy in the mix          :        -8.42004 kcal/mol
 Misfit interaction energy in the mix              :         2.36857 kcal/mol
 H-Bond interaction energy in the mix              :        -5.11614 kcal/mol
 VdW interaction energy in the mix                 :       -13.92432 kcal/mol
 Gas liquid transition energy in the mix (H_glt)   :         8.25184 kcal/mol
 Normalized weight factor of molecule in compound  :         0.16494
 Normalized weight factor of molecule in gas phase :         0.02822

 Compound: 3 Conformer: 5 (lacticacid_c4)
 Chemical potential of the molecule in the mixture :         2.92629 kcal/mol
 Log10(partial pressure [mbar])                    :        -3.22912
 Free energy of molecule in mix (E_COSMO+dE+Mu)    :   -215743.17254 kcal/mol
 Total mean interaction energy in the mix          :        -8.93260 kcal/mol
 Misfit interaction energy in the mix              :         2.64274 kcal/mol
 H-Bond interaction energy in the mix              :        -5.86312 kcal/mol
 VdW interaction energy in the mix                 :       -13.96406 kcal/mol
 Gas liquid transition energy in the mix (H_glt)   :         8.25184 kcal/mol
 Normalized weight factor of molecule in compound  :         0.11175
 Normalized weight factor of molecule in gas phase :         0.00067

 Compound: 3 Conformer: 6 (lacticacid_c5)
 Chemical potential of the molecule in the mixture :         2.67997 kcal/mol
 Log10(partial pressure [mbar])                    :        -1.86993
 Free energy of molecule in mix (E_COSMO+dE+Mu)    :   -215743.35549 kcal/mol
 Total mean interaction energy in the mix          :        -8.58182 kcal/mol
 Misfit interaction energy in the mix              :         2.33711 kcal/mol
 H-Bond interaction energy in the mix              :        -5.21962 kcal/mol
 VdW interaction energy in the mix                 :       -13.95115 kcal/mol
 Gas liquid transition energy in the mix (H_glt)   :         8.25184 kcal/mol
 Normalized weight factor of molecule in compound  :         0.14994
 Normalized weight factor of molecule in gas phase :         0.02069




 Results for mixture 29 - LIQ_EX Phase 1 Iteration   14
 ----------------------
 Temperature          :    313.150 K
 Compound Nr.         :         1         2         3
 Compound             :       h2o 2-heptano lacticaci
 Mole Fraction        :    0.9979    0.0006    0.0015

 Compound: 1  (h2o)
 Chemical potential of the compound in the mixture :         3.46913 kcal/mol
 Log10(partial pressure [mbar])                    :         1.52862
 Free energy of molecule in mix (E_COSMO+dE+Mu)    :    -47989.78414 kcal/mol
 Total mean interaction energy in the mix (H_int)  :        -5.54515 kcal/mol
 Misfit interaction energy in the mix (H_MF)       :         0.59138 kcal/mol
 H-Bond interaction energy in the mix (H_HB)       :        -4.72879 kcal/mol
 VdW interaction energy in the mix (H_vdW)         :        -4.33980 kcal/mol
 Gas liquid transition energy in the mix (H_glt)   :         2.93205 kcal/mol

 Compound: 2  (2-heptanol)
 Chemical potential of the compound in the mixture :         4.58105 kcal/mol
 Log10(partial pressure [mbar])                    :         3.42874
 Free energy of molecule in mix (E_COSMO+dE+Mu)    :   -220746.52372 kcal/mol
 Total mean interaction energy in the mix (H_int)  :        -9.66629 kcal/mol
 Misfit interaction energy in the mix (H_MF)       :         2.91157 kcal/mol
 H-Bond interaction energy in the mix (H_HB)       :        -4.19334 kcal/mol
 VdW interaction energy in the mix (H_vdW)         :       -20.81039 kcal/mol
 Gas liquid transition energy in the mix (H_glt)   :        12.32536 kcal/mol

 Compound: 3  (lacticacid)
 Chemical potential of the compound in the mixture :         4.45759 kcal/mol
 Log10(partial pressure [mbar])                    :        -0.79132
 Free energy of molecule in mix (E_COSMO+dE+Mu)    :   -215744.22255 kcal/mol
 Total mean interaction energy in the mix (H_int)  :        -7.86704 kcal/mol
 Misfit interaction energy in the mix (H_MF)       :         1.98797 kcal/mol
 H-Bond interaction energy in the mix (H_HB)       :        -7.03394 kcal/mol
 VdW interaction energy in the mix (H_vdW)         :       -13.28439 kcal/mol
 Gas liquid transition energy in the mix (H_glt)   :         8.25184 kcal/mol



 Compound: 1 Conformer: 1 (h2o_c0)
 Chemical potential of the molecule in the mixture :         3.46913 kcal/mol
 Log10(partial pressure [mbar])                    :         1.52862
 Free energy of molecule in mix (E_COSMO+dE+Mu)    :    -47989.78414 kcal/mol
 Total mean interaction energy in the mix          :        -5.54515 kcal/mol
 Misfit interaction energy in the mix              :         0.59138 kcal/mol
 H-Bond interaction energy in the mix              :        -4.72879 kcal/mol
 VdW interaction energy in the mix                 :        -4.33980 kcal/mol
 Gas liquid transition energy in the mix (H_glt)   :         2.93205 kcal/mol
 Normalized weight factor of molecule in compound  :         1.00000
 Normalized weight factor of molecule in gas phase :         1.00000

 Compound: 2 Conformer: 1 (2-heptanol_c0)
 Chemical potential of the molecule in the mixture :         5.47584 kcal/mol
 Log10(partial pressure [mbar])                    :         3.52726
 Free energy of molecule in mix (E_COSMO+dE+Mu)    :   -220745.62892 kcal/mol
 Total mean interaction energy in the mix          :        -9.77196 kcal/mol
 Misfit interaction energy in the mix              :         2.92770 kcal/mol
 H-Bond interaction energy in the mix              :        -4.21800 kcal/mol
 VdW interaction energy in the mix                 :       -20.80702 kcal/mol
 Gas liquid transition energy in the mix (H_glt)   :        12.32536 kcal/mol
 Normalized weight factor of molecule in compound  :         0.23742
 Normalized weight factor of molecule in gas phase :         0.25848

 Compound: 2 Conformer: 2 (2-heptanol_c1)
 Chemical potential of the molecule in the mixture :         5.50686 kcal/mol
 Log10(partial pressure [mbar])                    :         3.58883
 Free energy of molecule in mix (E_COSMO+dE+Mu)    :   -220745.36558 kcal/mol
 Total mean interaction energy in the mix          :        -9.76926 kcal/mol
 Misfit interaction energy in the mix              :         2.89236 kcal/mol
 H-Bond interaction energy in the mix              :        -4.09461 kcal/mol
 VdW interaction energy in the mix                 :       -20.89238 kcal/mol
 Gas liquid transition energy in the mix (H_glt)   :        12.32536 kcal/mol
 Normalized weight factor of molecule in compound  :         0.15550
 Normalized weight factor of molecule in gas phase :         0.21915

 Compound: 2 Conformer: 3 (2-heptanol_c2)
 Chemical potential of the molecule in the mixture :         5.70201 kcal/mol
 Log10(partial pressure [mbar])                    :         3.65589
 Free energy of molecule in mix (E_COSMO+dE+Mu)    :   -220745.23739 kcal/mol
 Total mean interaction energy in the mix          :        -9.58684 kcal/mol
 Misfit interaction energy in the mix              :         2.89877 kcal/mol
 H-Bond interaction energy in the mix              :        -3.97695 kcal/mol
 VdW interaction energy in the mix                 :       -20.83402 kcal/mol
 Gas liquid transition energy in the mix (H_glt)   :        12.32536 kcal/mol
 Normalized weight factor of molecule in compound  :         0.12656
 Normalized weight factor of molecule in gas phase :         0.21063

 Compound: 2 Conformer: 4 (2-heptanol_c3)
 Chemical potential of the molecule in the mixture :         5.37048 kcal/mol
 Log10(partial pressure [mbar])                    :         3.24289
 Free energy of molecule in mix (E_COSMO+dE+Mu)    :   -220745.68151 kcal/mol
 Total mean interaction energy in the mix          :        -9.79644 kcal/mol
 Misfit interaction energy in the mix              :         2.92310 kcal/mol
 H-Bond interaction energy in the mix              :        -4.25379 kcal/mol
 VdW interaction energy in the mix                 :       -20.79110 kcal/mol
 Gas liquid transition energy in the mix (H_glt)   :        12.32536 kcal/mol
 Normalized weight factor of molecule in compound  :         0.25836
 Normalized weight factor of molecule in gas phase :         0.16808

 Compound: 2 Conformer: 5 (2-heptanol_c4)
 Chemical potential of the molecule in the mixture :         5.38297 kcal/mol
 Log10(partial pressure [mbar])                    :         3.24199
 Free energy of molecule in mix (E_COSMO+dE+Mu)    :   -220745.58754 kcal/mol
 Total mean interaction energy in the mix          :        -9.82763 kcal/mol
 Misfit interaction energy in the mix              :         2.90165 kcal/mol
 H-Bond interaction energy in the mix              :        -4.28907 kcal/mol
 VdW interaction energy in the mix                 :       -20.76557 kcal/mol
 Gas liquid transition energy in the mix (H_glt)   :        12.32536 kcal/mol
 Normalized weight factor of molecule in compound  :         0.22215
 Normalized weight factor of molecule in gas phase :         0.14367

 Compound: 3 Conformer: 1 (lacticacid_c0)
 Chemical potential of the molecule in the mixture :         6.40779 kcal/mol
 Log10(partial pressure [mbar])                    :        -0.56827
 Free energy of molecule in mix (E_COSMO+dE+Mu)    :   -215742.27235 kcal/mol
 Total mean interaction energy in the mix          :        -7.35517 kcal/mol
 Misfit interaction energy in the mix              :         2.02310 kcal/mol
 H-Bond interaction energy in the mix              :        -4.39678 kcal/mol
 VdW interaction energy in the mix                 :       -13.23334 kcal/mol
 Gas liquid transition energy in the mix (H_glt)   :         8.25184 kcal/mol
 Normalized weight factor of molecule in compound  :         0.04355
 Normalized weight factor of molecule in gas phase :         0.00603

 Compound: 3 Conformer: 2 (lacticacid_c1)
 Chemical potential of the molecule in the mixture :         6.52932 kcal/mol
 Log10(partial pressure [mbar])                    :        -0.09307
 Free energy of molecule in mix (E_COSMO+dE+Mu)    :   -215741.96933 kcal/mol
 Total mean interaction energy in the mix          :        -6.91886 kcal/mol
 Misfit interaction energy in the mix              :         2.13220 kcal/mol
 H-Bond interaction energy in the mix              :        -4.09253 kcal/mol
 VdW interaction energy in the mix                 :       -13.21037 kcal/mol
 Gas liquid transition energy in the mix (H_glt)   :         8.25184 kcal/mol
 Normalized weight factor of molecule in compound  :         0.02676
 Normalized weight factor of molecule in gas phase :         0.01137

 Compound: 3 Conformer: 3 (lacticacid_c2)
 Chemical potential of the molecule in the mixture :         4.68599 kcal/mol
 Log10(partial pressure [mbar])                    :         0.59635
 Free energy of molecule in mix (E_COSMO+dE+Mu)    :   -215742.92048 kcal/mol
 Total mean interaction energy in the mix          :        -8.02167 kcal/mol
 Misfit interaction energy in the mix              :         2.06502 kcal/mol
 H-Bond interaction energy in the mix              :        -5.04301 kcal/mol
 VdW interaction energy in the mix                 :       -13.29551 kcal/mol
 Gas liquid transition energy in the mix (H_glt)   :         8.25184 kcal/mol
 Normalized weight factor of molecule in compound  :         0.12339
 Normalized weight factor of molecule in gas phase :         0.93300

 Compound: 3 Conformer: 4 (lacticacid_c3)
 Chemical potential of the molecule in the mixture :         2.93010 kcal/mol
 Log10(partial pressure [mbar])                    :        -1.66572
 Free energy of molecule in mix (E_COSMO+dE+Mu)    :   -215743.25533 kcal/mol
 Total mean interaction energy in the mix          :       -10.13586 kcal/mol
 Misfit interaction energy in the mix              :         1.98570 kcal/mol
 H-Bond interaction energy in the mix              :        -7.10127 kcal/mol
 VdW interaction energy in the mix                 :       -13.27214 kcal/mol
 Gas liquid transition energy in the mix (H_glt)   :         8.25184 kcal/mol
 Normalized weight factor of molecule in compound  :         0.21134
 Normalized weight factor of molecule in gas phase :         0.02822

 Compound: 3 Conformer: 5 (lacticacid_c4)
 Chemical potential of the molecule in the mixture :         2.41719 kcal/mol
 Log10(partial pressure [mbar])                    :        -3.58442
 Free energy of molecule in mix (E_COSMO+dE+Mu)    :   -215743.68164 kcal/mol
 Total mean interaction energy in the mix          :       -11.08393 kcal/mol
 Misfit interaction energy in the mix              :         1.96468 kcal/mol
 H-Bond interaction energy in the mix              :        -8.00705 kcal/mol
 VdW interaction energy in the mix                 :       -13.29341 kcal/mol
 Gas liquid transition energy in the mix (H_glt)   :         8.25184 kcal/mol
 Normalized weight factor of molecule in compound  :         0.41928
 Normalized weight factor of molecule in gas phase :         0.00067

 Compound: 3 Conformer: 6 (lacticacid_c5)
 Chemical potential of the molecule in the mixture :         2.89512 kcal/mol
 Log10(partial pressure [mbar])                    :        -1.71978
 Free energy of molecule in mix (E_COSMO+dE+Mu)    :   -215743.14034 kcal/mol
 Total mean interaction energy in the mix          :       -10.21103 kcal/mol
 Misfit interaction energy in the mix              :         1.96148 kcal/mol
 H-Bond interaction energy in the mix              :        -7.13063 kcal/mol
 VdW interaction energy in the mix                 :       -13.29372 kcal/mol
 Gas liquid transition energy in the mix (H_glt)   :         8.25184 kcal/mol
 Normalized weight factor of molecule in compound  :         0.17568
 Normalized weight factor of molecule in gas phase :         0.02069




 Results for mixture 30 - LIQ_EX Phase 2 Iteration   14
 ----------------------
 Temperature          :    313.150 K
 Compound Nr.         :         1         2         3
 Compound             :       h2o 2-heptano lacticaci
 Mole Fraction        :    0.2945    0.7030    0.0026

 Compound: 1  (h2o)
 Chemical potential of the compound in the mixture :         4.22834 kcal/mol
 Log10(partial pressure [mbar])                    :         2.05847
 Free energy of molecule in mix (E_COSMO+dE+Mu)    :    -47989.02493 kcal/mol
 Total mean interaction energy in the mix (H_int)  :        -5.12322 kcal/mol
 Misfit interaction energy in the mix (H_MF)       :         1.02002 kcal/mol
 H-Bond interaction energy in the mix (H_HB)       :        -4.49910 kcal/mol
 VdW interaction energy in the mix (H_vdW)         :        -4.57619 kcal/mol
 Gas liquid transition energy in the mix (H_glt)   :         2.93205 kcal/mol
 Equilibrium constant Kx(1,2)                      :         3.38722
 Equilibrium concentration x_k(1,2)                :         0.77207

 Compound: 2  (2-heptanol)
 Chemical potential of the compound in the mixture :         0.17839 kcal/mol
 Log10(partial pressure [mbar])                    :         0.35616
 Free energy of molecule in mix (E_COSMO+dE+Mu)    :   -220750.92637 kcal/mol
 Total mean interaction energy in the mix (H_int)  :        -9.81579 kcal/mol
 Misfit interaction energy in the mix (H_MF)       :         2.32260 kcal/mol
 H-Bond interaction energy in the mix (H_HB)       :        -3.08171 kcal/mol
 VdW interaction energy in the mix (H_vdW)         :       -21.50506 kcal/mol
 Gas liquid transition energy in the mix (H_glt)   :        12.32536 kcal/mol
 Equilibrium constant Kx(1,2)                      :  8.46079837E-04
 Equilibrium concentration x_k(1,2)                :         0.00085

 Compound: 3  (lacticacid)
 Chemical potential of the compound in the mixture :         4.14373 kcal/mol
 Log10(partial pressure [mbar])                    :        -1.01036
 Free energy of molecule in mix (E_COSMO+dE+Mu)    :   -215744.53641 kcal/mol
 Total mean interaction energy in the mix (H_int)  :        -6.01708 kcal/mol
 Misfit interaction energy in the mix (H_MF)       :         2.36407 kcal/mol
 H-Bond interaction energy in the mix (H_HB)       :        -4.31863 kcal/mol
 VdW interaction energy in the mix (H_vdW)         :       -13.94171 kcal/mol
 Gas liquid transition energy in the mix (H_glt)   :         8.25184 kcal/mol
 Equilibrium constant Kx(1,2)                      :         0.60390
 Equilibrium concentration x_k(1,2)                :         0.37652



 Compound: 1 Conformer: 1 (h2o_c0)
 Chemical potential of the molecule in the mixture :         4.22834 kcal/mol
 Log10(partial pressure [mbar])                    :         2.05847
 Free energy of molecule in mix (E_COSMO+dE+Mu)    :    -47989.02493 kcal/mol
 Total mean interaction energy in the mix          :        -5.12322 kcal/mol
 Misfit interaction energy in the mix              :         1.02002 kcal/mol
 H-Bond interaction energy in the mix              :        -4.49910 kcal/mol
 VdW interaction energy in the mix                 :        -4.57619 kcal/mol
 Gas liquid transition energy in the mix (H_glt)   :         2.93205 kcal/mol
 Normalized weight factor of molecule in compound  :         1.00000
 Normalized weight factor of molecule in gas phase :         1.00000

 Compound: 2 Conformer: 1 (2-heptanol_c0)
 Chemical potential of the molecule in the mixture :         1.33103 kcal/mol
 Log10(partial pressure [mbar])                    :         0.63462
 Free energy of molecule in mix (E_COSMO+dE+Mu)    :   -220749.77373 kcal/mol
 Total mean interaction energy in the mix          :        -9.68551 kcal/mol
 Misfit interaction energy in the mix              :         2.40099 kcal/mol
 H-Bond interaction energy in the mix              :        -2.91780 kcal/mol
 VdW interaction energy in the mix                 :       -21.49406 kcal/mol
 Gas liquid transition energy in the mix (H_glt)   :        12.32536 kcal/mol
 Normalized weight factor of molecule in compound  :         0.15688
 Normalized weight factor of molecule in gas phase :         0.25848

 Compound: 2 Conformer: 2 (2-heptanol_c1)
 Chemical potential of the molecule in the mixture :         0.81984 kcal/mol
 Log10(partial pressure [mbar])                    :         0.31779
 Free energy of molecule in mix (E_COSMO+dE+Mu)    :   -220750.05260 kcal/mol
 Total mean interaction energy in the mix          :       -10.05957 kcal/mol
 Misfit interaction energy in the mix              :         2.23747 kcal/mol
 H-Bond interaction energy in the mix              :        -3.04850 kcal/mol
 VdW interaction energy in the mix                 :       -21.57390 kcal/mol
 Gas liquid transition energy in the mix (H_glt)   :        12.32536 kcal/mol
 Normalized weight factor of molecule in compound  :         0.24558
 Normalized weight factor of molecule in gas phase :         0.21915

 Compound: 2 Conformer: 3 (2-heptanol_c2)
 Chemical potential of the molecule in the mixture :         1.15196 kcal/mol
 Log10(partial pressure [mbar])                    :         0.48044
 Free energy of molecule in mix (E_COSMO+dE+Mu)    :   -220749.78744 kcal/mol
 Total mean interaction energy in the mix          :        -9.63556 kcal/mol
 Misfit interaction energy in the mix              :         2.32644 kcal/mol
 H-Bond interaction energy in the mix              :        -2.77230 kcal/mol
 VdW interaction energy in the mix                 :       -21.51506 kcal/mol
 Gas liquid transition energy in the mix (H_glt)   :        12.32536 kcal/mol
 Normalized weight factor of molecule in compound  :         0.16038
 Normalized weight factor of molecule in gas phase :         0.21063

 Compound: 2 Conformer: 4 (2-heptanol_c3)
 Chemical potential of the molecule in the mixture :         1.02393 kcal/mol
 Log10(partial pressure [mbar])                    :         0.20945
 Free energy of molecule in mix (E_COSMO+dE+Mu)    :   -220750.02807 kcal/mol
 Total mean interaction energy in the mix          :       -10.07557 kcal/mol
 Misfit interaction energy in the mix              :         2.34690 kcal/mol
 H-Bond interaction energy in the mix              :        -3.26843 kcal/mol
 VdW interaction energy in the mix                 :       -21.47939 kcal/mol
 Gas liquid transition energy in the mix (H_glt)   :        12.32536 kcal/mol
 Normalized weight factor of molecule in compound  :         0.23609
 Normalized weight factor of molecule in gas phase :         0.16808

 Compound: 2 Conformer: 5 (2-heptanol_c4)
 Chemical potential of the molecule in the mixture :         1.04237 kcal/mol
 Log10(partial pressure [mbar])                    :         0.21271
 Free energy of molecule in mix (E_COSMO+dE+Mu)    :   -220749.92814 kcal/mol
 Total mean interaction energy in the mix          :       -10.07025 kcal/mol
 Misfit interaction energy in the mix              :         2.33382 kcal/mol
 H-Bond interaction energy in the mix              :        -3.27771 kcal/mol
 VdW interaction energy in the mix                 :       -21.45172 kcal/mol
 Gas liquid transition energy in the mix (H_glt)   :        12.32536 kcal/mol
 Normalized weight factor of molecule in compound  :         0.20107
 Normalized weight factor of molecule in gas phase :         0.14367

 Compound: 3 Conformer: 1 (lacticacid_c0)
 Chemical potential of the molecule in the mixture :         5.92011 kcal/mol
 Log10(partial pressure [mbar])                    :        -0.90862
 Free energy of molecule in mix (E_COSMO+dE+Mu)    :   -215742.76003 kcal/mol
 Total mean interaction energy in the mix          :        -5.97705 kcal/mol
 Misfit interaction energy in the mix              :         2.75943 kcal/mol
 H-Bond interaction energy in the mix              :        -3.08221 kcal/mol
 VdW interaction energy in the mix                 :       -13.90611 kcal/mol
 Gas liquid transition energy in the mix (H_glt)   :         8.25184 kcal/mol
 Normalized weight factor of molecule in compound  :         0.05758
 Normalized weight factor of molecule in gas phase :         0.00603

 Compound: 3 Conformer: 2 (lacticacid_c1)
 Chemical potential of the molecule in the mixture :         6.23885 kcal/mol
 Log10(partial pressure [mbar])                    :        -0.29579
 Free energy of molecule in mix (E_COSMO+dE+Mu)    :   -215742.25980 kcal/mol
 Total mean interaction energy in the mix          :        -5.51740 kcal/mol
 Misfit interaction energy in the mix              :         2.81683 kcal/mol
 H-Bond interaction energy in the mix              :        -2.71341 kcal/mol
 VdW interaction energy in the mix                 :       -13.87266 kcal/mol
 Gas liquid transition energy in the mix (H_glt)   :         8.25184 kcal/mol
 Normalized weight factor of molecule in compound  :         0.02577
 Normalized weight factor of molecule in gas phase :         0.01137

 Compound: 3 Conformer: 3 (lacticacid_c2)
 Chemical potential of the molecule in the mixture :         3.51401 kcal/mol
 Log10(partial pressure [mbar])                    :        -0.22157
 Free energy of molecule in mix (E_COSMO+dE+Mu)    :   -215744.09245 kcal/mol
 Total mean interaction energy in the mix          :        -7.11009 kcal/mol
 Misfit interaction energy in the mix              :         2.23710 kcal/mol
 H-Bond interaction energy in the mix              :        -3.65160 kcal/mol
 VdW interaction energy in the mix                 :       -13.94743 kcal/mol
 Gas liquid transition energy in the mix (H_glt)   :         8.25184 kcal/mol
 Normalized weight factor of molecule in compound  :         0.48997
 Normalized weight factor of molecule in gas phase :         0.93300

 Compound: 3 Conformer: 4 (lacticacid_c3)
 Chemical potential of the molecule in the mixture :         2.77043 kcal/mol
 Log10(partial pressure [mbar])                    :        -1.77715
 Free energy of molecule in mix (E_COSMO+dE+Mu)    :   -215743.41500 kcal/mol
 Total mean interaction energy in the mix          :        -8.42037 kcal/mol
 Misfit interaction energy in the mix              :         2.36841 kcal/mol
 H-Bond interaction energy in the mix              :        -5.11635 kcal/mol
 VdW interaction energy in the mix                 :       -13.92427 kcal/mol
 Gas liquid transition energy in the mix (H_glt)   :         8.25184 kcal/mol
 Normalized weight factor of molecule in compound  :         0.16496
 Normalized weight factor of molecule in gas phase :         0.02822

 Compound: 3 Conformer: 5 (lacticacid_c4)
 Chemical potential of the molecule in the mixture :         2.92607 kcal/mol
 Log10(partial pressure [mbar])                    :        -3.22928
 Free energy of molecule in mix (E_COSMO+dE+Mu)    :   -215743.17276 kcal/mol
 Total mean interaction energy in the mix          :        -8.93304 kcal/mol
 Misfit interaction energy in the mix              :         2.64255 kcal/mol
 H-Bond interaction energy in the mix              :        -5.86342 kcal/mol
 VdW interaction energy in the mix                 :       -13.96401 kcal/mol
 Gas liquid transition energy in the mix (H_glt)   :         8.25184 kcal/mol
 Normalized weight factor of molecule in compound  :         0.11177
 Normalized weight factor of molecule in gas phase :         0.00067

 Compound: 3 Conformer: 6 (lacticacid_c5)
 Chemical potential of the molecule in the mixture :         2.67982 kcal/mol
 Log10(partial pressure [mbar])                    :        -1.87004
 Free energy of molecule in mix (E_COSMO+dE+Mu)    :   -215743.35565 kcal/mol
 Total mean interaction energy in the mix          :        -8.58214 kcal/mol
 Misfit interaction energy in the mix              :         2.33694 kcal/mol
 H-Bond interaction energy in the mix              :        -5.21982 kcal/mol
 VdW interaction energy in the mix                 :       -13.95110 kcal/mol
 Gas liquid transition energy in the mix (H_glt)   :         8.25184 kcal/mol
 Normalized weight factor of molecule in compound  :         0.14995
 Normalized weight factor of molecule in gas phase :         0.02069




 Results for mixture 31 - LIQ_EX Phase 1 Iteration   15
 ----------------------
 Temperature          :    313.150 K
 Compound Nr.         :         1         2         3
 Compound             :       h2o 2-heptano lacticaci
 Mole Fraction        :    0.9979    0.0006    0.0015

 Compound: 1  (h2o)
 Chemical potential of the compound in the mixture :         3.46913 kcal/mol
 Log10(partial pressure [mbar])                    :         1.52862
 Free energy of molecule in mix (E_COSMO+dE+Mu)    :    -47989.78414 kcal/mol
 Total mean interaction energy in the mix (H_int)  :        -5.54515 kcal/mol
 Misfit interaction energy in the mix (H_MF)       :         0.59138 kcal/mol
 H-Bond interaction energy in the mix (H_HB)       :        -4.72879 kcal/mol
 VdW interaction energy in the mix (H_vdW)         :        -4.33980 kcal/mol
 Gas liquid transition energy in the mix (H_glt)   :         2.93205 kcal/mol

 Compound: 2  (2-heptanol)
 Chemical potential of the compound in the mixture :         4.58106 kcal/mol
 Log10(partial pressure [mbar])                    :         3.42875
 Free energy of molecule in mix (E_COSMO+dE+Mu)    :   -220746.52370 kcal/mol
 Total mean interaction energy in the mix (H_int)  :        -9.66629 kcal/mol
 Misfit interaction energy in the mix (H_MF)       :         2.91157 kcal/mol
 H-Bond interaction energy in the mix (H_HB)       :        -4.19334 kcal/mol
 VdW interaction energy in the mix (H_vdW)         :       -20.81039 kcal/mol
 Gas liquid transition energy in the mix (H_glt)   :        12.32536 kcal/mol

 Compound: 3  (lacticacid)
 Chemical potential of the compound in the mixture :         4.45759 kcal/mol
 Log10(partial pressure [mbar])                    :        -0.79132
 Free energy of molecule in mix (E_COSMO+dE+Mu)    :   -215744.22255 kcal/mol
 Total mean interaction energy in the mix (H_int)  :        -7.86704 kcal/mol
 Misfit interaction energy in the mix (H_MF)       :         1.98797 kcal/mol
 H-Bond interaction energy in the mix (H_HB)       :        -7.03394 kcal/mol
 VdW interaction energy in the mix (H_vdW)         :       -13.28439 kcal/mol
 Gas liquid transition energy in the mix (H_glt)   :         8.25184 kcal/mol



 Compound: 1 Conformer: 1 (h2o_c0)
 Chemical potential of the molecule in the mixture :         3.46913 kcal/mol
 Log10(partial pressure [mbar])                    :         1.52862
 Free energy of molecule in mix (E_COSMO+dE+Mu)    :    -47989.78414 kcal/mol
 Total mean interaction energy in the mix          :        -5.54515 kcal/mol
 Misfit interaction energy in the mix              :         0.59138 kcal/mol
 H-Bond interaction energy in the mix              :        -4.72879 kcal/mol
 VdW interaction energy in the mix                 :        -4.33980 kcal/mol
 Gas liquid transition energy in the mix (H_glt)   :         2.93205 kcal/mol
 Normalized weight factor of molecule in compound  :         1.00000
 Normalized weight factor of molecule in gas phase :         1.00000

 Compound: 2 Conformer: 1 (2-heptanol_c0)
 Chemical potential of the molecule in the mixture :         5.47585 kcal/mol
 Log10(partial pressure [mbar])                    :         3.52727
 Free energy of molecule in mix (E_COSMO+dE+Mu)    :   -220745.62891 kcal/mol
 Total mean interaction energy in the mix          :        -9.77196 kcal/mol
 Misfit interaction energy in the mix              :         2.92770 kcal/mol
 H-Bond interaction energy in the mix              :        -4.21800 kcal/mol
 VdW interaction energy in the mix                 :       -20.80702 kcal/mol
 Gas liquid transition energy in the mix (H_glt)   :        12.32536 kcal/mol
 Normalized weight factor of molecule in compound  :         0.23742
 Normalized weight factor of molecule in gas phase :         0.25848

 Compound: 2 Conformer: 2 (2-heptanol_c1)
 Chemical potential of the molecule in the mixture :         5.50687 kcal/mol
 Log10(partial pressure [mbar])                    :         3.58884
 Free energy of molecule in mix (E_COSMO+dE+Mu)    :   -220745.36557 kcal/mol
 Total mean interaction energy in the mix          :        -9.76926 kcal/mol
 Misfit interaction energy in the mix              :         2.89236 kcal/mol
 H-Bond interaction energy in the mix              :        -4.09461 kcal/mol
 VdW interaction energy in the mix                 :       -20.89237 kcal/mol
 Gas liquid transition energy in the mix (H_glt)   :        12.32536 kcal/mol
 Normalized weight factor of molecule in compound  :         0.15550
 Normalized weight factor of molecule in gas phase :         0.21915

 Compound: 2 Conformer: 3 (2-heptanol_c2)
 Chemical potential of the molecule in the mixture :         5.70202 kcal/mol
 Log10(partial pressure [mbar])                    :         3.65590
 Free energy of molecule in mix (E_COSMO+dE+Mu)    :   -220745.23738 kcal/mol
 Total mean interaction energy in the mix          :        -9.58684 kcal/mol
 Misfit interaction energy in the mix              :         2.89877 kcal/mol
 H-Bond interaction energy in the mix              :        -3.97695 kcal/mol
 VdW interaction energy in the mix                 :       -20.83401 kcal/mol
 Gas liquid transition energy in the mix (H_glt)   :        12.32536 kcal/mol
 Normalized weight factor of molecule in compound  :         0.12656
 Normalized weight factor of molecule in gas phase :         0.21063

 Compound: 2 Conformer: 4 (2-heptanol_c3)
 Chemical potential of the molecule in the mixture :         5.37049 kcal/mol
 Log10(partial pressure [mbar])                    :         3.24289
 Free energy of molecule in mix (E_COSMO+dE+Mu)    :   -220745.68150 kcal/mol
 Total mean interaction energy in the mix          :        -9.79644 kcal/mol
 Misfit interaction energy in the mix              :         2.92310 kcal/mol
 H-Bond interaction energy in the mix              :        -4.25379 kcal/mol
 VdW interaction energy in the mix                 :       -20.79110 kcal/mol
 Gas liquid transition energy in the mix (H_glt)   :        12.32536 kcal/mol
 Normalized weight factor of molecule in compound  :         0.25836
 Normalized weight factor of molecule in gas phase :         0.16808

 Compound: 2 Conformer: 5 (2-heptanol_c4)
 Chemical potential of the molecule in the mixture :         5.38298 kcal/mol
 Log10(partial pressure [mbar])                    :         3.24199
 Free energy of molecule in mix (E_COSMO+dE+Mu)    :   -220745.58753 kcal/mol
 Total mean interaction energy in the mix          :        -9.82763 kcal/mol
 Misfit interaction energy in the mix              :         2.90164 kcal/mol
 H-Bond interaction energy in the mix              :        -4.28907 kcal/mol
 VdW interaction energy in the mix                 :       -20.76557 kcal/mol
 Gas liquid transition energy in the mix (H_glt)   :        12.32536 kcal/mol
 Normalized weight factor of molecule in compound  :         0.22215
 Normalized weight factor of molecule in gas phase :         0.14367

 Compound: 3 Conformer: 1 (lacticacid_c0)
 Chemical potential of the molecule in the mixture :         6.40780 kcal/mol
 Log10(partial pressure [mbar])                    :        -0.56827
 Free energy of molecule in mix (E_COSMO+dE+Mu)    :   -215742.27234 kcal/mol
 Total mean interaction energy in the mix          :        -7.35518 kcal/mol
 Misfit interaction energy in the mix              :         2.02310 kcal/mol
 H-Bond interaction energy in the mix              :        -4.39678 kcal/mol
 VdW interaction energy in the mix                 :       -13.23334 kcal/mol
 Gas liquid transition energy in the mix (H_glt)   :         8.25184 kcal/mol
 Normalized weight factor of molecule in compound  :         0.04355
 Normalized weight factor of molecule in gas phase :         0.00603

 Compound: 3 Conformer: 2 (lacticacid_c1)
 Chemical potential of the molecule in the mixture :         6.52932 kcal/mol
 Log10(partial pressure [mbar])                    :        -0.09307
 Free energy of molecule in mix (E_COSMO+dE+Mu)    :   -215741.96933 kcal/mol
 Total mean interaction energy in the mix          :        -6.91886 kcal/mol
 Misfit interaction energy in the mix              :         2.13220 kcal/mol
 H-Bond interaction energy in the mix              :        -4.09254 kcal/mol
 VdW interaction energy in the mix                 :       -13.21037 kcal/mol
 Gas liquid transition energy in the mix (H_glt)   :         8.25184 kcal/mol
 Normalized weight factor of molecule in compound  :         0.02676
 Normalized weight factor of molecule in gas phase :         0.01137

 Compound: 3 Conformer: 3 (lacticacid_c2)
 Chemical potential of the molecule in the mixture :         4.68599 kcal/mol
 Log10(partial pressure [mbar])                    :         0.59635
 Free energy of molecule in mix (E_COSMO+dE+Mu)    :   -215742.92047 kcal/mol
 Total mean interaction energy in the mix          :        -8.02167 kcal/mol
 Misfit interaction energy in the mix              :         2.06502 kcal/mol
 H-Bond interaction energy in the mix              :        -5.04301 kcal/mol
 VdW interaction energy in the mix                 :       -13.29551 kcal/mol
 Gas liquid transition energy in the mix (H_glt)   :         8.25184 kcal/mol
 Normalized weight factor of molecule in compound  :         0.12339
 Normalized weight factor of molecule in gas phase :         0.93300

 Compound: 3 Conformer: 4 (lacticacid_c3)
 Chemical potential of the molecule in the mixture :         2.93011 kcal/mol
 Log10(partial pressure [mbar])                    :        -1.66572
 Free energy of molecule in mix (E_COSMO+dE+Mu)    :   -215743.25533 kcal/mol
 Total mean interaction energy in the mix          :       -10.13586 kcal/mol
 Misfit interaction energy in the mix              :         1.98570 kcal/mol
 H-Bond interaction energy in the mix              :        -7.10127 kcal/mol
 VdW interaction energy in the mix                 :       -13.27214 kcal/mol
 Gas liquid transition energy in the mix (H_glt)   :         8.25184 kcal/mol
 Normalized weight factor of molecule in compound  :         0.21134
 Normalized weight factor of molecule in gas phase :         0.02822

 Compound: 3 Conformer: 5 (lacticacid_c4)
 Chemical potential of the molecule in the mixture :         2.41719 kcal/mol
 Log10(partial pressure [mbar])                    :        -3.58442
 Free energy of molecule in mix (E_COSMO+dE+Mu)    :   -215743.68164 kcal/mol
 Total mean interaction energy in the mix          :       -11.08393 kcal/mol
 Misfit interaction energy in the mix              :         1.96468 kcal/mol
 H-Bond interaction energy in the mix              :        -8.00705 kcal/mol
 VdW interaction energy in the mix                 :       -13.29340 kcal/mol
 Gas liquid transition energy in the mix (H_glt)   :         8.25184 kcal/mol
 Normalized weight factor of molecule in compound  :         0.41928
 Normalized weight factor of molecule in gas phase :         0.00067

 Compound: 3 Conformer: 6 (lacticacid_c5)
 Chemical potential of the molecule in the mixture :         2.89512 kcal/mol
 Log10(partial pressure [mbar])                    :        -1.71978
 Free energy of molecule in mix (E_COSMO+dE+Mu)    :   -215743.14034 kcal/mol
 Total mean interaction energy in the mix          :       -10.21103 kcal/mol
 Misfit interaction energy in the mix              :         1.96148 kcal/mol
 H-Bond interaction energy in the mix              :        -7.13063 kcal/mol
 VdW interaction energy in the mix                 :       -13.29372 kcal/mol
 Gas liquid transition energy in the mix (H_glt)   :         8.25184 kcal/mol
 Normalized weight factor of molecule in compound  :         0.17568
 Normalized weight factor of molecule in gas phase :         0.02069




 Results for mixture 32 - LIQ_EX Phase 2 Iteration   15
 ----------------------
 Temperature          :    313.150 K
 Compound Nr.         :         1         2         3
 Compound             :       h2o 2-heptano lacticaci
 Mole Fraction        :    0.2945    0.7029    0.0026

 Compound: 1  (h2o)
 Chemical potential of the compound in the mixture :         4.22830 kcal/mol
 Log10(partial pressure [mbar])                    :         2.05844
 Free energy of molecule in mix (E_COSMO+dE+Mu)    :    -47989.02497 kcal/mol
 Total mean interaction energy in the mix (H_int)  :        -5.12331 kcal/mol
 Misfit interaction energy in the mix (H_MF)       :         1.01994 kcal/mol
 H-Bond interaction energy in the mix (H_HB)       :        -4.49912 kcal/mol
 VdW interaction energy in the mix (H_vdW)         :        -4.57618 kcal/mol
 Gas liquid transition energy in the mix (H_glt)   :         2.93205 kcal/mol
 Equilibrium constant Kx(1,2)                      :         3.38701
 Equilibrium concentration x_k(1,2)                :         0.77205

 Compound: 2  (2-heptanol)
 Chemical potential of the compound in the mixture :         0.17841 kcal/mol
 Log10(partial pressure [mbar])                    :         0.35617
 Free energy of molecule in mix (E_COSMO+dE+Mu)    :   -220750.92636 kcal/mol
 Total mean interaction energy in the mix (H_int)  :        -9.81583 kcal/mol
 Misfit interaction energy in the mix (H_MF)       :         2.32265 kcal/mol
 H-Bond interaction energy in the mix (H_HB)       :        -3.08183 kcal/mol
 VdW interaction energy in the mix (H_vdW)         :       -21.50503 kcal/mol
 Gas liquid transition energy in the mix (H_glt)   :        12.32536 kcal/mol
 Equilibrium constant Kx(1,2)                      :  8.46089469E-04
 Equilibrium concentration x_k(1,2)                :         0.00085

 Compound: 3  (lacticacid)
 Chemical potential of the compound in the mixture :         4.14366 kcal/mol
 Log10(partial pressure [mbar])                    :        -1.01041
 Free energy of molecule in mix (E_COSMO+dE+Mu)    :   -215744.53648 kcal/mol
 Total mean interaction energy in the mix (H_int)  :        -6.01725 kcal/mol
 Misfit interaction energy in the mix (H_MF)       :         2.36399 kcal/mol
 H-Bond interaction energy in the mix (H_HB)       :        -4.31878 kcal/mol
 VdW interaction energy in the mix (H_vdW)         :       -13.94168 kcal/mol
 Gas liquid transition energy in the mix (H_glt)   :         8.25184 kcal/mol
 Equilibrium constant Kx(1,2)                      :         0.60383
 Equilibrium concentration x_k(1,2)                :         0.37649



 Compound: 1 Conformer: 1 (h2o_c0)
 Chemical potential of the molecule in the mixture :         4.22830 kcal/mol
 Log10(partial pressure [mbar])                    :         2.05844
 Free energy of molecule in mix (E_COSMO+dE+Mu)    :    -47989.02497 kcal/mol
 Total mean interaction energy in the mix          :        -5.12331 kcal/mol
 Misfit interaction energy in the mix              :         1.01994 kcal/mol
 H-Bond interaction energy in the mix              :        -4.49912 kcal/mol
 VdW interaction energy in the mix                 :        -4.57618 kcal/mol
 Gas liquid transition energy in the mix (H_glt)   :         2.93205 kcal/mol
 Normalized weight factor of molecule in compound  :         1.00000
 Normalized weight factor of molecule in gas phase :         1.00000

 Compound: 2 Conformer: 1 (2-heptanol_c0)
 Chemical potential of the molecule in the mixture :         1.33102 kcal/mol
 Log10(partial pressure [mbar])                    :         0.63462
 Free energy of molecule in mix (E_COSMO+dE+Mu)    :   -220749.77374 kcal/mol
 Total mean interaction energy in the mix          :        -9.68559 kcal/mol
 Misfit interaction energy in the mix              :         2.40104 kcal/mol
 H-Bond interaction energy in the mix              :        -2.91796 kcal/mol
 VdW interaction energy in the mix                 :       -21.49403 kcal/mol
 Gas liquid transition energy in the mix (H_glt)   :        12.32536 kcal/mol
 Normalized weight factor of molecule in compound  :         0.15689
 Normalized weight factor of molecule in gas phase :         0.25848

 Compound: 2 Conformer: 2 (2-heptanol_c1)
 Chemical potential of the molecule in the mixture :         0.81988 kcal/mol
 Log10(partial pressure [mbar])                    :         0.31782
 Free energy of molecule in mix (E_COSMO+dE+Mu)    :   -220750.05256 kcal/mol
 Total mean interaction energy in the mix          :       -10.05960 kcal/mol
 Misfit interaction energy in the mix              :         2.23752 kcal/mol
 H-Bond interaction energy in the mix              :        -3.04861 kcal/mol
 VdW interaction energy in the mix                 :       -21.57388 kcal/mol
 Gas liquid transition energy in the mix (H_glt)   :        12.32536 kcal/mol
 Normalized weight factor of molecule in compound  :         0.24557
 Normalized weight factor of molecule in gas phase :         0.21915

 Compound: 2 Conformer: 3 (2-heptanol_c2)
 Chemical potential of the molecule in the mixture :         1.15199 kcal/mol
 Log10(partial pressure [mbar])                    :         0.48046
 Free energy of molecule in mix (E_COSMO+dE+Mu)    :   -220749.78742 kcal/mol
 Total mean interaction energy in the mix          :        -9.63562 kcal/mol
 Misfit interaction energy in the mix              :         2.32648 kcal/mol
 H-Bond interaction energy in the mix              :        -2.77243 kcal/mol
 VdW interaction energy in the mix                 :       -21.51503 kcal/mol
 Gas liquid transition energy in the mix (H_glt)   :        12.32536 kcal/mol
 Normalized weight factor of molecule in compound  :         0.16038
 Normalized weight factor of molecule in gas phase :         0.21063

 Compound: 2 Conformer: 4 (2-heptanol_c3)
 Chemical potential of the molecule in the mixture :         1.02394 kcal/mol
 Log10(partial pressure [mbar])                    :         0.20946
 Free energy of molecule in mix (E_COSMO+dE+Mu)    :   -220750.02805 kcal/mol
 Total mean interaction energy in the mix          :       -10.07561 kcal/mol
 Misfit interaction energy in the mix              :         2.34695 kcal/mol
 H-Bond interaction energy in the mix              :        -3.26855 kcal/mol
 VdW interaction energy in the mix                 :       -21.47937 kcal/mol
 Gas liquid transition energy in the mix (H_glt)   :        12.32536 kcal/mol
 Normalized weight factor of molecule in compound  :         0.23609
 Normalized weight factor of molecule in gas phase :         0.16808

 Compound: 2 Conformer: 5 (2-heptanol_c4)
 Chemical potential of the molecule in the mixture :         1.04239 kcal/mol
 Log10(partial pressure [mbar])                    :         0.21272
 Free energy of molecule in mix (E_COSMO+dE+Mu)    :   -220749.92813 kcal/mol
 Total mean interaction energy in the mix          :       -10.07029 kcal/mol
 Misfit interaction energy in the mix              :         2.33388 kcal/mol
 H-Bond interaction energy in the mix              :        -3.27783 kcal/mol
 VdW interaction energy in the mix                 :       -21.45170 kcal/mol
 Gas liquid transition energy in the mix (H_glt)   :        12.32536 kcal/mol
 Normalized weight factor of molecule in compound  :         0.20107
 Normalized weight factor of molecule in gas phase :         0.14367

 Compound: 3 Conformer: 1 (lacticacid_c0)
 Chemical potential of the molecule in the mixture :         5.92003 kcal/mol
 Log10(partial pressure [mbar])                    :        -0.90868
 Free energy of molecule in mix (E_COSMO+dE+Mu)    :   -215742.76011 kcal/mol
 Total mean interaction energy in the mix          :        -5.97722 kcal/mol
 Misfit interaction energy in the mix              :         2.75931 kcal/mol
 H-Bond interaction energy in the mix              :        -3.08229 kcal/mol
 VdW interaction energy in the mix                 :       -13.90608 kcal/mol
 Gas liquid transition energy in the mix (H_glt)   :         8.25184 kcal/mol
 Normalized weight factor of molecule in compound  :         0.05758
 Normalized weight factor of molecule in gas phase :         0.00603

 Compound: 3 Conformer: 2 (lacticacid_c1)
 Chemical potential of the molecule in the mixture :         6.23875 kcal/mol
 Log10(partial pressure [mbar])                    :        -0.29586
 Free energy of molecule in mix (E_COSMO+dE+Mu)    :   -215742.25990 kcal/mol
 Total mean interaction energy in the mix          :        -5.51755 kcal/mol
 Misfit interaction energy in the mix              :         2.81673 kcal/mol
 H-Bond interaction energy in the mix              :        -2.71349 kcal/mol
 VdW interaction energy in the mix                 :       -13.87263 kcal/mol
 Gas liquid transition energy in the mix (H_glt)   :         8.25184 kcal/mol
 Normalized weight factor of molecule in compound  :         0.02577
 Normalized weight factor of molecule in gas phase :         0.01137

 Compound: 3 Conformer: 3 (lacticacid_c2)
 Chemical potential of the molecule in the mixture :         3.51397 kcal/mol
 Log10(partial pressure [mbar])                    :        -0.22159
 Free energy of molecule in mix (E_COSMO+dE+Mu)    :   -215744.09249 kcal/mol
 Total mean interaction energy in the mix          :        -7.11022 kcal/mol
 Misfit interaction energy in the mix              :         2.23704 kcal/mol
 H-Bond interaction energy in the mix              :        -3.65169 kcal/mol
 VdW interaction energy in the mix                 :       -13.94741 kcal/mol
 Gas liquid transition energy in the mix (H_glt)   :         8.25184 kcal/mol
 Normalized weight factor of molecule in compound  :         0.48994
 Normalized weight factor of molecule in gas phase :         0.93300

 Compound: 3 Conformer: 4 (lacticacid_c3)
 Chemical potential of the molecule in the mixture :         2.77034 kcal/mol
 Log10(partial pressure [mbar])                    :        -1.77722
 Free energy of molecule in mix (E_COSMO+dE+Mu)    :   -215743.41509 kcal/mol
 Total mean interaction energy in the mix          :        -8.42057 kcal/mol
 Misfit interaction energy in the mix              :         2.36832 kcal/mol
 H-Bond interaction energy in the mix              :        -5.11648 kcal/mol
 VdW interaction energy in the mix                 :       -13.92424 kcal/mol
 Gas liquid transition energy in the mix (H_glt)   :         8.25184 kcal/mol
 Normalized weight factor of molecule in compound  :         0.16497
 Normalized weight factor of molecule in gas phase :         0.02822

 Compound: 3 Conformer: 5 (lacticacid_c4)
 Chemical potential of the molecule in the mixture :         2.92594 kcal/mol
 Log10(partial pressure [mbar])                    :        -3.22937
 Free energy of molecule in mix (E_COSMO+dE+Mu)    :   -215743.17289 kcal/mol
 Total mean interaction energy in the mix          :        -8.93331 kcal/mol
 Misfit interaction energy in the mix              :         2.64244 kcal/mol
 H-Bond interaction energy in the mix              :        -5.86361 kcal/mol
 VdW interaction energy in the mix                 :       -13.96398 kcal/mol
 Gas liquid transition energy in the mix (H_glt)   :         8.25184 kcal/mol
 Normalized weight factor of molecule in compound  :         0.11178
 Normalized weight factor of molecule in gas phase :         0.00067

 Compound: 3 Conformer: 6 (lacticacid_c5)
 Chemical potential of the molecule in the mixture :         2.67973 kcal/mol
 Log10(partial pressure [mbar])                    :        -1.87010
 Free energy of molecule in mix (E_COSMO+dE+Mu)    :   -215743.35574 kcal/mol
 Total mean interaction energy in the mix          :        -8.58233 kcal/mol
 Misfit interaction energy in the mix              :         2.33684 kcal/mol
 H-Bond interaction energy in the mix              :        -5.21995 kcal/mol
 VdW interaction energy in the mix                 :       -13.95107 kcal/mol
 Gas liquid transition energy in the mix (H_glt)   :         8.25184 kcal/mol
 Normalized weight factor of molecule in compound  :         0.14996
 Normalized weight factor of molecule in gas phase :         0.02069




 Results for mixture 33 - LIQ_EX Phase 1 Iteration   16
 ----------------------
 Temperature          :    313.150 K
 Compound Nr.         :         1         2         3
 Compound             :       h2o 2-heptano lacticaci
 Mole Fraction        :    0.9979    0.0006    0.0015

 Compound: 1  (h2o)
 Chemical potential of the compound in the mixture :         3.46913 kcal/mol
 Log10(partial pressure [mbar])                    :         1.52862
 Free energy of molecule in mix (E_COSMO+dE+Mu)    :    -47989.78414 kcal/mol
 Total mean interaction energy in the mix (H_int)  :        -5.54515 kcal/mol
 Misfit interaction energy in the mix (H_MF)       :         0.59138 kcal/mol
 H-Bond interaction energy in the mix (H_HB)       :        -4.72879 kcal/mol
 VdW interaction energy in the mix (H_vdW)         :        -4.33980 kcal/mol
 Gas liquid transition energy in the mix (H_glt)   :         2.93205 kcal/mol

 Compound: 2  (2-heptanol)
 Chemical potential of the compound in the mixture :         4.58106 kcal/mol
 Log10(partial pressure [mbar])                    :         3.42876
 Free energy of molecule in mix (E_COSMO+dE+Mu)    :   -220746.52370 kcal/mol
 Total mean interaction energy in the mix (H_int)  :        -9.66629 kcal/mol
 Misfit interaction energy in the mix (H_MF)       :         2.91157 kcal/mol
 H-Bond interaction energy in the mix (H_HB)       :        -4.19334 kcal/mol
 VdW interaction energy in the mix (H_vdW)         :       -20.81039 kcal/mol
 Gas liquid transition energy in the mix (H_glt)   :        12.32536 kcal/mol

 Compound: 3  (lacticacid)
 Chemical potential of the compound in the mixture :         4.45759 kcal/mol
 Log10(partial pressure [mbar])                    :        -0.79132
 Free energy of molecule in mix (E_COSMO+dE+Mu)    :   -215744.22255 kcal/mol
 Total mean interaction energy in the mix (H_int)  :        -7.86704 kcal/mol
 Misfit interaction energy in the mix (H_MF)       :         1.98797 kcal/mol
 H-Bond interaction energy in the mix (H_HB)       :        -7.03395 kcal/mol
 VdW interaction energy in the mix (H_vdW)         :       -13.28439 kcal/mol
 Gas liquid transition energy in the mix (H_glt)   :         8.25184 kcal/mol



 Compound: 1 Conformer: 1 (h2o_c0)
 Chemical potential of the molecule in the mixture :         3.46913 kcal/mol
 Log10(partial pressure [mbar])                    :         1.52862
 Free energy of molecule in mix (E_COSMO+dE+Mu)    :    -47989.78414 kcal/mol
 Total mean interaction energy in the mix          :        -5.54515 kcal/mol
 Misfit interaction energy in the mix              :         0.59138 kcal/mol
 H-Bond interaction energy in the mix              :        -4.72879 kcal/mol
 VdW interaction energy in the mix                 :        -4.33980 kcal/mol
 Gas liquid transition energy in the mix (H_glt)   :         2.93205 kcal/mol
 Normalized weight factor of molecule in compound  :         1.00000
 Normalized weight factor of molecule in gas phase :         1.00000

 Compound: 2 Conformer: 1 (2-heptanol_c0)
 Chemical potential of the molecule in the mixture :         5.47586 kcal/mol
 Log10(partial pressure [mbar])                    :         3.52727
 Free energy of molecule in mix (E_COSMO+dE+Mu)    :   -220745.62890 kcal/mol
 Total mean interaction energy in the mix          :        -9.77196 kcal/mol
 Misfit interaction energy in the mix              :         2.92770 kcal/mol
 H-Bond interaction energy in the mix              :        -4.21800 kcal/mol
 VdW interaction energy in the mix                 :       -20.80702 kcal/mol
 Gas liquid transition energy in the mix (H_glt)   :        12.32536 kcal/mol
 Normalized weight factor of molecule in compound  :         0.23742
 Normalized weight factor of molecule in gas phase :         0.25848

 Compound: 2 Conformer: 2 (2-heptanol_c1)
 Chemical potential of the molecule in the mixture :         5.50688 kcal/mol
 Log10(partial pressure [mbar])                    :         3.58884
 Free energy of molecule in mix (E_COSMO+dE+Mu)    :   -220745.36556 kcal/mol
 Total mean interaction energy in the mix          :        -9.76926 kcal/mol
 Misfit interaction energy in the mix              :         2.89236 kcal/mol
 H-Bond interaction energy in the mix              :        -4.09461 kcal/mol
 VdW interaction energy in the mix                 :       -20.89237 kcal/mol
 Gas liquid transition energy in the mix (H_glt)   :        12.32536 kcal/mol
 Normalized weight factor of molecule in compound  :         0.15550
 Normalized weight factor of molecule in gas phase :         0.21915

 Compound: 2 Conformer: 3 (2-heptanol_c2)
 Chemical potential of the molecule in the mixture :         5.70203 kcal/mol
 Log10(partial pressure [mbar])                    :         3.65591
 Free energy of molecule in mix (E_COSMO+dE+Mu)    :   -220745.23737 kcal/mol
 Total mean interaction energy in the mix          :        -9.58684 kcal/mol
 Misfit interaction energy in the mix              :         2.89877 kcal/mol
 H-Bond interaction energy in the mix              :        -3.97695 kcal/mol
 VdW interaction energy in the mix                 :       -20.83401 kcal/mol
 Gas liquid transition energy in the mix (H_glt)   :        12.32536 kcal/mol
 Normalized weight factor of molecule in compound  :         0.12656
 Normalized weight factor of molecule in gas phase :         0.21063

 Compound: 2 Conformer: 4 (2-heptanol_c3)
 Chemical potential of the molecule in the mixture :         5.37050 kcal/mol
 Log10(partial pressure [mbar])                    :         3.24290
 Free energy of molecule in mix (E_COSMO+dE+Mu)    :   -220745.68149 kcal/mol
 Total mean interaction energy in the mix          :        -9.79644 kcal/mol
 Misfit interaction energy in the mix              :         2.92310 kcal/mol
 H-Bond interaction energy in the mix              :        -4.25379 kcal/mol
 VdW interaction energy in the mix                 :       -20.79110 kcal/mol
 Gas liquid transition energy in the mix (H_glt)   :        12.32536 kcal/mol
 Normalized weight factor of molecule in compound  :         0.25836
 Normalized weight factor of molecule in gas phase :         0.16808

 Compound: 2 Conformer: 5 (2-heptanol_c4)
 Chemical potential of the molecule in the mixture :         5.38299 kcal/mol
 Log10(partial pressure [mbar])                    :         3.24200
 Free energy of molecule in mix (E_COSMO+dE+Mu)    :   -220745.58753 kcal/mol
 Total mean interaction energy in the mix          :        -9.82763 kcal/mol
 Misfit interaction energy in the mix              :         2.90164 kcal/mol
 H-Bond interaction energy in the mix              :        -4.28907 kcal/mol
 VdW interaction energy in the mix                 :       -20.76557 kcal/mol
 Gas liquid transition energy in the mix (H_glt)   :        12.32536 kcal/mol
 Normalized weight factor of molecule in compound  :         0.22215
 Normalized weight factor of molecule in gas phase :         0.14367

 Compound: 3 Conformer: 1 (lacticacid_c0)
 Chemical potential of the molecule in the mixture :         6.40780 kcal/mol
 Log10(partial pressure [mbar])                    :        -0.56827
 Free energy of molecule in mix (E_COSMO+dE+Mu)    :   -215742.27234 kcal/mol
 Total mean interaction energy in the mix          :        -7.35518 kcal/mol
 Misfit interaction energy in the mix              :         2.02310 kcal/mol
 H-Bond interaction energy in the mix              :        -4.39678 kcal/mol
 VdW interaction energy in the mix                 :       -13.23334 kcal/mol
 Gas liquid transition energy in the mix (H_glt)   :         8.25184 kcal/mol
 Normalized weight factor of molecule in compound  :         0.04355
 Normalized weight factor of molecule in gas phase :         0.00603

 Compound: 3 Conformer: 2 (lacticacid_c1)
 Chemical potential of the molecule in the mixture :         6.52932 kcal/mol
 Log10(partial pressure [mbar])                    :        -0.09307
 Free energy of molecule in mix (E_COSMO+dE+Mu)    :   -215741.96932 kcal/mol
 Total mean interaction energy in the mix          :        -6.91886 kcal/mol
 Misfit interaction energy in the mix              :         2.13220 kcal/mol
 H-Bond interaction energy in the mix              :        -4.09254 kcal/mol
 VdW interaction energy in the mix                 :       -13.21037 kcal/mol
 Gas liquid transition energy in the mix (H_glt)   :         8.25184 kcal/mol
 Normalized weight factor of molecule in compound  :         0.02676
 Normalized weight factor of molecule in gas phase :         0.01137

 Compound: 3 Conformer: 3 (lacticacid_c2)
 Chemical potential of the molecule in the mixture :         4.68599 kcal/mol
 Log10(partial pressure [mbar])                    :         0.59635
 Free energy of molecule in mix (E_COSMO+dE+Mu)    :   -215742.92047 kcal/mol
 Total mean interaction energy in the mix          :        -8.02167 kcal/mol
 Misfit interaction energy in the mix              :         2.06502 kcal/mol
 H-Bond interaction energy in the mix              :        -5.04301 kcal/mol
 VdW interaction energy in the mix                 :       -13.29551 kcal/mol
 Gas liquid transition energy in the mix (H_glt)   :         8.25184 kcal/mol
 Normalized weight factor of molecule in compound  :         0.12339
 Normalized weight factor of molecule in gas phase :         0.93300

 Compound: 3 Conformer: 4 (lacticacid_c3)
 Chemical potential of the molecule in the mixture :         2.93011 kcal/mol
 Log10(partial pressure [mbar])                    :        -1.66572
 Free energy of molecule in mix (E_COSMO+dE+Mu)    :   -215743.25532 kcal/mol
 Total mean interaction energy in the mix          :       -10.13586 kcal/mol
 Misfit interaction energy in the mix              :         1.98570 kcal/mol
 H-Bond interaction energy in the mix              :        -7.10127 kcal/mol
 VdW interaction energy in the mix                 :       -13.27214 kcal/mol
 Gas liquid transition energy in the mix (H_glt)   :         8.25184 kcal/mol
 Normalized weight factor of molecule in compound  :         0.21134
 Normalized weight factor of molecule in gas phase :         0.02822

 Compound: 3 Conformer: 5 (lacticacid_c4)
 Chemical potential of the molecule in the mixture :         2.41719 kcal/mol
 Log10(partial pressure [mbar])                    :        -3.58442
 Free energy of molecule in mix (E_COSMO+dE+Mu)    :   -215743.68164 kcal/mol
 Total mean interaction energy in the mix          :       -11.08393 kcal/mol
 Misfit interaction energy in the mix              :         1.96468 kcal/mol
 H-Bond interaction energy in the mix              :        -8.00705 kcal/mol
 VdW interaction energy in the mix                 :       -13.29340 kcal/mol
 Gas liquid transition energy in the mix (H_glt)   :         8.25184 kcal/mol
 Normalized weight factor of molecule in compound  :         0.41928
 Normalized weight factor of molecule in gas phase :         0.00067

 Compound: 3 Conformer: 6 (lacticacid_c5)
 Chemical potential of the molecule in the mixture :         2.89512 kcal/mol
 Log10(partial pressure [mbar])                    :        -1.71978
 Free energy of molecule in mix (E_COSMO+dE+Mu)    :   -215743.14034 kcal/mol
 Total mean interaction energy in the mix          :       -10.21103 kcal/mol
 Misfit interaction energy in the mix              :         1.96148 kcal/mol
 H-Bond interaction energy in the mix              :        -7.13064 kcal/mol
 VdW interaction energy in the mix                 :       -13.29372 kcal/mol
 Gas liquid transition energy in the mix (H_glt)   :         8.25184 kcal/mol
 Normalized weight factor of molecule in compound  :         0.17568
 Normalized weight factor of molecule in gas phase :         0.02069




 Results for mixture 34 - LIQ_EX Phase 2 Iteration   16
 ----------------------
 Temperature          :    313.150 K
 Compound Nr.         :         1         2         3
 Compound             :       h2o 2-heptano lacticaci
 Mole Fraction        :    0.2946    0.7029    0.0026

 Compound: 1  (h2o)
 Chemical potential of the compound in the mixture :         4.22827 kcal/mol
 Log10(partial pressure [mbar])                    :         2.05842
 Free energy of molecule in mix (E_COSMO+dE+Mu)    :    -47989.02500 kcal/mol
 Total mean interaction energy in the mix (H_int)  :        -5.12337 kcal/mol
 Misfit interaction energy in the mix (H_MF)       :         1.01989 kcal/mol
 H-Bond interaction energy in the mix (H_HB)       :        -4.49913 kcal/mol
 VdW interaction energy in the mix (H_vdW)         :        -4.57617 kcal/mol
 Gas liquid transition energy in the mix (H_glt)   :         2.93205 kcal/mol
 Equilibrium constant Kx(1,2)                      :         3.38688
 Equilibrium concentration x_k(1,2)                :         0.77205

 Compound: 2  (2-heptanol)
 Chemical potential of the compound in the mixture :         0.17842 kcal/mol
 Log10(partial pressure [mbar])                    :         0.35618
 Free energy of molecule in mix (E_COSMO+dE+Mu)    :   -220750.92634 kcal/mol
 Total mean interaction energy in the mix (H_int)  :        -9.81586 kcal/mol
 Misfit interaction energy in the mix (H_MF)       :         2.32269 kcal/mol
 H-Bond interaction energy in the mix (H_HB)       :        -3.08191 kcal/mol
 VdW interaction energy in the mix (H_vdW)         :       -21.50502 kcal/mol
 Gas liquid transition energy in the mix (H_glt)   :        12.32536 kcal/mol
 Equilibrium constant Kx(1,2)                      :  8.46095306E-04
 Equilibrium concentration x_k(1,2)                :         0.00085

 Compound: 3  (lacticacid)
 Chemical potential of the compound in the mixture :         4.14362 kcal/mol
 Log10(partial pressure [mbar])                    :        -1.01044
 Free energy of molecule in mix (E_COSMO+dE+Mu)    :   -215744.53652 kcal/mol
 Total mean interaction energy in the mix (H_int)  :        -6.01735 kcal/mol
 Misfit interaction energy in the mix (H_MF)       :         2.36395 kcal/mol
 H-Bond interaction energy in the mix (H_HB)       :        -4.31888 kcal/mol
 VdW interaction energy in the mix (H_vdW)         :       -13.94167 kcal/mol
 Gas liquid transition energy in the mix (H_glt)   :         8.25184 kcal/mol
 Equilibrium constant Kx(1,2)                      :         0.60379
 Equilibrium concentration x_k(1,2)                :         0.37648



 Compound: 1 Conformer: 1 (h2o_c0)
 Chemical potential of the molecule in the mixture :         4.22827 kcal/mol
 Log10(partial pressure [mbar])                    :         2.05842
 Free energy of molecule in mix (E_COSMO+dE+Mu)    :    -47989.02500 kcal/mol
 Total mean interaction energy in the mix          :        -5.12337 kcal/mol
 Misfit interaction energy in the mix              :         1.01989 kcal/mol
 H-Bond interaction energy in the mix              :        -4.49913 kcal/mol
 VdW interaction energy in the mix                 :        -4.57617 kcal/mol
 Gas liquid transition energy in the mix (H_glt)   :         2.93205 kcal/mol
 Normalized weight factor of molecule in compound  :         1.00000
 Normalized weight factor of molecule in gas phase :         1.00000

 Compound: 2 Conformer: 1 (2-heptanol_c0)
 Chemical potential of the molecule in the mixture :         1.33101 kcal/mol
 Log10(partial pressure [mbar])                    :         0.63461
 Free energy of molecule in mix (E_COSMO+dE+Mu)    :   -220749.77375 kcal/mol
 Total mean interaction energy in the mix          :        -9.68564 kcal/mol
 Misfit interaction energy in the mix              :         2.40108 kcal/mol
 H-Bond interaction energy in the mix              :        -2.91806 kcal/mol
 VdW interaction energy in the mix                 :       -21.49401 kcal/mol
 Gas liquid transition energy in the mix (H_glt)   :        12.32536 kcal/mol
 Normalized weight factor of molecule in compound  :         0.15690
 Normalized weight factor of molecule in gas phase :         0.25848

 Compound: 2 Conformer: 2 (2-heptanol_c1)
 Chemical potential of the molecule in the mixture :         0.81990 kcal/mol
 Log10(partial pressure [mbar])                    :         0.31783
 Free energy of molecule in mix (E_COSMO+dE+Mu)    :   -220750.05254 kcal/mol
 Total mean interaction energy in the mix          :       -10.05962 kcal/mol
 Misfit interaction energy in the mix              :         2.23756 kcal/mol
 H-Bond interaction energy in the mix              :        -3.04867 kcal/mol
 VdW interaction energy in the mix                 :       -21.57386 kcal/mol
 Gas liquid transition energy in the mix (H_glt)   :        12.32536 kcal/mol
 Normalized weight factor of molecule in compound  :         0.24557
 Normalized weight factor of molecule in gas phase :         0.21915

 Compound: 2 Conformer: 3 (2-heptanol_c2)
 Chemical potential of the molecule in the mixture :         1.15200 kcal/mol
 Log10(partial pressure [mbar])                    :         0.48047
 Free energy of molecule in mix (E_COSMO+dE+Mu)    :   -220749.78740 kcal/mol
 Total mean interaction energy in the mix          :        -9.63565 kcal/mol
 Misfit interaction energy in the mix              :         2.32651 kcal/mol
 H-Bond interaction energy in the mix              :        -2.77250 kcal/mol
 VdW interaction energy in the mix                 :       -21.51502 kcal/mol
 Gas liquid transition energy in the mix (H_glt)   :        12.32536 kcal/mol
 Normalized weight factor of molecule in compound  :         0.16038
 Normalized weight factor of molecule in gas phase :         0.21063

 Compound: 2 Conformer: 4 (2-heptanol_c3)
 Chemical potential of the molecule in the mixture :         1.02395 kcal/mol
 Log10(partial pressure [mbar])                    :         0.20947
 Free energy of molecule in mix (E_COSMO+dE+Mu)    :   -220750.02804 kcal/mol
 Total mean interaction energy in the mix          :       -10.07563 kcal/mol
 Misfit interaction energy in the mix              :         2.34699 kcal/mol
 H-Bond interaction energy in the mix              :        -3.26863 kcal/mol
 VdW interaction energy in the mix                 :       -21.47935 kcal/mol
 Gas liquid transition energy in the mix (H_glt)   :        12.32536 kcal/mol
 Normalized weight factor of molecule in compound  :         0.23609
 Normalized weight factor of molecule in gas phase :         0.16808

 Compound: 2 Conformer: 5 (2-heptanol_c4)
 Chemical potential of the molecule in the mixture :         1.04239 kcal/mol
 Log10(partial pressure [mbar])                    :         0.21272
 Free energy of molecule in mix (E_COSMO+dE+Mu)    :   -220749.92812 kcal/mol
 Total mean interaction energy in the mix          :       -10.07031 kcal/mol
 Misfit interaction energy in the mix              :         2.33391 kcal/mol
 H-Bond interaction energy in the mix              :        -3.27790 kcal/mol
 VdW interaction energy in the mix                 :       -21.45168 kcal/mol
 Gas liquid transition energy in the mix (H_glt)   :        12.32536 kcal/mol
 Normalized weight factor of molecule in compound  :         0.20107
 Normalized weight factor of molecule in gas phase :         0.14367

 Compound: 3 Conformer: 1 (lacticacid_c0)
 Chemical potential of the molecule in the mixture :         5.91998 kcal/mol
 Log10(partial pressure [mbar])                    :        -0.90871
 Free energy of molecule in mix (E_COSMO+dE+Mu)    :   -215742.76016 kcal/mol
 Total mean interaction energy in the mix          :        -5.97733 kcal/mol
 Misfit interaction energy in the mix              :         2.75924 kcal/mol
 H-Bond interaction energy in the mix              :        -3.08234 kcal/mol
 VdW interaction energy in the mix                 :       -13.90607 kcal/mol
 Gas liquid transition energy in the mix (H_glt)   :         8.25184 kcal/mol
 Normalized weight factor of molecule in compound  :         0.05758
 Normalized weight factor of molecule in gas phase :         0.00603

 Compound: 3 Conformer: 2 (lacticacid_c1)
 Chemical potential of the molecule in the mixture :         6.23869 kcal/mol
 Log10(partial pressure [mbar])                    :        -0.29590
 Free energy of molecule in mix (E_COSMO+dE+Mu)    :   -215742.25995 kcal/mol
 Total mean interaction energy in the mix          :        -5.51765 kcal/mol
 Misfit interaction energy in the mix              :         2.81667 kcal/mol
 H-Bond interaction energy in the mix              :        -2.71354 kcal/mol
 VdW interaction energy in the mix                 :       -13.87261 kcal/mol
 Gas liquid transition energy in the mix (H_glt)   :         8.25184 kcal/mol
 Normalized weight factor of molecule in compound  :         0.02578
 Normalized weight factor of molecule in gas phase :         0.01137

 Compound: 3 Conformer: 3 (lacticacid_c2)
 Chemical potential of the molecule in the mixture :         3.51395 kcal/mol
 Log10(partial pressure [mbar])                    :        -0.22161
 Free energy of molecule in mix (E_COSMO+dE+Mu)    :   -215744.09251 kcal/mol
 Total mean interaction energy in the mix          :        -7.11030 kcal/mol
 Misfit interaction energy in the mix              :         2.23701 kcal/mol
 H-Bond interaction energy in the mix              :        -3.65175 kcal/mol
 VdW interaction energy in the mix                 :       -13.94739 kcal/mol
 Gas liquid transition energy in the mix (H_glt)   :         8.25184 kcal/mol
 Normalized weight factor of molecule in compound  :         0.48992
 Normalized weight factor of molecule in gas phase :         0.93300

 Compound: 3 Conformer: 4 (lacticacid_c3)
 Chemical potential of the molecule in the mixture :         2.77028 kcal/mol
 Log10(partial pressure [mbar])                    :        -1.77726
 Free energy of molecule in mix (E_COSMO+dE+Mu)    :   -215743.41515 kcal/mol
 Total mean interaction energy in the mix          :        -8.42069 kcal/mol
 Misfit interaction energy in the mix              :         2.36826 kcal/mol
 H-Bond interaction energy in the mix              :        -5.11656 kcal/mol
 VdW interaction energy in the mix                 :       -13.92423 kcal/mol
 Gas liquid transition energy in the mix (H_glt)   :         8.25184 kcal/mol
 Normalized weight factor of molecule in compound  :         0.16497
 Normalized weight factor of molecule in gas phase :         0.02822

 Compound: 3 Conformer: 5 (lacticacid_c4)
 Chemical potential of the molecule in the mixture :         2.92586 kcal/mol
 Log10(partial pressure [mbar])                    :        -3.22942
 Free energy of molecule in mix (E_COSMO+dE+Mu)    :   -215743.17297 kcal/mol
 Total mean interaction energy in the mix          :        -8.93347 kcal/mol
 Misfit interaction energy in the mix              :         2.64237 kcal/mol
 H-Bond interaction energy in the mix              :        -5.86372 kcal/mol
 VdW interaction energy in the mix                 :       -13.96396 kcal/mol
 Gas liquid transition energy in the mix (H_glt)   :         8.25184 kcal/mol
 Normalized weight factor of molecule in compound  :         0.11179
 Normalized weight factor of molecule in gas phase :         0.00067

 Compound: 3 Conformer: 6 (lacticacid_c5)
 Chemical potential of the molecule in the mixture :         2.67967 kcal/mol
 Log10(partial pressure [mbar])                    :        -1.87014
 Free energy of molecule in mix (E_COSMO+dE+Mu)    :   -215743.35579 kcal/mol
 Total mean interaction energy in the mix          :        -8.58245 kcal/mol
 Misfit interaction energy in the mix              :         2.33678 kcal/mol
 H-Bond interaction energy in the mix              :        -5.22002 kcal/mol
 VdW interaction energy in the mix                 :       -13.95105 kcal/mol
 Gas liquid transition energy in the mix (H_glt)   :         8.25184 kcal/mol
 Normalized weight factor of molecule in compound  :         0.14996
 Normalized weight factor of molecule in gas phase :         0.02069




 Results for mixture 35 - LIQ_EX Phase 1 Iteration   17
 ----------------------
 Temperature          :    313.150 K
 Compound Nr.         :         1         2         3
 Compound             :       h2o 2-heptano lacticaci
 Mole Fraction        :    0.9979    0.0006    0.0015

 Compound: 1  (h2o)
 Chemical potential of the compound in the mixture :         3.46913 kcal/mol
 Log10(partial pressure [mbar])                    :         1.52862
 Free energy of molecule in mix (E_COSMO+dE+Mu)    :    -47989.78414 kcal/mol
 Total mean interaction energy in the mix (H_int)  :        -5.54515 kcal/mol
 Misfit interaction energy in the mix (H_MF)       :         0.59138 kcal/mol
 H-Bond interaction energy in the mix (H_HB)       :        -4.72879 kcal/mol
 VdW interaction energy in the mix (H_vdW)         :        -4.33980 kcal/mol
 Gas liquid transition energy in the mix (H_glt)   :         2.93205 kcal/mol

 Compound: 2  (2-heptanol)
 Chemical potential of the compound in the mixture :         4.58107 kcal/mol
 Log10(partial pressure [mbar])                    :         3.42876
 Free energy of molecule in mix (E_COSMO+dE+Mu)    :   -220746.52369 kcal/mol
 Total mean interaction energy in the mix (H_int)  :        -9.66629 kcal/mol
 Misfit interaction energy in the mix (H_MF)       :         2.91156 kcal/mol
 H-Bond interaction energy in the mix (H_HB)       :        -4.19334 kcal/mol
 VdW interaction energy in the mix (H_vdW)         :       -20.81039 kcal/mol
 Gas liquid transition energy in the mix (H_glt)   :        12.32536 kcal/mol

 Compound: 3  (lacticacid)
 Chemical potential of the compound in the mixture :         4.45759 kcal/mol
 Log10(partial pressure [mbar])                    :        -0.79132
 Free energy of molecule in mix (E_COSMO+dE+Mu)    :   -215744.22255 kcal/mol
 Total mean interaction energy in the mix (H_int)  :        -7.86704 kcal/mol
 Misfit interaction energy in the mix (H_MF)       :         1.98797 kcal/mol
 H-Bond interaction energy in the mix (H_HB)       :        -7.03395 kcal/mol
 VdW interaction energy in the mix (H_vdW)         :       -13.28439 kcal/mol
 Gas liquid transition energy in the mix (H_glt)   :         8.25184 kcal/mol



 Compound: 1 Conformer: 1 (h2o_c0)
 Chemical potential of the molecule in the mixture :         3.46913 kcal/mol
 Log10(partial pressure [mbar])                    :         1.52862
 Free energy of molecule in mix (E_COSMO+dE+Mu)    :    -47989.78414 kcal/mol
 Total mean interaction energy in the mix          :        -5.54515 kcal/mol
 Misfit interaction energy in the mix              :         0.59138 kcal/mol
 H-Bond interaction energy in the mix              :        -4.72879 kcal/mol
 VdW interaction energy in the mix                 :        -4.33980 kcal/mol
 Gas liquid transition energy in the mix (H_glt)   :         2.93205 kcal/mol
 Normalized weight factor of molecule in compound  :         1.00000
 Normalized weight factor of molecule in gas phase :         1.00000

 Compound: 2 Conformer: 1 (2-heptanol_c0)
 Chemical potential of the molecule in the mixture :         5.47586 kcal/mol
 Log10(partial pressure [mbar])                    :         3.52728
 Free energy of molecule in mix (E_COSMO+dE+Mu)    :   -220745.62890 kcal/mol
 Total mean interaction energy in the mix          :        -9.77196 kcal/mol
 Misfit interaction energy in the mix              :         2.92770 kcal/mol
 H-Bond interaction energy in the mix              :        -4.21800 kcal/mol
 VdW interaction energy in the mix                 :       -20.80702 kcal/mol
 Gas liquid transition energy in the mix (H_glt)   :        12.32536 kcal/mol
 Normalized weight factor of molecule in compound  :         0.23742
 Normalized weight factor of molecule in gas phase :         0.25848

 Compound: 2 Conformer: 2 (2-heptanol_c1)
 Chemical potential of the molecule in the mixture :         5.50688 kcal/mol
 Log10(partial pressure [mbar])                    :         3.58885
 Free energy of molecule in mix (E_COSMO+dE+Mu)    :   -220745.36556 kcal/mol
 Total mean interaction energy in the mix          :        -9.76926 kcal/mol
 Misfit interaction energy in the mix              :         2.89236 kcal/mol
 H-Bond interaction energy in the mix              :        -4.09461 kcal/mol
 VdW interaction energy in the mix                 :       -20.89237 kcal/mol
 Gas liquid transition energy in the mix (H_glt)   :        12.32536 kcal/mol
 Normalized weight factor of molecule in compound  :         0.15550
 Normalized weight factor of molecule in gas phase :         0.21915

 Compound: 2 Conformer: 3 (2-heptanol_c2)
 Chemical potential of the molecule in the mixture :         5.70204 kcal/mol
 Log10(partial pressure [mbar])                    :         3.65591
 Free energy of molecule in mix (E_COSMO+dE+Mu)    :   -220745.23737 kcal/mol
 Total mean interaction energy in the mix          :        -9.58684 kcal/mol
 Misfit interaction energy in the mix              :         2.89877 kcal/mol
 H-Bond interaction energy in the mix              :        -3.97695 kcal/mol
 VdW interaction energy in the mix                 :       -20.83401 kcal/mol
 Gas liquid transition energy in the mix (H_glt)   :        12.32536 kcal/mol
 Normalized weight factor of molecule in compound  :         0.12656
 Normalized weight factor of molecule in gas phase :         0.21063

 Compound: 2 Conformer: 4 (2-heptanol_c3)
 Chemical potential of the molecule in the mixture :         5.37050 kcal/mol
 Log10(partial pressure [mbar])                    :         3.24290
 Free energy of molecule in mix (E_COSMO+dE+Mu)    :   -220745.68149 kcal/mol
 Total mean interaction energy in the mix          :        -9.79644 kcal/mol
 Misfit interaction energy in the mix              :         2.92310 kcal/mol
 H-Bond interaction energy in the mix              :        -4.25380 kcal/mol
 VdW interaction energy in the mix                 :       -20.79110 kcal/mol
 Gas liquid transition energy in the mix (H_glt)   :        12.32536 kcal/mol
 Normalized weight factor of molecule in compound  :         0.25836
 Normalized weight factor of molecule in gas phase :         0.16808

 Compound: 2 Conformer: 5 (2-heptanol_c4)
 Chemical potential of the molecule in the mixture :         5.38299 kcal/mol
 Log10(partial pressure [mbar])                    :         3.24200
 Free energy of molecule in mix (E_COSMO+dE+Mu)    :   -220745.58752 kcal/mol
 Total mean interaction energy in the mix          :        -9.82763 kcal/mol
 Misfit interaction energy in the mix              :         2.90164 kcal/mol
 H-Bond interaction energy in the mix              :        -4.28907 kcal/mol
 VdW interaction energy in the mix                 :       -20.76556 kcal/mol
 Gas liquid transition energy in the mix (H_glt)   :        12.32536 kcal/mol
 Normalized weight factor of molecule in compound  :         0.22215
 Normalized weight factor of molecule in gas phase :         0.14367

 Compound: 3 Conformer: 1 (lacticacid_c0)
 Chemical potential of the molecule in the mixture :         6.40780 kcal/mol
 Log10(partial pressure [mbar])                    :        -0.56827
 Free energy of molecule in mix (E_COSMO+dE+Mu)    :   -215742.27234 kcal/mol
 Total mean interaction energy in the mix          :        -7.35518 kcal/mol
 Misfit interaction energy in the mix              :         2.02310 kcal/mol
 H-Bond interaction energy in the mix              :        -4.39678 kcal/mol
 VdW interaction energy in the mix                 :       -13.23334 kcal/mol
 Gas liquid transition energy in the mix (H_glt)   :         8.25184 kcal/mol
 Normalized weight factor of molecule in compound  :         0.04355
 Normalized weight factor of molecule in gas phase :         0.00603

 Compound: 3 Conformer: 2 (lacticacid_c1)
 Chemical potential of the molecule in the mixture :         6.52933 kcal/mol
 Log10(partial pressure [mbar])                    :        -0.09307
 Free energy of molecule in mix (E_COSMO+dE+Mu)    :   -215741.96932 kcal/mol
 Total mean interaction energy in the mix          :        -6.91886 kcal/mol
 Misfit interaction energy in the mix              :         2.13220 kcal/mol
 H-Bond interaction energy in the mix              :        -4.09254 kcal/mol
 VdW interaction energy in the mix                 :       -13.21037 kcal/mol
 Gas liquid transition energy in the mix (H_glt)   :         8.25184 kcal/mol
 Normalized weight factor of molecule in compound  :         0.02676
 Normalized weight factor of molecule in gas phase :         0.01137

 Compound: 3 Conformer: 3 (lacticacid_c2)
 Chemical potential of the molecule in the mixture :         4.68599 kcal/mol
 Log10(partial pressure [mbar])                    :         0.59635
 Free energy of molecule in mix (E_COSMO+dE+Mu)    :   -215742.92047 kcal/mol
 Total mean interaction energy in the mix          :        -8.02167 kcal/mol
 Misfit interaction energy in the mix              :         2.06501 kcal/mol
 H-Bond interaction energy in the mix              :        -5.04301 kcal/mol
 VdW interaction energy in the mix                 :       -13.29551 kcal/mol
 Gas liquid transition energy in the mix (H_glt)   :         8.25184 kcal/mol
 Normalized weight factor of molecule in compound  :         0.12339
 Normalized weight factor of molecule in gas phase :         0.93300

 Compound: 3 Conformer: 4 (lacticacid_c3)
 Chemical potential of the molecule in the mixture :         2.93011 kcal/mol
 Log10(partial pressure [mbar])                    :        -1.66571
 Free energy of molecule in mix (E_COSMO+dE+Mu)    :   -215743.25532 kcal/mol
 Total mean interaction energy in the mix          :       -10.13586 kcal/mol
 Misfit interaction energy in the mix              :         1.98570 kcal/mol
 H-Bond interaction energy in the mix              :        -7.10127 kcal/mol
 VdW interaction energy in the mix                 :       -13.27214 kcal/mol
 Gas liquid transition energy in the mix (H_glt)   :         8.25184 kcal/mol
 Normalized weight factor of molecule in compound  :         0.21134
 Normalized weight factor of molecule in gas phase :         0.02822

 Compound: 3 Conformer: 5 (lacticacid_c4)
 Chemical potential of the molecule in the mixture :         2.41719 kcal/mol
 Log10(partial pressure [mbar])                    :        -3.58442
 Free energy of molecule in mix (E_COSMO+dE+Mu)    :   -215743.68164 kcal/mol
 Total mean interaction energy in the mix          :       -11.08394 kcal/mol
 Misfit interaction energy in the mix              :         1.96468 kcal/mol
 H-Bond interaction energy in the mix              :        -8.00705 kcal/mol
 VdW interaction energy in the mix                 :       -13.29340 kcal/mol
 Gas liquid transition energy in the mix (H_glt)   :         8.25184 kcal/mol
 Normalized weight factor of molecule in compound  :         0.41928
 Normalized weight factor of molecule in gas phase :         0.00067

 Compound: 3 Conformer: 6 (lacticacid_c5)
 Chemical potential of the molecule in the mixture :         2.89513 kcal/mol
 Log10(partial pressure [mbar])                    :        -1.71978
 Free energy of molecule in mix (E_COSMO+dE+Mu)    :   -215743.14034 kcal/mol
 Total mean interaction energy in the mix          :       -10.21103 kcal/mol
 Misfit interaction energy in the mix              :         1.96148 kcal/mol
 H-Bond interaction energy in the mix              :        -7.13064 kcal/mol
 VdW interaction energy in the mix                 :       -13.29372 kcal/mol
 Gas liquid transition energy in the mix (H_glt)   :         8.25184 kcal/mol
 Normalized weight factor of molecule in compound  :         0.17568
 Normalized weight factor of molecule in gas phase :         0.02069




 Results for mixture 36 - LIQ_EX Phase 2 Iteration   17
 ----------------------
 Temperature          :    313.150 K
 Compound Nr.         :         1         2         3
 Compound             :       h2o 2-heptano lacticaci
 Mole Fraction        :    0.2946    0.7028    0.0026

 Compound: 1  (h2o)
 Chemical potential of the compound in the mixture :         4.22826 kcal/mol
 Log10(partial pressure [mbar])                    :         2.05841
 Free energy of molecule in mix (E_COSMO+dE+Mu)    :    -47989.02501 kcal/mol
 Total mean interaction energy in the mix (H_int)  :        -5.12340 kcal/mol
 Misfit interaction energy in the mix (H_MF)       :         1.01985 kcal/mol
 H-Bond interaction energy in the mix (H_HB)       :        -4.49914 kcal/mol
 VdW interaction energy in the mix (H_vdW)         :        -4.57617 kcal/mol
 Gas liquid transition energy in the mix (H_glt)   :         2.93205 kcal/mol
 Equilibrium constant Kx(1,2)                      :         3.38680
 Equilibrium concentration x_k(1,2)                :         0.77204

 Compound: 2  (2-heptanol)
 Chemical potential of the compound in the mixture :         0.17842 kcal/mol
 Log10(partial pressure [mbar])                    :         0.35618
 Free energy of molecule in mix (E_COSMO+dE+Mu)    :   -220750.92634 kcal/mol
 Total mean interaction energy in the mix (H_int)  :        -9.81587 kcal/mol
 Misfit interaction energy in the mix (H_MF)       :         2.32271 kcal/mol
 H-Bond interaction energy in the mix (H_HB)       :        -3.08195 kcal/mol
 VdW interaction energy in the mix (H_vdW)         :       -21.50501 kcal/mol
 Gas liquid transition energy in the mix (H_glt)   :        12.32536 kcal/mol
 Equilibrium constant Kx(1,2)                      :  8.46098842E-04
 Equilibrium concentration x_k(1,2)                :         0.00085

 Compound: 3  (lacticacid)
 Chemical potential of the compound in the mixture :         4.14360 kcal/mol
 Log10(partial pressure [mbar])                    :        -1.01046
 Free energy of molecule in mix (E_COSMO+dE+Mu)    :   -215744.53654 kcal/mol
 Total mean interaction energy in the mix (H_int)  :        -6.01741 kcal/mol
 Misfit interaction energy in the mix (H_MF)       :         2.36392 kcal/mol
 H-Bond interaction energy in the mix (H_HB)       :        -4.31894 kcal/mol
 VdW interaction energy in the mix (H_vdW)         :       -13.94166 kcal/mol
 Gas liquid transition energy in the mix (H_glt)   :         8.25184 kcal/mol
 Equilibrium constant Kx(1,2)                      :         0.60376
 Equilibrium concentration x_k(1,2)                :         0.37647



 Compound: 1 Conformer: 1 (h2o_c0)
 Chemical potential of the molecule in the mixture :         4.22826 kcal/mol
 Log10(partial pressure [mbar])                    :         2.05841
 Free energy of molecule in mix (E_COSMO+dE+Mu)    :    -47989.02501 kcal/mol
 Total mean interaction energy in the mix          :        -5.12340 kcal/mol
 Misfit interaction energy in the mix              :         1.01985 kcal/mol
 H-Bond interaction energy in the mix              :        -4.49914 kcal/mol
 VdW interaction energy in the mix                 :        -4.57617 kcal/mol
 Gas liquid transition energy in the mix (H_glt)   :         2.93205 kcal/mol
 Normalized weight factor of molecule in compound  :         1.00000
 Normalized weight factor of molecule in gas phase :         1.00000

 Compound: 2 Conformer: 1 (2-heptanol_c0)
 Chemical potential of the molecule in the mixture :         1.33101 kcal/mol
 Log10(partial pressure [mbar])                    :         0.63461
 Free energy of molecule in mix (E_COSMO+dE+Mu)    :   -220749.77375 kcal/mol
 Total mean interaction energy in the mix          :        -9.68567 kcal/mol
 Misfit interaction energy in the mix              :         2.40110 kcal/mol
 H-Bond interaction energy in the mix              :        -2.91812 kcal/mol
 VdW interaction energy in the mix                 :       -21.49400 kcal/mol
 Gas liquid transition energy in the mix (H_glt)   :        12.32536 kcal/mol
 Normalized weight factor of molecule in compound  :         0.15690
 Normalized weight factor of molecule in gas phase :         0.25848

 Compound: 2 Conformer: 2 (2-heptanol_c1)
 Chemical potential of the molecule in the mixture :         0.81991 kcal/mol
 Log10(partial pressure [mbar])                    :         0.31784
 Free energy of molecule in mix (E_COSMO+dE+Mu)    :   -220750.05253 kcal/mol
 Total mean interaction energy in the mix          :       -10.05963 kcal/mol
 Misfit interaction energy in the mix              :         2.23757 kcal/mol
 H-Bond interaction energy in the mix              :        -3.04871 kcal/mol
 VdW interaction energy in the mix                 :       -21.57385 kcal/mol
 Gas liquid transition energy in the mix (H_glt)   :        12.32536 kcal/mol
 Normalized weight factor of molecule in compound  :         0.24557
 Normalized weight factor of molecule in gas phase :         0.21915

 Compound: 2 Conformer: 3 (2-heptanol_c2)
 Chemical potential of the molecule in the mixture :         1.15201 kcal/mol
 Log10(partial pressure [mbar])                    :         0.48048
 Free energy of molecule in mix (E_COSMO+dE+Mu)    :   -220749.78739 kcal/mol
 Total mean interaction energy in the mix          :        -9.63567 kcal/mol
 Misfit interaction energy in the mix              :         2.32653 kcal/mol
 H-Bond interaction energy in the mix              :        -2.77255 kcal/mol
 VdW interaction energy in the mix                 :       -21.51501 kcal/mol
 Gas liquid transition energy in the mix (H_glt)   :        12.32536 kcal/mol
 Normalized weight factor of molecule in compound  :         0.16037
 Normalized weight factor of molecule in gas phase :         0.21063

 Compound: 2 Conformer: 4 (2-heptanol_c3)
 Chemical potential of the molecule in the mixture :         1.02396 kcal/mol
 Log10(partial pressure [mbar])                    :         0.20947
 Free energy of molecule in mix (E_COSMO+dE+Mu)    :   -220750.02803 kcal/mol
 Total mean interaction energy in the mix          :       -10.07564 kcal/mol
 Misfit interaction energy in the mix              :         2.34701 kcal/mol
 H-Bond interaction energy in the mix              :        -3.26867 kcal/mol
 VdW interaction energy in the mix                 :       -21.47934 kcal/mol
 Gas liquid transition energy in the mix (H_glt)   :        12.32536 kcal/mol
 Normalized weight factor of molecule in compound  :         0.23609
 Normalized weight factor of molecule in gas phase :         0.16808

 Compound: 2 Conformer: 5 (2-heptanol_c4)
 Chemical potential of the molecule in the mixture :         1.04240 kcal/mol
 Log10(partial pressure [mbar])                    :         0.21273
 Free energy of molecule in mix (E_COSMO+dE+Mu)    :   -220749.92811 kcal/mol
 Total mean interaction energy in the mix          :       -10.07033 kcal/mol
 Misfit interaction energy in the mix              :         2.33393 kcal/mol
 H-Bond interaction energy in the mix              :        -3.27794 kcal/mol
 VdW interaction energy in the mix                 :       -21.45167 kcal/mol
 Gas liquid transition energy in the mix (H_glt)   :        12.32536 kcal/mol
 Normalized weight factor of molecule in compound  :         0.20107
 Normalized weight factor of molecule in gas phase :         0.14367

 Compound: 3 Conformer: 1 (lacticacid_c0)
 Chemical potential of the molecule in the mixture :         5.91996 kcal/mol
 Log10(partial pressure [mbar])                    :        -0.90873
 Free energy of molecule in mix (E_COSMO+dE+Mu)    :   -215742.76019 kcal/mol
 Total mean interaction energy in the mix          :        -5.97739 kcal/mol
 Misfit interaction energy in the mix              :         2.75919 kcal/mol
 H-Bond interaction energy in the mix              :        -3.08237 kcal/mol
 VdW interaction energy in the mix                 :       -13.90606 kcal/mol
 Gas liquid transition energy in the mix (H_glt)   :         8.25184 kcal/mol
 Normalized weight factor of molecule in compound  :         0.05758
 Normalized weight factor of molecule in gas phase :         0.00603

 Compound: 3 Conformer: 2 (lacticacid_c1)
 Chemical potential of the molecule in the mixture :         6.23866 kcal/mol
 Log10(partial pressure [mbar])                    :        -0.29592
 Free energy of molecule in mix (E_COSMO+dE+Mu)    :   -215742.25999 kcal/mol
 Total mean interaction energy in the mix          :        -5.51771 kcal/mol
 Misfit interaction energy in the mix              :         2.81663 kcal/mol
 H-Bond interaction energy in the mix              :        -2.71357 kcal/mol
 VdW interaction energy in the mix                 :       -13.87261 kcal/mol
 Gas liquid transition energy in the mix (H_glt)   :         8.25184 kcal/mol
 Normalized weight factor of molecule in compound  :         0.02578
 Normalized weight factor of molecule in gas phase :         0.01137

 Compound: 3 Conformer: 3 (lacticacid_c2)
 Chemical potential of the molecule in the mixture :         3.51394 kcal/mol
 Log10(partial pressure [mbar])                    :        -0.22162
 Free energy of molecule in mix (E_COSMO+dE+Mu)    :   -215744.09252 kcal/mol
 Total mean interaction energy in the mix          :        -7.11034 kcal/mol
 Misfit interaction energy in the mix              :         2.23699 kcal/mol
 H-Bond interaction energy in the mix              :        -3.65178 kcal/mol
 VdW interaction energy in the mix                 :       -13.94739 kcal/mol
 Gas liquid transition energy in the mix (H_glt)   :         8.25184 kcal/mol
 Normalized weight factor of molecule in compound  :         0.48991
 Normalized weight factor of molecule in gas phase :         0.93300

 Compound: 3 Conformer: 4 (lacticacid_c3)
 Chemical potential of the molecule in the mixture :         2.77024 kcal/mol
 Log10(partial pressure [mbar])                    :        -1.77729
 Free energy of molecule in mix (E_COSMO+dE+Mu)    :   -215743.41519 kcal/mol
 Total mean interaction energy in the mix          :        -8.42076 kcal/mol
 Misfit interaction energy in the mix              :         2.36822 kcal/mol
 H-Bond interaction energy in the mix              :        -5.11661 kcal/mol
 VdW interaction energy in the mix                 :       -13.92422 kcal/mol
 Gas liquid transition energy in the mix (H_glt)   :         8.25184 kcal/mol
 Normalized weight factor of molecule in compound  :         0.16497
 Normalized weight factor of molecule in gas phase :         0.02822

 Compound: 3 Conformer: 5 (lacticacid_c4)
 Chemical potential of the molecule in the mixture :         2.92581 kcal/mol
 Log10(partial pressure [mbar])                    :        -3.22946
 Free energy of molecule in mix (E_COSMO+dE+Mu)    :   -215743.17302 kcal/mol
 Total mean interaction energy in the mix          :        -8.93357 kcal/mol
 Misfit interaction energy in the mix              :         2.64233 kcal/mol
 H-Bond interaction energy in the mix              :        -5.86379 kcal/mol
 VdW interaction energy in the mix                 :       -13.96395 kcal/mol
 Gas liquid transition energy in the mix (H_glt)   :         8.25184 kcal/mol
 Normalized weight factor of molecule in compound  :         0.11179
 Normalized weight factor of molecule in gas phase :         0.00067

 Compound: 3 Conformer: 6 (lacticacid_c5)
 Chemical potential of the molecule in the mixture :         2.67964 kcal/mol
 Log10(partial pressure [mbar])                    :        -1.87016
 Free energy of molecule in mix (E_COSMO+dE+Mu)    :   -215743.35583 kcal/mol
 Total mean interaction energy in the mix          :        -8.58252 kcal/mol
 Misfit interaction energy in the mix              :         2.33675 kcal/mol
 H-Bond interaction energy in the mix              :        -5.22007 kcal/mol
 VdW interaction energy in the mix                 :       -13.95104 kcal/mol
 Gas liquid transition energy in the mix (H_glt)   :         8.25184 kcal/mol
 Normalized weight factor of molecule in compound  :         0.14996
 Normalized weight factor of molecule in gas phase :         0.02069




 Results for mixture 37 - LIQ_EX Phase 1 Iteration   18
 ----------------------
 Temperature          :    313.150 K
 Compound Nr.         :         1         2         3
 Compound             :       h2o 2-heptano lacticaci
 Mole Fraction        :    0.9979    0.0006    0.0015

 Compound: 1  (h2o)
 Chemical potential of the compound in the mixture :         3.46913 kcal/mol
 Log10(partial pressure [mbar])                    :         1.52862
 Free energy of molecule in mix (E_COSMO+dE+Mu)    :    -47989.78414 kcal/mol
 Total mean interaction energy in the mix (H_int)  :        -5.54515 kcal/mol
 Misfit interaction energy in the mix (H_MF)       :         0.59138 kcal/mol
 H-Bond interaction energy in the mix (H_HB)       :        -4.72879 kcal/mol
 VdW interaction energy in the mix (H_vdW)         :        -4.33980 kcal/mol
 Gas liquid transition energy in the mix (H_glt)   :         2.93205 kcal/mol

 Compound: 2  (2-heptanol)
 Chemical potential of the compound in the mixture :         4.58107 kcal/mol
 Log10(partial pressure [mbar])                    :         3.42876
 Free energy of molecule in mix (E_COSMO+dE+Mu)    :   -220746.52369 kcal/mol
 Total mean interaction energy in the mix (H_int)  :        -9.66629 kcal/mol
 Misfit interaction energy in the mix (H_MF)       :         2.91156 kcal/mol
 H-Bond interaction energy in the mix (H_HB)       :        -4.19334 kcal/mol
 VdW interaction energy in the mix (H_vdW)         :       -20.81039 kcal/mol
 Gas liquid transition energy in the mix (H_glt)   :        12.32536 kcal/mol

 Compound: 3  (lacticacid)
 Chemical potential of the compound in the mixture :         4.45759 kcal/mol
 Log10(partial pressure [mbar])                    :        -0.79132
 Free energy of molecule in mix (E_COSMO+dE+Mu)    :   -215744.22255 kcal/mol
 Total mean interaction energy in the mix (H_int)  :        -7.86704 kcal/mol
 Misfit interaction energy in the mix (H_MF)       :         1.98797 kcal/mol
 H-Bond interaction energy in the mix (H_HB)       :        -7.03395 kcal/mol
 VdW interaction energy in the mix (H_vdW)         :       -13.28439 kcal/mol
 Gas liquid transition energy in the mix (H_glt)   :         8.25184 kcal/mol



 Compound: 1 Conformer: 1 (h2o_c0)
 Chemical potential of the molecule in the mixture :         3.46913 kcal/mol
 Log10(partial pressure [mbar])                    :         1.52862
 Free energy of molecule in mix (E_COSMO+dE+Mu)    :    -47989.78414 kcal/mol
 Total mean interaction energy in the mix          :        -5.54515 kcal/mol
 Misfit interaction energy in the mix              :         0.59138 kcal/mol
 H-Bond interaction energy in the mix              :        -4.72879 kcal/mol
 VdW interaction energy in the mix                 :        -4.33980 kcal/mol
 Gas liquid transition energy in the mix (H_glt)   :         2.93205 kcal/mol
 Normalized weight factor of molecule in compound  :         1.00000
 Normalized weight factor of molecule in gas phase :         1.00000

 Compound: 2 Conformer: 1 (2-heptanol_c0)
 Chemical potential of the molecule in the mixture :         5.47587 kcal/mol
 Log10(partial pressure [mbar])                    :         3.52728
 Free energy of molecule in mix (E_COSMO+dE+Mu)    :   -220745.62889 kcal/mol
 Total mean interaction energy in the mix          :        -9.77196 kcal/mol
 Misfit interaction energy in the mix              :         2.92770 kcal/mol
 H-Bond interaction energy in the mix              :        -4.21800 kcal/mol
 VdW interaction energy in the mix                 :       -20.80702 kcal/mol
 Gas liquid transition energy in the mix (H_glt)   :        12.32536 kcal/mol
 Normalized weight factor of molecule in compound  :         0.23742
 Normalized weight factor of molecule in gas phase :         0.25848

 Compound: 2 Conformer: 2 (2-heptanol_c1)
 Chemical potential of the molecule in the mixture :         5.50688 kcal/mol
 Log10(partial pressure [mbar])                    :         3.58885
 Free energy of molecule in mix (E_COSMO+dE+Mu)    :   -220745.36556 kcal/mol
 Total mean interaction energy in the mix          :        -9.76926 kcal/mol
 Misfit interaction energy in the mix              :         2.89236 kcal/mol
 H-Bond interaction energy in the mix              :        -4.09461 kcal/mol
 VdW interaction energy in the mix                 :       -20.89237 kcal/mol
 Gas liquid transition energy in the mix (H_glt)   :        12.32536 kcal/mol
 Normalized weight factor of molecule in compound  :         0.15550
 Normalized weight factor of molecule in gas phase :         0.21915

 Compound: 2 Conformer: 3 (2-heptanol_c2)
 Chemical potential of the molecule in the mixture :         5.70204 kcal/mol
 Log10(partial pressure [mbar])                    :         3.65591
 Free energy of molecule in mix (E_COSMO+dE+Mu)    :   -220745.23737 kcal/mol
 Total mean interaction energy in the mix          :        -9.58684 kcal/mol
 Misfit interaction energy in the mix              :         2.89877 kcal/mol
 H-Bond interaction energy in the mix              :        -3.97695 kcal/mol
 VdW interaction energy in the mix                 :       -20.83401 kcal/mol
 Gas liquid transition energy in the mix (H_glt)   :        12.32536 kcal/mol
 Normalized weight factor of molecule in compound  :         0.12656
 Normalized weight factor of molecule in gas phase :         0.21063

 Compound: 2 Conformer: 4 (2-heptanol_c3)
 Chemical potential of the molecule in the mixture :         5.37051 kcal/mol
 Log10(partial pressure [mbar])                    :         3.24290
 Free energy of molecule in mix (E_COSMO+dE+Mu)    :   -220745.68149 kcal/mol
 Total mean interaction energy in the mix          :        -9.79644 kcal/mol
 Misfit interaction energy in the mix              :         2.92310 kcal/mol
 H-Bond interaction energy in the mix              :        -4.25380 kcal/mol
 VdW interaction energy in the mix                 :       -20.79110 kcal/mol
 Gas liquid transition energy in the mix (H_glt)   :        12.32536 kcal/mol
 Normalized weight factor of molecule in compound  :         0.25836
 Normalized weight factor of molecule in gas phase :         0.16808

 Compound: 2 Conformer: 5 (2-heptanol_c4)
 Chemical potential of the molecule in the mixture :         5.38299 kcal/mol
 Log10(partial pressure [mbar])                    :         3.24200
 Free energy of molecule in mix (E_COSMO+dE+Mu)    :   -220745.58752 kcal/mol
 Total mean interaction energy in the mix          :        -9.82763 kcal/mol
 Misfit interaction energy in the mix              :         2.90164 kcal/mol
 H-Bond interaction energy in the mix              :        -4.28907 kcal/mol
 VdW interaction energy in the mix                 :       -20.76556 kcal/mol
 Gas liquid transition energy in the mix (H_glt)   :        12.32536 kcal/mol
 Normalized weight factor of molecule in compound  :         0.22215
 Normalized weight factor of molecule in gas phase :         0.14367

 Compound: 3 Conformer: 1 (lacticacid_c0)
 Chemical potential of the molecule in the mixture :         6.40780 kcal/mol
 Log10(partial pressure [mbar])                    :        -0.56827
 Free energy of molecule in mix (E_COSMO+dE+Mu)    :   -215742.27234 kcal/mol
 Total mean interaction energy in the mix          :        -7.35518 kcal/mol
 Misfit interaction energy in the mix              :         2.02310 kcal/mol
 H-Bond interaction energy in the mix              :        -4.39678 kcal/mol
 VdW interaction energy in the mix                 :       -13.23334 kcal/mol
 Gas liquid transition energy in the mix (H_glt)   :         8.25184 kcal/mol
 Normalized weight factor of molecule in compound  :         0.04355
 Normalized weight factor of molecule in gas phase :         0.00603

 Compound: 3 Conformer: 2 (lacticacid_c1)
 Chemical potential of the molecule in the mixture :         6.52933 kcal/mol
 Log10(partial pressure [mbar])                    :        -0.09307
 Free energy of molecule in mix (E_COSMO+dE+Mu)    :   -215741.96932 kcal/mol
 Total mean interaction energy in the mix          :        -6.91886 kcal/mol
 Misfit interaction energy in the mix              :         2.13220 kcal/mol
 H-Bond interaction energy in the mix              :        -4.09254 kcal/mol
 VdW interaction energy in the mix                 :       -13.21037 kcal/mol
 Gas liquid transition energy in the mix (H_glt)   :         8.25184 kcal/mol
 Normalized weight factor of molecule in compound  :         0.02676
 Normalized weight factor of molecule in gas phase :         0.01137

 Compound: 3 Conformer: 3 (lacticacid_c2)
 Chemical potential of the molecule in the mixture :         4.68600 kcal/mol
 Log10(partial pressure [mbar])                    :         0.59635
 Free energy of molecule in mix (E_COSMO+dE+Mu)    :   -215742.92047 kcal/mol
 Total mean interaction energy in the mix          :        -8.02167 kcal/mol
 Misfit interaction energy in the mix              :         2.06501 kcal/mol
 H-Bond interaction energy in the mix              :        -5.04301 kcal/mol
 VdW interaction energy in the mix                 :       -13.29551 kcal/mol
 Gas liquid transition energy in the mix (H_glt)   :         8.25184 kcal/mol
 Normalized weight factor of molecule in compound  :         0.12339
 Normalized weight factor of molecule in gas phase :         0.93300

 Compound: 3 Conformer: 4 (lacticacid_c3)
 Chemical potential of the molecule in the mixture :         2.93011 kcal/mol
 Log10(partial pressure [mbar])                    :        -1.66571
 Free energy of molecule in mix (E_COSMO+dE+Mu)    :   -215743.25532 kcal/mol
 Total mean interaction energy in the mix          :       -10.13586 kcal/mol
 Misfit interaction energy in the mix              :         1.98570 kcal/mol
 H-Bond interaction energy in the mix              :        -7.10127 kcal/mol
 VdW interaction energy in the mix                 :       -13.27214 kcal/mol
 Gas liquid transition energy in the mix (H_glt)   :         8.25184 kcal/mol
 Normalized weight factor of molecule in compound  :         0.21134
 Normalized weight factor of molecule in gas phase :         0.02822

 Compound: 3 Conformer: 5 (lacticacid_c4)
 Chemical potential of the molecule in the mixture :         2.41719 kcal/mol
 Log10(partial pressure [mbar])                    :        -3.58442
 Free energy of molecule in mix (E_COSMO+dE+Mu)    :   -215743.68164 kcal/mol
 Total mean interaction energy in the mix          :       -11.08394 kcal/mol
 Misfit interaction energy in the mix              :         1.96468 kcal/mol
 H-Bond interaction energy in the mix              :        -8.00705 kcal/mol
 VdW interaction energy in the mix                 :       -13.29340 kcal/mol
 Gas liquid transition energy in the mix (H_glt)   :         8.25184 kcal/mol
 Normalized weight factor of molecule in compound  :         0.41928
 Normalized weight factor of molecule in gas phase :         0.00067

 Compound: 3 Conformer: 6 (lacticacid_c5)
 Chemical potential of the molecule in the mixture :         2.89513 kcal/mol
 Log10(partial pressure [mbar])                    :        -1.71978
 Free energy of molecule in mix (E_COSMO+dE+Mu)    :   -215743.14034 kcal/mol
 Total mean interaction energy in the mix          :       -10.21104 kcal/mol
 Misfit interaction energy in the mix              :         1.96148 kcal/mol
 H-Bond interaction energy in the mix              :        -7.13064 kcal/mol
 VdW interaction energy in the mix                 :       -13.29372 kcal/mol
 Gas liquid transition energy in the mix (H_glt)   :         8.25184 kcal/mol
 Normalized weight factor of molecule in compound  :         0.17568
 Normalized weight factor of molecule in gas phase :         0.02069




 Results for mixture 38 - LIQ_EX Phase 2 Iteration   18
 ----------------------
 Temperature          :    313.150 K
 Compound Nr.         :         1         2         3
 Compound             :       h2o 2-heptano lacticaci
 Mole Fraction        :    0.2946    0.7028    0.0026

 Compound: 1  (h2o)
 Chemical potential of the compound in the mixture :         4.22825 kcal/mol
 Log10(partial pressure [mbar])                    :         2.05841
 Free energy of molecule in mix (E_COSMO+dE+Mu)    :    -47989.02502 kcal/mol
 Total mean interaction energy in the mix (H_int)  :        -5.12342 kcal/mol
 Misfit interaction energy in the mix (H_MF)       :         1.01984 kcal/mol
 H-Bond interaction energy in the mix (H_HB)       :        -4.49915 kcal/mol
 VdW interaction energy in the mix (H_vdW)         :        -4.57616 kcal/mol
 Gas liquid transition energy in the mix (H_glt)   :         2.93205 kcal/mol
 Equilibrium constant Kx(1,2)                      :         3.38675
 Equilibrium concentration x_k(1,2)                :         0.77204

 Compound: 2  (2-heptanol)
 Chemical potential of the compound in the mixture :         0.17843 kcal/mol
 Log10(partial pressure [mbar])                    :         0.35618
 Free energy of molecule in mix (E_COSMO+dE+Mu)    :   -220750.92633 kcal/mol
 Total mean interaction energy in the mix (H_int)  :        -9.81588 kcal/mol
 Misfit interaction energy in the mix (H_MF)       :         2.32272 kcal/mol
 H-Bond interaction energy in the mix (H_HB)       :        -3.08198 kcal/mol
 VdW interaction energy in the mix (H_vdW)         :       -21.50500 kcal/mol
 Gas liquid transition energy in the mix (H_glt)   :        12.32536 kcal/mol
 Equilibrium constant Kx(1,2)                      :  8.46100983E-04
 Equilibrium concentration x_k(1,2)                :         0.00085

 Compound: 3  (lacticacid)
 Chemical potential of the compound in the mixture :         4.14358 kcal/mol
 Log10(partial pressure [mbar])                    :        -1.01047
 Free energy of molecule in mix (E_COSMO+dE+Mu)    :   -215744.53656 kcal/mol
 Total mean interaction energy in the mix (H_int)  :        -6.01745 kcal/mol
 Misfit interaction energy in the mix (H_MF)       :         2.36390 kcal/mol
 H-Bond interaction energy in the mix (H_HB)       :        -4.31897 kcal/mol
 VdW interaction energy in the mix (H_vdW)         :       -13.94165 kcal/mol
 Gas liquid transition energy in the mix (H_glt)   :         8.25184 kcal/mol
 Equilibrium constant Kx(1,2)                      :         0.60375
 Equilibrium concentration x_k(1,2)                :         0.37646



 Compound: 1 Conformer: 1 (h2o_c0)
 Chemical potential of the molecule in the mixture :         4.22825 kcal/mol
 Log10(partial pressure [mbar])                    :         2.05841
 Free energy of molecule in mix (E_COSMO+dE+Mu)    :    -47989.02502 kcal/mol
 Total mean interaction energy in the mix          :        -5.12342 kcal/mol
 Misfit interaction energy in the mix              :         1.01984 kcal/mol
 H-Bond interaction energy in the mix              :        -4.49915 kcal/mol
 VdW interaction energy in the mix                 :        -4.57616 kcal/mol
 Gas liquid transition energy in the mix (H_glt)   :         2.93205 kcal/mol
 Normalized weight factor of molecule in compound  :         1.00000
 Normalized weight factor of molecule in gas phase :         1.00000

 Compound: 2 Conformer: 1 (2-heptanol_c0)
 Chemical potential of the molecule in the mixture :         1.33100 kcal/mol
 Log10(partial pressure [mbar])                    :         0.63460
 Free energy of molecule in mix (E_COSMO+dE+Mu)    :   -220749.77376 kcal/mol
 Total mean interaction energy in the mix          :        -9.68568 kcal/mol
 Misfit interaction energy in the mix              :         2.40111 kcal/mol
 H-Bond interaction energy in the mix              :        -2.91815 kcal/mol
 VdW interaction energy in the mix                 :       -21.49400 kcal/mol
 Gas liquid transition energy in the mix (H_glt)   :        12.32536 kcal/mol
 Normalized weight factor of molecule in compound  :         0.15690
 Normalized weight factor of molecule in gas phase :         0.25848

 Compound: 2 Conformer: 2 (2-heptanol_c1)
 Chemical potential of the molecule in the mixture :         0.81992 kcal/mol
 Log10(partial pressure [mbar])                    :         0.31785
 Free energy of molecule in mix (E_COSMO+dE+Mu)    :   -220750.05252 kcal/mol
 Total mean interaction energy in the mix          :       -10.05964 kcal/mol
 Misfit interaction energy in the mix              :         2.23759 kcal/mol
 H-Bond interaction energy in the mix              :        -3.04873 kcal/mol
 VdW interaction energy in the mix                 :       -21.57385 kcal/mol
 Gas liquid transition energy in the mix (H_glt)   :        12.32536 kcal/mol
 Normalized weight factor of molecule in compound  :         0.24557
 Normalized weight factor of molecule in gas phase :         0.21915

 Compound: 2 Conformer: 3 (2-heptanol_c2)
 Chemical potential of the molecule in the mixture :         1.15202 kcal/mol
 Log10(partial pressure [mbar])                    :         0.48048
 Free energy of molecule in mix (E_COSMO+dE+Mu)    :   -220749.78738 kcal/mol
 Total mean interaction energy in the mix          :        -9.63568 kcal/mol
 Misfit interaction energy in the mix              :         2.32654 kcal/mol
 H-Bond interaction energy in the mix              :        -2.77258 kcal/mol
 VdW interaction energy in the mix                 :       -21.51500 kcal/mol
 Gas liquid transition energy in the mix (H_glt)   :        12.32536 kcal/mol
 Normalized weight factor of molecule in compound  :         0.16037
 Normalized weight factor of molecule in gas phase :         0.21063

 Compound: 2 Conformer: 4 (2-heptanol_c3)
 Chemical potential of the molecule in the mixture :         1.02396 kcal/mol
 Log10(partial pressure [mbar])                    :         0.20948
 Free energy of molecule in mix (E_COSMO+dE+Mu)    :   -220750.02803 kcal/mol
 Total mean interaction energy in the mix          :       -10.07565 kcal/mol
 Misfit interaction energy in the mix              :         2.34702 kcal/mol
 H-Bond interaction energy in the mix              :        -3.26870 kcal/mol
 VdW interaction energy in the mix                 :       -21.47933 kcal/mol
 Gas liquid transition energy in the mix (H_glt)   :        12.32536 kcal/mol
 Normalized weight factor of molecule in compound  :         0.23609
 Normalized weight factor of molecule in gas phase :         0.16808

 Compound: 2 Conformer: 5 (2-heptanol_c4)
 Chemical potential of the molecule in the mixture :         1.04240 kcal/mol
 Log10(partial pressure [mbar])                    :         0.21273
 Free energy of molecule in mix (E_COSMO+dE+Mu)    :   -220749.92811 kcal/mol
 Total mean interaction energy in the mix          :       -10.07034 kcal/mol
 Misfit interaction energy in the mix              :         2.33394 kcal/mol
 H-Bond interaction energy in the mix              :        -3.27797 kcal/mol
 VdW interaction energy in the mix                 :       -21.45167 kcal/mol
 Gas liquid transition energy in the mix (H_glt)   :        12.32536 kcal/mol
 Normalized weight factor of molecule in compound  :         0.20107
 Normalized weight factor of molecule in gas phase :         0.14367

 Compound: 3 Conformer: 1 (lacticacid_c0)
 Chemical potential of the molecule in the mixture :         5.91994 kcal/mol
 Log10(partial pressure [mbar])                    :        -0.90874
 Free energy of molecule in mix (E_COSMO+dE+Mu)    :   -215742.76020 kcal/mol
 Total mean interaction energy in the mix          :        -5.97743 kcal/mol
 Misfit interaction energy in the mix              :         2.75916 kcal/mol
 H-Bond interaction energy in the mix              :        -3.08238 kcal/mol
 VdW interaction energy in the mix                 :       -13.90605 kcal/mol
 Gas liquid transition energy in the mix (H_glt)   :         8.25184 kcal/mol
 Normalized weight factor of molecule in compound  :         0.05758
 Normalized weight factor of molecule in gas phase :         0.00603

 Compound: 3 Conformer: 2 (lacticacid_c1)
 Chemical potential of the molecule in the mixture :         6.23864 kcal/mol
 Log10(partial pressure [mbar])                    :        -0.29594
 Free energy of molecule in mix (E_COSMO+dE+Mu)    :   -215742.26001 kcal/mol
 Total mean interaction energy in the mix          :        -5.51774 kcal/mol
 Misfit interaction energy in the mix              :         2.81661 kcal/mol
 H-Bond interaction energy in the mix              :        -2.71359 kcal/mol
 VdW interaction energy in the mix                 :       -13.87260 kcal/mol
 Gas liquid transition energy in the mix (H_glt)   :         8.25184 kcal/mol
 Normalized weight factor of molecule in compound  :         0.02578
 Normalized weight factor of molecule in gas phase :         0.01137

 Compound: 3 Conformer: 3 (lacticacid_c2)
 Chemical potential of the molecule in the mixture :         3.51393 kcal/mol
 Log10(partial pressure [mbar])                    :        -0.22162
 Free energy of molecule in mix (E_COSMO+dE+Mu)    :   -215744.09253 kcal/mol
 Total mean interaction energy in the mix          :        -7.11037 kcal/mol
 Misfit interaction energy in the mix              :         2.23697 kcal/mol
 H-Bond interaction energy in the mix              :        -3.65181 kcal/mol
 VdW interaction energy in the mix                 :       -13.94738 kcal/mol
 Gas liquid transition energy in the mix (H_glt)   :         8.25184 kcal/mol
 Normalized weight factor of molecule in compound  :         0.48991
 Normalized weight factor of molecule in gas phase :         0.93300

 Compound: 3 Conformer: 4 (lacticacid_c3)
 Chemical potential of the molecule in the mixture :         2.77022 kcal/mol
 Log10(partial pressure [mbar])                    :        -1.77730
 Free energy of molecule in mix (E_COSMO+dE+Mu)    :   -215743.41521 kcal/mol
 Total mean interaction energy in the mix          :        -8.42080 kcal/mol
 Misfit interaction energy in the mix              :         2.36820 kcal/mol
 H-Bond interaction energy in the mix              :        -5.11664 kcal/mol
 VdW interaction energy in the mix                 :       -13.92421 kcal/mol
 Gas liquid transition energy in the mix (H_glt)   :         8.25184 kcal/mol
 Normalized weight factor of molecule in compound  :         0.16498
 Normalized weight factor of molecule in gas phase :         0.02822

 Compound: 3 Conformer: 5 (lacticacid_c4)
 Chemical potential of the molecule in the mixture :         2.92578 kcal/mol
 Log10(partial pressure [mbar])                    :        -3.22948
 Free energy of molecule in mix (E_COSMO+dE+Mu)    :   -215743.17305 kcal/mol
 Total mean interaction energy in the mix          :        -8.93363 kcal/mol
 Misfit interaction energy in the mix              :         2.64230 kcal/mol
 H-Bond interaction energy in the mix              :        -5.86383 kcal/mol
 VdW interaction energy in the mix                 :       -13.96394 kcal/mol
 Gas liquid transition energy in the mix (H_glt)   :         8.25184 kcal/mol
 Normalized weight factor of molecule in compound  :         0.11179
 Normalized weight factor of molecule in gas phase :         0.00067

 Compound: 3 Conformer: 6 (lacticacid_c5)
 Chemical potential of the molecule in the mixture :         2.67962 kcal/mol
 Log10(partial pressure [mbar])                    :        -1.87018
 Free energy of molecule in mix (E_COSMO+dE+Mu)    :   -215743.35585 kcal/mol
 Total mean interaction energy in the mix          :        -8.58257 kcal/mol
 Misfit interaction energy in the mix              :         2.33672 kcal/mol
 H-Bond interaction energy in the mix              :        -5.22009 kcal/mol
 VdW interaction energy in the mix                 :       -13.95104 kcal/mol
 Gas liquid transition energy in the mix (H_glt)   :         8.25184 kcal/mol
 Normalized weight factor of molecule in compound  :         0.14996
 Normalized weight factor of molecule in gas phase :         0.02069


 Iterative computation of Multi-Component-2-Phase-Equilibrium (LIQ_EX) converged !


----------------
 END job       1
----------------
