 -----------------------------------------
 COSMOtherm Version 19.0.0 (Revision 5259)
 -----------------------------------------
 written by Frank Eckert, Andreas Klamt, Larissa Koch, Selman Terzi
 Copyright (C) 1999-2018, COSMOlogic GmbH & Co. KG

 Job name   : !! Multi-Component-2-Phase-Equilibrium calculation                        
 Job date   : 04/10/2025
 Job time   : 16:51:52
 Hostname   : unknown
 OS type    : Windows_NT
 Executable : Windows 64-bit

 Reading COSMOtherm parameter file BP_TZVPD_FINE_19.ctd from directory C:/Program Files/COSMOlogic/COSMOthermX19/COSMOtherm/CTDATA-FILES/
 Info: # COSMOtherm parameter file ./BP_TZVPD_FINE_19.ctd for BP-TZVPD-FINE (BP-TZVP optimized) COSMO files                                                  

 Reading COSMOtherm license key license.txt from directory C:/Program Files/COSMOlogic/COSMOthermX19/licensefiles/

 COSMOtherm license key expiration date 12/03/2025
 COSMOtherm license key version 24
 Customer : 200000000035108
 ID       : LKO2613120

 License keys:
  product                   |    licensed version    | status
 ------------------------------------------------------------------------------ 
  COSMOtherm                |          24            | active
  TURBOMOLE                 |          21            | active
  COSMOquick                |          24            | active
  COSMOconf                 |          24            | active
  COSMOmic                  |          24            | active
  COSMObase                 |          24            | active
  COSMOperm                 |          24            | active
  COSMOplex                 |          24            | active
 ------------------------------------------------------------------------------ 
 
 Reading vapor pressure and property information for compound 1 from file V:\groups\COSMOTHERM-Datenbank\COSMObase-1901\BP-TZVPD-FINE/h/h2o.vap
 Reading COSMO information for compound 1 conformer 1 from file V:\groups\COSMOTHERM-Datenbank\COSMObase-1901\BP-TZVPD-FINE/h/h2o_c0.cosmo
 
 Reading vapor pressure and property information for compound 2 from file V:\groups\COSMOTHERM-Datenbank\COSMObase-1901\BP-TZVPD-FINE/4/4-heptanol.vap
 Reading COSMO information for compound 2 conformer 1 from file V:\groups\COSMOTHERM-Datenbank\COSMObase-1901\BP-TZVPD-FINE/4/4-heptanol_c0.cosmo
 Reading COSMO information for compound 2 conformer 2 from file V:\groups\COSMOTHERM-Datenbank\COSMObase-1901\BP-TZVPD-FINE/4/4-heptanol_c1.cosmo
 Reading COSMO information for compound 2 conformer 3 from file V:\groups\COSMOTHERM-Datenbank\COSMObase-1901\BP-TZVPD-FINE/4/4-heptanol_c2.cosmo
 Reading COSMO information for compound 2 conformer 4 from file V:\groups\COSMOTHERM-Datenbank\COSMObase-1901\BP-TZVPD-FINE/4/4-heptanol_c3.cosmo
 Reading COSMO information for compound 2 conformer 5 from file V:\groups\COSMOTHERM-Datenbank\COSMObase-1901\BP-TZVPD-FINE/4/4-heptanol_c4.cosmo
 Reading COSMO information for compound 2 conformer 6 from file V:\groups\COSMOTHERM-Datenbank\COSMObase-1901\BP-TZVPD-FINE/4/4-heptanol_c5.cosmo
 
 Reading vapor pressure and property information for compound 3 from file V:\groups\COSMOTHERM-Datenbank\COSMObase-1901\BP-TZVPD-FINE/l/lacticacid.vap
 Reading COSMO information for compound 3 conformer 1 from file V:\groups\COSMOTHERM-Datenbank\COSMObase-1901\BP-TZVPD-FINE/l/lacticacid_c0.cosmo
 Reading COSMO information for compound 3 conformer 2 from file V:\groups\COSMOTHERM-Datenbank\COSMObase-1901\BP-TZVPD-FINE/l/lacticacid_c1.cosmo
 Reading COSMO information for compound 3 conformer 3 from file V:\groups\COSMOTHERM-Datenbank\COSMObase-1901\BP-TZVPD-FINE/l/lacticacid_c2.cosmo
 Reading COSMO information for compound 3 conformer 4 from file V:\groups\COSMOTHERM-Datenbank\COSMObase-1901\BP-TZVPD-FINE/l/lacticacid_c3.cosmo
 Reading COSMO information for compound 3 conformer 5 from file V:\groups\COSMOTHERM-Datenbank\COSMObase-1901\BP-TZVPD-FINE/l/lacticacid_c4.cosmo
 Reading COSMO information for compound 3 conformer 6 from file V:\groups\COSMOTHERM-Datenbank\COSMObase-1901\BP-TZVPD-FINE/l/lacticacid_c5.cosmo


 --- Compound 1 (h2o) ---

 Experimental data for compound 1 (h2o) :
 CAS registry number for compound 1 (CAS-RN = 7732-18-5)
 Antoine equation coefficients ([mbar]/[K]) for compound 1:        18.8198      3956.2903       -40.6247
 Wagner equation coefficients ([mbar]/[K]) for compound 1:    220600.0000       647.1400        -7.7645         1.4584        -2.7758        -1.2330
 Vapor Pressure [mbar] / Temperature [°C] input for compound 1:
               10.0000            7.0000
              100.0000           45.8000
             1000.0000           99.6000
 Minimum temperature for vapor pressure estimation of compound 1 (TPVMIN = 275.00000 K)
 Maximum temperature for vapor pressure estimation of compound 1 (TPVMAX = 647.00000 K)
 UNIQUAC volume parameter for compound 1 (UNIQUAC_RI = 0.92000)
 UNIQUAC surface parameter for compound 1 (UNIQUAC_QI = 1.40000)
 Boiling temperature of compound 1 (TBOIL = 373.15000 K)
 Melting temperature of compound 1 (TMELT = 273.15000 K)
 Experimental dielectric constant for compound 1 (EPSILON = 78.20000)
 Critical temperature of compound 1 (TCRIT = 647.09600 K)
 Critical pressure of compound 1 (PCRIT = 220640.00000 mbar)
 Critical density of compound 1 (DCRIT = 0.32239 g/ml)
 DIPPR 116 density parameters for compound 1 (EXPDENSDIPPR116 = {0.92619 -1.15605 3.01718 -2.12561 273.16000 647.09500})

 Compound Information for compound 1 conformer 1 (COSMO file V:\groups\COSMOTHERM-Datenbank\COSMObase-1901\BP-TZVPD-FINE/h/h2o_c0.cosmo)
 Atomic weights         : 111
 E_COSMO+dE             :     -47993.2533 kcal/mol
 E_gas                  :     -47987.6758 kcal/mol
 E_COSMO-E_gas+dE       :         -5.5774 kcal/mol
 E_diel                 :         -8.0924 kcal/mol
 E_disp_intramolecular  :         -0.2880 kcal/mol
 Averaging corr dE      :          0.4368 kcal/mol
 Area                   :         43.1419 A^2
 Volume                 :         25.8553 A^3
 Molecular Weight       :         18.0153 a.m.u.
 Total COSMO charge     :         -0.0001 a.u.
 Dipole moment (t,x,y,z):          2.2004  0.001108  0.000271 -2.200437 Debye                            
 Sigma moments (1-6)    :          0.0000  6.40E+01  2.982917  1.35E+02  1.50E+01  3.17E+02              
 H-bond moment (accept) :          3.0054
 H-bond moment (donor)  :          2.9616
 
 No gas phase energy file for compound 1 conformer 1 found, using single point gas phase energy from cosmo file


 --- Compound 2 (4-heptanol) ---

 Experimental data for compound 2 (4-heptanol) :
 CAS registry number for compound 2 (CAS-RN = 589-55-9)
 Antoine equation coefficients ([mbar]/[K]) for compound 2:        15.4995      2550.7452      -130.8664
 Vapor Pressure [mbar] / Temperature [°C] input for compound 2:
                0.1000            1.0000
               10.0000           51.0000
             1000.0000          154.6000
 Minimum temperature for vapor pressure estimation of compound 2 (TPVMIN = 274.15000 K)
 Maximum temperature for vapor pressure estimation of compound 2 (TPVMAX = 427.75000 K)
 Boiling temperature of compound 2 (TBOIL = 429.15000 K)
 Melting temperature of compound 2 (TMELT = 231.95000 K)

 Compound Information for compound 2 conformer 1 (COSMO file V:\groups\COSMOTHERM-Datenbank\COSMObase-1901\BP-TZVPD-FINE/4/4-heptanol_c0.cosmo)
 Atomic weights         : 111111111111111111111111
 E_COSMO+dE             :    -220750.4448 kcal/mol
 E_gas                  :    -220746.1351 kcal/mol
 E_COSMO-E_gas+dE       :         -4.3097 kcal/mol
 E_diel                 :         -5.6271 kcal/mol
 E_disp_intramolecular  :        -17.7102 kcal/mol
 Averaging corr dE      :          0.4530 kcal/mol
 Area                   :        185.6058 A^2
 Volume                 :        179.1894 A^3
 Molecular Weight       :        116.2020 a.m.u.
 Total COSMO charge     :          0.0006 a.u.
 Dipole moment (t,x,y,z):          2.2347 -1.629494  1.177188  0.976112 Debye                            
 Sigma moments (1-6)    :          0.0000  4.42E+01  1.90E+01  7.23E+01  5.24E+01  1.69E+02              
 H-bond moment (accept) :          2.3045
 H-bond moment (donor)  :          0.9182
 
 No gas phase energy file for compound 2 conformer 1 found, using single point gas phase energy from cosmo file

 Compound Information for compound 2 conformer 2 (COSMO file V:\groups\COSMOTHERM-Datenbank\COSMObase-1901\BP-TZVPD-FINE/4/4-heptanol_c1.cosmo)
 Atomic weights         : 111111111111111111111111
 E_COSMO+dE             :    -220750.4467 kcal/mol
 E_gas                  :    -220746.0090 kcal/mol
 E_COSMO-E_gas+dE       :         -4.4377 kcal/mol
 E_diel                 :         -5.8027 kcal/mol
 E_disp_intramolecular  :        -17.7467 kcal/mol
 Averaging corr dE      :          0.4200 kcal/mol
 Area                   :        186.1149 A^2
 Volume                 :        179.8740 A^3
 Molecular Weight       :        116.2020 a.m.u.
 Total COSMO charge     :   3.3295090E-05 a.u.
 Dipole moment (t,x,y,z):          2.0760 -0.225271  1.815220  0.981901 Debye                            
 Sigma moments (1-6)    :          0.0000  4.42E+01  1.55E+01  7.14E+01  4.36E+01  1.64E+02              
 H-bond moment (accept) :          2.5526
 H-bond moment (donor)  :          1.0278
 
 No gas phase energy file for compound 2 conformer 2 found, using single point gas phase energy from cosmo file

 Compound Information for compound 2 conformer 3 (COSMO file V:\groups\COSMOTHERM-Datenbank\COSMObase-1901\BP-TZVPD-FINE/4/4-heptanol_c2.cosmo)
 Atomic weights         : 111111111111111111111111
 E_COSMO+dE             :    -220750.3208 kcal/mol
 E_gas                  :    -220745.7022 kcal/mol
 E_COSMO-E_gas+dE       :         -4.6187 kcal/mol
 E_diel                 :         -5.9999 kcal/mol
 E_disp_intramolecular  :        -17.8758 kcal/mol
 Averaging corr dE      :          0.4579 kcal/mol
 Area                   :        185.3297 A^2
 Volume                 :        179.2976 A^3
 Molecular Weight       :        116.2020 a.m.u.
 Total COSMO charge     :          0.0002 a.u.
 Dipole moment (t,x,y,z):          2.2455  1.195140  0.956254  1.643010 Debye                            
 Sigma moments (1-6)    :          0.0000  4.71E+01  1.75E+01  7.98E+01  5.06E+01  1.89E+02              
 H-bond moment (accept) :          2.3702
 H-bond moment (donor)  :          1.1698
 
 No gas phase energy file for compound 2 conformer 3 found, using single point gas phase energy from cosmo file

 Compound Information for compound 2 conformer 4 (COSMO file V:\groups\COSMOTHERM-Datenbank\COSMObase-1901\BP-TZVPD-FINE/4/4-heptanol_c3.cosmo)
 Atomic weights         : 111111111111111111111111
 E_COSMO+dE             :    -220750.4073 kcal/mol
 E_gas                  :    -220745.7109 kcal/mol
 E_COSMO-E_gas+dE       :         -4.6964 kcal/mol
 E_diel                 :         -6.0785 kcal/mol
 E_disp_intramolecular  :        -17.9938 kcal/mol
 Averaging corr dE      :          0.4466 kcal/mol
 Area                   :        184.5891 A^2
 Volume                 :        178.9567 A^3
 Molecular Weight       :        116.2020 a.m.u.
 Total COSMO charge     :          0.0004 a.u.
 Dipole moment (t,x,y,z):          2.3516  1.183341  1.471608 -1.401415 Debye                            
 Sigma moments (1-6)    :          0.0000  4.70E+01  2.47E+01  8.18E+01  7.08E+01  1.99E+02              
 H-bond moment (accept) :          2.9129
 H-bond moment (donor)  :          0.8992
 
 No gas phase energy file for compound 2 conformer 4 found, using single point gas phase energy from cosmo file

 Compound Information for compound 2 conformer 5 (COSMO file V:\groups\COSMOTHERM-Datenbank\COSMObase-1901\BP-TZVPD-FINE/4/4-heptanol_c4.cosmo)
 Atomic weights         : 111111111111111111111111
 E_COSMO+dE             :    -220750.1966 kcal/mol
 E_gas                  :    -220745.4564 kcal/mol
 E_COSMO-E_gas+dE       :         -4.7402 kcal/mol
 E_diel                 :         -6.1771 kcal/mol
 E_disp_intramolecular  :        -18.5758 kcal/mol
 Averaging corr dE      :          0.4461 kcal/mol
 Area                   :        182.2963 A^2
 Volume                 :        179.5510 A^3
 Molecular Weight       :        116.2020 a.m.u.
 Total COSMO charge     :          0.0004 a.u.
 Dipole moment (t,x,y,z):          2.1866  1.750769  1.184871  0.558761 Debye                            
 Sigma moments (1-6)    :          0.0000  4.76E+01  1.97E+01  8.36E+01  5.87E+01  2.03E+02              
 H-bond moment (accept) :          2.7566
 H-bond moment (donor)  :          1.1412
 
 No gas phase energy file for compound 2 conformer 5 found, using single point gas phase energy from cosmo file

 Compound Information for compound 2 conformer 6 (COSMO file V:\groups\COSMOTHERM-Datenbank\COSMObase-1901\BP-TZVPD-FINE/4/4-heptanol_c5.cosmo)
 Atomic weights         : 111111111111111111111111
 E_COSMO+dE             :    -220750.0520 kcal/mol
 E_gas                  :    -220745.4519 kcal/mol
 E_COSMO-E_gas+dE       :         -4.6001 kcal/mol
 E_diel                 :         -5.9763 kcal/mol
 E_disp_intramolecular  :        -18.5141 kcal/mol
 Averaging corr dE      :          0.4599 kcal/mol
 Area                   :        182.4061 A^2
 Volume                 :        179.4798 A^3
 Molecular Weight       :        116.2020 a.m.u.
 Total COSMO charge     :          0.0005 a.u.
 Dipole moment (t,x,y,z):          2.2496 -1.999970 -0.413170 -0.943515 Debye                            
 Sigma moments (1-6)    :          0.0000  4.69E+01  1.84E+01  8.00E+01  5.34E+01  1.89E+02              
 H-bond moment (accept) :          2.5077
 H-bond moment (donor)  :          1.1299
 
 No gas phase energy file for compound 2 conformer 6 found, using single point gas phase energy from cosmo file


 --- Compound 3 (lacticacid) ---

 Compound Information for compound 3 conformer 1 (COSMO file V:\groups\COSMOTHERM-Datenbank\COSMObase-1901\BP-TZVPD-FINE/l/lacticacid_c0.cosmo)
 Atomic weights         : 111111111111
 E_COSMO+dE             :    -215748.6801 kcal/mol
 E_gas                  :    -215737.1594 kcal/mol
 E_COSMO-E_gas+dE       :        -11.5207 kcal/mol
 E_diel                 :        -14.9233 kcal/mol
 E_disp_intramolecular  :         -7.9216 kcal/mol
 Averaging corr dE      :          0.6215 kcal/mol
 Area                   :        120.1634 A^2
 Volume                 :        106.5048 A^3
 Molecular Weight       :         90.0783 a.m.u.
 Total COSMO charge     :          0.0003 a.u.
 Dipole moment (t,x,y,z):          5.6342 -4.962581 -1.954290  1.815876 Debye                            
 Sigma moments (1-6)    :          0.0000  9.26E+01 -4.184013  1.56E+02 -5.10E+01  3.43E+02              
 H-bond moment (accept) :          2.0855
 H-bond moment (donor)  :          2.8372
 
 No gas phase energy file for compound 3 conformer 1 found, using single point gas phase energy from cosmo file

 Compound Information for compound 3 conformer 2 (COSMO file V:\groups\COSMOTHERM-Datenbank\COSMObase-1901\BP-TZVPD-FINE/l/lacticacid_c1.cosmo)
 Atomic weights         : 111111111111
 E_COSMO+dE             :    -215748.4986 kcal/mol
 E_gas                  :    -215737.5373 kcal/mol
 E_COSMO-E_gas+dE       :        -10.9613 kcal/mol
 E_diel                 :        -14.1864 kcal/mol
 E_disp_intramolecular  :         -7.9782 kcal/mol
 Averaging corr dE      :          0.6372 kcal/mol
 Area                   :        119.5838 A^2
 Volume                 :        106.3744 A^3
 Molecular Weight       :         90.0783 a.m.u.
 Total COSMO charge     :          0.0003 a.u.
 Dipole moment (t,x,y,z):          5.6432 -4.887041  2.797840  0.367402 Debye                            
 Sigma moments (1-6)    :          0.0000  8.87E+01  1.972080  1.40E+02 -2.98E+01  2.93E+02              
 H-bond moment (accept) :          1.8771
 H-bond moment (donor)  :          2.4847
 
 No gas phase energy file for compound 3 conformer 2 found, using single point gas phase energy from cosmo file

 Compound Information for compound 3 conformer 3 (COSMO file V:\groups\COSMOTHERM-Datenbank\COSMObase-1901\BP-TZVPD-FINE/l/lacticacid_c2.cosmo)
 Atomic weights         : 111111111111
 E_COSMO+dE             :    -215747.6065 kcal/mol
 E_gas                  :    -215739.4763 kcal/mol
 E_COSMO-E_gas+dE       :         -8.1301 kcal/mol
 E_diel                 :        -10.2144 kcal/mol
 E_disp_intramolecular  :         -7.8101 kcal/mol
 Averaging corr dE      :          0.7457 kcal/mol
 Area                   :        120.2417 A^2
 Volume                 :        106.5759 A^3
 Molecular Weight       :         90.0783 a.m.u.
 Total COSMO charge     :          0.0004 a.u.
 Dipole moment (t,x,y,z):          3.4208 -2.782781 -1.975225 -0.237114 Debye                            
 Sigma moments (1-6)    :          0.0000  8.17E+01 -9.493434  1.52E+02 -8.52E+01  4.02E+02              
 H-bond moment (accept) :          2.0796
 H-bond moment (donor)  :          3.5488
 
 No gas phase energy file for compound 3 conformer 3 found, using single point gas phase energy from cosmo file

 Compound Information for compound 3 conformer 4 (COSMO file V:\groups\COSMOTHERM-Datenbank\COSMObase-1901\BP-TZVPD-FINE/l/lacticacid_c3.cosmo)
 Atomic weights         : 111111111111
 E_COSMO+dE             :    -215746.1854 kcal/mol
 E_gas                  :    -215736.5699 kcal/mol
 E_COSMO-E_gas+dE       :         -9.6155 kcal/mol
 E_diel                 :        -12.0403 kcal/mol
 E_disp_intramolecular  :         -7.8263 kcal/mol
 Averaging corr dE      :          0.7985 kcal/mol
 Area                   :        121.2359 A^2
 Volume                 :        107.7258 A^3
 Molecular Weight       :         90.0783 a.m.u.
 Total COSMO charge     :          0.0004 a.u.
 Dipole moment (t,x,y,z):          2.6808  0.687585  1.222652  2.284563 Debye                            
 Sigma moments (1-6)    :          0.0000  9.52E+01 -9.279924  1.79E+02 -8.57E+01  4.42E+02              
 H-bond moment (accept) :          2.4742
 H-bond moment (donor)  :          4.7099
 
 No gas phase energy file for compound 3 conformer 4 found, using single point gas phase energy from cosmo file

 Compound Information for compound 3 conformer 5 (COSMO file V:\groups\COSMOTHERM-Datenbank\COSMObase-1901\BP-TZVPD-FINE/l/lacticacid_c4.cosmo)
 Atomic weights         : 111111111111
 E_COSMO+dE             :    -215746.0988 kcal/mol
 E_gas                  :    -215734.2469 kcal/mol
 E_COSMO-E_gas+dE       :        -11.8519 kcal/mol
 E_diel                 :        -15.4923 kcal/mol
 E_disp_intramolecular  :         -7.7365 kcal/mol
 Averaging corr dE      :          0.7497 kcal/mol
 Area                   :        121.4869 A^2
 Volume                 :        107.5139 A^3
 Molecular Weight       :         90.0783 a.m.u.
 Total COSMO charge     :          0.0001 a.u.
 Dipole moment (t,x,y,z):          4.5492 -2.507745 -3.769835  0.441697 Debye                            
 Sigma moments (1-6)    :          0.0000  1.05E+02 -0.628692  2.13E+02 -4.53E+01  5.50E+02              
 H-bond moment (accept) :          3.9249
 H-bond moment (donor)  :          4.9729
 
 No gas phase energy file for compound 3 conformer 5 found, using single point gas phase energy from cosmo file

 Compound Information for compound 3 conformer 6 (COSMO file V:\groups\COSMOTHERM-Datenbank\COSMObase-1901\BP-TZVPD-FINE/l/lacticacid_c5.cosmo)
 Atomic weights         : 111111111111
 E_COSMO+dE             :    -215746.0355 kcal/mol
 E_gas                  :    -215736.3775 kcal/mol
 E_COSMO-E_gas+dE       :         -9.6580 kcal/mol
 E_diel                 :        -12.1366 kcal/mol
 E_disp_intramolecular  :         -7.7279 kcal/mol
 Averaging corr dE      :          0.8020 kcal/mol
 Area                   :        121.1546 A^2
 Volume                 :        107.2976 A^3
 Molecular Weight       :         90.0783 a.m.u.
 Total COSMO charge     :          0.0004 a.u.
 Dipole moment (t,x,y,z):          1.9935 -1.037490 -1.370029  1.010343 Debye                            
 Sigma moments (1-6)    :          0.0000  9.63E+01 -1.07E+01  1.83E+02 -8.84E+01  4.53E+02              
 H-bond moment (accept) :          2.5251
 H-bond moment (donor)  :          4.6396
 
 No gas phase energy file for compound 3 conformer 6 found, using single point gas phase energy from cosmo file


 Total number of processed compounds:    3
 Total number of processed molecules:   13


----------------
 START job     1
----------------

 ---------------------------------------------------------------------
 Multi-Component-2-Phase-Equilibrium (Liquid Extraction) calculation
 Initial phase 1: X1={0.998997 0 0.001003}
 Initial phase 2: X2={0 1}
 ---------------------------------------------------------------------



 Results for mixture 1 - LIQ_EX Phase 1 Iteration    0
 ---------------------
 Temperature          :    293.150 K
 Compound Nr.         :         1         2         3
 Compound             :       h2o 4-heptano lacticaci
 Mole Fraction        :    0.9990    0.0000    0.0010

 Compound: 1  (h2o)
 Chemical potential of the compound in the mixture :         2.88311 kcal/mol
 Log10(partial pressure [mbar])                    :         0.99135
 Free energy of molecule in mix (E_COSMO+dE+Mu)    :    -47990.37016 kcal/mol
 Total mean interaction energy in the mix (H_int)  :        -5.85907 kcal/mol
 Misfit interaction energy in the mix (H_MF)       :         0.54873 kcal/mol
 H-Bond interaction energy in the mix (H_HB)       :        -4.97476 kcal/mol
 VdW interaction energy in the mix (H_vdW)         :        -4.36508 kcal/mol
 Gas liquid transition energy in the mix (H_glt)   :         2.93205 kcal/mol

 Compound: 2  (4-heptanol)
 Chemical potential of the compound in the mixture :         3.65768 kcal/mol
 Log10(partial pressure [mbar])                    :         3.00203
 Free energy of molecule in mix (E_COSMO+dE+Mu)    :   -220746.78906 kcal/mol
 Total mean interaction energy in the mix (H_int)  :       -10.25483 kcal/mol
 Misfit interaction energy in the mix (H_MF)       :         2.44313 kcal/mol
 H-Bond interaction energy in the mix (H_HB)       :        -4.22938 kcal/mol
 VdW interaction energy in the mix (H_vdW)         :       -20.75906 kcal/mol
 Gas liquid transition energy in the mix (H_glt)   :        12.18698 kcal/mol

 Compound: 3  (lacticacid)
 Chemical potential of the compound in the mixture :         3.60058 kcal/mol
 Log10(partial pressure [mbar])                    :        -1.66387
 Free energy of molecule in mix (E_COSMO+dE+Mu)    :   -215745.07956 kcal/mol
 Total mean interaction energy in the mix (H_int)  :        -8.52462 kcal/mol
 Misfit interaction energy in the mix (H_MF)       :         1.77979 kcal/mol
 H-Bond interaction energy in the mix (H_HB)       :        -7.45089 kcal/mol
 VdW interaction energy in the mix (H_vdW)         :       -13.38212 kcal/mol
 Gas liquid transition energy in the mix (H_glt)   :         8.25184 kcal/mol



 Compound: 1 Conformer: 1 (h2o_c0)
 Chemical potential of the molecule in the mixture :         2.88311 kcal/mol
 Log10(partial pressure [mbar])                    :         0.99135
 Free energy of molecule in mix (E_COSMO+dE+Mu)    :    -47990.37016 kcal/mol
 Total mean interaction energy in the mix          :        -5.85907 kcal/mol
 Misfit interaction energy in the mix              :         0.54873 kcal/mol
 H-Bond interaction energy in the mix              :        -4.97476 kcal/mol
 VdW interaction energy in the mix                 :        -4.36508 kcal/mol
 Gas liquid transition energy in the mix (H_glt)   :         2.93205 kcal/mol
 Normalized weight factor of molecule in compound  :         1.00000
 Normalized weight factor of molecule in gas phase :         1.00000

 Compound: 2 Conformer: 1 (4-heptanol_c0)
 Chemical potential of the molecule in the mixture :         4.73511 kcal/mol
 Log10(partial pressure [mbar])                    :         3.31712
 Free energy of molecule in mix (E_COSMO+dE+Mu)    :   -220745.70974 kcal/mol
 Total mean interaction energy in the mix          :       -10.18714 kcal/mol
 Misfit interaction energy in the mix              :         2.46823 kcal/mol
 H-Bond interaction energy in the mix              :        -3.95751 kcal/mol
 VdW interaction energy in the mix                 :       -20.88484 kcal/mol
 Gas liquid transition energy in the mix (H_glt)   :        12.18698 kcal/mol
 Normalized weight factor of molecule in compound  :         0.15680
 Normalized weight factor of molecule in gas phase :         0.27961

 Compound: 2 Conformer: 2 (4-heptanol_c1)
 Chemical potential of the molecule in the mixture :         4.87302 kcal/mol
 Log10(partial pressure [mbar])                    :         3.32453
 Free energy of molecule in mix (E_COSMO+dE+Mu)    :   -220745.57371 kcal/mol
 Total mean interaction energy in the mix          :       -10.22217 kcal/mol
 Misfit interaction energy in the mix              :         2.44057 kcal/mol
 H-Bond interaction energy in the mix              :        -3.95410 kcal/mol
 VdW interaction energy in the mix                 :       -20.89562 kcal/mol
 Gas liquid transition energy in the mix (H_glt)   :        12.18698 kcal/mol
 Normalized weight factor of molecule in compound  :         0.12415
 Normalized weight factor of molecule in gas phase :         0.25287

 Compound: 2 Conformer: 3 (4-heptanol_c2)
 Chemical potential of the molecule in the mixture :         4.44648 kcal/mol
 Log10(partial pressure [mbar])                    :         2.87162
 Free energy of molecule in mix (E_COSMO+dE+Mu)    :   -220745.87437 kcal/mol
 Total mean interaction energy in the mix          :       -10.44704 kcal/mol
 Misfit interaction energy in the mix              :         2.46240 kcal/mol
 H-Bond interaction energy in the mix              :        -4.22112 kcal/mol
 VdW interaction energy in the mix                 :       -20.87530 kcal/mol
 Gas liquid transition energy in the mix (H_glt)   :        12.18698 kcal/mol
 Normalized weight factor of molecule in compound  :         0.20801
 Normalized weight factor of molecule in gas phase :         0.14478

 Compound: 2 Conformer: 4 (4-heptanol_c3)
 Chemical potential of the molecule in the mixture :         4.32851 kcal/mol
 Log10(partial pressure [mbar])                    :         2.72575
 Free energy of molecule in mix (E_COSMO+dE+Mu)    :   -220746.07874 kcal/mol
 Total mean interaction energy in the mix          :       -10.54919 kcal/mol
 Misfit interaction energy in the mix              :         2.45866 kcal/mol
 H-Bond interaction energy in the mix              :        -4.40115 kcal/mol
 VdW interaction energy in the mix                 :       -20.79368 kcal/mol
 Gas liquid transition energy in the mix (H_glt)   :        12.18698 kcal/mol
 Normalized weight factor of molecule in compound  :         0.29543
 Normalized weight factor of molecule in gas phase :         0.12662

 Compound: 2 Conformer: 5 (4-heptanol_c4)
 Chemical potential of the molecule in the mixture :         4.56693 kcal/mol
 Log10(partial pressure [mbar])                    :         2.87086
 Free energy of molecule in mix (E_COSMO+dE+Mu)    :   -220745.62962 kcal/mol
 Total mean interaction energy in the mix          :       -10.28763 kcal/mol
 Misfit interaction energy in the mix              :         2.38087 kcal/mol
 H-Bond interaction energy in the mix              :        -4.44248 kcal/mol
 VdW interaction energy in the mix                 :       -20.41300 kcal/mol
 Gas liquid transition energy in the mix (H_glt)   :        12.18698 kcal/mol
 Normalized weight factor of molecule in compound  :         0.13666
 Normalized weight factor of molecule in gas phase :         0.09851

 Compound: 2 Conformer: 6 (4-heptanol_c5)
 Chemical potential of the molecule in the mixture :         4.74209 kcal/mol
 Log10(partial pressure [mbar])                    :         3.10587
 Free energy of molecule in mix (E_COSMO+dE+Mu)    :   -220745.30993 kcal/mol
 Total mean interaction energy in the mix          :       -10.08687 kcal/mol
 Misfit interaction energy in the mix              :         2.39618 kcal/mol
 H-Bond interaction energy in the mix              :        -4.21234 kcal/mol
 VdW interaction energy in the mix                 :       -20.45769 kcal/mol
 Gas liquid transition energy in the mix (H_glt)   :        12.18698 kcal/mol
 Normalized weight factor of molecule in compound  :         0.07894
 Normalized weight factor of molecule in gas phase :         0.09761

 Compound: 3 Conformer: 1 (lacticacid_c0)
 Chemical potential of the molecule in the mixture :         5.53977 kcal/mol
 Log10(partial pressure [mbar])                    :        -1.45883
 Free energy of molecule in mix (E_COSMO+dE+Mu)    :   -215743.14037 kcal/mol
 Total mean interaction energy in the mix          :        -7.85356 kcal/mol
 Misfit interaction energy in the mix              :         1.81611 kcal/mol
 H-Bond interaction energy in the mix              :        -4.59005 kcal/mol
 VdW interaction energy in the mix                 :       -13.33146 kcal/mol
 Gas liquid transition energy in the mix (H_glt)   :         8.25184 kcal/mol
 Normalized weight factor of molecule in compound  :         0.03584
 Normalized weight factor of molecule in gas phase :         0.00476

 Compound: 3 Conformer: 2 (lacticacid_c1)
 Chemical potential of the molecule in the mixture :         5.69525 kcal/mol
 Log10(partial pressure [mbar])                    :        -0.92590
 Free energy of molecule in mix (E_COSMO+dE+Mu)    :   -215742.80339 kcal/mol
 Total mean interaction energy in the mix          :        -7.38676 kcal/mol
 Misfit interaction energy in the mix              :         1.93911 kcal/mol
 H-Bond interaction energy in the mix              :        -4.26776 kcal/mol
 VdW interaction energy in the mix                 :       -13.30995 kcal/mol
 Gas liquid transition energy in the mix (H_glt)   :         8.25184 kcal/mol
 Normalized weight factor of molecule in compound  :         0.02010
 Normalized weight factor of molecule in gas phase :         0.00936

 Compound: 3 Conformer: 3 (lacticacid_c2)
 Chemical potential of the molecule in the mixture :         3.84479 kcal/mol
 Log10(partial pressure [mbar])                    :        -0.19476
 Free energy of molecule in mix (E_COSMO+dE+Mu)    :   -215743.76167 kcal/mol
 Total mean interaction energy in the mix          :        -8.50715 kcal/mol
 Misfit interaction energy in the mix              :         1.85982 kcal/mol
 H-Bond interaction energy in the mix              :        -5.22273 kcal/mol
 VdW interaction energy in the mix                 :       -13.39608 kcal/mol
 Gas liquid transition energy in the mix (H_glt)   :         8.25184 kcal/mol
 Normalized weight factor of molecule in compound  :         0.10411
 Normalized weight factor of molecule in gas phase :         0.94961

 Compound: 3 Conformer: 4 (lacticacid_c3)
 Chemical potential of the molecule in the mixture :         2.03508 kcal/mol
 Log10(partial pressure [mbar])                    :        -2.65128
 Free energy of molecule in mix (E_COSMO+dE+Mu)    :   -215744.15035 kcal/mol
 Total mean interaction energy in the mix          :       -10.73500 kcal/mol
 Misfit interaction energy in the mix              :         1.78274 kcal/mol
 H-Bond interaction energy in the mix              :        -7.40075 kcal/mol
 VdW interaction energy in the mix                 :       -13.36883 kcal/mol
 Gas liquid transition energy in the mix (H_glt)   :         8.25184 kcal/mol
 Normalized weight factor of molecule in compound  :         0.20290
 Normalized weight factor of molecule in gas phase :         0.02089

 Compound: 3 Conformer: 5 (lacticacid_c4)
 Chemical potential of the molecule in the mixture :         1.46141 kcal/mol
 Log10(partial pressure [mbar])                    :        -4.74618
 Free energy of molecule in mix (E_COSMO+dE+Mu)    :   -215744.63742 kcal/mol
 Total mean interaction energy in the mix          :       -11.70732 kcal/mol
 Misfit interaction energy in the mix              :         1.75977 kcal/mol
 H-Bond interaction energy in the mix              :        -8.33022 kcal/mol
 VdW interaction energy in the mix                 :       -13.38871 kcal/mol
 Gas liquid transition energy in the mix (H_glt)   :         8.25184 kcal/mol
 Normalized weight factor of molecule in compound  :         0.46815
 Normalized weight factor of molecule in gas phase :         0.00039

 Compound: 3 Conformer: 6 (lacticacid_c5)
 Chemical potential of the molecule in the mixture :         1.99190 kcal/mol
 Log10(partial pressure [mbar])                    :        -2.71514
 Free energy of molecule in mix (E_COSMO+dE+Mu)    :   -215744.04356 kcal/mol
 Total mean interaction energy in the mix          :       -10.81596 kcal/mol
 Misfit interaction energy in the mix              :         1.75577 kcal/mol
 H-Bond interaction energy in the mix              :        -7.43305 kcal/mol
 VdW interaction energy in the mix                 :       -13.39052 kcal/mol
 Gas liquid transition energy in the mix (H_glt)   :         8.25184 kcal/mol
 Normalized weight factor of molecule in compound  :         0.16891
 Normalized weight factor of molecule in gas phase :         0.01500




 Results for mixture 2 - LIQ_EX Phase 2 Iteration    0
 ---------------------
 Temperature          :    293.150 K
 Compound Nr.         :         1         2         3
 Compound             :       h2o 4-heptano lacticaci
 Mole Fraction        :    0.0000    1.0000    0.0000

 Compound: 1  (h2o)
 Chemical potential of the compound in the mixture :         3.91978 kcal/mol
 Log10(partial pressure [mbar])                    :         1.76420
 Free energy of molecule in mix (E_COSMO+dE+Mu)    :    -47989.33349 kcal/mol
 Total mean interaction energy in the mix (H_int)  :        -5.12440 kcal/mol
 Misfit interaction energy in the mix (H_MF)       :         1.28389 kcal/mol
 H-Bond interaction energy in the mix (H_HB)       :        -4.66919 kcal/mol
 VdW interaction energy in the mix (H_vdW)         :        -4.67115 kcal/mol
 Gas liquid transition energy in the mix (H_glt)   :         2.93205 kcal/mol
 Equilibrium constant Kx(1,2)                      :         5.92718
 Equilibrium concentration x_k(1,2)                :         0.85564

 Compound: 2  (4-heptanol)
 Chemical potential of the compound in the mixture :        -0.48653 kcal/mol
 Log10(partial pressure [mbar])                    :        -0.08751
 Free energy of molecule in mix (E_COSMO+dE+Mu)    :   -220750.93327 kcal/mol
 Total mean interaction energy in the mix (H_int)  :        -9.61691 kcal/mol
 Misfit interaction energy in the mix (H_MF)       :         2.06943 kcal/mol
 H-Bond interaction energy in the mix (H_HB)       :        -2.42629 kcal/mol
 VdW interaction energy in the mix (H_vdW)         :       -21.55985 kcal/mol
 Gas liquid transition energy in the mix (H_glt)   :        12.18698 kcal/mol
 Equilibrium constant Kx(1,2)                      :  8.13689005E-04
 Equilibrium concentration x_k(1,2)                :         0.00081

 Compound: 3  (lacticacid)
 Chemical potential of the compound in the mixture :         3.86515 kcal/mol
 Log10(partial pressure [mbar])                    :        -1.46664
 Free energy of molecule in mix (E_COSMO+dE+Mu)    :   -215744.81499 kcal/mol
 Total mean interaction energy in the mix (H_int)  :        -5.71102 kcal/mol
 Misfit interaction energy in the mix (H_MF)       :         2.61341 kcal/mol
 H-Bond interaction energy in the mix (H_HB)       :        -3.83568 kcal/mol
 VdW interaction energy in the mix (H_vdW)         :       -14.16139 kcal/mol
 Gas liquid transition energy in the mix (H_glt)   :         8.25184 kcal/mol
 Equilibrium constant Kx(1,2)                      :         1.57483
 Equilibrium concentration x_k(1,2)                :         0.61162



 Compound: 1 Conformer: 1 (h2o_c0)
 Chemical potential of the molecule in the mixture :         3.91978 kcal/mol
 Log10(partial pressure [mbar])                    :         1.76420
 Free energy of molecule in mix (E_COSMO+dE+Mu)    :    -47989.33349 kcal/mol
 Total mean interaction energy in the mix          :        -5.12440 kcal/mol
 Misfit interaction energy in the mix              :         1.28389 kcal/mol
 H-Bond interaction energy in the mix              :        -4.66919 kcal/mol
 VdW interaction energy in the mix                 :        -4.67115 kcal/mol
 Gas liquid transition energy in the mix (H_glt)   :         2.93205 kcal/mol
 Normalized weight factor of molecule in compound  :         1.00000
 Normalized weight factor of molecule in gas phase :         1.00000

 Compound: 2 Conformer: 1 (4-heptanol_c0)
 Chemical potential of the molecule in the mixture :         0.56128 kcal/mol
 Log10(partial pressure [mbar])                    :         0.20550
 Free energy of molecule in mix (E_COSMO+dE+Mu)    :   -220749.88357 kcal/mol
 Total mean interaction energy in the mix          :        -9.46544 kcal/mol
 Misfit interaction energy in the mix              :         2.08557 kcal/mol
 H-Bond interaction energy in the mix              :        -2.06779 kcal/mol
 VdW interaction energy in the mix                 :       -21.67020 kcal/mol
 Gas liquid transition energy in the mix (H_glt)   :        12.18698 kcal/mol
 Normalized weight factor of molecule in compound  :         0.16498
 Normalized weight factor of molecule in gas phase :         0.27961

 Compound: 2 Conformer: 2 (4-heptanol_c1)
 Chemical potential of the molecule in the mixture :         0.44332 kcal/mol
 Log10(partial pressure [mbar])                    :         0.02216
 Free energy of molecule in mix (E_COSMO+dE+Mu)    :   -220750.00341 kcal/mol
 Total mean interaction energy in the mix          :        -9.25917 kcal/mol
 Misfit interaction energy in the mix              :         2.10568 kcal/mol
 H-Bond interaction energy in the mix              :        -1.88490 kcal/mol
 VdW interaction energy in the mix                 :       -21.66692 kcal/mol
 Gas liquid transition energy in the mix (H_glt)   :        12.18698 kcal/mol
 Normalized weight factor of molecule in compound  :         0.20267
 Normalized weight factor of molecule in gas phase :         0.25287

 Compound: 2 Conformer: 3 (4-heptanol_c2)
 Chemical potential of the molecule in the mixture :         0.07897 kcal/mol
 Log10(partial pressure [mbar])                    :        -0.38439
 Free energy of molecule in mix (E_COSMO+dE+Mu)    :   -220750.24187 kcal/mol
 Total mean interaction energy in the mix          :       -10.19050 kcal/mol
 Misfit interaction energy in the mix              :         2.03293 kcal/mol
 H-Bond interaction energy in the mix              :        -2.74645 kcal/mol
 VdW interaction energy in the mix                 :       -21.66397 kcal/mol
 Gas liquid transition energy in the mix (H_glt)   :        12.18698 kcal/mol
 Normalized weight factor of molecule in compound  :         0.30518
 Normalized weight factor of molecule in gas phase :         0.14478

 Compound: 2 Conformer: 4 (4-heptanol_c3)
 Chemical potential of the molecule in the mixture :         0.76066 kcal/mol
 Log10(partial pressure [mbar])                    :         0.06589
 Free energy of molecule in mix (E_COSMO+dE+Mu)    :   -220749.64659 kcal/mol
 Total mean interaction energy in the mix          :        -9.62085 kcal/mol
 Misfit interaction energy in the mix              :         2.16338 kcal/mol
 H-Bond interaction energy in the mix              :        -2.37223 kcal/mol
 VdW interaction energy in the mix                 :       -21.59898 kcal/mol
 Gas liquid transition energy in the mix (H_glt)   :        12.18698 kcal/mol
 Normalized weight factor of molecule in compound  :         0.10984
 Normalized weight factor of molecule in gas phase :         0.12662

 Compound: 2 Conformer: 5 (4-heptanol_c4)
 Chemical potential of the molecule in the mixture :         0.54404 kcal/mol
 Log10(partial pressure [mbar])                    :        -0.12824
 Free energy of molecule in mix (E_COSMO+dE+Mu)    :   -220749.65252 kcal/mol
 Total mean interaction energy in the mix          :        -9.74949 kcal/mol
 Misfit interaction energy in the mix              :         2.04333 kcal/mol
 H-Bond interaction energy in the mix              :        -2.79002 kcal/mol
 VdW interaction energy in the mix                 :       -21.18978 kcal/mol
 Gas liquid transition energy in the mix (H_glt)   :        12.18698 kcal/mol
 Normalized weight factor of molecule in compound  :         0.11097
 Normalized weight factor of molecule in gas phase :         0.09851

 Compound: 2 Conformer: 6 (4-heptanol_c5)
 Chemical potential of the molecule in the mixture :         0.42423 kcal/mol
 Log10(partial pressure [mbar])                    :        -0.11314
 Free energy of molecule in mix (E_COSMO+dE+Mu)    :   -220749.62780 kcal/mol
 Total mean interaction energy in the mix          :        -9.80601 kcal/mol
 Misfit interaction energy in the mix              :         2.01029 kcal/mol
 H-Bond interaction energy in the mix              :        -2.77174 kcal/mol
 VdW interaction energy in the mix                 :       -21.23154 kcal/mol
 Gas liquid transition energy in the mix (H_glt)   :        12.18698 kcal/mol
 Normalized weight factor of molecule in compound  :         0.10636
 Normalized weight factor of molecule in gas phase :         0.09761

 Compound: 3 Conformer: 1 (lacticacid_c0)
 Chemical potential of the molecule in the mixture :         5.57655 kcal/mol
 Log10(partial pressure [mbar])                    :        -1.43141
 Free energy of molecule in mix (E_COSMO+dE+Mu)    :   -215743.10359 kcal/mol
 Total mean interaction energy in the mix          :        -5.61423 kcal/mol
 Misfit interaction energy in the mix              :         3.21652 kcal/mol
 H-Bond interaction energy in the mix              :        -2.96294 kcal/mol
 VdW interaction energy in the mix                 :       -14.11966 kcal/mol
 Gas liquid transition energy in the mix (H_glt)   :         8.25184 kcal/mol
 Normalized weight factor of molecule in compound  :         0.05298
 Normalized weight factor of molecule in gas phase :         0.00476

 Compound: 3 Conformer: 2 (lacticacid_c1)
 Chemical potential of the molecule in the mixture :         6.08623 kcal/mol
 Log10(partial pressure [mbar])                    :        -0.63442
 Free energy of molecule in mix (E_COSMO+dE+Mu)    :   -215742.41242 kcal/mol
 Total mean interaction energy in the mix          :        -5.20531 kcal/mol
 Misfit interaction energy in the mix              :         3.19258 kcal/mol
 H-Bond interaction energy in the mix              :        -2.55598 kcal/mol
 VdW interaction energy in the mix                 :       -14.09375 kcal/mol
 Gas liquid transition energy in the mix (H_glt)   :         8.25184 kcal/mol
 Normalized weight factor of molecule in compound  :         0.01618
 Normalized weight factor of molecule in gas phase :         0.00936

 Compound: 3 Conformer: 3 (lacticacid_c2)
 Chemical potential of the molecule in the mixture :         3.04112 kcal/mol
 Log10(partial pressure [mbar])                    :        -0.79390
 Free energy of molecule in mix (E_COSMO+dE+Mu)    :   -215744.56534 kcal/mol
 Total mean interaction energy in the mix          :        -6.92124 kcal/mol
 Misfit interaction energy in the mix              :         2.45096 kcal/mol
 H-Bond interaction energy in the mix              :        -3.46564 kcal/mol
 VdW interaction energy in the mix                 :       -14.15841 kcal/mol
 Gas liquid transition energy in the mix (H_glt)   :         8.25184 kcal/mol
 Normalized weight factor of molecule in compound  :         0.65145
 Normalized weight factor of molecule in gas phase :         0.94961

 Compound: 3 Conformer: 4 (lacticacid_c3)
 Chemical potential of the molecule in the mixture :         2.66775 kcal/mol
 Log10(partial pressure [mbar])                    :        -2.17962
 Free energy of molecule in mix (E_COSMO+dE+Mu)    :   -215743.51768 kcal/mol
 Total mean interaction energy in the mix          :        -7.90428 kcal/mol
 Misfit interaction energy in the mix              :         2.76431 kcal/mol
 H-Bond interaction energy in the mix              :        -4.76272 kcal/mol
 VdW interaction energy in the mix                 :       -14.15772 kcal/mol
 Gas liquid transition energy in the mix (H_glt)   :         8.25184 kcal/mol
 Normalized weight factor of molecule in compound  :         0.10786
 Normalized weight factor of molecule in gas phase :         0.02089

 Compound: 3 Conformer: 5 (lacticacid_c4)
 Chemical potential of the molecule in the mixture :         2.84964 kcal/mol
 Log10(partial pressure [mbar])                    :        -3.71125
 Free energy of molecule in mix (E_COSMO+dE+Mu)    :   -215743.24919 kcal/mol
 Total mean interaction energy in the mix          :        -8.07923 kcal/mol
 Misfit interaction energy in the mix              :         3.13138 kcal/mol
 H-Bond interaction energy in the mix              :        -5.25568 kcal/mol
 VdW interaction energy in the mix                 :       -14.20678 kcal/mol
 Gas liquid transition energy in the mix (H_glt)   :         8.25184 kcal/mol
 Normalized weight factor of molecule in compound  :         0.06803
 Normalized weight factor of molecule in gas phase :         0.00039

 Compound: 3 Conformer: 6 (lacticacid_c5)
 Chemical potential of the molecule in the mixture :         2.54177 kcal/mol
 Log10(partial pressure [mbar])                    :        -2.30521
 Free energy of molecule in mix (E_COSMO+dE+Mu)    :   -215743.49370 kcal/mol
 Total mean interaction energy in the mix          :        -8.10743 kcal/mol
 Misfit interaction energy in the mix              :         2.73893 kcal/mol
 H-Bond interaction energy in the mix              :        -4.91213 kcal/mol
 VdW interaction energy in the mix                 :       -14.18607 kcal/mol
 Gas liquid transition energy in the mix (H_glt)   :         8.25184 kcal/mol
 Normalized weight factor of molecule in compound  :         0.10351
 Normalized weight factor of molecule in gas phase :         0.01500




 Results for mixture 3 - LIQ_EX Phase 1 Iteration    1
 ---------------------
 Temperature          :    293.150 K
 Compound Nr.         :         1         2         3
 Compound             :       h2o 4-heptano lacticaci
 Mole Fraction        :    0.9983    0.0009    0.0007

 Compound: 1  (h2o)
 Chemical potential of the compound in the mixture :         2.88314 kcal/mol
 Log10(partial pressure [mbar])                    :         0.99137
 Free energy of molecule in mix (E_COSMO+dE+Mu)    :    -47990.37014 kcal/mol
 Total mean interaction energy in the mix (H_int)  :        -5.86041 kcal/mol
 Misfit interaction energy in the mix (H_MF)       :         0.54811 kcal/mol
 H-Bond interaction energy in the mix (H_HB)       :        -4.97461 kcal/mol
 VdW interaction energy in the mix (H_vdW)         :        -4.36596 kcal/mol
 Gas liquid transition energy in the mix (H_glt)   :         2.93205 kcal/mol

 Compound: 2  (4-heptanol)
 Chemical potential of the compound in the mixture :         3.62131 kcal/mol
 Log10(partial pressure [mbar])                    :         2.97492
 Free energy of molecule in mix (E_COSMO+dE+Mu)    :   -220746.82543 kcal/mol
 Total mean interaction energy in the mix (H_int)  :       -10.25949 kcal/mol
 Misfit interaction energy in the mix (H_MF)       :         2.44124 kcal/mol
 H-Bond interaction energy in the mix (H_HB)       :        -4.22801 kcal/mol
 VdW interaction energy in the mix (H_vdW)         :       -20.76313 kcal/mol
 Gas liquid transition energy in the mix (H_glt)   :        12.18698 kcal/mol

 Compound: 3  (lacticacid)
 Chemical potential of the compound in the mixture :         3.58960 kcal/mol
 Log10(partial pressure [mbar])                    :        -1.67206
 Free energy of molecule in mix (E_COSMO+dE+Mu)    :   -215745.09054 kcal/mol
 Total mean interaction energy in the mix (H_int)  :        -8.52195 kcal/mol
 Misfit interaction energy in the mix (H_MF)       :         1.78207 kcal/mol
 H-Bond interaction energy in the mix (H_HB)       :        -7.44596 kcal/mol
 VdW interaction energy in the mix (H_vdW)         :       -13.38550 kcal/mol
 Gas liquid transition energy in the mix (H_glt)   :         8.25184 kcal/mol



 Compound: 1 Conformer: 1 (h2o_c0)
 Chemical potential of the molecule in the mixture :         2.88314 kcal/mol
 Log10(partial pressure [mbar])                    :         0.99137
 Free energy of molecule in mix (E_COSMO+dE+Mu)    :    -47990.37014 kcal/mol
 Total mean interaction energy in the mix          :        -5.86041 kcal/mol
 Misfit interaction energy in the mix              :         0.54811 kcal/mol
 H-Bond interaction energy in the mix              :        -4.97461 kcal/mol
 VdW interaction energy in the mix                 :        -4.36596 kcal/mol
 Gas liquid transition energy in the mix (H_glt)   :         2.93205 kcal/mol
 Normalized weight factor of molecule in compound  :         1.00000
 Normalized weight factor of molecule in gas phase :         1.00000

 Compound: 2 Conformer: 1 (4-heptanol_c0)
 Chemical potential of the molecule in the mixture :         4.69825 kcal/mol
 Log10(partial pressure [mbar])                    :         3.28965
 Free energy of molecule in mix (E_COSMO+dE+Mu)    :   -220745.74659 kcal/mol
 Total mean interaction energy in the mix          :       -10.19144 kcal/mol
 Misfit interaction energy in the mix              :         2.46628 kcal/mol
 H-Bond interaction energy in the mix              :        -3.95592 kcal/mol
 VdW interaction energy in the mix                 :       -20.88878 kcal/mol
 Gas liquid transition energy in the mix (H_glt)   :        12.18698 kcal/mol
 Normalized weight factor of molecule in compound  :         0.15694
 Normalized weight factor of molecule in gas phase :         0.27961

 Compound: 2 Conformer: 2 (4-heptanol_c1)
 Chemical potential of the molecule in the mixture :         4.83561 kcal/mol
 Log10(partial pressure [mbar])                    :         3.29664
 Free energy of molecule in mix (E_COSMO+dE+Mu)    :   -220745.61113 kcal/mol
 Total mean interaction energy in the mix          :       -10.22697 kcal/mol
 Misfit interaction energy in the mix              :         2.43837 kcal/mol
 H-Bond interaction energy in the mix              :        -3.95280 kcal/mol
 VdW interaction energy in the mix                 :       -20.89953 kcal/mol
 Gas liquid transition energy in the mix (H_glt)   :        12.18698 kcal/mol
 Normalized weight factor of molecule in compound  :         0.12437
 Normalized weight factor of molecule in gas phase :         0.25287

 Compound: 2 Conformer: 3 (4-heptanol_c2)
 Chemical potential of the molecule in the mixture :         4.40989 kcal/mol
 Log10(partial pressure [mbar])                    :         2.84434
 Free energy of molecule in mix (E_COSMO+dE+Mu)    :   -220745.91096 kcal/mol
 Total mean interaction energy in the mix          :       -10.45166 kcal/mol
 Misfit interaction energy in the mix              :         2.46043 kcal/mol
 H-Bond interaction energy in the mix              :        -4.21986 kcal/mol
 VdW interaction energy in the mix                 :       -20.87922 kcal/mol
 Gas liquid transition energy in the mix (H_glt)   :        12.18698 kcal/mol
 Normalized weight factor of molecule in compound  :         0.20809
 Normalized weight factor of molecule in gas phase :         0.14478

 Compound: 2 Conformer: 4 (4-heptanol_c3)
 Chemical potential of the molecule in the mixture :         4.29251 kcal/mol
 Log10(partial pressure [mbar])                    :         2.69891
 Free energy of molecule in mix (E_COSMO+dE+Mu)    :   -220746.11474 kcal/mol
 Total mean interaction energy in the mix          :       -10.55393 kcal/mol
 Misfit interaction energy in the mix              :         2.45688 kcal/mol
 H-Bond interaction energy in the mix              :        -4.40010 kcal/mol
 VdW interaction energy in the mix                 :       -20.79770 kcal/mol
 Gas liquid transition energy in the mix (H_glt)   :        12.18698 kcal/mol
 Normalized weight factor of molecule in compound  :         0.29524
 Normalized weight factor of molecule in gas phase :         0.12662

 Compound: 2 Conformer: 5 (4-heptanol_c4)
 Chemical potential of the molecule in the mixture :         4.53124 kcal/mol
 Log10(partial pressure [mbar])                    :         2.84426
 Free energy of molecule in mix (E_COSMO+dE+Mu)    :   -220745.66531 kcal/mol
 Total mean interaction energy in the mix          :       -10.29248 kcal/mol
 Misfit interaction energy in the mix              :         2.37899 kcal/mol
 H-Bond interaction energy in the mix              :        -4.44158 kcal/mol
 VdW interaction energy in the mix                 :       -20.41686 kcal/mol
 Gas liquid transition energy in the mix (H_glt)   :        12.18698 kcal/mol
 Normalized weight factor of molecule in compound  :         0.13650
 Normalized weight factor of molecule in gas phase :         0.09851

 Compound: 2 Conformer: 6 (4-heptanol_c5)
 Chemical potential of the molecule in the mixture :         4.70633 kcal/mol
 Log10(partial pressure [mbar])                    :         3.07920
 Free energy of molecule in mix (E_COSMO+dE+Mu)    :   -220745.34569 kcal/mol
 Total mean interaction energy in the mix          :       -10.09121 kcal/mol
 Misfit interaction energy in the mix              :         2.39447 kcal/mol
 H-Bond interaction energy in the mix              :        -4.21110 kcal/mol
 VdW interaction energy in the mix                 :       -20.46155 kcal/mol
 Gas liquid transition energy in the mix (H_glt)   :        12.18698 kcal/mol
 Normalized weight factor of molecule in compound  :         0.07886
 Normalized weight factor of molecule in gas phase :         0.09761

 Compound: 3 Conformer: 1 (lacticacid_c0)
 Chemical potential of the molecule in the mixture :         5.52830 kcal/mol
 Log10(partial pressure [mbar])                    :        -1.46739
 Free energy of molecule in mix (E_COSMO+dE+Mu)    :   -215743.15184 kcal/mol
 Total mean interaction energy in the mix          :        -7.85191 kcal/mol
 Misfit interaction energy in the mix              :         1.81927 kcal/mol
 H-Bond interaction energy in the mix              :        -4.58804 kcal/mol
 VdW interaction energy in the mix                 :       -13.33498 kcal/mol
 Gas liquid transition energy in the mix (H_glt)   :         8.25184 kcal/mol
 Normalized weight factor of molecule in compound  :         0.03587
 Normalized weight factor of molecule in gas phase :         0.00476

 Compound: 3 Conformer: 2 (lacticacid_c1)
 Chemical potential of the molecule in the mixture :         5.68391 kcal/mol
 Log10(partial pressure [mbar])                    :        -0.93435
 Free energy of molecule in mix (E_COSMO+dE+Mu)    :   -215742.81474 kcal/mol
 Total mean interaction energy in the mix          :        -7.38573 kcal/mol
 Misfit interaction energy in the mix              :         1.94138 kcal/mol
 H-Bond interaction energy in the mix              :        -4.26542 kcal/mol
 VdW interaction energy in the mix                 :       -13.31354 kcal/mol
 Gas liquid transition energy in the mix (H_glt)   :         8.25184 kcal/mol
 Normalized weight factor of molecule in compound  :         0.02011
 Normalized weight factor of molecule in gas phase :         0.00936

 Compound: 3 Conformer: 3 (lacticacid_c2)
 Chemical potential of the molecule in the mixture :         3.82998 kcal/mol
 Log10(partial pressure [mbar])                    :        -0.20580
 Free energy of molecule in mix (E_COSMO+dE+Mu)    :   -215743.77648 kcal/mol
 Total mean interaction energy in the mix          :        -8.50729 kcal/mol
 Misfit interaction energy in the mix              :         1.86118 kcal/mol
 H-Bond interaction energy in the mix              :        -5.22062 kcal/mol
 VdW interaction energy in the mix                 :       -13.39969 kcal/mol
 Gas liquid transition energy in the mix (H_glt)   :         8.25184 kcal/mol
 Normalized weight factor of molecule in compound  :         0.10480
 Normalized weight factor of molecule in gas phase :         0.94961

 Compound: 3 Conformer: 4 (lacticacid_c3)
 Chemical potential of the molecule in the mixture :         2.02380 kcal/mol
 Log10(partial pressure [mbar])                    :        -2.65969
 Free energy of molecule in mix (E_COSMO+dE+Mu)    :   -215744.16163 kcal/mol
 Total mean interaction energy in the mix          :       -10.73356 kcal/mol
 Misfit interaction energy in the mix              :         1.78475 kcal/mol
 H-Bond interaction energy in the mix              :        -7.39795 kcal/mol
 VdW interaction energy in the mix                 :       -13.37219 kcal/mol
 Gas liquid transition energy in the mix (H_glt)   :         8.25184 kcal/mol
 Normalized weight factor of molecule in compound  :         0.20300
 Normalized weight factor of molecule in gas phase :         0.02089

 Compound: 3 Conformer: 5 (lacticacid_c4)
 Chemical potential of the molecule in the mixture :         1.45157 kcal/mol
 Log10(partial pressure [mbar])                    :        -4.75351
 Free energy of molecule in mix (E_COSMO+dE+Mu)    :   -215744.64726 kcal/mol
 Total mean interaction energy in the mix          :       -11.70591 kcal/mol
 Misfit interaction energy in the mix              :         1.76223 kcal/mol
 H-Bond interaction energy in the mix              :        -8.32793 kcal/mol
 VdW interaction energy in the mix                 :       -13.39206 kcal/mol
 Gas liquid transition energy in the mix (H_glt)   :         8.25184 kcal/mol
 Normalized weight factor of molecule in compound  :         0.46723
 Normalized weight factor of molecule in gas phase :         0.00039

 Compound: 3 Conformer: 6 (lacticacid_c5)
 Chemical potential of the molecule in the mixture :         1.98063 kcal/mol
 Log10(partial pressure [mbar])                    :        -2.72355
 Free energy of molecule in mix (E_COSMO+dE+Mu)    :   -215744.05484 kcal/mol
 Total mean interaction energy in the mix          :       -10.81442 kcal/mol
 Misfit interaction energy in the mix              :         1.75779 kcal/mol
 H-Bond interaction energy in the mix              :        -7.43020 kcal/mol
 VdW interaction energy in the mix                 :       -13.39385 kcal/mol
 Gas liquid transition energy in the mix (H_glt)   :         8.25184 kcal/mol
 Normalized weight factor of molecule in compound  :         0.16900
 Normalized weight factor of molecule in gas phase :         0.01500




 Results for mixture 4 - LIQ_EX Phase 2 Iteration    1
 ---------------------
 Temperature          :    293.150 K
 Compound Nr.         :         1         2         3
 Compound             :       h2o 4-heptano lacticaci
 Mole Fraction        :    0.1261    0.8736    0.0003

 Compound: 1  (h2o)
 Chemical potential of the compound in the mixture :         3.76698 kcal/mol
 Log10(partial pressure [mbar])                    :         1.65028
 Free energy of molecule in mix (E_COSMO+dE+Mu)    :    -47989.48629 kcal/mol
 Total mean interaction energy in the mix (H_int)  :        -5.31795 kcal/mol
 Misfit interaction energy in the mix (H_MF)       :         1.10710 kcal/mol
 H-Bond interaction energy in the mix (H_HB)       :        -4.70827 kcal/mol
 VdW interaction energy in the mix (H_vdW)         :        -4.64883 kcal/mol
 Gas liquid transition energy in the mix (H_glt)   :         2.93205 kcal/mol
 Equilibrium constant Kx(1,2)                      :         4.55943
 Equilibrium concentration x_k(1,2)                :         0.82013

 Compound: 2  (4-heptanol)
 Chemical potential of the compound in the mixture :        -0.47796 kcal/mol
 Log10(partial pressure [mbar])                    :        -0.08112
 Free energy of molecule in mix (E_COSMO+dE+Mu)    :   -220750.92470 kcal/mol
 Total mean interaction energy in the mix (H_int)  :        -9.75750 kcal/mol
 Misfit interaction energy in the mix (H_MF)       :         2.09280 kcal/mol
 H-Bond interaction energy in the mix (H_HB)       :        -2.62664 kcal/mol
 VdW interaction energy in the mix (H_vdW)         :       -21.52072 kcal/mol
 Gas liquid transition energy in the mix (H_glt)   :        12.18698 kcal/mol
 Equilibrium constant Kx(1,2)                      :  8.78941864E-04
 Equilibrium concentration x_k(1,2)                :         0.00088

 Compound: 3  (lacticacid)
 Chemical potential of the compound in the mixture :         3.66808 kcal/mol
 Log10(partial pressure [mbar])                    :        -1.61355
 Free energy of molecule in mix (E_COSMO+dE+Mu)    :   -215745.01206 kcal/mol
 Total mean interaction energy in the mix (H_int)  :        -6.02582 kcal/mol
 Misfit interaction energy in the mix (H_MF)       :         2.44103 kcal/mol
 H-Bond interaction energy in the mix (H_HB)       :        -4.10012 kcal/mol
 VdW interaction energy in the mix (H_vdW)         :       -14.12146 kcal/mol
 Gas liquid transition energy in the mix (H_glt)   :         8.25184 kcal/mol
 Equilibrium constant Kx(1,2)                      :         1.14421
 Equilibrium concentration x_k(1,2)                :         0.53363



 Compound: 1 Conformer: 1 (h2o_c0)
 Chemical potential of the molecule in the mixture :         3.76698 kcal/mol
 Log10(partial pressure [mbar])                    :         1.65028
 Free energy of molecule in mix (E_COSMO+dE+Mu)    :    -47989.48629 kcal/mol
 Total mean interaction energy in the mix          :        -5.31795 kcal/mol
 Misfit interaction energy in the mix              :         1.10710 kcal/mol
 H-Bond interaction energy in the mix              :        -4.70827 kcal/mol
 VdW interaction energy in the mix                 :        -4.64883 kcal/mol
 Gas liquid transition energy in the mix (H_glt)   :         2.93205 kcal/mol
 Normalized weight factor of molecule in compound  :         1.00000
 Normalized weight factor of molecule in gas phase :         1.00000

 Compound: 2 Conformer: 1 (4-heptanol_c0)
 Chemical potential of the molecule in the mixture :         0.55396 kcal/mol
 Log10(partial pressure [mbar])                    :         0.20004
 Free energy of molecule in mix (E_COSMO+dE+Mu)    :   -220749.89089 kcal/mol
 Total mean interaction energy in the mix          :        -9.59899 kcal/mol
 Misfit interaction energy in the mix              :         2.11347 kcal/mol
 H-Bond interaction energy in the mix              :        -2.27103 kcal/mol
 VdW interaction energy in the mix                 :       -21.62841 kcal/mol
 Gas liquid transition energy in the mix (H_glt)   :        12.18698 kcal/mol
 Normalized weight factor of molecule in compound  :         0.16954
 Normalized weight factor of molecule in gas phase :         0.27961

 Compound: 2 Conformer: 2 (4-heptanol_c1)
 Chemical potential of the molecule in the mixture :         0.47180 kcal/mol
 Log10(partial pressure [mbar])                    :         0.04339
 Free energy of molecule in mix (E_COSMO+dE+Mu)    :   -220749.97494 kcal/mol
 Total mean interaction energy in the mix          :        -9.43252 kcal/mol
 Misfit interaction energy in the mix              :         2.11288 kcal/mol
 H-Bond interaction energy in the mix              :        -2.10188 kcal/mol
 VdW interaction energy in the mix                 :       -21.63050 kcal/mol
 Gas liquid transition energy in the mix (H_glt)   :        12.18698 kcal/mol
 Normalized weight factor of molecule in compound  :         0.19586
 Normalized weight factor of molecule in gas phase :         0.25287

 Compound: 2 Conformer: 3 (4-heptanol_c2)
 Chemical potential of the molecule in the mixture :         0.10792 kcal/mol
 Log10(partial pressure [mbar])                    :        -0.36281
 Free energy of molecule in mix (E_COSMO+dE+Mu)    :   -220750.21292 kcal/mol
 Total mean interaction energy in the mix          :       -10.27320 kcal/mol
 Misfit interaction energy in the mix              :         2.05895 kcal/mol
 H-Bond interaction energy in the mix              :        -2.89429 kcal/mol
 VdW interaction energy in the mix                 :       -21.62485 kcal/mol
 Gas liquid transition energy in the mix (H_glt)   :        12.18698 kcal/mol
 Normalized weight factor of molecule in compound  :         0.29469
 Normalized weight factor of molecule in gas phase :         0.14478

 Compound: 2 Conformer: 4 (4-heptanol_c3)
 Chemical potential of the molecule in the mixture :         0.68075 kcal/mol
 Log10(partial pressure [mbar])                    :  6.31453767E-03
 Free energy of molecule in mix (E_COSMO+dE+Mu)    :   -220749.72650 kcal/mol
 Total mean interaction energy in the mix          :        -9.90586 kcal/mol
 Misfit interaction energy in the mix              :         2.18300 kcal/mol
 H-Bond interaction energy in the mix              :        -2.72607 kcal/mol
 VdW interaction energy in the mix                 :       -21.54977 kcal/mol
 Gas liquid transition energy in the mix (H_glt)   :        12.18698 kcal/mol
 Normalized weight factor of molecule in compound  :         0.12786
 Normalized weight factor of molecule in gas phase :         0.12662

 Compound: 2 Conformer: 5 (4-heptanol_c4)
 Chemical potential of the molecule in the mixture :         0.55052 kcal/mol
 Log10(partial pressure [mbar])                    :        -0.12340
 Free energy of molecule in mix (E_COSMO+dE+Mu)    :   -220749.64604 kcal/mol
 Total mean interaction energy in the mix          :        -9.91518 kcal/mol
 Misfit interaction energy in the mix              :         2.06022 kcal/mol
 H-Bond interaction energy in the mix              :        -3.01254 kcal/mol
 VdW interaction energy in the mix                 :       -21.14985 kcal/mol
 Gas liquid transition energy in the mix (H_glt)   :        12.18698 kcal/mol
 Normalized weight factor of molecule in compound  :         0.11136
 Normalized weight factor of molecule in gas phase :         0.09851

 Compound: 2 Conformer: 6 (4-heptanol_c5)
 Chemical potential of the molecule in the mixture :         0.46471 kcal/mol
 Log10(partial pressure [mbar])                    :        -0.08296
 Free energy of molecule in mix (E_COSMO+dE+Mu)    :   -220749.58732 kcal/mol
 Total mean interaction energy in the mix          :        -9.87767 kcal/mol
 Misfit interaction energy in the mix              :         2.03953 kcal/mol
 H-Bond interaction energy in the mix              :        -2.90981 kcal/mol
 VdW interaction energy in the mix                 :       -21.19437 kcal/mol
 Gas liquid transition energy in the mix (H_glt)   :        12.18698 kcal/mol
 Normalized weight factor of molecule in compound  :         0.10069
 Normalized weight factor of molecule in gas phase :         0.09761

 Compound: 3 Conformer: 1 (lacticacid_c0)
 Chemical potential of the molecule in the mixture :         5.34428 kcal/mol
 Log10(partial pressure [mbar])                    :        -1.60458
 Free energy of molecule in mix (E_COSMO+dE+Mu)    :   -215743.33586 kcal/mol
 Total mean interaction energy in the mix          :        -5.95810 kcal/mol
 Misfit interaction energy in the mix              :         2.94251 kcal/mol
 H-Bond interaction energy in the mix              :        -3.06955 kcal/mol
 VdW interaction energy in the mix                 :       -14.08290 kcal/mol
 Gas liquid transition energy in the mix (H_glt)   :         8.25184 kcal/mol
 Normalized weight factor of molecule in compound  :         0.05628
 Normalized weight factor of molecule in gas phase :         0.00476

 Compound: 3 Conformer: 2 (lacticacid_c1)
 Chemical potential of the molecule in the mixture :         5.81597 kcal/mol
 Log10(partial pressure [mbar])                    :        -0.83590
 Free energy of molecule in mix (E_COSMO+dE+Mu)    :   -215742.68267 kcal/mol
 Total mean interaction energy in the mix          :        -5.50027 kcal/mol
 Misfit interaction energy in the mix              :         2.96252 kcal/mol
 H-Bond interaction energy in the mix              :        -2.66420 kcal/mol
 VdW interaction energy in the mix                 :       -14.05042 kcal/mol
 Gas liquid transition energy in the mix (H_glt)   :         8.25184 kcal/mol
 Normalized weight factor of molecule in compound  :         0.01834
 Normalized weight factor of molecule in gas phase :         0.00936

 Compound: 3 Conformer: 3 (lacticacid_c2)
 Chemical potential of the molecule in the mixture :         2.90439 kcal/mol
 Log10(partial pressure [mbar])                    :        -0.89584
 Free energy of molecule in mix (E_COSMO+dE+Mu)    :   -215744.70207 kcal/mol
 Total mean interaction energy in the mix          :        -7.19072 kcal/mol
 Misfit interaction energy in the mix              :         2.29390 kcal/mol
 H-Bond interaction energy in the mix              :        -3.61480 kcal/mol
 VdW interaction energy in the mix                 :       -14.12166 kcal/mol
 Gas liquid transition energy in the mix (H_glt)   :         8.25184 kcal/mol
 Normalized weight factor of molecule in compound  :         0.58736
 Normalized weight factor of molecule in gas phase :         0.94961

 Compound: 3 Conformer: 4 (lacticacid_c3)
 Chemical potential of the molecule in the mixture :         2.36351 kcal/mol
 Log10(partial pressure [mbar])                    :        -2.40643
 Free energy of molecule in mix (E_COSMO+dE+Mu)    :   -215743.82192 kcal/mol
 Total mean interaction energy in the mix          :        -8.32271 kcal/mol
 Misfit interaction energy in the mix              :         2.51391 kcal/mol
 H-Bond interaction energy in the mix              :        -4.97957 kcal/mol
 VdW interaction energy in the mix                 :       -14.10890 kcal/mol
 Gas liquid transition energy in the mix (H_glt)   :         8.25184 kcal/mol
 Normalized weight factor of molecule in compound  :         0.12964
 Normalized weight factor of molecule in gas phase :         0.02089

 Compound: 3 Conformer: 5 (lacticacid_c4)
 Chemical potential of the molecule in the mixture :         2.50283 kcal/mol
 Log10(partial pressure [mbar])                    :        -3.96979
 Free energy of molecule in mix (E_COSMO+dE+Mu)    :   -215743.59600 kcal/mol
 Total mean interaction energy in the mix          :        -8.71185 kcal/mol
 Misfit interaction energy in the mix              :         2.82473 kcal/mol
 H-Bond interaction energy in the mix              :        -5.63304 kcal/mol
 VdW interaction energy in the mix                 :       -14.15538 kcal/mol
 Gas liquid transition energy in the mix (H_glt)   :         8.25184 kcal/mol
 Normalized weight factor of molecule in compound  :         0.08797
 Normalized weight factor of molecule in gas phase :         0.00039

 Compound: 3 Conformer: 6 (lacticacid_c5)
 Chemical potential of the molecule in the mixture :         2.25657 kcal/mol
 Log10(partial pressure [mbar])                    :        -2.51782
 Free energy of molecule in mix (E_COSMO+dE+Mu)    :   -215743.77889 kcal/mol
 Total mean interaction energy in the mix          :        -8.50136 kcal/mol
 Misfit interaction energy in the mix              :         2.48615 kcal/mol
 H-Bond interaction energy in the mix              :        -5.10126 kcal/mol
 VdW interaction energy in the mix                 :       -14.13809 kcal/mol
 Gas liquid transition energy in the mix (H_glt)   :         8.25184 kcal/mol
 Normalized weight factor of molecule in compound  :         0.12041
 Normalized weight factor of molecule in gas phase :         0.01500




 Results for mixture 5 - LIQ_EX Phase 1 Iteration    2
 ---------------------
 Temperature          :    293.150 K
 Compound Nr.         :         1         2         3
 Compound             :       h2o 4-heptano lacticaci
 Mole Fraction        :    0.9986    0.0008    0.0006

 Compound: 1  (h2o)
 Chemical potential of the compound in the mixture :         2.88313 kcal/mol
 Log10(partial pressure [mbar])                    :         0.99137
 Free energy of molecule in mix (E_COSMO+dE+Mu)    :    -47990.37014 kcal/mol
 Total mean interaction energy in the mix (H_int)  :        -5.86010 kcal/mol
 Misfit interaction energy in the mix (H_MF)       :         0.54820 kcal/mol
 H-Bond interaction energy in the mix (H_HB)       :        -4.97461 kcal/mol
 VdW interaction energy in the mix (H_vdW)         :        -4.36575 kcal/mol
 Gas liquid transition energy in the mix (H_glt)   :         2.93205 kcal/mol

 Compound: 2  (4-heptanol)
 Chemical potential of the compound in the mixture :         3.62748 kcal/mol
 Log10(partial pressure [mbar])                    :         2.97951
 Free energy of molecule in mix (E_COSMO+dE+Mu)    :   -220746.81926 kcal/mol
 Total mean interaction energy in the mix (H_int)  :       -10.25910 kcal/mol
 Misfit interaction energy in the mix (H_MF)       :         2.44087 kcal/mol
 H-Bond interaction energy in the mix (H_HB)       :        -4.22832 kcal/mol
 VdW interaction energy in the mix (H_vdW)         :       -20.76206 kcal/mol
 Gas liquid transition energy in the mix (H_glt)   :        12.18698 kcal/mol

 Compound: 3  (lacticacid)
 Chemical potential of the compound in the mixture :         3.59117 kcal/mol
 Log10(partial pressure [mbar])                    :        -1.67089
 Free energy of molecule in mix (E_COSMO+dE+Mu)    :   -215745.08897 kcal/mol
 Total mean interaction energy in the mix (H_int)  :        -8.52282 kcal/mol
 Misfit interaction energy in the mix (H_MF)       :         1.78149 kcal/mol
 H-Bond interaction energy in the mix (H_HB)       :        -7.44731 kcal/mol
 VdW interaction energy in the mix (H_vdW)         :       -13.38471 kcal/mol
 Gas liquid transition energy in the mix (H_glt)   :         8.25184 kcal/mol



 Compound: 1 Conformer: 1 (h2o_c0)
 Chemical potential of the molecule in the mixture :         2.88313 kcal/mol
 Log10(partial pressure [mbar])                    :         0.99137
 Free energy of molecule in mix (E_COSMO+dE+Mu)    :    -47990.37014 kcal/mol
 Total mean interaction energy in the mix          :        -5.86010 kcal/mol
 Misfit interaction energy in the mix              :         0.54820 kcal/mol
 H-Bond interaction energy in the mix              :        -4.97461 kcal/mol
 VdW interaction energy in the mix                 :        -4.36575 kcal/mol
 Gas liquid transition energy in the mix (H_glt)   :         2.93205 kcal/mol
 Normalized weight factor of molecule in compound  :         1.00000
 Normalized weight factor of molecule in gas phase :         1.00000

 Compound: 2 Conformer: 1 (4-heptanol_c0)
 Chemical potential of the molecule in the mixture :         4.70451 kcal/mol
 Log10(partial pressure [mbar])                    :         3.29431
 Free energy of molecule in mix (E_COSMO+dE+Mu)    :   -220745.74034 kcal/mol
 Total mean interaction energy in the mix          :       -10.19114 kcal/mol
 Misfit interaction energy in the mix              :         2.46592 kcal/mol
 H-Bond interaction energy in the mix              :        -3.95630 kcal/mol
 VdW interaction energy in the mix                 :       -20.88774 kcal/mol
 Gas liquid transition energy in the mix (H_glt)   :        12.18698 kcal/mol
 Normalized weight factor of molecule in compound  :         0.15691
 Normalized weight factor of molecule in gas phase :         0.27961

 Compound: 2 Conformer: 2 (4-heptanol_c1)
 Chemical potential of the molecule in the mixture :         4.84196 kcal/mol
 Log10(partial pressure [mbar])                    :         3.30137
 Free energy of molecule in mix (E_COSMO+dE+Mu)    :   -220745.60478 kcal/mol
 Total mean interaction energy in the mix          :       -10.22664 kcal/mol
 Misfit interaction energy in the mix              :         2.43805 kcal/mol
 H-Bond interaction energy in the mix              :        -3.95318 kcal/mol
 VdW interaction energy in the mix                 :       -20.89849 kcal/mol
 Gas liquid transition energy in the mix (H_glt)   :        12.18698 kcal/mol
 Normalized weight factor of molecule in compound  :         0.12434
 Normalized weight factor of molecule in gas phase :         0.25287

 Compound: 2 Conformer: 3 (4-heptanol_c2)
 Chemical potential of the molecule in the mixture :         4.41611 kcal/mol
 Log10(partial pressure [mbar])                    :         2.84898
 Free energy of molecule in mix (E_COSMO+dE+Mu)    :   -220745.90474 kcal/mol
 Total mean interaction energy in the mix          :       -10.45128 kcal/mol
 Misfit interaction energy in the mix              :         2.46008 kcal/mol
 H-Bond interaction energy in the mix              :        -4.22016 kcal/mol
 VdW interaction energy in the mix                 :       -20.87817 kcal/mol
 Gas liquid transition energy in the mix (H_glt)   :        12.18698 kcal/mol
 Normalized weight factor of molecule in compound  :         0.20807
 Normalized weight factor of molecule in gas phase :         0.14478

 Compound: 2 Conformer: 4 (4-heptanol_c3)
 Chemical potential of the molecule in the mixture :         4.29860 kcal/mol
 Log10(partial pressure [mbar])                    :         2.70345
 Free energy of molecule in mix (E_COSMO+dE+Mu)    :   -220746.10866 kcal/mol
 Total mean interaction energy in the mix          :       -10.55347 kcal/mol
 Misfit interaction energy in the mix              :         2.45650 kcal/mol
 H-Bond interaction energy in the mix              :        -4.40031 kcal/mol
 VdW interaction energy in the mix                 :       -20.79664 kcal/mol
 Gas liquid transition energy in the mix (H_glt)   :        12.18698 kcal/mol
 Normalized weight factor of molecule in compound  :         0.29528
 Normalized weight factor of molecule in gas phase :         0.12662

 Compound: 2 Conformer: 5 (4-heptanol_c4)
 Chemical potential of the molecule in the mixture :         4.53729 kcal/mol
 Log10(partial pressure [mbar])                    :         2.84876
 Free energy of molecule in mix (E_COSMO+dE+Mu)    :   -220745.65927 kcal/mol
 Total mean interaction energy in the mix          :       -10.29202 kcal/mol
 Misfit interaction energy in the mix              :         2.37862 kcal/mol
 H-Bond interaction energy in the mix              :        -4.44178 kcal/mol
 VdW interaction energy in the mix                 :       -20.41584 kcal/mol
 Gas liquid transition energy in the mix (H_glt)   :        12.18698 kcal/mol
 Normalized weight factor of molecule in compound  :         0.13653
 Normalized weight factor of molecule in gas phase :         0.09851

 Compound: 2 Conformer: 6 (4-heptanol_c5)
 Chemical potential of the molecule in the mixture :         4.71240 kcal/mol
 Log10(partial pressure [mbar])                    :         3.08373
 Free energy of molecule in mix (E_COSMO+dE+Mu)    :   -220745.33962 kcal/mol
 Total mean interaction energy in the mix          :       -10.09087 kcal/mol
 Misfit interaction energy in the mix              :         2.39407 kcal/mol
 H-Bond interaction energy in the mix              :        -4.21140 kcal/mol
 VdW interaction energy in the mix                 :       -20.46053 kcal/mol
 Gas liquid transition energy in the mix (H_glt)   :        12.18698 kcal/mol
 Normalized weight factor of molecule in compound  :         0.07887
 Normalized weight factor of molecule in gas phase :         0.09761

 Compound: 3 Conformer: 1 (lacticacid_c0)
 Chemical potential of the molecule in the mixture :         5.53009 kcal/mol
 Log10(partial pressure [mbar])                    :        -1.46605
 Free energy of molecule in mix (E_COSMO+dE+Mu)    :   -215743.15005 kcal/mol
 Total mean interaction energy in the mix          :        -7.85246 kcal/mol
 Misfit interaction energy in the mix              :         1.81856 kcal/mol
 H-Bond interaction energy in the mix              :        -4.58870 kcal/mol
 VdW interaction energy in the mix                 :       -13.33416 kcal/mol
 Gas liquid transition energy in the mix (H_glt)   :         8.25184 kcal/mol
 Normalized weight factor of molecule in compound  :         0.03585
 Normalized weight factor of molecule in gas phase :         0.00476

 Compound: 3 Conformer: 2 (lacticacid_c1)
 Chemical potential of the molecule in the mixture :         5.68568 kcal/mol
 Log10(partial pressure [mbar])                    :        -0.93303
 Free energy of molecule in mix (E_COSMO+dE+Mu)    :   -215742.81297 kcal/mol
 Total mean interaction energy in the mix          :        -7.38615 kcal/mol
 Misfit interaction energy in the mix              :         1.94085 kcal/mol
 H-Bond interaction energy in the mix              :        -4.26614 kcal/mol
 VdW interaction energy in the mix                 :       -13.31271 kcal/mol
 Gas liquid transition energy in the mix (H_glt)   :         8.25184 kcal/mol
 Normalized weight factor of molecule in compound  :         0.02010
 Normalized weight factor of molecule in gas phase :         0.00936

 Compound: 3 Conformer: 3 (lacticacid_c2)
 Chemical potential of the molecule in the mixture :         3.83234 kcal/mol
 Log10(partial pressure [mbar])                    :        -0.20404
 Free energy of molecule in mix (E_COSMO+dE+Mu)    :   -215743.77412 kcal/mol
 Total mean interaction energy in the mix          :        -8.50748 kcal/mol
 Misfit interaction energy in the mix              :         1.86077 kcal/mol
 H-Bond interaction energy in the mix              :        -5.22123 kcal/mol
 VdW interaction energy in the mix                 :       -13.39886 kcal/mol
 Gas liquid transition energy in the mix (H_glt)   :         8.25184 kcal/mol
 Normalized weight factor of molecule in compound  :         0.10466
 Normalized weight factor of molecule in gas phase :         0.94961

 Compound: 3 Conformer: 4 (lacticacid_c3)
 Chemical potential of the molecule in the mixture :         2.02542 kcal/mol
 Log10(partial pressure [mbar])                    :        -2.65848
 Free energy of molecule in mix (E_COSMO+dE+Mu)    :   -215744.16001 kcal/mol
 Total mean interaction energy in the mix          :       -10.73419 kcal/mol
 Misfit interaction energy in the mix              :         1.78422 kcal/mol
 H-Bond interaction energy in the mix              :        -7.39885 kcal/mol
 VdW interaction energy in the mix                 :       -13.37141 kcal/mol
 Gas liquid transition energy in the mix (H_glt)   :         8.25184 kcal/mol
 Normalized weight factor of molecule in compound  :         0.20298
 Normalized weight factor of molecule in gas phase :         0.02089

 Compound: 3 Conformer: 5 (lacticacid_c4)
 Chemical potential of the molecule in the mixture :         1.45289 kcal/mol
 Log10(partial pressure [mbar])                    :        -4.75253
 Free energy of molecule in mix (E_COSMO+dE+Mu)    :   -215744.64594 kcal/mol
 Total mean interaction energy in the mix          :       -11.70652 kcal/mol
 Misfit interaction energy in the mix              :         1.76162 kcal/mol
 H-Bond interaction energy in the mix              :        -8.32870 kcal/mol
 VdW interaction energy in the mix                 :       -13.39128 kcal/mol
 Gas liquid transition energy in the mix (H_glt)   :         8.25184 kcal/mol
 Normalized weight factor of molecule in compound  :         0.46743
 Normalized weight factor of molecule in gas phase :         0.00039

 Compound: 3 Conformer: 6 (lacticacid_c5)
 Chemical potential of the molecule in the mixture :         1.98226 kcal/mol
 Log10(partial pressure [mbar])                    :        -2.72233
 Free energy of molecule in mix (E_COSMO+dE+Mu)    :   -215744.05321 kcal/mol
 Total mean interaction energy in the mix          :       -10.81507 kcal/mol
 Misfit interaction energy in the mix              :         1.75726 kcal/mol
 H-Bond interaction energy in the mix              :        -7.43110 kcal/mol
 VdW interaction energy in the mix                 :       -13.39307 kcal/mol
 Gas liquid transition energy in the mix (H_glt)   :         8.25184 kcal/mol
 Normalized weight factor of molecule in compound  :         0.16898
 Normalized weight factor of molecule in gas phase :         0.01500




 Results for mixture 6 - LIQ_EX Phase 2 Iteration    2
 ---------------------
 Temperature          :    293.150 K
 Compound Nr.         :         1         2         3
 Compound             :       h2o 4-heptano lacticaci
 Mole Fraction        :    0.1879    0.8117    0.0005

 Compound: 1  (h2o)
 Chemical potential of the compound in the mixture :         3.71311 kcal/mol
 Log10(partial pressure [mbar])                    :         1.61012
 Free energy of molecule in mix (E_COSMO+dE+Mu)    :    -47989.54017 kcal/mol
 Total mean interaction energy in the mix (H_int)  :        -5.40349 kcal/mol
 Misfit interaction energy in the mix (H_MF)       :         1.03002 kcal/mol
 H-Bond interaction energy in the mix (H_HB)       :        -4.72862 kcal/mol
 VdW interaction energy in the mix (H_vdW)         :        -4.63694 kcal/mol
 Gas liquid transition energy in the mix (H_glt)   :         2.93205 kcal/mol
 Equilibrium constant Kx(1,2)                      :         4.15674
 Equilibrium concentration x_k(1,2)                :         0.80608

 Compound: 2  (4-heptanol)
 Chemical potential of the compound in the mixture :        -0.46786 kcal/mol
 Log10(partial pressure [mbar])                    :        -0.07359
 Free energy of molecule in mix (E_COSMO+dE+Mu)    :   -220750.91459 kcal/mol
 Total mean interaction energy in the mix (H_int)  :        -9.82123 kcal/mol
 Misfit interaction energy in the mix (H_MF)       :         2.11555 kcal/mol
 H-Bond interaction energy in the mix (H_HB)       :        -2.73239 kcal/mol
 VdW interaction energy in the mix (H_vdW)         :       -21.50003 kcal/mol
 Gas liquid transition energy in the mix (H_glt)   :        12.18698 kcal/mol
 Equilibrium constant Kx(1,2)                      :  8.84908057E-04
 Equilibrium concentration x_k(1,2)                :         0.00088

 Compound: 3  (lacticacid)
 Chemical potential of the compound in the mixture :         3.58901 kcal/mol
 Log10(partial pressure [mbar])                    :        -1.67250
 Free energy of molecule in mix (E_COSMO+dE+Mu)    :   -215745.09113 kcal/mol
 Total mean interaction energy in the mix (H_int)  :        -6.17878 kcal/mol
 Misfit interaction energy in the mix (H_MF)       :         2.36538 kcal/mol
 H-Bond interaction energy in the mix (H_HB)       :        -4.23988 kcal/mol
 VdW interaction energy in the mix (H_vdW)         :       -14.09966 kcal/mol
 Gas liquid transition energy in the mix (H_glt)   :         8.25184 kcal/mol
 Equilibrium constant Kx(1,2)                      :         0.99630
 Equilibrium concentration x_k(1,2)                :         0.49907



 Compound: 1 Conformer: 1 (h2o_c0)
 Chemical potential of the molecule in the mixture :         3.71311 kcal/mol
 Log10(partial pressure [mbar])                    :         1.61012
 Free energy of molecule in mix (E_COSMO+dE+Mu)    :    -47989.54017 kcal/mol
 Total mean interaction energy in the mix          :        -5.40349 kcal/mol
 Misfit interaction energy in the mix              :         1.03002 kcal/mol
 H-Bond interaction energy in the mix              :        -4.72862 kcal/mol
 VdW interaction energy in the mix                 :        -4.63694 kcal/mol
 Gas liquid transition energy in the mix (H_glt)   :         2.93205 kcal/mol
 Normalized weight factor of molecule in compound  :         1.00000
 Normalized weight factor of molecule in gas phase :         1.00000

 Compound: 2 Conformer: 1 (4-heptanol_c0)
 Chemical potential of the molecule in the mixture :         0.55694 kcal/mol
 Log10(partial pressure [mbar])                    :         0.20227
 Free energy of molecule in mix (E_COSMO+dE+Mu)    :   -220749.88791 kcal/mol
 Total mean interaction energy in the mix          :        -9.65975 kcal/mol
 Misfit interaction energy in the mix              :         2.13780 kcal/mol
 H-Bond interaction energy in the mix              :        -2.37759 kcal/mol
 VdW interaction energy in the mix                 :       -21.60693 kcal/mol
 Gas liquid transition energy in the mix (H_glt)   :        12.18698 kcal/mol
 Normalized weight factor of molecule in compound  :         0.17163
 Normalized weight factor of molecule in gas phase :         0.27961

 Compound: 2 Conformer: 2 (4-heptanol_c1)
 Chemical potential of the molecule in the mixture :         0.49208 kcal/mol
 Log10(partial pressure [mbar])                    :         0.05851
 Free energy of molecule in mix (E_COSMO+dE+Mu)    :   -220749.95466 kcal/mol
 Total mean interaction energy in the mix          :        -9.51722 kcal/mol
 Misfit interaction energy in the mix              :         2.12626 kcal/mol
 H-Bond interaction energy in the mix              :        -2.21949 kcal/mol
 VdW interaction energy in the mix                 :       -21.61097 kcal/mol
 Gas liquid transition energy in the mix (H_glt)   :        12.18698 kcal/mol
 Normalized weight factor of molecule in compound  :         0.19247
 Normalized weight factor of molecule in gas phase :         0.25287

 Compound: 2 Conformer: 3 (4-heptanol_c2)
 Chemical potential of the molecule in the mixture :         0.12954 kcal/mol
 Log10(partial pressure [mbar])                    :        -0.34669
 Free energy of molecule in mix (E_COSMO+dE+Mu)    :   -220750.19131 kcal/mol
 Total mean interaction energy in the mix          :       -10.30793 kcal/mol
 Misfit interaction energy in the mix              :         2.08280 kcal/mol
 H-Bond interaction energy in the mix              :        -2.97364 kcal/mol
 VdW interaction energy in the mix                 :       -21.60407 kcal/mol
 Gas liquid transition energy in the mix (H_glt)   :        12.18698 kcal/mol
 Normalized weight factor of molecule in compound  :         0.28892
 Normalized weight factor of molecule in gas phase :         0.14478

 Compound: 2 Conformer: 4 (4-heptanol_c3)
 Chemical potential of the molecule in the mixture :         0.64845 kcal/mol
 Log10(partial pressure [mbar])                    :        -0.01776
 Free energy of molecule in mix (E_COSMO+dE+Mu)    :   -220749.75880 kcal/mol
 Total mean interaction energy in the mix          :       -10.01953 kcal/mol
 Misfit interaction energy in the mix              :         2.20701 kcal/mol
 H-Bond interaction energy in the mix              :        -2.88787 kcal/mol
 VdW interaction energy in the mix                 :       -21.52564 kcal/mol
 Gas liquid transition energy in the mix (H_glt)   :        12.18698 kcal/mol
 Normalized weight factor of molecule in compound  :         0.13751
 Normalized weight factor of molecule in gas phase :         0.12662

 Compound: 2 Conformer: 5 (4-heptanol_c4)
 Chemical potential of the molecule in the mixture :         0.55910 kcal/mol
 Log10(partial pressure [mbar])                    :        -0.11700
 Free energy of molecule in mix (E_COSMO+dE+Mu)    :   -220749.63745 kcal/mol
 Total mean interaction energy in the mix          :        -9.98718 kcal/mol
 Misfit interaction energy in the mix              :         2.07956 kcal/mol
 H-Bond interaction energy in the mix              :        -3.12489 kcal/mol
 VdW interaction energy in the mix                 :       -21.12883 kcal/mol
 Gas liquid transition energy in the mix (H_glt)   :        12.18698 kcal/mol
 Normalized weight factor of molecule in compound  :         0.11166
 Normalized weight factor of molecule in gas phase :         0.09851

 Compound: 2 Conformer: 6 (4-heptanol_c5)
 Chemical potential of the molecule in the mixture :         0.49171 kcal/mol
 Log10(partial pressure [mbar])                    :        -0.06282
 Free energy of molecule in mix (E_COSMO+dE+Mu)    :   -220749.56031 kcal/mol
 Total mean interaction energy in the mix          :        -9.90791 kcal/mol
 Misfit interaction energy in the mix              :         2.06462 kcal/mol
 H-Bond interaction energy in the mix              :        -2.98503 kcal/mol
 VdW interaction energy in the mix                 :       -21.17448 kcal/mol
 Gas liquid transition energy in the mix (H_glt)   :        12.18698 kcal/mol
 Normalized weight factor of molecule in compound  :         0.09781
 Normalized weight factor of molecule in gas phase :         0.09761

 Compound: 3 Conformer: 1 (lacticacid_c0)
 Chemical potential of the molecule in the mixture :         5.25572 kcal/mol
 Log10(partial pressure [mbar])                    :        -1.67060
 Free energy of molecule in mix (E_COSMO+dE+Mu)    :   -215743.42442 kcal/mol
 Total mean interaction energy in the mix          :        -6.11887 kcal/mol
 Misfit interaction energy in the mix              :         2.82076 kcal/mol
 H-Bond interaction energy in the mix              :        -3.12877 kcal/mol
 VdW interaction energy in the mix                 :       -14.06270 kcal/mol
 Gas liquid transition energy in the mix (H_glt)   :         8.25184 kcal/mol
 Normalized weight factor of molecule in compound  :         0.05721
 Normalized weight factor of molecule in gas phase :         0.00476

 Compound: 3 Conformer: 2 (lacticacid_c1)
 Chemical potential of the molecule in the mixture :         5.70487 kcal/mol
 Log10(partial pressure [mbar])                    :        -0.91873
 Free energy of molecule in mix (E_COSMO+dE+Mu)    :   -215742.79378 kcal/mol
 Total mean interaction energy in the mix          :        -5.64027 kcal/mol
 Misfit interaction energy in the mix              :         2.86055 kcal/mol
 H-Bond interaction energy in the mix              :        -2.72458 kcal/mol
 VdW interaction energy in the mix                 :       -14.02808 kcal/mol
 Gas liquid transition energy in the mix (H_glt)   :         8.25184 kcal/mol
 Normalized weight factor of molecule in compound  :         0.01938
 Normalized weight factor of molecule in gas phase :         0.00936

 Compound: 3 Conformer: 3 (lacticacid_c2)
 Chemical potential of the molecule in the mixture :         2.85634 kcal/mol
 Log10(partial pressure [mbar])                    :        -0.93165
 Free energy of molecule in mix (E_COSMO+dE+Mu)    :   -215744.75012 kcal/mol
 Total mean interaction energy in the mix          :        -7.31352 kcal/mol
 Misfit interaction energy in the mix              :         2.22872 kcal/mol
 H-Bond interaction energy in the mix              :        -3.69233 kcal/mol
 VdW interaction energy in the mix                 :       -14.10175 kcal/mol
 Gas liquid transition energy in the mix (H_glt)   :         8.25184 kcal/mol
 Normalized weight factor of molecule in compound  :         0.55690
 Normalized weight factor of molecule in gas phase :         0.94961

 Compound: 3 Conformer: 4 (lacticacid_c3)
 Chemical potential of the molecule in the mixture :         2.23975 kcal/mol
 Log10(partial pressure [mbar])                    :        -2.49870
 Free energy of molecule in mix (E_COSMO+dE+Mu)    :   -215743.94568 kcal/mol
 Total mean interaction energy in the mix          :        -8.51902 kcal/mol
 Misfit interaction energy in the mix              :         2.40774 kcal/mol
 H-Bond interaction energy in the mix              :        -5.09479 kcal/mol
 VdW interaction energy in the mix                 :       -14.08380 kcal/mol
 Gas liquid transition energy in the mix (H_glt)   :         8.25184 kcal/mol
 Normalized weight factor of molecule in compound  :         0.13998
 Normalized weight factor of molecule in gas phase :         0.02089

 Compound: 3 Conformer: 5 (lacticacid_c4)
 Chemical potential of the molecule in the mixture :         2.35803 kcal/mol
 Log10(partial pressure [mbar])                    :        -4.07774
 Free energy of molecule in mix (E_COSMO+dE+Mu)    :   -215743.74080 kcal/mol
 Total mean interaction energy in the mix          :        -8.98863 kcal/mol
 Misfit interaction energy in the mix              :         2.69926 kcal/mol
 H-Bond interaction energy in the mix              :        -5.81106 kcal/mol
 VdW interaction energy in the mix                 :       -14.12868 kcal/mol
 Gas liquid transition energy in the mix (H_glt)   :         8.25184 kcal/mol
 Normalized weight factor of molecule in compound  :         0.09847
 Normalized weight factor of molecule in gas phase :         0.00039

 Compound: 3 Conformer: 6 (lacticacid_c5)
 Chemical potential of the molecule in the mixture :         2.14159 kcal/mol
 Log10(partial pressure [mbar])                    :        -2.60355
 Free energy of molecule in mix (E_COSMO+dE+Mu)    :   -215743.89387 kcal/mol
 Total mean interaction energy in the mix          :        -8.68679 kcal/mol
 Misfit interaction energy in the mix              :         2.37831 kcal/mol
 H-Bond interaction energy in the mix              :        -5.20399 kcal/mol
 VdW interaction energy in the mix                 :       -14.11295 kcal/mol
 Gas liquid transition energy in the mix (H_glt)   :         8.25184 kcal/mol
 Normalized weight factor of molecule in compound  :         0.12807
 Normalized weight factor of molecule in gas phase :         0.01500




 Results for mixture 7 - LIQ_EX Phase 1 Iteration    3
 ---------------------
 Temperature          :    293.150 K
 Compound Nr.         :         1         2         3
 Compound             :       h2o 4-heptano lacticaci
 Mole Fraction        :    0.9987    0.0008    0.0006

 Compound: 1  (h2o)
 Chemical potential of the compound in the mixture :         2.88313 kcal/mol
 Log10(partial pressure [mbar])                    :         0.99137
 Free energy of molecule in mix (E_COSMO+dE+Mu)    :    -47990.37015 kcal/mol
 Total mean interaction energy in the mix (H_int)  :        -5.85991 kcal/mol
 Misfit interaction energy in the mix (H_MF)       :         0.54827 kcal/mol
 H-Bond interaction energy in the mix (H_HB)       :        -4.97461 kcal/mol
 VdW interaction energy in the mix (H_vdW)         :        -4.36562 kcal/mol
 Gas liquid transition energy in the mix (H_glt)   :         2.93205 kcal/mol

 Compound: 2  (4-heptanol)
 Chemical potential of the compound in the mixture :         3.63152 kcal/mol
 Log10(partial pressure [mbar])                    :         2.98252
 Free energy of molecule in mix (E_COSMO+dE+Mu)    :   -220746.81522 kcal/mol
 Total mean interaction energy in the mix (H_int)  :       -10.25880 kcal/mol
 Misfit interaction energy in the mix (H_MF)       :         2.44070 kcal/mol
 H-Bond interaction energy in the mix (H_HB)       :        -4.22852 kcal/mol
 VdW interaction energy in the mix (H_vdW)         :       -20.76140 kcal/mol
 Gas liquid transition energy in the mix (H_glt)   :        12.18698 kcal/mol

 Compound: 3  (lacticacid)
 Chemical potential of the compound in the mixture :         3.59223 kcal/mol
 Log10(partial pressure [mbar])                    :        -1.67010
 Free energy of molecule in mix (E_COSMO+dE+Mu)    :   -215745.08791 kcal/mol
 Total mean interaction energy in the mix (H_int)  :        -8.52335 kcal/mol
 Misfit interaction energy in the mix (H_MF)       :         1.78113 kcal/mol
 H-Bond interaction energy in the mix (H_HB)       :        -7.44814 kcal/mol
 VdW interaction energy in the mix (H_vdW)         :       -13.38422 kcal/mol
 Gas liquid transition energy in the mix (H_glt)   :         8.25184 kcal/mol



 Compound: 1 Conformer: 1 (h2o_c0)
 Chemical potential of the molecule in the mixture :         2.88313 kcal/mol
 Log10(partial pressure [mbar])                    :         0.99137
 Free energy of molecule in mix (E_COSMO+dE+Mu)    :    -47990.37015 kcal/mol
 Total mean interaction energy in the mix          :        -5.85991 kcal/mol
 Misfit interaction energy in the mix              :         0.54827 kcal/mol
 H-Bond interaction energy in the mix              :        -4.97461 kcal/mol
 VdW interaction energy in the mix                 :        -4.36562 kcal/mol
 Gas liquid transition energy in the mix (H_glt)   :         2.93205 kcal/mol
 Normalized weight factor of molecule in compound  :         1.00000
 Normalized weight factor of molecule in gas phase :         1.00000

 Compound: 2 Conformer: 1 (4-heptanol_c0)
 Chemical potential of the molecule in the mixture :         4.70861 kcal/mol
 Log10(partial pressure [mbar])                    :         3.29737
 Free energy of molecule in mix (E_COSMO+dE+Mu)    :   -220745.73624 kcal/mol
 Total mean interaction energy in the mix          :       -10.19090 kcal/mol
 Misfit interaction energy in the mix              :         2.46575 kcal/mol
 H-Bond interaction energy in the mix              :        -3.95654 kcal/mol
 VdW interaction energy in the mix                 :       -20.88709 kcal/mol
 Gas liquid transition energy in the mix (H_glt)   :        12.18698 kcal/mol
 Normalized weight factor of molecule in compound  :         0.15690
 Normalized weight factor of molecule in gas phase :         0.27961

 Compound: 2 Conformer: 2 (4-heptanol_c1)
 Chemical potential of the molecule in the mixture :         4.84612 kcal/mol
 Log10(partial pressure [mbar])                    :         3.30447
 Free energy of molecule in mix (E_COSMO+dE+Mu)    :   -220745.60062 kcal/mol
 Total mean interaction energy in the mix          :       -10.22637 kcal/mol
 Misfit interaction energy in the mix              :         2.43790 kcal/mol
 H-Bond interaction energy in the mix              :        -3.95341 kcal/mol
 VdW interaction energy in the mix                 :       -20.89784 kcal/mol
 Gas liquid transition energy in the mix (H_glt)   :        12.18698 kcal/mol
 Normalized weight factor of molecule in compound  :         0.12431
 Normalized weight factor of molecule in gas phase :         0.25287

 Compound: 2 Conformer: 3 (4-heptanol_c2)
 Chemical potential of the molecule in the mixture :         4.42018 kcal/mol
 Log10(partial pressure [mbar])                    :         2.85201
 Free energy of molecule in mix (E_COSMO+dE+Mu)    :   -220745.90067 kcal/mol
 Total mean interaction energy in the mix          :       -10.45099 kcal/mol
 Misfit interaction energy in the mix              :         2.45991 kcal/mol
 H-Bond interaction energy in the mix              :        -4.22035 kcal/mol
 VdW interaction energy in the mix                 :       -20.87753 kcal/mol
 Gas liquid transition energy in the mix (H_glt)   :        12.18698 kcal/mol
 Normalized weight factor of molecule in compound  :         0.20806
 Normalized weight factor of molecule in gas phase :         0.14478

 Compound: 2 Conformer: 4 (4-heptanol_c3)
 Chemical potential of the molecule in the mixture :         4.30258 kcal/mol
 Log10(partial pressure [mbar])                    :         2.70642
 Free energy of molecule in mix (E_COSMO+dE+Mu)    :   -220746.10467 kcal/mol
 Total mean interaction energy in the mix          :       -10.55314 kcal/mol
 Misfit interaction energy in the mix              :         2.45631 kcal/mol
 H-Bond interaction energy in the mix              :        -4.40044 kcal/mol
 VdW interaction energy in the mix                 :       -20.79599 kcal/mol
 Gas liquid transition energy in the mix (H_glt)   :        12.18698 kcal/mol
 Normalized weight factor of molecule in compound  :         0.29531
 Normalized weight factor of molecule in gas phase :         0.12662

 Compound: 2 Conformer: 5 (4-heptanol_c4)
 Chemical potential of the molecule in the mixture :         4.54125 kcal/mol
 Log10(partial pressure [mbar])                    :         2.85172
 Free energy of molecule in mix (E_COSMO+dE+Mu)    :   -220745.65531 kcal/mol
 Total mean interaction energy in the mix          :       -10.29169 kcal/mol
 Misfit interaction energy in the mix              :         2.37845 kcal/mol
 H-Bond interaction energy in the mix              :        -4.44191 kcal/mol
 VdW interaction energy in the mix                 :       -20.41521 kcal/mol
 Gas liquid transition energy in the mix (H_glt)   :        12.18698 kcal/mol
 Normalized weight factor of molecule in compound  :         0.13654
 Normalized weight factor of molecule in gas phase :         0.09851

 Compound: 2 Conformer: 6 (4-heptanol_c5)
 Chemical potential of the molecule in the mixture :         4.71638 kcal/mol
 Log10(partial pressure [mbar])                    :         3.08670
 Free energy of molecule in mix (E_COSMO+dE+Mu)    :   -220745.33564 kcal/mol
 Total mean interaction energy in the mix          :       -10.09061 kcal/mol
 Misfit interaction energy in the mix              :         2.39388 kcal/mol
 H-Bond interaction energy in the mix              :        -4.21158 kcal/mol
 VdW interaction energy in the mix                 :       -20.45989 kcal/mol
 Gas liquid transition energy in the mix (H_glt)   :        12.18698 kcal/mol
 Normalized weight factor of molecule in compound  :         0.07888
 Normalized weight factor of molecule in gas phase :         0.09761

 Compound: 3 Conformer: 1 (lacticacid_c0)
 Chemical potential of the molecule in the mixture :         5.53128 kcal/mol
 Log10(partial pressure [mbar])                    :        -1.46516
 Free energy of molecule in mix (E_COSMO+dE+Mu)    :   -215743.14886 kcal/mol
 Total mean interaction energy in the mix          :        -7.85279 kcal/mol
 Misfit interaction energy in the mix              :         1.81812 kcal/mol
 H-Bond interaction energy in the mix              :        -4.58910 kcal/mol
 VdW interaction energy in the mix                 :       -13.33365 kcal/mol
 Gas liquid transition energy in the mix (H_glt)   :         8.25184 kcal/mol
 Normalized weight factor of molecule in compound  :         0.03584
 Normalized weight factor of molecule in gas phase :         0.00476

 Compound: 3 Conformer: 2 (lacticacid_c1)
 Chemical potential of the molecule in the mixture :         5.68686 kcal/mol
 Log10(partial pressure [mbar])                    :        -0.93216
 Free energy of molecule in mix (E_COSMO+dE+Mu)    :   -215742.81179 kcal/mol
 Total mean interaction energy in the mix          :        -7.38640 kcal/mol
 Misfit interaction energy in the mix              :         1.94051 kcal/mol
 H-Bond interaction energy in the mix              :        -4.26658 kcal/mol
 VdW interaction energy in the mix                 :       -13.31219 kcal/mol
 Gas liquid transition energy in the mix (H_glt)   :         8.25184 kcal/mol
 Normalized weight factor of molecule in compound  :         0.02010
 Normalized weight factor of molecule in gas phase :         0.00936

 Compound: 3 Conformer: 3 (lacticacid_c2)
 Chemical potential of the molecule in the mixture :         3.83390 kcal/mol
 Log10(partial pressure [mbar])                    :        -0.20288
 Free energy of molecule in mix (E_COSMO+dE+Mu)    :   -215743.77256 kcal/mol
 Total mean interaction energy in the mix          :        -8.50759 kcal/mol
 Misfit interaction energy in the mix              :         1.86052 kcal/mol
 H-Bond interaction energy in the mix              :        -5.22161 kcal/mol
 VdW interaction energy in the mix                 :       -13.39833 kcal/mol
 Gas liquid transition energy in the mix (H_glt)   :         8.25184 kcal/mol
 Normalized weight factor of molecule in compound  :         0.10457
 Normalized weight factor of molecule in gas phase :         0.94961

 Compound: 3 Conformer: 4 (lacticacid_c3)
 Chemical potential of the molecule in the mixture :         2.02651 kcal/mol
 Log10(partial pressure [mbar])                    :        -2.65767
 Free energy of molecule in mix (E_COSMO+dE+Mu)    :   -215744.15892 kcal/mol
 Total mean interaction energy in the mix          :       -10.73456 kcal/mol
 Misfit interaction energy in the mix              :         1.78390 kcal/mol
 H-Bond interaction energy in the mix              :        -7.39939 kcal/mol
 VdW interaction energy in the mix                 :       -13.37092 kcal/mol
 Gas liquid transition energy in the mix (H_glt)   :         8.25184 kcal/mol
 Normalized weight factor of molecule in compound  :         0.20297
 Normalized weight factor of molecule in gas phase :         0.02089

 Compound: 3 Conformer: 5 (lacticacid_c4)
 Chemical potential of the molecule in the mixture :         1.45379 kcal/mol
 Log10(partial pressure [mbar])                    :        -4.75186
 Free energy of molecule in mix (E_COSMO+dE+Mu)    :   -215744.64503 kcal/mol
 Total mean interaction energy in the mix          :       -11.70688 kcal/mol
 Misfit interaction energy in the mix              :         1.76124 kcal/mol
 H-Bond interaction energy in the mix              :        -8.32917 kcal/mol
 VdW interaction energy in the mix                 :       -13.39079 kcal/mol
 Gas liquid transition energy in the mix (H_glt)   :         8.25184 kcal/mol
 Normalized weight factor of molecule in compound  :         0.46755
 Normalized weight factor of molecule in gas phase :         0.00039

 Compound: 3 Conformer: 6 (lacticacid_c5)
 Chemical potential of the molecule in the mixture :         1.98336 kcal/mol
 Log10(partial pressure [mbar])                    :        -2.72151
 Free energy of molecule in mix (E_COSMO+dE+Mu)    :   -215744.05211 kcal/mol
 Total mean interaction energy in the mix          :       -10.81546 kcal/mol
 Misfit interaction energy in the mix              :         1.75693 kcal/mol
 H-Bond interaction energy in the mix              :        -7.43165 kcal/mol
 VdW interaction energy in the mix                 :       -13.39258 kcal/mol
 Gas liquid transition energy in the mix (H_glt)   :         8.25184 kcal/mol
 Normalized weight factor of molecule in compound  :         0.16897
 Normalized weight factor of molecule in gas phase :         0.01500




 Results for mixture 8 - LIQ_EX Phase 2 Iteration    3
 ---------------------
 Temperature          :    293.150 K
 Compound Nr.         :         1         2         3
 Compound             :       h2o 4-heptano lacticaci
 Mole Fraction        :    0.2207    0.7788    0.0005

 Compound: 1  (h2o)
 Chemical potential of the compound in the mixture :         3.68761 kcal/mol
 Log10(partial pressure [mbar])                    :         1.59111
 Free energy of molecule in mix (E_COSMO+dE+Mu)    :    -47989.56566 kcal/mol
 Total mean interaction energy in the mix (H_int)  :        -5.45164 kcal/mol
 Misfit interaction energy in the mix (H_MF)       :         0.98641 kcal/mol
 H-Bond interaction energy in the mix (H_HB)       :        -4.73975 kcal/mol
 VdW interaction energy in the mix (H_vdW)         :        -4.63035 kcal/mol
 Gas liquid transition energy in the mix (H_glt)   :         2.93205 kcal/mol
 Equilibrium constant Kx(1,2)                      :         3.97876
 Equilibrium concentration x_k(1,2)                :         0.79915

 Compound: 2  (4-heptanol)
 Chemical potential of the compound in the mixture :        -0.46112 kcal/mol
 Log10(partial pressure [mbar])                    :        -0.06856
 Free energy of molecule in mix (E_COSMO+dE+Mu)    :   -220750.90786 kcal/mol
 Total mean interaction energy in the mix (H_int)  :        -9.85270 kcal/mol
 Misfit interaction energy in the mix (H_MF)       :         2.13153 kcal/mol
 H-Bond interaction energy in the mix (H_HB)       :        -2.79054 kcal/mol
 VdW interaction energy in the mix (H_vdW)         :       -21.48859 kcal/mol
 Gas liquid transition energy in the mix (H_glt)   :        12.18698 kcal/mol
 Equilibrium constant Kx(1,2)                      :  8.89018349E-04
 Equilibrium concentration x_k(1,2)                :         0.00089

 Compound: 3  (lacticacid)
 Chemical potential of the compound in the mixture :         3.55005 kcal/mol
 Log10(partial pressure [mbar])                    :        -1.70155
 Free energy of molecule in mix (E_COSMO+dE+Mu)    :   -215745.13009 kcal/mol
 Total mean interaction energy in the mix (H_int)  :        -6.26359 kcal/mol
 Misfit interaction energy in the mix (H_MF)       :         2.32415 kcal/mol
 H-Bond interaction energy in the mix (H_HB)       :        -4.31740 kcal/mol
 VdW interaction energy in the mix (H_vdW)         :       -14.08744 kcal/mol
 Gas liquid transition energy in the mix (H_glt)   :         8.25184 kcal/mol
 Equilibrium constant Kx(1,2)                      :         0.93015
 Equilibrium concentration x_k(1,2)                :         0.48191



 Compound: 1 Conformer: 1 (h2o_c0)
 Chemical potential of the molecule in the mixture :         3.68761 kcal/mol
 Log10(partial pressure [mbar])                    :         1.59111
 Free energy of molecule in mix (E_COSMO+dE+Mu)    :    -47989.56566 kcal/mol
 Total mean interaction energy in the mix          :        -5.45164 kcal/mol
 Misfit interaction energy in the mix              :         0.98641 kcal/mol
 H-Bond interaction energy in the mix              :        -4.73975 kcal/mol
 VdW interaction energy in the mix                 :        -4.63035 kcal/mol
 Gas liquid transition energy in the mix (H_glt)   :         2.93205 kcal/mol
 Normalized weight factor of molecule in compound  :         1.00000
 Normalized weight factor of molecule in gas phase :         1.00000

 Compound: 2 Conformer: 1 (4-heptanol_c0)
 Chemical potential of the molecule in the mixture :         0.56020 kcal/mol
 Log10(partial pressure [mbar])                    :         0.20470
 Free energy of molecule in mix (E_COSMO+dE+Mu)    :   -220749.88465 kcal/mol
 Total mean interaction energy in the mix          :        -9.68974 kcal/mol
 Misfit interaction energy in the mix              :         2.15458 kcal/mol
 H-Bond interaction energy in the mix              :        -2.43609 kcal/mol
 VdW interaction energy in the mix                 :       -21.59520 kcal/mol
 Gas liquid transition energy in the mix (H_glt)   :        12.18698 kcal/mol
 Normalized weight factor of molecule in compound  :         0.17266
 Normalized weight factor of molecule in gas phase :         0.27961

 Compound: 2 Conformer: 2 (4-heptanol_c1)
 Chemical potential of the molecule in the mixture :         0.50429 kcal/mol
 Log10(partial pressure [mbar])                    :         0.06761
 Free energy of molecule in mix (E_COSMO+dE+Mu)    :   -220749.94245 kcal/mol
 Total mean interaction energy in the mix          :        -9.56144 kcal/mol
 Misfit interaction energy in the mix              :         2.13655 kcal/mol
 H-Bond interaction energy in the mix              :        -2.28487 kcal/mol
 VdW interaction energy in the mix                 :       -21.60011 kcal/mol
 Gas liquid transition energy in the mix (H_glt)   :        12.18698 kcal/mol
 Normalized weight factor of molecule in compound  :         0.19067
 Normalized weight factor of molecule in gas phase :         0.25287

 Compound: 2 Conformer: 3 (4-heptanol_c2)
 Chemical potential of the molecule in the mixture :         0.14275 kcal/mol
 Log10(partial pressure [mbar])                    :        -0.33684
 Free energy of molecule in mix (E_COSMO+dE+Mu)    :   -220750.17809 kcal/mol
 Total mean interaction energy in the mix          :       -10.32421 kcal/mol
 Misfit interaction energy in the mix              :         2.09903 kcal/mol
 H-Bond interaction energy in the mix              :        -3.01765 kcal/mol
 VdW interaction energy in the mix                 :       -21.59257 kcal/mol
 Gas liquid transition energy in the mix (H_glt)   :        12.18698 kcal/mol
 Normalized weight factor of molecule in compound  :         0.28573
 Normalized weight factor of molecule in gas phase :         0.14478

 Compound: 2 Conformer: 4 (4-heptanol_c3)
 Chemical potential of the molecule in the mixture :         0.63307 kcal/mol
 Log10(partial pressure [mbar])                    :        -0.02923
 Free energy of molecule in mix (E_COSMO+dE+Mu)    :   -220749.77418 kcal/mol
 Total mean interaction energy in the mix          :       -10.07161 kcal/mol
 Misfit interaction energy in the mix              :         2.22530 kcal/mol
 H-Bond interaction energy in the mix              :        -2.97116 kcal/mol
 VdW interaction energy in the mix                 :       -21.51273 kcal/mol
 Gas liquid transition energy in the mix (H_glt)   :        12.18698 kcal/mol
 Normalized weight factor of molecule in compound  :         0.14284
 Normalized weight factor of molecule in gas phase :         0.12662

 Compound: 2 Conformer: 5 (4-heptanol_c4)
 Chemical potential of the molecule in the mixture :         0.56489 kcal/mol
 Log10(partial pressure [mbar])                    :        -0.11269
 Free energy of molecule in mix (E_COSMO+dE+Mu)    :   -220749.63166 kcal/mol
 Total mean interaction energy in the mix          :       -10.02196 kcal/mol
 Misfit interaction energy in the mix              :         2.09364 kcal/mol
 H-Bond interaction energy in the mix              :        -3.18533 kcal/mol
 VdW interaction energy in the mix                 :       -21.11724 kcal/mol
 Gas liquid transition energy in the mix (H_glt)   :        12.18698 kcal/mol
 Normalized weight factor of molecule in compound  :         0.11184
 Normalized weight factor of molecule in gas phase :         0.09851

 Compound: 2 Conformer: 6 (4-heptanol_c5)
 Chemical potential of the molecule in the mixture :         0.50771 kcal/mol
 Log10(partial pressure [mbar])                    :        -0.05090
 Free energy of molecule in mix (E_COSMO+dE+Mu)    :   -220749.54432 kcal/mol
 Total mean interaction energy in the mix          :        -9.92193 kcal/mol
 Misfit interaction energy in the mix              :         2.08155 kcal/mol
 H-Bond interaction energy in the mix              :        -3.02705 kcal/mol
 VdW interaction energy in the mix                 :       -21.16341 kcal/mol
 Gas liquid transition energy in the mix (H_glt)   :        12.18698 kcal/mol
 Normalized weight factor of molecule in compound  :         0.09627
 Normalized weight factor of molecule in gas phase :         0.09761

 Compound: 3 Conformer: 1 (lacticacid_c0)
 Chemical potential of the molecule in the mixture :         5.21374 kcal/mol
 Log10(partial pressure [mbar])                    :        -1.70189
 Free energy of molecule in mix (E_COSMO+dE+Mu)    :   -215743.46640 kcal/mol
 Total mean interaction energy in the mix          :        -6.20689 kcal/mol
 Misfit interaction energy in the mix              :         2.75499 kcal/mol
 H-Bond interaction energy in the mix              :        -3.16240 kcal/mol
 VdW interaction energy in the mix                 :       -14.05131 kcal/mol
 Gas liquid transition energy in the mix (H_glt)   :         8.25184 kcal/mol
 Normalized weight factor of molecule in compound  :         0.05751
 Normalized weight factor of molecule in gas phase :         0.00476

 Compound: 3 Conformer: 2 (lacticacid_c1)
 Chemical potential of the molecule in the mixture :         5.65023 kcal/mol
 Log10(partial pressure [mbar])                    :        -0.95946
 Free energy of molecule in mix (E_COSMO+dE+Mu)    :   -215742.84842 kcal/mol
 Total mean interaction energy in the mix          :        -5.71714 kcal/mol
 Misfit interaction energy in the mix              :         2.80581 kcal/mol
 H-Bond interaction energy in the mix              :        -2.75895 kcal/mol
 VdW interaction energy in the mix                 :       -14.01585 kcal/mol
 Gas liquid transition energy in the mix (H_glt)   :         8.25184 kcal/mol
 Normalized weight factor of molecule in compound  :         0.01991
 Normalized weight factor of molecule in gas phase :         0.00936

 Compound: 3 Conformer: 3 (lacticacid_c2)
 Chemical potential of the molecule in the mixture :         2.83425 kcal/mol
 Log10(partial pressure [mbar])                    :        -0.94813
 Free energy of molecule in mix (E_COSMO+dE+Mu)    :   -215744.77222 kcal/mol
 Total mean interaction energy in the mix          :        -7.37993 kcal/mol
 Misfit interaction energy in the mix              :         2.19382 kcal/mol
 H-Bond interaction energy in the mix              :        -3.73499 kcal/mol
 VdW interaction energy in the mix                 :       -14.09060 kcal/mol
 Gas liquid transition energy in the mix (H_glt)   :         8.25184 kcal/mol
 Normalized weight factor of molecule in compound  :         0.54100
 Normalized weight factor of molecule in gas phase :         0.94961

 Compound: 3 Conformer: 4 (lacticacid_c3)
 Chemical potential of the molecule in the mixture :         2.17904 kcal/mol
 Log10(partial pressure [mbar])                    :        -2.54396
 Free energy of molecule in mix (E_COSMO+dE+Mu)    :   -215744.00639 kcal/mol
 Total mean interaction energy in the mix          :        -8.62500 kcal/mol
 Misfit interaction energy in the mix              :         2.35206 kcal/mol
 H-Bond interaction energy in the mix              :        -5.15882 kcal/mol
 VdW interaction energy in the mix                 :       -14.07008 kcal/mol
 Gas liquid transition energy in the mix (H_glt)   :         8.25184 kcal/mol
 Normalized weight factor of molecule in compound  :         0.14530
 Normalized weight factor of molecule in gas phase :         0.02089

 Compound: 3 Conformer: 5 (lacticacid_c4)
 Chemical potential of the molecule in the mixture :         2.28533 kcal/mol
 Log10(partial pressure [mbar])                    :        -4.13194
 Free energy of molecule in mix (E_COSMO+dE+Mu)    :   -215743.81349 kcal/mol
 Total mean interaction energy in the mix          :        -9.13180 kcal/mol
 Misfit interaction energy in the mix              :         2.63555 kcal/mol
 H-Bond interaction energy in the mix              :        -5.90519 kcal/mol
 VdW interaction energy in the mix                 :       -14.11400 kcal/mol
 Gas liquid transition energy in the mix (H_glt)   :         8.25184 kcal/mol
 Normalized weight factor of molecule in compound  :         0.10434
 Normalized weight factor of molecule in gas phase :         0.00039

 Compound: 3 Conformer: 6 (lacticacid_c5)
 Chemical potential of the molecule in the mixture :         2.08528 kcal/mol
 Log10(partial pressure [mbar])                    :        -2.64553
 Free energy of molecule in mix (E_COSMO+dE+Mu)    :   -215743.95019 kcal/mol
 Total mean interaction energy in the mix          :        -8.78782 kcal/mol
 Misfit interaction energy in the mix              :         2.32113 kcal/mol
 H-Bond interaction energy in the mix              :        -5.26168 kcal/mol
 VdW interaction energy in the mix                 :       -14.09911 kcal/mol
 Gas liquid transition energy in the mix (H_glt)   :         8.25184 kcal/mol
 Normalized weight factor of molecule in compound  :         0.13194
 Normalized weight factor of molecule in gas phase :         0.01500




 Results for mixture 9 - LIQ_EX Phase 1 Iteration    4
 ---------------------
 Temperature          :    293.150 K
 Compound Nr.         :         1         2         3
 Compound             :       h2o 4-heptano lacticaci
 Mole Fraction        :    0.9988    0.0007    0.0005

 Compound: 1  (h2o)
 Chemical potential of the compound in the mixture :         2.88312 kcal/mol
 Log10(partial pressure [mbar])                    :         0.99136
 Free energy of molecule in mix (E_COSMO+dE+Mu)    :    -47990.37015 kcal/mol
 Total mean interaction energy in the mix (H_int)  :        -5.85981 kcal/mol
 Misfit interaction energy in the mix (H_MF)       :         0.54830 kcal/mol
 H-Bond interaction energy in the mix (H_HB)       :        -4.97461 kcal/mol
 VdW interaction energy in the mix (H_vdW)         :        -4.36555 kcal/mol
 Gas liquid transition energy in the mix (H_glt)   :         2.93205 kcal/mol

 Compound: 2  (4-heptanol)
 Chemical potential of the compound in the mixture :         3.63355 kcal/mol
 Log10(partial pressure [mbar])                    :         2.98404
 Free energy of molecule in mix (E_COSMO+dE+Mu)    :   -220746.81319 kcal/mol
 Total mean interaction energy in the mix (H_int)  :       -10.25865 kcal/mol
 Misfit interaction energy in the mix (H_MF)       :         2.44060 kcal/mol
 H-Bond interaction energy in the mix (H_HB)       :        -4.22862 kcal/mol
 VdW interaction energy in the mix (H_vdW)         :       -20.76107 kcal/mol
 Gas liquid transition energy in the mix (H_glt)   :        12.18698 kcal/mol

 Compound: 3  (lacticacid)
 Chemical potential of the compound in the mixture :         3.59276 kcal/mol
 Log10(partial pressure [mbar])                    :        -1.66971
 Free energy of molecule in mix (E_COSMO+dE+Mu)    :   -215745.08738 kcal/mol
 Total mean interaction energy in the mix (H_int)  :        -8.52362 kcal/mol
 Misfit interaction energy in the mix (H_MF)       :         1.78095 kcal/mol
 H-Bond interaction energy in the mix (H_HB)       :        -7.44857 kcal/mol
 VdW interaction energy in the mix (H_vdW)         :       -13.38397 kcal/mol
 Gas liquid transition energy in the mix (H_glt)   :         8.25184 kcal/mol



 Compound: 1 Conformer: 1 (h2o_c0)
 Chemical potential of the molecule in the mixture :         2.88312 kcal/mol
 Log10(partial pressure [mbar])                    :         0.99136
 Free energy of molecule in mix (E_COSMO+dE+Mu)    :    -47990.37015 kcal/mol
 Total mean interaction energy in the mix          :        -5.85981 kcal/mol
 Misfit interaction energy in the mix              :         0.54830 kcal/mol
 H-Bond interaction energy in the mix              :        -4.97461 kcal/mol
 VdW interaction energy in the mix                 :        -4.36555 kcal/mol
 Gas liquid transition energy in the mix (H_glt)   :         2.93205 kcal/mol
 Normalized weight factor of molecule in compound  :         1.00000
 Normalized weight factor of molecule in gas phase :         1.00000

 Compound: 2 Conformer: 1 (4-heptanol_c0)
 Chemical potential of the molecule in the mixture :         4.71066 kcal/mol
 Log10(partial pressure [mbar])                    :         3.29890
 Free energy of molecule in mix (E_COSMO+dE+Mu)    :   -220745.73418 kcal/mol
 Total mean interaction energy in the mix          :       -10.19078 kcal/mol
 Misfit interaction energy in the mix              :         2.46565 kcal/mol
 H-Bond interaction energy in the mix              :        -3.95665 kcal/mol
 VdW interaction energy in the mix                 :       -20.88676 kcal/mol
 Gas liquid transition energy in the mix (H_glt)   :        12.18698 kcal/mol
 Normalized weight factor of molecule in compound  :         0.15689
 Normalized weight factor of molecule in gas phase :         0.27961

 Compound: 2 Conformer: 2 (4-heptanol_c1)
 Chemical potential of the molecule in the mixture :         4.84821 kcal/mol
 Log10(partial pressure [mbar])                    :         3.30603
 Free energy of molecule in mix (E_COSMO+dE+Mu)    :   -220745.59853 kcal/mol
 Total mean interaction energy in the mix          :       -10.22624 kcal/mol
 Misfit interaction energy in the mix              :         2.43782 kcal/mol
 H-Bond interaction energy in the mix              :        -3.95353 kcal/mol
 VdW interaction energy in the mix                 :       -20.89751 kcal/mol
 Gas liquid transition energy in the mix (H_glt)   :        12.18698 kcal/mol
 Normalized weight factor of molecule in compound  :         0.12430
 Normalized weight factor of molecule in gas phase :         0.25287

 Compound: 2 Conformer: 3 (4-heptanol_c2)
 Chemical potential of the molecule in the mixture :         4.42223 kcal/mol
 Log10(partial pressure [mbar])                    :         2.85354
 Free energy of molecule in mix (E_COSMO+dE+Mu)    :   -220745.89862 kcal/mol
 Total mean interaction energy in the mix          :       -10.45085 kcal/mol
 Misfit interaction energy in the mix              :         2.45983 kcal/mol
 H-Bond interaction energy in the mix              :        -4.22045 kcal/mol
 VdW interaction energy in the mix                 :       -20.87720 kcal/mol
 Gas liquid transition energy in the mix (H_glt)   :        12.18698 kcal/mol
 Normalized weight factor of molecule in compound  :         0.20806
 Normalized weight factor of molecule in gas phase :         0.14478

 Compound: 2 Conformer: 4 (4-heptanol_c3)
 Chemical potential of the molecule in the mixture :         4.30459 kcal/mol
 Log10(partial pressure [mbar])                    :         2.70791
 Free energy of molecule in mix (E_COSMO+dE+Mu)    :   -220746.10267 kcal/mol
 Total mean interaction energy in the mix          :       -10.55297 kcal/mol
 Misfit interaction energy in the mix              :         2.45621 kcal/mol
 H-Bond interaction energy in the mix              :        -4.40051 kcal/mol
 VdW interaction energy in the mix                 :       -20.79565 kcal/mol
 Gas liquid transition energy in the mix (H_glt)   :        12.18698 kcal/mol
 Normalized weight factor of molecule in compound  :         0.29532
 Normalized weight factor of molecule in gas phase :         0.12662

 Compound: 2 Conformer: 5 (4-heptanol_c4)
 Chemical potential of the molecule in the mixture :         4.54324 kcal/mol
 Log10(partial pressure [mbar])                    :         2.85320
 Free energy of molecule in mix (E_COSMO+dE+Mu)    :   -220745.65332 kcal/mol
 Total mean interaction energy in the mix          :       -10.29153 kcal/mol
 Misfit interaction energy in the mix              :         2.37835 kcal/mol
 H-Bond interaction energy in the mix              :        -4.44197 kcal/mol
 VdW interaction energy in the mix                 :       -20.41489 kcal/mol
 Gas liquid transition energy in the mix (H_glt)   :        12.18698 kcal/mol
 Normalized weight factor of molecule in compound  :         0.13655
 Normalized weight factor of molecule in gas phase :         0.09851

 Compound: 2 Conformer: 6 (4-heptanol_c5)
 Chemical potential of the molecule in the mixture :         4.71838 kcal/mol
 Log10(partial pressure [mbar])                    :         3.08819
 Free energy of molecule in mix (E_COSMO+dE+Mu)    :   -220745.33364 kcal/mol
 Total mean interaction energy in the mix          :       -10.09048 kcal/mol
 Misfit interaction energy in the mix              :         2.39378 kcal/mol
 H-Bond interaction energy in the mix              :        -4.21167 kcal/mol
 VdW interaction energy in the mix                 :       -20.45957 kcal/mol
 Gas liquid transition energy in the mix (H_glt)   :        12.18698 kcal/mol
 Normalized weight factor of molecule in compound  :         0.07888
 Normalized weight factor of molecule in gas phase :         0.09761

 Compound: 3 Conformer: 1 (lacticacid_c0)
 Chemical potential of the molecule in the mixture :         5.53188 kcal/mol
 Log10(partial pressure [mbar])                    :        -1.46472
 Free energy of molecule in mix (E_COSMO+dE+Mu)    :   -215743.14826 kcal/mol
 Total mean interaction energy in the mix          :        -7.85295 kcal/mol
 Misfit interaction energy in the mix              :         1.81789 kcal/mol
 H-Bond interaction energy in the mix              :        -4.58930 kcal/mol
 VdW interaction energy in the mix                 :       -13.33339 kcal/mol
 Gas liquid transition energy in the mix (H_glt)   :         8.25184 kcal/mol
 Normalized weight factor of molecule in compound  :         0.03584
 Normalized weight factor of molecule in gas phase :         0.00476

 Compound: 3 Conformer: 2 (lacticacid_c1)
 Chemical potential of the molecule in the mixture :         5.68745 kcal/mol
 Log10(partial pressure [mbar])                    :        -0.93172
 Free energy of molecule in mix (E_COSMO+dE+Mu)    :   -215742.81120 kcal/mol
 Total mean interaction energy in the mix          :        -7.38653 kcal/mol
 Misfit interaction energy in the mix              :         1.94035 kcal/mol
 H-Bond interaction energy in the mix              :        -4.26680 kcal/mol
 VdW interaction energy in the mix                 :       -13.31192 kcal/mol
 Gas liquid transition energy in the mix (H_glt)   :         8.25184 kcal/mol
 Normalized weight factor of molecule in compound  :         0.02010
 Normalized weight factor of molecule in gas phase :         0.00936

 Compound: 3 Conformer: 3 (lacticacid_c2)
 Chemical potential of the molecule in the mixture :         3.83468 kcal/mol
 Log10(partial pressure [mbar])                    :        -0.20229
 Free energy of molecule in mix (E_COSMO+dE+Mu)    :   -215743.77178 kcal/mol
 Total mean interaction energy in the mix          :        -8.50764 kcal/mol
 Misfit interaction energy in the mix              :         1.86039 kcal/mol
 H-Bond interaction energy in the mix              :        -5.22180 kcal/mol
 VdW interaction energy in the mix                 :       -13.39807 kcal/mol
 Gas liquid transition energy in the mix (H_glt)   :         8.25184 kcal/mol
 Normalized weight factor of molecule in compound  :         0.10452
 Normalized weight factor of molecule in gas phase :         0.94961

 Compound: 3 Conformer: 4 (lacticacid_c3)
 Chemical potential of the molecule in the mixture :         2.02706 kcal/mol
 Log10(partial pressure [mbar])                    :        -2.65726
 Free energy of molecule in mix (E_COSMO+dE+Mu)    :   -215744.15837 kcal/mol
 Total mean interaction energy in the mix          :       -10.73476 kcal/mol
 Misfit interaction energy in the mix              :         1.78374 kcal/mol
 H-Bond interaction energy in the mix              :        -7.39966 kcal/mol
 VdW interaction energy in the mix                 :       -13.37067 kcal/mol
 Gas liquid transition energy in the mix (H_glt)   :         8.25184 kcal/mol
 Normalized weight factor of molecule in compound  :         0.20296
 Normalized weight factor of molecule in gas phase :         0.02089

 Compound: 3 Conformer: 5 (lacticacid_c4)
 Chemical potential of the molecule in the mixture :         1.45424 kcal/mol
 Log10(partial pressure [mbar])                    :        -4.75152
 Free energy of molecule in mix (E_COSMO+dE+Mu)    :   -215744.64458 kcal/mol
 Total mean interaction energy in the mix          :       -11.70706 kcal/mol
 Misfit interaction energy in the mix              :         1.76105 kcal/mol
 H-Bond interaction energy in the mix              :        -8.32941 kcal/mol
 VdW interaction energy in the mix                 :       -13.39054 kcal/mol
 Gas liquid transition energy in the mix (H_glt)   :         8.25184 kcal/mol
 Normalized weight factor of molecule in compound  :         0.46762
 Normalized weight factor of molecule in gas phase :         0.00039

 Compound: 3 Conformer: 6 (lacticacid_c5)
 Chemical potential of the molecule in the mixture :         1.98391 kcal/mol
 Log10(partial pressure [mbar])                    :        -2.72110
 Free energy of molecule in mix (E_COSMO+dE+Mu)    :   -215744.05156 kcal/mol
 Total mean interaction energy in the mix          :       -10.81565 kcal/mol
 Misfit interaction energy in the mix              :         1.75676 kcal/mol
 H-Bond interaction energy in the mix              :        -7.43192 kcal/mol
 VdW interaction energy in the mix                 :       -13.39233 kcal/mol
 Gas liquid transition energy in the mix (H_glt)   :         8.25184 kcal/mol
 Normalized weight factor of molecule in compound  :         0.16896
 Normalized weight factor of molecule in gas phase :         0.01500




 Results for mixture 10 - LIQ_EX Phase 2 Iteration    4
 ----------------------
 Temperature          :    293.150 K
 Compound Nr.         :         1         2         3
 Compound             :       h2o 4-heptano lacticaci
 Mole Fraction        :    0.2391    0.7603    0.0005

 Compound: 1  (h2o)
 Chemical potential of the compound in the mixture :         3.67391 kcal/mol
 Log10(partial pressure [mbar])                    :         1.58090
 Free energy of molecule in mix (E_COSMO+dE+Mu)    :    -47989.57937 kcal/mol
 Total mean interaction energy in the mix (H_int)  :        -5.47985 kcal/mol
 Misfit interaction energy in the mix (H_MF)       :         0.96075 kcal/mol
 H-Bond interaction energy in the mix (H_HB)       :        -4.74608 kcal/mol
 VdW interaction energy in the mix (H_vdW)         :        -4.62657 kcal/mol
 Gas liquid transition energy in the mix (H_glt)   :         2.93205 kcal/mol
 Equilibrium constant Kx(1,2)                      :         3.88627
 Equilibrium concentration x_k(1,2)                :         0.79534

 Compound: 2  (4-heptanol)
 Chemical potential of the compound in the mixture :        -0.45688 kcal/mol
 Log10(partial pressure [mbar])                    :        -0.06541
 Free energy of molecule in mix (E_COSMO+dE+Mu)    :   -220750.90362 kcal/mol
 Total mean interaction energy in the mix (H_int)  :        -9.86934 kcal/mol
 Misfit interaction energy in the mix (H_MF)       :         2.14188 kcal/mol
 H-Bond interaction energy in the mix (H_HB)       :        -2.82365 kcal/mol
 VdW interaction energy in the mix (H_vdW)         :       -21.48204 kcal/mol
 Gas liquid transition energy in the mix (H_glt)   :        12.18698 kcal/mol
 Equilibrium constant Kx(1,2)                      :  8.92391869E-04
 Equilibrium concentration x_k(1,2)                :         0.00089

 Compound: 3  (lacticacid)
 Chemical potential of the compound in the mixture :         3.52890 kcal/mol
 Log10(partial pressure [mbar])                    :        -1.71732
 Free energy of molecule in mix (E_COSMO+dE+Mu)    :   -215745.15124 kcal/mol
 Total mean interaction energy in the mix (H_int)  :        -6.31235 kcal/mol
 Misfit interaction energy in the mix (H_MF)       :         2.30064 kcal/mol
 H-Bond interaction energy in the mix (H_HB)       :        -4.36189 kcal/mol
 VdW interaction energy in the mix (H_vdW)         :       -14.08039 kcal/mol
 Gas liquid transition energy in the mix (H_glt)   :         8.25184 kcal/mol
 Equilibrium constant Kx(1,2)                      :         0.89617
 Equilibrium concentration x_k(1,2)                :         0.47262



 Compound: 1 Conformer: 1 (h2o_c0)
 Chemical potential of the molecule in the mixture :         3.67391 kcal/mol
 Log10(partial pressure [mbar])                    :         1.58090
 Free energy of molecule in mix (E_COSMO+dE+Mu)    :    -47989.57937 kcal/mol
 Total mean interaction energy in the mix          :        -5.47985 kcal/mol
 Misfit interaction energy in the mix              :         0.96075 kcal/mol
 H-Bond interaction energy in the mix              :        -4.74608 kcal/mol
 VdW interaction energy in the mix                 :        -4.62657 kcal/mol
 Gas liquid transition energy in the mix (H_glt)   :         2.93205 kcal/mol
 Normalized weight factor of molecule in compound  :         1.00000
 Normalized weight factor of molecule in gas phase :         1.00000

 Compound: 2 Conformer: 1 (4-heptanol_c0)
 Chemical potential of the molecule in the mixture :         0.56260 kcal/mol
 Log10(partial pressure [mbar])                    :         0.20649
 Free energy of molecule in mix (E_COSMO+dE+Mu)    :   -220749.88224 kcal/mol
 Total mean interaction energy in the mix          :        -9.70559 kcal/mol
 Misfit interaction energy in the mix              :         2.16537 kcal/mol
 H-Bond interaction energy in the mix              :        -2.46941 kcal/mol
 VdW interaction energy in the mix                 :       -21.58853 kcal/mol
 Gas liquid transition energy in the mix (H_glt)   :        12.18698 kcal/mol
 Normalized weight factor of molecule in compound  :         0.17320
 Normalized weight factor of molecule in gas phase :         0.27961

 Compound: 2 Conformer: 2 (4-heptanol_c1)
 Chemical potential of the molecule in the mixture :         0.51159 kcal/mol
 Log10(partial pressure [mbar])                    :         0.07305
 Free energy of molecule in mix (E_COSMO+dE+Mu)    :   -220749.93515 kcal/mol
 Total mean interaction energy in the mix          :        -9.58575 kcal/mol
 Misfit interaction energy in the mix              :         2.14345 kcal/mol
 H-Bond interaction energy in the mix              :        -2.32232 kcal/mol
 VdW interaction energy in the mix                 :       -21.59387 kcal/mol
 Gas liquid transition energy in the mix (H_glt)   :        12.18698 kcal/mol
 Normalized weight factor of molecule in compound  :         0.18967
 Normalized weight factor of molecule in gas phase :         0.25287

 Compound: 2 Conformer: 3 (4-heptanol_c2)
 Chemical potential of the molecule in the mixture :         0.15071 kcal/mol
 Log10(partial pressure [mbar])                    :        -0.33091
 Free energy of molecule in mix (E_COSMO+dE+Mu)    :   -220750.17014 kcal/mol
 Total mean interaction energy in the mix          :       -10.33246 kcal/mol
 Misfit interaction energy in the mix              :         2.10938 kcal/mol
 H-Bond interaction energy in the mix              :        -3.04284 kcal/mol
 VdW interaction energy in the mix                 :       -21.58598 kcal/mol
 Gas liquid transition energy in the mix (H_glt)   :        12.18698 kcal/mol
 Normalized weight factor of molecule in compound  :         0.28391
 Normalized weight factor of molecule in gas phase :         0.14478

 Compound: 2 Conformer: 4 (4-heptanol_c3)
 Chemical potential of the molecule in the mixture :         0.62508 kcal/mol
 Log10(partial pressure [mbar])                    :        -0.03518
 Free energy of molecule in mix (E_COSMO+dE+Mu)    :   -220749.78217 kcal/mol
 Total mean interaction energy in the mix          :       -10.09797 kcal/mol
 Misfit interaction energy in the mix              :         2.23754 kcal/mol
 H-Bond interaction energy in the mix              :        -3.01703 kcal/mol
 VdW interaction energy in the mix                 :       -21.50546 kcal/mol
 Gas liquid transition energy in the mix (H_glt)   :        12.18698 kcal/mol
 Normalized weight factor of molecule in compound  :         0.14586
 Normalized weight factor of molecule in gas phase :         0.12662

 Compound: 2 Conformer: 5 (4-heptanol_c4)
 Chemical potential of the molecule in the mixture :         0.56855 kcal/mol
 Log10(partial pressure [mbar])                    :        -0.10996
 Free energy of molecule in mix (E_COSMO+dE+Mu)    :   -220749.62801 kcal/mol
 Total mean interaction energy in the mix          :       -10.04013 kcal/mol
 Misfit interaction energy in the mix              :         2.10289 kcal/mol
 H-Bond interaction energy in the mix              :        -3.21938 kcal/mol
 VdW interaction energy in the mix                 :       -21.11062 kcal/mol
 Gas liquid transition energy in the mix (H_glt)   :        12.18698 kcal/mol
 Normalized weight factor of molecule in compound  :         0.11195
 Normalized weight factor of molecule in gas phase :         0.09851

 Compound: 2 Conformer: 6 (4-heptanol_c5)
 Chemical potential of the molecule in the mixture :         0.51719 kcal/mol
 Log10(partial pressure [mbar])                    :        -0.04383
 Free energy of molecule in mix (E_COSMO+dE+Mu)    :   -220749.53483 kcal/mol
 Total mean interaction energy in the mix          :        -9.92895 kcal/mol
 Misfit interaction energy in the mix              :         2.09232 kcal/mol
 H-Bond interaction energy in the mix              :        -3.05119 kcal/mol
 VdW interaction energy in the mix                 :       -21.15706 kcal/mol
 Gas liquid transition energy in the mix (H_glt)   :        12.18698 kcal/mol
 Normalized weight factor of molecule in compound  :         0.09540
 Normalized weight factor of molecule in gas phase :         0.09761

 Compound: 3 Conformer: 1 (lacticacid_c0)
 Chemical potential of the molecule in the mixture :         5.19148 kcal/mol
 Log10(partial pressure [mbar])                    :        -1.71849
 Free energy of molecule in mix (E_COSMO+dE+Mu)    :   -215743.48866 kcal/mol
 Total mean interaction energy in the mix          :        -6.25718 kcal/mol
 Misfit interaction energy in the mix              :         2.71765 kcal/mol
 H-Bond interaction energy in the mix              :        -3.18194 kcal/mol
 VdW interaction energy in the mix                 :       -14.04473 kcal/mol
 Gas liquid transition energy in the mix (H_glt)   :         8.25184 kcal/mol
 Normalized weight factor of molecule in compound  :         0.05761
 Normalized weight factor of molecule in gas phase :         0.00476

 Compound: 3 Conformer: 2 (lacticacid_c1)
 Chemical potential of the molecule in the mixture :         5.62074 kcal/mol
 Log10(partial pressure [mbar])                    :        -0.98145
 Free energy of molecule in mix (E_COSMO+dE+Mu)    :   -215742.87790 kcal/mol
 Total mean interaction energy in the mix          :        -5.76104 kcal/mol
 Misfit interaction energy in the mix              :         2.77493 kcal/mol
 H-Bond interaction energy in the mix              :        -2.77894 kcal/mol
 VdW interaction energy in the mix                 :       -14.00887 kcal/mol
 Gas liquid transition energy in the mix (H_glt)   :         8.25184 kcal/mol
 Normalized weight factor of molecule in compound  :         0.02019
 Normalized weight factor of molecule in gas phase :         0.00936

 Compound: 3 Conformer: 3 (lacticacid_c2)
 Chemical potential of the molecule in the mixture :         2.82267 kcal/mol
 Log10(partial pressure [mbar])                    :        -0.95676
 Free energy of molecule in mix (E_COSMO+dE+Mu)    :   -215744.78379 kcal/mol
 Total mean interaction energy in the mix          :        -7.41768 kcal/mol
 Misfit interaction energy in the mix              :         2.17402 kcal/mol
 H-Bond interaction energy in the mix              :        -3.75937 kcal/mol
 VdW interaction energy in the mix                 :       -14.08417 kcal/mol
 Gas liquid transition energy in the mix (H_glt)   :         8.25184 kcal/mol
 Normalized weight factor of molecule in compound  :         0.53219
 Normalized weight factor of molecule in gas phase :         0.94961

 Compound: 3 Conformer: 4 (lacticacid_c3)
 Chemical potential of the molecule in the mixture :         2.14629 kcal/mol
 Log10(partial pressure [mbar])                    :        -2.56837
 Free energy of molecule in mix (E_COSMO+dE+Mu)    :   -215744.03914 kcal/mol
 Total mean interaction energy in the mix          :        -8.68499 kcal/mol
 Misfit interaction energy in the mix              :         2.32103 kcal/mol
 H-Bond interaction energy in the mix              :        -5.19559 kcal/mol
 VdW interaction energy in the mix                 :       -14.06227 kcal/mol
 Gas liquid transition energy in the mix (H_glt)   :         8.25184 kcal/mol
 Normalized weight factor of molecule in compound  :         0.14822
 Normalized weight factor of molecule in gas phase :         0.02089

 Compound: 3 Conformer: 5 (lacticacid_c4)
 Chemical potential of the molecule in the mixture :         2.24556 kcal/mol
 Log10(partial pressure [mbar])                    :        -4.16159
 Free energy of molecule in mix (E_COSMO+dE+Mu)    :   -215743.85327 kcal/mol
 Total mean interaction energy in the mix          :        -9.21106 kcal/mol
 Misfit interaction energy in the mix              :         2.60064 kcal/mol
 H-Bond interaction energy in the mix              :        -5.95792 kcal/mol
 VdW interaction energy in the mix                 :       -14.10562 kcal/mol
 Gas liquid transition energy in the mix (H_glt)   :         8.25184 kcal/mol
 Normalized weight factor of molecule in compound  :         0.10773
 Normalized weight factor of molecule in gas phase :         0.00039

 Compound: 3 Conformer: 6 (lacticacid_c5)
 Chemical potential of the molecule in the mixture :         2.05488 kcal/mol
 Log10(partial pressure [mbar])                    :        -2.66819
 Free energy of molecule in mix (E_COSMO+dE+Mu)    :   -215743.98058 kcal/mol
 Total mean interaction energy in the mix          :        -8.84535 kcal/mol
 Misfit interaction energy in the mix              :         2.28899 kcal/mol
 H-Bond interaction energy in the mix              :        -5.29499 kcal/mol
 VdW interaction energy in the mix                 :       -14.09120 kcal/mol
 Gas liquid transition energy in the mix (H_glt)   :         8.25184 kcal/mol
 Normalized weight factor of molecule in compound  :         0.13405
 Normalized weight factor of molecule in gas phase :         0.01500




 Results for mixture 11 - LIQ_EX Phase 1 Iteration    5
 ----------------------
 Temperature          :    293.150 K
 Compound Nr.         :         1         2         3
 Compound             :       h2o 4-heptano lacticaci
 Mole Fraction        :    0.9988    0.0007    0.0005

 Compound: 1  (h2o)
 Chemical potential of the compound in the mixture :         2.88312 kcal/mol
 Log10(partial pressure [mbar])                    :         0.99136
 Free energy of molecule in mix (E_COSMO+dE+Mu)    :    -47990.37015 kcal/mol
 Total mean interaction energy in the mix (H_int)  :        -5.85976 kcal/mol
 Misfit interaction energy in the mix (H_MF)       :         0.54831 kcal/mol
 H-Bond interaction energy in the mix (H_HB)       :        -4.97461 kcal/mol
 VdW interaction energy in the mix (H_vdW)         :        -4.36552 kcal/mol
 Gas liquid transition energy in the mix (H_glt)   :         2.93205 kcal/mol

 Compound: 2  (4-heptanol)
 Chemical potential of the compound in the mixture :         3.63462 kcal/mol
 Log10(partial pressure [mbar])                    :         2.98484
 Free energy of molecule in mix (E_COSMO+dE+Mu)    :   -220746.81212 kcal/mol
 Total mean interaction energy in the mix (H_int)  :       -10.25858 kcal/mol
 Misfit interaction energy in the mix (H_MF)       :         2.44055 kcal/mol
 H-Bond interaction energy in the mix (H_HB)       :        -4.22867 kcal/mol
 VdW interaction energy in the mix (H_vdW)         :       -20.76089 kcal/mol
 Gas liquid transition energy in the mix (H_glt)   :        12.18698 kcal/mol

 Compound: 3  (lacticacid)
 Chemical potential of the compound in the mixture :         3.59304 kcal/mol
 Log10(partial pressure [mbar])                    :        -1.66950
 Free energy of molecule in mix (E_COSMO+dE+Mu)    :   -215745.08710 kcal/mol
 Total mean interaction energy in the mix (H_int)  :        -8.52377 kcal/mol
 Misfit interaction energy in the mix (H_MF)       :         1.78085 kcal/mol
 H-Bond interaction energy in the mix (H_HB)       :        -7.44879 kcal/mol
 VdW interaction energy in the mix (H_vdW)         :       -13.38383 kcal/mol
 Gas liquid transition energy in the mix (H_glt)   :         8.25184 kcal/mol



 Compound: 1 Conformer: 1 (h2o_c0)
 Chemical potential of the molecule in the mixture :         2.88312 kcal/mol
 Log10(partial pressure [mbar])                    :         0.99136
 Free energy of molecule in mix (E_COSMO+dE+Mu)    :    -47990.37015 kcal/mol
 Total mean interaction energy in the mix          :        -5.85976 kcal/mol
 Misfit interaction energy in the mix              :         0.54831 kcal/mol
 H-Bond interaction energy in the mix              :        -4.97461 kcal/mol
 VdW interaction energy in the mix                 :        -4.36552 kcal/mol
 Gas liquid transition energy in the mix (H_glt)   :         2.93205 kcal/mol
 Normalized weight factor of molecule in compound  :         1.00000
 Normalized weight factor of molecule in gas phase :         1.00000

 Compound: 2 Conformer: 1 (4-heptanol_c0)
 Chemical potential of the molecule in the mixture :         4.71175 kcal/mol
 Log10(partial pressure [mbar])                    :         3.29971
 Free energy of molecule in mix (E_COSMO+dE+Mu)    :   -220745.73309 kcal/mol
 Total mean interaction energy in the mix          :       -10.19072 kcal/mol
 Misfit interaction energy in the mix              :         2.46560 kcal/mol
 H-Bond interaction energy in the mix              :        -3.95672 kcal/mol
 VdW interaction energy in the mix                 :       -20.88658 kcal/mol
 Gas liquid transition energy in the mix (H_glt)   :        12.18698 kcal/mol
 Normalized weight factor of molecule in compound  :         0.15688
 Normalized weight factor of molecule in gas phase :         0.27961

 Compound: 2 Conformer: 2 (4-heptanol_c1)
 Chemical potential of the molecule in the mixture :         4.84931 kcal/mol
 Log10(partial pressure [mbar])                    :         3.30686
 Free energy of molecule in mix (E_COSMO+dE+Mu)    :   -220745.59742 kcal/mol
 Total mean interaction energy in the mix          :       -10.22618 kcal/mol
 Misfit interaction energy in the mix              :         2.43778 kcal/mol
 H-Bond interaction energy in the mix              :        -3.95360 kcal/mol
 VdW interaction energy in the mix                 :       -20.89734 kcal/mol
 Gas liquid transition energy in the mix (H_glt)   :        12.18698 kcal/mol
 Normalized weight factor of molecule in compound  :         0.12429
 Normalized weight factor of molecule in gas phase :         0.25287

 Compound: 2 Conformer: 3 (4-heptanol_c2)
 Chemical potential of the molecule in the mixture :         4.42331 kcal/mol
 Log10(partial pressure [mbar])                    :         2.85435
 Free energy of molecule in mix (E_COSMO+dE+Mu)    :   -220745.89754 kcal/mol
 Total mean interaction energy in the mix          :       -10.45077 kcal/mol
 Misfit interaction energy in the mix              :         2.45978 kcal/mol
 H-Bond interaction energy in the mix              :        -4.22050 kcal/mol
 VdW interaction energy in the mix                 :       -20.87703 kcal/mol
 Gas liquid transition energy in the mix (H_glt)   :        12.18698 kcal/mol
 Normalized weight factor of molecule in compound  :         0.20805
 Normalized weight factor of molecule in gas phase :         0.14478

 Compound: 2 Conformer: 4 (4-heptanol_c3)
 Chemical potential of the molecule in the mixture :         4.30565 kcal/mol
 Log10(partial pressure [mbar])                    :         2.70870
 Free energy of molecule in mix (E_COSMO+dE+Mu)    :   -220746.10161 kcal/mol
 Total mean interaction energy in the mix          :       -10.55289 kcal/mol
 Misfit interaction energy in the mix              :         2.45616 kcal/mol
 H-Bond interaction energy in the mix              :        -4.40055 kcal/mol
 VdW interaction energy in the mix                 :       -20.79548 kcal/mol
 Gas liquid transition energy in the mix (H_glt)   :        12.18698 kcal/mol
 Normalized weight factor of molecule in compound  :         0.29533
 Normalized weight factor of molecule in gas phase :         0.12662

 Compound: 2 Conformer: 5 (4-heptanol_c4)
 Chemical potential of the molecule in the mixture :         4.54429 kcal/mol
 Log10(partial pressure [mbar])                    :         2.85398
 Free energy of molecule in mix (E_COSMO+dE+Mu)    :   -220745.65226 kcal/mol
 Total mean interaction energy in the mix          :       -10.29144 kcal/mol
 Misfit interaction energy in the mix              :         2.37830 kcal/mol
 H-Bond interaction energy in the mix              :        -4.44200 kcal/mol
 VdW interaction energy in the mix                 :       -20.41472 kcal/mol
 Gas liquid transition energy in the mix (H_glt)   :        12.18698 kcal/mol
 Normalized weight factor of molecule in compound  :         0.13656
 Normalized weight factor of molecule in gas phase :         0.09851

 Compound: 2 Conformer: 6 (4-heptanol_c5)
 Chemical potential of the molecule in the mixture :         4.71944 kcal/mol
 Log10(partial pressure [mbar])                    :         3.08898
 Free energy of molecule in mix (E_COSMO+dE+Mu)    :   -220745.33259 kcal/mol
 Total mean interaction energy in the mix          :       -10.09042 kcal/mol
 Misfit interaction energy in the mix              :         2.39372 kcal/mol
 H-Bond interaction energy in the mix              :        -4.21172 kcal/mol
 VdW interaction energy in the mix                 :       -20.45940 kcal/mol
 Gas liquid transition energy in the mix (H_glt)   :        12.18698 kcal/mol
 Normalized weight factor of molecule in compound  :         0.07889
 Normalized weight factor of molecule in gas phase :         0.09761

 Compound: 3 Conformer: 1 (lacticacid_c0)
 Chemical potential of the molecule in the mixture :         5.53220 kcal/mol
 Log10(partial pressure [mbar])                    :        -1.46448
 Free energy of molecule in mix (E_COSMO+dE+Mu)    :   -215743.14795 kcal/mol
 Total mean interaction energy in the mix          :        -7.85304 kcal/mol
 Misfit interaction energy in the mix              :         1.81777 kcal/mol
 H-Bond interaction energy in the mix              :        -4.58941 kcal/mol
 VdW interaction energy in the mix                 :       -13.33325 kcal/mol
 Gas liquid transition energy in the mix (H_glt)   :         8.25184 kcal/mol
 Normalized weight factor of molecule in compound  :         0.03584
 Normalized weight factor of molecule in gas phase :         0.00476

 Compound: 3 Conformer: 2 (lacticacid_c1)
 Chemical potential of the molecule in the mixture :         5.68776 kcal/mol
 Log10(partial pressure [mbar])                    :        -0.93149
 Free energy of molecule in mix (E_COSMO+dE+Mu)    :   -215742.81089 kcal/mol
 Total mean interaction energy in the mix          :        -7.38660 kcal/mol
 Misfit interaction energy in the mix              :         1.94026 kcal/mol
 H-Bond interaction energy in the mix              :        -4.26692 kcal/mol
 VdW interaction energy in the mix                 :       -13.31178 kcal/mol
 Gas liquid transition energy in the mix (H_glt)   :         8.25184 kcal/mol
 Normalized weight factor of molecule in compound  :         0.02009
 Normalized weight factor of molecule in gas phase :         0.00936

 Compound: 3 Conformer: 3 (lacticacid_c2)
 Chemical potential of the molecule in the mixture :         3.83509 kcal/mol
 Log10(partial pressure [mbar])                    :        -0.20199
 Free energy of molecule in mix (E_COSMO+dE+Mu)    :   -215743.77137 kcal/mol
 Total mean interaction energy in the mix          :        -8.50767 kcal/mol
 Misfit interaction energy in the mix              :         1.86032 kcal/mol
 H-Bond interaction energy in the mix              :        -5.22191 kcal/mol
 VdW interaction energy in the mix                 :       -13.39792 kcal/mol
 Gas liquid transition energy in the mix (H_glt)   :         8.25184 kcal/mol
 Normalized weight factor of molecule in compound  :         0.10450
 Normalized weight factor of molecule in gas phase :         0.94961

 Compound: 3 Conformer: 4 (lacticacid_c3)
 Chemical potential of the molecule in the mixture :         2.02735 kcal/mol
 Log10(partial pressure [mbar])                    :        -2.65705
 Free energy of molecule in mix (E_COSMO+dE+Mu)    :   -215744.15808 kcal/mol
 Total mean interaction energy in the mix          :       -10.73486 kcal/mol
 Misfit interaction energy in the mix              :         1.78365 kcal/mol
 H-Bond interaction energy in the mix              :        -7.39981 kcal/mol
 VdW interaction energy in the mix                 :       -13.37054 kcal/mol
 Gas liquid transition energy in the mix (H_glt)   :         8.25184 kcal/mol
 Normalized weight factor of molecule in compound  :         0.20296
 Normalized weight factor of molecule in gas phase :         0.02089

 Compound: 3 Conformer: 5 (lacticacid_c4)
 Chemical potential of the molecule in the mixture :         1.45448 kcal/mol
 Log10(partial pressure [mbar])                    :        -4.75135
 Free energy of molecule in mix (E_COSMO+dE+Mu)    :   -215744.64435 kcal/mol
 Total mean interaction energy in the mix          :       -11.70716 kcal/mol
 Misfit interaction energy in the mix              :         1.76094 kcal/mol
 H-Bond interaction energy in the mix              :        -8.32954 kcal/mol
 VdW interaction energy in the mix                 :       -13.39041 kcal/mol
 Gas liquid transition energy in the mix (H_glt)   :         8.25184 kcal/mol
 Normalized weight factor of molecule in compound  :         0.46765
 Normalized weight factor of molecule in gas phase :         0.00039

 Compound: 3 Conformer: 6 (lacticacid_c5)
 Chemical potential of the molecule in the mixture :         1.98420 kcal/mol
 Log10(partial pressure [mbar])                    :        -2.72089
 Free energy of molecule in mix (E_COSMO+dE+Mu)    :   -215744.05127 kcal/mol
 Total mean interaction energy in the mix          :       -10.81576 kcal/mol
 Misfit interaction energy in the mix              :         1.75667 kcal/mol
 H-Bond interaction energy in the mix              :        -7.43207 kcal/mol
 VdW interaction energy in the mix                 :       -13.39220 kcal/mol
 Gas liquid transition energy in the mix (H_glt)   :         8.25184 kcal/mol
 Normalized weight factor of molecule in compound  :         0.16896
 Normalized weight factor of molecule in gas phase :         0.01500




 Results for mixture 12 - LIQ_EX Phase 2 Iteration    5
 ----------------------
 Temperature          :    293.150 K
 Compound Nr.         :         1         2         3
 Compound             :       h2o 4-heptano lacticaci
 Mole Fraction        :    0.2498    0.7497    0.0006

 Compound: 1  (h2o)
 Chemical potential of the compound in the mixture :         3.66609 kcal/mol
 Log10(partial pressure [mbar])                    :         1.57507
 Free energy of molecule in mix (E_COSMO+dE+Mu)    :    -47989.58718 kcal/mol
 Total mean interaction energy in the mix (H_int)  :        -5.49663 kcal/mol
 Misfit interaction energy in the mix (H_MF)       :         0.94545 kcal/mol
 H-Bond interaction energy in the mix (H_HB)       :        -4.74977 kcal/mol
 VdW interaction energy in the mix (H_vdW)         :        -4.62436 kcal/mol
 Gas liquid transition energy in the mix (H_glt)   :         2.93205 kcal/mol
 Equilibrium constant Kx(1,2)                      :         3.83450
 Equilibrium concentration x_k(1,2)                :         0.79315

 Compound: 2  (4-heptanol)
 Chemical potential of the compound in the mixture :        -0.45426 kcal/mol
 Log10(partial pressure [mbar])                    :        -0.06345
 Free energy of molecule in mix (E_COSMO+dE+Mu)    :   -220750.90100 kcal/mol
 Total mean interaction energy in the mix (H_int)  :        -9.87861 kcal/mol
 Misfit interaction energy in the mix (H_MF)       :         2.14838 kcal/mol
 H-Bond interaction energy in the mix (H_HB)       :        -2.84302 kcal/mol
 VdW interaction energy in the mix (H_vdW)         :       -21.47819 kcal/mol
 Gas liquid transition energy in the mix (H_glt)   :        12.18698 kcal/mol
 Equilibrium constant Kx(1,2)                      :  8.94763199E-04
 Equilibrium concentration x_k(1,2)                :         0.00089

 Compound: 3  (lacticacid)
 Chemical potential of the compound in the mixture :         3.51682 kcal/mol
 Log10(partial pressure [mbar])                    :        -1.72632
 Free energy of molecule in mix (E_COSMO+dE+Mu)    :   -215745.16332 kcal/mol
 Total mean interaction energy in the mix (H_int)  :        -6.34099 kcal/mol
 Misfit interaction energy in the mix (H_MF)       :         2.28692 kcal/mol
 H-Bond interaction energy in the mix (H_HB)       :        -4.38805 kcal/mol
 VdW interaction energy in the mix (H_vdW)         :       -14.07623 kcal/mol
 Gas liquid transition energy in the mix (H_glt)   :         8.25184 kcal/mol
 Equilibrium constant Kx(1,2)                      :         0.87736
 Equilibrium concentration x_k(1,2)                :         0.46734



 Compound: 1 Conformer: 1 (h2o_c0)
 Chemical potential of the molecule in the mixture :         3.66609 kcal/mol
 Log10(partial pressure [mbar])                    :         1.57507
 Free energy of molecule in mix (E_COSMO+dE+Mu)    :    -47989.58718 kcal/mol
 Total mean interaction energy in the mix          :        -5.49663 kcal/mol
 Misfit interaction energy in the mix              :         0.94545 kcal/mol
 H-Bond interaction energy in the mix              :        -4.74977 kcal/mol
 VdW interaction energy in the mix                 :        -4.62436 kcal/mol
 Gas liquid transition energy in the mix (H_glt)   :         2.93205 kcal/mol
 Normalized weight factor of molecule in compound  :         1.00000
 Normalized weight factor of molecule in gas phase :         1.00000

 Compound: 2 Conformer: 1 (4-heptanol_c0)
 Chemical potential of the molecule in the mixture :         0.56420 kcal/mol
 Log10(partial pressure [mbar])                    :         0.20768
 Free energy of molecule in mix (E_COSMO+dE+Mu)    :   -220749.88065 kcal/mol
 Total mean interaction energy in the mix          :        -9.71442 kcal/mol
 Misfit interaction energy in the mix              :         2.17212 kcal/mol
 H-Bond interaction energy in the mix              :        -2.48889 kcal/mol
 VdW interaction energy in the mix                 :       -21.58463 kcal/mol
 Gas liquid transition energy in the mix (H_glt)   :        12.18698 kcal/mol
 Normalized weight factor of molecule in compound  :         0.17351
 Normalized weight factor of molecule in gas phase :         0.27961

 Compound: 2 Conformer: 2 (4-heptanol_c1)
 Chemical potential of the molecule in the mixture :         0.51598 kcal/mol
 Log10(partial pressure [mbar])                    :         0.07632
 Free energy of molecule in mix (E_COSMO+dE+Mu)    :   -220749.93076 kcal/mol
 Total mean interaction energy in the mix          :        -9.59966 kcal/mol
 Misfit interaction energy in the mix              :         2.14784 kcal/mol
 H-Bond interaction energy in the mix              :        -2.34428 kcal/mol
 VdW interaction energy in the mix                 :       -21.59020 kcal/mol
 Gas liquid transition energy in the mix (H_glt)   :        12.18698 kcal/mol
 Normalized weight factor of molecule in compound  :         0.18909
 Normalized weight factor of molecule in gas phase :         0.25287

 Compound: 2 Conformer: 3 (4-heptanol_c2)
 Chemical potential of the molecule in the mixture :         0.15552 kcal/mol
 Log10(partial pressure [mbar])                    :        -0.32733
 Free energy of molecule in mix (E_COSMO+dE+Mu)    :   -220750.16533 kcal/mol
 Total mean interaction energy in the mix          :       -10.33692 kcal/mol
 Misfit interaction energy in the mix              :         2.11583 kcal/mol
 H-Bond interaction energy in the mix              :        -3.05762 kcal/mol
 VdW interaction energy in the mix                 :       -21.58211 kcal/mol
 Gas liquid transition energy in the mix (H_glt)   :        12.18698 kcal/mol
 Normalized weight factor of molecule in compound  :         0.28285
 Normalized weight factor of molecule in gas phase :         0.14478

 Compound: 2 Conformer: 4 (4-heptanol_c3)
 Chemical potential of the molecule in the mixture :         0.62068 kcal/mol
 Log10(partial pressure [mbar])                    :        -0.03847
 Free energy of molecule in mix (E_COSMO+dE+Mu)    :   -220749.78657 kcal/mol
 Total mean interaction energy in the mix          :       -10.11228 kcal/mol
 Misfit interaction energy in the mix              :         2.24533 kcal/mol
 H-Bond interaction energy in the mix              :        -3.04336 kcal/mol
 VdW interaction energy in the mix                 :       -21.50123 kcal/mol
 Gas liquid transition energy in the mix (H_glt)   :        12.18698 kcal/mol
 Normalized weight factor of molecule in compound  :         0.14763
 Normalized weight factor of molecule in gas phase :         0.12662

 Compound: 2 Conformer: 5 (4-heptanol_c4)
 Chemical potential of the molecule in the mixture :         0.57082 kcal/mol
 Log10(partial pressure [mbar])                    :        -0.10827
 Free energy of molecule in mix (E_COSMO+dE+Mu)    :   -220749.62573 kcal/mol
 Total mean interaction energy in the mix          :       -10.05019 kcal/mol
 Misfit interaction energy in the mix              :         2.10872 kcal/mol
 H-Bond interaction energy in the mix              :        -3.23916 kcal/mol
 VdW interaction energy in the mix                 :       -21.10674 kcal/mol
 Gas liquid transition energy in the mix (H_glt)   :        12.18698 kcal/mol
 Normalized weight factor of molecule in compound  :         0.11202
 Normalized weight factor of molecule in gas phase :         0.09851

 Compound: 2 Conformer: 6 (4-heptanol_c5)
 Chemical potential of the molecule in the mixture :         0.52287 kcal/mol
 Log10(partial pressure [mbar])                    :        -0.03960
 Free energy of molecule in mix (E_COSMO+dE+Mu)    :   -220749.52915 kcal/mol
 Total mean interaction energy in the mix          :        -9.93271 kcal/mol
 Misfit interaction energy in the mix              :         2.09902 kcal/mol
 H-Bond interaction energy in the mix              :        -3.06538 kcal/mol
 VdW interaction energy in the mix                 :       -21.15333 kcal/mol
 Gas liquid transition energy in the mix (H_glt)   :        12.18698 kcal/mol
 Normalized weight factor of molecule in compound  :         0.09490
 Normalized weight factor of molecule in gas phase :         0.09761

 Compound: 3 Conformer: 1 (lacticacid_c0)
 Chemical potential of the molecule in the mixture :         5.17895 kcal/mol
 Log10(partial pressure [mbar])                    :        -1.72783
 Free energy of molecule in mix (E_COSMO+dE+Mu)    :   -215743.50119 kcal/mol
 Total mean interaction energy in the mix          :        -6.28660 kcal/mol
 Misfit interaction energy in the mix              :         2.69591 kcal/mol
 H-Bond interaction energy in the mix              :        -3.19351 kcal/mol
 VdW interaction energy in the mix                 :       -14.04084 kcal/mol
 Gas liquid transition energy in the mix (H_glt)   :         8.25184 kcal/mol
 Normalized weight factor of molecule in compound  :         0.05766
 Normalized weight factor of molecule in gas phase :         0.00476

 Compound: 3 Conformer: 2 (lacticacid_c1)
 Chemical potential of the molecule in the mixture :         5.60399 kcal/mol
 Log10(partial pressure [mbar])                    :        -0.99393
 Free energy of molecule in mix (E_COSMO+dE+Mu)    :   -215742.89466 kcal/mol
 Total mean interaction energy in the mix          :        -5.78671 kcal/mol
 Misfit interaction energy in the mix              :         2.75701 kcal/mol
 H-Bond interaction energy in the mix              :        -2.79078 kcal/mol
 VdW interaction energy in the mix                 :       -14.00479 kcal/mol
 Gas liquid transition energy in the mix (H_glt)   :         8.25184 kcal/mol
 Normalized weight factor of molecule in compound  :         0.02036
 Normalized weight factor of molecule in gas phase :         0.00936

 Compound: 3 Conformer: 3 (lacticacid_c2)
 Chemical potential of the molecule in the mixture :         2.81618 kcal/mol
 Log10(partial pressure [mbar])                    :        -0.96159
 Free energy of molecule in mix (E_COSMO+dE+Mu)    :   -215744.79028 kcal/mol
 Total mean interaction energy in the mix          :        -7.43972 kcal/mol
 Misfit interaction energy in the mix              :         2.16250 kcal/mol
 H-Bond interaction energy in the mix              :        -3.77366 kcal/mol
 VdW interaction energy in the mix                 :       -14.08039 kcal/mol
 Gas liquid transition energy in the mix (H_glt)   :         8.25184 kcal/mol
 Normalized weight factor of molecule in compound  :         0.52710
 Normalized weight factor of molecule in gas phase :         0.94961

 Compound: 3 Conformer: 4 (lacticacid_c3)
 Chemical potential of the molecule in the mixture :         2.12768 kcal/mol
 Log10(partial pressure [mbar])                    :        -2.58225
 Free energy of molecule in mix (E_COSMO+dE+Mu)    :   -215744.05776 kcal/mol
 Total mean interaction energy in the mix          :        -8.71992 kcal/mol
 Misfit interaction energy in the mix              :         2.30314 kcal/mol
 H-Bond interaction energy in the mix              :        -5.21720 kcal/mol
 VdW interaction energy in the mix                 :       -14.05770 kcal/mol
 Gas liquid transition energy in the mix (H_glt)   :         8.25184 kcal/mol
 Normalized weight factor of molecule in compound  :         0.14990
 Normalized weight factor of molecule in gas phase :         0.02089

 Compound: 3 Conformer: 5 (lacticacid_c4)
 Chemical potential of the molecule in the mixture :         2.22276 kcal/mol
 Log10(partial pressure [mbar])                    :        -4.17859
 Free energy of molecule in mix (E_COSMO+dE+Mu)    :   -215743.87607 kcal/mol
 Total mean interaction energy in the mix          :        -9.25668 kcal/mol
 Misfit interaction energy in the mix              :         2.58070 kcal/mol
 H-Bond interaction energy in the mix              :        -5.98851 kcal/mol
 VdW interaction energy in the mix                 :       -14.10071 kcal/mol
 Gas liquid transition energy in the mix (H_glt)   :         8.25184 kcal/mol
 Normalized weight factor of molecule in compound  :         0.10974
 Normalized weight factor of molecule in gas phase :         0.00039

 Compound: 3 Conformer: 6 (lacticacid_c5)
 Chemical potential of the molecule in the mixture :         2.03760 kcal/mol
 Log10(partial pressure [mbar])                    :        -2.68107
 Free energy of molecule in mix (E_COSMO+dE+Mu)    :   -215743.99787 kcal/mol
 Total mean interaction energy in the mix          :        -8.87897 kcal/mol
 Misfit interaction energy in the mix              :         2.27038 kcal/mol
 H-Bond interaction energy in the mix              :        -5.31463 kcal/mol
 VdW interaction energy in the mix                 :       -14.08657 kcal/mol
 Gas liquid transition energy in the mix (H_glt)   :         8.25184 kcal/mol
 Normalized weight factor of molecule in compound  :         0.13525
 Normalized weight factor of molecule in gas phase :         0.01500




 Results for mixture 13 - LIQ_EX Phase 1 Iteration    6
 ----------------------
 Temperature          :    293.150 K
 Compound Nr.         :         1         2         3
 Compound             :       h2o 4-heptano lacticaci
 Mole Fraction        :    0.9988    0.0007    0.0005

 Compound: 1  (h2o)
 Chemical potential of the compound in the mixture :         2.88312 kcal/mol
 Log10(partial pressure [mbar])                    :         0.99136
 Free energy of molecule in mix (E_COSMO+dE+Mu)    :    -47990.37015 kcal/mol
 Total mean interaction energy in the mix (H_int)  :        -5.85973 kcal/mol
 Misfit interaction energy in the mix (H_MF)       :         0.54832 kcal/mol
 H-Bond interaction energy in the mix (H_HB)       :        -4.97461 kcal/mol
 VdW interaction energy in the mix (H_vdW)         :        -4.36550 kcal/mol
 Gas liquid transition energy in the mix (H_glt)   :         2.93205 kcal/mol

 Compound: 2  (4-heptanol)
 Chemical potential of the compound in the mixture :         3.63522 kcal/mol
 Log10(partial pressure [mbar])                    :         2.98529
 Free energy of molecule in mix (E_COSMO+dE+Mu)    :   -220746.81152 kcal/mol
 Total mean interaction energy in the mix (H_int)  :       -10.25854 kcal/mol
 Misfit interaction energy in the mix (H_MF)       :         2.44052 kcal/mol
 H-Bond interaction energy in the mix (H_HB)       :        -4.22870 kcal/mol
 VdW interaction energy in the mix (H_vdW)         :       -20.76079 kcal/mol
 Gas liquid transition energy in the mix (H_glt)   :        12.18698 kcal/mol

 Compound: 3  (lacticacid)
 Chemical potential of the compound in the mixture :         3.59319 kcal/mol
 Log10(partial pressure [mbar])                    :        -1.66938
 Free energy of molecule in mix (E_COSMO+dE+Mu)    :   -215745.08695 kcal/mol
 Total mean interaction energy in the mix (H_int)  :        -8.52385 kcal/mol
 Misfit interaction energy in the mix (H_MF)       :         1.78080 kcal/mol
 H-Bond interaction energy in the mix (H_HB)       :        -7.44892 kcal/mol
 VdW interaction energy in the mix (H_vdW)         :       -13.38376 kcal/mol
 Gas liquid transition energy in the mix (H_glt)   :         8.25184 kcal/mol



 Compound: 1 Conformer: 1 (h2o_c0)
 Chemical potential of the molecule in the mixture :         2.88312 kcal/mol
 Log10(partial pressure [mbar])                    :         0.99136
 Free energy of molecule in mix (E_COSMO+dE+Mu)    :    -47990.37015 kcal/mol
 Total mean interaction energy in the mix          :        -5.85973 kcal/mol
 Misfit interaction energy in the mix              :         0.54832 kcal/mol
 H-Bond interaction energy in the mix              :        -4.97461 kcal/mol
 VdW interaction energy in the mix                 :        -4.36550 kcal/mol
 Gas liquid transition energy in the mix (H_glt)   :         2.93205 kcal/mol
 Normalized weight factor of molecule in compound  :         1.00000
 Normalized weight factor of molecule in gas phase :         1.00000

 Compound: 2 Conformer: 1 (4-heptanol_c0)
 Chemical potential of the molecule in the mixture :         4.71236 kcal/mol
 Log10(partial pressure [mbar])                    :         3.30017
 Free energy of molecule in mix (E_COSMO+dE+Mu)    :   -220745.73248 kcal/mol
 Total mean interaction energy in the mix          :       -10.19069 kcal/mol
 Misfit interaction energy in the mix              :         2.46557 kcal/mol
 H-Bond interaction energy in the mix              :        -3.95675 kcal/mol
 VdW interaction energy in the mix                 :       -20.88649 kcal/mol
 Gas liquid transition energy in the mix (H_glt)   :        12.18698 kcal/mol
 Normalized weight factor of molecule in compound  :         0.15688
 Normalized weight factor of molecule in gas phase :         0.27961

 Compound: 2 Conformer: 2 (4-heptanol_c1)
 Chemical potential of the molecule in the mixture :         4.84993 kcal/mol
 Log10(partial pressure [mbar])                    :         3.30732
 Free energy of molecule in mix (E_COSMO+dE+Mu)    :   -220745.59681 kcal/mol
 Total mean interaction energy in the mix          :       -10.22614 kcal/mol
 Misfit interaction energy in the mix              :         2.43775 kcal/mol
 H-Bond interaction energy in the mix              :        -3.95363 kcal/mol
 VdW interaction energy in the mix                 :       -20.89724 kcal/mol
 Gas liquid transition energy in the mix (H_glt)   :        12.18698 kcal/mol
 Normalized weight factor of molecule in compound  :         0.12429
 Normalized weight factor of molecule in gas phase :         0.25287

 Compound: 2 Conformer: 3 (4-heptanol_c2)
 Chemical potential of the molecule in the mixture :         4.42392 kcal/mol
 Log10(partial pressure [mbar])                    :         2.85480
 Free energy of molecule in mix (E_COSMO+dE+Mu)    :   -220745.89693 kcal/mol
 Total mean interaction energy in the mix          :       -10.45073 kcal/mol
 Misfit interaction energy in the mix              :         2.45975 kcal/mol
 H-Bond interaction energy in the mix              :        -4.22053 kcal/mol
 VdW interaction energy in the mix                 :       -20.87693 kcal/mol
 Gas liquid transition energy in the mix (H_glt)   :        12.18698 kcal/mol
 Normalized weight factor of molecule in compound  :         0.20805
 Normalized weight factor of molecule in gas phase :         0.14478

 Compound: 2 Conformer: 4 (4-heptanol_c3)
 Chemical potential of the molecule in the mixture :         4.30624 kcal/mol
 Log10(partial pressure [mbar])                    :         2.70915
 Free energy of molecule in mix (E_COSMO+dE+Mu)    :   -220746.10101 kcal/mol
 Total mean interaction energy in the mix          :       -10.55284 kcal/mol
 Misfit interaction energy in the mix              :         2.45612 kcal/mol
 H-Bond interaction energy in the mix              :        -4.40057 kcal/mol
 VdW interaction energy in the mix                 :       -20.79538 kcal/mol
 Gas liquid transition energy in the mix (H_glt)   :        12.18698 kcal/mol
 Normalized weight factor of molecule in compound  :         0.29533
 Normalized weight factor of molecule in gas phase :         0.12662

 Compound: 2 Conformer: 5 (4-heptanol_c4)
 Chemical potential of the molecule in the mixture :         4.54488 kcal/mol
 Log10(partial pressure [mbar])                    :         2.85442
 Free energy of molecule in mix (E_COSMO+dE+Mu)    :   -220745.65167 kcal/mol
 Total mean interaction energy in the mix          :       -10.29139 kcal/mol
 Misfit interaction energy in the mix              :         2.37827 kcal/mol
 H-Bond interaction energy in the mix              :        -4.44202 kcal/mol
 VdW interaction energy in the mix                 :       -20.41462 kcal/mol
 Gas liquid transition energy in the mix (H_glt)   :        12.18698 kcal/mol
 Normalized weight factor of molecule in compound  :         0.13656
 Normalized weight factor of molecule in gas phase :         0.09851

 Compound: 2 Conformer: 6 (4-heptanol_c5)
 Chemical potential of the molecule in the mixture :         4.72003 kcal/mol
 Log10(partial pressure [mbar])                    :         3.08942
 Free energy of molecule in mix (E_COSMO+dE+Mu)    :   -220745.33199 kcal/mol
 Total mean interaction energy in the mix          :       -10.09038 kcal/mol
 Misfit interaction energy in the mix              :         2.39369 kcal/mol
 H-Bond interaction energy in the mix              :        -4.21175 kcal/mol
 VdW interaction energy in the mix                 :       -20.45930 kcal/mol
 Gas liquid transition energy in the mix (H_glt)   :        12.18698 kcal/mol
 Normalized weight factor of molecule in compound  :         0.07889
 Normalized weight factor of molecule in gas phase :         0.09761

 Compound: 3 Conformer: 1 (lacticacid_c0)
 Chemical potential of the molecule in the mixture :         5.53237 kcal/mol
 Log10(partial pressure [mbar])                    :        -1.46435
 Free energy of molecule in mix (E_COSMO+dE+Mu)    :   -215743.14777 kcal/mol
 Total mean interaction energy in the mix          :        -7.85309 kcal/mol
 Misfit interaction energy in the mix              :         1.81770 kcal/mol
 H-Bond interaction energy in the mix              :        -4.58947 kcal/mol
 VdW interaction energy in the mix                 :       -13.33317 kcal/mol
 Gas liquid transition energy in the mix (H_glt)   :         8.25184 kcal/mol
 Normalized weight factor of molecule in compound  :         0.03584
 Normalized weight factor of molecule in gas phase :         0.00476

 Compound: 3 Conformer: 2 (lacticacid_c1)
 Chemical potential of the molecule in the mixture :         5.68793 kcal/mol
 Log10(partial pressure [mbar])                    :        -0.93136
 Free energy of molecule in mix (E_COSMO+dE+Mu)    :   -215742.81072 kcal/mol
 Total mean interaction energy in the mix          :        -7.38664 kcal/mol
 Misfit interaction energy in the mix              :         1.94021 kcal/mol
 H-Bond interaction energy in the mix              :        -4.26698 kcal/mol
 VdW interaction energy in the mix                 :       -13.31170 kcal/mol
 Gas liquid transition energy in the mix (H_glt)   :         8.25184 kcal/mol
 Normalized weight factor of molecule in compound  :         0.02009
 Normalized weight factor of molecule in gas phase :         0.00936

 Compound: 3 Conformer: 3 (lacticacid_c2)
 Chemical potential of the molecule in the mixture :         3.83533 kcal/mol
 Log10(partial pressure [mbar])                    :        -0.20181
 Free energy of molecule in mix (E_COSMO+dE+Mu)    :   -215743.77114 kcal/mol
 Total mean interaction energy in the mix          :        -8.50769 kcal/mol
 Misfit interaction energy in the mix              :         1.86028 kcal/mol
 H-Bond interaction energy in the mix              :        -5.22197 kcal/mol
 VdW interaction energy in the mix                 :       -13.39785 kcal/mol
 Gas liquid transition energy in the mix (H_glt)   :         8.25184 kcal/mol
 Normalized weight factor of molecule in compound  :         0.10448
 Normalized weight factor of molecule in gas phase :         0.94961

 Compound: 3 Conformer: 4 (lacticacid_c3)
 Chemical potential of the molecule in the mixture :         2.02751 kcal/mol
 Log10(partial pressure [mbar])                    :        -2.65693
 Free energy of molecule in mix (E_COSMO+dE+Mu)    :   -215744.15792 kcal/mol
 Total mean interaction energy in the mix          :       -10.73492 kcal/mol
 Misfit interaction energy in the mix              :         1.78360 kcal/mol
 H-Bond interaction energy in the mix              :        -7.39990 kcal/mol
 VdW interaction energy in the mix                 :       -13.37046 kcal/mol
 Gas liquid transition energy in the mix (H_glt)   :         8.25184 kcal/mol
 Normalized weight factor of molecule in compound  :         0.20296
 Normalized weight factor of molecule in gas phase :         0.02089

 Compound: 3 Conformer: 5 (lacticacid_c4)
 Chemical potential of the molecule in the mixture :         1.45461 kcal/mol
 Log10(partial pressure [mbar])                    :        -4.75125
 Free energy of molecule in mix (E_COSMO+dE+Mu)    :   -215744.64422 kcal/mol
 Total mean interaction energy in the mix          :       -11.70722 kcal/mol
 Misfit interaction energy in the mix              :         1.76089 kcal/mol
 H-Bond interaction energy in the mix              :        -8.32961 kcal/mol
 VdW interaction energy in the mix                 :       -13.39033 kcal/mol
 Gas liquid transition energy in the mix (H_glt)   :         8.25184 kcal/mol
 Normalized weight factor of molecule in compound  :         0.46767
 Normalized weight factor of molecule in gas phase :         0.00039

 Compound: 3 Conformer: 6 (lacticacid_c5)
 Chemical potential of the molecule in the mixture :         1.98436 kcal/mol
 Log10(partial pressure [mbar])                    :        -2.72076
 Free energy of molecule in mix (E_COSMO+dE+Mu)    :   -215744.05111 kcal/mol
 Total mean interaction energy in the mix          :       -10.81582 kcal/mol
 Misfit interaction energy in the mix              :         1.75662 kcal/mol
 H-Bond interaction energy in the mix              :        -7.43216 kcal/mol
 VdW interaction energy in the mix                 :       -13.39212 kcal/mol
 Gas liquid transition energy in the mix (H_glt)   :         8.25184 kcal/mol
 Normalized weight factor of molecule in compound  :         0.16896
 Normalized weight factor of molecule in gas phase :         0.01500




 Results for mixture 14 - LIQ_EX Phase 2 Iteration    6
 ----------------------
 Temperature          :    293.150 K
 Compound Nr.         :         1         2         3
 Compound             :       h2o 4-heptano lacticaci
 Mole Fraction        :    0.2561    0.7434    0.0006

 Compound: 1  (h2o)
 Chemical potential of the compound in the mixture :         3.66150 kcal/mol
 Log10(partial pressure [mbar])                    :         1.57165
 Free energy of molecule in mix (E_COSMO+dE+Mu)    :    -47989.59177 kcal/mol
 Total mean interaction energy in the mix (H_int)  :        -5.50670 kcal/mol
 Misfit interaction energy in the mix (H_MF)       :         0.93625 kcal/mol
 H-Bond interaction energy in the mix (H_HB)       :        -4.75197 kcal/mol
 VdW interaction energy in the mix (H_vdW)         :        -4.62304 kcal/mol
 Gas liquid transition energy in the mix (H_glt)   :         2.93205 kcal/mol
 Equilibrium constant Kx(1,2)                      :         3.80439
 Equilibrium concentration x_k(1,2)                :         0.79186

 Compound: 2  (4-heptanol)
 Chemical potential of the compound in the mixture :        -0.45265 kcal/mol
 Log10(partial pressure [mbar])                    :        -0.06225
 Free energy of molecule in mix (E_COSMO+dE+Mu)    :   -220750.89939 kcal/mol
 Total mean interaction energy in the mix (H_int)  :        -9.88396 kcal/mol
 Misfit interaction energy in the mix (H_MF)       :         2.15240 kcal/mol
 H-Bond interaction energy in the mix (H_HB)       :        -2.85454 kcal/mol
 VdW interaction energy in the mix (H_vdW)         :       -21.47590 kcal/mol
 Gas liquid transition energy in the mix (H_glt)   :        12.18698 kcal/mol
 Equilibrium constant Kx(1,2)                      :  8.96317540E-04
 Equilibrium concentration x_k(1,2)                :         0.00090

 Compound: 3  (lacticacid)
 Chemical potential of the compound in the mixture :         3.50973 kcal/mol
 Log10(partial pressure [mbar])                    :        -1.73161
 Free energy of molecule in mix (E_COSMO+dE+Mu)    :   -215745.17042 kcal/mol
 Total mean interaction energy in the mix (H_int)  :        -6.35806 kcal/mol
 Misfit interaction energy in the mix (H_MF)       :         2.27878 kcal/mol
 H-Bond interaction energy in the mix (H_HB)       :        -4.40367 kcal/mol
 VdW interaction energy in the mix (H_vdW)         :       -14.07375 kcal/mol
 Gas liquid transition energy in the mix (H_glt)   :         8.25184 kcal/mol
 Equilibrium constant Kx(1,2)                      :         0.86651
 Equilibrium concentration x_k(1,2)                :         0.46424



 Compound: 1 Conformer: 1 (h2o_c0)
 Chemical potential of the molecule in the mixture :         3.66150 kcal/mol
 Log10(partial pressure [mbar])                    :         1.57165
 Free energy of molecule in mix (E_COSMO+dE+Mu)    :    -47989.59177 kcal/mol
 Total mean interaction energy in the mix          :        -5.50670 kcal/mol
 Misfit interaction energy in the mix              :         0.93625 kcal/mol
 H-Bond interaction energy in the mix              :        -4.75197 kcal/mol
 VdW interaction energy in the mix                 :        -4.62304 kcal/mol
 Gas liquid transition energy in the mix (H_glt)   :         2.93205 kcal/mol
 Normalized weight factor of molecule in compound  :         1.00000
 Normalized weight factor of molecule in gas phase :         1.00000

 Compound: 2 Conformer: 1 (4-heptanol_c0)
 Chemical potential of the molecule in the mixture :         0.56522 kcal/mol
 Log10(partial pressure [mbar])                    :         0.20844
 Free energy of molecule in mix (E_COSMO+dE+Mu)    :   -220749.87962 kcal/mol
 Total mean interaction energy in the mix          :        -9.71952 kcal/mol
 Misfit interaction energy in the mix              :         2.17629 kcal/mol
 H-Bond interaction energy in the mix              :        -2.50049 kcal/mol
 VdW interaction energy in the mix                 :       -21.58230 kcal/mol
 Gas liquid transition energy in the mix (H_glt)   :        12.18698 kcal/mol
 Normalized weight factor of molecule in compound  :         0.17368
 Normalized weight factor of molecule in gas phase :         0.27961

 Compound: 2 Conformer: 2 (4-heptanol_c1)
 Chemical potential of the molecule in the mixture :         0.51865 kcal/mol
 Log10(partial pressure [mbar])                    :         0.07831
 Free energy of molecule in mix (E_COSMO+dE+Mu)    :   -220749.92809 kcal/mol
 Total mean interaction energy in the mix          :        -9.60781 kcal/mol
 Misfit interaction energy in the mix              :         2.15059 kcal/mol
 H-Bond interaction energy in the mix              :        -2.35737 kcal/mol
 VdW interaction energy in the mix                 :       -21.58801 kcal/mol
 Gas liquid transition energy in the mix (H_glt)   :        12.18698 kcal/mol
 Normalized weight factor of molecule in compound  :         0.18875
 Normalized weight factor of molecule in gas phase :         0.25287

 Compound: 2 Conformer: 3 (4-heptanol_c2)
 Chemical potential of the molecule in the mixture :         0.15843 kcal/mol
 Log10(partial pressure [mbar])                    :        -0.32515
 Free energy of molecule in mix (E_COSMO+dE+Mu)    :   -220750.16241 kcal/mol
 Total mean interaction energy in the mix          :       -10.33945 kcal/mol
 Misfit interaction energy in the mix              :         2.11980 kcal/mol
 H-Bond interaction energy in the mix              :        -3.06642 kcal/mol
 VdW interaction energy in the mix                 :       -21.57980 kcal/mol
 Gas liquid transition energy in the mix (H_glt)   :        12.18698 kcal/mol
 Normalized weight factor of molecule in compound  :         0.28222
 Normalized weight factor of molecule in gas phase :         0.14478

 Compound: 2 Conformer: 4 (4-heptanol_c3)
 Chemical potential of the molecule in the mixture :         0.61816 kcal/mol
 Log10(partial pressure [mbar])                    :        -0.04035
 Free energy of molecule in mix (E_COSMO+dE+Mu)    :   -220749.78910 kcal/mol
 Total mean interaction energy in the mix          :       -10.12042 kcal/mol
 Misfit interaction energy in the mix              :         2.25018 kcal/mol
 H-Bond interaction energy in the mix              :        -3.05886 kcal/mol
 VdW interaction energy in the mix                 :       -21.49872 kcal/mol
 Gas liquid transition energy in the mix (H_glt)   :        12.18698 kcal/mol
 Normalized weight factor of molecule in compound  :         0.14869
 Normalized weight factor of molecule in gas phase :         0.12662

 Compound: 2 Conformer: 5 (4-heptanol_c4)
 Chemical potential of the molecule in the mixture :         0.57222 kcal/mol
 Log10(partial pressure [mbar])                    :        -0.10722
 Free energy of molecule in mix (E_COSMO+dE+Mu)    :   -220749.62433 kcal/mol
 Total mean interaction energy in the mix          :       -10.05598 kcal/mol
 Misfit interaction energy in the mix              :         2.11235 kcal/mol
 H-Bond interaction energy in the mix              :        -3.25088 kcal/mol
 VdW interaction energy in the mix                 :       -21.10442 kcal/mol
 Gas liquid transition energy in the mix (H_glt)   :        12.18698 kcal/mol
 Normalized weight factor of molecule in compound  :         0.11206
 Normalized weight factor of molecule in gas phase :         0.09851

 Compound: 2 Conformer: 6 (4-heptanol_c5)
 Chemical potential of the molecule in the mixture :         0.52630 kcal/mol
 Log10(partial pressure [mbar])                    :        -0.03704
 Free energy of molecule in mix (E_COSMO+dE+Mu)    :   -220749.52572 kcal/mol
 Total mean interaction energy in the mix          :        -9.93482 kcal/mol
 Misfit interaction energy in the mix              :         2.10315 kcal/mol
 H-Bond interaction energy in the mix              :        -3.07385 kcal/mol
 VdW interaction energy in the mix                 :       -21.15110 kcal/mol
 Gas liquid transition energy in the mix (H_glt)   :        12.18698 kcal/mol
 Normalized weight factor of molecule in compound  :         0.09461
 Normalized weight factor of molecule in gas phase :         0.09761

 Compound: 3 Conformer: 1 (lacticacid_c0)
 Chemical potential of the molecule in the mixture :         5.17166 kcal/mol
 Log10(partial pressure [mbar])                    :        -1.73327
 Free energy of molecule in mix (E_COSMO+dE+Mu)    :   -215743.50849 kcal/mol
 Total mean interaction energy in the mix          :        -6.30409 kcal/mol
 Misfit interaction energy in the mix              :         2.68302 kcal/mol
 H-Bond interaction energy in the mix              :        -3.20044 kcal/mol
 VdW interaction energy in the mix                 :       -14.03851 kcal/mol
 Gas liquid transition energy in the mix (H_glt)   :         8.25184 kcal/mol
 Normalized weight factor of molecule in compound  :         0.05768
 Normalized weight factor of molecule in gas phase :         0.00476

 Compound: 3 Conformer: 2 (lacticacid_c1)
 Chemical potential of the molecule in the mixture :         5.59419 kcal/mol
 Log10(partial pressure [mbar])                    :        -1.00124
 Free energy of molecule in mix (E_COSMO+dE+Mu)    :   -215742.90446 kcal/mol
 Total mean interaction energy in the mix          :        -5.80197 kcal/mol
 Misfit interaction energy in the mix              :         2.74642 kcal/mol
 H-Bond interaction energy in the mix              :        -2.79788 kcal/mol
 VdW interaction energy in the mix                 :       -14.00235 kcal/mol
 Gas liquid transition energy in the mix (H_glt)   :         8.25184 kcal/mol
 Normalized weight factor of molecule in compound  :         0.02045
 Normalized weight factor of molecule in gas phase :         0.00936

 Compound: 3 Conformer: 3 (lacticacid_c2)
 Chemical potential of the molecule in the mixture :         2.81242 kcal/mol
 Log10(partial pressure [mbar])                    :        -0.96440
 Free energy of molecule in mix (E_COSMO+dE+Mu)    :   -215744.79405 kcal/mol
 Total mean interaction energy in the mix          :        -7.45280 kcal/mol
 Misfit interaction energy in the mix              :         2.15567 kcal/mol
 H-Bond interaction energy in the mix              :        -3.78218 kcal/mol
 VdW interaction energy in the mix                 :       -14.07813 kcal/mol
 Gas liquid transition energy in the mix (H_glt)   :         8.25184 kcal/mol
 Normalized weight factor of molecule in compound  :         0.52410
 Normalized weight factor of molecule in gas phase :         0.94961

 Compound: 3 Conformer: 4 (lacticacid_c3)
 Chemical potential of the molecule in the mixture :         2.11677 kcal/mol
 Log10(partial pressure [mbar])                    :        -2.59038
 Free energy of molecule in mix (E_COSMO+dE+Mu)    :   -215744.06866 kcal/mol
 Total mean interaction energy in the mix          :        -8.74063 kcal/mol
 Misfit interaction energy in the mix              :         2.29261 kcal/mol
 H-Bond interaction energy in the mix              :        -5.23011 kcal/mol
 VdW interaction energy in the mix                 :       -14.05498 kcal/mol
 Gas liquid transition energy in the mix (H_glt)   :         8.25184 kcal/mol
 Normalized weight factor of molecule in compound  :         0.15088
 Normalized weight factor of molecule in gas phase :         0.02089

 Compound: 3 Conformer: 5 (lacticacid_c4)
 Chemical potential of the molecule in the mixture :         2.20934 kcal/mol
 Log10(partial pressure [mbar])                    :        -4.18859
 Free energy of molecule in mix (E_COSMO+dE+Mu)    :   -215743.88949 kcal/mol
 Total mean interaction energy in the mix          :        -9.28357 kcal/mol
 Misfit interaction energy in the mix              :         2.56901 kcal/mol
 H-Bond interaction energy in the mix              :        -6.00664 kcal/mol
 VdW interaction energy in the mix                 :       -14.09778 kcal/mol
 Gas liquid transition energy in the mix (H_glt)   :         8.25184 kcal/mol
 Normalized weight factor of molecule in compound  :         0.11093
 Normalized weight factor of molecule in gas phase :         0.00039

 Compound: 3 Conformer: 6 (lacticacid_c5)
 Chemical potential of the molecule in the mixture :         2.02747 kcal/mol
 Log10(partial pressure [mbar])                    :        -2.68862
 Free energy of molecule in mix (E_COSMO+dE+Mu)    :   -215744.00799 kcal/mol
 Total mean interaction energy in the mix          :        -8.89895 kcal/mol
 Misfit interaction energy in the mix              :         2.25939 kcal/mol
 H-Bond interaction energy in the mix              :        -5.32638 kcal/mol
 VdW interaction energy in the mix                 :       -14.08380 kcal/mol
 Gas liquid transition energy in the mix (H_glt)   :         8.25184 kcal/mol
 Normalized weight factor of molecule in compound  :         0.13596
 Normalized weight factor of molecule in gas phase :         0.01500




 Results for mixture 15 - LIQ_EX Phase 1 Iteration    7
 ----------------------
 Temperature          :    293.150 K
 Compound Nr.         :         1         2         3
 Compound             :       h2o 4-heptano lacticaci
 Mole Fraction        :    0.9988    0.0007    0.0005

 Compound: 1  (h2o)
 Chemical potential of the compound in the mixture :         2.88312 kcal/mol
 Log10(partial pressure [mbar])                    :         0.99136
 Free energy of molecule in mix (E_COSMO+dE+Mu)    :    -47990.37015 kcal/mol
 Total mean interaction energy in the mix (H_int)  :        -5.85971 kcal/mol
 Misfit interaction energy in the mix (H_MF)       :         0.54833 kcal/mol
 H-Bond interaction energy in the mix (H_HB)       :        -4.97461 kcal/mol
 VdW interaction energy in the mix (H_vdW)         :        -4.36548 kcal/mol
 Gas liquid transition energy in the mix (H_glt)   :         2.93205 kcal/mol

 Compound: 2  (4-heptanol)
 Chemical potential of the compound in the mixture :         3.63557 kcal/mol
 Log10(partial pressure [mbar])                    :         2.98555
 Free energy of molecule in mix (E_COSMO+dE+Mu)    :   -220746.81117 kcal/mol
 Total mean interaction energy in the mix (H_int)  :       -10.25851 kcal/mol
 Misfit interaction energy in the mix (H_MF)       :         2.44050 kcal/mol
 H-Bond interaction energy in the mix (H_HB)       :        -4.22872 kcal/mol
 VdW interaction energy in the mix (H_vdW)         :       -20.76073 kcal/mol
 Gas liquid transition energy in the mix (H_glt)   :        12.18698 kcal/mol

 Compound: 3  (lacticacid)
 Chemical potential of the compound in the mixture :         3.59328 kcal/mol
 Log10(partial pressure [mbar])                    :        -1.66931
 Free energy of molecule in mix (E_COSMO+dE+Mu)    :   -215745.08686 kcal/mol
 Total mean interaction energy in the mix (H_int)  :        -8.52390 kcal/mol
 Misfit interaction energy in the mix (H_MF)       :         1.78077 kcal/mol
 H-Bond interaction energy in the mix (H_HB)       :        -7.44899 kcal/mol
 VdW interaction energy in the mix (H_vdW)         :       -13.38372 kcal/mol
 Gas liquid transition energy in the mix (H_glt)   :         8.25184 kcal/mol



 Compound: 1 Conformer: 1 (h2o_c0)
 Chemical potential of the molecule in the mixture :         2.88312 kcal/mol
 Log10(partial pressure [mbar])                    :         0.99136
 Free energy of molecule in mix (E_COSMO+dE+Mu)    :    -47990.37015 kcal/mol
 Total mean interaction energy in the mix          :        -5.85971 kcal/mol
 Misfit interaction energy in the mix              :         0.54833 kcal/mol
 H-Bond interaction energy in the mix              :        -4.97461 kcal/mol
 VdW interaction energy in the mix                 :        -4.36548 kcal/mol
 Gas liquid transition energy in the mix (H_glt)   :         2.93205 kcal/mol
 Normalized weight factor of molecule in compound  :         1.00000
 Normalized weight factor of molecule in gas phase :         1.00000

 Compound: 2 Conformer: 1 (4-heptanol_c0)
 Chemical potential of the molecule in the mixture :         4.71272 kcal/mol
 Log10(partial pressure [mbar])                    :         3.30043
 Free energy of molecule in mix (E_COSMO+dE+Mu)    :   -220745.73213 kcal/mol
 Total mean interaction energy in the mix          :       -10.19067 kcal/mol
 Misfit interaction energy in the mix              :         2.46556 kcal/mol
 H-Bond interaction energy in the mix              :        -3.95677 kcal/mol
 VdW interaction energy in the mix                 :       -20.88643 kcal/mol
 Gas liquid transition energy in the mix (H_glt)   :        12.18698 kcal/mol
 Normalized weight factor of molecule in compound  :         0.15688
 Normalized weight factor of molecule in gas phase :         0.27961

 Compound: 2 Conformer: 2 (4-heptanol_c1)
 Chemical potential of the molecule in the mixture :         4.85029 kcal/mol
 Log10(partial pressure [mbar])                    :         3.30758
 Free energy of molecule in mix (E_COSMO+dE+Mu)    :   -220745.59645 kcal/mol
 Total mean interaction energy in the mix          :       -10.22612 kcal/mol
 Misfit interaction energy in the mix              :         2.43774 kcal/mol
 H-Bond interaction energy in the mix              :        -3.95365 kcal/mol
 VdW interaction energy in the mix                 :       -20.89718 kcal/mol
 Gas liquid transition energy in the mix (H_glt)   :        12.18698 kcal/mol
 Normalized weight factor of molecule in compound  :         0.12428
 Normalized weight factor of molecule in gas phase :         0.25287

 Compound: 2 Conformer: 3 (4-heptanol_c2)
 Chemical potential of the molecule in the mixture :         4.42427 kcal/mol
 Log10(partial pressure [mbar])                    :         2.85506
 Free energy of molecule in mix (E_COSMO+dE+Mu)    :   -220745.89658 kcal/mol
 Total mean interaction energy in the mix          :       -10.45071 kcal/mol
 Misfit interaction energy in the mix              :         2.45973 kcal/mol
 H-Bond interaction energy in the mix              :        -4.22055 kcal/mol
 VdW interaction energy in the mix                 :       -20.87687 kcal/mol
 Gas liquid transition energy in the mix (H_glt)   :        12.18698 kcal/mol
 Normalized weight factor of molecule in compound  :         0.20805
 Normalized weight factor of molecule in gas phase :         0.14478

 Compound: 2 Conformer: 4 (4-heptanol_c3)
 Chemical potential of the molecule in the mixture :         4.30659 kcal/mol
 Log10(partial pressure [mbar])                    :         2.70940
 Free energy of molecule in mix (E_COSMO+dE+Mu)    :   -220746.10067 kcal/mol
 Total mean interaction energy in the mix          :       -10.55281 kcal/mol
 Misfit interaction energy in the mix              :         2.45611 kcal/mol
 H-Bond interaction energy in the mix              :        -4.40058 kcal/mol
 VdW interaction energy in the mix                 :       -20.79532 kcal/mol
 Gas liquid transition energy in the mix (H_glt)   :        12.18698 kcal/mol
 Normalized weight factor of molecule in compound  :         0.29534
 Normalized weight factor of molecule in gas phase :         0.12662

 Compound: 2 Conformer: 5 (4-heptanol_c4)
 Chemical potential of the molecule in the mixture :         4.54522 kcal/mol
 Log10(partial pressure [mbar])                    :         2.85468
 Free energy of molecule in mix (E_COSMO+dE+Mu)    :   -220745.65133 kcal/mol
 Total mean interaction energy in the mix          :       -10.29137 kcal/mol
 Misfit interaction energy in the mix              :         2.37825 kcal/mol
 H-Bond interaction energy in the mix              :        -4.44203 kcal/mol
 VdW interaction energy in the mix                 :       -20.41457 kcal/mol
 Gas liquid transition energy in the mix (H_glt)   :        12.18698 kcal/mol
 Normalized weight factor of molecule in compound  :         0.13656
 Normalized weight factor of molecule in gas phase :         0.09851

 Compound: 2 Conformer: 6 (4-heptanol_c5)
 Chemical potential of the molecule in the mixture :         4.72037 kcal/mol
 Log10(partial pressure [mbar])                    :         3.08967
 Free energy of molecule in mix (E_COSMO+dE+Mu)    :   -220745.33165 kcal/mol
 Total mean interaction energy in the mix          :       -10.09036 kcal/mol
 Misfit interaction energy in the mix              :         2.39367 kcal/mol
 H-Bond interaction energy in the mix              :        -4.21177 kcal/mol
 VdW interaction energy in the mix                 :       -20.45925 kcal/mol
 Gas liquid transition energy in the mix (H_glt)   :        12.18698 kcal/mol
 Normalized weight factor of molecule in compound  :         0.07889
 Normalized weight factor of molecule in gas phase :         0.09761

 Compound: 3 Conformer: 1 (lacticacid_c0)
 Chemical potential of the molecule in the mixture :         5.53247 kcal/mol
 Log10(partial pressure [mbar])                    :        -1.46427
 Free energy of molecule in mix (E_COSMO+dE+Mu)    :   -215743.14767 kcal/mol
 Total mean interaction energy in the mix          :        -7.85312 kcal/mol
 Misfit interaction energy in the mix              :         1.81767 kcal/mol
 H-Bond interaction energy in the mix              :        -4.58951 kcal/mol
 VdW interaction energy in the mix                 :       -13.33312 kcal/mol
 Gas liquid transition energy in the mix (H_glt)   :         8.25184 kcal/mol
 Normalized weight factor of molecule in compound  :         0.03584
 Normalized weight factor of molecule in gas phase :         0.00476

 Compound: 3 Conformer: 2 (lacticacid_c1)
 Chemical potential of the molecule in the mixture :         5.68803 kcal/mol
 Log10(partial pressure [mbar])                    :        -0.93128
 Free energy of molecule in mix (E_COSMO+dE+Mu)    :   -215742.81062 kcal/mol
 Total mean interaction energy in the mix          :        -7.38666 kcal/mol
 Misfit interaction energy in the mix              :         1.94018 kcal/mol
 H-Bond interaction energy in the mix              :        -4.26702 kcal/mol
 VdW interaction energy in the mix                 :       -13.31166 kcal/mol
 Gas liquid transition energy in the mix (H_glt)   :         8.25184 kcal/mol
 Normalized weight factor of molecule in compound  :         0.02009
 Normalized weight factor of molecule in gas phase :         0.00936

 Compound: 3 Conformer: 3 (lacticacid_c2)
 Chemical potential of the molecule in the mixture :         3.83546 kcal/mol
 Log10(partial pressure [mbar])                    :        -0.20171
 Free energy of molecule in mix (E_COSMO+dE+Mu)    :   -215743.77100 kcal/mol
 Total mean interaction energy in the mix          :        -8.50770 kcal/mol
 Misfit interaction energy in the mix              :         1.86026 kcal/mol
 H-Bond interaction energy in the mix              :        -5.22200 kcal/mol
 VdW interaction energy in the mix                 :       -13.39780 kcal/mol
 Gas liquid transition energy in the mix (H_glt)   :         8.25184 kcal/mol
 Normalized weight factor of molecule in compound  :         0.10448
 Normalized weight factor of molecule in gas phase :         0.94961

 Compound: 3 Conformer: 4 (lacticacid_c3)
 Chemical potential of the molecule in the mixture :         2.02760 kcal/mol
 Log10(partial pressure [mbar])                    :        -2.65686
 Free energy of molecule in mix (E_COSMO+dE+Mu)    :   -215744.15783 kcal/mol
 Total mean interaction energy in the mix          :       -10.73495 kcal/mol
 Misfit interaction energy in the mix              :         1.78357 kcal/mol
 H-Bond interaction energy in the mix              :        -7.39994 kcal/mol
 VdW interaction energy in the mix                 :       -13.37042 kcal/mol
 Gas liquid transition energy in the mix (H_glt)   :         8.25184 kcal/mol
 Normalized weight factor of molecule in compound  :         0.20296
 Normalized weight factor of molecule in gas phase :         0.02089

 Compound: 3 Conformer: 5 (lacticacid_c4)
 Chemical potential of the molecule in the mixture :         1.45469 kcal/mol
 Log10(partial pressure [mbar])                    :        -4.75119
 Free energy of molecule in mix (E_COSMO+dE+Mu)    :   -215744.64414 kcal/mol
 Total mean interaction energy in the mix          :       -11.70725 kcal/mol
 Misfit interaction energy in the mix              :         1.76085 kcal/mol
 H-Bond interaction energy in the mix              :        -8.32965 kcal/mol
 VdW interaction energy in the mix                 :       -13.39029 kcal/mol
 Gas liquid transition energy in the mix (H_glt)   :         8.25184 kcal/mol
 Normalized weight factor of molecule in compound  :         0.46768
 Normalized weight factor of molecule in gas phase :         0.00039

 Compound: 3 Conformer: 6 (lacticacid_c5)
 Chemical potential of the molecule in the mixture :         1.98445 kcal/mol
 Log10(partial pressure [mbar])                    :        -2.72069
 Free energy of molecule in mix (E_COSMO+dE+Mu)    :   -215744.05101 kcal/mol
 Total mean interaction energy in the mix          :       -10.81585 kcal/mol
 Misfit interaction energy in the mix              :         1.75659 kcal/mol
 H-Bond interaction energy in the mix              :        -7.43221 kcal/mol
 VdW interaction energy in the mix                 :       -13.39208 kcal/mol
 Gas liquid transition energy in the mix (H_glt)   :         8.25184 kcal/mol
 Normalized weight factor of molecule in compound  :         0.16895
 Normalized weight factor of molecule in gas phase :         0.01500




 Results for mixture 16 - LIQ_EX Phase 2 Iteration    7
 ----------------------
 Temperature          :    293.150 K
 Compound Nr.         :         1         2         3
 Compound             :       h2o 4-heptano lacticaci
 Mole Fraction        :    0.2599    0.7396    0.0006

 Compound: 1  (h2o)
 Chemical potential of the compound in the mixture :         3.65876 kcal/mol
 Log10(partial pressure [mbar])                    :         1.56960
 Free energy of molecule in mix (E_COSMO+dE+Mu)    :    -47989.59452 kcal/mol
 Total mean interaction energy in the mix (H_int)  :        -5.51279 kcal/mol
 Misfit interaction energy in the mix (H_MF)       :         0.93068 kcal/mol
 H-Bond interaction energy in the mix (H_HB)       :        -4.75329 kcal/mol
 VdW interaction energy in the mix (H_vdW)         :        -4.62224 kcal/mol
 Gas liquid transition energy in the mix (H_glt)   :         2.93205 kcal/mol
 Equilibrium constant Kx(1,2)                      :         3.78651
 Equilibrium concentration x_k(1,2)                :         0.79108

 Compound: 2  (4-heptanol)
 Chemical potential of the compound in the mixture :        -0.45166 kcal/mol
 Log10(partial pressure [mbar])                    :        -0.06151
 Free energy of molecule in mix (E_COSMO+dE+Mu)    :   -220750.89840 kcal/mol
 Total mean interaction energy in the mix (H_int)  :        -9.88712 kcal/mol
 Misfit interaction energy in the mix (H_MF)       :         2.15487 kcal/mol
 H-Bond interaction energy in the mix (H_HB)       :        -2.86147 kcal/mol
 VdW interaction energy in the mix (H_vdW)         :       -21.47452 kcal/mol
 Gas liquid transition energy in the mix (H_glt)   :        12.18698 kcal/mol
 Equilibrium constant Kx(1,2)                      :  8.97304366E-04
 Equilibrium concentration x_k(1,2)                :         0.00090

 Compound: 3  (lacticacid)
 Chemical potential of the compound in the mixture :         3.50549 kcal/mol
 Log10(partial pressure [mbar])                    :        -1.73477
 Free energy of molecule in mix (E_COSMO+dE+Mu)    :   -215745.17465 kcal/mol
 Total mean interaction energy in the mix (H_int)  :        -6.36833 kcal/mol
 Misfit interaction energy in the mix (H_MF)       :         2.27390 kcal/mol
 H-Bond interaction energy in the mix (H_HB)       :        -4.41309 kcal/mol
 VdW interaction energy in the mix (H_vdW)         :       -14.07225 kcal/mol
 Gas liquid transition energy in the mix (H_glt)   :         8.25184 kcal/mol
 Equilibrium constant Kx(1,2)                      :         0.86010
 Equilibrium concentration x_k(1,2)                :         0.46239



 Compound: 1 Conformer: 1 (h2o_c0)
 Chemical potential of the molecule in the mixture :         3.65876 kcal/mol
 Log10(partial pressure [mbar])                    :         1.56960
 Free energy of molecule in mix (E_COSMO+dE+Mu)    :    -47989.59452 kcal/mol
 Total mean interaction energy in the mix          :        -5.51279 kcal/mol
 Misfit interaction energy in the mix              :         0.93068 kcal/mol
 H-Bond interaction energy in the mix              :        -4.75329 kcal/mol
 VdW interaction energy in the mix                 :        -4.62224 kcal/mol
 Gas liquid transition energy in the mix (H_glt)   :         2.93205 kcal/mol
 Normalized weight factor of molecule in compound  :         1.00000
 Normalized weight factor of molecule in gas phase :         1.00000

 Compound: 2 Conformer: 1 (4-heptanol_c0)
 Chemical potential of the molecule in the mixture :         0.56586 kcal/mol
 Log10(partial pressure [mbar])                    :         0.20892
 Free energy of molecule in mix (E_COSMO+dE+Mu)    :   -220749.87898 kcal/mol
 Total mean interaction energy in the mix          :        -9.72253 kcal/mol
 Misfit interaction energy in the mix              :         2.17885 kcal/mol
 H-Bond interaction energy in the mix              :        -2.50746 kcal/mol
 VdW interaction energy in the mix                 :       -21.58090 kcal/mol
 Gas liquid transition energy in the mix (H_glt)   :        12.18698 kcal/mol
 Normalized weight factor of molecule in compound  :         0.17379
 Normalized weight factor of molecule in gas phase :         0.27961

 Compound: 2 Conformer: 2 (4-heptanol_c1)
 Chemical potential of the molecule in the mixture :         0.52027 kcal/mol
 Log10(partial pressure [mbar])                    :         0.07952
 Free energy of molecule in mix (E_COSMO+dE+Mu)    :   -220749.92647 kcal/mol
 Total mean interaction energy in the mix          :        -9.61268 kcal/mol
 Misfit interaction energy in the mix              :         2.15229 kcal/mol
 H-Bond interaction energy in the mix              :        -2.36525 kcal/mol
 VdW interaction energy in the mix                 :       -21.58669 kcal/mol
 Gas liquid transition energy in the mix (H_glt)   :        12.18698 kcal/mol
 Normalized weight factor of molecule in compound  :         0.18855
 Normalized weight factor of molecule in gas phase :         0.25287

 Compound: 2 Conformer: 3 (4-heptanol_c2)
 Chemical potential of the molecule in the mixture :         0.16021 kcal/mol
 Log10(partial pressure [mbar])                    :        -0.32383
 Free energy of molecule in mix (E_COSMO+dE+Mu)    :   -220750.16064 kcal/mol
 Total mean interaction energy in the mix          :       -10.34092 kcal/mol
 Misfit interaction energy in the mix              :         2.12224 kcal/mol
 H-Bond interaction energy in the mix              :        -3.07173 kcal/mol
 VdW interaction energy in the mix                 :       -21.57841 kcal/mol
 Gas liquid transition energy in the mix (H_glt)   :        12.18698 kcal/mol
 Normalized weight factor of molecule in compound  :         0.28184
 Normalized weight factor of molecule in gas phase :         0.14478

 Compound: 2 Conformer: 4 (4-heptanol_c3)
 Chemical potential of the molecule in the mixture :         0.61668 kcal/mol
 Log10(partial pressure [mbar])                    :        -0.04145
 Free energy of molecule in mix (E_COSMO+dE+Mu)    :   -220749.79058 kcal/mol
 Total mean interaction energy in the mix          :       -10.12518 kcal/mol
 Misfit interaction energy in the mix              :         2.25317 kcal/mol
 H-Bond interaction energy in the mix              :        -3.06812 kcal/mol
 VdW interaction energy in the mix                 :       -21.49721 kcal/mol
 Gas liquid transition energy in the mix (H_glt)   :        12.18698 kcal/mol
 Normalized weight factor of molecule in compound  :         0.14932
 Normalized weight factor of molecule in gas phase :         0.12662

 Compound: 2 Conformer: 5 (4-heptanol_c4)
 Chemical potential of the molecule in the mixture :         0.57308 kcal/mol
 Log10(partial pressure [mbar])                    :        -0.10658
 Free energy of molecule in mix (E_COSMO+dE+Mu)    :   -220749.62347 kcal/mol
 Total mean interaction energy in the mix          :       -10.05938 kcal/mol
 Misfit interaction energy in the mix              :         2.11458 kcal/mol
 H-Bond interaction energy in the mix              :        -3.25792 kcal/mol
 VdW interaction energy in the mix                 :       -21.10303 kcal/mol
 Gas liquid transition energy in the mix (H_glt)   :        12.18698 kcal/mol
 Normalized weight factor of molecule in compound  :         0.11208
 Normalized weight factor of molecule in gas phase :         0.09851

 Compound: 2 Conformer: 6 (4-heptanol_c5)
 Chemical potential of the molecule in the mixture :         0.52838 kcal/mol
 Log10(partial pressure [mbar])                    :        -0.03549
 Free energy of molecule in mix (E_COSMO+dE+Mu)    :   -220749.52364 kcal/mol
 Total mean interaction energy in the mix          :        -9.93604 kcal/mol
 Misfit interaction energy in the mix              :         2.10568 kcal/mol
 H-Bond interaction energy in the mix              :        -3.07895 kcal/mol
 VdW interaction energy in the mix                 :       -21.14976 kcal/mol
 Gas liquid transition energy in the mix (H_glt)   :        12.18698 kcal/mol
 Normalized weight factor of molecule in compound  :         0.09443
 Normalized weight factor of molecule in gas phase :         0.09761

 Compound: 3 Conformer: 1 (lacticacid_c0)
 Chemical potential of the molecule in the mixture :         5.16732 kcal/mol
 Log10(partial pressure [mbar])                    :        -1.73650
 Free energy of molecule in mix (E_COSMO+dE+Mu)    :   -215743.51282 kcal/mol
 Total mean interaction energy in the mix          :        -6.31461 kcal/mol
 Misfit interaction energy in the mix              :         2.67529 kcal/mol
 H-Bond interaction energy in the mix              :        -3.20463 kcal/mol
 VdW interaction energy in the mix                 :       -14.03710 kcal/mol
 Gas liquid transition energy in the mix (H_glt)   :         8.25184 kcal/mol
 Normalized weight factor of molecule in compound  :         0.05769
 Normalized weight factor of molecule in gas phase :         0.00476

 Compound: 3 Conformer: 2 (lacticacid_c1)
 Chemical potential of the molecule in the mixture :         5.58834 kcal/mol
 Log10(partial pressure [mbar])                    :        -1.00560
 Free energy of molecule in mix (E_COSMO+dE+Mu)    :   -215742.91030 kcal/mol
 Total mean interaction energy in the mix          :        -5.81113 kcal/mol
 Misfit interaction energy in the mix              :         2.74008 kcal/mol
 H-Bond interaction energy in the mix              :        -2.80216 kcal/mol
 VdW interaction energy in the mix                 :       -14.00089 kcal/mol
 Gas liquid transition energy in the mix (H_glt)   :         8.25184 kcal/mol
 Normalized weight factor of molecule in compound  :         0.02051
 Normalized weight factor of molecule in gas phase :         0.00936

 Compound: 3 Conformer: 3 (lacticacid_c2)
 Chemical potential of the molecule in the mixture :         2.81018 kcal/mol
 Log10(partial pressure [mbar])                    :        -0.96607
 Free energy of molecule in mix (E_COSMO+dE+Mu)    :   -215744.79628 kcal/mol
 Total mean interaction energy in the mix          :        -7.46067 kcal/mol
 Misfit interaction energy in the mix              :         2.15157 kcal/mol
 H-Bond interaction energy in the mix              :        -3.78732 kcal/mol
 VdW interaction energy in the mix                 :       -14.07676 kcal/mol
 Gas liquid transition energy in the mix (H_glt)   :         8.25184 kcal/mol
 Normalized weight factor of molecule in compound  :         0.52230
 Normalized weight factor of molecule in gas phase :         0.94961

 Compound: 3 Conformer: 4 (lacticacid_c3)
 Chemical potential of the molecule in the mixture :         2.11028 kcal/mol
 Log10(partial pressure [mbar])                    :        -2.59522
 Free energy of molecule in mix (E_COSMO+dE+Mu)    :   -215744.07515 kcal/mol
 Total mean interaction energy in the mix          :        -8.75307 kcal/mol
 Misfit interaction energy in the mix              :         2.28632 kcal/mol
 H-Bond interaction energy in the mix              :        -5.23789 kcal/mol
 VdW interaction energy in the mix                 :       -14.05334 kcal/mol
 Gas liquid transition energy in the mix (H_glt)   :         8.25184 kcal/mol
 Normalized weight factor of molecule in compound  :         0.15147
 Normalized weight factor of molecule in gas phase :         0.02089

 Compound: 3 Conformer: 5 (lacticacid_c4)
 Chemical potential of the molecule in the mixture :         2.20132 kcal/mol
 Log10(partial pressure [mbar])                    :        -4.19457
 Free energy of molecule in mix (E_COSMO+dE+Mu)    :   -215743.89751 kcal/mol
 Total mean interaction energy in the mix          :        -9.29965 kcal/mol
 Misfit interaction energy in the mix              :         2.56205 kcal/mol
 H-Bond interaction energy in the mix              :        -6.01751 kcal/mol
 VdW interaction energy in the mix                 :       -14.09602 kcal/mol
 Gas liquid transition energy in the mix (H_glt)   :         8.25184 kcal/mol
 Normalized weight factor of molecule in compound  :         0.11166
 Normalized weight factor of molecule in gas phase :         0.00039

 Compound: 3 Conformer: 6 (lacticacid_c5)
 Chemical potential of the molecule in the mixture :         2.02143 kcal/mol
 Log10(partial pressure [mbar])                    :        -2.69312
 Free energy of molecule in mix (E_COSMO+dE+Mu)    :   -215744.01403 kcal/mol
 Total mean interaction energy in the mix          :        -8.91096 kcal/mol
 Misfit interaction energy in the mix              :         2.25281 kcal/mol
 H-Bond interaction energy in the mix              :        -5.33347 kcal/mol
 VdW interaction energy in the mix                 :       -14.08214 kcal/mol
 Gas liquid transition energy in the mix (H_glt)   :         8.25184 kcal/mol
 Normalized weight factor of molecule in compound  :         0.13638
 Normalized weight factor of molecule in gas phase :         0.01500




 Results for mixture 17 - LIQ_EX Phase 1 Iteration    8
 ----------------------
 Temperature          :    293.150 K
 Compound Nr.         :         1         2         3
 Compound             :       h2o 4-heptano lacticaci
 Mole Fraction        :    0.9988    0.0007    0.0005

 Compound: 1  (h2o)
 Chemical potential of the compound in the mixture :         2.88312 kcal/mol
 Log10(partial pressure [mbar])                    :         0.99136
 Free energy of molecule in mix (E_COSMO+dE+Mu)    :    -47990.37015 kcal/mol
 Total mean interaction energy in the mix (H_int)  :        -5.85970 kcal/mol
 Misfit interaction energy in the mix (H_MF)       :         0.54833 kcal/mol
 H-Bond interaction energy in the mix (H_HB)       :        -4.97461 kcal/mol
 VdW interaction energy in the mix (H_vdW)         :        -4.36548 kcal/mol
 Gas liquid transition energy in the mix (H_glt)   :         2.93205 kcal/mol

 Compound: 2  (4-heptanol)
 Chemical potential of the compound in the mixture :         3.63578 kcal/mol
 Log10(partial pressure [mbar])                    :         2.98570
 Free energy of molecule in mix (E_COSMO+dE+Mu)    :   -220746.81096 kcal/mol
 Total mean interaction energy in the mix (H_int)  :       -10.25850 kcal/mol
 Misfit interaction energy in the mix (H_MF)       :         2.44049 kcal/mol
 H-Bond interaction energy in the mix (H_HB)       :        -4.22873 kcal/mol
 VdW interaction energy in the mix (H_vdW)         :       -20.76070 kcal/mol
 Gas liquid transition energy in the mix (H_glt)   :        12.18698 kcal/mol

 Compound: 3  (lacticacid)
 Chemical potential of the compound in the mixture :         3.59334 kcal/mol
 Log10(partial pressure [mbar])                    :        -1.66927
 Free energy of molecule in mix (E_COSMO+dE+Mu)    :   -215745.08680 kcal/mol
 Total mean interaction energy in the mix (H_int)  :        -8.52392 kcal/mol
 Misfit interaction energy in the mix (H_MF)       :         1.78075 kcal/mol
 H-Bond interaction energy in the mix (H_HB)       :        -7.44904 kcal/mol
 VdW interaction energy in the mix (H_vdW)         :       -13.38369 kcal/mol
 Gas liquid transition energy in the mix (H_glt)   :         8.25184 kcal/mol



 Compound: 1 Conformer: 1 (h2o_c0)
 Chemical potential of the molecule in the mixture :         2.88312 kcal/mol
 Log10(partial pressure [mbar])                    :         0.99136
 Free energy of molecule in mix (E_COSMO+dE+Mu)    :    -47990.37015 kcal/mol
 Total mean interaction energy in the mix          :        -5.85970 kcal/mol
 Misfit interaction energy in the mix              :         0.54833 kcal/mol
 H-Bond interaction energy in the mix              :        -4.97461 kcal/mol
 VdW interaction energy in the mix                 :        -4.36548 kcal/mol
 Gas liquid transition energy in the mix (H_glt)   :         2.93205 kcal/mol
 Normalized weight factor of molecule in compound  :         1.00000
 Normalized weight factor of molecule in gas phase :         1.00000

 Compound: 2 Conformer: 1 (4-heptanol_c0)
 Chemical potential of the molecule in the mixture :         4.71293 kcal/mol
 Log10(partial pressure [mbar])                    :         3.30059
 Free energy of molecule in mix (E_COSMO+dE+Mu)    :   -220745.73192 kcal/mol
 Total mean interaction energy in the mix          :       -10.19066 kcal/mol
 Misfit interaction energy in the mix              :         2.46555 kcal/mol
 H-Bond interaction energy in the mix              :        -3.95679 kcal/mol
 VdW interaction energy in the mix                 :       -20.88639 kcal/mol
 Gas liquid transition energy in the mix (H_glt)   :        12.18698 kcal/mol
 Normalized weight factor of molecule in compound  :         0.15688
 Normalized weight factor of molecule in gas phase :         0.27961

 Compound: 2 Conformer: 2 (4-heptanol_c1)
 Chemical potential of the molecule in the mixture :         4.85051 kcal/mol
 Log10(partial pressure [mbar])                    :         3.30774
 Free energy of molecule in mix (E_COSMO+dE+Mu)    :   -220745.59623 kcal/mol
 Total mean interaction energy in the mix          :       -10.22611 kcal/mol
 Misfit interaction energy in the mix              :         2.43773 kcal/mol
 H-Bond interaction energy in the mix              :        -3.95366 kcal/mol
 VdW interaction energy in the mix                 :       -20.89715 kcal/mol
 Gas liquid transition energy in the mix (H_glt)   :        12.18698 kcal/mol
 Normalized weight factor of molecule in compound  :         0.12428
 Normalized weight factor of molecule in gas phase :         0.25287

 Compound: 2 Conformer: 3 (4-heptanol_c2)
 Chemical potential of the molecule in the mixture :         4.42448 kcal/mol
 Log10(partial pressure [mbar])                    :         2.85522
 Free energy of molecule in mix (E_COSMO+dE+Mu)    :   -220745.89637 kcal/mol
 Total mean interaction energy in the mix          :       -10.45069 kcal/mol
 Misfit interaction energy in the mix              :         2.45972 kcal/mol
 H-Bond interaction energy in the mix              :        -4.22056 kcal/mol
 VdW interaction energy in the mix                 :       -20.87684 kcal/mol
 Gas liquid transition energy in the mix (H_glt)   :        12.18698 kcal/mol
 Normalized weight factor of molecule in compound  :         0.20805
 Normalized weight factor of molecule in gas phase :         0.14478

 Compound: 2 Conformer: 4 (4-heptanol_c3)
 Chemical potential of the molecule in the mixture :         4.30679 kcal/mol
 Log10(partial pressure [mbar])                    :         2.70956
 Free energy of molecule in mix (E_COSMO+dE+Mu)    :   -220746.10046 kcal/mol
 Total mean interaction energy in the mix          :       -10.55280 kcal/mol
 Misfit interaction energy in the mix              :         2.45609 kcal/mol
 H-Bond interaction energy in the mix              :        -4.40059 kcal/mol
 VdW interaction energy in the mix                 :       -20.79529 kcal/mol
 Gas liquid transition energy in the mix (H_glt)   :        12.18698 kcal/mol
 Normalized weight factor of molecule in compound  :         0.29534
 Normalized weight factor of molecule in gas phase :         0.12662

 Compound: 2 Conformer: 5 (4-heptanol_c4)
 Chemical potential of the molecule in the mixture :         4.54542 kcal/mol
 Log10(partial pressure [mbar])                    :         2.85483
 Free energy of molecule in mix (E_COSMO+dE+Mu)    :   -220745.65113 kcal/mol
 Total mean interaction energy in the mix          :       -10.29135 kcal/mol
 Misfit interaction energy in the mix              :         2.37824 kcal/mol
 H-Bond interaction energy in the mix              :        -4.44204 kcal/mol
 VdW interaction energy in the mix                 :       -20.41453 kcal/mol
 Gas liquid transition energy in the mix (H_glt)   :        12.18698 kcal/mol
 Normalized weight factor of molecule in compound  :         0.13656
 Normalized weight factor of molecule in gas phase :         0.09851

 Compound: 2 Conformer: 6 (4-heptanol_c5)
 Chemical potential of the molecule in the mixture :         4.72058 kcal/mol
 Log10(partial pressure [mbar])                    :         3.08982
 Free energy of molecule in mix (E_COSMO+dE+Mu)    :   -220745.33145 kcal/mol
 Total mean interaction energy in the mix          :       -10.09035 kcal/mol
 Misfit interaction energy in the mix              :         2.39366 kcal/mol
 H-Bond interaction energy in the mix              :        -4.21178 kcal/mol
 VdW interaction energy in the mix                 :       -20.45921 kcal/mol
 Gas liquid transition energy in the mix (H_glt)   :        12.18698 kcal/mol
 Normalized weight factor of molecule in compound  :         0.07889
 Normalized weight factor of molecule in gas phase :         0.09761

 Compound: 3 Conformer: 1 (lacticacid_c0)
 Chemical potential of the molecule in the mixture :         5.53253 kcal/mol
 Log10(partial pressure [mbar])                    :        -1.46423
 Free energy of molecule in mix (E_COSMO+dE+Mu)    :   -215743.14761 kcal/mol
 Total mean interaction energy in the mix          :        -7.85314 kcal/mol
 Misfit interaction energy in the mix              :         1.81764 kcal/mol
 H-Bond interaction energy in the mix              :        -4.58953 kcal/mol
 VdW interaction energy in the mix                 :       -13.33310 kcal/mol
 Gas liquid transition energy in the mix (H_glt)   :         8.25184 kcal/mol
 Normalized weight factor of molecule in compound  :         0.03584
 Normalized weight factor of molecule in gas phase :         0.00476

 Compound: 3 Conformer: 2 (lacticacid_c1)
 Chemical potential of the molecule in the mixture :         5.68809 kcal/mol
 Log10(partial pressure [mbar])                    :        -0.93124
 Free energy of molecule in mix (E_COSMO+dE+Mu)    :   -215742.81056 kcal/mol
 Total mean interaction energy in the mix          :        -7.38668 kcal/mol
 Misfit interaction energy in the mix              :         1.94016 kcal/mol
 H-Bond interaction energy in the mix              :        -4.26705 kcal/mol
 VdW interaction energy in the mix                 :       -13.31163 kcal/mol
 Gas liquid transition energy in the mix (H_glt)   :         8.25184 kcal/mol
 Normalized weight factor of molecule in compound  :         0.02009
 Normalized weight factor of molecule in gas phase :         0.00936

 Compound: 3 Conformer: 3 (lacticacid_c2)
 Chemical potential of the molecule in the mixture :         3.83554 kcal/mol
 Log10(partial pressure [mbar])                    :        -0.20166
 Free energy of molecule in mix (E_COSMO+dE+Mu)    :   -215743.77092 kcal/mol
 Total mean interaction energy in the mix          :        -8.50770 kcal/mol
 Misfit interaction energy in the mix              :         1.86025 kcal/mol
 H-Bond interaction energy in the mix              :        -5.22202 kcal/mol
 VdW interaction energy in the mix                 :       -13.39777 kcal/mol
 Gas liquid transition energy in the mix (H_glt)   :         8.25184 kcal/mol
 Normalized weight factor of molecule in compound  :         0.10447
 Normalized weight factor of molecule in gas phase :         0.94961

 Compound: 3 Conformer: 4 (lacticacid_c3)
 Chemical potential of the molecule in the mixture :         2.02765 kcal/mol
 Log10(partial pressure [mbar])                    :        -2.65682
 Free energy of molecule in mix (E_COSMO+dE+Mu)    :   -215744.15778 kcal/mol
 Total mean interaction energy in the mix          :       -10.73497 kcal/mol
 Misfit interaction energy in the mix              :         1.78355 kcal/mol
 H-Bond interaction energy in the mix              :        -7.39997 kcal/mol
 VdW interaction energy in the mix                 :       -13.37039 kcal/mol
 Gas liquid transition energy in the mix (H_glt)   :         8.25184 kcal/mol
 Normalized weight factor of molecule in compound  :         0.20296
 Normalized weight factor of molecule in gas phase :         0.02089

 Compound: 3 Conformer: 5 (lacticacid_c4)
 Chemical potential of the molecule in the mixture :         1.45474 kcal/mol
 Log10(partial pressure [mbar])                    :        -4.75116
 Free energy of molecule in mix (E_COSMO+dE+Mu)    :   -215744.64409 kcal/mol
 Total mean interaction energy in the mix          :       -11.70727 kcal/mol
 Misfit interaction energy in the mix              :         1.76083 kcal/mol
 H-Bond interaction energy in the mix              :        -8.32968 kcal/mol
 VdW interaction energy in the mix                 :       -13.39027 kcal/mol
 Gas liquid transition energy in the mix (H_glt)   :         8.25184 kcal/mol
 Normalized weight factor of molecule in compound  :         0.46769
 Normalized weight factor of molecule in gas phase :         0.00039

 Compound: 3 Conformer: 6 (lacticacid_c5)
 Chemical potential of the molecule in the mixture :         1.98451 kcal/mol
 Log10(partial pressure [mbar])                    :        -2.72065
 Free energy of molecule in mix (E_COSMO+dE+Mu)    :   -215744.05096 kcal/mol
 Total mean interaction energy in the mix          :       -10.81587 kcal/mol
 Misfit interaction energy in the mix              :         1.75657 kcal/mol
 H-Bond interaction energy in the mix              :        -7.43223 kcal/mol
 VdW interaction energy in the mix                 :       -13.39206 kcal/mol
 Gas liquid transition energy in the mix (H_glt)   :         8.25184 kcal/mol
 Normalized weight factor of molecule in compound  :         0.16895
 Normalized weight factor of molecule in gas phase :         0.01500




 Results for mixture 18 - LIQ_EX Phase 2 Iteration    8
 ----------------------
 Temperature          :    293.150 K
 Compound Nr.         :         1         2         3
 Compound             :       h2o 4-heptano lacticaci
 Mole Fraction        :    0.2622    0.7373    0.0006

 Compound: 1  (h2o)
 Chemical potential of the compound in the mixture :         3.65710 kcal/mol
 Log10(partial pressure [mbar])                    :         1.56837
 Free energy of molecule in mix (E_COSMO+dE+Mu)    :    -47989.59617 kcal/mol
 Total mean interaction energy in the mix (H_int)  :        -5.51649 kcal/mol
 Misfit interaction energy in the mix (H_MF)       :         0.92730 kcal/mol
 H-Bond interaction energy in the mix (H_HB)       :        -4.75409 kcal/mol
 VdW interaction energy in the mix (H_vdW)         :        -4.62176 kcal/mol
 Gas liquid transition energy in the mix (H_glt)   :         2.93205 kcal/mol
 Equilibrium constant Kx(1,2)                      :         3.77577
 Equilibrium concentration x_k(1,2)                :         0.79061

 Compound: 2  (4-heptanol)
 Chemical potential of the compound in the mixture :        -0.45105 kcal/mol
 Log10(partial pressure [mbar])                    :        -0.06106
 Free energy of molecule in mix (E_COSMO+dE+Mu)    :   -220750.89779 kcal/mol
 Total mean interaction energy in the mix (H_int)  :        -9.88901 kcal/mol
 Misfit interaction energy in the mix (H_MF)       :         2.15639 kcal/mol
 H-Bond interaction energy in the mix (H_HB)       :        -2.86567 kcal/mol
 VdW interaction energy in the mix (H_vdW)         :       -21.47369 kcal/mol
 Gas liquid transition energy in the mix (H_glt)   :        12.18698 kcal/mol
 Equilibrium constant Kx(1,2)                      :  8.97920942E-04
 Equilibrium concentration x_k(1,2)                :         0.00090

 Compound: 3  (lacticacid)
 Chemical potential of the compound in the mixture :         3.50294 kcal/mol
 Log10(partial pressure [mbar])                    :        -1.73667
 Free energy of molecule in mix (E_COSMO+dE+Mu)    :   -215745.17720 kcal/mol
 Total mean interaction energy in the mix (H_int)  :        -6.37456 kcal/mol
 Misfit interaction energy in the mix (H_MF)       :         2.27095 kcal/mol
 H-Bond interaction energy in the mix (H_HB)       :        -4.41880 kcal/mol
 VdW interaction energy in the mix (H_vdW)         :       -14.07135 kcal/mol
 Gas liquid transition energy in the mix (H_glt)   :         8.25184 kcal/mol
 Equilibrium constant Kx(1,2)                      :         0.85626
 Equilibrium concentration x_k(1,2)                :         0.46128



 Compound: 1 Conformer: 1 (h2o_c0)
 Chemical potential of the molecule in the mixture :         3.65710 kcal/mol
 Log10(partial pressure [mbar])                    :         1.56837
 Free energy of molecule in mix (E_COSMO+dE+Mu)    :    -47989.59617 kcal/mol
 Total mean interaction energy in the mix          :        -5.51649 kcal/mol
 Misfit interaction energy in the mix              :         0.92730 kcal/mol
 H-Bond interaction energy in the mix              :        -4.75409 kcal/mol
 VdW interaction energy in the mix                 :        -4.62176 kcal/mol
 Gas liquid transition energy in the mix (H_glt)   :         2.93205 kcal/mol
 Normalized weight factor of molecule in compound  :         1.00000
 Normalized weight factor of molecule in gas phase :         1.00000

 Compound: 2 Conformer: 1 (4-heptanol_c0)
 Chemical potential of the molecule in the mixture :         0.56626 kcal/mol
 Log10(partial pressure [mbar])                    :         0.20922
 Free energy of molecule in mix (E_COSMO+dE+Mu)    :   -220749.87858 kcal/mol
 Total mean interaction energy in the mix          :        -9.72434 kcal/mol
 Misfit interaction energy in the mix              :         2.18042 kcal/mol
 H-Bond interaction energy in the mix              :        -2.51168 kcal/mol
 VdW interaction energy in the mix                 :       -21.58006 kcal/mol
 Gas liquid transition energy in the mix (H_glt)   :        12.18698 kcal/mol
 Normalized weight factor of molecule in compound  :         0.17385
 Normalized weight factor of molecule in gas phase :         0.27961

 Compound: 2 Conformer: 2 (4-heptanol_c1)
 Chemical potential of the molecule in the mixture :         0.52125 kcal/mol
 Log10(partial pressure [mbar])                    :         0.08025
 Free energy of molecule in mix (E_COSMO+dE+Mu)    :   -220749.92549 kcal/mol
 Total mean interaction energy in the mix          :        -9.61561 kcal/mol
 Misfit interaction energy in the mix              :         2.15333 kcal/mol
 H-Bond interaction energy in the mix              :        -2.37003 kcal/mol
 VdW interaction energy in the mix                 :       -21.58589 kcal/mol
 Gas liquid transition energy in the mix (H_glt)   :        12.18698 kcal/mol
 Normalized weight factor of molecule in compound  :         0.18843
 Normalized weight factor of molecule in gas phase :         0.25287

 Compound: 2 Conformer: 3 (4-heptanol_c2)
 Chemical potential of the molecule in the mixture :         0.16129 kcal/mol
 Log10(partial pressure [mbar])                    :        -0.32302
 Free energy of molecule in mix (E_COSMO+dE+Mu)    :   -220750.15956 kcal/mol
 Total mean interaction energy in the mix          :       -10.34180 kcal/mol
 Misfit interaction energy in the mix              :         2.12374 kcal/mol
 H-Bond interaction energy in the mix              :        -3.07494 kcal/mol
 VdW interaction energy in the mix                 :       -21.57757 kcal/mol
 Gas liquid transition energy in the mix (H_glt)   :        12.18698 kcal/mol
 Normalized weight factor of molecule in compound  :         0.28161
 Normalized weight factor of molecule in gas phase :         0.14478

 Compound: 2 Conformer: 4 (4-heptanol_c3)
 Chemical potential of the molecule in the mixture :         0.61579 kcal/mol
 Log10(partial pressure [mbar])                    :        -0.04211
 Free energy of molecule in mix (E_COSMO+dE+Mu)    :   -220749.79146 kcal/mol
 Total mean interaction energy in the mix          :       -10.12801 kcal/mol
 Misfit interaction energy in the mix              :         2.25502 kcal/mol
 H-Bond interaction energy in the mix              :        -3.07371 kcal/mol
 VdW interaction energy in the mix                 :       -21.49630 kcal/mol
 Gas liquid transition energy in the mix (H_glt)   :        12.18698 kcal/mol
 Normalized weight factor of molecule in compound  :         0.14970
 Normalized weight factor of molecule in gas phase :         0.12662

 Compound: 2 Conformer: 5 (4-heptanol_c4)
 Chemical potential of the molecule in the mixture :         0.57361 kcal/mol
 Log10(partial pressure [mbar])                    :        -0.10619
 Free energy of molecule in mix (E_COSMO+dE+Mu)    :   -220749.62294 kcal/mol
 Total mean interaction energy in the mix          :       -10.06142 kcal/mol
 Misfit interaction energy in the mix              :         2.11596 kcal/mol
 H-Bond interaction energy in the mix              :        -3.26217 kcal/mol
 VdW interaction energy in the mix                 :       -21.10218 kcal/mol
 Gas liquid transition energy in the mix (H_glt)   :        12.18698 kcal/mol
 Normalized weight factor of molecule in compound  :         0.11210
 Normalized weight factor of molecule in gas phase :         0.09851

 Compound: 2 Conformer: 6 (4-heptanol_c5)
 Chemical potential of the molecule in the mixture :         0.52965 kcal/mol
 Log10(partial pressure [mbar])                    :        -0.03454
 Free energy of molecule in mix (E_COSMO+dE+Mu)    :   -220749.52237 kcal/mol
 Total mean interaction energy in the mix          :        -9.93677 kcal/mol
 Misfit interaction energy in the mix              :         2.10723 kcal/mol
 H-Bond interaction energy in the mix              :        -3.08204 kcal/mol
 VdW interaction energy in the mix                 :       -21.14894 kcal/mol
 Gas liquid transition energy in the mix (H_glt)   :        12.18698 kcal/mol
 Normalized weight factor of molecule in compound  :         0.09432
 Normalized weight factor of molecule in gas phase :         0.09761

 Compound: 3 Conformer: 1 (lacticacid_c0)
 Chemical potential of the molecule in the mixture :         5.16472 kcal/mol
 Log10(partial pressure [mbar])                    :        -1.73844
 Free energy of molecule in mix (E_COSMO+dE+Mu)    :   -215743.51542 kcal/mol
 Total mean interaction energy in the mix          :        -6.32097 kcal/mol
 Misfit interaction energy in the mix              :         2.67061 kcal/mol
 H-Bond interaction energy in the mix              :        -3.20717 kcal/mol
 VdW interaction energy in the mix                 :       -14.03625 kcal/mol
 Gas liquid transition energy in the mix (H_glt)   :         8.25184 kcal/mol
 Normalized weight factor of molecule in compound  :         0.05769
 Normalized weight factor of molecule in gas phase :         0.00476

 Compound: 3 Conformer: 2 (lacticacid_c1)
 Chemical potential of the molecule in the mixture :         5.58483 kcal/mol
 Log10(partial pressure [mbar])                    :        -1.00822
 Free energy of molecule in mix (E_COSMO+dE+Mu)    :   -215742.91382 kcal/mol
 Total mean interaction energy in the mix          :        -5.81668 kcal/mol
 Misfit interaction energy in the mix              :         2.73625 kcal/mol
 H-Bond interaction energy in the mix              :        -2.80477 kcal/mol
 VdW interaction energy in the mix                 :       -14.00000 kcal/mol
 Gas liquid transition energy in the mix (H_glt)   :         8.25184 kcal/mol
 Normalized weight factor of molecule in compound  :         0.02054
 Normalized weight factor of molecule in gas phase :         0.00936

 Compound: 3 Conformer: 3 (lacticacid_c2)
 Chemical potential of the molecule in the mixture :         2.80884 kcal/mol
 Log10(partial pressure [mbar])                    :        -0.96707
 Free energy of molecule in mix (E_COSMO+dE+Mu)    :   -215744.79762 kcal/mol
 Total mean interaction energy in the mix          :        -7.46542 kcal/mol
 Misfit interaction energy in the mix              :         2.14909 kcal/mol
 H-Bond interaction energy in the mix              :        -3.79043 kcal/mol
 VdW interaction energy in the mix                 :       -14.07593 kcal/mol
 Gas liquid transition energy in the mix (H_glt)   :         8.25184 kcal/mol
 Normalized weight factor of molecule in compound  :         0.52122
 Normalized weight factor of molecule in gas phase :         0.94961

 Compound: 3 Conformer: 4 (lacticacid_c3)
 Chemical potential of the molecule in the mixture :         2.10637 kcal/mol
 Log10(partial pressure [mbar])                    :        -2.59814
 Free energy of molecule in mix (E_COSMO+dE+Mu)    :   -215744.07906 kcal/mol
 Total mean interaction energy in the mix          :        -8.76058 kcal/mol
 Misfit interaction energy in the mix              :         2.28253 kcal/mol
 H-Bond interaction energy in the mix              :        -5.24260 kcal/mol
 VdW interaction energy in the mix                 :       -14.05235 kcal/mol
 Gas liquid transition energy in the mix (H_glt)   :         8.25184 kcal/mol
 Normalized weight factor of molecule in compound  :         0.15182
 Normalized weight factor of molecule in gas phase :         0.02089

 Compound: 3 Conformer: 5 (lacticacid_c4)
 Chemical potential of the molecule in the mixture :         2.19648 kcal/mol
 Log10(partial pressure [mbar])                    :        -4.19818
 Free energy of molecule in mix (E_COSMO+dE+Mu)    :   -215743.90235 kcal/mol
 Total mean interaction energy in the mix          :        -9.30935 kcal/mol
 Misfit interaction energy in the mix              :         2.55785 kcal/mol
 H-Bond interaction energy in the mix              :        -6.02409 kcal/mol
 VdW interaction energy in the mix                 :       -14.09496 kcal/mol
 Gas liquid transition energy in the mix (H_glt)   :         8.25184 kcal/mol
 Normalized weight factor of molecule in compound  :         0.11210
 Normalized weight factor of molecule in gas phase :         0.00039

 Compound: 3 Conformer: 6 (lacticacid_c5)
 Chemical potential of the molecule in the mixture :         2.01780 kcal/mol
 Log10(partial pressure [mbar])                    :        -2.69583
 Free energy of molecule in mix (E_COSMO+dE+Mu)    :   -215744.01767 kcal/mol
 Total mean interaction energy in the mix          :        -8.91822 kcal/mol
 Misfit interaction energy in the mix              :         2.24884 kcal/mol
 H-Bond interaction energy in the mix              :        -5.33777 kcal/mol
 VdW interaction energy in the mix                 :       -14.08113 kcal/mol
 Gas liquid transition energy in the mix (H_glt)   :         8.25184 kcal/mol
 Normalized weight factor of molecule in compound  :         0.13663
 Normalized weight factor of molecule in gas phase :         0.01500




 Results for mixture 19 - LIQ_EX Phase 1 Iteration    9
 ----------------------
 Temperature          :    293.150 K
 Compound Nr.         :         1         2         3
 Compound             :       h2o 4-heptano lacticaci
 Mole Fraction        :    0.9988    0.0007    0.0005

 Compound: 1  (h2o)
 Chemical potential of the compound in the mixture :         2.88312 kcal/mol
 Log10(partial pressure [mbar])                    :         0.99136
 Free energy of molecule in mix (E_COSMO+dE+Mu)    :    -47990.37015 kcal/mol
 Total mean interaction energy in the mix (H_int)  :        -5.85970 kcal/mol
 Misfit interaction energy in the mix (H_MF)       :         0.54833 kcal/mol
 H-Bond interaction energy in the mix (H_HB)       :        -4.97461 kcal/mol
 VdW interaction energy in the mix (H_vdW)         :        -4.36547 kcal/mol
 Gas liquid transition energy in the mix (H_glt)   :         2.93205 kcal/mol

 Compound: 2  (4-heptanol)
 Chemical potential of the compound in the mixture :         3.63590 kcal/mol
 Log10(partial pressure [mbar])                    :         2.98579
 Free energy of molecule in mix (E_COSMO+dE+Mu)    :   -220746.81084 kcal/mol
 Total mean interaction energy in the mix (H_int)  :       -10.25849 kcal/mol
 Misfit interaction energy in the mix (H_MF)       :         2.44048 kcal/mol
 H-Bond interaction energy in the mix (H_HB)       :        -4.22874 kcal/mol
 VdW interaction energy in the mix (H_vdW)         :       -20.76067 kcal/mol
 Gas liquid transition energy in the mix (H_glt)   :        12.18698 kcal/mol

 Compound: 3  (lacticacid)
 Chemical potential of the compound in the mixture :         3.59337 kcal/mol
 Log10(partial pressure [mbar])                    :        -1.66925
 Free energy of molecule in mix (E_COSMO+dE+Mu)    :   -215745.08677 kcal/mol
 Total mean interaction energy in the mix (H_int)  :        -8.52394 kcal/mol
 Misfit interaction energy in the mix (H_MF)       :         1.78074 kcal/mol
 H-Bond interaction energy in the mix (H_HB)       :        -7.44906 kcal/mol
 VdW interaction energy in the mix (H_vdW)         :       -13.38367 kcal/mol
 Gas liquid transition energy in the mix (H_glt)   :         8.25184 kcal/mol



 Compound: 1 Conformer: 1 (h2o_c0)
 Chemical potential of the molecule in the mixture :         2.88312 kcal/mol
 Log10(partial pressure [mbar])                    :         0.99136
 Free energy of molecule in mix (E_COSMO+dE+Mu)    :    -47990.37015 kcal/mol
 Total mean interaction energy in the mix          :        -5.85970 kcal/mol
 Misfit interaction energy in the mix              :         0.54833 kcal/mol
 H-Bond interaction energy in the mix              :        -4.97461 kcal/mol
 VdW interaction energy in the mix                 :        -4.36547 kcal/mol
 Gas liquid transition energy in the mix (H_glt)   :         2.93205 kcal/mol
 Normalized weight factor of molecule in compound  :         1.00000
 Normalized weight factor of molecule in gas phase :         1.00000

 Compound: 2 Conformer: 1 (4-heptanol_c0)
 Chemical potential of the molecule in the mixture :         4.71305 kcal/mol
 Log10(partial pressure [mbar])                    :         3.30068
 Free energy of molecule in mix (E_COSMO+dE+Mu)    :   -220745.73179 kcal/mol
 Total mean interaction energy in the mix          :       -10.19065 kcal/mol
 Misfit interaction energy in the mix              :         2.46554 kcal/mol
 H-Bond interaction energy in the mix              :        -3.95679 kcal/mol
 VdW interaction energy in the mix                 :       -20.88637 kcal/mol
 Gas liquid transition energy in the mix (H_glt)   :        12.18698 kcal/mol
 Normalized weight factor of molecule in compound  :         0.15688
 Normalized weight factor of molecule in gas phase :         0.27961

 Compound: 2 Conformer: 2 (4-heptanol_c1)
 Chemical potential of the molecule in the mixture :         4.85063 kcal/mol
 Log10(partial pressure [mbar])                    :         3.30784
 Free energy of molecule in mix (E_COSMO+dE+Mu)    :   -220745.59611 kcal/mol
 Total mean interaction energy in the mix          :       -10.22610 kcal/mol
 Misfit interaction energy in the mix              :         2.43772 kcal/mol
 H-Bond interaction energy in the mix              :        -3.95367 kcal/mol
 VdW interaction energy in the mix                 :       -20.89713 kcal/mol
 Gas liquid transition energy in the mix (H_glt)   :        12.18698 kcal/mol
 Normalized weight factor of molecule in compound  :         0.12428
 Normalized weight factor of molecule in gas phase :         0.25287

 Compound: 2 Conformer: 3 (4-heptanol_c2)
 Chemical potential of the molecule in the mixture :         4.42460 kcal/mol
 Log10(partial pressure [mbar])                    :         2.85531
 Free energy of molecule in mix (E_COSMO+dE+Mu)    :   -220745.89625 kcal/mol
 Total mean interaction energy in the mix          :       -10.45069 kcal/mol
 Misfit interaction energy in the mix              :         2.45971 kcal/mol
 H-Bond interaction energy in the mix              :        -4.22056 kcal/mol
 VdW interaction energy in the mix                 :       -20.87682 kcal/mol
 Gas liquid transition energy in the mix (H_glt)   :        12.18698 kcal/mol
 Normalized weight factor of molecule in compound  :         0.20805
 Normalized weight factor of molecule in gas phase :         0.14478

 Compound: 2 Conformer: 4 (4-heptanol_c3)
 Chemical potential of the molecule in the mixture :         4.30691 kcal/mol
 Log10(partial pressure [mbar])                    :         2.70965
 Free energy of molecule in mix (E_COSMO+dE+Mu)    :   -220746.10034 kcal/mol
 Total mean interaction energy in the mix          :       -10.55279 kcal/mol
 Misfit interaction energy in the mix              :         2.45609 kcal/mol
 H-Bond interaction energy in the mix              :        -4.40059 kcal/mol
 VdW interaction energy in the mix                 :       -20.79526 kcal/mol
 Gas liquid transition energy in the mix (H_glt)   :        12.18698 kcal/mol
 Normalized weight factor of molecule in compound  :         0.29534
 Normalized weight factor of molecule in gas phase :         0.12662

 Compound: 2 Conformer: 5 (4-heptanol_c4)
 Chemical potential of the molecule in the mixture :         4.54554 kcal/mol
 Log10(partial pressure [mbar])                    :         2.85492
 Free energy of molecule in mix (E_COSMO+dE+Mu)    :   -220745.65101 kcal/mol
 Total mean interaction energy in the mix          :       -10.29134 kcal/mol
 Misfit interaction energy in the mix              :         2.37824 kcal/mol
 H-Bond interaction energy in the mix              :        -4.44205 kcal/mol
 VdW interaction energy in the mix                 :       -20.41451 kcal/mol
 Gas liquid transition energy in the mix (H_glt)   :        12.18698 kcal/mol
 Normalized weight factor of molecule in compound  :         0.13656
 Normalized weight factor of molecule in gas phase :         0.09851

 Compound: 2 Conformer: 6 (4-heptanol_c5)
 Chemical potential of the molecule in the mixture :         4.72070 kcal/mol
 Log10(partial pressure [mbar])                    :         3.08992
 Free energy of molecule in mix (E_COSMO+dE+Mu)    :   -220745.33133 kcal/mol
 Total mean interaction energy in the mix          :       -10.09034 kcal/mol
 Misfit interaction energy in the mix              :         2.39365 kcal/mol
 H-Bond interaction energy in the mix              :        -4.21178 kcal/mol
 VdW interaction energy in the mix                 :       -20.45919 kcal/mol
 Gas liquid transition energy in the mix (H_glt)   :        12.18698 kcal/mol
 Normalized weight factor of molecule in compound  :         0.07889
 Normalized weight factor of molecule in gas phase :         0.09761

 Compound: 3 Conformer: 1 (lacticacid_c0)
 Chemical potential of the molecule in the mixture :         5.53257 kcal/mol
 Log10(partial pressure [mbar])                    :        -1.46420
 Free energy of molecule in mix (E_COSMO+dE+Mu)    :   -215743.14757 kcal/mol
 Total mean interaction energy in the mix          :        -7.85315 kcal/mol
 Misfit interaction energy in the mix              :         1.81763 kcal/mol
 H-Bond interaction energy in the mix              :        -4.58954 kcal/mol
 VdW interaction energy in the mix                 :       -13.33308 kcal/mol
 Gas liquid transition energy in the mix (H_glt)   :         8.25184 kcal/mol
 Normalized weight factor of molecule in compound  :         0.03584
 Normalized weight factor of molecule in gas phase :         0.00476

 Compound: 3 Conformer: 2 (lacticacid_c1)
 Chemical potential of the molecule in the mixture :         5.68813 kcal/mol
 Log10(partial pressure [mbar])                    :        -0.93121
 Free energy of molecule in mix (E_COSMO+dE+Mu)    :   -215742.81052 kcal/mol
 Total mean interaction energy in the mix          :        -7.38668 kcal/mol
 Misfit interaction energy in the mix              :         1.94015 kcal/mol
 H-Bond interaction energy in the mix              :        -4.26706 kcal/mol
 VdW interaction energy in the mix                 :       -13.31161 kcal/mol
 Gas liquid transition energy in the mix (H_glt)   :         8.25184 kcal/mol
 Normalized weight factor of molecule in compound  :         0.02009
 Normalized weight factor of molecule in gas phase :         0.00936

 Compound: 3 Conformer: 3 (lacticacid_c2)
 Chemical potential of the molecule in the mixture :         3.83559 kcal/mol
 Log10(partial pressure [mbar])                    :        -0.20162
 Free energy of molecule in mix (E_COSMO+dE+Mu)    :   -215743.77088 kcal/mol
 Total mean interaction energy in the mix          :        -8.50771 kcal/mol
 Misfit interaction energy in the mix              :         1.86024 kcal/mol
 H-Bond interaction energy in the mix              :        -5.22203 kcal/mol
 VdW interaction energy in the mix                 :       -13.39776 kcal/mol
 Gas liquid transition energy in the mix (H_glt)   :         8.25184 kcal/mol
 Normalized weight factor of molecule in compound  :         0.10447
 Normalized weight factor of molecule in gas phase :         0.94961

 Compound: 3 Conformer: 4 (lacticacid_c3)
 Chemical potential of the molecule in the mixture :         2.02769 kcal/mol
 Log10(partial pressure [mbar])                    :        -2.65679
 Free energy of molecule in mix (E_COSMO+dE+Mu)    :   -215744.15774 kcal/mol
 Total mean interaction energy in the mix          :       -10.73498 kcal/mol
 Misfit interaction energy in the mix              :         1.78354 kcal/mol
 H-Bond interaction energy in the mix              :        -7.39999 kcal/mol
 VdW interaction energy in the mix                 :       -13.37038 kcal/mol
 Gas liquid transition energy in the mix (H_glt)   :         8.25184 kcal/mol
 Normalized weight factor of molecule in compound  :         0.20296
 Normalized weight factor of molecule in gas phase :         0.02089

 Compound: 3 Conformer: 5 (lacticacid_c4)
 Chemical potential of the molecule in the mixture :         1.45476 kcal/mol
 Log10(partial pressure [mbar])                    :        -4.75114
 Free energy of molecule in mix (E_COSMO+dE+Mu)    :   -215744.64407 kcal/mol
 Total mean interaction energy in the mix          :       -11.70728 kcal/mol
 Misfit interaction energy in the mix              :         1.76082 kcal/mol
 H-Bond interaction energy in the mix              :        -8.32969 kcal/mol
 VdW interaction energy in the mix                 :       -13.39025 kcal/mol
 Gas liquid transition energy in the mix (H_glt)   :         8.25184 kcal/mol
 Normalized weight factor of molecule in compound  :         0.46769
 Normalized weight factor of molecule in gas phase :         0.00039

 Compound: 3 Conformer: 6 (lacticacid_c5)
 Chemical potential of the molecule in the mixture :         1.98454 kcal/mol
 Log10(partial pressure [mbar])                    :        -2.72063
 Free energy of molecule in mix (E_COSMO+dE+Mu)    :   -215744.05093 kcal/mol
 Total mean interaction energy in the mix          :       -10.81589 kcal/mol
 Misfit interaction energy in the mix              :         1.75656 kcal/mol
 H-Bond interaction energy in the mix              :        -7.43225 kcal/mol
 VdW interaction energy in the mix                 :       -13.39204 kcal/mol
 Gas liquid transition energy in the mix (H_glt)   :         8.25184 kcal/mol
 Normalized weight factor of molecule in compound  :         0.16895
 Normalized weight factor of molecule in gas phase :         0.01500




 Results for mixture 20 - LIQ_EX Phase 2 Iteration    9
 ----------------------
 Temperature          :    293.150 K
 Compound Nr.         :         1         2         3
 Compound             :       h2o 4-heptano lacticaci
 Mole Fraction        :    0.2635    0.7359    0.0006

 Compound: 1  (h2o)
 Chemical potential of the compound in the mixture :         3.65610 kcal/mol
 Log10(partial pressure [mbar])                    :         1.56762
 Free energy of molecule in mix (E_COSMO+dE+Mu)    :    -47989.59718 kcal/mol
 Total mean interaction energy in the mix (H_int)  :        -5.51875 kcal/mol
 Misfit interaction energy in the mix (H_MF)       :         0.92524 kcal/mol
 H-Bond interaction energy in the mix (H_HB)       :        -4.75457 kcal/mol
 VdW interaction energy in the mix (H_vdW)         :        -4.62147 kcal/mol
 Gas liquid transition energy in the mix (H_glt)   :         2.93205 kcal/mol
 Equilibrium constant Kx(1,2)                      :         3.76927
 Equilibrium concentration x_k(1,2)                :         0.79032

 Compound: 2  (4-heptanol)
 Chemical potential of the compound in the mixture :        -0.45068 kcal/mol
 Log10(partial pressure [mbar])                    :        -0.06078
 Free energy of molecule in mix (E_COSMO+dE+Mu)    :   -220750.89742 kcal/mol
 Total mean interaction energy in the mix (H_int)  :        -9.89016 kcal/mol
 Misfit interaction energy in the mix (H_MF)       :         2.15732 kcal/mol
 H-Bond interaction energy in the mix (H_HB)       :        -2.86822 kcal/mol
 VdW interaction energy in the mix (H_vdW)         :       -21.47318 kcal/mol
 Gas liquid transition energy in the mix (H_glt)   :        12.18698 kcal/mol
 Equilibrium constant Kx(1,2)                      :  8.98302865E-04
 Equilibrium concentration x_k(1,2)                :         0.00090

 Compound: 3  (lacticacid)
 Chemical potential of the compound in the mixture :         3.50139 kcal/mol
 Log10(partial pressure [mbar])                    :        -1.73782
 Free energy of molecule in mix (E_COSMO+dE+Mu)    :   -215745.17875 kcal/mol
 Total mean interaction energy in the mix (H_int)  :        -6.37834 kcal/mol
 Misfit interaction energy in the mix (H_MF)       :         2.26916 kcal/mol
 H-Bond interaction energy in the mix (H_HB)       :        -4.42227 kcal/mol
 VdW interaction energy in the mix (H_vdW)         :       -14.07079 kcal/mol
 Gas liquid transition energy in the mix (H_glt)   :         8.25184 kcal/mol
 Equilibrium constant Kx(1,2)                      :         0.85394
 Equilibrium concentration x_k(1,2)                :         0.46061



 Compound: 1 Conformer: 1 (h2o_c0)
 Chemical potential of the molecule in the mixture :         3.65610 kcal/mol
 Log10(partial pressure [mbar])                    :         1.56762
 Free energy of molecule in mix (E_COSMO+dE+Mu)    :    -47989.59718 kcal/mol
 Total mean interaction energy in the mix          :        -5.51875 kcal/mol
 Misfit interaction energy in the mix              :         0.92524 kcal/mol
 H-Bond interaction energy in the mix              :        -4.75457 kcal/mol
 VdW interaction energy in the mix                 :        -4.62147 kcal/mol
 Gas liquid transition energy in the mix (H_glt)   :         2.93205 kcal/mol
 Normalized weight factor of molecule in compound  :         1.00000
 Normalized weight factor of molecule in gas phase :         1.00000

 Compound: 2 Conformer: 1 (4-heptanol_c0)
 Chemical potential of the molecule in the mixture :         0.56651 kcal/mol
 Log10(partial pressure [mbar])                    :         0.20940
 Free energy of molecule in mix (E_COSMO+dE+Mu)    :   -220749.87834 kcal/mol
 Total mean interaction energy in the mix          :        -9.72543 kcal/mol
 Misfit interaction energy in the mix              :         2.18139 kcal/mol
 H-Bond interaction energy in the mix              :        -2.51425 kcal/mol
 VdW interaction energy in the mix                 :       -21.57954 kcal/mol
 Gas liquid transition energy in the mix (H_glt)   :        12.18698 kcal/mol
 Normalized weight factor of molecule in compound  :         0.17389
 Normalized weight factor of molecule in gas phase :         0.27961

 Compound: 2 Conformer: 2 (4-heptanol_c1)
 Chemical potential of the molecule in the mixture :         0.52186 kcal/mol
 Log10(partial pressure [mbar])                    :         0.08070
 Free energy of molecule in mix (E_COSMO+dE+Mu)    :   -220749.92488 kcal/mol
 Total mean interaction energy in the mix          :        -9.61738 kcal/mol
 Misfit interaction energy in the mix              :         2.15397 kcal/mol
 H-Bond interaction energy in the mix              :        -2.37293 kcal/mol
 VdW interaction energy in the mix                 :       -21.58540 kcal/mol
 Gas liquid transition energy in the mix (H_glt)   :        12.18698 kcal/mol
 Normalized weight factor of molecule in compound  :         0.18835
 Normalized weight factor of molecule in gas phase :         0.25287

 Compound: 2 Conformer: 3 (4-heptanol_c2)
 Chemical potential of the molecule in the mixture :         0.16195 kcal/mol
 Log10(partial pressure [mbar])                    :        -0.32253
 Free energy of molecule in mix (E_COSMO+dE+Mu)    :   -220750.15890 kcal/mol
 Total mean interaction energy in the mix          :       -10.34232 kcal/mol
 Misfit interaction energy in the mix              :         2.12465 kcal/mol
 H-Bond interaction energy in the mix              :        -3.07689 kcal/mol
 VdW interaction energy in the mix                 :       -21.57706 kcal/mol
 Gas liquid transition energy in the mix (H_glt)   :        12.18698 kcal/mol
 Normalized weight factor of molecule in compound  :         0.28147
 Normalized weight factor of molecule in gas phase :         0.14478

 Compound: 2 Conformer: 4 (4-heptanol_c3)
 Chemical potential of the molecule in the mixture :         0.61526 kcal/mol
 Log10(partial pressure [mbar])                    :        -0.04251
 Free energy of molecule in mix (E_COSMO+dE+Mu)    :   -220749.79199 kcal/mol
 Total mean interaction energy in the mix          :       -10.12971 kcal/mol
 Misfit interaction energy in the mix              :         2.25615 kcal/mol
 H-Bond interaction energy in the mix              :        -3.07710 kcal/mol
 VdW interaction energy in the mix                 :       -21.49574 kcal/mol
 Gas liquid transition energy in the mix (H_glt)   :        12.18698 kcal/mol
 Normalized weight factor of molecule in compound  :         0.14993
 Normalized weight factor of molecule in gas phase :         0.12662

 Compound: 2 Conformer: 5 (4-heptanol_c4)
 Chemical potential of the molecule in the mixture :         0.57394 kcal/mol
 Log10(partial pressure [mbar])                    :        -0.10595
 Free energy of molecule in mix (E_COSMO+dE+Mu)    :   -220749.62262 kcal/mol
 Total mean interaction energy in the mix          :       -10.06265 kcal/mol
 Misfit interaction energy in the mix              :         2.11680 kcal/mol
 H-Bond interaction energy in the mix              :        -3.26476 kcal/mol
 VdW interaction energy in the mix                 :       -21.10167 kcal/mol
 Gas liquid transition energy in the mix (H_glt)   :        12.18698 kcal/mol
 Normalized weight factor of molecule in compound  :         0.11211
 Normalized weight factor of molecule in gas phase :         0.09851

 Compound: 2 Conformer: 6 (4-heptanol_c5)
 Chemical potential of the molecule in the mixture :         0.53042 kcal/mol
 Log10(partial pressure [mbar])                    :        -0.03396
 Free energy of molecule in mix (E_COSMO+dE+Mu)    :   -220749.52160 kcal/mol
 Total mean interaction energy in the mix          :        -9.93720 kcal/mol
 Misfit interaction energy in the mix              :         2.10819 kcal/mol
 H-Bond interaction energy in the mix              :        -3.08392 kcal/mol
 VdW interaction energy in the mix                 :       -21.14845 kcal/mol
 Gas liquid transition energy in the mix (H_glt)   :        12.18698 kcal/mol
 Normalized weight factor of molecule in compound  :         0.09426
 Normalized weight factor of molecule in gas phase :         0.09761

 Compound: 3 Conformer: 1 (lacticacid_c0)
 Chemical potential of the molecule in the mixture :         5.16314 kcal/mol
 Log10(partial pressure [mbar])                    :        -1.73961
 Free energy of molecule in mix (E_COSMO+dE+Mu)    :   -215743.51700 kcal/mol
 Total mean interaction energy in the mix          :        -6.32484 kcal/mol
 Misfit interaction energy in the mix              :         2.66778 kcal/mol
 H-Bond interaction energy in the mix              :        -3.20872 kcal/mol
 VdW interaction energy in the mix                 :       -14.03573 kcal/mol
 Gas liquid transition energy in the mix (H_glt)   :         8.25184 kcal/mol
 Normalized weight factor of molecule in compound  :         0.05770
 Normalized weight factor of molecule in gas phase :         0.00476

 Compound: 3 Conformer: 2 (lacticacid_c1)
 Chemical potential of the molecule in the mixture :         5.58270 kcal/mol
 Log10(partial pressure [mbar])                    :        -1.00981
 Free energy of molecule in mix (E_COSMO+dE+Mu)    :   -215742.91595 kcal/mol
 Total mean interaction energy in the mix          :        -5.82005 kcal/mol
 Misfit interaction energy in the mix              :         2.73392 kcal/mol
 H-Bond interaction energy in the mix              :        -2.80635 kcal/mol
 VdW interaction energy in the mix                 :       -13.99946 kcal/mol
 Gas liquid transition energy in the mix (H_glt)   :         8.25184 kcal/mol
 Normalized weight factor of molecule in compound  :         0.02056
 Normalized weight factor of molecule in gas phase :         0.00936

 Compound: 3 Conformer: 3 (lacticacid_c2)
 Chemical potential of the molecule in the mixture :         2.80803 kcal/mol
 Log10(partial pressure [mbar])                    :        -0.96767
 Free energy of molecule in mix (E_COSMO+dE+Mu)    :   -215744.79843 kcal/mol
 Total mean interaction energy in the mix          :        -7.46831 kcal/mol
 Misfit interaction energy in the mix              :         2.14759 kcal/mol
 H-Bond interaction energy in the mix              :        -3.79232 kcal/mol
 VdW interaction energy in the mix                 :       -14.07543 kcal/mol
 Gas liquid transition energy in the mix (H_glt)   :         8.25184 kcal/mol
 Normalized weight factor of molecule in compound  :         0.52056
 Normalized weight factor of molecule in gas phase :         0.94961

 Compound: 3 Conformer: 4 (lacticacid_c3)
 Chemical potential of the molecule in the mixture :         2.10400 kcal/mol
 Log10(partial pressure [mbar])                    :        -2.59990
 Free energy of molecule in mix (E_COSMO+dE+Mu)    :   -215744.08143 kcal/mol
 Total mean interaction energy in the mix          :        -8.76515 kcal/mol
 Misfit interaction energy in the mix              :         2.28023 kcal/mol
 H-Bond interaction energy in the mix              :        -5.24547 kcal/mol
 VdW interaction energy in the mix                 :       -14.05174 kcal/mol
 Gas liquid transition energy in the mix (H_glt)   :         8.25184 kcal/mol
 Normalized weight factor of molecule in compound  :         0.15203
 Normalized weight factor of molecule in gas phase :         0.02089

 Compound: 3 Conformer: 5 (lacticacid_c4)
 Chemical potential of the molecule in the mixture :         2.19354 kcal/mol
 Log10(partial pressure [mbar])                    :        -4.20037
 Free energy of molecule in mix (E_COSMO+dE+Mu)    :   -215743.90529 kcal/mol
 Total mean interaction energy in the mix          :        -9.31524 kcal/mol
 Misfit interaction energy in the mix              :         2.55531 kcal/mol
 H-Bond interaction energy in the mix              :        -6.02808 kcal/mol
 VdW interaction energy in the mix                 :       -14.09431 kcal/mol
 Gas liquid transition energy in the mix (H_glt)   :         8.25184 kcal/mol
 Normalized weight factor of molecule in compound  :         0.11236
 Normalized weight factor of molecule in gas phase :         0.00039

 Compound: 3 Conformer: 6 (lacticacid_c5)
 Chemical potential of the molecule in the mixture :         2.01559 kcal/mol
 Log10(partial pressure [mbar])                    :        -2.69748
 Free energy of molecule in mix (E_COSMO+dE+Mu)    :   -215744.01987 kcal/mol
 Total mean interaction energy in the mix          :        -8.92263 kcal/mol
 Misfit interaction energy in the mix              :         2.24643 kcal/mol
 H-Bond interaction energy in the mix              :        -5.34038 kcal/mol
 VdW interaction energy in the mix                 :       -14.08052 kcal/mol
 Gas liquid transition energy in the mix (H_glt)   :         8.25184 kcal/mol
 Normalized weight factor of molecule in compound  :         0.13679
 Normalized weight factor of molecule in gas phase :         0.01500




 Results for mixture 21 - LIQ_EX Phase 1 Iteration   10
 ----------------------
 Temperature          :    293.150 K
 Compound Nr.         :         1         2         3
 Compound             :       h2o 4-heptano lacticaci
 Mole Fraction        :    0.9988    0.0007    0.0005

 Compound: 1  (h2o)
 Chemical potential of the compound in the mixture :         2.88312 kcal/mol
 Log10(partial pressure [mbar])                    :         0.99136
 Free energy of molecule in mix (E_COSMO+dE+Mu)    :    -47990.37015 kcal/mol
 Total mean interaction energy in the mix (H_int)  :        -5.85969 kcal/mol
 Misfit interaction energy in the mix (H_MF)       :         0.54833 kcal/mol
 H-Bond interaction energy in the mix (H_HB)       :        -4.97461 kcal/mol
 VdW interaction energy in the mix (H_vdW)         :        -4.36547 kcal/mol
 Gas liquid transition energy in the mix (H_glt)   :         2.93205 kcal/mol

 Compound: 2  (4-heptanol)
 Chemical potential of the compound in the mixture :         3.63598 kcal/mol
 Log10(partial pressure [mbar])                    :         2.98585
 Free energy of molecule in mix (E_COSMO+dE+Mu)    :   -220746.81076 kcal/mol
 Total mean interaction energy in the mix (H_int)  :       -10.25849 kcal/mol
 Misfit interaction energy in the mix (H_MF)       :         2.44048 kcal/mol
 H-Bond interaction energy in the mix (H_HB)       :        -4.22874 kcal/mol
 VdW interaction energy in the mix (H_vdW)         :       -20.76066 kcal/mol
 Gas liquid transition energy in the mix (H_glt)   :        12.18698 kcal/mol

 Compound: 3  (lacticacid)
 Chemical potential of the compound in the mixture :         3.59339 kcal/mol
 Log10(partial pressure [mbar])                    :        -1.66924
 Free energy of molecule in mix (E_COSMO+dE+Mu)    :   -215745.08675 kcal/mol
 Total mean interaction energy in the mix (H_int)  :        -8.52395 kcal/mol
 Misfit interaction energy in the mix (H_MF)       :         1.78073 kcal/mol
 H-Bond interaction energy in the mix (H_HB)       :        -7.44908 kcal/mol
 VdW interaction energy in the mix (H_vdW)         :       -13.38367 kcal/mol
 Gas liquid transition energy in the mix (H_glt)   :         8.25184 kcal/mol



 Compound: 1 Conformer: 1 (h2o_c0)
 Chemical potential of the molecule in the mixture :         2.88312 kcal/mol
 Log10(partial pressure [mbar])                    :         0.99136
 Free energy of molecule in mix (E_COSMO+dE+Mu)    :    -47990.37015 kcal/mol
 Total mean interaction energy in the mix          :        -5.85969 kcal/mol
 Misfit interaction energy in the mix              :         0.54833 kcal/mol
 H-Bond interaction energy in the mix              :        -4.97461 kcal/mol
 VdW interaction energy in the mix                 :        -4.36547 kcal/mol
 Gas liquid transition energy in the mix (H_glt)   :         2.93205 kcal/mol
 Normalized weight factor of molecule in compound  :         1.00000
 Normalized weight factor of molecule in gas phase :         1.00000

 Compound: 2 Conformer: 1 (4-heptanol_c0)
 Chemical potential of the molecule in the mixture :         4.71313 kcal/mol
 Log10(partial pressure [mbar])                    :         3.30074
 Free energy of molecule in mix (E_COSMO+dE+Mu)    :   -220745.73172 kcal/mol
 Total mean interaction energy in the mix          :       -10.19064 kcal/mol
 Misfit interaction energy in the mix              :         2.46554 kcal/mol
 H-Bond interaction energy in the mix              :        -3.95680 kcal/mol
 VdW interaction energy in the mix                 :       -20.88636 kcal/mol
 Gas liquid transition energy in the mix (H_glt)   :        12.18698 kcal/mol
 Normalized weight factor of molecule in compound  :         0.15688
 Normalized weight factor of molecule in gas phase :         0.27961

 Compound: 2 Conformer: 2 (4-heptanol_c1)
 Chemical potential of the molecule in the mixture :         4.85071 kcal/mol
 Log10(partial pressure [mbar])                    :         3.30790
 Free energy of molecule in mix (E_COSMO+dE+Mu)    :   -220745.59603 kcal/mol
 Total mean interaction energy in the mix          :       -10.22610 kcal/mol
 Misfit interaction energy in the mix              :         2.43772 kcal/mol
 H-Bond interaction energy in the mix              :        -3.95368 kcal/mol
 VdW interaction energy in the mix                 :       -20.89712 kcal/mol
 Gas liquid transition energy in the mix (H_glt)   :        12.18698 kcal/mol
 Normalized weight factor of molecule in compound  :         0.12428
 Normalized weight factor of molecule in gas phase :         0.25287

 Compound: 2 Conformer: 3 (4-heptanol_c2)
 Chemical potential of the molecule in the mixture :         4.42468 kcal/mol
 Log10(partial pressure [mbar])                    :         2.85536
 Free energy of molecule in mix (E_COSMO+dE+Mu)    :   -220745.89617 kcal/mol
 Total mean interaction energy in the mix          :       -10.45068 kcal/mol
 Misfit interaction energy in the mix              :         2.45971 kcal/mol
 H-Bond interaction energy in the mix              :        -4.22057 kcal/mol
 VdW interaction energy in the mix                 :       -20.87680 kcal/mol
 Gas liquid transition energy in the mix (H_glt)   :        12.18698 kcal/mol
 Normalized weight factor of molecule in compound  :         0.20805
 Normalized weight factor of molecule in gas phase :         0.14478

 Compound: 2 Conformer: 4 (4-heptanol_c3)
 Chemical potential of the molecule in the mixture :         4.30699 kcal/mol
 Log10(partial pressure [mbar])                    :         2.70970
 Free energy of molecule in mix (E_COSMO+dE+Mu)    :   -220746.10027 kcal/mol
 Total mean interaction energy in the mix          :       -10.55278 kcal/mol
 Misfit interaction energy in the mix              :         2.45608 kcal/mol
 H-Bond interaction energy in the mix              :        -4.40059 kcal/mol
 VdW interaction energy in the mix                 :       -20.79525 kcal/mol
 Gas liquid transition energy in the mix (H_glt)   :        12.18698 kcal/mol
 Normalized weight factor of molecule in compound  :         0.29534
 Normalized weight factor of molecule in gas phase :         0.12662

 Compound: 2 Conformer: 5 (4-heptanol_c4)
 Chemical potential of the molecule in the mixture :         4.54562 kcal/mol
 Log10(partial pressure [mbar])                    :         2.85497
 Free energy of molecule in mix (E_COSMO+dE+Mu)    :   -220745.65094 kcal/mol
 Total mean interaction energy in the mix          :       -10.29134 kcal/mol
 Misfit interaction energy in the mix              :         2.37823 kcal/mol
 H-Bond interaction energy in the mix              :        -4.44205 kcal/mol
 VdW interaction energy in the mix                 :       -20.41450 kcal/mol
 Gas liquid transition energy in the mix (H_glt)   :        12.18698 kcal/mol
 Normalized weight factor of molecule in compound  :         0.13657
 Normalized weight factor of molecule in gas phase :         0.09851

 Compound: 2 Conformer: 6 (4-heptanol_c5)
 Chemical potential of the molecule in the mixture :         4.72077 kcal/mol
 Log10(partial pressure [mbar])                    :         3.08997
 Free energy of molecule in mix (E_COSMO+dE+Mu)    :   -220745.33125 kcal/mol
 Total mean interaction energy in the mix          :       -10.09034 kcal/mol
 Misfit interaction energy in the mix              :         2.39365 kcal/mol
 H-Bond interaction energy in the mix              :        -4.21179 kcal/mol
 VdW interaction energy in the mix                 :       -20.45918 kcal/mol
 Gas liquid transition energy in the mix (H_glt)   :        12.18698 kcal/mol
 Normalized weight factor of molecule in compound  :         0.07889
 Normalized weight factor of molecule in gas phase :         0.09761

 Compound: 3 Conformer: 1 (lacticacid_c0)
 Chemical potential of the molecule in the mixture :         5.53259 kcal/mol
 Log10(partial pressure [mbar])                    :        -1.46418
 Free energy of molecule in mix (E_COSMO+dE+Mu)    :   -215743.14755 kcal/mol
 Total mean interaction energy in the mix          :        -7.85316 kcal/mol
 Misfit interaction energy in the mix              :         1.81762 kcal/mol
 H-Bond interaction energy in the mix              :        -4.58955 kcal/mol
 VdW interaction energy in the mix                 :       -13.33307 kcal/mol
 Gas liquid transition energy in the mix (H_glt)   :         8.25184 kcal/mol
 Normalized weight factor of molecule in compound  :         0.03584
 Normalized weight factor of molecule in gas phase :         0.00476

 Compound: 3 Conformer: 2 (lacticacid_c1)
 Chemical potential of the molecule in the mixture :         5.68815 kcal/mol
 Log10(partial pressure [mbar])                    :        -0.93119
 Free energy of molecule in mix (E_COSMO+dE+Mu)    :   -215742.81050 kcal/mol
 Total mean interaction energy in the mix          :        -7.38669 kcal/mol
 Misfit interaction energy in the mix              :         1.94014 kcal/mol
 H-Bond interaction energy in the mix              :        -4.26707 kcal/mol
 VdW interaction energy in the mix                 :       -13.31160 kcal/mol
 Gas liquid transition energy in the mix (H_glt)   :         8.25184 kcal/mol
 Normalized weight factor of molecule in compound  :         0.02009
 Normalized weight factor of molecule in gas phase :         0.00936

 Compound: 3 Conformer: 3 (lacticacid_c2)
 Chemical potential of the molecule in the mixture :         3.83562 kcal/mol
 Log10(partial pressure [mbar])                    :        -0.20160
 Free energy of molecule in mix (E_COSMO+dE+Mu)    :   -215743.77085 kcal/mol
 Total mean interaction energy in the mix          :        -8.50771 kcal/mol
 Misfit interaction energy in the mix              :         1.86023 kcal/mol
 H-Bond interaction energy in the mix              :        -5.22204 kcal/mol
 VdW interaction energy in the mix                 :       -13.39775 kcal/mol
 Gas liquid transition energy in the mix (H_glt)   :         8.25184 kcal/mol
 Normalized weight factor of molecule in compound  :         0.10447
 Normalized weight factor of molecule in gas phase :         0.94961

 Compound: 3 Conformer: 4 (lacticacid_c3)
 Chemical potential of the molecule in the mixture :         2.02771 kcal/mol
 Log10(partial pressure [mbar])                    :        -2.65678
 Free energy of molecule in mix (E_COSMO+dE+Mu)    :   -215744.15772 kcal/mol
 Total mean interaction energy in the mix          :       -10.73499 kcal/mol
 Misfit interaction energy in the mix              :         1.78354 kcal/mol
 H-Bond interaction energy in the mix              :        -7.40000 kcal/mol
 VdW interaction energy in the mix                 :       -13.37037 kcal/mol
 Gas liquid transition energy in the mix (H_glt)   :         8.25184 kcal/mol
 Normalized weight factor of molecule in compound  :         0.20296
 Normalized weight factor of molecule in gas phase :         0.02089

 Compound: 3 Conformer: 5 (lacticacid_c4)
 Chemical potential of the molecule in the mixture :         1.45478 kcal/mol
 Log10(partial pressure [mbar])                    :        -4.75112
 Free energy of molecule in mix (E_COSMO+dE+Mu)    :   -215744.64405 kcal/mol
 Total mean interaction energy in the mix          :       -11.70729 kcal/mol
 Misfit interaction energy in the mix              :         1.76081 kcal/mol
 H-Bond interaction energy in the mix              :        -8.32970 kcal/mol
 VdW interaction energy in the mix                 :       -13.39024 kcal/mol
 Gas liquid transition energy in the mix (H_glt)   :         8.25184 kcal/mol
 Normalized weight factor of molecule in compound  :         0.46769
 Normalized weight factor of molecule in gas phase :         0.00039

 Compound: 3 Conformer: 6 (lacticacid_c5)
 Chemical potential of the molecule in the mixture :         1.98456 kcal/mol
 Log10(partial pressure [mbar])                    :        -2.72061
 Free energy of molecule in mix (E_COSMO+dE+Mu)    :   -215744.05091 kcal/mol
 Total mean interaction energy in the mix          :       -10.81589 kcal/mol
 Misfit interaction energy in the mix              :         1.75656 kcal/mol
 H-Bond interaction energy in the mix              :        -7.43226 kcal/mol
 VdW interaction energy in the mix                 :       -13.39203 kcal/mol
 Gas liquid transition energy in the mix (H_glt)   :         8.25184 kcal/mol
 Normalized weight factor of molecule in compound  :         0.16895
 Normalized weight factor of molecule in gas phase :         0.01500




 Results for mixture 22 - LIQ_EX Phase 2 Iteration   10
 ----------------------
 Temperature          :    293.150 K
 Compound Nr.         :         1         2         3
 Compound             :       h2o 4-heptano lacticaci
 Mole Fraction        :    0.2644    0.7350    0.0006

 Compound: 1  (h2o)
 Chemical potential of the compound in the mixture :         3.65548 kcal/mol
 Log10(partial pressure [mbar])                    :         1.56716
 Free energy of molecule in mix (E_COSMO+dE+Mu)    :    -47989.59779 kcal/mol
 Total mean interaction energy in the mix (H_int)  :        -5.52012 kcal/mol
 Misfit interaction energy in the mix (H_MF)       :         0.92398 kcal/mol
 H-Bond interaction energy in the mix (H_HB)       :        -4.75487 kcal/mol
 VdW interaction energy in the mix (H_vdW)         :        -4.62129 kcal/mol
 Gas liquid transition energy in the mix (H_glt)   :         2.93205 kcal/mol
 Equilibrium constant Kx(1,2)                      :         3.76531
 Equilibrium concentration x_k(1,2)                :         0.79015

 Compound: 2  (4-heptanol)
 Chemical potential of the compound in the mixture :        -0.45045 kcal/mol
 Log10(partial pressure [mbar])                    :        -0.06061
 Free energy of molecule in mix (E_COSMO+dE+Mu)    :   -220750.89719 kcal/mol
 Total mean interaction energy in the mix (H_int)  :        -9.89085 kcal/mol
 Misfit interaction energy in the mix (H_MF)       :         2.15789 kcal/mol
 H-Bond interaction energy in the mix (H_HB)       :        -2.86977 kcal/mol
 VdW interaction energy in the mix (H_vdW)         :       -21.47287 kcal/mol
 Gas liquid transition energy in the mix (H_glt)   :        12.18698 kcal/mol
 Equilibrium constant Kx(1,2)                      :  8.98538280E-04
 Equilibrium concentration x_k(1,2)                :         0.00090

 Compound: 3  (lacticacid)
 Chemical potential of the compound in the mixture :         3.50045 kcal/mol
 Log10(partial pressure [mbar])                    :        -1.73853
 Free energy of molecule in mix (E_COSMO+dE+Mu)    :   -215745.17970 kcal/mol
 Total mean interaction energy in the mix (H_int)  :        -6.38065 kcal/mol
 Misfit interaction energy in the mix (H_MF)       :         2.26807 kcal/mol
 H-Bond interaction energy in the mix (H_HB)       :        -4.42439 kcal/mol
 VdW interaction energy in the mix (H_vdW)         :       -14.07046 kcal/mol
 Gas liquid transition energy in the mix (H_glt)   :         8.25184 kcal/mol
 Equilibrium constant Kx(1,2)                      :         0.85253
 Equilibrium concentration x_k(1,2)                :         0.46020



 Compound: 1 Conformer: 1 (h2o_c0)
 Chemical potential of the molecule in the mixture :         3.65548 kcal/mol
 Log10(partial pressure [mbar])                    :         1.56716
 Free energy of molecule in mix (E_COSMO+dE+Mu)    :    -47989.59779 kcal/mol
 Total mean interaction energy in the mix          :        -5.52012 kcal/mol
 Misfit interaction energy in the mix              :         0.92398 kcal/mol
 H-Bond interaction energy in the mix              :        -4.75487 kcal/mol
 VdW interaction energy in the mix                 :        -4.62129 kcal/mol
 Gas liquid transition energy in the mix (H_glt)   :         2.93205 kcal/mol
 Normalized weight factor of molecule in compound  :         1.00000
 Normalized weight factor of molecule in gas phase :         1.00000

 Compound: 2 Conformer: 1 (4-heptanol_c0)
 Chemical potential of the molecule in the mixture :         0.56666 kcal/mol
 Log10(partial pressure [mbar])                    :         0.20951
 Free energy of molecule in mix (E_COSMO+dE+Mu)    :   -220749.87819 kcal/mol
 Total mean interaction energy in the mix          :        -9.72609 kcal/mol
 Misfit interaction energy in the mix              :         2.18198 kcal/mol
 H-Bond interaction energy in the mix              :        -2.51581 kcal/mol
 VdW interaction energy in the mix                 :       -21.57923 kcal/mol
 Gas liquid transition energy in the mix (H_glt)   :        12.18698 kcal/mol
 Normalized weight factor of molecule in compound  :         0.17391
 Normalized weight factor of molecule in gas phase :         0.27961

 Compound: 2 Conformer: 2 (4-heptanol_c1)
 Chemical potential of the molecule in the mixture :         0.52222 kcal/mol
 Log10(partial pressure [mbar])                    :         0.08098
 Free energy of molecule in mix (E_COSMO+dE+Mu)    :   -220749.92452 kcal/mol
 Total mean interaction energy in the mix          :        -9.61846 kcal/mol
 Misfit interaction energy in the mix              :         2.15437 kcal/mol
 H-Bond interaction energy in the mix              :        -2.37470 kcal/mol
 VdW interaction energy in the mix                 :       -21.58510 kcal/mol
 Gas liquid transition energy in the mix (H_glt)   :        12.18698 kcal/mol
 Normalized weight factor of molecule in compound  :         0.18831
 Normalized weight factor of molecule in gas phase :         0.25287

 Compound: 2 Conformer: 3 (4-heptanol_c2)
 Chemical potential of the molecule in the mixture :         0.16235 kcal/mol
 Log10(partial pressure [mbar])                    :        -0.32223
 Free energy of molecule in mix (E_COSMO+dE+Mu)    :   -220750.15849 kcal/mol
 Total mean interaction energy in the mix          :       -10.34264 kcal/mol
 Misfit interaction energy in the mix              :         2.12521 kcal/mol
 H-Bond interaction energy in the mix              :        -3.07808 kcal/mol
 VdW interaction energy in the mix                 :       -21.57675 kcal/mol
 Gas liquid transition energy in the mix (H_glt)   :        12.18698 kcal/mol
 Normalized weight factor of molecule in compound  :         0.28138
 Normalized weight factor of molecule in gas phase :         0.14478

 Compound: 2 Conformer: 4 (4-heptanol_c3)
 Chemical potential of the molecule in the mixture :         0.61494 kcal/mol
 Log10(partial pressure [mbar])                    :        -0.04275
 Free energy of molecule in mix (E_COSMO+dE+Mu)    :   -220749.79232 kcal/mol
 Total mean interaction energy in the mix          :       -10.13075 kcal/mol
 Misfit interaction energy in the mix              :         2.25684 kcal/mol
 H-Bond interaction energy in the mix              :        -3.07916 kcal/mol
 VdW interaction energy in the mix                 :       -21.49540 kcal/mol
 Gas liquid transition energy in the mix (H_glt)   :        12.18698 kcal/mol
 Normalized weight factor of molecule in compound  :         0.15007
 Normalized weight factor of molecule in gas phase :         0.12662

 Compound: 2 Conformer: 5 (4-heptanol_c4)
 Chemical potential of the molecule in the mixture :         0.57413 kcal/mol
 Log10(partial pressure [mbar])                    :        -0.10580
 Free energy of molecule in mix (E_COSMO+dE+Mu)    :   -220749.62242 kcal/mol
 Total mean interaction energy in the mix          :       -10.06340 kcal/mol
 Misfit interaction energy in the mix              :         2.11731 kcal/mol
 H-Bond interaction energy in the mix              :        -3.26634 kcal/mol
 VdW interaction energy in the mix                 :       -21.10136 kcal/mol
 Gas liquid transition energy in the mix (H_glt)   :        12.18698 kcal/mol
 Normalized weight factor of molecule in compound  :         0.11211
 Normalized weight factor of molecule in gas phase :         0.09851

 Compound: 2 Conformer: 6 (4-heptanol_c5)
 Chemical potential of the molecule in the mixture :         0.53090 kcal/mol
 Log10(partial pressure [mbar])                    :        -0.03361
 Free energy of molecule in mix (E_COSMO+dE+Mu)    :   -220749.52113 kcal/mol
 Total mean interaction energy in the mix          :        -9.93747 kcal/mol
 Misfit interaction energy in the mix              :         2.10877 kcal/mol
 H-Bond interaction energy in the mix              :        -3.08507 kcal/mol
 VdW interaction energy in the mix                 :       -21.14814 kcal/mol
 Gas liquid transition energy in the mix (H_glt)   :        12.18698 kcal/mol
 Normalized weight factor of molecule in compound  :         0.09422
 Normalized weight factor of molecule in gas phase :         0.09761

 Compound: 3 Conformer: 1 (lacticacid_c0)
 Chemical potential of the molecule in the mixture :         5.16218 kcal/mol
 Log10(partial pressure [mbar])                    :        -1.74033
 Free energy of molecule in mix (E_COSMO+dE+Mu)    :   -215743.51796 kcal/mol
 Total mean interaction energy in the mix          :        -6.32719 kcal/mol
 Misfit interaction energy in the mix              :         2.66605 kcal/mol
 H-Bond interaction energy in the mix              :        -3.20967 kcal/mol
 VdW interaction energy in the mix                 :       -14.03542 kcal/mol
 Gas liquid transition energy in the mix (H_glt)   :         8.25184 kcal/mol
 Normalized weight factor of molecule in compound  :         0.05770
 Normalized weight factor of molecule in gas phase :         0.00476

 Compound: 3 Conformer: 2 (lacticacid_c1)
 Chemical potential of the molecule in the mixture :         5.58140 kcal/mol
 Log10(partial pressure [mbar])                    :        -1.01078
 Free energy of molecule in mix (E_COSMO+dE+Mu)    :   -215742.91725 kcal/mol
 Total mean interaction energy in the mix          :        -5.82210 kcal/mol
 Misfit interaction energy in the mix              :         2.73251 kcal/mol
 H-Bond interaction energy in the mix              :        -2.80732 kcal/mol
 VdW interaction energy in the mix                 :       -13.99913 kcal/mol
 Gas liquid transition energy in the mix (H_glt)   :         8.25184 kcal/mol
 Normalized weight factor of molecule in compound  :         0.02057
 Normalized weight factor of molecule in gas phase :         0.00936

 Compound: 3 Conformer: 3 (lacticacid_c2)
 Chemical potential of the molecule in the mixture :         2.80754 kcal/mol
 Log10(partial pressure [mbar])                    :        -0.96804
 Free energy of molecule in mix (E_COSMO+dE+Mu)    :   -215744.79893 kcal/mol
 Total mean interaction energy in the mix          :        -7.47007 kcal/mol
 Misfit interaction energy in the mix              :         2.14668 kcal/mol
 H-Bond interaction energy in the mix              :        -3.79347 kcal/mol
 VdW interaction energy in the mix                 :       -14.07512 kcal/mol
 Gas liquid transition energy in the mix (H_glt)   :         8.25184 kcal/mol
 Normalized weight factor of molecule in compound  :         0.52016
 Normalized weight factor of molecule in gas phase :         0.94961

 Compound: 3 Conformer: 4 (lacticacid_c3)
 Chemical potential of the molecule in the mixture :         2.10255 kcal/mol
 Log10(partial pressure [mbar])                    :        -2.60098
 Free energy of molecule in mix (E_COSMO+dE+Mu)    :   -215744.08288 kcal/mol
 Total mean interaction energy in the mix          :        -8.76793 kcal/mol
 Misfit interaction energy in the mix              :         2.27883 kcal/mol
 H-Bond interaction energy in the mix              :        -5.24722 kcal/mol
 VdW interaction energy in the mix                 :       -14.05138 kcal/mol
 Gas liquid transition energy in the mix (H_glt)   :         8.25184 kcal/mol
 Normalized weight factor of molecule in compound  :         0.15216
 Normalized weight factor of molecule in gas phase :         0.02089

 Compound: 3 Conformer: 5 (lacticacid_c4)
 Chemical potential of the molecule in the mixture :         2.19175 kcal/mol
 Log10(partial pressure [mbar])                    :        -4.20170
 Free energy of molecule in mix (E_COSMO+dE+Mu)    :   -215743.90708 kcal/mol
 Total mean interaction energy in the mix          :        -9.31882 kcal/mol
 Misfit interaction energy in the mix              :         2.55377 kcal/mol
 H-Bond interaction energy in the mix              :        -6.03052 kcal/mol
 VdW interaction energy in the mix                 :       -14.09391 kcal/mol
 Gas liquid transition energy in the mix (H_glt)   :         8.25184 kcal/mol
 Normalized weight factor of molecule in compound  :         0.11253
 Normalized weight factor of molecule in gas phase :         0.00039

 Compound: 3 Conformer: 6 (lacticacid_c5)
 Chemical potential of the molecule in the mixture :         2.01425 kcal/mol
 Log10(partial pressure [mbar])                    :        -2.69848
 Free energy of molecule in mix (E_COSMO+dE+Mu)    :   -215744.02121 kcal/mol
 Total mean interaction energy in the mix          :        -8.92532 kcal/mol
 Misfit interaction energy in the mix              :         2.24496 kcal/mol
 H-Bond interaction energy in the mix              :        -5.34198 kcal/mol
 VdW interaction energy in the mix                 :       -14.08015 kcal/mol
 Gas liquid transition energy in the mix (H_glt)   :         8.25184 kcal/mol
 Normalized weight factor of molecule in compound  :         0.13688
 Normalized weight factor of molecule in gas phase :         0.01500




 Results for mixture 23 - LIQ_EX Phase 1 Iteration   11
 ----------------------
 Temperature          :    293.150 K
 Compound Nr.         :         1         2         3
 Compound             :       h2o 4-heptano lacticaci
 Mole Fraction        :    0.9988    0.0007    0.0005

 Compound: 1  (h2o)
 Chemical potential of the compound in the mixture :         2.88312 kcal/mol
 Log10(partial pressure [mbar])                    :         0.99136
 Free energy of molecule in mix (E_COSMO+dE+Mu)    :    -47990.37015 kcal/mol
 Total mean interaction energy in the mix (H_int)  :        -5.85969 kcal/mol
 Misfit interaction energy in the mix (H_MF)       :         0.54834 kcal/mol
 H-Bond interaction energy in the mix (H_HB)       :        -4.97461 kcal/mol
 VdW interaction energy in the mix (H_vdW)         :        -4.36547 kcal/mol
 Gas liquid transition energy in the mix (H_glt)   :         2.93205 kcal/mol

 Compound: 2  (4-heptanol)
 Chemical potential of the compound in the mixture :         3.63602 kcal/mol
 Log10(partial pressure [mbar])                    :         2.98588
 Free energy of molecule in mix (E_COSMO+dE+Mu)    :   -220746.81072 kcal/mol
 Total mean interaction energy in the mix (H_int)  :       -10.25848 kcal/mol
 Misfit interaction energy in the mix (H_MF)       :         2.44048 kcal/mol
 H-Bond interaction energy in the mix (H_HB)       :        -4.22874 kcal/mol
 VdW interaction energy in the mix (H_vdW)         :       -20.76065 kcal/mol
 Gas liquid transition energy in the mix (H_glt)   :        12.18698 kcal/mol

 Compound: 3  (lacticacid)
 Chemical potential of the compound in the mixture :         3.59340 kcal/mol
 Log10(partial pressure [mbar])                    :        -1.66923
 Free energy of molecule in mix (E_COSMO+dE+Mu)    :   -215745.08674 kcal/mol
 Total mean interaction energy in the mix (H_int)  :        -8.52396 kcal/mol
 Misfit interaction energy in the mix (H_MF)       :         1.78073 kcal/mol
 H-Bond interaction energy in the mix (H_HB)       :        -7.44909 kcal/mol
 VdW interaction energy in the mix (H_vdW)         :       -13.38366 kcal/mol
 Gas liquid transition energy in the mix (H_glt)   :         8.25184 kcal/mol



 Compound: 1 Conformer: 1 (h2o_c0)
 Chemical potential of the molecule in the mixture :         2.88312 kcal/mol
 Log10(partial pressure [mbar])                    :         0.99136
 Free energy of molecule in mix (E_COSMO+dE+Mu)    :    -47990.37015 kcal/mol
 Total mean interaction energy in the mix          :        -5.85969 kcal/mol
 Misfit interaction energy in the mix              :         0.54834 kcal/mol
 H-Bond interaction energy in the mix              :        -4.97461 kcal/mol
 VdW interaction energy in the mix                 :        -4.36547 kcal/mol
 Gas liquid transition energy in the mix (H_glt)   :         2.93205 kcal/mol
 Normalized weight factor of molecule in compound  :         1.00000
 Normalized weight factor of molecule in gas phase :         1.00000

 Compound: 2 Conformer: 1 (4-heptanol_c0)
 Chemical potential of the molecule in the mixture :         4.71318 kcal/mol
 Log10(partial pressure [mbar])                    :         3.30077
 Free energy of molecule in mix (E_COSMO+dE+Mu)    :   -220745.73167 kcal/mol
 Total mean interaction energy in the mix          :       -10.19064 kcal/mol
 Misfit interaction energy in the mix              :         2.46553 kcal/mol
 H-Bond interaction energy in the mix              :        -3.95680 kcal/mol
 VdW interaction energy in the mix                 :       -20.88635 kcal/mol
 Gas liquid transition energy in the mix (H_glt)   :        12.18698 kcal/mol
 Normalized weight factor of molecule in compound  :         0.15688
 Normalized weight factor of molecule in gas phase :         0.27961

 Compound: 2 Conformer: 2 (4-heptanol_c1)
 Chemical potential of the molecule in the mixture :         4.85076 kcal/mol
 Log10(partial pressure [mbar])                    :         3.30793
 Free energy of molecule in mix (E_COSMO+dE+Mu)    :   -220745.59598 kcal/mol
 Total mean interaction energy in the mix          :       -10.22609 kcal/mol
 Misfit interaction energy in the mix              :         2.43772 kcal/mol
 H-Bond interaction energy in the mix              :        -3.95368 kcal/mol
 VdW interaction energy in the mix                 :       -20.89711 kcal/mol
 Gas liquid transition energy in the mix (H_glt)   :        12.18698 kcal/mol
 Normalized weight factor of molecule in compound  :         0.12428
 Normalized weight factor of molecule in gas phase :         0.25287

 Compound: 2 Conformer: 3 (4-heptanol_c2)
 Chemical potential of the molecule in the mixture :         4.42472 kcal/mol
 Log10(partial pressure [mbar])                    :         2.85540
 Free energy of molecule in mix (E_COSMO+dE+Mu)    :   -220745.89612 kcal/mol
 Total mean interaction energy in the mix          :       -10.45068 kcal/mol
 Misfit interaction energy in the mix              :         2.45971 kcal/mol
 H-Bond interaction energy in the mix              :        -4.22057 kcal/mol
 VdW interaction energy in the mix                 :       -20.87680 kcal/mol
 Gas liquid transition energy in the mix (H_glt)   :        12.18698 kcal/mol
 Normalized weight factor of molecule in compound  :         0.20805
 Normalized weight factor of molecule in gas phase :         0.14478

 Compound: 2 Conformer: 4 (4-heptanol_c3)
 Chemical potential of the molecule in the mixture :         4.30703 kcal/mol
 Log10(partial pressure [mbar])                    :         2.70974
 Free energy of molecule in mix (E_COSMO+dE+Mu)    :   -220746.10022 kcal/mol
 Total mean interaction energy in the mix          :       -10.55278 kcal/mol
 Misfit interaction energy in the mix              :         2.45608 kcal/mol
 H-Bond interaction energy in the mix              :        -4.40059 kcal/mol
 VdW interaction energy in the mix                 :       -20.79524 kcal/mol
 Gas liquid transition energy in the mix (H_glt)   :        12.18698 kcal/mol
 Normalized weight factor of molecule in compound  :         0.29534
 Normalized weight factor of molecule in gas phase :         0.12662

 Compound: 2 Conformer: 5 (4-heptanol_c4)
 Chemical potential of the molecule in the mixture :         4.54566 kcal/mol
 Log10(partial pressure [mbar])                    :         2.85501
 Free energy of molecule in mix (E_COSMO+dE+Mu)    :   -220745.65089 kcal/mol
 Total mean interaction energy in the mix          :       -10.29133 kcal/mol
 Misfit interaction energy in the mix              :         2.37823 kcal/mol
 H-Bond interaction energy in the mix              :        -4.44205 kcal/mol
 VdW interaction energy in the mix                 :       -20.41449 kcal/mol
 Gas liquid transition energy in the mix (H_glt)   :        12.18698 kcal/mol
 Normalized weight factor of molecule in compound  :         0.13657
 Normalized weight factor of molecule in gas phase :         0.09851

 Compound: 2 Conformer: 6 (4-heptanol_c5)
 Chemical potential of the molecule in the mixture :         4.72082 kcal/mol
 Log10(partial pressure [mbar])                    :         3.09000
 Free energy of molecule in mix (E_COSMO+dE+Mu)    :   -220745.33121 kcal/mol
 Total mean interaction energy in the mix          :       -10.09033 kcal/mol
 Misfit interaction energy in the mix              :         2.39365 kcal/mol
 H-Bond interaction energy in the mix              :        -4.21179 kcal/mol
 VdW interaction energy in the mix                 :       -20.45917 kcal/mol
 Gas liquid transition energy in the mix (H_glt)   :        12.18698 kcal/mol
 Normalized weight factor of molecule in compound  :         0.07889
 Normalized weight factor of molecule in gas phase :         0.09761

 Compound: 3 Conformer: 1 (lacticacid_c0)
 Chemical potential of the molecule in the mixture :         5.53261 kcal/mol
 Log10(partial pressure [mbar])                    :        -1.46418
 Free energy of molecule in mix (E_COSMO+dE+Mu)    :   -215743.14753 kcal/mol
 Total mean interaction energy in the mix          :        -7.85316 kcal/mol
 Misfit interaction energy in the mix              :         1.81761 kcal/mol
 H-Bond interaction energy in the mix              :        -4.58955 kcal/mol
 VdW interaction energy in the mix                 :       -13.33306 kcal/mol
 Gas liquid transition energy in the mix (H_glt)   :         8.25184 kcal/mol
 Normalized weight factor of molecule in compound  :         0.03583
 Normalized weight factor of molecule in gas phase :         0.00476

 Compound: 3 Conformer: 2 (lacticacid_c1)
 Chemical potential of the molecule in the mixture :         5.68816 kcal/mol
 Log10(partial pressure [mbar])                    :        -0.93118
 Free energy of molecule in mix (E_COSMO+dE+Mu)    :   -215742.81049 kcal/mol
 Total mean interaction energy in the mix          :        -7.38669 kcal/mol
 Misfit interaction energy in the mix              :         1.94014 kcal/mol
 H-Bond interaction energy in the mix              :        -4.26707 kcal/mol
 VdW interaction energy in the mix                 :       -13.31160 kcal/mol
 Gas liquid transition energy in the mix (H_glt)   :         8.25184 kcal/mol
 Normalized weight factor of molecule in compound  :         0.02009
 Normalized weight factor of molecule in gas phase :         0.00936

 Compound: 3 Conformer: 3 (lacticacid_c2)
 Chemical potential of the molecule in the mixture :         3.83563 kcal/mol
 Log10(partial pressure [mbar])                    :        -0.20159
 Free energy of molecule in mix (E_COSMO+dE+Mu)    :   -215743.77083 kcal/mol
 Total mean interaction energy in the mix          :        -8.50771 kcal/mol
 Misfit interaction energy in the mix              :         1.86023 kcal/mol
 H-Bond interaction energy in the mix              :        -5.22204 kcal/mol
 VdW interaction energy in the mix                 :       -13.39774 kcal/mol
 Gas liquid transition energy in the mix (H_glt)   :         8.25184 kcal/mol
 Normalized weight factor of molecule in compound  :         0.10447
 Normalized weight factor of molecule in gas phase :         0.94961

 Compound: 3 Conformer: 4 (lacticacid_c3)
 Chemical potential of the molecule in the mixture :         2.02772 kcal/mol
 Log10(partial pressure [mbar])                    :        -2.65677
 Free energy of molecule in mix (E_COSMO+dE+Mu)    :   -215744.15771 kcal/mol
 Total mean interaction energy in the mix          :       -10.73499 kcal/mol
 Misfit interaction energy in the mix              :         1.78353 kcal/mol
 H-Bond interaction energy in the mix              :        -7.40001 kcal/mol
 VdW interaction energy in the mix                 :       -13.37036 kcal/mol
 Gas liquid transition energy in the mix (H_glt)   :         8.25184 kcal/mol
 Normalized weight factor of molecule in compound  :         0.20296
 Normalized weight factor of molecule in gas phase :         0.02089

 Compound: 3 Conformer: 5 (lacticacid_c4)
 Chemical potential of the molecule in the mixture :         1.45479 kcal/mol
 Log10(partial pressure [mbar])                    :        -4.75112
 Free energy of molecule in mix (E_COSMO+dE+Mu)    :   -215744.64404 kcal/mol
 Total mean interaction energy in the mix          :       -11.70729 kcal/mol
 Misfit interaction energy in the mix              :         1.76081 kcal/mol
 H-Bond interaction energy in the mix              :        -8.32971 kcal/mol
 VdW interaction energy in the mix                 :       -13.39024 kcal/mol
 Gas liquid transition energy in the mix (H_glt)   :         8.25184 kcal/mol
 Normalized weight factor of molecule in compound  :         0.46770
 Normalized weight factor of molecule in gas phase :         0.00039

 Compound: 3 Conformer: 6 (lacticacid_c5)
 Chemical potential of the molecule in the mixture :         1.98457 kcal/mol
 Log10(partial pressure [mbar])                    :        -2.72060
 Free energy of molecule in mix (E_COSMO+dE+Mu)    :   -215744.05089 kcal/mol
 Total mean interaction energy in the mix          :       -10.81590 kcal/mol
 Misfit interaction energy in the mix              :         1.75655 kcal/mol
 H-Bond interaction energy in the mix              :        -7.43227 kcal/mol
 VdW interaction energy in the mix                 :       -13.39203 kcal/mol
 Gas liquid transition energy in the mix (H_glt)   :         8.25184 kcal/mol
 Normalized weight factor of molecule in compound  :         0.16895
 Normalized weight factor of molecule in gas phase :         0.01500




 Results for mixture 24 - LIQ_EX Phase 2 Iteration   11
 ----------------------
 Temperature          :    293.150 K
 Compound Nr.         :         1         2         3
 Compound             :       h2o 4-heptano lacticaci
 Mole Fraction        :    0.2649    0.7345    0.0006

 Compound: 1  (h2o)
 Chemical potential of the compound in the mixture :         3.65511 kcal/mol
 Log10(partial pressure [mbar])                    :         1.56689
 Free energy of molecule in mix (E_COSMO+dE+Mu)    :    -47989.59816 kcal/mol
 Total mean interaction energy in the mix (H_int)  :        -5.52096 kcal/mol
 Misfit interaction energy in the mix (H_MF)       :         0.92321 kcal/mol
 H-Bond interaction energy in the mix (H_HB)       :        -4.75505 kcal/mol
 VdW interaction energy in the mix (H_vdW)         :        -4.62118 kcal/mol
 Gas liquid transition energy in the mix (H_glt)   :         2.93205 kcal/mol
 Equilibrium constant Kx(1,2)                      :         3.76290
 Equilibrium concentration x_k(1,2)                :         0.79004

 Compound: 2  (4-heptanol)
 Chemical potential of the compound in the mixture :        -0.45031 kcal/mol
 Log10(partial pressure [mbar])                    :        -0.06051
 Free energy of molecule in mix (E_COSMO+dE+Mu)    :   -220750.89705 kcal/mol
 Total mean interaction energy in the mix (H_int)  :        -9.89127 kcal/mol
 Misfit interaction energy in the mix (H_MF)       :         2.15824 kcal/mol
 H-Bond interaction energy in the mix (H_HB)       :        -2.87072 kcal/mol
 VdW interaction energy in the mix (H_vdW)         :       -21.47268 kcal/mol
 Gas liquid transition energy in the mix (H_glt)   :        12.18698 kcal/mol
 Equilibrium constant Kx(1,2)                      :  8.98682972E-04
 Equilibrium concentration x_k(1,2)                :         0.00090

 Compound: 3  (lacticacid)
 Chemical potential of the compound in the mixture :         3.49987 kcal/mol
 Log10(partial pressure [mbar])                    :        -1.73896
 Free energy of molecule in mix (E_COSMO+dE+Mu)    :   -215745.18027 kcal/mol
 Total mean interaction energy in the mix (H_int)  :        -6.38206 kcal/mol
 Misfit interaction energy in the mix (H_MF)       :         2.26740 kcal/mol
 H-Bond interaction energy in the mix (H_HB)       :        -4.42569 kcal/mol
 VdW interaction energy in the mix (H_vdW)         :       -14.07025 kcal/mol
 Gas liquid transition energy in the mix (H_glt)   :         8.25184 kcal/mol
 Equilibrium constant Kx(1,2)                      :         0.85167
 Equilibrium concentration x_k(1,2)                :         0.45995



 Compound: 1 Conformer: 1 (h2o_c0)
 Chemical potential of the molecule in the mixture :         3.65511 kcal/mol
 Log10(partial pressure [mbar])                    :         1.56689
 Free energy of molecule in mix (E_COSMO+dE+Mu)    :    -47989.59816 kcal/mol
 Total mean interaction energy in the mix          :        -5.52096 kcal/mol
 Misfit interaction energy in the mix              :         0.92321 kcal/mol
 H-Bond interaction energy in the mix              :        -4.75505 kcal/mol
 VdW interaction energy in the mix                 :        -4.62118 kcal/mol
 Gas liquid transition energy in the mix (H_glt)   :         2.93205 kcal/mol
 Normalized weight factor of molecule in compound  :         1.00000
 Normalized weight factor of molecule in gas phase :         1.00000

 Compound: 2 Conformer: 1 (4-heptanol_c0)
 Chemical potential of the molecule in the mixture :         0.56675 kcal/mol
 Log10(partial pressure [mbar])                    :         0.20958
 Free energy of molecule in mix (E_COSMO+dE+Mu)    :   -220749.87809 kcal/mol
 Total mean interaction energy in the mix          :        -9.72649 kcal/mol
 Misfit interaction energy in the mix              :         2.18234 kcal/mol
 H-Bond interaction energy in the mix              :        -2.51677 kcal/mol
 VdW interaction energy in the mix                 :       -21.57904 kcal/mol
 Gas liquid transition energy in the mix (H_glt)   :        12.18698 kcal/mol
 Normalized weight factor of molecule in compound  :         0.17392
 Normalized weight factor of molecule in gas phase :         0.27961

 Compound: 2 Conformer: 2 (4-heptanol_c1)
 Chemical potential of the molecule in the mixture :         0.52245 kcal/mol
 Log10(partial pressure [mbar])                    :         0.08114
 Free energy of molecule in mix (E_COSMO+dE+Mu)    :   -220749.92429 kcal/mol
 Total mean interaction energy in the mix          :        -9.61912 kcal/mol
 Misfit interaction energy in the mix              :         2.15461 kcal/mol
 H-Bond interaction energy in the mix              :        -2.37578 kcal/mol
 VdW interaction energy in the mix                 :       -21.58492 kcal/mol
 Gas liquid transition energy in the mix (H_glt)   :        12.18698 kcal/mol
 Normalized weight factor of molecule in compound  :         0.18828
 Normalized weight factor of molecule in gas phase :         0.25287

 Compound: 2 Conformer: 3 (4-heptanol_c2)
 Chemical potential of the molecule in the mixture :         0.16260 kcal/mol
 Log10(partial pressure [mbar])                    :        -0.32205
 Free energy of molecule in mix (E_COSMO+dE+Mu)    :   -220750.15825 kcal/mol
 Total mean interaction energy in the mix          :       -10.34283 kcal/mol
 Misfit interaction energy in the mix              :         2.12556 kcal/mol
 H-Bond interaction energy in the mix              :        -3.07881 kcal/mol
 VdW interaction energy in the mix                 :       -21.57656 kcal/mol
 Gas liquid transition energy in the mix (H_glt)   :        12.18698 kcal/mol
 Normalized weight factor of molecule in compound  :         0.28133
 Normalized weight factor of molecule in gas phase :         0.14478

 Compound: 2 Conformer: 4 (4-heptanol_c3)
 Chemical potential of the molecule in the mixture :         0.61474 kcal/mol
 Log10(partial pressure [mbar])                    :        -0.04290
 Free energy of molecule in mix (E_COSMO+dE+Mu)    :   -220749.79251 kcal/mol
 Total mean interaction energy in the mix          :       -10.13137 kcal/mol
 Misfit interaction energy in the mix              :         2.25727 kcal/mol
 H-Bond interaction energy in the mix              :        -3.08042 kcal/mol
 VdW interaction energy in the mix                 :       -21.49520 kcal/mol
 Gas liquid transition energy in the mix (H_glt)   :        12.18698 kcal/mol
 Normalized weight factor of molecule in compound  :         0.15016
 Normalized weight factor of molecule in gas phase :         0.12662

 Compound: 2 Conformer: 5 (4-heptanol_c4)
 Chemical potential of the molecule in the mixture :         0.57426 kcal/mol
 Log10(partial pressure [mbar])                    :        -0.10571
 Free energy of molecule in mix (E_COSMO+dE+Mu)    :   -220749.62230 kcal/mol
 Total mean interaction energy in the mix          :       -10.06385 kcal/mol
 Misfit interaction energy in the mix              :         2.11763 kcal/mol
 H-Bond interaction energy in the mix              :        -3.26730 kcal/mol
 VdW interaction energy in the mix                 :       -21.10116 kcal/mol
 Gas liquid transition energy in the mix (H_glt)   :        12.18698 kcal/mol
 Normalized weight factor of molecule in compound  :         0.11211
 Normalized weight factor of molecule in gas phase :         0.09851

 Compound: 2 Conformer: 6 (4-heptanol_c5)
 Chemical potential of the molecule in the mixture :         0.53119 kcal/mol
 Log10(partial pressure [mbar])                    :        -0.03340
 Free energy of molecule in mix (E_COSMO+dE+Mu)    :   -220749.52084 kcal/mol
 Total mean interaction energy in the mix          :        -9.93763 kcal/mol
 Misfit interaction energy in the mix              :         2.10912 kcal/mol
 H-Bond interaction energy in the mix              :        -3.08577 kcal/mol
 VdW interaction energy in the mix                 :       -21.14796 kcal/mol
 Gas liquid transition energy in the mix (H_glt)   :        12.18698 kcal/mol
 Normalized weight factor of molecule in compound  :         0.09419
 Normalized weight factor of molecule in gas phase :         0.09761

 Compound: 3 Conformer: 1 (lacticacid_c0)
 Chemical potential of the molecule in the mixture :         5.16160 kcal/mol
 Log10(partial pressure [mbar])                    :        -1.74076
 Free energy of molecule in mix (E_COSMO+dE+Mu)    :   -215743.51854 kcal/mol
 Total mean interaction energy in the mix          :        -6.32863 kcal/mol
 Misfit interaction energy in the mix              :         2.66499 kcal/mol
 H-Bond interaction energy in the mix              :        -3.21024 kcal/mol
 VdW interaction energy in the mix                 :       -14.03522 kcal/mol
 Gas liquid transition energy in the mix (H_glt)   :         8.25184 kcal/mol
 Normalized weight factor of molecule in compound  :         0.05770
 Normalized weight factor of molecule in gas phase :         0.00476

 Compound: 3 Conformer: 2 (lacticacid_c1)
 Chemical potential of the molecule in the mixture :         5.58061 kcal/mol
 Log10(partial pressure [mbar])                    :        -1.01137
 Free energy of molecule in mix (E_COSMO+dE+Mu)    :   -215742.91804 kcal/mol
 Total mean interaction energy in the mix          :        -5.82335 kcal/mol
 Misfit interaction energy in the mix              :         2.73165 kcal/mol
 H-Bond interaction energy in the mix              :        -2.80791 kcal/mol
 VdW interaction energy in the mix                 :       -13.99893 kcal/mol
 Gas liquid transition energy in the mix (H_glt)   :         8.25184 kcal/mol
 Normalized weight factor of molecule in compound  :         0.02058
 Normalized weight factor of molecule in gas phase :         0.00936

 Compound: 3 Conformer: 3 (lacticacid_c2)
 Chemical potential of the molecule in the mixture :         2.80723 kcal/mol
 Log10(partial pressure [mbar])                    :        -0.96826
 Free energy of molecule in mix (E_COSMO+dE+Mu)    :   -215744.79923 kcal/mol
 Total mean interaction energy in the mix          :        -7.47115 kcal/mol
 Misfit interaction energy in the mix              :         2.14612 kcal/mol
 H-Bond interaction energy in the mix              :        -3.79417 kcal/mol
 VdW interaction energy in the mix                 :       -14.07494 kcal/mol
 Gas liquid transition energy in the mix (H_glt)   :         8.25184 kcal/mol
 Normalized weight factor of molecule in compound  :         0.51991
 Normalized weight factor of molecule in gas phase :         0.94961

 Compound: 3 Conformer: 4 (lacticacid_c3)
 Chemical potential of the molecule in the mixture :         2.10168 kcal/mol
 Log10(partial pressure [mbar])                    :        -2.60163
 Free energy of molecule in mix (E_COSMO+dE+Mu)    :   -215744.08376 kcal/mol
 Total mean interaction energy in the mix          :        -8.76963 kcal/mol
 Misfit interaction energy in the mix              :         2.27797 kcal/mol
 H-Bond interaction energy in the mix              :        -5.24829 kcal/mol
 VdW interaction energy in the mix                 :       -14.05115 kcal/mol
 Gas liquid transition energy in the mix (H_glt)   :         8.25184 kcal/mol
 Normalized weight factor of molecule in compound  :         0.15224
 Normalized weight factor of molecule in gas phase :         0.02089

 Compound: 3 Conformer: 5 (lacticacid_c4)
 Chemical potential of the molecule in the mixture :         2.19066 kcal/mol
 Log10(partial pressure [mbar])                    :        -4.20252
 Free energy of molecule in mix (E_COSMO+dE+Mu)    :   -215743.90817 kcal/mol
 Total mean interaction energy in the mix          :        -9.32101 kcal/mol
 Misfit interaction energy in the mix              :         2.55282 kcal/mol
 H-Bond interaction energy in the mix              :        -6.03200 kcal/mol
 VdW interaction energy in the mix                 :       -14.09367 kcal/mol
 Gas liquid transition energy in the mix (H_glt)   :         8.25184 kcal/mol
 Normalized weight factor of molecule in compound  :         0.11263
 Normalized weight factor of molecule in gas phase :         0.00039

 Compound: 3 Conformer: 6 (lacticacid_c5)
 Chemical potential of the molecule in the mixture :         2.01344 kcal/mol
 Log10(partial pressure [mbar])                    :        -2.69909
 Free energy of molecule in mix (E_COSMO+dE+Mu)    :   -215744.02203 kcal/mol
 Total mean interaction energy in the mix          :        -8.92696 kcal/mol
 Misfit interaction energy in the mix              :         2.24407 kcal/mol
 H-Bond interaction energy in the mix              :        -5.34296 kcal/mol
 VdW interaction energy in the mix                 :       -14.07992 kcal/mol
 Gas liquid transition energy in the mix (H_glt)   :         8.25184 kcal/mol
 Normalized weight factor of molecule in compound  :         0.13694
 Normalized weight factor of molecule in gas phase :         0.01500




 Results for mixture 25 - LIQ_EX Phase 1 Iteration   12
 ----------------------
 Temperature          :    293.150 K
 Compound Nr.         :         1         2         3
 Compound             :       h2o 4-heptano lacticaci
 Mole Fraction        :    0.9988    0.0007    0.0005

 Compound: 1  (h2o)
 Chemical potential of the compound in the mixture :         2.88312 kcal/mol
 Log10(partial pressure [mbar])                    :         0.99136
 Free energy of molecule in mix (E_COSMO+dE+Mu)    :    -47990.37015 kcal/mol
 Total mean interaction energy in the mix (H_int)  :        -5.85969 kcal/mol
 Misfit interaction energy in the mix (H_MF)       :         0.54834 kcal/mol
 H-Bond interaction energy in the mix (H_HB)       :        -4.97461 kcal/mol
 VdW interaction energy in the mix (H_vdW)         :        -4.36547 kcal/mol
 Gas liquid transition energy in the mix (H_glt)   :         2.93205 kcal/mol

 Compound: 2  (4-heptanol)
 Chemical potential of the compound in the mixture :         3.63605 kcal/mol
 Log10(partial pressure [mbar])                    :         2.98590
 Free energy of molecule in mix (E_COSMO+dE+Mu)    :   -220746.81069 kcal/mol
 Total mean interaction energy in the mix (H_int)  :       -10.25848 kcal/mol
 Misfit interaction energy in the mix (H_MF)       :         2.44048 kcal/mol
 H-Bond interaction energy in the mix (H_HB)       :        -4.22874 kcal/mol
 VdW interaction energy in the mix (H_vdW)         :       -20.76065 kcal/mol
 Gas liquid transition energy in the mix (H_glt)   :        12.18698 kcal/mol

 Compound: 3  (lacticacid)
 Chemical potential of the compound in the mixture :         3.59341 kcal/mol
 Log10(partial pressure [mbar])                    :        -1.66922
 Free energy of molecule in mix (E_COSMO+dE+Mu)    :   -215745.08673 kcal/mol
 Total mean interaction energy in the mix (H_int)  :        -8.52396 kcal/mol
 Misfit interaction energy in the mix (H_MF)       :         1.78072 kcal/mol
 H-Bond interaction energy in the mix (H_HB)       :        -7.44909 kcal/mol
 VdW interaction energy in the mix (H_vdW)         :       -13.38366 kcal/mol
 Gas liquid transition energy in the mix (H_glt)   :         8.25184 kcal/mol



 Compound: 1 Conformer: 1 (h2o_c0)
 Chemical potential of the molecule in the mixture :         2.88312 kcal/mol
 Log10(partial pressure [mbar])                    :         0.99136
 Free energy of molecule in mix (E_COSMO+dE+Mu)    :    -47990.37015 kcal/mol
 Total mean interaction energy in the mix          :        -5.85969 kcal/mol
 Misfit interaction energy in the mix              :         0.54834 kcal/mol
 H-Bond interaction energy in the mix              :        -4.97461 kcal/mol
 VdW interaction energy in the mix                 :        -4.36547 kcal/mol
 Gas liquid transition energy in the mix (H_glt)   :         2.93205 kcal/mol
 Normalized weight factor of molecule in compound  :         1.00000
 Normalized weight factor of molecule in gas phase :         1.00000

 Compound: 2 Conformer: 1 (4-heptanol_c0)
 Chemical potential of the molecule in the mixture :         4.71320 kcal/mol
 Log10(partial pressure [mbar])                    :         3.30079
 Free energy of molecule in mix (E_COSMO+dE+Mu)    :   -220745.73164 kcal/mol
 Total mean interaction energy in the mix          :       -10.19064 kcal/mol
 Misfit interaction energy in the mix              :         2.46553 kcal/mol
 H-Bond interaction energy in the mix              :        -3.95680 kcal/mol
 VdW interaction energy in the mix                 :       -20.88635 kcal/mol
 Gas liquid transition energy in the mix (H_glt)   :        12.18698 kcal/mol
 Normalized weight factor of molecule in compound  :         0.15688
 Normalized weight factor of molecule in gas phase :         0.27961

 Compound: 2 Conformer: 2 (4-heptanol_c1)
 Chemical potential of the molecule in the mixture :         4.85079 kcal/mol
 Log10(partial pressure [mbar])                    :         3.30795
 Free energy of molecule in mix (E_COSMO+dE+Mu)    :   -220745.59595 kcal/mol
 Total mean interaction energy in the mix          :       -10.22609 kcal/mol
 Misfit interaction energy in the mix              :         2.43771 kcal/mol
 H-Bond interaction energy in the mix              :        -3.95368 kcal/mol
 VdW interaction energy in the mix                 :       -20.89711 kcal/mol
 Gas liquid transition energy in the mix (H_glt)   :        12.18698 kcal/mol
 Normalized weight factor of molecule in compound  :         0.12428
 Normalized weight factor of molecule in gas phase :         0.25287

 Compound: 2 Conformer: 3 (4-heptanol_c2)
 Chemical potential of the molecule in the mixture :         4.42475 kcal/mol
 Log10(partial pressure [mbar])                    :         2.85542
 Free energy of molecule in mix (E_COSMO+dE+Mu)    :   -220745.89610 kcal/mol
 Total mean interaction energy in the mix          :       -10.45068 kcal/mol
 Misfit interaction energy in the mix              :         2.45971 kcal/mol
 H-Bond interaction energy in the mix              :        -4.22057 kcal/mol
 VdW interaction energy in the mix                 :       -20.87679 kcal/mol
 Gas liquid transition energy in the mix (H_glt)   :        12.18698 kcal/mol
 Normalized weight factor of molecule in compound  :         0.20805
 Normalized weight factor of molecule in gas phase :         0.14478

 Compound: 2 Conformer: 4 (4-heptanol_c3)
 Chemical potential of the molecule in the mixture :         4.30706 kcal/mol
 Log10(partial pressure [mbar])                    :         2.70976
 Free energy of molecule in mix (E_COSMO+dE+Mu)    :   -220746.10019 kcal/mol
 Total mean interaction energy in the mix          :       -10.55278 kcal/mol
 Misfit interaction energy in the mix              :         2.45608 kcal/mol
 H-Bond interaction energy in the mix              :        -4.40059 kcal/mol
 VdW interaction energy in the mix                 :       -20.79524 kcal/mol
 Gas liquid transition energy in the mix (H_glt)   :        12.18698 kcal/mol
 Normalized weight factor of molecule in compound  :         0.29534
 Normalized weight factor of molecule in gas phase :         0.12662

 Compound: 2 Conformer: 5 (4-heptanol_c4)
 Chemical potential of the molecule in the mixture :         4.54569 kcal/mol
 Log10(partial pressure [mbar])                    :         2.85503
 Free energy of molecule in mix (E_COSMO+dE+Mu)    :   -220745.65086 kcal/mol
 Total mean interaction energy in the mix          :       -10.29133 kcal/mol
 Misfit interaction energy in the mix              :         2.37823 kcal/mol
 H-Bond interaction energy in the mix              :        -4.44205 kcal/mol
 VdW interaction energy in the mix                 :       -20.41449 kcal/mol
 Gas liquid transition energy in the mix (H_glt)   :        12.18698 kcal/mol
 Normalized weight factor of molecule in compound  :         0.13657
 Normalized weight factor of molecule in gas phase :         0.09851

 Compound: 2 Conformer: 6 (4-heptanol_c5)
 Chemical potential of the molecule in the mixture :         4.72084 kcal/mol
 Log10(partial pressure [mbar])                    :         3.09002
 Free energy of molecule in mix (E_COSMO+dE+Mu)    :   -220745.33118 kcal/mol
 Total mean interaction energy in the mix          :       -10.09033 kcal/mol
 Misfit interaction energy in the mix              :         2.39364 kcal/mol
 H-Bond interaction energy in the mix              :        -4.21179 kcal/mol
 VdW interaction energy in the mix                 :       -20.45917 kcal/mol
 Gas liquid transition energy in the mix (H_glt)   :        12.18698 kcal/mol
 Normalized weight factor of molecule in compound  :         0.07889
 Normalized weight factor of molecule in gas phase :         0.09761

 Compound: 3 Conformer: 1 (lacticacid_c0)
 Chemical potential of the molecule in the mixture :         5.53261 kcal/mol
 Log10(partial pressure [mbar])                    :        -1.46417
 Free energy of molecule in mix (E_COSMO+dE+Mu)    :   -215743.14753 kcal/mol
 Total mean interaction energy in the mix          :        -7.85316 kcal/mol
 Misfit interaction energy in the mix              :         1.81761 kcal/mol
 H-Bond interaction energy in the mix              :        -4.58955 kcal/mol
 VdW interaction energy in the mix                 :       -13.33306 kcal/mol
 Gas liquid transition energy in the mix (H_glt)   :         8.25184 kcal/mol
 Normalized weight factor of molecule in compound  :         0.03583
 Normalized weight factor of molecule in gas phase :         0.00476

 Compound: 3 Conformer: 2 (lacticacid_c1)
 Chemical potential of the molecule in the mixture :         5.68817 kcal/mol
 Log10(partial pressure [mbar])                    :        -0.93118
 Free energy of molecule in mix (E_COSMO+dE+Mu)    :   -215742.81048 kcal/mol
 Total mean interaction energy in the mix          :        -7.38669 kcal/mol
 Misfit interaction energy in the mix              :         1.94014 kcal/mol
 H-Bond interaction energy in the mix              :        -4.26708 kcal/mol
 VdW interaction energy in the mix                 :       -13.31159 kcal/mol
 Gas liquid transition energy in the mix (H_glt)   :         8.25184 kcal/mol
 Normalized weight factor of molecule in compound  :         0.02009
 Normalized weight factor of molecule in gas phase :         0.00936

 Compound: 3 Conformer: 3 (lacticacid_c2)
 Chemical potential of the molecule in the mixture :         3.83564 kcal/mol
 Log10(partial pressure [mbar])                    :        -0.20158
 Free energy of molecule in mix (E_COSMO+dE+Mu)    :   -215743.77082 kcal/mol
 Total mean interaction energy in the mix          :        -8.50771 kcal/mol
 Misfit interaction energy in the mix              :         1.86023 kcal/mol
 H-Bond interaction energy in the mix              :        -5.22205 kcal/mol
 VdW interaction energy in the mix                 :       -13.39774 kcal/mol
 Gas liquid transition energy in the mix (H_glt)   :         8.25184 kcal/mol
 Normalized weight factor of molecule in compound  :         0.10447
 Normalized weight factor of molecule in gas phase :         0.94961

 Compound: 3 Conformer: 4 (lacticacid_c3)
 Chemical potential of the molecule in the mixture :         2.02773 kcal/mol
 Log10(partial pressure [mbar])                    :        -2.65676
 Free energy of molecule in mix (E_COSMO+dE+Mu)    :   -215744.15770 kcal/mol
 Total mean interaction energy in the mix          :       -10.73500 kcal/mol
 Misfit interaction energy in the mix              :         1.78353 kcal/mol
 H-Bond interaction energy in the mix              :        -7.40001 kcal/mol
 VdW interaction energy in the mix                 :       -13.37036 kcal/mol
 Gas liquid transition energy in the mix (H_glt)   :         8.25184 kcal/mol
 Normalized weight factor of molecule in compound  :         0.20296
 Normalized weight factor of molecule in gas phase :         0.02089

 Compound: 3 Conformer: 5 (lacticacid_c4)
 Chemical potential of the molecule in the mixture :         1.45479 kcal/mol
 Log10(partial pressure [mbar])                    :        -4.75111
 Free energy of molecule in mix (E_COSMO+dE+Mu)    :   -215744.64403 kcal/mol
 Total mean interaction energy in the mix          :       -11.70730 kcal/mol
 Misfit interaction energy in the mix              :         1.76081 kcal/mol
 H-Bond interaction energy in the mix              :        -8.32971 kcal/mol
 VdW interaction energy in the mix                 :       -13.39023 kcal/mol
 Gas liquid transition energy in the mix (H_glt)   :         8.25184 kcal/mol
 Normalized weight factor of molecule in compound  :         0.46770
 Normalized weight factor of molecule in gas phase :         0.00039

 Compound: 3 Conformer: 6 (lacticacid_c5)
 Chemical potential of the molecule in the mixture :         1.98458 kcal/mol
 Log10(partial pressure [mbar])                    :        -2.72060
 Free energy of molecule in mix (E_COSMO+dE+Mu)    :   -215744.05089 kcal/mol
 Total mean interaction energy in the mix          :       -10.81590 kcal/mol
 Misfit interaction energy in the mix              :         1.75655 kcal/mol
 H-Bond interaction energy in the mix              :        -7.43227 kcal/mol
 VdW interaction energy in the mix                 :       -13.39202 kcal/mol
 Gas liquid transition energy in the mix (H_glt)   :         8.25184 kcal/mol
 Normalized weight factor of molecule in compound  :         0.16895
 Normalized weight factor of molecule in gas phase :         0.01500




 Results for mixture 26 - LIQ_EX Phase 2 Iteration   12
 ----------------------
 Temperature          :    293.150 K
 Compound Nr.         :         1         2         3
 Compound             :       h2o 4-heptano lacticaci
 Mole Fraction        :    0.2652    0.7342    0.0006

 Compound: 1  (h2o)
 Chemical potential of the compound in the mixture :         3.65488 kcal/mol
 Log10(partial pressure [mbar])                    :         1.56672
 Free energy of molecule in mix (E_COSMO+dE+Mu)    :    -47989.59839 kcal/mol
 Total mean interaction energy in the mix (H_int)  :        -5.52147 kcal/mol
 Misfit interaction energy in the mix (H_MF)       :         0.92275 kcal/mol
 H-Bond interaction energy in the mix (H_HB)       :        -4.75516 kcal/mol
 VdW interaction energy in the mix (H_vdW)         :        -4.62111 kcal/mol
 Gas liquid transition energy in the mix (H_glt)   :         2.93205 kcal/mol
 Equilibrium constant Kx(1,2)                      :         3.76143
 Equilibrium concentration x_k(1,2)                :         0.78998

 Compound: 2  (4-heptanol)
 Chemical potential of the compound in the mixture :        -0.45023 kcal/mol
 Log10(partial pressure [mbar])                    :        -0.06045
 Free energy of molecule in mix (E_COSMO+dE+Mu)    :   -220750.89697 kcal/mol
 Total mean interaction energy in the mix (H_int)  :        -9.89153 kcal/mol
 Misfit interaction energy in the mix (H_MF)       :         2.15846 kcal/mol
 H-Bond interaction energy in the mix (H_HB)       :        -2.87130 kcal/mol
 VdW interaction energy in the mix (H_vdW)         :       -21.47256 kcal/mol
 Gas liquid transition energy in the mix (H_glt)   :        12.18698 kcal/mol
 Equilibrium constant Kx(1,2)                      :  8.98771751E-04
 Equilibrium concentration x_k(1,2)                :         0.00090

 Compound: 3  (lacticacid)
 Chemical potential of the compound in the mixture :         3.49952 kcal/mol
 Log10(partial pressure [mbar])                    :        -1.73922
 Free energy of molecule in mix (E_COSMO+dE+Mu)    :   -215745.18062 kcal/mol
 Total mean interaction energy in the mix (H_int)  :        -6.38292 kcal/mol
 Misfit interaction energy in the mix (H_MF)       :         2.26699 kcal/mol
 H-Bond interaction energy in the mix (H_HB)       :        -4.42648 kcal/mol
 VdW interaction energy in the mix (H_vdW)         :       -14.07013 kcal/mol
 Gas liquid transition energy in the mix (H_glt)   :         8.25184 kcal/mol
 Equilibrium constant Kx(1,2)                      :         0.85115
 Equilibrium concentration x_k(1,2)                :         0.45980



 Compound: 1 Conformer: 1 (h2o_c0)
 Chemical potential of the molecule in the mixture :         3.65488 kcal/mol
 Log10(partial pressure [mbar])                    :         1.56672
 Free energy of molecule in mix (E_COSMO+dE+Mu)    :    -47989.59839 kcal/mol
 Total mean interaction energy in the mix          :        -5.52147 kcal/mol
 Misfit interaction energy in the mix              :         0.92275 kcal/mol
 H-Bond interaction energy in the mix              :        -4.75516 kcal/mol
 VdW interaction energy in the mix                 :        -4.62111 kcal/mol
 Gas liquid transition energy in the mix (H_glt)   :         2.93205 kcal/mol
 Normalized weight factor of molecule in compound  :         1.00000
 Normalized weight factor of molecule in gas phase :         1.00000

 Compound: 2 Conformer: 1 (4-heptanol_c0)
 Chemical potential of the molecule in the mixture :         0.56681 kcal/mol
 Log10(partial pressure [mbar])                    :         0.20962
 Free energy of molecule in mix (E_COSMO+dE+Mu)    :   -220749.87804 kcal/mol
 Total mean interaction energy in the mix          :        -9.72673 kcal/mol
 Misfit interaction energy in the mix              :         2.18256 kcal/mol
 H-Bond interaction energy in the mix              :        -2.51735 kcal/mol
 VdW interaction energy in the mix                 :       -21.57892 kcal/mol
 Gas liquid transition energy in the mix (H_glt)   :        12.18698 kcal/mol
 Normalized weight factor of molecule in compound  :         0.17393
 Normalized weight factor of molecule in gas phase :         0.27961

 Compound: 2 Conformer: 2 (4-heptanol_c1)
 Chemical potential of the molecule in the mixture :         0.52259 kcal/mol
 Log10(partial pressure [mbar])                    :         0.08125
 Free energy of molecule in mix (E_COSMO+dE+Mu)    :   -220749.92415 kcal/mol
 Total mean interaction energy in the mix          :        -9.61952 kcal/mol
 Misfit interaction energy in the mix              :         2.15476 kcal/mol
 H-Bond interaction energy in the mix              :        -2.37645 kcal/mol
 VdW interaction energy in the mix                 :       -21.58481 kcal/mol
 Gas liquid transition energy in the mix (H_glt)   :        12.18698 kcal/mol
 Normalized weight factor of molecule in compound  :         0.18826
 Normalized weight factor of molecule in gas phase :         0.25287

 Compound: 2 Conformer: 3 (4-heptanol_c2)
 Chemical potential of the molecule in the mixture :         0.16275 kcal/mol
 Log10(partial pressure [mbar])                    :        -0.32193
 Free energy of molecule in mix (E_COSMO+dE+Mu)    :   -220750.15809 kcal/mol
 Total mean interaction energy in the mix          :       -10.34295 kcal/mol
 Misfit interaction energy in the mix              :         2.12577 kcal/mol
 H-Bond interaction energy in the mix              :        -3.07926 kcal/mol
 VdW interaction energy in the mix                 :       -21.57644 kcal/mol
 Gas liquid transition energy in the mix (H_glt)   :        12.18698 kcal/mol
 Normalized weight factor of molecule in compound  :         0.28130
 Normalized weight factor of molecule in gas phase :         0.14478

 Compound: 2 Conformer: 4 (4-heptanol_c3)
 Chemical potential of the molecule in the mixture :         0.61462 kcal/mol
 Log10(partial pressure [mbar])                    :        -0.04299
 Free energy of molecule in mix (E_COSMO+dE+Mu)    :   -220749.79263 kcal/mol
 Total mean interaction energy in the mix          :       -10.13176 kcal/mol
 Misfit interaction energy in the mix              :         2.25753 kcal/mol
 H-Bond interaction energy in the mix              :        -3.08119 kcal/mol
 VdW interaction energy in the mix                 :       -21.49507 kcal/mol
 Gas liquid transition energy in the mix (H_glt)   :        12.18698 kcal/mol
 Normalized weight factor of molecule in compound  :         0.15021
 Normalized weight factor of molecule in gas phase :         0.12662

 Compound: 2 Conformer: 5 (4-heptanol_c4)
 Chemical potential of the molecule in the mixture :         0.57433 kcal/mol
 Log10(partial pressure [mbar])                    :        -0.10565
 Free energy of molecule in mix (E_COSMO+dE+Mu)    :   -220749.62222 kcal/mol
 Total mean interaction energy in the mix          :       -10.06413 kcal/mol
 Misfit interaction energy in the mix              :         2.11782 kcal/mol
 H-Bond interaction energy in the mix              :        -3.26788 kcal/mol
 VdW interaction energy in the mix                 :       -21.10105 kcal/mol
 Gas liquid transition energy in the mix (H_glt)   :        12.18698 kcal/mol
 Normalized weight factor of molecule in compound  :         0.11212
 Normalized weight factor of molecule in gas phase :         0.09851

 Compound: 2 Conformer: 6 (4-heptanol_c5)
 Chemical potential of the molecule in the mixture :         0.53136 kcal/mol
 Log10(partial pressure [mbar])                    :        -0.03327
 Free energy of molecule in mix (E_COSMO+dE+Mu)    :   -220749.52066 kcal/mol
 Total mean interaction energy in the mix          :        -9.93772 kcal/mol
 Misfit interaction energy in the mix              :         2.10934 kcal/mol
 H-Bond interaction energy in the mix              :        -3.08620 kcal/mol
 VdW interaction energy in the mix                 :       -21.14785 kcal/mol
 Gas liquid transition energy in the mix (H_glt)   :        12.18698 kcal/mol
 Normalized weight factor of molecule in compound  :         0.09418
 Normalized weight factor of molecule in gas phase :         0.09761

 Compound: 3 Conformer: 1 (lacticacid_c0)
 Chemical potential of the molecule in the mixture :         5.16124 kcal/mol
 Log10(partial pressure [mbar])                    :        -1.74103
 Free energy of molecule in mix (E_COSMO+dE+Mu)    :   -215743.51890 kcal/mol
 Total mean interaction energy in the mix          :        -6.32951 kcal/mol
 Misfit interaction energy in the mix              :         2.66435 kcal/mol
 H-Bond interaction energy in the mix              :        -3.21060 kcal/mol
 VdW interaction energy in the mix                 :       -14.03510 kcal/mol
 Gas liquid transition energy in the mix (H_glt)   :         8.25184 kcal/mol
 Normalized weight factor of molecule in compound  :         0.05770
 Normalized weight factor of molecule in gas phase :         0.00476

 Compound: 3 Conformer: 2 (lacticacid_c1)
 Chemical potential of the molecule in the mixture :         5.58013 kcal/mol
 Log10(partial pressure [mbar])                    :        -1.01173
 Free energy of molecule in mix (E_COSMO+dE+Mu)    :   -215742.91852 kcal/mol
 Total mean interaction energy in the mix          :        -5.82412 kcal/mol
 Misfit interaction energy in the mix              :         2.73112 kcal/mol
 H-Bond interaction energy in the mix              :        -2.80827 kcal/mol
 VdW interaction energy in the mix                 :       -13.99881 kcal/mol
 Gas liquid transition energy in the mix (H_glt)   :         8.25184 kcal/mol
 Normalized weight factor of molecule in compound  :         0.02059
 Normalized weight factor of molecule in gas phase :         0.00936

 Compound: 3 Conformer: 3 (lacticacid_c2)
 Chemical potential of the molecule in the mixture :         2.80705 kcal/mol
 Log10(partial pressure [mbar])                    :        -0.96840
 Free energy of molecule in mix (E_COSMO+dE+Mu)    :   -215744.79941 kcal/mol
 Total mean interaction energy in the mix          :        -7.47181 kcal/mol
 Misfit interaction energy in the mix              :         2.14578 kcal/mol
 H-Bond interaction energy in the mix              :        -3.79460 kcal/mol
 VdW interaction energy in the mix                 :       -14.07482 kcal/mol
 Gas liquid transition energy in the mix (H_glt)   :         8.25184 kcal/mol
 Normalized weight factor of molecule in compound  :         0.51976
 Normalized weight factor of molecule in gas phase :         0.94961

 Compound: 3 Conformer: 4 (lacticacid_c3)
 Chemical potential of the molecule in the mixture :         2.10114 kcal/mol
 Log10(partial pressure [mbar])                    :        -2.60203
 Free energy of molecule in mix (E_COSMO+dE+Mu)    :   -215744.08429 kcal/mol
 Total mean interaction energy in the mix          :        -8.77066 kcal/mol
 Misfit interaction energy in the mix              :         2.27745 kcal/mol
 H-Bond interaction energy in the mix              :        -5.24894 kcal/mol
 VdW interaction energy in the mix                 :       -14.05101 kcal/mol
 Gas liquid transition energy in the mix (H_glt)   :         8.25184 kcal/mol
 Normalized weight factor of molecule in compound  :         0.15229
 Normalized weight factor of molecule in gas phase :         0.02089

 Compound: 3 Conformer: 5 (lacticacid_c4)
 Chemical potential of the molecule in the mixture :         2.19000 kcal/mol
 Log10(partial pressure [mbar])                    :        -4.20301
 Free energy of molecule in mix (E_COSMO+dE+Mu)    :   -215743.90883 kcal/mol
 Total mean interaction energy in the mix          :        -9.32234 kcal/mol
 Misfit interaction energy in the mix              :         2.55225 kcal/mol
 H-Bond interaction energy in the mix              :        -6.03291 kcal/mol
 VdW interaction energy in the mix                 :       -14.09352 kcal/mol
 Gas liquid transition energy in the mix (H_glt)   :         8.25184 kcal/mol
 Normalized weight factor of molecule in compound  :         0.11269
 Normalized weight factor of molecule in gas phase :         0.00039

 Compound: 3 Conformer: 6 (lacticacid_c5)
 Chemical potential of the molecule in the mixture :         2.01294 kcal/mol
 Log10(partial pressure [mbar])                    :        -2.69946
 Free energy of molecule in mix (E_COSMO+dE+Mu)    :   -215744.02253 kcal/mol
 Total mean interaction energy in the mix          :        -8.92797 kcal/mol
 Misfit interaction energy in the mix              :         2.24352 kcal/mol
 H-Bond interaction energy in the mix              :        -5.34355 kcal/mol
 VdW interaction energy in the mix                 :       -14.07978 kcal/mol
 Gas liquid transition energy in the mix (H_glt)   :         8.25184 kcal/mol
 Normalized weight factor of molecule in compound  :         0.13697
 Normalized weight factor of molecule in gas phase :         0.01500




 Results for mixture 27 - LIQ_EX Phase 1 Iteration   13
 ----------------------
 Temperature          :    293.150 K
 Compound Nr.         :         1         2         3
 Compound             :       h2o 4-heptano lacticaci
 Mole Fraction        :    0.9988    0.0007    0.0005

 Compound: 1  (h2o)
 Chemical potential of the compound in the mixture :         2.88312 kcal/mol
 Log10(partial pressure [mbar])                    :         0.99136
 Free energy of molecule in mix (E_COSMO+dE+Mu)    :    -47990.37015 kcal/mol
 Total mean interaction energy in the mix (H_int)  :        -5.85969 kcal/mol
 Misfit interaction energy in the mix (H_MF)       :         0.54834 kcal/mol
 H-Bond interaction energy in the mix (H_HB)       :        -4.97461 kcal/mol
 VdW interaction energy in the mix (H_vdW)         :        -4.36547 kcal/mol
 Gas liquid transition energy in the mix (H_glt)   :         2.93205 kcal/mol

 Compound: 2  (4-heptanol)
 Chemical potential of the compound in the mixture :         3.63607 kcal/mol
 Log10(partial pressure [mbar])                    :         2.98592
 Free energy of molecule in mix (E_COSMO+dE+Mu)    :   -220746.81067 kcal/mol
 Total mean interaction energy in the mix (H_int)  :       -10.25848 kcal/mol
 Misfit interaction energy in the mix (H_MF)       :         2.44048 kcal/mol
 H-Bond interaction energy in the mix (H_HB)       :        -4.22874 kcal/mol
 VdW interaction energy in the mix (H_vdW)         :       -20.76065 kcal/mol
 Gas liquid transition energy in the mix (H_glt)   :        12.18698 kcal/mol

 Compound: 3  (lacticacid)
 Chemical potential of the compound in the mixture :         3.59341 kcal/mol
 Log10(partial pressure [mbar])                    :        -1.66922
 Free energy of molecule in mix (E_COSMO+dE+Mu)    :   -215745.08673 kcal/mol
 Total mean interaction energy in the mix (H_int)  :        -8.52396 kcal/mol
 Misfit interaction energy in the mix (H_MF)       :         1.78072 kcal/mol
 H-Bond interaction energy in the mix (H_HB)       :        -7.44910 kcal/mol
 VdW interaction energy in the mix (H_vdW)         :       -13.38365 kcal/mol
 Gas liquid transition energy in the mix (H_glt)   :         8.25184 kcal/mol



 Compound: 1 Conformer: 1 (h2o_c0)
 Chemical potential of the molecule in the mixture :         2.88312 kcal/mol
 Log10(partial pressure [mbar])                    :         0.99136
 Free energy of molecule in mix (E_COSMO+dE+Mu)    :    -47990.37015 kcal/mol
 Total mean interaction energy in the mix          :        -5.85969 kcal/mol
 Misfit interaction energy in the mix              :         0.54834 kcal/mol
 H-Bond interaction energy in the mix              :        -4.97461 kcal/mol
 VdW interaction energy in the mix                 :        -4.36547 kcal/mol
 Gas liquid transition energy in the mix (H_glt)   :         2.93205 kcal/mol
 Normalized weight factor of molecule in compound  :         1.00000
 Normalized weight factor of molecule in gas phase :         1.00000

 Compound: 2 Conformer: 1 (4-heptanol_c0)
 Chemical potential of the molecule in the mixture :         4.71322 kcal/mol
 Log10(partial pressure [mbar])                    :         3.30081
 Free energy of molecule in mix (E_COSMO+dE+Mu)    :   -220745.73162 kcal/mol
 Total mean interaction energy in the mix          :       -10.19064 kcal/mol
 Misfit interaction energy in the mix              :         2.46553 kcal/mol
 H-Bond interaction energy in the mix              :        -3.95680 kcal/mol
 VdW interaction energy in the mix                 :       -20.88635 kcal/mol
 Gas liquid transition energy in the mix (H_glt)   :        12.18698 kcal/mol
 Normalized weight factor of molecule in compound  :         0.15688
 Normalized weight factor of molecule in gas phase :         0.27961

 Compound: 2 Conformer: 2 (4-heptanol_c1)
 Chemical potential of the molecule in the mixture :         4.85080 kcal/mol
 Log10(partial pressure [mbar])                    :         3.30797
 Free energy of molecule in mix (E_COSMO+dE+Mu)    :   -220745.59594 kcal/mol
 Total mean interaction energy in the mix          :       -10.22609 kcal/mol
 Misfit interaction energy in the mix              :         2.43771 kcal/mol
 H-Bond interaction energy in the mix              :        -3.95368 kcal/mol
 VdW interaction energy in the mix                 :       -20.89710 kcal/mol
 Gas liquid transition energy in the mix (H_glt)   :        12.18698 kcal/mol
 Normalized weight factor of molecule in compound  :         0.12428
 Normalized weight factor of molecule in gas phase :         0.25287

 Compound: 2 Conformer: 3 (4-heptanol_c2)
 Chemical potential of the molecule in the mixture :         4.42477 kcal/mol
 Log10(partial pressure [mbar])                    :         2.85543
 Free energy of molecule in mix (E_COSMO+dE+Mu)    :   -220745.89608 kcal/mol
 Total mean interaction energy in the mix          :       -10.45067 kcal/mol
 Misfit interaction energy in the mix              :         2.45970 kcal/mol
 H-Bond interaction energy in the mix              :        -4.22057 kcal/mol
 VdW interaction energy in the mix                 :       -20.87679 kcal/mol
 Gas liquid transition energy in the mix (H_glt)   :        12.18698 kcal/mol
 Normalized weight factor of molecule in compound  :         0.20805
 Normalized weight factor of molecule in gas phase :         0.14478

 Compound: 2 Conformer: 4 (4-heptanol_c3)
 Chemical potential of the molecule in the mixture :         4.30708 kcal/mol
 Log10(partial pressure [mbar])                    :         2.70977
 Free energy of molecule in mix (E_COSMO+dE+Mu)    :   -220746.10018 kcal/mol
 Total mean interaction energy in the mix          :       -10.55277 kcal/mol
 Misfit interaction energy in the mix              :         2.45608 kcal/mol
 H-Bond interaction energy in the mix              :        -4.40060 kcal/mol
 VdW interaction energy in the mix                 :       -20.79524 kcal/mol
 Gas liquid transition energy in the mix (H_glt)   :        12.18698 kcal/mol
 Normalized weight factor of molecule in compound  :         0.29534
 Normalized weight factor of molecule in gas phase :         0.12662

 Compound: 2 Conformer: 5 (4-heptanol_c4)
 Chemical potential of the molecule in the mixture :         4.54571 kcal/mol
 Log10(partial pressure [mbar])                    :         2.85504
 Free energy of molecule in mix (E_COSMO+dE+Mu)    :   -220745.65085 kcal/mol
 Total mean interaction energy in the mix          :       -10.29133 kcal/mol
 Misfit interaction energy in the mix              :         2.37823 kcal/mol
 H-Bond interaction energy in the mix              :        -4.44205 kcal/mol
 VdW interaction energy in the mix                 :       -20.41449 kcal/mol
 Gas liquid transition energy in the mix (H_glt)   :        12.18698 kcal/mol
 Normalized weight factor of molecule in compound  :         0.13657
 Normalized weight factor of molecule in gas phase :         0.09851

 Compound: 2 Conformer: 6 (4-heptanol_c5)
 Chemical potential of the molecule in the mixture :         4.72086 kcal/mol
 Log10(partial pressure [mbar])                    :         3.09004
 Free energy of molecule in mix (E_COSMO+dE+Mu)    :   -220745.33116 kcal/mol
 Total mean interaction energy in the mix          :       -10.09033 kcal/mol
 Misfit interaction energy in the mix              :         2.39364 kcal/mol
 H-Bond interaction energy in the mix              :        -4.21179 kcal/mol
 VdW interaction energy in the mix                 :       -20.45917 kcal/mol
 Gas liquid transition energy in the mix (H_glt)   :        12.18698 kcal/mol
 Normalized weight factor of molecule in compound  :         0.07889
 Normalized weight factor of molecule in gas phase :         0.09761

 Compound: 3 Conformer: 1 (lacticacid_c0)
 Chemical potential of the molecule in the mixture :         5.53262 kcal/mol
 Log10(partial pressure [mbar])                    :        -1.46417
 Free energy of molecule in mix (E_COSMO+dE+Mu)    :   -215743.14752 kcal/mol
 Total mean interaction energy in the mix          :        -7.85316 kcal/mol
 Misfit interaction energy in the mix              :         1.81761 kcal/mol
 H-Bond interaction energy in the mix              :        -4.58956 kcal/mol
 VdW interaction energy in the mix                 :       -13.33306 kcal/mol
 Gas liquid transition energy in the mix (H_glt)   :         8.25184 kcal/mol
 Normalized weight factor of molecule in compound  :         0.03583
 Normalized weight factor of molecule in gas phase :         0.00476

 Compound: 3 Conformer: 2 (lacticacid_c1)
 Chemical potential of the molecule in the mixture :         5.68818 kcal/mol
 Log10(partial pressure [mbar])                    :        -0.93118
 Free energy of molecule in mix (E_COSMO+dE+Mu)    :   -215742.81047 kcal/mol
 Total mean interaction energy in the mix          :        -7.38669 kcal/mol
 Misfit interaction energy in the mix              :         1.94013 kcal/mol
 H-Bond interaction energy in the mix              :        -4.26708 kcal/mol
 VdW interaction energy in the mix                 :       -13.31159 kcal/mol
 Gas liquid transition energy in the mix (H_glt)   :         8.25184 kcal/mol
 Normalized weight factor of molecule in compound  :         0.02009
 Normalized weight factor of molecule in gas phase :         0.00936

 Compound: 3 Conformer: 3 (lacticacid_c2)
 Chemical potential of the molecule in the mixture :         3.83565 kcal/mol
 Log10(partial pressure [mbar])                    :        -0.20157
 Free energy of molecule in mix (E_COSMO+dE+Mu)    :   -215743.77081 kcal/mol
 Total mean interaction energy in the mix          :        -8.50771 kcal/mol
 Misfit interaction energy in the mix              :         1.86023 kcal/mol
 H-Bond interaction energy in the mix              :        -5.22205 kcal/mol
 VdW interaction energy in the mix                 :       -13.39773 kcal/mol
 Gas liquid transition energy in the mix (H_glt)   :         8.25184 kcal/mol
 Normalized weight factor of molecule in compound  :         0.10447
 Normalized weight factor of molecule in gas phase :         0.94961

 Compound: 3 Conformer: 4 (lacticacid_c3)
 Chemical potential of the molecule in the mixture :         2.02773 kcal/mol
 Log10(partial pressure [mbar])                    :        -2.65676
 Free energy of molecule in mix (E_COSMO+dE+Mu)    :   -215744.15770 kcal/mol
 Total mean interaction energy in the mix          :       -10.73500 kcal/mol
 Misfit interaction energy in the mix              :         1.78353 kcal/mol
 H-Bond interaction energy in the mix              :        -7.40001 kcal/mol
 VdW interaction energy in the mix                 :       -13.37036 kcal/mol
 Gas liquid transition energy in the mix (H_glt)   :         8.25184 kcal/mol
 Normalized weight factor of molecule in compound  :         0.20296
 Normalized weight factor of molecule in gas phase :         0.02089

 Compound: 3 Conformer: 5 (lacticacid_c4)
 Chemical potential of the molecule in the mixture :         1.45480 kcal/mol
 Log10(partial pressure [mbar])                    :        -4.75111
 Free energy of molecule in mix (E_COSMO+dE+Mu)    :   -215744.64403 kcal/mol
 Total mean interaction energy in the mix          :       -11.70730 kcal/mol
 Misfit interaction energy in the mix              :         1.76080 kcal/mol
 H-Bond interaction energy in the mix              :        -8.32971 kcal/mol
 VdW interaction energy in the mix                 :       -13.39023 kcal/mol
 Gas liquid transition energy in the mix (H_glt)   :         8.25184 kcal/mol
 Normalized weight factor of molecule in compound  :         0.46770
 Normalized weight factor of molecule in gas phase :         0.00039

 Compound: 3 Conformer: 6 (lacticacid_c5)
 Chemical potential of the molecule in the mixture :         1.98458 kcal/mol
 Log10(partial pressure [mbar])                    :        -2.72060
 Free energy of molecule in mix (E_COSMO+dE+Mu)    :   -215744.05088 kcal/mol
 Total mean interaction energy in the mix          :       -10.81590 kcal/mol
 Misfit interaction energy in the mix              :         1.75655 kcal/mol
 H-Bond interaction energy in the mix              :        -7.43228 kcal/mol
 VdW interaction energy in the mix                 :       -13.39202 kcal/mol
 Gas liquid transition energy in the mix (H_glt)   :         8.25184 kcal/mol
 Normalized weight factor of molecule in compound  :         0.16895
 Normalized weight factor of molecule in gas phase :         0.01500




 Results for mixture 28 - LIQ_EX Phase 2 Iteration   13
 ----------------------
 Temperature          :    293.150 K
 Compound Nr.         :         1         2         3
 Compound             :       h2o 4-heptano lacticaci
 Mole Fraction        :    0.2654    0.7340    0.0006

 Compound: 1  (h2o)
 Chemical potential of the compound in the mixture :         3.65474 kcal/mol
 Log10(partial pressure [mbar])                    :         1.56661
 Free energy of molecule in mix (E_COSMO+dE+Mu)    :    -47989.59853 kcal/mol
 Total mean interaction energy in the mix (H_int)  :        -5.52179 kcal/mol
 Misfit interaction energy in the mix (H_MF)       :         0.92246 kcal/mol
 H-Bond interaction energy in the mix (H_HB)       :        -4.75523 kcal/mol
 VdW interaction energy in the mix (H_vdW)         :        -4.62107 kcal/mol
 Gas liquid transition energy in the mix (H_glt)   :         2.93205 kcal/mol
 Equilibrium constant Kx(1,2)                      :         3.76053
 Equilibrium concentration x_k(1,2)                :         0.78994

 Compound: 2  (4-heptanol)
 Chemical potential of the compound in the mixture :        -0.45018 kcal/mol
 Log10(partial pressure [mbar])                    :        -0.06041
 Free energy of molecule in mix (E_COSMO+dE+Mu)    :   -220750.89691 kcal/mol
 Total mean interaction energy in the mix (H_int)  :        -9.89169 kcal/mol
 Misfit interaction energy in the mix (H_MF)       :         2.15859 kcal/mol
 H-Bond interaction energy in the mix (H_HB)       :        -2.87166 kcal/mol
 VdW interaction energy in the mix (H_vdW)         :       -21.47249 kcal/mol
 Gas liquid transition energy in the mix (H_glt)   :        12.18698 kcal/mol
 Equilibrium constant Kx(1,2)                      :  8.98826168E-04
 Equilibrium concentration x_k(1,2)                :         0.00090

 Compound: 3  (lacticacid)
 Chemical potential of the compound in the mixture :         3.49930 kcal/mol
 Log10(partial pressure [mbar])                    :        -1.73938
 Free energy of molecule in mix (E_COSMO+dE+Mu)    :   -215745.18084 kcal/mol
 Total mean interaction energy in the mix (H_int)  :        -6.38345 kcal/mol
 Misfit interaction energy in the mix (H_MF)       :         2.26675 kcal/mol
 H-Bond interaction energy in the mix (H_HB)       :        -4.42696 kcal/mol
 VdW interaction energy in the mix (H_vdW)         :       -14.07005 kcal/mol
 Gas liquid transition energy in the mix (H_glt)   :         8.25184 kcal/mol
 Equilibrium constant Kx(1,2)                      :         0.85083
 Equilibrium concentration x_k(1,2)                :         0.45970



 Compound: 1 Conformer: 1 (h2o_c0)
 Chemical potential of the molecule in the mixture :         3.65474 kcal/mol
 Log10(partial pressure [mbar])                    :         1.56661
 Free energy of molecule in mix (E_COSMO+dE+Mu)    :    -47989.59853 kcal/mol
 Total mean interaction energy in the mix          :        -5.52179 kcal/mol
 Misfit interaction energy in the mix              :         0.92246 kcal/mol
 H-Bond interaction energy in the mix              :        -4.75523 kcal/mol
 VdW interaction energy in the mix                 :        -4.62107 kcal/mol
 Gas liquid transition energy in the mix (H_glt)   :         2.93205 kcal/mol
 Normalized weight factor of molecule in compound  :         1.00000
 Normalized weight factor of molecule in gas phase :         1.00000

 Compound: 2 Conformer: 1 (4-heptanol_c0)
 Chemical potential of the molecule in the mixture :         0.56684 kcal/mol
 Log10(partial pressure [mbar])                    :         0.20965
 Free energy of molecule in mix (E_COSMO+dE+Mu)    :   -220749.87800 kcal/mol
 Total mean interaction energy in the mix          :        -9.72688 kcal/mol
 Misfit interaction energy in the mix              :         2.18269 kcal/mol
 H-Bond interaction energy in the mix              :        -2.51771 kcal/mol
 VdW interaction energy in the mix                 :       -21.57885 kcal/mol
 Gas liquid transition energy in the mix (H_glt)   :        12.18698 kcal/mol
 Normalized weight factor of molecule in compound  :         0.17394
 Normalized weight factor of molecule in gas phase :         0.27961

 Compound: 2 Conformer: 2 (4-heptanol_c1)
 Chemical potential of the molecule in the mixture :         0.52267 kcal/mol
 Log10(partial pressure [mbar])                    :         0.08131
 Free energy of molecule in mix (E_COSMO+dE+Mu)    :   -220749.92407 kcal/mol
 Total mean interaction energy in the mix          :        -9.61977 kcal/mol
 Misfit interaction energy in the mix              :         2.15485 kcal/mol
 H-Bond interaction energy in the mix              :        -2.37685 kcal/mol
 VdW interaction energy in the mix                 :       -21.58474 kcal/mol
 Gas liquid transition energy in the mix (H_glt)   :        12.18698 kcal/mol
 Normalized weight factor of molecule in compound  :         0.18825
 Normalized weight factor of molecule in gas phase :         0.25287

 Compound: 2 Conformer: 3 (4-heptanol_c2)
 Chemical potential of the molecule in the mixture :         0.16284 kcal/mol
 Log10(partial pressure [mbar])                    :        -0.32186
 Free energy of molecule in mix (E_COSMO+dE+Mu)    :   -220750.15800 kcal/mol
 Total mean interaction energy in the mix          :       -10.34302 kcal/mol
 Misfit interaction energy in the mix              :         2.12589 kcal/mol
 H-Bond interaction energy in the mix              :        -3.07953 kcal/mol
 VdW interaction energy in the mix                 :       -21.57637 kcal/mol
 Gas liquid transition energy in the mix (H_glt)   :        12.18698 kcal/mol
 Normalized weight factor of molecule in compound  :         0.28128
 Normalized weight factor of molecule in gas phase :         0.14478

 Compound: 2 Conformer: 4 (4-heptanol_c3)
 Chemical potential of the molecule in the mixture :         0.61455 kcal/mol
 Log10(partial pressure [mbar])                    :        -0.04304
 Free energy of molecule in mix (E_COSMO+dE+Mu)    :   -220749.79271 kcal/mol
 Total mean interaction energy in the mix          :       -10.13199 kcal/mol
 Misfit interaction energy in the mix              :         2.25769 kcal/mol
 H-Bond interaction energy in the mix              :        -3.08166 kcal/mol
 VdW interaction energy in the mix                 :       -21.49500 kcal/mol
 Gas liquid transition energy in the mix (H_glt)   :        12.18698 kcal/mol
 Normalized weight factor of molecule in compound  :         0.15025
 Normalized weight factor of molecule in gas phase :         0.12662

 Compound: 2 Conformer: 5 (4-heptanol_c4)
 Chemical potential of the molecule in the mixture :         0.57438 kcal/mol
 Log10(partial pressure [mbar])                    :        -0.10562
 Free energy of molecule in mix (E_COSMO+dE+Mu)    :   -220749.62218 kcal/mol
 Total mean interaction energy in the mix          :       -10.06430 kcal/mol
 Misfit interaction energy in the mix              :         2.11794 kcal/mol
 H-Bond interaction energy in the mix              :        -3.26824 kcal/mol
 VdW interaction energy in the mix                 :       -21.10098 kcal/mol
 Gas liquid transition energy in the mix (H_glt)   :        12.18698 kcal/mol
 Normalized weight factor of molecule in compound  :         0.11212
 Normalized weight factor of molecule in gas phase :         0.09851

 Compound: 2 Conformer: 6 (4-heptanol_c5)
 Chemical potential of the molecule in the mixture :         0.53147 kcal/mol
 Log10(partial pressure [mbar])                    :        -0.03319
 Free energy of molecule in mix (E_COSMO+dE+Mu)    :   -220749.52055 kcal/mol
 Total mean interaction energy in the mix          :        -9.93778 kcal/mol
 Misfit interaction energy in the mix              :         2.10948 kcal/mol
 H-Bond interaction energy in the mix              :        -3.08646 kcal/mol
 VdW interaction energy in the mix                 :       -21.14778 kcal/mol
 Gas liquid transition energy in the mix (H_glt)   :        12.18698 kcal/mol
 Normalized weight factor of molecule in compound  :         0.09417
 Normalized weight factor of molecule in gas phase :         0.09761

 Compound: 3 Conformer: 1 (lacticacid_c0)
 Chemical potential of the molecule in the mixture :         5.16102 kcal/mol
 Log10(partial pressure [mbar])                    :        -1.74119
 Free energy of molecule in mix (E_COSMO+dE+Mu)    :   -215743.51912 kcal/mol
 Total mean interaction energy in the mix          :        -6.33005 kcal/mol
 Misfit interaction energy in the mix              :         2.66396 kcal/mol
 H-Bond interaction energy in the mix              :        -3.21081 kcal/mol
 VdW interaction energy in the mix                 :       -14.03503 kcal/mol
 Gas liquid transition energy in the mix (H_glt)   :         8.25184 kcal/mol
 Normalized weight factor of molecule in compound  :         0.05770
 Normalized weight factor of molecule in gas phase :         0.00476

 Compound: 3 Conformer: 2 (lacticacid_c1)
 Chemical potential of the molecule in the mixture :         5.57983 kcal/mol
 Log10(partial pressure [mbar])                    :        -1.01195
 Free energy of molecule in mix (E_COSMO+dE+Mu)    :   -215742.91882 kcal/mol
 Total mean interaction energy in the mix          :        -5.82459 kcal/mol
 Misfit interaction energy in the mix              :         2.73080 kcal/mol
 H-Bond interaction energy in the mix              :        -2.80849 kcal/mol
 VdW interaction energy in the mix                 :       -13.99873 kcal/mol
 Gas liquid transition energy in the mix (H_glt)   :         8.25184 kcal/mol
 Normalized weight factor of molecule in compound  :         0.02059
 Normalized weight factor of molecule in gas phase :         0.00936

 Compound: 3 Conformer: 3 (lacticacid_c2)
 Chemical potential of the molecule in the mixture :         2.80694 kcal/mol
 Log10(partial pressure [mbar])                    :        -0.96848
 Free energy of molecule in mix (E_COSMO+dE+Mu)    :   -215744.79952 kcal/mol
 Total mean interaction energy in the mix          :        -7.47221 kcal/mol
 Misfit interaction energy in the mix              :         2.14557 kcal/mol
 H-Bond interaction energy in the mix              :        -3.79487 kcal/mol
 VdW interaction energy in the mix                 :       -14.07475 kcal/mol
 Gas liquid transition energy in the mix (H_glt)   :         8.25184 kcal/mol
 Normalized weight factor of molecule in compound  :         0.51967
 Normalized weight factor of molecule in gas phase :         0.94961

 Compound: 3 Conformer: 4 (lacticacid_c3)
 Chemical potential of the molecule in the mixture :         2.10081 kcal/mol
 Log10(partial pressure [mbar])                    :        -2.60228
 Free energy of molecule in mix (E_COSMO+dE+Mu)    :   -215744.08462 kcal/mol
 Total mean interaction energy in the mix          :        -8.77130 kcal/mol
 Misfit interaction energy in the mix              :         2.27713 kcal/mol
 H-Bond interaction energy in the mix              :        -5.24934 kcal/mol
 VdW interaction energy in the mix                 :       -14.05093 kcal/mol
 Gas liquid transition energy in the mix (H_glt)   :         8.25184 kcal/mol
 Normalized weight factor of molecule in compound  :         0.15232
 Normalized weight factor of molecule in gas phase :         0.02089

 Compound: 3 Conformer: 5 (lacticacid_c4)
 Chemical potential of the molecule in the mixture :         2.18959 kcal/mol
 Log10(partial pressure [mbar])                    :        -4.20332
 Free energy of molecule in mix (E_COSMO+dE+Mu)    :   -215743.90924 kcal/mol
 Total mean interaction energy in the mix          :        -9.32316 kcal/mol
 Misfit interaction energy in the mix              :         2.55190 kcal/mol
 H-Bond interaction energy in the mix              :        -6.03347 kcal/mol
 VdW interaction energy in the mix                 :       -14.09343 kcal/mol
 Gas liquid transition energy in the mix (H_glt)   :         8.25184 kcal/mol
 Normalized weight factor of molecule in compound  :         0.11272
 Normalized weight factor of molecule in gas phase :         0.00039

 Compound: 3 Conformer: 6 (lacticacid_c5)
 Chemical potential of the molecule in the mixture :         2.01263 kcal/mol
 Log10(partial pressure [mbar])                    :        -2.69969
 Free energy of molecule in mix (E_COSMO+dE+Mu)    :   -215744.02283 kcal/mol
 Total mean interaction energy in the mix          :        -8.92858 kcal/mol
 Misfit interaction energy in the mix              :         2.24319 kcal/mol
 H-Bond interaction energy in the mix              :        -5.34392 kcal/mol
 VdW interaction energy in the mix                 :       -14.07969 kcal/mol
 Gas liquid transition energy in the mix (H_glt)   :         8.25184 kcal/mol
 Normalized weight factor of molecule in compound  :         0.13699
 Normalized weight factor of molecule in gas phase :         0.01500




 Results for mixture 29 - LIQ_EX Phase 1 Iteration   14
 ----------------------
 Temperature          :    293.150 K
 Compound Nr.         :         1         2         3
 Compound             :       h2o 4-heptano lacticaci
 Mole Fraction        :    0.9988    0.0007    0.0005

 Compound: 1  (h2o)
 Chemical potential of the compound in the mixture :         2.88312 kcal/mol
 Log10(partial pressure [mbar])                    :         0.99136
 Free energy of molecule in mix (E_COSMO+dE+Mu)    :    -47990.37015 kcal/mol
 Total mean interaction energy in the mix (H_int)  :        -5.85969 kcal/mol
 Misfit interaction energy in the mix (H_MF)       :         0.54834 kcal/mol
 H-Bond interaction energy in the mix (H_HB)       :        -4.97461 kcal/mol
 VdW interaction energy in the mix (H_vdW)         :        -4.36547 kcal/mol
 Gas liquid transition energy in the mix (H_glt)   :         2.93205 kcal/mol

 Compound: 2  (4-heptanol)
 Chemical potential of the compound in the mixture :         3.63608 kcal/mol
 Log10(partial pressure [mbar])                    :         2.98592
 Free energy of molecule in mix (E_COSMO+dE+Mu)    :   -220746.81066 kcal/mol
 Total mean interaction energy in the mix (H_int)  :       -10.25848 kcal/mol
 Misfit interaction energy in the mix (H_MF)       :         2.44048 kcal/mol
 H-Bond interaction energy in the mix (H_HB)       :        -4.22875 kcal/mol
 VdW interaction energy in the mix (H_vdW)         :       -20.76064 kcal/mol
 Gas liquid transition energy in the mix (H_glt)   :        12.18698 kcal/mol

 Compound: 3  (lacticacid)
 Chemical potential of the compound in the mixture :         3.59341 kcal/mol
 Log10(partial pressure [mbar])                    :        -1.66922
 Free energy of molecule in mix (E_COSMO+dE+Mu)    :   -215745.08673 kcal/mol
 Total mean interaction energy in the mix (H_int)  :        -8.52396 kcal/mol
 Misfit interaction energy in the mix (H_MF)       :         1.78072 kcal/mol
 H-Bond interaction energy in the mix (H_HB)       :        -7.44910 kcal/mol
 VdW interaction energy in the mix (H_vdW)         :       -13.38365 kcal/mol
 Gas liquid transition energy in the mix (H_glt)   :         8.25184 kcal/mol



 Compound: 1 Conformer: 1 (h2o_c0)
 Chemical potential of the molecule in the mixture :         2.88312 kcal/mol
 Log10(partial pressure [mbar])                    :         0.99136
 Free energy of molecule in mix (E_COSMO+dE+Mu)    :    -47990.37015 kcal/mol
 Total mean interaction energy in the mix          :        -5.85969 kcal/mol
 Misfit interaction energy in the mix              :         0.54834 kcal/mol
 H-Bond interaction energy in the mix              :        -4.97461 kcal/mol
 VdW interaction energy in the mix                 :        -4.36547 kcal/mol
 Gas liquid transition energy in the mix (H_glt)   :         2.93205 kcal/mol
 Normalized weight factor of molecule in compound  :         1.00000
 Normalized weight factor of molecule in gas phase :         1.00000

 Compound: 2 Conformer: 1 (4-heptanol_c0)
 Chemical potential of the molecule in the mixture :         4.71323 kcal/mol
 Log10(partial pressure [mbar])                    :         3.30081
 Free energy of molecule in mix (E_COSMO+dE+Mu)    :   -220745.73161 kcal/mol
 Total mean interaction energy in the mix          :       -10.19064 kcal/mol
 Misfit interaction energy in the mix              :         2.46553 kcal/mol
 H-Bond interaction energy in the mix              :        -3.95681 kcal/mol
 VdW interaction energy in the mix                 :       -20.88634 kcal/mol
 Gas liquid transition energy in the mix (H_glt)   :        12.18698 kcal/mol
 Normalized weight factor of molecule in compound  :         0.15688
 Normalized weight factor of molecule in gas phase :         0.27961

 Compound: 2 Conformer: 2 (4-heptanol_c1)
 Chemical potential of the molecule in the mixture :         4.85081 kcal/mol
 Log10(partial pressure [mbar])                    :         3.30797
 Free energy of molecule in mix (E_COSMO+dE+Mu)    :   -220745.59593 kcal/mol
 Total mean interaction energy in the mix          :       -10.22609 kcal/mol
 Misfit interaction energy in the mix              :         2.43771 kcal/mol
 H-Bond interaction energy in the mix              :        -3.95368 kcal/mol
 VdW interaction energy in the mix                 :       -20.89710 kcal/mol
 Gas liquid transition energy in the mix (H_glt)   :        12.18698 kcal/mol
 Normalized weight factor of molecule in compound  :         0.12428
 Normalized weight factor of molecule in gas phase :         0.25287

 Compound: 2 Conformer: 3 (4-heptanol_c2)
 Chemical potential of the molecule in the mixture :         4.42478 kcal/mol
 Log10(partial pressure [mbar])                    :         2.85544
 Free energy of molecule in mix (E_COSMO+dE+Mu)    :   -220745.89607 kcal/mol
 Total mean interaction energy in the mix          :       -10.45067 kcal/mol
 Misfit interaction energy in the mix              :         2.45970 kcal/mol
 H-Bond interaction energy in the mix              :        -4.22057 kcal/mol
 VdW interaction energy in the mix                 :       -20.87679 kcal/mol
 Gas liquid transition energy in the mix (H_glt)   :        12.18698 kcal/mol
 Normalized weight factor of molecule in compound  :         0.20805
 Normalized weight factor of molecule in gas phase :         0.14478

 Compound: 2 Conformer: 4 (4-heptanol_c3)
 Chemical potential of the molecule in the mixture :         4.30709 kcal/mol
 Log10(partial pressure [mbar])                    :         2.70978
 Free energy of molecule in mix (E_COSMO+dE+Mu)    :   -220746.10017 kcal/mol
 Total mean interaction energy in the mix          :       -10.55277 kcal/mol
 Misfit interaction energy in the mix              :         2.45608 kcal/mol
 H-Bond interaction energy in the mix              :        -4.40060 kcal/mol
 VdW interaction energy in the mix                 :       -20.79524 kcal/mol
 Gas liquid transition energy in the mix (H_glt)   :        12.18698 kcal/mol
 Normalized weight factor of molecule in compound  :         0.29534
 Normalized weight factor of molecule in gas phase :         0.12662

 Compound: 2 Conformer: 5 (4-heptanol_c4)
 Chemical potential of the molecule in the mixture :         4.54572 kcal/mol
 Log10(partial pressure [mbar])                    :         2.85505
 Free energy of molecule in mix (E_COSMO+dE+Mu)    :   -220745.65084 kcal/mol
 Total mean interaction energy in the mix          :       -10.29133 kcal/mol
 Misfit interaction energy in the mix              :         2.37823 kcal/mol
 H-Bond interaction energy in the mix              :        -4.44205 kcal/mol
 VdW interaction energy in the mix                 :       -20.41448 kcal/mol
 Gas liquid transition energy in the mix (H_glt)   :        12.18698 kcal/mol
 Normalized weight factor of molecule in compound  :         0.13657
 Normalized weight factor of molecule in gas phase :         0.09851

 Compound: 2 Conformer: 6 (4-heptanol_c5)
 Chemical potential of the molecule in the mixture :         4.72087 kcal/mol
 Log10(partial pressure [mbar])                    :         3.09004
 Free energy of molecule in mix (E_COSMO+dE+Mu)    :   -220745.33115 kcal/mol
 Total mean interaction energy in the mix          :       -10.09033 kcal/mol
 Misfit interaction energy in the mix              :         2.39364 kcal/mol
 H-Bond interaction energy in the mix              :        -4.21179 kcal/mol
 VdW interaction energy in the mix                 :       -20.45916 kcal/mol
 Gas liquid transition energy in the mix (H_glt)   :        12.18698 kcal/mol
 Normalized weight factor of molecule in compound  :         0.07889
 Normalized weight factor of molecule in gas phase :         0.09761

 Compound: 3 Conformer: 1 (lacticacid_c0)
 Chemical potential of the molecule in the mixture :         5.53262 kcal/mol
 Log10(partial pressure [mbar])                    :        -1.46416
 Free energy of molecule in mix (E_COSMO+dE+Mu)    :   -215743.14752 kcal/mol
 Total mean interaction energy in the mix          :        -7.85316 kcal/mol
 Misfit interaction energy in the mix              :         1.81761 kcal/mol
 H-Bond interaction energy in the mix              :        -4.58956 kcal/mol
 VdW interaction energy in the mix                 :       -13.33306 kcal/mol
 Gas liquid transition energy in the mix (H_glt)   :         8.25184 kcal/mol
 Normalized weight factor of molecule in compound  :         0.03583
 Normalized weight factor of molecule in gas phase :         0.00476

 Compound: 3 Conformer: 2 (lacticacid_c1)
 Chemical potential of the molecule in the mixture :         5.68818 kcal/mol
 Log10(partial pressure [mbar])                    :        -0.93117
 Free energy of molecule in mix (E_COSMO+dE+Mu)    :   -215742.81047 kcal/mol
 Total mean interaction energy in the mix          :        -7.38670 kcal/mol
 Misfit interaction energy in the mix              :         1.94013 kcal/mol
 H-Bond interaction energy in the mix              :        -4.26708 kcal/mol
 VdW interaction energy in the mix                 :       -13.31159 kcal/mol
 Gas liquid transition energy in the mix (H_glt)   :         8.25184 kcal/mol
 Normalized weight factor of molecule in compound  :         0.02009
 Normalized weight factor of molecule in gas phase :         0.00936

 Compound: 3 Conformer: 3 (lacticacid_c2)
 Chemical potential of the molecule in the mixture :         3.83565 kcal/mol
 Log10(partial pressure [mbar])                    :        -0.20157
 Free energy of molecule in mix (E_COSMO+dE+Mu)    :   -215743.77081 kcal/mol
 Total mean interaction energy in the mix          :        -8.50771 kcal/mol
 Misfit interaction energy in the mix              :         1.86023 kcal/mol
 H-Bond interaction energy in the mix              :        -5.22205 kcal/mol
 VdW interaction energy in the mix                 :       -13.39773 kcal/mol
 Gas liquid transition energy in the mix (H_glt)   :         8.25184 kcal/mol
 Normalized weight factor of molecule in compound  :         0.10447
 Normalized weight factor of molecule in gas phase :         0.94961

 Compound: 3 Conformer: 4 (lacticacid_c3)
 Chemical potential of the molecule in the mixture :         2.02773 kcal/mol
 Log10(partial pressure [mbar])                    :        -2.65676
 Free energy of molecule in mix (E_COSMO+dE+Mu)    :   -215744.15770 kcal/mol
 Total mean interaction energy in the mix          :       -10.73500 kcal/mol
 Misfit interaction energy in the mix              :         1.78353 kcal/mol
 H-Bond interaction energy in the mix              :        -7.40001 kcal/mol
 VdW interaction energy in the mix                 :       -13.37035 kcal/mol
 Gas liquid transition energy in the mix (H_glt)   :         8.25184 kcal/mol
 Normalized weight factor of molecule in compound  :         0.20296
 Normalized weight factor of molecule in gas phase :         0.02089

 Compound: 3 Conformer: 5 (lacticacid_c4)
 Chemical potential of the molecule in the mixture :         1.45480 kcal/mol
 Log10(partial pressure [mbar])                    :        -4.75111
 Free energy of molecule in mix (E_COSMO+dE+Mu)    :   -215744.64403 kcal/mol
 Total mean interaction energy in the mix          :       -11.70730 kcal/mol
 Misfit interaction energy in the mix              :         1.76080 kcal/mol
 H-Bond interaction energy in the mix              :        -8.32971 kcal/mol
 VdW interaction energy in the mix                 :       -13.39023 kcal/mol
 Gas liquid transition energy in the mix (H_glt)   :         8.25184 kcal/mol
 Normalized weight factor of molecule in compound  :         0.46770
 Normalized weight factor of molecule in gas phase :         0.00039

 Compound: 3 Conformer: 6 (lacticacid_c5)
 Chemical potential of the molecule in the mixture :         1.98459 kcal/mol
 Log10(partial pressure [mbar])                    :        -2.72059
 Free energy of molecule in mix (E_COSMO+dE+Mu)    :   -215744.05088 kcal/mol
 Total mean interaction energy in the mix          :       -10.81591 kcal/mol
 Misfit interaction energy in the mix              :         1.75655 kcal/mol
 H-Bond interaction energy in the mix              :        -7.43228 kcal/mol
 VdW interaction energy in the mix                 :       -13.39202 kcal/mol
 Gas liquid transition energy in the mix (H_glt)   :         8.25184 kcal/mol
 Normalized weight factor of molecule in compound  :         0.16895
 Normalized weight factor of molecule in gas phase :         0.01500




 Results for mixture 30 - LIQ_EX Phase 2 Iteration   14
 ----------------------
 Temperature          :    293.150 K
 Compound Nr.         :         1         2         3
 Compound             :       h2o 4-heptano lacticaci
 Mole Fraction        :    0.2655    0.7339    0.0006

 Compound: 1  (h2o)
 Chemical potential of the compound in the mixture :         3.65466 kcal/mol
 Log10(partial pressure [mbar])                    :         1.56655
 Free energy of molecule in mix (E_COSMO+dE+Mu)    :    -47989.59861 kcal/mol
 Total mean interaction energy in the mix (H_int)  :        -5.52198 kcal/mol
 Misfit interaction energy in the mix (H_MF)       :         0.92228 kcal/mol
 H-Bond interaction energy in the mix (H_HB)       :        -4.75527 kcal/mol
 VdW interaction energy in the mix (H_vdW)         :        -4.62104 kcal/mol
 Gas liquid transition energy in the mix (H_glt)   :         2.93205 kcal/mol
 Equilibrium constant Kx(1,2)                      :         3.75998
 Equilibrium concentration x_k(1,2)                :         0.78992

 Compound: 2  (4-heptanol)
 Chemical potential of the compound in the mixture :        -0.45014 kcal/mol
 Log10(partial pressure [mbar])                    :        -0.06038
 Free energy of molecule in mix (E_COSMO+dE+Mu)    :   -220750.89688 kcal/mol
 Total mean interaction energy in the mix (H_int)  :        -9.89178 kcal/mol
 Misfit interaction energy in the mix (H_MF)       :         2.15867 kcal/mol
 H-Bond interaction energy in the mix (H_HB)       :        -2.87188 kcal/mol
 VdW interaction energy in the mix (H_vdW)         :       -21.47245 kcal/mol
 Gas liquid transition energy in the mix (H_glt)   :        12.18698 kcal/mol
 Equilibrium constant Kx(1,2)                      :  8.98859502E-04
 Equilibrium concentration x_k(1,2)                :         0.00090

 Compound: 3  (lacticacid)
 Chemical potential of the compound in the mixture :         3.49917 kcal/mol
 Log10(partial pressure [mbar])                    :        -1.73947
 Free energy of molecule in mix (E_COSMO+dE+Mu)    :   -215745.18097 kcal/mol
 Total mean interaction energy in the mix (H_int)  :        -6.38377 kcal/mol
 Misfit interaction energy in the mix (H_MF)       :         2.26659 kcal/mol
 H-Bond interaction energy in the mix (H_HB)       :        -4.42726 kcal/mol
 VdW interaction energy in the mix (H_vdW)         :       -14.07000 kcal/mol
 Gas liquid transition energy in the mix (H_glt)   :         8.25184 kcal/mol
 Equilibrium constant Kx(1,2)                      :         0.85063
 Equilibrium concentration x_k(1,2)                :         0.45964



 Compound: 1 Conformer: 1 (h2o_c0)
 Chemical potential of the molecule in the mixture :         3.65466 kcal/mol
 Log10(partial pressure [mbar])                    :         1.56655
 Free energy of molecule in mix (E_COSMO+dE+Mu)    :    -47989.59861 kcal/mol
 Total mean interaction energy in the mix          :        -5.52198 kcal/mol
 Misfit interaction energy in the mix              :         0.92228 kcal/mol
 H-Bond interaction energy in the mix              :        -4.75527 kcal/mol
 VdW interaction energy in the mix                 :        -4.62104 kcal/mol
 Gas liquid transition energy in the mix (H_glt)   :         2.93205 kcal/mol
 Normalized weight factor of molecule in compound  :         1.00000
 Normalized weight factor of molecule in gas phase :         1.00000

 Compound: 2 Conformer: 1 (4-heptanol_c0)
 Chemical potential of the molecule in the mixture :         0.56686 kcal/mol
 Log10(partial pressure [mbar])                    :         0.20967
 Free energy of molecule in mix (E_COSMO+dE+Mu)    :   -220749.87798 kcal/mol
 Total mean interaction energy in the mix          :        -9.72698 kcal/mol
 Misfit interaction energy in the mix              :         2.18278 kcal/mol
 H-Bond interaction energy in the mix              :        -2.51793 kcal/mol
 VdW interaction energy in the mix                 :       -21.57880 kcal/mol
 Gas liquid transition energy in the mix (H_glt)   :        12.18698 kcal/mol
 Normalized weight factor of molecule in compound  :         0.17394
 Normalized weight factor of molecule in gas phase :         0.27961

 Compound: 2 Conformer: 2 (4-heptanol_c1)
 Chemical potential of the molecule in the mixture :         0.52272 kcal/mol
 Log10(partial pressure [mbar])                    :         0.08135
 Free energy of molecule in mix (E_COSMO+dE+Mu)    :   -220749.92402 kcal/mol
 Total mean interaction energy in the mix          :        -9.61992 kcal/mol
 Misfit interaction energy in the mix              :         2.15490 kcal/mol
 H-Bond interaction energy in the mix              :        -2.37710 kcal/mol
 VdW interaction energy in the mix                 :       -21.58470 kcal/mol
 Gas liquid transition energy in the mix (H_glt)   :        12.18698 kcal/mol
 Normalized weight factor of molecule in compound  :         0.18824
 Normalized weight factor of molecule in gas phase :         0.25287

 Compound: 2 Conformer: 3 (4-heptanol_c2)
 Chemical potential of the molecule in the mixture :         0.16290 kcal/mol
 Log10(partial pressure [mbar])                    :        -0.32182
 Free energy of molecule in mix (E_COSMO+dE+Mu)    :   -220750.15795 kcal/mol
 Total mean interaction energy in the mix          :       -10.34307 kcal/mol
 Misfit interaction energy in the mix              :         2.12597 kcal/mol
 H-Bond interaction energy in the mix              :        -3.07969 kcal/mol
 VdW interaction energy in the mix                 :       -21.57632 kcal/mol
 Gas liquid transition energy in the mix (H_glt)   :        12.18698 kcal/mol
 Normalized weight factor of molecule in compound  :         0.28127
 Normalized weight factor of molecule in gas phase :         0.14478

 Compound: 2 Conformer: 4 (4-heptanol_c3)
 Chemical potential of the molecule in the mixture :         0.61450 kcal/mol
 Log10(partial pressure [mbar])                    :        -0.04307
 Free energy of molecule in mix (E_COSMO+dE+Mu)    :   -220749.79275 kcal/mol
 Total mean interaction energy in the mix          :       -10.13213 kcal/mol
 Misfit interaction energy in the mix              :         2.25778 kcal/mol
 H-Bond interaction energy in the mix              :        -3.08195 kcal/mol
 VdW interaction energy in the mix                 :       -21.49495 kcal/mol
 Gas liquid transition energy in the mix (H_glt)   :        12.18698 kcal/mol
 Normalized weight factor of molecule in compound  :         0.15027
 Normalized weight factor of molecule in gas phase :         0.12662

 Compound: 2 Conformer: 5 (4-heptanol_c4)
 Chemical potential of the molecule in the mixture :         0.57440 kcal/mol
 Log10(partial pressure [mbar])                    :        -0.10560
 Free energy of molecule in mix (E_COSMO+dE+Mu)    :   -220749.62215 kcal/mol
 Total mean interaction energy in the mix          :       -10.06440 kcal/mol
 Misfit interaction energy in the mix              :         2.11802 kcal/mol
 H-Bond interaction energy in the mix              :        -3.26846 kcal/mol
 VdW interaction energy in the mix                 :       -21.10093 kcal/mol
 Gas liquid transition energy in the mix (H_glt)   :        12.18698 kcal/mol
 Normalized weight factor of molecule in compound  :         0.11212
 Normalized weight factor of molecule in gas phase :         0.09851

 Compound: 2 Conformer: 6 (4-heptanol_c5)
 Chemical potential of the molecule in the mixture :         0.53154 kcal/mol
 Log10(partial pressure [mbar])                    :        -0.03314
 Free energy of molecule in mix (E_COSMO+dE+Mu)    :   -220749.52049 kcal/mol
 Total mean interaction energy in the mix          :        -9.93782 kcal/mol
 Misfit interaction energy in the mix              :         2.10956 kcal/mol
 H-Bond interaction energy in the mix              :        -3.08662 kcal/mol
 VdW interaction energy in the mix                 :       -21.14774 kcal/mol
 Gas liquid transition energy in the mix (H_glt)   :        12.18698 kcal/mol
 Normalized weight factor of molecule in compound  :         0.09416
 Normalized weight factor of molecule in gas phase :         0.09761

 Compound: 3 Conformer: 1 (lacticacid_c0)
 Chemical potential of the molecule in the mixture :         5.16089 kcal/mol
 Log10(partial pressure [mbar])                    :        -1.74129
 Free energy of molecule in mix (E_COSMO+dE+Mu)    :   -215743.51925 kcal/mol
 Total mean interaction energy in the mix          :        -6.33037 kcal/mol
 Misfit interaction energy in the mix              :         2.66372 kcal/mol
 H-Bond interaction energy in the mix              :        -3.21094 kcal/mol
 VdW interaction energy in the mix                 :       -14.03499 kcal/mol
 Gas liquid transition energy in the mix (H_glt)   :         8.25184 kcal/mol
 Normalized weight factor of molecule in compound  :         0.05770
 Normalized weight factor of molecule in gas phase :         0.00476

 Compound: 3 Conformer: 2 (lacticacid_c1)
 Chemical potential of the molecule in the mixture :         5.57965 kcal/mol
 Log10(partial pressure [mbar])                    :        -1.01208
 Free energy of molecule in mix (E_COSMO+dE+Mu)    :   -215742.91900 kcal/mol
 Total mean interaction energy in the mix          :        -5.82487 kcal/mol
 Misfit interaction energy in the mix              :         2.73060 kcal/mol
 H-Bond interaction energy in the mix              :        -2.80863 kcal/mol
 VdW interaction energy in the mix                 :       -13.99869 kcal/mol
 Gas liquid transition energy in the mix (H_glt)   :         8.25184 kcal/mol
 Normalized weight factor of molecule in compound  :         0.02059
 Normalized weight factor of molecule in gas phase :         0.00936

 Compound: 3 Conformer: 3 (lacticacid_c2)
 Chemical potential of the molecule in the mixture :         2.80687 kcal/mol
 Log10(partial pressure [mbar])                    :        -0.96854
 Free energy of molecule in mix (E_COSMO+dE+Mu)    :   -215744.79959 kcal/mol
 Total mean interaction energy in the mix          :        -7.47245 kcal/mol
 Misfit interaction energy in the mix              :         2.14544 kcal/mol
 H-Bond interaction energy in the mix              :        -3.79503 kcal/mol
 VdW interaction energy in the mix                 :       -14.07471 kcal/mol
 Gas liquid transition energy in the mix (H_glt)   :         8.25184 kcal/mol
 Normalized weight factor of molecule in compound  :         0.51962
 Normalized weight factor of molecule in gas phase :         0.94961

 Compound: 3 Conformer: 4 (lacticacid_c3)
 Chemical potential of the molecule in the mixture :         2.10061 kcal/mol
 Log10(partial pressure [mbar])                    :        -2.60243
 Free energy of molecule in mix (E_COSMO+dE+Mu)    :   -215744.08482 kcal/mol
 Total mean interaction energy in the mix          :        -8.77169 kcal/mol
 Misfit interaction energy in the mix              :         2.27694 kcal/mol
 H-Bond interaction energy in the mix              :        -5.24959 kcal/mol
 VdW interaction energy in the mix                 :       -14.05088 kcal/mol
 Gas liquid transition energy in the mix (H_glt)   :         8.25184 kcal/mol
 Normalized weight factor of molecule in compound  :         0.15234
 Normalized weight factor of molecule in gas phase :         0.02089

 Compound: 3 Conformer: 5 (lacticacid_c4)
 Chemical potential of the molecule in the mixture :         2.18934 kcal/mol
 Log10(partial pressure [mbar])                    :        -4.20350
 Free energy of molecule in mix (E_COSMO+dE+Mu)    :   -215743.90949 kcal/mol
 Total mean interaction energy in the mix          :        -9.32366 kcal/mol
 Misfit interaction energy in the mix              :         2.55168 kcal/mol
 H-Bond interaction energy in the mix              :        -6.03380 kcal/mol
 VdW interaction energy in the mix                 :       -14.09338 kcal/mol
 Gas liquid transition energy in the mix (H_glt)   :         8.25184 kcal/mol
 Normalized weight factor of molecule in compound  :         0.11275
 Normalized weight factor of molecule in gas phase :         0.00039

 Compound: 3 Conformer: 6 (lacticacid_c5)
 Chemical potential of the molecule in the mixture :         2.01244 kcal/mol
 Log10(partial pressure [mbar])                    :        -2.69983
 Free energy of molecule in mix (E_COSMO+dE+Mu)    :   -215744.02302 kcal/mol
 Total mean interaction energy in the mix          :        -8.92895 kcal/mol
 Misfit interaction energy in the mix              :         2.24299 kcal/mol
 H-Bond interaction energy in the mix              :        -5.34414 kcal/mol
 VdW interaction energy in the mix                 :       -14.07964 kcal/mol
 Gas liquid transition energy in the mix (H_glt)   :         8.25184 kcal/mol
 Normalized weight factor of molecule in compound  :         0.13701
 Normalized weight factor of molecule in gas phase :         0.01500




 Results for mixture 31 - LIQ_EX Phase 1 Iteration   15
 ----------------------
 Temperature          :    293.150 K
 Compound Nr.         :         1         2         3
 Compound             :       h2o 4-heptano lacticaci
 Mole Fraction        :    0.9988    0.0007    0.0005

 Compound: 1  (h2o)
 Chemical potential of the compound in the mixture :         2.88312 kcal/mol
 Log10(partial pressure [mbar])                    :         0.99136
 Free energy of molecule in mix (E_COSMO+dE+Mu)    :    -47990.37015 kcal/mol
 Total mean interaction energy in the mix (H_int)  :        -5.85969 kcal/mol
 Misfit interaction energy in the mix (H_MF)       :         0.54834 kcal/mol
 H-Bond interaction energy in the mix (H_HB)       :        -4.97461 kcal/mol
 VdW interaction energy in the mix (H_vdW)         :        -4.36547 kcal/mol
 Gas liquid transition energy in the mix (H_glt)   :         2.93205 kcal/mol

 Compound: 2  (4-heptanol)
 Chemical potential of the compound in the mixture :         3.63608 kcal/mol
 Log10(partial pressure [mbar])                    :         2.98593
 Free energy of molecule in mix (E_COSMO+dE+Mu)    :   -220746.81066 kcal/mol
 Total mean interaction energy in the mix (H_int)  :       -10.25848 kcal/mol
 Misfit interaction energy in the mix (H_MF)       :         2.44048 kcal/mol
 H-Bond interaction energy in the mix (H_HB)       :        -4.22875 kcal/mol
 VdW interaction energy in the mix (H_vdW)         :       -20.76064 kcal/mol
 Gas liquid transition energy in the mix (H_glt)   :        12.18698 kcal/mol

 Compound: 3  (lacticacid)
 Chemical potential of the compound in the mixture :         3.59342 kcal/mol
 Log10(partial pressure [mbar])                    :        -1.66922
 Free energy of molecule in mix (E_COSMO+dE+Mu)    :   -215745.08672 kcal/mol
 Total mean interaction energy in the mix (H_int)  :        -8.52397 kcal/mol
 Misfit interaction energy in the mix (H_MF)       :         1.78072 kcal/mol
 H-Bond interaction energy in the mix (H_HB)       :        -7.44910 kcal/mol
 VdW interaction energy in the mix (H_vdW)         :       -13.38365 kcal/mol
 Gas liquid transition energy in the mix (H_glt)   :         8.25184 kcal/mol



 Compound: 1 Conformer: 1 (h2o_c0)
 Chemical potential of the molecule in the mixture :         2.88312 kcal/mol
 Log10(partial pressure [mbar])                    :         0.99136
 Free energy of molecule in mix (E_COSMO+dE+Mu)    :    -47990.37015 kcal/mol
 Total mean interaction energy in the mix          :        -5.85969 kcal/mol
 Misfit interaction energy in the mix              :         0.54834 kcal/mol
 H-Bond interaction energy in the mix              :        -4.97461 kcal/mol
 VdW interaction energy in the mix                 :        -4.36547 kcal/mol
 Gas liquid transition energy in the mix (H_glt)   :         2.93205 kcal/mol
 Normalized weight factor of molecule in compound  :         1.00000
 Normalized weight factor of molecule in gas phase :         1.00000

 Compound: 2 Conformer: 1 (4-heptanol_c0)
 Chemical potential of the molecule in the mixture :         4.71324 kcal/mol
 Log10(partial pressure [mbar])                    :         3.30082
 Free energy of molecule in mix (E_COSMO+dE+Mu)    :   -220745.73161 kcal/mol
 Total mean interaction energy in the mix          :       -10.19064 kcal/mol
 Misfit interaction energy in the mix              :         2.46553 kcal/mol
 H-Bond interaction energy in the mix              :        -3.95681 kcal/mol
 VdW interaction energy in the mix                 :       -20.88634 kcal/mol
 Gas liquid transition energy in the mix (H_glt)   :        12.18698 kcal/mol
 Normalized weight factor of molecule in compound  :         0.15688
 Normalized weight factor of molecule in gas phase :         0.27961

 Compound: 2 Conformer: 2 (4-heptanol_c1)
 Chemical potential of the molecule in the mixture :         4.85082 kcal/mol
 Log10(partial pressure [mbar])                    :         3.30798
 Free energy of molecule in mix (E_COSMO+dE+Mu)    :   -220745.59592 kcal/mol
 Total mean interaction energy in the mix          :       -10.22609 kcal/mol
 Misfit interaction energy in the mix              :         2.43771 kcal/mol
 H-Bond interaction energy in the mix              :        -3.95368 kcal/mol
 VdW interaction energy in the mix                 :       -20.89710 kcal/mol
 Gas liquid transition energy in the mix (H_glt)   :        12.18698 kcal/mol
 Normalized weight factor of molecule in compound  :         0.12428
 Normalized weight factor of molecule in gas phase :         0.25287

 Compound: 2 Conformer: 3 (4-heptanol_c2)
 Chemical potential of the molecule in the mixture :         4.42478 kcal/mol
 Log10(partial pressure [mbar])                    :         2.85545
 Free energy of molecule in mix (E_COSMO+dE+Mu)    :   -220745.89606 kcal/mol
 Total mean interaction energy in the mix          :       -10.45067 kcal/mol
 Misfit interaction energy in the mix              :         2.45970 kcal/mol
 H-Bond interaction energy in the mix              :        -4.22057 kcal/mol
 VdW interaction energy in the mix                 :       -20.87679 kcal/mol
 Gas liquid transition energy in the mix (H_glt)   :        12.18698 kcal/mol
 Normalized weight factor of molecule in compound  :         0.20805
 Normalized weight factor of molecule in gas phase :         0.14478

 Compound: 2 Conformer: 4 (4-heptanol_c3)
 Chemical potential of the molecule in the mixture :         4.30709 kcal/mol
 Log10(partial pressure [mbar])                    :         2.70978
 Free energy of molecule in mix (E_COSMO+dE+Mu)    :   -220746.10016 kcal/mol
 Total mean interaction energy in the mix          :       -10.55277 kcal/mol
 Misfit interaction energy in the mix              :         2.45608 kcal/mol
 H-Bond interaction energy in the mix              :        -4.40060 kcal/mol
 VdW interaction energy in the mix                 :       -20.79523 kcal/mol
 Gas liquid transition energy in the mix (H_glt)   :        12.18698 kcal/mol
 Normalized weight factor of molecule in compound  :         0.29534
 Normalized weight factor of molecule in gas phase :         0.12662

 Compound: 2 Conformer: 5 (4-heptanol_c4)
 Chemical potential of the molecule in the mixture :         4.54572 kcal/mol
 Log10(partial pressure [mbar])                    :         2.85505
 Free energy of molecule in mix (E_COSMO+dE+Mu)    :   -220745.65083 kcal/mol
 Total mean interaction energy in the mix          :       -10.29133 kcal/mol
 Misfit interaction energy in the mix              :         2.37823 kcal/mol
 H-Bond interaction energy in the mix              :        -4.44205 kcal/mol
 VdW interaction energy in the mix                 :       -20.41448 kcal/mol
 Gas liquid transition energy in the mix (H_glt)   :        12.18698 kcal/mol
 Normalized weight factor of molecule in compound  :         0.13657
 Normalized weight factor of molecule in gas phase :         0.09851

 Compound: 2 Conformer: 6 (4-heptanol_c5)
 Chemical potential of the molecule in the mixture :         4.72088 kcal/mol
 Log10(partial pressure [mbar])                    :         3.09005
 Free energy of molecule in mix (E_COSMO+dE+Mu)    :   -220745.33115 kcal/mol
 Total mean interaction energy in the mix          :       -10.09033 kcal/mol
 Misfit interaction energy in the mix              :         2.39364 kcal/mol
 H-Bond interaction energy in the mix              :        -4.21179 kcal/mol
 VdW interaction energy in the mix                 :       -20.45916 kcal/mol
 Gas liquid transition energy in the mix (H_glt)   :        12.18698 kcal/mol
 Normalized weight factor of molecule in compound  :         0.07889
 Normalized weight factor of molecule in gas phase :         0.09761

 Compound: 3 Conformer: 1 (lacticacid_c0)
 Chemical potential of the molecule in the mixture :         5.53262 kcal/mol
 Log10(partial pressure [mbar])                    :        -1.46416
 Free energy of molecule in mix (E_COSMO+dE+Mu)    :   -215743.14752 kcal/mol
 Total mean interaction energy in the mix          :        -7.85317 kcal/mol
 Misfit interaction energy in the mix              :         1.81761 kcal/mol
 H-Bond interaction energy in the mix              :        -4.58956 kcal/mol
 VdW interaction energy in the mix                 :       -13.33306 kcal/mol
 Gas liquid transition energy in the mix (H_glt)   :         8.25184 kcal/mol
 Normalized weight factor of molecule in compound  :         0.03583
 Normalized weight factor of molecule in gas phase :         0.00476

 Compound: 3 Conformer: 2 (lacticacid_c1)
 Chemical potential of the molecule in the mixture :         5.68818 kcal/mol
 Log10(partial pressure [mbar])                    :        -0.93117
 Free energy of molecule in mix (E_COSMO+dE+Mu)    :   -215742.81047 kcal/mol
 Total mean interaction energy in the mix          :        -7.38670 kcal/mol
 Misfit interaction energy in the mix              :         1.94013 kcal/mol
 H-Bond interaction energy in the mix              :        -4.26708 kcal/mol
 VdW interaction energy in the mix                 :       -13.31159 kcal/mol
 Gas liquid transition energy in the mix (H_glt)   :         8.25184 kcal/mol
 Normalized weight factor of molecule in compound  :         0.02009
 Normalized weight factor of molecule in gas phase :         0.00936

 Compound: 3 Conformer: 3 (lacticacid_c2)
 Chemical potential of the molecule in the mixture :         3.83566 kcal/mol
 Log10(partial pressure [mbar])                    :        -0.20157
 Free energy of molecule in mix (E_COSMO+dE+Mu)    :   -215743.77081 kcal/mol
 Total mean interaction energy in the mix          :        -8.50771 kcal/mol
 Misfit interaction energy in the mix              :         1.86023 kcal/mol
 H-Bond interaction energy in the mix              :        -5.22205 kcal/mol
 VdW interaction energy in the mix                 :       -13.39773 kcal/mol
 Gas liquid transition energy in the mix (H_glt)   :         8.25184 kcal/mol
 Normalized weight factor of molecule in compound  :         0.10447
 Normalized weight factor of molecule in gas phase :         0.94961

 Compound: 3 Conformer: 4 (lacticacid_c3)
 Chemical potential of the molecule in the mixture :         2.02774 kcal/mol
 Log10(partial pressure [mbar])                    :        -2.65676
 Free energy of molecule in mix (E_COSMO+dE+Mu)    :   -215744.15769 kcal/mol
 Total mean interaction energy in the mix          :       -10.73500 kcal/mol
 Misfit interaction energy in the mix              :         1.78353 kcal/mol
 H-Bond interaction energy in the mix              :        -7.40002 kcal/mol
 VdW interaction energy in the mix                 :       -13.37035 kcal/mol
 Gas liquid transition energy in the mix (H_glt)   :         8.25184 kcal/mol
 Normalized weight factor of molecule in compound  :         0.20296
 Normalized weight factor of molecule in gas phase :         0.02089

 Compound: 3 Conformer: 5 (lacticacid_c4)
 Chemical potential of the molecule in the mixture :         1.45480 kcal/mol
 Log10(partial pressure [mbar])                    :        -4.75111
 Free energy of molecule in mix (E_COSMO+dE+Mu)    :   -215744.64403 kcal/mol
 Total mean interaction energy in the mix          :       -11.70730 kcal/mol
 Misfit interaction energy in the mix              :         1.76080 kcal/mol
 H-Bond interaction energy in the mix              :        -8.32971 kcal/mol
 VdW interaction energy in the mix                 :       -13.39023 kcal/mol
 Gas liquid transition energy in the mix (H_glt)   :         8.25184 kcal/mol
 Normalized weight factor of molecule in compound  :         0.46770
 Normalized weight factor of molecule in gas phase :         0.00039

 Compound: 3 Conformer: 6 (lacticacid_c5)
 Chemical potential of the molecule in the mixture :         1.98459 kcal/mol
 Log10(partial pressure [mbar])                    :        -2.72059
 Free energy of molecule in mix (E_COSMO+dE+Mu)    :   -215744.05088 kcal/mol
 Total mean interaction energy in the mix          :       -10.81591 kcal/mol
 Misfit interaction energy in the mix              :         1.75655 kcal/mol
 H-Bond interaction energy in the mix              :        -7.43228 kcal/mol
 VdW interaction energy in the mix                 :       -13.39202 kcal/mol
 Gas liquid transition energy in the mix (H_glt)   :         8.25184 kcal/mol
 Normalized weight factor of molecule in compound  :         0.16895
 Normalized weight factor of molecule in gas phase :         0.01500




 Results for mixture 32 - LIQ_EX Phase 2 Iteration   15
 ----------------------
 Temperature          :    293.150 K
 Compound Nr.         :         1         2         3
 Compound             :       h2o 4-heptano lacticaci
 Mole Fraction        :    0.2656    0.7338    0.0006

 Compound: 1  (h2o)
 Chemical potential of the compound in the mixture :         3.65461 kcal/mol
 Log10(partial pressure [mbar])                    :         1.56651
 Free energy of molecule in mix (E_COSMO+dE+Mu)    :    -47989.59867 kcal/mol
 Total mean interaction energy in the mix (H_int)  :        -5.52210 kcal/mol
 Misfit interaction energy in the mix (H_MF)       :         0.92217 kcal/mol
 H-Bond interaction energy in the mix (H_HB)       :        -4.75529 kcal/mol
 VdW interaction energy in the mix (H_vdW)         :        -4.62103 kcal/mol
 Gas liquid transition energy in the mix (H_glt)   :         2.93205 kcal/mol
 Equilibrium constant Kx(1,2)                      :         3.75964
 Equilibrium concentration x_k(1,2)                :         0.78990

 Compound: 2  (4-heptanol)
 Chemical potential of the compound in the mixture :        -0.45012 kcal/mol
 Log10(partial pressure [mbar])                    :        -0.06037
 Free energy of molecule in mix (E_COSMO+dE+Mu)    :   -220750.89686 kcal/mol
 Total mean interaction energy in the mix (H_int)  :        -9.89184 kcal/mol
 Misfit interaction energy in the mix (H_MF)       :         2.15872 kcal/mol
 H-Bond interaction energy in the mix (H_HB)       :        -2.87201 kcal/mol
 VdW interaction energy in the mix (H_vdW)         :       -21.47242 kcal/mol
 Gas liquid transition energy in the mix (H_glt)   :        12.18698 kcal/mol
 Equilibrium constant Kx(1,2)                      :  8.98879914E-04
 Equilibrium concentration x_k(1,2)                :         0.00090

 Compound: 3  (lacticacid)
 Chemical potential of the compound in the mixture :         3.49909 kcal/mol
 Log10(partial pressure [mbar])                    :        -1.73953
 Free energy of molecule in mix (E_COSMO+dE+Mu)    :   -215745.18105 kcal/mol
 Total mean interaction energy in the mix (H_int)  :        -6.38397 kcal/mol
 Misfit interaction energy in the mix (H_MF)       :         2.26650 kcal/mol
 H-Bond interaction energy in the mix (H_HB)       :        -4.42744 kcal/mol
 VdW interaction energy in the mix (H_vdW)         :       -14.06997 kcal/mol
 Gas liquid transition energy in the mix (H_glt)   :         8.25184 kcal/mol
 Equilibrium constant Kx(1,2)                      :         0.85051
 Equilibrium concentration x_k(1,2)                :         0.45961



 Compound: 1 Conformer: 1 (h2o_c0)
 Chemical potential of the molecule in the mixture :         3.65461 kcal/mol
 Log10(partial pressure [mbar])                    :         1.56651
 Free energy of molecule in mix (E_COSMO+dE+Mu)    :    -47989.59867 kcal/mol
 Total mean interaction energy in the mix          :        -5.52210 kcal/mol
 Misfit interaction energy in the mix              :         0.92217 kcal/mol
 H-Bond interaction energy in the mix              :        -4.75529 kcal/mol
 VdW interaction energy in the mix                 :        -4.62103 kcal/mol
 Gas liquid transition energy in the mix (H_glt)   :         2.93205 kcal/mol
 Normalized weight factor of molecule in compound  :         1.00000
 Normalized weight factor of molecule in gas phase :         1.00000

 Compound: 2 Conformer: 1 (4-heptanol_c0)
 Chemical potential of the molecule in the mixture :         0.56688 kcal/mol
 Log10(partial pressure [mbar])                    :         0.20968
 Free energy of molecule in mix (E_COSMO+dE+Mu)    :   -220749.87797 kcal/mol
 Total mean interaction energy in the mix          :        -9.72703 kcal/mol
 Misfit interaction energy in the mix              :         2.18283 kcal/mol
 H-Bond interaction energy in the mix              :        -2.51806 kcal/mol
 VdW interaction energy in the mix                 :       -21.57878 kcal/mol
 Gas liquid transition energy in the mix (H_glt)   :        12.18698 kcal/mol
 Normalized weight factor of molecule in compound  :         0.17394
 Normalized weight factor of molecule in gas phase :         0.27961

 Compound: 2 Conformer: 2 (4-heptanol_c1)
 Chemical potential of the molecule in the mixture :         0.52275 kcal/mol
 Log10(partial pressure [mbar])                    :         0.08137
 Free energy of molecule in mix (E_COSMO+dE+Mu)    :   -220749.92399 kcal/mol
 Total mean interaction energy in the mix          :        -9.62001 kcal/mol
 Misfit interaction energy in the mix              :         2.15494 kcal/mol
 H-Bond interaction energy in the mix              :        -2.37725 kcal/mol
 VdW interaction energy in the mix                 :       -21.58468 kcal/mol
 Gas liquid transition energy in the mix (H_glt)   :        12.18698 kcal/mol
 Normalized weight factor of molecule in compound  :         0.18824
 Normalized weight factor of molecule in gas phase :         0.25287

 Compound: 2 Conformer: 3 (4-heptanol_c2)
 Chemical potential of the molecule in the mixture :         0.16294 kcal/mol
 Log10(partial pressure [mbar])                    :        -0.32180
 Free energy of molecule in mix (E_COSMO+dE+Mu)    :   -220750.15791 kcal/mol
 Total mean interaction energy in the mix          :       -10.34309 kcal/mol
 Misfit interaction energy in the mix              :         2.12602 kcal/mol
 H-Bond interaction energy in the mix              :        -3.07980 kcal/mol
 VdW interaction energy in the mix                 :       -21.57630 kcal/mol
 Gas liquid transition energy in the mix (H_glt)   :        12.18698 kcal/mol
 Normalized weight factor of molecule in compound  :         0.28126
 Normalized weight factor of molecule in gas phase :         0.14478

 Compound: 2 Conformer: 4 (4-heptanol_c3)
 Chemical potential of the molecule in the mixture :         0.61447 kcal/mol
 Log10(partial pressure [mbar])                    :        -0.04309
 Free energy of molecule in mix (E_COSMO+dE+Mu)    :   -220749.79278 kcal/mol
 Total mean interaction energy in the mix          :       -10.13222 kcal/mol
 Misfit interaction energy in the mix              :         2.25784 kcal/mol
 H-Bond interaction energy in the mix              :        -3.08212 kcal/mol
 VdW interaction energy in the mix                 :       -21.49492 kcal/mol
 Gas liquid transition energy in the mix (H_glt)   :        12.18698 kcal/mol
 Normalized weight factor of molecule in compound  :         0.15028
 Normalized weight factor of molecule in gas phase :         0.12662

 Compound: 2 Conformer: 5 (4-heptanol_c4)
 Chemical potential of the molecule in the mixture :         0.57442 kcal/mol
 Log10(partial pressure [mbar])                    :        -0.10558
 Free energy of molecule in mix (E_COSMO+dE+Mu)    :   -220749.62213 kcal/mol
 Total mean interaction energy in the mix          :       -10.06446 kcal/mol
 Misfit interaction energy in the mix              :         2.11806 kcal/mol
 H-Bond interaction energy in the mix              :        -3.26860 kcal/mol
 VdW interaction energy in the mix                 :       -21.10091 kcal/mol
 Gas liquid transition energy in the mix (H_glt)   :        12.18698 kcal/mol
 Normalized weight factor of molecule in compound  :         0.11212
 Normalized weight factor of molecule in gas phase :         0.09851

 Compound: 2 Conformer: 6 (4-heptanol_c5)
 Chemical potential of the molecule in the mixture :         0.53158 kcal/mol
 Log10(partial pressure [mbar])                    :        -0.03311
 Free energy of molecule in mix (E_COSMO+dE+Mu)    :   -220749.52045 kcal/mol
 Total mean interaction energy in the mix          :        -9.93784 kcal/mol
 Misfit interaction energy in the mix              :         2.10961 kcal/mol
 H-Bond interaction energy in the mix              :        -3.08672 kcal/mol
 VdW interaction energy in the mix                 :       -21.14771 kcal/mol
 Gas liquid transition energy in the mix (H_glt)   :        12.18698 kcal/mol
 Normalized weight factor of molecule in compound  :         0.09416
 Normalized weight factor of molecule in gas phase :         0.09761

 Compound: 3 Conformer: 1 (lacticacid_c0)
 Chemical potential of the molecule in the mixture :         5.16081 kcal/mol
 Log10(partial pressure [mbar])                    :        -1.74135
 Free energy of molecule in mix (E_COSMO+dE+Mu)    :   -215743.51933 kcal/mol
 Total mean interaction energy in the mix          :        -6.33058 kcal/mol
 Misfit interaction energy in the mix              :         2.66357 kcal/mol
 H-Bond interaction energy in the mix              :        -3.21102 kcal/mol
 VdW interaction energy in the mix                 :       -14.03496 kcal/mol
 Gas liquid transition energy in the mix (H_glt)   :         8.25184 kcal/mol
 Normalized weight factor of molecule in compound  :         0.05770
 Normalized weight factor of molecule in gas phase :         0.00476

 Compound: 3 Conformer: 2 (lacticacid_c1)
 Chemical potential of the molecule in the mixture :         5.57954 kcal/mol
 Log10(partial pressure [mbar])                    :        -1.01216
 Free energy of molecule in mix (E_COSMO+dE+Mu)    :   -215742.91911 kcal/mol
 Total mean interaction energy in the mix          :        -5.82505 kcal/mol
 Misfit interaction energy in the mix              :         2.73048 kcal/mol
 H-Bond interaction energy in the mix              :        -2.80871 kcal/mol
 VdW interaction energy in the mix                 :       -13.99866 kcal/mol
 Gas liquid transition energy in the mix (H_glt)   :         8.25184 kcal/mol
 Normalized weight factor of molecule in compound  :         0.02059
 Normalized weight factor of molecule in gas phase :         0.00936

 Compound: 3 Conformer: 3 (lacticacid_c2)
 Chemical potential of the molecule in the mixture :         2.80683 kcal/mol
 Log10(partial pressure [mbar])                    :        -0.96857
 Free energy of molecule in mix (E_COSMO+dE+Mu)    :   -215744.79963 kcal/mol
 Total mean interaction energy in the mix          :        -7.47260 kcal/mol
 Misfit interaction energy in the mix              :         2.14536 kcal/mol
 H-Bond interaction energy in the mix              :        -3.79513 kcal/mol
 VdW interaction energy in the mix                 :       -14.07468 kcal/mol
 Gas liquid transition energy in the mix (H_glt)   :         8.25184 kcal/mol
 Normalized weight factor of molecule in compound  :         0.51958
 Normalized weight factor of molecule in gas phase :         0.94961

 Compound: 3 Conformer: 4 (lacticacid_c3)
 Chemical potential of the molecule in the mixture :         2.10049 kcal/mol
 Log10(partial pressure [mbar])                    :        -2.60252
 Free energy of molecule in mix (E_COSMO+dE+Mu)    :   -215744.08494 kcal/mol
 Total mean interaction energy in the mix          :        -8.77192 kcal/mol
 Misfit interaction energy in the mix              :         2.27682 kcal/mol
 H-Bond interaction energy in the mix              :        -5.24974 kcal/mol
 VdW interaction energy in the mix                 :       -14.05085 kcal/mol
 Gas liquid transition energy in the mix (H_glt)   :         8.25184 kcal/mol
 Normalized weight factor of molecule in compound  :         0.15235
 Normalized weight factor of molecule in gas phase :         0.02089

 Compound: 3 Conformer: 5 (lacticacid_c4)
 Chemical potential of the molecule in the mixture :         2.18919 kcal/mol
 Log10(partial pressure [mbar])                    :        -4.20362
 Free energy of molecule in mix (E_COSMO+dE+Mu)    :   -215743.90964 kcal/mol
 Total mean interaction energy in the mix          :        -9.32396 kcal/mol
 Misfit interaction energy in the mix              :         2.55155 kcal/mol
 H-Bond interaction energy in the mix              :        -6.03401 kcal/mol
 VdW interaction energy in the mix                 :       -14.09334 kcal/mol
 Gas liquid transition energy in the mix (H_glt)   :         8.25184 kcal/mol
 Normalized weight factor of molecule in compound  :         0.11276
 Normalized weight factor of molecule in gas phase :         0.00039

 Compound: 3 Conformer: 6 (lacticacid_c5)
 Chemical potential of the molecule in the mixture :         2.01233 kcal/mol
 Log10(partial pressure [mbar])                    :        -2.69991
 Free energy of molecule in mix (E_COSMO+dE+Mu)    :   -215744.02313 kcal/mol
 Total mean interaction energy in the mix          :        -8.92918 kcal/mol
 Misfit interaction energy in the mix              :         2.24286 kcal/mol
 H-Bond interaction energy in the mix              :        -5.34427 kcal/mol
 VdW interaction energy in the mix                 :       -14.07961 kcal/mol
 Gas liquid transition energy in the mix (H_glt)   :         8.25184 kcal/mol
 Normalized weight factor of molecule in compound  :         0.13701
 Normalized weight factor of molecule in gas phase :         0.01500




 Results for mixture 33 - LIQ_EX Phase 1 Iteration   16
 ----------------------
 Temperature          :    293.150 K
 Compound Nr.         :         1         2         3
 Compound             :       h2o 4-heptano lacticaci
 Mole Fraction        :    0.9988    0.0007    0.0005

 Compound: 1  (h2o)
 Chemical potential of the compound in the mixture :         2.88312 kcal/mol
 Log10(partial pressure [mbar])                    :         0.99136
 Free energy of molecule in mix (E_COSMO+dE+Mu)    :    -47990.37015 kcal/mol
 Total mean interaction energy in the mix (H_int)  :        -5.85969 kcal/mol
 Misfit interaction energy in the mix (H_MF)       :         0.54834 kcal/mol
 H-Bond interaction energy in the mix (H_HB)       :        -4.97461 kcal/mol
 VdW interaction energy in the mix (H_vdW)         :        -4.36547 kcal/mol
 Gas liquid transition energy in the mix (H_glt)   :         2.93205 kcal/mol

 Compound: 2  (4-heptanol)
 Chemical potential of the compound in the mixture :         3.63609 kcal/mol
 Log10(partial pressure [mbar])                    :         2.98593
 Free energy of molecule in mix (E_COSMO+dE+Mu)    :   -220746.81065 kcal/mol
 Total mean interaction energy in the mix (H_int)  :       -10.25848 kcal/mol
 Misfit interaction energy in the mix (H_MF)       :         2.44048 kcal/mol
 H-Bond interaction energy in the mix (H_HB)       :        -4.22875 kcal/mol
 VdW interaction energy in the mix (H_vdW)         :       -20.76064 kcal/mol
 Gas liquid transition energy in the mix (H_glt)   :        12.18698 kcal/mol

 Compound: 3  (lacticacid)
 Chemical potential of the compound in the mixture :         3.59342 kcal/mol
 Log10(partial pressure [mbar])                    :        -1.66922
 Free energy of molecule in mix (E_COSMO+dE+Mu)    :   -215745.08672 kcal/mol
 Total mean interaction energy in the mix (H_int)  :        -8.52397 kcal/mol
 Misfit interaction energy in the mix (H_MF)       :         1.78072 kcal/mol
 H-Bond interaction energy in the mix (H_HB)       :        -7.44910 kcal/mol
 VdW interaction energy in the mix (H_vdW)         :       -13.38365 kcal/mol
 Gas liquid transition energy in the mix (H_glt)   :         8.25184 kcal/mol



 Compound: 1 Conformer: 1 (h2o_c0)
 Chemical potential of the molecule in the mixture :         2.88312 kcal/mol
 Log10(partial pressure [mbar])                    :         0.99136
 Free energy of molecule in mix (E_COSMO+dE+Mu)    :    -47990.37015 kcal/mol
 Total mean interaction energy in the mix          :        -5.85969 kcal/mol
 Misfit interaction energy in the mix              :         0.54834 kcal/mol
 H-Bond interaction energy in the mix              :        -4.97461 kcal/mol
 VdW interaction energy in the mix                 :        -4.36547 kcal/mol
 Gas liquid transition energy in the mix (H_glt)   :         2.93205 kcal/mol
 Normalized weight factor of molecule in compound  :         1.00000
 Normalized weight factor of molecule in gas phase :         1.00000

 Compound: 2 Conformer: 1 (4-heptanol_c0)
 Chemical potential of the molecule in the mixture :         4.71324 kcal/mol
 Log10(partial pressure [mbar])                    :         3.30082
 Free energy of molecule in mix (E_COSMO+dE+Mu)    :   -220745.73160 kcal/mol
 Total mean interaction energy in the mix          :       -10.19064 kcal/mol
 Misfit interaction energy in the mix              :         2.46553 kcal/mol
 H-Bond interaction energy in the mix              :        -3.95681 kcal/mol
 VdW interaction energy in the mix                 :       -20.88634 kcal/mol
 Gas liquid transition energy in the mix (H_glt)   :        12.18698 kcal/mol
 Normalized weight factor of molecule in compound  :         0.15688
 Normalized weight factor of molecule in gas phase :         0.27961

 Compound: 2 Conformer: 2 (4-heptanol_c1)
 Chemical potential of the molecule in the mixture :         4.85082 kcal/mol
 Log10(partial pressure [mbar])                    :         3.30798
 Free energy of molecule in mix (E_COSMO+dE+Mu)    :   -220745.59592 kcal/mol
 Total mean interaction energy in the mix          :       -10.22609 kcal/mol
 Misfit interaction energy in the mix              :         2.43771 kcal/mol
 H-Bond interaction energy in the mix              :        -3.95368 kcal/mol
 VdW interaction energy in the mix                 :       -20.89710 kcal/mol
 Gas liquid transition energy in the mix (H_glt)   :        12.18698 kcal/mol
 Normalized weight factor of molecule in compound  :         0.12428
 Normalized weight factor of molecule in gas phase :         0.25287

 Compound: 2 Conformer: 3 (4-heptanol_c2)
 Chemical potential of the molecule in the mixture :         4.42479 kcal/mol
 Log10(partial pressure [mbar])                    :         2.85545
 Free energy of molecule in mix (E_COSMO+dE+Mu)    :   -220745.89606 kcal/mol
 Total mean interaction energy in the mix          :       -10.45067 kcal/mol
 Misfit interaction energy in the mix              :         2.45970 kcal/mol
 H-Bond interaction energy in the mix              :        -4.22057 kcal/mol
 VdW interaction energy in the mix                 :       -20.87678 kcal/mol
 Gas liquid transition energy in the mix (H_glt)   :        12.18698 kcal/mol
 Normalized weight factor of molecule in compound  :         0.20805
 Normalized weight factor of molecule in gas phase :         0.14478

 Compound: 2 Conformer: 4 (4-heptanol_c3)
 Chemical potential of the molecule in the mixture :         4.30710 kcal/mol
 Log10(partial pressure [mbar])                    :         2.70978
 Free energy of molecule in mix (E_COSMO+dE+Mu)    :   -220746.10016 kcal/mol
 Total mean interaction energy in the mix          :       -10.55277 kcal/mol
 Misfit interaction energy in the mix              :         2.45608 kcal/mol
 H-Bond interaction energy in the mix              :        -4.40060 kcal/mol
 VdW interaction energy in the mix                 :       -20.79523 kcal/mol
 Gas liquid transition energy in the mix (H_glt)   :        12.18698 kcal/mol
 Normalized weight factor of molecule in compound  :         0.29534
 Normalized weight factor of molecule in gas phase :         0.12662

 Compound: 2 Conformer: 5 (4-heptanol_c4)
 Chemical potential of the molecule in the mixture :         4.54573 kcal/mol
 Log10(partial pressure [mbar])                    :         2.85505
 Free energy of molecule in mix (E_COSMO+dE+Mu)    :   -220745.65083 kcal/mol
 Total mean interaction energy in the mix          :       -10.29133 kcal/mol
 Misfit interaction energy in the mix              :         2.37823 kcal/mol
 H-Bond interaction energy in the mix              :        -4.44205 kcal/mol
 VdW interaction energy in the mix                 :       -20.41448 kcal/mol
 Gas liquid transition energy in the mix (H_glt)   :        12.18698 kcal/mol
 Normalized weight factor of molecule in compound  :         0.13657
 Normalized weight factor of molecule in gas phase :         0.09851

 Compound: 2 Conformer: 6 (4-heptanol_c5)
 Chemical potential of the molecule in the mixture :         4.72088 kcal/mol
 Log10(partial pressure [mbar])                    :         3.09005
 Free energy of molecule in mix (E_COSMO+dE+Mu)    :   -220745.33114 kcal/mol
 Total mean interaction energy in the mix          :       -10.09033 kcal/mol
 Misfit interaction energy in the mix              :         2.39364 kcal/mol
 H-Bond interaction energy in the mix              :        -4.21179 kcal/mol
 VdW interaction energy in the mix                 :       -20.45916 kcal/mol
 Gas liquid transition energy in the mix (H_glt)   :        12.18698 kcal/mol
 Normalized weight factor of molecule in compound  :         0.07889
 Normalized weight factor of molecule in gas phase :         0.09761

 Compound: 3 Conformer: 1 (lacticacid_c0)
 Chemical potential of the molecule in the mixture :         5.53263 kcal/mol
 Log10(partial pressure [mbar])                    :        -1.46416
 Free energy of molecule in mix (E_COSMO+dE+Mu)    :   -215743.14752 kcal/mol
 Total mean interaction energy in the mix          :        -7.85317 kcal/mol
 Misfit interaction energy in the mix              :         1.81761 kcal/mol
 H-Bond interaction energy in the mix              :        -4.58956 kcal/mol
 VdW interaction energy in the mix                 :       -13.33306 kcal/mol
 Gas liquid transition energy in the mix (H_glt)   :         8.25184 kcal/mol
 Normalized weight factor of molecule in compound  :         0.03583
 Normalized weight factor of molecule in gas phase :         0.00476

 Compound: 3 Conformer: 2 (lacticacid_c1)
 Chemical potential of the molecule in the mixture :         5.68818 kcal/mol
 Log10(partial pressure [mbar])                    :        -0.93117
 Free energy of molecule in mix (E_COSMO+dE+Mu)    :   -215742.81047 kcal/mol
 Total mean interaction energy in the mix          :        -7.38670 kcal/mol
 Misfit interaction energy in the mix              :         1.94013 kcal/mol
 H-Bond interaction energy in the mix              :        -4.26708 kcal/mol
 VdW interaction energy in the mix                 :       -13.31159 kcal/mol
 Gas liquid transition energy in the mix (H_glt)   :         8.25184 kcal/mol
 Normalized weight factor of molecule in compound  :         0.02009
 Normalized weight factor of molecule in gas phase :         0.00936

 Compound: 3 Conformer: 3 (lacticacid_c2)
 Chemical potential of the molecule in the mixture :         3.83566 kcal/mol
 Log10(partial pressure [mbar])                    :        -0.20157
 Free energy of molecule in mix (E_COSMO+dE+Mu)    :   -215743.77081 kcal/mol
 Total mean interaction energy in the mix          :        -8.50771 kcal/mol
 Misfit interaction energy in the mix              :         1.86023 kcal/mol
 H-Bond interaction energy in the mix              :        -5.22205 kcal/mol
 VdW interaction energy in the mix                 :       -13.39773 kcal/mol
 Gas liquid transition energy in the mix (H_glt)   :         8.25184 kcal/mol
 Normalized weight factor of molecule in compound  :         0.10447
 Normalized weight factor of molecule in gas phase :         0.94961

 Compound: 3 Conformer: 4 (lacticacid_c3)
 Chemical potential of the molecule in the mixture :         2.02774 kcal/mol
 Log10(partial pressure [mbar])                    :        -2.65675
 Free energy of molecule in mix (E_COSMO+dE+Mu)    :   -215744.15769 kcal/mol
 Total mean interaction energy in the mix          :       -10.73500 kcal/mol
 Misfit interaction energy in the mix              :         1.78353 kcal/mol
 H-Bond interaction energy in the mix              :        -7.40002 kcal/mol
 VdW interaction energy in the mix                 :       -13.37035 kcal/mol
 Gas liquid transition energy in the mix (H_glt)   :         8.25184 kcal/mol
 Normalized weight factor of molecule in compound  :         0.20296
 Normalized weight factor of molecule in gas phase :         0.02089

 Compound: 3 Conformer: 5 (lacticacid_c4)
 Chemical potential of the molecule in the mixture :         1.45480 kcal/mol
 Log10(partial pressure [mbar])                    :        -4.75111
 Free energy of molecule in mix (E_COSMO+dE+Mu)    :   -215744.64403 kcal/mol
 Total mean interaction energy in the mix          :       -11.70730 kcal/mol
 Misfit interaction energy in the mix              :         1.76080 kcal/mol
 H-Bond interaction energy in the mix              :        -8.32972 kcal/mol
 VdW interaction energy in the mix                 :       -13.39023 kcal/mol
 Gas liquid transition energy in the mix (H_glt)   :         8.25184 kcal/mol
 Normalized weight factor of molecule in compound  :         0.46770
 Normalized weight factor of molecule in gas phase :         0.00039

 Compound: 3 Conformer: 6 (lacticacid_c5)
 Chemical potential of the molecule in the mixture :         1.98459 kcal/mol
 Log10(partial pressure [mbar])                    :        -2.72059
 Free energy of molecule in mix (E_COSMO+dE+Mu)    :   -215744.05088 kcal/mol
 Total mean interaction energy in the mix          :       -10.81591 kcal/mol
 Misfit interaction energy in the mix              :         1.75655 kcal/mol
 H-Bond interaction energy in the mix              :        -7.43228 kcal/mol
 VdW interaction energy in the mix                 :       -13.39202 kcal/mol
 Gas liquid transition energy in the mix (H_glt)   :         8.25184 kcal/mol
 Normalized weight factor of molecule in compound  :         0.16895
 Normalized weight factor of molecule in gas phase :         0.01500




 Results for mixture 34 - LIQ_EX Phase 2 Iteration   16
 ----------------------
 Temperature          :    293.150 K
 Compound Nr.         :         1         2         3
 Compound             :       h2o 4-heptano lacticaci
 Mole Fraction        :    0.2656    0.7338    0.0006

 Compound: 1  (h2o)
 Chemical potential of the compound in the mixture :         3.65457 kcal/mol
 Log10(partial pressure [mbar])                    :         1.56649
 Free energy of molecule in mix (E_COSMO+dE+Mu)    :    -47989.59870 kcal/mol
 Total mean interaction energy in the mix (H_int)  :        -5.52217 kcal/mol
 Misfit interaction energy in the mix (H_MF)       :         0.92211 kcal/mol
 H-Bond interaction energy in the mix (H_HB)       :        -4.75531 kcal/mol
 VdW interaction energy in the mix (H_vdW)         :        -4.62102 kcal/mol
 Gas liquid transition energy in the mix (H_glt)   :         2.93205 kcal/mol
 Equilibrium constant Kx(1,2)                      :         3.75944
 Equilibrium concentration x_k(1,2)                :         0.78989

 Compound: 2  (4-heptanol)
 Chemical potential of the compound in the mixture :        -0.45011 kcal/mol
 Log10(partial pressure [mbar])                    :        -0.06036
 Free energy of molecule in mix (E_COSMO+dE+Mu)    :   -220750.89685 kcal/mol
 Total mean interaction energy in the mix (H_int)  :        -9.89188 kcal/mol
 Misfit interaction energy in the mix (H_MF)       :         2.15875 kcal/mol
 H-Bond interaction energy in the mix (H_HB)       :        -2.87209 kcal/mol
 VdW interaction energy in the mix (H_vdW)         :       -21.47240 kcal/mol
 Gas liquid transition energy in the mix (H_glt)   :        12.18698 kcal/mol
 Equilibrium constant Kx(1,2)                      :  8.98892410E-04
 Equilibrium concentration x_k(1,2)                :         0.00090

 Compound: 3  (lacticacid)
 Chemical potential of the compound in the mixture :         3.49904 kcal/mol
 Log10(partial pressure [mbar])                    :        -1.73957
 Free energy of molecule in mix (E_COSMO+dE+Mu)    :   -215745.18110 kcal/mol
 Total mean interaction energy in the mix (H_int)  :        -6.38409 kcal/mol
 Misfit interaction energy in the mix (H_MF)       :         2.26644 kcal/mol
 H-Bond interaction energy in the mix (H_HB)       :        -4.42755 kcal/mol
 VdW interaction energy in the mix (H_vdW)         :       -14.06996 kcal/mol
 Gas liquid transition energy in the mix (H_glt)   :         8.25184 kcal/mol
 Equilibrium constant Kx(1,2)                      :         0.85044
 Equilibrium concentration x_k(1,2)                :         0.45959



 Compound: 1 Conformer: 1 (h2o_c0)
 Chemical potential of the molecule in the mixture :         3.65457 kcal/mol
 Log10(partial pressure [mbar])                    :         1.56649
 Free energy of molecule in mix (E_COSMO+dE+Mu)    :    -47989.59870 kcal/mol
 Total mean interaction energy in the mix          :        -5.52217 kcal/mol
 Misfit interaction energy in the mix              :         0.92211 kcal/mol
 H-Bond interaction energy in the mix              :        -4.75531 kcal/mol
 VdW interaction energy in the mix                 :        -4.62102 kcal/mol
 Gas liquid transition energy in the mix (H_glt)   :         2.93205 kcal/mol
 Normalized weight factor of molecule in compound  :         1.00000
 Normalized weight factor of molecule in gas phase :         1.00000

 Compound: 2 Conformer: 1 (4-heptanol_c0)
 Chemical potential of the molecule in the mixture :         0.56689 kcal/mol
 Log10(partial pressure [mbar])                    :         0.20968
 Free energy of molecule in mix (E_COSMO+dE+Mu)    :   -220749.87796 kcal/mol
 Total mean interaction energy in the mix          :        -9.72707 kcal/mol
 Misfit interaction energy in the mix              :         2.18286 kcal/mol
 H-Bond interaction energy in the mix              :        -2.51814 kcal/mol
 VdW interaction energy in the mix                 :       -21.57876 kcal/mol
 Gas liquid transition energy in the mix (H_glt)   :        12.18698 kcal/mol
 Normalized weight factor of molecule in compound  :         0.17394
 Normalized weight factor of molecule in gas phase :         0.27961

 Compound: 2 Conformer: 2 (4-heptanol_c1)
 Chemical potential of the molecule in the mixture :         0.52277 kcal/mol
 Log10(partial pressure [mbar])                    :         0.08139
 Free energy of molecule in mix (E_COSMO+dE+Mu)    :   -220749.92397 kcal/mol
 Total mean interaction energy in the mix          :        -9.62007 kcal/mol
 Misfit interaction energy in the mix              :         2.15496 kcal/mol
 H-Bond interaction energy in the mix              :        -2.37734 kcal/mol
 VdW interaction energy in the mix                 :       -21.58466 kcal/mol
 Gas liquid transition energy in the mix (H_glt)   :        12.18698 kcal/mol
 Normalized weight factor of molecule in compound  :         0.18824
 Normalized weight factor of molecule in gas phase :         0.25287

 Compound: 2 Conformer: 3 (4-heptanol_c2)
 Chemical potential of the molecule in the mixture :         0.16296 kcal/mol
 Log10(partial pressure [mbar])                    :        -0.32178
 Free energy of molecule in mix (E_COSMO+dE+Mu)    :   -220750.15789 kcal/mol
 Total mean interaction energy in the mix          :       -10.34311 kcal/mol
 Misfit interaction energy in the mix              :         2.12605 kcal/mol
 H-Bond interaction energy in the mix              :        -3.07986 kcal/mol
 VdW interaction energy in the mix                 :       -21.57628 kcal/mol
 Gas liquid transition energy in the mix (H_glt)   :        12.18698 kcal/mol
 Normalized weight factor of molecule in compound  :         0.28125
 Normalized weight factor of molecule in gas phase :         0.14478

 Compound: 2 Conformer: 4 (4-heptanol_c3)
 Chemical potential of the molecule in the mixture :         0.61446 kcal/mol
 Log10(partial pressure [mbar])                    :        -0.04311
 Free energy of molecule in mix (E_COSMO+dE+Mu)    :   -220749.79280 kcal/mol
 Total mean interaction energy in the mix          :       -10.13227 kcal/mol
 Misfit interaction energy in the mix              :         2.25788 kcal/mol
 H-Bond interaction energy in the mix              :        -3.08223 kcal/mol
 VdW interaction energy in the mix                 :       -21.49490 kcal/mol
 Gas liquid transition energy in the mix (H_glt)   :        12.18698 kcal/mol
 Normalized weight factor of molecule in compound  :         0.15029
 Normalized weight factor of molecule in gas phase :         0.12662

 Compound: 2 Conformer: 5 (4-heptanol_c4)
 Chemical potential of the molecule in the mixture :         0.57443 kcal/mol
 Log10(partial pressure [mbar])                    :        -0.10558
 Free energy of molecule in mix (E_COSMO+dE+Mu)    :   -220749.62212 kcal/mol
 Total mean interaction energy in the mix          :       -10.06450 kcal/mol
 Misfit interaction energy in the mix              :         2.11809 kcal/mol
 H-Bond interaction energy in the mix              :        -3.26868 kcal/mol
 VdW interaction energy in the mix                 :       -21.10089 kcal/mol
 Gas liquid transition energy in the mix (H_glt)   :        12.18698 kcal/mol
 Normalized weight factor of molecule in compound  :         0.11212
 Normalized weight factor of molecule in gas phase :         0.09851

 Compound: 2 Conformer: 6 (4-heptanol_c5)
 Chemical potential of the molecule in the mixture :         0.53160 kcal/mol
 Log10(partial pressure [mbar])                    :        -0.03309
 Free energy of molecule in mix (E_COSMO+dE+Mu)    :   -220749.52042 kcal/mol
 Total mean interaction energy in the mix          :        -9.93785 kcal/mol
 Misfit interaction energy in the mix              :         2.10964 kcal/mol
 H-Bond interaction energy in the mix              :        -3.08678 kcal/mol
 VdW interaction energy in the mix                 :       -21.14769 kcal/mol
 Gas liquid transition energy in the mix (H_glt)   :        12.18698 kcal/mol
 Normalized weight factor of molecule in compound  :         0.09416
 Normalized weight factor of molecule in gas phase :         0.09761

 Compound: 3 Conformer: 1 (lacticacid_c0)
 Chemical potential of the molecule in the mixture :         5.16076 kcal/mol
 Log10(partial pressure [mbar])                    :        -1.74139
 Free energy of molecule in mix (E_COSMO+dE+Mu)    :   -215743.51938 kcal/mol
 Total mean interaction energy in the mix          :        -6.33070 kcal/mol
 Misfit interaction energy in the mix              :         2.66348 kcal/mol
 H-Bond interaction energy in the mix              :        -3.21107 kcal/mol
 VdW interaction energy in the mix                 :       -14.03494 kcal/mol
 Gas liquid transition energy in the mix (H_glt)   :         8.25184 kcal/mol
 Normalized weight factor of molecule in compound  :         0.05770
 Normalized weight factor of molecule in gas phase :         0.00476

 Compound: 3 Conformer: 2 (lacticacid_c1)
 Chemical potential of the molecule in the mixture :         5.57947 kcal/mol
 Log10(partial pressure [mbar])                    :        -1.01221
 Free energy of molecule in mix (E_COSMO+dE+Mu)    :   -215742.91917 kcal/mol
 Total mean interaction energy in the mix          :        -5.82516 kcal/mol
 Misfit interaction energy in the mix              :         2.73041 kcal/mol
 H-Bond interaction energy in the mix              :        -2.80876 kcal/mol
 VdW interaction energy in the mix                 :       -13.99864 kcal/mol
 Gas liquid transition energy in the mix (H_glt)   :         8.25184 kcal/mol
 Normalized weight factor of molecule in compound  :         0.02059
 Normalized weight factor of molecule in gas phase :         0.00936

 Compound: 3 Conformer: 3 (lacticacid_c2)
 Chemical potential of the molecule in the mixture :         2.80680 kcal/mol
 Log10(partial pressure [mbar])                    :        -0.96859
 Free energy of molecule in mix (E_COSMO+dE+Mu)    :   -215744.79966 kcal/mol
 Total mean interaction energy in the mix          :        -7.47270 kcal/mol
 Misfit interaction energy in the mix              :         2.14532 kcal/mol
 H-Bond interaction energy in the mix              :        -3.79519 kcal/mol
 VdW interaction energy in the mix                 :       -14.07467 kcal/mol
 Gas liquid transition energy in the mix (H_glt)   :         8.25184 kcal/mol
 Normalized weight factor of molecule in compound  :         0.51956
 Normalized weight factor of molecule in gas phase :         0.94961

 Compound: 3 Conformer: 4 (lacticacid_c3)
 Chemical potential of the molecule in the mixture :         2.10041 kcal/mol
 Log10(partial pressure [mbar])                    :        -2.60258
 Free energy of molecule in mix (E_COSMO+dE+Mu)    :   -215744.08502 kcal/mol
 Total mean interaction energy in the mix          :        -8.77207 kcal/mol
 Misfit interaction energy in the mix              :         2.27675 kcal/mol
 H-Bond interaction energy in the mix              :        -5.24983 kcal/mol
 VdW interaction energy in the mix                 :       -14.05083 kcal/mol
 Gas liquid transition energy in the mix (H_glt)   :         8.25184 kcal/mol
 Normalized weight factor of molecule in compound  :         0.15236
 Normalized weight factor of molecule in gas phase :         0.02089

 Compound: 3 Conformer: 5 (lacticacid_c4)
 Chemical potential of the molecule in the mixture :         2.18910 kcal/mol
 Log10(partial pressure [mbar])                    :        -4.20368
 Free energy of molecule in mix (E_COSMO+dE+Mu)    :   -215743.90973 kcal/mol
 Total mean interaction energy in the mix          :        -9.32415 kcal/mol
 Misfit interaction energy in the mix              :         2.55147 kcal/mol
 H-Bond interaction energy in the mix              :        -6.03414 kcal/mol
 VdW interaction energy in the mix                 :       -14.09332 kcal/mol
 Gas liquid transition energy in the mix (H_glt)   :         8.25184 kcal/mol
 Normalized weight factor of molecule in compound  :         0.11277
 Normalized weight factor of molecule in gas phase :         0.00039

 Compound: 3 Conformer: 6 (lacticacid_c5)
 Chemical potential of the molecule in the mixture :         2.01226 kcal/mol
 Log10(partial pressure [mbar])                    :        -2.69996
 Free energy of molecule in mix (E_COSMO+dE+Mu)    :   -215744.02320 kcal/mol
 Total mean interaction energy in the mix          :        -8.92932 kcal/mol
 Misfit interaction energy in the mix              :         2.24278 kcal/mol
 H-Bond interaction energy in the mix              :        -5.34436 kcal/mol
 VdW interaction energy in the mix                 :       -14.07959 kcal/mol
 Gas liquid transition energy in the mix (H_glt)   :         8.25184 kcal/mol
 Normalized weight factor of molecule in compound  :         0.13702
 Normalized weight factor of molecule in gas phase :         0.01500




 Results for mixture 35 - LIQ_EX Phase 1 Iteration   17
 ----------------------
 Temperature          :    293.150 K
 Compound Nr.         :         1         2         3
 Compound             :       h2o 4-heptano lacticaci
 Mole Fraction        :    0.9988    0.0007    0.0005

 Compound: 1  (h2o)
 Chemical potential of the compound in the mixture :         2.88312 kcal/mol
 Log10(partial pressure [mbar])                    :         0.99136
 Free energy of molecule in mix (E_COSMO+dE+Mu)    :    -47990.37015 kcal/mol
 Total mean interaction energy in the mix (H_int)  :        -5.85969 kcal/mol
 Misfit interaction energy in the mix (H_MF)       :         0.54834 kcal/mol
 H-Bond interaction energy in the mix (H_HB)       :        -4.97461 kcal/mol
 VdW interaction energy in the mix (H_vdW)         :        -4.36547 kcal/mol
 Gas liquid transition energy in the mix (H_glt)   :         2.93205 kcal/mol

 Compound: 2  (4-heptanol)
 Chemical potential of the compound in the mixture :         3.63609 kcal/mol
 Log10(partial pressure [mbar])                    :         2.98593
 Free energy of molecule in mix (E_COSMO+dE+Mu)    :   -220746.81065 kcal/mol
 Total mean interaction energy in the mix (H_int)  :       -10.25848 kcal/mol
 Misfit interaction energy in the mix (H_MF)       :         2.44047 kcal/mol
 H-Bond interaction energy in the mix (H_HB)       :        -4.22875 kcal/mol
 VdW interaction energy in the mix (H_vdW)         :       -20.76064 kcal/mol
 Gas liquid transition energy in the mix (H_glt)   :        12.18698 kcal/mol

 Compound: 3  (lacticacid)
 Chemical potential of the compound in the mixture :         3.59342 kcal/mol
 Log10(partial pressure [mbar])                    :        -1.66921
 Free energy of molecule in mix (E_COSMO+dE+Mu)    :   -215745.08672 kcal/mol
 Total mean interaction energy in the mix (H_int)  :        -8.52397 kcal/mol
 Misfit interaction energy in the mix (H_MF)       :         1.78072 kcal/mol
 H-Bond interaction energy in the mix (H_HB)       :        -7.44910 kcal/mol
 VdW interaction energy in the mix (H_vdW)         :       -13.38365 kcal/mol
 Gas liquid transition energy in the mix (H_glt)   :         8.25184 kcal/mol



 Compound: 1 Conformer: 1 (h2o_c0)
 Chemical potential of the molecule in the mixture :         2.88312 kcal/mol
 Log10(partial pressure [mbar])                    :         0.99136
 Free energy of molecule in mix (E_COSMO+dE+Mu)    :    -47990.37015 kcal/mol
 Total mean interaction energy in the mix          :        -5.85969 kcal/mol
 Misfit interaction energy in the mix              :         0.54834 kcal/mol
 H-Bond interaction energy in the mix              :        -4.97461 kcal/mol
 VdW interaction energy in the mix                 :        -4.36547 kcal/mol
 Gas liquid transition energy in the mix (H_glt)   :         2.93205 kcal/mol
 Normalized weight factor of molecule in compound  :         1.00000
 Normalized weight factor of molecule in gas phase :         1.00000

 Compound: 2 Conformer: 1 (4-heptanol_c0)
 Chemical potential of the molecule in the mixture :         4.71324 kcal/mol
 Log10(partial pressure [mbar])                    :         3.30082
 Free energy of molecule in mix (E_COSMO+dE+Mu)    :   -220745.73160 kcal/mol
 Total mean interaction energy in the mix          :       -10.19064 kcal/mol
 Misfit interaction energy in the mix              :         2.46553 kcal/mol
 H-Bond interaction energy in the mix              :        -3.95681 kcal/mol
 VdW interaction energy in the mix                 :       -20.88634 kcal/mol
 Gas liquid transition energy in the mix (H_glt)   :        12.18698 kcal/mol
 Normalized weight factor of molecule in compound  :         0.15688
 Normalized weight factor of molecule in gas phase :         0.27961

 Compound: 2 Conformer: 2 (4-heptanol_c1)
 Chemical potential of the molecule in the mixture :         4.85083 kcal/mol
 Log10(partial pressure [mbar])                    :         3.30798
 Free energy of molecule in mix (E_COSMO+dE+Mu)    :   -220745.59591 kcal/mol
 Total mean interaction energy in the mix          :       -10.22609 kcal/mol
 Misfit interaction energy in the mix              :         2.43771 kcal/mol
 H-Bond interaction energy in the mix              :        -3.95368 kcal/mol
 VdW interaction energy in the mix                 :       -20.89710 kcal/mol
 Gas liquid transition energy in the mix (H_glt)   :        12.18698 kcal/mol
 Normalized weight factor of molecule in compound  :         0.12428
 Normalized weight factor of molecule in gas phase :         0.25287

 Compound: 2 Conformer: 3 (4-heptanol_c2)
 Chemical potential of the molecule in the mixture :         4.42479 kcal/mol
 Log10(partial pressure [mbar])                    :         2.85545
 Free energy of molecule in mix (E_COSMO+dE+Mu)    :   -220745.89606 kcal/mol
 Total mean interaction energy in the mix          :       -10.45067 kcal/mol
 Misfit interaction energy in the mix              :         2.45970 kcal/mol
 H-Bond interaction energy in the mix              :        -4.22057 kcal/mol
 VdW interaction energy in the mix                 :       -20.87678 kcal/mol
 Gas liquid transition energy in the mix (H_glt)   :        12.18698 kcal/mol
 Normalized weight factor of molecule in compound  :         0.20805
 Normalized weight factor of molecule in gas phase :         0.14478

 Compound: 2 Conformer: 4 (4-heptanol_c3)
 Chemical potential of the molecule in the mixture :         4.30710 kcal/mol
 Log10(partial pressure [mbar])                    :         2.70979
 Free energy of molecule in mix (E_COSMO+dE+Mu)    :   -220746.10016 kcal/mol
 Total mean interaction energy in the mix          :       -10.55277 kcal/mol
 Misfit interaction energy in the mix              :         2.45608 kcal/mol
 H-Bond interaction energy in the mix              :        -4.40060 kcal/mol
 VdW interaction energy in the mix                 :       -20.79523 kcal/mol
 Gas liquid transition energy in the mix (H_glt)   :        12.18698 kcal/mol
 Normalized weight factor of molecule in compound  :         0.29534
 Normalized weight factor of molecule in gas phase :         0.12662

 Compound: 2 Conformer: 5 (4-heptanol_c4)
 Chemical potential of the molecule in the mixture :         4.54573 kcal/mol
 Log10(partial pressure [mbar])                    :         2.85506
 Free energy of molecule in mix (E_COSMO+dE+Mu)    :   -220745.65082 kcal/mol
 Total mean interaction energy in the mix          :       -10.29133 kcal/mol
 Misfit interaction energy in the mix              :         2.37823 kcal/mol
 H-Bond interaction energy in the mix              :        -4.44205 kcal/mol
 VdW interaction energy in the mix                 :       -20.41448 kcal/mol
 Gas liquid transition energy in the mix (H_glt)   :        12.18698 kcal/mol
 Normalized weight factor of molecule in compound  :         0.13657
 Normalized weight factor of molecule in gas phase :         0.09851

 Compound: 2 Conformer: 6 (4-heptanol_c5)
 Chemical potential of the molecule in the mixture :         4.72088 kcal/mol
 Log10(partial pressure [mbar])                    :         3.09005
 Free energy of molecule in mix (E_COSMO+dE+Mu)    :   -220745.33114 kcal/mol
 Total mean interaction energy in the mix          :       -10.09033 kcal/mol
 Misfit interaction energy in the mix              :         2.39364 kcal/mol
 H-Bond interaction energy in the mix              :        -4.21179 kcal/mol
 VdW interaction energy in the mix                 :       -20.45916 kcal/mol
 Gas liquid transition energy in the mix (H_glt)   :        12.18698 kcal/mol
 Normalized weight factor of molecule in compound  :         0.07889
 Normalized weight factor of molecule in gas phase :         0.09761

 Compound: 3 Conformer: 1 (lacticacid_c0)
 Chemical potential of the molecule in the mixture :         5.53263 kcal/mol
 Log10(partial pressure [mbar])                    :        -1.46416
 Free energy of molecule in mix (E_COSMO+dE+Mu)    :   -215743.14752 kcal/mol
 Total mean interaction energy in the mix          :        -7.85317 kcal/mol
 Misfit interaction energy in the mix              :         1.81761 kcal/mol
 H-Bond interaction energy in the mix              :        -4.58956 kcal/mol
 VdW interaction energy in the mix                 :       -13.33306 kcal/mol
 Gas liquid transition energy in the mix (H_glt)   :         8.25184 kcal/mol
 Normalized weight factor of molecule in compound  :         0.03583
 Normalized weight factor of molecule in gas phase :         0.00476

 Compound: 3 Conformer: 2 (lacticacid_c1)
 Chemical potential of the molecule in the mixture :         5.68818 kcal/mol
 Log10(partial pressure [mbar])                    :        -0.93117
 Free energy of molecule in mix (E_COSMO+dE+Mu)    :   -215742.81047 kcal/mol
 Total mean interaction energy in the mix          :        -7.38670 kcal/mol
 Misfit interaction energy in the mix              :         1.94013 kcal/mol
 H-Bond interaction energy in the mix              :        -4.26708 kcal/mol
 VdW interaction energy in the mix                 :       -13.31159 kcal/mol
 Gas liquid transition energy in the mix (H_glt)   :         8.25184 kcal/mol
 Normalized weight factor of molecule in compound  :         0.02009
 Normalized weight factor of molecule in gas phase :         0.00936

 Compound: 3 Conformer: 3 (lacticacid_c2)
 Chemical potential of the molecule in the mixture :         3.83566 kcal/mol
 Log10(partial pressure [mbar])                    :        -0.20157
 Free energy of molecule in mix (E_COSMO+dE+Mu)    :   -215743.77080 kcal/mol
 Total mean interaction energy in the mix          :        -8.50771 kcal/mol
 Misfit interaction energy in the mix              :         1.86023 kcal/mol
 H-Bond interaction energy in the mix              :        -5.22205 kcal/mol
 VdW interaction energy in the mix                 :       -13.39773 kcal/mol
 Gas liquid transition energy in the mix (H_glt)   :         8.25184 kcal/mol
 Normalized weight factor of molecule in compound  :         0.10447
 Normalized weight factor of molecule in gas phase :         0.94961

 Compound: 3 Conformer: 4 (lacticacid_c3)
 Chemical potential of the molecule in the mixture :         2.02774 kcal/mol
 Log10(partial pressure [mbar])                    :        -2.65675
 Free energy of molecule in mix (E_COSMO+dE+Mu)    :   -215744.15769 kcal/mol
 Total mean interaction energy in the mix          :       -10.73500 kcal/mol
 Misfit interaction energy in the mix              :         1.78353 kcal/mol
 H-Bond interaction energy in the mix              :        -7.40002 kcal/mol
 VdW interaction energy in the mix                 :       -13.37035 kcal/mol
 Gas liquid transition energy in the mix (H_glt)   :         8.25184 kcal/mol
 Normalized weight factor of molecule in compound  :         0.20296
 Normalized weight factor of molecule in gas phase :         0.02089

 Compound: 3 Conformer: 5 (lacticacid_c4)
 Chemical potential of the molecule in the mixture :         1.45480 kcal/mol
 Log10(partial pressure [mbar])                    :        -4.75111
 Free energy of molecule in mix (E_COSMO+dE+Mu)    :   -215744.64403 kcal/mol
 Total mean interaction energy in the mix          :       -11.70730 kcal/mol
 Misfit interaction energy in the mix              :         1.76080 kcal/mol
 H-Bond interaction energy in the mix              :        -8.32972 kcal/mol
 VdW interaction energy in the mix                 :       -13.39023 kcal/mol
 Gas liquid transition energy in the mix (H_glt)   :         8.25184 kcal/mol
 Normalized weight factor of molecule in compound  :         0.46770
 Normalized weight factor of molecule in gas phase :         0.00039

 Compound: 3 Conformer: 6 (lacticacid_c5)
 Chemical potential of the molecule in the mixture :         1.98459 kcal/mol
 Log10(partial pressure [mbar])                    :        -2.72059
 Free energy of molecule in mix (E_COSMO+dE+Mu)    :   -215744.05087 kcal/mol
 Total mean interaction energy in the mix          :       -10.81591 kcal/mol
 Misfit interaction energy in the mix              :         1.75655 kcal/mol
 H-Bond interaction energy in the mix              :        -7.43228 kcal/mol
 VdW interaction energy in the mix                 :       -13.39202 kcal/mol
 Gas liquid transition energy in the mix (H_glt)   :         8.25184 kcal/mol
 Normalized weight factor of molecule in compound  :         0.16895
 Normalized weight factor of molecule in gas phase :         0.01500




 Results for mixture 36 - LIQ_EX Phase 2 Iteration   17
 ----------------------
 Temperature          :    293.150 K
 Compound Nr.         :         1         2         3
 Compound             :       h2o 4-heptano lacticaci
 Mole Fraction        :    0.2657    0.7338    0.0006

 Compound: 1  (h2o)
 Chemical potential of the compound in the mixture :         3.65455 kcal/mol
 Log10(partial pressure [mbar])                    :         1.56647
 Free energy of molecule in mix (E_COSMO+dE+Mu)    :    -47989.59872 kcal/mol
 Total mean interaction energy in the mix (H_int)  :        -5.52221 kcal/mol
 Misfit interaction energy in the mix (H_MF)       :         0.92207 kcal/mol
 H-Bond interaction energy in the mix (H_HB)       :        -4.75532 kcal/mol
 VdW interaction energy in the mix (H_vdW)         :        -4.62101 kcal/mol
 Gas liquid transition energy in the mix (H_glt)   :         2.93205 kcal/mol
 Equilibrium constant Kx(1,2)                      :         3.75931
 Equilibrium concentration x_k(1,2)                :         0.78989

 Compound: 2  (4-heptanol)
 Chemical potential of the compound in the mixture :        -0.45010 kcal/mol
 Log10(partial pressure [mbar])                    :        -0.06036
 Free energy of molecule in mix (E_COSMO+dE+Mu)    :   -220750.89684 kcal/mol
 Total mean interaction energy in the mix (H_int)  :        -9.89190 kcal/mol
 Misfit interaction energy in the mix (H_MF)       :         2.15877 kcal/mol
 H-Bond interaction energy in the mix (H_HB)       :        -2.87214 kcal/mol
 VdW interaction energy in the mix (H_vdW)         :       -21.47239 kcal/mol
 Gas liquid transition energy in the mix (H_glt)   :        12.18698 kcal/mol
 Equilibrium constant Kx(1,2)                      :  8.98900059E-04
 Equilibrium concentration x_k(1,2)                :         0.00090

 Compound: 3  (lacticacid)
 Chemical potential of the compound in the mixture :         3.49901 kcal/mol
 Log10(partial pressure [mbar])                    :        -1.73959
 Free energy of molecule in mix (E_COSMO+dE+Mu)    :   -215745.18113 kcal/mol
 Total mean interaction energy in the mix (H_int)  :        -6.38416 kcal/mol
 Misfit interaction energy in the mix (H_MF)       :         2.26641 kcal/mol
 H-Bond interaction energy in the mix (H_HB)       :        -4.42761 kcal/mol
 VdW interaction energy in the mix (H_vdW)         :       -14.06994 kcal/mol
 Gas liquid transition energy in the mix (H_glt)   :         8.25184 kcal/mol
 Equilibrium constant Kx(1,2)                      :         0.85040
 Equilibrium concentration x_k(1,2)                :         0.45958



 Compound: 1 Conformer: 1 (h2o_c0)
 Chemical potential of the molecule in the mixture :         3.65455 kcal/mol
 Log10(partial pressure [mbar])                    :         1.56647
 Free energy of molecule in mix (E_COSMO+dE+Mu)    :    -47989.59872 kcal/mol
 Total mean interaction energy in the mix          :        -5.52221 kcal/mol
 Misfit interaction energy in the mix              :         0.92207 kcal/mol
 H-Bond interaction energy in the mix              :        -4.75532 kcal/mol
 VdW interaction energy in the mix                 :        -4.62101 kcal/mol
 Gas liquid transition energy in the mix (H_glt)   :         2.93205 kcal/mol
 Normalized weight factor of molecule in compound  :         1.00000
 Normalized weight factor of molecule in gas phase :         1.00000

 Compound: 2 Conformer: 1 (4-heptanol_c0)
 Chemical potential of the molecule in the mixture :         0.56689 kcal/mol
 Log10(partial pressure [mbar])                    :         0.20968
 Free energy of molecule in mix (E_COSMO+dE+Mu)    :   -220749.87796 kcal/mol
 Total mean interaction energy in the mix          :        -9.72709 kcal/mol
 Misfit interaction energy in the mix              :         2.18288 kcal/mol
 H-Bond interaction energy in the mix              :        -2.51819 kcal/mol
 VdW interaction energy in the mix                 :       -21.57875 kcal/mol
 Gas liquid transition energy in the mix (H_glt)   :        12.18698 kcal/mol
 Normalized weight factor of molecule in compound  :         0.17394
 Normalized weight factor of molecule in gas phase :         0.27961

 Compound: 2 Conformer: 2 (4-heptanol_c1)
 Chemical potential of the molecule in the mixture :         0.52278 kcal/mol
 Log10(partial pressure [mbar])                    :         0.08139
 Free energy of molecule in mix (E_COSMO+dE+Mu)    :   -220749.92395 kcal/mol
 Total mean interaction energy in the mix          :        -9.62010 kcal/mol
 Misfit interaction energy in the mix              :         2.15497 kcal/mol
 H-Bond interaction energy in the mix              :        -2.37740 kcal/mol
 VdW interaction energy in the mix                 :       -21.58465 kcal/mol
 Gas liquid transition energy in the mix (H_glt)   :        12.18698 kcal/mol
 Normalized weight factor of molecule in compound  :         0.18824
 Normalized weight factor of molecule in gas phase :         0.25287

 Compound: 2 Conformer: 3 (4-heptanol_c2)
 Chemical potential of the molecule in the mixture :         0.16297 kcal/mol
 Log10(partial pressure [mbar])                    :        -0.32177
 Free energy of molecule in mix (E_COSMO+dE+Mu)    :   -220750.15788 kcal/mol
 Total mean interaction energy in the mix          :       -10.34312 kcal/mol
 Misfit interaction energy in the mix              :         2.12607 kcal/mol
 H-Bond interaction energy in the mix              :        -3.07990 kcal/mol
 VdW interaction energy in the mix                 :       -21.57627 kcal/mol
 Gas liquid transition energy in the mix (H_glt)   :        12.18698 kcal/mol
 Normalized weight factor of molecule in compound  :         0.28125
 Normalized weight factor of molecule in gas phase :         0.14478

 Compound: 2 Conformer: 4 (4-heptanol_c3)
 Chemical potential of the molecule in the mixture :         0.61445 kcal/mol
 Log10(partial pressure [mbar])                    :        -0.04311
 Free energy of molecule in mix (E_COSMO+dE+Mu)    :   -220749.79281 kcal/mol
 Total mean interaction energy in the mix          :       -10.13231 kcal/mol
 Misfit interaction energy in the mix              :         2.25790 kcal/mol
 H-Bond interaction energy in the mix              :        -3.08230 kcal/mol
 VdW interaction energy in the mix                 :       -21.49489 kcal/mol
 Gas liquid transition energy in the mix (H_glt)   :        12.18698 kcal/mol
 Normalized weight factor of molecule in compound  :         0.15029
 Normalized weight factor of molecule in gas phase :         0.12662

 Compound: 2 Conformer: 5 (4-heptanol_c4)
 Chemical potential of the molecule in the mixture :         0.57444 kcal/mol
 Log10(partial pressure [mbar])                    :        -0.10557
 Free energy of molecule in mix (E_COSMO+dE+Mu)    :   -220749.62212 kcal/mol
 Total mean interaction energy in the mix          :       -10.06453 kcal/mol
 Misfit interaction energy in the mix              :         2.11810 kcal/mol
 H-Bond interaction energy in the mix              :        -3.26873 kcal/mol
 VdW interaction energy in the mix                 :       -21.10088 kcal/mol
 Gas liquid transition energy in the mix (H_glt)   :        12.18698 kcal/mol
 Normalized weight factor of molecule in compound  :         0.11212
 Normalized weight factor of molecule in gas phase :         0.09851

 Compound: 2 Conformer: 6 (4-heptanol_c5)
 Chemical potential of the molecule in the mixture :         0.53162 kcal/mol
 Log10(partial pressure [mbar])                    :        -0.03308
 Free energy of molecule in mix (E_COSMO+dE+Mu)    :   -220749.52041 kcal/mol
 Total mean interaction energy in the mix          :        -9.93786 kcal/mol
 Misfit interaction energy in the mix              :         2.10966 kcal/mol
 H-Bond interaction energy in the mix              :        -3.08681 kcal/mol
 VdW interaction energy in the mix                 :       -21.14769 kcal/mol
 Gas liquid transition energy in the mix (H_glt)   :        12.18698 kcal/mol
 Normalized weight factor of molecule in compound  :         0.09416
 Normalized weight factor of molecule in gas phase :         0.09761

 Compound: 3 Conformer: 1 (lacticacid_c0)
 Chemical potential of the molecule in the mixture :         5.16073 kcal/mol
 Log10(partial pressure [mbar])                    :        -1.74141
 Free energy of molecule in mix (E_COSMO+dE+Mu)    :   -215743.51941 kcal/mol
 Total mean interaction energy in the mix          :        -6.33077 kcal/mol
 Misfit interaction energy in the mix              :         2.66342 kcal/mol
 H-Bond interaction energy in the mix              :        -3.21110 kcal/mol
 VdW interaction energy in the mix                 :       -14.03493 kcal/mol
 Gas liquid transition energy in the mix (H_glt)   :         8.25184 kcal/mol
 Normalized weight factor of molecule in compound  :         0.05770
 Normalized weight factor of molecule in gas phase :         0.00476

 Compound: 3 Conformer: 2 (lacticacid_c1)
 Chemical potential of the molecule in the mixture :         5.57943 kcal/mol
 Log10(partial pressure [mbar])                    :        -1.01224
 Free energy of molecule in mix (E_COSMO+dE+Mu)    :   -215742.91922 kcal/mol
 Total mean interaction energy in the mix          :        -5.82522 kcal/mol
 Misfit interaction energy in the mix              :         2.73036 kcal/mol
 H-Bond interaction energy in the mix              :        -2.80879 kcal/mol
 VdW interaction energy in the mix                 :       -13.99863 kcal/mol
 Gas liquid transition energy in the mix (H_glt)   :         8.25184 kcal/mol
 Normalized weight factor of molecule in compound  :         0.02059
 Normalized weight factor of molecule in gas phase :         0.00936

 Compound: 3 Conformer: 3 (lacticacid_c2)
 Chemical potential of the molecule in the mixture :         2.80679 kcal/mol
 Log10(partial pressure [mbar])                    :        -0.96860
 Free energy of molecule in mix (E_COSMO+dE+Mu)    :   -215744.79968 kcal/mol
 Total mean interaction energy in the mix          :        -7.47275 kcal/mol
 Misfit interaction energy in the mix              :         2.14529 kcal/mol
 H-Bond interaction energy in the mix              :        -3.79522 kcal/mol
 VdW interaction energy in the mix                 :       -14.07466 kcal/mol
 Gas liquid transition energy in the mix (H_glt)   :         8.25184 kcal/mol
 Normalized weight factor of molecule in compound  :         0.51955
 Normalized weight factor of molecule in gas phase :         0.94961

 Compound: 3 Conformer: 4 (lacticacid_c3)
 Chemical potential of the molecule in the mixture :         2.10037 kcal/mol
 Log10(partial pressure [mbar])                    :        -2.60261
 Free energy of molecule in mix (E_COSMO+dE+Mu)    :   -215744.08507 kcal/mol
 Total mean interaction energy in the mix          :        -8.77216 kcal/mol
 Misfit interaction energy in the mix              :         2.27670 kcal/mol
 H-Bond interaction energy in the mix              :        -5.24988 kcal/mol
 VdW interaction energy in the mix                 :       -14.05082 kcal/mol
 Gas liquid transition energy in the mix (H_glt)   :         8.25184 kcal/mol
 Normalized weight factor of molecule in compound  :         0.15236
 Normalized weight factor of molecule in gas phase :         0.02089

 Compound: 3 Conformer: 5 (lacticacid_c4)
 Chemical potential of the molecule in the mixture :         2.18904 kcal/mol
 Log10(partial pressure [mbar])                    :        -4.20373
 Free energy of molecule in mix (E_COSMO+dE+Mu)    :   -215743.90979 kcal/mol
 Total mean interaction energy in the mix          :        -9.32426 kcal/mol
 Misfit interaction energy in the mix              :         2.55142 kcal/mol
 H-Bond interaction energy in the mix              :        -6.03422 kcal/mol
 VdW interaction energy in the mix                 :       -14.09331 kcal/mol
 Gas liquid transition energy in the mix (H_glt)   :         8.25184 kcal/mol
 Normalized weight factor of molecule in compound  :         0.11277
 Normalized weight factor of molecule in gas phase :         0.00039

 Compound: 3 Conformer: 6 (lacticacid_c5)
 Chemical potential of the molecule in the mixture :         2.01222 kcal/mol
 Log10(partial pressure [mbar])                    :        -2.69999
 Free energy of molecule in mix (E_COSMO+dE+Mu)    :   -215744.02325 kcal/mol
 Total mean interaction energy in the mix          :        -8.92941 kcal/mol
 Misfit interaction energy in the mix              :         2.24274 kcal/mol
 H-Bond interaction energy in the mix              :        -5.34441 kcal/mol
 VdW interaction energy in the mix                 :       -14.07958 kcal/mol
 Gas liquid transition energy in the mix (H_glt)   :         8.25184 kcal/mol
 Normalized weight factor of molecule in compound  :         0.13702
 Normalized weight factor of molecule in gas phase :         0.01500




 Results for mixture 37 - LIQ_EX Phase 1 Iteration   18
 ----------------------
 Temperature          :    293.150 K
 Compound Nr.         :         1         2         3
 Compound             :       h2o 4-heptano lacticaci
 Mole Fraction        :    0.9988    0.0007    0.0005

 Compound: 1  (h2o)
 Chemical potential of the compound in the mixture :         2.88312 kcal/mol
 Log10(partial pressure [mbar])                    :         0.99136
 Free energy of molecule in mix (E_COSMO+dE+Mu)    :    -47990.37015 kcal/mol
 Total mean interaction energy in the mix (H_int)  :        -5.85969 kcal/mol
 Misfit interaction energy in the mix (H_MF)       :         0.54834 kcal/mol
 H-Bond interaction energy in the mix (H_HB)       :        -4.97461 kcal/mol
 VdW interaction energy in the mix (H_vdW)         :        -4.36547 kcal/mol
 Gas liquid transition energy in the mix (H_glt)   :         2.93205 kcal/mol

 Compound: 2  (4-heptanol)
 Chemical potential of the compound in the mixture :         3.63609 kcal/mol
 Log10(partial pressure [mbar])                    :         2.98593
 Free energy of molecule in mix (E_COSMO+dE+Mu)    :   -220746.81065 kcal/mol
 Total mean interaction energy in the mix (H_int)  :       -10.25848 kcal/mol
 Misfit interaction energy in the mix (H_MF)       :         2.44047 kcal/mol
 H-Bond interaction energy in the mix (H_HB)       :        -4.22875 kcal/mol
 VdW interaction energy in the mix (H_vdW)         :       -20.76064 kcal/mol
 Gas liquid transition energy in the mix (H_glt)   :        12.18698 kcal/mol

 Compound: 3  (lacticacid)
 Chemical potential of the compound in the mixture :         3.59342 kcal/mol
 Log10(partial pressure [mbar])                    :        -1.66921
 Free energy of molecule in mix (E_COSMO+dE+Mu)    :   -215745.08672 kcal/mol
 Total mean interaction energy in the mix (H_int)  :        -8.52397 kcal/mol
 Misfit interaction energy in the mix (H_MF)       :         1.78072 kcal/mol
 H-Bond interaction energy in the mix (H_HB)       :        -7.44910 kcal/mol
 VdW interaction energy in the mix (H_vdW)         :       -13.38365 kcal/mol
 Gas liquid transition energy in the mix (H_glt)   :         8.25184 kcal/mol



 Compound: 1 Conformer: 1 (h2o_c0)
 Chemical potential of the molecule in the mixture :         2.88312 kcal/mol
 Log10(partial pressure [mbar])                    :         0.99136
 Free energy of molecule in mix (E_COSMO+dE+Mu)    :    -47990.37015 kcal/mol
 Total mean interaction energy in the mix          :        -5.85969 kcal/mol
 Misfit interaction energy in the mix              :         0.54834 kcal/mol
 H-Bond interaction energy in the mix              :        -4.97461 kcal/mol
 VdW interaction energy in the mix                 :        -4.36547 kcal/mol
 Gas liquid transition energy in the mix (H_glt)   :         2.93205 kcal/mol
 Normalized weight factor of molecule in compound  :         1.00000
 Normalized weight factor of molecule in gas phase :         1.00000

 Compound: 2 Conformer: 1 (4-heptanol_c0)
 Chemical potential of the molecule in the mixture :         4.71325 kcal/mol
 Log10(partial pressure [mbar])                    :         3.30082
 Free energy of molecule in mix (E_COSMO+dE+Mu)    :   -220745.73160 kcal/mol
 Total mean interaction energy in the mix          :       -10.19064 kcal/mol
 Misfit interaction energy in the mix              :         2.46553 kcal/mol
 H-Bond interaction energy in the mix              :        -3.95681 kcal/mol
 VdW interaction energy in the mix                 :       -20.88634 kcal/mol
 Gas liquid transition energy in the mix (H_glt)   :        12.18698 kcal/mol
 Normalized weight factor of molecule in compound  :         0.15688
 Normalized weight factor of molecule in gas phase :         0.27961

 Compound: 2 Conformer: 2 (4-heptanol_c1)
 Chemical potential of the molecule in the mixture :         4.85083 kcal/mol
 Log10(partial pressure [mbar])                    :         3.30798
 Free energy of molecule in mix (E_COSMO+dE+Mu)    :   -220745.59591 kcal/mol
 Total mean interaction energy in the mix          :       -10.22609 kcal/mol
 Misfit interaction energy in the mix              :         2.43771 kcal/mol
 H-Bond interaction energy in the mix              :        -3.95368 kcal/mol
 VdW interaction energy in the mix                 :       -20.89710 kcal/mol
 Gas liquid transition energy in the mix (H_glt)   :        12.18698 kcal/mol
 Normalized weight factor of molecule in compound  :         0.12428
 Normalized weight factor of molecule in gas phase :         0.25287

 Compound: 2 Conformer: 3 (4-heptanol_c2)
 Chemical potential of the molecule in the mixture :         4.42479 kcal/mol
 Log10(partial pressure [mbar])                    :         2.85545
 Free energy of molecule in mix (E_COSMO+dE+Mu)    :   -220745.89605 kcal/mol
 Total mean interaction energy in the mix          :       -10.45067 kcal/mol
 Misfit interaction energy in the mix              :         2.45970 kcal/mol
 H-Bond interaction energy in the mix              :        -4.22057 kcal/mol
 VdW interaction energy in the mix                 :       -20.87678 kcal/mol
 Gas liquid transition energy in the mix (H_glt)   :        12.18698 kcal/mol
 Normalized weight factor of molecule in compound  :         0.20805
 Normalized weight factor of molecule in gas phase :         0.14478

 Compound: 2 Conformer: 4 (4-heptanol_c3)
 Chemical potential of the molecule in the mixture :         4.30710 kcal/mol
 Log10(partial pressure [mbar])                    :         2.70979
 Free energy of molecule in mix (E_COSMO+dE+Mu)    :   -220746.10015 kcal/mol
 Total mean interaction energy in the mix          :       -10.55277 kcal/mol
 Misfit interaction energy in the mix              :         2.45608 kcal/mol
 H-Bond interaction energy in the mix              :        -4.40060 kcal/mol
 VdW interaction energy in the mix                 :       -20.79523 kcal/mol
 Gas liquid transition energy in the mix (H_glt)   :        12.18698 kcal/mol
 Normalized weight factor of molecule in compound  :         0.29534
 Normalized weight factor of molecule in gas phase :         0.12662

 Compound: 2 Conformer: 5 (4-heptanol_c4)
 Chemical potential of the molecule in the mixture :         4.54573 kcal/mol
 Log10(partial pressure [mbar])                    :         2.85506
 Free energy of molecule in mix (E_COSMO+dE+Mu)    :   -220745.65082 kcal/mol
 Total mean interaction energy in the mix          :       -10.29133 kcal/mol
 Misfit interaction energy in the mix              :         2.37823 kcal/mol
 H-Bond interaction energy in the mix              :        -4.44205 kcal/mol
 VdW interaction energy in the mix                 :       -20.41448 kcal/mol
 Gas liquid transition energy in the mix (H_glt)   :        12.18698 kcal/mol
 Normalized weight factor of molecule in compound  :         0.13657
 Normalized weight factor of molecule in gas phase :         0.09851

 Compound: 2 Conformer: 6 (4-heptanol_c5)
 Chemical potential of the molecule in the mixture :         4.72088 kcal/mol
 Log10(partial pressure [mbar])                    :         3.09005
 Free energy of molecule in mix (E_COSMO+dE+Mu)    :   -220745.33114 kcal/mol
 Total mean interaction energy in the mix          :       -10.09033 kcal/mol
 Misfit interaction energy in the mix              :         2.39364 kcal/mol
 H-Bond interaction energy in the mix              :        -4.21179 kcal/mol
 VdW interaction energy in the mix                 :       -20.45916 kcal/mol
 Gas liquid transition energy in the mix (H_glt)   :        12.18698 kcal/mol
 Normalized weight factor of molecule in compound  :         0.07889
 Normalized weight factor of molecule in gas phase :         0.09761

 Compound: 3 Conformer: 1 (lacticacid_c0)
 Chemical potential of the molecule in the mixture :         5.53263 kcal/mol
 Log10(partial pressure [mbar])                    :        -1.46416
 Free energy of molecule in mix (E_COSMO+dE+Mu)    :   -215743.14751 kcal/mol
 Total mean interaction energy in the mix          :        -7.85317 kcal/mol
 Misfit interaction energy in the mix              :         1.81761 kcal/mol
 H-Bond interaction energy in the mix              :        -4.58956 kcal/mol
 VdW interaction energy in the mix                 :       -13.33306 kcal/mol
 Gas liquid transition energy in the mix (H_glt)   :         8.25184 kcal/mol
 Normalized weight factor of molecule in compound  :         0.03583
 Normalized weight factor of molecule in gas phase :         0.00476

 Compound: 3 Conformer: 2 (lacticacid_c1)
 Chemical potential of the molecule in the mixture :         5.68818 kcal/mol
 Log10(partial pressure [mbar])                    :        -0.93117
 Free energy of molecule in mix (E_COSMO+dE+Mu)    :   -215742.81047 kcal/mol
 Total mean interaction energy in the mix          :        -7.38670 kcal/mol
 Misfit interaction energy in the mix              :         1.94013 kcal/mol
 H-Bond interaction energy in the mix              :        -4.26708 kcal/mol
 VdW interaction energy in the mix                 :       -13.31159 kcal/mol
 Gas liquid transition energy in the mix (H_glt)   :         8.25184 kcal/mol
 Normalized weight factor of molecule in compound  :         0.02009
 Normalized weight factor of molecule in gas phase :         0.00936

 Compound: 3 Conformer: 3 (lacticacid_c2)
 Chemical potential of the molecule in the mixture :         3.83566 kcal/mol
 Log10(partial pressure [mbar])                    :        -0.20157
 Free energy of molecule in mix (E_COSMO+dE+Mu)    :   -215743.77080 kcal/mol
 Total mean interaction energy in the mix          :        -8.50771 kcal/mol
 Misfit interaction energy in the mix              :         1.86023 kcal/mol
 H-Bond interaction energy in the mix              :        -5.22205 kcal/mol
 VdW interaction energy in the mix                 :       -13.39773 kcal/mol
 Gas liquid transition energy in the mix (H_glt)   :         8.25184 kcal/mol
 Normalized weight factor of molecule in compound  :         0.10447
 Normalized weight factor of molecule in gas phase :         0.94961

 Compound: 3 Conformer: 4 (lacticacid_c3)
 Chemical potential of the molecule in the mixture :         2.02774 kcal/mol
 Log10(partial pressure [mbar])                    :        -2.65675
 Free energy of molecule in mix (E_COSMO+dE+Mu)    :   -215744.15769 kcal/mol
 Total mean interaction energy in the mix          :       -10.73500 kcal/mol
 Misfit interaction energy in the mix              :         1.78353 kcal/mol
 H-Bond interaction energy in the mix              :        -7.40002 kcal/mol
 VdW interaction energy in the mix                 :       -13.37035 kcal/mol
 Gas liquid transition energy in the mix (H_glt)   :         8.25184 kcal/mol
 Normalized weight factor of molecule in compound  :         0.20296
 Normalized weight factor of molecule in gas phase :         0.02089

 Compound: 3 Conformer: 5 (lacticacid_c4)
 Chemical potential of the molecule in the mixture :         1.45480 kcal/mol
 Log10(partial pressure [mbar])                    :        -4.75111
 Free energy of molecule in mix (E_COSMO+dE+Mu)    :   -215744.64403 kcal/mol
 Total mean interaction energy in the mix          :       -11.70730 kcal/mol
 Misfit interaction energy in the mix              :         1.76080 kcal/mol
 H-Bond interaction energy in the mix              :        -8.32972 kcal/mol
 VdW interaction energy in the mix                 :       -13.39023 kcal/mol
 Gas liquid transition energy in the mix (H_glt)   :         8.25184 kcal/mol
 Normalized weight factor of molecule in compound  :         0.46770
 Normalized weight factor of molecule in gas phase :         0.00039

 Compound: 3 Conformer: 6 (lacticacid_c5)
 Chemical potential of the molecule in the mixture :         1.98459 kcal/mol
 Log10(partial pressure [mbar])                    :        -2.72059
 Free energy of molecule in mix (E_COSMO+dE+Mu)    :   -215744.05087 kcal/mol
 Total mean interaction energy in the mix          :       -10.81591 kcal/mol
 Misfit interaction energy in the mix              :         1.75655 kcal/mol
 H-Bond interaction energy in the mix              :        -7.43228 kcal/mol
 VdW interaction energy in the mix                 :       -13.39202 kcal/mol
 Gas liquid transition energy in the mix (H_glt)   :         8.25184 kcal/mol
 Normalized weight factor of molecule in compound  :         0.16895
 Normalized weight factor of molecule in gas phase :         0.01500




 Results for mixture 38 - LIQ_EX Phase 2 Iteration   18
 ----------------------
 Temperature          :    293.150 K
 Compound Nr.         :         1         2         3
 Compound             :       h2o 4-heptano lacticaci
 Mole Fraction        :    0.2657    0.7337    0.0006

 Compound: 1  (h2o)
 Chemical potential of the compound in the mixture :         3.65454 kcal/mol
 Log10(partial pressure [mbar])                    :         1.56646
 Free energy of molecule in mix (E_COSMO+dE+Mu)    :    -47989.59873 kcal/mol
 Total mean interaction energy in the mix (H_int)  :        -5.52224 kcal/mol
 Misfit interaction energy in the mix (H_MF)       :         0.92204 kcal/mol
 H-Bond interaction energy in the mix (H_HB)       :        -4.75532 kcal/mol
 VdW interaction energy in the mix (H_vdW)         :        -4.62101 kcal/mol
 Gas liquid transition energy in the mix (H_glt)   :         2.93205 kcal/mol
 Equilibrium constant Kx(1,2)                      :         3.75924
 Equilibrium concentration x_k(1,2)                :         0.78988

 Compound: 2  (4-heptanol)
 Chemical potential of the compound in the mixture :        -0.45010 kcal/mol
 Log10(partial pressure [mbar])                    :        -0.06035
 Free energy of molecule in mix (E_COSMO+dE+Mu)    :   -220750.89684 kcal/mol
 Total mean interaction energy in the mix (H_int)  :        -9.89191 kcal/mol
 Misfit interaction energy in the mix (H_MF)       :         2.15878 kcal/mol
 H-Bond interaction energy in the mix (H_HB)       :        -2.87217 kcal/mol
 VdW interaction energy in the mix (H_vdW)         :       -21.47239 kcal/mol
 Gas liquid transition energy in the mix (H_glt)   :        12.18698 kcal/mol
 Equilibrium constant Kx(1,2)                      :  8.98904740E-04
 Equilibrium concentration x_k(1,2)                :         0.00090

 Compound: 3  (lacticacid)
 Chemical potential of the compound in the mixture :         3.49900 kcal/mol
 Log10(partial pressure [mbar])                    :        -1.73961
 Free energy of molecule in mix (E_COSMO+dE+Mu)    :   -215745.18115 kcal/mol
 Total mean interaction energy in the mix (H_int)  :        -6.38420 kcal/mol
 Misfit interaction energy in the mix (H_MF)       :         2.26639 kcal/mol
 H-Bond interaction energy in the mix (H_HB)       :        -4.42766 kcal/mol
 VdW interaction energy in the mix (H_vdW)         :       -14.06994 kcal/mol
 Gas liquid transition energy in the mix (H_glt)   :         8.25184 kcal/mol
 Equilibrium constant Kx(1,2)                      :         0.85037
 Equilibrium concentration x_k(1,2)                :         0.45957



 Compound: 1 Conformer: 1 (h2o_c0)
 Chemical potential of the molecule in the mixture :         3.65454 kcal/mol
 Log10(partial pressure [mbar])                    :         1.56646
 Free energy of molecule in mix (E_COSMO+dE+Mu)    :    -47989.59873 kcal/mol
 Total mean interaction energy in the mix          :        -5.52224 kcal/mol
 Misfit interaction energy in the mix              :         0.92204 kcal/mol
 H-Bond interaction energy in the mix              :        -4.75532 kcal/mol
 VdW interaction energy in the mix                 :        -4.62101 kcal/mol
 Gas liquid transition energy in the mix (H_glt)   :         2.93205 kcal/mol
 Normalized weight factor of molecule in compound  :         1.00000
 Normalized weight factor of molecule in gas phase :         1.00000

 Compound: 2 Conformer: 1 (4-heptanol_c0)
 Chemical potential of the molecule in the mixture :         0.56689 kcal/mol
 Log10(partial pressure [mbar])                    :         0.20969
 Free energy of molecule in mix (E_COSMO+dE+Mu)    :   -220749.87795 kcal/mol
 Total mean interaction energy in the mix          :        -9.72710 kcal/mol
 Misfit interaction energy in the mix              :         2.18289 kcal/mol
 H-Bond interaction energy in the mix              :        -2.51823 kcal/mol
 VdW interaction energy in the mix                 :       -21.57874 kcal/mol
 Gas liquid transition energy in the mix (H_glt)   :        12.18698 kcal/mol
 Normalized weight factor of molecule in compound  :         0.17394
 Normalized weight factor of molecule in gas phase :         0.27961

 Compound: 2 Conformer: 2 (4-heptanol_c1)
 Chemical potential of the molecule in the mixture :         0.52279 kcal/mol
 Log10(partial pressure [mbar])                    :         0.08140
 Free energy of molecule in mix (E_COSMO+dE+Mu)    :   -220749.92395 kcal/mol
 Total mean interaction energy in the mix          :        -9.62012 kcal/mol
 Misfit interaction energy in the mix              :         2.15498 kcal/mol
 H-Bond interaction energy in the mix              :        -2.37743 kcal/mol
 VdW interaction energy in the mix                 :       -21.58465 kcal/mol
 Gas liquid transition energy in the mix (H_glt)   :        12.18698 kcal/mol
 Normalized weight factor of molecule in compound  :         0.18824
 Normalized weight factor of molecule in gas phase :         0.25287

 Compound: 2 Conformer: 3 (4-heptanol_c2)
 Chemical potential of the molecule in the mixture :         0.16298 kcal/mol
 Log10(partial pressure [mbar])                    :        -0.32176
 Free energy of molecule in mix (E_COSMO+dE+Mu)    :   -220750.15787 kcal/mol
 Total mean interaction energy in the mix          :       -10.34312 kcal/mol
 Misfit interaction energy in the mix              :         2.12608 kcal/mol
 H-Bond interaction energy in the mix              :        -3.07992 kcal/mol
 VdW interaction energy in the mix                 :       -21.57627 kcal/mol
 Gas liquid transition energy in the mix (H_glt)   :        12.18698 kcal/mol
 Normalized weight factor of molecule in compound  :         0.28125
 Normalized weight factor of molecule in gas phase :         0.14478

 Compound: 2 Conformer: 4 (4-heptanol_c3)
 Chemical potential of the molecule in the mixture :         0.61444 kcal/mol
 Log10(partial pressure [mbar])                    :        -0.04312
 Free energy of molecule in mix (E_COSMO+dE+Mu)    :   -220749.79281 kcal/mol
 Total mean interaction energy in the mix          :       -10.13233 kcal/mol
 Misfit interaction energy in the mix              :         2.25792 kcal/mol
 H-Bond interaction energy in the mix              :        -3.08234 kcal/mol
 VdW interaction energy in the mix                 :       -21.49488 kcal/mol
 Gas liquid transition energy in the mix (H_glt)   :        12.18698 kcal/mol
 Normalized weight factor of molecule in compound  :         0.15029
 Normalized weight factor of molecule in gas phase :         0.12662

 Compound: 2 Conformer: 5 (4-heptanol_c4)
 Chemical potential of the molecule in the mixture :         0.57444 kcal/mol
 Log10(partial pressure [mbar])                    :        -0.10557
 Free energy of molecule in mix (E_COSMO+dE+Mu)    :   -220749.62211 kcal/mol
 Total mean interaction energy in the mix          :       -10.06454 kcal/mol
 Misfit interaction energy in the mix              :         2.11811 kcal/mol
 H-Bond interaction energy in the mix              :        -3.26876 kcal/mol
 VdW interaction energy in the mix                 :       -21.10087 kcal/mol
 Gas liquid transition energy in the mix (H_glt)   :        12.18698 kcal/mol
 Normalized weight factor of molecule in compound  :         0.11212
 Normalized weight factor of molecule in gas phase :         0.09851

 Compound: 2 Conformer: 6 (4-heptanol_c5)
 Chemical potential of the molecule in the mixture :         0.53163 kcal/mol
 Log10(partial pressure [mbar])                    :        -0.03307
 Free energy of molecule in mix (E_COSMO+dE+Mu)    :   -220749.52040 kcal/mol
 Total mean interaction energy in the mix          :        -9.93787 kcal/mol
 Misfit interaction energy in the mix              :         2.10967 kcal/mol
 H-Bond interaction energy in the mix              :        -3.08684 kcal/mol
 VdW interaction energy in the mix                 :       -21.14768 kcal/mol
 Gas liquid transition energy in the mix (H_glt)   :        12.18698 kcal/mol
 Normalized weight factor of molecule in compound  :         0.09416
 Normalized weight factor of molecule in gas phase :         0.09761

 Compound: 3 Conformer: 1 (lacticacid_c0)
 Chemical potential of the molecule in the mixture :         5.16071 kcal/mol
 Log10(partial pressure [mbar])                    :        -1.74143
 Free energy of molecule in mix (E_COSMO+dE+Mu)    :   -215743.51943 kcal/mol
 Total mean interaction energy in the mix          :        -6.33082 kcal/mol
 Misfit interaction energy in the mix              :         2.66339 kcal/mol
 H-Bond interaction energy in the mix              :        -3.21112 kcal/mol
 VdW interaction energy in the mix                 :       -14.03493 kcal/mol
 Gas liquid transition energy in the mix (H_glt)   :         8.25184 kcal/mol
 Normalized weight factor of molecule in compound  :         0.05770
 Normalized weight factor of molecule in gas phase :         0.00476

 Compound: 3 Conformer: 2 (lacticacid_c1)
 Chemical potential of the molecule in the mixture :         5.57941 kcal/mol
 Log10(partial pressure [mbar])                    :        -1.01226
 Free energy of molecule in mix (E_COSMO+dE+Mu)    :   -215742.91924 kcal/mol
 Total mean interaction energy in the mix          :        -5.82526 kcal/mol
 Misfit interaction energy in the mix              :         2.73033 kcal/mol
 H-Bond interaction energy in the mix              :        -2.80881 kcal/mol
 VdW interaction energy in the mix                 :       -13.99862 kcal/mol
 Gas liquid transition energy in the mix (H_glt)   :         8.25184 kcal/mol
 Normalized weight factor of molecule in compound  :         0.02059
 Normalized weight factor of molecule in gas phase :         0.00936

 Compound: 3 Conformer: 3 (lacticacid_c2)
 Chemical potential of the molecule in the mixture :         2.80678 kcal/mol
 Log10(partial pressure [mbar])                    :        -0.96860
 Free energy of molecule in mix (E_COSMO+dE+Mu)    :   -215744.79969 kcal/mol
 Total mean interaction energy in the mix          :        -7.47279 kcal/mol
 Misfit interaction energy in the mix              :         2.14527 kcal/mol
 H-Bond interaction energy in the mix              :        -3.79525 kcal/mol
 VdW interaction energy in the mix                 :       -14.07465 kcal/mol
 Gas liquid transition energy in the mix (H_glt)   :         8.25184 kcal/mol
 Normalized weight factor of molecule in compound  :         0.51954
 Normalized weight factor of molecule in gas phase :         0.94961

 Compound: 3 Conformer: 4 (lacticacid_c3)
 Chemical potential of the molecule in the mixture :         2.10034 kcal/mol
 Log10(partial pressure [mbar])                    :        -2.60263
 Free energy of molecule in mix (E_COSMO+dE+Mu)    :   -215744.08509 kcal/mol
 Total mean interaction energy in the mix          :        -8.77221 kcal/mol
 Misfit interaction energy in the mix              :         2.27667 kcal/mol
 H-Bond interaction energy in the mix              :        -5.24992 kcal/mol
 VdW interaction energy in the mix                 :       -14.05081 kcal/mol
 Gas liquid transition energy in the mix (H_glt)   :         8.25184 kcal/mol
 Normalized weight factor of molecule in compound  :         0.15236
 Normalized weight factor of molecule in gas phase :         0.02089

 Compound: 3 Conformer: 5 (lacticacid_c4)
 Chemical potential of the molecule in the mixture :         2.18900 kcal/mol
 Log10(partial pressure [mbar])                    :        -4.20375
 Free energy of molecule in mix (E_COSMO+dE+Mu)    :   -215743.90983 kcal/mol
 Total mean interaction energy in the mix          :        -9.32433 kcal/mol
 Misfit interaction energy in the mix              :         2.55139 kcal/mol
 H-Bond interaction energy in the mix              :        -6.03426 kcal/mol
 VdW interaction energy in the mix                 :       -14.09330 kcal/mol
 Gas liquid transition energy in the mix (H_glt)   :         8.25184 kcal/mol
 Normalized weight factor of molecule in compound  :         0.11278
 Normalized weight factor of molecule in gas phase :         0.00039

 Compound: 3 Conformer: 6 (lacticacid_c5)
 Chemical potential of the molecule in the mixture :         2.01219 kcal/mol
 Log10(partial pressure [mbar])                    :        -2.70001
 Free energy of molecule in mix (E_COSMO+dE+Mu)    :   -215744.02327 kcal/mol
 Total mean interaction energy in the mix          :        -8.92946 kcal/mol
 Misfit interaction energy in the mix              :         2.24271 kcal/mol
 H-Bond interaction energy in the mix              :        -5.34444 kcal/mol
 VdW interaction energy in the mix                 :       -14.07957 kcal/mol
 Gas liquid transition energy in the mix (H_glt)   :         8.25184 kcal/mol
 Normalized weight factor of molecule in compound  :         0.13702
 Normalized weight factor of molecule in gas phase :         0.01500




 Results for mixture 39 - LIQ_EX Phase 1 Iteration   19
 ----------------------
 Temperature          :    293.150 K
 Compound Nr.         :         1         2         3
 Compound             :       h2o 4-heptano lacticaci
 Mole Fraction        :    0.9988    0.0007    0.0005

 Compound: 1  (h2o)
 Chemical potential of the compound in the mixture :         2.88312 kcal/mol
 Log10(partial pressure [mbar])                    :         0.99136
 Free energy of molecule in mix (E_COSMO+dE+Mu)    :    -47990.37015 kcal/mol
 Total mean interaction energy in the mix (H_int)  :        -5.85969 kcal/mol
 Misfit interaction energy in the mix (H_MF)       :         0.54834 kcal/mol
 H-Bond interaction energy in the mix (H_HB)       :        -4.97461 kcal/mol
 VdW interaction energy in the mix (H_vdW)         :        -4.36547 kcal/mol
 Gas liquid transition energy in the mix (H_glt)   :         2.93205 kcal/mol

 Compound: 2  (4-heptanol)
 Chemical potential of the compound in the mixture :         3.63609 kcal/mol
 Log10(partial pressure [mbar])                    :         2.98593
 Free energy of molecule in mix (E_COSMO+dE+Mu)    :   -220746.81065 kcal/mol
 Total mean interaction energy in the mix (H_int)  :       -10.25848 kcal/mol
 Misfit interaction energy in the mix (H_MF)       :         2.44047 kcal/mol
 H-Bond interaction energy in the mix (H_HB)       :        -4.22875 kcal/mol
 VdW interaction energy in the mix (H_vdW)         :       -20.76064 kcal/mol
 Gas liquid transition energy in the mix (H_glt)   :        12.18698 kcal/mol

 Compound: 3  (lacticacid)
 Chemical potential of the compound in the mixture :         3.59342 kcal/mol
 Log10(partial pressure [mbar])                    :        -1.66921
 Free energy of molecule in mix (E_COSMO+dE+Mu)    :   -215745.08672 kcal/mol
 Total mean interaction energy in the mix (H_int)  :        -8.52397 kcal/mol
 Misfit interaction energy in the mix (H_MF)       :         1.78072 kcal/mol
 H-Bond interaction energy in the mix (H_HB)       :        -7.44910 kcal/mol
 VdW interaction energy in the mix (H_vdW)         :       -13.38365 kcal/mol
 Gas liquid transition energy in the mix (H_glt)   :         8.25184 kcal/mol



 Compound: 1 Conformer: 1 (h2o_c0)
 Chemical potential of the molecule in the mixture :         2.88312 kcal/mol
 Log10(partial pressure [mbar])                    :         0.99136
 Free energy of molecule in mix (E_COSMO+dE+Mu)    :    -47990.37015 kcal/mol
 Total mean interaction energy in the mix          :        -5.85969 kcal/mol
 Misfit interaction energy in the mix              :         0.54834 kcal/mol
 H-Bond interaction energy in the mix              :        -4.97461 kcal/mol
 VdW interaction energy in the mix                 :        -4.36547 kcal/mol
 Gas liquid transition energy in the mix (H_glt)   :         2.93205 kcal/mol
 Normalized weight factor of molecule in compound  :         1.00000
 Normalized weight factor of molecule in gas phase :         1.00000

 Compound: 2 Conformer: 1 (4-heptanol_c0)
 Chemical potential of the molecule in the mixture :         4.71325 kcal/mol
 Log10(partial pressure [mbar])                    :         3.30082
 Free energy of molecule in mix (E_COSMO+dE+Mu)    :   -220745.73160 kcal/mol
 Total mean interaction energy in the mix          :       -10.19064 kcal/mol
 Misfit interaction energy in the mix              :         2.46553 kcal/mol
 H-Bond interaction energy in the mix              :        -3.95681 kcal/mol
 VdW interaction energy in the mix                 :       -20.88634 kcal/mol
 Gas liquid transition energy in the mix (H_glt)   :        12.18698 kcal/mol
 Normalized weight factor of molecule in compound  :         0.15688
 Normalized weight factor of molecule in gas phase :         0.27961

 Compound: 2 Conformer: 2 (4-heptanol_c1)
 Chemical potential of the molecule in the mixture :         4.85083 kcal/mol
 Log10(partial pressure [mbar])                    :         3.30798
 Free energy of molecule in mix (E_COSMO+dE+Mu)    :   -220745.59591 kcal/mol
 Total mean interaction energy in the mix          :       -10.22609 kcal/mol
 Misfit interaction energy in the mix              :         2.43771 kcal/mol
 H-Bond interaction energy in the mix              :        -3.95368 kcal/mol
 VdW interaction energy in the mix                 :       -20.89710 kcal/mol
 Gas liquid transition energy in the mix (H_glt)   :        12.18698 kcal/mol
 Normalized weight factor of molecule in compound  :         0.12428
 Normalized weight factor of molecule in gas phase :         0.25287

 Compound: 2 Conformer: 3 (4-heptanol_c2)
 Chemical potential of the molecule in the mixture :         4.42479 kcal/mol
 Log10(partial pressure [mbar])                    :         2.85545
 Free energy of molecule in mix (E_COSMO+dE+Mu)    :   -220745.89605 kcal/mol
 Total mean interaction energy in the mix          :       -10.45067 kcal/mol
 Misfit interaction energy in the mix              :         2.45970 kcal/mol
 H-Bond interaction energy in the mix              :        -4.22057 kcal/mol
 VdW interaction energy in the mix                 :       -20.87678 kcal/mol
 Gas liquid transition energy in the mix (H_glt)   :        12.18698 kcal/mol
 Normalized weight factor of molecule in compound  :         0.20805
 Normalized weight factor of molecule in gas phase :         0.14478

 Compound: 2 Conformer: 4 (4-heptanol_c3)
 Chemical potential of the molecule in the mixture :         4.30710 kcal/mol
 Log10(partial pressure [mbar])                    :         2.70979
 Free energy of molecule in mix (E_COSMO+dE+Mu)    :   -220746.10015 kcal/mol
 Total mean interaction energy in the mix          :       -10.55277 kcal/mol
 Misfit interaction energy in the mix              :         2.45608 kcal/mol
 H-Bond interaction energy in the mix              :        -4.40060 kcal/mol
 VdW interaction energy in the mix                 :       -20.79523 kcal/mol
 Gas liquid transition energy in the mix (H_glt)   :        12.18698 kcal/mol
 Normalized weight factor of molecule in compound  :         0.29534
 Normalized weight factor of molecule in gas phase :         0.12662

 Compound: 2 Conformer: 5 (4-heptanol_c4)
 Chemical potential of the molecule in the mixture :         4.54573 kcal/mol
 Log10(partial pressure [mbar])                    :         2.85506
 Free energy of molecule in mix (E_COSMO+dE+Mu)    :   -220745.65082 kcal/mol
 Total mean interaction energy in the mix          :       -10.29133 kcal/mol
 Misfit interaction energy in the mix              :         2.37823 kcal/mol
 H-Bond interaction energy in the mix              :        -4.44205 kcal/mol
 VdW interaction energy in the mix                 :       -20.41448 kcal/mol
 Gas liquid transition energy in the mix (H_glt)   :        12.18698 kcal/mol
 Normalized weight factor of molecule in compound  :         0.13657
 Normalized weight factor of molecule in gas phase :         0.09851

 Compound: 2 Conformer: 6 (4-heptanol_c5)
 Chemical potential of the molecule in the mixture :         4.72088 kcal/mol
 Log10(partial pressure [mbar])                    :         3.09006
 Free energy of molecule in mix (E_COSMO+dE+Mu)    :   -220745.33114 kcal/mol
 Total mean interaction energy in the mix          :       -10.09033 kcal/mol
 Misfit interaction energy in the mix              :         2.39364 kcal/mol
 H-Bond interaction energy in the mix              :        -4.21179 kcal/mol
 VdW interaction energy in the mix                 :       -20.45916 kcal/mol
 Gas liquid transition energy in the mix (H_glt)   :        12.18698 kcal/mol
 Normalized weight factor of molecule in compound  :         0.07889
 Normalized weight factor of molecule in gas phase :         0.09761

 Compound: 3 Conformer: 1 (lacticacid_c0)
 Chemical potential of the molecule in the mixture :         5.53263 kcal/mol
 Log10(partial pressure [mbar])                    :        -1.46416
 Free energy of molecule in mix (E_COSMO+dE+Mu)    :   -215743.14751 kcal/mol
 Total mean interaction energy in the mix          :        -7.85317 kcal/mol
 Misfit interaction energy in the mix              :         1.81761 kcal/mol
 H-Bond interaction energy in the mix              :        -4.58956 kcal/mol
 VdW interaction energy in the mix                 :       -13.33305 kcal/mol
 Gas liquid transition energy in the mix (H_glt)   :         8.25184 kcal/mol
 Normalized weight factor of molecule in compound  :         0.03583
 Normalized weight factor of molecule in gas phase :         0.00476

 Compound: 3 Conformer: 2 (lacticacid_c1)
 Chemical potential of the molecule in the mixture :         5.68818 kcal/mol
 Log10(partial pressure [mbar])                    :        -0.93117
 Free energy of molecule in mix (E_COSMO+dE+Mu)    :   -215742.81047 kcal/mol
 Total mean interaction energy in the mix          :        -7.38670 kcal/mol
 Misfit interaction energy in the mix              :         1.94013 kcal/mol
 H-Bond interaction energy in the mix              :        -4.26708 kcal/mol
 VdW interaction energy in the mix                 :       -13.31159 kcal/mol
 Gas liquid transition energy in the mix (H_glt)   :         8.25184 kcal/mol
 Normalized weight factor of molecule in compound  :         0.02009
 Normalized weight factor of molecule in gas phase :         0.00936

 Compound: 3 Conformer: 3 (lacticacid_c2)
 Chemical potential of the molecule in the mixture :         3.83566 kcal/mol
 Log10(partial pressure [mbar])                    :        -0.20157
 Free energy of molecule in mix (E_COSMO+dE+Mu)    :   -215743.77080 kcal/mol
 Total mean interaction energy in the mix          :        -8.50771 kcal/mol
 Misfit interaction energy in the mix              :         1.86023 kcal/mol
 H-Bond interaction energy in the mix              :        -5.22205 kcal/mol
 VdW interaction energy in the mix                 :       -13.39773 kcal/mol
 Gas liquid transition energy in the mix (H_glt)   :         8.25184 kcal/mol
 Normalized weight factor of molecule in compound  :         0.10447
 Normalized weight factor of molecule in gas phase :         0.94961

 Compound: 3 Conformer: 4 (lacticacid_c3)
 Chemical potential of the molecule in the mixture :         2.02774 kcal/mol
 Log10(partial pressure [mbar])                    :        -2.65675
 Free energy of molecule in mix (E_COSMO+dE+Mu)    :   -215744.15769 kcal/mol
 Total mean interaction energy in the mix          :       -10.73500 kcal/mol
 Misfit interaction energy in the mix              :         1.78353 kcal/mol
 H-Bond interaction energy in the mix              :        -7.40002 kcal/mol
 VdW interaction energy in the mix                 :       -13.37035 kcal/mol
 Gas liquid transition energy in the mix (H_glt)   :         8.25184 kcal/mol
 Normalized weight factor of molecule in compound  :         0.20296
 Normalized weight factor of molecule in gas phase :         0.02089

 Compound: 3 Conformer: 5 (lacticacid_c4)
 Chemical potential of the molecule in the mixture :         1.45480 kcal/mol
 Log10(partial pressure [mbar])                    :        -4.75110
 Free energy of molecule in mix (E_COSMO+dE+Mu)    :   -215744.64403 kcal/mol
 Total mean interaction energy in the mix          :       -11.70730 kcal/mol
 Misfit interaction energy in the mix              :         1.76080 kcal/mol
 H-Bond interaction energy in the mix              :        -8.32972 kcal/mol
 VdW interaction energy in the mix                 :       -13.39023 kcal/mol
 Gas liquid transition energy in the mix (H_glt)   :         8.25184 kcal/mol
 Normalized weight factor of molecule in compound  :         0.46770
 Normalized weight factor of molecule in gas phase :         0.00039

 Compound: 3 Conformer: 6 (lacticacid_c5)
 Chemical potential of the molecule in the mixture :         1.98459 kcal/mol
 Log10(partial pressure [mbar])                    :        -2.72059
 Free energy of molecule in mix (E_COSMO+dE+Mu)    :   -215744.05087 kcal/mol
 Total mean interaction energy in the mix          :       -10.81591 kcal/mol
 Misfit interaction energy in the mix              :         1.75655 kcal/mol
 H-Bond interaction energy in the mix              :        -7.43228 kcal/mol
 VdW interaction energy in the mix                 :       -13.39202 kcal/mol
 Gas liquid transition energy in the mix (H_glt)   :         8.25184 kcal/mol
 Normalized weight factor of molecule in compound  :         0.16895
 Normalized weight factor of molecule in gas phase :         0.01500




 Results for mixture 40 - LIQ_EX Phase 2 Iteration   19
 ----------------------
 Temperature          :    293.150 K
 Compound Nr.         :         1         2         3
 Compound             :       h2o 4-heptano lacticaci
 Mole Fraction        :    0.2657    0.7337    0.0006

 Compound: 1  (h2o)
 Chemical potential of the compound in the mixture :         3.65454 kcal/mol
 Log10(partial pressure [mbar])                    :         1.56646
 Free energy of molecule in mix (E_COSMO+dE+Mu)    :    -47989.59874 kcal/mol
 Total mean interaction energy in the mix (H_int)  :        -5.52226 kcal/mol
 Misfit interaction energy in the mix (H_MF)       :         0.92203 kcal/mol
 H-Bond interaction energy in the mix (H_HB)       :        -4.75533 kcal/mol
 VdW interaction energy in the mix (H_vdW)         :        -4.62101 kcal/mol
 Gas liquid transition energy in the mix (H_glt)   :         2.93205 kcal/mol
 Equilibrium constant Kx(1,2)                      :         3.75919
 Equilibrium concentration x_k(1,2)                :         0.78988

 Compound: 2  (4-heptanol)
 Chemical potential of the compound in the mixture :        -0.45010 kcal/mol
 Log10(partial pressure [mbar])                    :        -0.06035
 Free energy of molecule in mix (E_COSMO+dE+Mu)    :   -220750.89684 kcal/mol
 Total mean interaction energy in the mix (H_int)  :        -9.89192 kcal/mol
 Misfit interaction energy in the mix (H_MF)       :         2.15878 kcal/mol
 H-Bond interaction energy in the mix (H_HB)       :        -2.87219 kcal/mol
 VdW interaction energy in the mix (H_vdW)         :       -21.47238 kcal/mol
 Gas liquid transition energy in the mix (H_glt)   :        12.18698 kcal/mol
 Equilibrium constant Kx(1,2)                      :  8.98907605E-04
 Equilibrium concentration x_k(1,2)                :         0.00090

 Compound: 3  (lacticacid)
 Chemical potential of the compound in the mixture :         3.49898 kcal/mol
 Log10(partial pressure [mbar])                    :        -1.73962
 Free energy of molecule in mix (E_COSMO+dE+Mu)    :   -215745.18116 kcal/mol
 Total mean interaction energy in the mix (H_int)  :        -6.38423 kcal/mol
 Misfit interaction energy in the mix (H_MF)       :         2.26637 kcal/mol
 H-Bond interaction energy in the mix (H_HB)       :        -4.42768 kcal/mol
 VdW interaction energy in the mix (H_vdW)         :       -14.06993 kcal/mol
 Gas liquid transition energy in the mix (H_glt)   :         8.25184 kcal/mol
 Equilibrium constant Kx(1,2)                      :         0.85035
 Equilibrium concentration x_k(1,2)                :         0.45956



 Compound: 1 Conformer: 1 (h2o_c0)
 Chemical potential of the molecule in the mixture :         3.65454 kcal/mol
 Log10(partial pressure [mbar])                    :         1.56646
 Free energy of molecule in mix (E_COSMO+dE+Mu)    :    -47989.59874 kcal/mol
 Total mean interaction energy in the mix          :        -5.52226 kcal/mol
 Misfit interaction energy in the mix              :         0.92203 kcal/mol
 H-Bond interaction energy in the mix              :        -4.75533 kcal/mol
 VdW interaction energy in the mix                 :        -4.62101 kcal/mol
 Gas liquid transition energy in the mix (H_glt)   :         2.93205 kcal/mol
 Normalized weight factor of molecule in compound  :         1.00000
 Normalized weight factor of molecule in gas phase :         1.00000

 Compound: 2 Conformer: 1 (4-heptanol_c0)
 Chemical potential of the molecule in the mixture :         0.56690 kcal/mol
 Log10(partial pressure [mbar])                    :         0.20969
 Free energy of molecule in mix (E_COSMO+dE+Mu)    :   -220749.87795 kcal/mol
 Total mean interaction energy in the mix          :        -9.72711 kcal/mol
 Misfit interaction energy in the mix              :         2.18290 kcal/mol
 H-Bond interaction energy in the mix              :        -2.51824 kcal/mol
 VdW interaction energy in the mix                 :       -21.57874 kcal/mol
 Gas liquid transition energy in the mix (H_glt)   :        12.18698 kcal/mol
 Normalized weight factor of molecule in compound  :         0.17395
 Normalized weight factor of molecule in gas phase :         0.27961

 Compound: 2 Conformer: 2 (4-heptanol_c1)
 Chemical potential of the molecule in the mixture :         0.52280 kcal/mol
 Log10(partial pressure [mbar])                    :         0.08140
 Free energy of molecule in mix (E_COSMO+dE+Mu)    :   -220749.92394 kcal/mol
 Total mean interaction energy in the mix          :        -9.62013 kcal/mol
 Misfit interaction energy in the mix              :         2.15498 kcal/mol
 H-Bond interaction energy in the mix              :        -2.37745 kcal/mol
 VdW interaction energy in the mix                 :       -21.58464 kcal/mol
 Gas liquid transition energy in the mix (H_glt)   :        12.18698 kcal/mol
 Normalized weight factor of molecule in compound  :         0.18824
 Normalized weight factor of molecule in gas phase :         0.25287

 Compound: 2 Conformer: 3 (4-heptanol_c2)
 Chemical potential of the molecule in the mixture :         0.16298 kcal/mol
 Log10(partial pressure [mbar])                    :        -0.32176
 Free energy of molecule in mix (E_COSMO+dE+Mu)    :   -220750.15786 kcal/mol
 Total mean interaction energy in the mix          :       -10.34313 kcal/mol
 Misfit interaction energy in the mix              :         2.12609 kcal/mol
 H-Bond interaction energy in the mix              :        -3.07993 kcal/mol
 VdW interaction energy in the mix                 :       -21.57626 kcal/mol
 Gas liquid transition energy in the mix (H_glt)   :        12.18698 kcal/mol
 Normalized weight factor of molecule in compound  :         0.28125
 Normalized weight factor of molecule in gas phase :         0.14478

 Compound: 2 Conformer: 4 (4-heptanol_c3)
 Chemical potential of the molecule in the mixture :         0.61444 kcal/mol
 Log10(partial pressure [mbar])                    :        -0.04312
 Free energy of molecule in mix (E_COSMO+dE+Mu)    :   -220749.79282 kcal/mol
 Total mean interaction energy in the mix          :       -10.13234 kcal/mol
 Misfit interaction energy in the mix              :         2.25792 kcal/mol
 H-Bond interaction energy in the mix              :        -3.08236 kcal/mol
 VdW interaction energy in the mix                 :       -21.49488 kcal/mol
 Gas liquid transition energy in the mix (H_glt)   :        12.18698 kcal/mol
 Normalized weight factor of molecule in compound  :         0.15029
 Normalized weight factor of molecule in gas phase :         0.12662

 Compound: 2 Conformer: 5 (4-heptanol_c4)
 Chemical potential of the molecule in the mixture :         0.57444 kcal/mol
 Log10(partial pressure [mbar])                    :        -0.10557
 Free energy of molecule in mix (E_COSMO+dE+Mu)    :   -220749.62211 kcal/mol
 Total mean interaction energy in the mix          :       -10.06455 kcal/mol
 Misfit interaction energy in the mix              :         2.11812 kcal/mol
 H-Bond interaction energy in the mix              :        -3.26878 kcal/mol
 VdW interaction energy in the mix                 :       -21.10087 kcal/mol
 Gas liquid transition energy in the mix (H_glt)   :        12.18698 kcal/mol
 Normalized weight factor of molecule in compound  :         0.11212
 Normalized weight factor of molecule in gas phase :         0.09851

 Compound: 2 Conformer: 6 (4-heptanol_c5)
 Chemical potential of the molecule in the mixture :         0.53163 kcal/mol
 Log10(partial pressure [mbar])                    :        -0.03306
 Free energy of molecule in mix (E_COSMO+dE+Mu)    :   -220749.52039 kcal/mol
 Total mean interaction energy in the mix          :        -9.93787 kcal/mol
 Misfit interaction energy in the mix              :         2.10968 kcal/mol
 H-Bond interaction energy in the mix              :        -3.08685 kcal/mol
 VdW interaction energy in the mix                 :       -21.14768 kcal/mol
 Gas liquid transition energy in the mix (H_glt)   :        12.18698 kcal/mol
 Normalized weight factor of molecule in compound  :         0.09416
 Normalized weight factor of molecule in gas phase :         0.09761

 Compound: 3 Conformer: 1 (lacticacid_c0)
 Chemical potential of the molecule in the mixture :         5.16070 kcal/mol
 Log10(partial pressure [mbar])                    :        -1.74144
 Free energy of molecule in mix (E_COSMO+dE+Mu)    :   -215743.51944 kcal/mol
 Total mean interaction energy in the mix          :        -6.33085 kcal/mol
 Misfit interaction energy in the mix              :         2.66337 kcal/mol
 H-Bond interaction energy in the mix              :        -3.21113 kcal/mol
 VdW interaction energy in the mix                 :       -14.03492 kcal/mol
 Gas liquid transition energy in the mix (H_glt)   :         8.25184 kcal/mol
 Normalized weight factor of molecule in compound  :         0.05770
 Normalized weight factor of molecule in gas phase :         0.00476

 Compound: 3 Conformer: 2 (lacticacid_c1)
 Chemical potential of the molecule in the mixture :         5.57939 kcal/mol
 Log10(partial pressure [mbar])                    :        -1.01227
 Free energy of molecule in mix (E_COSMO+dE+Mu)    :   -215742.91926 kcal/mol
 Total mean interaction energy in the mix          :        -5.82529 kcal/mol
 Misfit interaction energy in the mix              :         2.73032 kcal/mol
 H-Bond interaction energy in the mix              :        -2.80882 kcal/mol
 VdW interaction energy in the mix                 :       -13.99862 kcal/mol
 Gas liquid transition energy in the mix (H_glt)   :         8.25184 kcal/mol
 Normalized weight factor of molecule in compound  :         0.02059
 Normalized weight factor of molecule in gas phase :         0.00936

 Compound: 3 Conformer: 3 (lacticacid_c2)
 Chemical potential of the molecule in the mixture :         2.80677 kcal/mol
 Log10(partial pressure [mbar])                    :        -0.96861
 Free energy of molecule in mix (E_COSMO+dE+Mu)    :   -215744.79969 kcal/mol
 Total mean interaction energy in the mix          :        -7.47281 kcal/mol
 Misfit interaction energy in the mix              :         2.14526 kcal/mol
 H-Bond interaction energy in the mix              :        -3.79526 kcal/mol
 VdW interaction energy in the mix                 :       -14.07465 kcal/mol
 Gas liquid transition energy in the mix (H_glt)   :         8.25184 kcal/mol
 Normalized weight factor of molecule in compound  :         0.51953
 Normalized weight factor of molecule in gas phase :         0.94961

 Compound: 3 Conformer: 4 (lacticacid_c3)
 Chemical potential of the molecule in the mixture :         2.10032 kcal/mol
 Log10(partial pressure [mbar])                    :        -2.60264
 Free energy of molecule in mix (E_COSMO+dE+Mu)    :   -215744.08511 kcal/mol
 Total mean interaction energy in the mix          :        -8.77224 kcal/mol
 Misfit interaction energy in the mix              :         2.27666 kcal/mol
 H-Bond interaction energy in the mix              :        -5.24994 kcal/mol
 VdW interaction energy in the mix                 :       -14.05080 kcal/mol
 Gas liquid transition energy in the mix (H_glt)   :         8.25184 kcal/mol
 Normalized weight factor of molecule in compound  :         0.15237
 Normalized weight factor of molecule in gas phase :         0.02089

 Compound: 3 Conformer: 5 (lacticacid_c4)
 Chemical potential of the molecule in the mixture :         2.18898 kcal/mol
 Log10(partial pressure [mbar])                    :        -4.20377
 Free energy of molecule in mix (E_COSMO+dE+Mu)    :   -215743.90985 kcal/mol
 Total mean interaction energy in the mix          :        -9.32438 kcal/mol
 Misfit interaction energy in the mix              :         2.55137 kcal/mol
 H-Bond interaction energy in the mix              :        -6.03429 kcal/mol
 VdW interaction energy in the mix                 :       -14.09330 kcal/mol
 Gas liquid transition energy in the mix (H_glt)   :         8.25184 kcal/mol
 Normalized weight factor of molecule in compound  :         0.11278
 Normalized weight factor of molecule in gas phase :         0.00039

 Compound: 3 Conformer: 6 (lacticacid_c5)
 Chemical potential of the molecule in the mixture :         2.01218 kcal/mol
 Log10(partial pressure [mbar])                    :        -2.70003
 Free energy of molecule in mix (E_COSMO+dE+Mu)    :   -215744.02329 kcal/mol
 Total mean interaction energy in the mix          :        -8.92950 kcal/mol
 Misfit interaction energy in the mix              :         2.24269 kcal/mol
 H-Bond interaction energy in the mix              :        -5.34446 kcal/mol
 VdW interaction energy in the mix                 :       -14.07957 kcal/mol
 Gas liquid transition energy in the mix (H_glt)   :         8.25184 kcal/mol
 Normalized weight factor of molecule in compound  :         0.13703
 Normalized weight factor of molecule in gas phase :         0.01500


 Iterative computation of Multi-Component-2-Phase-Equilibrium (LIQ_EX) converged !


----------------
 END job       1
----------------
