 -----------------------------------------
 COSMOtherm Version 19.0.0 (Revision 5259)
 -----------------------------------------
 written by Frank Eckert, Andreas Klamt, Larissa Koch, Selman Terzi
 Copyright (C) 1999-2018, COSMOlogic GmbH & Co. KG

 Job name   : !! Multi-Component-2-Phase-Equilibrium calculation                        
 Job date   : 04/10/2025
 Job time   : 17:19:55
 Hostname   : unknown
 OS type    : Windows_NT
 Executable : Windows 64-bit

 Reading COSMOtherm parameter file BP_TZVPD_FINE_19.ctd from directory C:/Program Files/COSMOlogic/COSMOthermX19/COSMOtherm/CTDATA-FILES/
 Info: # COSMOtherm parameter file ./BP_TZVPD_FINE_19.ctd for BP-TZVPD-FINE (BP-TZVP optimized) COSMO files                                                  

 Reading COSMOtherm license key license.txt from directory C:/Program Files/COSMOlogic/COSMOthermX19/licensefiles/

 COSMOtherm license key expiration date 12/03/2025
 COSMOtherm license key version 24
 Customer : 200000000035108
 ID       : LKO2613120

 License keys:
  product                   |    licensed version    | status
 ------------------------------------------------------------------------------ 
  COSMOtherm                |          24            | active
  TURBOMOLE                 |          21            | active
  COSMOquick                |          24            | active
  COSMOconf                 |          24            | active
  COSMOmic                  |          24            | active
  COSMObase                 |          24            | active
  COSMOperm                 |          24            | active
  COSMOplex                 |          24            | active
 ------------------------------------------------------------------------------ 
 
 Reading vapor pressure and property information for compound 1 from file V:\groups\COSMOTHERM-Datenbank\COSMObase-1901\BP-TZVPD-FINE/h/h2o.vap
 Reading COSMO information for compound 1 conformer 1 from file V:\groups\COSMOTHERM-Datenbank\COSMObase-1901\BP-TZVPD-FINE/h/h2o_c0.cosmo
 
 Reading vapor pressure and property information for compound 2 from file V:\groups\COSMOTHERM-Datenbank\COSMObase-1901\BP-TZVPD-FINE/3/3-hexanol.vap
 Reading COSMO information for compound 2 conformer 1 from file V:\groups\COSMOTHERM-Datenbank\COSMObase-1901\BP-TZVPD-FINE/3/3-hexanol_c0.cosmo
 Reading COSMO information for compound 2 conformer 2 from file V:\groups\COSMOTHERM-Datenbank\COSMObase-1901\BP-TZVPD-FINE/3/3-hexanol_c1.cosmo
 Reading COSMO information for compound 2 conformer 3 from file V:\groups\COSMOTHERM-Datenbank\COSMObase-1901\BP-TZVPD-FINE/3/3-hexanol_c2.cosmo
 Reading COSMO information for compound 2 conformer 4 from file V:\groups\COSMOTHERM-Datenbank\COSMObase-1901\BP-TZVPD-FINE/3/3-hexanol_c3.cosmo
 Reading COSMO information for compound 2 conformer 5 from file V:\groups\COSMOTHERM-Datenbank\COSMObase-1901\BP-TZVPD-FINE/3/3-hexanol_c4.cosmo
 Reading COSMO information for compound 2 conformer 6 from file V:\groups\COSMOTHERM-Datenbank\COSMObase-1901\BP-TZVPD-FINE/3/3-hexanol_c5.cosmo
 Reading COSMO information for compound 2 conformer 7 from file V:\groups\COSMOTHERM-Datenbank\COSMObase-1901\BP-TZVPD-FINE/3/3-hexanol_c6.cosmo
 
 Reading vapor pressure and property information for compound 3 from file V:\groups\COSMOTHERM-Datenbank\COSMObase-1901\BP-TZVPD-FINE/l/lacticacid.vap
 Reading COSMO information for compound 3 conformer 1 from file V:\groups\COSMOTHERM-Datenbank\COSMObase-1901\BP-TZVPD-FINE/l/lacticacid_c0.cosmo
 Reading COSMO information for compound 3 conformer 2 from file V:\groups\COSMOTHERM-Datenbank\COSMObase-1901\BP-TZVPD-FINE/l/lacticacid_c1.cosmo
 Reading COSMO information for compound 3 conformer 3 from file V:\groups\COSMOTHERM-Datenbank\COSMObase-1901\BP-TZVPD-FINE/l/lacticacid_c2.cosmo
 Reading COSMO information for compound 3 conformer 4 from file V:\groups\COSMOTHERM-Datenbank\COSMObase-1901\BP-TZVPD-FINE/l/lacticacid_c3.cosmo
 Reading COSMO information for compound 3 conformer 5 from file V:\groups\COSMOTHERM-Datenbank\COSMObase-1901\BP-TZVPD-FINE/l/lacticacid_c4.cosmo
 Reading COSMO information for compound 3 conformer 6 from file V:\groups\COSMOTHERM-Datenbank\COSMObase-1901\BP-TZVPD-FINE/l/lacticacid_c5.cosmo


 --- Compound 1 (h2o) ---

 Experimental data for compound 1 (h2o) :
 CAS registry number for compound 1 (CAS-RN = 7732-18-5)
 Antoine equation coefficients ([mbar]/[K]) for compound 1:        18.8198      3956.2903       -40.6247
 Wagner equation coefficients ([mbar]/[K]) for compound 1:    220600.0000       647.1400        -7.7645         1.4584        -2.7758        -1.2330
 Vapor Pressure [mbar] / Temperature [°C] input for compound 1:
               10.0000            7.0000
              100.0000           45.8000
             1000.0000           99.6000
 Minimum temperature for vapor pressure estimation of compound 1 (TPVMIN = 275.00000 K)
 Maximum temperature for vapor pressure estimation of compound 1 (TPVMAX = 647.00000 K)
 UNIQUAC volume parameter for compound 1 (UNIQUAC_RI = 0.92000)
 UNIQUAC surface parameter for compound 1 (UNIQUAC_QI = 1.40000)
 Boiling temperature of compound 1 (TBOIL = 373.15000 K)
 Melting temperature of compound 1 (TMELT = 273.15000 K)
 Experimental dielectric constant for compound 1 (EPSILON = 78.20000)
 Critical temperature of compound 1 (TCRIT = 647.09600 K)
 Critical pressure of compound 1 (PCRIT = 220640.00000 mbar)
 Critical density of compound 1 (DCRIT = 0.32239 g/ml)
 DIPPR 116 density parameters for compound 1 (EXPDENSDIPPR116 = {0.92619 -1.15605 3.01718 -2.12561 273.16000 647.09500})

 Compound Information for compound 1 conformer 1 (COSMO file V:\groups\COSMOTHERM-Datenbank\COSMObase-1901\BP-TZVPD-FINE/h/h2o_c0.cosmo)
 Atomic weights         : 111
 E_COSMO+dE             :     -47993.2533 kcal/mol
 E_gas                  :     -47987.6758 kcal/mol
 E_COSMO-E_gas+dE       :         -5.5774 kcal/mol
 E_diel                 :         -8.0924 kcal/mol
 E_disp_intramolecular  :         -0.2880 kcal/mol
 Averaging corr dE      :          0.4368 kcal/mol
 Area                   :         43.1419 A^2
 Volume                 :         25.8553 A^3
 Molecular Weight       :         18.0153 a.m.u.
 Total COSMO charge     :         -0.0001 a.u.
 Dipole moment (t,x,y,z):          2.2004  0.001108  0.000271 -2.200437 Debye                            
 Sigma moments (1-6)    :          0.0000  6.40E+01  2.982917  1.35E+02  1.50E+01  3.17E+02              
 H-bond moment (accept) :          3.0054
 H-bond moment (donor)  :          2.9616
 
 No gas phase energy file for compound 1 conformer 1 found, using single point gas phase energy from cosmo file


 --- Compound 2 (3-hexanol) ---

 Experimental data for compound 2 (3-hexanol) :
 CAS registry number for compound 2 (CAS-RN = 623-37-0)
 Boiling temperature of compound 2 (TBOIL = 407.90000 K)

 Compound Information for compound 2 conformer 1 (COSMO file V:\groups\COSMOTHERM-Datenbank\COSMObase-1901\BP-TZVPD-FINE/3/3-hexanol_c0.cosmo)
 Atomic weights         : 111111111111111111111
 E_COSMO+dE             :    -196069.5335 kcal/mol
 E_gas                  :    -196065.2907 kcal/mol
 E_COSMO-E_gas+dE       :         -4.2428 kcal/mol
 E_diel                 :         -5.5237 kcal/mol
 E_disp_intramolecular  :        -14.9888 kcal/mol
 Averaging corr dE      :          0.4380 kcal/mol
 Area                   :        165.5611 A^2
 Volume                 :        157.4952 A^3
 Molecular Weight       :        102.1754 a.m.u.
 Total COSMO charge     :          0.0004 a.u.
 Dipole moment (t,x,y,z):          2.2078  1.949880  0.980998  0.331584 Debye                            
 Sigma moments (1-6)    :          0.0000  4.33E+01  1.84E+01  7.26E+01  5.12E+01  1.70E+02              
 H-bond moment (accept) :          2.2853
 H-bond moment (donor)  :          0.9580
 
 No gas phase energy file for compound 2 conformer 1 found, using single point gas phase energy from cosmo file

 Compound Information for compound 2 conformer 2 (COSMO file V:\groups\COSMOTHERM-Datenbank\COSMObase-1901\BP-TZVPD-FINE/3/3-hexanol_c1.cosmo)
 Atomic weights         : 111111111111111111111
 E_COSMO+dE             :    -196069.5363 kcal/mol
 E_gas                  :    -196065.2805 kcal/mol
 E_COSMO-E_gas+dE       :         -4.2558 kcal/mol
 E_diel                 :         -5.5504 kcal/mol
 E_disp_intramolecular  :        -15.0041 kcal/mol
 Averaging corr dE      :          0.4359 kcal/mol
 Area                   :        165.5706 A^2
 Volume                 :        157.5144 A^3
 Molecular Weight       :        102.1754 a.m.u.
 Total COSMO charge     :          0.0003 a.u.
 Dipole moment (t,x,y,z):          2.2249  1.309171 -1.747194 -0.428388 Debye                            
 Sigma moments (1-6)    :          0.0000  4.34E+01  1.85E+01  7.26E+01  5.10E+01  1.70E+02              
 H-bond moment (accept) :          2.2708
 H-bond moment (donor)  :          0.9676
 
 No gas phase energy file for compound 2 conformer 2 found, using single point gas phase energy from cosmo file

 Compound Information for compound 2 conformer 3 (COSMO file V:\groups\COSMOTHERM-Datenbank\COSMObase-1901\BP-TZVPD-FINE/3/3-hexanol_c2.cosmo)
 Atomic weights         : 111111111111111111111
 E_COSMO+dE             :    -196069.5369 kcal/mol
 E_gas                  :    -196065.1694 kcal/mol
 E_COSMO-E_gas+dE       :         -4.3675 kcal/mol
 E_diel                 :         -5.7017 kcal/mol
 E_disp_intramolecular  :        -15.0388 kcal/mol
 Averaging corr dE      :          0.4060 kcal/mol
 Area                   :        166.0362 A^2
 Volume                 :        158.1531 A^3
 Molecular Weight       :        102.1754 a.m.u.
 Total COSMO charge     :          0.0002 a.u.
 Dipole moment (t,x,y,z):          2.1888  1.848770  0.241611  1.146438 Debye                            
 Sigma moments (1-6)    :          0.0000  4.31E+01  1.53E+01  7.10E+01  4.30E+01  1.64E+02              
 H-bond moment (accept) :          2.5054
 H-bond moment (donor)  :          1.0215
 
 No gas phase energy file for compound 2 conformer 3 found, using single point gas phase energy from cosmo file

 Compound Information for compound 2 conformer 4 (COSMO file V:\groups\COSMOTHERM-Datenbank\COSMObase-1901\BP-TZVPD-FINE/3/3-hexanol_c3.cosmo)
 Atomic weights         : 111111111111111111111
 E_COSMO+dE             :    -196069.4671 kcal/mol
 E_gas                  :    -196064.9121 kcal/mol
 E_COSMO-E_gas+dE       :         -4.5550 kcal/mol
 E_diel                 :         -5.9149 kcal/mol
 E_disp_intramolecular  :        -15.1352 kcal/mol
 Averaging corr dE      :          0.4418 kcal/mol
 Area                   :        165.3319 A^2
 Volume                 :        157.6078 A^3
 Molecular Weight       :        102.1754 a.m.u.
 Total COSMO charge     :          0.0005 a.u.
 Dipole moment (t,x,y,z):          2.2200  0.270859 -1.727403 -1.367875 Debye                            
 Sigma moments (1-6)    :          0.0000  4.63E+01  1.72E+01  8.01E+01  5.02E+01  1.90E+02              
 H-bond moment (accept) :          2.5277
 H-bond moment (donor)  :          1.1753
 
 No gas phase energy file for compound 2 conformer 4 found, using single point gas phase energy from cosmo file

 Compound Information for compound 2 conformer 5 (COSMO file V:\groups\COSMOTHERM-Datenbank\COSMObase-1901\BP-TZVPD-FINE/3/3-hexanol_c4.cosmo)
 Atomic weights         : 111111111111111111111
 E_COSMO+dE             :    -196069.5205 kcal/mol
 E_gas                  :    -196064.9175 kcal/mol
 E_COSMO-E_gas+dE       :         -4.6030 kcal/mol
 E_diel                 :         -5.9447 kcal/mol
 E_disp_intramolecular  :        -15.2644 kcal/mol
 Averaging corr dE      :          0.4317 kcal/mol
 Area                   :        164.5208 A^2
 Volume                 :        157.2432 A^3
 Molecular Weight       :        102.1754 a.m.u.
 Total COSMO charge     :          0.0003 a.u.
 Dipole moment (t,x,y,z):          2.2400  0.976977 -1.930047 -0.581582 Debye                            
 Sigma moments (1-6)    :          0.0000  4.61E+01  2.44E+01  8.13E+01  7.01E+01  1.97E+02              
 H-bond moment (accept) :          2.8450
 H-bond moment (donor)  :          0.8781
 
 No gas phase energy file for compound 2 conformer 5 found, using single point gas phase energy from cosmo file

 Compound Information for compound 2 conformer 6 (COSMO file V:\groups\COSMOTHERM-Datenbank\COSMObase-1901\BP-TZVPD-FINE/3/3-hexanol_c5.cosmo)
 Atomic weights         : 111111111111111111111
 E_COSMO+dE             :    -196069.3764 kcal/mol
 E_gas                  :    -196064.8072 kcal/mol
 E_COSMO-E_gas+dE       :         -4.5692 kcal/mol
 E_diel                 :         -5.9431 kcal/mol
 E_disp_intramolecular  :        -15.1400 kcal/mol
 Averaging corr dE      :          0.4405 kcal/mol
 Area                   :        165.3276 A^2
 Volume                 :        157.6241 A^3
 Molecular Weight       :        102.1754 a.m.u.
 Total COSMO charge     :          0.0003 a.u.
 Dipole moment (t,x,y,z):          2.2636  1.757591 -0.809448 -1.174611 Debye                            
 Sigma moments (1-6)    :          0.0000  4.63E+01  1.73E+01  7.97E+01  5.03E+01  1.89E+02              
 H-bond moment (accept) :          2.4606
 H-bond moment (donor)  :          1.1655
 
 No gas phase energy file for compound 2 conformer 6 found, using single point gas phase energy from cosmo file

 Compound Information for compound 2 conformer 7 (COSMO file V:\groups\COSMOTHERM-Datenbank\COSMObase-1901\BP-TZVPD-FINE/3/3-hexanol_c6.cosmo)
 Atomic weights         : 111111111111111111111
 E_COSMO+dE             :    -196069.4833 kcal/mol
 E_gas                  :    -196064.8559 kcal/mol
 E_COSMO-E_gas+dE       :         -4.6274 kcal/mol
 E_diel                 :         -5.9718 kcal/mol
 E_disp_intramolecular  :        -15.2519 kcal/mol
 Averaging corr dE      :          0.4327 kcal/mol
 Area                   :        164.4861 A^2
 Volume                 :        157.2344 A^3
 Molecular Weight       :        102.1754 a.m.u.
 Total COSMO charge     :          0.0003 a.u.
 Dipole moment (t,x,y,z):          2.3422 -1.123622 -2.053308 -0.086539 Debye                            
 Sigma moments (1-6)    :          0.0000  4.60E+01  2.42E+01  8.13E+01  6.92E+01  1.96E+02              
 H-bond moment (accept) :          2.8488
 H-bond moment (donor)  :          0.9089
 
 No gas phase energy file for compound 2 conformer 7 found, using single point gas phase energy from cosmo file


 --- Compound 3 (lacticacid) ---

 Compound Information for compound 3 conformer 1 (COSMO file V:\groups\COSMOTHERM-Datenbank\COSMObase-1901\BP-TZVPD-FINE/l/lacticacid_c0.cosmo)
 Atomic weights         : 111111111111
 E_COSMO+dE             :    -215748.6801 kcal/mol
 E_gas                  :    -215737.1594 kcal/mol
 E_COSMO-E_gas+dE       :        -11.5207 kcal/mol
 E_diel                 :        -14.9233 kcal/mol
 E_disp_intramolecular  :         -7.9216 kcal/mol
 Averaging corr dE      :          0.6215 kcal/mol
 Area                   :        120.1634 A^2
 Volume                 :        106.5048 A^3
 Molecular Weight       :         90.0783 a.m.u.
 Total COSMO charge     :          0.0003 a.u.
 Dipole moment (t,x,y,z):          5.6342 -4.962581 -1.954290  1.815876 Debye                            
 Sigma moments (1-6)    :          0.0000  9.26E+01 -4.184013  1.56E+02 -5.10E+01  3.43E+02              
 H-bond moment (accept) :          2.0855
 H-bond moment (donor)  :          2.8372
 
 No gas phase energy file for compound 3 conformer 1 found, using single point gas phase energy from cosmo file

 Compound Information for compound 3 conformer 2 (COSMO file V:\groups\COSMOTHERM-Datenbank\COSMObase-1901\BP-TZVPD-FINE/l/lacticacid_c1.cosmo)
 Atomic weights         : 111111111111
 E_COSMO+dE             :    -215748.4986 kcal/mol
 E_gas                  :    -215737.5373 kcal/mol
 E_COSMO-E_gas+dE       :        -10.9613 kcal/mol
 E_diel                 :        -14.1864 kcal/mol
 E_disp_intramolecular  :         -7.9782 kcal/mol
 Averaging corr dE      :          0.6372 kcal/mol
 Area                   :        119.5838 A^2
 Volume                 :        106.3744 A^3
 Molecular Weight       :         90.0783 a.m.u.
 Total COSMO charge     :          0.0003 a.u.
 Dipole moment (t,x,y,z):          5.6432 -4.887041  2.797840  0.367402 Debye                            
 Sigma moments (1-6)    :          0.0000  8.87E+01  1.972080  1.40E+02 -2.98E+01  2.93E+02              
 H-bond moment (accept) :          1.8771
 H-bond moment (donor)  :          2.4847
 
 No gas phase energy file for compound 3 conformer 2 found, using single point gas phase energy from cosmo file

 Compound Information for compound 3 conformer 3 (COSMO file V:\groups\COSMOTHERM-Datenbank\COSMObase-1901\BP-TZVPD-FINE/l/lacticacid_c2.cosmo)
 Atomic weights         : 111111111111
 E_COSMO+dE             :    -215747.6065 kcal/mol
 E_gas                  :    -215739.4763 kcal/mol
 E_COSMO-E_gas+dE       :         -8.1301 kcal/mol
 E_diel                 :        -10.2144 kcal/mol
 E_disp_intramolecular  :         -7.8101 kcal/mol
 Averaging corr dE      :          0.7457 kcal/mol
 Area                   :        120.2417 A^2
 Volume                 :        106.5759 A^3
 Molecular Weight       :         90.0783 a.m.u.
 Total COSMO charge     :          0.0004 a.u.
 Dipole moment (t,x,y,z):          3.4208 -2.782781 -1.975225 -0.237114 Debye                            
 Sigma moments (1-6)    :          0.0000  8.17E+01 -9.493434  1.52E+02 -8.52E+01  4.02E+02              
 H-bond moment (accept) :          2.0796
 H-bond moment (donor)  :          3.5488
 
 No gas phase energy file for compound 3 conformer 3 found, using single point gas phase energy from cosmo file

 Compound Information for compound 3 conformer 4 (COSMO file V:\groups\COSMOTHERM-Datenbank\COSMObase-1901\BP-TZVPD-FINE/l/lacticacid_c3.cosmo)
 Atomic weights         : 111111111111
 E_COSMO+dE             :    -215746.1854 kcal/mol
 E_gas                  :    -215736.5699 kcal/mol
 E_COSMO-E_gas+dE       :         -9.6155 kcal/mol
 E_diel                 :        -12.0403 kcal/mol
 E_disp_intramolecular  :         -7.8263 kcal/mol
 Averaging corr dE      :          0.7985 kcal/mol
 Area                   :        121.2359 A^2
 Volume                 :        107.7258 A^3
 Molecular Weight       :         90.0783 a.m.u.
 Total COSMO charge     :          0.0004 a.u.
 Dipole moment (t,x,y,z):          2.6808  0.687585  1.222652  2.284563 Debye                            
 Sigma moments (1-6)    :          0.0000  9.52E+01 -9.279924  1.79E+02 -8.57E+01  4.42E+02              
 H-bond moment (accept) :          2.4742
 H-bond moment (donor)  :          4.7099
 
 No gas phase energy file for compound 3 conformer 4 found, using single point gas phase energy from cosmo file

 Compound Information for compound 3 conformer 5 (COSMO file V:\groups\COSMOTHERM-Datenbank\COSMObase-1901\BP-TZVPD-FINE/l/lacticacid_c4.cosmo)
 Atomic weights         : 111111111111
 E_COSMO+dE             :    -215746.0988 kcal/mol
 E_gas                  :    -215734.2469 kcal/mol
 E_COSMO-E_gas+dE       :        -11.8519 kcal/mol
 E_diel                 :        -15.4923 kcal/mol
 E_disp_intramolecular  :         -7.7365 kcal/mol
 Averaging corr dE      :          0.7497 kcal/mol
 Area                   :        121.4869 A^2
 Volume                 :        107.5139 A^3
 Molecular Weight       :         90.0783 a.m.u.
 Total COSMO charge     :          0.0001 a.u.
 Dipole moment (t,x,y,z):          4.5492 -2.507745 -3.769835  0.441697 Debye                            
 Sigma moments (1-6)    :          0.0000  1.05E+02 -0.628692  2.13E+02 -4.53E+01  5.50E+02              
 H-bond moment (accept) :          3.9249
 H-bond moment (donor)  :          4.9729
 
 No gas phase energy file for compound 3 conformer 5 found, using single point gas phase energy from cosmo file

 Compound Information for compound 3 conformer 6 (COSMO file V:\groups\COSMOTHERM-Datenbank\COSMObase-1901\BP-TZVPD-FINE/l/lacticacid_c5.cosmo)
 Atomic weights         : 111111111111
 E_COSMO+dE             :    -215746.0355 kcal/mol
 E_gas                  :    -215736.3775 kcal/mol
 E_COSMO-E_gas+dE       :         -9.6580 kcal/mol
 E_diel                 :        -12.1366 kcal/mol
 E_disp_intramolecular  :         -7.7279 kcal/mol
 Averaging corr dE      :          0.8020 kcal/mol
 Area                   :        121.1546 A^2
 Volume                 :        107.2976 A^3
 Molecular Weight       :         90.0783 a.m.u.
 Total COSMO charge     :          0.0004 a.u.
 Dipole moment (t,x,y,z):          1.9935 -1.037490 -1.370029  1.010343 Debye                            
 Sigma moments (1-6)    :          0.0000  9.63E+01 -1.07E+01  1.83E+02 -8.84E+01  4.53E+02              
 H-bond moment (accept) :          2.5251
 H-bond moment (donor)  :          4.6396
 
 No gas phase energy file for compound 3 conformer 6 found, using single point gas phase energy from cosmo file


 Total number of processed compounds:    3
 Total number of processed molecules:   14


----------------
 START job     1
----------------

 ---------------------------------------------------------------------
 Multi-Component-2-Phase-Equilibrium (Liquid Extraction) calculation
 Initial phase 1: X1={0.995949 0 0.004051}
 Initial phase 2: X2={0 1}
 ---------------------------------------------------------------------



 Results for mixture 1 - LIQ_EX Phase 1 Iteration    0
 ---------------------
 Temperature          :    313.150 K
 Compound Nr.         :         1         2         3
 Compound             :       h2o 3-hexanol lacticaci
 Mole Fraction        :    0.9959    0.0000    0.0041

 Compound: 1  (h2o)
 Chemical potential of the compound in the mixture :         3.46913 kcal/mol
 Log10(partial pressure [mbar])                    :         1.52862
 Free energy of molecule in mix (E_COSMO+dE+Mu)    :    -47989.78414 kcal/mol
 Total mean interaction energy in the mix (H_int)  :        -5.54639 kcal/mol
 Misfit interaction energy in the mix (H_MF)       :         0.59153 kcal/mol
 H-Bond interaction energy in the mix (H_HB)       :        -4.72904 kcal/mol
 VdW interaction energy in the mix (H_vdW)         :        -4.34093 kcal/mol
 Gas liquid transition energy in the mix (H_glt)   :         2.93205 kcal/mol

 Compound: 2  (3-hexanol)
 Chemical potential of the compound in the mixture :         4.19439 kcal/mol
 Log10(partial pressure [mbar])                    :         3.60027
 Free energy of molecule in mix (E_COSMO+dE+Mu)    :   -196065.34249 kcal/mol
 Total mean interaction energy in the mix (H_int)  :        -8.97378 kcal/mol
 Misfit interaction energy in the mix (H_MF)       :         2.46155 kcal/mol
 H-Bond interaction energy in the mix (H_HB)       :        -4.00863 kcal/mol
 VdW interaction energy in the mix (H_vdW)         :       -18.39191 kcal/mol
 Gas liquid transition energy in the mix (H_glt)   :        10.91712 kcal/mol

 Compound: 3  (lacticacid)
 Chemical potential of the compound in the mixture :         4.45933 kcal/mol
 Log10(partial pressure [mbar])                    :        -0.79011
 Free energy of molecule in mix (E_COSMO+dE+Mu)    :   -215744.22081 kcal/mol
 Total mean interaction energy in the mix (H_int)  :        -7.86029 kcal/mol
 Misfit interaction energy in the mix (H_MF)       :         1.99161 kcal/mol
 H-Bond interaction energy in the mix (H_HB)       :        -7.02541 kcal/mol
 VdW interaction energy in the mix (H_vdW)         :       -13.28837 kcal/mol
 Gas liquid transition energy in the mix (H_glt)   :         8.25184 kcal/mol



 Compound: 1 Conformer: 1 (h2o_c0)
 Chemical potential of the molecule in the mixture :         3.46913 kcal/mol
 Log10(partial pressure [mbar])                    :         1.52862
 Free energy of molecule in mix (E_COSMO+dE+Mu)    :    -47989.78414 kcal/mol
 Total mean interaction energy in the mix          :        -5.54639 kcal/mol
 Misfit interaction energy in the mix              :         0.59153 kcal/mol
 H-Bond interaction energy in the mix              :        -4.72904 kcal/mol
 VdW interaction energy in the mix                 :        -4.34093 kcal/mol
 Gas liquid transition energy in the mix (H_glt)   :         2.93205 kcal/mol
 Normalized weight factor of molecule in compound  :         1.00000
 Normalized weight factor of molecule in gas phase :         1.00000

 Compound: 2 Conformer: 1 (3-hexanol_c0)
 Chemical potential of the molecule in the mixture :         5.53899 kcal/mol
 Log10(partial pressure [mbar])                    :         3.90462
 Free energy of molecule in mix (E_COSMO+dE+Mu)    :   -196063.99450 kcal/mol
 Total mean interaction energy in the mix          :        -8.79409 kcal/mol
 Misfit interaction energy in the mix              :         2.43761 kcal/mol
 H-Bond interaction energy in the mix              :        -3.71816 kcal/mol
 VdW interaction energy in the mix                 :       -18.43065 kcal/mol
 Gas liquid transition energy in the mix (H_glt)   :        10.91712 kcal/mol
 Normalized weight factor of molecule in compound  :         0.11461
 Normalized weight factor of molecule in gas phase :         0.19950

 Compound: 2 Conformer: 2 (3-hexanol_c1)
 Chemical potential of the molecule in the mixture :         5.50319 kcal/mol
 Log10(partial pressure [mbar])                    :         3.87057
 Free energy of molecule in mix (E_COSMO+dE+Mu)    :   -196064.03309 kcal/mol
 Total mean interaction energy in the mix          :        -8.81176 kcal/mol
 Misfit interaction energy in the mix              :         2.45131 kcal/mol
 H-Bond interaction energy in the mix              :        -3.75720 kcal/mol
 VdW interaction energy in the mix                 :       -18.42300 kcal/mol
 Gas liquid transition energy in the mix (H_glt)   :        10.91712 kcal/mol
 Normalized weight factor of molecule in compound  :         0.12195
 Normalized weight factor of molecule in gas phase :         0.20228

 Compound: 2 Conformer: 3 (3-hexanol_c2)
 Chemical potential of the molecule in the mixture :         5.64032 kcal/mol
 Log10(partial pressure [mbar])                    :         3.88830
 Free energy of molecule in mix (E_COSMO+dE+Mu)    :   -196063.89656 kcal/mol
 Total mean interaction energy in the mix          :        -8.78996 kcal/mol
 Misfit interaction energy in the mix              :         2.49885 kcal/mol
 H-Bond interaction energy in the mix              :        -3.75781 kcal/mol
 VdW interaction energy in the mix                 :       -18.44812 kcal/mol
 Gas liquid transition energy in the mix (H_glt)   :        10.91712 kcal/mol
 Normalized weight factor of molecule in compound  :         0.09792
 Normalized weight factor of molecule in gas phase :         0.18514

 Compound: 2 Conformer: 4 (3-hexanol_c3)
 Chemical potential of the molecule in the mixture :         5.20927 kcal/mol
 Log10(partial pressure [mbar])                    :         3.45658
 Free energy of molecule in mix (E_COSMO+dE+Mu)    :   -196064.25783 kcal/mol
 Total mean interaction energy in the mix          :        -9.13314 kcal/mol
 Misfit interaction energy in the mix              :         2.44325 kcal/mol
 H-Bond interaction energy in the mix              :        -4.06264 kcal/mol
 VdW interaction energy in the mix                 :       -18.43087 kcal/mol
 Gas liquid transition energy in the mix (H_glt)   :        10.91712 kcal/mol
 Normalized weight factor of molecule in compound  :         0.17499
 Normalized weight factor of molecule in gas phase :         0.11754

 Compound: 2 Conformer: 5 (3-hexanol_c4)
 Chemical potential of the molecule in the mixture :         5.29617 kcal/mol
 Log10(partial pressure [mbar])                    :         3.48378
 Free energy of molecule in mix (E_COSMO+dE+Mu)    :   -196064.22429 kcal/mol
 Total mean interaction energy in the mix          :        -9.16431 kcal/mol
 Misfit interaction energy in the mix              :         2.46214 kcal/mol
 H-Bond interaction energy in the mix              :        -4.23086 kcal/mol
 VdW interaction energy in the mix                 :       -18.31271 kcal/mol
 Gas liquid transition energy in the mix (H_glt)   :        10.91712 kcal/mol
 Normalized weight factor of molecule in compound  :         0.16581
 Normalized weight factor of molecule in gas phase :         0.10269

 Compound: 2 Conformer: 6 (3-hexanol_c5)
 Chemical potential of the molecule in the mixture :         5.24394 kcal/mol
 Log10(partial pressure [mbar])                    :         3.47089
 Free energy of molecule in mix (E_COSMO+dE+Mu)    :   -196064.13243 kcal/mol
 Total mean interaction energy in the mix          :        -9.08164 kcal/mol
 Misfit interaction energy in the mix              :         2.46961 kcal/mol
 H-Bond interaction energy in the mix              :        -4.04649 kcal/mol
 VdW interaction energy in the mix                 :       -18.42188 kcal/mol
 Gas liquid transition energy in the mix (H_glt)   :        10.91712 kcal/mol
 Normalized weight factor of molecule in compound  :         0.14305
 Normalized weight factor of molecule in gas phase :         0.10123

 Compound: 2 Conformer: 7 (3-hexanol_c6)
 Chemical potential of the molecule in the mixture :         5.20220 kcal/mol
 Log10(partial pressure [mbar])                    :         3.40117
 Free energy of molecule in mix (E_COSMO+dE+Mu)    :   -196064.28107 kcal/mol
 Total mean interaction energy in the mix          :        -9.14742 kcal/mol
 Misfit interaction energy in the mix              :         2.47415 kcal/mol
 H-Bond interaction energy in the mix              :        -4.21123 kcal/mol
 VdW interaction energy in the mix                 :       -18.32746 kcal/mol
 Gas liquid transition energy in the mix (H_glt)   :        10.91712 kcal/mol
 Normalized weight factor of molecule in compound  :         0.18165
 Normalized weight factor of molecule in gas phase :         0.09163

 Compound: 3 Conformer: 1 (lacticacid_c0)
 Chemical potential of the molecule in the mixture :         6.40723 kcal/mol
 Log10(partial pressure [mbar])                    :        -0.56866
 Free energy of molecule in mix (E_COSMO+dE+Mu)    :   -215742.27291 kcal/mol
 Total mean interaction energy in the mix          :        -7.35115 kcal/mol
 Misfit interaction energy in the mix              :         2.02649 kcal/mol
 H-Bond interaction energy in the mix              :        -4.39201 kcal/mol
 VdW interaction energy in the mix                 :       -13.23747 kcal/mol
 Gas liquid transition energy in the mix (H_glt)   :         8.25184 kcal/mol
 Normalized weight factor of molecule in compound  :         0.04371
 Normalized weight factor of molecule in gas phase :         0.00603

 Compound: 3 Conformer: 2 (lacticacid_c1)
 Chemical potential of the molecule in the mixture :         6.52896 kcal/mol
 Log10(partial pressure [mbar])                    :        -0.09332
 Free energy of molecule in mix (E_COSMO+dE+Mu)    :   -215741.96969 kcal/mol
 Total mean interaction energy in the mix          :        -6.91532 kcal/mol
 Misfit interaction energy in the mix              :         2.13503 kcal/mol
 H-Bond interaction energy in the mix              :        -4.08771 kcal/mol
 VdW interaction energy in the mix                 :       -13.21448 kcal/mol
 Gas liquid transition energy in the mix (H_glt)   :         8.25184 kcal/mol
 Normalized weight factor of molecule in compound  :         0.02685
 Normalized weight factor of molecule in gas phase :         0.01137

 Compound: 3 Conformer: 3 (lacticacid_c2)
 Chemical potential of the molecule in the mixture :         4.68502 kcal/mol
 Log10(partial pressure [mbar])                    :         0.59568
 Free energy of molecule in mix (E_COSMO+dE+Mu)    :   -215742.92144 kcal/mol
 Total mean interaction energy in the mix          :        -8.01844 kcal/mol
 Misfit interaction energy in the mix              :         2.06839 kcal/mol
 H-Bond interaction energy in the mix              :        -5.03903 kcal/mol
 VdW interaction energy in the mix                 :       -13.29964 kcal/mol
 Gas liquid transition energy in the mix (H_glt)   :         8.25184 kcal/mol
 Normalized weight factor of molecule in compound  :         0.12393
 Normalized weight factor of molecule in gas phase :         0.93300

 Compound: 3 Conformer: 4 (lacticacid_c3)
 Chemical potential of the molecule in the mixture :         2.93199 kcal/mol
 Log10(partial pressure [mbar])                    :        -1.66440
 Free energy of molecule in mix (E_COSMO+dE+Mu)    :   -215743.25344 kcal/mol
 Total mean interaction energy in the mix          :       -10.12969 kcal/mol
 Misfit interaction energy in the mix              :         1.98917 kcal/mol
 H-Bond interaction energy in the mix              :        -7.09462 kcal/mol
 VdW interaction energy in the mix                 :       -13.27608 kcal/mol
 Gas liquid transition energy in the mix (H_glt)   :         8.25184 kcal/mol
 Normalized weight factor of molecule in compound  :         0.21129
 Normalized weight factor of molecule in gas phase :         0.02822

 Compound: 3 Conformer: 5 (lacticacid_c4)
 Chemical potential of the molecule in the mixture :         2.42006 kcal/mol
 Log10(partial pressure [mbar])                    :        -3.58242
 Free energy of molecule in mix (E_COSMO+dE+Mu)    :   -215743.67877 kcal/mol
 Total mean interaction energy in the mix          :       -11.07790 kcal/mol
 Misfit interaction energy in the mix              :         1.96839 kcal/mol
 H-Bond interaction energy in the mix              :        -8.00076 kcal/mol
 VdW interaction energy in the mix                 :       -13.29737 kcal/mol
 Gas liquid transition energy in the mix (H_glt)   :         8.25184 kcal/mol
 Normalized weight factor of molecule in compound  :         0.41852
 Normalized weight factor of molecule in gas phase :         0.00067

 Compound: 3 Conformer: 6 (lacticacid_c5)
 Chemical potential of the molecule in the mixture :         2.89681 kcal/mol
 Log10(partial pressure [mbar])                    :        -1.71860
 Free energy of molecule in mix (E_COSMO+dE+Mu)    :   -215743.13865 kcal/mol
 Total mean interaction energy in the mix          :       -10.20482 kcal/mol
 Misfit interaction energy in the mix              :         1.96508 kcal/mol
 H-Bond interaction energy in the mix              :        -7.12403 kcal/mol
 VdW interaction energy in the mix                 :       -13.29771 kcal/mol
 Gas liquid transition energy in the mix (H_glt)   :         8.25184 kcal/mol
 Normalized weight factor of molecule in compound  :         0.17570
 Normalized weight factor of molecule in gas phase :         0.02069




 Results for mixture 2 - LIQ_EX Phase 2 Iteration    0
 ---------------------
 Temperature          :    313.150 K
 Compound Nr.         :         1         2         3
 Compound             :       h2o 3-hexanol lacticaci
 Mole Fraction        :    0.0000    1.0000    0.0000

 Compound: 1  (h2o)
 Chemical potential of the compound in the mixture :         4.40465 kcal/mol
 Log10(partial pressure [mbar])                    :         2.18152
 Free energy of molecule in mix (E_COSMO+dE+Mu)    :    -47988.84862 kcal/mol
 Total mean interaction energy in the mix (H_int)  :        -4.87626 kcal/mol
 Misfit interaction energy in the mix (H_MF)       :         1.33469 kcal/mol
 H-Bond interaction energy in the mix (H_HB)       :        -4.50446 kcal/mol
 VdW interaction energy in the mix (H_vdW)         :        -4.63854 kcal/mol
 Gas liquid transition energy in the mix (H_glt)   :         2.93205 kcal/mol
 Equilibrium constant Kx(1,2)                      :         4.49670
 Equilibrium concentration x_k(1,2)                :         0.81807

 Compound: 2  (3-hexanol)
 Chemical potential of the compound in the mixture :         0.49647 kcal/mol
 Log10(partial pressure [mbar])                    :         1.01951
 Free energy of molecule in mix (E_COSMO+dE+Mu)    :   -196069.04041 kcal/mol
 Total mean interaction energy in the mix (H_int)  :        -8.24783 kcal/mol
 Misfit interaction energy in the mix (H_MF)       :         2.06094 kcal/mol
 H-Bond interaction energy in the mix (H_HB)       :        -2.15774 kcal/mol
 VdW interaction energy in the mix (H_vdW)         :       -19.12119 kcal/mol
 Gas liquid transition energy in the mix (H_glt)   :        10.91712 kcal/mol
 Equilibrium constant Kx(1,2)                      :  2.62568808E-03
 Equilibrium concentration x_k(1,2)                :         0.00262

 Compound: 3  (lacticacid)
 Chemical potential of the compound in the mixture :         4.45929 kcal/mol
 Log10(partial pressure [mbar])                    :        -0.79014
 Free energy of molecule in mix (E_COSMO+dE+Mu)    :   -215744.22085 kcal/mol
 Total mean interaction energy in the mix (H_int)  :        -5.44341 kcal/mol
 Misfit interaction energy in the mix (H_MF)       :         2.68572 kcal/mol
 H-Bond interaction energy in the mix (H_HB)       :        -3.75752 kcal/mol
 VdW interaction energy in the mix (H_vdW)         :       -14.04489 kcal/mol
 Gas liquid transition energy in the mix (H_glt)   :         8.25184 kcal/mol
 Equilibrium constant Kx(1,2)                      :         0.99993
 Equilibrium concentration x_k(1,2)                :         0.49998



 Compound: 1 Conformer: 1 (h2o_c0)
 Chemical potential of the molecule in the mixture :         4.40465 kcal/mol
 Log10(partial pressure [mbar])                    :         2.18152
 Free energy of molecule in mix (E_COSMO+dE+Mu)    :    -47988.84862 kcal/mol
 Total mean interaction energy in the mix          :        -4.87626 kcal/mol
 Misfit interaction energy in the mix              :         1.33469 kcal/mol
 H-Bond interaction energy in the mix              :        -4.50446 kcal/mol
 VdW interaction energy in the mix                 :        -4.63854 kcal/mol
 Gas liquid transition energy in the mix (H_glt)   :         2.93205 kcal/mol
 Normalized weight factor of molecule in compound  :         1.00000
 Normalized weight factor of molecule in gas phase :         1.00000

 Compound: 2 Conformer: 1 (3-hexanol_c0)
 Chemical potential of the molecule in the mixture :         1.76331 kcal/mol
 Log10(partial pressure [mbar])                    :         1.26959
 Free energy of molecule in mix (E_COSMO+dE+Mu)    :   -196067.77018 kcal/mol
 Total mean interaction energy in the mix          :        -8.05215 kcal/mol
 Misfit interaction energy in the mix              :         2.05738 kcal/mol
 H-Bond interaction energy in the mix              :        -1.89391 kcal/mol
 VdW interaction energy in the mix                 :       -19.13274 kcal/mol
 Gas liquid transition energy in the mix (H_glt)   :        10.91712 kcal/mol
 Normalized weight factor of molecule in compound  :         0.12987
 Normalized weight factor of molecule in gas phase :         0.19950

 Compound: 2 Conformer: 2 (3-hexanol_c1)
 Chemical potential of the molecule in the mixture :         1.77058 kcal/mol
 Log10(partial pressure [mbar])                    :         1.26560
 Free energy of molecule in mix (E_COSMO+dE+Mu)    :   -196067.76571 kcal/mol
 Total mean interaction energy in the mix          :        -8.03188 kcal/mol
 Misfit interaction energy in the mix              :         2.07097 kcal/mol
 H-Bond interaction energy in the mix              :        -1.89070 kcal/mol
 VdW interaction energy in the mix                 :       -19.12928 kcal/mol
 Gas liquid transition energy in the mix (H_glt)   :        10.91712 kcal/mol
 Normalized weight factor of molecule in compound  :         0.12894
 Normalized weight factor of molecule in gas phase :         0.20228

 Compound: 2 Conformer: 3 (3-hexanol_c2)
 Chemical potential of the molecule in the mixture :         1.59741 kcal/mol
 Log10(partial pressure [mbar])                    :         1.06678
 Free energy of molecule in mix (E_COSMO+dE+Mu)    :   -196067.93947 kcal/mol
 Total mean interaction energy in the mix          :        -8.00530 kcal/mol
 Misfit interaction energy in the mix              :         2.06394 kcal/mol
 H-Bond interaction energy in the mix              :        -1.84885 kcal/mol
 VdW interaction energy in the mix                 :       -19.13751 kcal/mol
 Gas liquid transition energy in the mix (H_glt)   :        10.91712 kcal/mol
 Normalized weight factor of molecule in compound  :         0.17047
 Normalized weight factor of molecule in gas phase :         0.18514

 Compound: 2 Conformer: 4 (3-hexanol_c3)
 Chemical potential of the molecule in the mixture :         1.32945 kcal/mol
 Log10(partial pressure [mbar])                    :         0.74888
 Free energy of molecule in mix (E_COSMO+dE+Mu)    :   -196068.13765 kcal/mol
 Total mean interaction energy in the mix          :        -8.70945 kcal/mol
 Misfit interaction energy in the mix              :         2.01533 kcal/mol
 H-Bond interaction energy in the mix              :        -2.50225 kcal/mol
 VdW interaction energy in the mix                 :       -19.13966 kcal/mol
 Gas liquid transition energy in the mix (H_glt)   :        10.91712 kcal/mol
 Normalized weight factor of molecule in compound  :         0.23440
 Normalized weight factor of molecule in gas phase :         0.11754

 Compound: 2 Conformer: 5 (3-hexanol_c4)
 Chemical potential of the molecule in the mixture :         2.11731 kcal/mol
 Log10(partial pressure [mbar])                    :         1.26528
 Free energy of molecule in mix (E_COSMO+dE+Mu)    :   -196067.40314 kcal/mol
 Total mean interaction energy in the mix          :        -7.93440 kcal/mol
 Misfit interaction energy in the mix              :         2.16419 kcal/mol
 H-Bond interaction energy in the mix              :        -1.98261 kcal/mol
 VdW interaction energy in the mix                 :       -19.03310 kcal/mol
 Gas liquid transition energy in the mix (H_glt)   :        10.91712 kcal/mol
 Normalized weight factor of molecule in compound  :         0.07200
 Normalized weight factor of molecule in gas phase :         0.10269

 Compound: 2 Conformer: 6 (3-hexanol_c5)
 Chemical potential of the molecule in the mixture :         1.35448 kcal/mol
 Log10(partial pressure [mbar])                    :         0.75646
 Free energy of molecule in mix (E_COSMO+dE+Mu)    :   -196068.02189 kcal/mol
 Total mean interaction energy in the mix          :        -8.66915 kcal/mol
 Misfit interaction energy in the mix              :         2.03424 kcal/mol
 H-Bond interaction energy in the mix              :        -2.49037 kcal/mol
 VdW interaction energy in the mix                 :       -19.13014 kcal/mol
 Gas liquid transition energy in the mix (H_glt)   :        10.91712 kcal/mol
 Normalized weight factor of molecule in compound  :         0.19462
 Normalized weight factor of molecule in gas phase :         0.10123

 Compound: 2 Conformer: 7 (3-hexanol_c6)
 Chemical potential of the molecule in the mixture :         2.10048 kcal/mol
 Log10(partial pressure [mbar])                    :         1.23649
 Free energy of molecule in mix (E_COSMO+dE+Mu)    :   -196067.38280 kcal/mol
 Total mean interaction energy in the mix          :        -7.96087 kcal/mol
 Misfit interaction energy in the mix              :         2.16300 kcal/mol
 H-Bond interaction energy in the mix              :        -1.99239 kcal/mol
 VdW interaction energy in the mix                 :       -19.04861 kcal/mol
 Gas liquid transition energy in the mix (H_glt)   :        10.91712 kcal/mol
 Normalized weight factor of molecule in compound  :         0.06969
 Normalized weight factor of molecule in gas phase :         0.09163

 Compound: 3 Conformer: 1 (lacticacid_c0)
 Chemical potential of the molecule in the mixture :         6.22985 kcal/mol
 Log10(partial pressure [mbar])                    :        -0.69246
 Free energy of molecule in mix (E_COSMO+dE+Mu)    :   -215742.45029 kcal/mol
 Total mean interaction energy in the mix          :        -5.38945 kcal/mol
 Misfit interaction energy in the mix              :         3.26634 kcal/mol
 H-Bond interaction energy in the mix              :        -2.90419 kcal/mol
 VdW interaction energy in the mix                 :       -14.00345 kcal/mol
 Gas liquid transition energy in the mix (H_glt)   :         8.25184 kcal/mol
 Normalized weight factor of molecule in compound  :         0.05812
 Normalized weight factor of molecule in gas phase :         0.00603

 Compound: 3 Conformer: 2 (lacticacid_c1)
 Chemical potential of the molecule in the mixture :         6.69991 kcal/mol
 Log10(partial pressure [mbar])                    :         0.02598
 Free energy of molecule in mix (E_COSMO+dE+Mu)    :   -215741.79873 kcal/mol
 Total mean interaction energy in the mix          :        -4.96851 kcal/mol
 Misfit interaction energy in the mix              :         3.23652 kcal/mol
 H-Bond interaction energy in the mix              :        -2.47938 kcal/mol
 VdW interaction energy in the mix                 :       -13.97750 kcal/mol
 Gas liquid transition energy in the mix (H_glt)   :         8.25184 kcal/mol
 Normalized weight factor of molecule in compound  :         0.02040
 Normalized weight factor of molecule in gas phase :         0.01137

 Compound: 3 Conformer: 3 (lacticacid_c2)
 Chemical potential of the molecule in the mixture :         3.66766 kcal/mol
 Log10(partial pressure [mbar])                    :        -0.11434
 Free energy of molecule in mix (E_COSMO+dE+Mu)    :   -215743.93880 kcal/mol
 Total mean interaction energy in the mix          :        -6.68828 kcal/mol
 Misfit interaction energy in the mix              :         2.51384 kcal/mol
 H-Bond interaction energy in the mix              :        -3.41251 kcal/mol
 VdW interaction energy in the mix                 :       -14.04146 kcal/mol
 Gas liquid transition energy in the mix (H_glt)   :         8.25184 kcal/mol
 Normalized weight factor of molecule in compound  :         0.63557
 Normalized weight factor of molecule in gas phase :         0.93300

 Compound: 3 Conformer: 4 (lacticacid_c3)
 Chemical potential of the molecule in the mixture :         3.34010 kcal/mol
 Log10(partial pressure [mbar])                    :        -1.37958
 Free energy of molecule in mix (E_COSMO+dE+Mu)    :   -215742.84533 kcal/mol
 Total mean interaction energy in the mix          :        -7.55537 kcal/mol
 Misfit interaction energy in the mix              :         2.83598 kcal/mol
 H-Bond interaction energy in the mix              :        -4.59926 kcal/mol
 VdW interaction energy in the mix                 :       -14.04393 kcal/mol
 Gas liquid transition energy in the mix (H_glt)   :         8.25184 kcal/mol
 Normalized weight factor of molecule in compound  :         0.10966
 Normalized weight factor of molecule in gas phase :         0.02822

 Compound: 3 Conformer: 5 (lacticacid_c4)
 Chemical potential of the molecule in the mixture :         3.54406 kcal/mol
 Log10(partial pressure [mbar])                    :        -2.79798
 Free energy of molecule in mix (E_COSMO+dE+Mu)    :   -215742.55477 kcal/mol
 Total mean interaction energy in the mix          :        -7.77725 kcal/mol
 Misfit interaction energy in the mix              :         3.18749 kcal/mol
 H-Bond interaction energy in the mix              :        -5.12486 kcal/mol
 VdW interaction energy in the mix                 :       -14.09173 kcal/mol
 Gas liquid transition energy in the mix (H_glt)   :         8.25184 kcal/mol
 Normalized weight factor of molecule in compound  :         0.06875
 Normalized weight factor of molecule in gas phase :         0.00067

 Compound: 3 Conformer: 6 (lacticacid_c5)
 Chemical potential of the molecule in the mixture :         3.20244 kcal/mol
 Log10(partial pressure [mbar])                    :        -1.50531
 Free energy of molecule in mix (E_COSMO+dE+Mu)    :   -215742.83303 kcal/mol
 Total mean interaction energy in the mix          :        -7.77837 kcal/mol
 Misfit interaction energy in the mix              :         2.80930 kcal/mol
 H-Bond interaction energy in the mix              :        -4.76813 kcal/mol
 VdW interaction energy in the mix                 :       -14.07138 kcal/mol
 Gas liquid transition energy in the mix (H_glt)   :         8.25184 kcal/mol
 Normalized weight factor of molecule in compound  :         0.10751
 Normalized weight factor of molecule in gas phase :         0.02069




 Results for mixture 3 - LIQ_EX Phase 1 Iteration    1
 ---------------------
 Temperature          :    313.150 K
 Compound Nr.         :         1         2         3
 Compound             :       h2o 3-hexanol lacticaci
 Mole Fraction        :    0.9943    0.0032    0.0025

 Compound: 1  (h2o)
 Chemical potential of the compound in the mixture :         3.46939 kcal/mol
 Log10(partial pressure [mbar])                    :         1.52880
 Free energy of molecule in mix (E_COSMO+dE+Mu)    :    -47989.78389 kcal/mol
 Total mean interaction energy in the mix (H_int)  :        -5.54881 kcal/mol
 Misfit interaction energy in the mix (H_MF)       :         0.59023 kcal/mol
 H-Bond interaction energy in the mix (H_HB)       :        -4.72816 kcal/mol
 VdW interaction energy in the mix (H_vdW)         :        -4.34293 kcal/mol
 Gas liquid transition energy in the mix (H_glt)   :         2.93205 kcal/mol

 Compound: 2  (3-hexanol)
 Chemical potential of the compound in the mixture :         4.10367 kcal/mol
 Log10(partial pressure [mbar])                    :         3.53696
 Free energy of molecule in mix (E_COSMO+dE+Mu)    :   -196065.43321 kcal/mol
 Total mean interaction energy in the mix (H_int)  :        -8.97230 kcal/mol
 Misfit interaction energy in the mix (H_MF)       :         2.46618 kcal/mol
 H-Bond interaction energy in the mix (H_HB)       :        -4.00446 kcal/mol
 VdW interaction energy in the mix (H_vdW)         :       -18.39923 kcal/mol
 Gas liquid transition energy in the mix (H_glt)   :        10.91712 kcal/mol

 Compound: 3  (lacticacid)
 Chemical potential of the compound in the mixture :         4.42541 kcal/mol
 Log10(partial pressure [mbar])                    :        -0.81378
 Free energy of molecule in mix (E_COSMO+dE+Mu)    :   -215744.25473 kcal/mol
 Total mean interaction energy in the mix (H_int)  :        -7.84979 kcal/mol
 Misfit interaction energy in the mix (H_MF)       :         2.00057 kcal/mol
 H-Bond interaction energy in the mix (H_HB)       :        -7.01328 kcal/mol
 VdW interaction energy in the mix (H_vdW)         :       -13.29591 kcal/mol
 Gas liquid transition energy in the mix (H_glt)   :         8.25184 kcal/mol



 Compound: 1 Conformer: 1 (h2o_c0)
 Chemical potential of the molecule in the mixture :         3.46939 kcal/mol
 Log10(partial pressure [mbar])                    :         1.52880
 Free energy of molecule in mix (E_COSMO+dE+Mu)    :    -47989.78389 kcal/mol
 Total mean interaction energy in the mix          :        -5.54881 kcal/mol
 Misfit interaction energy in the mix              :         0.59023 kcal/mol
 H-Bond interaction energy in the mix              :        -4.72816 kcal/mol
 VdW interaction energy in the mix                 :        -4.34293 kcal/mol
 Gas liquid transition energy in the mix (H_glt)   :         2.93205 kcal/mol
 Normalized weight factor of molecule in compound  :         1.00000
 Normalized weight factor of molecule in gas phase :         1.00000

 Compound: 2 Conformer: 1 (3-hexanol_c0)
 Chemical potential of the molecule in the mixture :         5.44723 kcal/mol
 Log10(partial pressure [mbar])                    :         3.84057
 Free energy of molecule in mix (E_COSMO+dE+Mu)    :   -196064.08626 kcal/mol
 Total mean interaction energy in the mix          :        -8.79138 kcal/mol
 Misfit interaction energy in the mix              :         2.44293 kcal/mol
 H-Bond interaction energy in the mix              :        -3.71363 kcal/mol
 VdW interaction energy in the mix                 :       -18.43781 kcal/mol
 Gas liquid transition energy in the mix (H_glt)   :        10.91712 kcal/mol
 Normalized weight factor of molecule in compound  :         0.11481
 Normalized weight factor of molecule in gas phase :         0.19950

 Compound: 2 Conformer: 2 (3-hexanol_c1)
 Chemical potential of the molecule in the mixture :         5.41154 kcal/mol
 Log10(partial pressure [mbar])                    :         3.80661
 Free energy of molecule in mix (E_COSMO+dE+Mu)    :   -196064.12475 kcal/mol
 Total mean interaction energy in the mix          :        -8.80927 kcal/mol
 Misfit interaction energy in the mix              :         2.45652 kcal/mol
 H-Bond interaction energy in the mix              :        -3.75271 kcal/mol
 VdW interaction energy in the mix                 :       -18.43020 kcal/mol
 Gas liquid transition energy in the mix (H_glt)   :        10.91712 kcal/mol
 Normalized weight factor of molecule in compound  :         0.12213
 Normalized weight factor of molecule in gas phase :         0.20228

 Compound: 2 Conformer: 3 (3-hexanol_c2)
 Chemical potential of the molecule in the mixture :         5.54702 kcal/mol
 Log10(partial pressure [mbar])                    :         3.82318
 Free energy of molecule in mix (E_COSMO+dE+Mu)    :   -196063.98986 kcal/mol
 Total mean interaction energy in the mix          :        -8.79008 kcal/mol
 Misfit interaction energy in the mix              :         2.50196 kcal/mol
 H-Bond interaction energy in the mix              :        -3.75398 kcal/mol
 VdW interaction energy in the mix                 :       -18.45518 kcal/mol
 Gas liquid transition energy in the mix (H_glt)   :        10.91712 kcal/mol
 Normalized weight factor of molecule in compound  :         0.09833
 Normalized weight factor of molecule in gas phase :         0.18514

 Compound: 2 Conformer: 4 (3-hexanol_c3)
 Chemical potential of the molecule in the mixture :         5.11816 kcal/mol
 Log10(partial pressure [mbar])                    :         3.39299
 Free energy of molecule in mix (E_COSMO+dE+Mu)    :   -196064.34894 kcal/mol
 Total mean interaction energy in the mix          :        -9.13255 kcal/mol
 Misfit interaction energy in the mix              :         2.44771 kcal/mol
 H-Bond interaction energy in the mix              :        -4.05939 kcal/mol
 VdW interaction energy in the mix                 :       -18.43799 kcal/mol
 Gas liquid transition energy in the mix (H_glt)   :        10.91712 kcal/mol
 Normalized weight factor of molecule in compound  :         0.17510
 Normalized weight factor of molecule in gas phase :         0.11754

 Compound: 2 Conformer: 5 (3-hexanol_c4)
 Chemical potential of the molecule in the mixture :         5.20742 kcal/mol
 Log10(partial pressure [mbar])                    :         3.42185
 Free energy of molecule in mix (E_COSMO+dE+Mu)    :   -196064.31303 kcal/mol
 Total mean interaction energy in the mix          :        -9.16256 kcal/mol
 Misfit interaction energy in the mix              :         2.46732 kcal/mol
 H-Bond interaction energy in the mix              :        -4.22698 kcal/mol
 VdW interaction energy in the mix                 :       -18.32002 kcal/mol
 Gas liquid transition energy in the mix (H_glt)   :        10.91712 kcal/mol
 Normalized weight factor of molecule in compound  :         0.16528
 Normalized weight factor of molecule in gas phase :         0.10269

 Compound: 2 Conformer: 6 (3-hexanol_c5)
 Chemical potential of the molecule in the mixture :         5.15274 kcal/mol
 Log10(partial pressure [mbar])                    :         3.40724
 Free energy of molecule in mix (E_COSMO+dE+Mu)    :   -196064.22363 kcal/mol
 Total mean interaction energy in the mix          :        -9.08131 kcal/mol
 Misfit interaction energy in the mix              :         2.47368 kcal/mol
 H-Bond interaction energy in the mix              :        -4.04307 kcal/mol
 VdW interaction energy in the mix                 :       -18.42904 kcal/mol
 Gas liquid transition energy in the mix (H_glt)   :        10.91712 kcal/mol
 Normalized weight factor of molecule in compound  :         0.14317
 Normalized weight factor of molecule in gas phase :         0.10123

 Compound: 2 Conformer: 7 (3-hexanol_c6)
 Chemical potential of the molecule in the mixture :         5.11313 kcal/mol
 Log10(partial pressure [mbar])                    :         3.33900
 Free energy of molecule in mix (E_COSMO+dE+Mu)    :   -196064.37015 kcal/mol
 Total mean interaction energy in the mix          :        -9.14657 kcal/mol
 Misfit interaction energy in the mix              :         2.47890 kcal/mol
 H-Bond interaction energy in the mix              :        -4.20779 kcal/mol
 VdW interaction energy in the mix                 :       -18.33479 kcal/mol
 Gas liquid transition energy in the mix (H_glt)   :        10.91712 kcal/mol
 Normalized weight factor of molecule in compound  :         0.18117
 Normalized weight factor of molecule in gas phase :         0.09163

 Compound: 3 Conformer: 1 (lacticacid_c0)
 Chemical potential of the molecule in the mixture :         6.37253 kcal/mol
 Log10(partial pressure [mbar])                    :        -0.59288
 Free energy of molecule in mix (E_COSMO+dE+Mu)    :   -215742.30761 kcal/mol
 Total mean interaction energy in the mix          :        -7.34331 kcal/mol
 Misfit interaction energy in the mix              :         2.03754 kcal/mol
 H-Bond interaction energy in the mix              :        -4.38736 kcal/mol
 VdW interaction energy in the mix                 :       -13.24533 kcal/mol
 Gas liquid transition energy in the mix (H_glt)   :         8.25184 kcal/mol
 Normalized weight factor of molecule in compound  :         0.04376
 Normalized weight factor of molecule in gas phase :         0.00603

 Compound: 3 Conformer: 2 (lacticacid_c1)
 Chemical potential of the molecule in the mixture :         6.49521 kcal/mol
 Log10(partial pressure [mbar])                    :        -0.11688
 Free energy of molecule in mix (E_COSMO+dE+Mu)    :   -215742.00343 kcal/mol
 Total mean interaction energy in the mix          :        -6.90890 kcal/mol
 Misfit interaction energy in the mix              :         2.14387 kcal/mol
 H-Bond interaction energy in the mix              :        -4.08217 kcal/mol
 VdW interaction energy in the mix                 :       -13.22245 kcal/mol
 Gas liquid transition energy in the mix (H_glt)   :         8.25184 kcal/mol
 Normalized weight factor of molecule in compound  :         0.02684
 Normalized weight factor of molecule in gas phase :         0.01137

 Compound: 3 Conformer: 3 (lacticacid_c2)
 Chemical potential of the molecule in the mixture :         4.64142 kcal/mol
 Log10(partial pressure [mbar])                    :         0.56524
 Free energy of molecule in mix (E_COSMO+dE+Mu)    :   -215742.96505 kcal/mol
 Total mean interaction energy in the mix          :        -8.01443 kcal/mol
 Misfit interaction energy in the mix              :         2.07521 kcal/mol
 H-Bond interaction energy in the mix              :        -5.03381 kcal/mol
 VdW interaction energy in the mix                 :       -13.30767 kcal/mol
 Gas liquid transition energy in the mix (H_glt)   :         8.25184 kcal/mol
 Normalized weight factor of molecule in compound  :         0.12587
 Normalized weight factor of molecule in gas phase :         0.93300

 Compound: 3 Conformer: 4 (lacticacid_c3)
 Chemical potential of the molecule in the mixture :         2.89764 kcal/mol
 Log10(partial pressure [mbar])                    :        -1.68837
 Free energy of molecule in mix (E_COSMO+dE+Mu)    :   -215743.28779 kcal/mol
 Total mean interaction energy in the mix          :       -10.12212 kcal/mol
 Misfit interaction energy in the mix              :         1.99749 kcal/mol
 H-Bond interaction energy in the mix              :        -7.08789 kcal/mol
 VdW interaction energy in the mix                 :       -13.28355 kcal/mol
 Gas liquid transition energy in the mix (H_glt)   :         8.25184 kcal/mol
 Normalized weight factor of molecule in compound  :         0.21144
 Normalized weight factor of molecule in gas phase :         0.02822

 Compound: 3 Conformer: 5 (lacticacid_c4)
 Chemical potential of the molecule in the mixture :         2.38956 kcal/mol
 Log10(partial pressure [mbar])                    :        -3.60371
 Free energy of molecule in mix (E_COSMO+dE+Mu)    :   -215743.70927 kcal/mol
 Total mean interaction energy in the mix          :       -11.07024 kcal/mol
 Misfit interaction energy in the mix              :         1.97793 kcal/mol
 H-Bond interaction energy in the mix              :        -7.99521 kcal/mol
 VdW interaction energy in the mix                 :       -13.30480 kcal/mol
 Gas liquid transition energy in the mix (H_glt)   :         8.25184 kcal/mol
 Normalized weight factor of molecule in compound  :         0.41623
 Normalized weight factor of molecule in gas phase :         0.00067

 Compound: 3 Conformer: 6 (lacticacid_c5)
 Chemical potential of the molecule in the mixture :         2.86235 kcal/mol
 Log10(partial pressure [mbar])                    :        -1.74265
 Free energy of molecule in mix (E_COSMO+dE+Mu)    :   -215743.17311 kcal/mol
 Total mean interaction energy in the mix          :       -10.19713 kcal/mol
 Misfit interaction energy in the mix              :         1.97335 kcal/mol
 H-Bond interaction energy in the mix              :        -7.11723 kcal/mol
 VdW interaction energy in the mix                 :       -13.30509 kcal/mol
 Gas liquid transition energy in the mix (H_glt)   :         8.25184 kcal/mol
 Normalized weight factor of molecule in compound  :         0.17585
 Normalized weight factor of molecule in gas phase :         0.02069




 Results for mixture 4 - LIQ_EX Phase 2 Iteration    1
 ---------------------
 Temperature          :    313.150 K
 Compound Nr.         :         1         2         3
 Compound             :       h2o 3-hexanol lacticaci
 Mole Fraction        :    0.1535    0.8448    0.0017

 Compound: 1  (h2o)
 Chemical potential of the compound in the mixture :         4.24884 kcal/mol
 Log10(partial pressure [mbar])                    :         2.07278
 Free energy of molecule in mix (E_COSMO+dE+Mu)    :    -47989.00443 kcal/mol
 Total mean interaction energy in the mix (H_int)  :        -5.07418 kcal/mol
 Misfit interaction energy in the mix (H_MF)       :         1.12728 kcal/mol
 H-Bond interaction energy in the mix (H_HB)       :        -4.52176 kcal/mol
 VdW interaction energy in the mix (H_vdW)         :        -4.61175 kcal/mol
 Gas liquid transition energy in the mix (H_glt)   :         2.93205 kcal/mol
 Equilibrium constant Kx(1,2)                      :         3.49926
 Equilibrium concentration x_k(1,2)                :         0.77774

 Compound: 2  (3-hexanol)
 Chemical potential of the compound in the mixture :         0.50569 kcal/mol
 Log10(partial pressure [mbar])                    :         1.02595
 Free energy of molecule in mix (E_COSMO+dE+Mu)    :   -196069.03119 kcal/mol
 Total mean interaction energy in the mix (H_int)  :        -8.42813 kcal/mol
 Misfit interaction energy in the mix (H_MF)       :         2.09251 kcal/mol
 H-Bond interaction energy in the mix (H_HB)       :        -2.42052 kcal/mol
 VdW interaction energy in the mix (H_vdW)         :       -19.06953 kcal/mol
 Gas liquid transition energy in the mix (H_glt)   :        10.91712 kcal/mol
 Equilibrium constant Kx(1,2)                      :  3.08314061E-03
 Equilibrium concentration x_k(1,2)                :         0.00307

 Compound: 3  (lacticacid)
 Chemical potential of the compound in the mixture :         4.24090 kcal/mol
 Log10(partial pressure [mbar])                    :        -0.94255
 Free energy of molecule in mix (E_COSMO+dE+Mu)    :   -215744.43924 kcal/mol
 Total mean interaction energy in the mix (H_int)  :        -5.79246 kcal/mol
 Misfit interaction energy in the mix (H_MF)       :         2.48260 kcal/mol
 H-Bond interaction energy in the mix (H_HB)       :        -4.04039 kcal/mol
 VdW interaction energy in the mix (H_vdW)         :       -13.99372 kcal/mol
 Gas liquid transition energy in the mix (H_glt)   :         8.25184 kcal/mol
 Equilibrium constant Kx(1,2)                      :         0.74341
 Equilibrium concentration x_k(1,2)                :         0.42641



 Compound: 1 Conformer: 1 (h2o_c0)
 Chemical potential of the molecule in the mixture :         4.24884 kcal/mol
 Log10(partial pressure [mbar])                    :         2.07278
 Free energy of molecule in mix (E_COSMO+dE+Mu)    :    -47989.00443 kcal/mol
 Total mean interaction energy in the mix          :        -5.07418 kcal/mol
 Misfit interaction energy in the mix              :         1.12728 kcal/mol
 H-Bond interaction energy in the mix              :        -4.52176 kcal/mol
 VdW interaction energy in the mix                 :        -4.61175 kcal/mol
 Gas liquid transition energy in the mix (H_glt)   :         2.93205 kcal/mol
 Normalized weight factor of molecule in compound  :         1.00000
 Normalized weight factor of molecule in gas phase :         1.00000

 Compound: 2 Conformer: 1 (3-hexanol_c0)
 Chemical potential of the molecule in the mixture :         1.76357 kcal/mol
 Log10(partial pressure [mbar])                    :         1.26977
 Free energy of molecule in mix (E_COSMO+dE+Mu)    :   -196067.76992 kcal/mol
 Total mean interaction energy in the mix          :        -8.21572 kcal/mol
 Misfit interaction energy in the mix              :         2.09512 kcal/mol
 H-Bond interaction energy in the mix              :        -2.14599 kcal/mol
 VdW interaction energy in the mix                 :       -19.08197 kcal/mol
 Gas liquid transition energy in the mix (H_glt)   :        10.91712 kcal/mol
 Normalized weight factor of molecule in compound  :         0.13176
 Normalized weight factor of molecule in gas phase :         0.19950

 Compound: 2 Conformer: 2 (3-hexanol_c1)
 Chemical potential of the molecule in the mixture :         1.76621 kcal/mol
 Log10(partial pressure [mbar])                    :         1.26255
 Free energy of molecule in mix (E_COSMO+dE+Mu)    :   -196067.77008 kcal/mol
 Total mean interaction energy in the mix          :        -8.20571 kcal/mol
 Misfit interaction energy in the mix              :         2.10841 kcal/mol
 H-Bond interaction energy in the mix              :        -2.15333 kcal/mol
 VdW interaction energy in the mix                 :       -19.07791 kcal/mol
 Gas liquid transition energy in the mix (H_glt)   :        10.91712 kcal/mol
 Normalized weight factor of molecule in compound  :         0.13179
 Normalized weight factor of molecule in gas phase :         0.20228

 Compound: 2 Conformer: 3 (3-hexanol_c2)
 Chemical potential of the molecule in the mixture :         1.64099 kcal/mol
 Log10(partial pressure [mbar])                    :         1.09719
 Free energy of molecule in mix (E_COSMO+dE+Mu)    :   -196067.89589 kcal/mol
 Total mean interaction energy in the mix          :        -8.18913 kcal/mol
 Misfit interaction energy in the mix              :         2.08253 kcal/mol
 H-Bond interaction energy in the mix              :        -2.09633 kcal/mol
 VdW interaction energy in the mix                 :       -19.09245 kcal/mol
 Gas liquid transition energy in the mix (H_glt)   :        10.91712 kcal/mol
 Normalized weight factor of molecule in compound  :         0.16132
 Normalized weight factor of molecule in gas phase :         0.18514

 Compound: 2 Conformer: 4 (3-hexanol_c3)
 Chemical potential of the molecule in the mixture :         1.35914 kcal/mol
 Log10(partial pressure [mbar])                    :         0.76959
 Free energy of molecule in mix (E_COSMO+dE+Mu)    :   -196068.10796 kcal/mol
 Total mean interaction energy in the mix          :        -8.86390 kcal/mol
 Misfit interaction energy in the mix              :         2.04362 kcal/mol
 H-Bond interaction energy in the mix              :        -2.73367 kcal/mol
 VdW interaction energy in the mix                 :       -19.09098 kcal/mol
 Gas liquid transition energy in the mix (H_glt)   :        10.91712 kcal/mol
 Normalized weight factor of molecule in compound  :         0.22682
 Normalized weight factor of molecule in gas phase :         0.11754

 Compound: 2 Conformer: 5 (3-hexanol_c4)
 Chemical potential of the molecule in the mixture :         2.06944 kcal/mol
 Log10(partial pressure [mbar])                    :         1.23187
 Free energy of molecule in mix (E_COSMO+dE+Mu)    :   -196067.45102 kcal/mol
 Total mean interaction energy in the mix          :        -8.23614 kcal/mol
 Misfit interaction energy in the mix              :         2.19935 kcal/mol
 H-Bond interaction energy in the mix              :        -2.37532 kcal/mol
 VdW interaction energy in the mix                 :       -18.97730 kcal/mol
 Gas liquid transition energy in the mix (H_glt)   :        10.91712 kcal/mol
 Normalized weight factor of molecule in compound  :         0.07892
 Normalized weight factor of molecule in gas phase :         0.10269

 Compound: 2 Conformer: 6 (3-hexanol_c5)
 Chemical potential of the molecule in the mixture :         1.38191 kcal/mol
 Log10(partial pressure [mbar])                    :         0.77560
 Free energy of molecule in mix (E_COSMO+dE+Mu)    :   -196067.99446 kcal/mol
 Total mean interaction energy in the mix          :        -8.81723 kcal/mol
 Misfit interaction energy in the mix              :         2.06144 kcal/mol
 H-Bond interaction energy in the mix              :        -2.71408 kcal/mol
 VdW interaction energy in the mix                 :       -19.08171 kcal/mol
 Gas liquid transition energy in the mix (H_glt)   :        10.91712 kcal/mol
 Normalized weight factor of molecule in compound  :         0.18900
 Normalized weight factor of molecule in gas phase :         0.10123

 Compound: 2 Conformer: 7 (3-hexanol_c6)
 Chemical potential of the molecule in the mixture :         2.02082 kcal/mol
 Log10(partial pressure [mbar])                    :         1.18090
 Free energy of molecule in mix (E_COSMO+dE+Mu)    :   -196067.46245 kcal/mol
 Total mean interaction energy in the mix          :        -8.31514 kcal/mol
 Misfit interaction energy in the mix              :         2.18828 kcal/mol
 H-Bond interaction energy in the mix              :        -2.42969 kcal/mol
 VdW interaction energy in the mix                 :       -18.99086 kcal/mol
 Gas liquid transition energy in the mix (H_glt)   :        10.91712 kcal/mol
 Normalized weight factor of molecule in compound  :         0.08039
 Normalized weight factor of molecule in gas phase :         0.09163

 Compound: 3 Conformer: 1 (lacticacid_c0)
 Chemical potential of the molecule in the mixture :         5.96138 kcal/mol
 Log10(partial pressure [mbar])                    :        -0.87983
 Free energy of molecule in mix (E_COSMO+dE+Mu)    :   -215742.71877 kcal/mol
 Total mean interaction energy in the mix          :        -5.78641 kcal/mol
 Misfit interaction energy in the mix              :         2.94172 kcal/mol
 H-Bond interaction energy in the mix              :        -3.02453 kcal/mol
 VdW interaction energy in the mix                 :       -13.95544 kcal/mol
 Gas liquid transition energy in the mix (H_glt)   :         8.25184 kcal/mol
 Normalized weight factor of molecule in compound  :         0.06299
 Normalized weight factor of molecule in gas phase :         0.00603

 Compound: 3 Conformer: 2 (lacticacid_c1)
 Chemical potential of the molecule in the mixture :         6.39510 kcal/mol
 Log10(partial pressure [mbar])                    :        -0.18675
 Free energy of molecule in mix (E_COSMO+dE+Mu)    :   -215742.10355 kcal/mol
 Total mean interaction energy in the mix          :        -5.31546 kcal/mol
 Misfit interaction energy in the mix              :         2.96379 kcal/mol
 H-Bond interaction energy in the mix              :        -2.60862 kcal/mol
 VdW interaction energy in the mix                 :       -13.92247 kcal/mol
 Gas liquid transition energy in the mix (H_glt)   :         8.25184 kcal/mol
 Normalized weight factor of molecule in compound  :         0.02344
 Normalized weight factor of molecule in gas phase :         0.01137

 Compound: 3 Conformer: 3 (lacticacid_c2)
 Chemical potential of the molecule in the mixture :         3.52257 kcal/mol
 Log10(partial pressure [mbar])                    :        -0.21559
 Free energy of molecule in mix (E_COSMO+dE+Mu)    :   -215744.08389 kcal/mol
 Total mean interaction energy in the mix          :        -6.98351 kcal/mol
 Misfit interaction energy in the mix              :         2.33407 kcal/mol
 H-Bond interaction energy in the mix              :        -3.57546 kcal/mol
 VdW interaction energy in the mix                 :       -13.99397 kcal/mol
 Gas liquid transition energy in the mix (H_glt)   :         8.25184 kcal/mol
 Normalized weight factor of molecule in compound  :         0.56495
 Normalized weight factor of molecule in gas phase :         0.93300

 Compound: 3 Conformer: 4 (lacticacid_c3)
 Chemical potential of the molecule in the mixture :         3.00414 kcal/mol
 Log10(partial pressure [mbar])                    :        -1.61405
 Free energy of molecule in mix (E_COSMO+dE+Mu)    :   -215743.18130 kcal/mol
 Total mean interaction energy in the mix          :        -8.03520 kcal/mol
 Misfit interaction energy in the mix              :         2.54275 kcal/mol
 H-Bond interaction energy in the mix              :        -4.84664 kcal/mol
 VdW interaction energy in the mix                 :       -13.98314 kcal/mol
 Gas liquid transition energy in the mix (H_glt)   :         8.25184 kcal/mol
 Normalized weight factor of molecule in compound  :         0.13246
 Normalized weight factor of molecule in gas phase :         0.02822

 Compound: 3 Conformer: 5 (lacticacid_c4)
 Chemical potential of the molecule in the mixture :         3.15310 kcal/mol
 Log10(partial pressure [mbar])                    :        -3.07083
 Free energy of molecule in mix (E_COSMO+dE+Mu)    :   -215742.94573 kcal/mol
 Total mean interaction energy in the mix          :        -8.47337 kcal/mol
 Misfit interaction energy in the mix              :         2.83386 kcal/mol
 H-Bond interaction energy in the mix              :        -5.53100 kcal/mol
 VdW interaction energy in the mix                 :       -14.02807 kcal/mol
 Gas liquid transition energy in the mix (H_glt)   :         8.25184 kcal/mol
 Normalized weight factor of molecule in compound  :         0.09072
 Normalized weight factor of molecule in gas phase :         0.00067

 Compound: 3 Conformer: 6 (lacticacid_c5)
 Chemical potential of the molecule in the mixture :         2.88804 kcal/mol
 Log10(partial pressure [mbar])                    :        -1.72472
 Free energy of molecule in mix (E_COSMO+dE+Mu)    :   -215743.14742 kcal/mol
 Total mean interaction energy in the mix          :        -8.22868 kcal/mol
 Misfit interaction energy in the mix              :         2.51353 kcal/mol
 H-Bond interaction energy in the mix              :        -4.98255 kcal/mol
 VdW interaction energy in the mix                 :       -14.01150 kcal/mol
 Gas liquid transition energy in the mix (H_glt)   :         8.25184 kcal/mol
 Normalized weight factor of molecule in compound  :         0.12544
 Normalized weight factor of molecule in gas phase :         0.02069




 Results for mixture 5 - LIQ_EX Phase 1 Iteration    2
 ---------------------
 Temperature          :    313.150 K
 Compound Nr.         :         1         2         3
 Compound             :       h2o 3-hexanol lacticaci
 Mole Fraction        :    0.9951    0.0029    0.0020

 Compound: 1  (h2o)
 Chemical potential of the compound in the mixture :         3.46933 kcal/mol
 Log10(partial pressure [mbar])                    :         1.52876
 Free energy of molecule in mix (E_COSMO+dE+Mu)    :    -47989.78394 kcal/mol
 Total mean interaction energy in the mix (H_int)  :        -5.54814 kcal/mol
 Misfit interaction energy in the mix (H_MF)       :         0.59036 kcal/mol
 H-Bond interaction energy in the mix (H_HB)       :        -4.72823 kcal/mol
 VdW interaction energy in the mix (H_vdW)         :        -4.34231 kcal/mol
 Gas liquid transition energy in the mix (H_glt)   :         2.93205 kcal/mol

 Compound: 2  (3-hexanol)
 Chemical potential of the compound in the mixture :         4.11905 kcal/mol
 Log10(partial pressure [mbar])                    :         3.54770
 Free energy of molecule in mix (E_COSMO+dE+Mu)    :   -196065.41783 kcal/mol
 Total mean interaction energy in the mix (H_int)  :        -8.97423 kcal/mol
 Misfit interaction energy in the mix (H_MF)       :         2.46258 kcal/mol
 H-Bond interaction energy in the mix (H_HB)       :        -4.00558 kcal/mol
 VdW interaction energy in the mix (H_vdW)         :       -18.39644 kcal/mol
 Gas liquid transition energy in the mix (H_glt)   :        10.91712 kcal/mol

 Compound: 3  (lacticacid)
 Chemical potential of the compound in the mixture :         4.43000 kcal/mol
 Log10(partial pressure [mbar])                    :        -0.81058
 Free energy of molecule in mix (E_COSMO+dE+Mu)    :   -215744.25014 kcal/mol
 Total mean interaction energy in the mix (H_int)  :        -7.85320 kcal/mol
 Misfit interaction energy in the mix (H_MF)       :         1.99827 kcal/mol
 H-Bond interaction energy in the mix (H_HB)       :        -7.01751 kcal/mol
 VdW interaction energy in the mix (H_vdW)         :       -13.29365 kcal/mol
 Gas liquid transition energy in the mix (H_glt)   :         8.25184 kcal/mol



 Compound: 1 Conformer: 1 (h2o_c0)
 Chemical potential of the molecule in the mixture :         3.46933 kcal/mol
 Log10(partial pressure [mbar])                    :         1.52876
 Free energy of molecule in mix (E_COSMO+dE+Mu)    :    -47989.78394 kcal/mol
 Total mean interaction energy in the mix          :        -5.54814 kcal/mol
 Misfit interaction energy in the mix              :         0.59036 kcal/mol
 H-Bond interaction energy in the mix              :        -4.72823 kcal/mol
 VdW interaction energy in the mix                 :        -4.34231 kcal/mol
 Gas liquid transition energy in the mix (H_glt)   :         2.93205 kcal/mol
 Normalized weight factor of molecule in compound  :         1.00000
 Normalized weight factor of molecule in gas phase :         1.00000

 Compound: 2 Conformer: 1 (3-hexanol_c0)
 Chemical potential of the molecule in the mixture :         5.46283 kcal/mol
 Log10(partial pressure [mbar])                    :         3.85147
 Free energy of molecule in mix (E_COSMO+dE+Mu)    :   -196064.07065 kcal/mol
 Total mean interaction energy in the mix          :        -8.79366 kcal/mol
 Misfit interaction energy in the mix              :         2.43914 kcal/mol
 H-Bond interaction energy in the mix              :        -3.71488 kcal/mol
 VdW interaction energy in the mix                 :       -18.43504 kcal/mol
 Gas liquid transition energy in the mix (H_glt)   :        10.91712 kcal/mol
 Normalized weight factor of molecule in compound  :         0.11477
 Normalized weight factor of molecule in gas phase :         0.19950

 Compound: 2 Conformer: 2 (3-hexanol_c1)
 Chemical potential of the molecule in the mixture :         5.42711 kcal/mol
 Log10(partial pressure [mbar])                    :         3.81747
 Free energy of molecule in mix (E_COSMO+dE+Mu)    :   -196064.10918 kcal/mol
 Total mean interaction energy in the mix          :        -8.81149 kcal/mol
 Misfit interaction energy in the mix              :         2.45277 kcal/mol
 H-Bond interaction energy in the mix              :        -3.75394 kcal/mol
 VdW interaction energy in the mix                 :       -18.42743 kcal/mol
 Gas liquid transition energy in the mix (H_glt)   :        10.91712 kcal/mol
 Normalized weight factor of molecule in compound  :         0.12210
 Normalized weight factor of molecule in gas phase :         0.20228

 Compound: 2 Conformer: 3 (3-hexanol_c2)
 Chemical potential of the molecule in the mixture :         5.56289 kcal/mol
 Log10(partial pressure [mbar])                    :         3.83426
 Free energy of molecule in mix (E_COSMO+dE+Mu)    :   -196063.97399 kcal/mol
 Total mean interaction energy in the mix          :        -8.79196 kcal/mol
 Misfit interaction energy in the mix              :         2.49864 kcal/mol
 H-Bond interaction energy in the mix              :        -3.75529 kcal/mol
 VdW interaction energy in the mix                 :       -18.45243 kcal/mol
 Gas liquid transition energy in the mix (H_glt)   :        10.91712 kcal/mol
 Normalized weight factor of molecule in compound  :         0.09826
 Normalized weight factor of molecule in gas phase :         0.18514

 Compound: 2 Conformer: 4 (3-hexanol_c3)
 Chemical potential of the molecule in the mixture :         5.13367 kcal/mol
 Log10(partial pressure [mbar])                    :         3.40382
 Free energy of molecule in mix (E_COSMO+dE+Mu)    :   -196064.33343 kcal/mol
 Total mean interaction energy in the mix          :        -9.13430 kcal/mol
 Misfit interaction energy in the mix              :         2.44413 kcal/mol
 H-Bond interaction energy in the mix              :        -4.06033 kcal/mol
 VdW interaction energy in the mix                 :       -18.43522 kcal/mol
 Gas liquid transition energy in the mix (H_glt)   :        10.91712 kcal/mol
 Normalized weight factor of molecule in compound  :         0.17507
 Normalized weight factor of molecule in gas phase :         0.11754

 Compound: 2 Conformer: 5 (3-hexanol_c4)
 Chemical potential of the molecule in the mixture :         5.22238 kcal/mol
 Log10(partial pressure [mbar])                    :         3.43229
 Free energy of molecule in mix (E_COSMO+dE+Mu)    :   -196064.29807 kcal/mol
 Total mean interaction energy in the mix          :        -9.16442 kcal/mol
 Misfit interaction energy in the mix              :         2.46363 kcal/mol
 H-Bond interaction energy in the mix              :        -4.22792 kcal/mol
 VdW interaction energy in the mix                 :       -18.31725 kcal/mol
 Gas liquid transition energy in the mix (H_glt)   :        10.91712 kcal/mol
 Normalized weight factor of molecule in compound  :         0.16540
 Normalized weight factor of molecule in gas phase :         0.10269

 Compound: 2 Conformer: 6 (3-hexanol_c5)
 Chemical potential of the molecule in the mixture :         5.16828 kcal/mol
 Log10(partial pressure [mbar])                    :         3.41809
 Free energy of molecule in mix (E_COSMO+dE+Mu)    :   -196064.20809 kcal/mol
 Total mean interaction energy in the mix          :        -9.08301 kcal/mol
 Misfit interaction energy in the mix              :         2.47020 kcal/mol
 H-Bond interaction energy in the mix              :        -4.04407 kcal/mol
 VdW interaction energy in the mix                 :       -18.42626 kcal/mol
 Gas liquid transition energy in the mix (H_glt)   :        10.91712 kcal/mol
 Normalized weight factor of molecule in compound  :         0.14313
 Normalized weight factor of molecule in gas phase :         0.10123

 Compound: 2 Conformer: 7 (3-hexanol_c6)
 Chemical potential of the molecule in the mixture :         5.12812 kcal/mol
 Log10(partial pressure [mbar])                    :         3.34947
 Free energy of molecule in mix (E_COSMO+dE+Mu)    :   -196064.35515 kcal/mol
 Total mean interaction energy in the mix          :        -9.14820 kcal/mol
 Misfit interaction energy in the mix              :         2.47531 kcal/mol
 H-Bond interaction energy in the mix              :        -4.20861 kcal/mol
 VdW interaction energy in the mix                 :       -18.33202 kcal/mol
 Gas liquid transition energy in the mix (H_glt)   :        10.91712 kcal/mol
 Normalized weight factor of molecule in compound  :         0.18129
 Normalized weight factor of molecule in gas phase :         0.09163

 Compound: 3 Conformer: 1 (lacticacid_c0)
 Chemical potential of the molecule in the mixture :         6.37788 kcal/mol
 Log10(partial pressure [mbar])                    :        -0.58915
 Free energy of molecule in mix (E_COSMO+dE+Mu)    :   -215742.30227 kcal/mol
 Total mean interaction energy in the mix          :        -7.34556 kcal/mol
 Misfit interaction energy in the mix              :         2.03498 kcal/mol
 H-Bond interaction energy in the mix              :        -4.38941 kcal/mol
 VdW interaction energy in the mix                 :       -13.24298 kcal/mol
 Gas liquid transition energy in the mix (H_glt)   :         8.25184 kcal/mol
 Normalized weight factor of molecule in compound  :         0.04371
 Normalized weight factor of molecule in gas phase :         0.00603

 Compound: 3 Conformer: 2 (lacticacid_c1)
 Chemical potential of the molecule in the mixture :         6.50037 kcal/mol
 Log10(partial pressure [mbar])                    :        -0.11327
 Free energy of molecule in mix (E_COSMO+dE+Mu)    :   -215741.99827 kcal/mol
 Total mean interaction energy in the mix          :        -6.91081 kcal/mol
 Misfit interaction energy in the mix              :         2.14179 kcal/mol
 H-Bond interaction energy in the mix              :        -4.08436 kcal/mol
 VdW interaction energy in the mix                 :       -13.22008 kcal/mol
 Gas liquid transition energy in the mix (H_glt)   :         8.25184 kcal/mol
 Normalized weight factor of molecule in compound  :         0.02682
 Normalized weight factor of molecule in gas phase :         0.01137

 Compound: 3 Conformer: 3 (lacticacid_c2)
 Chemical potential of the molecule in the mixture :         4.64822 kcal/mol
 Log10(partial pressure [mbar])                    :         0.56999
 Free energy of molecule in mix (E_COSMO+dE+Mu)    :   -215742.95825 kcal/mol
 Total mean interaction energy in the mix          :        -8.01587 kcal/mol
 Misfit interaction energy in the mix              :         2.07331 kcal/mol
 H-Bond interaction energy in the mix              :        -5.03573 kcal/mol
 VdW interaction energy in the mix                 :       -13.30530 kcal/mol
 Gas liquid transition energy in the mix (H_glt)   :         8.25184 kcal/mol
 Normalized weight factor of molecule in compound  :         0.12543
 Normalized weight factor of molecule in gas phase :         0.93300

 Compound: 3 Conformer: 4 (lacticacid_c3)
 Chemical potential of the molecule in the mixture :         2.90225 kcal/mol
 Log10(partial pressure [mbar])                    :        -1.68516
 Free energy of molecule in mix (E_COSMO+dE+Mu)    :   -215743.28318 kcal/mol
 Total mean interaction energy in the mix          :       -10.12492 kcal/mol
 Misfit interaction energy in the mix              :         1.99533 kcal/mol
 H-Bond interaction energy in the mix              :        -7.09078 kcal/mol
 VdW interaction energy in the mix                 :       -13.28131 kcal/mol
 Gas liquid transition energy in the mix (H_glt)   :         8.25184 kcal/mol
 Normalized weight factor of molecule in compound  :         0.21143
 Normalized weight factor of molecule in gas phase :         0.02822

 Compound: 3 Conformer: 5 (lacticacid_c4)
 Chemical potential of the molecule in the mixture :         2.39331 kcal/mol
 Log10(partial pressure [mbar])                    :        -3.60109
 Free energy of molecule in mix (E_COSMO+dE+Mu)    :   -215743.70552 kcal/mol
 Total mean interaction energy in the mix          :       -11.07302 kcal/mol
 Misfit interaction energy in the mix              :         1.97552 kcal/mol
 H-Bond interaction energy in the mix              :        -7.99782 kcal/mol
 VdW interaction energy in the mix                 :       -13.30256 kcal/mol
 Gas liquid transition energy in the mix (H_glt)   :         8.25184 kcal/mol
 Normalized weight factor of molecule in compound  :         0.41679
 Normalized weight factor of molecule in gas phase :         0.00067

 Compound: 3 Conformer: 6 (lacticacid_c5)
 Chemical potential of the molecule in the mixture :         2.86704 kcal/mol
 Log10(partial pressure [mbar])                    :        -1.73938
 Free energy of molecule in mix (E_COSMO+dE+Mu)    :   -215743.16842 kcal/mol
 Total mean interaction energy in the mix          :       -10.19995 kcal/mol
 Misfit interaction energy in the mix              :         1.97116 kcal/mol
 H-Bond interaction energy in the mix              :        -7.12011 kcal/mol
 VdW interaction energy in the mix                 :       -13.30285 kcal/mol
 Gas liquid transition energy in the mix (H_glt)   :         8.25184 kcal/mol
 Normalized weight factor of molecule in compound  :         0.17582
 Normalized weight factor of molecule in gas phase :         0.02069




 Results for mixture 6 - LIQ_EX Phase 2 Iteration    2
 ---------------------
 Temperature          :    313.150 K
 Compound Nr.         :         1         2         3
 Compound             :       h2o 3-hexanol lacticaci
 Mole Fraction        :    0.2313    0.7665    0.0022

 Compound: 1  (h2o)
 Chemical potential of the compound in the mixture :         4.19699 kcal/mol
 Log10(partial pressure [mbar])                    :         2.03659
 Free energy of molecule in mix (E_COSMO+dE+Mu)    :    -47989.05628 kcal/mol
 Total mean interaction energy in the mix (H_int)  :        -5.15789 kcal/mol
 Misfit interaction energy in the mix (H_MF)       :         1.04064 kcal/mol
 H-Bond interaction energy in the mix (H_HB)       :        -4.53423 kcal/mol
 VdW interaction energy in the mix (H_vdW)         :        -4.59635 kcal/mol
 Gas liquid transition energy in the mix (H_glt)   :         2.93205 kcal/mol
 Equilibrium constant Kx(1,2)                      :         3.21980
 Equilibrium concentration x_k(1,2)                :         0.76302

 Compound: 2  (3-hexanol)
 Chemical potential of the compound in the mixture :         0.51796 kcal/mol
 Log10(partial pressure [mbar])                    :         1.03451
 Free energy of molecule in mix (E_COSMO+dE+Mu)    :   -196069.01892 kcal/mol
 Total mean interaction energy in the mix (H_int)  :        -8.50882 kcal/mol
 Misfit interaction energy in the mix (H_MF)       :         2.12648 kcal/mol
 H-Bond interaction energy in the mix (H_HB)       :        -2.56343 kcal/mol
 VdW interaction energy in the mix (H_vdW)         :       -19.04083 kcal/mol
 Gas liquid transition energy in the mix (H_glt)   :        10.91712 kcal/mol
 Equilibrium constant Kx(1,2)                      :  3.06773919E-03
 Equilibrium concentration x_k(1,2)                :         0.00306

 Compound: 3  (lacticacid)
 Chemical potential of the compound in the mixture :         4.15449 kcal/mol
 Log10(partial pressure [mbar])                    :        -1.00286
 Free energy of molecule in mix (E_COSMO+dE+Mu)    :   -215744.52565 kcal/mol
 Total mean interaction energy in the mix (H_int)  :        -5.96527 kcal/mol
 Misfit interaction energy in the mix (H_MF)       :         2.39834 kcal/mol
 H-Bond interaction energy in the mix (H_HB)       :        -4.20391 kcal/mol
 VdW interaction energy in the mix (H_vdW)         :       -13.96389 kcal/mol
 Gas liquid transition energy in the mix (H_glt)   :         8.25184 kcal/mol
 Equilibrium constant Kx(1,2)                      :         0.64227
 Equilibrium concentration x_k(1,2)                :         0.39109



 Compound: 1 Conformer: 1 (h2o_c0)
 Chemical potential of the molecule in the mixture :         4.19699 kcal/mol
 Log10(partial pressure [mbar])                    :         2.03659
 Free energy of molecule in mix (E_COSMO+dE+Mu)    :    -47989.05628 kcal/mol
 Total mean interaction energy in the mix          :        -5.15789 kcal/mol
 Misfit interaction energy in the mix              :         1.04064 kcal/mol
 H-Bond interaction energy in the mix              :        -4.53423 kcal/mol
 VdW interaction energy in the mix                 :        -4.59635 kcal/mol
 Gas liquid transition energy in the mix (H_glt)   :         2.93205 kcal/mol
 Normalized weight factor of molecule in compound  :         1.00000
 Normalized weight factor of molecule in gas phase :         1.00000

 Compound: 2 Conformer: 1 (3-hexanol_c0)
 Chemical potential of the molecule in the mixture :         1.77212 kcal/mol
 Log10(partial pressure [mbar])                    :         1.27574
 Free energy of molecule in mix (E_COSMO+dE+Mu)    :   -196067.76136 kcal/mol
 Total mean interaction energy in the mix          :        -8.28937 kcal/mol
 Misfit interaction energy in the mix              :         2.13106 kcal/mol
 H-Bond interaction energy in the mix              :        -2.28316 kcal/mol
 VdW interaction energy in the mix                 :       -19.05439 kcal/mol
 Gas liquid transition energy in the mix (H_glt)   :        10.91712 kcal/mol
 Normalized weight factor of molecule in compound  :         0.13254
 Normalized weight factor of molecule in gas phase :         0.19950

 Compound: 2 Conformer: 2 (3-hexanol_c1)
 Chemical potential of the molecule in the mixture :         1.77265 kcal/mol
 Log10(partial pressure [mbar])                    :         1.26705
 Free energy of molecule in mix (E_COSMO+dE+Mu)    :   -196067.76363 kcal/mol
 Total mean interaction energy in the mix          :        -8.28364 kcal/mol
 Misfit interaction energy in the mix              :         2.14478 kcal/mol
 H-Bond interaction energy in the mix              :        -2.29549 kcal/mol
 VdW interaction energy in the mix                 :       -19.05005 kcal/mol
 Gas liquid transition energy in the mix (H_glt)   :        10.91712 kcal/mol
 Normalized weight factor of molecule in compound  :         0.13303
 Normalized weight factor of molecule in gas phase :         0.20228

 Compound: 2 Conformer: 3 (3-hexanol_c2)
 Chemical potential of the molecule in the mixture :         1.67247 kcal/mol
 Log10(partial pressure [mbar])                    :         1.11916
 Free energy of molecule in mix (E_COSMO+dE+Mu)    :   -196067.86441 kcal/mol
 Total mean interaction energy in the mix          :        -8.27730 kcal/mol
 Misfit interaction energy in the mix              :         2.10864 kcal/mol
 H-Bond interaction energy in the mix              :        -2.23616 kcal/mol
 VdW interaction energy in the mix                 :       -19.06690 kcal/mol
 Gas liquid transition energy in the mix (H_glt)   :        10.91712 kcal/mol
 Normalized weight factor of molecule in compound  :         0.15641
 Normalized weight factor of molecule in gas phase :         0.18514

 Compound: 2 Conformer: 4 (3-hexanol_c3)
 Chemical potential of the molecule in the mixture :         1.38348 kcal/mol
 Log10(partial pressure [mbar])                    :         0.78658
 Free energy of molecule in mix (E_COSMO+dE+Mu)    :   -196068.08362 kcal/mol
 Total mean interaction energy in the mix          :        -8.92896 kcal/mol
 Misfit interaction energy in the mix              :         2.07547 kcal/mol
 H-Bond interaction energy in the mix              :        -2.85784 kcal/mol
 VdW interaction energy in the mix                 :       -19.06370 kcal/mol
 Gas liquid transition energy in the mix (H_glt)   :        10.91712 kcal/mol
 Normalized weight factor of molecule in compound  :         0.22247
 Normalized weight factor of molecule in gas phase :         0.11754

 Compound: 2 Conformer: 5 (3-hexanol_c4)
 Chemical potential of the molecule in the mixture :         2.04772 kcal/mol
 Log10(partial pressure [mbar])                    :         1.21671
 Free energy of molecule in mix (E_COSMO+dE+Mu)    :   -196067.47273 kcal/mol
 Total mean interaction energy in the mix          :        -8.37320 kcal/mol
 Misfit interaction energy in the mix              :         2.23508 kcal/mol
 H-Bond interaction energy in the mix              :        -2.57789 kcal/mol
 VdW interaction energy in the mix                 :       -18.94751 kcal/mol
 Gas liquid transition energy in the mix (H_glt)   :        10.91712 kcal/mol
 Normalized weight factor of molecule in compound  :         0.08335
 Normalized weight factor of molecule in gas phase :         0.10269

 Compound: 2 Conformer: 6 (3-hexanol_c5)
 Chemical potential of the molecule in the mixture :         1.40607 kcal/mol
 Log10(partial pressure [mbar])                    :         0.79246
 Free energy of molecule in mix (E_COSMO+dE+Mu)    :   -196067.97030 kcal/mol
 Total mean interaction energy in the mix          :        -8.87900 kcal/mol
 Misfit interaction energy in the mix              :         2.09301 kcal/mol
 H-Bond interaction energy in the mix              :        -2.83451 kcal/mol
 VdW interaction energy in the mix                 :       -19.05462 kcal/mol
 Gas liquid transition energy in the mix (H_glt)   :        10.91712 kcal/mol
 Normalized weight factor of molecule in compound  :         0.18543
 Normalized weight factor of molecule in gas phase :         0.10123

 Compound: 2 Conformer: 7 (3-hexanol_c6)
 Chemical potential of the molecule in the mixture :         1.98556 kcal/mol
 Log10(partial pressure [mbar])                    :         1.15629
 Free energy of molecule in mix (E_COSMO+dE+Mu)    :   -196067.49771 kcal/mol
 Total mean interaction energy in the mix          :        -8.46607 kcal/mol
 Misfit interaction energy in the mix              :         2.22161 kcal/mol
 H-Bond interaction energy in the mix              :        -2.64425 kcal/mol
 VdW interaction energy in the mix                 :       -18.96055 kcal/mol
 Gas liquid transition energy in the mix (H_glt)   :        10.91712 kcal/mol
 Normalized weight factor of molecule in compound  :         0.08677
 Normalized weight factor of molecule in gas phase :         0.09163

 Compound: 3 Conformer: 1 (lacticacid_c0)
 Chemical potential of the molecule in the mixture :         5.86243 kcal/mol
 Log10(partial pressure [mbar])                    :        -0.94888
 Free energy of molecule in mix (E_COSMO+dE+Mu)    :   -215742.81771 kcal/mol
 Total mean interaction energy in the mix          :        -5.97054 kcal/mol
 Misfit interaction energy in the mix              :         2.80288 kcal/mol
 H-Bond interaction energy in the mix              :        -3.09797 kcal/mol
 VdW interaction energy in the mix                 :       -13.92730 kcal/mol
 Gas liquid transition energy in the mix (H_glt)   :         8.25184 kcal/mol
 Normalized weight factor of molecule in compound  :         0.06427
 Normalized weight factor of molecule in gas phase :         0.00603

 Compound: 3 Conformer: 2 (lacticacid_c1)
 Chemical potential of the molecule in the mixture :         6.27048 kcal/mol
 Log10(partial pressure [mbar])                    :        -0.27371
 Free energy of molecule in mix (E_COSMO+dE+Mu)    :   -215742.22817 kcal/mol
 Total mean interaction energy in the mix          :        -5.48054 kcal/mol
 Misfit interaction energy in the mix              :         2.84749 kcal/mol
 H-Bond interaction energy in the mix              :        -2.68770 kcal/mol
 VdW interaction energy in the mix                 :       -13.89217 kcal/mol
 Gas liquid transition energy in the mix (H_glt)   :         8.25184 kcal/mol
 Normalized weight factor of molecule in compound  :         0.02492
 Normalized weight factor of molecule in gas phase :         0.01137

 Compound: 3 Conformer: 3 (lacticacid_c2)
 Chemical potential of the molecule in the mixture :         3.47572 kcal/mol
 Log10(partial pressure [mbar])                    :        -0.24829
 Free energy of molecule in mix (E_COSMO+dE+Mu)    :   -215744.13074 kcal/mol
 Total mean interaction energy in the mix          :        -7.11790 kcal/mol
 Misfit interaction energy in the mix              :         2.26496 kcal/mol
 H-Bond interaction energy in the mix              :        -3.66824 kcal/mol
 VdW interaction energy in the mix                 :       -13.96646 kcal/mol
 Gas liquid transition energy in the mix (H_glt)   :         8.25184 kcal/mol
 Normalized weight factor of molecule in compound  :         0.53014
 Normalized weight factor of molecule in gas phase :         0.93300

 Compound: 3 Conformer: 4 (lacticacid_c3)
 Chemical potential of the molecule in the mixture :         2.86674 kcal/mol
 Log10(partial pressure [mbar])                    :        -1.70994
 Free energy of molecule in mix (E_COSMO+dE+Mu)    :   -215743.31869 kcal/mol
 Total mean interaction energy in the mix          :        -8.26461 kcal/mol
 Misfit interaction energy in the mix              :         2.42419 kcal/mol
 H-Bond interaction energy in the mix              :        -4.99103 kcal/mol
 VdW interaction energy in the mix                 :       -13.94962 kcal/mol
 Gas liquid transition energy in the mix (H_glt)   :         8.25184 kcal/mol
 Normalized weight factor of molecule in compound  :         0.14377
 Normalized weight factor of molecule in gas phase :         0.02822

 Compound: 3 Conformer: 5 (lacticacid_c4)
 Chemical potential of the molecule in the mixture :         2.98667 kcal/mol
 Log10(partial pressure [mbar])                    :        -3.18698
 Free energy of molecule in mix (E_COSMO+dE+Mu)    :   -215743.11216 kcal/mol
 Total mean interaction energy in the mix          :        -8.78682 kcal/mol
 Misfit interaction energy in the mix              :         2.69363 kcal/mol
 H-Bond interaction energy in the mix              :        -5.73972 kcal/mol
 VdW interaction energy in the mix                 :       -13.99257 kcal/mol
 Gas liquid transition energy in the mix (H_glt)   :         8.25184 kcal/mol
 Normalized weight factor of molecule in compound  :         0.10316
 Normalized weight factor of molecule in gas phase :         0.00067

 Compound: 3 Conformer: 6 (lacticacid_c5)
 Chemical potential of the molecule in the mixture :         2.76183 kcal/mol
 Log10(partial pressure [mbar])                    :        -1.81280
 Free energy of molecule in mix (E_COSMO+dE+Mu)    :   -215743.27363 kcal/mol
 Total mean interaction energy in the mix          :        -8.44327 kcal/mol
 Misfit interaction energy in the mix              :         2.39337 kcal/mol
 H-Bond interaction energy in the mix              :        -5.11060 kcal/mol
 VdW interaction energy in the mix                 :       -13.97788 kcal/mol
 Gas liquid transition energy in the mix (H_glt)   :         8.25184 kcal/mol
 Normalized weight factor of molecule in compound  :         0.13373
 Normalized weight factor of molecule in gas phase :         0.02069




 Results for mixture 7 - LIQ_EX Phase 1 Iteration    3
 ---------------------
 Temperature          :    313.150 K
 Compound Nr.         :         1         2         3
 Compound             :       h2o 3-hexanol lacticaci
 Mole Fraction        :    0.9958    0.0025    0.0017

 Compound: 1  (h2o)
 Chemical potential of the compound in the mixture :         3.46927 kcal/mol
 Log10(partial pressure [mbar])                    :         1.52872
 Free energy of molecule in mix (E_COSMO+dE+Mu)    :    -47989.78400 kcal/mol
 Total mean interaction energy in the mix (H_int)  :        -5.54750 kcal/mol
 Misfit interaction energy in the mix (H_MF)       :         0.59053 kcal/mol
 H-Bond interaction energy in the mix (H_HB)       :        -4.72834 kcal/mol
 VdW interaction energy in the mix (H_vdW)         :        -4.34174 kcal/mol
 Gas liquid transition energy in the mix (H_glt)   :         2.93205 kcal/mol

 Compound: 2  (3-hexanol)
 Chemical potential of the compound in the mixture :         4.13568 kcal/mol
 Log10(partial pressure [mbar])                    :         3.55930
 Free energy of molecule in mix (E_COSMO+dE+Mu)    :   -196065.40120 kcal/mol
 Total mean interaction energy in the mix (H_int)  :        -8.97573 kcal/mol
 Misfit interaction energy in the mix (H_MF)       :         2.45966 kcal/mol
 H-Bond interaction energy in the mix (H_HB)       :        -4.00664 kcal/mol
 VdW interaction energy in the mix (H_vdW)         :       -18.39396 kcal/mol
 Gas liquid transition energy in the mix (H_glt)   :        10.91712 kcal/mol

 Compound: 3  (lacticacid)
 Chemical potential of the compound in the mixture :         4.43537 kcal/mol
 Log10(partial pressure [mbar])                    :        -0.80683
 Free energy of molecule in mix (E_COSMO+dE+Mu)    :   -215744.24477 kcal/mol
 Total mean interaction energy in the mix (H_int)  :        -7.85630 kcal/mol
 Misfit interaction energy in the mix (H_MF)       :         1.99605 kcal/mol
 H-Bond interaction energy in the mix (H_HB)       :        -7.02131 kcal/mol
 VdW interaction energy in the mix (H_vdW)         :       -13.29154 kcal/mol
 Gas liquid transition energy in the mix (H_glt)   :         8.25184 kcal/mol



 Compound: 1 Conformer: 1 (h2o_c0)
 Chemical potential of the molecule in the mixture :         3.46927 kcal/mol
 Log10(partial pressure [mbar])                    :         1.52872
 Free energy of molecule in mix (E_COSMO+dE+Mu)    :    -47989.78400 kcal/mol
 Total mean interaction energy in the mix          :        -5.54750 kcal/mol
 Misfit interaction energy in the mix              :         0.59053 kcal/mol
 H-Bond interaction energy in the mix              :        -4.72834 kcal/mol
 VdW interaction energy in the mix                 :        -4.34174 kcal/mol
 Gas liquid transition energy in the mix (H_glt)   :         2.93205 kcal/mol
 Normalized weight factor of molecule in compound  :         1.00000
 Normalized weight factor of molecule in gas phase :         1.00000

 Compound: 2 Conformer: 1 (3-hexanol_c0)
 Chemical potential of the molecule in the mixture :         5.47969 kcal/mol
 Log10(partial pressure [mbar])                    :         3.86323
 Free energy of molecule in mix (E_COSMO+dE+Mu)    :   -196064.05380 kcal/mol
 Total mean interaction energy in the mix          :        -8.79548 kcal/mol
 Misfit interaction energy in the mix              :         2.43605 kcal/mol
 H-Bond interaction energy in the mix              :        -3.71606 kcal/mol
 VdW interaction energy in the mix                 :       -18.43259 kcal/mol
 Gas liquid transition energy in the mix (H_glt)   :        10.91712 kcal/mol
 Normalized weight factor of molecule in compound  :         0.11473
 Normalized weight factor of molecule in gas phase :         0.19950

 Compound: 2 Conformer: 2 (3-hexanol_c1)
 Chemical potential of the molecule in the mixture :         5.44392 kcal/mol
 Log10(partial pressure [mbar])                    :         3.82921
 Free energy of molecule in mix (E_COSMO+dE+Mu)    :   -196064.09236 kcal/mol
 Total mean interaction energy in the mix          :        -8.81326 kcal/mol
 Misfit interaction energy in the mix              :         2.44971 kcal/mol
 H-Bond interaction energy in the mix              :        -3.75511 kcal/mol
 VdW interaction energy in the mix                 :       -18.42498 kcal/mol
 Gas liquid transition energy in the mix (H_glt)   :        10.91712 kcal/mol
 Normalized weight factor of molecule in compound  :         0.12206
 Normalized weight factor of molecule in gas phase :         0.20228

 Compound: 2 Conformer: 3 (3-hexanol_c2)
 Chemical potential of the molecule in the mixture :         5.58002 kcal/mol
 Log10(partial pressure [mbar])                    :         3.84622
 Free energy of molecule in mix (E_COSMO+dE+Mu)    :   -196063.95686 kcal/mol
 Total mean interaction energy in the mix          :        -8.79333 kcal/mol
 Misfit interaction energy in the mix              :         2.49602 kcal/mol
 H-Bond interaction energy in the mix              :        -3.75648 kcal/mol
 VdW interaction energy in the mix                 :       -18.44999 kcal/mol
 Gas liquid transition energy in the mix (H_glt)   :        10.91712 kcal/mol
 Normalized weight factor of molecule in compound  :         0.09818
 Normalized weight factor of molecule in gas phase :         0.18514

 Compound: 2 Conformer: 4 (3-hexanol_c3)
 Chemical potential of the molecule in the mixture :         5.15041 kcal/mol
 Log10(partial pressure [mbar])                    :         3.41550
 Free energy of molecule in mix (E_COSMO+dE+Mu)    :   -196064.31669 kcal/mol
 Total mean interaction energy in the mix          :        -9.13561 kcal/mol
 Misfit interaction energy in the mix              :         2.44125 kcal/mol
 H-Bond interaction energy in the mix              :        -4.06121 kcal/mol
 VdW interaction energy in the mix                 :       -18.43277 kcal/mol
 Gas liquid transition energy in the mix (H_glt)   :        10.91712 kcal/mol
 Normalized weight factor of molecule in compound  :         0.17504
 Normalized weight factor of molecule in gas phase :         0.11754

 Compound: 2 Conformer: 5 (3-hexanol_c4)
 Chemical potential of the molecule in the mixture :         5.23859 kcal/mol
 Log10(partial pressure [mbar])                    :         3.44360
 Free energy of molecule in mix (E_COSMO+dE+Mu)    :   -196064.28187 kcal/mol
 Total mean interaction energy in the mix          :        -9.16588 kcal/mol
 Misfit interaction energy in the mix              :         2.46062 kcal/mol
 H-Bond interaction energy in the mix              :        -4.22884 kcal/mol
 VdW interaction energy in the mix                 :       -18.31478 kcal/mol
 Gas liquid transition energy in the mix (H_glt)   :        10.91712 kcal/mol
 Normalized weight factor of molecule in compound  :         0.16551
 Normalized weight factor of molecule in gas phase :         0.10269

 Compound: 2 Conformer: 6 (3-hexanol_c5)
 Chemical potential of the molecule in the mixture :         5.18505 kcal/mol
 Log10(partial pressure [mbar])                    :         3.42979
 Free energy of molecule in mix (E_COSMO+dE+Mu)    :   -196064.19132 kcal/mol
 Total mean interaction energy in the mix          :        -9.08428 kcal/mol
 Misfit interaction energy in the mix              :         2.46741 kcal/mol
 H-Bond interaction energy in the mix              :        -4.04500 kcal/mol
 VdW interaction energy in the mix                 :       -18.42381 kcal/mol
 Gas liquid transition energy in the mix (H_glt)   :        10.91712 kcal/mol
 Normalized weight factor of molecule in compound  :         0.14310
 Normalized weight factor of molecule in gas phase :         0.10123

 Compound: 2 Conformer: 7 (3-hexanol_c6)
 Chemical potential of the molecule in the mixture :         5.14437 kcal/mol
 Log10(partial pressure [mbar])                    :         3.36080
 Free energy of molecule in mix (E_COSMO+dE+Mu)    :   -196064.33891 kcal/mol
 Total mean interaction energy in the mix          :        -9.14945 kcal/mol
 Misfit interaction energy in the mix              :         2.47239 kcal/mol
 H-Bond interaction energy in the mix              :        -4.20942 kcal/mol
 VdW interaction energy in the mix                 :       -18.32955 kcal/mol
 Gas liquid transition energy in the mix (H_glt)   :        10.91712 kcal/mol
 Normalized weight factor of molecule in compound  :         0.18140
 Normalized weight factor of molecule in gas phase :         0.09163

 Compound: 3 Conformer: 1 (lacticacid_c0)
 Chemical potential of the molecule in the mixture :         6.38384 kcal/mol
 Log10(partial pressure [mbar])                    :        -0.58499
 Free energy of molecule in mix (E_COSMO+dE+Mu)    :   -215742.29630 kcal/mol
 Total mean interaction energy in the mix          :        -7.34767 kcal/mol
 Misfit interaction energy in the mix              :         2.03246 kcal/mol
 H-Bond interaction energy in the mix              :        -4.39118 kcal/mol
 VdW interaction energy in the mix                 :       -13.24079 kcal/mol
 Gas liquid transition energy in the mix (H_glt)   :         8.25184 kcal/mol
 Normalized weight factor of molecule in compound  :         0.04367
 Normalized weight factor of molecule in gas phase :         0.00603

 Compound: 3 Conformer: 2 (lacticacid_c1)
 Chemical potential of the molecule in the mixture :         6.50615 kcal/mol
 Log10(partial pressure [mbar])                    :        -0.10924
 Free energy of molecule in mix (E_COSMO+dE+Mu)    :   -215741.99250 kcal/mol
 Total mean interaction energy in the mix          :        -6.91258 kcal/mol
 Misfit interaction energy in the mix              :         2.13975 kcal/mol
 H-Bond interaction energy in the mix              :        -4.08629 kcal/mol
 VdW interaction energy in the mix                 :       -13.21788 kcal/mol
 Gas liquid transition energy in the mix (H_glt)   :         8.25184 kcal/mol
 Normalized weight factor of molecule in compound  :         0.02680
 Normalized weight factor of molecule in gas phase :         0.01137

 Compound: 3 Conformer: 3 (lacticacid_c2)
 Chemical potential of the molecule in the mixture :         4.65577 kcal/mol
 Log10(partial pressure [mbar])                    :         0.57526
 Free energy of molecule in mix (E_COSMO+dE+Mu)    :   -215742.95069 kcal/mol
 Total mean interaction energy in the mix          :        -8.01716 kcal/mol
 Misfit interaction energy in the mix              :         2.07152 kcal/mol
 H-Bond interaction energy in the mix              :        -5.03743 kcal/mol
 VdW interaction energy in the mix                 :       -13.30308 kcal/mol
 Gas liquid transition energy in the mix (H_glt)   :         8.25184 kcal/mol
 Normalized weight factor of molecule in compound  :         0.12499
 Normalized weight factor of molecule in gas phase :         0.93300

 Compound: 3 Conformer: 4 (lacticacid_c3)
 Chemical potential of the molecule in the mixture :         2.90766 kcal/mol
 Log10(partial pressure [mbar])                    :        -1.68138
 Free energy of molecule in mix (E_COSMO+dE+Mu)    :   -215743.27777 kcal/mol
 Total mean interaction energy in the mix          :       -10.12741 kcal/mol
 Misfit interaction energy in the mix              :         1.99326 kcal/mol
 H-Bond interaction energy in the mix              :        -7.09328 kcal/mol
 VdW interaction energy in the mix                 :       -13.27923 kcal/mol
 Gas liquid transition energy in the mix (H_glt)   :         8.25184 kcal/mol
 Normalized weight factor of molecule in compound  :         0.21141
 Normalized weight factor of molecule in gas phase :         0.02822

 Compound: 3 Conformer: 5 (lacticacid_c4)
 Chemical potential of the molecule in the mixture :         2.39786 kcal/mol
 Log10(partial pressure [mbar])                    :        -3.59791
 Free energy of molecule in mix (E_COSMO+dE+Mu)    :   -215743.70097 kcal/mol
 Total mean interaction energy in the mix          :       -11.07550 kcal/mol
 Misfit interaction energy in the mix              :         1.97319 kcal/mol
 H-Bond interaction energy in the mix              :        -8.00004 kcal/mol
 VdW interaction energy in the mix                 :       -13.30048 kcal/mol
 Gas liquid transition energy in the mix (H_glt)   :         8.25184 kcal/mol
 Normalized weight factor of molecule in compound  :         0.41733
 Normalized weight factor of molecule in gas phase :         0.00067

 Compound: 3 Conformer: 6 (lacticacid_c5)
 Chemical potential of the molecule in the mixture :         2.87251 kcal/mol
 Log10(partial pressure [mbar])                    :        -1.73556
 Free energy of molecule in mix (E_COSMO+dE+Mu)    :   -215743.16295 kcal/mol
 Total mean interaction energy in the mix          :       -10.20246 kcal/mol
 Misfit interaction energy in the mix              :         1.96907 kcal/mol
 H-Bond interaction energy in the mix              :        -7.12260 kcal/mol
 VdW interaction energy in the mix                 :       -13.30077 kcal/mol
 Gas liquid transition energy in the mix (H_glt)   :         8.25184 kcal/mol
 Normalized weight factor of molecule in compound  :         0.17579
 Normalized weight factor of molecule in gas phase :         0.02069




 Results for mixture 8 - LIQ_EX Phase 2 Iteration    3
 ---------------------
 Temperature          :    313.150 K
 Compound Nr.         :         1         2         3
 Compound             :       h2o 3-hexanol lacticaci
 Mole Fraction        :    0.2741    0.7235    0.0024

 Compound: 1  (h2o)
 Chemical potential of the compound in the mixture :         4.17162 kcal/mol
 Log10(partial pressure [mbar])                    :         2.01889
 Free energy of molecule in mix (E_COSMO+dE+Mu)    :    -47989.08165 kcal/mol
 Total mean interaction energy in the mix (H_int)  :        -5.20756 kcal/mol
 Misfit interaction energy in the mix (H_MF)       :         0.98997 kcal/mol
 H-Bond interaction energy in the mix (H_HB)       :        -4.54221 kcal/mol
 VdW interaction energy in the mix (H_vdW)         :        -4.58736 kcal/mol
 Gas liquid transition energy in the mix (H_glt)   :         2.93205 kcal/mol
 Equilibrium constant Kx(1,2)                      :         3.09146
 Equilibrium concentration x_k(1,2)                :         0.75559

 Compound: 2  (3-hexanol)
 Chemical potential of the compound in the mixture :         0.52684 kcal/mol
 Log10(partial pressure [mbar])                    :         1.04071
 Free energy of molecule in mix (E_COSMO+dE+Mu)    :   -196069.01004 kcal/mol
 Total mean interaction energy in the mix (H_int)  :        -8.54771 kcal/mol
 Misfit interaction energy in the mix (H_MF)       :         2.15228 kcal/mol
 H-Bond interaction energy in the mix (H_HB)       :        -2.64437 kcal/mol
 VdW interaction energy in the mix (H_vdW)         :       -19.02431 kcal/mol
 Gas liquid transition energy in the mix (H_glt)   :        10.91712 kcal/mol
 Equilibrium constant Kx(1,2)                      :  3.02978760E-03
 Equilibrium concentration x_k(1,2)                :         0.00302

 Compound: 3  (lacticacid)
 Chemical potential of the compound in the mixture :         4.11101 kcal/mol
 Log10(partial pressure [mbar])                    :        -1.03320
 Free energy of molecule in mix (E_COSMO+dE+Mu)    :   -215744.56913 kcal/mol
 Total mean interaction energy in the mix (H_int)  :        -6.06482 kcal/mol
 Misfit interaction energy in the mix (H_MF)       :         2.35233 kcal/mol
 H-Bond interaction energy in the mix (H_HB)       :        -4.30050 kcal/mol
 VdW interaction energy in the mix (H_vdW)         :       -13.94632 kcal/mol
 Gas liquid transition energy in the mix (H_glt)   :         8.25184 kcal/mol
 Equilibrium constant Kx(1,2)                      :         0.59379
 Equilibrium concentration x_k(1,2)                :         0.37256



 Compound: 1 Conformer: 1 (h2o_c0)
 Chemical potential of the molecule in the mixture :         4.17162 kcal/mol
 Log10(partial pressure [mbar])                    :         2.01889
 Free energy of molecule in mix (E_COSMO+dE+Mu)    :    -47989.08165 kcal/mol
 Total mean interaction energy in the mix          :        -5.20756 kcal/mol
 Misfit interaction energy in the mix              :         0.98997 kcal/mol
 H-Bond interaction energy in the mix              :        -4.54221 kcal/mol
 VdW interaction energy in the mix                 :        -4.58736 kcal/mol
 Gas liquid transition energy in the mix (H_glt)   :         2.93205 kcal/mol
 Normalized weight factor of molecule in compound  :         1.00000
 Normalized weight factor of molecule in gas phase :         1.00000

 Compound: 2 Conformer: 1 (3-hexanol_c0)
 Chemical potential of the molecule in the mixture :         1.77949 kcal/mol
 Log10(partial pressure [mbar])                    :         1.28088
 Free energy of molecule in mix (E_COSMO+dE+Mu)    :   -196067.75400 kcal/mol
 Total mean interaction energy in the mix          :        -8.32463 kcal/mol
 Misfit interaction energy in the mix              :         2.15775 kcal/mol
 H-Bond interaction energy in the mix              :        -2.36085 kcal/mol
 VdW interaction energy in the mix                 :       -19.03866 kcal/mol
 Gas liquid transition energy in the mix (H_glt)   :        10.91712 kcal/mol
 Normalized weight factor of molecule in compound  :         0.13287
 Normalized weight factor of molecule in gas phase :         0.19950

 Compound: 2 Conformer: 2 (3-hexanol_c1)
 Chemical potential of the molecule in the mixture :         1.77885 kcal/mol
 Log10(partial pressure [mbar])                    :         1.27138
 Free energy of molecule in mix (E_COSMO+dE+Mu)    :   -196067.75743 kcal/mol
 Total mean interaction energy in the mix          :        -8.32094 kcal/mol
 Misfit interaction energy in the mix              :         2.17192 kcal/mol
 H-Bond interaction energy in the mix              :        -2.37581 kcal/mol
 VdW interaction energy in the mix                 :       -19.03417 kcal/mol
 Gas liquid transition energy in the mix (H_glt)   :        10.91712 kcal/mol
 Normalized weight factor of molecule in compound  :         0.13360
 Normalized weight factor of molecule in gas phase :         0.20228

 Compound: 2 Conformer: 3 (3-hexanol_c2)
 Chemical potential of the molecule in the mixture :         1.69230 kcal/mol
 Log10(partial pressure [mbar])                    :         1.13300
 Free energy of molecule in mix (E_COSMO+dE+Mu)    :   -196067.84458 kcal/mol
 Total mean interaction energy in the mix          :        -8.32249 kcal/mol
 Misfit interaction energy in the mix              :         2.12920 kcal/mol
 H-Bond interaction energy in the mix              :        -2.31679 kcal/mol
 VdW interaction energy in the mix                 :       -19.05203 kcal/mol
 Gas liquid transition energy in the mix (H_glt)   :        10.91712 kcal/mol
 Normalized weight factor of molecule in compound  :         0.15369
 Normalized weight factor of molecule in gas phase :         0.18514

 Compound: 2 Conformer: 4 (3-hexanol_c3)
 Chemical potential of the molecule in the mixture :         1.39944 kcal/mol
 Log10(partial pressure [mbar])                    :         0.79772
 Free energy of molecule in mix (E_COSMO+dE+Mu)    :   -196068.06766 kcal/mol
 Total mean interaction energy in the mix          :        -8.95900 kcal/mol
 Misfit interaction energy in the mix              :         2.09947 kcal/mol
 H-Bond interaction energy in the mix              :        -2.92765 kcal/mol
 VdW interaction energy in the mix                 :       -19.04793 kcal/mol
 Gas liquid transition energy in the mix (H_glt)   :        10.91712 kcal/mol
 Normalized weight factor of molecule in compound  :         0.21995
 Normalized weight factor of molecule in gas phase :         0.11754

 Compound: 2 Conformer: 5 (3-hexanol_c4)
 Chemical potential of the molecule in the mixture :         2.03669 kcal/mol
 Log10(partial pressure [mbar])                    :         1.20901
 Free energy of molecule in mix (E_COSMO+dE+Mu)    :   -196067.48377 kcal/mol
 Total mean interaction energy in the mix          :        -8.43969 kcal/mol
 Misfit interaction energy in the mix              :         2.26316 kcal/mol
 H-Bond interaction energy in the mix              :        -2.68930 kcal/mol
 VdW interaction energy in the mix                 :       -18.93067 kcal/mol
 Gas liquid transition energy in the mix (H_glt)   :        10.91712 kcal/mol
 Normalized weight factor of molecule in compound  :         0.08606
 Normalized weight factor of molecule in gas phase :         0.10269

 Compound: 2 Conformer: 6 (3-hexanol_c5)
 Chemical potential of the molecule in the mixture :         1.42215 kcal/mol
 Log10(partial pressure [mbar])                    :         0.80368
 Free energy of molecule in mix (E_COSMO+dE+Mu)    :   -196067.95422 kcal/mol
 Total mean interaction energy in the mix          :        -8.90744 kcal/mol
 Misfit interaction energy in the mix              :         2.11682 kcal/mol
 H-Bond interaction energy in the mix              :        -2.90241 kcal/mol
 VdW interaction energy in the mix                 :       -19.03897 kcal/mol
 Gas liquid transition energy in the mix (H_glt)   :        10.91712 kcal/mol
 Normalized weight factor of molecule in compound  :         0.18329
 Normalized weight factor of molecule in gas phase :         0.10123

 Compound: 2 Conformer: 7 (3-hexanol_c6)
 Chemical potential of the molecule in the mixture :         1.96797 kcal/mol
 Log10(partial pressure [mbar])                    :         1.14401
 Free energy of molecule in mix (E_COSMO+dE+Mu)    :   -196067.51531 kcal/mol
 Total mean interaction energy in the mix          :        -8.53678 kcal/mol
 Misfit interaction energy in the mix              :         2.24914 kcal/mol
 H-Bond interaction energy in the mix              :        -2.75950 kcal/mol
 VdW interaction energy in the mix                 :       -18.94354 kcal/mol
 Gas liquid transition energy in the mix (H_glt)   :        10.91712 kcal/mol
 Normalized weight factor of molecule in compound  :         0.09054
 Normalized weight factor of molecule in gas phase :         0.09163

 Compound: 3 Conformer: 1 (lacticacid_c0)
 Chemical potential of the molecule in the mixture :         5.81571 kcal/mol
 Log10(partial pressure [mbar])                    :        -0.98149
 Free energy of molecule in mix (E_COSMO+dE+Mu)    :   -215742.86443 kcal/mol
 Total mean interaction energy in the mix          :        -6.07374 kcal/mol
 Misfit interaction energy in the mix              :         2.72736 kcal/mol
 H-Bond interaction energy in the mix              :        -3.14233 kcal/mol
 VdW interaction energy in the mix                 :       -13.91061 kcal/mol
 Gas liquid transition energy in the mix (H_glt)   :         8.25184 kcal/mol
 Normalized weight factor of molecule in compound  :         0.06461
 Normalized weight factor of molecule in gas phase :         0.00603

 Compound: 3 Conformer: 2 (lacticacid_c1)
 Chemical potential of the molecule in the mixture :         6.20830 kcal/mol
 Log10(partial pressure [mbar])                    :        -0.31711
 Free energy of molecule in mix (E_COSMO+dE+Mu)    :   -215742.29035 kcal/mol
 Total mean interaction energy in the mix          :        -5.57364 kcal/mol
 Misfit interaction energy in the mix              :         2.78471 kcal/mol
 H-Bond interaction energy in the mix              :        -2.73546 kcal/mol
 VdW interaction energy in the mix                 :       -13.87473 kcal/mol
 Gas liquid transition energy in the mix (H_glt)   :         8.25184 kcal/mol
 Normalized weight factor of molecule in compound  :         0.02568
 Normalized weight factor of molecule in gas phase :         0.01137

 Compound: 3 Conformer: 3 (lacticacid_c2)
 Chemical potential of the molecule in the mixture :         3.45478 kcal/mol
 Log10(partial pressure [mbar])                    :        -0.26291
 Free energy of molecule in mix (E_COSMO+dE+Mu)    :   -215744.15169 kcal/mol
 Total mean interaction energy in the mix          :        -7.19270 kcal/mol
 Misfit interaction energy in the mix              :         2.22816 kcal/mol
 H-Bond interaction energy in the mix              :        -3.72244 kcal/mol
 VdW interaction energy in the mix                 :       -13.95027 kcal/mol
 Gas liquid transition energy in the mix (H_glt)   :         8.25184 kcal/mol
 Normalized weight factor of molecule in compound  :         0.51129
 Normalized weight factor of molecule in gas phase :         0.93300

 Compound: 3 Conformer: 4 (lacticacid_c3)
 Chemical potential of the molecule in the mixture :         2.79769 kcal/mol
 Log10(partial pressure [mbar])                    :        -1.75813
 Free energy of molecule in mix (E_COSMO+dE+Mu)    :   -215743.38774 kcal/mol
 Total mean interaction energy in the mix          :        -8.39253 kcal/mol
 Misfit interaction energy in the mix              :         2.36210 kcal/mol
 H-Bond interaction energy in the mix              :        -5.07613 kcal/mol
 VdW interaction energy in the mix                 :       -13.93035 kcal/mol
 Gas liquid transition energy in the mix (H_glt)   :         8.25184 kcal/mol
 Normalized weight factor of molecule in compound  :         0.14980
 Normalized weight factor of molecule in gas phase :         0.02822

 Compound: 3 Conformer: 5 (lacticacid_c4)
 Chemical potential of the molecule in the mixture :         2.89994 kcal/mol
 Log10(partial pressure [mbar])                    :        -3.24751
 Free energy of molecule in mix (E_COSMO+dE+Mu)    :   -215743.19889 kcal/mol
 Total mean interaction energy in the mix          :        -8.95427 kcal/mol
 Misfit interaction energy in the mix              :         2.62209 kcal/mol
 H-Bond interaction energy in the mix              :        -5.85613 kcal/mol
 VdW interaction energy in the mix                 :       -13.97207 kcal/mol
 Gas liquid transition energy in the mix (H_glt)   :         8.25184 kcal/mol
 Normalized weight factor of molecule in compound  :         0.11059
 Normalized weight factor of molecule in gas phase :         0.00067

 Compound: 3 Conformer: 6 (lacticacid_c5)
 Chemical potential of the molecule in the mixture :         2.69870 kcal/mol
 Log10(partial pressure [mbar])                    :        -1.85686
 Free energy of molecule in mix (E_COSMO+dE+Mu)    :   -215743.33677 kcal/mol
 Total mean interaction energy in the mix          :        -8.56402 kcal/mol
 Misfit interaction energy in the mix              :         2.32954 kcal/mol
 H-Bond interaction energy in the mix              :        -5.18698 kcal/mol
 VdW interaction energy in the mix                 :       -13.95843 kcal/mol
 Gas liquid transition energy in the mix (H_glt)   :         8.25184 kcal/mol
 Normalized weight factor of molecule in compound  :         0.13802
 Normalized weight factor of molecule in gas phase :         0.02069




 Results for mixture 9 - LIQ_EX Phase 1 Iteration    4
 ---------------------
 Temperature          :    313.150 K
 Compound Nr.         :         1         2         3
 Compound             :       h2o 3-hexanol lacticaci
 Mole Fraction        :    0.9961    0.0023    0.0016

 Compound: 1  (h2o)
 Chemical potential of the compound in the mixture :         3.46925 kcal/mol
 Log10(partial pressure [mbar])                    :         1.52870
 Free energy of molecule in mix (E_COSMO+dE+Mu)    :    -47989.78403 kcal/mol
 Total mean interaction energy in the mix (H_int)  :        -5.54714 kcal/mol
 Misfit interaction energy in the mix (H_MF)       :         0.59063 kcal/mol
 H-Bond interaction energy in the mix (H_HB)       :        -4.72840 kcal/mol
 VdW interaction energy in the mix (H_vdW)         :        -4.34142 kcal/mol
 Gas liquid transition energy in the mix (H_glt)   :         2.93205 kcal/mol

 Compound: 2  (3-hexanol)
 Chemical potential of the compound in the mixture :         4.14507 kcal/mol
 Log10(partial pressure [mbar])                    :         3.56585
 Free energy of molecule in mix (E_COSMO+dE+Mu)    :   -196065.39181 kcal/mol
 Total mean interaction energy in the mix (H_int)  :        -8.97657 kcal/mol
 Misfit interaction energy in the mix (H_MF)       :         2.45803 kcal/mol
 H-Bond interaction energy in the mix (H_HB)       :        -4.00724 kcal/mol
 VdW interaction energy in the mix (H_vdW)         :       -18.39257 kcal/mol
 Gas liquid transition energy in the mix (H_glt)   :        10.91712 kcal/mol

 Compound: 3  (lacticacid)
 Chemical potential of the compound in the mixture :         4.43842 kcal/mol
 Log10(partial pressure [mbar])                    :        -0.80470
 Free energy of molecule in mix (E_COSMO+dE+Mu)    :   -215744.24173 kcal/mol
 Total mean interaction energy in the mix (H_int)  :        -7.85804 kcal/mol
 Misfit interaction energy in the mix (H_MF)       :         1.99480 kcal/mol
 H-Bond interaction energy in the mix (H_HB)       :        -7.02343 kcal/mol
 VdW interaction energy in the mix (H_vdW)         :       -13.29037 kcal/mol
 Gas liquid transition energy in the mix (H_glt)   :         8.25184 kcal/mol



 Compound: 1 Conformer: 1 (h2o_c0)
 Chemical potential of the molecule in the mixture :         3.46925 kcal/mol
 Log10(partial pressure [mbar])                    :         1.52870
 Free energy of molecule in mix (E_COSMO+dE+Mu)    :    -47989.78403 kcal/mol
 Total mean interaction energy in the mix          :        -5.54714 kcal/mol
 Misfit interaction energy in the mix              :         0.59063 kcal/mol
 H-Bond interaction energy in the mix              :        -4.72840 kcal/mol
 VdW interaction energy in the mix                 :        -4.34142 kcal/mol
 Gas liquid transition energy in the mix (H_glt)   :         2.93205 kcal/mol
 Normalized weight factor of molecule in compound  :         1.00000
 Normalized weight factor of molecule in gas phase :         1.00000

 Compound: 2 Conformer: 1 (3-hexanol_c0)
 Chemical potential of the molecule in the mixture :         5.48920 kcal/mol
 Log10(partial pressure [mbar])                    :         3.86986
 Free energy of molecule in mix (E_COSMO+dE+Mu)    :   -196064.04429 kcal/mol
 Total mean interaction energy in the mix          :        -8.79650 kcal/mol
 Misfit interaction energy in the mix              :         2.43432 kcal/mol
 H-Bond interaction energy in the mix              :        -3.71672 kcal/mol
 VdW interaction energy in the mix                 :       -18.43122 kcal/mol
 Gas liquid transition energy in the mix (H_glt)   :        10.91712 kcal/mol
 Normalized weight factor of molecule in compound  :         0.11470
 Normalized weight factor of molecule in gas phase :         0.19950

 Compound: 2 Conformer: 2 (3-hexanol_c1)
 Chemical potential of the molecule in the mixture :         5.45342 kcal/mol
 Log10(partial pressure [mbar])                    :         3.83583
 Free energy of molecule in mix (E_COSMO+dE+Mu)    :   -196064.08287 kcal/mol
 Total mean interaction energy in the mix          :        -8.81425 kcal/mol
 Misfit interaction energy in the mix              :         2.44800 kcal/mol
 H-Bond interaction energy in the mix              :        -3.75576 kcal/mol
 VdW interaction energy in the mix                 :       -18.42360 kcal/mol
 Gas liquid transition energy in the mix (H_glt)   :        10.91712 kcal/mol
 Normalized weight factor of molecule in compound  :         0.12204
 Normalized weight factor of molecule in gas phase :         0.20228

 Compound: 2 Conformer: 3 (3-hexanol_c2)
 Chemical potential of the molecule in the mixture :         5.58969 kcal/mol
 Log10(partial pressure [mbar])                    :         3.85297
 Free energy of molecule in mix (E_COSMO+dE+Mu)    :   -196063.94719 kcal/mol
 Total mean interaction energy in the mix          :        -8.79409 kcal/mol
 Misfit interaction energy in the mix              :         2.49456 kcal/mol
 H-Bond interaction energy in the mix              :        -3.75714 kcal/mol
 VdW interaction energy in the mix                 :       -18.44863 kcal/mol
 Gas liquid transition energy in the mix (H_glt)   :        10.91712 kcal/mol
 Normalized weight factor of molecule in compound  :         0.09813
 Normalized weight factor of molecule in gas phase :         0.18514

 Compound: 2 Conformer: 4 (3-hexanol_c3)
 Chemical potential of the molecule in the mixture :         5.15986 kcal/mol
 Log10(partial pressure [mbar])                    :         3.42209
 Free energy of molecule in mix (E_COSMO+dE+Mu)    :   -196064.30724 kcal/mol
 Total mean interaction energy in the mix          :        -9.13634 kcal/mol
 Misfit interaction energy in the mix              :         2.43964 kcal/mol
 H-Bond interaction energy in the mix              :        -4.06170 kcal/mol
 VdW interaction energy in the mix                 :       -18.43140 kcal/mol
 Gas liquid transition energy in the mix (H_glt)   :        10.91712 kcal/mol
 Normalized weight factor of molecule in compound  :         0.17502
 Normalized weight factor of molecule in gas phase :         0.11754

 Compound: 2 Conformer: 5 (3-hexanol_c4)
 Chemical potential of the molecule in the mixture :         5.24773 kcal/mol
 Log10(partial pressure [mbar])                    :         3.44998
 Free energy of molecule in mix (E_COSMO+dE+Mu)    :   -196064.27272 kcal/mol
 Total mean interaction energy in the mix          :        -9.16670 kcal/mol
 Misfit interaction energy in the mix              :         2.45893 kcal/mol
 H-Bond interaction energy in the mix              :        -4.22935 kcal/mol
 VdW interaction energy in the mix                 :       -18.31340 kcal/mol
 Gas liquid transition energy in the mix (H_glt)   :        10.91712 kcal/mol
 Normalized weight factor of molecule in compound  :         0.16557
 Normalized weight factor of molecule in gas phase :         0.10269

 Compound: 2 Conformer: 6 (3-hexanol_c5)
 Chemical potential of the molecule in the mixture :         5.19452 kcal/mol
 Log10(partial pressure [mbar])                    :         3.43640
 Free energy of molecule in mix (E_COSMO+dE+Mu)    :   -196064.18185 kcal/mol
 Total mean interaction energy in the mix          :        -9.08499 kcal/mol
 Misfit interaction energy in the mix              :         2.46585 kcal/mol
 H-Bond interaction energy in the mix              :        -4.04552 kcal/mol
 VdW interaction energy in the mix                 :       -18.42244 kcal/mol
 Gas liquid transition energy in the mix (H_glt)   :        10.91712 kcal/mol
 Normalized weight factor of molecule in compound  :         0.14308
 Normalized weight factor of molecule in gas phase :         0.10123

 Compound: 2 Conformer: 7 (3-hexanol_c6)
 Chemical potential of the molecule in the mixture :         5.15354 kcal/mol
 Log10(partial pressure [mbar])                    :         3.36721
 Free energy of molecule in mix (E_COSMO+dE+Mu)    :   -196064.32973 kcal/mol
 Total mean interaction energy in the mix          :        -9.15015 kcal/mol
 Misfit interaction energy in the mix              :         2.47077 kcal/mol
 H-Bond interaction energy in the mix              :        -4.20987 kcal/mol
 VdW interaction energy in the mix                 :       -18.32817 kcal/mol
 Gas liquid transition energy in the mix (H_glt)   :        10.91712 kcal/mol
 Normalized weight factor of molecule in compound  :         0.18146
 Normalized weight factor of molecule in gas phase :         0.09163

 Compound: 3 Conformer: 1 (lacticacid_c0)
 Chemical potential of the molecule in the mixture :         6.38722 kcal/mol
 Log10(partial pressure [mbar])                    :        -0.58263
 Free energy of molecule in mix (E_COSMO+dE+Mu)    :   -215742.29293 kcal/mol
 Total mean interaction energy in the mix          :        -7.34885 kcal/mol
 Misfit interaction energy in the mix              :         2.03104 kcal/mol
 H-Bond interaction energy in the mix              :        -4.39217 kcal/mol
 VdW interaction energy in the mix                 :       -13.23956 kcal/mol
 Gas liquid transition energy in the mix (H_glt)   :         8.25184 kcal/mol
 Normalized weight factor of molecule in compound  :         0.04365
 Normalized weight factor of molecule in gas phase :         0.00603

 Compound: 3 Conformer: 2 (lacticacid_c1)
 Chemical potential of the molecule in the mixture :         6.50942 kcal/mol
 Log10(partial pressure [mbar])                    :        -0.10696
 Free energy of molecule in mix (E_COSMO+dE+Mu)    :   -215741.98923 kcal/mol
 Total mean interaction energy in the mix          :        -6.91357 kcal/mol
 Misfit interaction energy in the mix              :         2.13860 kcal/mol
 H-Bond interaction energy in the mix              :        -4.08736 kcal/mol
 VdW interaction energy in the mix                 :       -13.21665 kcal/mol
 Gas liquid transition energy in the mix (H_glt)   :         8.25184 kcal/mol
 Normalized weight factor of molecule in compound  :         0.02679
 Normalized weight factor of molecule in gas phase :         0.01137

 Compound: 3 Conformer: 3 (lacticacid_c2)
 Chemical potential of the molecule in the mixture :         4.66004 kcal/mol
 Log10(partial pressure [mbar])                    :         0.57824
 Free energy of molecule in mix (E_COSMO+dE+Mu)    :   -215742.94642 kcal/mol
 Total mean interaction energy in the mix          :        -8.01788 kcal/mol
 Misfit interaction energy in the mix              :         2.07051 kcal/mol
 H-Bond interaction energy in the mix              :        -5.03839 kcal/mol
 VdW interaction energy in the mix                 :       -13.30184 kcal/mol
 Gas liquid transition energy in the mix (H_glt)   :         8.25184 kcal/mol
 Normalized weight factor of molecule in compound  :         0.12474
 Normalized weight factor of molecule in gas phase :         0.93300

 Compound: 3 Conformer: 4 (lacticacid_c3)
 Chemical potential of the molecule in the mixture :         2.91073 kcal/mol
 Log10(partial pressure [mbar])                    :        -1.67924
 Free energy of molecule in mix (E_COSMO+dE+Mu)    :   -215743.27470 kcal/mol
 Total mean interaction energy in the mix          :       -10.12880 kcal/mol
 Misfit interaction energy in the mix              :         1.99209 kcal/mol
 H-Bond interaction energy in the mix              :        -7.09467 kcal/mol
 VdW interaction energy in the mix                 :       -13.27806 kcal/mol
 Gas liquid transition energy in the mix (H_glt)   :         8.25184 kcal/mol
 Normalized weight factor of molecule in compound  :         0.21141
 Normalized weight factor of molecule in gas phase :         0.02822

 Compound: 3 Conformer: 5 (lacticacid_c4)
 Chemical potential of the molecule in the mixture :         2.40045 kcal/mol
 Log10(partial pressure [mbar])                    :        -3.59610
 Free energy of molecule in mix (E_COSMO+dE+Mu)    :   -215743.69838 kcal/mol
 Total mean interaction energy in the mix          :       -11.07688 kcal/mol
 Misfit interaction energy in the mix              :         1.97188 kcal/mol
 H-Bond interaction energy in the mix              :        -8.00128 kcal/mol
 VdW interaction energy in the mix                 :       -13.29932 kcal/mol
 Gas liquid transition energy in the mix (H_glt)   :         8.25184 kcal/mol
 Normalized weight factor of molecule in compound  :         0.41764
 Normalized weight factor of molecule in gas phase :         0.00067

 Compound: 3 Conformer: 6 (lacticacid_c5)
 Chemical potential of the molecule in the mixture :         2.87562 kcal/mol
 Log10(partial pressure [mbar])                    :        -1.73339
 Free energy of molecule in mix (E_COSMO+dE+Mu)    :   -215743.15985 kcal/mol
 Total mean interaction energy in the mix          :       -10.20387 kcal/mol
 Misfit interaction energy in the mix              :         1.96789 kcal/mol
 H-Bond interaction energy in the mix              :        -7.12399 kcal/mol
 VdW interaction energy in the mix                 :       -13.29961 kcal/mol
 Gas liquid transition energy in the mix (H_glt)   :         8.25184 kcal/mol
 Normalized weight factor of molecule in compound  :         0.17578
 Normalized weight factor of molecule in gas phase :         0.02069




 Results for mixture 10 - LIQ_EX Phase 2 Iteration    4
 ----------------------
 Temperature          :    313.150 K
 Compound Nr.         :         1         2         3
 Compound             :       h2o 3-hexanol lacticaci
 Mole Fraction        :    0.2994    0.6981    0.0025

 Compound: 1  (h2o)
 Chemical potential of the compound in the mixture :         4.15698 kcal/mol
 Log10(partial pressure [mbar])                    :         2.00866
 Free energy of molecule in mix (E_COSMO+dE+Mu)    :    -47989.09630 kcal/mol
 Total mean interaction energy in the mix (H_int)  :        -5.23871 kcal/mol
 Misfit interaction energy in the mix (H_MF)       :         0.95841 kcal/mol
 H-Bond interaction energy in the mix (H_HB)       :        -4.54728 kcal/mol
 VdW interaction energy in the mix (H_vdW)         :        -4.58189 kcal/mol
 Gas liquid transition energy in the mix (H_glt)   :         2.93205 kcal/mol
 Equilibrium constant Kx(1,2)                      :         3.01969
 Equilibrium concentration x_k(1,2)                :         0.75122

 Compound: 2  (3-hexanol)
 Chemical potential of the compound in the mixture :         0.53300 kcal/mol
 Log10(partial pressure [mbar])                    :         1.04501
 Free energy of molecule in mix (E_COSMO+dE+Mu)    :   -196069.00388 kcal/mol
 Total mean interaction energy in the mix (H_int)  :        -8.56810 kcal/mol
 Misfit interaction energy in the mix (H_MF)       :         2.17041 kcal/mol
 H-Bond interaction energy in the mix (H_HB)       :        -2.69273 kcal/mol
 VdW interaction energy in the mix (H_vdW)         :       -19.01430 kcal/mol
 Gas liquid transition energy in the mix (H_glt)   :        10.91712 kcal/mol
 Equilibrium constant Kx(1,2)                      :  3.01412465E-03
 Equilibrium concentration x_k(1,2)                :         0.00301

 Compound: 3  (lacticacid)
 Chemical potential of the compound in the mixture :         4.08625 kcal/mol
 Log10(partial pressure [mbar])                    :        -1.05048
 Free energy of molecule in mix (E_COSMO+dE+Mu)    :   -215744.59389 kcal/mol
 Total mean interaction energy in the mix (H_int)  :        -6.12507 kcal/mol
 Misfit interaction energy in the mix (H_MF)       :         2.32535 kcal/mol
 H-Bond interaction energy in the mix (H_HB)       :        -4.35982 kcal/mol
 VdW interaction energy in the mix (H_vdW)         :       -13.93556 kcal/mol
 Gas liquid transition energy in the mix (H_glt)   :         8.25184 kcal/mol
 Equilibrium constant Kx(1,2)                      :         0.56784
 Equilibrium concentration x_k(1,2)                :         0.36218



 Compound: 1 Conformer: 1 (h2o_c0)
 Chemical potential of the molecule in the mixture :         4.15698 kcal/mol
 Log10(partial pressure [mbar])                    :         2.00866
 Free energy of molecule in mix (E_COSMO+dE+Mu)    :    -47989.09630 kcal/mol
 Total mean interaction energy in the mix          :        -5.23871 kcal/mol
 Misfit interaction energy in the mix              :         0.95841 kcal/mol
 H-Bond interaction energy in the mix              :        -4.54728 kcal/mol
 VdW interaction energy in the mix                 :        -4.58189 kcal/mol
 Gas liquid transition energy in the mix (H_glt)   :         2.93205 kcal/mol
 Normalized weight factor of molecule in compound  :         1.00000
 Normalized weight factor of molecule in gas phase :         1.00000

 Compound: 2 Conformer: 1 (3-hexanol_c0)
 Chemical potential of the molecule in the mixture :         1.78498 kcal/mol
 Log10(partial pressure [mbar])                    :         1.28471
 Free energy of molecule in mix (E_COSMO+dE+Mu)    :   -196067.74851 kcal/mol
 Total mean interaction energy in the mix          :        -8.34299 kcal/mol
 Misfit interaction energy in the mix              :         2.17634 kcal/mol
 H-Bond interaction energy in the mix              :        -2.40728 kcal/mol
 VdW interaction energy in the mix                 :       -19.02917 kcal/mol
 Gas liquid transition energy in the mix (H_glt)   :        10.91712 kcal/mol
 Normalized weight factor of molecule in compound  :         0.13301
 Normalized weight factor of molecule in gas phase :         0.19950

 Compound: 2 Conformer: 2 (3-hexanol_c1)
 Chemical potential of the molecule in the mixture :         1.78364 kcal/mol
 Log10(partial pressure [mbar])                    :         1.27472
 Free energy of molecule in mix (E_COSMO+dE+Mu)    :   -196067.75265 kcal/mol
 Total mean interaction energy in the mix          :        -8.34038 kcal/mol
 Misfit interaction energy in the mix              :         2.19085 kcal/mol
 H-Bond interaction energy in the mix              :        -2.42374 kcal/mol
 VdW interaction energy in the mix                 :       -19.02461 kcal/mol
 Gas liquid transition energy in the mix (H_glt)   :        10.91712 kcal/mol
 Normalized weight factor of molecule in compound  :         0.13390
 Normalized weight factor of molecule in gas phase :         0.20228

 Compound: 2 Conformer: 3 (3-hexanol_c2)
 Chemical potential of the molecule in the mixture :         1.70501 kcal/mol
 Log10(partial pressure [mbar])                    :         1.14187
 Free energy of molecule in mix (E_COSMO+dE+Mu)    :   -196067.83187 kcal/mol
 Total mean interaction energy in the mix          :        -8.34742 kcal/mol
 Misfit interaction energy in the mix              :         2.14386 kcal/mol
 H-Bond interaction energy in the mix              :        -2.36542 kcal/mol
 VdW interaction energy in the mix                 :       -19.04298 kcal/mol
 Gas liquid transition energy in the mix (H_glt)   :        10.91712 kcal/mol
 Normalized weight factor of molecule in compound  :         0.15208
 Normalized weight factor of molecule in gas phase :         0.18514

 Compound: 2 Conformer: 4 (3-hexanol_c3)
 Chemical potential of the molecule in the mixture :         1.40990 kcal/mol
 Log10(partial pressure [mbar])                    :         0.80502
 Free energy of molecule in mix (E_COSMO+dE+Mu)    :   -196068.05720 kcal/mol
 Total mean interaction energy in the mix          :        -8.97419 kcal/mol
 Misfit interaction energy in the mix              :         2.11624 kcal/mol
 H-Bond interaction energy in the mix              :        -2.96919 kcal/mol
 VdW interaction energy in the mix                 :       -19.03836 kcal/mol
 Gas liquid transition energy in the mix (H_glt)   :        10.91712 kcal/mol
 Normalized weight factor of molecule in compound  :         0.21843
 Normalized weight factor of molecule in gas phase :         0.11754

 Compound: 2 Conformer: 5 (3-hexanol_c4)
 Chemical potential of the molecule in the mixture :         2.03078 kcal/mol
 Log10(partial pressure [mbar])                    :         1.20489
 Free energy of molecule in mix (E_COSMO+dE+Mu)    :   -196067.48967 kcal/mol
 Total mean interaction energy in the mix          :        -8.47497 kcal/mol
 Misfit interaction energy in the mix              :         2.28322 kcal/mol
 H-Bond interaction energy in the mix              :        -2.75473 kcal/mol
 VdW interaction energy in the mix                 :       -18.92058 kcal/mol
 Gas liquid transition energy in the mix (H_glt)   :        10.91712 kcal/mol
 Normalized weight factor of molecule in compound  :         0.08775
 Normalized weight factor of molecule in gas phase :         0.10269

 Compound: 2 Conformer: 6 (3-hexanol_c5)
 Chemical potential of the molecule in the mixture :         1.43275 kcal/mol
 Log10(partial pressure [mbar])                    :         0.81108
 Free energy of molecule in mix (E_COSMO+dE+Mu)    :   -196067.94362 kcal/mol
 Total mean interaction energy in the mix          :        -8.92178 kcal/mol
 Misfit interaction energy in the mix              :         2.13346 kcal/mol
 H-Bond interaction energy in the mix              :        -2.94289 kcal/mol
 VdW interaction energy in the mix                 :       -19.02947 kcal/mol
 Gas liquid transition energy in the mix (H_glt)   :        10.91712 kcal/mol
 Normalized weight factor of molecule in compound  :         0.18199
 Normalized weight factor of molecule in gas phase :         0.10123

 Compound: 2 Conformer: 7 (3-hexanol_c6)
 Chemical potential of the molecule in the mixture :         1.95850 kcal/mol
 Log10(partial pressure [mbar])                    :         1.13741
 Free energy of molecule in mix (E_COSMO+dE+Mu)    :   -196067.52477 kcal/mol
 Total mean interaction energy in the mix          :        -8.57348 kcal/mol
 Misfit interaction energy in the mix              :         2.26913 kcal/mol
 H-Bond interaction energy in the mix              :        -2.82635 kcal/mol
 VdW interaction energy in the mix                 :       -18.93338 kcal/mol
 Gas liquid transition energy in the mix (H_glt)   :        10.91712 kcal/mol
 Normalized weight factor of molecule in compound  :         0.09284
 Normalized weight factor of molecule in gas phase :         0.09163

 Compound: 3 Conformer: 1 (lacticacid_c0)
 Chemical potential of the molecule in the mixture :         5.79018 kcal/mol
 Log10(partial pressure [mbar])                    :        -0.99930
 Free energy of molecule in mix (E_COSMO+dE+Mu)    :   -215742.88996 kcal/mol
 Total mean interaction energy in the mix          :        -6.13532 kcal/mol
 Misfit interaction energy in the mix              :         2.68306 kcal/mol
 H-Bond interaction energy in the mix              :        -3.16987 kcal/mol
 VdW interaction energy in the mix                 :       -13.90035 kcal/mol
 Gas liquid transition energy in the mix (H_glt)   :         8.25184 kcal/mol
 Normalized weight factor of molecule in compound  :         0.06469
 Normalized weight factor of molecule in gas phase :         0.00603

 Compound: 3 Conformer: 2 (lacticacid_c1)
 Chemical potential of the molecule in the mixture :         6.17338 kcal/mol
 Log10(partial pressure [mbar])                    :        -0.34148
 Free energy of molecule in mix (E_COSMO+dE+Mu)    :   -215742.32527 kcal/mol
 Total mean interaction energy in the mix          :        -5.62923 kcal/mol
 Misfit interaction energy in the mix              :         2.74819 kcal/mol
 H-Bond interaction energy in the mix              :        -2.76510 kcal/mol
 VdW interaction energy in the mix                 :       -13.86416 kcal/mol
 Gas liquid transition energy in the mix (H_glt)   :         8.25184 kcal/mol
 Normalized weight factor of molecule in compound  :         0.02611
 Normalized weight factor of molecule in gas phase :         0.01137

 Compound: 3 Conformer: 3 (lacticacid_c2)
 Chemical potential of the molecule in the mixture :         3.44360 kcal/mol
 Log10(partial pressure [mbar])                    :        -0.27070
 Free energy of molecule in mix (E_COSMO+dE+Mu)    :   -215744.16286 kcal/mol
 Total mean interaction energy in the mix          :        -7.23719 kcal/mol
 Misfit interaction energy in the mix              :         2.20678 kcal/mol
 H-Bond interaction energy in the mix              :        -3.75547 kcal/mol
 VdW interaction energy in the mix                 :       -13.94035 kcal/mol
 Gas liquid transition energy in the mix (H_glt)   :         8.25184 kcal/mol
 Normalized weight factor of molecule in compound  :         0.50025
 Normalized weight factor of molecule in gas phase :         0.93300

 Compound: 3 Conformer: 4 (lacticacid_c3)
 Chemical potential of the molecule in the mixture :         2.75861 kcal/mol
 Log10(partial pressure [mbar])                    :        -1.78540
 Free energy of molecule in mix (E_COSMO+dE+Mu)    :   -215743.42682 kcal/mol
 Total mean interaction energy in the mix          :        -8.46847 kcal/mol
 Misfit interaction energy in the mix              :         2.32659 kcal/mol
 H-Bond interaction energy in the mix              :        -5.12821 kcal/mol
 VdW interaction energy in the mix                 :       -13.91870 kcal/mol
 Gas liquid transition energy in the mix (H_glt)   :         8.25184 kcal/mol
 Normalized weight factor of molecule in compound  :         0.15329
 Normalized weight factor of molecule in gas phase :         0.02822

 Compound: 3 Conformer: 5 (lacticacid_c4)
 Chemical potential of the molecule in the mixture :         2.84977 kcal/mol
 Log10(partial pressure [mbar])                    :        -3.28252
 Free energy of molecule in mix (E_COSMO+dE+Mu)    :   -215743.24906 kcal/mol
 Total mean interaction energy in the mix          :        -9.05142 kcal/mol
 Misfit interaction energy in the mix              :         2.58178 kcal/mol
 H-Bond interaction energy in the mix              :        -5.92538 kcal/mol
 VdW interaction energy in the mix                 :       -13.95965 kcal/mol
 Gas liquid transition energy in the mix (H_glt)   :         8.25184 kcal/mol
 Normalized weight factor of molecule in compound  :         0.11520
 Normalized weight factor of molecule in gas phase :         0.00067

 Compound: 3 Conformer: 6 (lacticacid_c5)
 Chemical potential of the molecule in the mixture :         2.66299 kcal/mol
 Log10(partial pressure [mbar])                    :        -1.88178
 Free energy of molecule in mix (E_COSMO+dE+Mu)    :   -215743.37247 kcal/mol
 Total mean interaction energy in the mix          :        -8.63618 kcal/mol
 Misfit interaction energy in the mix              :         2.29263 kcal/mol
 H-Bond interaction energy in the mix              :        -5.23403 kcal/mol
 VdW interaction energy in the mix                 :       -13.94662 kcal/mol
 Gas liquid transition energy in the mix (H_glt)   :         8.25184 kcal/mol
 Normalized weight factor of molecule in compound  :         0.14047
 Normalized weight factor of molecule in gas phase :         0.02069




 Results for mixture 11 - LIQ_EX Phase 1 Iteration    5
 ----------------------
 Temperature          :    313.150 K
 Compound Nr.         :         1         2         3
 Compound             :       h2o 3-hexanol lacticaci
 Mole Fraction        :    0.9963    0.0022    0.0015

 Compound: 1  (h2o)
 Chemical potential of the compound in the mixture :         3.46923 kcal/mol
 Log10(partial pressure [mbar])                    :         1.52869
 Free energy of molecule in mix (E_COSMO+dE+Mu)    :    -47989.78404 kcal/mol
 Total mean interaction energy in the mix (H_int)  :        -5.54694 kcal/mol
 Misfit interaction energy in the mix (H_MF)       :         0.59068 kcal/mol
 H-Bond interaction energy in the mix (H_HB)       :        -4.72843 kcal/mol
 VdW interaction energy in the mix (H_vdW)         :        -4.34125 kcal/mol
 Gas liquid transition energy in the mix (H_glt)   :         2.93205 kcal/mol

 Compound: 2  (3-hexanol)
 Chemical potential of the compound in the mixture :         4.15016 kcal/mol
 Log10(partial pressure [mbar])                    :         3.56941
 Free energy of molecule in mix (E_COSMO+dE+Mu)    :   -196065.38672 kcal/mol
 Total mean interaction energy in the mix (H_int)  :        -8.97703 kcal/mol
 Misfit interaction energy in the mix (H_MF)       :         2.45713 kcal/mol
 H-Bond interaction energy in the mix (H_HB)       :        -4.00756 kcal/mol
 VdW interaction energy in the mix (H_vdW)         :       -18.39180 kcal/mol
 Gas liquid transition energy in the mix (H_glt)   :        10.91712 kcal/mol

 Compound: 3  (lacticacid)
 Chemical potential of the compound in the mixture :         4.44007 kcal/mol
 Log10(partial pressure [mbar])                    :        -0.80355
 Free energy of molecule in mix (E_COSMO+dE+Mu)    :   -215744.24008 kcal/mol
 Total mean interaction energy in the mix (H_int)  :        -7.85899 kcal/mol
 Misfit interaction energy in the mix (H_MF)       :         1.99412 kcal/mol
 H-Bond interaction energy in the mix (H_HB)       :        -7.02459 kcal/mol
 VdW interaction energy in the mix (H_vdW)         :       -13.28972 kcal/mol
 Gas liquid transition energy in the mix (H_glt)   :         8.25184 kcal/mol



 Compound: 1 Conformer: 1 (h2o_c0)
 Chemical potential of the molecule in the mixture :         3.46923 kcal/mol
 Log10(partial pressure [mbar])                    :         1.52869
 Free energy of molecule in mix (E_COSMO+dE+Mu)    :    -47989.78404 kcal/mol
 Total mean interaction energy in the mix          :        -5.54694 kcal/mol
 Misfit interaction energy in the mix              :         0.59068 kcal/mol
 H-Bond interaction energy in the mix              :        -4.72843 kcal/mol
 VdW interaction energy in the mix                 :        -4.34125 kcal/mol
 Gas liquid transition energy in the mix (H_glt)   :         2.93205 kcal/mol
 Normalized weight factor of molecule in compound  :         1.00000
 Normalized weight factor of molecule in gas phase :         1.00000

 Compound: 2 Conformer: 1 (3-hexanol_c0)
 Chemical potential of the molecule in the mixture :         5.49436 kcal/mol
 Log10(partial pressure [mbar])                    :         3.87347
 Free energy of molecule in mix (E_COSMO+dE+Mu)    :   -196064.03912 kcal/mol
 Total mean interaction energy in the mix          :        -8.79707 kcal/mol
 Misfit interaction energy in the mix              :         2.43336 kcal/mol
 H-Bond interaction energy in the mix              :        -3.71708 kcal/mol
 VdW interaction energy in the mix                 :       -18.43047 kcal/mol
 Gas liquid transition energy in the mix (H_glt)   :        10.91712 kcal/mol
 Normalized weight factor of molecule in compound  :         0.11469
 Normalized weight factor of molecule in gas phase :         0.19950

 Compound: 2 Conformer: 2 (3-hexanol_c1)
 Chemical potential of the molecule in the mixture :         5.45857 kcal/mol
 Log10(partial pressure [mbar])                    :         3.83943
 Free energy of molecule in mix (E_COSMO+dE+Mu)    :   -196064.07771 kcal/mol
 Total mean interaction energy in the mix          :        -8.81480 kcal/mol
 Misfit interaction energy in the mix              :         2.44705 kcal/mol
 H-Bond interaction energy in the mix              :        -3.75612 kcal/mol
 VdW interaction energy in the mix                 :       -18.42285 kcal/mol
 Gas liquid transition energy in the mix (H_glt)   :        10.91712 kcal/mol
 Normalized weight factor of molecule in compound  :         0.12203
 Normalized weight factor of molecule in gas phase :         0.20228

 Compound: 2 Conformer: 3 (3-hexanol_c2)
 Chemical potential of the molecule in the mixture :         5.59495 kcal/mol
 Log10(partial pressure [mbar])                    :         3.85664
 Free energy of molecule in mix (E_COSMO+dE+Mu)    :   -196063.94193 kcal/mol
 Total mean interaction energy in the mix          :        -8.79452 kcal/mol
 Misfit interaction energy in the mix              :         2.49374 kcal/mol
 H-Bond interaction energy in the mix              :        -3.75750 kcal/mol
 VdW interaction energy in the mix                 :       -18.44788 kcal/mol
 Gas liquid transition energy in the mix (H_glt)   :        10.91712 kcal/mol
 Normalized weight factor of molecule in compound  :         0.09811
 Normalized weight factor of molecule in gas phase :         0.18514

 Compound: 2 Conformer: 4 (3-hexanol_c3)
 Chemical potential of the molecule in the mixture :         5.16499 kcal/mol
 Log10(partial pressure [mbar])                    :         3.42568
 Free energy of molecule in mix (E_COSMO+dE+Mu)    :   -196064.30211 kcal/mol
 Total mean interaction energy in the mix          :        -9.13675 kcal/mol
 Misfit interaction energy in the mix              :         2.43874 kcal/mol
 H-Bond interaction energy in the mix              :        -4.06197 kcal/mol
 VdW interaction energy in the mix                 :       -18.43065 kcal/mol
 Gas liquid transition energy in the mix (H_glt)   :        10.91712 kcal/mol
 Normalized weight factor of molecule in compound  :         0.17501
 Normalized weight factor of molecule in gas phase :         0.11754

 Compound: 2 Conformer: 5 (3-hexanol_c4)
 Chemical potential of the molecule in the mixture :         5.25270 kcal/mol
 Log10(partial pressure [mbar])                    :         3.45345
 Free energy of molecule in mix (E_COSMO+dE+Mu)    :   -196064.26775 kcal/mol
 Total mean interaction energy in the mix          :        -9.16715 kcal/mol
 Misfit interaction energy in the mix              :         2.45800 kcal/mol
 H-Bond interaction energy in the mix              :        -4.22963 kcal/mol
 VdW interaction energy in the mix                 :       -18.31265 kcal/mol
 Gas liquid transition energy in the mix (H_glt)   :        10.91712 kcal/mol
 Normalized weight factor of molecule in compound  :         0.16561
 Normalized weight factor of molecule in gas phase :         0.10269

 Compound: 2 Conformer: 6 (3-hexanol_c5)
 Chemical potential of the molecule in the mixture :         5.19966 kcal/mol
 Log10(partial pressure [mbar])                    :         3.43999
 Free energy of molecule in mix (E_COSMO+dE+Mu)    :   -196064.17671 kcal/mol
 Total mean interaction energy in the mix          :        -9.08539 kcal/mol
 Misfit interaction energy in the mix              :         2.46498 kcal/mol
 H-Bond interaction energy in the mix              :        -4.04581 kcal/mol
 VdW interaction energy in the mix                 :       -18.42168 kcal/mol
 Gas liquid transition energy in the mix (H_glt)   :        10.91712 kcal/mol
 Normalized weight factor of molecule in compound  :         0.14307
 Normalized weight factor of molecule in gas phase :         0.10123

 Compound: 2 Conformer: 7 (3-hexanol_c6)
 Chemical potential of the molecule in the mixture :         5.15853 kcal/mol
 Log10(partial pressure [mbar])                    :         3.37068
 Free energy of molecule in mix (E_COSMO+dE+Mu)    :   -196064.32475 kcal/mol
 Total mean interaction energy in the mix          :        -9.15053 kcal/mol
 Misfit interaction energy in the mix              :         2.46986 kcal/mol
 H-Bond interaction energy in the mix              :        -4.21011 kcal/mol
 VdW interaction energy in the mix                 :       -18.32741 kcal/mol
 Gas liquid transition energy in the mix (H_glt)   :        10.91712 kcal/mol
 Normalized weight factor of molecule in compound  :         0.18149
 Normalized weight factor of molecule in gas phase :         0.09163

 Compound: 3 Conformer: 1 (lacticacid_c0)
 Chemical potential of the molecule in the mixture :         6.38905 kcal/mol
 Log10(partial pressure [mbar])                    :        -0.58136
 Free energy of molecule in mix (E_COSMO+dE+Mu)    :   -215742.29109 kcal/mol
 Total mean interaction energy in the mix          :        -7.34950 kcal/mol
 Misfit interaction energy in the mix              :         2.03026 kcal/mol
 H-Bond interaction energy in the mix              :        -4.39271 kcal/mol
 VdW interaction energy in the mix                 :       -13.23889 kcal/mol
 Gas liquid transition energy in the mix (H_glt)   :         8.25184 kcal/mol
 Normalized weight factor of molecule in compound  :         0.04363
 Normalized weight factor of molecule in gas phase :         0.00603

 Compound: 3 Conformer: 2 (lacticacid_c1)
 Chemical potential of the molecule in the mixture :         6.51119 kcal/mol
 Log10(partial pressure [mbar])                    :        -0.10572
 Free energy of molecule in mix (E_COSMO+dE+Mu)    :   -215741.98745 kcal/mol
 Total mean interaction energy in the mix          :        -6.91411 kcal/mol
 Misfit interaction energy in the mix              :         2.13798 kcal/mol
 H-Bond interaction energy in the mix              :        -4.08795 kcal/mol
 VdW interaction energy in the mix                 :       -13.21597 kcal/mol
 Gas liquid transition energy in the mix (H_glt)   :         8.25184 kcal/mol
 Normalized weight factor of molecule in compound  :         0.02679
 Normalized weight factor of molecule in gas phase :         0.01137

 Compound: 3 Conformer: 3 (lacticacid_c2)
 Chemical potential of the molecule in the mixture :         4.66236 kcal/mol
 Log10(partial pressure [mbar])                    :         0.57986
 Free energy of molecule in mix (E_COSMO+dE+Mu)    :   -215742.94410 kcal/mol
 Total mean interaction energy in the mix          :        -8.01827 kcal/mol
 Misfit interaction energy in the mix              :         2.06995 kcal/mol
 H-Bond interaction energy in the mix              :        -5.03891 kcal/mol
 VdW interaction energy in the mix                 :       -13.30116 kcal/mol
 Gas liquid transition energy in the mix (H_glt)   :         8.25184 kcal/mol
 Normalized weight factor of molecule in compound  :         0.12461
 Normalized weight factor of molecule in gas phase :         0.93300

 Compound: 3 Conformer: 4 (lacticacid_c3)
 Chemical potential of the molecule in the mixture :         2.91240 kcal/mol
 Log10(partial pressure [mbar])                    :        -1.67807
 Free energy of molecule in mix (E_COSMO+dE+Mu)    :   -215743.27303 kcal/mol
 Total mean interaction energy in the mix          :       -10.12956 kcal/mol
 Misfit interaction energy in the mix              :         1.99145 kcal/mol
 H-Bond interaction energy in the mix              :        -7.09543 kcal/mol
 VdW interaction energy in the mix                 :       -13.27742 kcal/mol
 Gas liquid transition energy in the mix (H_glt)   :         8.25184 kcal/mol
 Normalized weight factor of molecule in compound  :         0.21140
 Normalized weight factor of molecule in gas phase :         0.02822

 Compound: 3 Conformer: 5 (lacticacid_c4)
 Chemical potential of the molecule in the mixture :         2.40186 kcal/mol
 Log10(partial pressure [mbar])                    :        -3.59512
 Free energy of molecule in mix (E_COSMO+dE+Mu)    :   -215743.69697 kcal/mol
 Total mean interaction energy in the mix          :       -11.07764 kcal/mol
 Misfit interaction energy in the mix              :         1.97116 kcal/mol
 H-Bond interaction energy in the mix              :        -8.00196 kcal/mol
 VdW interaction energy in the mix                 :       -13.29868 kcal/mol
 Gas liquid transition energy in the mix (H_glt)   :         8.25184 kcal/mol
 Normalized weight factor of molecule in compound  :         0.41780
 Normalized weight factor of molecule in gas phase :         0.00067

 Compound: 3 Conformer: 6 (lacticacid_c5)
 Chemical potential of the molecule in the mixture :         2.87730 kcal/mol
 Log10(partial pressure [mbar])                    :        -1.73222
 Free energy of molecule in mix (E_COSMO+dE+Mu)    :   -215743.15817 kcal/mol
 Total mean interaction energy in the mix          :       -10.20463 kcal/mol
 Misfit interaction energy in the mix              :         1.96725 kcal/mol
 H-Bond interaction energy in the mix              :        -7.12475 kcal/mol
 VdW interaction energy in the mix                 :       -13.29897 kcal/mol
 Gas liquid transition energy in the mix (H_glt)   :         8.25184 kcal/mol
 Normalized weight factor of molecule in compound  :         0.17577
 Normalized weight factor of molecule in gas phase :         0.02069




 Results for mixture 12 - LIQ_EX Phase 2 Iteration    5
 ----------------------
 Temperature          :    313.150 K
 Compound Nr.         :         1         2         3
 Compound             :       h2o 3-hexanol lacticaci
 Mole Fraction        :    0.3150    0.6825    0.0026

 Compound: 1  (h2o)
 Chemical potential of the compound in the mixture :         4.14791 kcal/mol
 Log10(partial pressure [mbar])                    :         2.00234
 Free energy of molecule in mix (E_COSMO+dE+Mu)    :    -47989.10536 kcal/mol
 Total mean interaction energy in the mix (H_int)  :        -5.25862 kcal/mol
 Misfit interaction energy in the mix (H_MF)       :         0.93831 kcal/mol
 H-Bond interaction energy in the mix (H_HB)       :        -4.55054 kcal/mol
 VdW interaction energy in the mix (H_vdW)         :        -4.57845 kcal/mol
 Gas liquid transition energy in the mix (H_glt)   :         2.93205 kcal/mol
 Equilibrium constant Kx(1,2)                      :         2.97607
 Equilibrium concentration x_k(1,2)                :         0.74850

 Compound: 2  (3-hexanol)
 Chemical potential of the compound in the mixture :         0.53722 kcal/mol
 Log10(partial pressure [mbar])                    :         1.04795
 Free energy of molecule in mix (E_COSMO+dE+Mu)    :   -196068.99966 kcal/mol
 Total mean interaction energy in the mix (H_int)  :        -8.57964 kcal/mol
 Misfit interaction energy in the mix (H_MF)       :         2.18278 kcal/mol
 H-Bond interaction energy in the mix (H_HB)       :        -2.72283 kcal/mol
 VdW interaction energy in the mix (H_vdW)         :       -19.00802 kcal/mol
 Gas liquid transition energy in the mix (H_glt)   :        10.91712 kcal/mol
 Equilibrium constant Kx(1,2)                      :  3.00986391E-03
 Equilibrium concentration x_k(1,2)                :         0.00300

 Compound: 3  (lacticacid)
 Chemical potential of the compound in the mixture :         4.07120 kcal/mol
 Log10(partial pressure [mbar])                    :        -1.06098
 Free energy of molecule in mix (E_COSMO+dE+Mu)    :   -215744.60894 kcal/mol
 Total mean interaction energy in the mix (H_int)  :        -6.16274 kcal/mol
 Misfit interaction energy in the mix (H_MF)       :         2.30892 kcal/mol
 H-Bond interaction energy in the mix (H_HB)       :        -4.39741 kcal/mol
 VdW interaction energy in the mix (H_vdW)         :       -13.92875 kcal/mol
 Gas liquid transition energy in the mix (H_glt)   :         8.25184 kcal/mol
 Equilibrium constant Kx(1,2)                      :         0.55280
 Equilibrium concentration x_k(1,2)                :         0.35600



 Compound: 1 Conformer: 1 (h2o_c0)
 Chemical potential of the molecule in the mixture :         4.14791 kcal/mol
 Log10(partial pressure [mbar])                    :         2.00234
 Free energy of molecule in mix (E_COSMO+dE+Mu)    :    -47989.10536 kcal/mol
 Total mean interaction energy in the mix          :        -5.25862 kcal/mol
 Misfit interaction energy in the mix              :         0.93831 kcal/mol
 H-Bond interaction energy in the mix              :        -4.55054 kcal/mol
 VdW interaction energy in the mix                 :        -4.57845 kcal/mol
 Gas liquid transition energy in the mix (H_glt)   :         2.93205 kcal/mol
 Normalized weight factor of molecule in compound  :         1.00000
 Normalized weight factor of molecule in gas phase :         1.00000

 Compound: 2 Conformer: 1 (3-hexanol_c0)
 Chemical potential of the molecule in the mixture :         1.78888 kcal/mol
 Log10(partial pressure [mbar])                    :         1.28743
 Free energy of molecule in mix (E_COSMO+dE+Mu)    :   -196067.74461 kcal/mol
 Total mean interaction energy in the mix          :        -8.35332 kcal/mol
 Misfit interaction energy in the mix              :         2.18897 kcal/mol
 H-Bond interaction energy in the mix              :        -2.43618 kcal/mol
 VdW interaction energy in the mix                 :       -19.02323 kcal/mol
 Gas liquid transition energy in the mix (H_glt)   :        10.91712 kcal/mol
 Normalized weight factor of molecule in compound  :         0.13308
 Normalized weight factor of molecule in gas phase :         0.19950

 Compound: 2 Conformer: 2 (3-hexanol_c1)
 Chemical potential of the molecule in the mixture :         1.78709 kcal/mol
 Log10(partial pressure [mbar])                    :         1.27712
 Free energy of molecule in mix (E_COSMO+dE+Mu)    :   -196067.74920 kcal/mol
 Total mean interaction energy in the mix          :        -8.35134 kcal/mol
 Misfit interaction energy in the mix              :         2.20371 kcal/mol
 H-Bond interaction energy in the mix              :        -2.45356 kcal/mol
 VdW interaction energy in the mix                 :       -19.01861 kcal/mol
 Gas liquid transition energy in the mix (H_glt)   :        10.91712 kcal/mol
 Normalized weight factor of molecule in compound  :         0.13406
 Normalized weight factor of molecule in gas phase :         0.20228

 Compound: 2 Conformer: 3 (3-hexanol_c2)
 Chemical potential of the molecule in the mixture :         1.71330 kcal/mol
 Log10(partial pressure [mbar])                    :         1.14766
 Free energy of molecule in mix (E_COSMO+dE+Mu)    :   -196067.82358 kcal/mol
 Total mean interaction energy in the mix          :        -8.36206 kcal/mol
 Misfit interaction energy in the mix              :         2.15395 kcal/mol
 H-Bond interaction energy in the mix              :        -2.39586 kcal/mol
 VdW interaction energy in the mix                 :       -19.03727 kcal/mol
 Gas liquid transition energy in the mix (H_glt)   :        10.91712 kcal/mol
 Normalized weight factor of molecule in compound  :         0.15108
 Normalized weight factor of molecule in gas phase :         0.18514

 Compound: 2 Conformer: 4 (3-hexanol_c3)
 Chemical potential of the molecule in the mixture :         1.41682 kcal/mol
 Log10(partial pressure [mbar])                    :         0.80985
 Free energy of molecule in mix (E_COSMO+dE+Mu)    :   -196068.05028 kcal/mol
 Total mean interaction energy in the mix          :        -8.98253 kcal/mol
 Misfit interaction energy in the mix              :         2.12766 kcal/mol
 H-Bond interaction energy in the mix              :        -2.99497 kcal/mol
 VdW interaction energy in the mix                 :       -19.03234 kcal/mol
 Gas liquid transition energy in the mix (H_glt)   :        10.91712 kcal/mol
 Normalized weight factor of molecule in compound  :         0.21749
 Normalized weight factor of molecule in gas phase :         0.11754

 Compound: 2 Conformer: 5 (3-hexanol_c4)
 Chemical potential of the molecule in the mixture :         2.02743 kcal/mol
 Log10(partial pressure [mbar])                    :         1.20255
 Free energy of molecule in mix (E_COSMO+dE+Mu)    :   -196067.49302 kcal/mol
 Total mean interaction energy in the mix          :        -8.49518 kcal/mol
 Misfit interaction energy in the mix              :         2.29700 kcal/mol
 H-Bond interaction energy in the mix              :        -2.79503 kcal/mol
 VdW interaction energy in the mix                 :       -18.91427 kcal/mol
 Gas liquid transition energy in the mix (H_glt)   :        10.91712 kcal/mol
 Normalized weight factor of molecule in compound  :         0.08882
 Normalized weight factor of molecule in gas phase :         0.10269

 Compound: 2 Conformer: 6 (3-hexanol_c5)
 Chemical potential of the molecule in the mixture :         1.43977 kcal/mol
 Log10(partial pressure [mbar])                    :         0.81598
 Free energy of molecule in mix (E_COSMO+dE+Mu)    :   -196067.93660 kcal/mol
 Total mean interaction energy in the mix          :        -8.92963 kcal/mol
 Misfit interaction energy in the mix              :         2.14480 kcal/mol
 H-Bond interaction energy in the mix              :        -2.96806 kcal/mol
 VdW interaction energy in the mix                 :       -19.02350 kcal/mol
 Gas liquid transition energy in the mix (H_glt)   :        10.91712 kcal/mol
 Normalized weight factor of molecule in compound  :         0.18117
 Normalized weight factor of molecule in gas phase :         0.10123

 Compound: 2 Conformer: 7 (3-hexanol_c6)
 Chemical potential of the molecule in the mixture :         1.95307 kcal/mol
 Log10(partial pressure [mbar])                    :         1.13362
 Free energy of molecule in mix (E_COSMO+dE+Mu)    :   -196067.53021 kcal/mol
 Total mean interaction energy in the mix          :        -8.59419 kcal/mol
 Misfit interaction energy in the mix              :         2.28297 kcal/mol
 H-Bond interaction energy in the mix              :        -2.86723 kcal/mol
 VdW interaction energy in the mix                 :       -18.92705 kcal/mol
 Gas liquid transition energy in the mix (H_glt)   :        10.91712 kcal/mol
 Normalized weight factor of molecule in compound  :         0.09429
 Normalized weight factor of molecule in gas phase :         0.09163

 Compound: 3 Conformer: 1 (lacticacid_c0)
 Chemical potential of the molecule in the mixture :         5.77508 kcal/mol
 Log10(partial pressure [mbar])                    :        -1.00984
 Free energy of molecule in mix (E_COSMO+dE+Mu)    :   -215742.90506 kcal/mol
 Total mean interaction energy in the mix          :        -6.17343 kcal/mol
 Misfit interaction energy in the mix              :         2.65598 kcal/mol
 H-Bond interaction energy in the mix              :        -3.18741 kcal/mol
 VdW interaction energy in the mix                 :       -13.89384 kcal/mol
 Gas liquid transition energy in the mix (H_glt)   :         8.25184 kcal/mol
 Normalized weight factor of molecule in compound  :         0.06470
 Normalized weight factor of molecule in gas phase :         0.00603

 Compound: 3 Conformer: 2 (lacticacid_c1)
 Chemical potential of the molecule in the mixture :         6.15238 kcal/mol
 Log10(partial pressure [mbar])                    :        -0.35613
 Free energy of molecule in mix (E_COSMO+dE+Mu)    :   -215742.34627 kcal/mol
 Total mean interaction energy in the mix          :        -5.66364 kcal/mol
 Misfit interaction energy in the mix              :         2.72602 kcal/mol
 H-Bond interaction energy in the mix              :        -2.78398 kcal/mol
 VdW interaction energy in the mix                 :       -13.85752 kcal/mol
 Gas liquid transition energy in the mix (H_glt)   :         8.25184 kcal/mol
 Normalized weight factor of molecule in compound  :         0.02636
 Normalized weight factor of molecule in gas phase :         0.01137

 Compound: 3 Conformer: 3 (lacticacid_c2)
 Chemical potential of the molecule in the mixture :         3.43708 kcal/mol
 Log10(partial pressure [mbar])                    :        -0.27526
 Free energy of molecule in mix (E_COSMO+dE+Mu)    :   -215744.16939 kcal/mol
 Total mean interaction energy in the mix          :        -7.26470 kcal/mol
 Misfit interaction energy in the mix              :         2.19383 kcal/mol
 H-Bond interaction energy in the mix              :        -3.77630 kcal/mol
 VdW interaction energy in the mix                 :       -13.93407 kcal/mol
 Gas liquid transition energy in the mix (H_glt)   :         8.25184 kcal/mol
 Normalized weight factor of molecule in compound  :         0.49344
 Normalized weight factor of molecule in gas phase :         0.93300

 Compound: 3 Conformer: 4 (lacticacid_c3)
 Chemical potential of the molecule in the mixture :         2.73499 kcal/mol
 Log10(partial pressure [mbar])                    :        -1.80189
 Free energy of molecule in mix (E_COSMO+dE+Mu)    :   -215743.45044 kcal/mol
 Total mean interaction energy in the mix          :        -8.51540 kcal/mol
 Misfit interaction energy in the mix              :         2.30526 kcal/mol
 H-Bond interaction energy in the mix              :        -5.16112 kcal/mol
 VdW interaction energy in the mix                 :       -13.91138 kcal/mol
 Gas liquid transition energy in the mix (H_glt)   :         8.25184 kcal/mol
 Normalized weight factor of molecule in compound  :         0.15541
 Normalized weight factor of molecule in gas phase :         0.02822

 Compound: 3 Conformer: 5 (lacticacid_c4)
 Chemical potential of the molecule in the mixture :         2.81903 kcal/mol
 Log10(partial pressure [mbar])                    :        -3.30398
 Free energy of molecule in mix (E_COSMO+dE+Mu)    :   -215743.27980 kcal/mol
 Total mean interaction energy in the mix          :        -9.11074 kcal/mol
 Misfit interaction energy in the mix              :         2.55770 kcal/mol
 H-Bond interaction energy in the mix              :        -5.96843 kcal/mol
 VdW interaction energy in the mix                 :       -13.95185 kcal/mol
 Gas liquid transition energy in the mix (H_glt)   :         8.25184 kcal/mol
 Normalized weight factor of molecule in compound  :         0.11814
 Normalized weight factor of molecule in gas phase :         0.00067

 Compound: 3 Conformer: 6 (lacticacid_c5)
 Chemical potential of the molecule in the mixture :         2.64140 kcal/mol
 Log10(partial pressure [mbar])                    :        -1.89685
 Free energy of molecule in mix (E_COSMO+dE+Mu)    :   -215743.39406 kcal/mol
 Total mean interaction energy in the mix          :        -8.68095 kcal/mol
 Misfit interaction energy in the mix              :         2.27029 kcal/mol
 H-Bond interaction energy in the mix              :        -5.26387 kcal/mol
 VdW interaction energy in the mix                 :       -13.93920 kcal/mol
 Gas liquid transition energy in the mix (H_glt)   :         8.25184 kcal/mol
 Normalized weight factor of molecule in compound  :         0.14195
 Normalized weight factor of molecule in gas phase :         0.02069




 Results for mixture 13 - LIQ_EX Phase 1 Iteration    6
 ----------------------
 Temperature          :    313.150 K
 Compound Nr.         :         1         2         3
 Compound             :       h2o 3-hexanol lacticaci
 Mole Fraction        :    0.9964    0.0021    0.0015

 Compound: 1  (h2o)
 Chemical potential of the compound in the mixture :         3.46923 kcal/mol
 Log10(partial pressure [mbar])                    :         1.52869
 Free energy of molecule in mix (E_COSMO+dE+Mu)    :    -47989.78405 kcal/mol
 Total mean interaction energy in the mix (H_int)  :        -5.54683 kcal/mol
 Misfit interaction energy in the mix (H_MF)       :         0.59071 kcal/mol
 H-Bond interaction energy in the mix (H_HB)       :        -4.72845 kcal/mol
 VdW interaction energy in the mix (H_vdW)         :        -4.34114 kcal/mol
 Gas liquid transition energy in the mix (H_glt)   :         2.93205 kcal/mol

 Compound: 2  (3-hexanol)
 Chemical potential of the compound in the mixture :         4.15309 kcal/mol
 Log10(partial pressure [mbar])                    :         3.57145
 Free energy of molecule in mix (E_COSMO+dE+Mu)    :   -196065.38379 kcal/mol
 Total mean interaction energy in the mix (H_int)  :        -8.97730 kcal/mol
 Misfit interaction energy in the mix (H_MF)       :         2.45660 kcal/mol
 H-Bond interaction energy in the mix (H_HB)       :        -4.00775 kcal/mol
 VdW interaction energy in the mix (H_vdW)         :       -18.39136 kcal/mol
 Gas liquid transition energy in the mix (H_glt)   :        10.91712 kcal/mol

 Compound: 3  (lacticacid)
 Chemical potential of the compound in the mixture :         4.44101 kcal/mol
 Log10(partial pressure [mbar])                    :        -0.80289
 Free energy of molecule in mix (E_COSMO+dE+Mu)    :   -215744.23913 kcal/mol
 Total mean interaction energy in the mix (H_int)  :        -7.85953 kcal/mol
 Misfit interaction energy in the mix (H_MF)       :         1.99373 kcal/mol
 H-Bond interaction energy in the mix (H_HB)       :        -7.02526 kcal/mol
 VdW interaction energy in the mix (H_vdW)         :       -13.28935 kcal/mol
 Gas liquid transition energy in the mix (H_glt)   :         8.25184 kcal/mol



 Compound: 1 Conformer: 1 (h2o_c0)
 Chemical potential of the molecule in the mixture :         3.46923 kcal/mol
 Log10(partial pressure [mbar])                    :         1.52869
 Free energy of molecule in mix (E_COSMO+dE+Mu)    :    -47989.78405 kcal/mol
 Total mean interaction energy in the mix          :        -5.54683 kcal/mol
 Misfit interaction energy in the mix              :         0.59071 kcal/mol
 H-Bond interaction energy in the mix              :        -4.72845 kcal/mol
 VdW interaction energy in the mix                 :        -4.34114 kcal/mol
 Gas liquid transition energy in the mix (H_glt)   :         2.93205 kcal/mol
 Normalized weight factor of molecule in compound  :         1.00000
 Normalized weight factor of molecule in gas phase :         1.00000

 Compound: 2 Conformer: 1 (3-hexanol_c0)
 Chemical potential of the molecule in the mixture :         5.49733 kcal/mol
 Log10(partial pressure [mbar])                    :         3.87554
 Free energy of molecule in mix (E_COSMO+dE+Mu)    :   -196064.03616 kcal/mol
 Total mean interaction energy in the mix          :        -8.79740 kcal/mol
 Misfit interaction energy in the mix              :         2.43281 kcal/mol
 H-Bond interaction energy in the mix              :        -3.71729 kcal/mol
 VdW interaction energy in the mix                 :       -18.43003 kcal/mol
 Gas liquid transition energy in the mix (H_glt)   :        10.91712 kcal/mol
 Normalized weight factor of molecule in compound  :         0.11468
 Normalized weight factor of molecule in gas phase :         0.19950

 Compound: 2 Conformer: 2 (3-hexanol_c1)
 Chemical potential of the molecule in the mixture :         5.46153 kcal/mol
 Log10(partial pressure [mbar])                    :         3.84150
 Free energy of molecule in mix (E_COSMO+dE+Mu)    :   -196064.07475 kcal/mol
 Total mean interaction energy in the mix          :        -8.81512 kcal/mol
 Misfit interaction energy in the mix              :         2.44650 kcal/mol
 H-Bond interaction energy in the mix              :        -3.75633 kcal/mol
 VdW interaction energy in the mix                 :       -18.42241 kcal/mol
 Gas liquid transition energy in the mix (H_glt)   :        10.91712 kcal/mol
 Normalized weight factor of molecule in compound  :         0.12202
 Normalized weight factor of molecule in gas phase :         0.20228

 Compound: 2 Conformer: 3 (3-hexanol_c2)
 Chemical potential of the molecule in the mixture :         5.59796 kcal/mol
 Log10(partial pressure [mbar])                    :         3.85874
 Free energy of molecule in mix (E_COSMO+dE+Mu)    :   -196063.93892 kcal/mol
 Total mean interaction energy in the mix          :        -8.79477 kcal/mol
 Misfit interaction energy in the mix              :         2.49327 kcal/mol
 H-Bond interaction energy in the mix              :        -3.75770 kcal/mol
 VdW interaction energy in the mix                 :       -18.44745 kcal/mol
 Gas liquid transition energy in the mix (H_glt)   :        10.91712 kcal/mol
 Normalized weight factor of molecule in compound  :         0.09809
 Normalized weight factor of molecule in gas phase :         0.18514

 Compound: 2 Conformer: 4 (3-hexanol_c3)
 Chemical potential of the molecule in the mixture :         5.16794 kcal/mol
 Log10(partial pressure [mbar])                    :         3.42773
 Free energy of molecule in mix (E_COSMO+dE+Mu)    :   -196064.29916 kcal/mol
 Total mean interaction energy in the mix          :        -9.13699 kcal/mol
 Misfit interaction energy in the mix              :         2.43822 kcal/mol
 H-Bond interaction energy in the mix              :        -4.06212 kcal/mol
 VdW interaction energy in the mix                 :       -18.43021 kcal/mol
 Gas liquid transition energy in the mix (H_glt)   :        10.91712 kcal/mol
 Normalized weight factor of molecule in compound  :         0.17500
 Normalized weight factor of molecule in gas phase :         0.11754

 Compound: 2 Conformer: 5 (3-hexanol_c4)
 Chemical potential of the molecule in the mixture :         5.25555 kcal/mol
 Log10(partial pressure [mbar])                    :         3.45544
 Free energy of molecule in mix (E_COSMO+dE+Mu)    :   -196064.26490 kcal/mol
 Total mean interaction energy in the mix          :        -9.16742 kcal/mol
 Misfit interaction energy in the mix              :         2.45746 kcal/mol
 H-Bond interaction energy in the mix              :        -4.22979 kcal/mol
 VdW interaction energy in the mix                 :       -18.31221 kcal/mol
 Gas liquid transition energy in the mix (H_glt)   :        10.91712 kcal/mol
 Normalized weight factor of molecule in compound  :         0.16563
 Normalized weight factor of molecule in gas phase :         0.10269

 Compound: 2 Conformer: 6 (3-hexanol_c5)
 Chemical potential of the molecule in the mixture :         5.20261 kcal/mol
 Log10(partial pressure [mbar])                    :         3.44205
 Free energy of molecule in mix (E_COSMO+dE+Mu)    :   -196064.17376 kcal/mol
 Total mean interaction energy in the mix          :        -9.08562 kcal/mol
 Misfit interaction energy in the mix              :         2.46448 kcal/mol
 H-Bond interaction energy in the mix              :        -4.04597 kcal/mol
 VdW interaction energy in the mix                 :       -18.42124 kcal/mol
 Gas liquid transition energy in the mix (H_glt)   :        10.91712 kcal/mol
 Normalized weight factor of molecule in compound  :         0.14306
 Normalized weight factor of molecule in gas phase :         0.10123

 Compound: 2 Conformer: 7 (3-hexanol_c6)
 Chemical potential of the molecule in the mixture :         5.16138 kcal/mol
 Log10(partial pressure [mbar])                    :         3.37268
 Free energy of molecule in mix (E_COSMO+dE+Mu)    :   -196064.32189 kcal/mol
 Total mean interaction energy in the mix          :        -9.15076 kcal/mol
 Misfit interaction energy in the mix              :         2.46934 kcal/mol
 H-Bond interaction energy in the mix              :        -4.21025 kcal/mol
 VdW interaction energy in the mix                 :       -18.32697 kcal/mol
 Gas liquid transition energy in the mix (H_glt)   :        10.91712 kcal/mol
 Normalized weight factor of molecule in compound  :         0.18151
 Normalized weight factor of molecule in gas phase :         0.09163

 Compound: 3 Conformer: 1 (lacticacid_c0)
 Chemical potential of the molecule in the mixture :         6.39010 kcal/mol
 Log10(partial pressure [mbar])                    :        -0.58062
 Free energy of molecule in mix (E_COSMO+dE+Mu)    :   -215742.29004 kcal/mol
 Total mean interaction energy in the mix          :        -7.34987 kcal/mol
 Misfit interaction energy in the mix              :         2.02982 kcal/mol
 H-Bond interaction energy in the mix              :        -4.39303 kcal/mol
 VdW interaction energy in the mix                 :       -13.23850 kcal/mol
 Gas liquid transition energy in the mix (H_glt)   :         8.25184 kcal/mol
 Normalized weight factor of molecule in compound  :         0.04363
 Normalized weight factor of molecule in gas phase :         0.00603

 Compound: 3 Conformer: 2 (lacticacid_c1)
 Chemical potential of the molecule in the mixture :         6.51221 kcal/mol
 Log10(partial pressure [mbar])                    :        -0.10501
 Free energy of molecule in mix (E_COSMO+dE+Mu)    :   -215741.98644 kcal/mol
 Total mean interaction energy in the mix          :        -6.91442 kcal/mol
 Misfit interaction energy in the mix              :         2.13761 kcal/mol
 H-Bond interaction energy in the mix              :        -4.08829 kcal/mol
 VdW interaction energy in the mix                 :       -13.21558 kcal/mol
 Gas liquid transition energy in the mix (H_glt)   :         8.25184 kcal/mol
 Normalized weight factor of molecule in compound  :         0.02678
 Normalized weight factor of molecule in gas phase :         0.01137

 Compound: 3 Conformer: 3 (lacticacid_c2)
 Chemical potential of the molecule in the mixture :         4.66369 kcal/mol
 Log10(partial pressure [mbar])                    :         0.58079
 Free energy of molecule in mix (E_COSMO+dE+Mu)    :   -215742.94277 kcal/mol
 Total mean interaction energy in the mix          :        -8.01850 kcal/mol
 Misfit interaction energy in the mix              :         2.06963 kcal/mol
 H-Bond interaction energy in the mix              :        -5.03921 kcal/mol
 VdW interaction energy in the mix                 :       -13.30076 kcal/mol
 Gas liquid transition energy in the mix (H_glt)   :         8.25184 kcal/mol
 Normalized weight factor of molecule in compound  :         0.12453
 Normalized weight factor of molecule in gas phase :         0.93300

 Compound: 3 Conformer: 4 (lacticacid_c3)
 Chemical potential of the molecule in the mixture :         2.91335 kcal/mol
 Log10(partial pressure [mbar])                    :        -1.67741
 Free energy of molecule in mix (E_COSMO+dE+Mu)    :   -215743.27208 kcal/mol
 Total mean interaction energy in the mix          :       -10.13001 kcal/mol
 Misfit interaction energy in the mix              :         1.99108 kcal/mol
 H-Bond interaction energy in the mix              :        -7.09588 kcal/mol
 VdW interaction energy in the mix                 :       -13.27705 kcal/mol
 Gas liquid transition energy in the mix (H_glt)   :         8.25184 kcal/mol
 Normalized weight factor of molecule in compound  :         0.21140
 Normalized weight factor of molecule in gas phase :         0.02822

 Compound: 3 Conformer: 5 (lacticacid_c4)
 Chemical potential of the molecule in the mixture :         2.40266 kcal/mol
 Log10(partial pressure [mbar])                    :        -3.59456
 Free energy of molecule in mix (E_COSMO+dE+Mu)    :   -215743.69617 kcal/mol
 Total mean interaction energy in the mix          :       -11.07808 kcal/mol
 Misfit interaction energy in the mix              :         1.97075 kcal/mol
 H-Bond interaction energy in the mix              :        -8.00235 kcal/mol
 VdW interaction energy in the mix                 :       -13.29831 kcal/mol
 Gas liquid transition energy in the mix (H_glt)   :         8.25184 kcal/mol
 Normalized weight factor of molecule in compound  :         0.41790
 Normalized weight factor of molecule in gas phase :         0.00067

 Compound: 3 Conformer: 6 (lacticacid_c5)
 Chemical potential of the molecule in the mixture :         2.87826 kcal/mol
 Log10(partial pressure [mbar])                    :        -1.73154
 Free energy of molecule in mix (E_COSMO+dE+Mu)    :   -215743.15720 kcal/mol
 Total mean interaction energy in the mix          :       -10.20508 kcal/mol
 Misfit interaction energy in the mix              :         1.96688 kcal/mol
 H-Bond interaction energy in the mix              :        -7.12519 kcal/mol
 VdW interaction energy in the mix                 :       -13.29860 kcal/mol
 Gas liquid transition energy in the mix (H_glt)   :         8.25184 kcal/mol
 Normalized weight factor of molecule in compound  :         0.17576
 Normalized weight factor of molecule in gas phase :         0.02069




 Results for mixture 14 - LIQ_EX Phase 2 Iteration    6
 ----------------------
 Temperature          :    313.150 K
 Compound Nr.         :         1         2         3
 Compound             :       h2o 3-hexanol lacticaci
 Mole Fraction        :    0.3249    0.6725    0.0026

 Compound: 1  (h2o)
 Chemical potential of the compound in the mixture :         4.14209 kcal/mol
 Log10(partial pressure [mbar])                    :         1.99827
 Free energy of molecule in mix (E_COSMO+dE+Mu)    :    -47989.11118 kcal/mol
 Total mean interaction energy in the mix (H_int)  :        -5.27155 kcal/mol
 Misfit interaction energy in the mix (H_MF)       :         0.92529 kcal/mol
 H-Bond interaction energy in the mix (H_HB)       :        -4.55266 kcal/mol
 VdW interaction energy in the mix (H_vdW)         :        -4.57623 kcal/mol
 Gas liquid transition energy in the mix (H_glt)   :         2.93205 kcal/mol
 Equilibrium constant Kx(1,2)                      :         2.94841
 Equilibrium concentration x_k(1,2)                :         0.74673

 Compound: 2  (3-hexanol)
 Chemical potential of the compound in the mixture :         0.54009 kcal/mol
 Log10(partial pressure [mbar])                    :         1.04996
 Free energy of molecule in mix (E_COSMO+dE+Mu)    :   -196068.99679 kcal/mol
 Total mean interaction energy in the mix (H_int)  :        -8.58655 kcal/mol
 Misfit interaction energy in the mix (H_MF)       :         2.19114 kcal/mol
 H-Bond interaction energy in the mix (H_HB)       :        -2.74208 kcal/mol
 VdW interaction energy in the mix (H_vdW)         :       -19.00397 kcal/mol
 Gas liquid transition energy in the mix (H_glt)   :        10.91712 kcal/mol
 Equilibrium constant Kx(1,2)                      :  3.00962008E-03
 Equilibrium concentration x_k(1,2)                :         0.00300

 Compound: 3  (lacticacid)
 Chemical potential of the compound in the mixture :         4.06168 kcal/mol
 Log10(partial pressure [mbar])                    :        -1.06762
 Free energy of molecule in mix (E_COSMO+dE+Mu)    :   -215744.61846 kcal/mol
 Total mean interaction energy in the mix (H_int)  :        -6.18685 kcal/mol
 Misfit interaction energy in the mix (H_MF)       :         2.29859 kcal/mol
 H-Bond interaction energy in the mix (H_HB)       :        -4.42175 kcal/mol
 VdW interaction energy in the mix (H_vdW)         :       -13.92435 kcal/mol
 Gas liquid transition energy in the mix (H_glt)   :         8.25184 kcal/mol
 Equilibrium constant Kx(1,2)                      :         0.54359
 Equilibrium concentration x_k(1,2)                :         0.35216



 Compound: 1 Conformer: 1 (h2o_c0)
 Chemical potential of the molecule in the mixture :         4.14209 kcal/mol
 Log10(partial pressure [mbar])                    :         1.99827
 Free energy of molecule in mix (E_COSMO+dE+Mu)    :    -47989.11118 kcal/mol
 Total mean interaction energy in the mix          :        -5.27155 kcal/mol
 Misfit interaction energy in the mix              :         0.92529 kcal/mol
 H-Bond interaction energy in the mix              :        -4.55266 kcal/mol
 VdW interaction energy in the mix                 :        -4.57623 kcal/mol
 Gas liquid transition energy in the mix (H_glt)   :         2.93205 kcal/mol
 Normalized weight factor of molecule in compound  :         1.00000
 Normalized weight factor of molecule in gas phase :         1.00000

 Compound: 2 Conformer: 1 (3-hexanol_c0)
 Chemical potential of the molecule in the mixture :         1.79159 kcal/mol
 Log10(partial pressure [mbar])                    :         1.28932
 Free energy of molecule in mix (E_COSMO+dE+Mu)    :   -196067.74190 kcal/mol
 Total mean interaction energy in the mix          :        -8.35947 kcal/mol
 Misfit interaction energy in the mix              :         2.19748 kcal/mol
 H-Bond interaction energy in the mix              :        -2.45467 kcal/mol
 VdW interaction energy in the mix                 :       -19.01940 kcal/mol
 Gas liquid transition energy in the mix (H_glt)   :        10.91712 kcal/mol
 Normalized weight factor of molecule in compound  :         0.13311
 Normalized weight factor of molecule in gas phase :         0.19950

 Compound: 2 Conformer: 2 (3-hexanol_c1)
 Chemical potential of the molecule in the mixture :         1.78951 kcal/mol
 Log10(partial pressure [mbar])                    :         1.27881
 Free energy of molecule in mix (E_COSMO+dE+Mu)    :   -196067.74678 kcal/mol
 Total mean interaction energy in the mix          :        -8.35788 kcal/mol
 Misfit interaction energy in the mix              :         2.21239 kcal/mol
 H-Bond interaction energy in the mix              :        -2.47263 kcal/mol
 VdW interaction energy in the mix                 :       -19.01476 kcal/mol
 Gas liquid transition energy in the mix (H_glt)   :        10.91712 kcal/mol
 Normalized weight factor of molecule in compound  :         0.13416
 Normalized weight factor of molecule in gas phase :         0.20228

 Compound: 2 Conformer: 3 (3-hexanol_c2)
 Chemical potential of the molecule in the mixture :         1.71879 kcal/mol
 Log10(partial pressure [mbar])                    :         1.15149
 Free energy of molecule in mix (E_COSMO+dE+Mu)    :   -196067.81809 kcal/mol
 Total mean interaction energy in the mix          :        -8.37106 kcal/mol
 Misfit interaction energy in the mix              :         2.16080 kcal/mol
 H-Bond interaction energy in the mix              :        -2.41540 kcal/mol
 VdW interaction energy in the mix                 :       -19.03359 kcal/mol
 Gas liquid transition energy in the mix (H_glt)   :        10.91712 kcal/mol
 Normalized weight factor of molecule in compound  :         0.15045
 Normalized weight factor of molecule in gas phase :         0.18514

 Compound: 2 Conformer: 4 (3-hexanol_c3)
 Chemical potential of the molecule in the mixture :         1.42144 kcal/mol
 Log10(partial pressure [mbar])                    :         0.81307
 Free energy of molecule in mix (E_COSMO+dE+Mu)    :   -196068.04567 kcal/mol
 Total mean interaction energy in the mix          :        -8.98741 kcal/mol
 Misfit interaction energy in the mix              :         2.13538 kcal/mol
 H-Bond interaction energy in the mix              :        -3.01144 kcal/mol
 VdW interaction energy in the mix                 :       -19.02847 kcal/mol
 Gas liquid transition energy in the mix (H_glt)   :        10.91712 kcal/mol
 Normalized weight factor of molecule in compound  :         0.21688
 Normalized weight factor of molecule in gas phase :         0.11754

 Compound: 2 Conformer: 5 (3-hexanol_c4)
 Chemical potential of the molecule in the mixture :         2.02545 kcal/mol
 Log10(partial pressure [mbar])                    :         1.20117
 Free energy of molecule in mix (E_COSMO+dE+Mu)    :   -196067.49500 kcal/mol
 Total mean interaction energy in the mix          :        -8.50740 kcal/mol
 Misfit interaction energy in the mix              :         2.30635 kcal/mol
 H-Bond interaction energy in the mix              :        -2.82065 kcal/mol
 VdW interaction energy in the mix                 :       -18.91022 kcal/mol
 Gas liquid transition energy in the mix (H_glt)   :        10.91712 kcal/mol
 Normalized weight factor of molecule in compound  :         0.08952
 Normalized weight factor of molecule in gas phase :         0.10269

 Compound: 2 Conformer: 6 (3-hexanol_c5)
 Chemical potential of the molecule in the mixture :         1.44446 kcal/mol
 Log10(partial pressure [mbar])                    :         0.81925
 Free energy of molecule in mix (E_COSMO+dE+Mu)    :   -196067.93191 kcal/mol
 Total mean interaction energy in the mix          :        -8.93421 kcal/mol
 Misfit interaction energy in the mix              :         2.15246 kcal/mol
 H-Bond interaction energy in the mix              :        -2.98414 kcal/mol
 VdW interaction energy in the mix                 :       -19.01965 kcal/mol
 Gas liquid transition energy in the mix (H_glt)   :        10.91712 kcal/mol
 Normalized weight factor of molecule in compound  :         0.18065
 Normalized weight factor of molecule in gas phase :         0.10123

 Compound: 2 Conformer: 7 (3-hexanol_c6)
 Chemical potential of the molecule in the mixture :         1.94981 kcal/mol
 Log10(partial pressure [mbar])                    :         1.13134
 Free energy of molecule in mix (E_COSMO+dE+Mu)    :   -196067.53347 kcal/mol
 Total mean interaction energy in the mix          :        -8.60657 kcal/mol
 Misfit interaction energy in the mix              :         2.29238 kcal/mol
 H-Bond interaction energy in the mix              :        -2.89309 kcal/mol
 VdW interaction energy in the mix                 :       -18.92299 kcal/mol
 Gas liquid transition energy in the mix (H_glt)   :        10.91712 kcal/mol
 Normalized weight factor of molecule in compound  :         0.09523
 Normalized weight factor of molecule in gas phase :         0.09163

 Compound: 3 Conformer: 1 (lacticacid_c0)
 Chemical potential of the molecule in the mixture :         5.76569 kcal/mol
 Log10(partial pressure [mbar])                    :        -1.01639
 Free energy of molecule in mix (E_COSMO+dE+Mu)    :   -215742.91445 kcal/mol
 Total mean interaction energy in the mix          :        -6.19768 kcal/mol
 Misfit interaction energy in the mix              :         2.63891 kcal/mol
 H-Bond interaction energy in the mix              :        -3.19881 kcal/mol
 VdW interaction energy in the mix                 :       -13.88962 kcal/mol
 Gas liquid transition energy in the mix (H_glt)   :         8.25184 kcal/mol
 Normalized weight factor of molecule in compound  :         0.06468
 Normalized weight factor of molecule in gas phase :         0.00603

 Compound: 3 Conformer: 2 (lacticacid_c1)
 Chemical potential of the molecule in the mixture :         6.13922 kcal/mol
 Log10(partial pressure [mbar])                    :        -0.36532
 Free energy of molecule in mix (E_COSMO+dE+Mu)    :   -215742.35943 kcal/mol
 Total mean interaction energy in the mix          :        -5.68553 kcal/mol
 Misfit interaction energy in the mix              :         2.71210 kcal/mol
 H-Bond interaction energy in the mix              :        -2.79624 kcal/mol
 VdW interaction energy in the mix                 :       -13.85324 kcal/mol
 Gas liquid transition energy in the mix (H_glt)   :         8.25184 kcal/mol
 Normalized weight factor of molecule in compound  :         0.02651
 Normalized weight factor of molecule in gas phase :         0.01137

 Compound: 3 Conformer: 3 (lacticacid_c2)
 Chemical potential of the molecule in the mixture :         3.43305 kcal/mol
 Log10(partial pressure [mbar])                    :        -0.27807
 Free energy of molecule in mix (E_COSMO+dE+Mu)    :   -215744.17341 kcal/mol
 Total mean interaction energy in the mix          :        -7.28218 kcal/mol
 Misfit interaction energy in the mix              :         2.18572 kcal/mol
 H-Bond interaction energy in the mix              :        -3.78973 kcal/mol
 VdW interaction energy in the mix                 :       -13.93001 kcal/mol
 Gas liquid transition energy in the mix (H_glt)   :         8.25184 kcal/mol
 Normalized weight factor of molecule in compound  :         0.48911
 Normalized weight factor of molecule in gas phase :         0.93300

 Compound: 3 Conformer: 4 (lacticacid_c3)
 Chemical potential of the molecule in the mixture :         2.72012 kcal/mol
 Log10(partial pressure [mbar])                    :        -1.81227
 Free energy of molecule in mix (E_COSMO+dE+Mu)    :   -215743.46531 kcal/mol
 Total mean interaction energy in the mix          :        -8.54523 kcal/mol
 Misfit interaction energy in the mix              :         2.29198 kcal/mol
 H-Bond interaction energy in the mix              :        -5.18237 kcal/mol
 VdW interaction energy in the mix                 :       -13.90667 kcal/mol
 Gas liquid transition energy in the mix (H_glt)   :         8.25184 kcal/mol
 Normalized weight factor of molecule in compound  :         0.15676
 Normalized weight factor of molecule in gas phase :         0.02822

 Compound: 3 Conformer: 5 (lacticacid_c4)
 Chemical potential of the molecule in the mixture :         2.79951 kcal/mol
 Log10(partial pressure [mbar])                    :        -3.31760
 Free energy of molecule in mix (E_COSMO+dE+Mu)    :   -215743.29932 kcal/mol
 Total mean interaction energy in the mix          :        -9.14820 kcal/mol
 Misfit interaction energy in the mix              :         2.54274 kcal/mol
 H-Bond interaction energy in the mix              :        -5.99597 kcal/mol
 VdW interaction energy in the mix                 :       -13.94682 kcal/mol
 Gas liquid transition energy in the mix (H_glt)   :         8.25184 kcal/mol
 Normalized weight factor of molecule in compound  :         0.12006
 Normalized weight factor of molecule in gas phase :         0.00067

 Compound: 3 Conformer: 6 (lacticacid_c5)
 Chemical potential of the molecule in the mixture :         2.62781 kcal/mol
 Log10(partial pressure [mbar])                    :        -1.90634
 Free energy of molecule in mix (E_COSMO+dE+Mu)    :   -215743.40766 kcal/mol
 Total mean interaction energy in the mix          :        -8.70948 kcal/mol
 Misfit interaction energy in the mix              :         2.25630 kcal/mol
 H-Bond interaction energy in the mix              :        -5.28320 kcal/mol
 VdW interaction energy in the mix                 :       -13.93442 kcal/mol
 Gas liquid transition energy in the mix (H_glt)   :         8.25184 kcal/mol
 Normalized weight factor of molecule in compound  :         0.14289
 Normalized weight factor of molecule in gas phase :         0.02069




 Results for mixture 15 - LIQ_EX Phase 1 Iteration    7
 ----------------------
 Temperature          :    313.150 K
 Compound Nr.         :         1         2         3
 Compound             :       h2o 3-hexanol lacticaci
 Mole Fraction        :    0.9965    0.0020    0.0014

 Compound: 1  (h2o)
 Chemical potential of the compound in the mixture :         3.46922 kcal/mol
 Log10(partial pressure [mbar])                    :         1.52868
 Free energy of molecule in mix (E_COSMO+dE+Mu)    :    -47989.78405 kcal/mol
 Total mean interaction energy in the mix (H_int)  :        -5.54676 kcal/mol
 Misfit interaction energy in the mix (H_MF)       :         0.59073 kcal/mol
 H-Bond interaction energy in the mix (H_HB)       :        -4.72846 kcal/mol
 VdW interaction energy in the mix (H_vdW)         :        -4.34108 kcal/mol
 Gas liquid transition energy in the mix (H_glt)   :         2.93205 kcal/mol

 Compound: 2  (3-hexanol)
 Chemical potential of the compound in the mixture :         4.15486 kcal/mol
 Log10(partial pressure [mbar])                    :         3.57269
 Free energy of molecule in mix (E_COSMO+dE+Mu)    :   -196065.38202 kcal/mol
 Total mean interaction energy in the mix (H_int)  :        -8.97747 kcal/mol
 Misfit interaction energy in the mix (H_MF)       :         2.45628 kcal/mol
 H-Bond interaction energy in the mix (H_HB)       :        -4.00786 kcal/mol
 VdW interaction energy in the mix (H_vdW)         :       -18.39109 kcal/mol
 Gas liquid transition energy in the mix (H_glt)   :        10.91712 kcal/mol

 Compound: 3  (lacticacid)
 Chemical potential of the compound in the mixture :         4.44158 kcal/mol
 Log10(partial pressure [mbar])                    :        -0.80250
 Free energy of molecule in mix (E_COSMO+dE+Mu)    :   -215744.23856 kcal/mol
 Total mean interaction energy in the mix (H_int)  :        -7.85987 kcal/mol
 Misfit interaction energy in the mix (H_MF)       :         1.99349 kcal/mol
 H-Bond interaction energy in the mix (H_HB)       :        -7.02567 kcal/mol
 VdW interaction energy in the mix (H_vdW)         :       -13.28912 kcal/mol
 Gas liquid transition energy in the mix (H_glt)   :         8.25184 kcal/mol



 Compound: 1 Conformer: 1 (h2o_c0)
 Chemical potential of the molecule in the mixture :         3.46922 kcal/mol
 Log10(partial pressure [mbar])                    :         1.52868
 Free energy of molecule in mix (E_COSMO+dE+Mu)    :    -47989.78405 kcal/mol
 Total mean interaction energy in the mix          :        -5.54676 kcal/mol
 Misfit interaction energy in the mix              :         0.59073 kcal/mol
 H-Bond interaction energy in the mix              :        -4.72846 kcal/mol
 VdW interaction energy in the mix                 :        -4.34108 kcal/mol
 Gas liquid transition energy in the mix (H_glt)   :         2.93205 kcal/mol
 Normalized weight factor of molecule in compound  :         1.00000
 Normalized weight factor of molecule in gas phase :         1.00000

 Compound: 2 Conformer: 1 (3-hexanol_c0)
 Chemical potential of the molecule in the mixture :         5.49913 kcal/mol
 Log10(partial pressure [mbar])                    :         3.87679
 Free energy of molecule in mix (E_COSMO+dE+Mu)    :   -196064.03436 kcal/mol
 Total mean interaction energy in the mix          :        -8.79760 kcal/mol
 Misfit interaction energy in the mix              :         2.43246 kcal/mol
 H-Bond interaction energy in the mix              :        -3.71742 kcal/mol
 VdW interaction energy in the mix                 :       -18.42977 kcal/mol
 Gas liquid transition energy in the mix (H_glt)   :        10.91712 kcal/mol
 Normalized weight factor of molecule in compound  :         0.11468
 Normalized weight factor of molecule in gas phase :         0.19950

 Compound: 2 Conformer: 2 (3-hexanol_c1)
 Chemical potential of the molecule in the mixture :         5.46332 kcal/mol
 Log10(partial pressure [mbar])                    :         3.84275
 Free energy of molecule in mix (E_COSMO+dE+Mu)    :   -196064.07296 kcal/mol
 Total mean interaction energy in the mix          :        -8.81531 kcal/mol
 Misfit interaction energy in the mix              :         2.44616 kcal/mol
 H-Bond interaction energy in the mix              :        -3.75645 kcal/mol
 VdW interaction energy in the mix                 :       -18.42214 kcal/mol
 Gas liquid transition energy in the mix (H_glt)   :        10.91712 kcal/mol
 Normalized weight factor of molecule in compound  :         0.12202
 Normalized weight factor of molecule in gas phase :         0.20228

 Compound: 2 Conformer: 3 (3-hexanol_c2)
 Chemical potential of the molecule in the mixture :         5.59979 kcal/mol
 Log10(partial pressure [mbar])                    :         3.86001
 Free energy of molecule in mix (E_COSMO+dE+Mu)    :   -196063.93709 kcal/mol
 Total mean interaction energy in the mix          :        -8.79492 kcal/mol
 Misfit interaction energy in the mix              :         2.49298 kcal/mol
 H-Bond interaction energy in the mix              :        -3.75783 kcal/mol
 VdW interaction energy in the mix                 :       -18.44718 kcal/mol
 Gas liquid transition energy in the mix (H_glt)   :        10.91712 kcal/mol
 Normalized weight factor of molecule in compound  :         0.09808
 Normalized weight factor of molecule in gas phase :         0.18514

 Compound: 2 Conformer: 4 (3-hexanol_c3)
 Chemical potential of the molecule in the mixture :         5.16972 kcal/mol
 Log10(partial pressure [mbar])                    :         3.42898
 Free energy of molecule in mix (E_COSMO+dE+Mu)    :   -196064.29738 kcal/mol
 Total mean interaction energy in the mix          :        -9.13714 kcal/mol
 Misfit interaction energy in the mix              :         2.43790 kcal/mol
 H-Bond interaction energy in the mix              :        -4.06222 kcal/mol
 VdW interaction energy in the mix                 :       -18.42994 kcal/mol
 Gas liquid transition energy in the mix (H_glt)   :        10.91712 kcal/mol
 Normalized weight factor of molecule in compound  :         0.17500
 Normalized weight factor of molecule in gas phase :         0.11754

 Compound: 2 Conformer: 5 (3-hexanol_c4)
 Chemical potential of the molecule in the mixture :         5.25728 kcal/mol
 Log10(partial pressure [mbar])                    :         3.45664
 Free energy of molecule in mix (E_COSMO+dE+Mu)    :   -196064.26317 kcal/mol
 Total mean interaction energy in the mix          :        -9.16758 kcal/mol
 Misfit interaction energy in the mix              :         2.45713 kcal/mol
 H-Bond interaction energy in the mix              :        -4.22989 kcal/mol
 VdW interaction energy in the mix                 :       -18.31194 kcal/mol
 Gas liquid transition energy in the mix (H_glt)   :        10.91712 kcal/mol
 Normalized weight factor of molecule in compound  :         0.16564
 Normalized weight factor of molecule in gas phase :         0.10269

 Compound: 2 Conformer: 6 (3-hexanol_c5)
 Chemical potential of the molecule in the mixture :         5.20440 kcal/mol
 Log10(partial pressure [mbar])                    :         3.44329
 Free energy of molecule in mix (E_COSMO+dE+Mu)    :   -196064.17197 kcal/mol
 Total mean interaction energy in the mix          :        -9.08576 kcal/mol
 Misfit interaction energy in the mix              :         2.46417 kcal/mol
 H-Bond interaction energy in the mix              :        -4.04607 kcal/mol
 VdW interaction energy in the mix                 :       -18.42098 kcal/mol
 Gas liquid transition energy in the mix (H_glt)   :        10.91712 kcal/mol
 Normalized weight factor of molecule in compound  :         0.14306
 Normalized weight factor of molecule in gas phase :         0.10123

 Compound: 2 Conformer: 7 (3-hexanol_c6)
 Chemical potential of the molecule in the mixture :         5.16312 kcal/mol
 Log10(partial pressure [mbar])                    :         3.37389
 Free energy of molecule in mix (E_COSMO+dE+Mu)    :   -196064.32016 kcal/mol
 Total mean interaction energy in the mix          :        -9.15090 kcal/mol
 Misfit interaction energy in the mix              :         2.46902 kcal/mol
 H-Bond interaction energy in the mix              :        -4.21034 kcal/mol
 VdW interaction energy in the mix                 :       -18.32670 kcal/mol
 Gas liquid transition energy in the mix (H_glt)   :        10.91712 kcal/mol
 Normalized weight factor of molecule in compound  :         0.18153
 Normalized weight factor of molecule in gas phase :         0.09163

 Compound: 3 Conformer: 1 (lacticacid_c0)
 Chemical potential of the molecule in the mixture :         6.39073 kcal/mol
 Log10(partial pressure [mbar])                    :        -0.58018
 Free energy of molecule in mix (E_COSMO+dE+Mu)    :   -215742.28941 kcal/mol
 Total mean interaction energy in the mix          :        -7.35010 kcal/mol
 Misfit interaction energy in the mix              :         2.02954 kcal/mol
 H-Bond interaction energy in the mix              :        -4.39322 kcal/mol
 VdW interaction energy in the mix                 :       -13.23827 kcal/mol
 Gas liquid transition energy in the mix (H_glt)   :         8.25184 kcal/mol
 Normalized weight factor of molecule in compound  :         0.04362
 Normalized weight factor of molecule in gas phase :         0.00603

 Compound: 3 Conformer: 2 (lacticacid_c1)
 Chemical potential of the molecule in the mixture :         6.51283 kcal/mol
 Log10(partial pressure [mbar])                    :        -0.10458
 Free energy of molecule in mix (E_COSMO+dE+Mu)    :   -215741.98582 kcal/mol
 Total mean interaction energy in the mix          :        -6.91461 kcal/mol
 Misfit interaction energy in the mix              :         2.13739 kcal/mol
 H-Bond interaction energy in the mix              :        -4.08850 kcal/mol
 VdW interaction energy in the mix                 :       -13.21534 kcal/mol
 Gas liquid transition energy in the mix (H_glt)   :         8.25184 kcal/mol
 Normalized weight factor of molecule in compound  :         0.02678
 Normalized weight factor of molecule in gas phase :         0.01137

 Compound: 3 Conformer: 3 (lacticacid_c2)
 Chemical potential of the molecule in the mixture :         4.66450 kcal/mol
 Log10(partial pressure [mbar])                    :         0.58135
 Free energy of molecule in mix (E_COSMO+dE+Mu)    :   -215742.94196 kcal/mol
 Total mean interaction energy in the mix          :        -8.01864 kcal/mol
 Misfit interaction energy in the mix              :         2.06944 kcal/mol
 H-Bond interaction energy in the mix              :        -5.03939 kcal/mol
 VdW interaction energy in the mix                 :       -13.30052 kcal/mol
 Gas liquid transition energy in the mix (H_glt)   :         8.25184 kcal/mol
 Normalized weight factor of molecule in compound  :         0.12448
 Normalized weight factor of molecule in gas phase :         0.93300

 Compound: 3 Conformer: 4 (lacticacid_c3)
 Chemical potential of the molecule in the mixture :         2.91392 kcal/mol
 Log10(partial pressure [mbar])                    :        -1.67701
 Free energy of molecule in mix (E_COSMO+dE+Mu)    :   -215743.27151 kcal/mol
 Total mean interaction energy in the mix          :       -10.13027 kcal/mol
 Misfit interaction energy in the mix              :         1.99086 kcal/mol
 H-Bond interaction energy in the mix              :        -7.09614 kcal/mol
 VdW interaction energy in the mix                 :       -13.27683 kcal/mol
 Gas liquid transition energy in the mix (H_glt)   :         8.25184 kcal/mol
 Normalized weight factor of molecule in compound  :         0.21140
 Normalized weight factor of molecule in gas phase :         0.02822

 Compound: 3 Conformer: 5 (lacticacid_c4)
 Chemical potential of the molecule in the mixture :         2.40314 kcal/mol
 Log10(partial pressure [mbar])                    :        -3.59422
 Free energy of molecule in mix (E_COSMO+dE+Mu)    :   -215743.69569 kcal/mol
 Total mean interaction energy in the mix          :       -11.07834 kcal/mol
 Misfit interaction energy in the mix              :         1.97049 kcal/mol
 H-Bond interaction energy in the mix              :        -8.00260 kcal/mol
 VdW interaction energy in the mix                 :       -13.29808 kcal/mol
 Gas liquid transition energy in the mix (H_glt)   :         8.25184 kcal/mol
 Normalized weight factor of molecule in compound  :         0.41796
 Normalized weight factor of molecule in gas phase :         0.00067

 Compound: 3 Conformer: 6 (lacticacid_c5)
 Chemical potential of the molecule in the mixture :         2.87884 kcal/mol
 Log10(partial pressure [mbar])                    :        -1.73114
 Free energy of molecule in mix (E_COSMO+dE+Mu)    :   -215743.15662 kcal/mol
 Total mean interaction energy in the mix          :       -10.20535 kcal/mol
 Misfit interaction energy in the mix              :         1.96665 kcal/mol
 H-Bond interaction energy in the mix              :        -7.12546 kcal/mol
 VdW interaction energy in the mix                 :       -13.29838 kcal/mol
 Gas liquid transition energy in the mix (H_glt)   :         8.25184 kcal/mol
 Normalized weight factor of molecule in compound  :         0.17576
 Normalized weight factor of molecule in gas phase :         0.02069




 Results for mixture 16 - LIQ_EX Phase 2 Iteration    7
 ----------------------
 Temperature          :    313.150 K
 Compound Nr.         :         1         2         3
 Compound             :       h2o 3-hexanol lacticaci
 Mole Fraction        :    0.3314    0.6660    0.0026

 Compound: 1  (h2o)
 Chemical potential of the compound in the mixture :         4.13828 kcal/mol
 Log10(partial pressure [mbar])                    :         1.99562
 Free energy of molecule in mix (E_COSMO+dE+Mu)    :    -47989.11499 kcal/mol
 Total mean interaction energy in the mix (H_int)  :        -5.28004 kcal/mol
 Misfit interaction energy in the mix (H_MF)       :         0.91675 kcal/mol
 H-Bond interaction energy in the mix (H_HB)       :        -4.55406 kcal/mol
 VdW interaction energy in the mix (H_vdW)         :        -4.57478 kcal/mol
 Gas liquid transition energy in the mix (H_glt)   :         2.93205 kcal/mol
 Equilibrium constant Kx(1,2)                      :         2.93044
 Equilibrium concentration x_k(1,2)                :         0.74558

 Compound: 2  (3-hexanol)
 Chemical potential of the compound in the mixture :         0.54205 kcal/mol
 Log10(partial pressure [mbar])                    :         1.05133
 Free energy of molecule in mix (E_COSMO+dE+Mu)    :   -196068.99483 kcal/mol
 Total mean interaction energy in the mix (H_int)  :        -8.59085 kcal/mol
 Misfit interaction energy in the mix (H_MF)       :         2.19679 kcal/mol
 H-Bond interaction energy in the mix (H_HB)       :        -2.75463 kcal/mol
 VdW interaction energy in the mix (H_vdW)         :       -19.00132 kcal/mol
 Gas liquid transition energy in the mix (H_glt)   :        10.91712 kcal/mol
 Equilibrium constant Kx(1,2)                      :  3.01049994E-03
 Equilibrium concentration x_k(1,2)                :         0.00300

 Compound: 3  (lacticacid)
 Chemical potential of the compound in the mixture :         4.05553 kcal/mol
 Log10(partial pressure [mbar])                    :        -1.07192
 Free energy of molecule in mix (E_COSMO+dE+Mu)    :   -215744.62461 kcal/mol
 Total mean interaction energy in the mix (H_int)  :        -6.20257 kcal/mol
 Misfit interaction energy in the mix (H_MF)       :         2.29197 kcal/mol
 H-Bond interaction energy in the mix (H_HB)       :        -4.43773 kcal/mol
 VdW interaction energy in the mix (H_vdW)         :       -13.92147 kcal/mol
 Gas liquid transition energy in the mix (H_glt)   :         8.25184 kcal/mol
 Equilibrium constant Kx(1,2)                      :         0.53774
 Equilibrium concentration x_k(1,2)                :         0.34970



 Compound: 1 Conformer: 1 (h2o_c0)
 Chemical potential of the molecule in the mixture :         4.13828 kcal/mol
 Log10(partial pressure [mbar])                    :         1.99562
 Free energy of molecule in mix (E_COSMO+dE+Mu)    :    -47989.11499 kcal/mol
 Total mean interaction energy in the mix          :        -5.28004 kcal/mol
 Misfit interaction energy in the mix              :         0.91675 kcal/mol
 H-Bond interaction energy in the mix              :        -4.55406 kcal/mol
 VdW interaction energy in the mix                 :        -4.57478 kcal/mol
 Gas liquid transition energy in the mix (H_glt)   :         2.93205 kcal/mol
 Normalized weight factor of molecule in compound  :         1.00000
 Normalized weight factor of molecule in gas phase :         1.00000

 Compound: 2 Conformer: 1 (3-hexanol_c0)
 Chemical potential of the molecule in the mixture :         1.79345 kcal/mol
 Log10(partial pressure [mbar])                    :         1.29062
 Free energy of molecule in mix (E_COSMO+dE+Mu)    :   -196067.74004 kcal/mol
 Total mean interaction energy in the mix          :        -8.36329 kcal/mol
 Misfit interaction energy in the mix              :         2.20321 kcal/mol
 H-Bond interaction energy in the mix              :        -2.46672 kcal/mol
 VdW interaction energy in the mix                 :       -19.01690 kcal/mol
 Gas liquid transition energy in the mix (H_glt)   :        10.91712 kcal/mol
 Normalized weight factor of molecule in compound  :         0.13313
 Normalized weight factor of molecule in gas phase :         0.19950

 Compound: 2 Conformer: 2 (3-hexanol_c1)
 Chemical potential of the molecule in the mixture :         1.79118 kcal/mol
 Log10(partial pressure [mbar])                    :         1.27998
 Free energy of molecule in mix (E_COSMO+dE+Mu)    :   -196067.74510 kcal/mol
 Total mean interaction energy in the mix          :        -8.36194 kcal/mol
 Misfit interaction energy in the mix              :         2.21823 kcal/mol
 H-Bond interaction energy in the mix              :        -2.48506 kcal/mol
 VdW interaction energy in the mix                 :       -19.01224 kcal/mol
 Gas liquid transition energy in the mix (H_glt)   :        10.91712 kcal/mol
 Normalized weight factor of molecule in compound  :         0.13422
 Normalized weight factor of molecule in gas phase :         0.20228

 Compound: 2 Conformer: 3 (3-hexanol_c2)
 Chemical potential of the molecule in the mixture :         1.72244 kcal/mol
 Log10(partial pressure [mbar])                    :         1.15404
 Free energy of molecule in mix (E_COSMO+dE+Mu)    :   -196067.81444 kcal/mol
 Total mean interaction energy in the mix          :        -8.37678 kcal/mol
 Misfit interaction energy in the mix              :         2.16544 kcal/mol
 H-Bond interaction energy in the mix              :        -2.42816 kcal/mol
 VdW interaction energy in the mix                 :       -19.03118 kcal/mol
 Gas liquid transition energy in the mix (H_glt)   :        10.91712 kcal/mol
 Normalized weight factor of molecule in compound  :         0.15004
 Normalized weight factor of molecule in gas phase :         0.18514

 Compound: 2 Conformer: 4 (3-hexanol_c3)
 Chemical potential of the molecule in the mixture :         1.42453 kcal/mol
 Log10(partial pressure [mbar])                    :         0.81523
 Free energy of molecule in mix (E_COSMO+dE+Mu)    :   -196068.04258 kcal/mol
 Total mean interaction energy in the mix          :        -8.99039 kcal/mol
 Misfit interaction energy in the mix              :         2.14058 kcal/mol
 H-Bond interaction energy in the mix              :        -3.02217 kcal/mol
 VdW interaction energy in the mix                 :       -19.02592 kcal/mol
 Gas liquid transition energy in the mix (H_glt)   :        10.91712 kcal/mol
 Normalized weight factor of molecule in compound  :         0.21648
 Normalized weight factor of molecule in gas phase :         0.11754

 Compound: 2 Conformer: 5 (3-hexanol_c4)
 Chemical potential of the molecule in the mixture :         2.02423 kcal/mol
 Log10(partial pressure [mbar])                    :         1.20032
 Free energy of molecule in mix (E_COSMO+dE+Mu)    :   -196067.49622 kcal/mol
 Total mean interaction energy in the mix          :        -8.51507 kcal/mol
 Misfit interaction energy in the mix              :         2.31266 kcal/mol
 H-Bond interaction energy in the mix              :        -2.83727 kcal/mol
 VdW interaction energy in the mix                 :       -18.90758 kcal/mol
 Gas liquid transition energy in the mix (H_glt)   :        10.91712 kcal/mol
 Normalized weight factor of molecule in compound  :         0.08998
 Normalized weight factor of molecule in gas phase :         0.10269

 Compound: 2 Conformer: 6 (3-hexanol_c5)
 Chemical potential of the molecule in the mixture :         1.44760 kcal/mol
 Log10(partial pressure [mbar])                    :         0.82144
 Free energy of molecule in mix (E_COSMO+dE+Mu)    :   -196067.92877 kcal/mol
 Total mean interaction energy in the mix          :        -8.93700 kcal/mol
 Misfit interaction energy in the mix              :         2.15762 kcal/mol
 H-Bond interaction energy in the mix              :        -2.99463 kcal/mol
 VdW interaction energy in the mix                 :       -19.01712 kcal/mol
 Gas liquid transition energy in the mix (H_glt)   :        10.91712 kcal/mol
 Normalized weight factor of molecule in compound  :         0.18030
 Normalized weight factor of molecule in gas phase :         0.10123

 Compound: 2 Conformer: 7 (3-hexanol_c6)
 Chemical potential of the molecule in the mixture :         1.94777 kcal/mol
 Log10(partial pressure [mbar])                    :         1.12992
 Free energy of molecule in mix (E_COSMO+dE+Mu)    :   -196067.53550 kcal/mol
 Total mean interaction energy in the mix          :        -8.61429 kcal/mol
 Misfit interaction energy in the mix              :         2.29876 kcal/mol
 H-Bond interaction energy in the mix              :        -2.90983 kcal/mol
 VdW interaction energy in the mix                 :       -18.92034 kcal/mol
 Gas liquid transition energy in the mix (H_glt)   :        10.91712 kcal/mol
 Normalized weight factor of molecule in compound  :         0.09584
 Normalized weight factor of molecule in gas phase :         0.09163

 Compound: 3 Conformer: 1 (lacticacid_c0)
 Chemical potential of the molecule in the mixture :         5.75969 kcal/mol
 Log10(partial pressure [mbar])                    :        -1.02058
 Free energy of molecule in mix (E_COSMO+dE+Mu)    :   -215742.92046 kcal/mol
 Total mean interaction energy in the mix          :        -6.21341 kcal/mol
 Misfit interaction energy in the mix              :         2.62791 kcal/mol
 H-Bond interaction energy in the mix              :        -3.20631 kcal/mol
 VdW interaction energy in the mix                 :       -13.88685 kcal/mol
 Gas liquid transition energy in the mix (H_glt)   :         8.25184 kcal/mol
 Normalized weight factor of molecule in compound  :         0.06467
 Normalized weight factor of molecule in gas phase :         0.00603

 Compound: 3 Conformer: 2 (lacticacid_c1)
 Chemical potential of the molecule in the mixture :         6.13075 kcal/mol
 Log10(partial pressure [mbar])                    :        -0.37123
 Free energy of molecule in mix (E_COSMO+dE+Mu)    :   -215742.36790 kcal/mol
 Total mean interaction energy in the mix          :        -5.69973 kcal/mol
 Misfit interaction energy in the mix              :         2.70317 kcal/mol
 H-Bond interaction energy in the mix              :        -2.80430 kcal/mol
 VdW interaction energy in the mix                 :       -13.85044 kcal/mol
 Gas liquid transition energy in the mix (H_glt)   :         8.25184 kcal/mol
 Normalized weight factor of molecule in compound  :         0.02661
 Normalized weight factor of molecule in gas phase :         0.01137

 Compound: 3 Conformer: 3 (lacticacid_c2)
 Chemical potential of the molecule in the mixture :         3.43049 kcal/mol
 Log10(partial pressure [mbar])                    :        -0.27986
 Free energy of molecule in mix (E_COSMO+dE+Mu)    :   -215744.17597 kcal/mol
 Total mean interaction energy in the mix          :        -7.29352 kcal/mol
 Misfit interaction energy in the mix              :         2.18053 kcal/mol
 H-Bond interaction energy in the mix              :        -3.79854 kcal/mol
 VdW interaction energy in the mix                 :       -13.92734 kcal/mol
 Gas liquid transition energy in the mix (H_glt)   :         8.25184 kcal/mol
 Normalized weight factor of molecule in compound  :         0.48629
 Normalized weight factor of molecule in gas phase :         0.93300

 Compound: 3 Conformer: 4 (lacticacid_c3)
 Chemical potential of the molecule in the mixture :         2.71052 kcal/mol
 Log10(partial pressure [mbar])                    :        -1.81896
 Free energy of molecule in mix (E_COSMO+dE+Mu)    :   -215743.47491 kcal/mol
 Total mean interaction energy in the mix          :        -8.56457 kcal/mol
 Misfit interaction energy in the mix              :         2.28349 kcal/mol
 H-Bond interaction energy in the mix              :        -5.19631 kcal/mol
 VdW interaction energy in the mix                 :       -13.90359 kcal/mol
 Gas liquid transition energy in the mix (H_glt)   :         8.25184 kcal/mol
 Normalized weight factor of molecule in compound  :         0.15763
 Normalized weight factor of molecule in gas phase :         0.02822

 Compound: 3 Conformer: 5 (lacticacid_c4)
 Chemical potential of the molecule in the mixture :         2.78684 kcal/mol
 Log10(partial pressure [mbar])                    :        -3.32644
 Free energy of molecule in mix (E_COSMO+dE+Mu)    :   -215743.31199 kcal/mol
 Total mean interaction energy in the mix          :        -9.17241 kcal/mol
 Misfit interaction energy in the mix              :         2.53319 kcal/mol
 H-Bond interaction energy in the mix              :        -6.01391 kcal/mol
 VdW interaction energy in the mix                 :       -13.94354 kcal/mol
 Gas liquid transition energy in the mix (H_glt)   :         8.25184 kcal/mol
 Normalized weight factor of molecule in compound  :         0.12132
 Normalized weight factor of molecule in gas phase :         0.00067

 Compound: 3 Conformer: 6 (lacticacid_c5)
 Chemical potential of the molecule in the mixture :         2.61903 kcal/mol
 Log10(partial pressure [mbar])                    :        -1.91246
 Free energy of molecule in mix (E_COSMO+dE+Mu)    :   -215743.41643 kcal/mol
 Total mean interaction energy in the mix          :        -8.72801 kcal/mol
 Misfit interaction energy in the mix              :         2.24734 kcal/mol
 H-Bond interaction energy in the mix              :        -5.29589 kcal/mol
 VdW interaction energy in the mix                 :       -13.93129 kcal/mol
 Gas liquid transition energy in the mix (H_glt)   :         8.25184 kcal/mol
 Normalized weight factor of molecule in compound  :         0.14349
 Normalized weight factor of molecule in gas phase :         0.02069




 Results for mixture 17 - LIQ_EX Phase 1 Iteration    8
 ----------------------
 Temperature          :    313.150 K
 Compound Nr.         :         1         2         3
 Compound             :       h2o 3-hexanol lacticaci
 Mole Fraction        :    0.9966    0.0020    0.0014

 Compound: 1  (h2o)
 Chemical potential of the compound in the mixture :         3.46922 kcal/mol
 Log10(partial pressure [mbar])                    :         1.52868
 Free energy of molecule in mix (E_COSMO+dE+Mu)    :    -47989.78405 kcal/mol
 Total mean interaction energy in the mix (H_int)  :        -5.54671 kcal/mol
 Misfit interaction energy in the mix (H_MF)       :         0.59074 kcal/mol
 H-Bond interaction energy in the mix (H_HB)       :        -4.72847 kcal/mol
 VdW interaction energy in the mix (H_vdW)         :        -4.34104 kcal/mol
 Gas liquid transition energy in the mix (H_glt)   :         2.93205 kcal/mol

 Compound: 2  (3-hexanol)
 Chemical potential of the compound in the mixture :         4.15598 kcal/mol
 Log10(partial pressure [mbar])                    :         3.57347
 Free energy of molecule in mix (E_COSMO+dE+Mu)    :   -196065.38090 kcal/mol
 Total mean interaction energy in the mix (H_int)  :        -8.97758 kcal/mol
 Misfit interaction energy in the mix (H_MF)       :         2.45607 kcal/mol
 H-Bond interaction energy in the mix (H_HB)       :        -4.00793 kcal/mol
 VdW interaction energy in the mix (H_vdW)         :       -18.39092 kcal/mol
 Gas liquid transition energy in the mix (H_glt)   :        10.91712 kcal/mol

 Compound: 3  (lacticacid)
 Chemical potential of the compound in the mixture :         4.44194 kcal/mol
 Log10(partial pressure [mbar])                    :        -0.80225
 Free energy of molecule in mix (E_COSMO+dE+Mu)    :   -215744.23820 kcal/mol
 Total mean interaction energy in the mix (H_int)  :        -7.86008 kcal/mol
 Misfit interaction energy in the mix (H_MF)       :         1.99333 kcal/mol
 H-Bond interaction energy in the mix (H_HB)       :        -7.02593 kcal/mol
 VdW interaction energy in the mix (H_vdW)         :       -13.28898 kcal/mol
 Gas liquid transition energy in the mix (H_glt)   :         8.25184 kcal/mol



 Compound: 1 Conformer: 1 (h2o_c0)
 Chemical potential of the molecule in the mixture :         3.46922 kcal/mol
 Log10(partial pressure [mbar])                    :         1.52868
 Free energy of molecule in mix (E_COSMO+dE+Mu)    :    -47989.78405 kcal/mol
 Total mean interaction energy in the mix          :        -5.54671 kcal/mol
 Misfit interaction energy in the mix              :         0.59074 kcal/mol
 H-Bond interaction energy in the mix              :        -4.72847 kcal/mol
 VdW interaction energy in the mix                 :        -4.34104 kcal/mol
 Gas liquid transition energy in the mix (H_glt)   :         2.93205 kcal/mol
 Normalized weight factor of molecule in compound  :         1.00000
 Normalized weight factor of molecule in gas phase :         1.00000

 Compound: 2 Conformer: 1 (3-hexanol_c0)
 Chemical potential of the molecule in the mixture :         5.50026 kcal/mol
 Log10(partial pressure [mbar])                    :         3.87758
 Free energy of molecule in mix (E_COSMO+dE+Mu)    :   -196064.03323 kcal/mol
 Total mean interaction energy in the mix          :        -8.79773 kcal/mol
 Misfit interaction energy in the mix              :         2.43225 kcal/mol
 H-Bond interaction energy in the mix              :        -3.71750 kcal/mol
 VdW interaction energy in the mix                 :       -18.42960 kcal/mol
 Gas liquid transition energy in the mix (H_glt)   :        10.91712 kcal/mol
 Normalized weight factor of molecule in compound  :         0.11467
 Normalized weight factor of molecule in gas phase :         0.19950

 Compound: 2 Conformer: 2 (3-hexanol_c1)
 Chemical potential of the molecule in the mixture :         5.46445 kcal/mol
 Log10(partial pressure [mbar])                    :         3.84353
 Free energy of molecule in mix (E_COSMO+dE+Mu)    :   -196064.07183 kcal/mol
 Total mean interaction energy in the mix          :        -8.81544 kcal/mol
 Misfit interaction energy in the mix              :         2.44594 kcal/mol
 H-Bond interaction energy in the mix              :        -3.75653 kcal/mol
 VdW interaction energy in the mix                 :       -18.42197 kcal/mol
 Gas liquid transition energy in the mix (H_glt)   :        10.91712 kcal/mol
 Normalized weight factor of molecule in compound  :         0.12201
 Normalized weight factor of molecule in gas phase :         0.20228

 Compound: 2 Conformer: 3 (3-hexanol_c2)
 Chemical potential of the molecule in the mixture :         5.60094 kcal/mol
 Log10(partial pressure [mbar])                    :         3.86082
 Free energy of molecule in mix (E_COSMO+dE+Mu)    :   -196063.93594 kcal/mol
 Total mean interaction energy in the mix          :        -8.79502 kcal/mol
 Misfit interaction energy in the mix              :         2.49279 kcal/mol
 H-Bond interaction energy in the mix              :        -3.75791 kcal/mol
 VdW interaction energy in the mix                 :       -18.44702 kcal/mol
 Gas liquid transition energy in the mix (H_glt)   :        10.91712 kcal/mol
 Normalized weight factor of molecule in compound  :         0.09808
 Normalized weight factor of molecule in gas phase :         0.18514

 Compound: 2 Conformer: 4 (3-hexanol_c3)
 Chemical potential of the molecule in the mixture :         5.17085 kcal/mol
 Log10(partial pressure [mbar])                    :         3.42976
 Free energy of molecule in mix (E_COSMO+dE+Mu)    :   -196064.29626 kcal/mol
 Total mean interaction energy in the mix          :        -9.13723 kcal/mol
 Misfit interaction energy in the mix              :         2.43770 kcal/mol
 H-Bond interaction energy in the mix              :        -4.06228 kcal/mol
 VdW interaction energy in the mix                 :       -18.42978 kcal/mol
 Gas liquid transition energy in the mix (H_glt)   :        10.91712 kcal/mol
 Normalized weight factor of molecule in compound  :         0.17500
 Normalized weight factor of molecule in gas phase :         0.11754

 Compound: 2 Conformer: 5 (3-hexanol_c4)
 Chemical potential of the molecule in the mixture :         5.25837 kcal/mol
 Log10(partial pressure [mbar])                    :         3.45740
 Free energy of molecule in mix (E_COSMO+dE+Mu)    :   -196064.26209 kcal/mol
 Total mean interaction energy in the mix          :        -9.16768 kcal/mol
 Misfit interaction energy in the mix              :         2.45692 kcal/mol
 H-Bond interaction energy in the mix              :        -4.22995 kcal/mol
 VdW interaction energy in the mix                 :       -18.31177 kcal/mol
 Gas liquid transition energy in the mix (H_glt)   :        10.91712 kcal/mol
 Normalized weight factor of molecule in compound  :         0.16565
 Normalized weight factor of molecule in gas phase :         0.10269

 Compound: 2 Conformer: 6 (3-hexanol_c5)
 Chemical potential of the molecule in the mixture :         5.20553 kcal/mol
 Log10(partial pressure [mbar])                    :         3.44408
 Free energy of molecule in mix (E_COSMO+dE+Mu)    :   -196064.17084 kcal/mol
 Total mean interaction energy in the mix          :        -9.08585 kcal/mol
 Misfit interaction energy in the mix              :         2.46397 kcal/mol
 H-Bond interaction energy in the mix              :        -4.04613 kcal/mol
 VdW interaction energy in the mix                 :       -18.42081 kcal/mol
 Gas liquid transition energy in the mix (H_glt)   :        10.91712 kcal/mol
 Normalized weight factor of molecule in compound  :         0.14306
 Normalized weight factor of molecule in gas phase :         0.10123

 Compound: 2 Conformer: 7 (3-hexanol_c6)
 Chemical potential of the molecule in the mixture :         5.16421 kcal/mol
 Log10(partial pressure [mbar])                    :         3.37465
 Free energy of molecule in mix (E_COSMO+dE+Mu)    :   -196064.31907 kcal/mol
 Total mean interaction energy in the mix          :        -9.15099 kcal/mol
 Misfit interaction energy in the mix              :         2.46881 kcal/mol
 H-Bond interaction energy in the mix              :        -4.21039 kcal/mol
 VdW interaction energy in the mix                 :       -18.32653 kcal/mol
 Gas liquid transition energy in the mix (H_glt)   :        10.91712 kcal/mol
 Normalized weight factor of molecule in compound  :         0.18153
 Normalized weight factor of molecule in gas phase :         0.09163

 Compound: 3 Conformer: 1 (lacticacid_c0)
 Chemical potential of the molecule in the mixture :         6.39113 kcal/mol
 Log10(partial pressure [mbar])                    :        -0.57990
 Free energy of molecule in mix (E_COSMO+dE+Mu)    :   -215742.28901 kcal/mol
 Total mean interaction energy in the mix          :        -7.35024 kcal/mol
 Misfit interaction energy in the mix              :         2.02937 kcal/mol
 H-Bond interaction energy in the mix              :        -4.39334 kcal/mol
 VdW interaction energy in the mix                 :       -13.23812 kcal/mol
 Gas liquid transition energy in the mix (H_glt)   :         8.25184 kcal/mol
 Normalized weight factor of molecule in compound  :         0.04362
 Normalized weight factor of molecule in gas phase :         0.00603

 Compound: 3 Conformer: 2 (lacticacid_c1)
 Chemical potential of the molecule in the mixture :         6.51321 kcal/mol
 Log10(partial pressure [mbar])                    :        -0.10431
 Free energy of molecule in mix (E_COSMO+dE+Mu)    :   -215741.98543 kcal/mol
 Total mean interaction energy in the mix          :        -6.91473 kcal/mol
 Misfit interaction energy in the mix              :         2.13726 kcal/mol
 H-Bond interaction energy in the mix              :        -4.08863 kcal/mol
 VdW interaction energy in the mix                 :       -13.21519 kcal/mol
 Gas liquid transition energy in the mix (H_glt)   :         8.25184 kcal/mol
 Normalized weight factor of molecule in compound  :         0.02678
 Normalized weight factor of molecule in gas phase :         0.01137

 Compound: 3 Conformer: 3 (lacticacid_c2)
 Chemical potential of the molecule in the mixture :         4.66500 kcal/mol
 Log10(partial pressure [mbar])                    :         0.58170
 Free energy of molecule in mix (E_COSMO+dE+Mu)    :   -215742.94146 kcal/mol
 Total mean interaction energy in the mix          :        -8.01873 kcal/mol
 Misfit interaction energy in the mix              :         2.06931 kcal/mol
 H-Bond interaction energy in the mix              :        -5.03951 kcal/mol
 VdW interaction energy in the mix                 :       -13.30037 kcal/mol
 Gas liquid transition energy in the mix (H_glt)   :         8.25184 kcal/mol
 Normalized weight factor of molecule in compound  :         0.12445
 Normalized weight factor of molecule in gas phase :         0.93300

 Compound: 3 Conformer: 4 (lacticacid_c3)
 Chemical potential of the molecule in the mixture :         2.91429 kcal/mol
 Log10(partial pressure [mbar])                    :        -1.67676
 Free energy of molecule in mix (E_COSMO+dE+Mu)    :   -215743.27114 kcal/mol
 Total mean interaction energy in the mix          :       -10.13044 kcal/mol
 Misfit interaction energy in the mix              :         1.99072 kcal/mol
 H-Bond interaction energy in the mix              :        -7.09632 kcal/mol
 VdW interaction energy in the mix                 :       -13.27669 kcal/mol
 Gas liquid transition energy in the mix (H_glt)   :         8.25184 kcal/mol
 Normalized weight factor of molecule in compound  :         0.21140
 Normalized weight factor of molecule in gas phase :         0.02822

 Compound: 3 Conformer: 5 (lacticacid_c4)
 Chemical potential of the molecule in the mixture :         2.40345 kcal/mol
 Log10(partial pressure [mbar])                    :        -3.59401
 Free energy of molecule in mix (E_COSMO+dE+Mu)    :   -215743.69538 kcal/mol
 Total mean interaction energy in the mix          :       -11.07851 kcal/mol
 Misfit interaction energy in the mix              :         1.97034 kcal/mol
 H-Bond interaction energy in the mix              :        -8.00275 kcal/mol
 VdW interaction energy in the mix                 :       -13.29794 kcal/mol
 Gas liquid transition energy in the mix (H_glt)   :         8.25184 kcal/mol
 Normalized weight factor of molecule in compound  :         0.41799
 Normalized weight factor of molecule in gas phase :         0.00067

 Compound: 3 Conformer: 6 (lacticacid_c5)
 Chemical potential of the molecule in the mixture :         2.87921 kcal/mol
 Log10(partial pressure [mbar])                    :        -1.73088
 Free energy of molecule in mix (E_COSMO+dE+Mu)    :   -215743.15626 kcal/mol
 Total mean interaction energy in the mix          :       -10.20552 kcal/mol
 Misfit interaction energy in the mix              :         1.96651 kcal/mol
 H-Bond interaction energy in the mix              :        -7.12563 kcal/mol
 VdW interaction energy in the mix                 :       -13.29824 kcal/mol
 Gas liquid transition energy in the mix (H_glt)   :         8.25184 kcal/mol
 Normalized weight factor of molecule in compound  :         0.17576
 Normalized weight factor of molecule in gas phase :         0.02069




 Results for mixture 18 - LIQ_EX Phase 2 Iteration    8
 ----------------------
 Temperature          :    313.150 K
 Compound Nr.         :         1         2         3
 Compound             :       h2o 3-hexanol lacticaci
 Mole Fraction        :    0.3357    0.6617    0.0026

 Compound: 1  (h2o)
 Chemical potential of the compound in the mixture :         4.13576 kcal/mol
 Log10(partial pressure [mbar])                    :         1.99386
 Free energy of molecule in mix (E_COSMO+dE+Mu)    :    -47989.11752 kcal/mol
 Total mean interaction energy in the mix (H_int)  :        -5.28567 kcal/mol
 Misfit interaction energy in the mix (H_MF)       :         0.91108 kcal/mol
 H-Bond interaction energy in the mix (H_HB)       :        -4.55499 kcal/mol
 VdW interaction energy in the mix (H_vdW)         :        -4.57381 kcal/mol
 Gas liquid transition energy in the mix (H_glt)   :         2.93205 kcal/mol
 Equilibrium constant Kx(1,2)                      :         2.91860
 Equilibrium concentration x_k(1,2)                :         0.74481

 Compound: 2  (3-hexanol)
 Chemical potential of the compound in the mixture :         0.54337 kcal/mol
 Log10(partial pressure [mbar])                    :         1.05225
 Free energy of molecule in mix (E_COSMO+dE+Mu)    :   -196068.99351 kcal/mol
 Total mean interaction energy in the mix (H_int)  :        -8.59360 kcal/mol
 Misfit interaction energy in the mix (H_MF)       :         2.20059 kcal/mol
 H-Bond interaction energy in the mix (H_HB)       :        -2.76292 kcal/mol
 VdW interaction energy in the mix (H_vdW)         :       -18.99957 kcal/mol
 Gas liquid transition energy in the mix (H_glt)   :        10.91712 kcal/mol
 Equilibrium constant Kx(1,2)                      :  3.01151906E-03
 Equilibrium concentration x_k(1,2)                :         0.00300

 Compound: 3  (lacticacid)
 Chemical potential of the compound in the mixture :         4.05148 kcal/mol
 Log10(partial pressure [mbar])                    :        -1.07474
 Free energy of molecule in mix (E_COSMO+dE+Mu)    :   -215744.62866 kcal/mol
 Total mean interaction energy in the mix (H_int)  :        -6.21293 kcal/mol
 Misfit interaction energy in the mix (H_MF)       :         2.28764 kcal/mol
 H-Bond interaction energy in the mix (H_HB)       :        -4.44833 kcal/mol
 VdW interaction energy in the mix (H_vdW)         :       -13.91955 kcal/mol
 Gas liquid transition energy in the mix (H_glt)   :         8.25184 kcal/mol
 Equilibrium constant Kx(1,2)                      :         0.53395
 Equilibrium concentration x_k(1,2)                :         0.34809



 Compound: 1 Conformer: 1 (h2o_c0)
 Chemical potential of the molecule in the mixture :         4.13576 kcal/mol
 Log10(partial pressure [mbar])                    :         1.99386
 Free energy of molecule in mix (E_COSMO+dE+Mu)    :    -47989.11752 kcal/mol
 Total mean interaction energy in the mix          :        -5.28567 kcal/mol
 Misfit interaction energy in the mix              :         0.91108 kcal/mol
 H-Bond interaction energy in the mix              :        -4.55499 kcal/mol
 VdW interaction energy in the mix                 :        -4.57381 kcal/mol
 Gas liquid transition energy in the mix (H_glt)   :         2.93205 kcal/mol
 Normalized weight factor of molecule in compound  :         1.00000
 Normalized weight factor of molecule in gas phase :         1.00000

 Compound: 2 Conformer: 1 (3-hexanol_c0)
 Chemical potential of the molecule in the mixture :         1.79472 kcal/mol
 Log10(partial pressure [mbar])                    :         1.29151
 Free energy of molecule in mix (E_COSMO+dE+Mu)    :   -196067.73877 kcal/mol
 Total mean interaction energy in the mix          :        -8.36573 kcal/mol
 Misfit interaction energy in the mix              :         2.20708 kcal/mol
 H-Bond interaction energy in the mix              :        -2.47468 kcal/mol
 VdW interaction energy in the mix                 :       -19.01525 kcal/mol
 Gas liquid transition energy in the mix (H_glt)   :        10.91712 kcal/mol
 Normalized weight factor of molecule in compound  :         0.13315
 Normalized weight factor of molecule in gas phase :         0.19950

 Compound: 2 Conformer: 2 (3-hexanol_c1)
 Chemical potential of the molecule in the mixture :         1.79233 kcal/mol
 Log10(partial pressure [mbar])                    :         1.28078
 Free energy of molecule in mix (E_COSMO+dE+Mu)    :   -196067.74396 kcal/mol
 Total mean interaction energy in the mix          :        -8.36454 kcal/mol
 Misfit interaction energy in the mix              :         2.22216 kcal/mol
 H-Bond interaction energy in the mix              :        -2.49326 kcal/mol
 VdW interaction energy in the mix                 :       -19.01057 kcal/mol
 Gas liquid transition energy in the mix (H_glt)   :        10.91712 kcal/mol
 Normalized weight factor of molecule in compound  :         0.13426
 Normalized weight factor of molecule in gas phase :         0.20228

 Compound: 2 Conformer: 3 (3-hexanol_c2)
 Chemical potential of the molecule in the mixture :         1.72489 kcal/mol
 Log10(partial pressure [mbar])                    :         1.15574
 Free energy of molecule in mix (E_COSMO+dE+Mu)    :   -196067.81199 kcal/mol
 Total mean interaction energy in the mix          :        -8.38048 kcal/mol
 Misfit interaction energy in the mix              :         2.16857 kcal/mol
 H-Bond interaction energy in the mix              :        -2.43659 kcal/mol
 VdW interaction energy in the mix                 :       -19.02958 kcal/mol
 Gas liquid transition energy in the mix (H_glt)   :        10.91712 kcal/mol
 Normalized weight factor of molecule in compound  :         0.14977
 Normalized weight factor of molecule in gas phase :         0.18514

 Compound: 2 Conformer: 4 (3-hexanol_c3)
 Chemical potential of the molecule in the mixture :         1.42660 kcal/mol
 Log10(partial pressure [mbar])                    :         0.81668
 Free energy of molecule in mix (E_COSMO+dE+Mu)    :   -196068.04050 kcal/mol
 Total mean interaction energy in the mix          :        -8.99227 kcal/mol
 Misfit interaction energy in the mix              :         2.14409 kcal/mol
 H-Bond interaction energy in the mix              :        -3.02924 kcal/mol
 VdW interaction energy in the mix                 :       -19.02424 kcal/mol
 Gas liquid transition energy in the mix (H_glt)   :        10.91712 kcal/mol
 Normalized weight factor of molecule in compound  :         0.21622
 Normalized weight factor of molecule in gas phase :         0.11754

 Compound: 2 Conformer: 5 (3-hexanol_c4)
 Chemical potential of the molecule in the mixture :         2.02346 kcal/mol
 Log10(partial pressure [mbar])                    :         1.19978
 Free energy of molecule in mix (E_COSMO+dE+Mu)    :   -196067.49699 kcal/mol
 Total mean interaction energy in the mix          :        -8.52000 kcal/mol
 Misfit interaction energy in the mix              :         2.31692 kcal/mol
 H-Bond interaction energy in the mix              :        -2.84821 kcal/mol
 VdW interaction energy in the mix                 :       -18.90583 kcal/mol
 Gas liquid transition energy in the mix (H_glt)   :        10.91712 kcal/mol
 Normalized weight factor of molecule in compound  :         0.09028
 Normalized weight factor of molecule in gas phase :         0.10269

 Compound: 2 Conformer: 6 (3-hexanol_c5)
 Chemical potential of the molecule in the mixture :         1.44971 kcal/mol
 Log10(partial pressure [mbar])                    :         0.82292
 Free energy of molecule in mix (E_COSMO+dE+Mu)    :   -196067.92666 kcal/mol
 Total mean interaction energy in the mix          :        -8.93877 kcal/mol
 Misfit interaction energy in the mix              :         2.16111 kcal/mol
 H-Bond interaction energy in the mix              :        -3.00154 kcal/mol
 VdW interaction energy in the mix                 :       -19.01545 kcal/mol
 Gas liquid transition energy in the mix (H_glt)   :        10.91712 kcal/mol
 Normalized weight factor of molecule in compound  :         0.18008
 Normalized weight factor of molecule in gas phase :         0.10123

 Compound: 2 Conformer: 7 (3-hexanol_c6)
 Chemical potential of the molecule in the mixture :         1.94647 kcal/mol
 Log10(partial pressure [mbar])                    :         1.12901
 Free energy of molecule in mix (E_COSMO+dE+Mu)    :   -196067.53680 kcal/mol
 Total mean interaction energy in the mix          :        -8.61923 kcal/mol
 Misfit interaction energy in the mix              :         2.30306 kcal/mol
 H-Bond interaction energy in the mix              :        -2.92083 kcal/mol
 VdW interaction energy in the mix                 :       -18.91858 kcal/mol
 Gas liquid transition energy in the mix (H_glt)   :        10.91712 kcal/mol
 Normalized weight factor of molecule in compound  :         0.09624
 Normalized weight factor of molecule in gas phase :         0.09163

 Compound: 3 Conformer: 1 (lacticacid_c0)
 Chemical potential of the molecule in the mixture :         5.75577 kcal/mol
 Log10(partial pressure [mbar])                    :        -1.02332
 Free energy of molecule in mix (E_COSMO+dE+Mu)    :   -215742.92437 kcal/mol
 Total mean interaction energy in the mix          :        -6.22375 kcal/mol
 Misfit interaction energy in the mix              :         2.62071 kcal/mol
 H-Bond interaction energy in the mix              :        -3.21129 kcal/mol
 VdW interaction energy in the mix                 :       -13.88501 kcal/mol
 Gas liquid transition energy in the mix (H_glt)   :         8.25184 kcal/mol
 Normalized weight factor of molecule in compound  :         0.06465
 Normalized weight factor of molecule in gas phase :         0.00603

 Compound: 3 Conformer: 2 (lacticacid_c1)
 Chemical potential of the molecule in the mixture :         6.12520 kcal/mol
 Log10(partial pressure [mbar])                    :        -0.37510
 Free energy of molecule in mix (E_COSMO+dE+Mu)    :   -215742.37345 kcal/mol
 Total mean interaction energy in the mix          :        -5.70906 kcal/mol
 Misfit interaction energy in the mix              :         2.69734 kcal/mol
 H-Bond interaction energy in the mix              :        -2.80966 kcal/mol
 VdW interaction energy in the mix                 :       -13.84858 kcal/mol
 Gas liquid transition energy in the mix (H_glt)   :         8.25184 kcal/mol
 Normalized weight factor of molecule in compound  :         0.02667
 Normalized weight factor of molecule in gas phase :         0.01137

 Compound: 3 Conformer: 3 (lacticacid_c2)
 Chemical potential of the molecule in the mixture :         3.42883 kcal/mol
 Log10(partial pressure [mbar])                    :        -0.28102
 Free energy of molecule in mix (E_COSMO+dE+Mu)    :   -215744.17764 kcal/mol
 Total mean interaction energy in the mix          :        -7.30097 kcal/mol
 Misfit interaction energy in the mix              :         2.17714 kcal/mol
 H-Bond interaction energy in the mix              :        -3.80437 kcal/mol
 VdW interaction energy in the mix                 :       -13.92557 kcal/mol
 Gas liquid transition energy in the mix (H_glt)   :         8.25184 kcal/mol
 Normalized weight factor of molecule in compound  :         0.48443
 Normalized weight factor of molecule in gas phase :         0.93300

 Compound: 3 Conformer: 4 (lacticacid_c3)
 Chemical potential of the molecule in the mixture :         2.70423 kcal/mol
 Log10(partial pressure [mbar])                    :        -1.82336
 Free energy of molecule in mix (E_COSMO+dE+Mu)    :   -215743.48120 kcal/mol
 Total mean interaction energy in the mix          :        -8.57730 kcal/mol
 Misfit interaction energy in the mix              :         2.27797 kcal/mol
 H-Bond interaction energy in the mix              :        -5.20555 kcal/mol
 VdW interaction energy in the mix                 :       -13.90156 kcal/mol
 Gas liquid transition energy in the mix (H_glt)   :         8.25184 kcal/mol
 Normalized weight factor of molecule in compound  :         0.15820
 Normalized weight factor of molecule in gas phase :         0.02822

 Compound: 3 Conformer: 5 (lacticacid_c4)
 Chemical potential of the molecule in the mixture :         2.77851 kcal/mol
 Log10(partial pressure [mbar])                    :        -3.33226
 Free energy of molecule in mix (E_COSMO+dE+Mu)    :   -215743.32032 kcal/mol
 Total mean interaction energy in the mix          :        -9.18829 kcal/mol
 Misfit interaction energy in the mix              :         2.52698 kcal/mol
 H-Bond interaction energy in the mix              :        -6.02576 kcal/mol
 VdW interaction energy in the mix                 :       -13.94136 kcal/mol
 Gas liquid transition energy in the mix (H_glt)   :         8.25184 kcal/mol
 Normalized weight factor of molecule in compound  :         0.12216
 Normalized weight factor of molecule in gas phase :         0.00067

 Compound: 3 Conformer: 6 (lacticacid_c5)
 Chemical potential of the molecule in the mixture :         2.61327 kcal/mol
 Log10(partial pressure [mbar])                    :        -1.91648
 Free energy of molecule in mix (E_COSMO+dE+Mu)    :   -215743.42219 kcal/mol
 Total mean interaction energy in the mix          :        -8.74020 kcal/mol
 Misfit interaction energy in the mix              :         2.24149 kcal/mol
 H-Bond interaction energy in the mix              :        -5.30431 kcal/mol
 VdW interaction energy in the mix                 :       -13.92922 kcal/mol
 Gas liquid transition energy in the mix (H_glt)   :         8.25184 kcal/mol
 Normalized weight factor of molecule in compound  :         0.14388
 Normalized weight factor of molecule in gas phase :         0.02069




 Results for mixture 19 - LIQ_EX Phase 1 Iteration    9
 ----------------------
 Temperature          :    313.150 K
 Compound Nr.         :         1         2         3
 Compound             :       h2o 3-hexanol lacticaci
 Mole Fraction        :    0.9966    0.0020    0.0014

 Compound: 1  (h2o)
 Chemical potential of the compound in the mixture :         3.46922 kcal/mol
 Log10(partial pressure [mbar])                    :         1.52868
 Free energy of molecule in mix (E_COSMO+dE+Mu)    :    -47989.78406 kcal/mol
 Total mean interaction energy in the mix (H_int)  :        -5.54669 kcal/mol
 Misfit interaction energy in the mix (H_MF)       :         0.59075 kcal/mol
 H-Bond interaction energy in the mix (H_HB)       :        -4.72847 kcal/mol
 VdW interaction energy in the mix (H_vdW)         :        -4.34102 kcal/mol
 Gas liquid transition energy in the mix (H_glt)   :         2.93205 kcal/mol

 Compound: 2  (3-hexanol)
 Chemical potential of the compound in the mixture :         4.15670 kcal/mol
 Log10(partial pressure [mbar])                    :         3.57397
 Free energy of molecule in mix (E_COSMO+dE+Mu)    :   -196065.38018 kcal/mol
 Total mean interaction energy in the mix (H_int)  :        -8.97765 kcal/mol
 Misfit interaction energy in the mix (H_MF)       :         2.45594 kcal/mol
 H-Bond interaction energy in the mix (H_HB)       :        -4.00798 kcal/mol
 VdW interaction energy in the mix (H_vdW)         :       -18.39081 kcal/mol
 Gas liquid transition energy in the mix (H_glt)   :        10.91712 kcal/mol

 Compound: 3  (lacticacid)
 Chemical potential of the compound in the mixture :         4.44217 kcal/mol
 Log10(partial pressure [mbar])                    :        -0.80208
 Free energy of molecule in mix (E_COSMO+dE+Mu)    :   -215744.23797 kcal/mol
 Total mean interaction energy in the mix (H_int)  :        -7.86022 kcal/mol
 Misfit interaction energy in the mix (H_MF)       :         1.99324 kcal/mol
 H-Bond interaction energy in the mix (H_HB)       :        -7.02609 kcal/mol
 VdW interaction energy in the mix (H_vdW)         :       -13.28888 kcal/mol
 Gas liquid transition energy in the mix (H_glt)   :         8.25184 kcal/mol



 Compound: 1 Conformer: 1 (h2o_c0)
 Chemical potential of the molecule in the mixture :         3.46922 kcal/mol
 Log10(partial pressure [mbar])                    :         1.52868
 Free energy of molecule in mix (E_COSMO+dE+Mu)    :    -47989.78406 kcal/mol
 Total mean interaction energy in the mix          :        -5.54669 kcal/mol
 Misfit interaction energy in the mix              :         0.59075 kcal/mol
 H-Bond interaction energy in the mix              :        -4.72847 kcal/mol
 VdW interaction energy in the mix                 :        -4.34102 kcal/mol
 Gas liquid transition energy in the mix (H_glt)   :         2.93205 kcal/mol
 Normalized weight factor of molecule in compound  :         1.00000
 Normalized weight factor of molecule in gas phase :         1.00000

 Compound: 2 Conformer: 1 (3-hexanol_c0)
 Chemical potential of the molecule in the mixture :         5.50099 kcal/mol
 Log10(partial pressure [mbar])                    :         3.87809
 Free energy of molecule in mix (E_COSMO+dE+Mu)    :   -196064.03250 kcal/mol
 Total mean interaction energy in the mix          :        -8.79781 kcal/mol
 Misfit interaction energy in the mix              :         2.43211 kcal/mol
 H-Bond interaction energy in the mix              :        -3.71755 kcal/mol
 VdW interaction energy in the mix                 :       -18.42949 kcal/mol
 Gas liquid transition energy in the mix (H_glt)   :        10.91712 kcal/mol
 Normalized weight factor of molecule in compound  :         0.11467
 Normalized weight factor of molecule in gas phase :         0.19950

 Compound: 2 Conformer: 2 (3-hexanol_c1)
 Chemical potential of the molecule in the mixture :         5.46518 kcal/mol
 Log10(partial pressure [mbar])                    :         3.84404
 Free energy of molecule in mix (E_COSMO+dE+Mu)    :   -196064.07111 kcal/mol
 Total mean interaction energy in the mix          :        -8.81552 kcal/mol
 Misfit interaction energy in the mix              :         2.44580 kcal/mol
 H-Bond interaction energy in the mix              :        -3.75658 kcal/mol
 VdW interaction energy in the mix                 :       -18.42186 kcal/mol
 Gas liquid transition energy in the mix (H_glt)   :        10.91712 kcal/mol
 Normalized weight factor of molecule in compound  :         0.12201
 Normalized weight factor of molecule in gas phase :         0.20228

 Compound: 2 Conformer: 3 (3-hexanol_c2)
 Chemical potential of the molecule in the mixture :         5.60168 kcal/mol
 Log10(partial pressure [mbar])                    :         3.86133
 Free energy of molecule in mix (E_COSMO+dE+Mu)    :   -196063.93520 kcal/mol
 Total mean interaction energy in the mix          :        -8.79508 kcal/mol
 Misfit interaction energy in the mix              :         2.49267 kcal/mol
 H-Bond interaction energy in the mix              :        -3.75796 kcal/mol
 VdW interaction energy in the mix                 :       -18.44691 kcal/mol
 Gas liquid transition energy in the mix (H_glt)   :        10.91712 kcal/mol
 Normalized weight factor of molecule in compound  :         0.09807
 Normalized weight factor of molecule in gas phase :         0.18514

 Compound: 2 Conformer: 4 (3-hexanol_c3)
 Chemical potential of the molecule in the mixture :         5.17157 kcal/mol
 Log10(partial pressure [mbar])                    :         3.43027
 Free energy of molecule in mix (E_COSMO+dE+Mu)    :   -196064.29553 kcal/mol
 Total mean interaction energy in the mix          :        -9.13729 kcal/mol
 Misfit interaction energy in the mix              :         2.43757 kcal/mol
 H-Bond interaction energy in the mix              :        -4.06231 kcal/mol
 VdW interaction energy in the mix                 :       -18.42967 kcal/mol
 Gas liquid transition energy in the mix (H_glt)   :        10.91712 kcal/mol
 Normalized weight factor of molecule in compound  :         0.17500
 Normalized weight factor of molecule in gas phase :         0.11754

 Compound: 2 Conformer: 5 (3-hexanol_c4)
 Chemical potential of the molecule in the mixture :         5.25907 kcal/mol
 Log10(partial pressure [mbar])                    :         3.45789
 Free energy of molecule in mix (E_COSMO+dE+Mu)    :   -196064.26139 kcal/mol
 Total mean interaction energy in the mix          :        -9.16775 kcal/mol
 Misfit interaction energy in the mix              :         2.45678 kcal/mol
 H-Bond interaction energy in the mix              :        -4.22999 kcal/mol
 VdW interaction energy in the mix                 :       -18.31166 kcal/mol
 Gas liquid transition energy in the mix (H_glt)   :        10.91712 kcal/mol
 Normalized weight factor of molecule in compound  :         0.16565
 Normalized weight factor of molecule in gas phase :         0.10269

 Compound: 2 Conformer: 6 (3-hexanol_c5)
 Chemical potential of the molecule in the mixture :         5.20625 kcal/mol
 Log10(partial pressure [mbar])                    :         3.44459
 Free energy of molecule in mix (E_COSMO+dE+Mu)    :   -196064.17012 kcal/mol
 Total mean interaction energy in the mix          :        -9.08591 kcal/mol
 Misfit interaction energy in the mix              :         2.46384 kcal/mol
 H-Bond interaction energy in the mix              :        -4.04617 kcal/mol
 VdW interaction energy in the mix                 :       -18.42070 kcal/mol
 Gas liquid transition energy in the mix (H_glt)   :        10.91712 kcal/mol
 Normalized weight factor of molecule in compound  :         0.14305
 Normalized weight factor of molecule in gas phase :         0.10123

 Compound: 2 Conformer: 7 (3-hexanol_c6)
 Chemical potential of the molecule in the mixture :         5.16491 kcal/mol
 Log10(partial pressure [mbar])                    :         3.37514
 Free energy of molecule in mix (E_COSMO+dE+Mu)    :   -196064.31837 kcal/mol
 Total mean interaction energy in the mix          :        -9.15104 kcal/mol
 Misfit interaction energy in the mix              :         2.46868 kcal/mol
 H-Bond interaction energy in the mix              :        -4.21042 kcal/mol
 VdW interaction energy in the mix                 :       -18.32642 kcal/mol
 Gas liquid transition energy in the mix (H_glt)   :        10.91712 kcal/mol
 Normalized weight factor of molecule in compound  :         0.18154
 Normalized weight factor of molecule in gas phase :         0.09163

 Compound: 3 Conformer: 1 (lacticacid_c0)
 Chemical potential of the molecule in the mixture :         6.39139 kcal/mol
 Log10(partial pressure [mbar])                    :        -0.57972
 Free energy of molecule in mix (E_COSMO+dE+Mu)    :   -215742.28875 kcal/mol
 Total mean interaction energy in the mix          :        -7.35034 kcal/mol
 Misfit interaction energy in the mix              :         2.02926 kcal/mol
 H-Bond interaction energy in the mix              :        -4.39342 kcal/mol
 VdW interaction energy in the mix                 :       -13.23802 kcal/mol
 Gas liquid transition energy in the mix (H_glt)   :         8.25184 kcal/mol
 Normalized weight factor of molecule in compound  :         0.04362
 Normalized weight factor of molecule in gas phase :         0.00603

 Compound: 3 Conformer: 2 (lacticacid_c1)
 Chemical potential of the molecule in the mixture :         6.51346 kcal/mol
 Log10(partial pressure [mbar])                    :        -0.10414
 Free energy of molecule in mix (E_COSMO+dE+Mu)    :   -215741.98518 kcal/mol
 Total mean interaction energy in the mix          :        -6.91480 kcal/mol
 Misfit interaction energy in the mix              :         2.13717 kcal/mol
 H-Bond interaction energy in the mix              :        -4.08871 kcal/mol
 VdW interaction energy in the mix                 :       -13.21510 kcal/mol
 Gas liquid transition energy in the mix (H_glt)   :         8.25184 kcal/mol
 Normalized weight factor of molecule in compound  :         0.02678
 Normalized weight factor of molecule in gas phase :         0.01137

 Compound: 3 Conformer: 3 (lacticacid_c2)
 Chemical potential of the molecule in the mixture :         4.66533 kcal/mol
 Log10(partial pressure [mbar])                    :         0.58193
 Free energy of molecule in mix (E_COSMO+dE+Mu)    :   -215742.94113 kcal/mol
 Total mean interaction energy in the mix          :        -8.01878 kcal/mol
 Misfit interaction energy in the mix              :         2.06923 kcal/mol
 H-Bond interaction energy in the mix              :        -5.03958 kcal/mol
 VdW interaction energy in the mix                 :       -13.30027 kcal/mol
 Gas liquid transition energy in the mix (H_glt)   :         8.25184 kcal/mol
 Normalized weight factor of molecule in compound  :         0.12444
 Normalized weight factor of molecule in gas phase :         0.93300

 Compound: 3 Conformer: 4 (lacticacid_c3)
 Chemical potential of the molecule in the mixture :         2.91452 kcal/mol
 Log10(partial pressure [mbar])                    :        -1.67659
 Free energy of molecule in mix (E_COSMO+dE+Mu)    :   -215743.27091 kcal/mol
 Total mean interaction energy in the mix          :       -10.13056 kcal/mol
 Misfit interaction energy in the mix              :         1.99062 kcal/mol
 H-Bond interaction energy in the mix              :        -7.09643 kcal/mol
 VdW interaction energy in the mix                 :       -13.27659 kcal/mol
 Gas liquid transition energy in the mix (H_glt)   :         8.25184 kcal/mol
 Normalized weight factor of molecule in compound  :         0.21140
 Normalized weight factor of molecule in gas phase :         0.02822

 Compound: 3 Conformer: 5 (lacticacid_c4)
 Chemical potential of the molecule in the mixture :         2.40364 kcal/mol
 Log10(partial pressure [mbar])                    :        -3.59388
 Free energy of molecule in mix (E_COSMO+dE+Mu)    :   -215743.69519 kcal/mol
 Total mean interaction energy in the mix          :       -11.07862 kcal/mol
 Misfit interaction energy in the mix              :         1.97023 kcal/mol
 H-Bond interaction energy in the mix              :        -8.00285 kcal/mol
 VdW interaction energy in the mix                 :       -13.29785 kcal/mol
 Gas liquid transition energy in the mix (H_glt)   :         8.25184 kcal/mol
 Normalized weight factor of molecule in compound  :         0.41802
 Normalized weight factor of molecule in gas phase :         0.00067

 Compound: 3 Conformer: 6 (lacticacid_c5)
 Chemical potential of the molecule in the mixture :         2.87945 kcal/mol
 Log10(partial pressure [mbar])                    :        -1.73072
 Free energy of molecule in mix (E_COSMO+dE+Mu)    :   -215743.15602 kcal/mol
 Total mean interaction energy in the mix          :       -10.20563 kcal/mol
 Misfit interaction energy in the mix              :         1.96641 kcal/mol
 H-Bond interaction energy in the mix              :        -7.12574 kcal/mol
 VdW interaction energy in the mix                 :       -13.29814 kcal/mol
 Gas liquid transition energy in the mix (H_glt)   :         8.25184 kcal/mol
 Normalized weight factor of molecule in compound  :         0.17576
 Normalized weight factor of molecule in gas phase :         0.02069




 Results for mixture 20 - LIQ_EX Phase 2 Iteration    9
 ----------------------
 Temperature          :    313.150 K
 Compound Nr.         :         1         2         3
 Compound             :       h2o 3-hexanol lacticaci
 Mole Fraction        :    0.3385    0.6589    0.0026

 Compound: 1  (h2o)
 Chemical potential of the compound in the mixture :         4.13407 kcal/mol
 Log10(partial pressure [mbar])                    :         1.99268
 Free energy of molecule in mix (E_COSMO+dE+Mu)    :    -47989.11920 kcal/mol
 Total mean interaction energy in the mix (H_int)  :        -5.28943 kcal/mol
 Misfit interaction energy in the mix (H_MF)       :         0.90730 kcal/mol
 H-Bond interaction energy in the mix (H_HB)       :        -4.55562 kcal/mol
 VdW interaction energy in the mix (H_vdW)         :        -4.57317 kcal/mol
 Gas liquid transition energy in the mix (H_glt)   :         2.93205 kcal/mol
 Equilibrium constant Kx(1,2)                      :         2.91072
 Equilibrium concentration x_k(1,2)                :         0.74429

 Compound: 2  (3-hexanol)
 Chemical potential of the compound in the mixture :         0.54427 kcal/mol
 Log10(partial pressure [mbar])                    :         1.05288
 Free energy of molecule in mix (E_COSMO+dE+Mu)    :   -196068.99261 kcal/mol
 Total mean interaction energy in the mix (H_int)  :        -8.59539 kcal/mol
 Misfit interaction energy in the mix (H_MF)       :         2.20316 kcal/mol
 H-Bond interaction energy in the mix (H_HB)       :        -2.76843 kcal/mol
 VdW interaction energy in the mix (H_vdW)         :       -18.99840 kcal/mol
 Gas liquid transition energy in the mix (H_glt)   :        10.91712 kcal/mol
 Equilibrium constant Kx(1,2)                      :  3.01238669E-03
 Equilibrium concentration x_k(1,2)                :         0.00300

 Compound: 3  (lacticacid)
 Chemical potential of the compound in the mixture :         4.04880 kcal/mol
 Log10(partial pressure [mbar])                    :        -1.07662
 Free energy of molecule in mix (E_COSMO+dE+Mu)    :   -215744.63134 kcal/mol
 Total mean interaction energy in the mix (H_int)  :        -6.21982 kcal/mol
 Misfit interaction energy in the mix (H_MF)       :         2.28478 kcal/mol
 H-Bond interaction energy in the mix (H_HB)       :        -4.45541 kcal/mol
 VdW interaction energy in the mix (H_vdW)         :       -13.91827 kcal/mol
 Gas liquid transition energy in the mix (H_glt)   :         8.25184 kcal/mol
 Equilibrium constant Kx(1,2)                      :         0.53146
 Equilibrium concentration x_k(1,2)                :         0.34703



 Compound: 1 Conformer: 1 (h2o_c0)
 Chemical potential of the molecule in the mixture :         4.13407 kcal/mol
 Log10(partial pressure [mbar])                    :         1.99268
 Free energy of molecule in mix (E_COSMO+dE+Mu)    :    -47989.11920 kcal/mol
 Total mean interaction energy in the mix          :        -5.28943 kcal/mol
 Misfit interaction energy in the mix              :         0.90730 kcal/mol
 H-Bond interaction energy in the mix              :        -4.55562 kcal/mol
 VdW interaction energy in the mix                 :        -4.57317 kcal/mol
 Gas liquid transition energy in the mix (H_glt)   :         2.93205 kcal/mol
 Normalized weight factor of molecule in compound  :         1.00000
 Normalized weight factor of molecule in gas phase :         1.00000

 Compound: 2 Conformer: 1 (3-hexanol_c0)
 Chemical potential of the molecule in the mixture :         1.79559 kcal/mol
 Log10(partial pressure [mbar])                    :         1.29212
 Free energy of molecule in mix (E_COSMO+dE+Mu)    :   -196067.73790 kcal/mol
 Total mean interaction energy in the mix          :        -8.36732 kcal/mol
 Misfit interaction energy in the mix              :         2.20968 kcal/mol
 H-Bond interaction energy in the mix              :        -2.47997 kcal/mol
 VdW interaction energy in the mix                 :       -19.01415 kcal/mol
 Gas liquid transition energy in the mix (H_glt)   :        10.91712 kcal/mol
 Normalized weight factor of molecule in compound  :         0.13315
 Normalized weight factor of molecule in gas phase :         0.19950

 Compound: 2 Conformer: 2 (3-hexanol_c1)
 Chemical potential of the molecule in the mixture :         1.79311 kcal/mol
 Log10(partial pressure [mbar])                    :         1.28133
 Free energy of molecule in mix (E_COSMO+dE+Mu)    :   -196067.74317 kcal/mol
 Total mean interaction energy in the mix          :        -8.36623 kcal/mol
 Misfit interaction energy in the mix              :         2.22482 kcal/mol
 H-Bond interaction energy in the mix              :        -2.49871 kcal/mol
 VdW interaction energy in the mix                 :       -19.00946 kcal/mol
 Gas liquid transition energy in the mix (H_glt)   :        10.91712 kcal/mol
 Normalized weight factor of molecule in compound  :         0.13429
 Normalized weight factor of molecule in gas phase :         0.20228

 Compound: 2 Conformer: 3 (3-hexanol_c2)
 Chemical potential of the molecule in the mixture :         1.72653 kcal/mol
 Log10(partial pressure [mbar])                    :         1.15689
 Free energy of molecule in mix (E_COSMO+dE+Mu)    :   -196067.81035 kcal/mol
 Total mean interaction energy in the mix          :        -8.38291 kcal/mol
 Misfit interaction energy in the mix              :         2.17069 kcal/mol
 H-Bond interaction energy in the mix              :        -2.44221 kcal/mol
 VdW interaction energy in the mix                 :       -19.02851 kcal/mol
 Gas liquid transition energy in the mix (H_glt)   :        10.91712 kcal/mol
 Normalized weight factor of molecule in compound  :         0.14959
 Normalized weight factor of molecule in gas phase :         0.18514

 Compound: 2 Conformer: 4 (3-hexanol_c3)
 Chemical potential of the molecule in the mixture :         1.42800 kcal/mol
 Log10(partial pressure [mbar])                    :         0.81765
 Free energy of molecule in mix (E_COSMO+dE+Mu)    :   -196068.03910 kcal/mol
 Total mean interaction energy in the mix          :        -8.99348 kcal/mol
 Misfit interaction energy in the mix              :         2.14646 kcal/mol
 H-Bond interaction energy in the mix              :        -3.03394 kcal/mol
 VdW interaction energy in the mix                 :       -19.02312 kcal/mol
 Gas liquid transition energy in the mix (H_glt)   :        10.91712 kcal/mol
 Normalized weight factor of molecule in compound  :         0.21605
 Normalized weight factor of molecule in gas phase :         0.11754

 Compound: 2 Conformer: 5 (3-hexanol_c4)
 Chemical potential of the molecule in the mixture :         2.02296 kcal/mol
 Log10(partial pressure [mbar])                    :         1.19943
 Free energy of molecule in mix (E_COSMO+dE+Mu)    :   -196067.49749 kcal/mol
 Total mean interaction energy in the mix          :        -8.52323 kcal/mol
 Misfit interaction energy in the mix              :         2.31980 kcal/mol
 H-Bond interaction energy in the mix              :        -2.85548 kcal/mol
 VdW interaction energy in the mix                 :       -18.90466 kcal/mol
 Gas liquid transition energy in the mix (H_glt)   :        10.91712 kcal/mol
 Normalized weight factor of molecule in compound  :         0.09048
 Normalized weight factor of molecule in gas phase :         0.10269

 Compound: 2 Conformer: 6 (3-hexanol_c5)
 Chemical potential of the molecule in the mixture :         1.45114 kcal/mol
 Log10(partial pressure [mbar])                    :         0.82391
 Free energy of molecule in mix (E_COSMO+dE+Mu)    :   -196067.92523 kcal/mol
 Total mean interaction energy in the mix          :        -8.93990 kcal/mol
 Misfit interaction energy in the mix              :         2.16346 kcal/mol
 H-Bond interaction energy in the mix              :        -3.00614 kcal/mol
 VdW interaction energy in the mix                 :       -19.01434 kcal/mol
 Gas liquid transition energy in the mix (H_glt)   :        10.91712 kcal/mol
 Normalized weight factor of molecule in compound  :         0.17992
 Normalized weight factor of molecule in gas phase :         0.10123

 Compound: 2 Conformer: 7 (3-hexanol_c6)
 Chemical potential of the molecule in the mixture :         1.94563 kcal/mol
 Log10(partial pressure [mbar])                    :         1.12842
 Free energy of molecule in mix (E_COSMO+dE+Mu)    :   -196067.53765 kcal/mol
 Total mean interaction energy in the mix          :        -8.62245 kcal/mol
 Misfit interaction energy in the mix              :         2.30597 kcal/mol
 H-Bond interaction energy in the mix              :        -2.92813 kcal/mol
 VdW interaction energy in the mix                 :       -18.91742 kcal/mol
 Gas liquid transition energy in the mix (H_glt)   :        10.91712 kcal/mol
 Normalized weight factor of molecule in compound  :         0.09651
 Normalized weight factor of molecule in gas phase :         0.09163

 Compound: 3 Conformer: 1 (lacticacid_c0)
 Chemical potential of the molecule in the mixture :         5.75318 kcal/mol
 Log10(partial pressure [mbar])                    :        -1.02512
 Free energy of molecule in mix (E_COSMO+dE+Mu)    :   -215742.92696 kcal/mol
 Total mean interaction energy in the mix          :        -6.23061 kcal/mol
 Misfit interaction energy in the mix              :         2.61595 kcal/mol
 H-Bond interaction energy in the mix              :        -3.21461 kcal/mol
 VdW interaction energy in the mix                 :       -13.88379 kcal/mol
 Gas liquid transition energy in the mix (H_glt)   :         8.25184 kcal/mol
 Normalized weight factor of molecule in compound  :         0.06464
 Normalized weight factor of molecule in gas phase :         0.00603

 Compound: 3 Conformer: 2 (lacticacid_c1)
 Chemical potential of the molecule in the mixture :         6.12153 kcal/mol
 Log10(partial pressure [mbar])                    :        -0.37767
 Free energy of molecule in mix (E_COSMO+dE+Mu)    :   -215742.37712 kcal/mol
 Total mean interaction energy in the mix          :        -5.71526 kcal/mol
 Misfit interaction energy in the mix              :         2.69348 kcal/mol
 H-Bond interaction energy in the mix              :        -2.81324 kcal/mol
 VdW interaction energy in the mix                 :       -13.84734 kcal/mol
 Gas liquid transition energy in the mix (H_glt)   :         8.25184 kcal/mol
 Normalized weight factor of molecule in compound  :         0.02672
 Normalized weight factor of molecule in gas phase :         0.01137

 Compound: 3 Conformer: 3 (lacticacid_c2)
 Chemical potential of the molecule in the mixture :         3.42773 kcal/mol
 Log10(partial pressure [mbar])                    :        -0.28178
 Free energy of molecule in mix (E_COSMO+dE+Mu)    :   -215744.17874 kcal/mol
 Total mean interaction energy in the mix          :        -7.30591 kcal/mol
 Misfit interaction energy in the mix              :         2.17491 kcal/mol
 H-Bond interaction energy in the mix              :        -3.80827 kcal/mol
 VdW interaction energy in the mix                 :       -13.92439 kcal/mol
 Gas liquid transition energy in the mix (H_glt)   :         8.25184 kcal/mol
 Normalized weight factor of molecule in compound  :         0.48320
 Normalized weight factor of molecule in gas phase :         0.93300

 Compound: 3 Conformer: 4 (lacticacid_c3)
 Chemical potential of the molecule in the mixture :         2.70006 kcal/mol
 Log10(partial pressure [mbar])                    :        -1.82627
 Free energy of molecule in mix (E_COSMO+dE+Mu)    :   -215743.48537 kcal/mol
 Total mean interaction energy in the mix          :        -8.58574 kcal/mol
 Misfit interaction energy in the mix              :         2.27433 kcal/mol
 H-Bond interaction energy in the mix              :        -5.21172 kcal/mol
 VdW interaction energy in the mix                 :       -13.90020 kcal/mol
 Gas liquid transition energy in the mix (H_glt)   :         8.25184 kcal/mol
 Normalized weight factor of molecule in compound  :         0.15857
 Normalized weight factor of molecule in gas phase :         0.02822

 Compound: 3 Conformer: 5 (lacticacid_c4)
 Chemical potential of the molecule in the mixture :         2.77297 kcal/mol
 Log10(partial pressure [mbar])                    :        -3.33612
 Free energy of molecule in mix (E_COSMO+dE+Mu)    :   -215743.32586 kcal/mol
 Total mean interaction energy in the mix          :        -9.19882 kcal/mol
 Misfit interaction energy in the mix              :         2.52289 kcal/mol
 H-Bond interaction energy in the mix              :        -6.03364 kcal/mol
 VdW interaction energy in the mix                 :       -13.93991 kcal/mol
 Gas liquid transition energy in the mix (H_glt)   :         8.25184 kcal/mol
 Normalized weight factor of molecule in compound  :         0.12272
 Normalized weight factor of molecule in gas phase :         0.00067

 Compound: 3 Conformer: 6 (lacticacid_c5)
 Chemical potential of the molecule in the mixture :         2.60946 kcal/mol
 Log10(partial pressure [mbar])                    :        -1.91914
 Free energy of molecule in mix (E_COSMO+dE+Mu)    :   -215743.42601 kcal/mol
 Total mean interaction energy in the mix          :        -8.74830 kcal/mol
 Misfit interaction energy in the mix              :         2.23763 kcal/mol
 H-Bond interaction energy in the mix              :        -5.30993 kcal/mol
 VdW interaction energy in the mix                 :       -13.92784 kcal/mol
 Gas liquid transition energy in the mix (H_glt)   :         8.25184 kcal/mol
 Normalized weight factor of molecule in compound  :         0.14415
 Normalized weight factor of molecule in gas phase :         0.02069




 Results for mixture 21 - LIQ_EX Phase 1 Iteration   10
 ----------------------
 Temperature          :    313.150 K
 Compound Nr.         :         1         2         3
 Compound             :       h2o 3-hexanol lacticaci
 Mole Fraction        :    0.9966    0.0020    0.0014

 Compound: 1  (h2o)
 Chemical potential of the compound in the mixture :         3.46922 kcal/mol
 Log10(partial pressure [mbar])                    :         1.52868
 Free energy of molecule in mix (E_COSMO+dE+Mu)    :    -47989.78406 kcal/mol
 Total mean interaction energy in the mix (H_int)  :        -5.54667 kcal/mol
 Misfit interaction energy in the mix (H_MF)       :         0.59076 kcal/mol
 H-Bond interaction energy in the mix (H_HB)       :        -4.72847 kcal/mol
 VdW interaction energy in the mix (H_vdW)         :        -4.34100 kcal/mol
 Gas liquid transition energy in the mix (H_glt)   :         2.93205 kcal/mol

 Compound: 2  (3-hexanol)
 Chemical potential of the compound in the mixture :         4.15717 kcal/mol
 Log10(partial pressure [mbar])                    :         3.57430
 Free energy of molecule in mix (E_COSMO+dE+Mu)    :   -196065.37971 kcal/mol
 Total mean interaction energy in the mix (H_int)  :        -8.97769 kcal/mol
 Misfit interaction energy in the mix (H_MF)       :         2.45585 kcal/mol
 H-Bond interaction energy in the mix (H_HB)       :        -4.00801 kcal/mol
 VdW interaction energy in the mix (H_vdW)         :       -18.39074 kcal/mol
 Gas liquid transition energy in the mix (H_glt)   :        10.91712 kcal/mol

 Compound: 3  (lacticacid)
 Chemical potential of the compound in the mixture :         4.44232 kcal/mol
 Log10(partial pressure [mbar])                    :        -0.80198
 Free energy of molecule in mix (E_COSMO+dE+Mu)    :   -215744.23782 kcal/mol
 Total mean interaction energy in the mix (H_int)  :        -7.86031 kcal/mol
 Misfit interaction energy in the mix (H_MF)       :         1.99317 kcal/mol
 H-Bond interaction energy in the mix (H_HB)       :        -7.02620 kcal/mol
 VdW interaction energy in the mix (H_vdW)         :       -13.28882 kcal/mol
 Gas liquid transition energy in the mix (H_glt)   :         8.25184 kcal/mol



 Compound: 1 Conformer: 1 (h2o_c0)
 Chemical potential of the molecule in the mixture :         3.46922 kcal/mol
 Log10(partial pressure [mbar])                    :         1.52868
 Free energy of molecule in mix (E_COSMO+dE+Mu)    :    -47989.78406 kcal/mol
 Total mean interaction energy in the mix          :        -5.54667 kcal/mol
 Misfit interaction energy in the mix              :         0.59076 kcal/mol
 H-Bond interaction energy in the mix              :        -4.72847 kcal/mol
 VdW interaction energy in the mix                 :        -4.34100 kcal/mol
 Gas liquid transition energy in the mix (H_glt)   :         2.93205 kcal/mol
 Normalized weight factor of molecule in compound  :         1.00000
 Normalized weight factor of molecule in gas phase :         1.00000

 Compound: 2 Conformer: 1 (3-hexanol_c0)
 Chemical potential of the molecule in the mixture :         5.50146 kcal/mol
 Log10(partial pressure [mbar])                    :         3.87843
 Free energy of molecule in mix (E_COSMO+dE+Mu)    :   -196064.03202 kcal/mol
 Total mean interaction energy in the mix          :        -8.79787 kcal/mol
 Misfit interaction energy in the mix              :         2.43201 kcal/mol
 H-Bond interaction energy in the mix              :        -3.71758 kcal/mol
 VdW interaction energy in the mix                 :       -18.42942 kcal/mol
 Gas liquid transition energy in the mix (H_glt)   :        10.91712 kcal/mol
 Normalized weight factor of molecule in compound  :         0.11467
 Normalized weight factor of molecule in gas phase :         0.19950

 Compound: 2 Conformer: 2 (3-hexanol_c1)
 Chemical potential of the molecule in the mixture :         5.46566 kcal/mol
 Log10(partial pressure [mbar])                    :         3.84438
 Free energy of molecule in mix (E_COSMO+dE+Mu)    :   -196064.07063 kcal/mol
 Total mean interaction energy in the mix          :        -8.81557 kcal/mol
 Misfit interaction energy in the mix              :         2.44571 kcal/mol
 H-Bond interaction energy in the mix              :        -3.75661 kcal/mol
 VdW interaction energy in the mix                 :       -18.42179 kcal/mol
 Gas liquid transition energy in the mix (H_glt)   :        10.91712 kcal/mol
 Normalized weight factor of molecule in compound  :         0.12201
 Normalized weight factor of molecule in gas phase :         0.20228

 Compound: 2 Conformer: 3 (3-hexanol_c2)
 Chemical potential of the molecule in the mixture :         5.60217 kcal/mol
 Log10(partial pressure [mbar])                    :         3.86167
 Free energy of molecule in mix (E_COSMO+dE+Mu)    :   -196063.93471 kcal/mol
 Total mean interaction energy in the mix          :        -8.79512 kcal/mol
 Misfit interaction energy in the mix              :         2.49259 kcal/mol
 H-Bond interaction energy in the mix              :        -3.75800 kcal/mol
 VdW interaction energy in the mix                 :       -18.44684 kcal/mol
 Gas liquid transition energy in the mix (H_glt)   :        10.91712 kcal/mol
 Normalized weight factor of molecule in compound  :         0.09807
 Normalized weight factor of molecule in gas phase :         0.18514

 Compound: 2 Conformer: 4 (3-hexanol_c3)
 Chemical potential of the molecule in the mixture :         5.17205 kcal/mol
 Log10(partial pressure [mbar])                    :         3.43060
 Free energy of molecule in mix (E_COSMO+dE+Mu)    :   -196064.29506 kcal/mol
 Total mean interaction energy in the mix          :        -9.13733 kcal/mol
 Misfit interaction energy in the mix              :         2.43748 kcal/mol
 H-Bond interaction energy in the mix              :        -4.06234 kcal/mol
 VdW interaction energy in the mix                 :       -18.42960 kcal/mol
 Gas liquid transition energy in the mix (H_glt)   :        10.91712 kcal/mol
 Normalized weight factor of molecule in compound  :         0.17500
 Normalized weight factor of molecule in gas phase :         0.11754

 Compound: 2 Conformer: 5 (3-hexanol_c4)
 Chemical potential of the molecule in the mixture :         5.25953 kcal/mol
 Log10(partial pressure [mbar])                    :         3.45821
 Free energy of molecule in mix (E_COSMO+dE+Mu)    :   -196064.26093 kcal/mol
 Total mean interaction energy in the mix          :        -9.16780 kcal/mol
 Misfit interaction energy in the mix              :         2.45669 kcal/mol
 H-Bond interaction energy in the mix              :        -4.23002 kcal/mol
 VdW interaction energy in the mix                 :       -18.31159 kcal/mol
 Gas liquid transition energy in the mix (H_glt)   :        10.91712 kcal/mol
 Normalized weight factor of molecule in compound  :         0.16566
 Normalized weight factor of molecule in gas phase :         0.10269

 Compound: 2 Conformer: 6 (3-hexanol_c5)
 Chemical potential of the molecule in the mixture :         5.20673 kcal/mol
 Log10(partial pressure [mbar])                    :         3.44492
 Free energy of molecule in mix (E_COSMO+dE+Mu)    :   -196064.16964 kcal/mol
 Total mean interaction energy in the mix          :        -9.08595 kcal/mol
 Misfit interaction energy in the mix              :         2.46376 kcal/mol
 H-Bond interaction energy in the mix              :        -4.04620 kcal/mol
 VdW interaction energy in the mix                 :       -18.42063 kcal/mol
 Gas liquid transition energy in the mix (H_glt)   :        10.91712 kcal/mol
 Normalized weight factor of molecule in compound  :         0.14305
 Normalized weight factor of molecule in gas phase :         0.10123

 Compound: 2 Conformer: 7 (3-hexanol_c6)
 Chemical potential of the molecule in the mixture :         5.16537 kcal/mol
 Log10(partial pressure [mbar])                    :         3.37546
 Free energy of molecule in mix (E_COSMO+dE+Mu)    :   -196064.31791 kcal/mol
 Total mean interaction energy in the mix          :        -9.15108 kcal/mol
 Misfit interaction energy in the mix              :         2.46859 kcal/mol
 H-Bond interaction energy in the mix              :        -4.21045 kcal/mol
 VdW interaction energy in the mix                 :       -18.32635 kcal/mol
 Gas liquid transition energy in the mix (H_glt)   :        10.91712 kcal/mol
 Normalized weight factor of molecule in compound  :         0.18154
 Normalized weight factor of molecule in gas phase :         0.09163

 Compound: 3 Conformer: 1 (lacticacid_c0)
 Chemical potential of the molecule in the mixture :         6.39156 kcal/mol
 Log10(partial pressure [mbar])                    :        -0.57960
 Free energy of molecule in mix (E_COSMO+dE+Mu)    :   -215742.28858 kcal/mol
 Total mean interaction energy in the mix          :        -7.35040 kcal/mol
 Misfit interaction energy in the mix              :         2.02919 kcal/mol
 H-Bond interaction energy in the mix              :        -4.39347 kcal/mol
 VdW interaction energy in the mix                 :       -13.23796 kcal/mol
 Gas liquid transition energy in the mix (H_glt)   :         8.25184 kcal/mol
 Normalized weight factor of molecule in compound  :         0.04362
 Normalized weight factor of molecule in gas phase :         0.00603

 Compound: 3 Conformer: 2 (lacticacid_c1)
 Chemical potential of the molecule in the mixture :         6.51363 kcal/mol
 Log10(partial pressure [mbar])                    :        -0.10402
 Free energy of molecule in mix (E_COSMO+dE+Mu)    :   -215741.98502 kcal/mol
 Total mean interaction energy in the mix          :        -6.91485 kcal/mol
 Misfit interaction energy in the mix              :         2.13711 kcal/mol
 H-Bond interaction energy in the mix              :        -4.08877 kcal/mol
 VdW interaction energy in the mix                 :       -13.21503 kcal/mol
 Gas liquid transition energy in the mix (H_glt)   :         8.25184 kcal/mol
 Normalized weight factor of molecule in compound  :         0.02678
 Normalized weight factor of molecule in gas phase :         0.01137

 Compound: 3 Conformer: 3 (lacticacid_c2)
 Chemical potential of the molecule in the mixture :         4.66554 kcal/mol
 Log10(partial pressure [mbar])                    :         0.58208
 Free energy of molecule in mix (E_COSMO+dE+Mu)    :   -215742.94092 kcal/mol
 Total mean interaction energy in the mix          :        -8.01882 kcal/mol
 Misfit interaction energy in the mix              :         2.06918 kcal/mol
 H-Bond interaction energy in the mix              :        -5.03963 kcal/mol
 VdW interaction energy in the mix                 :       -13.30021 kcal/mol
 Gas liquid transition energy in the mix (H_glt)   :         8.25184 kcal/mol
 Normalized weight factor of molecule in compound  :         0.12442
 Normalized weight factor of molecule in gas phase :         0.93300

 Compound: 3 Conformer: 4 (lacticacid_c3)
 Chemical potential of the molecule in the mixture :         2.91467 kcal/mol
 Log10(partial pressure [mbar])                    :        -1.67649
 Free energy of molecule in mix (E_COSMO+dE+Mu)    :   -215743.27076 kcal/mol
 Total mean interaction energy in the mix          :       -10.13063 kcal/mol
 Misfit interaction energy in the mix              :         1.99056 kcal/mol
 H-Bond interaction energy in the mix              :        -7.09650 kcal/mol
 VdW interaction energy in the mix                 :       -13.27653 kcal/mol
 Gas liquid transition energy in the mix (H_glt)   :         8.25184 kcal/mol
 Normalized weight factor of molecule in compound  :         0.21139
 Normalized weight factor of molecule in gas phase :         0.02822

 Compound: 3 Conformer: 5 (lacticacid_c4)
 Chemical potential of the molecule in the mixture :         2.40377 kcal/mol
 Log10(partial pressure [mbar])                    :        -3.59379
 Free energy of molecule in mix (E_COSMO+dE+Mu)    :   -215743.69506 kcal/mol
 Total mean interaction energy in the mix          :       -11.07869 kcal/mol
 Misfit interaction energy in the mix              :         1.97017 kcal/mol
 H-Bond interaction energy in the mix              :        -8.00291 kcal/mol
 VdW interaction energy in the mix                 :       -13.29779 kcal/mol
 Gas liquid transition energy in the mix (H_glt)   :         8.25184 kcal/mol
 Normalized weight factor of molecule in compound  :         0.41803
 Normalized weight factor of molecule in gas phase :         0.00067

 Compound: 3 Conformer: 6 (lacticacid_c5)
 Chemical potential of the molecule in the mixture :         2.87960 kcal/mol
 Log10(partial pressure [mbar])                    :        -1.73061
 Free energy of molecule in mix (E_COSMO+dE+Mu)    :   -215743.15586 kcal/mol
 Total mean interaction energy in the mix          :       -10.20571 kcal/mol
 Misfit interaction energy in the mix              :         1.96635 kcal/mol
 H-Bond interaction energy in the mix              :        -7.12581 kcal/mol
 VdW interaction energy in the mix                 :       -13.29808 kcal/mol
 Gas liquid transition energy in the mix (H_glt)   :         8.25184 kcal/mol
 Normalized weight factor of molecule in compound  :         0.17576
 Normalized weight factor of molecule in gas phase :         0.02069




 Results for mixture 22 - LIQ_EX Phase 2 Iteration   10
 ----------------------
 Temperature          :    313.150 K
 Compound Nr.         :         1         2         3
 Compound             :       h2o 3-hexanol lacticaci
 Mole Fraction        :    0.3404    0.6570    0.0026

 Compound: 1  (h2o)
 Chemical potential of the compound in the mixture :         4.13295 kcal/mol
 Log10(partial pressure [mbar])                    :         1.99189
 Free energy of molecule in mix (E_COSMO+dE+Mu)    :    -47989.12033 kcal/mol
 Total mean interaction energy in the mix (H_int)  :        -5.29195 kcal/mol
 Misfit interaction energy in the mix (H_MF)       :         0.90477 kcal/mol
 H-Bond interaction energy in the mix (H_HB)       :        -4.55604 kcal/mol
 VdW interaction energy in the mix (H_vdW)         :        -4.57274 kcal/mol
 Gas liquid transition energy in the mix (H_glt)   :         2.93205 kcal/mol
 Equilibrium constant Kx(1,2)                      :         2.90545
 Equilibrium concentration x_k(1,2)                :         0.74395

 Compound: 2  (3-hexanol)
 Chemical potential of the compound in the mixture :         0.54488 kcal/mol
 Log10(partial pressure [mbar])                    :         1.05330
 Free energy of molecule in mix (E_COSMO+dE+Mu)    :   -196068.99200 kcal/mol
 Total mean interaction energy in the mix (H_int)  :        -8.59658 kcal/mol
 Misfit interaction energy in the mix (H_MF)       :         2.20490 kcal/mol
 H-Bond interaction energy in the mix (H_HB)       :        -2.77212 kcal/mol
 VdW interaction energy in the mix (H_vdW)         :       -18.99761 kcal/mol
 Gas liquid transition energy in the mix (H_glt)   :        10.91712 kcal/mol
 Equilibrium constant Kx(1,2)                      :  3.01305082E-03
 Equilibrium concentration x_k(1,2)                :         0.00300

 Compound: 3  (lacticacid)
 Chemical potential of the compound in the mixture :         4.04700 kcal/mol
 Log10(partial pressure [mbar])                    :        -1.07787
 Free energy of molecule in mix (E_COSMO+dE+Mu)    :   -215744.63314 kcal/mol
 Total mean interaction energy in the mix (H_int)  :        -6.22443 kcal/mol
 Misfit interaction energy in the mix (H_MF)       :         2.28288 kcal/mol
 H-Bond interaction energy in the mix (H_HB)       :        -4.46016 kcal/mol
 VdW interaction energy in the mix (H_vdW)         :       -13.91742 kcal/mol
 Gas liquid transition energy in the mix (H_glt)   :         8.25184 kcal/mol
 Equilibrium constant Kx(1,2)                      :         0.52980
 Equilibrium concentration x_k(1,2)                :         0.34632



 Compound: 1 Conformer: 1 (h2o_c0)
 Chemical potential of the molecule in the mixture :         4.13295 kcal/mol
 Log10(partial pressure [mbar])                    :         1.99189
 Free energy of molecule in mix (E_COSMO+dE+Mu)    :    -47989.12033 kcal/mol
 Total mean interaction energy in the mix          :        -5.29195 kcal/mol
 Misfit interaction energy in the mix              :         0.90477 kcal/mol
 H-Bond interaction energy in the mix              :        -4.55604 kcal/mol
 VdW interaction energy in the mix                 :        -4.57274 kcal/mol
 Gas liquid transition energy in the mix (H_glt)   :         2.93205 kcal/mol
 Normalized weight factor of molecule in compound  :         1.00000
 Normalized weight factor of molecule in gas phase :         1.00000

 Compound: 2 Conformer: 1 (3-hexanol_c0)
 Chemical potential of the molecule in the mixture :         1.79618 kcal/mol
 Log10(partial pressure [mbar])                    :         1.29253
 Free energy of molecule in mix (E_COSMO+dE+Mu)    :   -196067.73731 kcal/mol
 Total mean interaction energy in the mix          :        -8.36837 kcal/mol
 Misfit interaction energy in the mix              :         2.21144 kcal/mol
 H-Bond interaction energy in the mix              :        -2.48352 kcal/mol
 VdW interaction energy in the mix                 :       -19.01341 kcal/mol
 Gas liquid transition energy in the mix (H_glt)   :        10.91712 kcal/mol
 Normalized weight factor of molecule in compound  :         0.13316
 Normalized weight factor of molecule in gas phase :         0.19950

 Compound: 2 Conformer: 2 (3-hexanol_c1)
 Chemical potential of the molecule in the mixture :         1.79364 kcal/mol
 Log10(partial pressure [mbar])                    :         1.28170
 Free energy of molecule in mix (E_COSMO+dE+Mu)    :   -196067.74264 kcal/mol
 Total mean interaction energy in the mix          :        -8.36735 kcal/mol
 Misfit interaction energy in the mix              :         2.22661 kcal/mol
 H-Bond interaction energy in the mix              :        -2.50237 kcal/mol
 VdW interaction energy in the mix                 :       -19.00871 kcal/mol
 Gas liquid transition energy in the mix (H_glt)   :        10.91712 kcal/mol
 Normalized weight factor of molecule in compound  :         0.13430
 Normalized weight factor of molecule in gas phase :         0.20228

 Compound: 2 Conformer: 3 (3-hexanol_c2)
 Chemical potential of the molecule in the mixture :         1.72764 kcal/mol
 Log10(partial pressure [mbar])                    :         1.15767
 Free energy of molecule in mix (E_COSMO+dE+Mu)    :   -196067.80924 kcal/mol
 Total mean interaction energy in the mix          :        -8.38453 kcal/mol
 Misfit interaction energy in the mix              :         2.17212 kcal/mol
 H-Bond interaction energy in the mix              :        -2.44597 kcal/mol
 VdW interaction energy in the mix                 :       -19.02780 kcal/mol
 Gas liquid transition energy in the mix (H_glt)   :        10.91712 kcal/mol
 Normalized weight factor of molecule in compound  :         0.14947
 Normalized weight factor of molecule in gas phase :         0.18514

 Compound: 2 Conformer: 4 (3-hexanol_c3)
 Chemical potential of the molecule in the mixture :         1.42895 kcal/mol
 Log10(partial pressure [mbar])                    :         0.81831
 Free energy of molecule in mix (E_COSMO+dE+Mu)    :   -196068.03815 kcal/mol
 Total mean interaction energy in the mix          :        -8.99428 kcal/mol
 Misfit interaction energy in the mix              :         2.14806 kcal/mol
 H-Bond interaction energy in the mix              :        -3.03709 kcal/mol
 VdW interaction energy in the mix                 :       -19.02237 kcal/mol
 Gas liquid transition energy in the mix (H_glt)   :        10.91712 kcal/mol
 Normalized weight factor of molecule in compound  :         0.21593
 Normalized weight factor of molecule in gas phase :         0.11754

 Compound: 2 Conformer: 5 (3-hexanol_c4)
 Chemical potential of the molecule in the mixture :         2.02263 kcal/mol
 Log10(partial pressure [mbar])                    :         1.19920
 Free energy of molecule in mix (E_COSMO+dE+Mu)    :   -196067.49782 kcal/mol
 Total mean interaction energy in the mix          :        -8.52536 kcal/mol
 Misfit interaction energy in the mix              :         2.32174 kcal/mol
 H-Bond interaction energy in the mix              :        -2.86034 kcal/mol
 VdW interaction energy in the mix                 :       -18.90388 kcal/mol
 Gas liquid transition energy in the mix (H_glt)   :        10.91712 kcal/mol
 Normalized weight factor of molecule in compound  :         0.09062
 Normalized weight factor of molecule in gas phase :         0.10269

 Compound: 2 Conformer: 6 (3-hexanol_c5)
 Chemical potential of the molecule in the mixture :         1.45210 kcal/mol
 Log10(partial pressure [mbar])                    :         0.82458
 Free energy of molecule in mix (E_COSMO+dE+Mu)    :   -196067.92427 kcal/mol
 Total mean interaction energy in the mix          :        -8.94065 kcal/mol
 Misfit interaction energy in the mix              :         2.16505 kcal/mol
 H-Bond interaction energy in the mix              :        -3.00922 kcal/mol
 VdW interaction energy in the mix                 :       -19.01359 kcal/mol
 Gas liquid transition energy in the mix (H_glt)   :        10.91712 kcal/mol
 Normalized weight factor of molecule in compound  :         0.17982
 Normalized weight factor of molecule in gas phase :         0.10123

 Compound: 2 Conformer: 7 (3-hexanol_c6)
 Chemical potential of the molecule in the mixture :         1.94507 kcal/mol
 Log10(partial pressure [mbar])                    :         1.12803
 Free energy of molecule in mix (E_COSMO+dE+Mu)    :   -196067.53821 kcal/mol
 Total mean interaction energy in the mix          :        -8.62458 kcal/mol
 Misfit interaction energy in the mix              :         2.30794 kcal/mol
 H-Bond interaction energy in the mix              :        -2.93300 kcal/mol
 VdW interaction energy in the mix                 :       -18.91663 kcal/mol
 Gas liquid transition energy in the mix (H_glt)   :        10.91712 kcal/mol
 Normalized weight factor of molecule in compound  :         0.09670
 Normalized weight factor of molecule in gas phase :         0.09163

 Compound: 3 Conformer: 1 (lacticacid_c0)
 Chemical potential of the molecule in the mixture :         5.75146 kcal/mol
 Log10(partial pressure [mbar])                    :        -1.02633
 Free energy of molecule in mix (E_COSMO+dE+Mu)    :   -215742.92868 kcal/mol
 Total mean interaction energy in the mix          :        -6.23520 kcal/mol
 Misfit interaction energy in the mix              :         2.61277 kcal/mol
 H-Bond interaction energy in the mix              :        -3.21685 kcal/mol
 VdW interaction energy in the mix                 :       -13.88296 kcal/mol
 Gas liquid transition energy in the mix (H_glt)   :         8.25184 kcal/mol
 Normalized weight factor of molecule in compound  :         0.06464
 Normalized weight factor of molecule in gas phase :         0.00603

 Compound: 3 Conformer: 2 (lacticacid_c1)
 Chemical potential of the molecule in the mixture :         6.11908 kcal/mol
 Log10(partial pressure [mbar])                    :        -0.37938
 Free energy of molecule in mix (E_COSMO+dE+Mu)    :   -215742.37957 kcal/mol
 Total mean interaction energy in the mix          :        -5.71939 kcal/mol
 Misfit interaction energy in the mix              :         2.69092 kcal/mol
 H-Bond interaction energy in the mix              :        -2.81564 kcal/mol
 VdW interaction energy in the mix                 :       -13.84651 kcal/mol
 Gas liquid transition energy in the mix (H_glt)   :         8.25184 kcal/mol
 Normalized weight factor of molecule in compound  :         0.02675
 Normalized weight factor of molecule in gas phase :         0.01137

 Compound: 3 Conformer: 3 (lacticacid_c2)
 Chemical potential of the molecule in the mixture :         3.42700 kcal/mol
 Log10(partial pressure [mbar])                    :        -0.28229
 Free energy of molecule in mix (E_COSMO+dE+Mu)    :   -215744.17947 kcal/mol
 Total mean interaction energy in the mix          :        -7.30921 kcal/mol
 Misfit interaction energy in the mix              :         2.17342 kcal/mol
 H-Bond interaction energy in the mix              :        -3.81088 kcal/mol
 VdW interaction energy in the mix                 :       -13.92360 kcal/mol
 Gas liquid transition energy in the mix (H_glt)   :         8.25184 kcal/mol
 Normalized weight factor of molecule in compound  :         0.48237
 Normalized weight factor of molecule in gas phase :         0.93300

 Compound: 3 Conformer: 4 (lacticacid_c3)
 Chemical potential of the molecule in the mixture :         2.69727 kcal/mol
 Log10(partial pressure [mbar])                    :        -1.82821
 Free energy of molecule in mix (E_COSMO+dE+Mu)    :   -215743.48816 kcal/mol
 Total mean interaction energy in the mix          :        -8.59138 kcal/mol
 Misfit interaction energy in the mix              :         2.27191 kcal/mol
 H-Bond interaction energy in the mix              :        -5.21585 kcal/mol
 VdW interaction energy in the mix                 :       -13.89928 kcal/mol
 Gas liquid transition energy in the mix (H_glt)   :         8.25184 kcal/mol
 Normalized weight factor of molecule in compound  :         0.15883
 Normalized weight factor of molecule in gas phase :         0.02822

 Compound: 3 Conformer: 5 (lacticacid_c4)
 Chemical potential of the molecule in the mixture :         2.76927 kcal/mol
 Log10(partial pressure [mbar])                    :        -3.33871
 Free energy of molecule in mix (E_COSMO+dE+Mu)    :   -215743.32956 kcal/mol
 Total mean interaction energy in the mix          :        -9.20585 kcal/mol
 Misfit interaction energy in the mix              :         2.52017 kcal/mol
 H-Bond interaction energy in the mix              :        -6.03892 kcal/mol
 VdW interaction energy in the mix                 :       -13.93893 kcal/mol
 Gas liquid transition energy in the mix (H_glt)   :         8.25184 kcal/mol
 Normalized weight factor of molecule in compound  :         0.12310
 Normalized weight factor of molecule in gas phase :         0.00067

 Compound: 3 Conformer: 6 (lacticacid_c5)
 Chemical potential of the molecule in the mixture :         2.60691 kcal/mol
 Log10(partial pressure [mbar])                    :        -1.92092
 Free energy of molecule in mix (E_COSMO+dE+Mu)    :   -215743.42856 kcal/mol
 Total mean interaction energy in the mix          :        -8.75371 kcal/mol
 Misfit interaction energy in the mix              :         2.23506 kcal/mol
 H-Bond interaction energy in the mix              :        -5.31370 kcal/mol
 VdW interaction energy in the mix                 :       -13.92691 kcal/mol
 Gas liquid transition energy in the mix (H_glt)   :         8.25184 kcal/mol
 Normalized weight factor of molecule in compound  :         0.14432
 Normalized weight factor of molecule in gas phase :         0.02069




 Results for mixture 23 - LIQ_EX Phase 1 Iteration   11
 ----------------------
 Temperature          :    313.150 K
 Compound Nr.         :         1         2         3
 Compound             :       h2o 3-hexanol lacticaci
 Mole Fraction        :    0.9966    0.0020    0.0014

 Compound: 1  (h2o)
 Chemical potential of the compound in the mixture :         3.46921 kcal/mol
 Log10(partial pressure [mbar])                    :         1.52868
 Free energy of molecule in mix (E_COSMO+dE+Mu)    :    -47989.78406 kcal/mol
 Total mean interaction energy in the mix (H_int)  :        -5.54666 kcal/mol
 Misfit interaction energy in the mix (H_MF)       :         0.59076 kcal/mol
 H-Bond interaction energy in the mix (H_HB)       :        -4.72847 kcal/mol
 VdW interaction energy in the mix (H_vdW)         :        -4.34099 kcal/mol
 Gas liquid transition energy in the mix (H_glt)   :         2.93205 kcal/mol

 Compound: 2  (3-hexanol)
 Chemical potential of the compound in the mixture :         4.15748 kcal/mol
 Log10(partial pressure [mbar])                    :         3.57452
 Free energy of molecule in mix (E_COSMO+dE+Mu)    :   -196065.37940 kcal/mol
 Total mean interaction energy in the mix (H_int)  :        -8.97772 kcal/mol
 Misfit interaction energy in the mix (H_MF)       :         2.45579 kcal/mol
 H-Bond interaction energy in the mix (H_HB)       :        -4.00803 kcal/mol
 VdW interaction energy in the mix (H_vdW)         :       -18.39069 kcal/mol
 Gas liquid transition energy in the mix (H_glt)   :        10.91712 kcal/mol

 Compound: 3  (lacticacid)
 Chemical potential of the compound in the mixture :         4.44242 kcal/mol
 Log10(partial pressure [mbar])                    :        -0.80191
 Free energy of molecule in mix (E_COSMO+dE+Mu)    :   -215744.23772 kcal/mol
 Total mean interaction energy in the mix (H_int)  :        -7.86036 kcal/mol
 Misfit interaction energy in the mix (H_MF)       :         1.99313 kcal/mol
 H-Bond interaction energy in the mix (H_HB)       :        -7.02628 kcal/mol
 VdW interaction energy in the mix (H_vdW)         :       -13.28878 kcal/mol
 Gas liquid transition energy in the mix (H_glt)   :         8.25184 kcal/mol



 Compound: 1 Conformer: 1 (h2o_c0)
 Chemical potential of the molecule in the mixture :         3.46921 kcal/mol
 Log10(partial pressure [mbar])                    :         1.52868
 Free energy of molecule in mix (E_COSMO+dE+Mu)    :    -47989.78406 kcal/mol
 Total mean interaction energy in the mix          :        -5.54666 kcal/mol
 Misfit interaction energy in the mix              :         0.59076 kcal/mol
 H-Bond interaction energy in the mix              :        -4.72847 kcal/mol
 VdW interaction energy in the mix                 :        -4.34099 kcal/mol
 Gas liquid transition energy in the mix (H_glt)   :         2.93205 kcal/mol
 Normalized weight factor of molecule in compound  :         1.00000
 Normalized weight factor of molecule in gas phase :         1.00000

 Compound: 2 Conformer: 1 (3-hexanol_c0)
 Chemical potential of the molecule in the mixture :         5.50178 kcal/mol
 Log10(partial pressure [mbar])                    :         3.87865
 Free energy of molecule in mix (E_COSMO+dE+Mu)    :   -196064.03171 kcal/mol
 Total mean interaction energy in the mix          :        -8.79790 kcal/mol
 Misfit interaction energy in the mix              :         2.43195 kcal/mol
 H-Bond interaction energy in the mix              :        -3.71760 kcal/mol
 VdW interaction energy in the mix                 :       -18.42937 kcal/mol
 Gas liquid transition energy in the mix (H_glt)   :        10.91712 kcal/mol
 Normalized weight factor of molecule in compound  :         0.11467
 Normalized weight factor of molecule in gas phase :         0.19950

 Compound: 2 Conformer: 2 (3-hexanol_c1)
 Chemical potential of the molecule in the mixture :         5.46597 kcal/mol
 Log10(partial pressure [mbar])                    :         3.84460
 Free energy of molecule in mix (E_COSMO+dE+Mu)    :   -196064.07031 kcal/mol
 Total mean interaction energy in the mix          :        -8.81561 kcal/mol
 Misfit interaction energy in the mix              :         2.44565 kcal/mol
 H-Bond interaction energy in the mix              :        -3.75664 kcal/mol
 VdW interaction energy in the mix                 :       -18.42174 kcal/mol
 Gas liquid transition energy in the mix (H_glt)   :        10.91712 kcal/mol
 Normalized weight factor of molecule in compound  :         0.12201
 Normalized weight factor of molecule in gas phase :         0.20228

 Compound: 2 Conformer: 3 (3-hexanol_c2)
 Chemical potential of the molecule in the mixture :         5.60249 kcal/mol
 Log10(partial pressure [mbar])                    :         3.86190
 Free energy of molecule in mix (E_COSMO+dE+Mu)    :   -196063.93439 kcal/mol
 Total mean interaction energy in the mix          :        -8.79515 kcal/mol
 Misfit interaction energy in the mix              :         2.49254 kcal/mol
 H-Bond interaction energy in the mix              :        -3.75802 kcal/mol
 VdW interaction energy in the mix                 :       -18.44679 kcal/mol
 Gas liquid transition energy in the mix (H_glt)   :        10.91712 kcal/mol
 Normalized weight factor of molecule in compound  :         0.09807
 Normalized weight factor of molecule in gas phase :         0.18514

 Compound: 2 Conformer: 4 (3-hexanol_c3)
 Chemical potential of the molecule in the mixture :         5.17236 kcal/mol
 Log10(partial pressure [mbar])                    :         3.43082
 Free energy of molecule in mix (E_COSMO+dE+Mu)    :   -196064.29474 kcal/mol
 Total mean interaction energy in the mix          :        -9.13736 kcal/mol
 Misfit interaction energy in the mix              :         2.43742 kcal/mol
 H-Bond interaction energy in the mix              :        -4.06236 kcal/mol
 VdW interaction energy in the mix                 :       -18.42955 kcal/mol
 Gas liquid transition energy in the mix (H_glt)   :        10.91712 kcal/mol
 Normalized weight factor of molecule in compound  :         0.17499
 Normalized weight factor of molecule in gas phase :         0.11754

 Compound: 2 Conformer: 5 (3-hexanol_c4)
 Chemical potential of the molecule in the mixture :         5.25983 kcal/mol
 Log10(partial pressure [mbar])                    :         3.45843
 Free energy of molecule in mix (E_COSMO+dE+Mu)    :   -196064.26062 kcal/mol
 Total mean interaction energy in the mix          :        -9.16782 kcal/mol
 Misfit interaction energy in the mix              :         2.45663 kcal/mol
 H-Bond interaction energy in the mix              :        -4.23003 kcal/mol
 VdW interaction energy in the mix                 :       -18.31154 kcal/mol
 Gas liquid transition energy in the mix (H_glt)   :        10.91712 kcal/mol
 Normalized weight factor of molecule in compound  :         0.16566
 Normalized weight factor of molecule in gas phase :         0.10269

 Compound: 2 Conformer: 6 (3-hexanol_c5)
 Chemical potential of the molecule in the mixture :         5.20705 kcal/mol
 Log10(partial pressure [mbar])                    :         3.44514
 Free energy of molecule in mix (E_COSMO+dE+Mu)    :   -196064.16932 kcal/mol
 Total mean interaction energy in the mix          :        -9.08597 kcal/mol
 Misfit interaction energy in the mix              :         2.46370 kcal/mol
 H-Bond interaction energy in the mix              :        -4.04622 kcal/mol
 VdW interaction energy in the mix                 :       -18.42058 kcal/mol
 Gas liquid transition energy in the mix (H_glt)   :        10.91712 kcal/mol
 Normalized weight factor of molecule in compound  :         0.14305
 Normalized weight factor of molecule in gas phase :         0.10123

 Compound: 2 Conformer: 7 (3-hexanol_c6)
 Chemical potential of the molecule in the mixture :         5.16568 kcal/mol
 Log10(partial pressure [mbar])                    :         3.37567
 Free energy of molecule in mix (E_COSMO+dE+Mu)    :   -196064.31760 kcal/mol
 Total mean interaction energy in the mix          :        -9.15111 kcal/mol
 Misfit interaction energy in the mix              :         2.46853 kcal/mol
 H-Bond interaction energy in the mix              :        -4.21046 kcal/mol
 VdW interaction energy in the mix                 :       -18.32630 kcal/mol
 Gas liquid transition energy in the mix (H_glt)   :        10.91712 kcal/mol
 Normalized weight factor of molecule in compound  :         0.18154
 Normalized weight factor of molecule in gas phase :         0.09163

 Compound: 3 Conformer: 1 (lacticacid_c0)
 Chemical potential of the molecule in the mixture :         6.39167 kcal/mol
 Log10(partial pressure [mbar])                    :        -0.57952
 Free energy of molecule in mix (E_COSMO+dE+Mu)    :   -215742.28847 kcal/mol
 Total mean interaction energy in the mix          :        -7.35044 kcal/mol
 Misfit interaction energy in the mix              :         2.02914 kcal/mol
 H-Bond interaction energy in the mix              :        -4.39350 kcal/mol
 VdW interaction energy in the mix                 :       -13.23792 kcal/mol
 Gas liquid transition energy in the mix (H_glt)   :         8.25184 kcal/mol
 Normalized weight factor of molecule in compound  :         0.04361
 Normalized weight factor of molecule in gas phase :         0.00603

 Compound: 3 Conformer: 2 (lacticacid_c1)
 Chemical potential of the molecule in the mixture :         6.51374 kcal/mol
 Log10(partial pressure [mbar])                    :        -0.10395
 Free energy of molecule in mix (E_COSMO+dE+Mu)    :   -215741.98491 kcal/mol
 Total mean interaction energy in the mix          :        -6.91489 kcal/mol
 Misfit interaction energy in the mix              :         2.13707 kcal/mol
 H-Bond interaction energy in the mix              :        -4.08881 kcal/mol
 VdW interaction energy in the mix                 :       -13.21499 kcal/mol
 Gas liquid transition energy in the mix (H_glt)   :         8.25184 kcal/mol
 Normalized weight factor of molecule in compound  :         0.02678
 Normalized weight factor of molecule in gas phase :         0.01137

 Compound: 3 Conformer: 3 (lacticacid_c2)
 Chemical potential of the molecule in the mixture :         4.66569 kcal/mol
 Log10(partial pressure [mbar])                    :         0.58218
 Free energy of molecule in mix (E_COSMO+dE+Mu)    :   -215742.94078 kcal/mol
 Total mean interaction energy in the mix          :        -8.01885 kcal/mol
 Misfit interaction energy in the mix              :         2.06915 kcal/mol
 H-Bond interaction energy in the mix              :        -5.03966 kcal/mol
 VdW interaction energy in the mix                 :       -13.30017 kcal/mol
 Gas liquid transition energy in the mix (H_glt)   :         8.25184 kcal/mol
 Normalized weight factor of molecule in compound  :         0.12441
 Normalized weight factor of molecule in gas phase :         0.93300

 Compound: 3 Conformer: 4 (lacticacid_c3)
 Chemical potential of the molecule in the mixture :         2.91477 kcal/mol
 Log10(partial pressure [mbar])                    :        -1.67642
 Free energy of molecule in mix (E_COSMO+dE+Mu)    :   -215743.27066 kcal/mol
 Total mean interaction energy in the mix          :       -10.13068 kcal/mol
 Misfit interaction energy in the mix              :         1.99052 kcal/mol
 H-Bond interaction energy in the mix              :        -7.09655 kcal/mol
 VdW interaction energy in the mix                 :       -13.27649 kcal/mol
 Gas liquid transition energy in the mix (H_glt)   :         8.25184 kcal/mol
 Normalized weight factor of molecule in compound  :         0.21139
 Normalized weight factor of molecule in gas phase :         0.02822

 Compound: 3 Conformer: 5 (lacticacid_c4)
 Chemical potential of the molecule in the mixture :         2.40386 kcal/mol
 Log10(partial pressure [mbar])                    :        -3.59373
 Free energy of molecule in mix (E_COSMO+dE+Mu)    :   -215743.69497 kcal/mol
 Total mean interaction energy in the mix          :       -11.07874 kcal/mol
 Misfit interaction energy in the mix              :         1.97012 kcal/mol
 H-Bond interaction energy in the mix              :        -8.00295 kcal/mol
 VdW interaction energy in the mix                 :       -13.29775 kcal/mol
 Gas liquid transition energy in the mix (H_glt)   :         8.25184 kcal/mol
 Normalized weight factor of molecule in compound  :         0.41804
 Normalized weight factor of molecule in gas phase :         0.00067

 Compound: 3 Conformer: 6 (lacticacid_c5)
 Chemical potential of the molecule in the mixture :         2.87970 kcal/mol
 Log10(partial pressure [mbar])                    :        -1.73054
 Free energy of molecule in mix (E_COSMO+dE+Mu)    :   -215743.15576 kcal/mol
 Total mean interaction energy in the mix          :       -10.20575 kcal/mol
 Misfit interaction energy in the mix              :         1.96631 kcal/mol
 H-Bond interaction energy in the mix              :        -7.12586 kcal/mol
 VdW interaction energy in the mix                 :       -13.29804 kcal/mol
 Gas liquid transition energy in the mix (H_glt)   :         8.25184 kcal/mol
 Normalized weight factor of molecule in compound  :         0.17576
 Normalized weight factor of molecule in gas phase :         0.02069




 Results for mixture 24 - LIQ_EX Phase 2 Iteration   11
 ----------------------
 Temperature          :    313.150 K
 Compound Nr.         :         1         2         3
 Compound             :       h2o 3-hexanol lacticaci
 Mole Fraction        :    0.3417    0.6557    0.0026

 Compound: 1  (h2o)
 Chemical potential of the compound in the mixture :         4.13219 kcal/mol
 Log10(partial pressure [mbar])                    :         1.99136
 Free energy of molecule in mix (E_COSMO+dE+Mu)    :    -47989.12109 kcal/mol
 Total mean interaction energy in the mix (H_int)  :        -5.29365 kcal/mol
 Misfit interaction energy in the mix (H_MF)       :         0.90307 kcal/mol
 H-Bond interaction energy in the mix (H_HB)       :        -4.55632 kcal/mol
 VdW interaction energy in the mix (H_vdW)         :        -4.57245 kcal/mol
 Gas liquid transition energy in the mix (H_glt)   :         2.93205 kcal/mol
 Equilibrium constant Kx(1,2)                      :         2.90191
 Equilibrium concentration x_k(1,2)                :         0.74372

 Compound: 2  (3-hexanol)
 Chemical potential of the compound in the mixture :         0.54530 kcal/mol
 Log10(partial pressure [mbar])                    :         1.05359
 Free energy of molecule in mix (E_COSMO+dE+Mu)    :   -196068.99158 kcal/mol
 Total mean interaction energy in the mix (H_int)  :        -8.59736 kcal/mol
 Misfit interaction energy in the mix (H_MF)       :         2.20607 kcal/mol
 H-Bond interaction energy in the mix (H_HB)       :        -2.77459 kcal/mol
 VdW interaction energy in the mix (H_vdW)         :       -18.99709 kcal/mol
 Gas liquid transition energy in the mix (H_glt)   :        10.91712 kcal/mol
 Equilibrium constant Kx(1,2)                      :  3.01353427E-03
 Equilibrium concentration x_k(1,2)                :         0.00300

 Compound: 3  (lacticacid)
 Chemical potential of the compound in the mixture :         4.04580 kcal/mol
 Log10(partial pressure [mbar])                    :        -1.07871
 Free energy of molecule in mix (E_COSMO+dE+Mu)    :   -215744.63434 kcal/mol
 Total mean interaction energy in the mix (H_int)  :        -6.22752 kcal/mol
 Misfit interaction energy in the mix (H_MF)       :         2.28161 kcal/mol
 H-Bond interaction energy in the mix (H_HB)       :        -4.46336 kcal/mol
 VdW interaction energy in the mix (H_vdW)         :       -13.91684 kcal/mol
 Gas liquid transition energy in the mix (H_glt)   :         8.25184 kcal/mol
 Equilibrium constant Kx(1,2)                      :         0.52869
 Equilibrium concentration x_k(1,2)                :         0.34584



 Compound: 1 Conformer: 1 (h2o_c0)
 Chemical potential of the molecule in the mixture :         4.13219 kcal/mol
 Log10(partial pressure [mbar])                    :         1.99136
 Free energy of molecule in mix (E_COSMO+dE+Mu)    :    -47989.12109 kcal/mol
 Total mean interaction energy in the mix          :        -5.29365 kcal/mol
 Misfit interaction energy in the mix              :         0.90307 kcal/mol
 H-Bond interaction energy in the mix              :        -4.55632 kcal/mol
 VdW interaction energy in the mix                 :        -4.57245 kcal/mol
 Gas liquid transition energy in the mix (H_glt)   :         2.93205 kcal/mol
 Normalized weight factor of molecule in compound  :         1.00000
 Normalized weight factor of molecule in gas phase :         1.00000

 Compound: 2 Conformer: 1 (3-hexanol_c0)
 Chemical potential of the molecule in the mixture :         1.79658 kcal/mol
 Log10(partial pressure [mbar])                    :         1.29281
 Free energy of molecule in mix (E_COSMO+dE+Mu)    :   -196067.73691 kcal/mol
 Total mean interaction energy in the mix          :        -8.36906 kcal/mol
 Misfit interaction energy in the mix              :         2.21263 kcal/mol
 H-Bond interaction energy in the mix              :        -2.48590 kcal/mol
 VdW interaction energy in the mix                 :       -19.01291 kcal/mol
 Gas liquid transition energy in the mix (H_glt)   :        10.91712 kcal/mol
 Normalized weight factor of molecule in compound  :         0.13316
 Normalized weight factor of molecule in gas phase :         0.19950

 Compound: 2 Conformer: 2 (3-hexanol_c1)
 Chemical potential of the molecule in the mixture :         1.79400 kcal/mol
 Log10(partial pressure [mbar])                    :         1.28195
 Free energy of molecule in mix (E_COSMO+dE+Mu)    :   -196067.74228 kcal/mol
 Total mean interaction energy in the mix          :        -8.36809 kcal/mol
 Misfit interaction energy in the mix              :         2.22782 kcal/mol
 H-Bond interaction energy in the mix              :        -2.50482 kcal/mol
 VdW interaction energy in the mix                 :       -19.00821 kcal/mol
 Gas liquid transition energy in the mix (H_glt)   :        10.91712 kcal/mol
 Normalized weight factor of molecule in compound  :         0.13431
 Normalized weight factor of molecule in gas phase :         0.20228

 Compound: 2 Conformer: 3 (3-hexanol_c2)
 Chemical potential of the molecule in the mixture :         1.72839 kcal/mol
 Log10(partial pressure [mbar])                    :         1.15819
 Free energy of molecule in mix (E_COSMO+dE+Mu)    :   -196067.80849 kcal/mol
 Total mean interaction energy in the mix          :        -8.38561 kcal/mol
 Misfit interaction energy in the mix              :         2.17309 kcal/mol
 H-Bond interaction energy in the mix              :        -2.44850 kcal/mol
 VdW interaction energy in the mix                 :       -19.02732 kcal/mol
 Gas liquid transition energy in the mix (H_glt)   :        10.91712 kcal/mol
 Normalized weight factor of molecule in compound  :         0.14939
 Normalized weight factor of molecule in gas phase :         0.18514

 Compound: 2 Conformer: 4 (3-hexanol_c3)
 Chemical potential of the molecule in the mixture :         1.42959 kcal/mol
 Log10(partial pressure [mbar])                    :         0.81876
 Free energy of molecule in mix (E_COSMO+dE+Mu)    :   -196068.03751 kcal/mol
 Total mean interaction energy in the mix          :        -8.99481 kcal/mol
 Misfit interaction energy in the mix              :         2.14914 kcal/mol
 H-Bond interaction energy in the mix              :        -3.03921 kcal/mol
 VdW interaction energy in the mix                 :       -19.02186 kcal/mol
 Gas liquid transition energy in the mix (H_glt)   :        10.91712 kcal/mol
 Normalized weight factor of molecule in compound  :         0.21585
 Normalized weight factor of molecule in gas phase :         0.11754

 Compound: 2 Conformer: 5 (3-hexanol_c4)
 Chemical potential of the molecule in the mixture :         2.02242 kcal/mol
 Log10(partial pressure [mbar])                    :         1.19905
 Free energy of molecule in mix (E_COSMO+dE+Mu)    :   -196067.49803 kcal/mol
 Total mean interaction energy in the mix          :        -8.52678 kcal/mol
 Misfit interaction energy in the mix              :         2.32306 kcal/mol
 H-Bond interaction energy in the mix              :        -2.86360 kcal/mol
 VdW interaction energy in the mix                 :       -18.90336 kcal/mol
 Gas liquid transition energy in the mix (H_glt)   :        10.91712 kcal/mol
 Normalized weight factor of molecule in compound  :         0.09071
 Normalized weight factor of molecule in gas phase :         0.10269

 Compound: 2 Conformer: 6 (3-hexanol_c5)
 Chemical potential of the molecule in the mixture :         1.45275 kcal/mol
 Log10(partial pressure [mbar])                    :         0.82504
 Free energy of molecule in mix (E_COSMO+dE+Mu)    :   -196067.92362 kcal/mol
 Total mean interaction energy in the mix          :        -8.94114 kcal/mol
 Misfit interaction energy in the mix              :         2.16612 kcal/mol
 H-Bond interaction energy in the mix              :        -3.01129 kcal/mol
 VdW interaction energy in the mix                 :       -19.01309 kcal/mol
 Gas liquid transition energy in the mix (H_glt)   :        10.91712 kcal/mol
 Normalized weight factor of molecule in compound  :         0.17975
 Normalized weight factor of molecule in gas phase :         0.10123

 Compound: 2 Conformer: 7 (3-hexanol_c6)
 Chemical potential of the molecule in the mixture :         1.94470 kcal/mol
 Log10(partial pressure [mbar])                    :         1.12777
 Free energy of molecule in mix (E_COSMO+dE+Mu)    :   -196067.53858 kcal/mol
 Total mean interaction energy in the mix          :        -8.62599 kcal/mol
 Misfit interaction energy in the mix              :         2.30927 kcal/mol
 H-Bond interaction energy in the mix              :        -2.93627 kcal/mol
 VdW interaction energy in the mix                 :       -18.91611 kcal/mol
 Gas liquid transition energy in the mix (H_glt)   :        10.91712 kcal/mol
 Normalized weight factor of molecule in compound  :         0.09682
 Normalized weight factor of molecule in gas phase :         0.09163

 Compound: 3 Conformer: 1 (lacticacid_c0)
 Chemical potential of the molecule in the mixture :         5.75030 kcal/mol
 Log10(partial pressure [mbar])                    :        -1.02713
 Free energy of molecule in mix (E_COSMO+dE+Mu)    :   -215742.92984 kcal/mol
 Total mean interaction energy in the mix          :        -6.23827 kcal/mol
 Misfit interaction energy in the mix              :         2.61065 kcal/mol
 H-Bond interaction energy in the mix              :        -3.21835 kcal/mol
 VdW interaction energy in the mix                 :       -13.88241 kcal/mol
 Gas liquid transition energy in the mix (H_glt)   :         8.25184 kcal/mol
 Normalized weight factor of molecule in compound  :         0.06463
 Normalized weight factor of molecule in gas phase :         0.00603

 Compound: 3 Conformer: 2 (lacticacid_c1)
 Chemical potential of the molecule in the mixture :         6.11744 kcal/mol
 Log10(partial pressure [mbar])                    :        -0.38052
 Free energy of molecule in mix (E_COSMO+dE+Mu)    :   -215742.38121 kcal/mol
 Total mean interaction energy in the mix          :        -5.72217 kcal/mol
 Misfit interaction energy in the mix              :         2.68920 kcal/mol
 H-Bond interaction energy in the mix              :        -2.81726 kcal/mol
 VdW interaction energy in the mix                 :       -13.84596 kcal/mol
 Gas liquid transition energy in the mix (H_glt)   :         8.25184 kcal/mol
 Normalized weight factor of molecule in compound  :         0.02676
 Normalized weight factor of molecule in gas phase :         0.01137

 Compound: 3 Conformer: 3 (lacticacid_c2)
 Chemical potential of the molecule in the mixture :         3.42651 kcal/mol
 Log10(partial pressure [mbar])                    :        -0.28263
 Free energy of molecule in mix (E_COSMO+dE+Mu)    :   -215744.17995 kcal/mol
 Total mean interaction energy in the mix          :        -7.31143 kcal/mol
 Misfit interaction energy in the mix              :         2.17243 kcal/mol
 H-Bond interaction energy in the mix              :        -3.81263 kcal/mol
 VdW interaction energy in the mix                 :       -13.92307 kcal/mol
 Gas liquid transition energy in the mix (H_glt)   :         8.25184 kcal/mol
 Normalized weight factor of molecule in compound  :         0.48182
 Normalized weight factor of molecule in gas phase :         0.93300

 Compound: 3 Conformer: 4 (lacticacid_c3)
 Chemical potential of the molecule in the mixture :         2.69541 kcal/mol
 Log10(partial pressure [mbar])                    :        -1.82951
 Free energy of molecule in mix (E_COSMO+dE+Mu)    :   -215743.49003 kcal/mol
 Total mean interaction energy in the mix          :        -8.59516 kcal/mol
 Misfit interaction energy in the mix              :         2.27030 kcal/mol
 H-Bond interaction energy in the mix              :        -5.21863 kcal/mol
 VdW interaction energy in the mix                 :       -13.89867 kcal/mol
 Gas liquid transition energy in the mix (H_glt)   :         8.25184 kcal/mol
 Normalized weight factor of molecule in compound  :         0.15900
 Normalized weight factor of molecule in gas phase :         0.02822

 Compound: 3 Conformer: 5 (lacticacid_c4)
 Chemical potential of the molecule in the mixture :         2.76678 kcal/mol
 Log10(partial pressure [mbar])                    :        -3.34044
 Free energy of molecule in mix (E_COSMO+dE+Mu)    :   -215743.33205 kcal/mol
 Total mean interaction energy in the mix          :        -9.21056 kcal/mol
 Misfit interaction energy in the mix              :         2.51835 kcal/mol
 H-Bond interaction energy in the mix              :        -6.04247 kcal/mol
 VdW interaction energy in the mix                 :       -13.93828 kcal/mol
 Gas liquid transition energy in the mix (H_glt)   :         8.25184 kcal/mol
 Normalized weight factor of molecule in compound  :         0.12335
 Normalized weight factor of molecule in gas phase :         0.00067

 Compound: 3 Conformer: 6 (lacticacid_c5)
 Chemical potential of the molecule in the mixture :         2.60520 kcal/mol
 Log10(partial pressure [mbar])                    :        -1.92211
 Free energy of molecule in mix (E_COSMO+dE+Mu)    :   -215743.43027 kcal/mol
 Total mean interaction energy in the mix          :        -8.75735 kcal/mol
 Misfit interaction energy in the mix              :         2.23334 kcal/mol
 H-Bond interaction energy in the mix              :        -5.31624 kcal/mol
 VdW interaction energy in the mix                 :       -13.92629 kcal/mol
 Gas liquid transition energy in the mix (H_glt)   :         8.25184 kcal/mol
 Normalized weight factor of molecule in compound  :         0.14444
 Normalized weight factor of molecule in gas phase :         0.02069




 Results for mixture 25 - LIQ_EX Phase 1 Iteration   12
 ----------------------
 Temperature          :    313.150 K
 Compound Nr.         :         1         2         3
 Compound             :       h2o 3-hexanol lacticaci
 Mole Fraction        :    0.9966    0.0020    0.0014

 Compound: 1  (h2o)
 Chemical potential of the compound in the mixture :         3.46921 kcal/mol
 Log10(partial pressure [mbar])                    :         1.52868
 Free energy of molecule in mix (E_COSMO+dE+Mu)    :    -47989.78406 kcal/mol
 Total mean interaction energy in the mix (H_int)  :        -5.54665 kcal/mol
 Misfit interaction energy in the mix (H_MF)       :         0.59076 kcal/mol
 H-Bond interaction energy in the mix (H_HB)       :        -4.72848 kcal/mol
 VdW interaction energy in the mix (H_vdW)         :        -4.34098 kcal/mol
 Gas liquid transition energy in the mix (H_glt)   :         2.93205 kcal/mol

 Compound: 2  (3-hexanol)
 Chemical potential of the compound in the mixture :         4.15769 kcal/mol
 Log10(partial pressure [mbar])                    :         3.57466
 Free energy of molecule in mix (E_COSMO+dE+Mu)    :   -196065.37919 kcal/mol
 Total mean interaction energy in the mix (H_int)  :        -8.97774 kcal/mol
 Misfit interaction energy in the mix (H_MF)       :         2.45575 kcal/mol
 H-Bond interaction energy in the mix (H_HB)       :        -4.00805 kcal/mol
 VdW interaction energy in the mix (H_vdW)         :       -18.39066 kcal/mol
 Gas liquid transition energy in the mix (H_glt)   :        10.91712 kcal/mol

 Compound: 3  (lacticacid)
 Chemical potential of the compound in the mixture :         4.44249 kcal/mol
 Log10(partial pressure [mbar])                    :        -0.80186
 Free energy of molecule in mix (E_COSMO+dE+Mu)    :   -215744.23765 kcal/mol
 Total mean interaction energy in the mix (H_int)  :        -7.86040 kcal/mol
 Misfit interaction energy in the mix (H_MF)       :         1.99310 kcal/mol
 H-Bond interaction energy in the mix (H_HB)       :        -7.02633 kcal/mol
 VdW interaction energy in the mix (H_vdW)         :       -13.28876 kcal/mol
 Gas liquid transition energy in the mix (H_glt)   :         8.25184 kcal/mol



 Compound: 1 Conformer: 1 (h2o_c0)
 Chemical potential of the molecule in the mixture :         3.46921 kcal/mol
 Log10(partial pressure [mbar])                    :         1.52868
 Free energy of molecule in mix (E_COSMO+dE+Mu)    :    -47989.78406 kcal/mol
 Total mean interaction energy in the mix          :        -5.54665 kcal/mol
 Misfit interaction energy in the mix              :         0.59076 kcal/mol
 H-Bond interaction energy in the mix              :        -4.72848 kcal/mol
 VdW interaction energy in the mix                 :        -4.34098 kcal/mol
 Gas liquid transition energy in the mix (H_glt)   :         2.93205 kcal/mol
 Normalized weight factor of molecule in compound  :         1.00000
 Normalized weight factor of molecule in gas phase :         1.00000

 Compound: 2 Conformer: 1 (3-hexanol_c0)
 Chemical potential of the molecule in the mixture :         5.50199 kcal/mol
 Log10(partial pressure [mbar])                    :         3.87880
 Free energy of molecule in mix (E_COSMO+dE+Mu)    :   -196064.03149 kcal/mol
 Total mean interaction energy in the mix          :        -8.79793 kcal/mol
 Misfit interaction energy in the mix              :         2.43191 kcal/mol
 H-Bond interaction energy in the mix              :        -3.71762 kcal/mol
 VdW interaction energy in the mix                 :       -18.42934 kcal/mol
 Gas liquid transition energy in the mix (H_glt)   :        10.91712 kcal/mol
 Normalized weight factor of molecule in compound  :         0.11467
 Normalized weight factor of molecule in gas phase :         0.19950

 Compound: 2 Conformer: 2 (3-hexanol_c1)
 Chemical potential of the molecule in the mixture :         5.46619 kcal/mol
 Log10(partial pressure [mbar])                    :         3.84474
 Free energy of molecule in mix (E_COSMO+dE+Mu)    :   -196064.07010 kcal/mol
 Total mean interaction energy in the mix          :        -8.81563 kcal/mol
 Misfit interaction energy in the mix              :         2.44561 kcal/mol
 H-Bond interaction energy in the mix              :        -3.75665 kcal/mol
 VdW interaction energy in the mix                 :       -18.42171 kcal/mol
 Gas liquid transition energy in the mix (H_glt)   :        10.91712 kcal/mol
 Normalized weight factor of molecule in compound  :         0.12201
 Normalized weight factor of molecule in gas phase :         0.20228

 Compound: 2 Conformer: 3 (3-hexanol_c2)
 Chemical potential of the molecule in the mixture :         5.60271 kcal/mol
 Log10(partial pressure [mbar])                    :         3.86205
 Free energy of molecule in mix (E_COSMO+dE+Mu)    :   -196063.93417 kcal/mol
 Total mean interaction energy in the mix          :        -8.79517 kcal/mol
 Misfit interaction energy in the mix              :         2.49250 kcal/mol
 H-Bond interaction energy in the mix              :        -3.75804 kcal/mol
 VdW interaction energy in the mix                 :       -18.44676 kcal/mol
 Gas liquid transition energy in the mix (H_glt)   :        10.91712 kcal/mol
 Normalized weight factor of molecule in compound  :         0.09807
 Normalized weight factor of molecule in gas phase :         0.18514

 Compound: 2 Conformer: 4 (3-hexanol_c3)
 Chemical potential of the molecule in the mixture :         5.17257 kcal/mol
 Log10(partial pressure [mbar])                    :         3.43097
 Free energy of molecule in mix (E_COSMO+dE+Mu)    :   -196064.29453 kcal/mol
 Total mean interaction energy in the mix          :        -9.13738 kcal/mol
 Misfit interaction energy in the mix              :         2.43738 kcal/mol
 H-Bond interaction energy in the mix              :        -4.06237 kcal/mol
 VdW interaction energy in the mix                 :       -18.42952 kcal/mol
 Gas liquid transition energy in the mix (H_glt)   :        10.91712 kcal/mol
 Normalized weight factor of molecule in compound  :         0.17499
 Normalized weight factor of molecule in gas phase :         0.11754

 Compound: 2 Conformer: 5 (3-hexanol_c4)
 Chemical potential of the molecule in the mixture :         5.26004 kcal/mol
 Log10(partial pressure [mbar])                    :         3.45857
 Free energy of molecule in mix (E_COSMO+dE+Mu)    :   -196064.26042 kcal/mol
 Total mean interaction energy in the mix          :        -9.16784 kcal/mol
 Misfit interaction energy in the mix              :         2.45659 kcal/mol
 H-Bond interaction energy in the mix              :        -4.23005 kcal/mol
 VdW interaction energy in the mix                 :       -18.31151 kcal/mol
 Gas liquid transition energy in the mix (H_glt)   :        10.91712 kcal/mol
 Normalized weight factor of molecule in compound  :         0.16566
 Normalized weight factor of molecule in gas phase :         0.10269

 Compound: 2 Conformer: 6 (3-hexanol_c5)
 Chemical potential of the molecule in the mixture :         5.20726 kcal/mol
 Log10(partial pressure [mbar])                    :         3.44529
 Free energy of molecule in mix (E_COSMO+dE+Mu)    :   -196064.16911 kcal/mol
 Total mean interaction energy in the mix          :        -9.08599 kcal/mol
 Misfit interaction energy in the mix              :         2.46366 kcal/mol
 H-Bond interaction energy in the mix              :        -4.04623 kcal/mol
 VdW interaction energy in the mix                 :       -18.42055 kcal/mol
 Gas liquid transition energy in the mix (H_glt)   :        10.91712 kcal/mol
 Normalized weight factor of molecule in compound  :         0.14305
 Normalized weight factor of molecule in gas phase :         0.10123

 Compound: 2 Conformer: 7 (3-hexanol_c6)
 Chemical potential of the molecule in the mixture :         5.16588 kcal/mol
 Log10(partial pressure [mbar])                    :         3.37582
 Free energy of molecule in mix (E_COSMO+dE+Mu)    :   -196064.31740 kcal/mol
 Total mean interaction energy in the mix          :        -9.15112 kcal/mol
 Misfit interaction energy in the mix              :         2.46850 kcal/mol
 H-Bond interaction energy in the mix              :        -4.21047 kcal/mol
 VdW interaction energy in the mix                 :       -18.32627 kcal/mol
 Gas liquid transition energy in the mix (H_glt)   :        10.91712 kcal/mol
 Normalized weight factor of molecule in compound  :         0.18154
 Normalized weight factor of molecule in gas phase :         0.09163

 Compound: 3 Conformer: 1 (lacticacid_c0)
 Chemical potential of the molecule in the mixture :         6.39175 kcal/mol
 Log10(partial pressure [mbar])                    :        -0.57947
 Free energy of molecule in mix (E_COSMO+dE+Mu)    :   -215742.28839 kcal/mol
 Total mean interaction energy in the mix          :        -7.35046 kcal/mol
 Misfit interaction energy in the mix              :         2.02911 kcal/mol
 H-Bond interaction energy in the mix              :        -4.39352 kcal/mol
 VdW interaction energy in the mix                 :       -13.23789 kcal/mol
 Gas liquid transition energy in the mix (H_glt)   :         8.25184 kcal/mol
 Normalized weight factor of molecule in compound  :         0.04361
 Normalized weight factor of molecule in gas phase :         0.00603

 Compound: 3 Conformer: 2 (lacticacid_c1)
 Chemical potential of the molecule in the mixture :         6.51381 kcal/mol
 Log10(partial pressure [mbar])                    :        -0.10390
 Free energy of molecule in mix (E_COSMO+dE+Mu)    :   -215741.98484 kcal/mol
 Total mean interaction energy in the mix          :        -6.91491 kcal/mol
 Misfit interaction energy in the mix              :         2.13704 kcal/mol
 H-Bond interaction energy in the mix              :        -4.08883 kcal/mol
 VdW interaction energy in the mix                 :       -13.21496 kcal/mol
 Gas liquid transition energy in the mix (H_glt)   :         8.25184 kcal/mol
 Normalized weight factor of molecule in compound  :         0.02678
 Normalized weight factor of molecule in gas phase :         0.01137

 Compound: 3 Conformer: 3 (lacticacid_c2)
 Chemical potential of the molecule in the mixture :         4.66578 kcal/mol
 Log10(partial pressure [mbar])                    :         0.58225
 Free energy of molecule in mix (E_COSMO+dE+Mu)    :   -215742.94068 kcal/mol
 Total mean interaction energy in the mix          :        -8.01886 kcal/mol
 Misfit interaction energy in the mix              :         2.06912 kcal/mol
 H-Bond interaction energy in the mix              :        -5.03969 kcal/mol
 VdW interaction energy in the mix                 :       -13.30014 kcal/mol
 Gas liquid transition energy in the mix (H_glt)   :         8.25184 kcal/mol
 Normalized weight factor of molecule in compound  :         0.12441
 Normalized weight factor of molecule in gas phase :         0.93300

 Compound: 3 Conformer: 4 (lacticacid_c3)
 Chemical potential of the molecule in the mixture :         2.91484 kcal/mol
 Log10(partial pressure [mbar])                    :        -1.67637
 Free energy of molecule in mix (E_COSMO+dE+Mu)    :   -215743.27059 kcal/mol
 Total mean interaction energy in the mix          :       -10.13071 kcal/mol
 Misfit interaction energy in the mix              :         1.99050 kcal/mol
 H-Bond interaction energy in the mix              :        -7.09658 kcal/mol
 VdW interaction energy in the mix                 :       -13.27647 kcal/mol
 Gas liquid transition energy in the mix (H_glt)   :         8.25184 kcal/mol
 Normalized weight factor of molecule in compound  :         0.21139
 Normalized weight factor of molecule in gas phase :         0.02822

 Compound: 3 Conformer: 5 (lacticacid_c4)
 Chemical potential of the molecule in the mixture :         2.40391 kcal/mol
 Log10(partial pressure [mbar])                    :        -3.59369
 Free energy of molecule in mix (E_COSMO+dE+Mu)    :   -215743.69492 kcal/mol
 Total mean interaction energy in the mix          :       -11.07877 kcal/mol
 Misfit interaction energy in the mix              :         1.97009 kcal/mol
 H-Bond interaction energy in the mix              :        -8.00298 kcal/mol
 VdW interaction energy in the mix                 :       -13.29772 kcal/mol
 Gas liquid transition energy in the mix (H_glt)   :         8.25184 kcal/mol
 Normalized weight factor of molecule in compound  :         0.41805
 Normalized weight factor of molecule in gas phase :         0.00067

 Compound: 3 Conformer: 6 (lacticacid_c5)
 Chemical potential of the molecule in the mixture :         2.87977 kcal/mol
 Log10(partial pressure [mbar])                    :        -1.73049
 Free energy of molecule in mix (E_COSMO+dE+Mu)    :   -215743.15569 kcal/mol
 Total mean interaction energy in the mix          :       -10.20579 kcal/mol
 Misfit interaction energy in the mix              :         1.96628 kcal/mol
 H-Bond interaction energy in the mix              :        -7.12589 kcal/mol
 VdW interaction energy in the mix                 :       -13.29802 kcal/mol
 Gas liquid transition energy in the mix (H_glt)   :         8.25184 kcal/mol
 Normalized weight factor of molecule in compound  :         0.17576
 Normalized weight factor of molecule in gas phase :         0.02069




 Results for mixture 26 - LIQ_EX Phase 2 Iteration   12
 ----------------------
 Temperature          :    313.150 K
 Compound Nr.         :         1         2         3
 Compound             :       h2o 3-hexanol lacticaci
 Mole Fraction        :    0.3425    0.6548    0.0026

 Compound: 1  (h2o)
 Chemical potential of the compound in the mixture :         4.13167 kcal/mol
 Log10(partial pressure [mbar])                    :         1.99101
 Free energy of molecule in mix (E_COSMO+dE+Mu)    :    -47989.12160 kcal/mol
 Total mean interaction energy in the mix (H_int)  :        -5.29479 kcal/mol
 Misfit interaction energy in the mix (H_MF)       :         0.90192 kcal/mol
 H-Bond interaction energy in the mix (H_HB)       :        -4.55651 kcal/mol
 VdW interaction energy in the mix (H_vdW)         :        -4.57226 kcal/mol
 Gas liquid transition energy in the mix (H_glt)   :         2.93205 kcal/mol
 Equilibrium constant Kx(1,2)                      :         2.89953
 Equilibrium concentration x_k(1,2)                :         0.74356

 Compound: 2  (3-hexanol)
 Chemical potential of the compound in the mixture :         0.54558 kcal/mol
 Log10(partial pressure [mbar])                    :         1.05379
 Free energy of molecule in mix (E_COSMO+dE+Mu)    :   -196068.99130 kcal/mol
 Total mean interaction energy in the mix (H_int)  :        -8.59789 kcal/mol
 Misfit interaction energy in the mix (H_MF)       :         2.20687 kcal/mol
 H-Bond interaction energy in the mix (H_HB)       :        -2.77626 kcal/mol
 VdW interaction energy in the mix (H_vdW)         :       -18.99673 kcal/mol
 Gas liquid transition energy in the mix (H_glt)   :        10.91712 kcal/mol
 Equilibrium constant Kx(1,2)                      :  3.01387664E-03
 Equilibrium concentration x_k(1,2)                :         0.00300

 Compound: 3  (lacticacid)
 Chemical potential of the compound in the mixture :         4.04499 kcal/mol
 Log10(partial pressure [mbar])                    :        -1.07927
 Free energy of molecule in mix (E_COSMO+dE+Mu)    :   -215744.63515 kcal/mol
 Total mean interaction energy in the mix (H_int)  :        -6.22961 kcal/mol
 Misfit interaction energy in the mix (H_MF)       :         2.28076 kcal/mol
 H-Bond interaction energy in the mix (H_HB)       :        -4.46551 kcal/mol
 VdW interaction energy in the mix (H_vdW)         :       -13.91645 kcal/mol
 Gas liquid transition energy in the mix (H_glt)   :         8.25184 kcal/mol
 Equilibrium constant Kx(1,2)                      :         0.52794
 Equilibrium concentration x_k(1,2)                :         0.34553



 Compound: 1 Conformer: 1 (h2o_c0)
 Chemical potential of the molecule in the mixture :         4.13167 kcal/mol
 Log10(partial pressure [mbar])                    :         1.99101
 Free energy of molecule in mix (E_COSMO+dE+Mu)    :    -47989.12160 kcal/mol
 Total mean interaction energy in the mix          :        -5.29479 kcal/mol
 Misfit interaction energy in the mix              :         0.90192 kcal/mol
 H-Bond interaction energy in the mix              :        -4.55651 kcal/mol
 VdW interaction energy in the mix                 :        -4.57226 kcal/mol
 Gas liquid transition energy in the mix (H_glt)   :         2.93205 kcal/mol
 Normalized weight factor of molecule in compound  :         1.00000
 Normalized weight factor of molecule in gas phase :         1.00000

 Compound: 2 Conformer: 1 (3-hexanol_c0)
 Chemical potential of the molecule in the mixture :         1.79685 kcal/mol
 Log10(partial pressure [mbar])                    :         1.29300
 Free energy of molecule in mix (E_COSMO+dE+Mu)    :   -196067.73664 kcal/mol
 Total mean interaction energy in the mix          :        -8.36953 kcal/mol
 Misfit interaction energy in the mix              :         2.21343 kcal/mol
 H-Bond interaction energy in the mix              :        -2.48750 kcal/mol
 VdW interaction energy in the mix                 :       -19.01258 kcal/mol
 Gas liquid transition energy in the mix (H_glt)   :        10.91712 kcal/mol
 Normalized weight factor of molecule in compound  :         0.13316
 Normalized weight factor of molecule in gas phase :         0.19950

 Compound: 2 Conformer: 2 (3-hexanol_c1)
 Chemical potential of the molecule in the mixture :         1.79425 kcal/mol
 Log10(partial pressure [mbar])                    :         1.28212
 Free energy of molecule in mix (E_COSMO+dE+Mu)    :   -196067.74204 kcal/mol
 Total mean interaction energy in the mix          :        -8.36859 kcal/mol
 Misfit interaction energy in the mix              :         2.22864 kcal/mol
 H-Bond interaction energy in the mix              :        -2.50647 kcal/mol
 VdW interaction energy in the mix                 :       -19.00787 kcal/mol
 Gas liquid transition energy in the mix (H_glt)   :        10.91712 kcal/mol
 Normalized weight factor of molecule in compound  :         0.13432
 Normalized weight factor of molecule in gas phase :         0.20228

 Compound: 2 Conformer: 3 (3-hexanol_c2)
 Chemical potential of the molecule in the mixture :         1.72890 kcal/mol
 Log10(partial pressure [mbar])                    :         1.15854
 Free energy of molecule in mix (E_COSMO+dE+Mu)    :   -196067.80798 kcal/mol
 Total mean interaction energy in the mix          :        -8.38633 kcal/mol
 Misfit interaction energy in the mix              :         2.17374 kcal/mol
 H-Bond interaction energy in the mix              :        -2.45020 kcal/mol
 VdW interaction energy in the mix                 :       -19.02699 kcal/mol
 Gas liquid transition energy in the mix (H_glt)   :        10.91712 kcal/mol
 Normalized weight factor of molecule in compound  :         0.14934
 Normalized weight factor of molecule in gas phase :         0.18514

 Compound: 2 Conformer: 4 (3-hexanol_c3)
 Chemical potential of the molecule in the mixture :         1.43002 kcal/mol
 Log10(partial pressure [mbar])                    :         0.81906
 Free energy of molecule in mix (E_COSMO+dE+Mu)    :   -196068.03708 kcal/mol
 Total mean interaction energy in the mix          :        -8.99516 kcal/mol
 Misfit interaction energy in the mix              :         2.14987 kcal/mol
 H-Bond interaction energy in the mix              :        -3.04063 kcal/mol
 VdW interaction energy in the mix                 :       -19.02152 kcal/mol
 Gas liquid transition energy in the mix (H_glt)   :        10.91712 kcal/mol
 Normalized weight factor of molecule in compound  :         0.21580
 Normalized weight factor of molecule in gas phase :         0.11754

 Compound: 2 Conformer: 5 (3-hexanol_c4)
 Chemical potential of the molecule in the mixture :         2.02227 kcal/mol
 Log10(partial pressure [mbar])                    :         1.19895
 Free energy of molecule in mix (E_COSMO+dE+Mu)    :   -196067.49818 kcal/mol
 Total mean interaction energy in the mix          :        -8.52774 kcal/mol
 Misfit interaction energy in the mix              :         2.32394 kcal/mol
 H-Bond interaction energy in the mix              :        -2.86580 kcal/mol
 VdW interaction energy in the mix                 :       -18.90300 kcal/mol
 Gas liquid transition energy in the mix (H_glt)   :        10.91712 kcal/mol
 Normalized weight factor of molecule in compound  :         0.09077
 Normalized weight factor of molecule in gas phase :         0.10269

 Compound: 2 Conformer: 6 (3-hexanol_c5)
 Chemical potential of the molecule in the mixture :         1.45318 kcal/mol
 Log10(partial pressure [mbar])                    :         0.82534
 Free energy of molecule in mix (E_COSMO+dE+Mu)    :   -196067.92319 kcal/mol
 Total mean interaction energy in the mix          :        -8.94147 kcal/mol
 Misfit interaction energy in the mix              :         2.16685 kcal/mol
 H-Bond interaction energy in the mix              :        -3.01269 kcal/mol
 VdW interaction energy in the mix                 :       -19.01275 kcal/mol
 Gas liquid transition energy in the mix (H_glt)   :        10.91712 kcal/mol
 Normalized weight factor of molecule in compound  :         0.17971
 Normalized weight factor of molecule in gas phase :         0.10123

 Compound: 2 Conformer: 7 (3-hexanol_c6)
 Chemical potential of the molecule in the mixture :         1.94445 kcal/mol
 Log10(partial pressure [mbar])                    :         1.12760
 Free energy of molecule in mix (E_COSMO+dE+Mu)    :   -196067.53882 kcal/mol
 Total mean interaction energy in the mix          :        -8.62694 kcal/mol
 Misfit interaction energy in the mix              :         2.31017 kcal/mol
 H-Bond interaction energy in the mix              :        -2.93847 kcal/mol
 VdW interaction energy in the mix                 :       -18.91576 kcal/mol
 Gas liquid transition energy in the mix (H_glt)   :        10.91712 kcal/mol
 Normalized weight factor of molecule in compound  :         0.09690
 Normalized weight factor of molecule in gas phase :         0.09163

 Compound: 3 Conformer: 1 (lacticacid_c0)
 Chemical potential of the molecule in the mixture :         5.74953 kcal/mol
 Log10(partial pressure [mbar])                    :        -1.02767
 Free energy of molecule in mix (E_COSMO+dE+Mu)    :   -215742.93061 kcal/mol
 Total mean interaction energy in the mix          :        -6.24034 kcal/mol
 Misfit interaction energy in the mix              :         2.60922 kcal/mol
 H-Bond interaction energy in the mix              :        -3.21936 kcal/mol
 VdW interaction energy in the mix                 :       -13.88204 kcal/mol
 Gas liquid transition energy in the mix (H_glt)   :         8.25184 kcal/mol
 Normalized weight factor of molecule in compound  :         0.06463
 Normalized weight factor of molecule in gas phase :         0.00603

 Compound: 3 Conformer: 2 (lacticacid_c1)
 Chemical potential of the molecule in the mixture :         6.11634 kcal/mol
 Log10(partial pressure [mbar])                    :        -0.38129
 Free energy of molecule in mix (E_COSMO+dE+Mu)    :   -215742.38231 kcal/mol
 Total mean interaction energy in the mix          :        -5.72404 kcal/mol
 Misfit interaction energy in the mix              :         2.68805 kcal/mol
 H-Bond interaction energy in the mix              :        -2.81835 kcal/mol
 VdW interaction energy in the mix                 :       -13.84558 kcal/mol
 Gas liquid transition energy in the mix (H_glt)   :         8.25184 kcal/mol
 Normalized weight factor of molecule in compound  :         0.02678
 Normalized weight factor of molecule in gas phase :         0.01137

 Compound: 3 Conformer: 3 (lacticacid_c2)
 Chemical potential of the molecule in the mixture :         3.42618 kcal/mol
 Log10(partial pressure [mbar])                    :        -0.28286
 Free energy of molecule in mix (E_COSMO+dE+Mu)    :   -215744.18028 kcal/mol
 Total mean interaction energy in the mix          :        -7.31292 kcal/mol
 Misfit interaction energy in the mix              :         2.17176 kcal/mol
 H-Bond interaction energy in the mix              :        -3.81381 kcal/mol
 VdW interaction energy in the mix                 :       -13.92271 kcal/mol
 Gas liquid transition energy in the mix (H_glt)   :         8.25184 kcal/mol
 Normalized weight factor of molecule in compound  :         0.48145
 Normalized weight factor of molecule in gas phase :         0.93300

 Compound: 3 Conformer: 4 (lacticacid_c3)
 Chemical potential of the molecule in the mixture :         2.69415 kcal/mol
 Log10(partial pressure [mbar])                    :        -1.83039
 Free energy of molecule in mix (E_COSMO+dE+Mu)    :   -215743.49128 kcal/mol
 Total mean interaction energy in the mix          :        -8.59771 kcal/mol
 Misfit interaction energy in the mix              :         2.26921 kcal/mol
 H-Bond interaction energy in the mix              :        -5.22050 kcal/mol
 VdW interaction energy in the mix                 :       -13.89826 kcal/mol
 Gas liquid transition energy in the mix (H_glt)   :         8.25184 kcal/mol
 Normalized weight factor of molecule in compound  :         0.15911
 Normalized weight factor of molecule in gas phase :         0.02822

 Compound: 3 Conformer: 5 (lacticacid_c4)
 Chemical potential of the molecule in the mixture :         2.76511 kcal/mol
 Log10(partial pressure [mbar])                    :        -3.34161
 Free energy of molecule in mix (E_COSMO+dE+Mu)    :   -215743.33372 kcal/mol
 Total mean interaction energy in the mix          :        -9.21373 kcal/mol
 Misfit interaction energy in the mix              :         2.51713 kcal/mol
 H-Bond interaction energy in the mix              :        -6.04485 kcal/mol
 VdW interaction energy in the mix                 :       -13.93784 kcal/mol
 Gas liquid transition energy in the mix (H_glt)   :         8.25184 kcal/mol
 Normalized weight factor of molecule in compound  :         0.12352
 Normalized weight factor of molecule in gas phase :         0.00067

 Compound: 3 Conformer: 6 (lacticacid_c5)
 Chemical potential of the molecule in the mixture :         2.60405 kcal/mol
 Log10(partial pressure [mbar])                    :        -1.92292
 Free energy of molecule in mix (E_COSMO+dE+Mu)    :   -215743.43141 kcal/mol
 Total mean interaction energy in the mix          :        -8.75979 kcal/mol
 Misfit interaction energy in the mix              :         2.23219 kcal/mol
 H-Bond interaction energy in the mix              :        -5.31795 kcal/mol
 VdW interaction energy in the mix                 :       -13.92587 kcal/mol
 Gas liquid transition energy in the mix (H_glt)   :         8.25184 kcal/mol
 Normalized weight factor of molecule in compound  :         0.14452
 Normalized weight factor of molecule in gas phase :         0.02069




 Results for mixture 27 - LIQ_EX Phase 1 Iteration   13
 ----------------------
 Temperature          :    313.150 K
 Compound Nr.         :         1         2         3
 Compound             :       h2o 3-hexanol lacticaci
 Mole Fraction        :    0.9966    0.0020    0.0014

 Compound: 1  (h2o)
 Chemical potential of the compound in the mixture :         3.46921 kcal/mol
 Log10(partial pressure [mbar])                    :         1.52868
 Free energy of molecule in mix (E_COSMO+dE+Mu)    :    -47989.78406 kcal/mol
 Total mean interaction energy in the mix (H_int)  :        -5.54664 kcal/mol
 Misfit interaction energy in the mix (H_MF)       :         0.59076 kcal/mol
 H-Bond interaction energy in the mix (H_HB)       :        -4.72848 kcal/mol
 VdW interaction energy in the mix (H_vdW)         :        -4.34098 kcal/mol
 Gas liquid transition energy in the mix (H_glt)   :         2.93205 kcal/mol

 Compound: 2  (3-hexanol)
 Chemical potential of the compound in the mixture :         4.15783 kcal/mol
 Log10(partial pressure [mbar])                    :         3.57476
 Free energy of molecule in mix (E_COSMO+dE+Mu)    :   -196065.37905 kcal/mol
 Total mean interaction energy in the mix (H_int)  :        -8.97775 kcal/mol
 Misfit interaction energy in the mix (H_MF)       :         2.45573 kcal/mol
 H-Bond interaction energy in the mix (H_HB)       :        -4.00805 kcal/mol
 VdW interaction energy in the mix (H_vdW)         :       -18.39064 kcal/mol
 Gas liquid transition energy in the mix (H_glt)   :        10.91712 kcal/mol

 Compound: 3  (lacticacid)
 Chemical potential of the compound in the mixture :         4.44253 kcal/mol
 Log10(partial pressure [mbar])                    :        -0.80183
 Free energy of molecule in mix (E_COSMO+dE+Mu)    :   -215744.23761 kcal/mol
 Total mean interaction energy in the mix (H_int)  :        -7.86043 kcal/mol
 Misfit interaction energy in the mix (H_MF)       :         1.99308 kcal/mol
 H-Bond interaction energy in the mix (H_HB)       :        -7.02636 kcal/mol
 VdW interaction energy in the mix (H_vdW)         :       -13.28874 kcal/mol
 Gas liquid transition energy in the mix (H_glt)   :         8.25184 kcal/mol



 Compound: 1 Conformer: 1 (h2o_c0)
 Chemical potential of the molecule in the mixture :         3.46921 kcal/mol
 Log10(partial pressure [mbar])                    :         1.52868
 Free energy of molecule in mix (E_COSMO+dE+Mu)    :    -47989.78406 kcal/mol
 Total mean interaction energy in the mix          :        -5.54664 kcal/mol
 Misfit interaction energy in the mix              :         0.59076 kcal/mol
 H-Bond interaction energy in the mix              :        -4.72848 kcal/mol
 VdW interaction energy in the mix                 :        -4.34098 kcal/mol
 Gas liquid transition energy in the mix (H_glt)   :         2.93205 kcal/mol
 Normalized weight factor of molecule in compound  :         1.00000
 Normalized weight factor of molecule in gas phase :         1.00000

 Compound: 2 Conformer: 1 (3-hexanol_c0)
 Chemical potential of the molecule in the mixture :         5.50214 kcal/mol
 Log10(partial pressure [mbar])                    :         3.87889
 Free energy of molecule in mix (E_COSMO+dE+Mu)    :   -196064.03135 kcal/mol
 Total mean interaction energy in the mix          :        -8.79794 kcal/mol
 Misfit interaction energy in the mix              :         2.43188 kcal/mol
 H-Bond interaction energy in the mix              :        -3.71763 kcal/mol
 VdW interaction energy in the mix                 :       -18.42932 kcal/mol
 Gas liquid transition energy in the mix (H_glt)   :        10.91712 kcal/mol
 Normalized weight factor of molecule in compound  :         0.11467
 Normalized weight factor of molecule in gas phase :         0.19950

 Compound: 2 Conformer: 2 (3-hexanol_c1)
 Chemical potential of the molecule in the mixture :         5.46633 kcal/mol
 Log10(partial pressure [mbar])                    :         3.84484
 Free energy of molecule in mix (E_COSMO+dE+Mu)    :   -196064.06996 kcal/mol
 Total mean interaction energy in the mix          :        -8.81565 kcal/mol
 Misfit interaction energy in the mix              :         2.44558 kcal/mol
 H-Bond interaction energy in the mix              :        -3.75666 kcal/mol
 VdW interaction energy in the mix                 :       -18.42169 kcal/mol
 Gas liquid transition energy in the mix (H_glt)   :        10.91712 kcal/mol
 Normalized weight factor of molecule in compound  :         0.12201
 Normalized weight factor of molecule in gas phase :         0.20228

 Compound: 2 Conformer: 3 (3-hexanol_c2)
 Chemical potential of the molecule in the mixture :         5.60285 kcal/mol
 Log10(partial pressure [mbar])                    :         3.86215
 Free energy of molecule in mix (E_COSMO+dE+Mu)    :   -196063.93403 kcal/mol
 Total mean interaction energy in the mix          :        -8.79518 kcal/mol
 Misfit interaction energy in the mix              :         2.49248 kcal/mol
 H-Bond interaction energy in the mix              :        -3.75805 kcal/mol
 VdW interaction energy in the mix                 :       -18.44674 kcal/mol
 Gas liquid transition energy in the mix (H_glt)   :        10.91712 kcal/mol
 Normalized weight factor of molecule in compound  :         0.09807
 Normalized weight factor of molecule in gas phase :         0.18514

 Compound: 2 Conformer: 4 (3-hexanol_c3)
 Chemical potential of the molecule in the mixture :         5.17271 kcal/mol
 Log10(partial pressure [mbar])                    :         3.43106
 Free energy of molecule in mix (E_COSMO+dE+Mu)    :   -196064.29439 kcal/mol
 Total mean interaction energy in the mix          :        -9.13739 kcal/mol
 Misfit interaction energy in the mix              :         2.43736 kcal/mol
 H-Bond interaction energy in the mix              :        -4.06237 kcal/mol
 VdW interaction energy in the mix                 :       -18.42949 kcal/mol
 Gas liquid transition energy in the mix (H_glt)   :        10.91712 kcal/mol
 Normalized weight factor of molecule in compound  :         0.17499
 Normalized weight factor of molecule in gas phase :         0.11754

 Compound: 2 Conformer: 5 (3-hexanol_c4)
 Chemical potential of the molecule in the mixture :         5.26017 kcal/mol
 Log10(partial pressure [mbar])                    :         3.45866
 Free energy of molecule in mix (E_COSMO+dE+Mu)    :   -196064.26028 kcal/mol
 Total mean interaction energy in the mix          :        -9.16786 kcal/mol
 Misfit interaction energy in the mix              :         2.45656 kcal/mol
 H-Bond interaction energy in the mix              :        -4.23005 kcal/mol
 VdW interaction energy in the mix                 :       -18.31149 kcal/mol
 Gas liquid transition energy in the mix (H_glt)   :        10.91712 kcal/mol
 Normalized weight factor of molecule in compound  :         0.16566
 Normalized weight factor of molecule in gas phase :         0.10269

 Compound: 2 Conformer: 6 (3-hexanol_c5)
 Chemical potential of the molecule in the mixture :         5.20740 kcal/mol
 Log10(partial pressure [mbar])                    :         3.44539
 Free energy of molecule in mix (E_COSMO+dE+Mu)    :   -196064.16897 kcal/mol
 Total mean interaction energy in the mix          :        -9.08600 kcal/mol
 Misfit interaction energy in the mix              :         2.46364 kcal/mol
 H-Bond interaction energy in the mix              :        -4.04624 kcal/mol
 VdW interaction energy in the mix                 :       -18.42053 kcal/mol
 Gas liquid transition energy in the mix (H_glt)   :        10.91712 kcal/mol
 Normalized weight factor of molecule in compound  :         0.14305
 Normalized weight factor of molecule in gas phase :         0.10123

 Compound: 2 Conformer: 7 (3-hexanol_c6)
 Chemical potential of the molecule in the mixture :         5.16602 kcal/mol
 Log10(partial pressure [mbar])                    :         3.37591
 Free energy of molecule in mix (E_COSMO+dE+Mu)    :   -196064.31726 kcal/mol
 Total mean interaction energy in the mix          :        -9.15113 kcal/mol
 Misfit interaction energy in the mix              :         2.46847 kcal/mol
 H-Bond interaction energy in the mix              :        -4.21048 kcal/mol
 VdW interaction energy in the mix                 :       -18.32624 kcal/mol
 Gas liquid transition energy in the mix (H_glt)   :        10.91712 kcal/mol
 Normalized weight factor of molecule in compound  :         0.18154
 Normalized weight factor of molecule in gas phase :         0.09163

 Compound: 3 Conformer: 1 (lacticacid_c0)
 Chemical potential of the molecule in the mixture :         6.39180 kcal/mol
 Log10(partial pressure [mbar])                    :        -0.57944
 Free energy of molecule in mix (E_COSMO+dE+Mu)    :   -215742.28834 kcal/mol
 Total mean interaction energy in the mix          :        -7.35048 kcal/mol
 Misfit interaction energy in the mix              :         2.02909 kcal/mol
 H-Bond interaction energy in the mix              :        -4.39354 kcal/mol
 VdW interaction energy in the mix                 :       -13.23787 kcal/mol
 Gas liquid transition energy in the mix (H_glt)   :         8.25184 kcal/mol
 Normalized weight factor of molecule in compound  :         0.04361
 Normalized weight factor of molecule in gas phase :         0.00603

 Compound: 3 Conformer: 2 (lacticacid_c1)
 Chemical potential of the molecule in the mixture :         6.51386 kcal/mol
 Log10(partial pressure [mbar])                    :        -0.10386
 Free energy of molecule in mix (E_COSMO+dE+Mu)    :   -215741.98479 kcal/mol
 Total mean interaction energy in the mix          :        -6.91492 kcal/mol
 Misfit interaction energy in the mix              :         2.13703 kcal/mol
 H-Bond interaction energy in the mix              :        -4.08885 kcal/mol
 VdW interaction energy in the mix                 :       -13.21494 kcal/mol
 Gas liquid transition energy in the mix (H_glt)   :         8.25184 kcal/mol
 Normalized weight factor of molecule in compound  :         0.02678
 Normalized weight factor of molecule in gas phase :         0.01137

 Compound: 3 Conformer: 3 (lacticacid_c2)
 Chemical potential of the molecule in the mixture :         4.66584 kcal/mol
 Log10(partial pressure [mbar])                    :         0.58229
 Free energy of molecule in mix (E_COSMO+dE+Mu)    :   -215742.94062 kcal/mol
 Total mean interaction energy in the mix          :        -8.01887 kcal/mol
 Misfit interaction energy in the mix              :         2.06911 kcal/mol
 H-Bond interaction energy in the mix              :        -5.03970 kcal/mol
 VdW interaction energy in the mix                 :       -13.30012 kcal/mol
 Gas liquid transition energy in the mix (H_glt)   :         8.25184 kcal/mol
 Normalized weight factor of molecule in compound  :         0.12441
 Normalized weight factor of molecule in gas phase :         0.93300

 Compound: 3 Conformer: 4 (lacticacid_c3)
 Chemical potential of the molecule in the mixture :         2.91489 kcal/mol
 Log10(partial pressure [mbar])                    :        -1.67634
 Free energy of molecule in mix (E_COSMO+dE+Mu)    :   -215743.27054 kcal/mol
 Total mean interaction energy in the mix          :       -10.13073 kcal/mol
 Misfit interaction energy in the mix              :         1.99048 kcal/mol
 H-Bond interaction energy in the mix              :        -7.09660 kcal/mol
 VdW interaction energy in the mix                 :       -13.27645 kcal/mol
 Gas liquid transition energy in the mix (H_glt)   :         8.25184 kcal/mol
 Normalized weight factor of molecule in compound  :         0.21139
 Normalized weight factor of molecule in gas phase :         0.02822

 Compound: 3 Conformer: 5 (lacticacid_c4)
 Chemical potential of the molecule in the mixture :         2.40395 kcal/mol
 Log10(partial pressure [mbar])                    :        -3.59366
 Free energy of molecule in mix (E_COSMO+dE+Mu)    :   -215743.69488 kcal/mol
 Total mean interaction energy in the mix          :       -11.07879 kcal/mol
 Misfit interaction energy in the mix              :         1.97007 kcal/mol
 H-Bond interaction energy in the mix              :        -8.00300 kcal/mol
 VdW interaction energy in the mix                 :       -13.29770 kcal/mol
 Gas liquid transition energy in the mix (H_glt)   :         8.25184 kcal/mol
 Normalized weight factor of molecule in compound  :         0.41805
 Normalized weight factor of molecule in gas phase :         0.00067

 Compound: 3 Conformer: 6 (lacticacid_c5)
 Chemical potential of the molecule in the mixture :         2.87982 kcal/mol
 Log10(partial pressure [mbar])                    :        -1.73046
 Free energy of molecule in mix (E_COSMO+dE+Mu)    :   -215743.15565 kcal/mol
 Total mean interaction energy in the mix          :       -10.20581 kcal/mol
 Misfit interaction energy in the mix              :         1.96627 kcal/mol
 H-Bond interaction energy in the mix              :        -7.12592 kcal/mol
 VdW interaction energy in the mix                 :       -13.29800 kcal/mol
 Gas liquid transition energy in the mix (H_glt)   :         8.25184 kcal/mol
 Normalized weight factor of molecule in compound  :         0.17575
 Normalized weight factor of molecule in gas phase :         0.02069




 Results for mixture 28 - LIQ_EX Phase 2 Iteration   13
 ----------------------
 Temperature          :    313.150 K
 Compound Nr.         :         1         2         3
 Compound             :       h2o 3-hexanol lacticaci
 Mole Fraction        :    0.3431    0.6543    0.0026

 Compound: 1  (h2o)
 Chemical potential of the compound in the mixture :         4.13133 kcal/mol
 Log10(partial pressure [mbar])                    :         1.99077
 Free energy of molecule in mix (E_COSMO+dE+Mu)    :    -47989.12194 kcal/mol
 Total mean interaction energy in the mix (H_int)  :        -5.29556 kcal/mol
 Misfit interaction energy in the mix (H_MF)       :         0.90115 kcal/mol
 H-Bond interaction energy in the mix (H_HB)       :        -4.55664 kcal/mol
 VdW interaction energy in the mix (H_vdW)         :        -4.57212 kcal/mol
 Gas liquid transition energy in the mix (H_glt)   :         2.93205 kcal/mol
 Equilibrium constant Kx(1,2)                      :         2.89792
 Equilibrium concentration x_k(1,2)                :         0.74345

 Compound: 2  (3-hexanol)
 Chemical potential of the compound in the mixture :         0.54577 kcal/mol
 Log10(partial pressure [mbar])                    :         1.05392
 Free energy of molecule in mix (E_COSMO+dE+Mu)    :   -196068.99111 kcal/mol
 Total mean interaction energy in the mix (H_int)  :        -8.59824 kcal/mol
 Misfit interaction energy in the mix (H_MF)       :         2.20740 kcal/mol
 H-Bond interaction energy in the mix (H_HB)       :        -2.77739 kcal/mol
 VdW interaction energy in the mix (H_vdW)         :       -18.99649 kcal/mol
 Gas liquid transition energy in the mix (H_glt)   :        10.91712 kcal/mol
 Equilibrium constant Kx(1,2)                      :  3.01411520E-03
 Equilibrium concentration x_k(1,2)                :         0.00301

 Compound: 3  (lacticacid)
 Chemical potential of the compound in the mixture :         4.04444 kcal/mol
 Log10(partial pressure [mbar])                    :        -1.07965
 Free energy of molecule in mix (E_COSMO+dE+Mu)    :   -215744.63570 kcal/mol
 Total mean interaction energy in the mix (H_int)  :        -6.23101 kcal/mol
 Misfit interaction energy in the mix (H_MF)       :         2.28018 kcal/mol
 H-Bond interaction energy in the mix (H_HB)       :        -4.46697 kcal/mol
 VdW interaction energy in the mix (H_vdW)         :       -13.91619 kcal/mol
 Gas liquid transition energy in the mix (H_glt)   :         8.25184 kcal/mol
 Equilibrium constant Kx(1,2)                      :         0.52744
 Equilibrium concentration x_k(1,2)                :         0.34531



 Compound: 1 Conformer: 1 (h2o_c0)
 Chemical potential of the molecule in the mixture :         4.13133 kcal/mol
 Log10(partial pressure [mbar])                    :         1.99077
 Free energy of molecule in mix (E_COSMO+dE+Mu)    :    -47989.12194 kcal/mol
 Total mean interaction energy in the mix          :        -5.29556 kcal/mol
 Misfit interaction energy in the mix              :         0.90115 kcal/mol
 H-Bond interaction energy in the mix              :        -4.55664 kcal/mol
 VdW interaction energy in the mix                 :        -4.57212 kcal/mol
 Gas liquid transition energy in the mix (H_glt)   :         2.93205 kcal/mol
 Normalized weight factor of molecule in compound  :         1.00000
 Normalized weight factor of molecule in gas phase :         1.00000

 Compound: 2 Conformer: 1 (3-hexanol_c0)
 Chemical potential of the molecule in the mixture :         1.79703 kcal/mol
 Log10(partial pressure [mbar])                    :         1.29312
 Free energy of molecule in mix (E_COSMO+dE+Mu)    :   -196067.73646 kcal/mol
 Total mean interaction energy in the mix          :        -8.36984 kcal/mol
 Misfit interaction energy in the mix              :         2.21398 kcal/mol
 H-Bond interaction energy in the mix              :        -2.48858 kcal/mol
 VdW interaction energy in the mix                 :       -19.01235 kcal/mol
 Gas liquid transition energy in the mix (H_glt)   :        10.91712 kcal/mol
 Normalized weight factor of molecule in compound  :         0.13316
 Normalized weight factor of molecule in gas phase :         0.19950

 Compound: 2 Conformer: 2 (3-hexanol_c1)
 Chemical potential of the molecule in the mixture :         1.79442 kcal/mol
 Log10(partial pressure [mbar])                    :         1.28224
 Free energy of molecule in mix (E_COSMO+dE+Mu)    :   -196067.74187 kcal/mol
 Total mean interaction energy in the mix          :        -8.36892 kcal/mol
 Misfit interaction energy in the mix              :         2.22919 kcal/mol
 H-Bond interaction energy in the mix              :        -2.50759 kcal/mol
 VdW interaction energy in the mix                 :       -19.00765 kcal/mol
 Gas liquid transition energy in the mix (H_glt)   :        10.91712 kcal/mol
 Normalized weight factor of molecule in compound  :         0.13433
 Normalized weight factor of molecule in gas phase :         0.20228

 Compound: 2 Conformer: 3 (3-hexanol_c2)
 Chemical potential of the molecule in the mixture :         1.72924 kcal/mol
 Log10(partial pressure [mbar])                    :         1.15878
 Free energy of molecule in mix (E_COSMO+dE+Mu)    :   -196067.80764 kcal/mol
 Total mean interaction energy in the mix          :        -8.38682 kcal/mol
 Misfit interaction energy in the mix              :         2.17419 kcal/mol
 H-Bond interaction energy in the mix              :        -2.45135 kcal/mol
 VdW interaction energy in the mix                 :       -19.02677 kcal/mol
 Gas liquid transition energy in the mix (H_glt)   :        10.91712 kcal/mol
 Normalized weight factor of molecule in compound  :         0.14930
 Normalized weight factor of molecule in gas phase :         0.18514

 Compound: 2 Conformer: 4 (3-hexanol_c3)
 Chemical potential of the molecule in the mixture :         1.43031 kcal/mol
 Log10(partial pressure [mbar])                    :         0.81926
 Free energy of molecule in mix (E_COSMO+dE+Mu)    :   -196068.03679 kcal/mol
 Total mean interaction energy in the mix          :        -8.99540 kcal/mol
 Misfit interaction energy in the mix              :         2.15037 kcal/mol
 H-Bond interaction energy in the mix              :        -3.04159 kcal/mol
 VdW interaction energy in the mix                 :       -19.02129 kcal/mol
 Gas liquid transition energy in the mix (H_glt)   :        10.91712 kcal/mol
 Normalized weight factor of molecule in compound  :         0.21577
 Normalized weight factor of molecule in gas phase :         0.11754

 Compound: 2 Conformer: 5 (3-hexanol_c4)
 Chemical potential of the molecule in the mixture :         2.02218 kcal/mol
 Log10(partial pressure [mbar])                    :         1.19889
 Free energy of molecule in mix (E_COSMO+dE+Mu)    :   -196067.49827 kcal/mol
 Total mean interaction energy in the mix          :        -8.52838 kcal/mol
 Misfit interaction energy in the mix              :         2.32455 kcal/mol
 H-Bond interaction energy in the mix              :        -2.86728 kcal/mol
 VdW interaction energy in the mix                 :       -18.90277 kcal/mol
 Gas liquid transition energy in the mix (H_glt)   :        10.91712 kcal/mol
 Normalized weight factor of molecule in compound  :         0.09081
 Normalized weight factor of molecule in gas phase :         0.10269

 Compound: 2 Conformer: 6 (3-hexanol_c5)
 Chemical potential of the molecule in the mixture :         1.45348 kcal/mol
 Log10(partial pressure [mbar])                    :         0.82555
 Free energy of molecule in mix (E_COSMO+dE+Mu)    :   -196067.92289 kcal/mol
 Total mean interaction energy in the mix          :        -8.94169 kcal/mol
 Misfit interaction energy in the mix              :         2.16734 kcal/mol
 H-Bond interaction energy in the mix              :        -3.01363 kcal/mol
 VdW interaction energy in the mix                 :       -19.01252 kcal/mol
 Gas liquid transition energy in the mix (H_glt)   :        10.91712 kcal/mol
 Normalized weight factor of molecule in compound  :         0.17968
 Normalized weight factor of molecule in gas phase :         0.10123

 Compound: 2 Conformer: 7 (3-hexanol_c6)
 Chemical potential of the molecule in the mixture :         1.94429 kcal/mol
 Log10(partial pressure [mbar])                    :         1.12749
 Free energy of molecule in mix (E_COSMO+dE+Mu)    :   -196067.53899 kcal/mol
 Total mean interaction energy in the mix          :        -8.62758 kcal/mol
 Misfit interaction energy in the mix              :         2.31078 kcal/mol
 H-Bond interaction energy in the mix              :        -2.93996 kcal/mol
 VdW interaction energy in the mix                 :       -18.91552 kcal/mol
 Gas liquid transition energy in the mix (H_glt)   :        10.91712 kcal/mol
 Normalized weight factor of molecule in compound  :         0.09696
 Normalized weight factor of molecule in gas phase :         0.09163

 Compound: 3 Conformer: 1 (lacticacid_c0)
 Chemical potential of the molecule in the mixture :         5.74901 kcal/mol
 Log10(partial pressure [mbar])                    :        -1.02804
 Free energy of molecule in mix (E_COSMO+dE+Mu)    :   -215742.93114 kcal/mol
 Total mean interaction energy in the mix          :        -6.24173 kcal/mol
 Misfit interaction energy in the mix              :         2.60826 kcal/mol
 H-Bond interaction energy in the mix              :        -3.22005 kcal/mol
 VdW interaction energy in the mix                 :       -13.88178 kcal/mol
 Gas liquid transition energy in the mix (H_glt)   :         8.25184 kcal/mol
 Normalized weight factor of molecule in compound  :         0.06462
 Normalized weight factor of molecule in gas phase :         0.00603

 Compound: 3 Conformer: 2 (lacticacid_c1)
 Chemical potential of the molecule in the mixture :         6.11559 kcal/mol
 Log10(partial pressure [mbar])                    :        -0.38181
 Free energy of molecule in mix (E_COSMO+dE+Mu)    :   -215742.38306 kcal/mol
 Total mean interaction energy in the mix          :        -5.72529 kcal/mol
 Misfit interaction energy in the mix              :         2.68727 kcal/mol
 H-Bond interaction energy in the mix              :        -2.81908 kcal/mol
 VdW interaction energy in the mix                 :       -13.84533 kcal/mol
 Gas liquid transition energy in the mix (H_glt)   :         8.25184 kcal/mol
 Normalized weight factor of molecule in compound  :         0.02679
 Normalized weight factor of molecule in gas phase :         0.01137

 Compound: 3 Conformer: 3 (lacticacid_c2)
 Chemical potential of the molecule in the mixture :         3.42596 kcal/mol
 Log10(partial pressure [mbar])                    :        -0.28302
 Free energy of molecule in mix (E_COSMO+dE+Mu)    :   -215744.18050 kcal/mol
 Total mean interaction energy in the mix          :        -7.31392 kcal/mol
 Misfit interaction energy in the mix              :         2.17132 kcal/mol
 H-Bond interaction energy in the mix              :        -3.81461 kcal/mol
 VdW interaction energy in the mix                 :       -13.92247 kcal/mol
 Gas liquid transition energy in the mix (H_glt)   :         8.25184 kcal/mol
 Normalized weight factor of molecule in compound  :         0.48120
 Normalized weight factor of molecule in gas phase :         0.93300

 Compound: 3 Conformer: 4 (lacticacid_c3)
 Chemical potential of the molecule in the mixture :         2.69330 kcal/mol
 Log10(partial pressure [mbar])                    :        -1.83098
 Free energy of molecule in mix (E_COSMO+dE+Mu)    :   -215743.49213 kcal/mol
 Total mean interaction energy in the mix          :        -8.59943 kcal/mol
 Misfit interaction energy in the mix              :         2.26848 kcal/mol
 H-Bond interaction energy in the mix              :        -5.22177 kcal/mol
 VdW interaction energy in the mix                 :       -13.89798 kcal/mol
 Gas liquid transition energy in the mix (H_glt)   :         8.25184 kcal/mol
 Normalized weight factor of molecule in compound  :         0.15919
 Normalized weight factor of molecule in gas phase :         0.02822

 Compound: 3 Conformer: 5 (lacticacid_c4)
 Chemical potential of the molecule in the mixture :         2.76398 kcal/mol
 Log10(partial pressure [mbar])                    :        -3.34240
 Free energy of molecule in mix (E_COSMO+dE+Mu)    :   -215743.33485 kcal/mol
 Total mean interaction energy in the mix          :        -9.21586 kcal/mol
 Misfit interaction energy in the mix              :         2.51630 kcal/mol
 H-Bond interaction energy in the mix              :        -6.04647 kcal/mol
 VdW interaction energy in the mix                 :       -13.93754 kcal/mol
 Gas liquid transition energy in the mix (H_glt)   :         8.25184 kcal/mol
 Normalized weight factor of molecule in compound  :         0.12364
 Normalized weight factor of molecule in gas phase :         0.00067

 Compound: 3 Conformer: 6 (lacticacid_c5)
 Chemical potential of the molecule in the mixture :         2.60327 kcal/mol
 Log10(partial pressure [mbar])                    :        -1.92346
 Free energy of molecule in mix (E_COSMO+dE+Mu)    :   -215743.43219 kcal/mol
 Total mean interaction energy in the mix          :        -8.76144 kcal/mol
 Misfit interaction energy in the mix              :         2.23141 kcal/mol
 H-Bond interaction energy in the mix              :        -5.31911 kcal/mol
 VdW interaction energy in the mix                 :       -13.92559 kcal/mol
 Gas liquid transition energy in the mix (H_glt)   :         8.25184 kcal/mol
 Normalized weight factor of molecule in compound  :         0.14457
 Normalized weight factor of molecule in gas phase :         0.02069




 Results for mixture 29 - LIQ_EX Phase 1 Iteration   14
 ----------------------
 Temperature          :    313.150 K
 Compound Nr.         :         1         2         3
 Compound             :       h2o 3-hexanol lacticaci
 Mole Fraction        :    0.9966    0.0020    0.0014

 Compound: 1  (h2o)
 Chemical potential of the compound in the mixture :         3.46921 kcal/mol
 Log10(partial pressure [mbar])                    :         1.52868
 Free energy of molecule in mix (E_COSMO+dE+Mu)    :    -47989.78406 kcal/mol
 Total mean interaction energy in the mix (H_int)  :        -5.54664 kcal/mol
 Misfit interaction energy in the mix (H_MF)       :         0.59076 kcal/mol
 H-Bond interaction energy in the mix (H_HB)       :        -4.72848 kcal/mol
 VdW interaction energy in the mix (H_vdW)         :        -4.34098 kcal/mol
 Gas liquid transition energy in the mix (H_glt)   :         2.93205 kcal/mol

 Compound: 2  (3-hexanol)
 Chemical potential of the compound in the mixture :         4.15793 kcal/mol
 Log10(partial pressure [mbar])                    :         3.57483
 Free energy of molecule in mix (E_COSMO+dE+Mu)    :   -196065.37895 kcal/mol
 Total mean interaction energy in the mix (H_int)  :        -8.97776 kcal/mol
 Misfit interaction energy in the mix (H_MF)       :         2.45571 kcal/mol
 H-Bond interaction energy in the mix (H_HB)       :        -4.00806 kcal/mol
 VdW interaction energy in the mix (H_vdW)         :       -18.39062 kcal/mol
 Gas liquid transition energy in the mix (H_glt)   :        10.91712 kcal/mol

 Compound: 3  (lacticacid)
 Chemical potential of the compound in the mixture :         4.44256 kcal/mol
 Log10(partial pressure [mbar])                    :        -0.80181
 Free energy of molecule in mix (E_COSMO+dE+Mu)    :   -215744.23758 kcal/mol
 Total mean interaction energy in the mix (H_int)  :        -7.86045 kcal/mol
 Misfit interaction energy in the mix (H_MF)       :         1.99307 kcal/mol
 H-Bond interaction energy in the mix (H_HB)       :        -7.02638 kcal/mol
 VdW interaction energy in the mix (H_vdW)         :       -13.28873 kcal/mol
 Gas liquid transition energy in the mix (H_glt)   :         8.25184 kcal/mol



 Compound: 1 Conformer: 1 (h2o_c0)
 Chemical potential of the molecule in the mixture :         3.46921 kcal/mol
 Log10(partial pressure [mbar])                    :         1.52868
 Free energy of molecule in mix (E_COSMO+dE+Mu)    :    -47989.78406 kcal/mol
 Total mean interaction energy in the mix          :        -5.54664 kcal/mol
 Misfit interaction energy in the mix              :         0.59076 kcal/mol
 H-Bond interaction energy in the mix              :        -4.72848 kcal/mol
 VdW interaction energy in the mix                 :        -4.34098 kcal/mol
 Gas liquid transition energy in the mix (H_glt)   :         2.93205 kcal/mol
 Normalized weight factor of molecule in compound  :         1.00000
 Normalized weight factor of molecule in gas phase :         1.00000

 Compound: 2 Conformer: 1 (3-hexanol_c0)
 Chemical potential of the molecule in the mixture :         5.50223 kcal/mol
 Log10(partial pressure [mbar])                    :         3.87896
 Free energy of molecule in mix (E_COSMO+dE+Mu)    :   -196064.03126 kcal/mol
 Total mean interaction energy in the mix          :        -8.79796 kcal/mol
 Misfit interaction energy in the mix              :         2.43186 kcal/mol
 H-Bond interaction energy in the mix              :        -3.71764 kcal/mol
 VdW interaction energy in the mix                 :       -18.42930 kcal/mol
 Gas liquid transition energy in the mix (H_glt)   :        10.91712 kcal/mol
 Normalized weight factor of molecule in compound  :         0.11467
 Normalized weight factor of molecule in gas phase :         0.19950

 Compound: 2 Conformer: 2 (3-hexanol_c1)
 Chemical potential of the molecule in the mixture :         5.46642 kcal/mol
 Log10(partial pressure [mbar])                    :         3.84491
 Free energy of molecule in mix (E_COSMO+dE+Mu)    :   -196064.06986 kcal/mol
 Total mean interaction energy in the mix          :        -8.81566 kcal/mol
 Misfit interaction energy in the mix              :         2.44556 kcal/mol
 H-Bond interaction energy in the mix              :        -3.75667 kcal/mol
 VdW interaction energy in the mix                 :       -18.42168 kcal/mol
 Gas liquid transition energy in the mix (H_glt)   :        10.91712 kcal/mol
 Normalized weight factor of molecule in compound  :         0.12201
 Normalized weight factor of molecule in gas phase :         0.20228

 Compound: 2 Conformer: 3 (3-hexanol_c2)
 Chemical potential of the molecule in the mixture :         5.60295 kcal/mol
 Log10(partial pressure [mbar])                    :         3.86222
 Free energy of molecule in mix (E_COSMO+dE+Mu)    :   -196063.93393 kcal/mol
 Total mean interaction energy in the mix          :        -8.79519 kcal/mol
 Misfit interaction energy in the mix              :         2.49247 kcal/mol
 H-Bond interaction energy in the mix              :        -3.75805 kcal/mol
 VdW interaction energy in the mix                 :       -18.44672 kcal/mol
 Gas liquid transition energy in the mix (H_glt)   :        10.91712 kcal/mol
 Normalized weight factor of molecule in compound  :         0.09807
 Normalized weight factor of molecule in gas phase :         0.18514

 Compound: 2 Conformer: 4 (3-hexanol_c3)
 Chemical potential of the molecule in the mixture :         5.17281 kcal/mol
 Log10(partial pressure [mbar])                    :         3.43113
 Free energy of molecule in mix (E_COSMO+dE+Mu)    :   -196064.29429 kcal/mol
 Total mean interaction energy in the mix          :        -9.13740 kcal/mol
 Misfit interaction energy in the mix              :         2.43734 kcal/mol
 H-Bond interaction energy in the mix              :        -4.06238 kcal/mol
 VdW interaction energy in the mix                 :       -18.42948 kcal/mol
 Gas liquid transition energy in the mix (H_glt)   :        10.91712 kcal/mol
 Normalized weight factor of molecule in compound  :         0.17499
 Normalized weight factor of molecule in gas phase :         0.11754

 Compound: 2 Conformer: 5 (3-hexanol_c4)
 Chemical potential of the molecule in the mixture :         5.26026 kcal/mol
 Log10(partial pressure [mbar])                    :         3.45873
 Free energy of molecule in mix (E_COSMO+dE+Mu)    :   -196064.26019 kcal/mol
 Total mean interaction energy in the mix          :        -9.16787 kcal/mol
 Misfit interaction energy in the mix              :         2.45654 kcal/mol
 H-Bond interaction energy in the mix              :        -4.23006 kcal/mol
 VdW interaction energy in the mix                 :       -18.31147 kcal/mol
 Gas liquid transition energy in the mix (H_glt)   :        10.91712 kcal/mol
 Normalized weight factor of molecule in compound  :         0.16566
 Normalized weight factor of molecule in gas phase :         0.10269

 Compound: 2 Conformer: 6 (3-hexanol_c5)
 Chemical potential of the molecule in the mixture :         5.20749 kcal/mol
 Log10(partial pressure [mbar])                    :         3.44545
 Free energy of molecule in mix (E_COSMO+dE+Mu)    :   -196064.16888 kcal/mol
 Total mean interaction energy in the mix          :        -9.08601 kcal/mol
 Misfit interaction energy in the mix              :         2.46362 kcal/mol
 H-Bond interaction energy in the mix              :        -4.04624 kcal/mol
 VdW interaction energy in the mix                 :       -18.42051 kcal/mol
 Gas liquid transition energy in the mix (H_glt)   :        10.91712 kcal/mol
 Normalized weight factor of molecule in compound  :         0.14305
 Normalized weight factor of molecule in gas phase :         0.10123

 Compound: 2 Conformer: 7 (3-hexanol_c6)
 Chemical potential of the molecule in the mixture :         5.16611 kcal/mol
 Log10(partial pressure [mbar])                    :         3.37598
 Free energy of molecule in mix (E_COSMO+dE+Mu)    :   -196064.31717 kcal/mol
 Total mean interaction energy in the mix          :        -9.15114 kcal/mol
 Misfit interaction energy in the mix              :         2.46845 kcal/mol
 H-Bond interaction energy in the mix              :        -4.21048 kcal/mol
 VdW interaction energy in the mix                 :       -18.32623 kcal/mol
 Gas liquid transition energy in the mix (H_glt)   :        10.91712 kcal/mol
 Normalized weight factor of molecule in compound  :         0.18155
 Normalized weight factor of molecule in gas phase :         0.09163

 Compound: 3 Conformer: 1 (lacticacid_c0)
 Chemical potential of the molecule in the mixture :         6.39183 kcal/mol
 Log10(partial pressure [mbar])                    :        -0.57941
 Free energy of molecule in mix (E_COSMO+dE+Mu)    :   -215742.28831 kcal/mol
 Total mean interaction energy in the mix          :        -7.35049 kcal/mol
 Misfit interaction energy in the mix              :         2.02907 kcal/mol
 H-Bond interaction energy in the mix              :        -4.39355 kcal/mol
 VdW interaction energy in the mix                 :       -13.23786 kcal/mol
 Gas liquid transition energy in the mix (H_glt)   :         8.25184 kcal/mol
 Normalized weight factor of molecule in compound  :         0.04361
 Normalized weight factor of molecule in gas phase :         0.00603

 Compound: 3 Conformer: 2 (lacticacid_c1)
 Chemical potential of the molecule in the mixture :         6.51389 kcal/mol
 Log10(partial pressure [mbar])                    :        -0.10384
 Free energy of molecule in mix (E_COSMO+dE+Mu)    :   -215741.98476 kcal/mol
 Total mean interaction energy in the mix          :        -6.91493 kcal/mol
 Misfit interaction energy in the mix              :         2.13701 kcal/mol
 H-Bond interaction energy in the mix              :        -4.08886 kcal/mol
 VdW interaction energy in the mix                 :       -13.21493 kcal/mol
 Gas liquid transition energy in the mix (H_glt)   :         8.25184 kcal/mol
 Normalized weight factor of molecule in compound  :         0.02678
 Normalized weight factor of molecule in gas phase :         0.01137

 Compound: 3 Conformer: 3 (lacticacid_c2)
 Chemical potential of the molecule in the mixture :         4.66589 kcal/mol
 Log10(partial pressure [mbar])                    :         0.58232
 Free energy of molecule in mix (E_COSMO+dE+Mu)    :   -215742.94058 kcal/mol
 Total mean interaction energy in the mix          :        -8.01888 kcal/mol
 Misfit interaction energy in the mix              :         2.06910 kcal/mol
 H-Bond interaction energy in the mix              :        -5.03971 kcal/mol
 VdW interaction energy in the mix                 :       -13.30011 kcal/mol
 Gas liquid transition energy in the mix (H_glt)   :         8.25184 kcal/mol
 Normalized weight factor of molecule in compound  :         0.12440
 Normalized weight factor of molecule in gas phase :         0.93300

 Compound: 3 Conformer: 4 (lacticacid_c3)
 Chemical potential of the molecule in the mixture :         2.91492 kcal/mol
 Log10(partial pressure [mbar])                    :        -1.67632
 Free energy of molecule in mix (E_COSMO+dE+Mu)    :   -215743.27051 kcal/mol
 Total mean interaction energy in the mix          :       -10.13074 kcal/mol
 Misfit interaction energy in the mix              :         1.99047 kcal/mol
 H-Bond interaction energy in the mix              :        -7.09661 kcal/mol
 VdW interaction energy in the mix                 :       -13.27644 kcal/mol
 Gas liquid transition energy in the mix (H_glt)   :         8.25184 kcal/mol
 Normalized weight factor of molecule in compound  :         0.21139
 Normalized weight factor of molecule in gas phase :         0.02822

 Compound: 3 Conformer: 5 (lacticacid_c4)
 Chemical potential of the molecule in the mixture :         2.40398 kcal/mol
 Log10(partial pressure [mbar])                    :        -3.59364
 Free energy of molecule in mix (E_COSMO+dE+Mu)    :   -215743.69485 kcal/mol
 Total mean interaction energy in the mix          :       -11.07881 kcal/mol
 Misfit interaction energy in the mix              :         1.97006 kcal/mol
 H-Bond interaction energy in the mix              :        -8.00301 kcal/mol
 VdW interaction energy in the mix                 :       -13.29769 kcal/mol
 Gas liquid transition energy in the mix (H_glt)   :         8.25184 kcal/mol
 Normalized weight factor of molecule in compound  :         0.41806
 Normalized weight factor of molecule in gas phase :         0.00067

 Compound: 3 Conformer: 6 (lacticacid_c5)
 Chemical potential of the molecule in the mixture :         2.87985 kcal/mol
 Log10(partial pressure [mbar])                    :        -1.73044
 Free energy of molecule in mix (E_COSMO+dE+Mu)    :   -215743.15562 kcal/mol
 Total mean interaction energy in the mix          :       -10.20582 kcal/mol
 Misfit interaction energy in the mix              :         1.96625 kcal/mol
 H-Bond interaction energy in the mix              :        -7.12593 kcal/mol
 VdW interaction energy in the mix                 :       -13.29799 kcal/mol
 Gas liquid transition energy in the mix (H_glt)   :         8.25184 kcal/mol
 Normalized weight factor of molecule in compound  :         0.17575
 Normalized weight factor of molecule in gas phase :         0.02069




 Results for mixture 30 - LIQ_EX Phase 2 Iteration   14
 ----------------------
 Temperature          :    313.150 K
 Compound Nr.         :         1         2         3
 Compound             :       h2o 3-hexanol lacticaci
 Mole Fraction        :    0.3435    0.6539    0.0026

 Compound: 1  (h2o)
 Chemical potential of the compound in the mixture :         4.13110 kcal/mol
 Log10(partial pressure [mbar])                    :         1.99060
 Free energy of molecule in mix (E_COSMO+dE+Mu)    :    -47989.12218 kcal/mol
 Total mean interaction energy in the mix (H_int)  :        -5.29608 kcal/mol
 Misfit interaction energy in the mix (H_MF)       :         0.90062 kcal/mol
 H-Bond interaction energy in the mix (H_HB)       :        -4.55672 kcal/mol
 VdW interaction energy in the mix (H_vdW)         :        -4.57204 kcal/mol
 Gas liquid transition energy in the mix (H_glt)   :         2.93205 kcal/mol
 Equilibrium constant Kx(1,2)                      :         2.89684
 Equilibrium concentration x_k(1,2)                :         0.74338

 Compound: 2  (3-hexanol)
 Chemical potential of the compound in the mixture :         0.54589 kcal/mol
 Log10(partial pressure [mbar])                    :         1.05401
 Free energy of molecule in mix (E_COSMO+dE+Mu)    :   -196068.99099 kcal/mol
 Total mean interaction energy in the mix (H_int)  :        -8.59848 kcal/mol
 Misfit interaction energy in the mix (H_MF)       :         2.20777 kcal/mol
 H-Bond interaction energy in the mix (H_HB)       :        -2.77815 kcal/mol
 VdW interaction energy in the mix (H_vdW)         :       -18.99633 kcal/mol
 Gas liquid transition energy in the mix (H_glt)   :        10.91712 kcal/mol
 Equilibrium constant Kx(1,2)                      :  3.01427978E-03
 Equilibrium concentration x_k(1,2)                :         0.00301

 Compound: 3  (lacticacid)
 Chemical potential of the compound in the mixture :         4.04408 kcal/mol
 Log10(partial pressure [mbar])                    :        -1.07991
 Free energy of molecule in mix (E_COSMO+dE+Mu)    :   -215744.63607 kcal/mol
 Total mean interaction energy in the mix (H_int)  :        -6.23196 kcal/mol
 Misfit interaction energy in the mix (H_MF)       :         2.27979 kcal/mol
 H-Bond interaction energy in the mix (H_HB)       :        -4.46795 kcal/mol
 VdW interaction energy in the mix (H_vdW)         :       -13.91601 kcal/mol
 Gas liquid transition energy in the mix (H_glt)   :         8.25184 kcal/mol
 Equilibrium constant Kx(1,2)                      :         0.52710
 Equilibrium concentration x_k(1,2)                :         0.34517



 Compound: 1 Conformer: 1 (h2o_c0)
 Chemical potential of the molecule in the mixture :         4.13110 kcal/mol
 Log10(partial pressure [mbar])                    :         1.99060
 Free energy of molecule in mix (E_COSMO+dE+Mu)    :    -47989.12218 kcal/mol
 Total mean interaction energy in the mix          :        -5.29608 kcal/mol
 Misfit interaction energy in the mix              :         0.90062 kcal/mol
 H-Bond interaction energy in the mix              :        -4.55672 kcal/mol
 VdW interaction energy in the mix                 :        -4.57204 kcal/mol
 Gas liquid transition energy in the mix (H_glt)   :         2.93205 kcal/mol
 Normalized weight factor of molecule in compound  :         1.00000
 Normalized weight factor of molecule in gas phase :         1.00000

 Compound: 2 Conformer: 1 (3-hexanol_c0)
 Chemical potential of the molecule in the mixture :         1.79716 kcal/mol
 Log10(partial pressure [mbar])                    :         1.29321
 Free energy of molecule in mix (E_COSMO+dE+Mu)    :   -196067.73633 kcal/mol
 Total mean interaction energy in the mix          :        -8.37005 kcal/mol
 Misfit interaction energy in the mix              :         2.21434 kcal/mol
 H-Bond interaction energy in the mix              :        -2.48932 kcal/mol
 VdW interaction energy in the mix                 :       -19.01220 kcal/mol
 Gas liquid transition energy in the mix (H_glt)   :        10.91712 kcal/mol
 Normalized weight factor of molecule in compound  :         0.13316
 Normalized weight factor of molecule in gas phase :         0.19950

 Compound: 2 Conformer: 2 (3-hexanol_c1)
 Chemical potential of the molecule in the mixture :         1.79453 kcal/mol
 Log10(partial pressure [mbar])                    :         1.28232
 Free energy of molecule in mix (E_COSMO+dE+Mu)    :   -196067.74176 kcal/mol
 Total mean interaction energy in the mix          :        -8.36914 kcal/mol
 Misfit interaction energy in the mix              :         2.22957 kcal/mol
 H-Bond interaction energy in the mix              :        -2.50834 kcal/mol
 VdW interaction energy in the mix                 :       -19.00749 kcal/mol
 Gas liquid transition energy in the mix (H_glt)   :        10.91712 kcal/mol
 Normalized weight factor of molecule in compound  :         0.13433
 Normalized weight factor of molecule in gas phase :         0.20228

 Compound: 2 Conformer: 3 (3-hexanol_c2)
 Chemical potential of the molecule in the mixture :         1.72947 kcal/mol
 Log10(partial pressure [mbar])                    :         1.15894
 Free energy of molecule in mix (E_COSMO+dE+Mu)    :   -196067.80741 kcal/mol
 Total mean interaction energy in the mix          :        -8.38715 kcal/mol
 Misfit interaction energy in the mix              :         2.17449 kcal/mol
 H-Bond interaction energy in the mix              :        -2.45213 kcal/mol
 VdW interaction energy in the mix                 :       -19.02663 kcal/mol
 Gas liquid transition energy in the mix (H_glt)   :        10.91712 kcal/mol
 Normalized weight factor of molecule in compound  :         0.14928
 Normalized weight factor of molecule in gas phase :         0.18514

 Compound: 2 Conformer: 4 (3-hexanol_c3)
 Chemical potential of the molecule in the mixture :         1.43051 kcal/mol
 Log10(partial pressure [mbar])                    :         0.81940
 Free energy of molecule in mix (E_COSMO+dE+Mu)    :   -196068.03659 kcal/mol
 Total mean interaction energy in the mix          :        -8.99555 kcal/mol
 Misfit interaction energy in the mix              :         2.15070 kcal/mol
 H-Bond interaction energy in the mix              :        -3.04224 kcal/mol
 VdW interaction energy in the mix                 :       -19.02113 kcal/mol
 Gas liquid transition energy in the mix (H_glt)   :        10.91712 kcal/mol
 Normalized weight factor of molecule in compound  :         0.21574
 Normalized weight factor of molecule in gas phase :         0.11754

 Compound: 2 Conformer: 5 (3-hexanol_c4)
 Chemical potential of the molecule in the mixture :         2.02211 kcal/mol
 Log10(partial pressure [mbar])                    :         1.19884
 Free energy of molecule in mix (E_COSMO+dE+Mu)    :   -196067.49834 kcal/mol
 Total mean interaction energy in the mix          :        -8.52881 kcal/mol
 Misfit interaction energy in the mix              :         2.32495 kcal/mol
 H-Bond interaction energy in the mix              :        -2.86828 kcal/mol
 VdW interaction energy in the mix                 :       -18.90261 kcal/mol
 Gas liquid transition energy in the mix (H_glt)   :        10.91712 kcal/mol
 Normalized weight factor of molecule in compound  :         0.09084
 Normalized weight factor of molecule in gas phase :         0.10269

 Compound: 2 Conformer: 6 (3-hexanol_c5)
 Chemical potential of the molecule in the mixture :         1.45368 kcal/mol
 Log10(partial pressure [mbar])                    :         0.82569
 Free energy of molecule in mix (E_COSMO+dE+Mu)    :   -196067.92269 kcal/mol
 Total mean interaction energy in the mix          :        -8.94184 kcal/mol
 Misfit interaction energy in the mix              :         2.16767 kcal/mol
 H-Bond interaction energy in the mix              :        -3.01426 kcal/mol
 VdW interaction energy in the mix                 :       -19.01237 kcal/mol
 Gas liquid transition energy in the mix (H_glt)   :        10.91712 kcal/mol
 Normalized weight factor of molecule in compound  :         0.17966
 Normalized weight factor of molecule in gas phase :         0.10123

 Compound: 2 Conformer: 7 (3-hexanol_c6)
 Chemical potential of the molecule in the mixture :         1.94418 kcal/mol
 Log10(partial pressure [mbar])                    :         1.12741
 Free energy of molecule in mix (E_COSMO+dE+Mu)    :   -196067.53910 kcal/mol
 Total mean interaction energy in the mix          :        -8.62801 kcal/mol
 Misfit interaction energy in the mix              :         2.31119 kcal/mol
 H-Bond interaction energy in the mix              :        -2.94096 kcal/mol
 VdW interaction energy in the mix                 :       -18.91536 kcal/mol
 Gas liquid transition energy in the mix (H_glt)   :        10.91712 kcal/mol
 Normalized weight factor of molecule in compound  :         0.09699
 Normalized weight factor of molecule in gas phase :         0.09163

 Compound: 3 Conformer: 1 (lacticacid_c0)
 Chemical potential of the molecule in the mixture :         5.74865 kcal/mol
 Log10(partial pressure [mbar])                    :        -1.02828
 Free energy of molecule in mix (E_COSMO+dE+Mu)    :   -215742.93149 kcal/mol
 Total mean interaction energy in the mix          :        -6.24268 kcal/mol
 Misfit interaction energy in the mix              :         2.60761 kcal/mol
 H-Bond interaction energy in the mix              :        -3.22051 kcal/mol
 VdW interaction energy in the mix                 :       -13.88161 kcal/mol
 Gas liquid transition energy in the mix (H_glt)   :         8.25184 kcal/mol
 Normalized weight factor of molecule in compound  :         0.06462
 Normalized weight factor of molecule in gas phase :         0.00603

 Compound: 3 Conformer: 2 (lacticacid_c1)
 Chemical potential of the molecule in the mixture :         6.11509 kcal/mol
 Log10(partial pressure [mbar])                    :        -0.38216
 Free energy of molecule in mix (E_COSMO+dE+Mu)    :   -215742.38356 kcal/mol
 Total mean interaction energy in the mix          :        -5.72614 kcal/mol
 Misfit interaction energy in the mix              :         2.68675 kcal/mol
 H-Bond interaction energy in the mix              :        -2.81958 kcal/mol
 VdW interaction energy in the mix                 :       -13.84516 kcal/mol
 Gas liquid transition energy in the mix (H_glt)   :         8.25184 kcal/mol
 Normalized weight factor of molecule in compound  :         0.02679
 Normalized weight factor of molecule in gas phase :         0.01137

 Compound: 3 Conformer: 3 (lacticacid_c2)
 Chemical potential of the molecule in the mixture :         3.42581 kcal/mol
 Log10(partial pressure [mbar])                    :        -0.28312
 Free energy of molecule in mix (E_COSMO+dE+Mu)    :   -215744.18065 kcal/mol
 Total mean interaction energy in the mix          :        -7.31460 kcal/mol
 Misfit interaction energy in the mix              :         2.17101 kcal/mol
 H-Bond interaction energy in the mix              :        -3.81515 kcal/mol
 VdW interaction energy in the mix                 :       -13.92231 kcal/mol
 Gas liquid transition energy in the mix (H_glt)   :         8.25184 kcal/mol
 Normalized weight factor of molecule in compound  :         0.48103
 Normalized weight factor of molecule in gas phase :         0.93300

 Compound: 3 Conformer: 4 (lacticacid_c3)
 Chemical potential of the molecule in the mixture :         2.69273 kcal/mol
 Log10(partial pressure [mbar])                    :        -1.83138
 Free energy of molecule in mix (E_COSMO+dE+Mu)    :   -215743.49270 kcal/mol
 Total mean interaction energy in the mix          :        -8.60059 kcal/mol
 Misfit interaction energy in the mix              :         2.26799 kcal/mol
 H-Bond interaction energy in the mix              :        -5.22262 kcal/mol
 VdW interaction energy in the mix                 :       -13.89779 kcal/mol
 Gas liquid transition energy in the mix (H_glt)   :         8.25184 kcal/mol
 Normalized weight factor of molecule in compound  :         0.15924
 Normalized weight factor of molecule in gas phase :         0.02822

 Compound: 3 Conformer: 5 (lacticacid_c4)
 Chemical potential of the molecule in the mixture :         2.76322 kcal/mol
 Log10(partial pressure [mbar])                    :        -3.34293
 Free energy of molecule in mix (E_COSMO+dE+Mu)    :   -215743.33561 kcal/mol
 Total mean interaction energy in the mix          :        -9.21730 kcal/mol
 Misfit interaction energy in the mix              :         2.51575 kcal/mol
 H-Bond interaction energy in the mix              :        -6.04755 kcal/mol
 VdW interaction energy in the mix                 :       -13.93734 kcal/mol
 Gas liquid transition energy in the mix (H_glt)   :         8.25184 kcal/mol
 Normalized weight factor of molecule in compound  :         0.12371
 Normalized weight factor of molecule in gas phase :         0.00067

 Compound: 3 Conformer: 6 (lacticacid_c5)
 Chemical potential of the molecule in the mixture :         2.60275 kcal/mol
 Log10(partial pressure [mbar])                    :        -1.92382
 Free energy of molecule in mix (E_COSMO+dE+Mu)    :   -215743.43271 kcal/mol
 Total mean interaction energy in the mix          :        -8.76255 kcal/mol
 Misfit interaction energy in the mix              :         2.23089 kcal/mol
 H-Bond interaction energy in the mix              :        -5.31989 kcal/mol
 VdW interaction energy in the mix                 :       -13.92540 kcal/mol
 Gas liquid transition energy in the mix (H_glt)   :         8.25184 kcal/mol
 Normalized weight factor of molecule in compound  :         0.14461
 Normalized weight factor of molecule in gas phase :         0.02069




 Results for mixture 31 - LIQ_EX Phase 1 Iteration   15
 ----------------------
 Temperature          :    313.150 K
 Compound Nr.         :         1         2         3
 Compound             :       h2o 3-hexanol lacticaci
 Mole Fraction        :    0.9966    0.0020    0.0014

 Compound: 1  (h2o)
 Chemical potential of the compound in the mixture :         3.46921 kcal/mol
 Log10(partial pressure [mbar])                    :         1.52868
 Free energy of molecule in mix (E_COSMO+dE+Mu)    :    -47989.78406 kcal/mol
 Total mean interaction energy in the mix (H_int)  :        -5.54664 kcal/mol
 Misfit interaction energy in the mix (H_MF)       :         0.59076 kcal/mol
 H-Bond interaction energy in the mix (H_HB)       :        -4.72848 kcal/mol
 VdW interaction energy in the mix (H_vdW)         :        -4.34097 kcal/mol
 Gas liquid transition energy in the mix (H_glt)   :         2.93205 kcal/mol

 Compound: 2  (3-hexanol)
 Chemical potential of the compound in the mixture :         4.15799 kcal/mol
 Log10(partial pressure [mbar])                    :         3.57487
 Free energy of molecule in mix (E_COSMO+dE+Mu)    :   -196065.37889 kcal/mol
 Total mean interaction energy in the mix (H_int)  :        -8.97777 kcal/mol
 Misfit interaction energy in the mix (H_MF)       :         2.45570 kcal/mol
 H-Bond interaction energy in the mix (H_HB)       :        -4.00806 kcal/mol
 VdW interaction energy in the mix (H_vdW)         :       -18.39061 kcal/mol
 Gas liquid transition energy in the mix (H_glt)   :        10.91712 kcal/mol

 Compound: 3  (lacticacid)
 Chemical potential of the compound in the mixture :         4.44258 kcal/mol
 Log10(partial pressure [mbar])                    :        -0.80179
 Free energy of molecule in mix (E_COSMO+dE+Mu)    :   -215744.23756 kcal/mol
 Total mean interaction energy in the mix (H_int)  :        -7.86046 kcal/mol
 Misfit interaction energy in the mix (H_MF)       :         1.99306 kcal/mol
 H-Bond interaction energy in the mix (H_HB)       :        -7.02640 kcal/mol
 VdW interaction energy in the mix (H_vdW)         :       -13.28872 kcal/mol
 Gas liquid transition energy in the mix (H_glt)   :         8.25184 kcal/mol



 Compound: 1 Conformer: 1 (h2o_c0)
 Chemical potential of the molecule in the mixture :         3.46921 kcal/mol
 Log10(partial pressure [mbar])                    :         1.52868
 Free energy of molecule in mix (E_COSMO+dE+Mu)    :    -47989.78406 kcal/mol
 Total mean interaction energy in the mix          :        -5.54664 kcal/mol
 Misfit interaction energy in the mix              :         0.59076 kcal/mol
 H-Bond interaction energy in the mix              :        -4.72848 kcal/mol
 VdW interaction energy in the mix                 :        -4.34097 kcal/mol
 Gas liquid transition energy in the mix (H_glt)   :         2.93205 kcal/mol
 Normalized weight factor of molecule in compound  :         1.00000
 Normalized weight factor of molecule in gas phase :         1.00000

 Compound: 2 Conformer: 1 (3-hexanol_c0)
 Chemical potential of the molecule in the mixture :         5.50230 kcal/mol
 Log10(partial pressure [mbar])                    :         3.87901
 Free energy of molecule in mix (E_COSMO+dE+Mu)    :   -196064.03119 kcal/mol
 Total mean interaction energy in the mix          :        -8.79796 kcal/mol
 Misfit interaction energy in the mix              :         2.43185 kcal/mol
 H-Bond interaction energy in the mix              :        -3.71764 kcal/mol
 VdW interaction energy in the mix                 :       -18.42929 kcal/mol
 Gas liquid transition energy in the mix (H_glt)   :        10.91712 kcal/mol
 Normalized weight factor of molecule in compound  :         0.11467
 Normalized weight factor of molecule in gas phase :         0.19950

 Compound: 2 Conformer: 2 (3-hexanol_c1)
 Chemical potential of the molecule in the mixture :         5.46649 kcal/mol
 Log10(partial pressure [mbar])                    :         3.84495
 Free energy of molecule in mix (E_COSMO+dE+Mu)    :   -196064.06980 kcal/mol
 Total mean interaction energy in the mix          :        -8.81567 kcal/mol
 Misfit interaction energy in the mix              :         2.44555 kcal/mol
 H-Bond interaction energy in the mix              :        -3.75667 kcal/mol
 VdW interaction energy in the mix                 :       -18.42167 kcal/mol
 Gas liquid transition energy in the mix (H_glt)   :        10.91712 kcal/mol
 Normalized weight factor of molecule in compound  :         0.12201
 Normalized weight factor of molecule in gas phase :         0.20228

 Compound: 2 Conformer: 3 (3-hexanol_c2)
 Chemical potential of the molecule in the mixture :         5.60301 kcal/mol
 Log10(partial pressure [mbar])                    :         3.86226
 Free energy of molecule in mix (E_COSMO+dE+Mu)    :   -196063.93387 kcal/mol
 Total mean interaction energy in the mix          :        -8.79520 kcal/mol
 Misfit interaction energy in the mix              :         2.49245 kcal/mol
 H-Bond interaction energy in the mix              :        -3.75806 kcal/mol
 VdW interaction energy in the mix                 :       -18.44671 kcal/mol
 Gas liquid transition energy in the mix (H_glt)   :        10.91712 kcal/mol
 Normalized weight factor of molecule in compound  :         0.09807
 Normalized weight factor of molecule in gas phase :         0.18514

 Compound: 2 Conformer: 4 (3-hexanol_c3)
 Chemical potential of the molecule in the mixture :         5.17287 kcal/mol
 Log10(partial pressure [mbar])                    :         3.43118
 Free energy of molecule in mix (E_COSMO+dE+Mu)    :   -196064.29423 kcal/mol
 Total mean interaction energy in the mix          :        -9.13740 kcal/mol
 Misfit interaction energy in the mix              :         2.43733 kcal/mol
 H-Bond interaction energy in the mix              :        -4.06238 kcal/mol
 VdW interaction energy in the mix                 :       -18.42947 kcal/mol
 Gas liquid transition energy in the mix (H_glt)   :        10.91712 kcal/mol
 Normalized weight factor of molecule in compound  :         0.17499
 Normalized weight factor of molecule in gas phase :         0.11754

 Compound: 2 Conformer: 5 (3-hexanol_c4)
 Chemical potential of the molecule in the mixture :         5.26033 kcal/mol
 Log10(partial pressure [mbar])                    :         3.45877
 Free energy of molecule in mix (E_COSMO+dE+Mu)    :   -196064.26013 kcal/mol
 Total mean interaction energy in the mix          :        -9.16787 kcal/mol
 Misfit interaction energy in the mix              :         2.45653 kcal/mol
 H-Bond interaction energy in the mix              :        -4.23006 kcal/mol
 VdW interaction energy in the mix                 :       -18.31146 kcal/mol
 Gas liquid transition energy in the mix (H_glt)   :        10.91712 kcal/mol
 Normalized weight factor of molecule in compound  :         0.16566
 Normalized weight factor of molecule in gas phase :         0.10269

 Compound: 2 Conformer: 6 (3-hexanol_c5)
 Chemical potential of the molecule in the mixture :         5.20756 kcal/mol
 Log10(partial pressure [mbar])                    :         3.44550
 Free energy of molecule in mix (E_COSMO+dE+Mu)    :   -196064.16881 kcal/mol
 Total mean interaction energy in the mix          :        -9.08602 kcal/mol
 Misfit interaction energy in the mix              :         2.46361 kcal/mol
 H-Bond interaction energy in the mix              :        -4.04625 kcal/mol
 VdW interaction energy in the mix                 :       -18.42050 kcal/mol
 Gas liquid transition energy in the mix (H_glt)   :        10.91712 kcal/mol
 Normalized weight factor of molecule in compound  :         0.14305
 Normalized weight factor of molecule in gas phase :         0.10123

 Compound: 2 Conformer: 7 (3-hexanol_c6)
 Chemical potential of the molecule in the mixture :         5.16617 kcal/mol
 Log10(partial pressure [mbar])                    :         3.37602
 Free energy of molecule in mix (E_COSMO+dE+Mu)    :   -196064.31711 kcal/mol
 Total mean interaction energy in the mix          :        -9.15115 kcal/mol
 Misfit interaction energy in the mix              :         2.46844 kcal/mol
 H-Bond interaction energy in the mix              :        -4.21049 kcal/mol
 VdW interaction energy in the mix                 :       -18.32622 kcal/mol
 Gas liquid transition energy in the mix (H_glt)   :        10.91712 kcal/mol
 Normalized weight factor of molecule in compound  :         0.18155
 Normalized weight factor of molecule in gas phase :         0.09163

 Compound: 3 Conformer: 1 (lacticacid_c0)
 Chemical potential of the molecule in the mixture :         6.39185 kcal/mol
 Log10(partial pressure [mbar])                    :        -0.57940
 Free energy of molecule in mix (E_COSMO+dE+Mu)    :   -215742.28829 kcal/mol
 Total mean interaction energy in the mix          :        -7.35050 kcal/mol
 Misfit interaction energy in the mix              :         2.02906 kcal/mol
 H-Bond interaction energy in the mix              :        -4.39356 kcal/mol
 VdW interaction energy in the mix                 :       -13.23785 kcal/mol
 Gas liquid transition energy in the mix (H_glt)   :         8.25184 kcal/mol
 Normalized weight factor of molecule in compound  :         0.04361
 Normalized weight factor of molecule in gas phase :         0.00603

 Compound: 3 Conformer: 2 (lacticacid_c1)
 Chemical potential of the molecule in the mixture :         6.51391 kcal/mol
 Log10(partial pressure [mbar])                    :        -0.10383
 Free energy of molecule in mix (E_COSMO+dE+Mu)    :   -215741.98474 kcal/mol
 Total mean interaction energy in the mix          :        -6.91494 kcal/mol
 Misfit interaction energy in the mix              :         2.13701 kcal/mol
 H-Bond interaction energy in the mix              :        -4.08887 kcal/mol
 VdW interaction energy in the mix                 :       -13.21492 kcal/mol
 Gas liquid transition energy in the mix (H_glt)   :         8.25184 kcal/mol
 Normalized weight factor of molecule in compound  :         0.02678
 Normalized weight factor of molecule in gas phase :         0.01137

 Compound: 3 Conformer: 3 (lacticacid_c2)
 Chemical potential of the molecule in the mixture :         4.66592 kcal/mol
 Log10(partial pressure [mbar])                    :         0.58234
 Free energy of molecule in mix (E_COSMO+dE+Mu)    :   -215742.94055 kcal/mol
 Total mean interaction energy in the mix          :        -8.01889 kcal/mol
 Misfit interaction energy in the mix              :         2.06909 kcal/mol
 H-Bond interaction energy in the mix              :        -5.03972 kcal/mol
 VdW interaction energy in the mix                 :       -13.30010 kcal/mol
 Gas liquid transition energy in the mix (H_glt)   :         8.25184 kcal/mol
 Normalized weight factor of molecule in compound  :         0.12440
 Normalized weight factor of molecule in gas phase :         0.93300

 Compound: 3 Conformer: 4 (lacticacid_c3)
 Chemical potential of the molecule in the mixture :         2.91494 kcal/mol
 Log10(partial pressure [mbar])                    :        -1.67630
 Free energy of molecule in mix (E_COSMO+dE+Mu)    :   -215743.27049 kcal/mol
 Total mean interaction energy in the mix          :       -10.13075 kcal/mol
 Misfit interaction energy in the mix              :         1.99046 kcal/mol
 H-Bond interaction energy in the mix              :        -7.09662 kcal/mol
 VdW interaction energy in the mix                 :       -13.27643 kcal/mol
 Gas liquid transition energy in the mix (H_glt)   :         8.25184 kcal/mol
 Normalized weight factor of molecule in compound  :         0.21139
 Normalized weight factor of molecule in gas phase :         0.02822

 Compound: 3 Conformer: 5 (lacticacid_c4)
 Chemical potential of the molecule in the mixture :         2.40399 kcal/mol
 Log10(partial pressure [mbar])                    :        -3.59363
 Free energy of molecule in mix (E_COSMO+dE+Mu)    :   -215743.69484 kcal/mol
 Total mean interaction energy in the mix          :       -11.07882 kcal/mol
 Misfit interaction energy in the mix              :         1.97005 kcal/mol
 H-Bond interaction energy in the mix              :        -8.00302 kcal/mol
 VdW interaction energy in the mix                 :       -13.29768 kcal/mol
 Gas liquid transition energy in the mix (H_glt)   :         8.25184 kcal/mol
 Normalized weight factor of molecule in compound  :         0.41806
 Normalized weight factor of molecule in gas phase :         0.00067

 Compound: 3 Conformer: 6 (lacticacid_c5)
 Chemical potential of the molecule in the mixture :         2.87987 kcal/mol
 Log10(partial pressure [mbar])                    :        -1.73042
 Free energy of molecule in mix (E_COSMO+dE+Mu)    :   -215743.15560 kcal/mol
 Total mean interaction energy in the mix          :       -10.20583 kcal/mol
 Misfit interaction energy in the mix              :         1.96625 kcal/mol
 H-Bond interaction energy in the mix              :        -7.12594 kcal/mol
 VdW interaction energy in the mix                 :       -13.29798 kcal/mol
 Gas liquid transition energy in the mix (H_glt)   :         8.25184 kcal/mol
 Normalized weight factor of molecule in compound  :         0.17575
 Normalized weight factor of molecule in gas phase :         0.02069




 Results for mixture 32 - LIQ_EX Phase 2 Iteration   15
 ----------------------
 Temperature          :    313.150 K
 Compound Nr.         :         1         2         3
 Compound             :       h2o 3-hexanol lacticaci
 Mole Fraction        :    0.3438    0.6536    0.0026

 Compound: 1  (h2o)
 Chemical potential of the compound in the mixture :         4.13094 kcal/mol
 Log10(partial pressure [mbar])                    :         1.99049
 Free energy of molecule in mix (E_COSMO+dE+Mu)    :    -47989.12234 kcal/mol
 Total mean interaction energy in the mix (H_int)  :        -5.29643 kcal/mol
 Misfit interaction energy in the mix (H_MF)       :         0.90027 kcal/mol
 H-Bond interaction energy in the mix (H_HB)       :        -4.55678 kcal/mol
 VdW interaction energy in the mix (H_vdW)         :        -4.57198 kcal/mol
 Gas liquid transition energy in the mix (H_glt)   :         2.93205 kcal/mol
 Equilibrium constant Kx(1,2)                      :         2.89610
 Equilibrium concentration x_k(1,2)                :         0.74333

 Compound: 2  (3-hexanol)
 Chemical potential of the compound in the mixture :         0.54598 kcal/mol
 Log10(partial pressure [mbar])                    :         1.05407
 Free energy of molecule in mix (E_COSMO+dE+Mu)    :   -196068.99090 kcal/mol
 Total mean interaction energy in the mix (H_int)  :        -8.59864 kcal/mol
 Misfit interaction energy in the mix (H_MF)       :         2.20801 kcal/mol
 H-Bond interaction energy in the mix (H_HB)       :        -2.77866 kcal/mol
 VdW interaction energy in the mix (H_vdW)         :       -18.99622 kcal/mol
 Gas liquid transition energy in the mix (H_glt)   :        10.91712 kcal/mol
 Equilibrium constant Kx(1,2)                      :  3.01439262E-03
 Equilibrium concentration x_k(1,2)                :         0.00301

 Compound: 3  (lacticacid)
 Chemical potential of the compound in the mixture :         4.04383 kcal/mol
 Log10(partial pressure [mbar])                    :        -1.08009
 Free energy of molecule in mix (E_COSMO+dE+Mu)    :   -215744.63632 kcal/mol
 Total mean interaction energy in the mix (H_int)  :        -6.23260 kcal/mol
 Misfit interaction energy in the mix (H_MF)       :         2.27953 kcal/mol
 H-Bond interaction energy in the mix (H_HB)       :        -4.46862 kcal/mol
 VdW interaction energy in the mix (H_vdW)         :       -13.91589 kcal/mol
 Gas liquid transition energy in the mix (H_glt)   :         8.25184 kcal/mol
 Equilibrium constant Kx(1,2)                      :         0.52688
 Equilibrium concentration x_k(1,2)                :         0.34507



 Compound: 1 Conformer: 1 (h2o_c0)
 Chemical potential of the molecule in the mixture :         4.13094 kcal/mol
 Log10(partial pressure [mbar])                    :         1.99049
 Free energy of molecule in mix (E_COSMO+dE+Mu)    :    -47989.12234 kcal/mol
 Total mean interaction energy in the mix          :        -5.29643 kcal/mol
 Misfit interaction energy in the mix              :         0.90027 kcal/mol
 H-Bond interaction energy in the mix              :        -4.55678 kcal/mol
 VdW interaction energy in the mix                 :        -4.57198 kcal/mol
 Gas liquid transition energy in the mix (H_glt)   :         2.93205 kcal/mol
 Normalized weight factor of molecule in compound  :         1.00000
 Normalized weight factor of molecule in gas phase :         1.00000

 Compound: 2 Conformer: 1 (3-hexanol_c0)
 Chemical potential of the molecule in the mixture :         1.79724 kcal/mol
 Log10(partial pressure [mbar])                    :         1.29327
 Free energy of molecule in mix (E_COSMO+dE+Mu)    :   -196067.73625 kcal/mol
 Total mean interaction energy in the mix          :        -8.37019 kcal/mol
 Misfit interaction energy in the mix              :         2.21459 kcal/mol
 H-Bond interaction energy in the mix              :        -2.48981 kcal/mol
 VdW interaction energy in the mix                 :       -19.01209 kcal/mol
 Gas liquid transition energy in the mix (H_glt)   :        10.91712 kcal/mol
 Normalized weight factor of molecule in compound  :         0.13316
 Normalized weight factor of molecule in gas phase :         0.19950

 Compound: 2 Conformer: 2 (3-hexanol_c1)
 Chemical potential of the molecule in the mixture :         1.79461 kcal/mol
 Log10(partial pressure [mbar])                    :         1.28237
 Free energy of molecule in mix (E_COSMO+dE+Mu)    :   -196067.74168 kcal/mol
 Total mean interaction energy in the mix          :        -8.36929 kcal/mol
 Misfit interaction energy in the mix              :         2.22982 kcal/mol
 H-Bond interaction energy in the mix              :        -2.50885 kcal/mol
 VdW interaction energy in the mix                 :       -19.00739 kcal/mol
 Gas liquid transition energy in the mix (H_glt)   :        10.91712 kcal/mol
 Normalized weight factor of molecule in compound  :         0.13433
 Normalized weight factor of molecule in gas phase :         0.20228

 Compound: 2 Conformer: 3 (3-hexanol_c2)
 Chemical potential of the molecule in the mixture :         1.72963 kcal/mol
 Log10(partial pressure [mbar])                    :         1.15905
 Free energy of molecule in mix (E_COSMO+dE+Mu)    :   -196067.80725 kcal/mol
 Total mean interaction energy in the mix          :        -8.38737 kcal/mol
 Misfit interaction energy in the mix              :         2.17469 kcal/mol
 H-Bond interaction energy in the mix              :        -2.45265 kcal/mol
 VdW interaction energy in the mix                 :       -19.02653 kcal/mol
 Gas liquid transition energy in the mix (H_glt)   :        10.91712 kcal/mol
 Normalized weight factor of molecule in compound  :         0.14926
 Normalized weight factor of molecule in gas phase :         0.18514

 Compound: 2 Conformer: 4 (3-hexanol_c3)
 Chemical potential of the molecule in the mixture :         1.43064 kcal/mol
 Log10(partial pressure [mbar])                    :         0.81949
 Free energy of molecule in mix (E_COSMO+dE+Mu)    :   -196068.03646 kcal/mol
 Total mean interaction energy in the mix          :        -8.99566 kcal/mol
 Misfit interaction energy in the mix              :         2.15093 kcal/mol
 H-Bond interaction energy in the mix              :        -3.04268 kcal/mol
 VdW interaction energy in the mix                 :       -19.02103 kcal/mol
 Gas liquid transition energy in the mix (H_glt)   :        10.91712 kcal/mol
 Normalized weight factor of molecule in compound  :         0.21573
 Normalized weight factor of molecule in gas phase :         0.11754

 Compound: 2 Conformer: 5 (3-hexanol_c4)
 Chemical potential of the molecule in the mixture :         2.02207 kcal/mol
 Log10(partial pressure [mbar])                    :         1.19881
 Free energy of molecule in mix (E_COSMO+dE+Mu)    :   -196067.49838 kcal/mol
 Total mean interaction energy in the mix          :        -8.52910 kcal/mol
 Misfit interaction energy in the mix              :         2.32523 kcal/mol
 H-Bond interaction energy in the mix              :        -2.86895 kcal/mol
 VdW interaction energy in the mix                 :       -18.90250 kcal/mol
 Gas liquid transition energy in the mix (H_glt)   :        10.91712 kcal/mol
 Normalized weight factor of molecule in compound  :         0.09086
 Normalized weight factor of molecule in gas phase :         0.10269

 Compound: 2 Conformer: 6 (3-hexanol_c5)
 Chemical potential of the molecule in the mixture :         1.45382 kcal/mol
 Log10(partial pressure [mbar])                    :         0.82578
 Free energy of molecule in mix (E_COSMO+dE+Mu)    :   -196067.92255 kcal/mol
 Total mean interaction energy in the mix          :        -8.94194 kcal/mol
 Misfit interaction energy in the mix              :         2.16790 kcal/mol
 H-Bond interaction energy in the mix              :        -3.01469 kcal/mol
 VdW interaction energy in the mix                 :       -19.01226 kcal/mol
 Gas liquid transition energy in the mix (H_glt)   :        10.91712 kcal/mol
 Normalized weight factor of molecule in compound  :         0.17964
 Normalized weight factor of molecule in gas phase :         0.10123

 Compound: 2 Conformer: 7 (3-hexanol_c6)
 Chemical potential of the molecule in the mixture :         1.94410 kcal/mol
 Log10(partial pressure [mbar])                    :         1.12735
 Free energy of molecule in mix (E_COSMO+dE+Mu)    :   -196067.53918 kcal/mol
 Total mean interaction energy in the mix          :        -8.62829 kcal/mol
 Misfit interaction energy in the mix              :         2.31147 kcal/mol
 H-Bond interaction energy in the mix              :        -2.94164 kcal/mol
 VdW interaction energy in the mix                 :       -18.91525 kcal/mol
 Gas liquid transition energy in the mix (H_glt)   :        10.91712 kcal/mol
 Normalized weight factor of molecule in compound  :         0.09702
 Normalized weight factor of molecule in gas phase :         0.09163

 Compound: 3 Conformer: 1 (lacticacid_c0)
 Chemical potential of the molecule in the mixture :         5.74841 kcal/mol
 Log10(partial pressure [mbar])                    :        -1.02845
 Free energy of molecule in mix (E_COSMO+dE+Mu)    :   -215742.93173 kcal/mol
 Total mean interaction energy in the mix          :        -6.24331 kcal/mol
 Misfit interaction energy in the mix              :         2.60717 kcal/mol
 H-Bond interaction energy in the mix              :        -3.22082 kcal/mol
 VdW interaction energy in the mix                 :       -13.88150 kcal/mol
 Gas liquid transition energy in the mix (H_glt)   :         8.25184 kcal/mol
 Normalized weight factor of molecule in compound  :         0.06462
 Normalized weight factor of molecule in gas phase :         0.00603

 Compound: 3 Conformer: 2 (lacticacid_c1)
 Chemical potential of the molecule in the mixture :         6.11475 kcal/mol
 Log10(partial pressure [mbar])                    :        -0.38240
 Free energy of molecule in mix (E_COSMO+dE+Mu)    :   -215742.38390 kcal/mol
 Total mean interaction energy in the mix          :        -5.72672 kcal/mol
 Misfit interaction energy in the mix              :         2.68640 kcal/mol
 H-Bond interaction energy in the mix              :        -2.81992 kcal/mol
 VdW interaction energy in the mix                 :       -13.84504 kcal/mol
 Gas liquid transition energy in the mix (H_glt)   :         8.25184 kcal/mol
 Normalized weight factor of molecule in compound  :         0.02679
 Normalized weight factor of molecule in gas phase :         0.01137

 Compound: 3 Conformer: 3 (lacticacid_c2)
 Chemical potential of the molecule in the mixture :         3.42571 kcal/mol
 Log10(partial pressure [mbar])                    :        -0.28319
 Free energy of molecule in mix (E_COSMO+dE+Mu)    :   -215744.18075 kcal/mol
 Total mean interaction energy in the mix          :        -7.31506 kcal/mol
 Misfit interaction energy in the mix              :         2.17081 kcal/mol
 H-Bond interaction energy in the mix              :        -3.81551 kcal/mol
 VdW interaction energy in the mix                 :       -13.92220 kcal/mol
 Gas liquid transition energy in the mix (H_glt)   :         8.25184 kcal/mol
 Normalized weight factor of molecule in compound  :         0.48091
 Normalized weight factor of molecule in gas phase :         0.93300

 Compound: 3 Conformer: 4 (lacticacid_c3)
 Chemical potential of the molecule in the mixture :         2.69234 kcal/mol
 Log10(partial pressure [mbar])                    :        -1.83165
 Free energy of molecule in mix (E_COSMO+dE+Mu)    :   -215743.49309 kcal/mol
 Total mean interaction energy in the mix          :        -8.60137 kcal/mol
 Misfit interaction energy in the mix              :         2.26765 kcal/mol
 H-Bond interaction energy in the mix              :        -5.22320 kcal/mol
 VdW interaction energy in the mix                 :       -13.89767 kcal/mol
 Gas liquid transition energy in the mix (H_glt)   :         8.25184 kcal/mol
 Normalized weight factor of molecule in compound  :         0.15927
 Normalized weight factor of molecule in gas phase :         0.02822

 Compound: 3 Conformer: 5 (lacticacid_c4)
 Chemical potential of the molecule in the mixture :         2.76270 kcal/mol
 Log10(partial pressure [mbar])                    :        -3.34329
 Free energy of molecule in mix (E_COSMO+dE+Mu)    :   -215743.33613 kcal/mol
 Total mean interaction energy in the mix          :        -9.21828 kcal/mol
 Misfit interaction energy in the mix              :         2.51537 kcal/mol
 H-Bond interaction energy in the mix              :        -6.04829 kcal/mol
 VdW interaction energy in the mix                 :       -13.93721 kcal/mol
 Gas liquid transition energy in the mix (H_glt)   :         8.25184 kcal/mol
 Normalized weight factor of molecule in compound  :         0.12377
 Normalized weight factor of molecule in gas phase :         0.00067

 Compound: 3 Conformer: 6 (lacticacid_c5)
 Chemical potential of the molecule in the mixture :         2.60240 kcal/mol
 Log10(partial pressure [mbar])                    :        -1.92407
 Free energy of molecule in mix (E_COSMO+dE+Mu)    :   -215743.43307 kcal/mol
 Total mean interaction energy in the mix          :        -8.76331 kcal/mol
 Misfit interaction energy in the mix              :         2.23053 kcal/mol
 H-Bond interaction energy in the mix              :        -5.32041 kcal/mol
 VdW interaction energy in the mix                 :       -13.92527 kcal/mol
 Gas liquid transition energy in the mix (H_glt)   :         8.25184 kcal/mol
 Normalized weight factor of molecule in compound  :         0.14463
 Normalized weight factor of molecule in gas phase :         0.02069




 Results for mixture 33 - LIQ_EX Phase 1 Iteration   16
 ----------------------
 Temperature          :    313.150 K
 Compound Nr.         :         1         2         3
 Compound             :       h2o 3-hexanol lacticaci
 Mole Fraction        :    0.9966    0.0020    0.0014

 Compound: 1  (h2o)
 Chemical potential of the compound in the mixture :         3.46921 kcal/mol
 Log10(partial pressure [mbar])                    :         1.52868
 Free energy of molecule in mix (E_COSMO+dE+Mu)    :    -47989.78406 kcal/mol
 Total mean interaction energy in the mix (H_int)  :        -5.54663 kcal/mol
 Misfit interaction energy in the mix (H_MF)       :         0.59076 kcal/mol
 H-Bond interaction energy in the mix (H_HB)       :        -4.72848 kcal/mol
 VdW interaction energy in the mix (H_vdW)         :        -4.34097 kcal/mol
 Gas liquid transition energy in the mix (H_glt)   :         2.93205 kcal/mol

 Compound: 2  (3-hexanol)
 Chemical potential of the compound in the mixture :         4.15803 kcal/mol
 Log10(partial pressure [mbar])                    :         3.57490
 Free energy of molecule in mix (E_COSMO+dE+Mu)    :   -196065.37885 kcal/mol
 Total mean interaction energy in the mix (H_int)  :        -8.97777 kcal/mol
 Misfit interaction energy in the mix (H_MF)       :         2.45569 kcal/mol
 H-Bond interaction energy in the mix (H_HB)       :        -4.00807 kcal/mol
 VdW interaction energy in the mix (H_vdW)         :       -18.39061 kcal/mol
 Gas liquid transition energy in the mix (H_glt)   :        10.91712 kcal/mol

 Compound: 3  (lacticacid)
 Chemical potential of the compound in the mixture :         4.44260 kcal/mol
 Log10(partial pressure [mbar])                    :        -0.80178
 Free energy of molecule in mix (E_COSMO+dE+Mu)    :   -215744.23754 kcal/mol
 Total mean interaction energy in the mix (H_int)  :        -7.86047 kcal/mol
 Misfit interaction energy in the mix (H_MF)       :         1.99305 kcal/mol
 H-Bond interaction energy in the mix (H_HB)       :        -7.02641 kcal/mol
 VdW interaction energy in the mix (H_vdW)         :       -13.28871 kcal/mol
 Gas liquid transition energy in the mix (H_glt)   :         8.25184 kcal/mol



 Compound: 1 Conformer: 1 (h2o_c0)
 Chemical potential of the molecule in the mixture :         3.46921 kcal/mol
 Log10(partial pressure [mbar])                    :         1.52868
 Free energy of molecule in mix (E_COSMO+dE+Mu)    :    -47989.78406 kcal/mol
 Total mean interaction energy in the mix          :        -5.54663 kcal/mol
 Misfit interaction energy in the mix              :         0.59076 kcal/mol
 H-Bond interaction energy in the mix              :        -4.72848 kcal/mol
 VdW interaction energy in the mix                 :        -4.34097 kcal/mol
 Gas liquid transition energy in the mix (H_glt)   :         2.93205 kcal/mol
 Normalized weight factor of molecule in compound  :         1.00000
 Normalized weight factor of molecule in gas phase :         1.00000

 Compound: 2 Conformer: 1 (3-hexanol_c0)
 Chemical potential of the molecule in the mixture :         5.50234 kcal/mol
 Log10(partial pressure [mbar])                    :         3.87904
 Free energy of molecule in mix (E_COSMO+dE+Mu)    :   -196064.03115 kcal/mol
 Total mean interaction energy in the mix          :        -8.79797 kcal/mol
 Misfit interaction energy in the mix              :         2.43184 kcal/mol
 H-Bond interaction energy in the mix              :        -3.71764 kcal/mol
 VdW interaction energy in the mix                 :       -18.42929 kcal/mol
 Gas liquid transition energy in the mix (H_glt)   :        10.91712 kcal/mol
 Normalized weight factor of molecule in compound  :         0.11467
 Normalized weight factor of molecule in gas phase :         0.19950

 Compound: 2 Conformer: 2 (3-hexanol_c1)
 Chemical potential of the molecule in the mixture :         5.46653 kcal/mol
 Log10(partial pressure [mbar])                    :         3.84498
 Free energy of molecule in mix (E_COSMO+dE+Mu)    :   -196064.06976 kcal/mol
 Total mean interaction energy in the mix          :        -8.81567 kcal/mol
 Misfit interaction energy in the mix              :         2.44554 kcal/mol
 H-Bond interaction energy in the mix              :        -3.75667 kcal/mol
 VdW interaction energy in the mix                 :       -18.42166 kcal/mol
 Gas liquid transition energy in the mix (H_glt)   :        10.91712 kcal/mol
 Normalized weight factor of molecule in compound  :         0.12201
 Normalized weight factor of molecule in gas phase :         0.20228

 Compound: 2 Conformer: 3 (3-hexanol_c2)
 Chemical potential of the molecule in the mixture :         5.60306 kcal/mol
 Log10(partial pressure [mbar])                    :         3.86229
 Free energy of molecule in mix (E_COSMO+dE+Mu)    :   -196063.93382 kcal/mol
 Total mean interaction energy in the mix          :        -8.79520 kcal/mol
 Misfit interaction energy in the mix              :         2.49245 kcal/mol
 H-Bond interaction energy in the mix              :        -3.75806 kcal/mol
 VdW interaction energy in the mix                 :       -18.44671 kcal/mol
 Gas liquid transition energy in the mix (H_glt)   :        10.91712 kcal/mol
 Normalized weight factor of molecule in compound  :         0.09807
 Normalized weight factor of molecule in gas phase :         0.18514

 Compound: 2 Conformer: 4 (3-hexanol_c3)
 Chemical potential of the molecule in the mixture :         5.17292 kcal/mol
 Log10(partial pressure [mbar])                    :         3.43121
 Free energy of molecule in mix (E_COSMO+dE+Mu)    :   -196064.29419 kcal/mol
 Total mean interaction energy in the mix          :        -9.13741 kcal/mol
 Misfit interaction energy in the mix              :         2.43732 kcal/mol
 H-Bond interaction energy in the mix              :        -4.06238 kcal/mol
 VdW interaction energy in the mix                 :       -18.42946 kcal/mol
 Gas liquid transition energy in the mix (H_glt)   :        10.91712 kcal/mol
 Normalized weight factor of molecule in compound  :         0.17499
 Normalized weight factor of molecule in gas phase :         0.11754

 Compound: 2 Conformer: 5 (3-hexanol_c4)
 Chemical potential of the molecule in the mixture :         5.26037 kcal/mol
 Log10(partial pressure [mbar])                    :         3.45880
 Free energy of molecule in mix (E_COSMO+dE+Mu)    :   -196064.26008 kcal/mol
 Total mean interaction energy in the mix          :        -9.16788 kcal/mol
 Misfit interaction energy in the mix              :         2.45652 kcal/mol
 H-Bond interaction energy in the mix              :        -4.23006 kcal/mol
 VdW interaction energy in the mix                 :       -18.31146 kcal/mol
 Gas liquid transition energy in the mix (H_glt)   :        10.91712 kcal/mol
 Normalized weight factor of molecule in compound  :         0.16566
 Normalized weight factor of molecule in gas phase :         0.10269

 Compound: 2 Conformer: 6 (3-hexanol_c5)
 Chemical potential of the molecule in the mixture :         5.20760 kcal/mol
 Log10(partial pressure [mbar])                    :         3.44553
 Free energy of molecule in mix (E_COSMO+dE+Mu)    :   -196064.16877 kcal/mol
 Total mean interaction energy in the mix          :        -9.08602 kcal/mol
 Misfit interaction energy in the mix              :         2.46360 kcal/mol
 H-Bond interaction energy in the mix              :        -4.04625 kcal/mol
 VdW interaction energy in the mix                 :       -18.42049 kcal/mol
 Gas liquid transition energy in the mix (H_glt)   :        10.91712 kcal/mol
 Normalized weight factor of molecule in compound  :         0.14305
 Normalized weight factor of molecule in gas phase :         0.10123

 Compound: 2 Conformer: 7 (3-hexanol_c6)
 Chemical potential of the molecule in the mixture :         5.16621 kcal/mol
 Log10(partial pressure [mbar])                    :         3.37605
 Free energy of molecule in mix (E_COSMO+dE+Mu)    :   -196064.31706 kcal/mol
 Total mean interaction energy in the mix          :        -9.15115 kcal/mol
 Misfit interaction energy in the mix              :         2.46843 kcal/mol
 H-Bond interaction energy in the mix              :        -4.21049 kcal/mol
 VdW interaction energy in the mix                 :       -18.32621 kcal/mol
 Gas liquid transition energy in the mix (H_glt)   :        10.91712 kcal/mol
 Normalized weight factor of molecule in compound  :         0.18155
 Normalized weight factor of molecule in gas phase :         0.09163

 Compound: 3 Conformer: 1 (lacticacid_c0)
 Chemical potential of the molecule in the mixture :         6.39187 kcal/mol
 Log10(partial pressure [mbar])                    :        -0.57939
 Free energy of molecule in mix (E_COSMO+dE+Mu)    :   -215742.28827 kcal/mol
 Total mean interaction energy in the mix          :        -7.35051 kcal/mol
 Misfit interaction energy in the mix              :         2.02906 kcal/mol
 H-Bond interaction energy in the mix              :        -4.39356 kcal/mol
 VdW interaction energy in the mix                 :       -13.23784 kcal/mol
 Gas liquid transition energy in the mix (H_glt)   :         8.25184 kcal/mol
 Normalized weight factor of molecule in compound  :         0.04361
 Normalized weight factor of molecule in gas phase :         0.00603

 Compound: 3 Conformer: 2 (lacticacid_c1)
 Chemical potential of the molecule in the mixture :         6.51393 kcal/mol
 Log10(partial pressure [mbar])                    :        -0.10382
 Free energy of molecule in mix (E_COSMO+dE+Mu)    :   -215741.98472 kcal/mol
 Total mean interaction energy in the mix          :        -6.91495 kcal/mol
 Misfit interaction energy in the mix              :         2.13700 kcal/mol
 H-Bond interaction energy in the mix              :        -4.08887 kcal/mol
 VdW interaction energy in the mix                 :       -13.21492 kcal/mol
 Gas liquid transition energy in the mix (H_glt)   :         8.25184 kcal/mol
 Normalized weight factor of molecule in compound  :         0.02678
 Normalized weight factor of molecule in gas phase :         0.01137

 Compound: 3 Conformer: 3 (lacticacid_c2)
 Chemical potential of the molecule in the mixture :         4.66594 kcal/mol
 Log10(partial pressure [mbar])                    :         0.58235
 Free energy of molecule in mix (E_COSMO+dE+Mu)    :   -215742.94053 kcal/mol
 Total mean interaction energy in the mix          :        -8.01889 kcal/mol
 Misfit interaction energy in the mix              :         2.06908 kcal/mol
 H-Bond interaction energy in the mix              :        -5.03972 kcal/mol
 VdW interaction energy in the mix                 :       -13.30009 kcal/mol
 Gas liquid transition energy in the mix (H_glt)   :         8.25184 kcal/mol
 Normalized weight factor of molecule in compound  :         0.12440
 Normalized weight factor of molecule in gas phase :         0.93300

 Compound: 3 Conformer: 4 (lacticacid_c3)
 Chemical potential of the molecule in the mixture :         2.91495 kcal/mol
 Log10(partial pressure [mbar])                    :        -1.67629
 Free energy of molecule in mix (E_COSMO+dE+Mu)    :   -215743.27048 kcal/mol
 Total mean interaction energy in the mix          :       -10.13076 kcal/mol
 Misfit interaction energy in the mix              :         1.99045 kcal/mol
 H-Bond interaction energy in the mix              :        -7.09663 kcal/mol
 VdW interaction energy in the mix                 :       -13.27642 kcal/mol
 Gas liquid transition energy in the mix (H_glt)   :         8.25184 kcal/mol
 Normalized weight factor of molecule in compound  :         0.21139
 Normalized weight factor of molecule in gas phase :         0.02822

 Compound: 3 Conformer: 5 (lacticacid_c4)
 Chemical potential of the molecule in the mixture :         2.40401 kcal/mol
 Log10(partial pressure [mbar])                    :        -3.59362
 Free energy of molecule in mix (E_COSMO+dE+Mu)    :   -215743.69482 kcal/mol
 Total mean interaction energy in the mix          :       -11.07882 kcal/mol
 Misfit interaction energy in the mix              :         1.97004 kcal/mol
 H-Bond interaction energy in the mix              :        -8.00303 kcal/mol
 VdW interaction energy in the mix                 :       -13.29768 kcal/mol
 Gas liquid transition energy in the mix (H_glt)   :         8.25184 kcal/mol
 Normalized weight factor of molecule in compound  :         0.41806
 Normalized weight factor of molecule in gas phase :         0.00067

 Compound: 3 Conformer: 6 (lacticacid_c5)
 Chemical potential of the molecule in the mixture :         2.87988 kcal/mol
 Log10(partial pressure [mbar])                    :        -1.73041
 Free energy of molecule in mix (E_COSMO+dE+Mu)    :   -215743.15558 kcal/mol
 Total mean interaction energy in the mix          :       -10.20584 kcal/mol
 Misfit interaction energy in the mix              :         1.96624 kcal/mol
 H-Bond interaction energy in the mix              :        -7.12595 kcal/mol
 VdW interaction energy in the mix                 :       -13.29797 kcal/mol
 Gas liquid transition energy in the mix (H_glt)   :         8.25184 kcal/mol
 Normalized weight factor of molecule in compound  :         0.17575
 Normalized weight factor of molecule in gas phase :         0.02069




 Results for mixture 34 - LIQ_EX Phase 2 Iteration   16
 ----------------------
 Temperature          :    313.150 K
 Compound Nr.         :         1         2         3
 Compound             :       h2o 3-hexanol lacticaci
 Mole Fraction        :    0.3439    0.6534    0.0026

 Compound: 1  (h2o)
 Chemical potential of the compound in the mixture :         4.13083 kcal/mol
 Log10(partial pressure [mbar])                    :         1.99042
 Free energy of molecule in mix (E_COSMO+dE+Mu)    :    -47989.12244 kcal/mol
 Total mean interaction energy in the mix (H_int)  :        -5.29667 kcal/mol
 Misfit interaction energy in the mix (H_MF)       :         0.90003 kcal/mol
 H-Bond interaction energy in the mix (H_HB)       :        -4.55682 kcal/mol
 VdW interaction energy in the mix (H_vdW)         :        -4.57193 kcal/mol
 Gas liquid transition energy in the mix (H_glt)   :         2.93205 kcal/mol
 Equilibrium constant Kx(1,2)                      :         2.89561
 Equilibrium concentration x_k(1,2)                :         0.74330

 Compound: 2  (3-hexanol)
 Chemical potential of the compound in the mixture :         0.54604 kcal/mol
 Log10(partial pressure [mbar])                    :         1.05411
 Free energy of molecule in mix (E_COSMO+dE+Mu)    :   -196068.99084 kcal/mol
 Total mean interaction energy in the mix (H_int)  :        -8.59875 kcal/mol
 Misfit interaction energy in the mix (H_MF)       :         2.20818 kcal/mol
 H-Bond interaction energy in the mix (H_HB)       :        -2.77901 kcal/mol
 VdW interaction energy in the mix (H_vdW)         :       -18.99615 kcal/mol
 Gas liquid transition energy in the mix (H_glt)   :        10.91712 kcal/mol
 Equilibrium constant Kx(1,2)                      :  3.01446966E-03
 Equilibrium concentration x_k(1,2)                :         0.00301

 Compound: 3  (lacticacid)
 Chemical potential of the compound in the mixture :         4.04366 kcal/mol
 Log10(partial pressure [mbar])                    :        -1.08020
 Free energy of molecule in mix (E_COSMO+dE+Mu)    :   -215744.63648 kcal/mol
 Total mean interaction energy in the mix (H_int)  :        -6.23304 kcal/mol
 Misfit interaction energy in the mix (H_MF)       :         2.27935 kcal/mol
 H-Bond interaction energy in the mix (H_HB)       :        -4.46907 kcal/mol
 VdW interaction energy in the mix (H_vdW)         :       -13.91581 kcal/mol
 Gas liquid transition energy in the mix (H_glt)   :         8.25184 kcal/mol
 Equilibrium constant Kx(1,2)                      :         0.52672
 Equilibrium concentration x_k(1,2)                :         0.34500



 Compound: 1 Conformer: 1 (h2o_c0)
 Chemical potential of the molecule in the mixture :         4.13083 kcal/mol
 Log10(partial pressure [mbar])                    :         1.99042
 Free energy of molecule in mix (E_COSMO+dE+Mu)    :    -47989.12244 kcal/mol
 Total mean interaction energy in the mix          :        -5.29667 kcal/mol
 Misfit interaction energy in the mix              :         0.90003 kcal/mol
 H-Bond interaction energy in the mix              :        -4.55682 kcal/mol
 VdW interaction energy in the mix                 :        -4.57193 kcal/mol
 Gas liquid transition energy in the mix (H_glt)   :         2.93205 kcal/mol
 Normalized weight factor of molecule in compound  :         1.00000
 Normalized weight factor of molecule in gas phase :         1.00000

 Compound: 2 Conformer: 1 (3-hexanol_c0)
 Chemical potential of the molecule in the mixture :         1.79730 kcal/mol
 Log10(partial pressure [mbar])                    :         1.29331
 Free energy of molecule in mix (E_COSMO+dE+Mu)    :   -196067.73619 kcal/mol
 Total mean interaction energy in the mix          :        -8.37029 kcal/mol
 Misfit interaction energy in the mix              :         2.21476 kcal/mol
 H-Bond interaction energy in the mix              :        -2.49014 kcal/mol
 VdW interaction energy in the mix                 :       -19.01203 kcal/mol
 Gas liquid transition energy in the mix (H_glt)   :        10.91712 kcal/mol
 Normalized weight factor of molecule in compound  :         0.13316
 Normalized weight factor of molecule in gas phase :         0.19950

 Compound: 2 Conformer: 2 (3-hexanol_c1)
 Chemical potential of the molecule in the mixture :         1.79466 kcal/mol
 Log10(partial pressure [mbar])                    :         1.28241
 Free energy of molecule in mix (E_COSMO+dE+Mu)    :   -196067.74163 kcal/mol
 Total mean interaction energy in the mix          :        -8.36940 kcal/mol
 Misfit interaction energy in the mix              :         2.22999 kcal/mol
 H-Bond interaction energy in the mix              :        -2.50919 kcal/mol
 VdW interaction energy in the mix                 :       -19.00732 kcal/mol
 Gas liquid transition energy in the mix (H_glt)   :        10.91712 kcal/mol
 Normalized weight factor of molecule in compound  :         0.13433
 Normalized weight factor of molecule in gas phase :         0.20228

 Compound: 2 Conformer: 3 (3-hexanol_c2)
 Chemical potential of the molecule in the mixture :         1.72973 kcal/mol
 Log10(partial pressure [mbar])                    :         1.15912
 Free energy of molecule in mix (E_COSMO+dE+Mu)    :   -196067.80715 kcal/mol
 Total mean interaction energy in the mix          :        -8.38752 kcal/mol
 Misfit interaction energy in the mix              :         2.17483 kcal/mol
 H-Bond interaction energy in the mix              :        -2.45301 kcal/mol
 VdW interaction energy in the mix                 :       -19.02646 kcal/mol
 Gas liquid transition energy in the mix (H_glt)   :        10.91712 kcal/mol
 Normalized weight factor of molecule in compound  :         0.14925
 Normalized weight factor of molecule in gas phase :         0.18514

 Compound: 2 Conformer: 4 (3-hexanol_c3)
 Chemical potential of the molecule in the mixture :         1.43073 kcal/mol
 Log10(partial pressure [mbar])                    :         0.81956
 Free energy of molecule in mix (E_COSMO+dE+Mu)    :   -196068.03637 kcal/mol
 Total mean interaction energy in the mix          :        -8.99573 kcal/mol
 Misfit interaction energy in the mix              :         2.15108 kcal/mol
 H-Bond interaction energy in the mix              :        -3.04298 kcal/mol
 VdW interaction energy in the mix                 :       -19.02096 kcal/mol
 Gas liquid transition energy in the mix (H_glt)   :        10.91712 kcal/mol
 Normalized weight factor of molecule in compound  :         0.21571
 Normalized weight factor of molecule in gas phase :         0.11754

 Compound: 2 Conformer: 5 (3-hexanol_c4)
 Chemical potential of the molecule in the mixture :         2.02204 kcal/mol
 Log10(partial pressure [mbar])                    :         1.19879
 Free energy of molecule in mix (E_COSMO+dE+Mu)    :   -196067.49841 kcal/mol
 Total mean interaction energy in the mix          :        -8.52930 kcal/mol
 Misfit interaction energy in the mix              :         2.32541 kcal/mol
 H-Bond interaction energy in the mix              :        -2.86941 kcal/mol
 VdW interaction energy in the mix                 :       -18.90242 kcal/mol
 Gas liquid transition energy in the mix (H_glt)   :        10.91712 kcal/mol
 Normalized weight factor of molecule in compound  :         0.09087
 Normalized weight factor of molecule in gas phase :         0.10269

 Compound: 2 Conformer: 6 (3-hexanol_c5)
 Chemical potential of the molecule in the mixture :         1.45391 kcal/mol
 Log10(partial pressure [mbar])                    :         0.82585
 Free energy of molecule in mix (E_COSMO+dE+Mu)    :   -196067.92246 kcal/mol
 Total mean interaction energy in the mix          :        -8.94200 kcal/mol
 Misfit interaction energy in the mix              :         2.16805 kcal/mol
 H-Bond interaction energy in the mix              :        -3.01498 kcal/mol
 VdW interaction energy in the mix                 :       -19.01219 kcal/mol
 Gas liquid transition energy in the mix (H_glt)   :        10.91712 kcal/mol
 Normalized weight factor of molecule in compound  :         0.17963
 Normalized weight factor of molecule in gas phase :         0.10123

 Compound: 2 Conformer: 7 (3-hexanol_c6)
 Chemical potential of the molecule in the mixture :         1.94405 kcal/mol
 Log10(partial pressure [mbar])                    :         1.12732
 Free energy of molecule in mix (E_COSMO+dE+Mu)    :   -196067.53923 kcal/mol
 Total mean interaction energy in the mix          :        -8.62849 kcal/mol
 Misfit interaction energy in the mix              :         2.31166 kcal/mol
 H-Bond interaction energy in the mix              :        -2.94209 kcal/mol
 VdW interaction energy in the mix                 :       -18.91517 kcal/mol
 Gas liquid transition energy in the mix (H_glt)   :        10.91712 kcal/mol
 Normalized weight factor of molecule in compound  :         0.09703
 Normalized weight factor of molecule in gas phase :         0.09163

 Compound: 3 Conformer: 1 (lacticacid_c0)
 Chemical potential of the molecule in the mixture :         5.74825 kcal/mol
 Log10(partial pressure [mbar])                    :        -1.02856
 Free energy of molecule in mix (E_COSMO+dE+Mu)    :   -215742.93189 kcal/mol
 Total mean interaction energy in the mix          :        -6.24374 kcal/mol
 Misfit interaction energy in the mix              :         2.60687 kcal/mol
 H-Bond interaction energy in the mix              :        -3.22104 kcal/mol
 VdW interaction energy in the mix                 :       -13.88142 kcal/mol
 Gas liquid transition energy in the mix (H_glt)   :         8.25184 kcal/mol
 Normalized weight factor of molecule in compound  :         0.06462
 Normalized weight factor of molecule in gas phase :         0.00603

 Compound: 3 Conformer: 2 (lacticacid_c1)
 Chemical potential of the molecule in the mixture :         6.11452 kcal/mol
 Log10(partial pressure [mbar])                    :        -0.38256
 Free energy of molecule in mix (E_COSMO+dE+Mu)    :   -215742.38413 kcal/mol
 Total mean interaction energy in the mix          :        -5.72711 kcal/mol
 Misfit interaction energy in the mix              :         2.68616 kcal/mol
 H-Bond interaction energy in the mix              :        -2.82014 kcal/mol
 VdW interaction energy in the mix                 :       -13.84496 kcal/mol
 Gas liquid transition energy in the mix (H_glt)   :         8.25184 kcal/mol
 Normalized weight factor of molecule in compound  :         0.02680
 Normalized weight factor of molecule in gas phase :         0.01137

 Compound: 3 Conformer: 3 (lacticacid_c2)
 Chemical potential of the molecule in the mixture :         3.42564 kcal/mol
 Log10(partial pressure [mbar])                    :        -0.28324
 Free energy of molecule in mix (E_COSMO+dE+Mu)    :   -215744.18082 kcal/mol
 Total mean interaction energy in the mix          :        -7.31537 kcal/mol
 Misfit interaction energy in the mix              :         2.17067 kcal/mol
 H-Bond interaction energy in the mix              :        -3.81576 kcal/mol
 VdW interaction energy in the mix                 :       -13.92212 kcal/mol
 Gas liquid transition energy in the mix (H_glt)   :         8.25184 kcal/mol
 Normalized weight factor of molecule in compound  :         0.48083
 Normalized weight factor of molecule in gas phase :         0.93300

 Compound: 3 Conformer: 4 (lacticacid_c3)
 Chemical potential of the molecule in the mixture :         2.69208 kcal/mol
 Log10(partial pressure [mbar])                    :        -1.83183
 Free energy of molecule in mix (E_COSMO+dE+Mu)    :   -215743.49335 kcal/mol
 Total mean interaction energy in the mix          :        -8.60190 kcal/mol
 Misfit interaction energy in the mix              :         2.26743 kcal/mol
 H-Bond interaction energy in the mix              :        -5.22359 kcal/mol
 VdW interaction energy in the mix                 :       -13.89758 kcal/mol
 Gas liquid transition energy in the mix (H_glt)   :         8.25184 kcal/mol
 Normalized weight factor of molecule in compound  :         0.15930
 Normalized weight factor of molecule in gas phase :         0.02822

 Compound: 3 Conformer: 5 (lacticacid_c4)
 Chemical potential of the molecule in the mixture :         2.76236 kcal/mol
 Log10(partial pressure [mbar])                    :        -3.34353
 Free energy of molecule in mix (E_COSMO+dE+Mu)    :   -215743.33647 kcal/mol
 Total mean interaction energy in the mix          :        -9.21894 kcal/mol
 Misfit interaction energy in the mix              :         2.51512 kcal/mol
 H-Bond interaction energy in the mix              :        -6.04879 kcal/mol
 VdW interaction energy in the mix                 :       -13.93711 kcal/mol
 Gas liquid transition energy in the mix (H_glt)   :         8.25184 kcal/mol
 Normalized weight factor of molecule in compound  :         0.12380
 Normalized weight factor of molecule in gas phase :         0.00067

 Compound: 3 Conformer: 6 (lacticacid_c5)
 Chemical potential of the molecule in the mixture :         2.60216 kcal/mol
 Log10(partial pressure [mbar])                    :        -1.92424
 Free energy of molecule in mix (E_COSMO+dE+Mu)    :   -215743.43331 kcal/mol
 Total mean interaction energy in the mix          :        -8.76381 kcal/mol
 Misfit interaction energy in the mix              :         2.23029 kcal/mol
 H-Bond interaction energy in the mix              :        -5.32077 kcal/mol
 VdW interaction energy in the mix                 :       -13.92518 kcal/mol
 Gas liquid transition energy in the mix (H_glt)   :         8.25184 kcal/mol
 Normalized weight factor of molecule in compound  :         0.14465
 Normalized weight factor of molecule in gas phase :         0.02069




 Results for mixture 35 - LIQ_EX Phase 1 Iteration   17
 ----------------------
 Temperature          :    313.150 K
 Compound Nr.         :         1         2         3
 Compound             :       h2o 3-hexanol lacticaci
 Mole Fraction        :    0.9966    0.0020    0.0014

 Compound: 1  (h2o)
 Chemical potential of the compound in the mixture :         3.46921 kcal/mol
 Log10(partial pressure [mbar])                    :         1.52868
 Free energy of molecule in mix (E_COSMO+dE+Mu)    :    -47989.78406 kcal/mol
 Total mean interaction energy in the mix (H_int)  :        -5.54663 kcal/mol
 Misfit interaction energy in the mix (H_MF)       :         0.59076 kcal/mol
 H-Bond interaction energy in the mix (H_HB)       :        -4.72848 kcal/mol
 VdW interaction energy in the mix (H_vdW)         :        -4.34097 kcal/mol
 Gas liquid transition energy in the mix (H_glt)   :         2.93205 kcal/mol

 Compound: 2  (3-hexanol)
 Chemical potential of the compound in the mixture :         4.15806 kcal/mol
 Log10(partial pressure [mbar])                    :         3.57492
 Free energy of molecule in mix (E_COSMO+dE+Mu)    :   -196065.37882 kcal/mol
 Total mean interaction energy in the mix (H_int)  :        -8.97778 kcal/mol
 Misfit interaction energy in the mix (H_MF)       :         2.45569 kcal/mol
 H-Bond interaction energy in the mix (H_HB)       :        -4.00807 kcal/mol
 VdW interaction energy in the mix (H_vdW)         :       -18.39060 kcal/mol
 Gas liquid transition energy in the mix (H_glt)   :        10.91712 kcal/mol

 Compound: 3  (lacticacid)
 Chemical potential of the compound in the mixture :         4.44261 kcal/mol
 Log10(partial pressure [mbar])                    :        -0.80178
 Free energy of molecule in mix (E_COSMO+dE+Mu)    :   -215744.23753 kcal/mol
 Total mean interaction energy in the mix (H_int)  :        -7.86048 kcal/mol
 Misfit interaction energy in the mix (H_MF)       :         1.99305 kcal/mol
 H-Bond interaction energy in the mix (H_HB)       :        -7.02641 kcal/mol
 VdW interaction energy in the mix (H_vdW)         :       -13.28871 kcal/mol
 Gas liquid transition energy in the mix (H_glt)   :         8.25184 kcal/mol



 Compound: 1 Conformer: 1 (h2o_c0)
 Chemical potential of the molecule in the mixture :         3.46921 kcal/mol
 Log10(partial pressure [mbar])                    :         1.52868
 Free energy of molecule in mix (E_COSMO+dE+Mu)    :    -47989.78406 kcal/mol
 Total mean interaction energy in the mix          :        -5.54663 kcal/mol
 Misfit interaction energy in the mix              :         0.59076 kcal/mol
 H-Bond interaction energy in the mix              :        -4.72848 kcal/mol
 VdW interaction energy in the mix                 :        -4.34097 kcal/mol
 Gas liquid transition energy in the mix (H_glt)   :         2.93205 kcal/mol
 Normalized weight factor of molecule in compound  :         1.00000
 Normalized weight factor of molecule in gas phase :         1.00000

 Compound: 2 Conformer: 1 (3-hexanol_c0)
 Chemical potential of the molecule in the mixture :         5.50237 kcal/mol
 Log10(partial pressure [mbar])                    :         3.87906
 Free energy of molecule in mix (E_COSMO+dE+Mu)    :   -196064.03112 kcal/mol
 Total mean interaction energy in the mix          :        -8.79797 kcal/mol
 Misfit interaction energy in the mix              :         2.43184 kcal/mol
 H-Bond interaction energy in the mix              :        -3.71765 kcal/mol
 VdW interaction energy in the mix                 :       -18.42928 kcal/mol
 Gas liquid transition energy in the mix (H_glt)   :        10.91712 kcal/mol
 Normalized weight factor of molecule in compound  :         0.11467
 Normalized weight factor of molecule in gas phase :         0.19950

 Compound: 2 Conformer: 2 (3-hexanol_c1)
 Chemical potential of the molecule in the mixture :         5.46656 kcal/mol
 Log10(partial pressure [mbar])                    :         3.84501
 Free energy of molecule in mix (E_COSMO+dE+Mu)    :   -196064.06973 kcal/mol
 Total mean interaction energy in the mix          :        -8.81567 kcal/mol
 Misfit interaction energy in the mix              :         2.44554 kcal/mol
 H-Bond interaction energy in the mix              :        -3.75668 kcal/mol
 VdW interaction energy in the mix                 :       -18.42166 kcal/mol
 Gas liquid transition energy in the mix (H_glt)   :        10.91712 kcal/mol
 Normalized weight factor of molecule in compound  :         0.12201
 Normalized weight factor of molecule in gas phase :         0.20228

 Compound: 2 Conformer: 3 (3-hexanol_c2)
 Chemical potential of the molecule in the mixture :         5.60309 kcal/mol
 Log10(partial pressure [mbar])                    :         3.86232
 Free energy of molecule in mix (E_COSMO+dE+Mu)    :   -196063.93379 kcal/mol
 Total mean interaction energy in the mix          :        -8.79520 kcal/mol
 Misfit interaction energy in the mix              :         2.49244 kcal/mol
 H-Bond interaction energy in the mix              :        -3.75806 kcal/mol
 VdW interaction energy in the mix                 :       -18.44670 kcal/mol
 Gas liquid transition energy in the mix (H_glt)   :        10.91712 kcal/mol
 Normalized weight factor of molecule in compound  :         0.09807
 Normalized weight factor of molecule in gas phase :         0.18514

 Compound: 2 Conformer: 4 (3-hexanol_c3)
 Chemical potential of the molecule in the mixture :         5.17294 kcal/mol
 Log10(partial pressure [mbar])                    :         3.43123
 Free energy of molecule in mix (E_COSMO+dE+Mu)    :   -196064.29416 kcal/mol
 Total mean interaction energy in the mix          :        -9.13741 kcal/mol
 Misfit interaction energy in the mix              :         2.43732 kcal/mol
 H-Bond interaction energy in the mix              :        -4.06239 kcal/mol
 VdW interaction energy in the mix                 :       -18.42946 kcal/mol
 Gas liquid transition energy in the mix (H_glt)   :        10.91712 kcal/mol
 Normalized weight factor of molecule in compound  :         0.17499
 Normalized weight factor of molecule in gas phase :         0.11754

 Compound: 2 Conformer: 5 (3-hexanol_c4)
 Chemical potential of the molecule in the mixture :         5.26040 kcal/mol
 Log10(partial pressure [mbar])                    :         3.45882
 Free energy of molecule in mix (E_COSMO+dE+Mu)    :   -196064.26006 kcal/mol
 Total mean interaction energy in the mix          :        -9.16788 kcal/mol
 Misfit interaction energy in the mix              :         2.45652 kcal/mol
 H-Bond interaction energy in the mix              :        -4.23007 kcal/mol
 VdW interaction energy in the mix                 :       -18.31145 kcal/mol
 Gas liquid transition energy in the mix (H_glt)   :        10.91712 kcal/mol
 Normalized weight factor of molecule in compound  :         0.16566
 Normalized weight factor of molecule in gas phase :         0.10269

 Compound: 2 Conformer: 6 (3-hexanol_c5)
 Chemical potential of the molecule in the mixture :         5.20763 kcal/mol
 Log10(partial pressure [mbar])                    :         3.44555
 Free energy of molecule in mix (E_COSMO+dE+Mu)    :   -196064.16874 kcal/mol
 Total mean interaction energy in the mix          :        -9.08602 kcal/mol
 Misfit interaction energy in the mix              :         2.46360 kcal/mol
 H-Bond interaction energy in the mix              :        -4.04625 kcal/mol
 VdW interaction energy in the mix                 :       -18.42049 kcal/mol
 Gas liquid transition energy in the mix (H_glt)   :        10.91712 kcal/mol
 Normalized weight factor of molecule in compound  :         0.14305
 Normalized weight factor of molecule in gas phase :         0.10123

 Compound: 2 Conformer: 7 (3-hexanol_c6)
 Chemical potential of the molecule in the mixture :         5.16624 kcal/mol
 Log10(partial pressure [mbar])                    :         3.37607
 Free energy of molecule in mix (E_COSMO+dE+Mu)    :   -196064.31704 kcal/mol
 Total mean interaction energy in the mix          :        -9.15115 kcal/mol
 Misfit interaction energy in the mix              :         2.46843 kcal/mol
 H-Bond interaction energy in the mix              :        -4.21049 kcal/mol
 VdW interaction energy in the mix                 :       -18.32621 kcal/mol
 Gas liquid transition energy in the mix (H_glt)   :        10.91712 kcal/mol
 Normalized weight factor of molecule in compound  :         0.18155
 Normalized weight factor of molecule in gas phase :         0.09163

 Compound: 3 Conformer: 1 (lacticacid_c0)
 Chemical potential of the molecule in the mixture :         6.39188 kcal/mol
 Log10(partial pressure [mbar])                    :        -0.57938
 Free energy of molecule in mix (E_COSMO+dE+Mu)    :   -215742.28826 kcal/mol
 Total mean interaction energy in the mix          :        -7.35051 kcal/mol
 Misfit interaction energy in the mix              :         2.02905 kcal/mol
 H-Bond interaction energy in the mix              :        -4.39357 kcal/mol
 VdW interaction energy in the mix                 :       -13.23784 kcal/mol
 Gas liquid transition energy in the mix (H_glt)   :         8.25184 kcal/mol
 Normalized weight factor of molecule in compound  :         0.04361
 Normalized weight factor of molecule in gas phase :         0.00603

 Compound: 3 Conformer: 2 (lacticacid_c1)
 Chemical potential of the molecule in the mixture :         6.51394 kcal/mol
 Log10(partial pressure [mbar])                    :        -0.10381
 Free energy of molecule in mix (E_COSMO+dE+Mu)    :   -215741.98471 kcal/mol
 Total mean interaction energy in the mix          :        -6.91495 kcal/mol
 Misfit interaction energy in the mix              :         2.13700 kcal/mol
 H-Bond interaction energy in the mix              :        -4.08887 kcal/mol
 VdW interaction energy in the mix                 :       -13.21491 kcal/mol
 Gas liquid transition energy in the mix (H_glt)   :         8.25184 kcal/mol
 Normalized weight factor of molecule in compound  :         0.02678
 Normalized weight factor of molecule in gas phase :         0.01137

 Compound: 3 Conformer: 3 (lacticacid_c2)
 Chemical potential of the molecule in the mixture :         4.66595 kcal/mol
 Log10(partial pressure [mbar])                    :         0.58236
 Free energy of molecule in mix (E_COSMO+dE+Mu)    :   -215742.94051 kcal/mol
 Total mean interaction energy in the mix          :        -8.01889 kcal/mol
 Misfit interaction energy in the mix              :         2.06908 kcal/mol
 H-Bond interaction energy in the mix              :        -5.03973 kcal/mol
 VdW interaction energy in the mix                 :       -13.30009 kcal/mol
 Gas liquid transition energy in the mix (H_glt)   :         8.25184 kcal/mol
 Normalized weight factor of molecule in compound  :         0.12440
 Normalized weight factor of molecule in gas phase :         0.93300

 Compound: 3 Conformer: 4 (lacticacid_c3)
 Chemical potential of the molecule in the mixture :         2.91496 kcal/mol
 Log10(partial pressure [mbar])                    :        -1.67629
 Free energy of molecule in mix (E_COSMO+dE+Mu)    :   -215743.27047 kcal/mol
 Total mean interaction energy in the mix          :       -10.13076 kcal/mol
 Misfit interaction energy in the mix              :         1.99045 kcal/mol
 H-Bond interaction energy in the mix              :        -7.09664 kcal/mol
 VdW interaction energy in the mix                 :       -13.27642 kcal/mol
 Gas liquid transition energy in the mix (H_glt)   :         8.25184 kcal/mol
 Normalized weight factor of molecule in compound  :         0.21139
 Normalized weight factor of molecule in gas phase :         0.02822

 Compound: 3 Conformer: 5 (lacticacid_c4)
 Chemical potential of the molecule in the mixture :         2.40401 kcal/mol
 Log10(partial pressure [mbar])                    :        -3.59362
 Free energy of molecule in mix (E_COSMO+dE+Mu)    :   -215743.69482 kcal/mol
 Total mean interaction energy in the mix          :       -11.07883 kcal/mol
 Misfit interaction energy in the mix              :         1.97004 kcal/mol
 H-Bond interaction energy in the mix              :        -8.00303 kcal/mol
 VdW interaction energy in the mix                 :       -13.29768 kcal/mol
 Gas liquid transition energy in the mix (H_glt)   :         8.25184 kcal/mol
 Normalized weight factor of molecule in compound  :         0.41806
 Normalized weight factor of molecule in gas phase :         0.00067

 Compound: 3 Conformer: 6 (lacticacid_c5)
 Chemical potential of the molecule in the mixture :         2.87989 kcal/mol
 Log10(partial pressure [mbar])                    :        -1.73041
 Free energy of molecule in mix (E_COSMO+dE+Mu)    :   -215743.15557 kcal/mol
 Total mean interaction energy in the mix          :       -10.20584 kcal/mol
 Misfit interaction energy in the mix              :         1.96624 kcal/mol
 H-Bond interaction energy in the mix              :        -7.12595 kcal/mol
 VdW interaction energy in the mix                 :       -13.29797 kcal/mol
 Gas liquid transition energy in the mix (H_glt)   :         8.25184 kcal/mol
 Normalized weight factor of molecule in compound  :         0.17575
 Normalized weight factor of molecule in gas phase :         0.02069




 Results for mixture 36 - LIQ_EX Phase 2 Iteration   17
 ----------------------
 Temperature          :    313.150 K
 Compound Nr.         :         1         2         3
 Compound             :       h2o 3-hexanol lacticaci
 Mole Fraction        :    0.3441    0.6533    0.0026

 Compound: 1  (h2o)
 Chemical potential of the compound in the mixture :         4.13076 kcal/mol
 Log10(partial pressure [mbar])                    :         1.99037
 Free energy of molecule in mix (E_COSMO+dE+Mu)    :    -47989.12251 kcal/mol
 Total mean interaction energy in the mix (H_int)  :        -5.29683 kcal/mol
 Misfit interaction energy in the mix (H_MF)       :         0.89987 kcal/mol
 H-Bond interaction energy in the mix (H_HB)       :        -4.55685 kcal/mol
 VdW interaction energy in the mix (H_vdW)         :        -4.57191 kcal/mol
 Gas liquid transition energy in the mix (H_glt)   :         2.93205 kcal/mol
 Equilibrium constant Kx(1,2)                      :         2.89527
 Equilibrium concentration x_k(1,2)                :         0.74328

 Compound: 2  (3-hexanol)
 Chemical potential of the compound in the mixture :         0.54608 kcal/mol
 Log10(partial pressure [mbar])                    :         1.05414
 Free energy of molecule in mix (E_COSMO+dE+Mu)    :   -196068.99080 kcal/mol
 Total mean interaction energy in the mix (H_int)  :        -8.59882 kcal/mol
 Misfit interaction energy in the mix (H_MF)       :         2.20829 kcal/mol
 H-Bond interaction energy in the mix (H_HB)       :        -2.77925 kcal/mol
 VdW interaction energy in the mix (H_vdW)         :       -18.99610 kcal/mol
 Gas liquid transition energy in the mix (H_glt)   :        10.91712 kcal/mol
 Equilibrium constant Kx(1,2)                      :  3.01452211E-03
 Equilibrium concentration x_k(1,2)                :         0.00301

 Compound: 3  (lacticacid)
 Chemical potential of the compound in the mixture :         4.04354 kcal/mol
 Log10(partial pressure [mbar])                    :        -1.08028
 Free energy of molecule in mix (E_COSMO+dE+Mu)    :   -215744.63660 kcal/mol
 Total mean interaction energy in the mix (H_int)  :        -6.23333 kcal/mol
 Misfit interaction energy in the mix (H_MF)       :         2.27923 kcal/mol
 H-Bond interaction energy in the mix (H_HB)       :        -4.46937 kcal/mol
 VdW interaction energy in the mix (H_vdW)         :       -13.91576 kcal/mol
 Gas liquid transition energy in the mix (H_glt)   :         8.25184 kcal/mol
 Equilibrium constant Kx(1,2)                      :         0.52662
 Equilibrium concentration x_k(1,2)                :         0.34496



 Compound: 1 Conformer: 1 (h2o_c0)
 Chemical potential of the molecule in the mixture :         4.13076 kcal/mol
 Log10(partial pressure [mbar])                    :         1.99037
 Free energy of molecule in mix (E_COSMO+dE+Mu)    :    -47989.12251 kcal/mol
 Total mean interaction energy in the mix          :        -5.29683 kcal/mol
 Misfit interaction energy in the mix              :         0.89987 kcal/mol
 H-Bond interaction energy in the mix              :        -4.55685 kcal/mol
 VdW interaction energy in the mix                 :        -4.57191 kcal/mol
 Gas liquid transition energy in the mix (H_glt)   :         2.93205 kcal/mol
 Normalized weight factor of molecule in compound  :         1.00000
 Normalized weight factor of molecule in gas phase :         1.00000

 Compound: 2 Conformer: 1 (3-hexanol_c0)
 Chemical potential of the molecule in the mixture :         1.79734 kcal/mol
 Log10(partial pressure [mbar])                    :         1.29334
 Free energy of molecule in mix (E_COSMO+dE+Mu)    :   -196067.73615 kcal/mol
 Total mean interaction energy in the mix          :        -8.37035 kcal/mol
 Misfit interaction energy in the mix              :         2.21488 kcal/mol
 H-Bond interaction energy in the mix              :        -2.49037 kcal/mol
 VdW interaction energy in the mix                 :       -19.01198 kcal/mol
 Gas liquid transition energy in the mix (H_glt)   :        10.91712 kcal/mol
 Normalized weight factor of molecule in compound  :         0.13316
 Normalized weight factor of molecule in gas phase :         0.19950

 Compound: 2 Conformer: 2 (3-hexanol_c1)
 Chemical potential of the molecule in the mixture :         1.79469 kcal/mol
 Log10(partial pressure [mbar])                    :         1.28243
 Free energy of molecule in mix (E_COSMO+dE+Mu)    :   -196067.74159 kcal/mol
 Total mean interaction energy in the mix          :        -8.36947 kcal/mol
 Misfit interaction energy in the mix              :         2.23011 kcal/mol
 H-Bond interaction energy in the mix              :        -2.50943 kcal/mol
 VdW interaction energy in the mix                 :       -19.00727 kcal/mol
 Gas liquid transition energy in the mix (H_glt)   :        10.91712 kcal/mol
 Normalized weight factor of molecule in compound  :         0.13433
 Normalized weight factor of molecule in gas phase :         0.20228

 Compound: 2 Conformer: 3 (3-hexanol_c2)
 Chemical potential of the molecule in the mixture :         1.72980 kcal/mol
 Log10(partial pressure [mbar])                    :         1.15917
 Free energy of molecule in mix (E_COSMO+dE+Mu)    :   -196067.80708 kcal/mol
 Total mean interaction energy in the mix          :        -8.38762 kcal/mol
 Misfit interaction energy in the mix              :         2.17492 kcal/mol
 H-Bond interaction energy in the mix              :        -2.45325 kcal/mol
 VdW interaction energy in the mix                 :       -19.02641 kcal/mol
 Gas liquid transition energy in the mix (H_glt)   :        10.91712 kcal/mol
 Normalized weight factor of molecule in compound  :         0.14924
 Normalized weight factor of molecule in gas phase :         0.18514

 Compound: 2 Conformer: 4 (3-hexanol_c3)
 Chemical potential of the molecule in the mixture :         1.43079 kcal/mol
 Log10(partial pressure [mbar])                    :         0.81960
 Free energy of molecule in mix (E_COSMO+dE+Mu)    :   -196068.03631 kcal/mol
 Total mean interaction energy in the mix          :        -8.99578 kcal/mol
 Misfit interaction energy in the mix              :         2.15118 kcal/mol
 H-Bond interaction energy in the mix              :        -3.04318 kcal/mol
 VdW interaction energy in the mix                 :       -19.02091 kcal/mol
 Gas liquid transition energy in the mix (H_glt)   :        10.91712 kcal/mol
 Normalized weight factor of molecule in compound  :         0.21571
 Normalized weight factor of molecule in gas phase :         0.11754

 Compound: 2 Conformer: 5 (3-hexanol_c4)
 Chemical potential of the molecule in the mixture :         2.02202 kcal/mol
 Log10(partial pressure [mbar])                    :         1.19878
 Free energy of molecule in mix (E_COSMO+dE+Mu)    :   -196067.49843 kcal/mol
 Total mean interaction energy in the mix          :        -8.52943 kcal/mol
 Misfit interaction energy in the mix              :         2.32554 kcal/mol
 H-Bond interaction energy in the mix              :        -2.86972 kcal/mol
 VdW interaction energy in the mix                 :       -18.90237 kcal/mol
 Gas liquid transition energy in the mix (H_glt)   :        10.91712 kcal/mol
 Normalized weight factor of molecule in compound  :         0.09088
 Normalized weight factor of molecule in gas phase :         0.10269

 Compound: 2 Conformer: 6 (3-hexanol_c5)
 Chemical potential of the molecule in the mixture :         1.45397 kcal/mol
 Log10(partial pressure [mbar])                    :         0.82589
 Free energy of molecule in mix (E_COSMO+dE+Mu)    :   -196067.92240 kcal/mol
 Total mean interaction energy in the mix          :        -8.94205 kcal/mol
 Misfit interaction energy in the mix              :         2.16815 kcal/mol
 H-Bond interaction energy in the mix              :        -3.01518 kcal/mol
 VdW interaction energy in the mix                 :       -19.01214 kcal/mol
 Gas liquid transition energy in the mix (H_glt)   :        10.91712 kcal/mol
 Normalized weight factor of molecule in compound  :         0.17963
 Normalized weight factor of molecule in gas phase :         0.10123

 Compound: 2 Conformer: 7 (3-hexanol_c6)
 Chemical potential of the molecule in the mixture :         1.94401 kcal/mol
 Log10(partial pressure [mbar])                    :         1.12730
 Free energy of molecule in mix (E_COSMO+dE+Mu)    :   -196067.53926 kcal/mol
 Total mean interaction energy in the mix          :        -8.62862 kcal/mol
 Misfit interaction energy in the mix              :         2.31179 kcal/mol
 H-Bond interaction energy in the mix              :        -2.94240 kcal/mol
 VdW interaction energy in the mix                 :       -18.91512 kcal/mol
 Gas liquid transition energy in the mix (H_glt)   :        10.91712 kcal/mol
 Normalized weight factor of molecule in compound  :         0.09705
 Normalized weight factor of molecule in gas phase :         0.09163

 Compound: 3 Conformer: 1 (lacticacid_c0)
 Chemical potential of the molecule in the mixture :         5.74815 kcal/mol
 Log10(partial pressure [mbar])                    :        -1.02864
 Free energy of molecule in mix (E_COSMO+dE+Mu)    :   -215742.93200 kcal/mol
 Total mean interaction energy in the mix          :        -6.24403 kcal/mol
 Misfit interaction energy in the mix              :         2.60667 kcal/mol
 H-Bond interaction energy in the mix              :        -3.22118 kcal/mol
 VdW interaction energy in the mix                 :       -13.88137 kcal/mol
 Gas liquid transition energy in the mix (H_glt)   :         8.25184 kcal/mol
 Normalized weight factor of molecule in compound  :         0.06462
 Normalized weight factor of molecule in gas phase :         0.00603

 Compound: 3 Conformer: 2 (lacticacid_c1)
 Chemical potential of the molecule in the mixture :         6.11437 kcal/mol
 Log10(partial pressure [mbar])                    :        -0.38267
 Free energy of molecule in mix (E_COSMO+dE+Mu)    :   -215742.38428 kcal/mol
 Total mean interaction energy in the mix          :        -5.72737 kcal/mol
 Misfit interaction energy in the mix              :         2.68600 kcal/mol
 H-Bond interaction energy in the mix              :        -2.82030 kcal/mol
 VdW interaction energy in the mix                 :       -13.84491 kcal/mol
 Gas liquid transition energy in the mix (H_glt)   :         8.25184 kcal/mol
 Normalized weight factor of molecule in compound  :         0.02680
 Normalized weight factor of molecule in gas phase :         0.01137

 Compound: 3 Conformer: 3 (lacticacid_c2)
 Chemical potential of the molecule in the mixture :         3.42560 kcal/mol
 Log10(partial pressure [mbar])                    :        -0.28327
 Free energy of molecule in mix (E_COSMO+dE+Mu)    :   -215744.18087 kcal/mol
 Total mean interaction energy in the mix          :        -7.31558 kcal/mol
 Misfit interaction energy in the mix              :         2.17058 kcal/mol
 H-Bond interaction energy in the mix              :        -3.81593 kcal/mol
 VdW interaction energy in the mix                 :       -13.92207 kcal/mol
 Gas liquid transition energy in the mix (H_glt)   :         8.25184 kcal/mol
 Normalized weight factor of molecule in compound  :         0.48078
 Normalized weight factor of molecule in gas phase :         0.93300

 Compound: 3 Conformer: 4 (lacticacid_c3)
 Chemical potential of the molecule in the mixture :         2.69191 kcal/mol
 Log10(partial pressure [mbar])                    :        -1.83195
 Free energy of molecule in mix (E_COSMO+dE+Mu)    :   -215743.49352 kcal/mol
 Total mean interaction energy in the mix          :        -8.60226 kcal/mol
 Misfit interaction energy in the mix              :         2.26728 kcal/mol
 H-Bond interaction energy in the mix              :        -5.22386 kcal/mol
 VdW interaction energy in the mix                 :       -13.89752 kcal/mol
 Gas liquid transition energy in the mix (H_glt)   :         8.25184 kcal/mol
 Normalized weight factor of molecule in compound  :         0.15931
 Normalized weight factor of molecule in gas phase :         0.02822

 Compound: 3 Conformer: 5 (lacticacid_c4)
 Chemical potential of the molecule in the mixture :         2.76212 kcal/mol
 Log10(partial pressure [mbar])                    :        -3.34370
 Free energy of molecule in mix (E_COSMO+dE+Mu)    :   -215743.33671 kcal/mol
 Total mean interaction energy in the mix          :        -9.21938 kcal/mol
 Misfit interaction energy in the mix              :         2.51495 kcal/mol
 H-Bond interaction energy in the mix              :        -6.04912 kcal/mol
 VdW interaction energy in the mix                 :       -13.93705 kcal/mol
 Gas liquid transition energy in the mix (H_glt)   :         8.25184 kcal/mol
 Normalized weight factor of molecule in compound  :         0.12383
 Normalized weight factor of molecule in gas phase :         0.00067

 Compound: 3 Conformer: 6 (lacticacid_c5)
 Chemical potential of the molecule in the mixture :         2.60200 kcal/mol
 Log10(partial pressure [mbar])                    :        -1.92435
 Free energy of molecule in mix (E_COSMO+dE+Mu)    :   -215743.43347 kcal/mol
 Total mean interaction energy in the mix          :        -8.76416 kcal/mol
 Misfit interaction energy in the mix              :         2.23013 kcal/mol
 H-Bond interaction energy in the mix              :        -5.32101 kcal/mol
 VdW interaction energy in the mix                 :       -13.92512 kcal/mol
 Gas liquid transition energy in the mix (H_glt)   :         8.25184 kcal/mol
 Normalized weight factor of molecule in compound  :         0.14466
 Normalized weight factor of molecule in gas phase :         0.02069




 Results for mixture 37 - LIQ_EX Phase 1 Iteration   18
 ----------------------
 Temperature          :    313.150 K
 Compound Nr.         :         1         2         3
 Compound             :       h2o 3-hexanol lacticaci
 Mole Fraction        :    0.9966    0.0020    0.0014

 Compound: 1  (h2o)
 Chemical potential of the compound in the mixture :         3.46921 kcal/mol
 Log10(partial pressure [mbar])                    :         1.52868
 Free energy of molecule in mix (E_COSMO+dE+Mu)    :    -47989.78406 kcal/mol
 Total mean interaction energy in the mix (H_int)  :        -5.54663 kcal/mol
 Misfit interaction energy in the mix (H_MF)       :         0.59076 kcal/mol
 H-Bond interaction energy in the mix (H_HB)       :        -4.72848 kcal/mol
 VdW interaction energy in the mix (H_vdW)         :        -4.34097 kcal/mol
 Gas liquid transition energy in the mix (H_glt)   :         2.93205 kcal/mol

 Compound: 2  (3-hexanol)
 Chemical potential of the compound in the mixture :         4.15808 kcal/mol
 Log10(partial pressure [mbar])                    :         3.57493
 Free energy of molecule in mix (E_COSMO+dE+Mu)    :   -196065.37880 kcal/mol
 Total mean interaction energy in the mix (H_int)  :        -8.97778 kcal/mol
 Misfit interaction energy in the mix (H_MF)       :         2.45568 kcal/mol
 H-Bond interaction energy in the mix (H_HB)       :        -4.00807 kcal/mol
 VdW interaction energy in the mix (H_vdW)         :       -18.39060 kcal/mol
 Gas liquid transition energy in the mix (H_glt)   :        10.91712 kcal/mol

 Compound: 3  (lacticacid)
 Chemical potential of the compound in the mixture :         4.44261 kcal/mol
 Log10(partial pressure [mbar])                    :        -0.80177
 Free energy of molecule in mix (E_COSMO+dE+Mu)    :   -215744.23753 kcal/mol
 Total mean interaction energy in the mix (H_int)  :        -7.86048 kcal/mol
 Misfit interaction energy in the mix (H_MF)       :         1.99305 kcal/mol
 H-Bond interaction energy in the mix (H_HB)       :        -7.02642 kcal/mol
 VdW interaction energy in the mix (H_vdW)         :       -13.28871 kcal/mol
 Gas liquid transition energy in the mix (H_glt)   :         8.25184 kcal/mol



 Compound: 1 Conformer: 1 (h2o_c0)
 Chemical potential of the molecule in the mixture :         3.46921 kcal/mol
 Log10(partial pressure [mbar])                    :         1.52868
 Free energy of molecule in mix (E_COSMO+dE+Mu)    :    -47989.78406 kcal/mol
 Total mean interaction energy in the mix          :        -5.54663 kcal/mol
 Misfit interaction energy in the mix              :         0.59076 kcal/mol
 H-Bond interaction energy in the mix              :        -4.72848 kcal/mol
 VdW interaction energy in the mix                 :        -4.34097 kcal/mol
 Gas liquid transition energy in the mix (H_glt)   :         2.93205 kcal/mol
 Normalized weight factor of molecule in compound  :         1.00000
 Normalized weight factor of molecule in gas phase :         1.00000

 Compound: 2 Conformer: 1 (3-hexanol_c0)
 Chemical potential of the molecule in the mixture :         5.50239 kcal/mol
 Log10(partial pressure [mbar])                    :         3.87907
 Free energy of molecule in mix (E_COSMO+dE+Mu)    :   -196064.03110 kcal/mol
 Total mean interaction energy in the mix          :        -8.79797 kcal/mol
 Misfit interaction energy in the mix              :         2.43183 kcal/mol
 H-Bond interaction energy in the mix              :        -3.71765 kcal/mol
 VdW interaction energy in the mix                 :       -18.42928 kcal/mol
 Gas liquid transition energy in the mix (H_glt)   :        10.91712 kcal/mol
 Normalized weight factor of molecule in compound  :         0.11467
 Normalized weight factor of molecule in gas phase :         0.19950

 Compound: 2 Conformer: 2 (3-hexanol_c1)
 Chemical potential of the molecule in the mixture :         5.46658 kcal/mol
 Log10(partial pressure [mbar])                    :         3.84502
 Free energy of molecule in mix (E_COSMO+dE+Mu)    :   -196064.06971 kcal/mol
 Total mean interaction energy in the mix          :        -8.81568 kcal/mol
 Misfit interaction energy in the mix              :         2.44553 kcal/mol
 H-Bond interaction energy in the mix              :        -3.75668 kcal/mol
 VdW interaction energy in the mix                 :       -18.42165 kcal/mol
 Gas liquid transition energy in the mix (H_glt)   :        10.91712 kcal/mol
 Normalized weight factor of molecule in compound  :         0.12201
 Normalized weight factor of molecule in gas phase :         0.20228

 Compound: 2 Conformer: 3 (3-hexanol_c2)
 Chemical potential of the molecule in the mixture :         5.60311 kcal/mol
 Log10(partial pressure [mbar])                    :         3.86233
 Free energy of molecule in mix (E_COSMO+dE+Mu)    :   -196063.93377 kcal/mol
 Total mean interaction energy in the mix          :        -8.79520 kcal/mol
 Misfit interaction energy in the mix              :         2.49244 kcal/mol
 H-Bond interaction energy in the mix              :        -3.75806 kcal/mol
 VdW interaction energy in the mix                 :       -18.44670 kcal/mol
 Gas liquid transition energy in the mix (H_glt)   :        10.91712 kcal/mol
 Normalized weight factor of molecule in compound  :         0.09807
 Normalized weight factor of molecule in gas phase :         0.18514

 Compound: 2 Conformer: 4 (3-hexanol_c3)
 Chemical potential of the molecule in the mixture :         5.17296 kcal/mol
 Log10(partial pressure [mbar])                    :         3.43124
 Free energy of molecule in mix (E_COSMO+dE+Mu)    :   -196064.29414 kcal/mol
 Total mean interaction energy in the mix          :        -9.13741 kcal/mol
 Misfit interaction energy in the mix              :         2.43731 kcal/mol
 H-Bond interaction energy in the mix              :        -4.06239 kcal/mol
 VdW interaction energy in the mix                 :       -18.42946 kcal/mol
 Gas liquid transition energy in the mix (H_glt)   :        10.91712 kcal/mol
 Normalized weight factor of molecule in compound  :         0.17499
 Normalized weight factor of molecule in gas phase :         0.11754

 Compound: 2 Conformer: 5 (3-hexanol_c4)
 Chemical potential of the molecule in the mixture :         5.26041 kcal/mol
 Log10(partial pressure [mbar])                    :         3.45883
 Free energy of molecule in mix (E_COSMO+dE+Mu)    :   -196064.26004 kcal/mol
 Total mean interaction energy in the mix          :        -9.16788 kcal/mol
 Misfit interaction energy in the mix              :         2.45651 kcal/mol
 H-Bond interaction energy in the mix              :        -4.23007 kcal/mol
 VdW interaction energy in the mix                 :       -18.31145 kcal/mol
 Gas liquid transition energy in the mix (H_glt)   :        10.91712 kcal/mol
 Normalized weight factor of molecule in compound  :         0.16566
 Normalized weight factor of molecule in gas phase :         0.10269

 Compound: 2 Conformer: 6 (3-hexanol_c5)
 Chemical potential of the molecule in the mixture :         5.20765 kcal/mol
 Log10(partial pressure [mbar])                    :         3.44556
 Free energy of molecule in mix (E_COSMO+dE+Mu)    :   -196064.16872 kcal/mol
 Total mean interaction energy in the mix          :        -9.08602 kcal/mol
 Misfit interaction energy in the mix              :         2.46359 kcal/mol
 H-Bond interaction energy in the mix              :        -4.04625 kcal/mol
 VdW interaction energy in the mix                 :       -18.42049 kcal/mol
 Gas liquid transition energy in the mix (H_glt)   :        10.91712 kcal/mol
 Normalized weight factor of molecule in compound  :         0.14305
 Normalized weight factor of molecule in gas phase :         0.10123

 Compound: 2 Conformer: 7 (3-hexanol_c6)
 Chemical potential of the molecule in the mixture :         5.16626 kcal/mol
 Log10(partial pressure [mbar])                    :         3.37608
 Free energy of molecule in mix (E_COSMO+dE+Mu)    :   -196064.31702 kcal/mol
 Total mean interaction energy in the mix          :        -9.15115 kcal/mol
 Misfit interaction energy in the mix              :         2.46842 kcal/mol
 H-Bond interaction energy in the mix              :        -4.21049 kcal/mol
 VdW interaction energy in the mix                 :       -18.32621 kcal/mol
 Gas liquid transition energy in the mix (H_glt)   :        10.91712 kcal/mol
 Normalized weight factor of molecule in compound  :         0.18155
 Normalized weight factor of molecule in gas phase :         0.09163

 Compound: 3 Conformer: 1 (lacticacid_c0)
 Chemical potential of the molecule in the mixture :         6.39189 kcal/mol
 Log10(partial pressure [mbar])                    :        -0.57937
 Free energy of molecule in mix (E_COSMO+dE+Mu)    :   -215742.28825 kcal/mol
 Total mean interaction energy in the mix          :        -7.35051 kcal/mol
 Misfit interaction energy in the mix              :         2.02905 kcal/mol
 H-Bond interaction energy in the mix              :        -4.39357 kcal/mol
 VdW interaction energy in the mix                 :       -13.23784 kcal/mol
 Gas liquid transition energy in the mix (H_glt)   :         8.25184 kcal/mol
 Normalized weight factor of molecule in compound  :         0.04361
 Normalized weight factor of molecule in gas phase :         0.00603

 Compound: 3 Conformer: 2 (lacticacid_c1)
 Chemical potential of the molecule in the mixture :         6.51394 kcal/mol
 Log10(partial pressure [mbar])                    :        -0.10380
 Free energy of molecule in mix (E_COSMO+dE+Mu)    :   -215741.98471 kcal/mol
 Total mean interaction energy in the mix          :        -6.91495 kcal/mol
 Misfit interaction energy in the mix              :         2.13699 kcal/mol
 H-Bond interaction energy in the mix              :        -4.08888 kcal/mol
 VdW interaction energy in the mix                 :       -13.21491 kcal/mol
 Gas liquid transition energy in the mix (H_glt)   :         8.25184 kcal/mol
 Normalized weight factor of molecule in compound  :         0.02678
 Normalized weight factor of molecule in gas phase :         0.01137

 Compound: 3 Conformer: 3 (lacticacid_c2)
 Chemical potential of the molecule in the mixture :         4.66596 kcal/mol
 Log10(partial pressure [mbar])                    :         0.58237
 Free energy of molecule in mix (E_COSMO+dE+Mu)    :   -215742.94050 kcal/mol
 Total mean interaction energy in the mix          :        -8.01889 kcal/mol
 Misfit interaction energy in the mix              :         2.06908 kcal/mol
 H-Bond interaction energy in the mix              :        -5.03973 kcal/mol
 VdW interaction energy in the mix                 :       -13.30009 kcal/mol
 Gas liquid transition energy in the mix (H_glt)   :         8.25184 kcal/mol
 Normalized weight factor of molecule in compound  :         0.12440
 Normalized weight factor of molecule in gas phase :         0.93300

 Compound: 3 Conformer: 4 (lacticacid_c3)
 Chemical potential of the molecule in the mixture :         2.91497 kcal/mol
 Log10(partial pressure [mbar])                    :        -1.67628
 Free energy of molecule in mix (E_COSMO+dE+Mu)    :   -215743.27046 kcal/mol
 Total mean interaction energy in the mix          :       -10.13077 kcal/mol
 Misfit interaction energy in the mix              :         1.99045 kcal/mol
 H-Bond interaction energy in the mix              :        -7.09664 kcal/mol
 VdW interaction energy in the mix                 :       -13.27642 kcal/mol
 Gas liquid transition energy in the mix (H_glt)   :         8.25184 kcal/mol
 Normalized weight factor of molecule in compound  :         0.21139
 Normalized weight factor of molecule in gas phase :         0.02822

 Compound: 3 Conformer: 5 (lacticacid_c4)
 Chemical potential of the molecule in the mixture :         2.40402 kcal/mol
 Log10(partial pressure [mbar])                    :        -3.59361
 Free energy of molecule in mix (E_COSMO+dE+Mu)    :   -215743.69481 kcal/mol
 Total mean interaction energy in the mix          :       -11.07883 kcal/mol
 Misfit interaction energy in the mix              :         1.97004 kcal/mol
 H-Bond interaction energy in the mix              :        -8.00304 kcal/mol
 VdW interaction energy in the mix                 :       -13.29767 kcal/mol
 Gas liquid transition energy in the mix (H_glt)   :         8.25184 kcal/mol
 Normalized weight factor of molecule in compound  :         0.41806
 Normalized weight factor of molecule in gas phase :         0.00067

 Compound: 3 Conformer: 6 (lacticacid_c5)
 Chemical potential of the molecule in the mixture :         2.87990 kcal/mol
 Log10(partial pressure [mbar])                    :        -1.73040
 Free energy of molecule in mix (E_COSMO+dE+Mu)    :   -215743.15557 kcal/mol
 Total mean interaction energy in the mix          :       -10.20585 kcal/mol
 Misfit interaction energy in the mix              :         1.96623 kcal/mol
 H-Bond interaction energy in the mix              :        -7.12595 kcal/mol
 VdW interaction energy in the mix                 :       -13.29797 kcal/mol
 Gas liquid transition energy in the mix (H_glt)   :         8.25184 kcal/mol
 Normalized weight factor of molecule in compound  :         0.17575
 Normalized weight factor of molecule in gas phase :         0.02069




 Results for mixture 38 - LIQ_EX Phase 2 Iteration   18
 ----------------------
 Temperature          :    313.150 K
 Compound Nr.         :         1         2         3
 Compound             :       h2o 3-hexanol lacticaci
 Mole Fraction        :    0.3441    0.6532    0.0026

 Compound: 1  (h2o)
 Chemical potential of the compound in the mixture :         4.13071 kcal/mol
 Log10(partial pressure [mbar])                    :         1.99033
 Free energy of molecule in mix (E_COSMO+dE+Mu)    :    -47989.12256 kcal/mol
 Total mean interaction energy in the mix (H_int)  :        -5.29694 kcal/mol
 Misfit interaction energy in the mix (H_MF)       :         0.89976 kcal/mol
 H-Bond interaction energy in the mix (H_HB)       :        -4.55687 kcal/mol
 VdW interaction energy in the mix (H_vdW)         :        -4.57189 kcal/mol
 Gas liquid transition energy in the mix (H_glt)   :         2.93205 kcal/mol
 Equilibrium constant Kx(1,2)                      :         2.89504
 Equilibrium concentration x_k(1,2)                :         0.74326

 Compound: 2  (3-hexanol)
 Chemical potential of the compound in the mixture :         0.54611 kcal/mol
 Log10(partial pressure [mbar])                    :         1.05416
 Free energy of molecule in mix (E_COSMO+dE+Mu)    :   -196068.99077 kcal/mol
 Total mean interaction energy in the mix (H_int)  :        -8.59887 kcal/mol
 Misfit interaction energy in the mix (H_MF)       :         2.20837 kcal/mol
 H-Bond interaction energy in the mix (H_HB)       :        -2.77941 kcal/mol
 VdW interaction energy in the mix (H_vdW)         :       -18.99606 kcal/mol
 Gas liquid transition energy in the mix (H_glt)   :        10.91712 kcal/mol
 Equilibrium constant Kx(1,2)                      :  3.01455776E-03
 Equilibrium concentration x_k(1,2)                :         0.00301

 Compound: 3  (lacticacid)
 Chemical potential of the compound in the mixture :         4.04347 kcal/mol
 Log10(partial pressure [mbar])                    :        -1.08034
 Free energy of molecule in mix (E_COSMO+dE+Mu)    :   -215744.63667 kcal/mol
 Total mean interaction energy in the mix (H_int)  :        -6.23353 kcal/mol
 Misfit interaction energy in the mix (H_MF)       :         2.27915 kcal/mol
 H-Bond interaction energy in the mix (H_HB)       :        -4.46958 kcal/mol
 VdW interaction energy in the mix (H_vdW)         :       -13.91572 kcal/mol
 Gas liquid transition energy in the mix (H_glt)   :         8.25184 kcal/mol
 Equilibrium constant Kx(1,2)                      :         0.52655
 Equilibrium concentration x_k(1,2)                :         0.34493



 Compound: 1 Conformer: 1 (h2o_c0)
 Chemical potential of the molecule in the mixture :         4.13071 kcal/mol
 Log10(partial pressure [mbar])                    :         1.99033
 Free energy of molecule in mix (E_COSMO+dE+Mu)    :    -47989.12256 kcal/mol
 Total mean interaction energy in the mix          :        -5.29694 kcal/mol
 Misfit interaction energy in the mix              :         0.89976 kcal/mol
 H-Bond interaction energy in the mix              :        -4.55687 kcal/mol
 VdW interaction energy in the mix                 :        -4.57189 kcal/mol
 Gas liquid transition energy in the mix (H_glt)   :         2.93205 kcal/mol
 Normalized weight factor of molecule in compound  :         1.00000
 Normalized weight factor of molecule in gas phase :         1.00000

 Compound: 2 Conformer: 1 (3-hexanol_c0)
 Chemical potential of the molecule in the mixture :         1.79736 kcal/mol
 Log10(partial pressure [mbar])                    :         1.29336
 Free energy of molecule in mix (E_COSMO+dE+Mu)    :   -196067.73612 kcal/mol
 Total mean interaction energy in the mix          :        -8.37039 kcal/mol
 Misfit interaction energy in the mix              :         2.21495 kcal/mol
 H-Bond interaction energy in the mix              :        -2.49052 kcal/mol
 VdW interaction energy in the mix                 :       -19.01195 kcal/mol
 Gas liquid transition energy in the mix (H_glt)   :        10.91712 kcal/mol
 Normalized weight factor of molecule in compound  :         0.13316
 Normalized weight factor of molecule in gas phase :         0.19950

 Compound: 2 Conformer: 2 (3-hexanol_c1)
 Chemical potential of the molecule in the mixture :         1.79472 kcal/mol
 Log10(partial pressure [mbar])                    :         1.28245
 Free energy of molecule in mix (E_COSMO+dE+Mu)    :   -196067.74157 kcal/mol
 Total mean interaction energy in the mix          :        -8.36951 kcal/mol
 Misfit interaction energy in the mix              :         2.23019 kcal/mol
 H-Bond interaction energy in the mix              :        -2.50958 kcal/mol
 VdW interaction energy in the mix                 :       -19.00724 kcal/mol
 Gas liquid transition energy in the mix (H_glt)   :        10.91712 kcal/mol
 Normalized weight factor of molecule in compound  :         0.13433
 Normalized weight factor of molecule in gas phase :         0.20228

 Compound: 2 Conformer: 3 (3-hexanol_c2)
 Chemical potential of the molecule in the mixture :         1.72985 kcal/mol
 Log10(partial pressure [mbar])                    :         1.15921
 Free energy of molecule in mix (E_COSMO+dE+Mu)    :   -196067.80703 kcal/mol
 Total mean interaction energy in the mix          :        -8.38769 kcal/mol
 Misfit interaction energy in the mix              :         2.17498 kcal/mol
 H-Bond interaction energy in the mix              :        -2.45341 kcal/mol
 VdW interaction energy in the mix                 :       -19.02638 kcal/mol
 Gas liquid transition energy in the mix (H_glt)   :        10.91712 kcal/mol
 Normalized weight factor of molecule in compound  :         0.14923
 Normalized weight factor of molecule in gas phase :         0.18514

 Compound: 2 Conformer: 4 (3-hexanol_c3)
 Chemical potential of the molecule in the mixture :         1.43084 kcal/mol
 Log10(partial pressure [mbar])                    :         0.81963
 Free energy of molecule in mix (E_COSMO+dE+Mu)    :   -196068.03627 kcal/mol
 Total mean interaction energy in the mix          :        -8.99581 kcal/mol
 Misfit interaction energy in the mix              :         2.15125 kcal/mol
 H-Bond interaction energy in the mix              :        -3.04331 kcal/mol
 VdW interaction energy in the mix                 :       -19.02088 kcal/mol
 Gas liquid transition energy in the mix (H_glt)   :        10.91712 kcal/mol
 Normalized weight factor of molecule in compound  :         0.21570
 Normalized weight factor of molecule in gas phase :         0.11754

 Compound: 2 Conformer: 5 (3-hexanol_c4)
 Chemical potential of the molecule in the mixture :         2.02201 kcal/mol
 Log10(partial pressure [mbar])                    :         1.19877
 Free energy of molecule in mix (E_COSMO+dE+Mu)    :   -196067.49845 kcal/mol
 Total mean interaction energy in the mix          :        -8.52952 kcal/mol
 Misfit interaction energy in the mix              :         2.32563 kcal/mol
 H-Bond interaction energy in the mix              :        -2.86993 kcal/mol
 VdW interaction energy in the mix                 :       -18.90234 kcal/mol
 Gas liquid transition energy in the mix (H_glt)   :        10.91712 kcal/mol
 Normalized weight factor of molecule in compound  :         0.09089
 Normalized weight factor of molecule in gas phase :         0.10269

 Compound: 2 Conformer: 6 (3-hexanol_c5)
 Chemical potential of the molecule in the mixture :         1.45401 kcal/mol
 Log10(partial pressure [mbar])                    :         0.82592
 Free energy of molecule in mix (E_COSMO+dE+Mu)    :   -196067.92236 kcal/mol
 Total mean interaction energy in the mix          :        -8.94208 kcal/mol
 Misfit interaction energy in the mix              :         2.16822 kcal/mol
 H-Bond interaction energy in the mix              :        -3.01531 kcal/mol
 VdW interaction energy in the mix                 :       -19.01211 kcal/mol
 Gas liquid transition energy in the mix (H_glt)   :        10.91712 kcal/mol
 Normalized weight factor of molecule in compound  :         0.17962
 Normalized weight factor of molecule in gas phase :         0.10123

 Compound: 2 Conformer: 7 (3-hexanol_c6)
 Chemical potential of the molecule in the mixture :         1.94399 kcal/mol
 Log10(partial pressure [mbar])                    :         1.12728
 Free energy of molecule in mix (E_COSMO+dE+Mu)    :   -196067.53929 kcal/mol
 Total mean interaction energy in the mix          :        -8.62871 kcal/mol
 Misfit interaction energy in the mix              :         2.31187 kcal/mol
 H-Bond interaction energy in the mix              :        -2.94261 kcal/mol
 VdW interaction energy in the mix                 :       -18.91509 kcal/mol
 Gas liquid transition energy in the mix (H_glt)   :        10.91712 kcal/mol
 Normalized weight factor of molecule in compound  :         0.09705
 Normalized weight factor of molecule in gas phase :         0.09163

 Compound: 3 Conformer: 1 (lacticacid_c0)
 Chemical potential of the molecule in the mixture :         5.74807 kcal/mol
 Log10(partial pressure [mbar])                    :        -1.02869
 Free energy of molecule in mix (E_COSMO+dE+Mu)    :   -215742.93207 kcal/mol
 Total mean interaction energy in the mix          :        -6.24423 kcal/mol
 Misfit interaction energy in the mix              :         2.60654 kcal/mol
 H-Bond interaction energy in the mix              :        -3.22128 kcal/mol
 VdW interaction energy in the mix                 :       -13.88133 kcal/mol
 Gas liquid transition energy in the mix (H_glt)   :         8.25184 kcal/mol
 Normalized weight factor of molecule in compound  :         0.06462
 Normalized weight factor of molecule in gas phase :         0.00603

 Compound: 3 Conformer: 2 (lacticacid_c1)
 Chemical potential of the molecule in the mixture :         6.11426 kcal/mol
 Log10(partial pressure [mbar])                    :        -0.38274
 Free energy of molecule in mix (E_COSMO+dE+Mu)    :   -215742.38439 kcal/mol
 Total mean interaction energy in the mix          :        -5.72755 kcal/mol
 Misfit interaction energy in the mix              :         2.68589 kcal/mol
 H-Bond interaction energy in the mix              :        -2.82040 kcal/mol
 VdW interaction energy in the mix                 :       -13.84487 kcal/mol
 Gas liquid transition energy in the mix (H_glt)   :         8.25184 kcal/mol
 Normalized weight factor of molecule in compound  :         0.02680
 Normalized weight factor of molecule in gas phase :         0.01137

 Compound: 3 Conformer: 3 (lacticacid_c2)
 Chemical potential of the molecule in the mixture :         3.42557 kcal/mol
 Log10(partial pressure [mbar])                    :        -0.28329
 Free energy of molecule in mix (E_COSMO+dE+Mu)    :   -215744.18090 kcal/mol
 Total mean interaction energy in the mix          :        -7.31572 kcal/mol
 Misfit interaction energy in the mix              :         2.17051 kcal/mol
 H-Bond interaction energy in the mix              :        -3.81604 kcal/mol
 VdW interaction energy in the mix                 :       -13.92204 kcal/mol
 Gas liquid transition energy in the mix (H_glt)   :         8.25184 kcal/mol
 Normalized weight factor of molecule in compound  :         0.48075
 Normalized weight factor of molecule in gas phase :         0.93300

 Compound: 3 Conformer: 4 (lacticacid_c3)
 Chemical potential of the molecule in the mixture :         2.69179 kcal/mol
 Log10(partial pressure [mbar])                    :        -1.83204
 Free energy of molecule in mix (E_COSMO+dE+Mu)    :   -215743.49364 kcal/mol
 Total mean interaction energy in the mix          :        -8.60250 kcal/mol
 Misfit interaction energy in the mix              :         2.26717 kcal/mol
 H-Bond interaction energy in the mix              :        -5.22404 kcal/mol
 VdW interaction energy in the mix                 :       -13.89748 kcal/mol
 Gas liquid transition energy in the mix (H_glt)   :         8.25184 kcal/mol
 Normalized weight factor of molecule in compound  :         0.15933
 Normalized weight factor of molecule in gas phase :         0.02822

 Compound: 3 Conformer: 5 (lacticacid_c4)
 Chemical potential of the molecule in the mixture :         2.76196 kcal/mol
 Log10(partial pressure [mbar])                    :        -3.34381
 Free energy of molecule in mix (E_COSMO+dE+Mu)    :   -215743.33687 kcal/mol
 Total mean interaction energy in the mix          :        -9.21969 kcal/mol
 Misfit interaction energy in the mix              :         2.51483 kcal/mol
 H-Bond interaction energy in the mix              :        -6.04935 kcal/mol
 VdW interaction energy in the mix                 :       -13.93701 kcal/mol
 Gas liquid transition energy in the mix (H_glt)   :         8.25184 kcal/mol
 Normalized weight factor of molecule in compound  :         0.12384
 Normalized weight factor of molecule in gas phase :         0.00067

 Compound: 3 Conformer: 6 (lacticacid_c5)
 Chemical potential of the molecule in the mixture :         2.60189 kcal/mol
 Log10(partial pressure [mbar])                    :        -1.92442
 Free energy of molecule in mix (E_COSMO+dE+Mu)    :   -215743.43358 kcal/mol
 Total mean interaction energy in the mix          :        -8.76439 kcal/mol
 Misfit interaction energy in the mix              :         2.23002 kcal/mol
 H-Bond interaction energy in the mix              :        -5.32118 kcal/mol
 VdW interaction energy in the mix                 :       -13.92508 kcal/mol
 Gas liquid transition energy in the mix (H_glt)   :         8.25184 kcal/mol
 Normalized weight factor of molecule in compound  :         0.14467
 Normalized weight factor of molecule in gas phase :         0.02069




 Results for mixture 39 - LIQ_EX Phase 1 Iteration   19
 ----------------------
 Temperature          :    313.150 K
 Compound Nr.         :         1         2         3
 Compound             :       h2o 3-hexanol lacticaci
 Mole Fraction        :    0.9966    0.0020    0.0014

 Compound: 1  (h2o)
 Chemical potential of the compound in the mixture :         3.46921 kcal/mol
 Log10(partial pressure [mbar])                    :         1.52868
 Free energy of molecule in mix (E_COSMO+dE+Mu)    :    -47989.78406 kcal/mol
 Total mean interaction energy in the mix (H_int)  :        -5.54663 kcal/mol
 Misfit interaction energy in the mix (H_MF)       :         0.59076 kcal/mol
 H-Bond interaction energy in the mix (H_HB)       :        -4.72848 kcal/mol
 VdW interaction energy in the mix (H_vdW)         :        -4.34097 kcal/mol
 Gas liquid transition energy in the mix (H_glt)   :         2.93205 kcal/mol

 Compound: 2  (3-hexanol)
 Chemical potential of the compound in the mixture :         4.15809 kcal/mol
 Log10(partial pressure [mbar])                    :         3.57494
 Free energy of molecule in mix (E_COSMO+dE+Mu)    :   -196065.37879 kcal/mol
 Total mean interaction energy in the mix (H_int)  :        -8.97778 kcal/mol
 Misfit interaction energy in the mix (H_MF)       :         2.45568 kcal/mol
 H-Bond interaction energy in the mix (H_HB)       :        -4.00807 kcal/mol
 VdW interaction energy in the mix (H_vdW)         :       -18.39060 kcal/mol
 Gas liquid transition energy in the mix (H_glt)   :        10.91712 kcal/mol

 Compound: 3  (lacticacid)
 Chemical potential of the compound in the mixture :         4.44262 kcal/mol
 Log10(partial pressure [mbar])                    :        -0.80177
 Free energy of molecule in mix (E_COSMO+dE+Mu)    :   -215744.23752 kcal/mol
 Total mean interaction energy in the mix (H_int)  :        -7.86048 kcal/mol
 Misfit interaction energy in the mix (H_MF)       :         1.99305 kcal/mol
 H-Bond interaction energy in the mix (H_HB)       :        -7.02642 kcal/mol
 VdW interaction energy in the mix (H_vdW)         :       -13.28870 kcal/mol
 Gas liquid transition energy in the mix (H_glt)   :         8.25184 kcal/mol



 Compound: 1 Conformer: 1 (h2o_c0)
 Chemical potential of the molecule in the mixture :         3.46921 kcal/mol
 Log10(partial pressure [mbar])                    :         1.52868
 Free energy of molecule in mix (E_COSMO+dE+Mu)    :    -47989.78406 kcal/mol
 Total mean interaction energy in the mix          :        -5.54663 kcal/mol
 Misfit interaction energy in the mix              :         0.59076 kcal/mol
 H-Bond interaction energy in the mix              :        -4.72848 kcal/mol
 VdW interaction energy in the mix                 :        -4.34097 kcal/mol
 Gas liquid transition energy in the mix (H_glt)   :         2.93205 kcal/mol
 Normalized weight factor of molecule in compound  :         1.00000
 Normalized weight factor of molecule in gas phase :         1.00000

 Compound: 2 Conformer: 1 (3-hexanol_c0)
 Chemical potential of the molecule in the mixture :         5.50240 kcal/mol
 Log10(partial pressure [mbar])                    :         3.87908
 Free energy of molecule in mix (E_COSMO+dE+Mu)    :   -196064.03109 kcal/mol
 Total mean interaction energy in the mix          :        -8.79797 kcal/mol
 Misfit interaction energy in the mix              :         2.43183 kcal/mol
 H-Bond interaction energy in the mix              :        -3.71765 kcal/mol
 VdW interaction energy in the mix                 :       -18.42928 kcal/mol
 Gas liquid transition energy in the mix (H_glt)   :        10.91712 kcal/mol
 Normalized weight factor of molecule in compound  :         0.11467
 Normalized weight factor of molecule in gas phase :         0.19950

 Compound: 2 Conformer: 2 (3-hexanol_c1)
 Chemical potential of the molecule in the mixture :         5.46659 kcal/mol
 Log10(partial pressure [mbar])                    :         3.84503
 Free energy of molecule in mix (E_COSMO+dE+Mu)    :   -196064.06969 kcal/mol
 Total mean interaction energy in the mix          :        -8.81568 kcal/mol
 Misfit interaction energy in the mix              :         2.44553 kcal/mol
 H-Bond interaction energy in the mix              :        -3.75668 kcal/mol
 VdW interaction energy in the mix                 :       -18.42165 kcal/mol
 Gas liquid transition energy in the mix (H_glt)   :        10.91712 kcal/mol
 Normalized weight factor of molecule in compound  :         0.12201
 Normalized weight factor of molecule in gas phase :         0.20228

 Compound: 2 Conformer: 3 (3-hexanol_c2)
 Chemical potential of the molecule in the mixture :         5.60312 kcal/mol
 Log10(partial pressure [mbar])                    :         3.86234
 Free energy of molecule in mix (E_COSMO+dE+Mu)    :   -196063.93376 kcal/mol
 Total mean interaction energy in the mix          :        -8.79520 kcal/mol
 Misfit interaction energy in the mix              :         2.49244 kcal/mol
 H-Bond interaction energy in the mix              :        -3.75806 kcal/mol
 VdW interaction energy in the mix                 :       -18.44670 kcal/mol
 Gas liquid transition energy in the mix (H_glt)   :        10.91712 kcal/mol
 Normalized weight factor of molecule in compound  :         0.09807
 Normalized weight factor of molecule in gas phase :         0.18514

 Compound: 2 Conformer: 4 (3-hexanol_c3)
 Chemical potential of the molecule in the mixture :         5.17298 kcal/mol
 Log10(partial pressure [mbar])                    :         3.43125
 Free energy of molecule in mix (E_COSMO+dE+Mu)    :   -196064.29412 kcal/mol
 Total mean interaction energy in the mix          :        -9.13741 kcal/mol
 Misfit interaction energy in the mix              :         2.43731 kcal/mol
 H-Bond interaction energy in the mix              :        -4.06239 kcal/mol
 VdW interaction energy in the mix                 :       -18.42945 kcal/mol
 Gas liquid transition energy in the mix (H_glt)   :        10.91712 kcal/mol
 Normalized weight factor of molecule in compound  :         0.17499
 Normalized weight factor of molecule in gas phase :         0.11754

 Compound: 2 Conformer: 5 (3-hexanol_c4)
 Chemical potential of the molecule in the mixture :         5.26043 kcal/mol
 Log10(partial pressure [mbar])                    :         3.45884
 Free energy of molecule in mix (E_COSMO+dE+Mu)    :   -196064.26002 kcal/mol
 Total mean interaction energy in the mix          :        -9.16788 kcal/mol
 Misfit interaction energy in the mix              :         2.45651 kcal/mol
 H-Bond interaction energy in the mix              :        -4.23007 kcal/mol
 VdW interaction energy in the mix                 :       -18.31145 kcal/mol
 Gas liquid transition energy in the mix (H_glt)   :        10.91712 kcal/mol
 Normalized weight factor of molecule in compound  :         0.16566
 Normalized weight factor of molecule in gas phase :         0.10269

 Compound: 2 Conformer: 6 (3-hexanol_c5)
 Chemical potential of the molecule in the mixture :         5.20766 kcal/mol
 Log10(partial pressure [mbar])                    :         3.44557
 Free energy of molecule in mix (E_COSMO+dE+Mu)    :   -196064.16871 kcal/mol
 Total mean interaction energy in the mix          :        -9.08602 kcal/mol
 Misfit interaction energy in the mix              :         2.46359 kcal/mol
 H-Bond interaction energy in the mix              :        -4.04625 kcal/mol
 VdW interaction energy in the mix                 :       -18.42049 kcal/mol
 Gas liquid transition energy in the mix (H_glt)   :        10.91712 kcal/mol
 Normalized weight factor of molecule in compound  :         0.14305
 Normalized weight factor of molecule in gas phase :         0.10123

 Compound: 2 Conformer: 7 (3-hexanol_c6)
 Chemical potential of the molecule in the mixture :         5.16627 kcal/mol
 Log10(partial pressure [mbar])                    :         3.37609
 Free energy of molecule in mix (E_COSMO+dE+Mu)    :   -196064.31700 kcal/mol
 Total mean interaction energy in the mix          :        -9.15115 kcal/mol
 Misfit interaction energy in the mix              :         2.46842 kcal/mol
 H-Bond interaction energy in the mix              :        -4.21049 kcal/mol
 VdW interaction energy in the mix                 :       -18.32620 kcal/mol
 Gas liquid transition energy in the mix (H_glt)   :        10.91712 kcal/mol
 Normalized weight factor of molecule in compound  :         0.18155
 Normalized weight factor of molecule in gas phase :         0.09163

 Compound: 3 Conformer: 1 (lacticacid_c0)
 Chemical potential of the molecule in the mixture :         6.39189 kcal/mol
 Log10(partial pressure [mbar])                    :        -0.57937
 Free energy of molecule in mix (E_COSMO+dE+Mu)    :   -215742.28825 kcal/mol
 Total mean interaction energy in the mix          :        -7.35052 kcal/mol
 Misfit interaction energy in the mix              :         2.02905 kcal/mol
 H-Bond interaction energy in the mix              :        -4.39357 kcal/mol
 VdW interaction energy in the mix                 :       -13.23783 kcal/mol
 Gas liquid transition energy in the mix (H_glt)   :         8.25184 kcal/mol
 Normalized weight factor of molecule in compound  :         0.04361
 Normalized weight factor of molecule in gas phase :         0.00603

 Compound: 3 Conformer: 2 (lacticacid_c1)
 Chemical potential of the molecule in the mixture :         6.51395 kcal/mol
 Log10(partial pressure [mbar])                    :        -0.10380
 Free energy of molecule in mix (E_COSMO+dE+Mu)    :   -215741.98470 kcal/mol
 Total mean interaction energy in the mix          :        -6.91495 kcal/mol
 Misfit interaction energy in the mix              :         2.13699 kcal/mol
 H-Bond interaction energy in the mix              :        -4.08888 kcal/mol
 VdW interaction energy in the mix                 :       -13.21491 kcal/mol
 Gas liquid transition energy in the mix (H_glt)   :         8.25184 kcal/mol
 Normalized weight factor of molecule in compound  :         0.02678
 Normalized weight factor of molecule in gas phase :         0.01137

 Compound: 3 Conformer: 3 (lacticacid_c2)
 Chemical potential of the molecule in the mixture :         4.66596 kcal/mol
 Log10(partial pressure [mbar])                    :         0.58237
 Free energy of molecule in mix (E_COSMO+dE+Mu)    :   -215742.94050 kcal/mol
 Total mean interaction energy in the mix          :        -8.01889 kcal/mol
 Misfit interaction energy in the mix              :         2.06908 kcal/mol
 H-Bond interaction energy in the mix              :        -5.03973 kcal/mol
 VdW interaction energy in the mix                 :       -13.30008 kcal/mol
 Gas liquid transition energy in the mix (H_glt)   :         8.25184 kcal/mol
 Normalized weight factor of molecule in compound  :         0.12440
 Normalized weight factor of molecule in gas phase :         0.93300

 Compound: 3 Conformer: 4 (lacticacid_c3)
 Chemical potential of the molecule in the mixture :         2.91497 kcal/mol
 Log10(partial pressure [mbar])                    :        -1.67628
 Free energy of molecule in mix (E_COSMO+dE+Mu)    :   -215743.27046 kcal/mol
 Total mean interaction energy in the mix          :       -10.13077 kcal/mol
 Misfit interaction energy in the mix              :         1.99045 kcal/mol
 H-Bond interaction energy in the mix              :        -7.09664 kcal/mol
 VdW interaction energy in the mix                 :       -13.27642 kcal/mol
 Gas liquid transition energy in the mix (H_glt)   :         8.25184 kcal/mol
 Normalized weight factor of molecule in compound  :         0.21139
 Normalized weight factor of molecule in gas phase :         0.02822

 Compound: 3 Conformer: 5 (lacticacid_c4)
 Chemical potential of the molecule in the mixture :         2.40402 kcal/mol
 Log10(partial pressure [mbar])                    :        -3.59361
 Free energy of molecule in mix (E_COSMO+dE+Mu)    :   -215743.69481 kcal/mol
 Total mean interaction energy in the mix          :       -11.07883 kcal/mol
 Misfit interaction energy in the mix              :         1.97003 kcal/mol
 H-Bond interaction energy in the mix              :        -8.00304 kcal/mol
 VdW interaction energy in the mix                 :       -13.29767 kcal/mol
 Gas liquid transition energy in the mix (H_glt)   :         8.25184 kcal/mol
 Normalized weight factor of molecule in compound  :         0.41806
 Normalized weight factor of molecule in gas phase :         0.00067

 Compound: 3 Conformer: 6 (lacticacid_c5)
 Chemical potential of the molecule in the mixture :         2.87990 kcal/mol
 Log10(partial pressure [mbar])                    :        -1.73040
 Free energy of molecule in mix (E_COSMO+dE+Mu)    :   -215743.15556 kcal/mol
 Total mean interaction energy in the mix          :       -10.20585 kcal/mol
 Misfit interaction energy in the mix              :         1.96623 kcal/mol
 H-Bond interaction energy in the mix              :        -7.12596 kcal/mol
 VdW interaction energy in the mix                 :       -13.29797 kcal/mol
 Gas liquid transition energy in the mix (H_glt)   :         8.25184 kcal/mol
 Normalized weight factor of molecule in compound  :         0.17575
 Normalized weight factor of molecule in gas phase :         0.02069




 Results for mixture 40 - LIQ_EX Phase 2 Iteration   19
 ----------------------
 Temperature          :    313.150 K
 Compound Nr.         :         1         2         3
 Compound             :       h2o 3-hexanol lacticaci
 Mole Fraction        :    0.3442    0.6532    0.0026

 Compound: 1  (h2o)
 Chemical potential of the compound in the mixture :         4.13068 kcal/mol
 Log10(partial pressure [mbar])                    :         1.99031
 Free energy of molecule in mix (E_COSMO+dE+Mu)    :    -47989.12260 kcal/mol
 Total mean interaction energy in the mix (H_int)  :        -5.29702 kcal/mol
 Misfit interaction energy in the mix (H_MF)       :         0.89969 kcal/mol
 H-Bond interaction energy in the mix (H_HB)       :        -4.55688 kcal/mol
 VdW interaction energy in the mix (H_vdW)         :        -4.57188 kcal/mol
 Gas liquid transition energy in the mix (H_glt)   :         2.93205 kcal/mol
 Equilibrium constant Kx(1,2)                      :         2.89489
 Equilibrium concentration x_k(1,2)                :         0.74325

 Compound: 2  (3-hexanol)
 Chemical potential of the compound in the mixture :         0.54612 kcal/mol
 Log10(partial pressure [mbar])                    :         1.05417
 Free energy of molecule in mix (E_COSMO+dE+Mu)    :   -196068.99076 kcal/mol
 Total mean interaction energy in the mix (H_int)  :        -8.59891 kcal/mol
 Misfit interaction energy in the mix (H_MF)       :         2.20842 kcal/mol
 H-Bond interaction energy in the mix (H_HB)       :        -2.77951 kcal/mol
 VdW interaction energy in the mix (H_vdW)         :       -18.99604 kcal/mol
 Gas liquid transition energy in the mix (H_glt)   :        10.91712 kcal/mol
 Equilibrium constant Kx(1,2)                      :  3.01458196E-03
 Equilibrium concentration x_k(1,2)                :         0.00301

 Compound: 3  (lacticacid)
 Chemical potential of the compound in the mixture :         4.04341 kcal/mol
 Log10(partial pressure [mbar])                    :        -1.08037
 Free energy of molecule in mix (E_COSMO+dE+Mu)    :   -215744.63673 kcal/mol
 Total mean interaction energy in the mix (H_int)  :        -6.23366 kcal/mol
 Misfit interaction energy in the mix (H_MF)       :         2.27910 kcal/mol
 H-Bond interaction energy in the mix (H_HB)       :        -4.46972 kcal/mol
 VdW interaction energy in the mix (H_vdW)         :       -13.91569 kcal/mol
 Gas liquid transition energy in the mix (H_glt)   :         8.25184 kcal/mol
 Equilibrium constant Kx(1,2)                      :         0.52650
 Equilibrium concentration x_k(1,2)                :         0.34491



 Compound: 1 Conformer: 1 (h2o_c0)
 Chemical potential of the molecule in the mixture :         4.13068 kcal/mol
 Log10(partial pressure [mbar])                    :         1.99031
 Free energy of molecule in mix (E_COSMO+dE+Mu)    :    -47989.12260 kcal/mol
 Total mean interaction energy in the mix          :        -5.29702 kcal/mol
 Misfit interaction energy in the mix              :         0.89969 kcal/mol
 H-Bond interaction energy in the mix              :        -4.55688 kcal/mol
 VdW interaction energy in the mix                 :        -4.57188 kcal/mol
 Gas liquid transition energy in the mix (H_glt)   :         2.93205 kcal/mol
 Normalized weight factor of molecule in compound  :         1.00000
 Normalized weight factor of molecule in gas phase :         1.00000

 Compound: 2 Conformer: 1 (3-hexanol_c0)
 Chemical potential of the molecule in the mixture :         1.79738 kcal/mol
 Log10(partial pressure [mbar])                    :         1.29337
 Free energy of molecule in mix (E_COSMO+dE+Mu)    :   -196067.73611 kcal/mol
 Total mean interaction energy in the mix          :        -8.37042 kcal/mol
 Misfit interaction energy in the mix              :         2.21501 kcal/mol
 H-Bond interaction energy in the mix              :        -2.49063 kcal/mol
 VdW interaction energy in the mix                 :       -19.01192 kcal/mol
 Gas liquid transition energy in the mix (H_glt)   :        10.91712 kcal/mol
 Normalized weight factor of molecule in compound  :         0.13316
 Normalized weight factor of molecule in gas phase :         0.19950

 Compound: 2 Conformer: 2 (3-hexanol_c1)
 Chemical potential of the molecule in the mixture :         1.79473 kcal/mol
 Log10(partial pressure [mbar])                    :         1.28246
 Free energy of molecule in mix (E_COSMO+dE+Mu)    :   -196067.74155 kcal/mol
 Total mean interaction energy in the mix          :        -8.36954 kcal/mol
 Misfit interaction energy in the mix              :         2.23024 kcal/mol
 H-Bond interaction energy in the mix              :        -2.50969 kcal/mol
 VdW interaction energy in the mix                 :       -19.00722 kcal/mol
 Gas liquid transition energy in the mix (H_glt)   :        10.91712 kcal/mol
 Normalized weight factor of molecule in compound  :         0.13433
 Normalized weight factor of molecule in gas phase :         0.20228

 Compound: 2 Conformer: 3 (3-hexanol_c2)
 Chemical potential of the molecule in the mixture :         1.72989 kcal/mol
 Log10(partial pressure [mbar])                    :         1.15923
 Free energy of molecule in mix (E_COSMO+dE+Mu)    :   -196067.80699 kcal/mol
 Total mean interaction energy in the mix          :        -8.38773 kcal/mol
 Misfit interaction energy in the mix              :         2.17503 kcal/mol
 H-Bond interaction energy in the mix              :        -2.45352 kcal/mol
 VdW interaction energy in the mix                 :       -19.02636 kcal/mol
 Gas liquid transition energy in the mix (H_glt)   :        10.91712 kcal/mol
 Normalized weight factor of molecule in compound  :         0.14923
 Normalized weight factor of molecule in gas phase :         0.18514

 Compound: 2 Conformer: 4 (3-hexanol_c3)
 Chemical potential of the molecule in the mixture :         1.43086 kcal/mol
 Log10(partial pressure [mbar])                    :         0.81965
 Free energy of molecule in mix (E_COSMO+dE+Mu)    :   -196068.03624 kcal/mol
 Total mean interaction energy in the mix          :        -8.99584 kcal/mol
 Misfit interaction energy in the mix              :         2.15130 kcal/mol
 H-Bond interaction energy in the mix              :        -3.04340 kcal/mol
 VdW interaction energy in the mix                 :       -19.02085 kcal/mol
 Gas liquid transition energy in the mix (H_glt)   :        10.91712 kcal/mol
 Normalized weight factor of molecule in compound  :         0.21570
 Normalized weight factor of molecule in gas phase :         0.11754

 Compound: 2 Conformer: 5 (3-hexanol_c4)
 Chemical potential of the molecule in the mixture :         2.02200 kcal/mol
 Log10(partial pressure [mbar])                    :         1.19876
 Free energy of molecule in mix (E_COSMO+dE+Mu)    :   -196067.49845 kcal/mol
 Total mean interaction energy in the mix          :        -8.52958 kcal/mol
 Misfit interaction energy in the mix              :         2.32568 kcal/mol
 H-Bond interaction energy in the mix              :        -2.87007 kcal/mol
 VdW interaction energy in the mix                 :       -18.90232 kcal/mol
 Gas liquid transition energy in the mix (H_glt)   :        10.91712 kcal/mol
 Normalized weight factor of molecule in compound  :         0.09089
 Normalized weight factor of molecule in gas phase :         0.10269

 Compound: 2 Conformer: 6 (3-hexanol_c5)
 Chemical potential of the molecule in the mixture :         1.45404 kcal/mol
 Log10(partial pressure [mbar])                    :         0.82594
 Free energy of molecule in mix (E_COSMO+dE+Mu)    :   -196067.92233 kcal/mol
 Total mean interaction energy in the mix          :        -8.94210 kcal/mol
 Misfit interaction energy in the mix              :         2.16827 kcal/mol
 H-Bond interaction energy in the mix              :        -3.01540 kcal/mol
 VdW interaction energy in the mix                 :       -19.01209 kcal/mol
 Gas liquid transition energy in the mix (H_glt)   :        10.91712 kcal/mol
 Normalized weight factor of molecule in compound  :         0.17962
 Normalized weight factor of molecule in gas phase :         0.10123

 Compound: 2 Conformer: 7 (3-hexanol_c6)
 Chemical potential of the molecule in the mixture :         1.94398 kcal/mol
 Log10(partial pressure [mbar])                    :         1.12727
 Free energy of molecule in mix (E_COSMO+dE+Mu)    :   -196067.53930 kcal/mol
 Total mean interaction energy in the mix          :        -8.62877 kcal/mol
 Misfit interaction energy in the mix              :         2.31193 kcal/mol
 H-Bond interaction energy in the mix              :        -2.94276 kcal/mol
 VdW interaction energy in the mix                 :       -18.91507 kcal/mol
 Gas liquid transition energy in the mix (H_glt)   :        10.91712 kcal/mol
 Normalized weight factor of molecule in compound  :         0.09706
 Normalized weight factor of molecule in gas phase :         0.09163

 Compound: 3 Conformer: 1 (lacticacid_c0)
 Chemical potential of the molecule in the mixture :         5.74802 kcal/mol
 Log10(partial pressure [mbar])                    :        -1.02872
 Free energy of molecule in mix (E_COSMO+dE+Mu)    :   -215742.93212 kcal/mol
 Total mean interaction energy in the mix          :        -6.24436 kcal/mol
 Misfit interaction energy in the mix              :         2.60644 kcal/mol
 H-Bond interaction energy in the mix              :        -3.22134 kcal/mol
 VdW interaction energy in the mix                 :       -13.88131 kcal/mol
 Gas liquid transition energy in the mix (H_glt)   :         8.25184 kcal/mol
 Normalized weight factor of molecule in compound  :         0.06462
 Normalized weight factor of molecule in gas phase :         0.00603

 Compound: 3 Conformer: 2 (lacticacid_c1)
 Chemical potential of the molecule in the mixture :         6.11419 kcal/mol
 Log10(partial pressure [mbar])                    :        -0.38279
 Free energy of molecule in mix (E_COSMO+dE+Mu)    :   -215742.38446 kcal/mol
 Total mean interaction energy in the mix          :        -5.72767 kcal/mol
 Misfit interaction energy in the mix              :         2.68581 kcal/mol
 H-Bond interaction energy in the mix              :        -2.82047 kcal/mol
 VdW interaction energy in the mix                 :       -13.84485 kcal/mol
 Gas liquid transition energy in the mix (H_glt)   :         8.25184 kcal/mol
 Normalized weight factor of molecule in compound  :         0.02680
 Normalized weight factor of molecule in gas phase :         0.01137

 Compound: 3 Conformer: 3 (lacticacid_c2)
 Chemical potential of the molecule in the mixture :         3.42555 kcal/mol
 Log10(partial pressure [mbar])                    :        -0.28331
 Free energy of molecule in mix (E_COSMO+dE+Mu)    :   -215744.18092 kcal/mol
 Total mean interaction energy in the mix          :        -7.31582 kcal/mol
 Misfit interaction energy in the mix              :         2.17047 kcal/mol
 H-Bond interaction energy in the mix              :        -3.81612 kcal/mol
 VdW interaction energy in the mix                 :       -13.92201 kcal/mol
 Gas liquid transition energy in the mix (H_glt)   :         8.25184 kcal/mol
 Normalized weight factor of molecule in compound  :         0.48072
 Normalized weight factor of molecule in gas phase :         0.93300

 Compound: 3 Conformer: 4 (lacticacid_c3)
 Chemical potential of the molecule in the mixture :         2.69171 kcal/mol
 Log10(partial pressure [mbar])                    :        -1.83209
 Free energy of molecule in mix (E_COSMO+dE+Mu)    :   -215743.49372 kcal/mol
 Total mean interaction energy in the mix          :        -8.60267 kcal/mol
 Misfit interaction energy in the mix              :         2.26710 kcal/mol
 H-Bond interaction energy in the mix              :        -5.22416 kcal/mol
 VdW interaction energy in the mix                 :       -13.89746 kcal/mol
 Gas liquid transition energy in the mix (H_glt)   :         8.25184 kcal/mol
 Normalized weight factor of molecule in compound  :         0.15933
 Normalized weight factor of molecule in gas phase :         0.02822

 Compound: 3 Conformer: 5 (lacticacid_c4)
 Chemical potential of the molecule in the mixture :         2.76185 kcal/mol
 Log10(partial pressure [mbar])                    :        -3.34388
 Free energy of molecule in mix (E_COSMO+dE+Mu)    :   -215743.33698 kcal/mol
 Total mean interaction energy in the mix          :        -9.21989 kcal/mol
 Misfit interaction energy in the mix              :         2.51476 kcal/mol
 H-Bond interaction energy in the mix              :        -6.04951 kcal/mol
 VdW interaction energy in the mix                 :       -13.93698 kcal/mol
 Gas liquid transition energy in the mix (H_glt)   :         8.25184 kcal/mol
 Normalized weight factor of molecule in compound  :         0.12385
 Normalized weight factor of molecule in gas phase :         0.00067

 Compound: 3 Conformer: 6 (lacticacid_c5)
 Chemical potential of the molecule in the mixture :         2.60181 kcal/mol
 Log10(partial pressure [mbar])                    :        -1.92448
 Free energy of molecule in mix (E_COSMO+dE+Mu)    :   -215743.43365 kcal/mol
 Total mean interaction energy in the mix          :        -8.76455 kcal/mol
 Misfit interaction energy in the mix              :         2.22995 kcal/mol
 H-Bond interaction energy in the mix              :        -5.32129 kcal/mol
 VdW interaction energy in the mix                 :       -13.92505 kcal/mol
 Gas liquid transition energy in the mix (H_glt)   :         8.25184 kcal/mol
 Normalized weight factor of molecule in compound  :         0.14467
 Normalized weight factor of molecule in gas phase :         0.02069




 Results for mixture 41 - LIQ_EX Phase 1 Iteration   20
 ----------------------
 Temperature          :    313.150 K
 Compound Nr.         :         1         2         3
 Compound             :       h2o 3-hexanol lacticaci
 Mole Fraction        :    0.9966    0.0020    0.0014

 Compound: 1  (h2o)
 Chemical potential of the compound in the mixture :         3.46921 kcal/mol
 Log10(partial pressure [mbar])                    :         1.52868
 Free energy of molecule in mix (E_COSMO+dE+Mu)    :    -47989.78406 kcal/mol
 Total mean interaction energy in the mix (H_int)  :        -5.54663 kcal/mol
 Misfit interaction energy in the mix (H_MF)       :         0.59076 kcal/mol
 H-Bond interaction energy in the mix (H_HB)       :        -4.72848 kcal/mol
 VdW interaction energy in the mix (H_vdW)         :        -4.34097 kcal/mol
 Gas liquid transition energy in the mix (H_glt)   :         2.93205 kcal/mol

 Compound: 2  (3-hexanol)
 Chemical potential of the compound in the mixture :         4.15810 kcal/mol
 Log10(partial pressure [mbar])                    :         3.57495
 Free energy of molecule in mix (E_COSMO+dE+Mu)    :   -196065.37878 kcal/mol
 Total mean interaction energy in the mix (H_int)  :        -8.97778 kcal/mol
 Misfit interaction energy in the mix (H_MF)       :         2.45568 kcal/mol
 H-Bond interaction energy in the mix (H_HB)       :        -4.00807 kcal/mol
 VdW interaction energy in the mix (H_vdW)         :       -18.39059 kcal/mol
 Gas liquid transition energy in the mix (H_glt)   :        10.91712 kcal/mol

 Compound: 3  (lacticacid)
 Chemical potential of the compound in the mixture :         4.44262 kcal/mol
 Log10(partial pressure [mbar])                    :        -0.80177
 Free energy of molecule in mix (E_COSMO+dE+Mu)    :   -215744.23752 kcal/mol
 Total mean interaction energy in the mix (H_int)  :        -7.86048 kcal/mol
 Misfit interaction energy in the mix (H_MF)       :         1.99304 kcal/mol
 H-Bond interaction energy in the mix (H_HB)       :        -7.02642 kcal/mol
 VdW interaction energy in the mix (H_vdW)         :       -13.28870 kcal/mol
 Gas liquid transition energy in the mix (H_glt)   :         8.25184 kcal/mol



 Compound: 1 Conformer: 1 (h2o_c0)
 Chemical potential of the molecule in the mixture :         3.46921 kcal/mol
 Log10(partial pressure [mbar])                    :         1.52868
 Free energy of molecule in mix (E_COSMO+dE+Mu)    :    -47989.78406 kcal/mol
 Total mean interaction energy in the mix          :        -5.54663 kcal/mol
 Misfit interaction energy in the mix              :         0.59076 kcal/mol
 H-Bond interaction energy in the mix              :        -4.72848 kcal/mol
 VdW interaction energy in the mix                 :        -4.34097 kcal/mol
 Gas liquid transition energy in the mix (H_glt)   :         2.93205 kcal/mol
 Normalized weight factor of molecule in compound  :         1.00000
 Normalized weight factor of molecule in gas phase :         1.00000

 Compound: 2 Conformer: 1 (3-hexanol_c0)
 Chemical potential of the molecule in the mixture :         5.50241 kcal/mol
 Log10(partial pressure [mbar])                    :         3.87909
 Free energy of molecule in mix (E_COSMO+dE+Mu)    :   -196064.03108 kcal/mol
 Total mean interaction energy in the mix          :        -8.79798 kcal/mol
 Misfit interaction energy in the mix              :         2.43183 kcal/mol
 H-Bond interaction energy in the mix              :        -3.71765 kcal/mol
 VdW interaction energy in the mix                 :       -18.42928 kcal/mol
 Gas liquid transition energy in the mix (H_glt)   :        10.91712 kcal/mol
 Normalized weight factor of molecule in compound  :         0.11467
 Normalized weight factor of molecule in gas phase :         0.19950

 Compound: 2 Conformer: 2 (3-hexanol_c1)
 Chemical potential of the molecule in the mixture :         5.46660 kcal/mol
 Log10(partial pressure [mbar])                    :         3.84503
 Free energy of molecule in mix (E_COSMO+dE+Mu)    :   -196064.06968 kcal/mol
 Total mean interaction energy in the mix          :        -8.81568 kcal/mol
 Misfit interaction energy in the mix              :         2.44553 kcal/mol
 H-Bond interaction energy in the mix              :        -3.75668 kcal/mol
 VdW interaction energy in the mix                 :       -18.42165 kcal/mol
 Gas liquid transition energy in the mix (H_glt)   :        10.91712 kcal/mol
 Normalized weight factor of molecule in compound  :         0.12201
 Normalized weight factor of molecule in gas phase :         0.20228

 Compound: 2 Conformer: 3 (3-hexanol_c2)
 Chemical potential of the molecule in the mixture :         5.60313 kcal/mol
 Log10(partial pressure [mbar])                    :         3.86235
 Free energy of molecule in mix (E_COSMO+dE+Mu)    :   -196063.93375 kcal/mol
 Total mean interaction energy in the mix          :        -8.79521 kcal/mol
 Misfit interaction energy in the mix              :         2.49244 kcal/mol
 H-Bond interaction energy in the mix              :        -3.75806 kcal/mol
 VdW interaction energy in the mix                 :       -18.44670 kcal/mol
 Gas liquid transition energy in the mix (H_glt)   :        10.91712 kcal/mol
 Normalized weight factor of molecule in compound  :         0.09807
 Normalized weight factor of molecule in gas phase :         0.18514

 Compound: 2 Conformer: 4 (3-hexanol_c3)
 Chemical potential of the molecule in the mixture :         5.17299 kcal/mol
 Log10(partial pressure [mbar])                    :         3.43125
 Free energy of molecule in mix (E_COSMO+dE+Mu)    :   -196064.29412 kcal/mol
 Total mean interaction energy in the mix          :        -9.13741 kcal/mol
 Misfit interaction energy in the mix              :         2.43731 kcal/mol
 H-Bond interaction energy in the mix              :        -4.06239 kcal/mol
 VdW interaction energy in the mix                 :       -18.42945 kcal/mol
 Gas liquid transition energy in the mix (H_glt)   :        10.91712 kcal/mol
 Normalized weight factor of molecule in compound  :         0.17499
 Normalized weight factor of molecule in gas phase :         0.11754

 Compound: 2 Conformer: 5 (3-hexanol_c4)
 Chemical potential of the molecule in the mixture :         5.26044 kcal/mol
 Log10(partial pressure [mbar])                    :         3.45885
 Free energy of molecule in mix (E_COSMO+dE+Mu)    :   -196064.26002 kcal/mol
 Total mean interaction energy in the mix          :        -9.16788 kcal/mol
 Misfit interaction energy in the mix              :         2.45651 kcal/mol
 H-Bond interaction energy in the mix              :        -4.23007 kcal/mol
 VdW interaction energy in the mix                 :       -18.31144 kcal/mol
 Gas liquid transition energy in the mix (H_glt)   :        10.91712 kcal/mol
 Normalized weight factor of molecule in compound  :         0.16566
 Normalized weight factor of molecule in gas phase :         0.10269

 Compound: 2 Conformer: 6 (3-hexanol_c5)
 Chemical potential of the molecule in the mixture :         5.20767 kcal/mol
 Log10(partial pressure [mbar])                    :         3.44558
 Free energy of molecule in mix (E_COSMO+dE+Mu)    :   -196064.16870 kcal/mol
 Total mean interaction energy in the mix          :        -9.08603 kcal/mol
 Misfit interaction energy in the mix              :         2.46359 kcal/mol
 H-Bond interaction energy in the mix              :        -4.04625 kcal/mol
 VdW interaction energy in the mix                 :       -18.42048 kcal/mol
 Gas liquid transition energy in the mix (H_glt)   :        10.91712 kcal/mol
 Normalized weight factor of molecule in compound  :         0.14305
 Normalized weight factor of molecule in gas phase :         0.10123

 Compound: 2 Conformer: 7 (3-hexanol_c6)
 Chemical potential of the molecule in the mixture :         5.16628 kcal/mol
 Log10(partial pressure [mbar])                    :         3.37610
 Free energy of molecule in mix (E_COSMO+dE+Mu)    :   -196064.31699 kcal/mol
 Total mean interaction energy in the mix          :        -9.15116 kcal/mol
 Misfit interaction energy in the mix              :         2.46842 kcal/mol
 H-Bond interaction energy in the mix              :        -4.21049 kcal/mol
 VdW interaction energy in the mix                 :       -18.32620 kcal/mol
 Gas liquid transition energy in the mix (H_glt)   :        10.91712 kcal/mol
 Normalized weight factor of molecule in compound  :         0.18155
 Normalized weight factor of molecule in gas phase :         0.09163

 Compound: 3 Conformer: 1 (lacticacid_c0)
 Chemical potential of the molecule in the mixture :         6.39190 kcal/mol
 Log10(partial pressure [mbar])                    :        -0.57937
 Free energy of molecule in mix (E_COSMO+dE+Mu)    :   -215742.28825 kcal/mol
 Total mean interaction energy in the mix          :        -7.35052 kcal/mol
 Misfit interaction energy in the mix              :         2.02904 kcal/mol
 H-Bond interaction energy in the mix              :        -4.39357 kcal/mol
 VdW interaction energy in the mix                 :       -13.23783 kcal/mol
 Gas liquid transition energy in the mix (H_glt)   :         8.25184 kcal/mol
 Normalized weight factor of molecule in compound  :         0.04361
 Normalized weight factor of molecule in gas phase :         0.00603

 Compound: 3 Conformer: 2 (lacticacid_c1)
 Chemical potential of the molecule in the mixture :         6.51395 kcal/mol
 Log10(partial pressure [mbar])                    :        -0.10380
 Free energy of molecule in mix (E_COSMO+dE+Mu)    :   -215741.98470 kcal/mol
 Total mean interaction energy in the mix          :        -6.91495 kcal/mol
 Misfit interaction energy in the mix              :         2.13699 kcal/mol
 H-Bond interaction energy in the mix              :        -4.08888 kcal/mol
 VdW interaction energy in the mix                 :       -13.21491 kcal/mol
 Gas liquid transition energy in the mix (H_glt)   :         8.25184 kcal/mol
 Normalized weight factor of molecule in compound  :         0.02678
 Normalized weight factor of molecule in gas phase :         0.01137

 Compound: 3 Conformer: 3 (lacticacid_c2)
 Chemical potential of the molecule in the mixture :         4.66597 kcal/mol
 Log10(partial pressure [mbar])                    :         0.58238
 Free energy of molecule in mix (E_COSMO+dE+Mu)    :   -215742.94049 kcal/mol
 Total mean interaction energy in the mix          :        -8.01890 kcal/mol
 Misfit interaction energy in the mix              :         2.06908 kcal/mol
 H-Bond interaction energy in the mix              :        -5.03973 kcal/mol
 VdW interaction energy in the mix                 :       -13.30008 kcal/mol
 Gas liquid transition energy in the mix (H_glt)   :         8.25184 kcal/mol
 Normalized weight factor of molecule in compound  :         0.12440
 Normalized weight factor of molecule in gas phase :         0.93300

 Compound: 3 Conformer: 4 (lacticacid_c3)
 Chemical potential of the molecule in the mixture :         2.91497 kcal/mol
 Log10(partial pressure [mbar])                    :        -1.67628
 Free energy of molecule in mix (E_COSMO+dE+Mu)    :   -215743.27046 kcal/mol
 Total mean interaction energy in the mix          :       -10.13077 kcal/mol
 Misfit interaction energy in the mix              :         1.99044 kcal/mol
 H-Bond interaction energy in the mix              :        -7.09664 kcal/mol
 VdW interaction energy in the mix                 :       -13.27641 kcal/mol
 Gas liquid transition energy in the mix (H_glt)   :         8.25184 kcal/mol
 Normalized weight factor of molecule in compound  :         0.21139
 Normalized weight factor of molecule in gas phase :         0.02822

 Compound: 3 Conformer: 5 (lacticacid_c4)
 Chemical potential of the molecule in the mixture :         2.40402 kcal/mol
 Log10(partial pressure [mbar])                    :        -3.59361
 Free energy of molecule in mix (E_COSMO+dE+Mu)    :   -215743.69481 kcal/mol
 Total mean interaction energy in the mix          :       -11.07884 kcal/mol
 Misfit interaction energy in the mix              :         1.97003 kcal/mol
 H-Bond interaction energy in the mix              :        -8.00304 kcal/mol
 VdW interaction energy in the mix                 :       -13.29767 kcal/mol
 Gas liquid transition energy in the mix (H_glt)   :         8.25184 kcal/mol
 Normalized weight factor of molecule in compound  :         0.41806
 Normalized weight factor of molecule in gas phase :         0.00067

 Compound: 3 Conformer: 6 (lacticacid_c5)
 Chemical potential of the molecule in the mixture :         2.87991 kcal/mol
 Log10(partial pressure [mbar])                    :        -1.73040
 Free energy of molecule in mix (E_COSMO+dE+Mu)    :   -215743.15556 kcal/mol
 Total mean interaction energy in the mix          :       -10.20585 kcal/mol
 Misfit interaction energy in the mix              :         1.96623 kcal/mol
 H-Bond interaction energy in the mix              :        -7.12596 kcal/mol
 VdW interaction energy in the mix                 :       -13.29796 kcal/mol
 Gas liquid transition energy in the mix (H_glt)   :         8.25184 kcal/mol
 Normalized weight factor of molecule in compound  :         0.17575
 Normalized weight factor of molecule in gas phase :         0.02069




 Results for mixture 42 - LIQ_EX Phase 2 Iteration   20
 ----------------------
 Temperature          :    313.150 K
 Compound Nr.         :         1         2         3
 Compound             :       h2o 3-hexanol lacticaci
 Mole Fraction        :    0.3442    0.6531    0.0026

 Compound: 1  (h2o)
 Chemical potential of the compound in the mixture :         4.13065 kcal/mol
 Log10(partial pressure [mbar])                    :         1.99029
 Free energy of molecule in mix (E_COSMO+dE+Mu)    :    -47989.12262 kcal/mol
 Total mean interaction energy in the mix (H_int)  :        -5.29707 kcal/mol
 Misfit interaction energy in the mix (H_MF)       :         0.89964 kcal/mol
 H-Bond interaction energy in the mix (H_HB)       :        -4.55689 kcal/mol
 VdW interaction energy in the mix (H_vdW)         :        -4.57187 kcal/mol
 Gas liquid transition energy in the mix (H_glt)   :         2.93205 kcal/mol
 Equilibrium constant Kx(1,2)                      :         2.89478
 Equilibrium concentration x_k(1,2)                :         0.74325

 Compound: 2  (3-hexanol)
 Chemical potential of the compound in the mixture :         0.54614 kcal/mol
 Log10(partial pressure [mbar])                    :         1.05418
 Free energy of molecule in mix (E_COSMO+dE+Mu)    :   -196068.99074 kcal/mol
 Total mean interaction energy in the mix (H_int)  :        -8.59893 kcal/mol
 Misfit interaction energy in the mix (H_MF)       :         2.20845 kcal/mol
 H-Bond interaction energy in the mix (H_HB)       :        -2.77959 kcal/mol
 VdW interaction energy in the mix (H_vdW)         :       -18.99602 kcal/mol
 Gas liquid transition energy in the mix (H_glt)   :        10.91712 kcal/mol
 Equilibrium constant Kx(1,2)                      :  3.01459837E-03
 Equilibrium concentration x_k(1,2)                :         0.00301

 Compound: 3  (lacticacid)
 Chemical potential of the compound in the mixture :         4.04338 kcal/mol
 Log10(partial pressure [mbar])                    :        -1.08040
 Free energy of molecule in mix (E_COSMO+dE+Mu)    :   -215744.63676 kcal/mol
 Total mean interaction energy in the mix (H_int)  :        -6.23375 kcal/mol
 Misfit interaction energy in the mix (H_MF)       :         2.27906 kcal/mol
 H-Bond interaction energy in the mix (H_HB)       :        -4.46981 kcal/mol
 VdW interaction energy in the mix (H_vdW)         :       -13.91568 kcal/mol
 Gas liquid transition energy in the mix (H_glt)   :         8.25184 kcal/mol
 Equilibrium constant Kx(1,2)                      :         0.52647
 Equilibrium concentration x_k(1,2)                :         0.34489



 Compound: 1 Conformer: 1 (h2o_c0)
 Chemical potential of the molecule in the mixture :         4.13065 kcal/mol
 Log10(partial pressure [mbar])                    :         1.99029
 Free energy of molecule in mix (E_COSMO+dE+Mu)    :    -47989.12262 kcal/mol
 Total mean interaction energy in the mix          :        -5.29707 kcal/mol
 Misfit interaction energy in the mix              :         0.89964 kcal/mol
 H-Bond interaction energy in the mix              :        -4.55689 kcal/mol
 VdW interaction energy in the mix                 :        -4.57187 kcal/mol
 Gas liquid transition energy in the mix (H_glt)   :         2.93205 kcal/mol
 Normalized weight factor of molecule in compound  :         1.00000
 Normalized weight factor of molecule in gas phase :         1.00000

 Compound: 2 Conformer: 1 (3-hexanol_c0)
 Chemical potential of the molecule in the mixture :         1.79739 kcal/mol
 Log10(partial pressure [mbar])                    :         1.29338
 Free energy of molecule in mix (E_COSMO+dE+Mu)    :   -196067.73609 kcal/mol
 Total mean interaction energy in the mix          :        -8.37044 kcal/mol
 Misfit interaction energy in the mix              :         2.21504 kcal/mol
 H-Bond interaction energy in the mix              :        -2.49070 kcal/mol
 VdW interaction energy in the mix                 :       -19.01191 kcal/mol
 Gas liquid transition energy in the mix (H_glt)   :        10.91712 kcal/mol
 Normalized weight factor of molecule in compound  :         0.13316
 Normalized weight factor of molecule in gas phase :         0.19950

 Compound: 2 Conformer: 2 (3-hexanol_c1)
 Chemical potential of the molecule in the mixture :         1.79474 kcal/mol
 Log10(partial pressure [mbar])                    :         1.28247
 Free energy of molecule in mix (E_COSMO+dE+Mu)    :   -196067.74154 kcal/mol
 Total mean interaction energy in the mix          :        -8.36957 kcal/mol
 Misfit interaction energy in the mix              :         2.23028 kcal/mol
 H-Bond interaction energy in the mix              :        -2.50976 kcal/mol
 VdW interaction energy in the mix                 :       -19.00720 kcal/mol
 Gas liquid transition energy in the mix (H_glt)   :        10.91712 kcal/mol
 Normalized weight factor of molecule in compound  :         0.13434
 Normalized weight factor of molecule in gas phase :         0.20228

 Compound: 2 Conformer: 3 (3-hexanol_c2)
 Chemical potential of the molecule in the mixture :         1.72991 kcal/mol
 Log10(partial pressure [mbar])                    :         1.15925
 Free energy of molecule in mix (E_COSMO+dE+Mu)    :   -196067.80697 kcal/mol
 Total mean interaction energy in the mix          :        -8.38776 kcal/mol
 Misfit interaction energy in the mix              :         2.17505 kcal/mol
 H-Bond interaction energy in the mix              :        -2.45359 kcal/mol
 VdW interaction energy in the mix                 :       -19.02635 kcal/mol
 Gas liquid transition energy in the mix (H_glt)   :        10.91712 kcal/mol
 Normalized weight factor of molecule in compound  :         0.14923
 Normalized weight factor of molecule in gas phase :         0.18514

 Compound: 2 Conformer: 4 (3-hexanol_c3)
 Chemical potential of the molecule in the mixture :         1.43088 kcal/mol
 Log10(partial pressure [mbar])                    :         0.81966
 Free energy of molecule in mix (E_COSMO+dE+Mu)    :   -196068.03622 kcal/mol
 Total mean interaction energy in the mix          :        -8.99585 kcal/mol
 Misfit interaction energy in the mix              :         2.15133 kcal/mol
 H-Bond interaction energy in the mix              :        -3.04347 kcal/mol
 VdW interaction energy in the mix                 :       -19.02084 kcal/mol
 Gas liquid transition energy in the mix (H_glt)   :        10.91712 kcal/mol
 Normalized weight factor of molecule in compound  :         0.21570
 Normalized weight factor of molecule in gas phase :         0.11754

 Compound: 2 Conformer: 5 (3-hexanol_c4)
 Chemical potential of the molecule in the mixture :         2.02199 kcal/mol
 Log10(partial pressure [mbar])                    :         1.19876
 Free energy of molecule in mix (E_COSMO+dE+Mu)    :   -196067.49846 kcal/mol
 Total mean interaction energy in the mix          :        -8.52962 kcal/mol
 Misfit interaction energy in the mix              :         2.32572 kcal/mol
 H-Bond interaction energy in the mix              :        -2.87017 kcal/mol
 VdW interaction energy in the mix                 :       -18.90230 kcal/mol
 Gas liquid transition energy in the mix (H_glt)   :        10.91712 kcal/mol
 Normalized weight factor of molecule in compound  :         0.09090
 Normalized weight factor of molecule in gas phase :         0.10269

 Compound: 2 Conformer: 6 (3-hexanol_c5)
 Chemical potential of the molecule in the mixture :         1.45406 kcal/mol
 Log10(partial pressure [mbar])                    :         0.82596
 Free energy of molecule in mix (E_COSMO+dE+Mu)    :   -196067.92231 kcal/mol
 Total mean interaction energy in the mix          :        -8.94211 kcal/mol
 Misfit interaction energy in the mix              :         2.16830 kcal/mol
 H-Bond interaction energy in the mix              :        -3.01546 kcal/mol
 VdW interaction energy in the mix                 :       -19.01208 kcal/mol
 Gas liquid transition energy in the mix (H_glt)   :        10.91712 kcal/mol
 Normalized weight factor of molecule in compound  :         0.17962
 Normalized weight factor of molecule in gas phase :         0.10123

 Compound: 2 Conformer: 7 (3-hexanol_c6)
 Chemical potential of the molecule in the mixture :         1.94396 kcal/mol
 Log10(partial pressure [mbar])                    :         1.12726
 Free energy of molecule in mix (E_COSMO+dE+Mu)    :   -196067.53931 kcal/mol
 Total mean interaction energy in the mix          :        -8.62881 kcal/mol
 Misfit interaction energy in the mix              :         2.31197 kcal/mol
 H-Bond interaction energy in the mix              :        -2.94285 kcal/mol
 VdW interaction energy in the mix                 :       -18.91505 kcal/mol
 Gas liquid transition energy in the mix (H_glt)   :        10.91712 kcal/mol
 Normalized weight factor of molecule in compound  :         0.09706
 Normalized weight factor of molecule in gas phase :         0.09163

 Compound: 3 Conformer: 1 (lacticacid_c0)
 Chemical potential of the molecule in the mixture :         5.74799 kcal/mol
 Log10(partial pressure [mbar])                    :        -1.02875
 Free energy of molecule in mix (E_COSMO+dE+Mu)    :   -215742.93215 kcal/mol
 Total mean interaction energy in the mix          :        -6.24445 kcal/mol
 Misfit interaction energy in the mix              :         2.60638 kcal/mol
 H-Bond interaction energy in the mix              :        -3.22139 kcal/mol
 VdW interaction energy in the mix                 :       -13.88129 kcal/mol
 Gas liquid transition energy in the mix (H_glt)   :         8.25184 kcal/mol
 Normalized weight factor of molecule in compound  :         0.06462
 Normalized weight factor of molecule in gas phase :         0.00603

 Compound: 3 Conformer: 2 (lacticacid_c1)
 Chemical potential of the molecule in the mixture :         6.11414 kcal/mol
 Log10(partial pressure [mbar])                    :        -0.38282
 Free energy of molecule in mix (E_COSMO+dE+Mu)    :   -215742.38450 kcal/mol
 Total mean interaction energy in the mix          :        -5.72775 kcal/mol
 Misfit interaction energy in the mix              :         2.68576 kcal/mol
 H-Bond interaction energy in the mix              :        -2.82052 kcal/mol
 VdW interaction energy in the mix                 :       -13.84483 kcal/mol
 Gas liquid transition energy in the mix (H_glt)   :         8.25184 kcal/mol
 Normalized weight factor of molecule in compound  :         0.02680
 Normalized weight factor of molecule in gas phase :         0.01137

 Compound: 3 Conformer: 3 (lacticacid_c2)
 Chemical potential of the molecule in the mixture :         3.42553 kcal/mol
 Log10(partial pressure [mbar])                    :        -0.28332
 Free energy of molecule in mix (E_COSMO+dE+Mu)    :   -215744.18093 kcal/mol
 Total mean interaction energy in the mix          :        -7.31588 kcal/mol
 Misfit interaction energy in the mix              :         2.17044 kcal/mol
 H-Bond interaction energy in the mix              :        -3.81617 kcal/mol
 VdW interaction energy in the mix                 :       -13.92200 kcal/mol
 Gas liquid transition energy in the mix (H_glt)   :         8.25184 kcal/mol
 Normalized weight factor of molecule in compound  :         0.48070
 Normalized weight factor of molecule in gas phase :         0.93300

 Compound: 3 Conformer: 4 (lacticacid_c3)
 Chemical potential of the molecule in the mixture :         2.69165 kcal/mol
 Log10(partial pressure [mbar])                    :        -1.83213
 Free energy of molecule in mix (E_COSMO+dE+Mu)    :   -215743.49378 kcal/mol
 Total mean interaction energy in the mix          :        -8.60278 kcal/mol
 Misfit interaction energy in the mix              :         2.26706 kcal/mol
 H-Bond interaction energy in the mix              :        -5.22424 kcal/mol
 VdW interaction energy in the mix                 :       -13.89744 kcal/mol
 Gas liquid transition energy in the mix (H_glt)   :         8.25184 kcal/mol
 Normalized weight factor of molecule in compound  :         0.15934
 Normalized weight factor of molecule in gas phase :         0.02822

 Compound: 3 Conformer: 5 (lacticacid_c4)
 Chemical potential of the molecule in the mixture :         2.76178 kcal/mol
 Log10(partial pressure [mbar])                    :        -3.34393
 Free energy of molecule in mix (E_COSMO+dE+Mu)    :   -215743.33705 kcal/mol
 Total mean interaction energy in the mix          :        -9.22003 kcal/mol
 Misfit interaction energy in the mix              :         2.51470 kcal/mol
 H-Bond interaction energy in the mix              :        -6.04961 kcal/mol
 VdW interaction energy in the mix                 :       -13.93696 kcal/mol
 Gas liquid transition energy in the mix (H_glt)   :         8.25184 kcal/mol
 Normalized weight factor of molecule in compound  :         0.12386
 Normalized weight factor of molecule in gas phase :         0.00067

 Compound: 3 Conformer: 6 (lacticacid_c5)
 Chemical potential of the molecule in the mixture :         2.60176 kcal/mol
 Log10(partial pressure [mbar])                    :        -1.92451
 Free energy of molecule in mix (E_COSMO+dE+Mu)    :   -215743.43370 kcal/mol
 Total mean interaction energy in the mix          :        -8.76466 kcal/mol
 Misfit interaction energy in the mix              :         2.22990 kcal/mol
 H-Bond interaction energy in the mix              :        -5.32136 kcal/mol
 VdW interaction energy in the mix                 :       -13.92504 kcal/mol
 Gas liquid transition energy in the mix (H_glt)   :         8.25184 kcal/mol
 Normalized weight factor of molecule in compound  :         0.14467
 Normalized weight factor of molecule in gas phase :         0.02069




 Results for mixture 43 - LIQ_EX Phase 1 Iteration   21
 ----------------------
 Temperature          :    313.150 K
 Compound Nr.         :         1         2         3
 Compound             :       h2o 3-hexanol lacticaci
 Mole Fraction        :    0.9966    0.0020    0.0014

 Compound: 1  (h2o)
 Chemical potential of the compound in the mixture :         3.46921 kcal/mol
 Log10(partial pressure [mbar])                    :         1.52868
 Free energy of molecule in mix (E_COSMO+dE+Mu)    :    -47989.78406 kcal/mol
 Total mean interaction energy in the mix (H_int)  :        -5.54663 kcal/mol
 Misfit interaction energy in the mix (H_MF)       :         0.59076 kcal/mol
 H-Bond interaction energy in the mix (H_HB)       :        -4.72848 kcal/mol
 VdW interaction energy in the mix (H_vdW)         :        -4.34097 kcal/mol
 Gas liquid transition energy in the mix (H_glt)   :         2.93205 kcal/mol

 Compound: 2  (3-hexanol)
 Chemical potential of the compound in the mixture :         4.15811 kcal/mol
 Log10(partial pressure [mbar])                    :         3.57495
 Free energy of molecule in mix (E_COSMO+dE+Mu)    :   -196065.37877 kcal/mol
 Total mean interaction energy in the mix (H_int)  :        -8.97778 kcal/mol
 Misfit interaction energy in the mix (H_MF)       :         2.45568 kcal/mol
 H-Bond interaction energy in the mix (H_HB)       :        -4.00807 kcal/mol
 VdW interaction energy in the mix (H_vdW)         :       -18.39059 kcal/mol
 Gas liquid transition energy in the mix (H_glt)   :        10.91712 kcal/mol

 Compound: 3  (lacticacid)
 Chemical potential of the compound in the mixture :         4.44262 kcal/mol
 Log10(partial pressure [mbar])                    :        -0.80177
 Free energy of molecule in mix (E_COSMO+dE+Mu)    :   -215744.23752 kcal/mol
 Total mean interaction energy in the mix (H_int)  :        -7.86048 kcal/mol
 Misfit interaction energy in the mix (H_MF)       :         1.99304 kcal/mol
 H-Bond interaction energy in the mix (H_HB)       :        -7.02642 kcal/mol
 VdW interaction energy in the mix (H_vdW)         :       -13.28870 kcal/mol
 Gas liquid transition energy in the mix (H_glt)   :         8.25184 kcal/mol



 Compound: 1 Conformer: 1 (h2o_c0)
 Chemical potential of the molecule in the mixture :         3.46921 kcal/mol
 Log10(partial pressure [mbar])                    :         1.52868
 Free energy of molecule in mix (E_COSMO+dE+Mu)    :    -47989.78406 kcal/mol
 Total mean interaction energy in the mix          :        -5.54663 kcal/mol
 Misfit interaction energy in the mix              :         0.59076 kcal/mol
 H-Bond interaction energy in the mix              :        -4.72848 kcal/mol
 VdW interaction energy in the mix                 :        -4.34097 kcal/mol
 Gas liquid transition energy in the mix (H_glt)   :         2.93205 kcal/mol
 Normalized weight factor of molecule in compound  :         1.00000
 Normalized weight factor of molecule in gas phase :         1.00000

 Compound: 2 Conformer: 1 (3-hexanol_c0)
 Chemical potential of the molecule in the mixture :         5.50242 kcal/mol
 Log10(partial pressure [mbar])                    :         3.87909
 Free energy of molecule in mix (E_COSMO+dE+Mu)    :   -196064.03107 kcal/mol
 Total mean interaction energy in the mix          :        -8.79798 kcal/mol
 Misfit interaction energy in the mix              :         2.43183 kcal/mol
 H-Bond interaction energy in the mix              :        -3.71765 kcal/mol
 VdW interaction energy in the mix                 :       -18.42928 kcal/mol
 Gas liquid transition energy in the mix (H_glt)   :        10.91712 kcal/mol
 Normalized weight factor of molecule in compound  :         0.11467
 Normalized weight factor of molecule in gas phase :         0.19950

 Compound: 2 Conformer: 2 (3-hexanol_c1)
 Chemical potential of the molecule in the mixture :         5.46661 kcal/mol
 Log10(partial pressure [mbar])                    :         3.84504
 Free energy of molecule in mix (E_COSMO+dE+Mu)    :   -196064.06968 kcal/mol
 Total mean interaction energy in the mix          :        -8.81568 kcal/mol
 Misfit interaction energy in the mix              :         2.44553 kcal/mol
 H-Bond interaction energy in the mix              :        -3.75668 kcal/mol
 VdW interaction energy in the mix                 :       -18.42165 kcal/mol
 Gas liquid transition energy in the mix (H_glt)   :        10.91712 kcal/mol
 Normalized weight factor of molecule in compound  :         0.12201
 Normalized weight factor of molecule in gas phase :         0.20228

 Compound: 2 Conformer: 3 (3-hexanol_c2)
 Chemical potential of the molecule in the mixture :         5.60314 kcal/mol
 Log10(partial pressure [mbar])                    :         3.86235
 Free energy of molecule in mix (E_COSMO+dE+Mu)    :   -196063.93374 kcal/mol
 Total mean interaction energy in the mix          :        -8.79521 kcal/mol
 Misfit interaction energy in the mix              :         2.49243 kcal/mol
 H-Bond interaction energy in the mix              :        -3.75807 kcal/mol
 VdW interaction energy in the mix                 :       -18.44670 kcal/mol
 Gas liquid transition energy in the mix (H_glt)   :        10.91712 kcal/mol
 Normalized weight factor of molecule in compound  :         0.09807
 Normalized weight factor of molecule in gas phase :         0.18514

 Compound: 2 Conformer: 4 (3-hexanol_c3)
 Chemical potential of the molecule in the mixture :         5.17299 kcal/mol
 Log10(partial pressure [mbar])                    :         3.43126
 Free energy of molecule in mix (E_COSMO+dE+Mu)    :   -196064.29411 kcal/mol
 Total mean interaction energy in the mix          :        -9.13741 kcal/mol
 Misfit interaction energy in the mix              :         2.43731 kcal/mol
 H-Bond interaction energy in the mix              :        -4.06239 kcal/mol
 VdW interaction energy in the mix                 :       -18.42945 kcal/mol
 Gas liquid transition energy in the mix (H_glt)   :        10.91712 kcal/mol
 Normalized weight factor of molecule in compound  :         0.17499
 Normalized weight factor of molecule in gas phase :         0.11754

 Compound: 2 Conformer: 5 (3-hexanol_c4)
 Chemical potential of the molecule in the mixture :         5.26044 kcal/mol
 Log10(partial pressure [mbar])                    :         3.45885
 Free energy of molecule in mix (E_COSMO+dE+Mu)    :   -196064.26001 kcal/mol
 Total mean interaction energy in the mix          :        -9.16788 kcal/mol
 Misfit interaction energy in the mix              :         2.45651 kcal/mol
 H-Bond interaction energy in the mix              :        -4.23007 kcal/mol
 VdW interaction energy in the mix                 :       -18.31144 kcal/mol
 Gas liquid transition energy in the mix (H_glt)   :        10.91712 kcal/mol
 Normalized weight factor of molecule in compound  :         0.16566
 Normalized weight factor of molecule in gas phase :         0.10269

 Compound: 2 Conformer: 6 (3-hexanol_c5)
 Chemical potential of the molecule in the mixture :         5.20768 kcal/mol
 Log10(partial pressure [mbar])                    :         3.44558
 Free energy of molecule in mix (E_COSMO+dE+Mu)    :   -196064.16869 kcal/mol
 Total mean interaction energy in the mix          :        -9.08603 kcal/mol
 Misfit interaction energy in the mix              :         2.46359 kcal/mol
 H-Bond interaction energy in the mix              :        -4.04625 kcal/mol
 VdW interaction energy in the mix                 :       -18.42048 kcal/mol
 Gas liquid transition energy in the mix (H_glt)   :        10.91712 kcal/mol
 Normalized weight factor of molecule in compound  :         0.14305
 Normalized weight factor of molecule in gas phase :         0.10123

 Compound: 2 Conformer: 7 (3-hexanol_c6)
 Chemical potential of the molecule in the mixture :         5.16629 kcal/mol
 Log10(partial pressure [mbar])                    :         3.37610
 Free energy of molecule in mix (E_COSMO+dE+Mu)    :   -196064.31699 kcal/mol
 Total mean interaction energy in the mix          :        -9.15116 kcal/mol
 Misfit interaction energy in the mix              :         2.46842 kcal/mol
 H-Bond interaction energy in the mix              :        -4.21049 kcal/mol
 VdW interaction energy in the mix                 :       -18.32620 kcal/mol
 Gas liquid transition energy in the mix (H_glt)   :        10.91712 kcal/mol
 Normalized weight factor of molecule in compound  :         0.18155
 Normalized weight factor of molecule in gas phase :         0.09163

 Compound: 3 Conformer: 1 (lacticacid_c0)
 Chemical potential of the molecule in the mixture :         6.39190 kcal/mol
 Log10(partial pressure [mbar])                    :        -0.57937
 Free energy of molecule in mix (E_COSMO+dE+Mu)    :   -215742.28824 kcal/mol
 Total mean interaction energy in the mix          :        -7.35052 kcal/mol
 Misfit interaction energy in the mix              :         2.02904 kcal/mol
 H-Bond interaction energy in the mix              :        -4.39357 kcal/mol
 VdW interaction energy in the mix                 :       -13.23783 kcal/mol
 Gas liquid transition energy in the mix (H_glt)   :         8.25184 kcal/mol
 Normalized weight factor of molecule in compound  :         0.04361
 Normalized weight factor of molecule in gas phase :         0.00603

 Compound: 3 Conformer: 2 (lacticacid_c1)
 Chemical potential of the molecule in the mixture :         6.51395 kcal/mol
 Log10(partial pressure [mbar])                    :        -0.10380
 Free energy of molecule in mix (E_COSMO+dE+Mu)    :   -215741.98470 kcal/mol
 Total mean interaction energy in the mix          :        -6.91495 kcal/mol
 Misfit interaction energy in the mix              :         2.13699 kcal/mol
 H-Bond interaction energy in the mix              :        -4.08888 kcal/mol
 VdW interaction energy in the mix                 :       -13.21491 kcal/mol
 Gas liquid transition energy in the mix (H_glt)   :         8.25184 kcal/mol
 Normalized weight factor of molecule in compound  :         0.02678
 Normalized weight factor of molecule in gas phase :         0.01137

 Compound: 3 Conformer: 3 (lacticacid_c2)
 Chemical potential of the molecule in the mixture :         4.66597 kcal/mol
 Log10(partial pressure [mbar])                    :         0.58238
 Free energy of molecule in mix (E_COSMO+dE+Mu)    :   -215742.94049 kcal/mol
 Total mean interaction energy in the mix          :        -8.01890 kcal/mol
 Misfit interaction energy in the mix              :         2.06908 kcal/mol
 H-Bond interaction energy in the mix              :        -5.03973 kcal/mol
 VdW interaction energy in the mix                 :       -13.30008 kcal/mol
 Gas liquid transition energy in the mix (H_glt)   :         8.25184 kcal/mol
 Normalized weight factor of molecule in compound  :         0.12440
 Normalized weight factor of molecule in gas phase :         0.93300

 Compound: 3 Conformer: 4 (lacticacid_c3)
 Chemical potential of the molecule in the mixture :         2.91498 kcal/mol
 Log10(partial pressure [mbar])                    :        -1.67628
 Free energy of molecule in mix (E_COSMO+dE+Mu)    :   -215743.27046 kcal/mol
 Total mean interaction energy in the mix          :       -10.13077 kcal/mol
 Misfit interaction energy in the mix              :         1.99044 kcal/mol
 H-Bond interaction energy in the mix              :        -7.09664 kcal/mol
 VdW interaction energy in the mix                 :       -13.27641 kcal/mol
 Gas liquid transition energy in the mix (H_glt)   :         8.25184 kcal/mol
 Normalized weight factor of molecule in compound  :         0.21139
 Normalized weight factor of molecule in gas phase :         0.02822

 Compound: 3 Conformer: 5 (lacticacid_c4)
 Chemical potential of the molecule in the mixture :         2.40403 kcal/mol
 Log10(partial pressure [mbar])                    :        -3.59361
 Free energy of molecule in mix (E_COSMO+dE+Mu)    :   -215743.69480 kcal/mol
 Total mean interaction energy in the mix          :       -11.07884 kcal/mol
 Misfit interaction energy in the mix              :         1.97003 kcal/mol
 H-Bond interaction energy in the mix              :        -8.00304 kcal/mol
 VdW interaction energy in the mix                 :       -13.29767 kcal/mol
 Gas liquid transition energy in the mix (H_glt)   :         8.25184 kcal/mol
 Normalized weight factor of molecule in compound  :         0.41806
 Normalized weight factor of molecule in gas phase :         0.00067

 Compound: 3 Conformer: 6 (lacticacid_c5)
 Chemical potential of the molecule in the mixture :         2.87991 kcal/mol
 Log10(partial pressure [mbar])                    :        -1.73040
 Free energy of molecule in mix (E_COSMO+dE+Mu)    :   -215743.15556 kcal/mol
 Total mean interaction energy in the mix          :       -10.20585 kcal/mol
 Misfit interaction energy in the mix              :         1.96623 kcal/mol
 H-Bond interaction energy in the mix              :        -7.12596 kcal/mol
 VdW interaction energy in the mix                 :       -13.29796 kcal/mol
 Gas liquid transition energy in the mix (H_glt)   :         8.25184 kcal/mol
 Normalized weight factor of molecule in compound  :         0.17575
 Normalized weight factor of molecule in gas phase :         0.02069




 Results for mixture 44 - LIQ_EX Phase 2 Iteration   21
 ----------------------
 Temperature          :    313.150 K
 Compound Nr.         :         1         2         3
 Compound             :       h2o 3-hexanol lacticaci
 Mole Fraction        :    0.3443    0.6531    0.0026

 Compound: 1  (h2o)
 Chemical potential of the compound in the mixture :         4.13064 kcal/mol
 Log10(partial pressure [mbar])                    :         1.99028
 Free energy of molecule in mix (E_COSMO+dE+Mu)    :    -47989.12263 kcal/mol
 Total mean interaction energy in the mix (H_int)  :        -5.29710 kcal/mol
 Misfit interaction energy in the mix (H_MF)       :         0.89960 kcal/mol
 H-Bond interaction energy in the mix (H_HB)       :        -4.55689 kcal/mol
 VdW interaction energy in the mix (H_vdW)         :        -4.57186 kcal/mol
 Gas liquid transition energy in the mix (H_glt)   :         2.93205 kcal/mol
 Equilibrium constant Kx(1,2)                      :         2.89471
 Equilibrium concentration x_k(1,2)                :         0.74324

 Compound: 2  (3-hexanol)
 Chemical potential of the compound in the mixture :         0.54614 kcal/mol
 Log10(partial pressure [mbar])                    :         1.05418
 Free energy of molecule in mix (E_COSMO+dE+Mu)    :   -196068.99074 kcal/mol
 Total mean interaction energy in the mix (H_int)  :        -8.59894 kcal/mol
 Misfit interaction energy in the mix (H_MF)       :         2.20848 kcal/mol
 H-Bond interaction energy in the mix (H_HB)       :        -2.77964 kcal/mol
 VdW interaction energy in the mix (H_vdW)         :       -18.99601 kcal/mol
 Gas liquid transition energy in the mix (H_glt)   :        10.91712 kcal/mol
 Equilibrium constant Kx(1,2)                      :  3.01460950E-03
 Equilibrium concentration x_k(1,2)                :         0.00301

 Compound: 3  (lacticacid)
 Chemical potential of the compound in the mixture :         4.04335 kcal/mol
 Log10(partial pressure [mbar])                    :        -1.08041
 Free energy of molecule in mix (E_COSMO+dE+Mu)    :   -215744.63679 kcal/mol
 Total mean interaction energy in the mix (H_int)  :        -6.23382 kcal/mol
 Misfit interaction energy in the mix (H_MF)       :         2.27904 kcal/mol
 H-Bond interaction energy in the mix (H_HB)       :        -4.46987 kcal/mol
 VdW interaction energy in the mix (H_vdW)         :       -13.91567 kcal/mol
 Gas liquid transition energy in the mix (H_glt)   :         8.25184 kcal/mol
 Equilibrium constant Kx(1,2)                      :         0.52645
 Equilibrium concentration x_k(1,2)                :         0.34488



 Compound: 1 Conformer: 1 (h2o_c0)
 Chemical potential of the molecule in the mixture :         4.13064 kcal/mol
 Log10(partial pressure [mbar])                    :         1.99028
 Free energy of molecule in mix (E_COSMO+dE+Mu)    :    -47989.12263 kcal/mol
 Total mean interaction energy in the mix          :        -5.29710 kcal/mol
 Misfit interaction energy in the mix              :         0.89960 kcal/mol
 H-Bond interaction energy in the mix              :        -4.55689 kcal/mol
 VdW interaction energy in the mix                 :        -4.57186 kcal/mol
 Gas liquid transition energy in the mix (H_glt)   :         2.93205 kcal/mol
 Normalized weight factor of molecule in compound  :         1.00000
 Normalized weight factor of molecule in gas phase :         1.00000

 Compound: 2 Conformer: 1 (3-hexanol_c0)
 Chemical potential of the molecule in the mixture :         1.79740 kcal/mol
 Log10(partial pressure [mbar])                    :         1.29338
 Free energy of molecule in mix (E_COSMO+dE+Mu)    :   -196067.73609 kcal/mol
 Total mean interaction energy in the mix          :        -8.37046 kcal/mol
 Misfit interaction energy in the mix              :         2.21507 kcal/mol
 H-Bond interaction energy in the mix              :        -2.49074 kcal/mol
 VdW interaction energy in the mix                 :       -19.01190 kcal/mol
 Gas liquid transition energy in the mix (H_glt)   :        10.91712 kcal/mol
 Normalized weight factor of molecule in compound  :         0.13316
 Normalized weight factor of molecule in gas phase :         0.19950

 Compound: 2 Conformer: 2 (3-hexanol_c1)
 Chemical potential of the molecule in the mixture :         1.79475 kcal/mol
 Log10(partial pressure [mbar])                    :         1.28247
 Free energy of molecule in mix (E_COSMO+dE+Mu)    :   -196067.74153 kcal/mol
 Total mean interaction energy in the mix          :        -8.36958 kcal/mol
 Misfit interaction energy in the mix              :         2.23030 kcal/mol
 H-Bond interaction energy in the mix              :        -2.50981 kcal/mol
 VdW interaction energy in the mix                 :       -19.00719 kcal/mol
 Gas liquid transition energy in the mix (H_glt)   :        10.91712 kcal/mol
 Normalized weight factor of molecule in compound  :         0.13434
 Normalized weight factor of molecule in gas phase :         0.20228

 Compound: 2 Conformer: 3 (3-hexanol_c2)
 Chemical potential of the molecule in the mixture :         1.72992 kcal/mol
 Log10(partial pressure [mbar])                    :         1.15926
 Free energy of molecule in mix (E_COSMO+dE+Mu)    :   -196067.80696 kcal/mol
 Total mean interaction energy in the mix          :        -8.38779 kcal/mol
 Misfit interaction energy in the mix              :         2.17507 kcal/mol
 H-Bond interaction energy in the mix              :        -2.45364 kcal/mol
 VdW interaction energy in the mix                 :       -19.02634 kcal/mol
 Gas liquid transition energy in the mix (H_glt)   :        10.91712 kcal/mol
 Normalized weight factor of molecule in compound  :         0.14923
 Normalized weight factor of molecule in gas phase :         0.18514

 Compound: 2 Conformer: 4 (3-hexanol_c3)
 Chemical potential of the molecule in the mixture :         1.43090 kcal/mol
 Log10(partial pressure [mbar])                    :         0.81967
 Free energy of molecule in mix (E_COSMO+dE+Mu)    :   -196068.03621 kcal/mol
 Total mean interaction energy in the mix          :        -8.99586 kcal/mol
 Misfit interaction energy in the mix              :         2.15136 kcal/mol
 H-Bond interaction energy in the mix              :        -3.04351 kcal/mol
 VdW interaction energy in the mix                 :       -19.02083 kcal/mol
 Gas liquid transition energy in the mix (H_glt)   :        10.91712 kcal/mol
 Normalized weight factor of molecule in compound  :         0.21570
 Normalized weight factor of molecule in gas phase :         0.11754

 Compound: 2 Conformer: 5 (3-hexanol_c4)
 Chemical potential of the molecule in the mixture :         2.02199 kcal/mol
 Log10(partial pressure [mbar])                    :         1.19875
 Free energy of molecule in mix (E_COSMO+dE+Mu)    :   -196067.49847 kcal/mol
 Total mean interaction energy in the mix          :        -8.52965 kcal/mol
 Misfit interaction energy in the mix              :         2.32575 kcal/mol
 H-Bond interaction energy in the mix              :        -2.87023 kcal/mol
 VdW interaction energy in the mix                 :       -18.90229 kcal/mol
 Gas liquid transition energy in the mix (H_glt)   :        10.91712 kcal/mol
 Normalized weight factor of molecule in compound  :         0.09090
 Normalized weight factor of molecule in gas phase :         0.10269

 Compound: 2 Conformer: 6 (3-hexanol_c5)
 Chemical potential of the molecule in the mixture :         1.45408 kcal/mol
 Log10(partial pressure [mbar])                    :         0.82596
 Free energy of molecule in mix (E_COSMO+dE+Mu)    :   -196067.92229 kcal/mol
 Total mean interaction energy in the mix          :        -8.94212 kcal/mol
 Misfit interaction energy in the mix              :         2.16832 kcal/mol
 H-Bond interaction energy in the mix              :        -3.01550 kcal/mol
 VdW interaction energy in the mix                 :       -19.01207 kcal/mol
 Gas liquid transition energy in the mix (H_glt)   :        10.91712 kcal/mol
 Normalized weight factor of molecule in compound  :         0.17961
 Normalized weight factor of molecule in gas phase :         0.10123

 Compound: 2 Conformer: 7 (3-hexanol_c6)
 Chemical potential of the molecule in the mixture :         1.94396 kcal/mol
 Log10(partial pressure [mbar])                    :         1.12726
 Free energy of molecule in mix (E_COSMO+dE+Mu)    :   -196067.53932 kcal/mol
 Total mean interaction energy in the mix          :        -8.62884 kcal/mol
 Misfit interaction energy in the mix              :         2.31200 kcal/mol
 H-Bond interaction energy in the mix              :        -2.94292 kcal/mol
 VdW interaction energy in the mix                 :       -18.91504 kcal/mol
 Gas liquid transition energy in the mix (H_glt)   :        10.91712 kcal/mol
 Normalized weight factor of molecule in compound  :         0.09707
 Normalized weight factor of molecule in gas phase :         0.09163

 Compound: 3 Conformer: 1 (lacticacid_c0)
 Chemical potential of the molecule in the mixture :         5.74797 kcal/mol
 Log10(partial pressure [mbar])                    :        -1.02876
 Free energy of molecule in mix (E_COSMO+dE+Mu)    :   -215742.93218 kcal/mol
 Total mean interaction energy in the mix          :        -6.24452 kcal/mol
 Misfit interaction energy in the mix              :         2.60634 kcal/mol
 H-Bond interaction energy in the mix              :        -3.22142 kcal/mol
 VdW interaction energy in the mix                 :       -13.88128 kcal/mol
 Gas liquid transition energy in the mix (H_glt)   :         8.25184 kcal/mol
 Normalized weight factor of molecule in compound  :         0.06462
 Normalized weight factor of molecule in gas phase :         0.00603

 Compound: 3 Conformer: 2 (lacticacid_c1)
 Chemical potential of the molecule in the mixture :         6.11411 kcal/mol
 Log10(partial pressure [mbar])                    :        -0.38284
 Free energy of molecule in mix (E_COSMO+dE+Mu)    :   -215742.38454 kcal/mol
 Total mean interaction energy in the mix          :        -5.72780 kcal/mol
 Misfit interaction energy in the mix              :         2.68573 kcal/mol
 H-Bond interaction energy in the mix              :        -2.82055 kcal/mol
 VdW interaction energy in the mix                 :       -13.84482 kcal/mol
 Gas liquid transition energy in the mix (H_glt)   :         8.25184 kcal/mol
 Normalized weight factor of molecule in compound  :         0.02680
 Normalized weight factor of molecule in gas phase :         0.01137

 Compound: 3 Conformer: 3 (lacticacid_c2)
 Chemical potential of the molecule in the mixture :         3.42552 kcal/mol
 Log10(partial pressure [mbar])                    :        -0.28332
 Free energy of molecule in mix (E_COSMO+dE+Mu)    :   -215744.18094 kcal/mol
 Total mean interaction energy in the mix          :        -7.31593 kcal/mol
 Misfit interaction energy in the mix              :         2.17042 kcal/mol
 H-Bond interaction energy in the mix              :        -3.81620 kcal/mol
 VdW interaction energy in the mix                 :       -13.92199 kcal/mol
 Gas liquid transition energy in the mix (H_glt)   :         8.25184 kcal/mol
 Normalized weight factor of molecule in compound  :         0.48069
 Normalized weight factor of molecule in gas phase :         0.93300

 Compound: 3 Conformer: 4 (lacticacid_c3)
 Chemical potential of the molecule in the mixture :         2.69161 kcal/mol
 Log10(partial pressure [mbar])                    :        -1.83216
 Free energy of molecule in mix (E_COSMO+dE+Mu)    :   -215743.49382 kcal/mol
 Total mean interaction energy in the mix          :        -8.60285 kcal/mol
 Misfit interaction energy in the mix              :         2.26703 kcal/mol
 H-Bond interaction energy in the mix              :        -5.22429 kcal/mol
 VdW interaction energy in the mix                 :       -13.89743 kcal/mol
 Gas liquid transition energy in the mix (H_glt)   :         8.25184 kcal/mol
 Normalized weight factor of molecule in compound  :         0.15934
 Normalized weight factor of molecule in gas phase :         0.02822

 Compound: 3 Conformer: 5 (lacticacid_c4)
 Chemical potential of the molecule in the mixture :         2.76173 kcal/mol
 Log10(partial pressure [mbar])                    :        -3.34397
 Free energy of molecule in mix (E_COSMO+dE+Mu)    :   -215743.33710 kcal/mol
 Total mean interaction energy in the mix          :        -9.22012 kcal/mol
 Misfit interaction energy in the mix              :         2.51467 kcal/mol
 H-Bond interaction energy in the mix              :        -6.04968 kcal/mol
 VdW interaction energy in the mix                 :       -13.93695 kcal/mol
 Gas liquid transition energy in the mix (H_glt)   :         8.25184 kcal/mol
 Normalized weight factor of molecule in compound  :         0.12387
 Normalized weight factor of molecule in gas phase :         0.00067

 Compound: 3 Conformer: 6 (lacticacid_c5)
 Chemical potential of the molecule in the mixture :         2.60173 kcal/mol
 Log10(partial pressure [mbar])                    :        -1.92453
 Free energy of molecule in mix (E_COSMO+dE+Mu)    :   -215743.43373 kcal/mol
 Total mean interaction energy in the mix          :        -8.76473 kcal/mol
 Misfit interaction energy in the mix              :         2.22987 kcal/mol
 H-Bond interaction energy in the mix              :        -5.32141 kcal/mol
 VdW interaction energy in the mix                 :       -13.92502 kcal/mol
 Gas liquid transition energy in the mix (H_glt)   :         8.25184 kcal/mol
 Normalized weight factor of molecule in compound  :         0.14468
 Normalized weight factor of molecule in gas phase :         0.02069




 Results for mixture 45 - LIQ_EX Phase 1 Iteration   22
 ----------------------
 Temperature          :    313.150 K
 Compound Nr.         :         1         2         3
 Compound             :       h2o 3-hexanol lacticaci
 Mole Fraction        :    0.9966    0.0020    0.0014

 Compound: 1  (h2o)
 Chemical potential of the compound in the mixture :         3.46921 kcal/mol
 Log10(partial pressure [mbar])                    :         1.52868
 Free energy of molecule in mix (E_COSMO+dE+Mu)    :    -47989.78406 kcal/mol
 Total mean interaction energy in the mix (H_int)  :        -5.54663 kcal/mol
 Misfit interaction energy in the mix (H_MF)       :         0.59076 kcal/mol
 H-Bond interaction energy in the mix (H_HB)       :        -4.72848 kcal/mol
 VdW interaction energy in the mix (H_vdW)         :        -4.34097 kcal/mol
 Gas liquid transition energy in the mix (H_glt)   :         2.93205 kcal/mol

 Compound: 2  (3-hexanol)
 Chemical potential of the compound in the mixture :         4.15811 kcal/mol
 Log10(partial pressure [mbar])                    :         3.57496
 Free energy of molecule in mix (E_COSMO+dE+Mu)    :   -196065.37877 kcal/mol
 Total mean interaction energy in the mix (H_int)  :        -8.97778 kcal/mol
 Misfit interaction energy in the mix (H_MF)       :         2.45568 kcal/mol
 H-Bond interaction energy in the mix (H_HB)       :        -4.00807 kcal/mol
 VdW interaction energy in the mix (H_vdW)         :       -18.39059 kcal/mol
 Gas liquid transition energy in the mix (H_glt)   :        10.91712 kcal/mol

 Compound: 3  (lacticacid)
 Chemical potential of the compound in the mixture :         4.44262 kcal/mol
 Log10(partial pressure [mbar])                    :        -0.80177
 Free energy of molecule in mix (E_COSMO+dE+Mu)    :   -215744.23752 kcal/mol
 Total mean interaction energy in the mix (H_int)  :        -7.86049 kcal/mol
 Misfit interaction energy in the mix (H_MF)       :         1.99304 kcal/mol
 H-Bond interaction energy in the mix (H_HB)       :        -7.02642 kcal/mol
 VdW interaction energy in the mix (H_vdW)         :       -13.28870 kcal/mol
 Gas liquid transition energy in the mix (H_glt)   :         8.25184 kcal/mol



 Compound: 1 Conformer: 1 (h2o_c0)
 Chemical potential of the molecule in the mixture :         3.46921 kcal/mol
 Log10(partial pressure [mbar])                    :         1.52868
 Free energy of molecule in mix (E_COSMO+dE+Mu)    :    -47989.78406 kcal/mol
 Total mean interaction energy in the mix          :        -5.54663 kcal/mol
 Misfit interaction energy in the mix              :         0.59076 kcal/mol
 H-Bond interaction energy in the mix              :        -4.72848 kcal/mol
 VdW interaction energy in the mix                 :        -4.34097 kcal/mol
 Gas liquid transition energy in the mix (H_glt)   :         2.93205 kcal/mol
 Normalized weight factor of molecule in compound  :         1.00000
 Normalized weight factor of molecule in gas phase :         1.00000

 Compound: 2 Conformer: 1 (3-hexanol_c0)
 Chemical potential of the molecule in the mixture :         5.50242 kcal/mol
 Log10(partial pressure [mbar])                    :         3.87909
 Free energy of molecule in mix (E_COSMO+dE+Mu)    :   -196064.03107 kcal/mol
 Total mean interaction energy in the mix          :        -8.79798 kcal/mol
 Misfit interaction energy in the mix              :         2.43183 kcal/mol
 H-Bond interaction energy in the mix              :        -3.71765 kcal/mol
 VdW interaction energy in the mix                 :       -18.42927 kcal/mol
 Gas liquid transition energy in the mix (H_glt)   :        10.91712 kcal/mol
 Normalized weight factor of molecule in compound  :         0.11467
 Normalized weight factor of molecule in gas phase :         0.19950

 Compound: 2 Conformer: 2 (3-hexanol_c1)
 Chemical potential of the molecule in the mixture :         5.46661 kcal/mol
 Log10(partial pressure [mbar])                    :         3.84504
 Free energy of molecule in mix (E_COSMO+dE+Mu)    :   -196064.06967 kcal/mol
 Total mean interaction energy in the mix          :        -8.81568 kcal/mol
 Misfit interaction energy in the mix              :         2.44553 kcal/mol
 H-Bond interaction energy in the mix              :        -3.75668 kcal/mol
 VdW interaction energy in the mix                 :       -18.42165 kcal/mol
 Gas liquid transition energy in the mix (H_glt)   :        10.91712 kcal/mol
 Normalized weight factor of molecule in compound  :         0.12201
 Normalized weight factor of molecule in gas phase :         0.20228

 Compound: 2 Conformer: 3 (3-hexanol_c2)
 Chemical potential of the molecule in the mixture :         5.60314 kcal/mol
 Log10(partial pressure [mbar])                    :         3.86235
 Free energy of molecule in mix (E_COSMO+dE+Mu)    :   -196063.93374 kcal/mol
 Total mean interaction energy in the mix          :        -8.79521 kcal/mol
 Misfit interaction energy in the mix              :         2.49243 kcal/mol
 H-Bond interaction energy in the mix              :        -3.75807 kcal/mol
 VdW interaction energy in the mix                 :       -18.44669 kcal/mol
 Gas liquid transition energy in the mix (H_glt)   :        10.91712 kcal/mol
 Normalized weight factor of molecule in compound  :         0.09807
 Normalized weight factor of molecule in gas phase :         0.18514

 Compound: 2 Conformer: 4 (3-hexanol_c3)
 Chemical potential of the molecule in the mixture :         5.17300 kcal/mol
 Log10(partial pressure [mbar])                    :         3.43126
 Free energy of molecule in mix (E_COSMO+dE+Mu)    :   -196064.29411 kcal/mol
 Total mean interaction energy in the mix          :        -9.13741 kcal/mol
 Misfit interaction energy in the mix              :         2.43731 kcal/mol
 H-Bond interaction energy in the mix              :        -4.06239 kcal/mol
 VdW interaction energy in the mix                 :       -18.42945 kcal/mol
 Gas liquid transition energy in the mix (H_glt)   :        10.91712 kcal/mol
 Normalized weight factor of molecule in compound  :         0.17499
 Normalized weight factor of molecule in gas phase :         0.11754

 Compound: 2 Conformer: 5 (3-hexanol_c4)
 Chemical potential of the molecule in the mixture :         5.26045 kcal/mol
 Log10(partial pressure [mbar])                    :         3.45885
 Free energy of molecule in mix (E_COSMO+dE+Mu)    :   -196064.26001 kcal/mol
 Total mean interaction energy in the mix          :        -9.16788 kcal/mol
 Misfit interaction energy in the mix              :         2.45651 kcal/mol
 H-Bond interaction energy in the mix              :        -4.23007 kcal/mol
 VdW interaction energy in the mix                 :       -18.31144 kcal/mol
 Gas liquid transition energy in the mix (H_glt)   :        10.91712 kcal/mol
 Normalized weight factor of molecule in compound  :         0.16566
 Normalized weight factor of molecule in gas phase :         0.10269

 Compound: 2 Conformer: 6 (3-hexanol_c5)
 Chemical potential of the molecule in the mixture :         5.20768 kcal/mol
 Log10(partial pressure [mbar])                    :         3.44558
 Free energy of molecule in mix (E_COSMO+dE+Mu)    :   -196064.16869 kcal/mol
 Total mean interaction energy in the mix          :        -9.08603 kcal/mol
 Misfit interaction energy in the mix              :         2.46359 kcal/mol
 H-Bond interaction energy in the mix              :        -4.04625 kcal/mol
 VdW interaction energy in the mix                 :       -18.42048 kcal/mol
 Gas liquid transition energy in the mix (H_glt)   :        10.91712 kcal/mol
 Normalized weight factor of molecule in compound  :         0.14305
 Normalized weight factor of molecule in gas phase :         0.10123

 Compound: 2 Conformer: 7 (3-hexanol_c6)
 Chemical potential of the molecule in the mixture :         5.16629 kcal/mol
 Log10(partial pressure [mbar])                    :         3.37610
 Free energy of molecule in mix (E_COSMO+dE+Mu)    :   -196064.31698 kcal/mol
 Total mean interaction energy in the mix          :        -9.15116 kcal/mol
 Misfit interaction energy in the mix              :         2.46842 kcal/mol
 H-Bond interaction energy in the mix              :        -4.21049 kcal/mol
 VdW interaction energy in the mix                 :       -18.32620 kcal/mol
 Gas liquid transition energy in the mix (H_glt)   :        10.91712 kcal/mol
 Normalized weight factor of molecule in compound  :         0.18155
 Normalized weight factor of molecule in gas phase :         0.09163

 Compound: 3 Conformer: 1 (lacticacid_c0)
 Chemical potential of the molecule in the mixture :         6.39190 kcal/mol
 Log10(partial pressure [mbar])                    :        -0.57937
 Free energy of molecule in mix (E_COSMO+dE+Mu)    :   -215742.28824 kcal/mol
 Total mean interaction energy in the mix          :        -7.35052 kcal/mol
 Misfit interaction energy in the mix              :         2.02904 kcal/mol
 H-Bond interaction energy in the mix              :        -4.39357 kcal/mol
 VdW interaction energy in the mix                 :       -13.23783 kcal/mol
 Gas liquid transition energy in the mix (H_glt)   :         8.25184 kcal/mol
 Normalized weight factor of molecule in compound  :         0.04361
 Normalized weight factor of molecule in gas phase :         0.00603

 Compound: 3 Conformer: 2 (lacticacid_c1)
 Chemical potential of the molecule in the mixture :         6.51395 kcal/mol
 Log10(partial pressure [mbar])                    :        -0.10380
 Free energy of molecule in mix (E_COSMO+dE+Mu)    :   -215741.98469 kcal/mol
 Total mean interaction energy in the mix          :        -6.91495 kcal/mol
 Misfit interaction energy in the mix              :         2.13699 kcal/mol
 H-Bond interaction energy in the mix              :        -4.08888 kcal/mol
 VdW interaction energy in the mix                 :       -13.21491 kcal/mol
 Gas liquid transition energy in the mix (H_glt)   :         8.25184 kcal/mol
 Normalized weight factor of molecule in compound  :         0.02678
 Normalized weight factor of molecule in gas phase :         0.01137

 Compound: 3 Conformer: 3 (lacticacid_c2)
 Chemical potential of the molecule in the mixture :         4.66597 kcal/mol
 Log10(partial pressure [mbar])                    :         0.58238
 Free energy of molecule in mix (E_COSMO+dE+Mu)    :   -215742.94049 kcal/mol
 Total mean interaction energy in the mix          :        -8.01890 kcal/mol
 Misfit interaction energy in the mix              :         2.06908 kcal/mol
 H-Bond interaction energy in the mix              :        -5.03973 kcal/mol
 VdW interaction energy in the mix                 :       -13.30008 kcal/mol
 Gas liquid transition energy in the mix (H_glt)   :         8.25184 kcal/mol
 Normalized weight factor of molecule in compound  :         0.12440
 Normalized weight factor of molecule in gas phase :         0.93300

 Compound: 3 Conformer: 4 (lacticacid_c3)
 Chemical potential of the molecule in the mixture :         2.91498 kcal/mol
 Log10(partial pressure [mbar])                    :        -1.67627
 Free energy of molecule in mix (E_COSMO+dE+Mu)    :   -215743.27045 kcal/mol
 Total mean interaction energy in the mix          :       -10.13077 kcal/mol
 Misfit interaction energy in the mix              :         1.99044 kcal/mol
 H-Bond interaction energy in the mix              :        -7.09664 kcal/mol
 VdW interaction energy in the mix                 :       -13.27641 kcal/mol
 Gas liquid transition energy in the mix (H_glt)   :         8.25184 kcal/mol
 Normalized weight factor of molecule in compound  :         0.21139
 Normalized weight factor of molecule in gas phase :         0.02822

 Compound: 3 Conformer: 5 (lacticacid_c4)
 Chemical potential of the molecule in the mixture :         2.40403 kcal/mol
 Log10(partial pressure [mbar])                    :        -3.59361
 Free energy of molecule in mix (E_COSMO+dE+Mu)    :   -215743.69480 kcal/mol
 Total mean interaction energy in the mix          :       -11.07884 kcal/mol
 Misfit interaction energy in the mix              :         1.97003 kcal/mol
 H-Bond interaction energy in the mix              :        -8.00304 kcal/mol
 VdW interaction energy in the mix                 :       -13.29767 kcal/mol
 Gas liquid transition energy in the mix (H_glt)   :         8.25184 kcal/mol
 Normalized weight factor of molecule in compound  :         0.41806
 Normalized weight factor of molecule in gas phase :         0.00067

 Compound: 3 Conformer: 6 (lacticacid_c5)
 Chemical potential of the molecule in the mixture :         2.87991 kcal/mol
 Log10(partial pressure [mbar])                    :        -1.73040
 Free energy of molecule in mix (E_COSMO+dE+Mu)    :   -215743.15556 kcal/mol
 Total mean interaction energy in the mix          :       -10.20585 kcal/mol
 Misfit interaction energy in the mix              :         1.96623 kcal/mol
 H-Bond interaction energy in the mix              :        -7.12596 kcal/mol
 VdW interaction energy in the mix                 :       -13.29796 kcal/mol
 Gas liquid transition energy in the mix (H_glt)   :         8.25184 kcal/mol
 Normalized weight factor of molecule in compound  :         0.17575
 Normalized weight factor of molecule in gas phase :         0.02069




 Results for mixture 46 - LIQ_EX Phase 2 Iteration   22
 ----------------------
 Temperature          :    313.150 K
 Compound Nr.         :         1         2         3
 Compound             :       h2o 3-hexanol lacticaci
 Mole Fraction        :    0.3443    0.6531    0.0026

 Compound: 1  (h2o)
 Chemical potential of the compound in the mixture :         4.13063 kcal/mol
 Log10(partial pressure [mbar])                    :         1.99028
 Free energy of molecule in mix (E_COSMO+dE+Mu)    :    -47989.12264 kcal/mol
 Total mean interaction energy in the mix (H_int)  :        -5.29712 kcal/mol
 Misfit interaction energy in the mix (H_MF)       :         0.89958 kcal/mol
 H-Bond interaction energy in the mix (H_HB)       :        -4.55690 kcal/mol
 VdW interaction energy in the mix (H_vdW)         :        -4.57186 kcal/mol
 Gas liquid transition energy in the mix (H_glt)   :         2.93205 kcal/mol
 Equilibrium constant Kx(1,2)                      :         2.89467
 Equilibrium concentration x_k(1,2)                :         0.74324

 Compound: 2  (3-hexanol)
 Chemical potential of the compound in the mixture :         0.54615 kcal/mol
 Log10(partial pressure [mbar])                    :         1.05419
 Free energy of molecule in mix (E_COSMO+dE+Mu)    :   -196068.99073 kcal/mol
 Total mean interaction energy in the mix (H_int)  :        -8.59895 kcal/mol
 Misfit interaction energy in the mix (H_MF)       :         2.20849 kcal/mol
 H-Bond interaction energy in the mix (H_HB)       :        -2.77967 kcal/mol
 VdW interaction energy in the mix (H_vdW)         :       -18.99601 kcal/mol
 Gas liquid transition energy in the mix (H_glt)   :        10.91712 kcal/mol
 Equilibrium constant Kx(1,2)                      :  3.01461704E-03
 Equilibrium concentration x_k(1,2)                :         0.00301

 Compound: 3  (lacticacid)
 Chemical potential of the compound in the mixture :         4.04334 kcal/mol
 Log10(partial pressure [mbar])                    :        -1.08043
 Free energy of molecule in mix (E_COSMO+dE+Mu)    :   -215744.63680 kcal/mol
 Total mean interaction energy in the mix (H_int)  :        -6.23386 kcal/mol
 Misfit interaction energy in the mix (H_MF)       :         2.27902 kcal/mol
 H-Bond interaction energy in the mix (H_HB)       :        -4.46992 kcal/mol
 VdW interaction energy in the mix (H_vdW)         :       -13.91566 kcal/mol
 Gas liquid transition energy in the mix (H_glt)   :         8.25184 kcal/mol
 Equilibrium constant Kx(1,2)                      :         0.52643
 Equilibrium concentration x_k(1,2)                :         0.34488



 Compound: 1 Conformer: 1 (h2o_c0)
 Chemical potential of the molecule in the mixture :         4.13063 kcal/mol
 Log10(partial pressure [mbar])                    :         1.99028
 Free energy of molecule in mix (E_COSMO+dE+Mu)    :    -47989.12264 kcal/mol
 Total mean interaction energy in the mix          :        -5.29712 kcal/mol
 Misfit interaction energy in the mix              :         0.89958 kcal/mol
 H-Bond interaction energy in the mix              :        -4.55690 kcal/mol
 VdW interaction energy in the mix                 :        -4.57186 kcal/mol
 Gas liquid transition energy in the mix (H_glt)   :         2.93205 kcal/mol
 Normalized weight factor of molecule in compound  :         1.00000
 Normalized weight factor of molecule in gas phase :         1.00000

 Compound: 2 Conformer: 1 (3-hexanol_c0)
 Chemical potential of the molecule in the mixture :         1.79741 kcal/mol
 Log10(partial pressure [mbar])                    :         1.29339
 Free energy of molecule in mix (E_COSMO+dE+Mu)    :   -196067.73608 kcal/mol
 Total mean interaction energy in the mix          :        -8.37047 kcal/mol
 Misfit interaction energy in the mix              :         2.21508 kcal/mol
 H-Bond interaction energy in the mix              :        -2.49078 kcal/mol
 VdW interaction energy in the mix                 :       -19.01189 kcal/mol
 Gas liquid transition energy in the mix (H_glt)   :        10.91712 kcal/mol
 Normalized weight factor of molecule in compound  :         0.13316
 Normalized weight factor of molecule in gas phase :         0.19950

 Compound: 2 Conformer: 2 (3-hexanol_c1)
 Chemical potential of the molecule in the mixture :         1.79476 kcal/mol
 Log10(partial pressure [mbar])                    :         1.28247
 Free energy of molecule in mix (E_COSMO+dE+Mu)    :   -196067.74153 kcal/mol
 Total mean interaction energy in the mix          :        -8.36959 kcal/mol
 Misfit interaction energy in the mix              :         2.23032 kcal/mol
 H-Bond interaction energy in the mix              :        -2.50984 kcal/mol
 VdW interaction energy in the mix                 :       -19.00719 kcal/mol
 Gas liquid transition energy in the mix (H_glt)   :        10.91712 kcal/mol
 Normalized weight factor of molecule in compound  :         0.13434
 Normalized weight factor of molecule in gas phase :         0.20228

 Compound: 2 Conformer: 3 (3-hexanol_c2)
 Chemical potential of the molecule in the mixture :         1.72993 kcal/mol
 Log10(partial pressure [mbar])                    :         1.15926
 Free energy of molecule in mix (E_COSMO+dE+Mu)    :   -196067.80695 kcal/mol
 Total mean interaction energy in the mix          :        -8.38780 kcal/mol
 Misfit interaction energy in the mix              :         2.17509 kcal/mol
 H-Bond interaction energy in the mix              :        -2.45368 kcal/mol
 VdW interaction energy in the mix                 :       -19.02633 kcal/mol
 Gas liquid transition energy in the mix (H_glt)   :        10.91712 kcal/mol
 Normalized weight factor of molecule in compound  :         0.14923
 Normalized weight factor of molecule in gas phase :         0.18514

 Compound: 2 Conformer: 4 (3-hexanol_c3)
 Chemical potential of the molecule in the mixture :         1.43090 kcal/mol
 Log10(partial pressure [mbar])                    :         0.81968
 Free energy of molecule in mix (E_COSMO+dE+Mu)    :   -196068.03620 kcal/mol
 Total mean interaction energy in the mix          :        -8.99587 kcal/mol
 Misfit interaction energy in the mix              :         2.15137 kcal/mol
 H-Bond interaction energy in the mix              :        -3.04354 kcal/mol
 VdW interaction energy in the mix                 :       -19.02082 kcal/mol
 Gas liquid transition energy in the mix (H_glt)   :        10.91712 kcal/mol
 Normalized weight factor of molecule in compound  :         0.21569
 Normalized weight factor of molecule in gas phase :         0.11754

 Compound: 2 Conformer: 5 (3-hexanol_c4)
 Chemical potential of the molecule in the mixture :         2.02198 kcal/mol
 Log10(partial pressure [mbar])                    :         1.19875
 Free energy of molecule in mix (E_COSMO+dE+Mu)    :   -196067.49847 kcal/mol
 Total mean interaction energy in the mix          :        -8.52967 kcal/mol
 Misfit interaction energy in the mix              :         2.32577 kcal/mol
 H-Bond interaction energy in the mix              :        -2.87027 kcal/mol
 VdW interaction energy in the mix                 :       -18.90228 kcal/mol
 Gas liquid transition energy in the mix (H_glt)   :        10.91712 kcal/mol
 Normalized weight factor of molecule in compound  :         0.09090
 Normalized weight factor of molecule in gas phase :         0.10269

 Compound: 2 Conformer: 6 (3-hexanol_c5)
 Chemical potential of the molecule in the mixture :         1.45408 kcal/mol
 Log10(partial pressure [mbar])                    :         0.82597
 Free energy of molecule in mix (E_COSMO+dE+Mu)    :   -196067.92229 kcal/mol
 Total mean interaction energy in the mix          :        -8.94213 kcal/mol
 Misfit interaction energy in the mix              :         2.16834 kcal/mol
 H-Bond interaction energy in the mix              :        -3.01553 kcal/mol
 VdW interaction energy in the mix                 :       -19.01206 kcal/mol
 Gas liquid transition energy in the mix (H_glt)   :        10.91712 kcal/mol
 Normalized weight factor of molecule in compound  :         0.17961
 Normalized weight factor of molecule in gas phase :         0.10123

 Compound: 2 Conformer: 7 (3-hexanol_c6)
 Chemical potential of the molecule in the mixture :         1.94395 kcal/mol
 Log10(partial pressure [mbar])                    :         1.12725
 Free energy of molecule in mix (E_COSMO+dE+Mu)    :   -196067.53932 kcal/mol
 Total mean interaction energy in the mix          :        -8.62886 kcal/mol
 Misfit interaction energy in the mix              :         2.31201 kcal/mol
 H-Bond interaction energy in the mix              :        -2.94296 kcal/mol
 VdW interaction energy in the mix                 :       -18.91503 kcal/mol
 Gas liquid transition energy in the mix (H_glt)   :        10.91712 kcal/mol
 Normalized weight factor of molecule in compound  :         0.09707
 Normalized weight factor of molecule in gas phase :         0.09163

 Compound: 3 Conformer: 1 (lacticacid_c0)
 Chemical potential of the molecule in the mixture :         5.74795 kcal/mol
 Log10(partial pressure [mbar])                    :        -1.02877
 Free energy of molecule in mix (E_COSMO+dE+Mu)    :   -215742.93219 kcal/mol
 Total mean interaction energy in the mix          :        -6.24456 kcal/mol
 Misfit interaction energy in the mix              :         2.60631 kcal/mol
 H-Bond interaction energy in the mix              :        -3.22144 kcal/mol
 VdW interaction energy in the mix                 :       -13.88127 kcal/mol
 Gas liquid transition energy in the mix (H_glt)   :         8.25184 kcal/mol
 Normalized weight factor of molecule in compound  :         0.06462
 Normalized weight factor of molecule in gas phase :         0.00603

 Compound: 3 Conformer: 2 (lacticacid_c1)
 Chemical potential of the molecule in the mixture :         6.11409 kcal/mol
 Log10(partial pressure [mbar])                    :        -0.38286
 Free energy of molecule in mix (E_COSMO+dE+Mu)    :   -215742.38456 kcal/mol
 Total mean interaction energy in the mix          :        -5.72784 kcal/mol
 Misfit interaction energy in the mix              :         2.68570 kcal/mol
 H-Bond interaction energy in the mix              :        -2.82057 kcal/mol
 VdW interaction energy in the mix                 :       -13.84481 kcal/mol
 Gas liquid transition energy in the mix (H_glt)   :         8.25184 kcal/mol
 Normalized weight factor of molecule in compound  :         0.02680
 Normalized weight factor of molecule in gas phase :         0.01137

 Compound: 3 Conformer: 3 (lacticacid_c2)
 Chemical potential of the molecule in the mixture :         3.42551 kcal/mol
 Log10(partial pressure [mbar])                    :        -0.28333
 Free energy of molecule in mix (E_COSMO+dE+Mu)    :   -215744.18095 kcal/mol
 Total mean interaction energy in the mix          :        -7.31596 kcal/mol
 Misfit interaction energy in the mix              :         2.17041 kcal/mol
 H-Bond interaction energy in the mix              :        -3.81623 kcal/mol
 VdW interaction energy in the mix                 :       -13.92198 kcal/mol
 Gas liquid transition energy in the mix (H_glt)   :         8.25184 kcal/mol
 Normalized weight factor of molecule in compound  :         0.48069
 Normalized weight factor of molecule in gas phase :         0.93300

 Compound: 3 Conformer: 4 (lacticacid_c3)
 Chemical potential of the molecule in the mixture :         2.69159 kcal/mol
 Log10(partial pressure [mbar])                    :        -1.83218
 Free energy of molecule in mix (E_COSMO+dE+Mu)    :   -215743.49384 kcal/mol
 Total mean interaction energy in the mix          :        -8.60290 kcal/mol
 Misfit interaction energy in the mix              :         2.26700 kcal/mol
 H-Bond interaction energy in the mix              :        -5.22433 kcal/mol
 VdW interaction energy in the mix                 :       -13.89742 kcal/mol
 Gas liquid transition energy in the mix (H_glt)   :         8.25184 kcal/mol
 Normalized weight factor of molecule in compound  :         0.15934
 Normalized weight factor of molecule in gas phase :         0.02822

 Compound: 3 Conformer: 5 (lacticacid_c4)
 Chemical potential of the molecule in the mixture :         2.76170 kcal/mol
 Log10(partial pressure [mbar])                    :        -3.34399
 Free energy of molecule in mix (E_COSMO+dE+Mu)    :   -215743.33713 kcal/mol
 Total mean interaction energy in the mix          :        -9.22018 kcal/mol
 Misfit interaction energy in the mix              :         2.51464 kcal/mol
 H-Bond interaction energy in the mix              :        -6.04973 kcal/mol
 VdW interaction energy in the mix                 :       -13.93694 kcal/mol
 Gas liquid transition energy in the mix (H_glt)   :         8.25184 kcal/mol
 Normalized weight factor of molecule in compound  :         0.12387
 Normalized weight factor of molecule in gas phase :         0.00067

 Compound: 3 Conformer: 6 (lacticacid_c5)
 Chemical potential of the molecule in the mixture :         2.60171 kcal/mol
 Log10(partial pressure [mbar])                    :        -1.92455
 Free energy of molecule in mix (E_COSMO+dE+Mu)    :   -215743.43376 kcal/mol
 Total mean interaction energy in the mix          :        -8.76478 kcal/mol
 Misfit interaction energy in the mix              :         2.22984 kcal/mol
 H-Bond interaction energy in the mix              :        -5.32145 kcal/mol
 VdW interaction energy in the mix                 :       -13.92501 kcal/mol
 Gas liquid transition energy in the mix (H_glt)   :         8.25184 kcal/mol
 Normalized weight factor of molecule in compound  :         0.14468
 Normalized weight factor of molecule in gas phase :         0.02069




 Results for mixture 47 - LIQ_EX Phase 1 Iteration   23
 ----------------------
 Temperature          :    313.150 K
 Compound Nr.         :         1         2         3
 Compound             :       h2o 3-hexanol lacticaci
 Mole Fraction        :    0.9966    0.0020    0.0014

 Compound: 1  (h2o)
 Chemical potential of the compound in the mixture :         3.46921 kcal/mol
 Log10(partial pressure [mbar])                    :         1.52868
 Free energy of molecule in mix (E_COSMO+dE+Mu)    :    -47989.78406 kcal/mol
 Total mean interaction energy in the mix (H_int)  :        -5.54663 kcal/mol
 Misfit interaction energy in the mix (H_MF)       :         0.59076 kcal/mol
 H-Bond interaction energy in the mix (H_HB)       :        -4.72848 kcal/mol
 VdW interaction energy in the mix (H_vdW)         :        -4.34097 kcal/mol
 Gas liquid transition energy in the mix (H_glt)   :         2.93205 kcal/mol

 Compound: 2  (3-hexanol)
 Chemical potential of the compound in the mixture :         4.15812 kcal/mol
 Log10(partial pressure [mbar])                    :         3.57496
 Free energy of molecule in mix (E_COSMO+dE+Mu)    :   -196065.37876 kcal/mol
 Total mean interaction energy in the mix (H_int)  :        -8.97778 kcal/mol
 Misfit interaction energy in the mix (H_MF)       :         2.45568 kcal/mol
 H-Bond interaction energy in the mix (H_HB)       :        -4.00807 kcal/mol
 VdW interaction energy in the mix (H_vdW)         :       -18.39059 kcal/mol
 Gas liquid transition energy in the mix (H_glt)   :        10.91712 kcal/mol

 Compound: 3  (lacticacid)
 Chemical potential of the compound in the mixture :         4.44263 kcal/mol
 Log10(partial pressure [mbar])                    :        -0.80177
 Free energy of molecule in mix (E_COSMO+dE+Mu)    :   -215744.23752 kcal/mol
 Total mean interaction energy in the mix (H_int)  :        -7.86049 kcal/mol
 Misfit interaction energy in the mix (H_MF)       :         1.99304 kcal/mol
 H-Bond interaction energy in the mix (H_HB)       :        -7.02643 kcal/mol
 VdW interaction energy in the mix (H_vdW)         :       -13.28870 kcal/mol
 Gas liquid transition energy in the mix (H_glt)   :         8.25184 kcal/mol



 Compound: 1 Conformer: 1 (h2o_c0)
 Chemical potential of the molecule in the mixture :         3.46921 kcal/mol
 Log10(partial pressure [mbar])                    :         1.52868
 Free energy of molecule in mix (E_COSMO+dE+Mu)    :    -47989.78406 kcal/mol
 Total mean interaction energy in the mix          :        -5.54663 kcal/mol
 Misfit interaction energy in the mix              :         0.59076 kcal/mol
 H-Bond interaction energy in the mix              :        -4.72848 kcal/mol
 VdW interaction energy in the mix                 :        -4.34097 kcal/mol
 Gas liquid transition energy in the mix (H_glt)   :         2.93205 kcal/mol
 Normalized weight factor of molecule in compound  :         1.00000
 Normalized weight factor of molecule in gas phase :         1.00000

 Compound: 2 Conformer: 1 (3-hexanol_c0)
 Chemical potential of the molecule in the mixture :         5.50242 kcal/mol
 Log10(partial pressure [mbar])                    :         3.87910
 Free energy of molecule in mix (E_COSMO+dE+Mu)    :   -196064.03106 kcal/mol
 Total mean interaction energy in the mix          :        -8.79798 kcal/mol
 Misfit interaction energy in the mix              :         2.43183 kcal/mol
 H-Bond interaction energy in the mix              :        -3.71765 kcal/mol
 VdW interaction energy in the mix                 :       -18.42927 kcal/mol
 Gas liquid transition energy in the mix (H_glt)   :        10.91712 kcal/mol
 Normalized weight factor of molecule in compound  :         0.11467
 Normalized weight factor of molecule in gas phase :         0.19950

 Compound: 2 Conformer: 2 (3-hexanol_c1)
 Chemical potential of the molecule in the mixture :         5.46661 kcal/mol
 Log10(partial pressure [mbar])                    :         3.84504
 Free energy of molecule in mix (E_COSMO+dE+Mu)    :   -196064.06967 kcal/mol
 Total mean interaction energy in the mix          :        -8.81568 kcal/mol
 Misfit interaction energy in the mix              :         2.44553 kcal/mol
 H-Bond interaction energy in the mix              :        -3.75668 kcal/mol
 VdW interaction energy in the mix                 :       -18.42165 kcal/mol
 Gas liquid transition energy in the mix (H_glt)   :        10.91712 kcal/mol
 Normalized weight factor of molecule in compound  :         0.12201
 Normalized weight factor of molecule in gas phase :         0.20228

 Compound: 2 Conformer: 3 (3-hexanol_c2)
 Chemical potential of the molecule in the mixture :         5.60314 kcal/mol
 Log10(partial pressure [mbar])                    :         3.86235
 Free energy of molecule in mix (E_COSMO+dE+Mu)    :   -196063.93374 kcal/mol
 Total mean interaction energy in the mix          :        -8.79521 kcal/mol
 Misfit interaction energy in the mix              :         2.49243 kcal/mol
 H-Bond interaction energy in the mix              :        -3.75807 kcal/mol
 VdW interaction energy in the mix                 :       -18.44669 kcal/mol
 Gas liquid transition energy in the mix (H_glt)   :        10.91712 kcal/mol
 Normalized weight factor of molecule in compound  :         0.09807
 Normalized weight factor of molecule in gas phase :         0.18514

 Compound: 2 Conformer: 4 (3-hexanol_c3)
 Chemical potential of the molecule in the mixture :         5.17300 kcal/mol
 Log10(partial pressure [mbar])                    :         3.43126
 Free energy of molecule in mix (E_COSMO+dE+Mu)    :   -196064.29410 kcal/mol
 Total mean interaction energy in the mix          :        -9.13741 kcal/mol
 Misfit interaction energy in the mix              :         2.43731 kcal/mol
 H-Bond interaction energy in the mix              :        -4.06239 kcal/mol
 VdW interaction energy in the mix                 :       -18.42945 kcal/mol
 Gas liquid transition energy in the mix (H_glt)   :        10.91712 kcal/mol
 Normalized weight factor of molecule in compound  :         0.17499
 Normalized weight factor of molecule in gas phase :         0.11754

 Compound: 2 Conformer: 5 (3-hexanol_c4)
 Chemical potential of the molecule in the mixture :         5.26045 kcal/mol
 Log10(partial pressure [mbar])                    :         3.45886
 Free energy of molecule in mix (E_COSMO+dE+Mu)    :   -196064.26000 kcal/mol
 Total mean interaction energy in the mix          :        -9.16788 kcal/mol
 Misfit interaction energy in the mix              :         2.45651 kcal/mol
 H-Bond interaction energy in the mix              :        -4.23007 kcal/mol
 VdW interaction energy in the mix                 :       -18.31144 kcal/mol
 Gas liquid transition energy in the mix (H_glt)   :        10.91712 kcal/mol
 Normalized weight factor of molecule in compound  :         0.16566
 Normalized weight factor of molecule in gas phase :         0.10269

 Compound: 2 Conformer: 6 (3-hexanol_c5)
 Chemical potential of the molecule in the mixture :         5.20769 kcal/mol
 Log10(partial pressure [mbar])                    :         3.44559
 Free energy of molecule in mix (E_COSMO+dE+Mu)    :   -196064.16868 kcal/mol
 Total mean interaction energy in the mix          :        -9.08603 kcal/mol
 Misfit interaction energy in the mix              :         2.46359 kcal/mol
 H-Bond interaction energy in the mix              :        -4.04625 kcal/mol
 VdW interaction energy in the mix                 :       -18.42048 kcal/mol
 Gas liquid transition energy in the mix (H_glt)   :        10.91712 kcal/mol
 Normalized weight factor of molecule in compound  :         0.14305
 Normalized weight factor of molecule in gas phase :         0.10123

 Compound: 2 Conformer: 7 (3-hexanol_c6)
 Chemical potential of the molecule in the mixture :         5.16630 kcal/mol
 Log10(partial pressure [mbar])                    :         3.37611
 Free energy of molecule in mix (E_COSMO+dE+Mu)    :   -196064.31698 kcal/mol
 Total mean interaction energy in the mix          :        -9.15116 kcal/mol
 Misfit interaction energy in the mix              :         2.46842 kcal/mol
 H-Bond interaction energy in the mix              :        -4.21049 kcal/mol
 VdW interaction energy in the mix                 :       -18.32620 kcal/mol
 Gas liquid transition energy in the mix (H_glt)   :        10.91712 kcal/mol
 Normalized weight factor of molecule in compound  :         0.18155
 Normalized weight factor of molecule in gas phase :         0.09163

 Compound: 3 Conformer: 1 (lacticacid_c0)
 Chemical potential of the molecule in the mixture :         6.39190 kcal/mol
 Log10(partial pressure [mbar])                    :        -0.57936
 Free energy of molecule in mix (E_COSMO+dE+Mu)    :   -215742.28824 kcal/mol
 Total mean interaction energy in the mix          :        -7.35052 kcal/mol
 Misfit interaction energy in the mix              :         2.02904 kcal/mol
 H-Bond interaction energy in the mix              :        -4.39357 kcal/mol
 VdW interaction energy in the mix                 :       -13.23783 kcal/mol
 Gas liquid transition energy in the mix (H_glt)   :         8.25184 kcal/mol
 Normalized weight factor of molecule in compound  :         0.04361
 Normalized weight factor of molecule in gas phase :         0.00603

 Compound: 3 Conformer: 2 (lacticacid_c1)
 Chemical potential of the molecule in the mixture :         6.51396 kcal/mol
 Log10(partial pressure [mbar])                    :        -0.10380
 Free energy of molecule in mix (E_COSMO+dE+Mu)    :   -215741.98469 kcal/mol
 Total mean interaction energy in the mix          :        -6.91495 kcal/mol
 Misfit interaction energy in the mix              :         2.13699 kcal/mol
 H-Bond interaction energy in the mix              :        -4.08888 kcal/mol
 VdW interaction energy in the mix                 :       -13.21491 kcal/mol
 Gas liquid transition energy in the mix (H_glt)   :         8.25184 kcal/mol
 Normalized weight factor of molecule in compound  :         0.02678
 Normalized weight factor of molecule in gas phase :         0.01137

 Compound: 3 Conformer: 3 (lacticacid_c2)
 Chemical potential of the molecule in the mixture :         4.66597 kcal/mol
 Log10(partial pressure [mbar])                    :         0.58238
 Free energy of molecule in mix (E_COSMO+dE+Mu)    :   -215742.94049 kcal/mol
 Total mean interaction energy in the mix          :        -8.01890 kcal/mol
 Misfit interaction energy in the mix              :         2.06908 kcal/mol
 H-Bond interaction energy in the mix              :        -5.03973 kcal/mol
 VdW interaction energy in the mix                 :       -13.30008 kcal/mol
 Gas liquid transition energy in the mix (H_glt)   :         8.25184 kcal/mol
 Normalized weight factor of molecule in compound  :         0.12440
 Normalized weight factor of molecule in gas phase :         0.93300

 Compound: 3 Conformer: 4 (lacticacid_c3)
 Chemical potential of the molecule in the mixture :         2.91498 kcal/mol
 Log10(partial pressure [mbar])                    :        -1.67627
 Free energy of molecule in mix (E_COSMO+dE+Mu)    :   -215743.27045 kcal/mol
 Total mean interaction energy in the mix          :       -10.13077 kcal/mol
 Misfit interaction energy in the mix              :         1.99044 kcal/mol
 H-Bond interaction energy in the mix              :        -7.09664 kcal/mol
 VdW interaction energy in the mix                 :       -13.27641 kcal/mol
 Gas liquid transition energy in the mix (H_glt)   :         8.25184 kcal/mol
 Normalized weight factor of molecule in compound  :         0.21139
 Normalized weight factor of molecule in gas phase :         0.02822

 Compound: 3 Conformer: 5 (lacticacid_c4)
 Chemical potential of the molecule in the mixture :         2.40403 kcal/mol
 Log10(partial pressure [mbar])                    :        -3.59361
 Free energy of molecule in mix (E_COSMO+dE+Mu)    :   -215743.69480 kcal/mol
 Total mean interaction energy in the mix          :       -11.07884 kcal/mol
 Misfit interaction energy in the mix              :         1.97003 kcal/mol
 H-Bond interaction energy in the mix              :        -8.00304 kcal/mol
 VdW interaction energy in the mix                 :       -13.29767 kcal/mol
 Gas liquid transition energy in the mix (H_glt)   :         8.25184 kcal/mol
 Normalized weight factor of molecule in compound  :         0.41806
 Normalized weight factor of molecule in gas phase :         0.00067

 Compound: 3 Conformer: 6 (lacticacid_c5)
 Chemical potential of the molecule in the mixture :         2.87991 kcal/mol
 Log10(partial pressure [mbar])                    :        -1.73040
 Free energy of molecule in mix (E_COSMO+dE+Mu)    :   -215743.15556 kcal/mol
 Total mean interaction energy in the mix          :       -10.20585 kcal/mol
 Misfit interaction energy in the mix              :         1.96623 kcal/mol
 H-Bond interaction energy in the mix              :        -7.12596 kcal/mol
 VdW interaction energy in the mix                 :       -13.29796 kcal/mol
 Gas liquid transition energy in the mix (H_glt)   :         8.25184 kcal/mol
 Normalized weight factor of molecule in compound  :         0.17575
 Normalized weight factor of molecule in gas phase :         0.02069




 Results for mixture 48 - LIQ_EX Phase 2 Iteration   23
 ----------------------
 Temperature          :    313.150 K
 Compound Nr.         :         1         2         3
 Compound             :       h2o 3-hexanol lacticaci
 Mole Fraction        :    0.3443    0.6531    0.0026

 Compound: 1  (h2o)
 Chemical potential of the compound in the mixture :         4.13062 kcal/mol
 Log10(partial pressure [mbar])                    :         1.99027
 Free energy of molecule in mix (E_COSMO+dE+Mu)    :    -47989.12265 kcal/mol
 Total mean interaction energy in the mix (H_int)  :        -5.29714 kcal/mol
 Misfit interaction energy in the mix (H_MF)       :         0.89956 kcal/mol
 H-Bond interaction energy in the mix (H_HB)       :        -4.55690 kcal/mol
 VdW interaction energy in the mix (H_vdW)         :        -4.57186 kcal/mol
 Gas liquid transition energy in the mix (H_glt)   :         2.93205 kcal/mol
 Equilibrium constant Kx(1,2)                      :         2.89463
 Equilibrium concentration x_k(1,2)                :         0.74324

 Compound: 2  (3-hexanol)
 Chemical potential of the compound in the mixture :         0.54615 kcal/mol
 Log10(partial pressure [mbar])                    :         1.05419
 Free energy of molecule in mix (E_COSMO+dE+Mu)    :   -196068.99073 kcal/mol
 Total mean interaction energy in the mix (H_int)  :        -8.59896 kcal/mol
 Misfit interaction energy in the mix (H_MF)       :         2.20850 kcal/mol
 H-Bond interaction energy in the mix (H_HB)       :        -2.77969 kcal/mol
 VdW interaction energy in the mix (H_vdW)         :       -18.99600 kcal/mol
 Gas liquid transition energy in the mix (H_glt)   :        10.91712 kcal/mol
 Equilibrium constant Kx(1,2)                      :  3.01462215E-03
 Equilibrium concentration x_k(1,2)                :         0.00301

 Compound: 3  (lacticacid)
 Chemical potential of the compound in the mixture :         4.04333 kcal/mol
 Log10(partial pressure [mbar])                    :        -1.08043
 Free energy of molecule in mix (E_COSMO+dE+Mu)    :   -215744.63681 kcal/mol
 Total mean interaction energy in the mix (H_int)  :        -6.23389 kcal/mol
 Misfit interaction energy in the mix (H_MF)       :         2.27901 kcal/mol
 H-Bond interaction energy in the mix (H_HB)       :        -4.46995 kcal/mol
 VdW interaction energy in the mix (H_vdW)         :       -13.91565 kcal/mol
 Gas liquid transition energy in the mix (H_glt)   :         8.25184 kcal/mol
 Equilibrium constant Kx(1,2)                      :         0.52642
 Equilibrium concentration x_k(1,2)                :         0.34487



 Compound: 1 Conformer: 1 (h2o_c0)
 Chemical potential of the molecule in the mixture :         4.13062 kcal/mol
 Log10(partial pressure [mbar])                    :         1.99027
 Free energy of molecule in mix (E_COSMO+dE+Mu)    :    -47989.12265 kcal/mol
 Total mean interaction energy in the mix          :        -5.29714 kcal/mol
 Misfit interaction energy in the mix              :         0.89956 kcal/mol
 H-Bond interaction energy in the mix              :        -4.55690 kcal/mol
 VdW interaction energy in the mix                 :        -4.57186 kcal/mol
 Gas liquid transition energy in the mix (H_glt)   :         2.93205 kcal/mol
 Normalized weight factor of molecule in compound  :         1.00000
 Normalized weight factor of molecule in gas phase :         1.00000

 Compound: 2 Conformer: 1 (3-hexanol_c0)
 Chemical potential of the molecule in the mixture :         1.79741 kcal/mol
 Log10(partial pressure [mbar])                    :         1.29339
 Free energy of molecule in mix (E_COSMO+dE+Mu)    :   -196067.73608 kcal/mol
 Total mean interaction energy in the mix          :        -8.37047 kcal/mol
 Misfit interaction energy in the mix              :         2.21509 kcal/mol
 H-Bond interaction energy in the mix              :        -2.49080 kcal/mol
 VdW interaction energy in the mix                 :       -19.01189 kcal/mol
 Gas liquid transition energy in the mix (H_glt)   :        10.91712 kcal/mol
 Normalized weight factor of molecule in compound  :         0.13316
 Normalized weight factor of molecule in gas phase :         0.19950

 Compound: 2 Conformer: 2 (3-hexanol_c1)
 Chemical potential of the molecule in the mixture :         1.79476 kcal/mol
 Log10(partial pressure [mbar])                    :         1.28248
 Free energy of molecule in mix (E_COSMO+dE+Mu)    :   -196067.74153 kcal/mol
 Total mean interaction energy in the mix          :        -8.36960 kcal/mol
 Misfit interaction energy in the mix              :         2.23033 kcal/mol
 H-Bond interaction energy in the mix              :        -2.50987 kcal/mol
 VdW interaction energy in the mix                 :       -19.00718 kcal/mol
 Gas liquid transition energy in the mix (H_glt)   :        10.91712 kcal/mol
 Normalized weight factor of molecule in compound  :         0.13434
 Normalized weight factor of molecule in gas phase :         0.20228

 Compound: 2 Conformer: 3 (3-hexanol_c2)
 Chemical potential of the molecule in the mixture :         1.72994 kcal/mol
 Log10(partial pressure [mbar])                    :         1.15927
 Free energy of molecule in mix (E_COSMO+dE+Mu)    :   -196067.80694 kcal/mol
 Total mean interaction energy in the mix          :        -8.38781 kcal/mol
 Misfit interaction energy in the mix              :         2.17510 kcal/mol
 H-Bond interaction energy in the mix              :        -2.45370 kcal/mol
 VdW interaction energy in the mix                 :       -19.02633 kcal/mol
 Gas liquid transition energy in the mix (H_glt)   :        10.91712 kcal/mol
 Normalized weight factor of molecule in compound  :         0.14923
 Normalized weight factor of molecule in gas phase :         0.18514

 Compound: 2 Conformer: 4 (3-hexanol_c3)
 Chemical potential of the molecule in the mixture :         1.43091 kcal/mol
 Log10(partial pressure [mbar])                    :         0.81968
 Free energy of molecule in mix (E_COSMO+dE+Mu)    :   -196068.03619 kcal/mol
 Total mean interaction energy in the mix          :        -8.99587 kcal/mol
 Misfit interaction energy in the mix              :         2.15138 kcal/mol
 H-Bond interaction energy in the mix              :        -3.04356 kcal/mol
 VdW interaction energy in the mix                 :       -19.02082 kcal/mol
 Gas liquid transition energy in the mix (H_glt)   :        10.91712 kcal/mol
 Normalized weight factor of molecule in compound  :         0.21569
 Normalized weight factor of molecule in gas phase :         0.11754

 Compound: 2 Conformer: 5 (3-hexanol_c4)
 Chemical potential of the molecule in the mixture :         2.02198 kcal/mol
 Log10(partial pressure [mbar])                    :         1.19875
 Free energy of molecule in mix (E_COSMO+dE+Mu)    :   -196067.49847 kcal/mol
 Total mean interaction energy in the mix          :        -8.52968 kcal/mol
 Misfit interaction energy in the mix              :         2.32578 kcal/mol
 H-Bond interaction energy in the mix              :        -2.87030 kcal/mol
 VdW interaction energy in the mix                 :       -18.90228 kcal/mol
 Gas liquid transition energy in the mix (H_glt)   :        10.91712 kcal/mol
 Normalized weight factor of molecule in compound  :         0.09090
 Normalized weight factor of molecule in gas phase :         0.10269

 Compound: 2 Conformer: 6 (3-hexanol_c5)
 Chemical potential of the molecule in the mixture :         1.45409 kcal/mol
 Log10(partial pressure [mbar])                    :         0.82597
 Free energy of molecule in mix (E_COSMO+dE+Mu)    :   -196067.92228 kcal/mol
 Total mean interaction energy in the mix          :        -8.94214 kcal/mol
 Misfit interaction energy in the mix              :         2.16835 kcal/mol
 H-Bond interaction energy in the mix              :        -3.01555 kcal/mol
 VdW interaction energy in the mix                 :       -19.01205 kcal/mol
 Gas liquid transition energy in the mix (H_glt)   :        10.91712 kcal/mol
 Normalized weight factor of molecule in compound  :         0.17961
 Normalized weight factor of molecule in gas phase :         0.10123

 Compound: 2 Conformer: 7 (3-hexanol_c6)
 Chemical potential of the molecule in the mixture :         1.94395 kcal/mol
 Log10(partial pressure [mbar])                    :         1.12725
 Free energy of molecule in mix (E_COSMO+dE+Mu)    :   -196067.53933 kcal/mol
 Total mean interaction energy in the mix          :        -8.62887 kcal/mol
 Misfit interaction energy in the mix              :         2.31203 kcal/mol
 H-Bond interaction energy in the mix              :        -2.94299 kcal/mol
 VdW interaction energy in the mix                 :       -18.91503 kcal/mol
 Gas liquid transition energy in the mix (H_glt)   :        10.91712 kcal/mol
 Normalized weight factor of molecule in compound  :         0.09707
 Normalized weight factor of molecule in gas phase :         0.09163

 Compound: 3 Conformer: 1 (lacticacid_c0)
 Chemical potential of the molecule in the mixture :         5.74794 kcal/mol
 Log10(partial pressure [mbar])                    :        -1.02878
 Free energy of molecule in mix (E_COSMO+dE+Mu)    :   -215742.93220 kcal/mol
 Total mean interaction energy in the mix          :        -6.24458 kcal/mol
 Misfit interaction energy in the mix              :         2.60629 kcal/mol
 H-Bond interaction energy in the mix              :        -3.22145 kcal/mol
 VdW interaction energy in the mix                 :       -13.88127 kcal/mol
 Gas liquid transition energy in the mix (H_glt)   :         8.25184 kcal/mol
 Normalized weight factor of molecule in compound  :         0.06462
 Normalized weight factor of molecule in gas phase :         0.00603

 Compound: 3 Conformer: 2 (lacticacid_c1)
 Chemical potential of the molecule in the mixture :         6.11407 kcal/mol
 Log10(partial pressure [mbar])                    :        -0.38287
 Free energy of molecule in mix (E_COSMO+dE+Mu)    :   -215742.38457 kcal/mol
 Total mean interaction energy in the mix          :        -5.72787 kcal/mol
 Misfit interaction energy in the mix              :         2.68569 kcal/mol
 H-Bond interaction energy in the mix              :        -2.82059 kcal/mol
 VdW interaction energy in the mix                 :       -13.84481 kcal/mol
 Gas liquid transition energy in the mix (H_glt)   :         8.25184 kcal/mol
 Normalized weight factor of molecule in compound  :         0.02680
 Normalized weight factor of molecule in gas phase :         0.01137

 Compound: 3 Conformer: 3 (lacticacid_c2)
 Chemical potential of the molecule in the mixture :         3.42551 kcal/mol
 Log10(partial pressure [mbar])                    :        -0.28333
 Free energy of molecule in mix (E_COSMO+dE+Mu)    :   -215744.18095 kcal/mol
 Total mean interaction energy in the mix          :        -7.31598 kcal/mol
 Misfit interaction energy in the mix              :         2.17040 kcal/mol
 H-Bond interaction energy in the mix              :        -3.81624 kcal/mol
 VdW interaction energy in the mix                 :       -13.92197 kcal/mol
 Gas liquid transition energy in the mix (H_glt)   :         8.25184 kcal/mol
 Normalized weight factor of molecule in compound  :         0.48068
 Normalized weight factor of molecule in gas phase :         0.93300

 Compound: 3 Conformer: 4 (lacticacid_c3)
 Chemical potential of the molecule in the mixture :         2.69157 kcal/mol
 Log10(partial pressure [mbar])                    :        -1.83219
 Free energy of molecule in mix (E_COSMO+dE+Mu)    :   -215743.49386 kcal/mol
 Total mean interaction energy in the mix          :        -8.60294 kcal/mol
 Misfit interaction energy in the mix              :         2.26699 kcal/mol
 H-Bond interaction energy in the mix              :        -5.22436 kcal/mol
 VdW interaction energy in the mix                 :       -13.89741 kcal/mol
 Gas liquid transition energy in the mix (H_glt)   :         8.25184 kcal/mol
 Normalized weight factor of molecule in compound  :         0.15934
 Normalized weight factor of molecule in gas phase :         0.02822

 Compound: 3 Conformer: 5 (lacticacid_c4)
 Chemical potential of the molecule in the mixture :         2.76167 kcal/mol
 Log10(partial pressure [mbar])                    :        -3.34401
 Free energy of molecule in mix (E_COSMO+dE+Mu)    :   -215743.33716 kcal/mol
 Total mean interaction energy in the mix          :        -9.22023 kcal/mol
 Misfit interaction energy in the mix              :         2.51463 kcal/mol
 H-Bond interaction energy in the mix              :        -6.04976 kcal/mol
 VdW interaction energy in the mix                 :       -13.93693 kcal/mol
 Gas liquid transition energy in the mix (H_glt)   :         8.25184 kcal/mol
 Normalized weight factor of molecule in compound  :         0.12387
 Normalized weight factor of molecule in gas phase :         0.00067

 Compound: 3 Conformer: 6 (lacticacid_c5)
 Chemical potential of the molecule in the mixture :         2.60169 kcal/mol
 Log10(partial pressure [mbar])                    :        -1.92456
 Free energy of molecule in mix (E_COSMO+dE+Mu)    :   -215743.43377 kcal/mol
 Total mean interaction energy in the mix          :        -8.76481 kcal/mol
 Misfit interaction energy in the mix              :         2.22983 kcal/mol
 H-Bond interaction energy in the mix              :        -5.32147 kcal/mol
 VdW interaction energy in the mix                 :       -13.92501 kcal/mol
 Gas liquid transition energy in the mix (H_glt)   :         8.25184 kcal/mol
 Normalized weight factor of molecule in compound  :         0.14468
 Normalized weight factor of molecule in gas phase :         0.02069


 Iterative computation of Multi-Component-2-Phase-Equilibrium (LIQ_EX) converged !


----------------
 END job       1
----------------
