 -----------------------------------------
 COSMOtherm Version 19.0.0 (Revision 5259)
 -----------------------------------------
 written by Frank Eckert, Andreas Klamt, Larissa Koch, Selman Terzi
 Copyright (C) 1999-2018, COSMOlogic GmbH & Co. KG

 Job name   : !! Multi-Component-2-Phase-Equilibrium calculation                        
 Job date   : 04/10/2025
 Job time   : 17:09:45
 Hostname   : unknown
 OS type    : Windows_NT
 Executable : Windows 64-bit

 Reading COSMOtherm parameter file BP_TZVPD_FINE_19.ctd from directory C:/Program Files/COSMOlogic/COSMOthermX19/COSMOtherm/CTDATA-FILES/
 Info: # COSMOtherm parameter file ./BP_TZVPD_FINE_19.ctd for BP-TZVPD-FINE (BP-TZVP optimized) COSMO files                                                  

 Reading COSMOtherm license key license.txt from directory C:/Program Files/COSMOlogic/COSMOthermX19/licensefiles/

 COSMOtherm license key expiration date 12/03/2025
 COSMOtherm license key version 24
 Customer : 200000000035108
 ID       : LKO2613120

 License keys:
  product                   |    licensed version    | status
 ------------------------------------------------------------------------------ 
  COSMOtherm                |          24            | active
  TURBOMOLE                 |          21            | active
  COSMOquick                |          24            | active
  COSMOconf                 |          24            | active
  COSMOmic                  |          24            | active
  COSMObase                 |          24            | active
  COSMOperm                 |          24            | active
  COSMOplex                 |          24            | active
 ------------------------------------------------------------------------------ 
 
 Reading vapor pressure and property information for compound 1 from file V:\groups\COSMOTHERM-Datenbank\COSMObase-1901\BP-TZVPD-FINE/h/h2o.vap
 Reading COSMO information for compound 1 conformer 1 from file V:\groups\COSMOTHERM-Datenbank\COSMObase-1901\BP-TZVPD-FINE/h/h2o_c0.cosmo
 
 Reading vapor pressure and property information for compound 2 from file V:\groups\COSMOTHERM-Datenbank\COSMObase-1901\BP-TZVPD-FINE/4/4-nonanone.vap
 Reading COSMO information for compound 2 conformer 1 from file V:\groups\COSMOTHERM-Datenbank\COSMObase-1901\BP-TZVPD-FINE/4/4-nonanone_c0.cosmo
 Reading COSMO information for compound 2 conformer 2 from file V:\groups\COSMOTHERM-Datenbank\COSMObase-1901\BP-TZVPD-FINE/4/4-nonanone_c1.cosmo
 Reading COSMO information for compound 2 conformer 3 from file V:\groups\COSMOTHERM-Datenbank\COSMObase-1901\BP-TZVPD-FINE/4/4-nonanone_c2.cosmo
 Reading COSMO information for compound 2 conformer 4 from file V:\groups\COSMOTHERM-Datenbank\COSMObase-1901\BP-TZVPD-FINE/4/4-nonanone_c3.cosmo
 Reading COSMO information for compound 2 conformer 5 from file V:\groups\COSMOTHERM-Datenbank\COSMObase-1901\BP-TZVPD-FINE/4/4-nonanone_c4.cosmo
 
 Reading vapor pressure and property information for compound 3 from file V:\groups\COSMOTHERM-Datenbank\COSMObase-1901\BP-TZVPD-FINE/l/lacticacid.vap
 Reading COSMO information for compound 3 conformer 1 from file V:\groups\COSMOTHERM-Datenbank\COSMObase-1901\BP-TZVPD-FINE/l/lacticacid_c0.cosmo
 Reading COSMO information for compound 3 conformer 2 from file V:\groups\COSMOTHERM-Datenbank\COSMObase-1901\BP-TZVPD-FINE/l/lacticacid_c1.cosmo
 Reading COSMO information for compound 3 conformer 3 from file V:\groups\COSMOTHERM-Datenbank\COSMObase-1901\BP-TZVPD-FINE/l/lacticacid_c2.cosmo
 Reading COSMO information for compound 3 conformer 4 from file V:\groups\COSMOTHERM-Datenbank\COSMObase-1901\BP-TZVPD-FINE/l/lacticacid_c3.cosmo
 Reading COSMO information for compound 3 conformer 5 from file V:\groups\COSMOTHERM-Datenbank\COSMObase-1901\BP-TZVPD-FINE/l/lacticacid_c4.cosmo
 Reading COSMO information for compound 3 conformer 6 from file V:\groups\COSMOTHERM-Datenbank\COSMObase-1901\BP-TZVPD-FINE/l/lacticacid_c5.cosmo


 --- Compound 1 (h2o) ---

 Experimental data for compound 1 (h2o) :
 CAS registry number for compound 1 (CAS-RN = 7732-18-5)
 Antoine equation coefficients ([mbar]/[K]) for compound 1:        18.8198      3956.2903       -40.6247
 Wagner equation coefficients ([mbar]/[K]) for compound 1:    220600.0000       647.1400        -7.7645         1.4584        -2.7758        -1.2330
 Vapor Pressure [mbar] / Temperature [°C] input for compound 1:
               10.0000            7.0000
              100.0000           45.8000
             1000.0000           99.6000
 Minimum temperature for vapor pressure estimation of compound 1 (TPVMIN = 275.00000 K)
 Maximum temperature for vapor pressure estimation of compound 1 (TPVMAX = 647.00000 K)
 UNIQUAC volume parameter for compound 1 (UNIQUAC_RI = 0.92000)
 UNIQUAC surface parameter for compound 1 (UNIQUAC_QI = 1.40000)
 Boiling temperature of compound 1 (TBOIL = 373.15000 K)
 Melting temperature of compound 1 (TMELT = 273.15000 K)
 Experimental dielectric constant for compound 1 (EPSILON = 78.20000)
 Critical temperature of compound 1 (TCRIT = 647.09600 K)
 Critical pressure of compound 1 (PCRIT = 220640.00000 mbar)
 Critical density of compound 1 (DCRIT = 0.32239 g/ml)
 DIPPR 116 density parameters for compound 1 (EXPDENSDIPPR116 = {0.92619 -1.15605 3.01718 -2.12561 273.16000 647.09500})

 Compound Information for compound 1 conformer 1 (COSMO file V:\groups\COSMOTHERM-Datenbank\COSMObase-1901\BP-TZVPD-FINE/h/h2o_c0.cosmo)
 Atomic weights         : 111
 E_COSMO+dE             :     -47993.2533 kcal/mol
 E_gas                  :     -47987.6758 kcal/mol
 E_COSMO-E_gas+dE       :         -5.5774 kcal/mol
 E_diel                 :         -8.0924 kcal/mol
 E_disp_intramolecular  :         -0.2880 kcal/mol
 Averaging corr dE      :          0.4368 kcal/mol
 Area                   :         43.1419 A^2
 Volume                 :         25.8553 A^3
 Molecular Weight       :         18.0153 a.m.u.
 Total COSMO charge     :         -0.0001 a.u.
 Dipole moment (t,x,y,z):          2.2004  0.001108  0.000271 -2.200437 Debye                            
 Sigma moments (1-6)    :          0.0000  6.40E+01  2.982917  1.35E+02  1.50E+01  3.17E+02              
 H-bond moment (accept) :          3.0054
 H-bond moment (donor)  :          2.9616
 
 No gas phase energy file for compound 1 conformer 1 found, using single point gas phase energy from cosmo file


 --- Compound 2 (4-nonanone) ---

 Experimental data for compound 2 (4-nonanone) :
 CAS registry number for compound 2 (CAS-RN = 4485-09-0)
 Boiling temperature of compound 2 (TBOIL = 395.15000 K)

 Compound Information for compound 2 conformer 1 (COSMO file V:\groups\COSMOTHERM-Datenbank\COSMObase-1901\BP-TZVPD-FINE/4/4-nonanone_c0.cosmo)
 Atomic weights         : 1111111111111111111111111111
 E_COSMO+dE             :    -269357.9089 kcal/mol
 E_gas                  :    -269352.3359 kcal/mol
 E_COSMO-E_gas+dE       :         -5.5730 kcal/mol
 E_diel                 :         -7.6930 kcal/mol
 E_disp_intramolecular  :        -21.5953 kcal/mol
 Averaging corr dE      :          0.3730 kcal/mol
 Area                   :        222.0485 A^2
 Volume                 :        216.9795 A^3
 Molecular Weight       :        142.2395 a.m.u.
 Total COSMO charge     :          0.0002 a.u.
 Dipole moment (t,x,y,z):          3.9157 -3.345999 -1.374077  1.499600 Debye                            
 Sigma moments (1-6)    :          0.0000  4.66E+01  3.33E+01  5.66E+01  7.29E+01  1.08E+02              
 H-bond moment (accept) :          2.1750
 H-bond moment (donor)  :          0.0000
 
 No gas phase energy file for compound 2 conformer 1 found, using single point gas phase energy from cosmo file

 Compound Information for compound 2 conformer 2 (COSMO file V:\groups\COSMOTHERM-Datenbank\COSMObase-1901\BP-TZVPD-FINE/4/4-nonanone_c1.cosmo)
 Atomic weights         : 1111111111111111111111111111
 E_COSMO+dE             :    -269357.7407 kcal/mol
 E_gas                  :    -269351.9751 kcal/mol
 E_COSMO-E_gas+dE       :         -5.7656 kcal/mol
 E_diel                 :         -7.8589 kcal/mol
 E_disp_intramolecular  :        -21.8560 kcal/mol
 Averaging corr dE      :          0.3700 kcal/mol
 Area                   :        221.7451 A^2
 Volume                 :        217.5811 A^3
 Molecular Weight       :        142.2395 a.m.u.
 Total COSMO charge     :          0.0001 a.u.
 Dipole moment (t,x,y,z):          4.1095  1.083425  3.962009  0.128273 Debye                            
 Sigma moments (1-6)    :          0.0000  4.78E+01  3.74E+01  6.28E+01  8.47E+01  1.28E+02              
 H-bond moment (accept) :          2.5089
 H-bond moment (donor)  :          0.0000
 
 No gas phase energy file for compound 2 conformer 2 found, using single point gas phase energy from cosmo file

 Compound Information for compound 2 conformer 3 (COSMO file V:\groups\COSMOTHERM-Datenbank\COSMObase-1901\BP-TZVPD-FINE/4/4-nonanone_c2.cosmo)
 Atomic weights         : 1111111111111111111111111111
 E_COSMO+dE             :    -269357.9347 kcal/mol
 E_gas                  :    -269352.6931 kcal/mol
 E_COSMO-E_gas+dE       :         -5.2416 kcal/mol
 E_diel                 :         -7.2686 kcal/mol
 E_disp_intramolecular  :        -22.0731 kcal/mol
 Averaging corr dE      :          0.3678 kcal/mol
 Area                   :        220.1268 A^2
 Volume                 :        217.3247 A^3
 Molecular Weight       :        142.2395 a.m.u.
 Total COSMO charge     :          0.0005 a.u.
 Dipole moment (t,x,y,z):          3.9211 -0.440166  3.337849 -2.010054 Debye                            
 Sigma moments (1-6)    :          0.0000  4.46E+01  3.14E+01  5.37E+01  6.86E+01  1.02E+02              
 H-bond moment (accept) :          2.0520
 H-bond moment (donor)  :          0.0000
 
 No gas phase energy file for compound 2 conformer 3 found, using single point gas phase energy from cosmo file

 Compound Information for compound 2 conformer 4 (COSMO file V:\groups\COSMOTHERM-Datenbank\COSMObase-1901\BP-TZVPD-FINE/4/4-nonanone_c3.cosmo)
 Atomic weights         : 1111111111111111111111111111
 E_COSMO+dE             :    -269357.8587 kcal/mol
 E_gas                  :    -269352.5899 kcal/mol
 E_COSMO-E_gas+dE       :         -5.2688 kcal/mol
 E_diel                 :         -7.3345 kcal/mol
 E_disp_intramolecular  :        -22.0012 kcal/mol
 Averaging corr dE      :          0.3691 kcal/mol
 Area                   :        220.0997 A^2
 Volume                 :        217.1765 A^3
 Molecular Weight       :        142.2395 a.m.u.
 Total COSMO charge     :          0.0003 a.u.
 Dipole moment (t,x,y,z):          3.9370  0.430790  3.627650 -1.467790 Debye                            
 Sigma moments (1-6)    :          0.0000  4.45E+01  3.13E+01  5.35E+01  6.86E+01  1.02E+02              
 H-bond moment (accept) :          2.1235
 H-bond moment (donor)  :          0.0000
 
 No gas phase energy file for compound 2 conformer 4 found, using single point gas phase energy from cosmo file

 Compound Information for compound 2 conformer 5 (COSMO file V:\groups\COSMOTHERM-Datenbank\COSMObase-1901\BP-TZVPD-FINE/4/4-nonanone_c4.cosmo)
 Atomic weights         : 1111111111111111111111111111
 E_COSMO+dE             :    -269357.6644 kcal/mol
 E_gas                  :    -269351.8861 kcal/mol
 E_COSMO-E_gas+dE       :         -5.7782 kcal/mol
 E_diel                 :         -7.9004 kcal/mol
 E_disp_intramolecular  :        -21.8302 kcal/mol
 Averaging corr dE      :          0.3729 kcal/mol
 Area                   :        221.8136 A^2
 Volume                 :        217.5944 A^3
 Molecular Weight       :        142.2395 a.m.u.
 Total COSMO charge     :          0.0002 a.u.
 Dipole moment (t,x,y,z):          4.0737 -0.150244 -4.068937  0.127927 Debye                            
 Sigma moments (1-6)    :          0.0000  4.79E+01  3.73E+01  6.30E+01  8.49E+01  1.29E+02              
 H-bond moment (accept) :          2.5556
 H-bond moment (donor)  :          0.0000
 
 No gas phase energy file for compound 2 conformer 5 found, using single point gas phase energy from cosmo file


 --- Compound 3 (lacticacid) ---

 Compound Information for compound 3 conformer 1 (COSMO file V:\groups\COSMOTHERM-Datenbank\COSMObase-1901\BP-TZVPD-FINE/l/lacticacid_c0.cosmo)
 Atomic weights         : 111111111111
 E_COSMO+dE             :    -215748.6801 kcal/mol
 E_gas                  :    -215737.1594 kcal/mol
 E_COSMO-E_gas+dE       :        -11.5207 kcal/mol
 E_diel                 :        -14.9233 kcal/mol
 E_disp_intramolecular  :         -7.9216 kcal/mol
 Averaging corr dE      :          0.6215 kcal/mol
 Area                   :        120.1634 A^2
 Volume                 :        106.5048 A^3
 Molecular Weight       :         90.0783 a.m.u.
 Total COSMO charge     :          0.0003 a.u.
 Dipole moment (t,x,y,z):          5.6342 -4.962581 -1.954290  1.815876 Debye                            
 Sigma moments (1-6)    :          0.0000  9.26E+01 -4.184013  1.56E+02 -5.10E+01  3.43E+02              
 H-bond moment (accept) :          2.0855
 H-bond moment (donor)  :          2.8372
 
 No gas phase energy file for compound 3 conformer 1 found, using single point gas phase energy from cosmo file

 Compound Information for compound 3 conformer 2 (COSMO file V:\groups\COSMOTHERM-Datenbank\COSMObase-1901\BP-TZVPD-FINE/l/lacticacid_c1.cosmo)
 Atomic weights         : 111111111111
 E_COSMO+dE             :    -215748.4986 kcal/mol
 E_gas                  :    -215737.5373 kcal/mol
 E_COSMO-E_gas+dE       :        -10.9613 kcal/mol
 E_diel                 :        -14.1864 kcal/mol
 E_disp_intramolecular  :         -7.9782 kcal/mol
 Averaging corr dE      :          0.6372 kcal/mol
 Area                   :        119.5838 A^2
 Volume                 :        106.3744 A^3
 Molecular Weight       :         90.0783 a.m.u.
 Total COSMO charge     :          0.0003 a.u.
 Dipole moment (t,x,y,z):          5.6432 -4.887041  2.797840  0.367402 Debye                            
 Sigma moments (1-6)    :          0.0000  8.87E+01  1.972080  1.40E+02 -2.98E+01  2.93E+02              
 H-bond moment (accept) :          1.8771
 H-bond moment (donor)  :          2.4847
 
 No gas phase energy file for compound 3 conformer 2 found, using single point gas phase energy from cosmo file

 Compound Information for compound 3 conformer 3 (COSMO file V:\groups\COSMOTHERM-Datenbank\COSMObase-1901\BP-TZVPD-FINE/l/lacticacid_c2.cosmo)
 Atomic weights         : 111111111111
 E_COSMO+dE             :    -215747.6065 kcal/mol
 E_gas                  :    -215739.4763 kcal/mol
 E_COSMO-E_gas+dE       :         -8.1301 kcal/mol
 E_diel                 :        -10.2144 kcal/mol
 E_disp_intramolecular  :         -7.8101 kcal/mol
 Averaging corr dE      :          0.7457 kcal/mol
 Area                   :        120.2417 A^2
 Volume                 :        106.5759 A^3
 Molecular Weight       :         90.0783 a.m.u.
 Total COSMO charge     :          0.0004 a.u.
 Dipole moment (t,x,y,z):          3.4208 -2.782781 -1.975225 -0.237114 Debye                            
 Sigma moments (1-6)    :          0.0000  8.17E+01 -9.493434  1.52E+02 -8.52E+01  4.02E+02              
 H-bond moment (accept) :          2.0796
 H-bond moment (donor)  :          3.5488
 
 No gas phase energy file for compound 3 conformer 3 found, using single point gas phase energy from cosmo file

 Compound Information for compound 3 conformer 4 (COSMO file V:\groups\COSMOTHERM-Datenbank\COSMObase-1901\BP-TZVPD-FINE/l/lacticacid_c3.cosmo)
 Atomic weights         : 111111111111
 E_COSMO+dE             :    -215746.1854 kcal/mol
 E_gas                  :    -215736.5699 kcal/mol
 E_COSMO-E_gas+dE       :         -9.6155 kcal/mol
 E_diel                 :        -12.0403 kcal/mol
 E_disp_intramolecular  :         -7.8263 kcal/mol
 Averaging corr dE      :          0.7985 kcal/mol
 Area                   :        121.2359 A^2
 Volume                 :        107.7258 A^3
 Molecular Weight       :         90.0783 a.m.u.
 Total COSMO charge     :          0.0004 a.u.
 Dipole moment (t,x,y,z):          2.6808  0.687585  1.222652  2.284563 Debye                            
 Sigma moments (1-6)    :          0.0000  9.52E+01 -9.279924  1.79E+02 -8.57E+01  4.42E+02              
 H-bond moment (accept) :          2.4742
 H-bond moment (donor)  :          4.7099
 
 No gas phase energy file for compound 3 conformer 4 found, using single point gas phase energy from cosmo file

 Compound Information for compound 3 conformer 5 (COSMO file V:\groups\COSMOTHERM-Datenbank\COSMObase-1901\BP-TZVPD-FINE/l/lacticacid_c4.cosmo)
 Atomic weights         : 111111111111
 E_COSMO+dE             :    -215746.0988 kcal/mol
 E_gas                  :    -215734.2469 kcal/mol
 E_COSMO-E_gas+dE       :        -11.8519 kcal/mol
 E_diel                 :        -15.4923 kcal/mol
 E_disp_intramolecular  :         -7.7365 kcal/mol
 Averaging corr dE      :          0.7497 kcal/mol
 Area                   :        121.4869 A^2
 Volume                 :        107.5139 A^3
 Molecular Weight       :         90.0783 a.m.u.
 Total COSMO charge     :          0.0001 a.u.
 Dipole moment (t,x,y,z):          4.5492 -2.507745 -3.769835  0.441697 Debye                            
 Sigma moments (1-6)    :          0.0000  1.05E+02 -0.628692  2.13E+02 -4.53E+01  5.50E+02              
 H-bond moment (accept) :          3.9249
 H-bond moment (donor)  :          4.9729
 
 No gas phase energy file for compound 3 conformer 5 found, using single point gas phase energy from cosmo file

 Compound Information for compound 3 conformer 6 (COSMO file V:\groups\COSMOTHERM-Datenbank\COSMObase-1901\BP-TZVPD-FINE/l/lacticacid_c5.cosmo)
 Atomic weights         : 111111111111
 E_COSMO+dE             :    -215746.0355 kcal/mol
 E_gas                  :    -215736.3775 kcal/mol
 E_COSMO-E_gas+dE       :         -9.6580 kcal/mol
 E_diel                 :        -12.1366 kcal/mol
 E_disp_intramolecular  :         -7.7279 kcal/mol
 Averaging corr dE      :          0.8020 kcal/mol
 Area                   :        121.1546 A^2
 Volume                 :        107.2976 A^3
 Molecular Weight       :         90.0783 a.m.u.
 Total COSMO charge     :          0.0004 a.u.
 Dipole moment (t,x,y,z):          1.9935 -1.037490 -1.370029  1.010343 Debye                            
 Sigma moments (1-6)    :          0.0000  9.63E+01 -1.07E+01  1.83E+02 -8.84E+01  4.53E+02              
 H-bond moment (accept) :          2.5251
 H-bond moment (donor)  :          4.6396
 
 No gas phase energy file for compound 3 conformer 6 found, using single point gas phase energy from cosmo file


 Total number of processed compounds:    3
 Total number of processed molecules:   12


----------------
 START job     1
----------------

 ---------------------------------------------------------------------
 Multi-Component-2-Phase-Equilibrium (Liquid Extraction) calculation
 Initial phase 1: X1={0.995949 0 0.004051}
 Initial phase 2: X2={0 1}
 ---------------------------------------------------------------------



 Results for mixture 1 - LIQ_EX Phase 1 Iteration    0
 ---------------------
 Temperature          :    293.150 K
 Compound Nr.         :         1         2         3
 Compound             :       h2o 4-nonanon lacticaci
 Mole Fraction        :    0.9959    0.0000    0.0041

 Compound: 1  (h2o)
 Chemical potential of the compound in the mixture :         2.88312 kcal/mol
 Log10(partial pressure [mbar])                    :         0.99136
 Free energy of molecule in mix (E_COSMO+dE+Mu)    :    -47990.37015 kcal/mol
 Total mean interaction energy in the mix (H_int)  :        -5.86214 kcal/mol
 Misfit interaction energy in the mix (H_MF)       :         0.54834 kcal/mol
 H-Bond interaction energy in the mix (H_HB)       :        -4.97523 kcal/mol
 VdW interaction energy in the mix (H_vdW)         :        -4.36730 kcal/mol
 Gas liquid transition energy in the mix (H_glt)   :         2.93205 kcal/mol

 Compound: 2  (4-nonanone)
 Chemical potential of the compound in the mixture :         5.87147 kcal/mol
 Log10(partial pressure [mbar])                    :         3.93097
 Free energy of molecule in mix (E_COSMO+dE+Mu)    :   -269352.06320 kcal/mol
 Total mean interaction energy in the mix (H_int)  :        -9.03142 kcal/mol
 Misfit interaction energy in the mix (H_MF)       :         3.17650 kcal/mol
 H-Bond interaction energy in the mix (H_HB)       :        -2.24810 kcal/mol
 VdW interaction energy in the mix (H_vdW)         :       -24.94681 kcal/mol
 Gas liquid transition energy in the mix (H_glt)   :        14.86330 kcal/mol

 Compound: 3  (lacticacid)
 Chemical potential of the compound in the mixture :         3.59583 kcal/mol
 Log10(partial pressure [mbar])                    :        -1.66742
 Free energy of molecule in mix (E_COSMO+dE+Mu)    :   -215745.08432 kcal/mol
 Total mean interaction energy in the mix (H_int)  :        -8.51294 kcal/mol
 Misfit interaction energy in the mix (H_MF)       :         1.78621 kcal/mol
 H-Bond interaction energy in the mix (H_HB)       :        -7.43497 kcal/mol
 VdW interaction energy in the mix (H_vdW)         :       -13.39011 kcal/mol
 Gas liquid transition energy in the mix (H_glt)   :         8.25184 kcal/mol



 Compound: 1 Conformer: 1 (h2o_c0)
 Chemical potential of the molecule in the mixture :         2.88312 kcal/mol
 Log10(partial pressure [mbar])                    :         0.99136
 Free energy of molecule in mix (E_COSMO+dE+Mu)    :    -47990.37015 kcal/mol
 Total mean interaction energy in the mix          :        -5.86214 kcal/mol
 Misfit interaction energy in the mix              :         0.54834 kcal/mol
 H-Bond interaction energy in the mix              :        -4.97523 kcal/mol
 VdW interaction energy in the mix                 :        -4.36730 kcal/mol
 Gas liquid transition energy in the mix (H_glt)   :         2.93205 kcal/mol
 Normalized weight factor of molecule in compound  :         1.00000
 Normalized weight factor of molecule in gas phase :         1.00000

 Compound: 2 Conformer: 1 (4-nonanone_c0)
 Chemical potential of the molecule in the mixture :         6.69820 kcal/mol
 Log10(partial pressure [mbar])                    :         3.83885
 Free energy of molecule in mix (E_COSMO+dE+Mu)    :   -269351.21073 kcal/mol
 Total mean interaction energy in the mix          :        -9.13749 kcal/mol
 Misfit interaction energy in the mix              :         3.22190 kcal/mol
 H-Bond interaction energy in the mix              :        -2.13152 kcal/mol
 VdW interaction energy in the mix                 :       -25.09117 kcal/mol
 Gas liquid transition energy in the mix (H_glt)   :        14.86330 kcal/mol
 Normalized weight factor of molecule in compound  :         0.23146
 Normalized weight factor of molecule in gas phase :         0.18722

 Compound: 2 Conformer: 2 (4-nonanone_c1)
 Chemical potential of the molecule in the mixture :         6.56677 kcal/mol
 Log10(partial pressure [mbar])                    :         3.59728
 Free energy of molecule in mix (E_COSMO+dE+Mu)    :   -269351.17394 kcal/mol
 Total mean interaction energy in the mix          :        -9.31844 kcal/mol
 Misfit interaction energy in the mix              :         3.18742 kcal/mol
 H-Bond interaction energy in the mix              :        -2.41187 kcal/mol
 VdW interaction energy in the mix                 :       -24.95729 kcal/mol
 Gas liquid transition energy in the mix (H_glt)   :        14.86330 kcal/mol
 Normalized weight factor of molecule in compound  :         0.21730
 Normalized weight factor of molecule in gas phase :         0.10078

 Compound: 2 Conformer: 3 (4-nonanone_c2)
 Chemical potential of the molecule in the mixture :         6.94097 kcal/mol
 Log10(partial pressure [mbar])                    :         4.26692
 Free energy of molecule in mix (E_COSMO+dE+Mu)    :   -269350.99371 kcal/mol
 Total mean interaction energy in the mix          :        -8.85596 kcal/mol
 Misfit interaction energy in the mix              :         3.11028 kcal/mol
 H-Bond interaction energy in the mix              :        -2.03733 kcal/mol
 VdW interaction energy in the mix                 :       -24.79221 kcal/mol
 Gas liquid transition energy in the mix (H_glt)   :        14.86330 kcal/mol
 Normalized weight factor of molecule in compound  :         0.15947
 Normalized weight factor of molecule in gas phase :         0.33973

 Compound: 2 Conformer: 4 (4-nonanone_c3)
 Chemical potential of the molecule in the mixture :         6.87770 kcal/mol
 Log10(partial pressure [mbar])                    :         4.19946
 Free energy of molecule in mix (E_COSMO+dE+Mu)    :   -269350.98101 kcal/mol
 Total mean interaction energy in the mix          :        -8.87762 kcal/mol
 Misfit interaction energy in the mix              :         3.15680 kcal/mol
 H-Bond interaction energy in the mix              :        -2.06048 kcal/mol
 VdW interaction energy in the mix                 :       -24.83724 kcal/mol
 Gas liquid transition energy in the mix (H_glt)   :        14.86330 kcal/mol
 Normalized weight factor of molecule in compound  :         0.15603
 Normalized weight factor of molecule in gas phase :         0.28577

 Compound: 2 Conformer: 5 (4-nonanone_c4)
 Chemical potential of the molecule in the mixture :         6.44296 kcal/mol
 Log10(partial pressure [mbar])                    :         3.49555
 Free energy of molecule in mix (E_COSMO+dE+Mu)    :   -269351.22139 kcal/mol
 Total mean interaction energy in the mix          :        -9.40785 kcal/mol
 Misfit interaction energy in the mix              :         3.17971 kcal/mol
 H-Bond interaction energy in the mix              :        -2.47837 kcal/mol
 VdW interaction energy in the mix                 :       -24.97250 kcal/mol
 Gas liquid transition energy in the mix (H_glt)   :        14.86330 kcal/mol
 Normalized weight factor of molecule in compound  :         0.23573
 Normalized weight factor of molecule in gas phase :         0.08650

 Compound: 3 Conformer: 1 (lacticacid_c0)
 Chemical potential of the molecule in the mixture :         5.53149 kcal/mol
 Log10(partial pressure [mbar])                    :        -1.46501
 Free energy of molecule in mix (E_COSMO+dE+Mu)    :   -215743.14865 kcal/mol
 Total mean interaction energy in the mix          :        -7.84628 kcal/mol
 Misfit interaction energy in the mix              :         1.82292 kcal/mol
 H-Bond interaction energy in the mix              :        -4.58127 kcal/mol
 VdW interaction energy in the mix                 :       -13.33978 kcal/mol
 Gas liquid transition energy in the mix (H_glt)   :         8.25184 kcal/mol
 Normalized weight factor of molecule in compound  :         0.03605
 Normalized weight factor of molecule in gas phase :         0.00476

 Compound: 3 Conformer: 2 (lacticacid_c1)
 Chemical potential of the molecule in the mixture :         5.68713 kcal/mol
 Log10(partial pressure [mbar])                    :        -0.93196
 Free energy of molecule in mix (E_COSMO+dE+Mu)    :   -215742.81152 kcal/mol
 Total mean interaction energy in the mix          :        -7.38048 kcal/mol
 Misfit interaction energy in the mix              :         1.94454 kcal/mol
 H-Bond interaction energy in the mix              :        -4.25856 kcal/mol
 VdW interaction energy in the mix                 :       -13.31829 kcal/mol
 Gas liquid transition energy in the mix (H_glt)   :         8.25184 kcal/mol
 Normalized weight factor of molecule in compound  :         0.02021
 Normalized weight factor of molecule in gas phase :         0.00936

 Compound: 3 Conformer: 3 (lacticacid_c2)
 Chemical potential of the molecule in the mixture :         3.83327 kcal/mol
 Log10(partial pressure [mbar])                    :        -0.20335
 Free energy of molecule in mix (E_COSMO+dE+Mu)    :   -215743.77319 kcal/mol
 Total mean interaction energy in the mix          :        -8.50260 kcal/mol
 Misfit interaction energy in the mix              :         1.86509 kcal/mol
 H-Bond interaction energy in the mix              :        -5.21507 kcal/mol
 VdW interaction energy in the mix                 :       -13.40446 kcal/mol
 Gas liquid transition energy in the mix (H_glt)   :         8.25184 kcal/mol
 Normalized weight factor of molecule in compound  :         0.10533
 Normalized weight factor of molecule in gas phase :         0.94961

 Compound: 3 Conformer: 4 (lacticacid_c3)
 Chemical potential of the molecule in the mixture :         2.03000 kcal/mol
 Log10(partial pressure [mbar])                    :        -2.65507
 Free energy of molecule in mix (E_COSMO+dE+Mu)    :   -215744.15543 kcal/mol
 Total mean interaction energy in the mix          :       -10.72524 kcal/mol
 Misfit interaction energy in the mix              :         1.78869 kcal/mol
 H-Bond interaction energy in the mix              :        -7.38901 kcal/mol
 VdW interaction energy in the mix                 :       -13.37676 kcal/mol
 Gas liquid transition energy in the mix (H_glt)   :         8.25184 kcal/mol
 Normalized weight factor of molecule in compound  :         0.20301
 Normalized weight factor of molecule in gas phase :         0.02089

 Compound: 3 Conformer: 5 (lacticacid_c4)
 Chemical potential of the molecule in the mixture :         1.45893 kcal/mol
 Log10(partial pressure [mbar])                    :        -4.74803
 Free energy of molecule in mix (E_COSMO+dE+Mu)    :   -215744.63990 kcal/mol
 Total mean interaction energy in the mix          :       -11.69801 kcal/mol
 Misfit interaction energy in the mix              :         1.76644 kcal/mol
 H-Bond interaction energy in the mix              :        -8.31964 kcal/mol
 VdW interaction energy in the mix                 :       -13.39665 kcal/mol
 Gas liquid transition energy in the mix (H_glt)   :         8.25184 kcal/mol
 Normalized weight factor of molecule in compound  :         0.46632
 Normalized weight factor of molecule in gas phase :         0.00039

 Compound: 3 Conformer: 6 (lacticacid_c5)
 Chemical potential of the molecule in the mixture :         1.98657 kcal/mol
 Log10(partial pressure [mbar])                    :        -2.71911
 Free energy of molecule in mix (E_COSMO+dE+Mu)    :   -215744.04889 kcal/mol
 Total mean interaction energy in the mix          :       -10.80606 kcal/mol
 Misfit interaction energy in the mix              :         1.76191 kcal/mol
 H-Bond interaction energy in the mix              :        -7.42132 kcal/mol
 VdW interaction energy in the mix                 :       -13.39849 kcal/mol
 Gas liquid transition energy in the mix (H_glt)   :         8.25184 kcal/mol
 Normalized weight factor of molecule in compound  :         0.16908
 Normalized weight factor of molecule in gas phase :         0.01500




 Results for mixture 2 - LIQ_EX Phase 2 Iteration    0
 ---------------------
 Temperature          :    293.150 K
 Compound Nr.         :         1         2         3
 Compound             :       h2o 4-nonanon lacticaci
 Mole Fraction        :    0.0000    1.0000    0.0000

 Compound: 1  (h2o)
 Chemical potential of the compound in the mixture :         5.20357 kcal/mol
 Log10(partial pressure [mbar])                    :         2.72127
 Free energy of molecule in mix (E_COSMO+dE+Mu)    :    -47988.04971 kcal/mol
 Total mean interaction energy in the mix (H_int)  :        -2.21299 kcal/mol
 Misfit interaction energy in the mix (H_MF)       :         1.91983 kcal/mol
 H-Bond interaction energy in the mix (H_HB)       :        -2.42839 kcal/mol
 VdW interaction energy in the mix (H_vdW)         :        -4.63648 kcal/mol
 Gas liquid transition energy in the mix (H_glt)   :         2.93205 kcal/mol
 Equilibrium constant Kx(1,2)                      :        53.69201
 Equilibrium concentration x_k(1,2)                :         0.98172

 Compound: 2  (4-nonanone)
 Chemical potential of the compound in the mixture :         0.26207 kcal/mol
 Log10(partial pressure [mbar])                    :        -0.25088
 Free energy of molecule in mix (E_COSMO+dE+Mu)    :   -269357.67260 kcal/mol
 Total mean interaction energy in the mix (H_int)  :        -7.35394 kcal/mol
 Misfit interaction energy in the mix (H_MF)       :         3.57129 kcal/mol
 H-Bond interaction energy in the mix (H_HB)       :         0.00015 kcal/mol
 VdW interaction energy in the mix (H_vdW)         :       -25.86987 kcal/mol
 Gas liquid transition energy in the mix (H_glt)   :        14.86330 kcal/mol
 Equilibrium constant Kx(1,2)                      :  6.57887575E-05
 Equilibrium concentration x_k(1,2)                :         0.00007

 Compound: 3  (lacticacid)
 Chemical potential of the compound in the mixture :         4.28425 kcal/mol
 Log10(partial pressure [mbar])                    :        -1.15419
 Free energy of molecule in mix (E_COSMO+dE+Mu)    :   -215744.39589 kcal/mol
 Total mean interaction energy in the mix (H_int)  :        -4.19974 kcal/mol
 Misfit interaction energy in the mix (H_MF)       :         2.69694 kcal/mol
 H-Bond interaction energy in the mix (H_HB)       :        -2.22166 kcal/mol
 VdW interaction energy in the mix (H_vdW)         :       -14.13130 kcal/mol
 Gas liquid transition energy in the mix (H_glt)   :         8.25184 kcal/mol
 Equilibrium constant Kx(1,2)                      :         3.26008
 Equilibrium concentration x_k(1,2)                :         0.76526



 Compound: 1 Conformer: 1 (h2o_c0)
 Chemical potential of the molecule in the mixture :         5.20357 kcal/mol
 Log10(partial pressure [mbar])                    :         2.72127
 Free energy of molecule in mix (E_COSMO+dE+Mu)    :    -47988.04971 kcal/mol
 Total mean interaction energy in the mix          :        -2.21299 kcal/mol
 Misfit interaction energy in the mix              :         1.91983 kcal/mol
 H-Bond interaction energy in the mix              :        -2.42839 kcal/mol
 VdW interaction energy in the mix                 :        -4.63648 kcal/mol
 Gas liquid transition energy in the mix (H_glt)   :         2.93205 kcal/mol
 Normalized weight factor of molecule in compound  :         1.00000
 Normalized weight factor of molecule in gas phase :         1.00000

 Compound: 2 Conformer: 1 (4-nonanone_c0)
 Chemical potential of the molecule in the mixture :         0.94969 kcal/mol
 Log10(partial pressure [mbar])                    :        -0.44671
 Free energy of molecule in mix (E_COSMO+dE+Mu)    :   -269356.95924 kcal/mol
 Total mean interaction energy in the mix          :        -7.57304 kcal/mol
 Misfit interaction energy in the mix              :         3.59980 kcal/mol
 H-Bond interaction energy in the mix              :         0.00009 kcal/mol
 VdW interaction energy in the mix                 :       -26.03623 kcal/mol
 Gas liquid transition energy in the mix (H_glt)   :        14.86330 kcal/mol
 Normalized weight factor of molecule in compound  :         0.29389
 Normalized weight factor of molecule in gas phase :         0.18722

 Compound: 2 Conformer: 2 (4-nonanone_c1)
 Chemical potential of the molecule in the mixture :         1.26585 kcal/mol
 Log10(partial pressure [mbar])                    :        -0.35459
 Free energy of molecule in mix (E_COSMO+dE+Mu)    :   -269356.47486 kcal/mol
 Total mean interaction energy in the mix          :        -7.33978 kcal/mol
 Misfit interaction energy in the mix              :         3.70078 kcal/mol
 H-Bond interaction energy in the mix              :         0.00034 kcal/mol
 VdW interaction energy in the mix                 :       -25.90421 kcal/mol
 Gas liquid transition energy in the mix (H_glt)   :        14.86330 kcal/mol
 Normalized weight factor of molecule in compound  :         0.12796
 Normalized weight factor of molecule in gas phase :         0.10078

 Compound: 2 Conformer: 3 (4-nonanone_c2)
 Chemical potential of the molecule in the mixture :         1.10919 kcal/mol
 Log10(partial pressure [mbar])                    :        -0.08071
 Free energy of molecule in mix (E_COSMO+dE+Mu)    :   -269356.82548 kcal/mol
 Total mean interaction energy in the mix          :        -7.37670 kcal/mol
 Misfit interaction energy in the mix              :         3.47697 kcal/mol
 H-Bond interaction energy in the mix              :         0.00009 kcal/mol
 VdW interaction energy in the mix                 :       -25.71707 kcal/mol
 Gas liquid transition energy in the mix (H_glt)   :        14.86330 kcal/mol
 Normalized weight factor of molecule in compound  :         0.23360
 Normalized weight factor of molecule in gas phase :         0.33973

 Compound: 2 Conformer: 4 (4-nonanone_c3)
 Chemical potential of the molecule in the mixture :         1.04705 kcal/mol
 Log10(partial pressure [mbar])                    :        -0.14734
 Free energy of molecule in mix (E_COSMO+dE+Mu)    :   -269356.81167 kcal/mol
 Total mean interaction energy in the mix          :        -7.40893 kcal/mol
 Misfit interaction energy in the mix              :         3.49343 kcal/mol
 H-Bond interaction energy in the mix              :         0.00010 kcal/mol
 VdW interaction energy in the mix                 :       -25.76576 kcal/mol
 Gas liquid transition energy in the mix (H_glt)   :        14.86330 kcal/mol
 Normalized weight factor of molecule in compound  :         0.22812
 Normalized weight factor of molecule in gas phase :         0.28577

 Compound: 2 Conformer: 5 (4-nonanone_c4)
 Chemical potential of the molecule in the mixture :         1.24453 kcal/mol
 Log10(partial pressure [mbar])                    :        -0.37992
 Free energy of molecule in mix (E_COSMO+dE+Mu)    :   -269356.41982 kcal/mol
 Total mean interaction energy in the mix          :        -7.36033 kcal/mol
 Misfit interaction energy in the mix              :         3.69883 kcal/mol
 H-Bond interaction energy in the mix              :         0.00033 kcal/mol
 VdW interaction energy in the mix                 :       -25.92279 kcal/mol
 Gas liquid transition energy in the mix (H_glt)   :        14.86330 kcal/mol
 Normalized weight factor of molecule in compound  :         0.11643
 Normalized weight factor of molecule in gas phase :         0.08650

 Compound: 3 Conformer: 1 (lacticacid_c0)
 Chemical potential of the molecule in the mixture :         5.83378 kcal/mol
 Log10(partial pressure [mbar])                    :        -1.23965
 Free energy of molecule in mix (E_COSMO+dE+Mu)    :   -215742.84636 kcal/mol
 Total mean interaction energy in the mix          :        -4.29490 kcal/mol
 Misfit interaction energy in the mix              :         3.36985 kcal/mol
 H-Bond interaction energy in the mix              :        -1.82588 kcal/mol
 VdW interaction energy in the mix                 :       -14.09071 kcal/mol
 Gas liquid transition energy in the mix (H_glt)   :         8.25184 kcal/mol
 Normalized weight factor of molecule in compound  :         0.06995
 Normalized weight factor of molecule in gas phase :         0.00476

 Compound: 3 Conformer: 2 (lacticacid_c1)
 Chemical potential of the molecule in the mixture :         6.25381 kcal/mol
 Log10(partial pressure [mbar])                    :        -0.50949
 Free energy of molecule in mix (E_COSMO+dE+Mu)    :   -215742.24484 kcal/mol
 Total mean interaction energy in the mix          :        -4.01870 kcal/mol
 Misfit interaction energy in the mix              :         3.27295 kcal/mol
 H-Bond interaction energy in the mix              :        -1.47703 kcal/mol
 VdW interaction energy in the mix                 :       -14.06647 kcal/mol
 Gas liquid transition energy in the mix (H_glt)   :         8.25184 kcal/mol
 Normalized weight factor of molecule in compound  :         0.02491
 Normalized weight factor of molecule in gas phase :         0.00936

 Compound: 3 Conformer: 3 (lacticacid_c2)
 Chemical potential of the molecule in the mixture :         3.37656 kcal/mol
 Log10(partial pressure [mbar])                    :        -0.54383
 Free energy of molecule in mix (E_COSMO+dE+Mu)    :   -215744.22990 kcal/mol
 Total mean interaction energy in the mix          :        -5.44867 kcal/mol
 Misfit interaction energy in the mix              :         2.54349 kcal/mol
 H-Bond interaction energy in the mix              :        -2.10840 kcal/mol
 VdW interaction energy in the mix                 :       -14.13560 kcal/mol
 Gas liquid transition energy in the mix (H_glt)   :         8.25184 kcal/mol
 Normalized weight factor of molecule in compound  :         0.75207
 Normalized weight factor of molecule in gas phase :         0.94961

 Compound: 3 Conformer: 4 (lacticacid_c3)
 Chemical potential of the molecule in the mixture :         3.30168 kcal/mol
 Log10(partial pressure [mbar])                    :        -1.70702
 Free energy of molecule in mix (E_COSMO+dE+Mu)    :   -215742.88375 kcal/mol
 Total mean interaction energy in the mix          :        -5.95708 kcal/mol
 Misfit interaction energy in the mix              :         2.95136 kcal/mol
 H-Bond interaction energy in the mix              :        -3.03626 kcal/mol
 VdW interaction energy in the mix                 :       -14.12403 kcal/mol
 Gas liquid transition energy in the mix (H_glt)   :         8.25184 kcal/mol
 Normalized weight factor of molecule in compound  :         0.07459
 Normalized weight factor of molecule in gas phase :         0.02089

 Compound: 3 Conformer: 5 (lacticacid_c4)
 Chemical potential of the molecule in the mixture :         4.02373 kcal/mol
 Log10(partial pressure [mbar])                    :        -2.83595
 Free energy of molecule in mix (E_COSMO+dE+Mu)    :   -215742.07510 kcal/mol
 Total mean interaction energy in the mix          :        -5.50694 kcal/mol
 Misfit interaction energy in the mix              :         3.74880 kcal/mol
 H-Bond interaction energy in the mix              :        -3.33943 kcal/mol
 VdW interaction energy in the mix                 :       -14.16816 kcal/mol
 Gas liquid transition energy in the mix (H_glt)   :         8.25184 kcal/mol
 Normalized weight factor of molecule in compound  :         0.01861
 Normalized weight factor of molecule in gas phase :         0.00039

 Compound: 3 Conformer: 6 (lacticacid_c5)
 Chemical potential of the molecule in the mixture :         3.27989 kcal/mol
 Log10(partial pressure [mbar])                    :        -1.75493
 Free energy of molecule in mix (E_COSMO+dE+Mu)    :   -215742.75557 kcal/mol
 Total mean interaction energy in the mix          :        -5.99731 kcal/mol
 Misfit interaction energy in the mix              :         2.95452 kcal/mol
 H-Bond interaction energy in the mix              :        -3.05441 kcal/mol
 VdW interaction energy in the mix                 :       -14.14926 kcal/mol
 Gas liquid transition energy in the mix (H_glt)   :         8.25184 kcal/mol
 Normalized weight factor of molecule in compound  :         0.05986
 Normalized weight factor of molecule in gas phase :         0.01500




 Results for mixture 3 - LIQ_EX Phase 1 Iteration    1
 ---------------------
 Temperature          :    293.150 K
 Compound Nr.         :         1         2         3
 Compound             :       h2o 4-nonanon lacticaci
 Mole Fraction        :    0.9968    0.0000    0.0032

 Compound: 1  (h2o)
 Chemical potential of the compound in the mixture :         2.88312 kcal/mol
 Log10(partial pressure [mbar])                    :         0.99136
 Free energy of molecule in mix (E_COSMO+dE+Mu)    :    -47990.37015 kcal/mol
 Total mean interaction energy in the mix (H_int)  :        -5.86131 kcal/mol
 Misfit interaction energy in the mix (H_MF)       :         0.54841 kcal/mol
 H-Bond interaction energy in the mix (H_HB)       :        -4.97502 kcal/mol
 VdW interaction energy in the mix (H_vdW)         :        -4.36675 kcal/mol
 Gas liquid transition energy in the mix (H_glt)   :         2.93205 kcal/mol

 Compound: 2  (4-nonanone)
 Chemical potential of the compound in the mixture :         5.88040 kcal/mol
 Log10(partial pressure [mbar])                    :         3.93763
 Free energy of molecule in mix (E_COSMO+dE+Mu)    :   -269352.05427 kcal/mol
 Total mean interaction energy in the mix (H_int)  :        -9.03314 kcal/mol
 Misfit interaction energy in the mix (H_MF)       :         3.17211 kcal/mol
 H-Bond interaction energy in the mix (H_HB)       :        -2.24915 kcal/mol
 VdW interaction energy in the mix (H_vdW)         :       -24.94310 kcal/mol
 Gas liquid transition energy in the mix (H_glt)   :        14.86330 kcal/mol

 Compound: 3  (lacticacid)
 Chemical potential of the compound in the mixture :         3.59622 kcal/mol
 Log10(partial pressure [mbar])                    :        -1.66713
 Free energy of molecule in mix (E_COSMO+dE+Mu)    :   -215745.08392 kcal/mol
 Total mean interaction energy in the mix (H_int)  :        -8.51591 kcal/mol
 Misfit interaction energy in the mix (H_MF)       :         1.78464 kcal/mol
 H-Bond interaction energy in the mix (H_HB)       :        -7.43897 kcal/mol
 VdW interaction energy in the mix (H_vdW)         :       -13.38816 kcal/mol
 Gas liquid transition energy in the mix (H_glt)   :         8.25184 kcal/mol



 Compound: 1 Conformer: 1 (h2o_c0)
 Chemical potential of the molecule in the mixture :         2.88312 kcal/mol
 Log10(partial pressure [mbar])                    :         0.99136
 Free energy of molecule in mix (E_COSMO+dE+Mu)    :    -47990.37015 kcal/mol
 Total mean interaction energy in the mix          :        -5.86131 kcal/mol
 Misfit interaction energy in the mix              :         0.54841 kcal/mol
 H-Bond interaction energy in the mix              :        -4.97502 kcal/mol
 VdW interaction energy in the mix                 :        -4.36675 kcal/mol
 Gas liquid transition energy in the mix (H_glt)   :         2.93205 kcal/mol
 Normalized weight factor of molecule in compound  :         1.00000
 Normalized weight factor of molecule in gas phase :         1.00000

 Compound: 2 Conformer: 1 (4-nonanone_c0)
 Chemical potential of the molecule in the mixture :         6.70726 kcal/mol
 Log10(partial pressure [mbar])                    :         3.84560
 Free energy of molecule in mix (E_COSMO+dE+Mu)    :   -269351.20168 kcal/mol
 Total mean interaction energy in the mix          :        -9.13922 kcal/mol
 Misfit interaction energy in the mix              :         3.21760 kcal/mol
 H-Bond interaction energy in the mix              :        -2.13270 kcal/mol
 VdW interaction energy in the mix                 :       -25.08743 kcal/mol
 Gas liquid transition energy in the mix (H_glt)   :        14.86330 kcal/mol
 Normalized weight factor of molecule in compound  :         0.23141
 Normalized weight factor of molecule in gas phase :         0.18722

 Compound: 2 Conformer: 2 (4-nonanone_c1)
 Chemical potential of the molecule in the mixture :         6.57559 kcal/mol
 Log10(partial pressure [mbar])                    :         3.60386
 Free energy of molecule in mix (E_COSMO+dE+Mu)    :   -269351.16512 kcal/mol
 Total mean interaction energy in the mix          :        -9.32001 kcal/mol
 Misfit interaction energy in the mix              :         3.18298 kcal/mol
 H-Bond interaction energy in the mix              :        -2.41271 kcal/mol
 VdW interaction energy in the mix                 :       -24.95359 kcal/mol
 Gas liquid transition energy in the mix (H_glt)   :        14.86330 kcal/mol
 Normalized weight factor of molecule in compound  :         0.21734
 Normalized weight factor of molecule in gas phase :         0.10078

 Compound: 2 Conformer: 3 (4-nonanone_c2)
 Chemical potential of the molecule in the mixture :         6.94995 kcal/mol
 Log10(partial pressure [mbar])                    :         4.27362
 Free energy of molecule in mix (E_COSMO+dE+Mu)    :   -269350.98472 kcal/mol
 Total mean interaction energy in the mix          :        -8.85801 kcal/mol
 Misfit interaction energy in the mix              :         3.10578 kcal/mol
 H-Bond interaction energy in the mix              :        -2.03856 kcal/mol
 VdW interaction energy in the mix                 :       -24.78853 kcal/mol
 Gas liquid transition energy in the mix (H_glt)   :        14.86330 kcal/mol
 Normalized weight factor of molecule in compound  :         0.15946
 Normalized weight factor of molecule in gas phase :         0.33973

 Compound: 2 Conformer: 4 (4-nonanone_c3)
 Chemical potential of the molecule in the mixture :         6.88674 kcal/mol
 Log10(partial pressure [mbar])                    :         4.20620
 Free energy of molecule in mix (E_COSMO+dE+Mu)    :   -269350.97197 kcal/mol
 Total mean interaction energy in the mix          :        -8.87946 kcal/mol
 Misfit interaction energy in the mix              :         3.15246 kcal/mol
 H-Bond interaction energy in the mix              :        -2.06168 kcal/mol
 VdW interaction energy in the mix                 :       -24.83354 kcal/mol
 Gas liquid transition energy in the mix (H_glt)   :        14.86330 kcal/mol
 Normalized weight factor of molecule in compound  :         0.15600
 Normalized weight factor of molecule in gas phase :         0.28577

 Compound: 2 Conformer: 5 (4-nonanone_c4)
 Chemical potential of the molecule in the mixture :         6.45174 kcal/mol
 Log10(partial pressure [mbar])                    :         3.50210
 Free energy of molecule in mix (E_COSMO+dE+Mu)    :   -269351.21261 kcal/mol
 Total mean interaction energy in the mix          :        -9.40934 kcal/mol
 Misfit interaction energy in the mix              :         3.17528 kcal/mol
 H-Bond interaction energy in the mix              :        -2.47912 kcal/mol
 VdW interaction energy in the mix                 :       -24.96880 kcal/mol
 Gas liquid transition energy in the mix (H_glt)   :        14.86330 kcal/mol
 Normalized weight factor of molecule in compound  :         0.23580
 Normalized weight factor of molecule in gas phase :         0.08650

 Compound: 3 Conformer: 1 (lacticacid_c0)
 Chemical potential of the molecule in the mixture :         5.53283 kcal/mol
 Log10(partial pressure [mbar])                    :        -1.46401
 Free energy of molecule in mix (E_COSMO+dE+Mu)    :   -215743.14731 kcal/mol
 Total mean interaction energy in the mix          :        -7.84811 kcal/mol
 Misfit interaction energy in the mix              :         1.82130 kcal/mol
 H-Bond interaction energy in the mix              :        -4.58350 kcal/mol
 VdW interaction energy in the mix                 :       -13.33775 kcal/mol
 Gas liquid transition energy in the mix (H_glt)   :         8.25184 kcal/mol
 Normalized weight factor of molecule in compound  :         0.03600
 Normalized weight factor of molecule in gas phase :         0.00476

 Compound: 3 Conformer: 2 (lacticacid_c1)
 Chemical potential of the molecule in the mixture :         5.68842 kcal/mol
 Log10(partial pressure [mbar])                    :        -0.93099
 Free energy of molecule in mix (E_COSMO+dE+Mu)    :   -215742.81023 kcal/mol
 Total mean interaction energy in the mix          :        -7.38210 kcal/mol
 Misfit interaction energy in the mix              :         1.94324 kcal/mol
 H-Bond interaction energy in the mix              :        -4.26091 kcal/mol
 VdW interaction energy in the mix                 :       -13.31627 kcal/mol
 Gas liquid transition energy in the mix (H_glt)   :         8.25184 kcal/mol
 Normalized weight factor of molecule in compound  :         0.02018
 Normalized weight factor of molecule in gas phase :         0.00936

 Compound: 3 Conformer: 3 (lacticacid_c2)
 Chemical potential of the molecule in the mixture :         3.83525 kcal/mol
 Log10(partial pressure [mbar])                    :        -0.20187
 Free energy of molecule in mix (E_COSMO+dE+Mu)    :   -215743.77121 kcal/mol
 Total mean interaction energy in the mix          :        -8.50380 kcal/mol
 Misfit interaction energy in the mix              :         1.86376 kcal/mol
 H-Bond interaction energy in the mix              :        -5.21697 kcal/mol
 VdW interaction energy in the mix                 :       -13.40243 kcal/mol
 Gas liquid transition energy in the mix (H_glt)   :         8.25184 kcal/mol
 Normalized weight factor of molecule in compound  :         0.10504
 Normalized weight factor of molecule in gas phase :         0.94961

 Compound: 3 Conformer: 4 (lacticacid_c3)
 Chemical potential of the molecule in the mixture :         2.03045 kcal/mol
 Log10(partial pressure [mbar])                    :        -2.65473
 Free energy of molecule in mix (E_COSMO+dE+Mu)    :   -215744.15498 kcal/mol
 Total mean interaction energy in the mix          :       -10.72778 kcal/mol
 Misfit interaction energy in the mix              :         1.78722 kcal/mol
 H-Bond interaction energy in the mix              :        -7.39202 kcal/mol
 VdW interaction energy in the mix                 :       -13.37483 kcal/mol
 Gas liquid transition energy in the mix (H_glt)   :         8.25184 kcal/mol
 Normalized weight factor of molecule in compound  :         0.20299
 Normalized weight factor of molecule in gas phase :         0.02089

 Compound: 3 Conformer: 5 (lacticacid_c4)
 Chemical potential of the molecule in the mixture :         1.45878 kcal/mol
 Log10(partial pressure [mbar])                    :        -4.74814
 Free energy of molecule in mix (E_COSMO+dE+Mu)    :   -215744.64005 kcal/mol
 Total mean interaction energy in the mix          :       -11.70042 kcal/mol
 Misfit interaction energy in the mix              :         1.76481 kcal/mol
 H-Bond interaction energy in the mix              :        -8.32236 kcal/mol
 VdW interaction energy in the mix                 :       -13.39471 kcal/mol
 Gas liquid transition energy in the mix (H_glt)   :         8.25184 kcal/mol
 Normalized weight factor of molecule in compound  :         0.46676
 Normalized weight factor of molecule in gas phase :         0.00039

 Compound: 3 Conformer: 6 (lacticacid_c5)
 Chemical potential of the molecule in the mixture :         1.98709 kcal/mol
 Log10(partial pressure [mbar])                    :        -2.71872
 Free energy of molecule in mix (E_COSMO+dE+Mu)    :   -215744.04837 kcal/mol
 Total mean interaction energy in the mix          :       -10.80863 kcal/mol
 Misfit interaction energy in the mix              :         1.76039 kcal/mol
 H-Bond interaction energy in the mix              :        -7.42432 kcal/mol
 VdW interaction energy in the mix                 :       -13.39654 kcal/mol
 Gas liquid transition energy in the mix (H_glt)   :         8.25184 kcal/mol
 Normalized weight factor of molecule in compound  :         0.16904
 Normalized weight factor of molecule in gas phase :         0.01500




 Results for mixture 4 - LIQ_EX Phase 2 Iteration    1
 ---------------------
 Temperature          :    293.150 K
 Compound Nr.         :         1         2         3
 Compound             :       h2o 4-nonanon lacticaci
 Mole Fraction        :    0.0179    0.9812    0.0009

 Compound: 1  (h2o)
 Chemical potential of the compound in the mixture :         4.97132 kcal/mol
 Log10(partial pressure [mbar])                    :         2.54813
 Free energy of molecule in mix (E_COSMO+dE+Mu)    :    -47988.28196 kcal/mol
 Total mean interaction energy in the mix (H_int)  :        -2.53062 kcal/mol
 Misfit interaction energy in the mix (H_MF)       :         1.70065 kcal/mol
 H-Bond interaction energy in the mix (H_HB)       :        -2.53204 kcal/mol
 VdW interaction energy in the mix (H_vdW)         :        -4.63129 kcal/mol
 Gas liquid transition energy in the mix (H_glt)   :         2.93205 kcal/mol
 Equilibrium constant Kx(1,2)                      :        36.03838
 Equilibrium concentration x_k(1,2)                :         0.97300

 Compound: 2  (4-nonanone)
 Chemical potential of the compound in the mixture :         0.26410 kcal/mol
 Log10(partial pressure [mbar])                    :        -0.24936
 Free energy of molecule in mix (E_COSMO+dE+Mu)    :   -269357.67057 kcal/mol
 Total mean interaction energy in the mix (H_int)  :        -7.39415 kcal/mol
 Misfit interaction energy in the mix (H_MF)       :         3.56936 kcal/mol
 H-Bond interaction energy in the mix (H_HB)       :        -0.04349 kcal/mol
 VdW interaction energy in the mix (H_vdW)         :       -25.86528 kcal/mol
 Gas liquid transition energy in the mix (H_glt)   :        14.86330 kcal/mol
 Equilibrium constant Kx(1,2)                      :  6.50145288E-05
 Equilibrium concentration x_k(1,2)                :         0.00007

 Compound: 3  (lacticacid)
 Chemical potential of the compound in the mixture :         4.09712 kcal/mol
 Log10(partial pressure [mbar])                    :        -1.29370
 Free energy of molecule in mix (E_COSMO+dE+Mu)    :   -215744.58302 kcal/mol
 Total mean interaction energy in the mix (H_int)  :        -4.41106 kcal/mol
 Misfit interaction energy in the mix (H_MF)       :         2.54328 kcal/mol
 H-Bond interaction energy in the mix (H_HB)       :        -2.32111 kcal/mol
 VdW interaction energy in the mix (H_vdW)         :       -14.12391 kcal/mol
 Gas liquid transition energy in the mix (H_glt)   :         8.25184 kcal/mol
 Equilibrium constant Kx(1,2)                      :         2.36281
 Equilibrium concentration x_k(1,2)                :         0.70263



 Compound: 1 Conformer: 1 (h2o_c0)
 Chemical potential of the molecule in the mixture :         4.97132 kcal/mol
 Log10(partial pressure [mbar])                    :         2.54813
 Free energy of molecule in mix (E_COSMO+dE+Mu)    :    -47988.28196 kcal/mol
 Total mean interaction energy in the mix          :        -2.53062 kcal/mol
 Misfit interaction energy in the mix              :         1.70065 kcal/mol
 H-Bond interaction energy in the mix              :        -2.53204 kcal/mol
 VdW interaction energy in the mix                 :        -4.63129 kcal/mol
 Gas liquid transition energy in the mix (H_glt)   :         2.93205 kcal/mol
 Normalized weight factor of molecule in compound  :         1.00000
 Normalized weight factor of molecule in gas phase :         1.00000

 Compound: 2 Conformer: 1 (4-nonanone_c0)
 Chemical potential of the molecule in the mixture :         0.95401 kcal/mol
 Log10(partial pressure [mbar])                    :        -0.44350
 Free energy of molecule in mix (E_COSMO+dE+Mu)    :   -269356.95493 kcal/mol
 Total mean interaction energy in the mix          :        -7.60431 kcal/mol
 Misfit interaction energy in the mix              :         3.59815 kcal/mol
 H-Bond interaction energy in the mix              :        -0.03422 kcal/mol
 VdW interaction energy in the mix                 :       -26.03154 kcal/mol
 Gas liquid transition energy in the mix (H_glt)   :        14.86330 kcal/mol
 Normalized weight factor of molecule in compound  :         0.29274
 Normalized weight factor of molecule in gas phase :         0.18722

 Compound: 2 Conformer: 2 (4-nonanone_c1)
 Chemical potential of the molecule in the mixture :         1.26099 kcal/mol
 Log10(partial pressure [mbar])                    :        -0.35822
 Free energy of molecule in mix (E_COSMO+dE+Mu)    :   -269356.47972 kcal/mol
 Total mean interaction energy in the mix          :        -7.40911 kcal/mol
 Misfit interaction energy in the mix              :         3.69470 kcal/mol
 H-Bond interaction energy in the mix              :        -0.06856 kcal/mol
 VdW interaction energy in the mix                 :       -25.89855 kcal/mol
 Gas liquid transition energy in the mix (H_glt)   :        14.86330 kcal/mol
 Normalized weight factor of molecule in compound  :         0.12948
 Normalized weight factor of molecule in gas phase :         0.10078

 Compound: 2 Conformer: 3 (4-nonanone_c2)
 Chemical potential of the molecule in the mixture :         1.11412 kcal/mol
 Log10(partial pressure [mbar])                    :        -0.07704
 Free energy of molecule in mix (E_COSMO+dE+Mu)    :   -269356.82055 kcal/mol
 Total mean interaction energy in the mix          :        -7.40736 kcal/mol
 Misfit interaction energy in the mix              :         3.47604 kcal/mol
 H-Bond interaction energy in the mix              :        -0.03423 kcal/mol
 VdW interaction energy in the mix                 :       -25.71247 kcal/mol
 Gas liquid transition energy in the mix (H_glt)   :        14.86330 kcal/mol
 Normalized weight factor of molecule in compound  :         0.23244
 Normalized weight factor of molecule in gas phase :         0.33973

 Compound: 2 Conformer: 4 (4-nonanone_c3)
 Chemical potential of the molecule in the mixture :         1.05294 kcal/mol
 Log10(partial pressure [mbar])                    :        -0.14294
 Free energy of molecule in mix (E_COSMO+dE+Mu)    :   -269356.80578 kcal/mol
 Total mean interaction energy in the mix          :        -7.43658 kcal/mol
 Misfit interaction energy in the mix              :         3.49297 kcal/mol
 H-Bond interaction energy in the mix              :        -0.03163 kcal/mol
 VdW interaction energy in the mix                 :       -25.76123 kcal/mol
 Gas liquid transition energy in the mix (H_glt)   :        14.86330 kcal/mol
 Normalized weight factor of molecule in compound  :         0.22662
 Normalized weight factor of molecule in gas phase :         0.28577

 Compound: 2 Conformer: 5 (4-nonanone_c4)
 Chemical potential of the molecule in the mixture :         1.23520 kcal/mol
 Log10(partial pressure [mbar])                    :        -0.38687
 Free energy of molecule in mix (E_COSMO+dE+Mu)    :   -269356.42915 kcal/mol
 Total mean interaction energy in the mix          :        -7.44308 kcal/mol
 Misfit interaction energy in the mix              :         3.69018 kcal/mol
 H-Bond interaction energy in the mix              :        -0.07979 kcal/mol
 VdW interaction energy in the mix                 :       -25.91677 kcal/mol
 Gas liquid transition energy in the mix (H_glt)   :        14.86330 kcal/mol
 Normalized weight factor of molecule in compound  :         0.11872
 Normalized weight factor of molecule in gas phase :         0.08650

 Compound: 3 Conformer: 1 (lacticacid_c0)
 Chemical potential of the molecule in the mixture :         5.65936 kcal/mol
 Log10(partial pressure [mbar])                    :        -1.36968
 Free energy of molecule in mix (E_COSMO+dE+Mu)    :   -215743.02078 kcal/mol
 Total mean interaction energy in the mix          :        -4.50469 kcal/mol
 Misfit interaction energy in the mix              :         3.19879 kcal/mol
 H-Bond interaction energy in the mix              :        -1.87094 kcal/mol
 VdW interaction energy in the mix                 :       -14.08439 kcal/mol
 Gas liquid transition energy in the mix (H_glt)   :         8.25184 kcal/mol
 Normalized weight factor of molecule in compound  :         0.06845
 Normalized weight factor of molecule in gas phase :         0.00476

 Compound: 3 Conformer: 2 (lacticacid_c1)
 Chemical potential of the molecule in the mixture :         6.07439 kcal/mol
 Log10(partial pressure [mbar])                    :        -0.64325
 Free energy of molecule in mix (E_COSMO+dE+Mu)    :   -215742.42426 kcal/mol
 Total mean interaction energy in the mix          :        -4.22995 kcal/mol
 Misfit interaction energy in the mix              :         3.13267 kcal/mol
 H-Bond interaction energy in the mix              :        -1.55725 kcal/mol
 VdW interaction energy in the mix                 :       -14.05721 kcal/mol
 Gas liquid transition energy in the mix (H_glt)   :         8.25184 kcal/mol
 Normalized weight factor of molecule in compound  :         0.02458
 Normalized weight factor of molecule in gas phase :         0.00936

 Compound: 3 Conformer: 3 (lacticacid_c2)
 Chemical potential of the molecule in the mixture :         3.20504 kcal/mol
 Log10(partial pressure [mbar])                    :        -0.67170
 Free energy of molecule in mix (E_COSMO+dE+Mu)    :   -215744.40142 kcal/mol
 Total mean interaction energy in the mix          :        -5.66407 kcal/mol
 Misfit interaction energy in the mix              :         2.38913 kcal/mol
 H-Bond interaction energy in the mix              :        -2.17644 kcal/mol
 VdW interaction energy in the mix                 :       -14.12861 kcal/mol
 Gas liquid transition energy in the mix (H_glt)   :         8.25184 kcal/mol
 Normalized weight factor of molecule in compound  :         0.73218
 Normalized weight factor of molecule in gas phase :         0.94961

 Compound: 3 Conformer: 4 (lacticacid_c3)
 Chemical potential of the molecule in the mixture :         3.05244 kcal/mol
 Log10(partial pressure [mbar])                    :        -1.89283
 Free energy of molecule in mix (E_COSMO+dE+Mu)    :   -215743.13300 kcal/mol
 Total mean interaction energy in the mix          :        -6.26568 kcal/mol
 Misfit interaction energy in the mix              :         2.75524 kcal/mol
 H-Bond interaction energy in the mix              :        -3.15971 kcal/mol
 VdW interaction energy in the mix                 :       -14.11305 kcal/mol
 Gas liquid transition energy in the mix (H_glt)   :         8.25184 kcal/mol
 Normalized weight factor of molecule in compound  :         0.08298
 Normalized weight factor of molecule in gas phase :         0.02089

 Compound: 3 Conformer: 5 (lacticacid_c4)
 Chemical potential of the molecule in the mixture :         3.67094 kcal/mol
 Log10(partial pressure [mbar])                    :        -3.09896
 Free energy of molecule in mix (E_COSMO+dE+Mu)    :   -215742.42789 kcal/mol
 Total mean interaction energy in the mix          :        -5.96086 kcal/mol
 Misfit interaction energy in the mix              :         3.43603 kcal/mol
 H-Bond interaction energy in the mix              :        -3.49153 kcal/mol
 VdW interaction energy in the mix                 :       -14.15720 kcal/mol
 Gas liquid transition energy in the mix (H_glt)   :         8.25184 kcal/mol
 Normalized weight factor of molecule in compound  :         0.02474
 Normalized weight factor of molecule in gas phase :         0.00039

 Compound: 3 Conformer: 6 (lacticacid_c5)
 Chemical potential of the molecule in the mixture :         3.02653 kcal/mol
 Log10(partial pressure [mbar])                    :        -1.94382
 Free energy of molecule in mix (E_COSMO+dE+Mu)    :   -215743.00894 kcal/mol
 Total mean interaction energy in the mix          :        -6.30778 kcal/mol
 Misfit interaction energy in the mix              :         2.74962 kcal/mol
 H-Bond interaction energy in the mix              :        -3.17066 kcal/mol
 VdW interaction energy in the mix                 :       -14.13858 kcal/mol
 Gas liquid transition energy in the mix (H_glt)   :         8.25184 kcal/mol
 Normalized weight factor of molecule in compound  :         0.06707
 Normalized weight factor of molecule in gas phase :         0.01500




 Results for mixture 5 - LIQ_EX Phase 1 Iteration    2
 ---------------------
 Temperature          :    293.150 K
 Compound Nr.         :         1         2         3
 Compound             :       h2o 4-nonanon lacticaci
 Mole Fraction        :    0.9970    0.0000    0.0029

 Compound: 1  (h2o)
 Chemical potential of the compound in the mixture :         2.88312 kcal/mol
 Log10(partial pressure [mbar])                    :         0.99136
 Free energy of molecule in mix (E_COSMO+dE+Mu)    :    -47990.37015 kcal/mol
 Total mean interaction energy in the mix (H_int)  :        -5.86105 kcal/mol
 Misfit interaction energy in the mix (H_MF)       :         0.54844 kcal/mol
 H-Bond interaction energy in the mix (H_HB)       :        -4.97498 kcal/mol
 VdW interaction energy in the mix (H_vdW)         :        -4.36656 kcal/mol
 Gas liquid transition energy in the mix (H_glt)   :         2.93205 kcal/mol

 Compound: 2  (4-nonanone)
 Chemical potential of the compound in the mixture :         5.88430 kcal/mol
 Log10(partial pressure [mbar])                    :         3.94054
 Free energy of molecule in mix (E_COSMO+dE+Mu)    :   -269352.05037 kcal/mol
 Total mean interaction energy in the mix (H_int)  :        -9.03357 kcal/mol
 Misfit interaction energy in the mix (H_MF)       :         3.17076 kcal/mol
 H-Bond interaction energy in the mix (H_HB)       :        -2.24950 kcal/mol
 VdW interaction energy in the mix (H_vdW)         :       -24.94183 kcal/mol
 Gas liquid transition energy in the mix (H_glt)   :        14.86330 kcal/mol

 Compound: 3  (lacticacid)
 Chemical potential of the compound in the mixture :         3.59665 kcal/mol
 Log10(partial pressure [mbar])                    :        -1.66680
 Free energy of molecule in mix (E_COSMO+dE+Mu)    :   -215745.08349 kcal/mol
 Total mean interaction energy in the mix (H_int)  :        -8.51691 kcal/mol
 Misfit interaction energy in the mix (H_MF)       :         1.78409 kcal/mol
 H-Bond interaction energy in the mix (H_HB)       :        -7.44033 kcal/mol
 VdW interaction energy in the mix (H_vdW)         :       -13.38748 kcal/mol
 Gas liquid transition energy in the mix (H_glt)   :         8.25184 kcal/mol



 Compound: 1 Conformer: 1 (h2o_c0)
 Chemical potential of the molecule in the mixture :         2.88312 kcal/mol
 Log10(partial pressure [mbar])                    :         0.99136
 Free energy of molecule in mix (E_COSMO+dE+Mu)    :    -47990.37015 kcal/mol
 Total mean interaction energy in the mix          :        -5.86105 kcal/mol
 Misfit interaction energy in the mix              :         0.54844 kcal/mol
 H-Bond interaction energy in the mix              :        -4.97498 kcal/mol
 VdW interaction energy in the mix                 :        -4.36656 kcal/mol
 Gas liquid transition energy in the mix (H_glt)   :         2.93205 kcal/mol
 Normalized weight factor of molecule in compound  :         1.00000
 Normalized weight factor of molecule in gas phase :         1.00000

 Compound: 2 Conformer: 1 (4-nonanone_c0)
 Chemical potential of the molecule in the mixture :         6.71121 kcal/mol
 Log10(partial pressure [mbar])                    :         3.84854
 Free energy of molecule in mix (E_COSMO+dE+Mu)    :   -269351.19772 kcal/mol
 Total mean interaction energy in the mix          :        -9.13964 kcal/mol
 Misfit interaction energy in the mix              :         3.21629 kcal/mol
 H-Bond interaction energy in the mix              :        -2.13309 kcal/mol
 VdW interaction energy in the mix                 :       -25.08614 kcal/mol
 Gas liquid transition energy in the mix (H_glt)   :        14.86330 kcal/mol
 Normalized weight factor of molecule in compound  :         0.23139
 Normalized weight factor of molecule in gas phase :         0.18722

 Compound: 2 Conformer: 2 (4-nonanone_c1)
 Chemical potential of the molecule in the mixture :         6.57946 kcal/mol
 Log10(partial pressure [mbar])                    :         3.60674
 Free energy of molecule in mix (E_COSMO+dE+Mu)    :   -269351.16125 kcal/mol
 Total mean interaction energy in the mix          :        -9.32039 kcal/mol
 Misfit interaction energy in the mix              :         3.18162 kcal/mol
 H-Bond interaction energy in the mix              :        -2.41300 kcal/mol
 VdW interaction energy in the mix                 :       -24.95232 kcal/mol
 Gas liquid transition energy in the mix (H_glt)   :        14.86330 kcal/mol
 Normalized weight factor of molecule in compound  :         0.21735
 Normalized weight factor of molecule in gas phase :         0.10078

 Compound: 2 Conformer: 3 (4-nonanone_c2)
 Chemical potential of the molecule in the mixture :         6.95388 kcal/mol
 Log10(partial pressure [mbar])                    :         4.27655
 Free energy of molecule in mix (E_COSMO+dE+Mu)    :   -269350.98079 kcal/mol
 Total mean interaction energy in the mix          :        -8.85854 kcal/mol
 Misfit interaction energy in the mix              :         3.10440 kcal/mol
 H-Bond interaction energy in the mix              :        -2.03897 kcal/mol
 VdW interaction energy in the mix                 :       -24.78727 kcal/mol
 Gas liquid transition energy in the mix (H_glt)   :        14.86330 kcal/mol
 Normalized weight factor of molecule in compound  :         0.15945
 Normalized weight factor of molecule in gas phase :         0.33973

 Compound: 2 Conformer: 4 (4-nonanone_c3)
 Chemical potential of the molecule in the mixture :         6.89069 kcal/mol
 Log10(partial pressure [mbar])                    :         4.20914
 Free energy of molecule in mix (E_COSMO+dE+Mu)    :   -269350.96803 kcal/mol
 Total mean interaction energy in the mix          :        -8.87992 kcal/mol
 Misfit interaction energy in the mix              :         3.15114 kcal/mol
 H-Bond interaction energy in the mix              :        -2.06208 kcal/mol
 VdW interaction energy in the mix                 :       -24.83228 kcal/mol
 Gas liquid transition energy in the mix (H_glt)   :        14.86330 kcal/mol
 Normalized weight factor of molecule in compound  :         0.15599
 Normalized weight factor of molecule in gas phase :         0.28577

 Compound: 2 Conformer: 5 (4-nonanone_c4)
 Chemical potential of the molecule in the mixture :         6.45559 kcal/mol
 Log10(partial pressure [mbar])                    :         3.50497
 Free energy of molecule in mix (E_COSMO+dE+Mu)    :   -269351.20876 kcal/mol
 Total mean interaction energy in the mix          :        -9.40969 kcal/mol
 Misfit interaction energy in the mix              :         3.17392 kcal/mol
 H-Bond interaction energy in the mix              :        -2.47938 kcal/mol
 VdW interaction energy in the mix                 :       -24.96753 kcal/mol
 Gas liquid transition energy in the mix (H_glt)   :        14.86330 kcal/mol
 Normalized weight factor of molecule in compound  :         0.23582
 Normalized weight factor of molecule in gas phase :         0.08650

 Compound: 3 Conformer: 1 (lacticacid_c0)
 Chemical potential of the molecule in the mixture :         5.53356 kcal/mol
 Log10(partial pressure [mbar])                    :        -1.46346
 Free energy of molecule in mix (E_COSMO+dE+Mu)    :   -215743.14658 kcal/mol
 Total mean interaction energy in the mix          :        -7.84873 kcal/mol
 Misfit interaction energy in the mix              :         1.82072 kcal/mol
 H-Bond interaction energy in the mix              :        -4.58425 kcal/mol
 VdW interaction energy in the mix                 :       -13.33704 kcal/mol
 Gas liquid transition energy in the mix (H_glt)   :         8.25184 kcal/mol
 Normalized weight factor of molecule in compound  :         0.03598
 Normalized weight factor of molecule in gas phase :         0.00476

 Compound: 3 Conformer: 2 (lacticacid_c1)
 Chemical potential of the molecule in the mixture :         5.68914 kcal/mol
 Log10(partial pressure [mbar])                    :        -0.93046
 Free energy of molecule in mix (E_COSMO+dE+Mu)    :   -215742.80951 kcal/mol
 Total mean interaction energy in the mix          :        -7.38263 kcal/mol
 Misfit interaction energy in the mix              :         1.94277 kcal/mol
 H-Bond interaction energy in the mix              :        -4.26169 kcal/mol
 VdW interaction energy in the mix                 :       -13.31555 kcal/mol
 Gas liquid transition energy in the mix (H_glt)   :         8.25184 kcal/mol
 Normalized weight factor of molecule in compound  :         0.02017
 Normalized weight factor of molecule in gas phase :         0.00936

 Compound: 3 Conformer: 3 (lacticacid_c2)
 Chemical potential of the molecule in the mixture :         3.83627 kcal/mol
 Log10(partial pressure [mbar])                    :        -0.20111
 Free energy of molecule in mix (E_COSMO+dE+Mu)    :   -215743.77019 kcal/mol
 Total mean interaction energy in the mix          :        -8.50419 kcal/mol
 Misfit interaction energy in the mix              :         1.86331 kcal/mol
 H-Bond interaction energy in the mix              :        -5.21763 kcal/mol
 VdW interaction energy in the mix                 :       -13.40171 kcal/mol
 Gas liquid transition energy in the mix (H_glt)   :         8.25184 kcal/mol
 Normalized weight factor of molecule in compound  :         0.10494
 Normalized weight factor of molecule in gas phase :         0.94961

 Compound: 3 Conformer: 4 (lacticacid_c3)
 Chemical potential of the molecule in the mixture :         2.03091 kcal/mol
 Log10(partial pressure [mbar])                    :        -2.65439
 Free energy of molecule in mix (E_COSMO+dE+Mu)    :   -215744.15452 kcal/mol
 Total mean interaction energy in the mix          :       -10.72861 kcal/mol
 Misfit interaction energy in the mix              :         1.78672 kcal/mol
 H-Bond interaction energy in the mix              :        -7.39302 kcal/mol
 VdW interaction energy in the mix                 :       -13.37415 kcal/mol
 Gas liquid transition energy in the mix (H_glt)   :         8.25184 kcal/mol
 Normalized weight factor of molecule in compound  :         0.20298
 Normalized weight factor of molecule in gas phase :         0.02089

 Compound: 3 Conformer: 5 (lacticacid_c4)
 Chemical potential of the molecule in the mixture :         1.45902 kcal/mol
 Log10(partial pressure [mbar])                    :        -4.74796
 Free energy of molecule in mix (E_COSMO+dE+Mu)    :   -215744.63981 kcal/mol
 Total mean interaction energy in the mix          :       -11.70121 kcal/mol
 Misfit interaction energy in the mix              :         1.76424 kcal/mol
 H-Bond interaction energy in the mix              :        -8.32326 kcal/mol
 VdW interaction energy in the mix                 :       -13.39403 kcal/mol
 Gas liquid transition energy in the mix (H_glt)   :         8.25184 kcal/mol
 Normalized weight factor of molecule in compound  :         0.46691
 Normalized weight factor of molecule in gas phase :         0.00039

 Compound: 3 Conformer: 6 (lacticacid_c5)
 Chemical potential of the molecule in the mixture :         1.98758 kcal/mol
 Log10(partial pressure [mbar])                    :        -2.71836
 Free energy of molecule in mix (E_COSMO+dE+Mu)    :   -215744.04789 kcal/mol
 Total mean interaction energy in the mix          :       -10.80947 kcal/mol
 Misfit interaction energy in the mix              :         1.75986 kcal/mol
 H-Bond interaction energy in the mix              :        -7.42532 kcal/mol
 VdW interaction energy in the mix                 :       -13.39586 kcal/mol
 Gas liquid transition energy in the mix (H_glt)   :         8.25184 kcal/mol
 Normalized weight factor of molecule in compound  :         0.16903
 Normalized weight factor of molecule in gas phase :         0.01500




 Results for mixture 6 - LIQ_EX Phase 2 Iteration    2
 ---------------------
 Temperature          :    293.150 K
 Compound Nr.         :         1         2         3
 Compound             :       h2o 4-nonanon lacticaci
 Mole Fraction        :    0.0271    0.9717    0.0012

 Compound: 1  (h2o)
 Chemical potential of the compound in the mixture :         4.89566 kcal/mol
 Log10(partial pressure [mbar])                    :         2.49173
 Free energy of molecule in mix (E_COSMO+dE+Mu)    :    -47988.35761 kcal/mol
 Total mean interaction energy in the mix (H_int)  :        -2.64354 kcal/mol
 Misfit interaction energy in the mix (H_MF)       :         1.63437 kcal/mol
 H-Bond interaction energy in the mix (H_HB)       :        -2.58124 kcal/mol
 VdW interaction energy in the mix (H_vdW)         :        -4.62873 kcal/mol
 Gas liquid transition energy in the mix (H_glt)   :         2.93205 kcal/mol
 Equilibrium constant Kx(1,2)                      :        31.64943
 Equilibrium concentration x_k(1,2)                :         0.96937

 Compound: 2  (4-nonanone)
 Chemical potential of the compound in the mixture :         0.26599 kcal/mol
 Log10(partial pressure [mbar])                    :        -0.24796
 Free energy of molecule in mix (E_COSMO+dE+Mu)    :   -269357.66868 kcal/mol
 Total mean interaction energy in the mix (H_int)  :        -7.41345 kcal/mol
 Misfit interaction energy in the mix (H_MF)       :         3.56904 kcal/mol
 H-Bond interaction energy in the mix (H_HB)       :        -0.06525 kcal/mol
 VdW interaction energy in the mix (H_vdW)         :       -25.86287 kcal/mol
 Gas liquid transition energy in the mix (H_glt)   :        14.86330 kcal/mol
 Equilibrium constant Kx(1,2)                      :  6.47893322E-05
 Equilibrium concentration x_k(1,2)                :         0.00006

 Compound: 3  (lacticacid)
 Chemical potential of the compound in the mixture :         4.03985 kcal/mol
 Log10(partial pressure [mbar])                    :        -1.33640
 Free energy of molecule in mix (E_COSMO+dE+Mu)    :   -215744.64029 kcal/mol
 Total mean interaction energy in the mix (H_int)  :        -4.48120 kcal/mol
 Misfit interaction energy in the mix (H_MF)       :         2.50308 kcal/mol
 H-Bond interaction energy in the mix (H_HB)       :        -2.36817 kcal/mol
 VdW interaction energy in the mix (H_vdW)         :       -14.12014 kcal/mol
 Gas liquid transition energy in the mix (H_glt)   :         8.25184 kcal/mol
 Equilibrium constant Kx(1,2)                      :         2.13997
 Equilibrium concentration x_k(1,2)                :         0.68153



 Compound: 1 Conformer: 1 (h2o_c0)
 Chemical potential of the molecule in the mixture :         4.89566 kcal/mol
 Log10(partial pressure [mbar])                    :         2.49173
 Free energy of molecule in mix (E_COSMO+dE+Mu)    :    -47988.35761 kcal/mol
 Total mean interaction energy in the mix          :        -2.64354 kcal/mol
 Misfit interaction energy in the mix              :         1.63437 kcal/mol
 H-Bond interaction energy in the mix              :        -2.58124 kcal/mol
 VdW interaction energy in the mix                 :        -4.62873 kcal/mol
 Gas liquid transition energy in the mix (H_glt)   :         2.93205 kcal/mol
 Normalized weight factor of molecule in compound  :         1.00000
 Normalized weight factor of molecule in gas phase :         1.00000

 Compound: 2 Conformer: 1 (4-nonanone_c0)
 Chemical potential of the molecule in the mixture :         0.95706 kcal/mol
 Log10(partial pressure [mbar])                    :        -0.44122
 Free energy of molecule in mix (E_COSMO+dE+Mu)    :   -269356.95188 kcal/mol
 Total mean interaction energy in the mix          :        -7.61931 kcal/mol
 Misfit interaction energy in the mix              :         3.59798 kcal/mol
 H-Bond interaction energy in the mix              :        -0.05149 kcal/mol
 VdW interaction energy in the mix                 :       -26.02910 kcal/mol
 Gas liquid transition energy in the mix (H_glt)   :        14.86330 kcal/mol
 Normalized weight factor of molecule in compound  :         0.29216
 Normalized weight factor of molecule in gas phase :         0.18722

 Compound: 2 Conformer: 2 (4-nonanone_c1)
 Chemical potential of the molecule in the mixture :         1.25948 kcal/mol
 Log10(partial pressure [mbar])                    :        -0.35934
 Free energy of molecule in mix (E_COSMO+dE+Mu)    :   -269356.48123 kcal/mol
 Total mean interaction energy in the mix          :        -7.44198 kcal/mol
 Misfit interaction energy in the mix              :         3.69247 kcal/mol
 H-Bond interaction energy in the mix              :        -0.10211 kcal/mol
 VdW interaction energy in the mix                 :       -25.89565 kcal/mol
 Gas liquid transition energy in the mix (H_glt)   :        14.86330 kcal/mol
 Normalized weight factor of molecule in compound  :         0.13024
 Normalized weight factor of molecule in gas phase :         0.10078

 Compound: 2 Conformer: 3 (4-nonanone_c2)
 Chemical potential of the molecule in the mixture :         1.11737 kcal/mol
 Log10(partial pressure [mbar])                    :        -0.07462
 Free energy of molecule in mix (E_COSMO+dE+Mu)    :   -269356.81730 kcal/mol
 Total mean interaction energy in the mix          :        -7.42211 kcal/mol
 Misfit interaction energy in the mix              :         3.47613 kcal/mol
 H-Bond interaction energy in the mix              :        -0.05146 kcal/mol
 VdW interaction energy in the mix                 :       -25.71008 kcal/mol
 Gas liquid transition energy in the mix (H_glt)   :        14.86330 kcal/mol
 Normalized weight factor of molecule in compound  :         0.23189
 Normalized weight factor of molecule in gas phase :         0.33973

 Compound: 2 Conformer: 4 (4-nonanone_c3)
 Chemical potential of the molecule in the mixture :         1.05667 kcal/mol
 Log10(partial pressure [mbar])                    :        -0.14016
 Free energy of molecule in mix (E_COSMO+dE+Mu)    :   -269356.80204 kcal/mol
 Total mean interaction energy in the mix          :        -7.44988 kcal/mol
 Misfit interaction energy in the mix              :         3.49328 kcal/mol
 H-Bond interaction energy in the mix              :        -0.04760 kcal/mol
 VdW interaction energy in the mix                 :       -25.75886 kcal/mol
 Gas liquid transition energy in the mix (H_glt)   :        14.86330 kcal/mol
 Normalized weight factor of molecule in compound  :         0.22590
 Normalized weight factor of molecule in gas phase :         0.28577

 Compound: 2 Conformer: 5 (4-nonanone_c4)
 Chemical potential of the molecule in the mixture :         1.23174 kcal/mol
 Log10(partial pressure [mbar])                    :        -0.38945
 Free energy of molecule in mix (E_COSMO+dE+Mu)    :   -269356.43261 kcal/mol
 Total mean interaction energy in the mix          :        -7.48212 kcal/mol
 Misfit interaction energy in the mix              :         3.68696 kcal/mol
 H-Bond interaction energy in the mix              :        -0.11869 kcal/mol
 VdW interaction energy in the mix                 :       -25.91369 kcal/mol
 Gas liquid transition energy in the mix (H_glt)   :        14.86330 kcal/mol
 Normalized weight factor of molecule in compound  :         0.11981
 Normalized weight factor of molecule in gas phase :         0.08650

 Compound: 3 Conformer: 1 (lacticacid_c0)
 Chemical potential of the molecule in the mixture :         5.60649 kcal/mol
 Log10(partial pressure [mbar])                    :        -1.40910
 Free energy of molecule in mix (E_COSMO+dE+Mu)    :   -215743.07365 kcal/mol
 Total mean interaction energy in the mix          :        -4.57216 kcal/mol
 Misfit interaction energy in the mix              :         3.15061 kcal/mol
 H-Bond interaction energy in the mix              :        -1.89344 kcal/mol
 VdW interaction energy in the mix                 :       -14.08117 kcal/mol
 Gas liquid transition energy in the mix (H_glt)   :         8.25184 kcal/mol
 Normalized weight factor of molecule in compound  :         0.06793
 Normalized weight factor of molecule in gas phase :         0.00476

 Compound: 3 Conformer: 2 (lacticacid_c1)
 Chemical potential of the molecule in the mixture :         6.01377 kcal/mol
 Log10(partial pressure [mbar])                    :        -0.68844
 Free energy of molecule in mix (E_COSMO+dE+Mu)    :   -215742.48488 kcal/mol
 Total mean interaction energy in the mix          :        -4.30282 kcal/mol
 Misfit interaction energy in the mix              :         3.09294 kcal/mol
 H-Bond interaction energy in the mix              :        -1.59482 kcal/mol
 VdW interaction energy in the mix                 :       -14.05278 kcal/mol
 Gas liquid transition energy in the mix (H_glt)   :         8.25184 kcal/mol
 Normalized weight factor of molecule in compound  :         0.02472
 Normalized weight factor of molecule in gas phase :         0.00936

 Compound: 3 Conformer: 3 (lacticacid_c2)
 Chemical potential of the molecule in the mixture :         3.15439 kcal/mol
 Log10(partial pressure [mbar])                    :        -0.70946
 Free energy of molecule in mix (E_COSMO+dE+Mu)    :   -215744.45207 kcal/mol
 Total mean interaction energy in the mix          :        -5.73472 kcal/mol
 Misfit interaction energy in the mix              :         2.34840 kcal/mol
 H-Bond interaction energy in the mix              :        -2.20986 kcal/mol
 VdW interaction energy in the mix                 :       -14.12510 kcal/mol
 Gas liquid transition energy in the mix (H_glt)   :         8.25184 kcal/mol
 Normalized weight factor of molecule in compound  :         0.72391
 Normalized weight factor of molecule in gas phase :         0.94961

 Compound: 3 Conformer: 4 (lacticacid_c3)
 Chemical potential of the molecule in the mixture :         2.97167 kcal/mol
 Log10(partial pressure [mbar])                    :        -1.95304
 Free energy of molecule in mix (E_COSMO+dE+Mu)    :   -215743.21376 kcal/mol
 Total mean interaction energy in the mix          :        -6.37252 kcal/mol
 Misfit interaction energy in the mix              :         2.70196 kcal/mol
 H-Bond interaction energy in the mix              :        -3.21856 kcal/mol
 VdW interaction energy in the mix                 :       -14.10776 kcal/mol
 Gas liquid transition energy in the mix (H_glt)   :         8.25184 kcal/mol
 Normalized weight factor of molecule in compound  :         0.08640
 Normalized weight factor of molecule in gas phase :         0.02089

 Compound: 3 Conformer: 5 (lacticacid_c4)
 Chemical potential of the molecule in the mixture :         3.55958 kcal/mol
 Log10(partial pressure [mbar])                    :        -3.18198
 Free energy of molecule in mix (E_COSMO+dE+Mu)    :   -215742.53925 kcal/mol
 Total mean interaction energy in the mix          :        -6.11822 kcal/mol
 Misfit interaction energy in the mix              :         3.34661 kcal/mol
 H-Bond interaction energy in the mix              :        -3.56487 kcal/mol
 VdW interaction energy in the mix                 :       -14.15180 kcal/mol
 Gas liquid transition energy in the mix (H_glt)   :         8.25184 kcal/mol
 Normalized weight factor of molecule in compound  :         0.02714
 Normalized weight factor of molecule in gas phase :         0.00039

 Compound: 3 Conformer: 6 (lacticacid_c5)
 Chemical potential of the molecule in the mixture :         2.94520 kcal/mol
 Log10(partial pressure [mbar])                    :        -2.00445
 Free energy of molecule in mix (E_COSMO+dE+Mu)    :   -215743.09027 kcal/mol
 Total mean interaction energy in the mix          :        -6.41463 kcal/mol
 Misfit interaction energy in the mix              :         2.69369 kcal/mol
 H-Bond interaction energy in the mix              :        -3.22678 kcal/mol
 VdW interaction energy in the mix                 :       -14.13338 kcal/mol
 Gas liquid transition energy in the mix (H_glt)   :         8.25184 kcal/mol
 Normalized weight factor of molecule in compound  :         0.06989
 Normalized weight factor of molecule in gas phase :         0.01500




 Results for mixture 7 - LIQ_EX Phase 1 Iteration    3
 ---------------------
 Temperature          :    293.150 K
 Compound Nr.         :         1         2         3
 Compound             :       h2o 4-nonanon lacticaci
 Mole Fraction        :    0.9971    0.0000    0.0028

 Compound: 1  (h2o)
 Chemical potential of the compound in the mixture :         2.88312 kcal/mol
 Log10(partial pressure [mbar])                    :         0.99136
 Free energy of molecule in mix (E_COSMO+dE+Mu)    :    -47990.37015 kcal/mol
 Total mean interaction energy in the mix (H_int)  :        -5.86095 kcal/mol
 Misfit interaction energy in the mix (H_MF)       :         0.54845 kcal/mol
 H-Bond interaction energy in the mix (H_HB)       :        -4.97497 kcal/mol
 VdW interaction energy in the mix (H_vdW)         :        -4.36649 kcal/mol
 Gas liquid transition energy in the mix (H_glt)   :         2.93205 kcal/mol

 Compound: 2  (4-nonanone)
 Chemical potential of the compound in the mixture :         5.88571 kcal/mol
 Log10(partial pressure [mbar])                    :         3.94159
 Free energy of molecule in mix (E_COSMO+dE+Mu)    :   -269352.04896 kcal/mol
 Total mean interaction energy in the mix (H_int)  :        -9.03371 kcal/mol
 Misfit interaction energy in the mix (H_MF)       :         3.17028 kcal/mol
 H-Bond interaction energy in the mix (H_HB)       :        -2.24963 kcal/mol
 VdW interaction energy in the mix (H_vdW)         :       -24.94137 kcal/mol
 Gas liquid transition energy in the mix (H_glt)   :        14.86330 kcal/mol

 Compound: 3  (lacticacid)
 Chemical potential of the compound in the mixture :         3.59681 kcal/mol
 Log10(partial pressure [mbar])                    :        -1.66668
 Free energy of molecule in mix (E_COSMO+dE+Mu)    :   -215745.08333 kcal/mol
 Total mean interaction energy in the mix (H_int)  :        -8.51727 kcal/mol
 Misfit interaction energy in the mix (H_MF)       :         1.78389 kcal/mol
 H-Bond interaction energy in the mix (H_HB)       :        -7.44081 kcal/mol
 VdW interaction energy in the mix (H_vdW)         :       -13.38723 kcal/mol
 Gas liquid transition energy in the mix (H_glt)   :         8.25184 kcal/mol



 Compound: 1 Conformer: 1 (h2o_c0)
 Chemical potential of the molecule in the mixture :         2.88312 kcal/mol
 Log10(partial pressure [mbar])                    :         0.99136
 Free energy of molecule in mix (E_COSMO+dE+Mu)    :    -47990.37015 kcal/mol
 Total mean interaction energy in the mix          :        -5.86095 kcal/mol
 Misfit interaction energy in the mix              :         0.54845 kcal/mol
 H-Bond interaction energy in the mix              :        -4.97497 kcal/mol
 VdW interaction energy in the mix                 :        -4.36649 kcal/mol
 Gas liquid transition energy in the mix (H_glt)   :         2.93205 kcal/mol
 Normalized weight factor of molecule in compound  :         1.00000
 Normalized weight factor of molecule in gas phase :         1.00000

 Compound: 2 Conformer: 1 (4-nonanone_c0)
 Chemical potential of the molecule in the mixture :         6.71264 kcal/mol
 Log10(partial pressure [mbar])                    :         3.84961
 Free energy of molecule in mix (E_COSMO+dE+Mu)    :   -269351.19630 kcal/mol
 Total mean interaction energy in the mix          :        -9.13979 kcal/mol
 Misfit interaction energy in the mix              :         3.21582 kcal/mol
 H-Bond interaction energy in the mix              :        -2.13323 kcal/mol
 VdW interaction energy in the mix                 :       -25.08568 kcal/mol
 Gas liquid transition energy in the mix (H_glt)   :        14.86330 kcal/mol
 Normalized weight factor of molecule in compound  :         0.23139
 Normalized weight factor of molecule in gas phase :         0.18722

 Compound: 2 Conformer: 2 (4-nonanone_c1)
 Chemical potential of the molecule in the mixture :         6.58086 kcal/mol
 Log10(partial pressure [mbar])                    :         3.60778
 Free energy of molecule in mix (E_COSMO+dE+Mu)    :   -269351.15986 kcal/mol
 Total mean interaction energy in the mix          :        -9.32052 kcal/mol
 Misfit interaction energy in the mix              :         3.18113 kcal/mol
 H-Bond interaction energy in the mix              :        -2.41310 kcal/mol
 VdW interaction energy in the mix                 :       -24.95186 kcal/mol
 Gas liquid transition energy in the mix (H_glt)   :        14.86330 kcal/mol
 Normalized weight factor of molecule in compound  :         0.21735
 Normalized weight factor of molecule in gas phase :         0.10078

 Compound: 2 Conformer: 3 (4-nonanone_c2)
 Chemical potential of the molecule in the mixture :         6.95530 kcal/mol
 Log10(partial pressure [mbar])                    :         4.27760
 Free energy of molecule in mix (E_COSMO+dE+Mu)    :   -269350.97937 kcal/mol
 Total mean interaction energy in the mix          :        -8.85872 kcal/mol
 Misfit interaction energy in the mix              :         3.10390 kcal/mol
 H-Bond interaction energy in the mix              :        -2.03911 kcal/mol
 VdW interaction energy in the mix                 :       -24.78681 kcal/mol
 Gas liquid transition energy in the mix (H_glt)   :        14.86330 kcal/mol
 Normalized weight factor of molecule in compound  :         0.15945
 Normalized weight factor of molecule in gas phase :         0.33973

 Compound: 2 Conformer: 4 (4-nonanone_c3)
 Chemical potential of the molecule in the mixture :         6.89212 kcal/mol
 Log10(partial pressure [mbar])                    :         4.21021
 Free energy of molecule in mix (E_COSMO+dE+Mu)    :   -269350.96660 kcal/mol
 Total mean interaction energy in the mix          :        -8.88008 kcal/mol
 Misfit interaction energy in the mix              :         3.15067 kcal/mol
 H-Bond interaction energy in the mix              :        -2.06223 kcal/mol
 VdW interaction energy in the mix                 :       -24.83182 kcal/mol
 Gas liquid transition energy in the mix (H_glt)   :        14.86330 kcal/mol
 Normalized weight factor of molecule in compound  :         0.15599
 Normalized weight factor of molecule in gas phase :         0.28577

 Compound: 2 Conformer: 5 (4-nonanone_c4)
 Chemical potential of the molecule in the mixture :         6.45698 kcal/mol
 Log10(partial pressure [mbar])                    :         3.50601
 Free energy of molecule in mix (E_COSMO+dE+Mu)    :   -269351.20737 kcal/mol
 Total mean interaction energy in the mix          :        -9.40981 kcal/mol
 Misfit interaction energy in the mix              :         3.17343 kcal/mol
 H-Bond interaction energy in the mix              :        -2.47947 kcal/mol
 VdW interaction energy in the mix                 :       -24.96707 kcal/mol
 Gas liquid transition energy in the mix (H_glt)   :        14.86330 kcal/mol
 Normalized weight factor of molecule in compound  :         0.23582
 Normalized weight factor of molecule in gas phase :         0.08650

 Compound: 3 Conformer: 1 (lacticacid_c0)
 Chemical potential of the molecule in the mixture :         5.53383 kcal/mol
 Log10(partial pressure [mbar])                    :        -1.46326
 Free energy of molecule in mix (E_COSMO+dE+Mu)    :   -215743.14631 kcal/mol
 Total mean interaction energy in the mix          :        -7.84896 kcal/mol
 Misfit interaction energy in the mix              :         1.82051 kcal/mol
 H-Bond interaction energy in the mix              :        -4.58452 kcal/mol
 VdW interaction energy in the mix                 :       -13.33678 kcal/mol
 Gas liquid transition energy in the mix (H_glt)   :         8.25184 kcal/mol
 Normalized weight factor of molecule in compound  :         0.03597
 Normalized weight factor of molecule in gas phase :         0.00476

 Compound: 3 Conformer: 2 (lacticacid_c1)
 Chemical potential of the molecule in the mixture :         5.68940 kcal/mol
 Log10(partial pressure [mbar])                    :        -0.93026
 Free energy of molecule in mix (E_COSMO+dE+Mu)    :   -215742.80925 kcal/mol
 Total mean interaction energy in the mix          :        -7.38283 kcal/mol
 Misfit interaction energy in the mix              :         1.94260 kcal/mol
 H-Bond interaction energy in the mix              :        -4.26197 kcal/mol
 VdW interaction energy in the mix                 :       -13.31530 kcal/mol
 Gas liquid transition energy in the mix (H_glt)   :         8.25184 kcal/mol
 Normalized weight factor of molecule in compound  :         0.02017
 Normalized weight factor of molecule in gas phase :         0.00936

 Compound: 3 Conformer: 3 (lacticacid_c2)
 Chemical potential of the molecule in the mixture :         3.83664 kcal/mol
 Log10(partial pressure [mbar])                    :        -0.20084
 Free energy of molecule in mix (E_COSMO+dE+Mu)    :   -215743.76983 kcal/mol
 Total mean interaction energy in the mix          :        -8.50433 kcal/mol
 Misfit interaction energy in the mix              :         1.86315 kcal/mol
 H-Bond interaction energy in the mix              :        -5.21786 kcal/mol
 VdW interaction energy in the mix                 :       -13.40145 kcal/mol
 Gas liquid transition energy in the mix (H_glt)   :         8.25184 kcal/mol
 Normalized weight factor of molecule in compound  :         0.10490
 Normalized weight factor of molecule in gas phase :         0.94961

 Compound: 3 Conformer: 4 (lacticacid_c3)
 Chemical potential of the molecule in the mixture :         2.03108 kcal/mol
 Log10(partial pressure [mbar])                    :        -2.65426
 Free energy of molecule in mix (E_COSMO+dE+Mu)    :   -215744.15435 kcal/mol
 Total mean interaction energy in the mix          :       -10.72891 kcal/mol
 Misfit interaction energy in the mix              :         1.78653 kcal/mol
 H-Bond interaction energy in the mix              :        -7.39337 kcal/mol
 VdW interaction energy in the mix                 :       -13.37391 kcal/mol
 Gas liquid transition energy in the mix (H_glt)   :         8.25184 kcal/mol
 Normalized weight factor of molecule in compound  :         0.20297
 Normalized weight factor of molecule in gas phase :         0.02089

 Compound: 3 Conformer: 5 (lacticacid_c4)
 Chemical potential of the molecule in the mixture :         1.45911 kcal/mol
 Log10(partial pressure [mbar])                    :        -4.74790
 Free energy of molecule in mix (E_COSMO+dE+Mu)    :   -215744.63972 kcal/mol
 Total mean interaction energy in the mix          :       -11.70150 kcal/mol
 Misfit interaction energy in the mix              :         1.76403 kcal/mol
 H-Bond interaction energy in the mix              :        -8.32358 kcal/mol
 VdW interaction energy in the mix                 :       -13.39379 kcal/mol
 Gas liquid transition energy in the mix (H_glt)   :         8.25184 kcal/mol
 Normalized weight factor of molecule in compound  :         0.46697
 Normalized weight factor of molecule in gas phase :         0.00039

 Compound: 3 Conformer: 6 (lacticacid_c5)
 Chemical potential of the molecule in the mixture :         1.98775 kcal/mol
 Log10(partial pressure [mbar])                    :        -2.71823
 Free energy of molecule in mix (E_COSMO+dE+Mu)    :   -215744.04771 kcal/mol
 Total mean interaction energy in the mix          :       -10.80978 kcal/mol
 Misfit interaction energy in the mix              :         1.75968 kcal/mol
 H-Bond interaction energy in the mix              :        -7.42568 kcal/mol
 VdW interaction energy in the mix                 :       -13.39562 kcal/mol
 Gas liquid transition energy in the mix (H_glt)   :         8.25184 kcal/mol
 Normalized weight factor of molecule in compound  :         0.16902
 Normalized weight factor of molecule in gas phase :         0.01500




 Results for mixture 8 - LIQ_EX Phase 2 Iteration    3
 ---------------------
 Temperature          :    293.150 K
 Compound Nr.         :         1         2         3
 Compound             :       h2o 4-nonanon lacticaci
 Mole Fraction        :    0.0312    0.9675    0.0013

 Compound: 1  (h2o)
 Chemical potential of the compound in the mixture :         4.86606 kcal/mol
 Log10(partial pressure [mbar])                    :         2.46966
 Free energy of molecule in mix (E_COSMO+dE+Mu)    :    -47988.38721 kcal/mol
 Total mean interaction energy in the mix (H_int)  :        -2.68906 kcal/mol
 Misfit interaction energy in the mix (H_MF)       :         1.60883 kcal/mol
 H-Bond interaction energy in the mix (H_HB)       :        -2.60233 kcal/mol
 VdW interaction energy in the mix (H_vdW)         :        -4.62761 kcal/mol
 Gas liquid transition energy in the mix (H_glt)   :         2.93205 kcal/mol
 Equilibrium constant Kx(1,2)                      :        30.08155
 Equilibrium concentration x_k(1,2)                :         0.96783

 Compound: 2  (4-nonanone)
 Chemical potential of the compound in the mixture :         0.26695 kcal/mol
 Log10(partial pressure [mbar])                    :        -0.24724
 Free energy of molecule in mix (E_COSMO+dE+Mu)    :   -269357.66772 kcal/mol
 Total mean interaction energy in the mix (H_int)  :        -7.42178 kcal/mol
 Misfit interaction energy in the mix (H_MF)       :         3.56899 kcal/mol
 H-Bond interaction energy in the mix (H_HB)       :        -0.07476 kcal/mol
 VdW interaction energy in the mix (H_vdW)         :       -25.86180 kcal/mol
 Gas liquid transition energy in the mix (H_glt)   :        14.86330 kcal/mol
 Equilibrium constant Kx(1,2)                      :  6.47392167E-05
 Equilibrium concentration x_k(1,2)                :         0.00006

 Compound: 3  (lacticacid)
 Chemical potential of the compound in the mixture :         4.01737 kcal/mol
 Log10(partial pressure [mbar])                    :        -1.35316
 Free energy of molecule in mix (E_COSMO+dE+Mu)    :   -215744.66277 kcal/mol
 Total mean interaction energy in the mix (H_int)  :        -4.50957 kcal/mol
 Misfit interaction energy in the mix (H_MF)       :         2.48784 kcal/mol
 H-Bond interaction energy in the mix (H_HB)       :        -2.38854 kcal/mol
 VdW interaction energy in the mix (H_vdW)         :       -14.11848 kcal/mol
 Gas liquid transition energy in the mix (H_glt)   :         8.25184 kcal/mol
 Equilibrium constant Kx(1,2)                      :         2.05840
 Equilibrium concentration x_k(1,2)                :         0.67303



 Compound: 1 Conformer: 1 (h2o_c0)
 Chemical potential of the molecule in the mixture :         4.86606 kcal/mol
 Log10(partial pressure [mbar])                    :         2.46966
 Free energy of molecule in mix (E_COSMO+dE+Mu)    :    -47988.38721 kcal/mol
 Total mean interaction energy in the mix          :        -2.68906 kcal/mol
 Misfit interaction energy in the mix              :         1.60883 kcal/mol
 H-Bond interaction energy in the mix              :        -2.60233 kcal/mol
 VdW interaction energy in the mix                 :        -4.62761 kcal/mol
 Gas liquid transition energy in the mix (H_glt)   :         2.93205 kcal/mol
 Normalized weight factor of molecule in compound  :         1.00000
 Normalized weight factor of molecule in gas phase :         1.00000

 Compound: 2 Conformer: 1 (4-nonanone_c0)
 Chemical potential of the molecule in the mixture :         0.95853 kcal/mol
 Log10(partial pressure [mbar])                    :        -0.44013
 Free energy of molecule in mix (E_COSMO+dE+Mu)    :   -269356.95041 kcal/mol
 Total mean interaction energy in the mix          :        -7.62580 kcal/mol
 Misfit interaction energy in the mix              :         3.59799 kcal/mol
 H-Bond interaction energy in the mix              :        -0.05908 kcal/mol
 VdW interaction energy in the mix                 :       -26.02801 kcal/mol
 Gas liquid transition energy in the mix (H_glt)   :        14.86330 kcal/mol
 Normalized weight factor of molecule in compound  :         0.29190
 Normalized weight factor of molecule in gas phase :         0.18722

 Compound: 2 Conformer: 2 (4-nonanone_c1)
 Chemical potential of the molecule in the mixture :         1.25898 kcal/mol
 Log10(partial pressure [mbar])                    :        -0.35972
 Free energy of molecule in mix (E_COSMO+dE+Mu)    :   -269356.48173 kcal/mol
 Total mean interaction energy in the mix          :        -7.45606 kcal/mol
 Misfit interaction energy in the mix              :         3.69162 kcal/mol
 H-Bond interaction energy in the mix              :        -0.11662 kcal/mol
 VdW interaction energy in the mix                 :       -25.89437 kcal/mol
 Gas liquid transition energy in the mix (H_glt)   :        14.86330 kcal/mol
 Normalized weight factor of molecule in compound  :         0.13057
 Normalized weight factor of molecule in gas phase :         0.10078

 Compound: 2 Conformer: 3 (4-nonanone_c2)
 Chemical potential of the molecule in the mixture :         1.11892 kcal/mol
 Log10(partial pressure [mbar])                    :        -0.07346
 Free energy of molecule in mix (E_COSMO+dE+Mu)    :   -269356.81575 kcal/mol
 Total mean interaction energy in the mix          :        -7.42849 kcal/mol
 Misfit interaction energy in the mix              :         3.47625 kcal/mol
 H-Bond interaction energy in the mix              :        -0.05902 kcal/mol
 VdW interaction energy in the mix                 :       -25.70902 kcal/mol
 Gas liquid transition energy in the mix (H_glt)   :        14.86330 kcal/mol
 Normalized weight factor of molecule in compound  :         0.23166
 Normalized weight factor of molecule in gas phase :         0.33973

 Compound: 2 Conformer: 4 (4-nonanone_c3)
 Chemical potential of the molecule in the mixture :         1.05843 kcal/mol
 Log10(partial pressure [mbar])                    :        -0.13885
 Free energy of molecule in mix (E_COSMO+dE+Mu)    :   -269356.80028 kcal/mol
 Total mean interaction energy in the mix          :        -7.45564 kcal/mol
 Misfit interaction energy in the mix              :         3.49349 kcal/mol
 H-Bond interaction energy in the mix              :        -0.05462 kcal/mol
 VdW interaction energy in the mix                 :       -25.75781 kcal/mol
 Gas liquid transition energy in the mix (H_glt)   :        14.86330 kcal/mol
 Normalized weight factor of molecule in compound  :         0.22559
 Normalized weight factor of molecule in gas phase :         0.28577

 Compound: 2 Conformer: 5 (4-nonanone_c4)
 Chemical potential of the molecule in the mixture :         1.23041 kcal/mol
 Log10(partial pressure [mbar])                    :        -0.39044
 Free energy of molecule in mix (E_COSMO+dE+Mu)    :   -269356.43394 kcal/mol
 Total mean interaction energy in the mix          :        -7.49880 kcal/mol
 Misfit interaction energy in the mix              :         3.68572 kcal/mol
 H-Bond interaction energy in the mix              :        -0.13549 kcal/mol
 VdW interaction energy in the mix                 :       -25.91234 kcal/mol
 Gas liquid transition energy in the mix (H_glt)   :        14.86330 kcal/mol
 Normalized weight factor of molecule in compound  :         0.12028
 Normalized weight factor of molecule in gas phase :         0.08650

 Compound: 3 Conformer: 1 (lacticacid_c0)
 Chemical potential of the molecule in the mixture :         5.58588 kcal/mol
 Log10(partial pressure [mbar])                    :        -1.42446
 Free energy of molecule in mix (E_COSMO+dE+Mu)    :   -215743.09426 kcal/mol
 Total mean interaction energy in the mix          :        -4.59924 kcal/mol
 Misfit interaction energy in the mix              :         3.13196 kcal/mol
 H-Bond interaction energy in the mix              :        -1.90328 kcal/mol
 VdW interaction energy in the mix                 :       -14.07976 kcal/mol
 Gas liquid transition energy in the mix (H_glt)   :         8.25184 kcal/mol
 Normalized weight factor of molecule in compound  :         0.06771
 Normalized weight factor of molecule in gas phase :         0.00476

 Compound: 3 Conformer: 2 (lacticacid_c1)
 Chemical potential of the molecule in the mixture :         5.98956 kcal/mol
 Log10(partial pressure [mbar])                    :        -0.70649
 Free energy of molecule in mix (E_COSMO+dE+Mu)    :   -215742.50908 kcal/mol
 Total mean interaction energy in the mix          :        -4.33225 kcal/mol
 Misfit interaction energy in the mix              :         3.07756 kcal/mol
 H-Bond interaction energy in the mix              :        -1.61077 kcal/mol
 VdW interaction energy in the mix                 :       -14.05089 kcal/mol
 Gas liquid transition energy in the mix (H_glt)   :         8.25184 kcal/mol
 Normalized weight factor of molecule in compound  :         0.02480
 Normalized weight factor of molecule in gas phase :         0.00936

 Compound: 3 Conformer: 3 (lacticacid_c2)
 Chemical potential of the molecule in the mixture :         3.13472 kcal/mol
 Log10(partial pressure [mbar])                    :        -0.72412
 Free energy of molecule in mix (E_COSMO+dE+Mu)    :   -215744.47174 kcal/mol
 Total mean interaction energy in the mix          :        -5.76315 kcal/mol
 Misfit interaction energy in the mix              :         2.33296 kcal/mol
 H-Bond interaction energy in the mix              :        -2.22437 kcal/mol
 VdW interaction energy in the mix                 :       -14.12357 kcal/mol
 Gas liquid transition energy in the mix (H_glt)   :         8.25184 kcal/mol
 Normalized weight factor of molecule in compound  :         0.72042
 Normalized weight factor of molecule in gas phase :         0.94961

 Compound: 3 Conformer: 4 (lacticacid_c3)
 Chemical potential of the molecule in the mixture :         2.93958 kcal/mol
 Log10(partial pressure [mbar])                    :        -1.97697
 Free energy of molecule in mix (E_COSMO+dE+Mu)    :   -215743.24585 kcal/mol
 Total mean interaction energy in the mix          :        -6.41579 kcal/mol
 Misfit interaction energy in the mix              :         2.68159 kcal/mol
 H-Bond interaction energy in the mix              :        -3.24374 kcal/mol
 VdW interaction energy in the mix                 :       -14.10549 kcal/mol
 Gas liquid transition energy in the mix (H_glt)   :         8.25184 kcal/mol
 Normalized weight factor of molecule in compound  :         0.08784
 Normalized weight factor of molecule in gas phase :         0.02089

 Compound: 3 Conformer: 5 (lacticacid_c4)
 Chemical potential of the molecule in the mixture :         3.51583 kcal/mol
 Log10(partial pressure [mbar])                    :        -3.21459
 Free energy of molecule in mix (E_COSMO+dE+Mu)    :   -215742.58300 kcal/mol
 Total mean interaction energy in the mix          :        -6.18169 kcal/mol
 Misfit interaction energy in the mix              :         3.31237 kcal/mol
 H-Bond interaction energy in the mix              :        -3.59643 kcal/mol
 VdW interaction energy in the mix                 :       -14.14946 kcal/mol
 Gas liquid transition energy in the mix (H_glt)   :         8.25184 kcal/mol
 Normalized weight factor of molecule in compound  :         0.02815
 Normalized weight factor of molecule in gas phase :         0.00039

 Compound: 3 Conformer: 6 (lacticacid_c5)
 Chemical potential of the molecule in the mixture :         2.91294 kcal/mol
 Log10(partial pressure [mbar])                    :        -2.02850
 Free energy of molecule in mix (E_COSMO+dE+Mu)    :   -215743.12252 kcal/mol
 Total mean interaction energy in the mix          :        -6.45792 kcal/mol
 Misfit interaction energy in the mix              :         2.67231 kcal/mol
 H-Bond interaction energy in the mix              :        -3.25093 kcal/mol
 VdW interaction energy in the mix                 :       -14.13114 kcal/mol
 Gas liquid transition energy in the mix (H_glt)   :         8.25184 kcal/mol
 Normalized weight factor of molecule in compound  :         0.07108
 Normalized weight factor of molecule in gas phase :         0.01500




 Results for mixture 9 - LIQ_EX Phase 1 Iteration    4
 ---------------------
 Temperature          :    293.150 K
 Compound Nr.         :         1         2         3
 Compound             :       h2o 4-nonanon lacticaci
 Mole Fraction        :    0.9972    0.0000    0.0028

 Compound: 1  (h2o)
 Chemical potential of the compound in the mixture :         2.88312 kcal/mol
 Log10(partial pressure [mbar])                    :         0.99136
 Free energy of molecule in mix (E_COSMO+dE+Mu)    :    -47990.37015 kcal/mol
 Total mean interaction energy in the mix (H_int)  :        -5.86092 kcal/mol
 Misfit interaction energy in the mix (H_MF)       :         0.54846 kcal/mol
 H-Bond interaction energy in the mix (H_HB)       :        -4.97496 kcal/mol
 VdW interaction energy in the mix (H_vdW)         :        -4.36646 kcal/mol
 Gas liquid transition energy in the mix (H_glt)   :         2.93205 kcal/mol

 Compound: 2  (4-nonanone)
 Chemical potential of the compound in the mixture :         5.88629 kcal/mol
 Log10(partial pressure [mbar])                    :         3.94202
 Free energy of molecule in mix (E_COSMO+dE+Mu)    :   -269352.04838 kcal/mol
 Total mean interaction energy in the mix (H_int)  :        -9.03378 kcal/mol
 Misfit interaction energy in the mix (H_MF)       :         3.17008 kcal/mol
 H-Bond interaction energy in the mix (H_HB)       :        -2.24968 kcal/mol
 VdW interaction energy in the mix (H_vdW)         :       -24.94118 kcal/mol
 Gas liquid transition energy in the mix (H_glt)   :        14.86330 kcal/mol

 Compound: 3  (lacticacid)
 Chemical potential of the compound in the mixture :         3.59688 kcal/mol
 Log10(partial pressure [mbar])                    :        -1.66664
 Free energy of molecule in mix (E_COSMO+dE+Mu)    :   -215745.08326 kcal/mol
 Total mean interaction energy in the mix (H_int)  :        -8.51741 kcal/mol
 Misfit interaction energy in the mix (H_MF)       :         1.78381 kcal/mol
 H-Bond interaction energy in the mix (H_HB)       :        -7.44101 kcal/mol
 VdW interaction energy in the mix (H_vdW)         :       -13.38713 kcal/mol
 Gas liquid transition energy in the mix (H_glt)   :         8.25184 kcal/mol



 Compound: 1 Conformer: 1 (h2o_c0)
 Chemical potential of the molecule in the mixture :         2.88312 kcal/mol
 Log10(partial pressure [mbar])                    :         0.99136
 Free energy of molecule in mix (E_COSMO+dE+Mu)    :    -47990.37015 kcal/mol
 Total mean interaction energy in the mix          :        -5.86092 kcal/mol
 Misfit interaction energy in the mix              :         0.54846 kcal/mol
 H-Bond interaction energy in the mix              :        -4.97496 kcal/mol
 VdW interaction energy in the mix                 :        -4.36646 kcal/mol
 Gas liquid transition energy in the mix (H_glt)   :         2.93205 kcal/mol
 Normalized weight factor of molecule in compound  :         1.00000
 Normalized weight factor of molecule in gas phase :         1.00000

 Compound: 2 Conformer: 1 (4-nonanone_c0)
 Chemical potential of the molecule in the mixture :         6.71322 kcal/mol
 Log10(partial pressure [mbar])                    :         3.85004
 Free energy of molecule in mix (E_COSMO+dE+Mu)    :   -269351.19571 kcal/mol
 Total mean interaction energy in the mix          :        -9.13985 kcal/mol
 Misfit interaction energy in the mix              :         3.21562 kcal/mol
 H-Bond interaction energy in the mix              :        -2.13329 kcal/mol
 VdW interaction energy in the mix                 :       -25.08549 kcal/mol
 Gas liquid transition energy in the mix (H_glt)   :        14.86330 kcal/mol
 Normalized weight factor of molecule in compound  :         0.23138
 Normalized weight factor of molecule in gas phase :         0.18722

 Compound: 2 Conformer: 2 (4-nonanone_c1)
 Chemical potential of the molecule in the mixture :         6.58143 kcal/mol
 Log10(partial pressure [mbar])                    :         3.60821
 Free energy of molecule in mix (E_COSMO+dE+Mu)    :   -269351.15928 kcal/mol
 Total mean interaction energy in the mix          :        -9.32058 kcal/mol
 Misfit interaction energy in the mix              :         3.18093 kcal/mol
 H-Bond interaction energy in the mix              :        -2.41314 kcal/mol
 VdW interaction energy in the mix                 :       -24.95167 kcal/mol
 Gas liquid transition energy in the mix (H_glt)   :        14.86330 kcal/mol
 Normalized weight factor of molecule in compound  :         0.21736
 Normalized weight factor of molecule in gas phase :         0.10078

 Compound: 2 Conformer: 3 (4-nonanone_c2)
 Chemical potential of the molecule in the mixture :         6.95588 kcal/mol
 Log10(partial pressure [mbar])                    :         4.27804
 Free energy of molecule in mix (E_COSMO+dE+Mu)    :   -269350.97879 kcal/mol
 Total mean interaction energy in the mix          :        -8.85880 kcal/mol
 Misfit interaction energy in the mix              :         3.10370 kcal/mol
 H-Bond interaction energy in the mix              :        -2.03917 kcal/mol
 VdW interaction energy in the mix                 :       -24.78663 kcal/mol
 Gas liquid transition energy in the mix (H_glt)   :        14.86330 kcal/mol
 Normalized weight factor of molecule in compound  :         0.15945
 Normalized weight factor of molecule in gas phase :         0.33973

 Compound: 2 Conformer: 4 (4-nonanone_c3)
 Chemical potential of the molecule in the mixture :         6.89270 kcal/mol
 Log10(partial pressure [mbar])                    :         4.21064
 Free energy of molecule in mix (E_COSMO+dE+Mu)    :   -269350.96601 kcal/mol
 Total mean interaction energy in the mix          :        -8.88014 kcal/mol
 Misfit interaction energy in the mix              :         3.15047 kcal/mol
 H-Bond interaction energy in the mix              :        -2.06229 kcal/mol
 VdW interaction energy in the mix                 :       -24.83163 kcal/mol
 Gas liquid transition energy in the mix (H_glt)   :        14.86330 kcal/mol
 Normalized weight factor of molecule in compound  :         0.15599
 Normalized weight factor of molecule in gas phase :         0.28577

 Compound: 2 Conformer: 5 (4-nonanone_c4)
 Chemical potential of the molecule in the mixture :         6.45756 kcal/mol
 Log10(partial pressure [mbar])                    :         3.50643
 Free energy of molecule in mix (E_COSMO+dE+Mu)    :   -269351.20680 kcal/mol
 Total mean interaction energy in the mix          :        -9.40986 kcal/mol
 Misfit interaction energy in the mix              :         3.17323 kcal/mol
 H-Bond interaction energy in the mix              :        -2.47951 kcal/mol
 VdW interaction energy in the mix                 :       -24.96688 kcal/mol
 Gas liquid transition energy in the mix (H_glt)   :        14.86330 kcal/mol
 Normalized weight factor of molecule in compound  :         0.23583
 Normalized weight factor of molecule in gas phase :         0.08650

 Compound: 3 Conformer: 1 (lacticacid_c0)
 Chemical potential of the molecule in the mixture :         5.53394 kcal/mol
 Log10(partial pressure [mbar])                    :        -1.46318
 Free energy of molecule in mix (E_COSMO+dE+Mu)    :   -215743.14620 kcal/mol
 Total mean interaction energy in the mix          :        -7.84905 kcal/mol
 Misfit interaction energy in the mix              :         1.82042 kcal/mol
 H-Bond interaction energy in the mix              :        -4.58463 kcal/mol
 VdW interaction energy in the mix                 :       -13.33668 kcal/mol
 Gas liquid transition energy in the mix (H_glt)   :         8.25184 kcal/mol
 Normalized weight factor of molecule in compound  :         0.03597
 Normalized weight factor of molecule in gas phase :         0.00476

 Compound: 3 Conformer: 2 (lacticacid_c1)
 Chemical potential of the molecule in the mixture :         5.68951 kcal/mol
 Log10(partial pressure [mbar])                    :        -0.93018
 Free energy of molecule in mix (E_COSMO+dE+Mu)    :   -215742.80914 kcal/mol
 Total mean interaction energy in the mix          :        -7.38291 kcal/mol
 Misfit interaction energy in the mix              :         1.94253 kcal/mol
 H-Bond interaction energy in the mix              :        -4.26209 kcal/mol
 VdW interaction energy in the mix                 :       -13.31519 kcal/mol
 Gas liquid transition energy in the mix (H_glt)   :         8.25184 kcal/mol
 Normalized weight factor of molecule in compound  :         0.02017
 Normalized weight factor of molecule in gas phase :         0.00936

 Compound: 3 Conformer: 3 (lacticacid_c2)
 Chemical potential of the molecule in the mixture :         3.83679 kcal/mol
 Log10(partial pressure [mbar])                    :        -0.20072
 Free energy of molecule in mix (E_COSMO+dE+Mu)    :   -215743.76968 kcal/mol
 Total mean interaction energy in the mix          :        -8.50438 kcal/mol
 Misfit interaction energy in the mix              :         1.86308 kcal/mol
 H-Bond interaction energy in the mix              :        -5.21796 kcal/mol
 VdW interaction energy in the mix                 :       -13.40135 kcal/mol
 Gas liquid transition energy in the mix (H_glt)   :         8.25184 kcal/mol
 Normalized weight factor of molecule in compound  :         0.10488
 Normalized weight factor of molecule in gas phase :         0.94961

 Compound: 3 Conformer: 4 (lacticacid_c3)
 Chemical potential of the molecule in the mixture :         2.03115 kcal/mol
 Log10(partial pressure [mbar])                    :        -2.65421
 Free energy of molecule in mix (E_COSMO+dE+Mu)    :   -215744.15428 kcal/mol
 Total mean interaction energy in the mix          :       -10.72903 kcal/mol
 Misfit interaction energy in the mix              :         1.78646 kcal/mol
 H-Bond interaction energy in the mix              :        -7.39352 kcal/mol
 VdW interaction energy in the mix                 :       -13.37381 kcal/mol
 Gas liquid transition energy in the mix (H_glt)   :         8.25184 kcal/mol
 Normalized weight factor of molecule in compound  :         0.20297
 Normalized weight factor of molecule in gas phase :         0.02089

 Compound: 3 Conformer: 5 (lacticacid_c4)
 Chemical potential of the molecule in the mixture :         1.45914 kcal/mol
 Log10(partial pressure [mbar])                    :        -4.74787
 Free energy of molecule in mix (E_COSMO+dE+Mu)    :   -215744.63969 kcal/mol
 Total mean interaction energy in the mix          :       -11.70161 kcal/mol
 Misfit interaction energy in the mix              :         1.76395 kcal/mol
 H-Bond interaction energy in the mix              :        -8.32371 kcal/mol
 VdW interaction energy in the mix                 :       -13.39369 kcal/mol
 Gas liquid transition energy in the mix (H_glt)   :         8.25184 kcal/mol
 Normalized weight factor of molecule in compound  :         0.46699
 Normalized weight factor of molecule in gas phase :         0.00039

 Compound: 3 Conformer: 6 (lacticacid_c5)
 Chemical potential of the molecule in the mixture :         1.98783 kcal/mol
 Log10(partial pressure [mbar])                    :        -2.71818
 Free energy of molecule in mix (E_COSMO+dE+Mu)    :   -215744.04764 kcal/mol
 Total mean interaction energy in the mix          :       -10.80990 kcal/mol
 Misfit interaction energy in the mix              :         1.75960 kcal/mol
 H-Bond interaction energy in the mix              :        -7.42582 kcal/mol
 VdW interaction energy in the mix                 :       -13.39552 kcal/mol
 Gas liquid transition energy in the mix (H_glt)   :         8.25184 kcal/mol
 Normalized weight factor of molecule in compound  :         0.16902
 Normalized weight factor of molecule in gas phase :         0.01500




 Results for mixture 10 - LIQ_EX Phase 2 Iteration    4
 ----------------------
 Temperature          :    293.150 K
 Compound Nr.         :         1         2         3
 Compound             :       h2o 4-nonanon lacticaci
 Mole Fraction        :    0.0330    0.9656    0.0013

 Compound: 1  (h2o)
 Chemical potential of the compound in the mixture :         4.85376 kcal/mol
 Log10(partial pressure [mbar])                    :         2.46048
 Free energy of molecule in mix (E_COSMO+dE+Mu)    :    -47988.39952 kcal/mol
 Total mean interaction energy in the mix (H_int)  :        -2.70822 kcal/mol
 Misfit interaction energy in the mix (H_MF)       :         1.59828 kcal/mol
 H-Bond interaction energy in the mix (H_HB)       :        -2.61142 kcal/mol
 VdW interaction energy in the mix (H_vdW)         :        -4.62713 kcal/mol
 Gas liquid transition energy in the mix (H_glt)   :         2.93205 kcal/mol
 Equilibrium constant Kx(1,2)                      :        29.45269
 Equilibrium concentration x_k(1,2)                :         0.96716

 Compound: 2  (4-nonanone)
 Chemical potential of the compound in the mixture :         0.26739 kcal/mol
 Log10(partial pressure [mbar])                    :        -0.24692
 Free energy of molecule in mix (E_COSMO+dE+Mu)    :   -269357.66728 kcal/mol
 Total mean interaction energy in the mix (H_int)  :        -7.42538 kcal/mol
 Misfit interaction energy in the mix (H_MF)       :         3.56899 kcal/mol
 H-Bond interaction energy in the mix (H_HB)       :        -0.07890 kcal/mol
 VdW interaction energy in the mix (H_vdW)         :       -25.86133 kcal/mol
 Gas liquid transition energy in the mix (H_glt)   :        14.86330 kcal/mol
 Equilibrium constant Kx(1,2)                      :  6.47238843E-05
 Equilibrium concentration x_k(1,2)                :         0.00006

 Compound: 3  (lacticacid)
 Chemical potential of the compound in the mixture :         4.00800 kcal/mol
 Log10(partial pressure [mbar])                    :        -1.36014
 Free energy of molecule in mix (E_COSMO+dE+Mu)    :   -215744.67214 kcal/mol
 Total mean interaction energy in the mix (H_int)  :        -4.52153 kcal/mol
 Misfit interaction energy in the mix (H_MF)       :         2.48158 kcal/mol
 H-Bond interaction energy in the mix (H_HB)       :        -2.39736 kcal/mol
 VdW interaction energy in the mix (H_vdW)         :       -14.11777 kcal/mol
 Gas liquid transition energy in the mix (H_glt)   :         8.25184 kcal/mol
 Equilibrium constant Kx(1,2)                      :         2.02533
 Equilibrium concentration x_k(1,2)                :         0.66946



 Compound: 1 Conformer: 1 (h2o_c0)
 Chemical potential of the molecule in the mixture :         4.85376 kcal/mol
 Log10(partial pressure [mbar])                    :         2.46048
 Free energy of molecule in mix (E_COSMO+dE+Mu)    :    -47988.39952 kcal/mol
 Total mean interaction energy in the mix          :        -2.70822 kcal/mol
 Misfit interaction energy in the mix              :         1.59828 kcal/mol
 H-Bond interaction energy in the mix              :        -2.61142 kcal/mol
 VdW interaction energy in the mix                 :        -4.62713 kcal/mol
 Gas liquid transition energy in the mix (H_glt)   :         2.93205 kcal/mol
 Normalized weight factor of molecule in compound  :         1.00000
 Normalized weight factor of molecule in gas phase :         1.00000

 Compound: 2 Conformer: 1 (4-nonanone_c0)
 Chemical potential of the molecule in the mixture :         0.95919 kcal/mol
 Log10(partial pressure [mbar])                    :        -0.43963
 Free energy of molecule in mix (E_COSMO+dE+Mu)    :   -269356.94975 kcal/mol
 Total mean interaction energy in the mix          :        -7.62861 kcal/mol
 Misfit interaction energy in the mix              :         3.59801 kcal/mol
 H-Bond interaction energy in the mix              :        -0.06238 kcal/mol
 VdW interaction energy in the mix                 :       -26.02754 kcal/mol
 Gas liquid transition energy in the mix (H_glt)   :        14.86330 kcal/mol
 Normalized weight factor of molecule in compound  :         0.29179
 Normalized weight factor of molecule in gas phase :         0.18722

 Compound: 2 Conformer: 2 (4-nonanone_c1)
 Chemical potential of the molecule in the mixture :         1.25878 kcal/mol
 Log10(partial pressure [mbar])                    :        -0.35986
 Free energy of molecule in mix (E_COSMO+dE+Mu)    :   -269356.48193 kcal/mol
 Total mean interaction energy in the mix          :        -7.46212 kcal/mol
 Misfit interaction energy in the mix              :         3.69128 kcal/mol
 H-Bond interaction energy in the mix              :        -0.12289 kcal/mol
 VdW interaction energy in the mix                 :       -25.89381 kcal/mol
 Gas liquid transition energy in the mix (H_glt)   :        14.86330 kcal/mol
 Normalized weight factor of molecule in compound  :         0.13071
 Normalized weight factor of molecule in gas phase :         0.10078

 Compound: 2 Conformer: 3 (4-nonanone_c2)
 Chemical potential of the molecule in the mixture :         1.11962 kcal/mol
 Log10(partial pressure [mbar])                    :        -0.07294
 Free energy of molecule in mix (E_COSMO+dE+Mu)    :   -269356.81505 kcal/mol
 Total mean interaction energy in the mix          :        -7.43125 kcal/mol
 Misfit interaction energy in the mix              :         3.47631 kcal/mol
 H-Bond interaction energy in the mix              :        -0.06231 kcal/mol
 VdW interaction energy in the mix                 :       -25.70855 kcal/mol
 Gas liquid transition energy in the mix (H_glt)   :        14.86330 kcal/mol
 Normalized weight factor of molecule in compound  :         0.23156
 Normalized weight factor of molecule in gas phase :         0.33973

 Compound: 2 Conformer: 4 (4-nonanone_c3)
 Chemical potential of the molecule in the mixture :         1.05922 kcal/mol
 Log10(partial pressure [mbar])                    :        -0.13826
 Free energy of molecule in mix (E_COSMO+dE+Mu)    :   -269356.79950 kcal/mol
 Total mean interaction energy in the mix          :        -7.45813 kcal/mol
 Misfit interaction energy in the mix              :         3.49359 kcal/mol
 H-Bond interaction energy in the mix              :        -0.05767 kcal/mol
 VdW interaction energy in the mix                 :       -25.75735 kcal/mol
 Gas liquid transition energy in the mix (H_glt)   :        14.86330 kcal/mol
 Normalized weight factor of molecule in compound  :         0.22546
 Normalized weight factor of molecule in gas phase :         0.28577

 Compound: 2 Conformer: 5 (4-nonanone_c4)
 Chemical potential of the molecule in the mixture :         1.22986 kcal/mol
 Log10(partial pressure [mbar])                    :        -0.39085
 Free energy of molecule in mix (E_COSMO+dE+Mu)    :   -269356.43449 kcal/mol
 Total mean interaction energy in the mix          :        -7.50598 kcal/mol
 Misfit interaction energy in the mix              :         3.68521 kcal/mol
 H-Bond interaction energy in the mix              :        -0.14275 kcal/mol
 VdW interaction energy in the mix                 :       -25.91175 kcal/mol
 Gas liquid transition energy in the mix (H_glt)   :        14.86330 kcal/mol
 Normalized weight factor of molecule in compound  :         0.12049
 Normalized weight factor of molecule in gas phase :         0.08650

 Compound: 3 Conformer: 1 (lacticacid_c0)
 Chemical potential of the molecule in the mixture :         5.57731 kcal/mol
 Log10(partial pressure [mbar])                    :        -1.43085
 Free energy of molecule in mix (E_COSMO+dE+Mu)    :   -215743.10283 kcal/mol
 Total mean interaction energy in the mix          :        -4.61063 kcal/mol
 Misfit interaction energy in the mix              :         3.12423 kcal/mol
 H-Bond interaction energy in the mix              :        -1.90755 kcal/mol
 VdW interaction energy in the mix                 :       -14.07915 kcal/mol
 Gas liquid transition energy in the mix (H_glt)   :         8.25184 kcal/mol
 Normalized weight factor of molecule in compound  :         0.06762
 Normalized weight factor of molecule in gas phase :         0.00476

 Compound: 3 Conformer: 2 (lacticacid_c1)
 Chemical potential of the molecule in the mixture :         5.97942 kcal/mol
 Log10(partial pressure [mbar])                    :        -0.71405
 Free energy of molecule in mix (E_COSMO+dE+Mu)    :   -215742.51923 kcal/mol
 Total mean interaction energy in the mix          :        -4.34464 kcal/mol
 Misfit interaction energy in the mix              :         3.07119 kcal/mol
 H-Bond interaction energy in the mix              :        -1.61761 kcal/mol
 VdW interaction energy in the mix                 :       -14.05007 kcal/mol
 Gas liquid transition energy in the mix (H_glt)   :         8.25184 kcal/mol
 Normalized weight factor of molecule in compound  :         0.02483
 Normalized weight factor of molecule in gas phase :         0.00936

 Compound: 3 Conformer: 3 (lacticacid_c2)
 Chemical potential of the molecule in the mixture :         3.12656 kcal/mol
 Log10(partial pressure [mbar])                    :        -0.73021
 Free energy of molecule in mix (E_COSMO+dE+Mu)    :   -215744.47991 kcal/mol
 Total mean interaction energy in the mix          :        -5.77511 kcal/mol
 Misfit interaction energy in the mix              :         2.32662 kcal/mol
 H-Bond interaction energy in the mix              :        -2.23065 kcal/mol
 VdW interaction energy in the mix                 :       -14.12291 kcal/mol
 Gas liquid transition energy in the mix (H_glt)   :         8.25184 kcal/mol
 Normalized weight factor of molecule in compound  :         0.71893
 Normalized weight factor of molecule in gas phase :         0.94961

 Compound: 3 Conformer: 4 (lacticacid_c3)
 Chemical potential of the molecule in the mixture :         2.92615 kcal/mol
 Log10(partial pressure [mbar])                    :        -1.98698
 Free energy of molecule in mix (E_COSMO+dE+Mu)    :   -215743.25928 kcal/mol
 Total mean interaction energy in the mix          :        -6.43404 kcal/mol
 Misfit interaction energy in the mix              :         2.67320 kcal/mol
 H-Bond interaction energy in the mix              :        -3.25457 kcal/mol
 VdW interaction energy in the mix                 :       -14.10451 kcal/mol
 Gas liquid transition energy in the mix (H_glt)   :         8.25184 kcal/mol
 Normalized weight factor of molecule in compound  :         0.08845
 Normalized weight factor of molecule in gas phase :         0.02089

 Compound: 3 Conformer: 5 (lacticacid_c4)
 Chemical potential of the molecule in the mixture :         3.49760 kcal/mol
 Log10(partial pressure [mbar])                    :        -3.22818
 Free energy of molecule in mix (E_COSMO+dE+Mu)    :   -215742.60123 kcal/mol
 Total mean interaction energy in the mix          :        -6.20841 kcal/mol
 Misfit interaction energy in the mix              :         3.29824 kcal/mol
 H-Bond interaction energy in the mix              :        -3.61004 kcal/mol
 VdW interaction energy in the mix                 :       -14.14845 kcal/mol
 Gas liquid transition energy in the mix (H_glt)   :         8.25184 kcal/mol
 Normalized weight factor of molecule in compound  :         0.02858
 Normalized weight factor of molecule in gas phase :         0.00039

 Compound: 3 Conformer: 6 (lacticacid_c5)
 Chemical potential of the molecule in the mixture :         2.89945 kcal/mol
 Log10(partial pressure [mbar])                    :        -2.03855
 Free energy of molecule in mix (E_COSMO+dE+Mu)    :   -215743.13601 kcal/mol
 Total mean interaction energy in the mix          :        -6.47618 kcal/mol
 Misfit interaction energy in the mix              :         2.66349 kcal/mol
 H-Bond interaction energy in the mix              :        -3.26134 kcal/mol
 VdW interaction energy in the mix                 :       -14.13017 kcal/mol
 Gas liquid transition energy in the mix (H_glt)   :         8.25184 kcal/mol
 Normalized weight factor of molecule in compound  :         0.07158
 Normalized weight factor of molecule in gas phase :         0.01500




 Results for mixture 11 - LIQ_EX Phase 1 Iteration    5
 ----------------------
 Temperature          :    293.150 K
 Compound Nr.         :         1         2         3
 Compound             :       h2o 4-nonanon lacticaci
 Mole Fraction        :    0.9972    0.0000    0.0028

 Compound: 1  (h2o)
 Chemical potential of the compound in the mixture :         2.88312 kcal/mol
 Log10(partial pressure [mbar])                    :         0.99136
 Free energy of molecule in mix (E_COSMO+dE+Mu)    :    -47990.37016 kcal/mol
 Total mean interaction energy in the mix (H_int)  :        -5.86090 kcal/mol
 Misfit interaction energy in the mix (H_MF)       :         0.54846 kcal/mol
 H-Bond interaction energy in the mix (H_HB)       :        -4.97496 kcal/mol
 VdW interaction energy in the mix (H_vdW)         :        -4.36645 kcal/mol
 Gas liquid transition energy in the mix (H_glt)   :         2.93205 kcal/mol

 Compound: 2  (4-nonanone)
 Chemical potential of the compound in the mixture :         5.88654 kcal/mol
 Log10(partial pressure [mbar])                    :         3.94220
 Free energy of molecule in mix (E_COSMO+dE+Mu)    :   -269352.04813 kcal/mol
 Total mean interaction energy in the mix (H_int)  :        -9.03380 kcal/mol
 Misfit interaction energy in the mix (H_MF)       :         3.16999 kcal/mol
 H-Bond interaction energy in the mix (H_HB)       :        -2.24970 kcal/mol
 VdW interaction energy in the mix (H_vdW)         :       -24.94110 kcal/mol
 Gas liquid transition energy in the mix (H_glt)   :        14.86330 kcal/mol

 Compound: 3  (lacticacid)
 Chemical potential of the compound in the mixture :         3.59690 kcal/mol
 Log10(partial pressure [mbar])                    :        -1.66662
 Free energy of molecule in mix (E_COSMO+dE+Mu)    :   -215745.08324 kcal/mol
 Total mean interaction energy in the mix (H_int)  :        -8.51748 kcal/mol
 Misfit interaction energy in the mix (H_MF)       :         1.78378 kcal/mol
 H-Bond interaction energy in the mix (H_HB)       :        -7.44110 kcal/mol
 VdW interaction energy in the mix (H_vdW)         :       -13.38709 kcal/mol
 Gas liquid transition energy in the mix (H_glt)   :         8.25184 kcal/mol



 Compound: 1 Conformer: 1 (h2o_c0)
 Chemical potential of the molecule in the mixture :         2.88312 kcal/mol
 Log10(partial pressure [mbar])                    :         0.99136
 Free energy of molecule in mix (E_COSMO+dE+Mu)    :    -47990.37016 kcal/mol
 Total mean interaction energy in the mix          :        -5.86090 kcal/mol
 Misfit interaction energy in the mix              :         0.54846 kcal/mol
 H-Bond interaction energy in the mix              :        -4.97496 kcal/mol
 VdW interaction energy in the mix                 :        -4.36645 kcal/mol
 Gas liquid transition energy in the mix (H_glt)   :         2.93205 kcal/mol
 Normalized weight factor of molecule in compound  :         1.00000
 Normalized weight factor of molecule in gas phase :         1.00000

 Compound: 2 Conformer: 1 (4-nonanone_c0)
 Chemical potential of the molecule in the mixture :         6.71347 kcal/mol
 Log10(partial pressure [mbar])                    :         3.85023
 Free energy of molecule in mix (E_COSMO+dE+Mu)    :   -269351.19546 kcal/mol
 Total mean interaction energy in the mix          :        -9.13988 kcal/mol
 Misfit interaction energy in the mix              :         3.21554 kcal/mol
 H-Bond interaction energy in the mix              :        -2.13331 kcal/mol
 VdW interaction energy in the mix                 :       -25.08541 kcal/mol
 Gas liquid transition energy in the mix (H_glt)   :        14.86330 kcal/mol
 Normalized weight factor of molecule in compound  :         0.23138
 Normalized weight factor of molecule in gas phase :         0.18722

 Compound: 2 Conformer: 2 (4-nonanone_c1)
 Chemical potential of the molecule in the mixture :         6.58167 kcal/mol
 Log10(partial pressure [mbar])                    :         3.60839
 Free energy of molecule in mix (E_COSMO+dE+Mu)    :   -269351.15904 kcal/mol
 Total mean interaction energy in the mix          :        -9.32060 kcal/mol
 Misfit interaction energy in the mix              :         3.18085 kcal/mol
 H-Bond interaction energy in the mix              :        -2.41316 kcal/mol
 VdW interaction energy in the mix                 :       -24.95159 kcal/mol
 Gas liquid transition energy in the mix (H_glt)   :        14.86330 kcal/mol
 Normalized weight factor of molecule in compound  :         0.21736
 Normalized weight factor of molecule in gas phase :         0.10078

 Compound: 2 Conformer: 3 (4-nonanone_c2)
 Chemical potential of the molecule in the mixture :         6.95613 kcal/mol
 Log10(partial pressure [mbar])                    :         4.27822
 Free energy of molecule in mix (E_COSMO+dE+Mu)    :   -269350.97854 kcal/mol
 Total mean interaction energy in the mix          :        -8.85883 kcal/mol
 Misfit interaction energy in the mix              :         3.10361 kcal/mol
 H-Bond interaction energy in the mix              :        -2.03920 kcal/mol
 VdW interaction energy in the mix                 :       -24.78655 kcal/mol
 Gas liquid transition energy in the mix (H_glt)   :        14.86330 kcal/mol
 Normalized weight factor of molecule in compound  :         0.15945
 Normalized weight factor of molecule in gas phase :         0.33973

 Compound: 2 Conformer: 4 (4-nonanone_c3)
 Chemical potential of the molecule in the mixture :         6.89295 kcal/mol
 Log10(partial pressure [mbar])                    :         4.21083
 Free energy of molecule in mix (E_COSMO+dE+Mu)    :   -269350.96577 kcal/mol
 Total mean interaction energy in the mix          :        -8.88017 kcal/mol
 Misfit interaction energy in the mix              :         3.15039 kcal/mol
 H-Bond interaction energy in the mix              :        -2.06231 kcal/mol
 VdW interaction energy in the mix                 :       -24.83155 kcal/mol
 Gas liquid transition energy in the mix (H_glt)   :        14.86330 kcal/mol
 Normalized weight factor of molecule in compound  :         0.15599
 Normalized weight factor of molecule in gas phase :         0.28577

 Compound: 2 Conformer: 5 (4-nonanone_c4)
 Chemical potential of the molecule in the mixture :         6.45780 kcal/mol
 Log10(partial pressure [mbar])                    :         3.50661
 Free energy of molecule in mix (E_COSMO+dE+Mu)    :   -269351.20656 kcal/mol
 Total mean interaction energy in the mix          :        -9.40988 kcal/mol
 Misfit interaction energy in the mix              :         3.17315 kcal/mol
 H-Bond interaction energy in the mix              :        -2.47953 kcal/mol
 VdW interaction energy in the mix                 :       -24.96680 kcal/mol
 Gas liquid transition energy in the mix (H_glt)   :        14.86330 kcal/mol
 Normalized weight factor of molecule in compound  :         0.23583
 Normalized weight factor of molecule in gas phase :         0.08650

 Compound: 3 Conformer: 1 (lacticacid_c0)
 Chemical potential of the molecule in the mixture :         5.53398 kcal/mol
 Log10(partial pressure [mbar])                    :        -1.46315
 Free energy of molecule in mix (E_COSMO+dE+Mu)    :   -215743.14616 kcal/mol
 Total mean interaction energy in the mix          :        -7.84909 kcal/mol
 Misfit interaction energy in the mix              :         1.82038 kcal/mol
 H-Bond interaction energy in the mix              :        -4.58468 kcal/mol
 VdW interaction energy in the mix                 :       -13.33663 kcal/mol
 Gas liquid transition energy in the mix (H_glt)   :         8.25184 kcal/mol
 Normalized weight factor of molecule in compound  :         0.03597
 Normalized weight factor of molecule in gas phase :         0.00476

 Compound: 3 Conformer: 2 (lacticacid_c1)
 Chemical potential of the molecule in the mixture :         5.68956 kcal/mol
 Log10(partial pressure [mbar])                    :        -0.93015
 Free energy of molecule in mix (E_COSMO+dE+Mu)    :   -215742.80909 kcal/mol
 Total mean interaction energy in the mix          :        -7.38294 kcal/mol
 Misfit interaction energy in the mix              :         1.94250 kcal/mol
 H-Bond interaction energy in the mix              :        -4.26214 kcal/mol
 VdW interaction energy in the mix                 :       -13.31515 kcal/mol
 Gas liquid transition energy in the mix (H_glt)   :         8.25184 kcal/mol
 Normalized weight factor of molecule in compound  :         0.02017
 Normalized weight factor of molecule in gas phase :         0.00936

 Compound: 3 Conformer: 3 (lacticacid_c2)
 Chemical potential of the molecule in the mixture :         3.83685 kcal/mol
 Log10(partial pressure [mbar])                    :        -0.20068
 Free energy of molecule in mix (E_COSMO+dE+Mu)    :   -215743.76961 kcal/mol
 Total mean interaction energy in the mix          :        -8.50441 kcal/mol
 Misfit interaction energy in the mix              :         1.86306 kcal/mol
 H-Bond interaction energy in the mix              :        -5.21800 kcal/mol
 VdW interaction energy in the mix                 :       -13.40130 kcal/mol
 Gas liquid transition energy in the mix (H_glt)   :         8.25184 kcal/mol
 Normalized weight factor of molecule in compound  :         0.10488
 Normalized weight factor of molecule in gas phase :         0.94961

 Compound: 3 Conformer: 4 (lacticacid_c3)
 Chemical potential of the molecule in the mixture :         2.03118 kcal/mol
 Log10(partial pressure [mbar])                    :        -2.65419
 Free energy of molecule in mix (E_COSMO+dE+Mu)    :   -215744.15425 kcal/mol
 Total mean interaction energy in the mix          :       -10.72908 kcal/mol
 Misfit interaction energy in the mix              :         1.78643 kcal/mol
 H-Bond interaction energy in the mix              :        -7.39358 kcal/mol
 VdW interaction energy in the mix                 :       -13.37376 kcal/mol
 Gas liquid transition energy in the mix (H_glt)   :         8.25184 kcal/mol
 Normalized weight factor of molecule in compound  :         0.20297
 Normalized weight factor of molecule in gas phase :         0.02089

 Compound: 3 Conformer: 5 (lacticacid_c4)
 Chemical potential of the molecule in the mixture :         1.45916 kcal/mol
 Log10(partial pressure [mbar])                    :        -4.74786
 Free energy of molecule in mix (E_COSMO+dE+Mu)    :   -215744.63967 kcal/mol
 Total mean interaction energy in the mix          :       -11.70166 kcal/mol
 Misfit interaction energy in the mix              :         1.76391 kcal/mol
 H-Bond interaction energy in the mix              :        -8.32377 kcal/mol
 VdW interaction energy in the mix                 :       -13.39365 kcal/mol
 Gas liquid transition energy in the mix (H_glt)   :         8.25184 kcal/mol
 Normalized weight factor of molecule in compound  :         0.46700
 Normalized weight factor of molecule in gas phase :         0.00039

 Compound: 3 Conformer: 6 (lacticacid_c5)
 Chemical potential of the molecule in the mixture :         1.98786 kcal/mol
 Log10(partial pressure [mbar])                    :        -2.71815
 Free energy of molecule in mix (E_COSMO+dE+Mu)    :   -215744.04761 kcal/mol
 Total mean interaction energy in the mix          :       -10.80995 kcal/mol
 Misfit interaction energy in the mix              :         1.75957 kcal/mol
 H-Bond interaction energy in the mix              :        -7.42588 kcal/mol
 VdW interaction energy in the mix                 :       -13.39547 kcal/mol
 Gas liquid transition energy in the mix (H_glt)   :         8.25184 kcal/mol
 Normalized weight factor of molecule in compound  :         0.16902
 Normalized weight factor of molecule in gas phase :         0.01500




 Results for mixture 12 - LIQ_EX Phase 2 Iteration    5
 ----------------------
 Temperature          :    293.150 K
 Compound Nr.         :         1         2         3
 Compound             :       h2o 4-nonanon lacticaci
 Mole Fraction        :    0.0338    0.9648    0.0014

 Compound: 1  (h2o)
 Chemical potential of the compound in the mixture :         4.84851 kcal/mol
 Log10(partial pressure [mbar])                    :         2.45658
 Free energy of molecule in mix (E_COSMO+dE+Mu)    :    -47988.40476 kcal/mol
 Total mean interaction energy in the mix (H_int)  :        -2.71642 kcal/mol
 Misfit interaction energy in the mix (H_MF)       :         1.59380 kcal/mol
 H-Bond interaction energy in the mix (H_HB)       :        -2.61535 kcal/mol
 VdW interaction energy in the mix (H_vdW)         :        -4.62692 kcal/mol
 Gas liquid transition energy in the mix (H_glt)   :         2.93205 kcal/mol
 Equilibrium constant Kx(1,2)                      :        29.18882
 Equilibrium concentration x_k(1,2)                :         0.96688

 Compound: 2  (4-nonanone)
 Chemical potential of the compound in the mixture :         0.26758 kcal/mol
 Log10(partial pressure [mbar])                    :        -0.24677
 Free energy of molecule in mix (E_COSMO+dE+Mu)    :   -269357.66709 kcal/mol
 Total mean interaction energy in the mix (H_int)  :        -7.42694 kcal/mol
 Misfit interaction energy in the mix (H_MF)       :         3.56899 kcal/mol
 H-Bond interaction energy in the mix (H_HB)       :        -0.08069 kcal/mol
 VdW interaction energy in the mix (H_vdW)         :       -25.86113 kcal/mol
 Gas liquid transition energy in the mix (H_glt)   :        14.86330 kcal/mol
 Equilibrium constant Kx(1,2)                      :  6.47183304E-05
 Equilibrium concentration x_k(1,2)                :         0.00006

 Compound: 3  (lacticacid)
 Chemical potential of the compound in the mixture :         4.00401 kcal/mol
 Log10(partial pressure [mbar])                    :        -1.36312
 Free energy of molecule in mix (E_COSMO+dE+Mu)    :   -215744.67613 kcal/mol
 Total mean interaction energy in the mix (H_int)  :        -4.52666 kcal/mol
 Misfit interaction energy in the mix (H_MF)       :         2.47893 kcal/mol
 H-Bond interaction energy in the mix (H_HB)       :        -2.40117 kcal/mol
 VdW interaction energy in the mix (H_vdW)         :       -14.11745 kcal/mol
 Gas liquid transition energy in the mix (H_glt)   :         8.25184 kcal/mol
 Equilibrium constant Kx(1,2)                      :         2.01140
 Equilibrium concentration x_k(1,2)                :         0.66793



 Compound: 1 Conformer: 1 (h2o_c0)
 Chemical potential of the molecule in the mixture :         4.84851 kcal/mol
 Log10(partial pressure [mbar])                    :         2.45658
 Free energy of molecule in mix (E_COSMO+dE+Mu)    :    -47988.40476 kcal/mol
 Total mean interaction energy in the mix          :        -2.71642 kcal/mol
 Misfit interaction energy in the mix              :         1.59380 kcal/mol
 H-Bond interaction energy in the mix              :        -2.61535 kcal/mol
 VdW interaction energy in the mix                 :        -4.62692 kcal/mol
 Gas liquid transition energy in the mix (H_glt)   :         2.93205 kcal/mol
 Normalized weight factor of molecule in compound  :         1.00000
 Normalized weight factor of molecule in gas phase :         1.00000

 Compound: 2 Conformer: 1 (4-nonanone_c0)
 Chemical potential of the molecule in the mixture :         0.95948 kcal/mol
 Log10(partial pressure [mbar])                    :        -0.43942
 Free energy of molecule in mix (E_COSMO+dE+Mu)    :   -269356.94945 kcal/mol
 Total mean interaction energy in the mix          :        -7.62983 kcal/mol
 Misfit interaction energy in the mix              :         3.59803 kcal/mol
 H-Bond interaction energy in the mix              :        -0.06382 kcal/mol
 VdW interaction energy in the mix                 :       -26.02734 kcal/mol
 Gas liquid transition energy in the mix (H_glt)   :        14.86330 kcal/mol
 Normalized weight factor of molecule in compound  :         0.29174
 Normalized weight factor of molecule in gas phase :         0.18722

 Compound: 2 Conformer: 2 (4-nonanone_c1)
 Chemical potential of the molecule in the mixture :         1.25870 kcal/mol
 Log10(partial pressure [mbar])                    :        -0.35992
 Free energy of molecule in mix (E_COSMO+dE+Mu)    :   -269356.48201 kcal/mol
 Total mean interaction energy in the mix          :        -7.46474 kcal/mol
 Misfit interaction energy in the mix              :         3.69113 kcal/mol
 H-Bond interaction energy in the mix              :        -0.12561 kcal/mol
 VdW interaction energy in the mix                 :       -25.89357 kcal/mol
 Gas liquid transition energy in the mix (H_glt)   :        14.86330 kcal/mol
 Normalized weight factor of molecule in compound  :         0.13077
 Normalized weight factor of molecule in gas phase :         0.10078

 Compound: 2 Conformer: 3 (4-nonanone_c2)
 Chemical potential of the molecule in the mixture :         1.11992 kcal/mol
 Log10(partial pressure [mbar])                    :        -0.07271
 Free energy of molecule in mix (E_COSMO+dE+Mu)    :   -269356.81475 kcal/mol
 Total mean interaction energy in the mix          :        -7.43245 kcal/mol
 Misfit interaction energy in the mix              :         3.47634 kcal/mol
 H-Bond interaction energy in the mix              :        -0.06374 kcal/mol
 VdW interaction energy in the mix                 :       -25.70835 kcal/mol
 Gas liquid transition energy in the mix (H_glt)   :        14.86330 kcal/mol
 Normalized weight factor of molecule in compound  :         0.23151
 Normalized weight factor of molecule in gas phase :         0.33973

 Compound: 2 Conformer: 4 (4-nonanone_c3)
 Chemical potential of the molecule in the mixture :         1.05956 kcal/mol
 Log10(partial pressure [mbar])                    :        -0.13801
 Free energy of molecule in mix (E_COSMO+dE+Mu)    :   -269356.79915 kcal/mol
 Total mean interaction energy in the mix          :        -7.45921 kcal/mol
 Misfit interaction energy in the mix              :         3.49364 kcal/mol
 H-Bond interaction energy in the mix              :        -0.05900 kcal/mol
 VdW interaction energy in the mix                 :       -25.75715 kcal/mol
 Gas liquid transition energy in the mix (H_glt)   :        14.86330 kcal/mol
 Normalized weight factor of molecule in compound  :         0.22540
 Normalized weight factor of molecule in gas phase :         0.28577

 Compound: 2 Conformer: 5 (4-nonanone_c4)
 Chemical potential of the molecule in the mixture :         1.22963 kcal/mol
 Log10(partial pressure [mbar])                    :        -0.39103
 Free energy of molecule in mix (E_COSMO+dE+Mu)    :   -269356.43472 kcal/mol
 Total mean interaction energy in the mix          :        -7.50908 kcal/mol
 Misfit interaction energy in the mix              :         3.68500 kcal/mol
 H-Bond interaction energy in the mix              :        -0.14588 kcal/mol
 VdW interaction energy in the mix                 :       -25.91150 kcal/mol
 Gas liquid transition energy in the mix (H_glt)   :        14.86330 kcal/mol
 Normalized weight factor of molecule in compound  :         0.12058
 Normalized weight factor of molecule in gas phase :         0.08650

 Compound: 3 Conformer: 1 (lacticacid_c0)
 Chemical potential of the molecule in the mixture :         5.57367 kcal/mol
 Log10(partial pressure [mbar])                    :        -1.43357
 Free energy of molecule in mix (E_COSMO+dE+Mu)    :   -215743.10648 kcal/mol
 Total mean interaction energy in the mix          :        -4.61550 kcal/mol
 Misfit interaction energy in the mix              :         3.12094 kcal/mol
 H-Bond interaction energy in the mix              :        -1.90940 kcal/mol
 VdW interaction energy in the mix                 :       -14.07888 kcal/mol
 Gas liquid transition energy in the mix (H_glt)   :         8.25184 kcal/mol
 Normalized weight factor of molecule in compound  :         0.06758
 Normalized weight factor of molecule in gas phase :         0.00476

 Compound: 3 Conformer: 2 (lacticacid_c1)
 Chemical potential of the molecule in the mixture :         5.97508 kcal/mol
 Log10(partial pressure [mbar])                    :        -0.71728
 Free energy of molecule in mix (E_COSMO+dE+Mu)    :   -215742.52356 kcal/mol
 Total mean interaction energy in the mix          :        -4.34995 kcal/mol
 Misfit interaction energy in the mix              :         3.06849 kcal/mol
 H-Bond interaction energy in the mix              :        -1.62055 kcal/mol
 VdW interaction energy in the mix                 :       -14.04972 kcal/mol
 Gas liquid transition energy in the mix (H_glt)   :         8.25184 kcal/mol
 Normalized weight factor of molecule in compound  :         0.02485
 Normalized weight factor of molecule in gas phase :         0.00936

 Compound: 3 Conformer: 3 (lacticacid_c2)
 Chemical potential of the molecule in the mixture :         3.12308 kcal/mol
 Log10(partial pressure [mbar])                    :        -0.73280
 Free energy of molecule in mix (E_COSMO+dE+Mu)    :   -215744.48338 kcal/mol
 Total mean interaction energy in the mix          :        -5.78023 kcal/mol
 Misfit interaction energy in the mix              :         2.32393 kcal/mol
 H-Bond interaction energy in the mix              :        -2.23337 kcal/mol
 VdW interaction energy in the mix                 :       -14.12262 kcal/mol
 Gas liquid transition energy in the mix (H_glt)   :         8.25184 kcal/mol
 Normalized weight factor of molecule in compound  :         0.71829
 Normalized weight factor of molecule in gas phase :         0.94961

 Compound: 3 Conformer: 4 (lacticacid_c3)
 Chemical potential of the molecule in the mixture :         2.92041 kcal/mol
 Log10(partial pressure [mbar])                    :        -1.99126
 Free energy of molecule in mix (E_COSMO+dE+Mu)    :   -215743.26502 kcal/mol
 Total mean interaction energy in the mix          :        -6.44185 kcal/mol
 Misfit interaction energy in the mix              :         2.66963 kcal/mol
 H-Bond interaction energy in the mix              :        -3.25924 kcal/mol
 VdW interaction energy in the mix                 :       -14.10409 kcal/mol
 Gas liquid transition energy in the mix (H_glt)   :         8.25184 kcal/mol
 Normalized weight factor of molecule in compound  :         0.08872
 Normalized weight factor of molecule in gas phase :         0.02089

 Compound: 3 Conformer: 5 (lacticacid_c4)
 Chemical potential of the molecule in the mixture :         3.48982 kcal/mol
 Log10(partial pressure [mbar])                    :        -3.23398
 Free energy of molecule in mix (E_COSMO+dE+Mu)    :   -215742.60901 kcal/mol
 Total mean interaction energy in the mix          :        -6.21985 kcal/mol
 Misfit interaction energy in the mix              :         3.29224 kcal/mol
 H-Bond interaction energy in the mix              :        -3.61593 kcal/mol
 VdW interaction energy in the mix                 :       -14.14801 kcal/mol
 Gas liquid transition energy in the mix (H_glt)   :         8.25184 kcal/mol
 Normalized weight factor of molecule in compound  :         0.02877
 Normalized weight factor of molecule in gas phase :         0.00039

 Compound: 3 Conformer: 6 (lacticacid_c5)
 Chemical potential of the molecule in the mixture :         2.89369 kcal/mol
 Log10(partial pressure [mbar])                    :        -2.04285
 Free energy of molecule in mix (E_COSMO+dE+Mu)    :   -215743.14177 kcal/mol
 Total mean interaction energy in the mix          :        -6.48401 kcal/mol
 Misfit interaction energy in the mix              :         2.65975 kcal/mol
 H-Bond interaction energy in the mix              :        -3.26584 kcal/mol
 VdW interaction energy in the mix                 :       -14.12976 kcal/mol
 Gas liquid transition energy in the mix (H_glt)   :         8.25184 kcal/mol
 Normalized weight factor of molecule in compound  :         0.07180
 Normalized weight factor of molecule in gas phase :         0.01500




 Results for mixture 13 - LIQ_EX Phase 1 Iteration    6
 ----------------------
 Temperature          :    293.150 K
 Compound Nr.         :         1         2         3
 Compound             :       h2o 4-nonanon lacticaci
 Mole Fraction        :    0.9972    0.0000    0.0028

 Compound: 1  (h2o)
 Chemical potential of the compound in the mixture :         2.88312 kcal/mol
 Log10(partial pressure [mbar])                    :         0.99136
 Free energy of molecule in mix (E_COSMO+dE+Mu)    :    -47990.37016 kcal/mol
 Total mean interaction energy in the mix (H_int)  :        -5.86089 kcal/mol
 Misfit interaction energy in the mix (H_MF)       :         0.54846 kcal/mol
 H-Bond interaction energy in the mix (H_HB)       :        -4.97496 kcal/mol
 VdW interaction energy in the mix (H_vdW)         :        -4.36645 kcal/mol
 Gas liquid transition energy in the mix (H_glt)   :         2.93205 kcal/mol

 Compound: 2  (4-nonanone)
 Chemical potential of the compound in the mixture :         5.88664 kcal/mol
 Log10(partial pressure [mbar])                    :         3.94228
 Free energy of molecule in mix (E_COSMO+dE+Mu)    :   -269352.04803 kcal/mol
 Total mean interaction energy in the mix (H_int)  :        -9.03381 kcal/mol
 Misfit interaction energy in the mix (H_MF)       :         3.16996 kcal/mol
 H-Bond interaction energy in the mix (H_HB)       :        -2.24971 kcal/mol
 VdW interaction energy in the mix (H_vdW)         :       -24.94107 kcal/mol
 Gas liquid transition energy in the mix (H_glt)   :        14.86330 kcal/mol

 Compound: 3  (lacticacid)
 Chemical potential of the compound in the mixture :         3.59692 kcal/mol
 Log10(partial pressure [mbar])                    :        -1.66661
 Free energy of molecule in mix (E_COSMO+dE+Mu)    :   -215745.08322 kcal/mol
 Total mean interaction energy in the mix (H_int)  :        -8.51750 kcal/mol
 Misfit interaction energy in the mix (H_MF)       :         1.78376 kcal/mol
 H-Bond interaction energy in the mix (H_HB)       :        -7.44114 kcal/mol
 VdW interaction energy in the mix (H_vdW)         :       -13.38707 kcal/mol
 Gas liquid transition energy in the mix (H_glt)   :         8.25184 kcal/mol



 Compound: 1 Conformer: 1 (h2o_c0)
 Chemical potential of the molecule in the mixture :         2.88312 kcal/mol
 Log10(partial pressure [mbar])                    :         0.99136
 Free energy of molecule in mix (E_COSMO+dE+Mu)    :    -47990.37016 kcal/mol
 Total mean interaction energy in the mix          :        -5.86089 kcal/mol
 Misfit interaction energy in the mix              :         0.54846 kcal/mol
 H-Bond interaction energy in the mix              :        -4.97496 kcal/mol
 VdW interaction energy in the mix                 :        -4.36645 kcal/mol
 Gas liquid transition energy in the mix (H_glt)   :         2.93205 kcal/mol
 Normalized weight factor of molecule in compound  :         1.00000
 Normalized weight factor of molecule in gas phase :         1.00000

 Compound: 2 Conformer: 1 (4-nonanone_c0)
 Chemical potential of the molecule in the mixture :         6.71358 kcal/mol
 Log10(partial pressure [mbar])                    :         3.85031
 Free energy of molecule in mix (E_COSMO+dE+Mu)    :   -269351.19536 kcal/mol
 Total mean interaction energy in the mix          :        -9.13989 kcal/mol
 Misfit interaction energy in the mix              :         3.21551 kcal/mol
 H-Bond interaction energy in the mix              :        -2.13332 kcal/mol
 VdW interaction energy in the mix                 :       -25.08538 kcal/mol
 Gas liquid transition energy in the mix (H_glt)   :        14.86330 kcal/mol
 Normalized weight factor of molecule in compound  :         0.23138
 Normalized weight factor of molecule in gas phase :         0.18722

 Compound: 2 Conformer: 2 (4-nonanone_c1)
 Chemical potential of the molecule in the mixture :         6.58178 kcal/mol
 Log10(partial pressure [mbar])                    :         3.60847
 Free energy of molecule in mix (E_COSMO+dE+Mu)    :   -269351.15894 kcal/mol
 Total mean interaction energy in the mix          :        -9.32061 kcal/mol
 Misfit interaction energy in the mix              :         3.18081 kcal/mol
 H-Bond interaction energy in the mix              :        -2.41317 kcal/mol
 VdW interaction energy in the mix                 :       -24.95156 kcal/mol
 Gas liquid transition energy in the mix (H_glt)   :        14.86330 kcal/mol
 Normalized weight factor of molecule in compound  :         0.21736
 Normalized weight factor of molecule in gas phase :         0.10078

 Compound: 2 Conformer: 3 (4-nonanone_c2)
 Chemical potential of the molecule in the mixture :         6.95623 kcal/mol
 Log10(partial pressure [mbar])                    :         4.27830
 Free energy of molecule in mix (E_COSMO+dE+Mu)    :   -269350.97844 kcal/mol
 Total mean interaction energy in the mix          :        -8.85885 kcal/mol
 Misfit interaction energy in the mix              :         3.10357 kcal/mol
 H-Bond interaction energy in the mix              :        -2.03921 kcal/mol
 VdW interaction energy in the mix                 :       -24.78652 kcal/mol
 Gas liquid transition energy in the mix (H_glt)   :        14.86330 kcal/mol
 Normalized weight factor of molecule in compound  :         0.15945
 Normalized weight factor of molecule in gas phase :         0.33973

 Compound: 2 Conformer: 4 (4-nonanone_c3)
 Chemical potential of the molecule in the mixture :         6.89306 kcal/mol
 Log10(partial pressure [mbar])                    :         4.21091
 Free energy of molecule in mix (E_COSMO+dE+Mu)    :   -269350.96566 kcal/mol
 Total mean interaction energy in the mix          :        -8.88018 kcal/mol
 Misfit interaction energy in the mix              :         3.15036 kcal/mol
 H-Bond interaction energy in the mix              :        -2.06232 kcal/mol
 VdW interaction energy in the mix                 :       -24.83152 kcal/mol
 Gas liquid transition energy in the mix (H_glt)   :        14.86330 kcal/mol
 Normalized weight factor of molecule in compound  :         0.15599
 Normalized weight factor of molecule in gas phase :         0.28577

 Compound: 2 Conformer: 5 (4-nonanone_c4)
 Chemical potential of the molecule in the mixture :         6.45790 kcal/mol
 Log10(partial pressure [mbar])                    :         3.50669
 Free energy of molecule in mix (E_COSMO+dE+Mu)    :   -269351.20645 kcal/mol
 Total mean interaction energy in the mix          :        -9.40989 kcal/mol
 Misfit interaction energy in the mix              :         3.17311 kcal/mol
 H-Bond interaction energy in the mix              :        -2.47953 kcal/mol
 VdW interaction energy in the mix                 :       -24.96677 kcal/mol
 Gas liquid transition energy in the mix (H_glt)   :        14.86330 kcal/mol
 Normalized weight factor of molecule in compound  :         0.23583
 Normalized weight factor of molecule in gas phase :         0.08650

 Compound: 3 Conformer: 1 (lacticacid_c0)
 Chemical potential of the molecule in the mixture :         5.53400 kcal/mol
 Log10(partial pressure [mbar])                    :        -1.46313
 Free energy of molecule in mix (E_COSMO+dE+Mu)    :   -215743.14614 kcal/mol
 Total mean interaction energy in the mix          :        -7.84911 kcal/mol
 Misfit interaction energy in the mix              :         1.82037 kcal/mol
 H-Bond interaction energy in the mix              :        -4.58470 kcal/mol
 VdW interaction energy in the mix                 :       -13.33662 kcal/mol
 Gas liquid transition energy in the mix (H_glt)   :         8.25184 kcal/mol
 Normalized weight factor of molecule in compound  :         0.03597
 Normalized weight factor of molecule in gas phase :         0.00476

 Compound: 3 Conformer: 2 (lacticacid_c1)
 Chemical potential of the molecule in the mixture :         5.68957 kcal/mol
 Log10(partial pressure [mbar])                    :        -0.93013
 Free energy of molecule in mix (E_COSMO+dE+Mu)    :   -215742.80907 kcal/mol
 Total mean interaction energy in the mix          :        -7.38295 kcal/mol
 Misfit interaction energy in the mix              :         1.94249 kcal/mol
 H-Bond interaction energy in the mix              :        -4.26216 kcal/mol
 VdW interaction energy in the mix                 :       -13.31513 kcal/mol
 Gas liquid transition energy in the mix (H_glt)   :         8.25184 kcal/mol
 Normalized weight factor of molecule in compound  :         0.02017
 Normalized weight factor of molecule in gas phase :         0.00936

 Compound: 3 Conformer: 3 (lacticacid_c2)
 Chemical potential of the molecule in the mixture :         3.83688 kcal/mol
 Log10(partial pressure [mbar])                    :        -0.20066
 Free energy of molecule in mix (E_COSMO+dE+Mu)    :   -215743.76958 kcal/mol
 Total mean interaction energy in the mix          :        -8.50442 kcal/mol
 Misfit interaction energy in the mix              :         1.86304 kcal/mol
 H-Bond interaction energy in the mix              :        -5.21802 kcal/mol
 VdW interaction energy in the mix                 :       -13.40128 kcal/mol
 Gas liquid transition energy in the mix (H_glt)   :         8.25184 kcal/mol
 Normalized weight factor of molecule in compound  :         0.10487
 Normalized weight factor of molecule in gas phase :         0.94961

 Compound: 3 Conformer: 4 (lacticacid_c3)
 Chemical potential of the molecule in the mixture :         2.03119 kcal/mol
 Log10(partial pressure [mbar])                    :        -2.65418
 Free energy of molecule in mix (E_COSMO+dE+Mu)    :   -215744.15424 kcal/mol
 Total mean interaction energy in the mix          :       -10.72910 kcal/mol
 Misfit interaction energy in the mix              :         1.78641 kcal/mol
 H-Bond interaction energy in the mix              :        -7.39361 kcal/mol
 VdW interaction energy in the mix                 :       -13.37375 kcal/mol
 Gas liquid transition energy in the mix (H_glt)   :         8.25184 kcal/mol
 Normalized weight factor of molecule in compound  :         0.20297
 Normalized weight factor of molecule in gas phase :         0.02089

 Compound: 3 Conformer: 5 (lacticacid_c4)
 Chemical potential of the molecule in the mixture :         1.45917 kcal/mol
 Log10(partial pressure [mbar])                    :        -4.74785
 Free energy of molecule in mix (E_COSMO+dE+Mu)    :   -215744.63966 kcal/mol
 Total mean interaction energy in the mix          :       -11.70168 kcal/mol
 Misfit interaction energy in the mix              :         1.76390 kcal/mol
 H-Bond interaction energy in the mix              :        -8.32379 kcal/mol
 VdW interaction energy in the mix                 :       -13.39363 kcal/mol
 Gas liquid transition energy in the mix (H_glt)   :         8.25184 kcal/mol
 Normalized weight factor of molecule in compound  :         0.46701
 Normalized weight factor of molecule in gas phase :         0.00039

 Compound: 3 Conformer: 6 (lacticacid_c5)
 Chemical potential of the molecule in the mixture :         1.98787 kcal/mol
 Log10(partial pressure [mbar])                    :        -2.71815
 Free energy of molecule in mix (E_COSMO+dE+Mu)    :   -215744.04759 kcal/mol
 Total mean interaction energy in the mix          :       -10.80998 kcal/mol
 Misfit interaction energy in the mix              :         1.75955 kcal/mol
 H-Bond interaction energy in the mix              :        -7.42591 kcal/mol
 VdW interaction energy in the mix                 :       -13.39546 kcal/mol
 Gas liquid transition energy in the mix (H_glt)   :         8.25184 kcal/mol
 Normalized weight factor of molecule in compound  :         0.16902
 Normalized weight factor of molecule in gas phase :         0.01500




 Results for mixture 14 - LIQ_EX Phase 2 Iteration    6
 ----------------------
 Temperature          :    293.150 K
 Compound Nr.         :         1         2         3
 Compound             :       h2o 4-nonanon lacticaci
 Mole Fraction        :    0.0341    0.9645    0.0014

 Compound: 1  (h2o)
 Chemical potential of the compound in the mixture :         4.84626 kcal/mol
 Log10(partial pressure [mbar])                    :         2.45489
 Free energy of molecule in mix (E_COSMO+dE+Mu)    :    -47988.40702 kcal/mol
 Total mean interaction energy in the mix (H_int)  :        -2.71996 kcal/mol
 Misfit interaction energy in the mix (H_MF)       :         1.59187 kcal/mol
 H-Bond interaction energy in the mix (H_HB)       :        -2.61705 kcal/mol
 VdW interaction energy in the mix (H_vdW)         :        -4.62683 kcal/mol
 Gas liquid transition energy in the mix (H_glt)   :         2.93205 kcal/mol
 Equilibrium constant Kx(1,2)                      :        29.07600
 Equilibrium concentration x_k(1,2)                :         0.96675

 Compound: 2  (4-nonanone)
 Chemical potential of the compound in the mixture :         0.26767 kcal/mol
 Log10(partial pressure [mbar])                    :        -0.24671
 Free energy of molecule in mix (E_COSMO+dE+Mu)    :   -269357.66700 kcal/mol
 Total mean interaction energy in the mix (H_int)  :        -7.42761 kcal/mol
 Misfit interaction energy in the mix (H_MF)       :         3.56899 kcal/mol
 H-Bond interaction energy in the mix (H_HB)       :        -0.08147 kcal/mol
 VdW interaction energy in the mix (H_vdW)         :       -25.86104 kcal/mol
 Gas liquid transition energy in the mix (H_glt)   :        14.86330 kcal/mol
 Equilibrium constant Kx(1,2)                      :  6.47161211E-05
 Equilibrium concentration x_k(1,2)                :         0.00006

 Compound: 3  (lacticacid)
 Chemical potential of the compound in the mixture :         4.00229 kcal/mol
 Log10(partial pressure [mbar])                    :        -1.36440
 Free energy of molecule in mix (E_COSMO+dE+Mu)    :   -215744.67785 kcal/mol
 Total mean interaction energy in the mix (H_int)  :        -4.52888 kcal/mol
 Misfit interaction energy in the mix (H_MF)       :         2.47779 kcal/mol
 H-Bond interaction energy in the mix (H_HB)       :        -2.40283 kcal/mol
 VdW interaction energy in the mix (H_vdW)         :       -14.11732 kcal/mol
 Gas liquid transition energy in the mix (H_glt)   :         8.25184 kcal/mol
 Equilibrium constant Kx(1,2)                      :         2.00543
 Equilibrium concentration x_k(1,2)                :         0.66727



 Compound: 1 Conformer: 1 (h2o_c0)
 Chemical potential of the molecule in the mixture :         4.84626 kcal/mol
 Log10(partial pressure [mbar])                    :         2.45489
 Free energy of molecule in mix (E_COSMO+dE+Mu)    :    -47988.40702 kcal/mol
 Total mean interaction energy in the mix          :        -2.71996 kcal/mol
 Misfit interaction energy in the mix              :         1.59187 kcal/mol
 H-Bond interaction energy in the mix              :        -2.61705 kcal/mol
 VdW interaction energy in the mix                 :        -4.62683 kcal/mol
 Gas liquid transition energy in the mix (H_glt)   :         2.93205 kcal/mol
 Normalized weight factor of molecule in compound  :         1.00000
 Normalized weight factor of molecule in gas phase :         1.00000

 Compound: 2 Conformer: 1 (4-nonanone_c0)
 Chemical potential of the molecule in the mixture :         0.95961 kcal/mol
 Log10(partial pressure [mbar])                    :        -0.43932
 Free energy of molecule in mix (E_COSMO+dE+Mu)    :   -269356.94933 kcal/mol
 Total mean interaction energy in the mix          :        -7.63035 kcal/mol
 Misfit interaction energy in the mix              :         3.59803 kcal/mol
 H-Bond interaction energy in the mix              :        -0.06444 kcal/mol
 VdW interaction energy in the mix                 :       -26.02725 kcal/mol
 Gas liquid transition energy in the mix (H_glt)   :        14.86330 kcal/mol
 Normalized weight factor of molecule in compound  :         0.29172
 Normalized weight factor of molecule in gas phase :         0.18722

 Compound: 2 Conformer: 2 (4-nonanone_c1)
 Chemical potential of the molecule in the mixture :         1.25867 kcal/mol
 Log10(partial pressure [mbar])                    :        -0.35995
 Free energy of molecule in mix (E_COSMO+dE+Mu)    :   -269356.48204 kcal/mol
 Total mean interaction energy in the mix          :        -7.46588 kcal/mol
 Misfit interaction energy in the mix              :         3.69107 kcal/mol
 H-Bond interaction energy in the mix              :        -0.12679 kcal/mol
 VdW interaction energy in the mix                 :       -25.89346 kcal/mol
 Gas liquid transition energy in the mix (H_glt)   :        14.86330 kcal/mol
 Normalized weight factor of molecule in compound  :         0.13080
 Normalized weight factor of molecule in gas phase :         0.10078

 Compound: 2 Conformer: 3 (4-nonanone_c2)
 Chemical potential of the molecule in the mixture :         1.12006 kcal/mol
 Log10(partial pressure [mbar])                    :        -0.07261
 Free energy of molecule in mix (E_COSMO+dE+Mu)    :   -269356.81461 kcal/mol
 Total mean interaction energy in the mix          :        -7.43296 kcal/mol
 Misfit interaction energy in the mix              :         3.47636 kcal/mol
 H-Bond interaction energy in the mix              :        -0.06435 kcal/mol
 VdW interaction energy in the mix                 :       -25.70827 kcal/mol
 Gas liquid transition energy in the mix (H_glt)   :        14.86330 kcal/mol
 Normalized weight factor of molecule in compound  :         0.23149
 Normalized weight factor of molecule in gas phase :         0.33973

 Compound: 2 Conformer: 4 (4-nonanone_c3)
 Chemical potential of the molecule in the mixture :         1.05971 kcal/mol
 Log10(partial pressure [mbar])                    :        -0.13789
 Free energy of molecule in mix (E_COSMO+dE+Mu)    :   -269356.79900 kcal/mol
 Total mean interaction energy in the mix          :        -7.45967 kcal/mol
 Misfit interaction energy in the mix              :         3.49366 kcal/mol
 H-Bond interaction energy in the mix              :        -0.05957 kcal/mol
 VdW interaction energy in the mix                 :       -25.75707 kcal/mol
 Gas liquid transition energy in the mix (H_glt)   :        14.86330 kcal/mol
 Normalized weight factor of molecule in compound  :         0.22537
 Normalized weight factor of molecule in gas phase :         0.28577

 Compound: 2 Conformer: 5 (4-nonanone_c4)
 Chemical potential of the molecule in the mixture :         1.22953 kcal/mol
 Log10(partial pressure [mbar])                    :        -0.39110
 Free energy of molecule in mix (E_COSMO+dE+Mu)    :   -269356.43482 kcal/mol
 Total mean interaction energy in the mix          :        -7.51042 kcal/mol
 Misfit interaction energy in the mix              :         3.68491 kcal/mol
 H-Bond interaction energy in the mix              :        -0.14724 kcal/mol
 VdW interaction energy in the mix                 :       -25.91139 kcal/mol
 Gas liquid transition energy in the mix (H_glt)   :        14.86330 kcal/mol
 Normalized weight factor of molecule in compound  :         0.12061
 Normalized weight factor of molecule in gas phase :         0.08650

 Compound: 3 Conformer: 1 (lacticacid_c0)
 Chemical potential of the molecule in the mixture :         5.57210 kcal/mol
 Log10(partial pressure [mbar])                    :        -1.43473
 Free energy of molecule in mix (E_COSMO+dE+Mu)    :   -215743.10804 kcal/mol
 Total mean interaction energy in the mix          :        -4.61760 kcal/mol
 Misfit interaction energy in the mix              :         3.11953 kcal/mol
 H-Bond interaction energy in the mix              :        -1.91020 kcal/mol
 VdW interaction energy in the mix                 :       -14.07877 kcal/mol
 Gas liquid transition energy in the mix (H_glt)   :         8.25184 kcal/mol
 Normalized weight factor of molecule in compound  :         0.06756
 Normalized weight factor of molecule in gas phase :         0.00476

 Compound: 3 Conformer: 2 (lacticacid_c1)
 Chemical potential of the molecule in the mixture :         5.97322 kcal/mol
 Log10(partial pressure [mbar])                    :        -0.71868
 Free energy of molecule in mix (E_COSMO+dE+Mu)    :   -215742.52543 kcal/mol
 Total mean interaction energy in the mix          :        -4.35223 kcal/mol
 Misfit interaction energy in the mix              :         3.06732 kcal/mol
 H-Bond interaction energy in the mix              :        -1.62183 kcal/mol
 VdW interaction energy in the mix                 :       -14.04957 kcal/mol
 Gas liquid transition energy in the mix (H_glt)   :         8.25184 kcal/mol
 Normalized weight factor of molecule in compound  :         0.02485
 Normalized weight factor of molecule in gas phase :         0.00936

 Compound: 3 Conformer: 3 (lacticacid_c2)
 Chemical potential of the molecule in the mixture :         3.12159 kcal/mol
 Log10(partial pressure [mbar])                    :        -0.73391
 Free energy of molecule in mix (E_COSMO+dE+Mu)    :   -215744.48487 kcal/mol
 Total mean interaction energy in the mix          :        -5.78244 kcal/mol
 Misfit interaction energy in the mix              :         2.32277 kcal/mol
 H-Bond interaction energy in the mix              :        -2.23455 kcal/mol
 VdW interaction energy in the mix                 :       -14.12250 kcal/mol
 Gas liquid transition energy in the mix (H_glt)   :         8.25184 kcal/mol
 Normalized weight factor of molecule in compound  :         0.71801
 Normalized weight factor of molecule in gas phase :         0.94961

 Compound: 3 Conformer: 4 (lacticacid_c3)
 Chemical potential of the molecule in the mixture :         2.91794 kcal/mol
 Log10(partial pressure [mbar])                    :        -1.99310
 Free energy of molecule in mix (E_COSMO+dE+Mu)    :   -215743.26749 kcal/mol
 Total mean interaction energy in the mix          :        -6.44523 kcal/mol
 Misfit interaction energy in the mix              :         2.66810 kcal/mol
 H-Bond interaction energy in the mix              :        -3.26127 kcal/mol
 VdW interaction energy in the mix                 :       -14.10390 kcal/mol
 Gas liquid transition energy in the mix (H_glt)   :         8.25184 kcal/mol
 Normalized weight factor of molecule in compound  :         0.08883
 Normalized weight factor of molecule in gas phase :         0.02089

 Compound: 3 Conformer: 5 (lacticacid_c4)
 Chemical potential of the molecule in the mixture :         3.48648 kcal/mol
 Log10(partial pressure [mbar])                    :        -3.23648
 Free energy of molecule in mix (E_COSMO+dE+Mu)    :   -215742.61235 kcal/mol
 Total mean interaction energy in the mix          :        -6.22479 kcal/mol
 Misfit interaction energy in the mix              :         3.28967 kcal/mol
 H-Bond interaction energy in the mix              :        -3.61847 kcal/mol
 VdW interaction energy in the mix                 :       -14.14782 kcal/mol
 Gas liquid transition energy in the mix (H_glt)   :         8.25184 kcal/mol
 Normalized weight factor of molecule in compound  :         0.02885
 Normalized weight factor of molecule in gas phase :         0.00039

 Compound: 3 Conformer: 6 (lacticacid_c5)
 Chemical potential of the molecule in the mixture :         2.89121 kcal/mol
 Log10(partial pressure [mbar])                    :        -2.04470
 Free energy of molecule in mix (E_COSMO+dE+Mu)    :   -215743.14425 kcal/mol
 Total mean interaction energy in the mix          :        -6.48738 kcal/mol
 Misfit interaction energy in the mix              :         2.65814 kcal/mol
 H-Bond interaction energy in the mix              :        -3.26779 kcal/mol
 VdW interaction energy in the mix                 :       -14.12957 kcal/mol
 Gas liquid transition energy in the mix (H_glt)   :         8.25184 kcal/mol
 Normalized weight factor of molecule in compound  :         0.07189
 Normalized weight factor of molecule in gas phase :         0.01500




 Results for mixture 15 - LIQ_EX Phase 1 Iteration    7
 ----------------------
 Temperature          :    293.150 K
 Compound Nr.         :         1         2         3
 Compound             :       h2o 4-nonanon lacticaci
 Mole Fraction        :    0.9972    0.0000    0.0028

 Compound: 1  (h2o)
 Chemical potential of the compound in the mixture :         2.88312 kcal/mol
 Log10(partial pressure [mbar])                    :         0.99136
 Free energy of molecule in mix (E_COSMO+dE+Mu)    :    -47990.37016 kcal/mol
 Total mean interaction energy in the mix (H_int)  :        -5.86089 kcal/mol
 Misfit interaction energy in the mix (H_MF)       :         0.54846 kcal/mol
 H-Bond interaction energy in the mix (H_HB)       :        -4.97496 kcal/mol
 VdW interaction energy in the mix (H_vdW)         :        -4.36645 kcal/mol
 Gas liquid transition energy in the mix (H_glt)   :         2.93205 kcal/mol

 Compound: 2  (4-nonanone)
 Chemical potential of the compound in the mixture :         5.88669 kcal/mol
 Log10(partial pressure [mbar])                    :         3.94232
 Free energy of molecule in mix (E_COSMO+dE+Mu)    :   -269352.04798 kcal/mol
 Total mean interaction energy in the mix (H_int)  :        -9.03382 kcal/mol
 Misfit interaction energy in the mix (H_MF)       :         3.16994 kcal/mol
 H-Bond interaction energy in the mix (H_HB)       :        -2.24972 kcal/mol
 VdW interaction energy in the mix (H_vdW)         :       -24.94105 kcal/mol
 Gas liquid transition energy in the mix (H_glt)   :        14.86330 kcal/mol

 Compound: 3  (lacticacid)
 Chemical potential of the compound in the mixture :         3.59692 kcal/mol
 Log10(partial pressure [mbar])                    :        -1.66660
 Free energy of molecule in mix (E_COSMO+dE+Mu)    :   -215745.08322 kcal/mol
 Total mean interaction energy in the mix (H_int)  :        -8.51751 kcal/mol
 Misfit interaction energy in the mix (H_MF)       :         1.78376 kcal/mol
 H-Bond interaction energy in the mix (H_HB)       :        -7.44115 kcal/mol
 VdW interaction energy in the mix (H_vdW)         :       -13.38706 kcal/mol
 Gas liquid transition energy in the mix (H_glt)   :         8.25184 kcal/mol



 Compound: 1 Conformer: 1 (h2o_c0)
 Chemical potential of the molecule in the mixture :         2.88312 kcal/mol
 Log10(partial pressure [mbar])                    :         0.99136
 Free energy of molecule in mix (E_COSMO+dE+Mu)    :    -47990.37016 kcal/mol
 Total mean interaction energy in the mix          :        -5.86089 kcal/mol
 Misfit interaction energy in the mix              :         0.54846 kcal/mol
 H-Bond interaction energy in the mix              :        -4.97496 kcal/mol
 VdW interaction energy in the mix                 :        -4.36645 kcal/mol
 Gas liquid transition energy in the mix (H_glt)   :         2.93205 kcal/mol
 Normalized weight factor of molecule in compound  :         1.00000
 Normalized weight factor of molecule in gas phase :         1.00000

 Compound: 2 Conformer: 1 (4-nonanone_c0)
 Chemical potential of the molecule in the mixture :         6.71362 kcal/mol
 Log10(partial pressure [mbar])                    :         3.85034
 Free energy of molecule in mix (E_COSMO+dE+Mu)    :   -269351.19531 kcal/mol
 Total mean interaction energy in the mix          :        -9.13989 kcal/mol
 Misfit interaction energy in the mix              :         3.21549 kcal/mol
 H-Bond interaction energy in the mix              :        -2.13333 kcal/mol
 VdW interaction energy in the mix                 :       -25.08536 kcal/mol
 Gas liquid transition energy in the mix (H_glt)   :        14.86330 kcal/mol
 Normalized weight factor of molecule in compound  :         0.23138
 Normalized weight factor of molecule in gas phase :         0.18722

 Compound: 2 Conformer: 2 (4-nonanone_c1)
 Chemical potential of the molecule in the mixture :         6.58182 kcal/mol
 Log10(partial pressure [mbar])                    :         3.60850
 Free energy of molecule in mix (E_COSMO+dE+Mu)    :   -269351.15889 kcal/mol
 Total mean interaction energy in the mix          :        -9.32061 kcal/mol
 Misfit interaction energy in the mix              :         3.18080 kcal/mol
 H-Bond interaction energy in the mix              :        -2.41317 kcal/mol
 VdW interaction energy in the mix                 :       -24.95154 kcal/mol
 Gas liquid transition energy in the mix (H_glt)   :        14.86330 kcal/mol
 Normalized weight factor of molecule in compound  :         0.21736
 Normalized weight factor of molecule in gas phase :         0.10078

 Compound: 2 Conformer: 3 (4-nonanone_c2)
 Chemical potential of the molecule in the mixture :         6.95628 kcal/mol
 Log10(partial pressure [mbar])                    :         4.27834
 Free energy of molecule in mix (E_COSMO+dE+Mu)    :   -269350.97839 kcal/mol
 Total mean interaction energy in the mix          :        -8.85885 kcal/mol
 Misfit interaction energy in the mix              :         3.10356 kcal/mol
 H-Bond interaction energy in the mix              :        -2.03921 kcal/mol
 VdW interaction energy in the mix                 :       -24.78650 kcal/mol
 Gas liquid transition energy in the mix (H_glt)   :        14.86330 kcal/mol
 Normalized weight factor of molecule in compound  :         0.15945
 Normalized weight factor of molecule in gas phase :         0.33973

 Compound: 2 Conformer: 4 (4-nonanone_c3)
 Chemical potential of the molecule in the mixture :         6.89310 kcal/mol
 Log10(partial pressure [mbar])                    :         4.21094
 Free energy of molecule in mix (E_COSMO+dE+Mu)    :   -269350.96561 kcal/mol
 Total mean interaction energy in the mix          :        -8.88019 kcal/mol
 Misfit interaction energy in the mix              :         3.15034 kcal/mol
 H-Bond interaction energy in the mix              :        -2.06233 kcal/mol
 VdW interaction energy in the mix                 :       -24.83150 kcal/mol
 Gas liquid transition energy in the mix (H_glt)   :        14.86330 kcal/mol
 Normalized weight factor of molecule in compound  :         0.15599
 Normalized weight factor of molecule in gas phase :         0.28577

 Compound: 2 Conformer: 5 (4-nonanone_c4)
 Chemical potential of the molecule in the mixture :         6.45795 kcal/mol
 Log10(partial pressure [mbar])                    :         3.50672
 Free energy of molecule in mix (E_COSMO+dE+Mu)    :   -269351.20641 kcal/mol
 Total mean interaction energy in the mix          :        -9.40989 kcal/mol
 Misfit interaction energy in the mix              :         3.17310 kcal/mol
 H-Bond interaction energy in the mix              :        -2.47954 kcal/mol
 VdW interaction energy in the mix                 :       -24.96676 kcal/mol
 Gas liquid transition energy in the mix (H_glt)   :        14.86330 kcal/mol
 Normalized weight factor of molecule in compound  :         0.23583
 Normalized weight factor of molecule in gas phase :         0.08650

 Compound: 3 Conformer: 1 (lacticacid_c0)
 Chemical potential of the molecule in the mixture :         5.53401 kcal/mol
 Log10(partial pressure [mbar])                    :        -1.46313
 Free energy of molecule in mix (E_COSMO+dE+Mu)    :   -215743.14613 kcal/mol
 Total mean interaction energy in the mix          :        -7.84911 kcal/mol
 Misfit interaction energy in the mix              :         1.82036 kcal/mol
 H-Bond interaction energy in the mix              :        -4.58471 kcal/mol
 VdW interaction energy in the mix                 :       -13.33661 kcal/mol
 Gas liquid transition energy in the mix (H_glt)   :         8.25184 kcal/mol
 Normalized weight factor of molecule in compound  :         0.03597
 Normalized weight factor of molecule in gas phase :         0.00476

 Compound: 3 Conformer: 2 (lacticacid_c1)
 Chemical potential of the molecule in the mixture :         5.68958 kcal/mol
 Log10(partial pressure [mbar])                    :        -0.93013
 Free energy of molecule in mix (E_COSMO+dE+Mu)    :   -215742.80906 kcal/mol
 Total mean interaction energy in the mix          :        -7.38296 kcal/mol
 Misfit interaction energy in the mix              :         1.94249 kcal/mol
 H-Bond interaction energy in the mix              :        -4.26217 kcal/mol
 VdW interaction energy in the mix                 :       -13.31512 kcal/mol
 Gas liquid transition energy in the mix (H_glt)   :         8.25184 kcal/mol
 Normalized weight factor of molecule in compound  :         0.02017
 Normalized weight factor of molecule in gas phase :         0.00936

 Compound: 3 Conformer: 3 (lacticacid_c2)
 Chemical potential of the molecule in the mixture :         3.83689 kcal/mol
 Log10(partial pressure [mbar])                    :        -0.20065
 Free energy of molecule in mix (E_COSMO+dE+Mu)    :   -215743.76957 kcal/mol
 Total mean interaction energy in the mix          :        -8.50442 kcal/mol
 Misfit interaction energy in the mix              :         1.86304 kcal/mol
 H-Bond interaction energy in the mix              :        -5.21803 kcal/mol
 VdW interaction energy in the mix                 :       -13.40128 kcal/mol
 Gas liquid transition energy in the mix (H_glt)   :         8.25184 kcal/mol
 Normalized weight factor of molecule in compound  :         0.10487
 Normalized weight factor of molecule in gas phase :         0.94961

 Compound: 3 Conformer: 4 (lacticacid_c3)
 Chemical potential of the molecule in the mixture :         2.03120 kcal/mol
 Log10(partial pressure [mbar])                    :        -2.65417
 Free energy of molecule in mix (E_COSMO+dE+Mu)    :   -215744.15423 kcal/mol
 Total mean interaction energy in the mix          :       -10.72911 kcal/mol
 Misfit interaction energy in the mix              :         1.78641 kcal/mol
 H-Bond interaction energy in the mix              :        -7.39362 kcal/mol
 VdW interaction energy in the mix                 :       -13.37374 kcal/mol
 Gas liquid transition energy in the mix (H_glt)   :         8.25184 kcal/mol
 Normalized weight factor of molecule in compound  :         0.20297
 Normalized weight factor of molecule in gas phase :         0.02089

 Compound: 3 Conformer: 5 (lacticacid_c4)
 Chemical potential of the molecule in the mixture :         1.45917 kcal/mol
 Log10(partial pressure [mbar])                    :        -4.74785
 Free energy of molecule in mix (E_COSMO+dE+Mu)    :   -215744.63966 kcal/mol
 Total mean interaction energy in the mix          :       -11.70169 kcal/mol
 Misfit interaction energy in the mix              :         1.76389 kcal/mol
 H-Bond interaction energy in the mix              :        -8.32380 kcal/mol
 VdW interaction energy in the mix                 :       -13.39362 kcal/mol
 Gas liquid transition energy in the mix (H_glt)   :         8.25184 kcal/mol
 Normalized weight factor of molecule in compound  :         0.46701
 Normalized weight factor of molecule in gas phase :         0.00039

 Compound: 3 Conformer: 6 (lacticacid_c5)
 Chemical potential of the molecule in the mixture :         1.98788 kcal/mol
 Log10(partial pressure [mbar])                    :        -2.71814
 Free energy of molecule in mix (E_COSMO+dE+Mu)    :   -215744.04759 kcal/mol
 Total mean interaction energy in the mix          :       -10.80998 kcal/mol
 Misfit interaction energy in the mix              :         1.75955 kcal/mol
 H-Bond interaction energy in the mix              :        -7.42592 kcal/mol
 VdW interaction energy in the mix                 :       -13.39545 kcal/mol
 Gas liquid transition energy in the mix (H_glt)   :         8.25184 kcal/mol
 Normalized weight factor of molecule in compound  :         0.16902
 Normalized weight factor of molecule in gas phase :         0.01500




 Results for mixture 16 - LIQ_EX Phase 2 Iteration    7
 ----------------------
 Temperature          :    293.150 K
 Compound Nr.         :         1         2         3
 Compound             :       h2o 4-nonanon lacticaci
 Mole Fraction        :    0.0343    0.9643    0.0014

 Compound: 1  (h2o)
 Chemical potential of the compound in the mixture :         4.84528 kcal/mol
 Log10(partial pressure [mbar])                    :         2.45417
 Free energy of molecule in mix (E_COSMO+dE+Mu)    :    -47988.40799 kcal/mol
 Total mean interaction energy in the mix (H_int)  :        -2.72149 kcal/mol
 Misfit interaction energy in the mix (H_MF)       :         1.59104 kcal/mol
 H-Bond interaction energy in the mix (H_HB)       :        -2.61779 kcal/mol
 VdW interaction energy in the mix (H_vdW)         :        -4.62679 kcal/mol
 Gas liquid transition energy in the mix (H_glt)   :         2.93205 kcal/mol
 Equilibrium constant Kx(1,2)                      :        29.02738
 Equilibrium concentration x_k(1,2)                :         0.96670

 Compound: 2  (4-nonanone)
 Chemical potential of the compound in the mixture :         0.26771 kcal/mol
 Log10(partial pressure [mbar])                    :        -0.24668
 Free energy of molecule in mix (E_COSMO+dE+Mu)    :   -269357.66696 kcal/mol
 Total mean interaction energy in the mix (H_int)  :        -7.42791 kcal/mol
 Misfit interaction energy in the mix (H_MF)       :         3.56899 kcal/mol
 H-Bond interaction energy in the mix (H_HB)       :        -0.08180 kcal/mol
 VdW interaction energy in the mix (H_vdW)         :       -25.86100 kcal/mol
 Gas liquid transition energy in the mix (H_glt)   :        14.86330 kcal/mol
 Equilibrium constant Kx(1,2)                      :  6.47152001E-05
 Equilibrium concentration x_k(1,2)                :         0.00006

 Compound: 3  (lacticacid)
 Chemical potential of the compound in the mixture :         4.00154 kcal/mol
 Log10(partial pressure [mbar])                    :        -1.36495
 Free energy of molecule in mix (E_COSMO+dE+Mu)    :   -215744.67860 kcal/mol
 Total mean interaction energy in the mix (H_int)  :        -4.52983 kcal/mol
 Misfit interaction energy in the mix (H_MF)       :         2.47730 kcal/mol
 H-Bond interaction energy in the mix (H_HB)       :        -2.40354 kcal/mol
 VdW interaction energy in the mix (H_vdW)         :       -14.11726 kcal/mol
 Gas liquid transition energy in the mix (H_glt)   :         8.25184 kcal/mol
 Equilibrium constant Kx(1,2)                      :         2.00285
 Equilibrium concentration x_k(1,2)                :         0.66698



 Compound: 1 Conformer: 1 (h2o_c0)
 Chemical potential of the molecule in the mixture :         4.84528 kcal/mol
 Log10(partial pressure [mbar])                    :         2.45417
 Free energy of molecule in mix (E_COSMO+dE+Mu)    :    -47988.40799 kcal/mol
 Total mean interaction energy in the mix          :        -2.72149 kcal/mol
 Misfit interaction energy in the mix              :         1.59104 kcal/mol
 H-Bond interaction energy in the mix              :        -2.61779 kcal/mol
 VdW interaction energy in the mix                 :        -4.62679 kcal/mol
 Gas liquid transition energy in the mix (H_glt)   :         2.93205 kcal/mol
 Normalized weight factor of molecule in compound  :         1.00000
 Normalized weight factor of molecule in gas phase :         1.00000

 Compound: 2 Conformer: 1 (4-nonanone_c0)
 Chemical potential of the molecule in the mixture :         0.95966 kcal/mol
 Log10(partial pressure [mbar])                    :        -0.43928
 Free energy of molecule in mix (E_COSMO+dE+Mu)    :   -269356.94927 kcal/mol
 Total mean interaction energy in the mix          :        -7.63058 kcal/mol
 Misfit interaction energy in the mix              :         3.59803 kcal/mol
 H-Bond interaction energy in the mix              :        -0.06471 kcal/mol
 VdW interaction energy in the mix                 :       -26.02721 kcal/mol
 Gas liquid transition energy in the mix (H_glt)   :        14.86330 kcal/mol
 Normalized weight factor of molecule in compound  :         0.29171
 Normalized weight factor of molecule in gas phase :         0.18722

 Compound: 2 Conformer: 2 (4-nonanone_c1)
 Chemical potential of the molecule in the mixture :         1.25865 kcal/mol
 Log10(partial pressure [mbar])                    :        -0.35996
 Free energy of molecule in mix (E_COSMO+dE+Mu)    :   -269356.48206 kcal/mol
 Total mean interaction energy in the mix          :        -7.46637 kcal/mol
 Misfit interaction energy in the mix              :         3.69104 kcal/mol
 H-Bond interaction energy in the mix              :        -0.12730 kcal/mol
 VdW interaction energy in the mix                 :       -25.89342 kcal/mol
 Gas liquid transition energy in the mix (H_glt)   :        14.86330 kcal/mol
 Normalized weight factor of molecule in compound  :         0.13081
 Normalized weight factor of molecule in gas phase :         0.10078

 Compound: 2 Conformer: 3 (4-nonanone_c2)
 Chemical potential of the molecule in the mixture :         1.12012 kcal/mol
 Log10(partial pressure [mbar])                    :        -0.07257
 Free energy of molecule in mix (E_COSMO+dE+Mu)    :   -269356.81455 kcal/mol
 Total mean interaction energy in the mix          :        -7.43319 kcal/mol
 Misfit interaction energy in the mix              :         3.47636 kcal/mol
 H-Bond interaction energy in the mix              :        -0.06462 kcal/mol
 VdW interaction energy in the mix                 :       -25.70823 kcal/mol
 Gas liquid transition energy in the mix (H_glt)   :        14.86330 kcal/mol
 Normalized weight factor of molecule in compound  :         0.23148
 Normalized weight factor of molecule in gas phase :         0.33973

 Compound: 2 Conformer: 4 (4-nonanone_c3)
 Chemical potential of the molecule in the mixture :         1.05978 kcal/mol
 Log10(partial pressure [mbar])                    :        -0.13785
 Free energy of molecule in mix (E_COSMO+dE+Mu)    :   -269356.79894 kcal/mol
 Total mean interaction energy in the mix          :        -7.45988 kcal/mol
 Misfit interaction energy in the mix              :         3.49367 kcal/mol
 H-Bond interaction energy in the mix              :        -0.05982 kcal/mol
 VdW interaction energy in the mix                 :       -25.75703 kcal/mol
 Gas liquid transition energy in the mix (H_glt)   :        14.86330 kcal/mol
 Normalized weight factor of molecule in compound  :         0.22536
 Normalized weight factor of molecule in gas phase :         0.28577

 Compound: 2 Conformer: 5 (4-nonanone_c4)
 Chemical potential of the molecule in the mixture :         1.22949 kcal/mol
 Log10(partial pressure [mbar])                    :        -0.39113
 Free energy of molecule in mix (E_COSMO+dE+Mu)    :   -269356.43486 kcal/mol
 Total mean interaction energy in the mix          :        -7.51100 kcal/mol
 Misfit interaction energy in the mix              :         3.68487 kcal/mol
 H-Bond interaction energy in the mix              :        -0.14783 kcal/mol
 VdW interaction energy in the mix                 :       -25.91134 kcal/mol
 Gas liquid transition energy in the mix (H_glt)   :        14.86330 kcal/mol
 Normalized weight factor of molecule in compound  :         0.12063
 Normalized weight factor of molecule in gas phase :         0.08650

 Compound: 3 Conformer: 1 (lacticacid_c0)
 Chemical potential of the molecule in the mixture :         5.57142 kcal/mol
 Log10(partial pressure [mbar])                    :        -1.43524
 Free energy of molecule in mix (E_COSMO+dE+Mu)    :   -215743.10872 kcal/mol
 Total mean interaction energy in the mix          :        -4.61851 kcal/mol
 Misfit interaction energy in the mix              :         3.11892 kcal/mol
 H-Bond interaction energy in the mix              :        -1.91055 kcal/mol
 VdW interaction energy in the mix                 :       -14.07872 kcal/mol
 Gas liquid transition energy in the mix (H_glt)   :         8.25184 kcal/mol
 Normalized weight factor of molecule in compound  :         0.06755
 Normalized weight factor of molecule in gas phase :         0.00476

 Compound: 3 Conformer: 2 (lacticacid_c1)
 Chemical potential of the molecule in the mixture :         5.97241 kcal/mol
 Log10(partial pressure [mbar])                    :        -0.71928
 Free energy of molecule in mix (E_COSMO+dE+Mu)    :   -215742.52624 kcal/mol
 Total mean interaction energy in the mix          :        -4.35322 kcal/mol
 Misfit interaction energy in the mix              :         3.06682 kcal/mol
 H-Bond interaction energy in the mix              :        -1.62238 kcal/mol
 VdW interaction energy in the mix                 :       -14.04950 kcal/mol
 Gas liquid transition energy in the mix (H_glt)   :         8.25184 kcal/mol
 Normalized weight factor of molecule in compound  :         0.02485
 Normalized weight factor of molecule in gas phase :         0.00936

 Compound: 3 Conformer: 3 (lacticacid_c2)
 Chemical potential of the molecule in the mixture :         3.12094 kcal/mol
 Log10(partial pressure [mbar])                    :        -0.73439
 Free energy of molecule in mix (E_COSMO+dE+Mu)    :   -215744.48552 kcal/mol
 Total mean interaction energy in the mix          :        -5.78339 kcal/mol
 Misfit interaction energy in the mix              :         2.32227 kcal/mol
 H-Bond interaction energy in the mix              :        -2.23506 kcal/mol
 VdW interaction energy in the mix                 :       -14.12245 kcal/mol
 Gas liquid transition energy in the mix (H_glt)   :         8.25184 kcal/mol
 Normalized weight factor of molecule in compound  :         0.71789
 Normalized weight factor of molecule in gas phase :         0.94961

 Compound: 3 Conformer: 4 (lacticacid_c3)
 Chemical potential of the molecule in the mixture :         2.91687 kcal/mol
 Log10(partial pressure [mbar])                    :        -1.99390
 Free energy of molecule in mix (E_COSMO+dE+Mu)    :   -215743.26856 kcal/mol
 Total mean interaction energy in the mix          :        -6.44668 kcal/mol
 Misfit interaction energy in the mix              :         2.66744 kcal/mol
 H-Bond interaction energy in the mix              :        -3.26214 kcal/mol
 VdW interaction energy in the mix                 :       -14.10382 kcal/mol
 Gas liquid transition energy in the mix (H_glt)   :         8.25184 kcal/mol
 Normalized weight factor of molecule in compound  :         0.08888
 Normalized weight factor of molecule in gas phase :         0.02089

 Compound: 3 Conformer: 5 (lacticacid_c4)
 Chemical potential of the molecule in the mixture :         3.48503 kcal/mol
 Log10(partial pressure [mbar])                    :        -3.23756
 Free energy of molecule in mix (E_COSMO+dE+Mu)    :   -215742.61380 kcal/mol
 Total mean interaction energy in the mix          :        -6.22692 kcal/mol
 Misfit interaction energy in the mix              :         3.28855 kcal/mol
 H-Bond interaction energy in the mix              :        -3.61958 kcal/mol
 VdW interaction energy in the mix                 :       -14.14774 kcal/mol
 Gas liquid transition energy in the mix (H_glt)   :         8.25184 kcal/mol
 Normalized weight factor of molecule in compound  :         0.02889
 Normalized weight factor of molecule in gas phase :         0.00039

 Compound: 3 Conformer: 6 (lacticacid_c5)
 Chemical potential of the molecule in the mixture :         2.89014 kcal/mol
 Log10(partial pressure [mbar])                    :        -2.04550
 Free energy of molecule in mix (E_COSMO+dE+Mu)    :   -215743.14533 kcal/mol
 Total mean interaction energy in the mix          :        -6.48884 kcal/mol
 Misfit interaction energy in the mix              :         2.65744 kcal/mol
 H-Bond interaction energy in the mix              :        -3.26863 kcal/mol
 VdW interaction energy in the mix                 :       -14.12950 kcal/mol
 Gas liquid transition energy in the mix (H_glt)   :         8.25184 kcal/mol
 Normalized weight factor of molecule in compound  :         0.07193
 Normalized weight factor of molecule in gas phase :         0.01500




 Results for mixture 17 - LIQ_EX Phase 1 Iteration    8
 ----------------------
 Temperature          :    293.150 K
 Compound Nr.         :         1         2         3
 Compound             :       h2o 4-nonanon lacticaci
 Mole Fraction        :    0.9972    0.0000    0.0027

 Compound: 1  (h2o)
 Chemical potential of the compound in the mixture :         2.88312 kcal/mol
 Log10(partial pressure [mbar])                    :         0.99136
 Free energy of molecule in mix (E_COSMO+dE+Mu)    :    -47990.37016 kcal/mol
 Total mean interaction energy in the mix (H_int)  :        -5.86089 kcal/mol
 Misfit interaction energy in the mix (H_MF)       :         0.54846 kcal/mol
 H-Bond interaction energy in the mix (H_HB)       :        -4.97496 kcal/mol
 VdW interaction energy in the mix (H_vdW)         :        -4.36644 kcal/mol
 Gas liquid transition energy in the mix (H_glt)   :         2.93205 kcal/mol

 Compound: 2  (4-nonanone)
 Chemical potential of the compound in the mixture :         5.88671 kcal/mol
 Log10(partial pressure [mbar])                    :         3.94233
 Free energy of molecule in mix (E_COSMO+dE+Mu)    :   -269352.04796 kcal/mol
 Total mean interaction energy in the mix (H_int)  :        -9.03382 kcal/mol
 Misfit interaction energy in the mix (H_MF)       :         3.16994 kcal/mol
 H-Bond interaction energy in the mix (H_HB)       :        -2.24972 kcal/mol
 VdW interaction energy in the mix (H_vdW)         :       -24.94105 kcal/mol
 Gas liquid transition energy in the mix (H_glt)   :        14.86330 kcal/mol

 Compound: 3  (lacticacid)
 Chemical potential of the compound in the mixture :         3.59692 kcal/mol
 Log10(partial pressure [mbar])                    :        -1.66660
 Free energy of molecule in mix (E_COSMO+dE+Mu)    :   -215745.08322 kcal/mol
 Total mean interaction energy in the mix (H_int)  :        -8.51752 kcal/mol
 Misfit interaction energy in the mix (H_MF)       :         1.78375 kcal/mol
 H-Bond interaction energy in the mix (H_HB)       :        -7.44116 kcal/mol
 VdW interaction energy in the mix (H_vdW)         :       -13.38706 kcal/mol
 Gas liquid transition energy in the mix (H_glt)   :         8.25184 kcal/mol



 Compound: 1 Conformer: 1 (h2o_c0)
 Chemical potential of the molecule in the mixture :         2.88312 kcal/mol
 Log10(partial pressure [mbar])                    :         0.99136
 Free energy of molecule in mix (E_COSMO+dE+Mu)    :    -47990.37016 kcal/mol
 Total mean interaction energy in the mix          :        -5.86089 kcal/mol
 Misfit interaction energy in the mix              :         0.54846 kcal/mol
 H-Bond interaction energy in the mix              :        -4.97496 kcal/mol
 VdW interaction energy in the mix                 :        -4.36644 kcal/mol
 Gas liquid transition energy in the mix (H_glt)   :         2.93205 kcal/mol
 Normalized weight factor of molecule in compound  :         1.00000
 Normalized weight factor of molecule in gas phase :         1.00000

 Compound: 2 Conformer: 1 (4-nonanone_c0)
 Chemical potential of the molecule in the mixture :         6.71364 kcal/mol
 Log10(partial pressure [mbar])                    :         3.85036
 Free energy of molecule in mix (E_COSMO+dE+Mu)    :   -269351.19529 kcal/mol
 Total mean interaction energy in the mix          :        -9.13990 kcal/mol
 Misfit interaction energy in the mix              :         3.21549 kcal/mol
 H-Bond interaction energy in the mix              :        -2.13333 kcal/mol
 VdW interaction energy in the mix                 :       -25.08536 kcal/mol
 Gas liquid transition energy in the mix (H_glt)   :        14.86330 kcal/mol
 Normalized weight factor of molecule in compound  :         0.23138
 Normalized weight factor of molecule in gas phase :         0.18722

 Compound: 2 Conformer: 2 (4-nonanone_c1)
 Chemical potential of the molecule in the mixture :         6.58184 kcal/mol
 Log10(partial pressure [mbar])                    :         3.60852
 Free energy of molecule in mix (E_COSMO+dE+Mu)    :   -269351.15887 kcal/mol
 Total mean interaction energy in the mix          :        -9.32062 kcal/mol
 Misfit interaction energy in the mix              :         3.18079 kcal/mol
 H-Bond interaction energy in the mix              :        -2.41317 kcal/mol
 VdW interaction energy in the mix                 :       -24.95154 kcal/mol
 Gas liquid transition energy in the mix (H_glt)   :        14.86330 kcal/mol
 Normalized weight factor of molecule in compound  :         0.21736
 Normalized weight factor of molecule in gas phase :         0.10078

 Compound: 2 Conformer: 3 (4-nonanone_c2)
 Chemical potential of the molecule in the mixture :         6.95630 kcal/mol
 Log10(partial pressure [mbar])                    :         4.27835
 Free energy of molecule in mix (E_COSMO+dE+Mu)    :   -269350.97837 kcal/mol
 Total mean interaction energy in the mix          :        -8.85886 kcal/mol
 Misfit interaction energy in the mix              :         3.10355 kcal/mol
 H-Bond interaction energy in the mix              :        -2.03922 kcal/mol
 VdW interaction energy in the mix                 :       -24.78649 kcal/mol
 Gas liquid transition energy in the mix (H_glt)   :        14.86330 kcal/mol
 Normalized weight factor of molecule in compound  :         0.15945
 Normalized weight factor of molecule in gas phase :         0.33973

 Compound: 2 Conformer: 4 (4-nonanone_c3)
 Chemical potential of the molecule in the mixture :         6.89312 kcal/mol
 Log10(partial pressure [mbar])                    :         4.21096
 Free energy of molecule in mix (E_COSMO+dE+Mu)    :   -269350.96559 kcal/mol
 Total mean interaction energy in the mix          :        -8.88019 kcal/mol
 Misfit interaction energy in the mix              :         3.15033 kcal/mol
 H-Bond interaction energy in the mix              :        -2.06233 kcal/mol
 VdW interaction energy in the mix                 :       -24.83150 kcal/mol
 Gas liquid transition energy in the mix (H_glt)   :        14.86330 kcal/mol
 Normalized weight factor of molecule in compound  :         0.15599
 Normalized weight factor of molecule in gas phase :         0.28577

 Compound: 2 Conformer: 5 (4-nonanone_c4)
 Chemical potential of the molecule in the mixture :         6.45797 kcal/mol
 Log10(partial pressure [mbar])                    :         3.50674
 Free energy of molecule in mix (E_COSMO+dE+Mu)    :   -269351.20639 kcal/mol
 Total mean interaction energy in the mix          :        -9.40989 kcal/mol
 Misfit interaction energy in the mix              :         3.17309 kcal/mol
 H-Bond interaction energy in the mix              :        -2.47954 kcal/mol
 VdW interaction energy in the mix                 :       -24.96675 kcal/mol
 Gas liquid transition energy in the mix (H_glt)   :        14.86330 kcal/mol
 Normalized weight factor of molecule in compound  :         0.23583
 Normalized weight factor of molecule in gas phase :         0.08650

 Compound: 3 Conformer: 1 (lacticacid_c0)
 Chemical potential of the molecule in the mixture :         5.53401 kcal/mol
 Log10(partial pressure [mbar])                    :        -1.46312
 Free energy of molecule in mix (E_COSMO+dE+Mu)    :   -215743.14613 kcal/mol
 Total mean interaction energy in the mix          :        -7.84912 kcal/mol
 Misfit interaction energy in the mix              :         1.82036 kcal/mol
 H-Bond interaction energy in the mix              :        -4.58471 kcal/mol
 VdW interaction energy in the mix                 :       -13.33660 kcal/mol
 Gas liquid transition energy in the mix (H_glt)   :         8.25184 kcal/mol
 Normalized weight factor of molecule in compound  :         0.03597
 Normalized weight factor of molecule in gas phase :         0.00476

 Compound: 3 Conformer: 2 (lacticacid_c1)
 Chemical potential of the molecule in the mixture :         5.68959 kcal/mol
 Log10(partial pressure [mbar])                    :        -0.93012
 Free energy of molecule in mix (E_COSMO+dE+Mu)    :   -215742.80906 kcal/mol
 Total mean interaction energy in the mix          :        -7.38296 kcal/mol
 Misfit interaction energy in the mix              :         1.94248 kcal/mol
 H-Bond interaction energy in the mix              :        -4.26217 kcal/mol
 VdW interaction energy in the mix                 :       -13.31512 kcal/mol
 Gas liquid transition energy in the mix (H_glt)   :         8.25184 kcal/mol
 Normalized weight factor of molecule in compound  :         0.02017
 Normalized weight factor of molecule in gas phase :         0.00936

 Compound: 3 Conformer: 3 (lacticacid_c2)
 Chemical potential of the molecule in the mixture :         3.83690 kcal/mol
 Log10(partial pressure [mbar])                    :        -0.20064
 Free energy of molecule in mix (E_COSMO+dE+Mu)    :   -215743.76957 kcal/mol
 Total mean interaction energy in the mix          :        -8.50442 kcal/mol
 Misfit interaction energy in the mix              :         1.86304 kcal/mol
 H-Bond interaction energy in the mix              :        -5.21803 kcal/mol
 VdW interaction energy in the mix                 :       -13.40127 kcal/mol
 Gas liquid transition energy in the mix (H_glt)   :         8.25184 kcal/mol
 Normalized weight factor of molecule in compound  :         0.10487
 Normalized weight factor of molecule in gas phase :         0.94961

 Compound: 3 Conformer: 4 (lacticacid_c3)
 Chemical potential of the molecule in the mixture :         2.03120 kcal/mol
 Log10(partial pressure [mbar])                    :        -2.65417
 Free energy of molecule in mix (E_COSMO+dE+Mu)    :   -215744.15423 kcal/mol
 Total mean interaction energy in the mix          :       -10.72912 kcal/mol
 Misfit interaction energy in the mix              :         1.78640 kcal/mol
 H-Bond interaction energy in the mix              :        -7.39363 kcal/mol
 VdW interaction energy in the mix                 :       -13.37373 kcal/mol
 Gas liquid transition energy in the mix (H_glt)   :         8.25184 kcal/mol
 Normalized weight factor of molecule in compound  :         0.20297
 Normalized weight factor of molecule in gas phase :         0.02089

 Compound: 3 Conformer: 5 (lacticacid_c4)
 Chemical potential of the molecule in the mixture :         1.45917 kcal/mol
 Log10(partial pressure [mbar])                    :        -4.74785
 Free energy of molecule in mix (E_COSMO+dE+Mu)    :   -215744.63966 kcal/mol
 Total mean interaction energy in the mix          :       -11.70170 kcal/mol
 Misfit interaction energy in the mix              :         1.76389 kcal/mol
 H-Bond interaction energy in the mix              :        -8.32381 kcal/mol
 VdW interaction energy in the mix                 :       -13.39362 kcal/mol
 Gas liquid transition energy in the mix (H_glt)   :         8.25184 kcal/mol
 Normalized weight factor of molecule in compound  :         0.46701
 Normalized weight factor of molecule in gas phase :         0.00039

 Compound: 3 Conformer: 6 (lacticacid_c5)
 Chemical potential of the molecule in the mixture :         1.98788 kcal/mol
 Log10(partial pressure [mbar])                    :        -2.71814
 Free energy of molecule in mix (E_COSMO+dE+Mu)    :   -215744.04759 kcal/mol
 Total mean interaction energy in the mix          :       -10.80999 kcal/mol
 Misfit interaction energy in the mix              :         1.75954 kcal/mol
 H-Bond interaction energy in the mix              :        -7.42593 kcal/mol
 VdW interaction energy in the mix                 :       -13.39545 kcal/mol
 Gas liquid transition energy in the mix (H_glt)   :         8.25184 kcal/mol
 Normalized weight factor of molecule in compound  :         0.16902
 Normalized weight factor of molecule in gas phase :         0.01500




 Results for mixture 18 - LIQ_EX Phase 2 Iteration    8
 ----------------------
 Temperature          :    293.150 K
 Compound Nr.         :         1         2         3
 Compound             :       h2o 4-nonanon lacticaci
 Mole Fraction        :    0.0343    0.9643    0.0014

 Compound: 1  (h2o)
 Chemical potential of the compound in the mixture :         4.84486 kcal/mol
 Log10(partial pressure [mbar])                    :         2.45385
 Free energy of molecule in mix (E_COSMO+dE+Mu)    :    -47988.40841 kcal/mol
 Total mean interaction energy in the mix (H_int)  :        -2.72215 kcal/mol
 Misfit interaction energy in the mix (H_MF)       :         1.59068 kcal/mol
 H-Bond interaction energy in the mix (H_HB)       :        -2.61810 kcal/mol
 VdW interaction energy in the mix (H_vdW)         :        -4.62678 kcal/mol
 Gas liquid transition energy in the mix (H_glt)   :         2.93205 kcal/mol
 Equilibrium constant Kx(1,2)                      :        29.00636
 Equilibrium concentration x_k(1,2)                :         0.96667

 Compound: 2  (4-nonanone)
 Chemical potential of the compound in the mixture :         0.26772 kcal/mol
 Log10(partial pressure [mbar])                    :        -0.24667
 Free energy of molecule in mix (E_COSMO+dE+Mu)    :   -269357.66695 kcal/mol
 Total mean interaction energy in the mix (H_int)  :        -7.42803 kcal/mol
 Misfit interaction energy in the mix (H_MF)       :         3.56899 kcal/mol
 H-Bond interaction energy in the mix (H_HB)       :        -0.08195 kcal/mol
 VdW interaction energy in the mix (H_vdW)         :       -25.86099 kcal/mol
 Gas liquid transition energy in the mix (H_glt)   :        14.86330 kcal/mol
 Equilibrium constant Kx(1,2)                      :  6.47148077E-05
 Equilibrium concentration x_k(1,2)                :         0.00006

 Compound: 3  (lacticacid)
 Chemical potential of the compound in the mixture :         4.00122 kcal/mol
 Log10(partial pressure [mbar])                    :        -1.36519
 Free energy of molecule in mix (E_COSMO+dE+Mu)    :   -215744.67892 kcal/mol
 Total mean interaction energy in the mix (H_int)  :        -4.53025 kcal/mol
 Misfit interaction energy in the mix (H_MF)       :         2.47708 kcal/mol
 H-Bond interaction energy in the mix (H_HB)       :        -2.40385 kcal/mol
 VdW interaction energy in the mix (H_vdW)         :       -14.11724 kcal/mol
 Gas liquid transition energy in the mix (H_glt)   :         8.25184 kcal/mol
 Equilibrium constant Kx(1,2)                      :         2.00174
 Equilibrium concentration x_k(1,2)                :         0.66686



 Compound: 1 Conformer: 1 (h2o_c0)
 Chemical potential of the molecule in the mixture :         4.84486 kcal/mol
 Log10(partial pressure [mbar])                    :         2.45385
 Free energy of molecule in mix (E_COSMO+dE+Mu)    :    -47988.40841 kcal/mol
 Total mean interaction energy in the mix          :        -2.72215 kcal/mol
 Misfit interaction energy in the mix              :         1.59068 kcal/mol
 H-Bond interaction energy in the mix              :        -2.61810 kcal/mol
 VdW interaction energy in the mix                 :        -4.62678 kcal/mol
 Gas liquid transition energy in the mix (H_glt)   :         2.93205 kcal/mol
 Normalized weight factor of molecule in compound  :         1.00000
 Normalized weight factor of molecule in gas phase :         1.00000

 Compound: 2 Conformer: 1 (4-nonanone_c0)
 Chemical potential of the molecule in the mixture :         0.95969 kcal/mol
 Log10(partial pressure [mbar])                    :        -0.43926
 Free energy of molecule in mix (E_COSMO+dE+Mu)    :   -269356.94925 kcal/mol
 Total mean interaction energy in the mix          :        -7.63068 kcal/mol
 Misfit interaction energy in the mix              :         3.59803 kcal/mol
 H-Bond interaction energy in the mix              :        -0.06483 kcal/mol
 VdW interaction energy in the mix                 :       -26.02719 kcal/mol
 Gas liquid transition energy in the mix (H_glt)   :        14.86330 kcal/mol
 Normalized weight factor of molecule in compound  :         0.29171
 Normalized weight factor of molecule in gas phase :         0.18722

 Compound: 2 Conformer: 2 (4-nonanone_c1)
 Chemical potential of the molecule in the mixture :         1.25865 kcal/mol
 Log10(partial pressure [mbar])                    :        -0.35996
 Free energy of molecule in mix (E_COSMO+dE+Mu)    :   -269356.48206 kcal/mol
 Total mean interaction energy in the mix          :        -7.46658 kcal/mol
 Misfit interaction energy in the mix              :         3.69103 kcal/mol
 H-Bond interaction energy in the mix              :        -0.12752 kcal/mol
 VdW interaction energy in the mix                 :       -25.89340 kcal/mol
 Gas liquid transition energy in the mix (H_glt)   :        14.86330 kcal/mol
 Normalized weight factor of molecule in compound  :         0.13082
 Normalized weight factor of molecule in gas phase :         0.10078

 Compound: 2 Conformer: 3 (4-nonanone_c2)
 Chemical potential of the molecule in the mixture :         1.12014 kcal/mol
 Log10(partial pressure [mbar])                    :        -0.07255
 Free energy of molecule in mix (E_COSMO+dE+Mu)    :   -269356.81453 kcal/mol
 Total mean interaction energy in the mix          :        -7.43329 kcal/mol
 Misfit interaction energy in the mix              :         3.47636 kcal/mol
 H-Bond interaction energy in the mix              :        -0.06474 kcal/mol
 VdW interaction energy in the mix                 :       -25.70821 kcal/mol
 Gas liquid transition energy in the mix (H_glt)   :        14.86330 kcal/mol
 Normalized weight factor of molecule in compound  :         0.23148
 Normalized weight factor of molecule in gas phase :         0.33973

 Compound: 2 Conformer: 4 (4-nonanone_c3)
 Chemical potential of the molecule in the mixture :         1.05981 kcal/mol
 Log10(partial pressure [mbar])                    :        -0.13782
 Free energy of molecule in mix (E_COSMO+dE+Mu)    :   -269356.79891 kcal/mol
 Total mean interaction energy in the mix          :        -7.45997 kcal/mol
 Misfit interaction energy in the mix              :         3.49368 kcal/mol
 H-Bond interaction energy in the mix              :        -0.05993 kcal/mol
 VdW interaction energy in the mix                 :       -25.75701 kcal/mol
 Gas liquid transition energy in the mix (H_glt)   :        14.86330 kcal/mol
 Normalized weight factor of molecule in compound  :         0.22536
 Normalized weight factor of molecule in gas phase :         0.28577

 Compound: 2 Conformer: 5 (4-nonanone_c4)
 Chemical potential of the molecule in the mixture :         1.22947 kcal/mol
 Log10(partial pressure [mbar])                    :        -0.39115
 Free energy of molecule in mix (E_COSMO+dE+Mu)    :   -269356.43488 kcal/mol
 Total mean interaction energy in the mix          :        -7.51125 kcal/mol
 Misfit interaction energy in the mix              :         3.68485 kcal/mol
 H-Bond interaction energy in the mix              :        -0.14809 kcal/mol
 VdW interaction energy in the mix                 :       -25.91132 kcal/mol
 Gas liquid transition energy in the mix (H_glt)   :        14.86330 kcal/mol
 Normalized weight factor of molecule in compound  :         0.12064
 Normalized weight factor of molecule in gas phase :         0.08650

 Compound: 3 Conformer: 1 (lacticacid_c0)
 Chemical potential of the molecule in the mixture :         5.57112 kcal/mol
 Log10(partial pressure [mbar])                    :        -1.43546
 Free energy of molecule in mix (E_COSMO+dE+Mu)    :   -215743.10902 kcal/mol
 Total mean interaction energy in the mix          :        -4.61890 kcal/mol
 Misfit interaction energy in the mix              :         3.11865 kcal/mol
 H-Bond interaction energy in the mix              :        -1.91070 kcal/mol
 VdW interaction energy in the mix                 :       -14.07870 kcal/mol
 Gas liquid transition energy in the mix (H_glt)   :         8.25184 kcal/mol
 Normalized weight factor of molecule in compound  :         0.06755
 Normalized weight factor of molecule in gas phase :         0.00476

 Compound: 3 Conformer: 2 (lacticacid_c1)
 Chemical potential of the molecule in the mixture :         5.97206 kcal/mol
 Log10(partial pressure [mbar])                    :        -0.71954
 Free energy of molecule in mix (E_COSMO+dE+Mu)    :   -215742.52659 kcal/mol
 Total mean interaction energy in the mix          :        -4.35365 kcal/mol
 Misfit interaction energy in the mix              :         3.06660 kcal/mol
 H-Bond interaction energy in the mix              :        -1.62262 kcal/mol
 VdW interaction energy in the mix                 :       -14.04947 kcal/mol
 Gas liquid transition energy in the mix (H_glt)   :         8.25184 kcal/mol
 Normalized weight factor of molecule in compound  :         0.02486
 Normalized weight factor of molecule in gas phase :         0.00936

 Compound: 3 Conformer: 3 (lacticacid_c2)
 Chemical potential of the molecule in the mixture :         3.12066 kcal/mol
 Log10(partial pressure [mbar])                    :        -0.73460
 Free energy of molecule in mix (E_COSMO+dE+Mu)    :   -215744.48580 kcal/mol
 Total mean interaction energy in the mix          :        -5.78381 kcal/mol
 Misfit interaction energy in the mix              :         2.32206 kcal/mol
 H-Bond interaction energy in the mix              :        -2.23528 kcal/mol
 VdW interaction energy in the mix                 :       -14.12242 kcal/mol
 Gas liquid transition energy in the mix (H_glt)   :         8.25184 kcal/mol
 Normalized weight factor of molecule in compound  :         0.71784
 Normalized weight factor of molecule in gas phase :         0.94961

 Compound: 3 Conformer: 4 (lacticacid_c3)
 Chemical potential of the molecule in the mixture :         2.91640 kcal/mol
 Log10(partial pressure [mbar])                    :        -1.99425
 Free energy of molecule in mix (E_COSMO+dE+Mu)    :   -215743.26903 kcal/mol
 Total mean interaction energy in the mix          :        -6.44732 kcal/mol
 Misfit interaction energy in the mix              :         2.66715 kcal/mol
 H-Bond interaction energy in the mix              :        -3.26252 kcal/mol
 VdW interaction energy in the mix                 :       -14.10379 kcal/mol
 Gas liquid transition energy in the mix (H_glt)   :         8.25184 kcal/mol
 Normalized weight factor of molecule in compound  :         0.08890
 Normalized weight factor of molecule in gas phase :         0.02089

 Compound: 3 Conformer: 5 (lacticacid_c4)
 Chemical potential of the molecule in the mixture :         3.48440 kcal/mol
 Log10(partial pressure [mbar])                    :        -3.23802
 Free energy of molecule in mix (E_COSMO+dE+Mu)    :   -215742.61443 kcal/mol
 Total mean interaction energy in the mix          :        -6.22785 kcal/mol
 Misfit interaction energy in the mix              :         3.28807 kcal/mol
 H-Bond interaction energy in the mix              :        -3.62006 kcal/mol
 VdW interaction energy in the mix                 :       -14.14770 kcal/mol
 Gas liquid transition energy in the mix (H_glt)   :         8.25184 kcal/mol
 Normalized weight factor of molecule in compound  :         0.02890
 Normalized weight factor of molecule in gas phase :         0.00039

 Compound: 3 Conformer: 6 (lacticacid_c5)
 Chemical potential of the molecule in the mixture :         2.88967 kcal/mol
 Log10(partial pressure [mbar])                    :        -2.04585
 Free energy of molecule in mix (E_COSMO+dE+Mu)    :   -215743.14579 kcal/mol
 Total mean interaction energy in the mix          :        -6.48947 kcal/mol
 Misfit interaction energy in the mix              :         2.65714 kcal/mol
 H-Bond interaction energy in the mix              :        -3.26900 kcal/mol
 VdW interaction energy in the mix                 :       -14.12946 kcal/mol
 Gas liquid transition energy in the mix (H_glt)   :         8.25184 kcal/mol
 Normalized weight factor of molecule in compound  :         0.07195
 Normalized weight factor of molecule in gas phase :         0.01500




 Results for mixture 19 - LIQ_EX Phase 1 Iteration    9
 ----------------------
 Temperature          :    293.150 K
 Compound Nr.         :         1         2         3
 Compound             :       h2o 4-nonanon lacticaci
 Mole Fraction        :    0.9972    0.0000    0.0027

 Compound: 1  (h2o)
 Chemical potential of the compound in the mixture :         2.88312 kcal/mol
 Log10(partial pressure [mbar])                    :         0.99136
 Free energy of molecule in mix (E_COSMO+dE+Mu)    :    -47990.37016 kcal/mol
 Total mean interaction energy in the mix (H_int)  :        -5.86089 kcal/mol
 Misfit interaction energy in the mix (H_MF)       :         0.54846 kcal/mol
 H-Bond interaction energy in the mix (H_HB)       :        -4.97496 kcal/mol
 VdW interaction energy in the mix (H_vdW)         :        -4.36644 kcal/mol
 Gas liquid transition energy in the mix (H_glt)   :         2.93205 kcal/mol

 Compound: 2  (4-nonanone)
 Chemical potential of the compound in the mixture :         5.88672 kcal/mol
 Log10(partial pressure [mbar])                    :         3.94234
 Free energy of molecule in mix (E_COSMO+dE+Mu)    :   -269352.04795 kcal/mol
 Total mean interaction energy in the mix (H_int)  :        -9.03382 kcal/mol
 Misfit interaction energy in the mix (H_MF)       :         3.16993 kcal/mol
 H-Bond interaction energy in the mix (H_HB)       :        -2.24972 kcal/mol
 VdW interaction energy in the mix (H_vdW)         :       -24.94105 kcal/mol
 Gas liquid transition energy in the mix (H_glt)   :        14.86330 kcal/mol

 Compound: 3  (lacticacid)
 Chemical potential of the compound in the mixture :         3.59693 kcal/mol
 Log10(partial pressure [mbar])                    :        -1.66660
 Free energy of molecule in mix (E_COSMO+dE+Mu)    :   -215745.08322 kcal/mol
 Total mean interaction energy in the mix (H_int)  :        -8.51752 kcal/mol
 Misfit interaction energy in the mix (H_MF)       :         1.78375 kcal/mol
 H-Bond interaction energy in the mix (H_HB)       :        -7.44116 kcal/mol
 VdW interaction energy in the mix (H_vdW)         :       -13.38706 kcal/mol
 Gas liquid transition energy in the mix (H_glt)   :         8.25184 kcal/mol



 Compound: 1 Conformer: 1 (h2o_c0)
 Chemical potential of the molecule in the mixture :         2.88312 kcal/mol
 Log10(partial pressure [mbar])                    :         0.99136
 Free energy of molecule in mix (E_COSMO+dE+Mu)    :    -47990.37016 kcal/mol
 Total mean interaction energy in the mix          :        -5.86089 kcal/mol
 Misfit interaction energy in the mix              :         0.54846 kcal/mol
 H-Bond interaction energy in the mix              :        -4.97496 kcal/mol
 VdW interaction energy in the mix                 :        -4.36644 kcal/mol
 Gas liquid transition energy in the mix (H_glt)   :         2.93205 kcal/mol
 Normalized weight factor of molecule in compound  :         1.00000
 Normalized weight factor of molecule in gas phase :         1.00000

 Compound: 2 Conformer: 1 (4-nonanone_c0)
 Chemical potential of the molecule in the mixture :         6.71365 kcal/mol
 Log10(partial pressure [mbar])                    :         3.85036
 Free energy of molecule in mix (E_COSMO+dE+Mu)    :   -269351.19528 kcal/mol
 Total mean interaction energy in the mix          :        -9.13990 kcal/mol
 Misfit interaction energy in the mix              :         3.21548 kcal/mol
 H-Bond interaction energy in the mix              :        -2.13333 kcal/mol
 VdW interaction energy in the mix                 :       -25.08535 kcal/mol
 Gas liquid transition energy in the mix (H_glt)   :        14.86330 kcal/mol
 Normalized weight factor of molecule in compound  :         0.23138
 Normalized weight factor of molecule in gas phase :         0.18722

 Compound: 2 Conformer: 2 (4-nonanone_c1)
 Chemical potential of the molecule in the mixture :         6.58185 kcal/mol
 Log10(partial pressure [mbar])                    :         3.60852
 Free energy of molecule in mix (E_COSMO+dE+Mu)    :   -269351.15886 kcal/mol
 Total mean interaction energy in the mix          :        -9.32062 kcal/mol
 Misfit interaction energy in the mix              :         3.18079 kcal/mol
 H-Bond interaction energy in the mix              :        -2.41317 kcal/mol
 VdW interaction energy in the mix                 :       -24.95153 kcal/mol
 Gas liquid transition energy in the mix (H_glt)   :        14.86330 kcal/mol
 Normalized weight factor of molecule in compound  :         0.21736
 Normalized weight factor of molecule in gas phase :         0.10078

 Compound: 2 Conformer: 3 (4-nonanone_c2)
 Chemical potential of the molecule in the mixture :         6.95631 kcal/mol
 Log10(partial pressure [mbar])                    :         4.27836
 Free energy of molecule in mix (E_COSMO+dE+Mu)    :   -269350.97836 kcal/mol
 Total mean interaction energy in the mix          :        -8.85886 kcal/mol
 Misfit interaction energy in the mix              :         3.10355 kcal/mol
 H-Bond interaction energy in the mix              :        -2.03922 kcal/mol
 VdW interaction energy in the mix                 :       -24.78649 kcal/mol
 Gas liquid transition energy in the mix (H_glt)   :        14.86330 kcal/mol
 Normalized weight factor of molecule in compound  :         0.15945
 Normalized weight factor of molecule in gas phase :         0.33973

 Compound: 2 Conformer: 4 (4-nonanone_c3)
 Chemical potential of the molecule in the mixture :         6.89313 kcal/mol
 Log10(partial pressure [mbar])                    :         4.21096
 Free energy of molecule in mix (E_COSMO+dE+Mu)    :   -269350.96559 kcal/mol
 Total mean interaction energy in the mix          :        -8.88019 kcal/mol
 Misfit interaction energy in the mix              :         3.15033 kcal/mol
 H-Bond interaction energy in the mix              :        -2.06233 kcal/mol
 VdW interaction energy in the mix                 :       -24.83150 kcal/mol
 Gas liquid transition energy in the mix (H_glt)   :        14.86330 kcal/mol
 Normalized weight factor of molecule in compound  :         0.15599
 Normalized weight factor of molecule in gas phase :         0.28577

 Compound: 2 Conformer: 5 (4-nonanone_c4)
 Chemical potential of the molecule in the mixture :         6.45797 kcal/mol
 Log10(partial pressure [mbar])                    :         3.50674
 Free energy of molecule in mix (E_COSMO+dE+Mu)    :   -269351.20638 kcal/mol
 Total mean interaction energy in the mix          :        -9.40990 kcal/mol
 Misfit interaction energy in the mix              :         3.17309 kcal/mol
 H-Bond interaction energy in the mix              :        -2.47954 kcal/mol
 VdW interaction energy in the mix                 :       -24.96675 kcal/mol
 Gas liquid transition energy in the mix (H_glt)   :        14.86330 kcal/mol
 Normalized weight factor of molecule in compound  :         0.23583
 Normalized weight factor of molecule in gas phase :         0.08650

 Compound: 3 Conformer: 1 (lacticacid_c0)
 Chemical potential of the molecule in the mixture :         5.53402 kcal/mol
 Log10(partial pressure [mbar])                    :        -1.46312
 Free energy of molecule in mix (E_COSMO+dE+Mu)    :   -215743.14612 kcal/mol
 Total mean interaction energy in the mix          :        -7.84912 kcal/mol
 Misfit interaction energy in the mix              :         1.82036 kcal/mol
 H-Bond interaction energy in the mix              :        -4.58471 kcal/mol
 VdW interaction energy in the mix                 :       -13.33660 kcal/mol
 Gas liquid transition energy in the mix (H_glt)   :         8.25184 kcal/mol
 Normalized weight factor of molecule in compound  :         0.03597
 Normalized weight factor of molecule in gas phase :         0.00476

 Compound: 3 Conformer: 2 (lacticacid_c1)
 Chemical potential of the molecule in the mixture :         5.68959 kcal/mol
 Log10(partial pressure [mbar])                    :        -0.93012
 Free energy of molecule in mix (E_COSMO+dE+Mu)    :   -215742.80906 kcal/mol
 Total mean interaction energy in the mix          :        -7.38296 kcal/mol
 Misfit interaction energy in the mix              :         1.94248 kcal/mol
 H-Bond interaction energy in the mix              :        -4.26217 kcal/mol
 VdW interaction energy in the mix                 :       -13.31512 kcal/mol
 Gas liquid transition energy in the mix (H_glt)   :         8.25184 kcal/mol
 Normalized weight factor of molecule in compound  :         0.02017
 Normalized weight factor of molecule in gas phase :         0.00936

 Compound: 3 Conformer: 3 (lacticacid_c2)
 Chemical potential of the molecule in the mixture :         3.83690 kcal/mol
 Log10(partial pressure [mbar])                    :        -0.20064
 Free energy of molecule in mix (E_COSMO+dE+Mu)    :   -215743.76957 kcal/mol
 Total mean interaction energy in the mix          :        -8.50442 kcal/mol
 Misfit interaction energy in the mix              :         1.86304 kcal/mol
 H-Bond interaction energy in the mix              :        -5.21803 kcal/mol
 VdW interaction energy in the mix                 :       -13.40127 kcal/mol
 Gas liquid transition energy in the mix (H_glt)   :         8.25184 kcal/mol
 Normalized weight factor of molecule in compound  :         0.10487
 Normalized weight factor of molecule in gas phase :         0.94961

 Compound: 3 Conformer: 4 (lacticacid_c3)
 Chemical potential of the molecule in the mixture :         2.03120 kcal/mol
 Log10(partial pressure [mbar])                    :        -2.65417
 Free energy of molecule in mix (E_COSMO+dE+Mu)    :   -215744.15423 kcal/mol
 Total mean interaction energy in the mix          :       -10.72912 kcal/mol
 Misfit interaction energy in the mix              :         1.78640 kcal/mol
 H-Bond interaction energy in the mix              :        -7.39363 kcal/mol
 VdW interaction energy in the mix                 :       -13.37373 kcal/mol
 Gas liquid transition energy in the mix (H_glt)   :         8.25184 kcal/mol
 Normalized weight factor of molecule in compound  :         0.20297
 Normalized weight factor of molecule in gas phase :         0.02089

 Compound: 3 Conformer: 5 (lacticacid_c4)
 Chemical potential of the molecule in the mixture :         1.45917 kcal/mol
 Log10(partial pressure [mbar])                    :        -4.74785
 Free energy of molecule in mix (E_COSMO+dE+Mu)    :   -215744.63966 kcal/mol
 Total mean interaction energy in the mix          :       -11.70170 kcal/mol
 Misfit interaction energy in the mix              :         1.76389 kcal/mol
 H-Bond interaction energy in the mix              :        -8.32381 kcal/mol
 VdW interaction energy in the mix                 :       -13.39362 kcal/mol
 Gas liquid transition energy in the mix (H_glt)   :         8.25184 kcal/mol
 Normalized weight factor of molecule in compound  :         0.46701
 Normalized weight factor of molecule in gas phase :         0.00039

 Compound: 3 Conformer: 6 (lacticacid_c5)
 Chemical potential of the molecule in the mixture :         1.98788 kcal/mol
 Log10(partial pressure [mbar])                    :        -2.71814
 Free energy of molecule in mix (E_COSMO+dE+Mu)    :   -215744.04758 kcal/mol
 Total mean interaction energy in the mix          :       -10.80999 kcal/mol
 Misfit interaction energy in the mix              :         1.75954 kcal/mol
 H-Bond interaction energy in the mix              :        -7.42593 kcal/mol
 VdW interaction energy in the mix                 :       -13.39544 kcal/mol
 Gas liquid transition energy in the mix (H_glt)   :         8.25184 kcal/mol
 Normalized weight factor of molecule in compound  :         0.16902
 Normalized weight factor of molecule in gas phase :         0.01500




 Results for mixture 20 - LIQ_EX Phase 2 Iteration    9
 ----------------------
 Temperature          :    293.150 K
 Compound Nr.         :         1         2         3
 Compound             :       h2o 4-nonanon lacticaci
 Mole Fraction        :    0.0344    0.9643    0.0014

 Compound: 1  (h2o)
 Chemical potential of the compound in the mixture :         4.84468 kcal/mol
 Log10(partial pressure [mbar])                    :         2.45372
 Free energy of molecule in mix (E_COSMO+dE+Mu)    :    -47988.40860 kcal/mol
 Total mean interaction energy in the mix (H_int)  :        -2.72244 kcal/mol
 Misfit interaction energy in the mix (H_MF)       :         1.59052 kcal/mol
 H-Bond interaction energy in the mix (H_HB)       :        -2.61824 kcal/mol
 VdW interaction energy in the mix (H_vdW)         :        -4.62677 kcal/mol
 Gas liquid transition energy in the mix (H_glt)   :         2.93205 kcal/mol
 Equilibrium constant Kx(1,2)                      :        28.99725
 Equilibrium concentration x_k(1,2)                :         0.96666

 Compound: 2  (4-nonanone)
 Chemical potential of the compound in the mixture :         0.26773 kcal/mol
 Log10(partial pressure [mbar])                    :        -0.24666
 Free energy of molecule in mix (E_COSMO+dE+Mu)    :   -269357.66694 kcal/mol
 Total mean interaction energy in the mix (H_int)  :        -7.42809 kcal/mol
 Misfit interaction energy in the mix (H_MF)       :         3.56899 kcal/mol
 H-Bond interaction energy in the mix (H_HB)       :        -0.08201 kcal/mol
 VdW interaction energy in the mix (H_vdW)         :       -25.86098 kcal/mol
 Gas liquid transition energy in the mix (H_glt)   :        14.86330 kcal/mol
 Equilibrium constant Kx(1,2)                      :  6.47146389E-05
 Equilibrium concentration x_k(1,2)                :         0.00006

 Compound: 3  (lacticacid)
 Chemical potential of the compound in the mixture :         4.00108 kcal/mol
 Log10(partial pressure [mbar])                    :        -1.36530
 Free energy of molecule in mix (E_COSMO+dE+Mu)    :   -215744.67906 kcal/mol
 Total mean interaction energy in the mix (H_int)  :        -4.53043 kcal/mol
 Misfit interaction energy in the mix (H_MF)       :         2.47699 kcal/mol
 H-Bond interaction energy in the mix (H_HB)       :        -2.40399 kcal/mol
 VdW interaction energy in the mix (H_vdW)         :       -14.11723 kcal/mol
 Gas liquid transition energy in the mix (H_glt)   :         8.25184 kcal/mol
 Equilibrium constant Kx(1,2)                      :         2.00125
 Equilibrium concentration x_k(1,2)                :         0.66681



 Compound: 1 Conformer: 1 (h2o_c0)
 Chemical potential of the molecule in the mixture :         4.84468 kcal/mol
 Log10(partial pressure [mbar])                    :         2.45372
 Free energy of molecule in mix (E_COSMO+dE+Mu)    :    -47988.40860 kcal/mol
 Total mean interaction energy in the mix          :        -2.72244 kcal/mol
 Misfit interaction energy in the mix              :         1.59052 kcal/mol
 H-Bond interaction energy in the mix              :        -2.61824 kcal/mol
 VdW interaction energy in the mix                 :        -4.62677 kcal/mol
 Gas liquid transition energy in the mix (H_glt)   :         2.93205 kcal/mol
 Normalized weight factor of molecule in compound  :         1.00000
 Normalized weight factor of molecule in gas phase :         1.00000

 Compound: 2 Conformer: 1 (4-nonanone_c0)
 Chemical potential of the molecule in the mixture :         0.95970 kcal/mol
 Log10(partial pressure [mbar])                    :        -0.43925
 Free energy of molecule in mix (E_COSMO+dE+Mu)    :   -269356.94924 kcal/mol
 Total mean interaction energy in the mix          :        -7.63072 kcal/mol
 Misfit interaction energy in the mix              :         3.59804 kcal/mol
 H-Bond interaction energy in the mix              :        -0.06488 kcal/mol
 VdW interaction energy in the mix                 :       -26.02718 kcal/mol
 Gas liquid transition energy in the mix (H_glt)   :        14.86330 kcal/mol
 Normalized weight factor of molecule in compound  :         0.29171
 Normalized weight factor of molecule in gas phase :         0.18722

 Compound: 2 Conformer: 2 (4-nonanone_c1)
 Chemical potential of the molecule in the mixture :         1.25864 kcal/mol
 Log10(partial pressure [mbar])                    :        -0.35997
 Free energy of molecule in mix (E_COSMO+dE+Mu)    :   -269356.48207 kcal/mol
 Total mean interaction energy in the mix          :        -7.46667 kcal/mol
 Misfit interaction energy in the mix              :         3.69103 kcal/mol
 H-Bond interaction energy in the mix              :        -0.12761 kcal/mol
 VdW interaction energy in the mix                 :       -25.89339 kcal/mol
 Gas liquid transition energy in the mix (H_glt)   :        14.86330 kcal/mol
 Normalized weight factor of molecule in compound  :         0.13082
 Normalized weight factor of molecule in gas phase :         0.10078

 Compound: 2 Conformer: 3 (4-nonanone_c2)
 Chemical potential of the molecule in the mixture :         1.12015 kcal/mol
 Log10(partial pressure [mbar])                    :        -0.07254
 Free energy of molecule in mix (E_COSMO+dE+Mu)    :   -269356.81452 kcal/mol
 Total mean interaction energy in the mix          :        -7.43333 kcal/mol
 Misfit interaction energy in the mix              :         3.47637 kcal/mol
 H-Bond interaction energy in the mix              :        -0.06479 kcal/mol
 VdW interaction energy in the mix                 :       -25.70820 kcal/mol
 Gas liquid transition energy in the mix (H_glt)   :        14.86330 kcal/mol
 Normalized weight factor of molecule in compound  :         0.23148
 Normalized weight factor of molecule in gas phase :         0.33973

 Compound: 2 Conformer: 4 (4-nonanone_c3)
 Chemical potential of the molecule in the mixture :         1.05982 kcal/mol
 Log10(partial pressure [mbar])                    :        -0.13781
 Free energy of molecule in mix (E_COSMO+dE+Mu)    :   -269356.79890 kcal/mol
 Total mean interaction energy in the mix          :        -7.46000 kcal/mol
 Misfit interaction energy in the mix              :         3.49368 kcal/mol
 H-Bond interaction energy in the mix              :        -0.05998 kcal/mol
 VdW interaction energy in the mix                 :       -25.75700 kcal/mol
 Gas liquid transition energy in the mix (H_glt)   :        14.86330 kcal/mol
 Normalized weight factor of molecule in compound  :         0.22535
 Normalized weight factor of molecule in gas phase :         0.28577

 Compound: 2 Conformer: 5 (4-nonanone_c4)
 Chemical potential of the molecule in the mixture :         1.22946 kcal/mol
 Log10(partial pressure [mbar])                    :        -0.39115
 Free energy of molecule in mix (E_COSMO+dE+Mu)    :   -269356.43489 kcal/mol
 Total mean interaction energy in the mix          :        -7.51136 kcal/mol
 Misfit interaction energy in the mix              :         3.68484 kcal/mol
 H-Bond interaction energy in the mix              :        -0.14820 kcal/mol
 VdW interaction energy in the mix                 :       -25.91131 kcal/mol
 Gas liquid transition energy in the mix (H_glt)   :        14.86330 kcal/mol
 Normalized weight factor of molecule in compound  :         0.12064
 Normalized weight factor of molecule in gas phase :         0.08650

 Compound: 3 Conformer: 1 (lacticacid_c0)
 Chemical potential of the molecule in the mixture :         5.57100 kcal/mol
 Log10(partial pressure [mbar])                    :        -1.43555
 Free energy of molecule in mix (E_COSMO+dE+Mu)    :   -215743.10914 kcal/mol
 Total mean interaction energy in the mix          :        -4.61907 kcal/mol
 Misfit interaction energy in the mix              :         3.11854 kcal/mol
 H-Bond interaction energy in the mix              :        -1.91076 kcal/mol
 VdW interaction energy in the mix                 :       -14.07869 kcal/mol
 Gas liquid transition energy in the mix (H_glt)   :         8.25184 kcal/mol
 Normalized weight factor of molecule in compound  :         0.06755
 Normalized weight factor of molecule in gas phase :         0.00476

 Compound: 3 Conformer: 2 (lacticacid_c1)
 Chemical potential of the molecule in the mixture :         5.97191 kcal/mol
 Log10(partial pressure [mbar])                    :        -0.71965
 Free energy of molecule in mix (E_COSMO+dE+Mu)    :   -215742.52674 kcal/mol
 Total mean interaction energy in the mix          :        -4.35384 kcal/mol
 Misfit interaction energy in the mix              :         3.06651 kcal/mol
 H-Bond interaction energy in the mix              :        -1.62272 kcal/mol
 VdW interaction energy in the mix                 :       -14.04946 kcal/mol
 Gas liquid transition energy in the mix (H_glt)   :         8.25184 kcal/mol
 Normalized weight factor of molecule in compound  :         0.02486
 Normalized weight factor of molecule in gas phase :         0.00936

 Compound: 3 Conformer: 3 (lacticacid_c2)
 Chemical potential of the molecule in the mixture :         3.12054 kcal/mol
 Log10(partial pressure [mbar])                    :        -0.73469
 Free energy of molecule in mix (E_COSMO+dE+Mu)    :   -215744.48592 kcal/mol
 Total mean interaction energy in the mix          :        -5.78399 kcal/mol
 Misfit interaction energy in the mix              :         2.32197 kcal/mol
 H-Bond interaction energy in the mix              :        -2.23538 kcal/mol
 VdW interaction energy in the mix                 :       -14.12241 kcal/mol
 Gas liquid transition energy in the mix (H_glt)   :         8.25184 kcal/mol
 Normalized weight factor of molecule in compound  :         0.71782
 Normalized weight factor of molecule in gas phase :         0.94961

 Compound: 3 Conformer: 4 (lacticacid_c3)
 Chemical potential of the molecule in the mixture :         2.91620 kcal/mol
 Log10(partial pressure [mbar])                    :        -1.99440
 Free energy of molecule in mix (E_COSMO+dE+Mu)    :   -215743.26923 kcal/mol
 Total mean interaction energy in the mix          :        -6.44759 kcal/mol
 Misfit interaction energy in the mix              :         2.66703 kcal/mol
 H-Bond interaction energy in the mix              :        -3.26269 kcal/mol
 VdW interaction energy in the mix                 :       -14.10378 kcal/mol
 Gas liquid transition energy in the mix (H_glt)   :         8.25184 kcal/mol
 Normalized weight factor of molecule in compound  :         0.08891
 Normalized weight factor of molecule in gas phase :         0.02089

 Compound: 3 Conformer: 5 (lacticacid_c4)
 Chemical potential of the molecule in the mixture :         3.48413 kcal/mol
 Log10(partial pressure [mbar])                    :        -3.23823
 Free energy of molecule in mix (E_COSMO+dE+Mu)    :   -215742.61470 kcal/mol
 Total mean interaction energy in the mix          :        -6.22825 kcal/mol
 Misfit interaction energy in the mix              :         3.28786 kcal/mol
 H-Bond interaction energy in the mix              :        -3.62026 kcal/mol
 VdW interaction energy in the mix                 :       -14.14769 kcal/mol
 Gas liquid transition energy in the mix (H_glt)   :         8.25184 kcal/mol
 Normalized weight factor of molecule in compound  :         0.02891
 Normalized weight factor of molecule in gas phase :         0.00039

 Compound: 3 Conformer: 6 (lacticacid_c5)
 Chemical potential of the molecule in the mixture :         2.88947 kcal/mol
 Log10(partial pressure [mbar])                    :        -2.04600
 Free energy of molecule in mix (E_COSMO+dE+Mu)    :   -215743.14599 kcal/mol
 Total mean interaction energy in the mix          :        -6.48975 kcal/mol
 Misfit interaction energy in the mix              :         2.65701 kcal/mol
 H-Bond interaction energy in the mix              :        -3.26915 kcal/mol
 VdW interaction energy in the mix                 :       -14.12945 kcal/mol
 Gas liquid transition energy in the mix (H_glt)   :         8.25184 kcal/mol
 Normalized weight factor of molecule in compound  :         0.07196
 Normalized weight factor of molecule in gas phase :         0.01500




 Results for mixture 21 - LIQ_EX Phase 1 Iteration   10
 ----------------------
 Temperature          :    293.150 K
 Compound Nr.         :         1         2         3
 Compound             :       h2o 4-nonanon lacticaci
 Mole Fraction        :    0.9972    0.0000    0.0027

 Compound: 1  (h2o)
 Chemical potential of the compound in the mixture :         2.88312 kcal/mol
 Log10(partial pressure [mbar])                    :         0.99136
 Free energy of molecule in mix (E_COSMO+dE+Mu)    :    -47990.37016 kcal/mol
 Total mean interaction energy in the mix (H_int)  :        -5.86089 kcal/mol
 Misfit interaction energy in the mix (H_MF)       :         0.54846 kcal/mol
 H-Bond interaction energy in the mix (H_HB)       :        -4.97496 kcal/mol
 VdW interaction energy in the mix (H_vdW)         :        -4.36644 kcal/mol
 Gas liquid transition energy in the mix (H_glt)   :         2.93205 kcal/mol

 Compound: 2  (4-nonanone)
 Chemical potential of the compound in the mixture :         5.88672 kcal/mol
 Log10(partial pressure [mbar])                    :         3.94234
 Free energy of molecule in mix (E_COSMO+dE+Mu)    :   -269352.04795 kcal/mol
 Total mean interaction energy in the mix (H_int)  :        -9.03382 kcal/mol
 Misfit interaction energy in the mix (H_MF)       :         3.16993 kcal/mol
 H-Bond interaction energy in the mix (H_HB)       :        -2.24972 kcal/mol
 VdW interaction energy in the mix (H_vdW)         :       -24.94104 kcal/mol
 Gas liquid transition energy in the mix (H_glt)   :        14.86330 kcal/mol

 Compound: 3  (lacticacid)
 Chemical potential of the compound in the mixture :         3.59693 kcal/mol
 Log10(partial pressure [mbar])                    :        -1.66660
 Free energy of molecule in mix (E_COSMO+dE+Mu)    :   -215745.08322 kcal/mol
 Total mean interaction energy in the mix (H_int)  :        -8.51752 kcal/mol
 Misfit interaction energy in the mix (H_MF)       :         1.78375 kcal/mol
 H-Bond interaction energy in the mix (H_HB)       :        -7.44116 kcal/mol
 VdW interaction energy in the mix (H_vdW)         :       -13.38706 kcal/mol
 Gas liquid transition energy in the mix (H_glt)   :         8.25184 kcal/mol



 Compound: 1 Conformer: 1 (h2o_c0)
 Chemical potential of the molecule in the mixture :         2.88312 kcal/mol
 Log10(partial pressure [mbar])                    :         0.99136
 Free energy of molecule in mix (E_COSMO+dE+Mu)    :    -47990.37016 kcal/mol
 Total mean interaction energy in the mix          :        -5.86089 kcal/mol
 Misfit interaction energy in the mix              :         0.54846 kcal/mol
 H-Bond interaction energy in the mix              :        -4.97496 kcal/mol
 VdW interaction energy in the mix                 :        -4.36644 kcal/mol
 Gas liquid transition energy in the mix (H_glt)   :         2.93205 kcal/mol
 Normalized weight factor of molecule in compound  :         1.00000
 Normalized weight factor of molecule in gas phase :         1.00000

 Compound: 2 Conformer: 1 (4-nonanone_c0)
 Chemical potential of the molecule in the mixture :         6.71366 kcal/mol
 Log10(partial pressure [mbar])                    :         3.85036
 Free energy of molecule in mix (E_COSMO+dE+Mu)    :   -269351.19528 kcal/mol
 Total mean interaction energy in the mix          :        -9.13990 kcal/mol
 Misfit interaction energy in the mix              :         3.21548 kcal/mol
 H-Bond interaction energy in the mix              :        -2.13333 kcal/mol
 VdW interaction energy in the mix                 :       -25.08535 kcal/mol
 Gas liquid transition energy in the mix (H_glt)   :        14.86330 kcal/mol
 Normalized weight factor of molecule in compound  :         0.23138
 Normalized weight factor of molecule in gas phase :         0.18722

 Compound: 2 Conformer: 2 (4-nonanone_c1)
 Chemical potential of the molecule in the mixture :         6.58185 kcal/mol
 Log10(partial pressure [mbar])                    :         3.60853
 Free energy of molecule in mix (E_COSMO+dE+Mu)    :   -269351.15886 kcal/mol
 Total mean interaction energy in the mix          :        -9.32062 kcal/mol
 Misfit interaction energy in the mix              :         3.18079 kcal/mol
 H-Bond interaction energy in the mix              :        -2.41317 kcal/mol
 VdW interaction energy in the mix                 :       -24.95153 kcal/mol
 Gas liquid transition energy in the mix (H_glt)   :        14.86330 kcal/mol
 Normalized weight factor of molecule in compound  :         0.21736
 Normalized weight factor of molecule in gas phase :         0.10078

 Compound: 2 Conformer: 3 (4-nonanone_c2)
 Chemical potential of the molecule in the mixture :         6.95631 kcal/mol
 Log10(partial pressure [mbar])                    :         4.27836
 Free energy of molecule in mix (E_COSMO+dE+Mu)    :   -269350.97836 kcal/mol
 Total mean interaction energy in the mix          :        -8.85886 kcal/mol
 Misfit interaction energy in the mix              :         3.10355 kcal/mol
 H-Bond interaction energy in the mix              :        -2.03922 kcal/mol
 VdW interaction energy in the mix                 :       -24.78649 kcal/mol
 Gas liquid transition energy in the mix (H_glt)   :        14.86330 kcal/mol
 Normalized weight factor of molecule in compound  :         0.15945
 Normalized weight factor of molecule in gas phase :         0.33973

 Compound: 2 Conformer: 4 (4-nonanone_c3)
 Chemical potential of the molecule in the mixture :         6.89313 kcal/mol
 Log10(partial pressure [mbar])                    :         4.21097
 Free energy of molecule in mix (E_COSMO+dE+Mu)    :   -269350.96558 kcal/mol
 Total mean interaction energy in the mix          :        -8.88019 kcal/mol
 Misfit interaction energy in the mix              :         3.15033 kcal/mol
 H-Bond interaction energy in the mix              :        -2.06233 kcal/mol
 VdW interaction energy in the mix                 :       -24.83149 kcal/mol
 Gas liquid transition energy in the mix (H_glt)   :        14.86330 kcal/mol
 Normalized weight factor of molecule in compound  :         0.15599
 Normalized weight factor of molecule in gas phase :         0.28577

 Compound: 2 Conformer: 5 (4-nonanone_c4)
 Chemical potential of the molecule in the mixture :         6.45798 kcal/mol
 Log10(partial pressure [mbar])                    :         3.50675
 Free energy of molecule in mix (E_COSMO+dE+Mu)    :   -269351.20638 kcal/mol
 Total mean interaction energy in the mix          :        -9.40990 kcal/mol
 Misfit interaction energy in the mix              :         3.17308 kcal/mol
 H-Bond interaction energy in the mix              :        -2.47954 kcal/mol
 VdW interaction energy in the mix                 :       -24.96674 kcal/mol
 Gas liquid transition energy in the mix (H_glt)   :        14.86330 kcal/mol
 Normalized weight factor of molecule in compound  :         0.23583
 Normalized weight factor of molecule in gas phase :         0.08650

 Compound: 3 Conformer: 1 (lacticacid_c0)
 Chemical potential of the molecule in the mixture :         5.53402 kcal/mol
 Log10(partial pressure [mbar])                    :        -1.46312
 Free energy of molecule in mix (E_COSMO+dE+Mu)    :   -215743.14612 kcal/mol
 Total mean interaction energy in the mix          :        -7.84912 kcal/mol
 Misfit interaction energy in the mix              :         1.82036 kcal/mol
 H-Bond interaction energy in the mix              :        -4.58471 kcal/mol
 VdW interaction energy in the mix                 :       -13.33660 kcal/mol
 Gas liquid transition energy in the mix (H_glt)   :         8.25184 kcal/mol
 Normalized weight factor of molecule in compound  :         0.03597
 Normalized weight factor of molecule in gas phase :         0.00476

 Compound: 3 Conformer: 2 (lacticacid_c1)
 Chemical potential of the molecule in the mixture :         5.68959 kcal/mol
 Log10(partial pressure [mbar])                    :        -0.93012
 Free energy of molecule in mix (E_COSMO+dE+Mu)    :   -215742.80906 kcal/mol
 Total mean interaction energy in the mix          :        -7.38296 kcal/mol
 Misfit interaction energy in the mix              :         1.94248 kcal/mol
 H-Bond interaction energy in the mix              :        -4.26217 kcal/mol
 VdW interaction energy in the mix                 :       -13.31512 kcal/mol
 Gas liquid transition energy in the mix (H_glt)   :         8.25184 kcal/mol
 Normalized weight factor of molecule in compound  :         0.02017
 Normalized weight factor of molecule in gas phase :         0.00936

 Compound: 3 Conformer: 3 (lacticacid_c2)
 Chemical potential of the molecule in the mixture :         3.83690 kcal/mol
 Log10(partial pressure [mbar])                    :        -0.20064
 Free energy of molecule in mix (E_COSMO+dE+Mu)    :   -215743.76956 kcal/mol
 Total mean interaction energy in the mix          :        -8.50442 kcal/mol
 Misfit interaction energy in the mix              :         1.86304 kcal/mol
 H-Bond interaction energy in the mix              :        -5.21803 kcal/mol
 VdW interaction energy in the mix                 :       -13.40127 kcal/mol
 Gas liquid transition energy in the mix (H_glt)   :         8.25184 kcal/mol
 Normalized weight factor of molecule in compound  :         0.10487
 Normalized weight factor of molecule in gas phase :         0.94961

 Compound: 3 Conformer: 4 (lacticacid_c3)
 Chemical potential of the molecule in the mixture :         2.03120 kcal/mol
 Log10(partial pressure [mbar])                    :        -2.65417
 Free energy of molecule in mix (E_COSMO+dE+Mu)    :   -215744.15423 kcal/mol
 Total mean interaction energy in the mix          :       -10.72912 kcal/mol
 Misfit interaction energy in the mix              :         1.78640 kcal/mol
 H-Bond interaction energy in the mix              :        -7.39363 kcal/mol
 VdW interaction energy in the mix                 :       -13.37373 kcal/mol
 Gas liquid transition energy in the mix (H_glt)   :         8.25184 kcal/mol
 Normalized weight factor of molecule in compound  :         0.20297
 Normalized weight factor of molecule in gas phase :         0.02089

 Compound: 3 Conformer: 5 (lacticacid_c4)
 Chemical potential of the molecule in the mixture :         1.45917 kcal/mol
 Log10(partial pressure [mbar])                    :        -4.74785
 Free energy of molecule in mix (E_COSMO+dE+Mu)    :   -215744.63966 kcal/mol
 Total mean interaction energy in the mix          :       -11.70170 kcal/mol
 Misfit interaction energy in the mix              :         1.76389 kcal/mol
 H-Bond interaction energy in the mix              :        -8.32381 kcal/mol
 VdW interaction energy in the mix                 :       -13.39362 kcal/mol
 Gas liquid transition energy in the mix (H_glt)   :         8.25184 kcal/mol
 Normalized weight factor of molecule in compound  :         0.46701
 Normalized weight factor of molecule in gas phase :         0.00039

 Compound: 3 Conformer: 6 (lacticacid_c5)
 Chemical potential of the molecule in the mixture :         1.98788 kcal/mol
 Log10(partial pressure [mbar])                    :        -2.71814
 Free energy of molecule in mix (E_COSMO+dE+Mu)    :   -215744.04758 kcal/mol
 Total mean interaction energy in the mix          :       -10.80999 kcal/mol
 Misfit interaction energy in the mix              :         1.75954 kcal/mol
 H-Bond interaction energy in the mix              :        -7.42593 kcal/mol
 VdW interaction energy in the mix                 :       -13.39544 kcal/mol
 Gas liquid transition energy in the mix (H_glt)   :         8.25184 kcal/mol
 Normalized weight factor of molecule in compound  :         0.16902
 Normalized weight factor of molecule in gas phase :         0.01500




 Results for mixture 22 - LIQ_EX Phase 2 Iteration   10
 ----------------------
 Temperature          :    293.150 K
 Compound Nr.         :         1         2         3
 Compound             :       h2o 4-nonanon lacticaci
 Mole Fraction        :    0.0344    0.9642    0.0014

 Compound: 1  (h2o)
 Chemical potential of the compound in the mixture :         4.84460 kcal/mol
 Log10(partial pressure [mbar])                    :         2.45366
 Free energy of molecule in mix (E_COSMO+dE+Mu)    :    -47988.40868 kcal/mol
 Total mean interaction energy in the mix (H_int)  :        -2.72256 kcal/mol
 Misfit interaction energy in the mix (H_MF)       :         1.59046 kcal/mol
 H-Bond interaction energy in the mix (H_HB)       :        -2.61830 kcal/mol
 VdW interaction energy in the mix (H_vdW)         :        -4.62677 kcal/mol
 Gas liquid transition energy in the mix (H_glt)   :         2.93205 kcal/mol
 Equilibrium constant Kx(1,2)                      :        28.99330
 Equilibrium concentration x_k(1,2)                :         0.96666

 Compound: 2  (4-nonanone)
 Chemical potential of the compound in the mixture :         0.26773 kcal/mol
 Log10(partial pressure [mbar])                    :        -0.24666
 Free energy of molecule in mix (E_COSMO+dE+Mu)    :   -269357.66694 kcal/mol
 Total mean interaction energy in the mix (H_int)  :        -7.42811 kcal/mol
 Misfit interaction energy in the mix (H_MF)       :         3.56899 kcal/mol
 H-Bond interaction energy in the mix (H_HB)       :        -0.08204 kcal/mol
 VdW interaction energy in the mix (H_vdW)         :       -25.86097 kcal/mol
 Gas liquid transition energy in the mix (H_glt)   :        14.86330 kcal/mol
 Equilibrium constant Kx(1,2)                      :  6.47145659E-05
 Equilibrium concentration x_k(1,2)                :         0.00006

 Compound: 3  (lacticacid)
 Chemical potential of the compound in the mixture :         4.00102 kcal/mol
 Log10(partial pressure [mbar])                    :        -1.36534
 Free energy of molecule in mix (E_COSMO+dE+Mu)    :   -215744.67912 kcal/mol
 Total mean interaction energy in the mix (H_int)  :        -4.53051 kcal/mol
 Misfit interaction energy in the mix (H_MF)       :         2.47695 kcal/mol
 H-Bond interaction energy in the mix (H_HB)       :        -2.40405 kcal/mol
 VdW interaction energy in the mix (H_vdW)         :       -14.11722 kcal/mol
 Gas liquid transition energy in the mix (H_glt)   :         8.25184 kcal/mol
 Equilibrium constant Kx(1,2)                      :         2.00105
 Equilibrium concentration x_k(1,2)                :         0.66678



 Compound: 1 Conformer: 1 (h2o_c0)
 Chemical potential of the molecule in the mixture :         4.84460 kcal/mol
 Log10(partial pressure [mbar])                    :         2.45366
 Free energy of molecule in mix (E_COSMO+dE+Mu)    :    -47988.40868 kcal/mol
 Total mean interaction energy in the mix          :        -2.72256 kcal/mol
 Misfit interaction energy in the mix              :         1.59046 kcal/mol
 H-Bond interaction energy in the mix              :        -2.61830 kcal/mol
 VdW interaction energy in the mix                 :        -4.62677 kcal/mol
 Gas liquid transition energy in the mix (H_glt)   :         2.93205 kcal/mol
 Normalized weight factor of molecule in compound  :         1.00000
 Normalized weight factor of molecule in gas phase :         1.00000

 Compound: 2 Conformer: 1 (4-nonanone_c0)
 Chemical potential of the molecule in the mixture :         0.95970 kcal/mol
 Log10(partial pressure [mbar])                    :        -0.43925
 Free energy of molecule in mix (E_COSMO+dE+Mu)    :   -269356.94923 kcal/mol
 Total mean interaction energy in the mix          :        -7.63074 kcal/mol
 Misfit interaction energy in the mix              :         3.59804 kcal/mol
 H-Bond interaction energy in the mix              :        -0.06490 kcal/mol
 VdW interaction energy in the mix                 :       -26.02718 kcal/mol
 Gas liquid transition energy in the mix (H_glt)   :        14.86330 kcal/mol
 Normalized weight factor of molecule in compound  :         0.29171
 Normalized weight factor of molecule in gas phase :         0.18722

 Compound: 2 Conformer: 2 (4-nonanone_c1)
 Chemical potential of the molecule in the mixture :         1.25864 kcal/mol
 Log10(partial pressure [mbar])                    :        -0.35997
 Free energy of molecule in mix (E_COSMO+dE+Mu)    :   -269356.48207 kcal/mol
 Total mean interaction energy in the mix          :        -7.46671 kcal/mol
 Misfit interaction energy in the mix              :         3.69102 kcal/mol
 H-Bond interaction energy in the mix              :        -0.12765 kcal/mol
 VdW interaction energy in the mix                 :       -25.89338 kcal/mol
 Gas liquid transition energy in the mix (H_glt)   :        14.86330 kcal/mol
 Normalized weight factor of molecule in compound  :         0.13082
 Normalized weight factor of molecule in gas phase :         0.10078

 Compound: 2 Conformer: 3 (4-nonanone_c2)
 Chemical potential of the molecule in the mixture :         1.12016 kcal/mol
 Log10(partial pressure [mbar])                    :        -0.07254
 Free energy of molecule in mix (E_COSMO+dE+Mu)    :   -269356.81451 kcal/mol
 Total mean interaction energy in the mix          :        -7.43335 kcal/mol
 Misfit interaction energy in the mix              :         3.47637 kcal/mol
 H-Bond interaction energy in the mix              :        -0.06481 kcal/mol
 VdW interaction energy in the mix                 :       -25.70820 kcal/mol
 Gas liquid transition energy in the mix (H_glt)   :        14.86330 kcal/mol
 Normalized weight factor of molecule in compound  :         0.23148
 Normalized weight factor of molecule in gas phase :         0.33973

 Compound: 2 Conformer: 4 (4-nonanone_c3)
 Chemical potential of the molecule in the mixture :         1.05982 kcal/mol
 Log10(partial pressure [mbar])                    :        -0.13781
 Free energy of molecule in mix (E_COSMO+dE+Mu)    :   -269356.79889 kcal/mol
 Total mean interaction energy in the mix          :        -7.46002 kcal/mol
 Misfit interaction energy in the mix              :         3.49368 kcal/mol
 H-Bond interaction energy in the mix              :        -0.06000 kcal/mol
 VdW interaction energy in the mix                 :       -25.75700 kcal/mol
 Gas liquid transition energy in the mix (H_glt)   :        14.86330 kcal/mol
 Normalized weight factor of molecule in compound  :         0.22535
 Normalized weight factor of molecule in gas phase :         0.28577

 Compound: 2 Conformer: 5 (4-nonanone_c4)
 Chemical potential of the molecule in the mixture :         1.22946 kcal/mol
 Log10(partial pressure [mbar])                    :        -0.39115
 Free energy of molecule in mix (E_COSMO+dE+Mu)    :   -269356.43490 kcal/mol
 Total mean interaction energy in the mix          :        -7.51141 kcal/mol
 Misfit interaction energy in the mix              :         3.68484 kcal/mol
 H-Bond interaction energy in the mix              :        -0.14825 kcal/mol
 VdW interaction energy in the mix                 :       -25.91130 kcal/mol
 Gas liquid transition energy in the mix (H_glt)   :        14.86330 kcal/mol
 Normalized weight factor of molecule in compound  :         0.12064
 Normalized weight factor of molecule in gas phase :         0.08650

 Compound: 3 Conformer: 1 (lacticacid_c0)
 Chemical potential of the molecule in the mixture :         5.57094 kcal/mol
 Log10(partial pressure [mbar])                    :        -1.43560
 Free energy of molecule in mix (E_COSMO+dE+Mu)    :   -215743.10920 kcal/mol
 Total mean interaction energy in the mix          :        -4.61915 kcal/mol
 Misfit interaction energy in the mix              :         3.11849 kcal/mol
 H-Bond interaction energy in the mix              :        -1.91079 kcal/mol
 VdW interaction energy in the mix                 :       -14.07868 kcal/mol
 Gas liquid transition energy in the mix (H_glt)   :         8.25184 kcal/mol
 Normalized weight factor of molecule in compound  :         0.06755
 Normalized weight factor of molecule in gas phase :         0.00476

 Compound: 3 Conformer: 2 (lacticacid_c1)
 Chemical potential of the molecule in the mixture :         5.97184 kcal/mol
 Log10(partial pressure [mbar])                    :        -0.71970
 Free energy of molecule in mix (E_COSMO+dE+Mu)    :   -215742.52681 kcal/mol
 Total mean interaction energy in the mix          :        -4.35392 kcal/mol
 Misfit interaction energy in the mix              :         3.06647 kcal/mol
 H-Bond interaction energy in the mix              :        -1.62277 kcal/mol
 VdW interaction energy in the mix                 :       -14.04946 kcal/mol
 Gas liquid transition energy in the mix (H_glt)   :         8.25184 kcal/mol
 Normalized weight factor of molecule in compound  :         0.02486
 Normalized weight factor of molecule in gas phase :         0.00936

 Compound: 3 Conformer: 3 (lacticacid_c2)
 Chemical potential of the molecule in the mixture :         3.12049 kcal/mol
 Log10(partial pressure [mbar])                    :        -0.73473
 Free energy of molecule in mix (E_COSMO+dE+Mu)    :   -215744.48597 kcal/mol
 Total mean interaction energy in the mix          :        -5.78406 kcal/mol
 Misfit interaction energy in the mix              :         2.32192 kcal/mol
 H-Bond interaction energy in the mix              :        -2.23542 kcal/mol
 VdW interaction energy in the mix                 :       -14.12241 kcal/mol
 Gas liquid transition energy in the mix (H_glt)   :         8.25184 kcal/mol
 Normalized weight factor of molecule in compound  :         0.71781
 Normalized weight factor of molecule in gas phase :         0.94961

 Compound: 3 Conformer: 4 (lacticacid_c3)
 Chemical potential of the molecule in the mixture :         2.91612 kcal/mol
 Log10(partial pressure [mbar])                    :        -1.99446
 Free energy of molecule in mix (E_COSMO+dE+Mu)    :   -215743.26931 kcal/mol
 Total mean interaction energy in the mix          :        -6.44771 kcal/mol
 Misfit interaction energy in the mix              :         2.66698 kcal/mol
 H-Bond interaction energy in the mix              :        -3.26276 kcal/mol
 VdW interaction energy in the mix                 :       -14.10377 kcal/mol
 Gas liquid transition energy in the mix (H_glt)   :         8.25184 kcal/mol
 Normalized weight factor of molecule in compound  :         0.08892
 Normalized weight factor of molecule in gas phase :         0.02089

 Compound: 3 Conformer: 5 (lacticacid_c4)
 Chemical potential of the molecule in the mixture :         3.48401 kcal/mol
 Log10(partial pressure [mbar])                    :        -3.23831
 Free energy of molecule in mix (E_COSMO+dE+Mu)    :   -215742.61482 kcal/mol
 Total mean interaction energy in the mix          :        -6.22842 kcal/mol
 Misfit interaction energy in the mix              :         3.28777 kcal/mol
 H-Bond interaction energy in the mix              :        -3.62035 kcal/mol
 VdW interaction energy in the mix                 :       -14.14768 kcal/mol
 Gas liquid transition energy in the mix (H_glt)   :         8.25184 kcal/mol
 Normalized weight factor of molecule in compound  :         0.02891
 Normalized weight factor of molecule in gas phase :         0.00039

 Compound: 3 Conformer: 6 (lacticacid_c5)
 Chemical potential of the molecule in the mixture :         2.88938 kcal/mol
 Log10(partial pressure [mbar])                    :        -2.04606
 Free energy of molecule in mix (E_COSMO+dE+Mu)    :   -215743.14608 kcal/mol
 Total mean interaction energy in the mix          :        -6.48987 kcal/mol
 Misfit interaction energy in the mix              :         2.65696 kcal/mol
 H-Bond interaction energy in the mix              :        -3.26922 kcal/mol
 VdW interaction energy in the mix                 :       -14.12944 kcal/mol
 Gas liquid transition energy in the mix (H_glt)   :         8.25184 kcal/mol
 Normalized weight factor of molecule in compound  :         0.07196
 Normalized weight factor of molecule in gas phase :         0.01500


 Iterative computation of Multi-Component-2-Phase-Equilibrium (LIQ_EX) converged !


----------------
 END job       1
----------------
