 -----------------------------------------
 COSMOtherm Version 19.0.0 (Revision 5259)
 -----------------------------------------
 written by Frank Eckert, Andreas Klamt, Larissa Koch, Selman Terzi
 Copyright (C) 1999-2018, COSMOlogic GmbH & Co. KG

 Job name   : !! Multi-Component-2-Phase-Equilibrium calculation                        
 Job date   : 04/14/2025
 Job time   : 15:58:27
 Hostname   : unknown
 OS type    : Windows_NT
 Executable : Windows 64-bit

 Reading COSMOtherm parameter file BP_TZVPD_FINE_19.ctd from directory C:/Program Files/COSMOlogic/COSMOthermX19/COSMOtherm/CTDATA-FILES/
 Info: # COSMOtherm parameter file ./BP_TZVPD_FINE_19.ctd for BP-TZVPD-FINE (BP-TZVP optimized) COSMO files                                                  

 Reading COSMOtherm license key license.txt from directory C:/Program Files/COSMOlogic/COSMOthermX19/licensefiles/

 COSMOtherm license key expiration date 12/03/2025
 COSMOtherm license key version 24
 Customer : 200000000035108
 ID       : LKO2613120

 License keys:
  product                   |    licensed version    | status
 ------------------------------------------------------------------------------ 
  COSMOtherm                |          24            | active
  TURBOMOLE                 |          21            | active
  COSMOquick                |          24            | active
  COSMOconf                 |          24            | active
  COSMOmic                  |          24            | active
  COSMObase                 |          24            | active
  COSMOperm                 |          24            | active
  COSMOplex                 |          24            | active
 ------------------------------------------------------------------------------ 
 
 Reading vapor pressure and property information for compound 1 from file V:\groups\COSMOTHERM-Datenbank\COSMObase-1901\BP-TZVPD-FINE/h/h2o.vap
 Reading COSMO information for compound 1 conformer 1 from file V:\groups\COSMOTHERM-Datenbank\COSMObase-1901\BP-TZVPD-FINE/h/h2o_c0.cosmo
 
 Reading vapor pressure and property information for compound 2 from file V:\groups\COSMOTHERM-Datenbank\COSMObase-1901\BP-TZVPD-FINE/1/1-octanol.vap
 Reading COSMO information for compound 2 conformer 1 from file V:\groups\COSMOTHERM-Datenbank\COSMObase-1901\BP-TZVPD-FINE/1/1-octanol_c0.cosmo
 Reading COSMO information for compound 2 conformer 2 from file V:\groups\COSMOTHERM-Datenbank\COSMObase-1901\BP-TZVPD-FINE/1/1-octanol_c1.cosmo
 Reading COSMO information for compound 2 conformer 3 from file V:\groups\COSMOTHERM-Datenbank\COSMObase-1901\BP-TZVPD-FINE/1/1-octanol_c2.cosmo
 Reading COSMO information for compound 2 conformer 4 from file V:\groups\COSMOTHERM-Datenbank\COSMObase-1901\BP-TZVPD-FINE/1/1-octanol_c3.cosmo
 Reading COSMO information for compound 2 conformer 5 from file V:\groups\COSMOTHERM-Datenbank\COSMObase-1901\BP-TZVPD-FINE/1/1-octanol_c4.cosmo
 
 Reading vapor pressure and property information for compound 3 from file V:\groups\COSMOTHERM-Datenbank\COSMObase-1901\BP-TZVPD-FINE/l/lacticacid.vap
 Reading COSMO information for compound 3 conformer 1 from file V:\groups\COSMOTHERM-Datenbank\COSMObase-1901\BP-TZVPD-FINE/l/lacticacid_c0.cosmo
 Reading COSMO information for compound 3 conformer 2 from file V:\groups\COSMOTHERM-Datenbank\COSMObase-1901\BP-TZVPD-FINE/l/lacticacid_c1.cosmo
 Reading COSMO information for compound 3 conformer 3 from file V:\groups\COSMOTHERM-Datenbank\COSMObase-1901\BP-TZVPD-FINE/l/lacticacid_c2.cosmo
 Reading COSMO information for compound 3 conformer 4 from file V:\groups\COSMOTHERM-Datenbank\COSMObase-1901\BP-TZVPD-FINE/l/lacticacid_c3.cosmo
 Reading COSMO information for compound 3 conformer 5 from file V:\groups\COSMOTHERM-Datenbank\COSMObase-1901\BP-TZVPD-FINE/l/lacticacid_c4.cosmo
 Reading COSMO information for compound 3 conformer 6 from file V:\groups\COSMOTHERM-Datenbank\COSMObase-1901\BP-TZVPD-FINE/l/lacticacid_c5.cosmo


 --- Compound 1 (h2o) ---

 Experimental data for compound 1 (h2o) :
 CAS registry number for compound 1 (CAS-RN = 7732-18-5)
 Antoine equation coefficients ([mbar]/[K]) for compound 1:        18.8198      3956.2903       -40.6247
 Wagner equation coefficients ([mbar]/[K]) for compound 1:    220600.0000       647.1400        -7.7645         1.4584        -2.7758        -1.2330
 Vapor Pressure [mbar] / Temperature [°C] input for compound 1:
               10.0000            7.0000
              100.0000           45.8000
             1000.0000           99.6000
 Minimum temperature for vapor pressure estimation of compound 1 (TPVMIN = 275.00000 K)
 Maximum temperature for vapor pressure estimation of compound 1 (TPVMAX = 647.00000 K)
 UNIQUAC volume parameter for compound 1 (UNIQUAC_RI = 0.92000)
 UNIQUAC surface parameter for compound 1 (UNIQUAC_QI = 1.40000)
 Boiling temperature of compound 1 (TBOIL = 373.15000 K)
 Melting temperature of compound 1 (TMELT = 273.15000 K)
 Experimental dielectric constant for compound 1 (EPSILON = 78.20000)
 Critical temperature of compound 1 (TCRIT = 647.09600 K)
 Critical pressure of compound 1 (PCRIT = 220640.00000 mbar)
 Critical density of compound 1 (DCRIT = 0.32239 g/ml)
 DIPPR 116 density parameters for compound 1 (EXPDENSDIPPR116 = {0.92619 -1.15605 3.01718 -2.12561 273.16000 647.09500})

 Compound Information for compound 1 conformer 1 (COSMO file V:\groups\COSMOTHERM-Datenbank\COSMObase-1901\BP-TZVPD-FINE/h/h2o_c0.cosmo)
 Atomic weights         : 111
 E_COSMO+dE             :     -47993.2533 kcal/mol
 E_gas                  :     -47987.6758 kcal/mol
 E_COSMO-E_gas+dE       :         -5.5774 kcal/mol
 E_diel                 :         -8.0924 kcal/mol
 E_disp_intramolecular  :         -0.2880 kcal/mol
 Averaging corr dE      :          0.4368 kcal/mol
 Area                   :         43.1419 A^2
 Volume                 :         25.8553 A^3
 Molecular Weight       :         18.0153 a.m.u.
 Total COSMO charge     :         -0.0001 a.u.
 Dipole moment (t,x,y,z):          2.2004  0.001108  0.000271 -2.200437 Debye                            
 Sigma moments (1-6)    :          0.0000  6.40E+01  2.982917  1.35E+02  1.50E+01  3.17E+02              
 H-bond moment (accept) :          3.0054
 H-bond moment (donor)  :          2.9616
 
 No gas phase energy file for compound 1 conformer 1 found, using single point gas phase energy from cosmo file


 --- Compound 2 (1-octanol) ---

 Experimental data for compound 2 (1-octanol) :
 CAS registry number for compound 2 (CAS-RN = 111-87-5)
 Antoine equation coefficients ([mbar]/[K]) for compound 2:        15.6641      2814.9438      -146.4739
 Wagner equation coefficients ([mbar]/[K]) for compound 2:     27770.0000       652.5000        -9.7176         4.2251       -12.9222        -3.5925
 Vapor Pressure [mbar] / Temperature [°C] input for compound 2:
                0.1000           30.0000
               10.0000           84.0000
             1000.0000          194.8000
 Minimum temperature for vapor pressure estimation of compound 2 (TPVMIN = 325.00000 K)
 Maximum temperature for vapor pressure estimation of compound 2 (TPVMAX = 652.00000 K)
 UNIQUAC volume parameter for compound 2 (UNIQUAC_RI = 6.15190)
 UNIQUAC surface parameter for compound 2 (UNIQUAC_QI = 5.21200)
 Melting temperature of compound 2 (TMELT = 257.65000 K)
 Experimental dielectric constant for compound 2 (EPSILON = 9.90000)

 Compound Information for compound 2 conformer 1 (COSMO file V:\groups\COSMOTHERM-Datenbank\COSMObase-1901\BP-TZVPD-FINE/1/1-octanol_c0.cosmo)
 Atomic weights         : 111111111111111111111111111
 E_COSMO+dE             :    -245428.9154 kcal/mol
 E_gas                  :    -245423.7350 kcal/mol
 E_COSMO-E_gas+dE       :         -5.1805 kcal/mol
 E_diel                 :         -6.6061 kcal/mol
 E_disp_intramolecular  :        -19.6831 kcal/mol
 Averaging corr dE      :          0.4492 kcal/mol
 Area                   :        209.7852 A^2
 Volume                 :        201.7164 A^3
 Molecular Weight       :        130.2287 a.m.u.
 Total COSMO charge     :         -0.0006 a.u.
 Dipole moment (t,x,y,z):          2.2778 -1.737593  0.011600 -1.472758 Debye                            
 Sigma moments (1-6)    :          0.0000  5.15E+01  1.90E+01  8.77E+01  5.09E+01  2.05E+02              
 H-bond moment (accept) :          2.8027
 H-bond moment (donor)  :          1.3385
 
 No gas phase energy file for compound 2 conformer 1 found, using single point gas phase energy from cosmo file

 Compound Information for compound 2 conformer 2 (COSMO file V:\groups\COSMOTHERM-Datenbank\COSMObase-1901\BP-TZVPD-FINE/1/1-octanol_c1.cosmo)
 Atomic weights         : 111111111111111111111111111
 E_COSMO+dE             :    -245428.7272 kcal/mol
 E_gas                  :    -245423.5806 kcal/mol
 E_COSMO-E_gas+dE       :         -5.1466 kcal/mol
 E_diel                 :         -6.6010 kcal/mol
 E_disp_intramolecular  :        -19.6033 kcal/mol
 Averaging corr dE      :          0.4593 kcal/mol
 Area                   :        209.8989 A^2
 Volume                 :        201.5238 A^3
 Molecular Weight       :        130.2287 a.m.u.
 Total COSMO charge     :         -0.0007 a.u.
 Dipole moment (t,x,y,z):          2.1166 -0.147810  1.915579 -0.887994 Debye                            
 Sigma moments (1-6)    :          0.0000  5.19E+01  1.85E+01  9.20E+01  5.15E+01  2.21E+02              
 H-bond moment (accept) :          2.6870
 H-bond moment (donor)  :          1.4803
 
 No gas phase energy file for compound 2 conformer 2 found, using single point gas phase energy from cosmo file

 Compound Information for compound 2 conformer 3 (COSMO file V:\groups\COSMOTHERM-Datenbank\COSMObase-1901\BP-TZVPD-FINE/1/1-octanol_c2.cosmo)
 Atomic weights         : 111111111111111111111111111
 E_COSMO+dE             :    -245428.7783 kcal/mol
 E_gas                  :    -245423.8671 kcal/mol
 E_COSMO-E_gas+dE       :         -4.9112 kcal/mol
 E_diel                 :         -6.2663 kcal/mol
 E_disp_intramolecular  :        -19.9061 kcal/mol
 Averaging corr dE      :          0.4466 kcal/mol
 Area                   :        208.3516 A^2
 Volume                 :        201.5312 A^3
 Molecular Weight       :        130.2287 a.m.u.
 Total COSMO charge     :         -0.0003 a.u.
 Dipole moment (t,x,y,z):          2.2727 -1.819309 -1.330348  0.292439 Debye                            
 Sigma moments (1-6)    :          0.0000  4.91E+01  2.11E+01  8.16E+01  5.58E+01  1.90E+02              
 H-bond moment (accept) :          2.7093
 H-bond moment (donor)  :          1.1041
 
 No gas phase energy file for compound 2 conformer 3 found, using single point gas phase energy from cosmo file

 Compound Information for compound 2 conformer 4 (COSMO file V:\groups\COSMOTHERM-Datenbank\COSMObase-1901\BP-TZVPD-FINE/1/1-octanol_c3.cosmo)
 Atomic weights         : 111111111111111111111111111
 E_COSMO+dE             :    -245428.6917 kcal/mol
 E_gas                  :    -245423.7239 kcal/mol
 E_COSMO-E_gas+dE       :         -4.9678 kcal/mol
 E_diel                 :         -6.4056 kcal/mol
 E_disp_intramolecular  :        -19.8233 kcal/mol
 Averaging corr dE      :          0.4452 kcal/mol
 Area                   :        208.9880 A^2
 Volume                 :        201.8468 A^3
 Molecular Weight       :        130.2287 a.m.u.
 Total COSMO charge     :         -0.0001 a.u.
 Dipole moment (t,x,y,z):          2.1450 -0.226970 -1.403424  1.606226 Debye                            
 Sigma moments (1-6)    :          0.0000  4.93E+01  1.69E+01  8.22E+01  4.53E+01  1.90E+02              
 H-bond moment (accept) :          2.5915
 H-bond moment (donor)  :          1.2974
 
 No gas phase energy file for compound 2 conformer 4 found, using single point gas phase energy from cosmo file

 Compound Information for compound 2 conformer 5 (COSMO file V:\groups\COSMOTHERM-Datenbank\COSMObase-1901\BP-TZVPD-FINE/1/1-octanol_c4.cosmo)
 Atomic weights         : 111111111111111111111111111
 E_COSMO+dE             :    -245428.4474 kcal/mol
 E_gas                  :    -245423.6507 kcal/mol
 E_COSMO-E_gas+dE       :         -4.7967 kcal/mol
 E_diel                 :         -6.1979 kcal/mol
 E_disp_intramolecular  :        -19.7156 kcal/mol
 Averaging corr dE      :          0.4745 kcal/mol
 Area                   :        209.0724 A^2
 Volume                 :        201.5208 A^3
 Molecular Weight       :        130.2287 a.m.u.
 Total COSMO charge     :         -0.0002 a.u.
 Dipole moment (t,x,y,z):          2.0212 -0.120130 -1.937113 -0.564376 Debye                            
 Sigma moments (1-6)    :          0.0000  4.92E+01  1.49E+01  8.40E+01  4.04E+01  1.98E+02              
 H-bond moment (accept) :          2.4384
 H-bond moment (donor)  :          1.4303
 
 No gas phase energy file for compound 2 conformer 5 found, using single point gas phase energy from cosmo file


 --- Compound 3 (lacticacid) ---

 Compound Information for compound 3 conformer 1 (COSMO file V:\groups\COSMOTHERM-Datenbank\COSMObase-1901\BP-TZVPD-FINE/l/lacticacid_c0.cosmo)
 Atomic weights         : 111111111111
 E_COSMO+dE             :    -215748.6801 kcal/mol
 E_gas                  :    -215737.1594 kcal/mol
 E_COSMO-E_gas+dE       :        -11.5207 kcal/mol
 E_diel                 :        -14.9233 kcal/mol
 E_disp_intramolecular  :         -7.9216 kcal/mol
 Averaging corr dE      :          0.6215 kcal/mol
 Area                   :        120.1634 A^2
 Volume                 :        106.5048 A^3
 Molecular Weight       :         90.0783 a.m.u.
 Total COSMO charge     :          0.0003 a.u.
 Dipole moment (t,x,y,z):          5.6342 -4.962581 -1.954290  1.815876 Debye                            
 Sigma moments (1-6)    :          0.0000  9.26E+01 -4.184013  1.56E+02 -5.10E+01  3.43E+02              
 H-bond moment (accept) :          2.0855
 H-bond moment (donor)  :          2.8372
 
 No gas phase energy file for compound 3 conformer 1 found, using single point gas phase energy from cosmo file

 Compound Information for compound 3 conformer 2 (COSMO file V:\groups\COSMOTHERM-Datenbank\COSMObase-1901\BP-TZVPD-FINE/l/lacticacid_c1.cosmo)
 Atomic weights         : 111111111111
 E_COSMO+dE             :    -215748.4986 kcal/mol
 E_gas                  :    -215737.5373 kcal/mol
 E_COSMO-E_gas+dE       :        -10.9613 kcal/mol
 E_diel                 :        -14.1864 kcal/mol
 E_disp_intramolecular  :         -7.9782 kcal/mol
 Averaging corr dE      :          0.6372 kcal/mol
 Area                   :        119.5838 A^2
 Volume                 :        106.3744 A^3
 Molecular Weight       :         90.0783 a.m.u.
 Total COSMO charge     :          0.0003 a.u.
 Dipole moment (t,x,y,z):          5.6432 -4.887041  2.797840  0.367402 Debye                            
 Sigma moments (1-6)    :          0.0000  8.87E+01  1.972080  1.40E+02 -2.98E+01  2.93E+02              
 H-bond moment (accept) :          1.8771
 H-bond moment (donor)  :          2.4847
 
 No gas phase energy file for compound 3 conformer 2 found, using single point gas phase energy from cosmo file

 Compound Information for compound 3 conformer 3 (COSMO file V:\groups\COSMOTHERM-Datenbank\COSMObase-1901\BP-TZVPD-FINE/l/lacticacid_c2.cosmo)
 Atomic weights         : 111111111111
 E_COSMO+dE             :    -215747.6065 kcal/mol
 E_gas                  :    -215739.4763 kcal/mol
 E_COSMO-E_gas+dE       :         -8.1301 kcal/mol
 E_diel                 :        -10.2144 kcal/mol
 E_disp_intramolecular  :         -7.8101 kcal/mol
 Averaging corr dE      :          0.7457 kcal/mol
 Area                   :        120.2417 A^2
 Volume                 :        106.5759 A^3
 Molecular Weight       :         90.0783 a.m.u.
 Total COSMO charge     :          0.0004 a.u.
 Dipole moment (t,x,y,z):          3.4208 -2.782781 -1.975225 -0.237114 Debye                            
 Sigma moments (1-6)    :          0.0000  8.17E+01 -9.493434  1.52E+02 -8.52E+01  4.02E+02              
 H-bond moment (accept) :          2.0796
 H-bond moment (donor)  :          3.5488
 
 No gas phase energy file for compound 3 conformer 3 found, using single point gas phase energy from cosmo file

 Compound Information for compound 3 conformer 4 (COSMO file V:\groups\COSMOTHERM-Datenbank\COSMObase-1901\BP-TZVPD-FINE/l/lacticacid_c3.cosmo)
 Atomic weights         : 111111111111
 E_COSMO+dE             :    -215746.1854 kcal/mol
 E_gas                  :    -215736.5699 kcal/mol
 E_COSMO-E_gas+dE       :         -9.6155 kcal/mol
 E_diel                 :        -12.0403 kcal/mol
 E_disp_intramolecular  :         -7.8263 kcal/mol
 Averaging corr dE      :          0.7985 kcal/mol
 Area                   :        121.2359 A^2
 Volume                 :        107.7258 A^3
 Molecular Weight       :         90.0783 a.m.u.
 Total COSMO charge     :          0.0004 a.u.
 Dipole moment (t,x,y,z):          2.6808  0.687585  1.222652  2.284563 Debye                            
 Sigma moments (1-6)    :          0.0000  9.52E+01 -9.279924  1.79E+02 -8.57E+01  4.42E+02              
 H-bond moment (accept) :          2.4742
 H-bond moment (donor)  :          4.7099
 
 No gas phase energy file for compound 3 conformer 4 found, using single point gas phase energy from cosmo file

 Compound Information for compound 3 conformer 5 (COSMO file V:\groups\COSMOTHERM-Datenbank\COSMObase-1901\BP-TZVPD-FINE/l/lacticacid_c4.cosmo)
 Atomic weights         : 111111111111
 E_COSMO+dE             :    -215746.0988 kcal/mol
 E_gas                  :    -215734.2469 kcal/mol
 E_COSMO-E_gas+dE       :        -11.8519 kcal/mol
 E_diel                 :        -15.4923 kcal/mol
 E_disp_intramolecular  :         -7.7365 kcal/mol
 Averaging corr dE      :          0.7497 kcal/mol
 Area                   :        121.4869 A^2
 Volume                 :        107.5139 A^3
 Molecular Weight       :         90.0783 a.m.u.
 Total COSMO charge     :          0.0001 a.u.
 Dipole moment (t,x,y,z):          4.5492 -2.507745 -3.769835  0.441697 Debye                            
 Sigma moments (1-6)    :          0.0000  1.05E+02 -0.628692  2.13E+02 -4.53E+01  5.50E+02              
 H-bond moment (accept) :          3.9249
 H-bond moment (donor)  :          4.9729
 
 No gas phase energy file for compound 3 conformer 5 found, using single point gas phase energy from cosmo file

 Compound Information for compound 3 conformer 6 (COSMO file V:\groups\COSMOTHERM-Datenbank\COSMObase-1901\BP-TZVPD-FINE/l/lacticacid_c5.cosmo)
 Atomic weights         : 111111111111
 E_COSMO+dE             :    -215746.0355 kcal/mol
 E_gas                  :    -215736.3775 kcal/mol
 E_COSMO-E_gas+dE       :         -9.6580 kcal/mol
 E_diel                 :        -12.1366 kcal/mol
 E_disp_intramolecular  :         -7.7279 kcal/mol
 Averaging corr dE      :          0.8020 kcal/mol
 Area                   :        121.1546 A^2
 Volume                 :        107.2976 A^3
 Molecular Weight       :         90.0783 a.m.u.
 Total COSMO charge     :          0.0004 a.u.
 Dipole moment (t,x,y,z):          1.9935 -1.037490 -1.370029  1.010343 Debye                            
 Sigma moments (1-6)    :          0.0000  9.63E+01 -1.07E+01  1.83E+02 -8.84E+01  4.53E+02              
 H-bond moment (accept) :          2.5251
 H-bond moment (donor)  :          4.6396
 
 No gas phase energy file for compound 3 conformer 6 found, using single point gas phase energy from cosmo file


 Total number of processed compounds:    3
 Total number of processed molecules:   12


----------------
 START job     1
----------------

 ---------------------------------------------------------------------
 Multi-Component-2-Phase-Equilibrium (Liquid Extraction) calculation
 Initial phase 1: X1={0.995949 0 0.004051}
 Initial phase 2: X2={0 1}
 ---------------------------------------------------------------------



 Results for mixture 1 - LIQ_EX Phase 1 Iteration    0
 ---------------------
 Temperature          :    301.765 K
 Compound Nr.         :         1         2         3
 Compound             :       h2o 1-octanol lacticaci
 Mole Fraction        :    0.9959    0.0000    0.0041

 Compound: 1  (h2o)
 Chemical potential of the compound in the mixture :         3.13808 kcal/mol
 Log10(partial pressure [mbar])                    :         1.23335
 Free energy of molecule in mix (E_COSMO+dE+Mu)    :    -47990.11519 kcal/mol
 Total mean interaction energy in the mix (H_int)  :        -5.72745 kcal/mol
 Misfit interaction energy in the mix (H_MF)       :         0.56669 kcal/mol
 H-Bond interaction energy in the mix (H_HB)       :        -4.87004 kcal/mol
 VdW interaction energy in the mix (H_vdW)         :        -4.35615 kcal/mol
 Gas liquid transition energy in the mix (H_glt)   :         2.93205 kcal/mol

 Compound: 2  (1-octanol)
 Chemical potential of the compound in the mixture :         4.64823 kcal/mol
 Log10(partial pressure [mbar])                    :         3.29762
 Free energy of molecule in mix (E_COSMO+dE+Mu)    :   -245424.26720 kcal/mol
 Total mean interaction energy in the mix (H_int)  :       -10.26421 kcal/mol
 Misfit interaction energy in the mix (H_MF)       :         3.30527 kcal/mol
 H-Bond interaction energy in the mix (H_HB)       :        -3.96291 kcal/mol
 VdW interaction energy in the mix (H_vdW)         :       -23.55989 kcal/mol
 Gas liquid transition energy in the mix (H_glt)   :        13.79313 kcal/mol

 Compound: 3  (lacticacid)
 Chemical potential of the compound in the mixture :         3.97500 kcal/mol
 Log10(partial pressure [mbar])                    :        -1.27031
 Free energy of molecule in mix (E_COSMO+dE+Mu)    :   -215744.70514 kcal/mol
 Total mean interaction energy in the mix (H_int)  :        -8.23444 kcal/mol
 Misfit interaction energy in the mix (H_MF)       :         1.87171 kcal/mol
 H-Bond interaction energy in the mix (H_HB)       :        -7.25704 kcal/mol
 VdW interaction energy in the mix (H_vdW)         :       -13.34717 kcal/mol
 Gas liquid transition energy in the mix (H_glt)   :         8.25184 kcal/mol



 Compound: 1 Conformer: 1 (h2o_c0)
 Chemical potential of the molecule in the mixture :         3.13808 kcal/mol
 Log10(partial pressure [mbar])                    :         1.23335
 Free energy of molecule in mix (E_COSMO+dE+Mu)    :    -47990.11519 kcal/mol
 Total mean interaction energy in the mix          :        -5.72745 kcal/mol
 Misfit interaction energy in the mix              :         0.56669 kcal/mol
 H-Bond interaction energy in the mix              :        -4.87004 kcal/mol
 VdW interaction energy in the mix                 :        -4.35615 kcal/mol
 Gas liquid transition energy in the mix (H_glt)   :         2.93205 kcal/mol
 Normalized weight factor of molecule in compound  :         1.00000
 Normalized weight factor of molecule in gas phase :         1.00000

 Compound: 2 Conformer: 1 (1-octanol_c0)
 Chemical potential of the molecule in the mixture :         5.38372 kcal/mol
 Log10(partial pressure [mbar])                    :         3.14721
 Free energy of molecule in mix (E_COSMO+dE+Mu)    :   -245423.53171 kcal/mol
 Total mean interaction energy in the mix          :       -10.45226 kcal/mol
 Misfit interaction energy in the mix              :         3.32278 kcal/mol
 H-Bond interaction energy in the mix              :        -3.97106 kcal/mol
 VdW interaction energy in the mix                 :       -23.59711 kcal/mol
 Gas liquid transition energy in the mix (H_glt)   :        13.79313 kcal/mol
 Normalized weight factor of molecule in compound  :         0.29332
 Normalized weight factor of molecule in gas phase :         0.20746

 Compound: 2 Conformer: 2 (1-octanol_c1)
 Chemical potential of the molecule in the mixture :         5.22149 kcal/mol
 Log10(partial pressure [mbar])                    :         3.05421
 Free energy of molecule in mix (E_COSMO+dE+Mu)    :   -245423.50576 kcal/mol
 Total mean interaction energy in the mix          :       -10.60481 kcal/mol
 Misfit interaction energy in the mix              :         3.36924 kcal/mol
 H-Bond interaction energy in the mix              :        -4.14188 kcal/mol
 VdW interaction energy in the mix                 :       -23.62529 kcal/mol
 Gas liquid transition energy in the mix (H_glt)   :        13.79313 kcal/mol
 Normalized weight factor of molecule in compound  :         0.28089
 Normalized weight factor of molecule in gas phase :         0.16038

 Compound: 2 Conformer: 3 (1-octanol_c2)
 Chemical potential of the molecule in the mixture :         5.53828 kcal/mol
 Log10(partial pressure [mbar])                    :         3.45413
 Free energy of molecule in mix (E_COSMO+dE+Mu)    :   -245423.24007 kcal/mol
 Total mean interaction energy in the mix          :       -10.23013 kcal/mol
 Misfit interaction energy in the mix              :         3.26780 kcal/mol
 H-Bond interaction energy in the mix              :        -3.84437 kcal/mol
 VdW interaction energy in the mix                 :       -23.44668 kcal/mol
 Gas liquid transition energy in the mix (H_glt)   :        13.79313 kcal/mol
 Normalized weight factor of molecule in compound  :         0.18035
 Normalized weight factor of molecule in gas phase :         0.24928

 Compound: 2 Conformer: 4 (1-octanol_c3)
 Chemical potential of the molecule in the mixture :         5.63848 kcal/mol
 Log10(partial pressure [mbar])                    :         3.48569
 Free energy of molecule in mix (E_COSMO+dE+Mu)    :   -245423.05322 kcal/mol
 Total mean interaction energy in the mix          :       -10.25824 kcal/mol
 Misfit interaction energy in the mix              :         3.24217 kcal/mol
 H-Bond interaction energy in the mix              :        -3.79150 kcal/mol
 VdW interaction energy in the mix                 :       -23.50205 kcal/mol
 Gas liquid transition energy in the mix (H_glt)   :        13.79313 kcal/mol
 Normalized weight factor of molecule in compound  :         0.13207
 Normalized weight factor of molecule in gas phase :         0.20365

 Compound: 2 Conformer: 5 (1-octanol_c4)
 Chemical potential of the molecule in the mixture :         5.48581 kcal/mol
 Log10(partial pressure [mbar])                    :         3.49908
 Free energy of molecule in mix (E_COSMO+dE+Mu)    :   -245422.96161 kcal/mol
 Total mean interaction energy in the mix          :       -10.40789 kcal/mol
 Misfit interaction energy in the mix              :         3.23461 kcal/mol
 H-Bond interaction energy in the mix              :        -3.88665 kcal/mol
 VdW interaction energy in the mix                 :       -23.54898 kcal/mol
 Gas liquid transition energy in the mix (H_glt)   :        13.79313 kcal/mol
 Normalized weight factor of molecule in compound  :         0.11336
 Normalized weight factor of molecule in gas phase :         0.17924

 Compound: 3 Conformer: 1 (lacticacid_c0)
 Chemical potential of the molecule in the mixture :         5.91463 kcal/mol
 Log10(partial pressure [mbar])                    :        -1.06006
 Free energy of molecule in mix (E_COSMO+dE+Mu)    :   -215742.76551 kcal/mol
 Total mean interaction energy in the mix          :        -7.63674 kcal/mol
 Misfit interaction energy in the mix              :         1.90769 kcal/mol
 H-Bond interaction energy in the mix              :        -4.49970 kcal/mol
 VdW interaction energy in the mix                 :       -13.29657 kcal/mol
 Gas liquid transition energy in the mix (H_glt)   :         8.25184 kcal/mol
 Normalized weight factor of molecule in compound  :         0.03938
 Normalized weight factor of molecule in gas phase :         0.00530

 Compound: 3 Conformer: 2 (lacticacid_c1)
 Chemical potential of the molecule in the mixture :         6.05530 kcal/mol
 Log10(partial pressure [mbar])                    :        -0.55307
 Free energy of molecule in mix (E_COSMO+dE+Mu)    :   -215742.44334 kcal/mol
 Total mean interaction energy in the mix          :        -7.18320 kcal/mol
 Misfit interaction energy in the mix              :         2.02419 kcal/mol
 H-Bond interaction energy in the mix              :        -4.18483 kcal/mol
 VdW interaction energy in the mix                 :       -13.27440 kcal/mol
 Gas liquid transition energy in the mix (H_glt)   :         8.25184 kcal/mol
 Normalized weight factor of molecule in compound  :         0.02301
 Normalized weight factor of molecule in gas phase :         0.01022

 Compound: 3 Conformer: 3 (lacticacid_c2)
 Chemical potential of the molecule in the mixture :         4.20588 kcal/mol
 Log10(partial pressure [mbar])                    :         0.15795
 Free energy of molecule in mix (E_COSMO+dE+Mu)    :   -215743.40058 kcal/mol
 Total mean interaction energy in the mix          :        -8.29818 kcal/mol
 Misfit interaction energy in the mix              :         1.94970 kcal/mol
 H-Bond interaction energy in the mix              :        -5.13957 kcal/mol
 VdW interaction energy in the mix                 :       -13.36015 kcal/mol
 Gas liquid transition energy in the mix (H_glt)   :         8.25184 kcal/mol
 Normalized weight factor of molecule in compound  :         0.11356
 Normalized weight factor of molecule in gas phase :         0.94275

 Compound: 3 Conformer: 4 (lacticacid_c3)
 Chemical potential of the molecule in the mixture :         2.42483 kcal/mol
 Log10(partial pressure [mbar])                    :        -2.20769
 Free energy of molecule in mix (E_COSMO+dE+Mu)    :   -215743.76060 kcal/mol
 Total mean interaction energy in the mix          :       -10.47296 kcal/mol
 Misfit interaction energy in the mix              :         1.87206 kcal/mol
 H-Bond interaction energy in the mix              :        -7.26261 kcal/mol
 VdW interaction energy in the mix                 :       -13.33424 kcal/mol
 Gas liquid transition energy in the mix (H_glt)   :         8.25184 kcal/mol
 Normalized weight factor of molecule in compound  :         0.20699
 Normalized weight factor of molecule in gas phase :         0.02391

 Compound: 3 Conformer: 5 (lacticacid_c4)
 Chemical potential of the molecule in the mixture :         1.87947 kcal/mol
 Log10(partial pressure [mbar])                    :        -4.22228
 Free energy of molecule in mix (E_COSMO+dE+Mu)    :   -215744.21936 kcal/mol
 Total mean interaction energy in the mix          :       -11.43635 kcal/mol
 Misfit interaction energy in the mix              :         1.85039 kcal/mol
 H-Bond interaction energy in the mix              :        -8.18385 kcal/mol
 VdW interaction energy in the mix                 :       -13.35473 kcal/mol
 Gas liquid transition energy in the mix (H_glt)   :         8.25184 kcal/mol
 Normalized weight factor of molecule in compound  :         0.44482
 Normalized weight factor of molecule in gas phase :         0.00050

 Compound: 3 Conformer: 6 (lacticacid_c5)
 Chemical potential of the molecule in the mixture :         2.38506 kcal/mol
 Log10(partial pressure [mbar])                    :        -2.26725
 Free energy of molecule in mix (E_COSMO+dE+Mu)    :   -215743.65041 kcal/mol
 Total mean interaction energy in the mix          :       -10.55141 kcal/mol
 Misfit interaction energy in the mix              :         1.84636 kcal/mol
 H-Bond interaction energy in the mix              :        -7.29366 kcal/mol
 VdW interaction energy in the mix                 :       -13.35595 kcal/mol
 Gas liquid transition energy in the mix (H_glt)   :         8.25184 kcal/mol
 Normalized weight factor of molecule in compound  :         0.17224
 Normalized weight factor of molecule in gas phase :         0.01733




 Results for mixture 2 - LIQ_EX Phase 2 Iteration    0
 ---------------------
 Temperature          :    301.765 K
 Compound Nr.         :         1         2         3
 Compound             :       h2o 1-octanol lacticaci
 Mole Fraction        :    0.0000    1.0000    0.0000

 Compound: 1  (h2o)
 Chemical potential of the compound in the mixture :         4.48370 kcal/mol
 Log10(partial pressure [mbar])                    :         2.20788
 Free energy of molecule in mix (E_COSMO+dE+Mu)    :    -47988.76957 kcal/mol
 Total mean interaction energy in the mix (H_int)  :        -4.55304 kcal/mol
 Misfit interaction energy in the mix (H_MF)       :         1.30582 kcal/mol
 H-Bond interaction energy in the mix (H_HB)       :        -4.16916 kcal/mol
 VdW interaction energy in the mix (H_vdW)         :        -4.62176 kcal/mol
 Gas liquid transition energy in the mix (H_glt)   :         2.93205 kcal/mol
 Equilibrium constant Kx(1,2)                      :         9.43046
 Equilibrium concentration x_k(1,2)                :         0.90413

 Compound: 2  (1-octanol)
 Chemical potential of the compound in the mixture :        -0.87356 kcal/mol
 Log10(partial pressure [mbar])                    :        -0.70140
 Free energy of molecule in mix (E_COSMO+dE+Mu)    :   -245429.78898 kcal/mol
 Total mean interaction energy in the mix (H_int)  :       -10.95785 kcal/mol
 Misfit interaction energy in the mix (H_MF)       :         2.23545 kcal/mol
 H-Bond interaction energy in the mix (H_HB)       :        -2.69977 kcal/mol
 VdW interaction energy in the mix (H_vdW)         :       -24.46875 kcal/mol
 Gas liquid transition energy in the mix (H_glt)   :        13.79313 kcal/mol
 Equilibrium constant Kx(1,2)                      :  1.00226871E-04
 Equilibrium concentration x_k(1,2)                :         0.00010

 Compound: 3  (lacticacid)
 Chemical potential of the compound in the mixture :         4.28469 kcal/mol
 Log10(partial pressure [mbar])                    :        -1.04603
 Free energy of molecule in mix (E_COSMO+dE+Mu)    :   -215744.39545 kcal/mol
 Total mean interaction energy in the mix (H_int)  :        -5.56926 kcal/mol
 Misfit interaction energy in the mix (H_MF)       :         2.62912 kcal/mol
 H-Bond interaction energy in the mix (H_HB)       :        -3.83542 kcal/mol
 VdW interaction energy in the mix (H_vdW)         :       -14.11660 kcal/mol
 Gas liquid transition energy in the mix (H_glt)   :         8.25184 kcal/mol
 Equilibrium constant Kx(1,2)                      :         1.67604
 Equilibrium concentration x_k(1,2)                :         0.62631



 Compound: 1 Conformer: 1 (h2o_c0)
 Chemical potential of the molecule in the mixture :         4.48370 kcal/mol
 Log10(partial pressure [mbar])                    :         2.20788
 Free energy of molecule in mix (E_COSMO+dE+Mu)    :    -47988.76957 kcal/mol
 Total mean interaction energy in the mix          :        -4.55304 kcal/mol
 Misfit interaction energy in the mix              :         1.30582 kcal/mol
 H-Bond interaction energy in the mix              :        -4.16916 kcal/mol
 VdW interaction energy in the mix                 :        -4.62176 kcal/mol
 Gas liquid transition energy in the mix (H_glt)   :         2.93205 kcal/mol
 Normalized weight factor of molecule in compound  :         1.00000
 Normalized weight factor of molecule in gas phase :         1.00000

 Compound: 2 Conformer: 1 (1-octanol_c0)
 Chemical potential of the molecule in the mixture :        -0.11035 kcal/mol
 Log10(partial pressure [mbar])                    :        -0.83173
 Free energy of molecule in mix (E_COSMO+dE+Mu)    :   -245429.02577 kcal/mol
 Total mean interaction energy in the mix          :       -11.16644 kcal/mol
 Misfit interaction energy in the mix              :         2.27628 kcal/mol
 H-Bond interaction energy in the mix              :        -2.73076 kcal/mol
 VdW interaction energy in the mix                 :       -24.50508 kcal/mol
 Gas liquid transition energy in the mix (H_glt)   :        13.79313 kcal/mol
 Normalized weight factor of molecule in compound  :         0.28007
 Normalized weight factor of molecule in gas phase :         0.20746

 Compound: 2 Conformer: 2 (1-octanol_c1)
 Chemical potential of the molecule in the mixture :        -0.26421 kcal/mol
 Log10(partial pressure [mbar])                    :        -0.91866
 Free energy of molecule in mix (E_COSMO+dE+Mu)    :   -245428.99145 kcal/mol
 Total mean interaction energy in the mix          :       -11.43294 kcal/mol
 Misfit interaction energy in the mix              :         2.22533 kcal/mol
 H-Bond interaction energy in the mix              :        -2.91637 kcal/mol
 VdW interaction energy in the mix                 :       -24.53502 kcal/mol
 Gas liquid transition energy in the mix (H_glt)   :        13.79313 kcal/mol
 Normalized weight factor of molecule in compound  :         0.26449
 Normalized weight factor of molecule in gas phase :         0.16038

 Compound: 2 Conformer: 3 (1-octanol_c2)
 Chemical potential of the molecule in the mixture :         0.31818 kcal/mol
 Log10(partial pressure [mbar])                    :        -0.32640
 Free energy of molecule in mix (E_COSMO+dE+Mu)    :   -245428.46016 kcal/mol
 Total mean interaction energy in the mix          :       -10.62248 kcal/mol
 Misfit interaction energy in the mix              :         2.30198 kcal/mol
 H-Bond interaction energy in the mix              :        -2.35916 kcal/mol
 VdW interaction energy in the mix                 :       -24.35843 kcal/mol
 Gas liquid transition energy in the mix (H_glt)   :        13.79313 kcal/mol
 Normalized weight factor of molecule in compound  :         0.10905
 Normalized weight factor of molecule in gas phase :         0.24928

 Compound: 2 Conformer: 4 (1-octanol_c3)
 Chemical potential of the molecule in the mixture :        -0.07951 kcal/mol
 Log10(partial pressure [mbar])                    :        -0.65542
 Free energy of molecule in mix (E_COSMO+dE+Mu)    :   -245428.77122 kcal/mol
 Total mean interaction energy in the mix          :       -10.95553 kcal/mol
 Misfit interaction energy in the mix              :         2.22121 kcal/mol
 H-Bond interaction energy in the mix              :        -2.56798 kcal/mol
 VdW interaction energy in the mix                 :       -24.40190 kcal/mol
 Gas liquid transition energy in the mix (H_glt)   :        13.79313 kcal/mol
 Normalized weight factor of molecule in compound  :         0.18319
 Normalized weight factor of molecule in gas phase :         0.20365

 Compound: 2 Conformer: 5 (1-octanol_c4)
 Chemical potential of the molecule in the mixture :        -0.25449 kcal/mol
 Log10(partial pressure [mbar])                    :        -0.65820
 Free energy of molecule in mix (E_COSMO+dE+Mu)    :   -245428.70192 kcal/mol
 Total mean interaction energy in the mix          :       -11.17236 kcal/mol
 Misfit interaction energy in the mix              :         2.15333 kcal/mol
 H-Bond interaction energy in the mix              :        -2.67107 kcal/mol
 VdW interaction energy in the mix                 :       -24.44775 kcal/mol
 Gas liquid transition energy in the mix (H_glt)   :        13.79313 kcal/mol
 Normalized weight factor of molecule in compound  :         0.16320
 Normalized weight factor of molecule in gas phase :         0.17924

 Compound: 3 Conformer: 1 (lacticacid_c0)
 Chemical potential of the molecule in the mixture :         6.14846 kcal/mol
 Log10(partial pressure [mbar])                    :        -0.89072
 Free energy of molecule in mix (E_COSMO+dE+Mu)    :   -215742.53168 kcal/mol
 Total mean interaction energy in the mix          :        -5.36695 kcal/mol
 Misfit interaction energy in the mix              :         3.24443 kcal/mol
 H-Bond interaction energy in the mix              :        -2.78382 kcal/mol
 VdW interaction energy in the mix                 :       -14.07940 kcal/mol
 Gas liquid transition energy in the mix (H_glt)   :         8.25184 kcal/mol
 Normalized weight factor of molecule in compound  :         0.04469
 Normalized weight factor of molecule in gas phase :         0.00530

 Compound: 3 Conformer: 2 (lacticacid_c1)
 Chemical potential of the molecule in the mixture :         6.38955 kcal/mol
 Log10(partial pressure [mbar])                    :        -0.31099
 Free energy of molecule in mix (E_COSMO+dE+Mu)    :   -215742.10909 kcal/mol
 Total mean interaction energy in the mix          :        -5.06989 kcal/mol
 Misfit interaction energy in the mix              :         3.22573 kcal/mol
 H-Bond interaction energy in the mix              :        -2.49308 kcal/mol
 VdW interaction energy in the mix                 :       -14.05438 kcal/mol
 Gas liquid transition energy in the mix (H_glt)   :         8.25184 kcal/mol
 Normalized weight factor of molecule in compound  :         0.02209
 Normalized weight factor of molecule in gas phase :         0.01022

 Compound: 3 Conformer: 3 (lacticacid_c2)
 Chemical potential of the molecule in the mixture :         3.51570 kcal/mol
 Log10(partial pressure [mbar])                    :        -0.34189
 Free energy of molecule in mix (E_COSMO+dE+Mu)    :   -215744.09077 kcal/mol
 Total mean interaction energy in the mix          :        -6.75587 kcal/mol
 Misfit interaction energy in the mix              :         2.46430 kcal/mol
 H-Bond interaction energy in the mix              :        -3.35160 kcal/mol
 VdW interaction energy in the mix                 :       -14.12041 kcal/mol
 Gas liquid transition energy in the mix (H_glt)   :         8.25184 kcal/mol
 Normalized weight factor of molecule in compound  :         0.60164
 Normalized weight factor of molecule in gas phase :         0.94275

 Compound: 3 Conformer: 4 (lacticacid_c3)
 Chemical potential of the molecule in the mixture :         2.99015 kcal/mol
 Log10(partial pressure [mbar])                    :        -1.79826
 Free energy of molecule in mix (E_COSMO+dE+Mu)    :   -215743.19528 kcal/mol
 Total mean interaction energy in the mix          :        -7.88237 kcal/mol
 Misfit interaction energy in the mix              :         2.73955 kcal/mol
 H-Bond interaction energy in the mix              :        -4.77380 kcal/mol
 VdW interaction energy in the mix                 :       -14.09997 kcal/mol
 Gas liquid transition energy in the mix (H_glt)   :         8.25184 kcal/mol
 Normalized weight factor of molecule in compound  :         0.13515
 Normalized weight factor of molecule in gas phase :         0.02391

 Compound: 3 Conformer: 5 (lacticacid_c4)
 Chemical potential of the molecule in the mixture :         3.24802 kcal/mol
 Log10(partial pressure [mbar])                    :        -3.23114
 Free energy of molecule in mix (E_COSMO+dE+Mu)    :   -215742.85081 kcal/mol
 Total mean interaction energy in the mix          :        -8.19339 kcal/mol
 Misfit interaction energy in the mix              :         3.06122 kcal/mol
 H-Bond interaction energy in the mix              :        -5.36417 kcal/mol
 VdW interaction energy in the mix                 :       -14.14228 kcal/mol
 Gas liquid transition energy in the mix (H_glt)   :         8.25184 kcal/mol
 Normalized weight factor of molecule in compound  :         0.07609
 Normalized weight factor of molecule in gas phase :         0.00050

 Compound: 3 Conformer: 6 (lacticacid_c5)
 Chemical potential of the molecule in the mixture :         2.90978 kcal/mol
 Log10(partial pressure [mbar])                    :        -1.88724
 Free energy of molecule in mix (E_COSMO+dE+Mu)    :   -215743.12569 kcal/mol
 Total mean interaction energy in the mix          :        -8.02627 kcal/mol
 Misfit interaction energy in the mix              :         2.71794 kcal/mol
 H-Bond interaction energy in the mix              :        -4.87079 kcal/mol
 VdW interaction energy in the mix                 :       -14.12526 kcal/mol
 Gas liquid transition energy in the mix (H_glt)   :         8.25184 kcal/mol
 Normalized weight factor of molecule in compound  :         0.12034
 Normalized weight factor of molecule in gas phase :         0.01733




 Results for mixture 3 - LIQ_EX Phase 1 Iteration    1
 ---------------------
 Temperature          :    301.765 K
 Compound Nr.         :         1         2         3
 Compound             :       h2o 1-octanol lacticaci
 Mole Fraction        :    0.9971    0.0001    0.0028

 Compound: 1  (h2o)
 Chemical potential of the compound in the mixture :         3.13808 kcal/mol
 Log10(partial pressure [mbar])                    :         1.23335
 Free energy of molecule in mix (E_COSMO+dE+Mu)    :    -47990.11520 kcal/mol
 Total mean interaction energy in the mix (H_int)  :        -5.72645 kcal/mol
 Misfit interaction energy in the mix (H_MF)       :         0.56676 kcal/mol
 H-Bond interaction energy in the mix (H_HB)       :        -4.86986 kcal/mol
 VdW interaction energy in the mix (H_vdW)         :        -4.35540 kcal/mol
 Gas liquid transition energy in the mix (H_glt)   :         2.93205 kcal/mol

 Compound: 2  (1-octanol)
 Chemical potential of the compound in the mixture :         4.66092 kcal/mol
 Log10(partial pressure [mbar])                    :         3.30681
 Free energy of molecule in mix (E_COSMO+dE+Mu)    :   -245424.25451 kcal/mol
 Total mean interaction energy in the mix (H_int)  :       -10.26535 kcal/mol
 Misfit interaction energy in the mix (H_MF)       :         3.30006 kcal/mol
 H-Bond interaction energy in the mix (H_HB)       :        -3.96353 kcal/mol
 VdW interaction energy in the mix (H_vdW)         :       -23.55519 kcal/mol
 Gas liquid transition energy in the mix (H_glt)   :        13.79313 kcal/mol

 Compound: 3  (lacticacid)
 Chemical potential of the compound in the mixture :         3.97581 kcal/mol
 Log10(partial pressure [mbar])                    :        -1.26973
 Free energy of molecule in mix (E_COSMO+dE+Mu)    :   -215744.70434 kcal/mol
 Total mean interaction energy in the mix (H_int)  :        -8.23882 kcal/mol
 Misfit interaction energy in the mix (H_MF)       :         1.86930 kcal/mol
 H-Bond interaction energy in the mix (H_HB)       :        -7.26260 kcal/mol
 VdW interaction energy in the mix (H_vdW)         :       -13.34453 kcal/mol
 Gas liquid transition energy in the mix (H_glt)   :         8.25184 kcal/mol



 Compound: 1 Conformer: 1 (h2o_c0)
 Chemical potential of the molecule in the mixture :         3.13808 kcal/mol
 Log10(partial pressure [mbar])                    :         1.23335
 Free energy of molecule in mix (E_COSMO+dE+Mu)    :    -47990.11520 kcal/mol
 Total mean interaction energy in the mix          :        -5.72645 kcal/mol
 Misfit interaction energy in the mix              :         0.56676 kcal/mol
 H-Bond interaction energy in the mix              :        -4.86986 kcal/mol
 VdW interaction energy in the mix                 :        -4.35540 kcal/mol
 Gas liquid transition energy in the mix (H_glt)   :         2.93205 kcal/mol
 Normalized weight factor of molecule in compound  :         1.00000
 Normalized weight factor of molecule in gas phase :         1.00000

 Compound: 2 Conformer: 1 (1-octanol_c0)
 Chemical potential of the molecule in the mixture :         5.39647 kcal/mol
 Log10(partial pressure [mbar])                    :         3.15644
 Free energy of molecule in mix (E_COSMO+dE+Mu)    :   -245423.51896 kcal/mol
 Total mean interaction energy in the mix          :       -10.45322 kcal/mol
 Misfit interaction energy in the mix              :         3.31764 kcal/mol
 H-Bond interaction energy in the mix              :        -3.97156 kcal/mol
 VdW interaction energy in the mix                 :       -23.59243 kcal/mol
 Gas liquid transition energy in the mix (H_glt)   :        13.79313 kcal/mol
 Normalized weight factor of molecule in compound  :         0.29329
 Normalized weight factor of molecule in gas phase :         0.20746

 Compound: 2 Conformer: 2 (1-octanol_c1)
 Chemical potential of the molecule in the mixture :         5.23428 kcal/mol
 Log10(partial pressure [mbar])                    :         3.06348
 Free energy of molecule in mix (E_COSMO+dE+Mu)    :   -245423.49296 kcal/mol
 Total mean interaction energy in the mix          :       -10.60552 kcal/mol
 Misfit interaction energy in the mix              :         3.36428 kcal/mol
 H-Bond interaction energy in the mix              :        -4.14233 kcal/mol
 VdW interaction energy in the mix                 :       -23.62060 kcal/mol
 Gas liquid transition energy in the mix (H_glt)   :        13.79313 kcal/mol
 Normalized weight factor of molecule in compound  :         0.28085
 Normalized weight factor of molecule in gas phase :         0.16038

 Compound: 2 Conformer: 3 (1-octanol_c2)
 Chemical potential of the molecule in the mixture :         5.55055 kcal/mol
 Log10(partial pressure [mbar])                    :         3.46302
 Free energy of molecule in mix (E_COSMO+dE+Mu)    :   -245423.22780 kcal/mol
 Total mean interaction energy in the mix          :       -10.23159 kcal/mol
 Misfit interaction energy in the mix              :         3.26242 kcal/mol
 H-Bond interaction energy in the mix              :        -3.84511 kcal/mol
 VdW interaction energy in the mix                 :       -23.44204 kcal/mol
 Gas liquid transition energy in the mix (H_glt)   :        13.79313 kcal/mol
 Normalized weight factor of molecule in compound  :         0.18048
 Normalized weight factor of molecule in gas phase :         0.24928

 Compound: 2 Conformer: 4 (1-octanol_c3)
 Chemical potential of the molecule in the mixture :         5.65127 kcal/mol
 Log10(partial pressure [mbar])                    :         3.49495
 Free energy of molecule in mix (E_COSMO+dE+Mu)    :   -245423.04043 kcal/mol
 Total mean interaction energy in the mix          :       -10.25989 kcal/mol
 Misfit interaction energy in the mix              :         3.23674 kcal/mol
 H-Bond interaction energy in the mix              :        -3.79239 kcal/mol
 VdW interaction energy in the mix                 :       -23.49737 kcal/mol
 Gas liquid transition energy in the mix (H_glt)   :        13.79313 kcal/mol
 Normalized weight factor of molecule in compound  :         0.13205
 Normalized weight factor of molecule in gas phase :         0.20365

 Compound: 2 Conformer: 5 (1-octanol_c4)
 Chemical potential of the molecule in the mixture :         5.49867 kcal/mol
 Log10(partial pressure [mbar])                    :         3.50838
 Free energy of molecule in mix (E_COSMO+dE+Mu)    :   -245422.94876 kcal/mol
 Total mean interaction energy in the mix          :       -10.40963 kcal/mol
 Misfit interaction energy in the mix              :         3.22918 kcal/mol
 H-Bond interaction energy in the mix              :        -3.88765 kcal/mol
 VdW interaction energy in the mix                 :       -23.54430 kcal/mol
 Gas liquid transition energy in the mix (H_glt)   :        13.79313 kcal/mol
 Normalized weight factor of molecule in compound  :         0.11333
 Normalized weight factor of molecule in gas phase :         0.17924

 Compound: 3 Conformer: 1 (lacticacid_c0)
 Chemical potential of the molecule in the mixture :         5.91675 kcal/mol
 Log10(partial pressure [mbar])                    :        -1.05853
 Free energy of molecule in mix (E_COSMO+dE+Mu)    :   -215742.76339 kcal/mol
 Total mean interaction energy in the mix          :        -7.63949 kcal/mol
 Misfit interaction energy in the mix              :         1.90525 kcal/mol
 H-Bond interaction energy in the mix              :        -4.50276 kcal/mol
 VdW interaction energy in the mix                 :       -13.29382 kcal/mol
 Gas liquid transition energy in the mix (H_glt)   :         8.25184 kcal/mol
 Normalized weight factor of molecule in compound  :         0.03929
 Normalized weight factor of molecule in gas phase :         0.00530

 Compound: 3 Conformer: 2 (lacticacid_c1)
 Chemical potential of the molecule in the mixture :         6.05732 kcal/mol
 Log10(partial pressure [mbar])                    :        -0.55161
 Free energy of molecule in mix (E_COSMO+dE+Mu)    :   -215742.44133 kcal/mol
 Total mean interaction energy in the mix          :        -7.18563 kcal/mol
 Misfit interaction energy in the mix              :         2.02219 kcal/mol
 H-Bond interaction energy in the mix              :        -4.18801 kcal/mol
 VdW interaction energy in the mix                 :       -13.27166 kcal/mol
 Gas liquid transition energy in the mix (H_glt)   :         8.25184 kcal/mol
 Normalized weight factor of molecule in compound  :         0.02297
 Normalized weight factor of molecule in gas phase :         0.01022

 Compound: 3 Conformer: 3 (lacticacid_c2)
 Chemical potential of the molecule in the mixture :         4.20883 kcal/mol
 Log10(partial pressure [mbar])                    :         0.16009
 Free energy of molecule in mix (E_COSMO+dE+Mu)    :   -215743.39763 kcal/mol
 Total mean interaction energy in the mix          :        -8.30016 kcal/mol
 Misfit interaction energy in the mix              :         1.94760 kcal/mol
 H-Bond interaction energy in the mix              :        -5.14221 kcal/mol
 VdW interaction energy in the mix                 :       -13.35739 kcal/mol
 Gas liquid transition energy in the mix (H_glt)   :         8.25184 kcal/mol
 Normalized weight factor of molecule in compound  :         0.11315
 Normalized weight factor of molecule in gas phase :         0.94275

 Compound: 3 Conformer: 4 (lacticacid_c3)
 Chemical potential of the molecule in the mixture :         2.42566 kcal/mol
 Log10(partial pressure [mbar])                    :        -2.20708
 Free energy of molecule in mix (E_COSMO+dE+Mu)    :   -215743.75977 kcal/mol
 Total mean interaction energy in the mix          :       -10.47677 kcal/mol
 Misfit interaction energy in the mix              :         1.86980 kcal/mol
 H-Bond interaction energy in the mix              :        -7.26679 kcal/mol
 VdW interaction energy in the mix                 :       -13.33162 kcal/mol
 Gas liquid transition energy in the mix (H_glt)   :         8.25184 kcal/mol
 Normalized weight factor of molecule in compound  :         0.20698
 Normalized weight factor of molecule in gas phase :         0.02391

 Compound: 3 Conformer: 5 (lacticacid_c4)
 Chemical potential of the molecule in the mixture :         1.87948 kcal/mol
 Log10(partial pressure [mbar])                    :        -4.22227
 Free energy of molecule in mix (E_COSMO+dE+Mu)    :   -215744.21935 kcal/mol
 Total mean interaction energy in the mix          :       -11.44003 kcal/mol
 Misfit interaction energy in the mix              :         1.84790 kcal/mol
 H-Bond interaction energy in the mix              :        -8.18768 kcal/mol
 VdW interaction energy in the mix                 :       -13.35210 kcal/mol
 Gas liquid transition energy in the mix (H_glt)   :         8.25184 kcal/mol
 Normalized weight factor of molecule in compound  :         0.44541
 Normalized weight factor of molecule in gas phase :         0.00050

 Compound: 3 Conformer: 6 (lacticacid_c5)
 Chemical potential of the molecule in the mixture :         2.38600 kcal/mol
 Log10(partial pressure [mbar])                    :        -2.26657
 Free energy of molecule in mix (E_COSMO+dE+Mu)    :   -215743.64947 kcal/mol
 Total mean interaction energy in the mix          :       -10.55526 kcal/mol
 Misfit interaction energy in the mix              :         1.84402 kcal/mol
 H-Bond interaction energy in the mix              :        -7.29782 kcal/mol
 VdW interaction energy in the mix                 :       -13.35331 kcal/mol
 Gas liquid transition energy in the mix (H_glt)   :         8.25184 kcal/mol
 Normalized weight factor of molecule in compound  :         0.17220
 Normalized weight factor of molecule in gas phase :         0.01733




 Results for mixture 4 - LIQ_EX Phase 2 Iteration    1
 ---------------------
 Temperature          :    301.765 K
 Compound Nr.         :         1         2         3
 Compound             :       h2o 1-octanol lacticaci
 Mole Fraction        :    0.0870    0.9116    0.0014

 Compound: 1  (h2o)
 Chemical potential of the compound in the mixture :         4.37694 kcal/mol
 Log10(partial pressure [mbar])                    :         2.13057
 Free energy of molecule in mix (E_COSMO+dE+Mu)    :    -47988.87633 kcal/mol
 Total mean interaction energy in the mix (H_int)  :        -4.70876 kcal/mol
 Misfit interaction energy in the mix (H_MF)       :         1.20348 kcal/mol
 H-Bond interaction energy in the mix (H_HB)       :        -4.23470 kcal/mol
 VdW interaction energy in the mix (H_vdW)         :        -4.60959 kcal/mol
 Gas liquid transition energy in the mix (H_glt)   :         2.93205 kcal/mol
 Equilibrium constant Kx(1,2)                      :         7.89255
 Equilibrium concentration x_k(1,2)                :         0.88755

 Compound: 2  (1-octanol)
 Chemical potential of the compound in the mixture :        -0.86905 kcal/mol
 Log10(partial pressure [mbar])                    :        -0.69813
 Free energy of molecule in mix (E_COSMO+dE+Mu)    :   -245429.78448 kcal/mol
 Total mean interaction energy in the mix (H_int)  :       -11.03776 kcal/mol
 Misfit interaction energy in the mix (H_MF)       :         2.25385 kcal/mol
 H-Bond interaction energy in the mix (H_HB)       :        -2.81967 kcal/mol
 VdW interaction energy in the mix (H_vdW)         :       -24.44596 kcal/mol
 Gas liquid transition energy in the mix (H_glt)   :        13.79313 kcal/mol
 Equilibrium constant Kx(1,2)                      :  9.88678472E-05
 Equilibrium concentration x_k(1,2)                :         0.00010

 Compound: 3  (lacticacid)
 Chemical potential of the compound in the mixture :         4.14831 kcal/mol
 Log10(partial pressure [mbar])                    :        -1.14480
 Free energy of molecule in mix (E_COSMO+dE+Mu)    :   -215744.53183 kcal/mol
 Total mean interaction energy in the mix (H_int)  :        -5.77546 kcal/mol
 Misfit interaction energy in the mix (H_MF)       :         2.52830 kcal/mol
 H-Bond interaction energy in the mix (H_HB)       :        -4.00903 kcal/mol
 VdW interaction energy in the mix (H_vdW)         :       -14.09303 kcal/mol
 Gas liquid transition energy in the mix (H_glt)   :         8.25184 kcal/mol
 Equilibrium constant Kx(1,2)                      :         1.33331
 Equilibrium concentration x_k(1,2)                :         0.57142



 Compound: 1 Conformer: 1 (h2o_c0)
 Chemical potential of the molecule in the mixture :         4.37694 kcal/mol
 Log10(partial pressure [mbar])                    :         2.13057
 Free energy of molecule in mix (E_COSMO+dE+Mu)    :    -47988.87633 kcal/mol
 Total mean interaction energy in the mix          :        -4.70876 kcal/mol
 Misfit interaction energy in the mix              :         1.20348 kcal/mol
 H-Bond interaction energy in the mix              :        -4.23470 kcal/mol
 VdW interaction energy in the mix                 :        -4.60959 kcal/mol
 Gas liquid transition energy in the mix (H_glt)   :         2.93205 kcal/mol
 Normalized weight factor of molecule in compound  :         1.00000
 Normalized weight factor of molecule in gas phase :         1.00000

 Compound: 2 Conformer: 1 (1-octanol_c0)
 Chemical potential of the molecule in the mixture :        -0.10724 kcal/mol
 Log10(partial pressure [mbar])                    :        -0.82948
 Free energy of molecule in mix (E_COSMO+dE+Mu)    :   -245429.02267 kcal/mol
 Total mean interaction energy in the mix          :       -11.25015 kcal/mol
 Misfit interaction energy in the mix              :         2.29225 kcal/mol
 H-Bond interaction energy in the mix              :        -2.85344 kcal/mol
 VdW interaction energy in the mix                 :       -24.48209 kcal/mol
 Gas liquid transition energy in the mix (H_glt)   :        13.79313 kcal/mol
 Normalized weight factor of molecule in compound  :         0.28072
 Normalized weight factor of molecule in gas phase :         0.20746

 Compound: 2 Conformer: 2 (1-octanol_c1)
 Chemical potential of the molecule in the mixture :        -0.26553 kcal/mol
 Log10(partial pressure [mbar])                    :        -0.91962
 Free energy of molecule in mix (E_COSMO+dE+Mu)    :   -245428.99277 kcal/mol
 Total mean interaction energy in the mix          :       -11.52083 kcal/mol
 Misfit interaction energy in the mix              :         2.24279 kcal/mol
 H-Bond interaction energy in the mix              :        -3.04514 kcal/mol
 VdW interaction energy in the mix                 :       -24.51161 kcal/mol
 Gas liquid transition energy in the mix (H_glt)   :        13.79313 kcal/mol
 Normalized weight factor of molecule in compound  :         0.26707
 Normalized weight factor of molecule in gas phase :         0.16038

 Compound: 2 Conformer: 3 (1-octanol_c2)
 Chemical potential of the molecule in the mixture :         0.30059 kcal/mol
 Log10(partial pressure [mbar])                    :        -0.33914
 Free energy of molecule in mix (E_COSMO+dE+Mu)    :   -245428.47775 kcal/mol
 Total mean interaction energy in the mix          :       -10.72295 kcal/mol
 Misfit interaction energy in the mix              :         2.32252 kcal/mol
 H-Bond interaction energy in the mix              :        -2.50473 kcal/mol
 VdW interaction energy in the mix                 :       -24.33386 kcal/mol
 Gas liquid transition energy in the mix (H_glt)   :        13.79313 kcal/mol
 Normalized weight factor of molecule in compound  :         0.11315
 Normalized weight factor of molecule in gas phase :         0.24928

 Compound: 2 Conformer: 4 (1-octanol_c3)
 Chemical potential of the molecule in the mixture :        -0.05883 kcal/mol
 Log10(partial pressure [mbar])                    :        -0.64045
 Free energy of molecule in mix (E_COSMO+dE+Mu)    :   -245428.75054 kcal/mol
 Total mean interaction energy in the mix          :       -11.01209 kcal/mol
 Misfit interaction energy in the mix              :         2.24091 kcal/mol
 H-Bond interaction energy in the mix              :        -2.66590 kcal/mol
 VdW interaction energy in the mix                 :       -24.38023 kcal/mol
 Gas liquid transition energy in the mix (H_glt)   :        13.79313 kcal/mol
 Normalized weight factor of molecule in compound  :         0.17832
 Normalized weight factor of molecule in gas phase :         0.20365

 Compound: 2 Conformer: 5 (1-octanol_c4)
 Chemical potential of the molecule in the mixture :        -0.24089 kcal/mol
 Log10(partial pressure [mbar])                    :        -0.64835
 Free energy of molecule in mix (E_COSMO+dE+Mu)    :   -245428.68832 kcal/mol
 Total mean interaction energy in the mix          :       -11.23963 kcal/mol
 Misfit interaction energy in the mix              :         2.17118 kcal/mol
 H-Bond interaction energy in the mix              :        -2.77836 kcal/mol
 VdW interaction energy in the mix                 :       -24.42558 kcal/mol
 Gas liquid transition energy in the mix (H_glt)   :        13.79313 kcal/mol
 Normalized weight factor of molecule in compound  :         0.16074
 Normalized weight factor of molecule in gas phase :         0.17924

 Compound: 3 Conformer: 1 (lacticacid_c0)
 Chemical potential of the molecule in the mixture :         5.98407 kcal/mol
 Log10(partial pressure [mbar])                    :        -1.00978
 Free energy of molecule in mix (E_COSMO+dE+Mu)    :   -215742.69608 kcal/mol
 Total mean interaction energy in the mix          :        -5.59879 kcal/mol
 Misfit interaction energy in the mix              :         3.08096 kcal/mol
 H-Bond interaction energy in the mix              :        -2.87428 kcal/mol
 VdW interaction energy in the mix                 :       -14.05731 kcal/mol
 Gas liquid transition energy in the mix (H_glt)   :         8.25184 kcal/mol
 Normalized weight factor of molecule in compound  :         0.04683
 Normalized weight factor of molecule in gas phase :         0.00530

 Compound: 3 Conformer: 2 (lacticacid_c1)
 Chemical potential of the molecule in the mixture :         6.21809 kcal/mol
 Log10(partial pressure [mbar])                    :        -0.43518
 Free energy of molecule in mix (E_COSMO+dE+Mu)    :   -215742.28056 kcal/mol
 Total mean interaction energy in the mix          :        -5.27304 kcal/mol
 Misfit interaction energy in the mix              :         3.08764 kcal/mol
 H-Bond interaction energy in the mix              :        -2.58161 kcal/mol
 VdW interaction energy in the mix                 :       -14.03091 kcal/mol
 Gas liquid transition energy in the mix (H_glt)   :         8.25184 kcal/mol
 Normalized weight factor of molecule in compound  :         0.02342
 Normalized weight factor of molecule in gas phase :         0.01022

 Compound: 3 Conformer: 3 (lacticacid_c2)
 Chemical potential of the molecule in the mixture :         3.41595 kcal/mol
 Log10(partial pressure [mbar])                    :        -0.41413
 Free energy of molecule in mix (E_COSMO+dE+Mu)    :   -215744.19051 kcal/mol
 Total mean interaction energy in the mix          :        -6.92816 kcal/mol
 Misfit interaction energy in the mix              :         2.37552 kcal/mol
 H-Bond interaction energy in the mix              :        -3.45656 kcal/mol
 VdW interaction energy in the mix                 :       -14.09896 kcal/mol
 Gas liquid transition energy in the mix (H_glt)   :         8.25184 kcal/mol
 Normalized weight factor of molecule in compound  :         0.56599
 Normalized weight factor of molecule in gas phase :         0.94275

 Compound: 3 Conformer: 4 (lacticacid_c3)
 Chemical potential of the molecule in the mixture :         2.80437 kcal/mol
 Log10(partial pressure [mbar])                    :        -1.93281
 Free energy of molecule in mix (E_COSMO+dE+Mu)    :   -215743.38106 kcal/mol
 Total mean interaction energy in the mix          :        -8.14102 kcal/mol
 Misfit interaction energy in the mix              :         2.59613 kcal/mol
 H-Bond interaction energy in the mix              :        -4.91519 kcal/mol
 VdW interaction energy in the mix                 :       -14.07380 kcal/mol
 Gas liquid transition energy in the mix (H_glt)   :         8.25184 kcal/mol
 Normalized weight factor of molecule in compound  :         0.14675
 Normalized weight factor of molecule in gas phase :         0.02391

 Compound: 3 Conformer: 5 (lacticacid_c4)
 Chemical potential of the molecule in the mixture :         3.02990 kcal/mol
 Log10(partial pressure [mbar])                    :        -3.38911
 Free energy of molecule in mix (E_COSMO+dE+Mu)    :   -215743.06893 kcal/mol
 Total mean interaction energy in the mix          :        -8.54160 kcal/mol
 Misfit interaction energy in the mix              :         2.89302 kcal/mol
 H-Bond interaction energy in the mix              :        -5.57266 kcal/mol
 VdW interaction energy in the mix                 :       -14.11380 kcal/mol
 Gas liquid transition energy in the mix (H_glt)   :         8.25184 kcal/mol
 Normalized weight factor of molecule in compound  :         0.08720
 Normalized weight factor of molecule in gas phase :         0.00050

 Compound: 3 Conformer: 6 (lacticacid_c5)
 Chemical potential of the molecule in the mixture :         2.72796 kcal/mol
 Log10(partial pressure [mbar])                    :        -2.01892
 Free energy of molecule in mix (E_COSMO+dE+Mu)    :   -215743.30751 kcal/mol
 Total mean interaction energy in the mix          :        -8.28455 kcal/mol
 Misfit interaction energy in the mix              :         2.57250 kcal/mol
 H-Bond interaction energy in the mix              :        -5.00989 kcal/mol
 VdW interaction energy in the mix                 :       -14.09900 kcal/mol
 Gas liquid transition energy in the mix (H_glt)   :         8.25184 kcal/mol
 Normalized weight factor of molecule in compound  :         0.12981
 Normalized weight factor of molecule in gas phase :         0.01733




 Results for mixture 5 - LIQ_EX Phase 1 Iteration    2
 ---------------------
 Temperature          :    301.765 K
 Compound Nr.         :         1         2         3
 Compound             :       h2o 1-octanol lacticaci
 Mole Fraction        :    0.9974    0.0000    0.0025

 Compound: 1  (h2o)
 Chemical potential of the compound in the mixture :         3.13807 kcal/mol
 Log10(partial pressure [mbar])                    :         1.23335
 Free energy of molecule in mix (E_COSMO+dE+Mu)    :    -47990.11520 kcal/mol
 Total mean interaction energy in the mix (H_int)  :        -5.72614 kcal/mol
 Misfit interaction energy in the mix (H_MF)       :         0.56680 kcal/mol
 H-Bond interaction energy in the mix (H_HB)       :        -4.86984 kcal/mol
 VdW interaction energy in the mix (H_vdW)         :        -4.35514 kcal/mol
 Gas liquid transition energy in the mix (H_glt)   :         2.93205 kcal/mol

 Compound: 2  (1-octanol)
 Chemical potential of the compound in the mixture :         4.66714 kcal/mol
 Log10(partial pressure [mbar])                    :         3.31132
 Free energy of molecule in mix (E_COSMO+dE+Mu)    :   -245424.24829 kcal/mol
 Total mean interaction energy in the mix (H_int)  :       -10.26515 kcal/mol
 Misfit interaction energy in the mix (H_MF)       :         3.29888 kcal/mol
 H-Bond interaction energy in the mix (H_HB)       :        -3.96375 kcal/mol
 VdW interaction energy in the mix (H_vdW)         :       -23.55358 kcal/mol
 Gas liquid transition energy in the mix (H_glt)   :        13.79313 kcal/mol

 Compound: 3  (lacticacid)
 Chemical potential of the compound in the mixture :         3.97676 kcal/mol
 Log10(partial pressure [mbar])                    :        -1.26904
 Free energy of molecule in mix (E_COSMO+dE+Mu)    :   -215744.70338 kcal/mol
 Total mean interaction energy in the mix (H_int)  :        -8.24016 kcal/mol
 Misfit interaction energy in the mix (H_MF)       :         1.86849 kcal/mol
 H-Bond interaction energy in the mix (H_HB)       :        -7.26441 kcal/mol
 VdW interaction energy in the mix (H_vdW)         :       -13.34358 kcal/mol
 Gas liquid transition energy in the mix (H_glt)   :         8.25184 kcal/mol



 Compound: 1 Conformer: 1 (h2o_c0)
 Chemical potential of the molecule in the mixture :         3.13807 kcal/mol
 Log10(partial pressure [mbar])                    :         1.23335
 Free energy of molecule in mix (E_COSMO+dE+Mu)    :    -47990.11520 kcal/mol
 Total mean interaction energy in the mix          :        -5.72614 kcal/mol
 Misfit interaction energy in the mix              :         0.56680 kcal/mol
 H-Bond interaction energy in the mix              :        -4.86984 kcal/mol
 VdW interaction energy in the mix                 :        -4.35514 kcal/mol
 Gas liquid transition energy in the mix (H_glt)   :         2.93205 kcal/mol
 Normalized weight factor of molecule in compound  :         1.00000
 Normalized weight factor of molecule in gas phase :         1.00000

 Compound: 2 Conformer: 1 (1-octanol_c0)
 Chemical potential of the molecule in the mixture :         5.40270 kcal/mol
 Log10(partial pressure [mbar])                    :         3.16095
 Free energy of molecule in mix (E_COSMO+dE+Mu)    :   -245423.51273 kcal/mol
 Total mean interaction energy in the mix          :       -10.45296 kcal/mol
 Misfit interaction energy in the mix              :         3.31648 kcal/mol
 H-Bond interaction energy in the mix              :        -3.97175 kcal/mol
 VdW interaction energy in the mix                 :       -23.59082 kcal/mol
 Gas liquid transition energy in the mix (H_glt)   :        13.79313 kcal/mol
 Normalized weight factor of molecule in compound  :         0.29328
 Normalized weight factor of molecule in gas phase :         0.20746

 Compound: 2 Conformer: 2 (1-octanol_c1)
 Chemical potential of the molecule in the mixture :         5.24053 kcal/mol
 Log10(partial pressure [mbar])                    :         3.06801
 Free energy of molecule in mix (E_COSMO+dE+Mu)    :   -245423.48671 kcal/mol
 Total mean interaction energy in the mix          :       -10.60516 kcal/mol
 Misfit interaction energy in the mix              :         3.36319 kcal/mol
 H-Bond interaction energy in the mix              :        -4.14250 kcal/mol
 VdW interaction energy in the mix                 :       -23.61899 kcal/mol
 Gas liquid transition energy in the mix (H_glt)   :        13.79313 kcal/mol
 Normalized weight factor of molecule in compound  :         0.28083
 Normalized weight factor of molecule in gas phase :         0.16038

 Compound: 2 Conformer: 3 (1-octanol_c2)
 Chemical potential of the molecule in the mixture :         5.55662 kcal/mol
 Log10(partial pressure [mbar])                    :         3.46741
 Free energy of molecule in mix (E_COSMO+dE+Mu)    :   -245423.22172 kcal/mol
 Total mean interaction energy in the mix          :       -10.23150 kcal/mol
 Misfit interaction energy in the mix              :         3.26117 kcal/mol
 H-Bond interaction energy in the mix              :        -3.84536 kcal/mol
 VdW interaction energy in the mix                 :       -23.44044 kcal/mol
 Gas liquid transition energy in the mix (H_glt)   :        13.79313 kcal/mol
 Normalized weight factor of molecule in compound  :         0.18052
 Normalized weight factor of molecule in gas phase :         0.24928

 Compound: 2 Conformer: 4 (1-octanol_c3)
 Chemical potential of the molecule in the mixture :         5.65752 kcal/mol
 Log10(partial pressure [mbar])                    :         3.49948
 Free energy of molecule in mix (E_COSMO+dE+Mu)    :   -245423.03419 kcal/mol
 Total mean interaction energy in the mix          :       -10.25986 kcal/mol
 Misfit interaction energy in the mix              :         3.23547 kcal/mol
 H-Bond interaction energy in the mix              :        -3.79269 kcal/mol
 VdW interaction energy in the mix                 :       -23.49577 kcal/mol
 Gas liquid transition energy in the mix (H_glt)   :        13.79313 kcal/mol
 Normalized weight factor of molecule in compound  :         0.13204
 Normalized weight factor of molecule in gas phase :         0.20365

 Compound: 2 Conformer: 5 (1-octanol_c4)
 Chemical potential of the molecule in the mixture :         5.50495 kcal/mol
 Log10(partial pressure [mbar])                    :         3.51293
 Free energy of molecule in mix (E_COSMO+dE+Mu)    :   -245422.94248 kcal/mol
 Total mean interaction energy in the mix          :       -10.40962 kcal/mol
 Misfit interaction energy in the mix              :         3.22793 kcal/mol
 H-Bond interaction energy in the mix              :        -3.88798 kcal/mol
 VdW interaction energy in the mix                 :       -23.54270 kcal/mol
 Gas liquid transition energy in the mix (H_glt)   :        13.79313 kcal/mol
 Normalized weight factor of molecule in compound  :         0.11332
 Normalized weight factor of molecule in gas phase :         0.17924

 Compound: 3 Conformer: 1 (lacticacid_c0)
 Chemical potential of the molecule in the mixture :         5.91809 kcal/mol
 Log10(partial pressure [mbar])                    :        -1.05756
 Free energy of molecule in mix (E_COSMO+dE+Mu)    :   -215742.76205 kcal/mol
 Total mean interaction energy in the mix          :        -7.64032 kcal/mol
 Misfit interaction energy in the mix              :         1.90439 kcal/mol
 H-Bond interaction energy in the mix              :        -4.50373 kcal/mol
 VdW interaction energy in the mix                 :       -13.29283 kcal/mol
 Gas liquid transition energy in the mix (H_glt)   :         8.25184 kcal/mol
 Normalized weight factor of molecule in compound  :         0.03927
 Normalized weight factor of molecule in gas phase :         0.00530

 Compound: 3 Conformer: 2 (lacticacid_c1)
 Chemical potential of the molecule in the mixture :         6.05862 kcal/mol
 Log10(partial pressure [mbar])                    :        -0.55066
 Free energy of molecule in mix (E_COSMO+dE+Mu)    :   -215742.44003 kcal/mol
 Total mean interaction energy in the mix          :        -7.18633 kcal/mol
 Misfit interaction energy in the mix              :         2.02150 kcal/mol
 H-Bond interaction energy in the mix              :        -4.18901 kcal/mol
 VdW interaction energy in the mix                 :       -13.27067 kcal/mol
 Gas liquid transition energy in the mix (H_glt)   :         8.25184 kcal/mol
 Normalized weight factor of molecule in compound  :         0.02295
 Normalized weight factor of molecule in gas phase :         0.01022

 Compound: 3 Conformer: 3 (lacticacid_c2)
 Chemical potential of the molecule in the mixture :         4.21060 kcal/mol
 Log10(partial pressure [mbar])                    :         0.16137
 Free energy of molecule in mix (E_COSMO+dE+Mu)    :   -215743.39586 kcal/mol
 Total mean interaction energy in the mix          :        -8.30068 kcal/mol
 Misfit interaction energy in the mix              :         1.94693 kcal/mol
 H-Bond interaction energy in the mix              :        -5.14306 kcal/mol
 VdW interaction energy in the mix                 :       -13.35639 kcal/mol
 Gas liquid transition energy in the mix (H_glt)   :         8.25184 kcal/mol
 Normalized weight factor of molecule in compound  :         0.11300
 Normalized weight factor of molecule in gas phase :         0.94275

 Compound: 3 Conformer: 4 (lacticacid_c3)
 Chemical potential of the molecule in the mixture :         2.42663 kcal/mol
 Log10(partial pressure [mbar])                    :        -2.20638
 Free energy of molecule in mix (E_COSMO+dE+Mu)    :   -215743.75880 kcal/mol
 Total mean interaction energy in the mix          :       -10.47789 kcal/mol
 Misfit interaction energy in the mix              :         1.86904 kcal/mol
 H-Bond interaction energy in the mix              :        -7.26810 kcal/mol
 VdW interaction energy in the mix                 :       -13.33068 kcal/mol
 Gas liquid transition energy in the mix (H_glt)   :         8.25184 kcal/mol
 Normalized weight factor of molecule in compound  :         0.20697
 Normalized weight factor of molecule in gas phase :         0.02391

 Compound: 3 Conformer: 5 (lacticacid_c4)
 Chemical potential of the molecule in the mixture :         1.88014 kcal/mol
 Log10(partial pressure [mbar])                    :        -4.22179
 Free energy of molecule in mix (E_COSMO+dE+Mu)    :   -215744.21869 kcal/mol
 Total mean interaction energy in the mix          :       -11.44112 kcal/mol
 Misfit interaction energy in the mix              :         1.84706 kcal/mol
 H-Bond interaction energy in the mix              :        -8.18886 kcal/mol
 VdW interaction energy in the mix                 :       -13.35116 kcal/mol
 Gas liquid transition energy in the mix (H_glt)   :         8.25184 kcal/mol
 Normalized weight factor of molecule in compound  :         0.44563
 Normalized weight factor of molecule in gas phase :         0.00050

 Compound: 3 Conformer: 6 (lacticacid_c5)
 Chemical potential of the molecule in the mixture :         2.38700 kcal/mol
 Log10(partial pressure [mbar])                    :        -2.26584
 Free energy of molecule in mix (E_COSMO+dE+Mu)    :   -215743.64846 kcal/mol
 Total mean interaction energy in the mix          :       -10.55639 kcal/mol
 Misfit interaction energy in the mix              :         1.84325 kcal/mol
 H-Bond interaction energy in the mix              :        -7.29912 kcal/mol
 VdW interaction energy in the mix                 :       -13.35236 kcal/mol
 Gas liquid transition energy in the mix (H_glt)   :         8.25184 kcal/mol
 Normalized weight factor of molecule in compound  :         0.17219
 Normalized weight factor of molecule in gas phase :         0.01733




 Results for mixture 6 - LIQ_EX Phase 2 Iteration    2
 ---------------------
 Temperature          :    301.765 K
 Compound Nr.         :         1         2         3
 Compound             :       h2o 1-octanol lacticaci
 Mole Fraction        :    0.1178    0.8805    0.0017

 Compound: 1  (h2o)
 Chemical potential of the compound in the mixture :         4.34219 kcal/mol
 Log10(partial pressure [mbar])                    :         2.10540
 Free energy of molecule in mix (E_COSMO+dE+Mu)    :    -47988.91108 kcal/mol
 Total mean interaction energy in the mix (H_int)  :        -4.76093 kcal/mol
 Misfit interaction energy in the mix (H_MF)       :         1.17016 kcal/mol
 H-Bond interaction energy in the mix (H_HB)       :        -4.25803 kcal/mol
 VdW interaction energy in the mix (H_vdW)         :        -4.60512 kcal/mol
 Gas liquid transition energy in the mix (H_glt)   :         2.93205 kcal/mol
 Equilibrium constant Kx(1,2)                      :         7.44821
 Equilibrium concentration x_k(1,2)                :         0.88163

 Compound: 2  (1-octanol)
 Chemical potential of the compound in the mixture :        -0.86509 kcal/mol
 Log10(partial pressure [mbar])                    :        -0.69526
 Free energy of molecule in mix (E_COSMO+dE+Mu)    :   -245429.78052 kcal/mol
 Total mean interaction energy in the mix (H_int)  :       -11.06229 kcal/mol
 Misfit interaction energy in the mix (H_MF)       :         2.26353 kcal/mol
 H-Bond interaction energy in the mix (H_HB)       :        -2.86193 kcal/mol
 VdW interaction energy in the mix (H_vdW)         :       -24.43748 kcal/mol
 Gas liquid transition energy in the mix (H_glt)   :        13.79313 kcal/mol
 Equilibrium constant Kx(1,2)                      :  9.84969254E-05
 Equilibrium concentration x_k(1,2)                :         0.00010

 Compound: 3  (lacticacid)
 Chemical potential of the compound in the mixture :         4.10267 kcal/mol
 Log10(partial pressure [mbar])                    :        -1.17785
 Free energy of molecule in mix (E_COSMO+dE+Mu)    :   -215744.57747 kcal/mol
 Total mean interaction energy in the mix (H_int)  :        -5.84841 kcal/mol
 Misfit interaction energy in the mix (H_MF)       :         2.49519 kcal/mol
 H-Bond interaction energy in the mix (H_HB)       :        -4.07359 kcal/mol
 VdW interaction energy in the mix (H_vdW)         :       -14.08421 kcal/mol
 Gas liquid transition energy in the mix (H_glt)   :         8.25184 kcal/mol
 Equilibrium constant Kx(1,2)                      :         1.23364
 Equilibrium concentration x_k(1,2)                :         0.55230



 Compound: 1 Conformer: 1 (h2o_c0)
 Chemical potential of the molecule in the mixture :         4.34219 kcal/mol
 Log10(partial pressure [mbar])                    :         2.10540
 Free energy of molecule in mix (E_COSMO+dE+Mu)    :    -47988.91108 kcal/mol
 Total mean interaction energy in the mix          :        -4.76093 kcal/mol
 Misfit interaction energy in the mix              :         1.17016 kcal/mol
 H-Bond interaction energy in the mix              :        -4.25803 kcal/mol
 VdW interaction energy in the mix                 :        -4.60512 kcal/mol
 Gas liquid transition energy in the mix (H_glt)   :         2.93205 kcal/mol
 Normalized weight factor of molecule in compound  :         1.00000
 Normalized weight factor of molecule in gas phase :         1.00000

 Compound: 2 Conformer: 1 (1-octanol_c0)
 Chemical potential of the molecule in the mixture :        -0.10373 kcal/mol
 Log10(partial pressure [mbar])                    :        -0.82694
 Free energy of molecule in mix (E_COSMO+dE+Mu)    :   -245429.01915 kcal/mol
 Total mean interaction energy in the mix          :       -11.27571 kcal/mol
 Misfit interaction energy in the mix              :         2.30120 kcal/mol
 H-Bond interaction energy in the mix              :        -2.89650 kcal/mol
 VdW interaction energy in the mix                 :       -24.47355 kcal/mol
 Gas liquid transition energy in the mix (H_glt)   :        13.79313 kcal/mol
 Normalized weight factor of molecule in compound  :         0.28093
 Normalized weight factor of molecule in gas phase :         0.20746

 Compound: 2 Conformer: 2 (1-octanol_c1)
 Chemical potential of the molecule in the mixture :        -0.26365 kcal/mol
 Log10(partial pressure [mbar])                    :        -0.91826
 Free energy of molecule in mix (E_COSMO+dE+Mu)    :   -245428.99089 kcal/mol
 Total mean interaction energy in the mix          :       -11.54742 kcal/mol
 Misfit interaction energy in the mix              :         2.25220 kcal/mol
 H-Bond interaction energy in the mix              :        -3.08981 kcal/mol
 VdW interaction energy in the mix                 :       -24.50294 kcal/mol
 Gas liquid transition energy in the mix (H_glt)   :        13.79313 kcal/mol
 Normalized weight factor of molecule in compound  :         0.26800
 Normalized weight factor of molecule in gas phase :         0.16038

 Compound: 2 Conformer: 3 (1-octanol_c2)
 Chemical potential of the molecule in the mixture :         0.29671 kcal/mol
 Log10(partial pressure [mbar])                    :        -0.34195
 Free energy of molecule in mix (E_COSMO+dE+Mu)    :   -245428.48164 kcal/mol
 Total mean interaction energy in the mix          :       -10.75455 kcal/mol
 Misfit interaction energy in the mix              :         2.33296 kcal/mol
 H-Bond interaction energy in the mix              :        -2.55578 kcal/mol
 VdW interaction energy in the mix                 :       -24.32485 kcal/mol
 Gas liquid transition energy in the mix (H_glt)   :        13.79313 kcal/mol
 Normalized weight factor of molecule in compound  :         0.11464
 Normalized weight factor of molecule in gas phase :         0.24928

 Compound: 2 Conformer: 4 (1-octanol_c3)
 Chemical potential of the molecule in the mixture :        -0.04910 kcal/mol
 Log10(partial pressure [mbar])                    :        -0.63340
 Free energy of molecule in mix (E_COSMO+dE+Mu)    :   -245428.74080 kcal/mol
 Total mean interaction energy in the mix          :       -11.02936 kcal/mol
 Misfit interaction energy in the mix              :         2.25082 kcal/mol
 H-Bond interaction energy in the mix              :        -2.70119 kcal/mol
 VdW interaction energy in the mix                 :       -24.37212 kcal/mol
 Gas liquid transition energy in the mix (H_glt)   :        13.79313 kcal/mol
 Normalized weight factor of molecule in compound  :         0.17661
 Normalized weight factor of molecule in gas phase :         0.20365

 Compound: 2 Conformer: 5 (1-octanol_c4)
 Chemical potential of the molecule in the mixture :        -0.23348 kcal/mol
 Log10(partial pressure [mbar])                    :        -0.64298
 Free energy of molecule in mix (E_COSMO+dE+Mu)    :   -245428.68091 kcal/mol
 Total mean interaction energy in the mix          :       -11.25989 kcal/mol
 Misfit interaction energy in the mix              :         2.18053 kcal/mol
 H-Bond interaction energy in the mix              :        -2.81623 kcal/mol
 VdW interaction energy in the mix                 :       -24.41732 kcal/mol
 Gas liquid transition energy in the mix (H_glt)   :        13.79313 kcal/mol
 Normalized weight factor of molecule in compound  :         0.15982
 Normalized weight factor of molecule in gas phase :         0.17924

 Compound: 3 Conformer: 1 (lacticacid_c0)
 Chemical potential of the molecule in the mixture :         5.93004 kcal/mol
 Log10(partial pressure [mbar])                    :        -1.04890
 Free energy of molecule in mix (E_COSMO+dE+Mu)    :   -215742.75010 kcal/mol
 Total mean interaction energy in the mix          :        -5.67872 kcal/mol
 Misfit interaction energy in the mix              :         3.02678 kcal/mol
 H-Bond interaction energy in the mix              :        -2.90832 kcal/mol
 VdW interaction energy in the mix                 :       -14.04902 kcal/mol
 Gas liquid transition energy in the mix (H_glt)   :         8.25184 kcal/mol
 Normalized weight factor of molecule in compound  :         0.04749
 Normalized weight factor of molecule in gas phase :         0.00530

 Compound: 3 Conformer: 2 (lacticacid_c1)
 Chemical potential of the molecule in the mixture :         6.16125 kcal/mol
 Log10(partial pressure [mbar])                    :        -0.47633
 Free energy of molecule in mix (E_COSMO+dE+Mu)    :   -215742.33739 kcal/mol
 Total mean interaction energy in the mix          :        -5.34329 kcal/mol
 Misfit interaction energy in the mix              :         3.04189 kcal/mol
 H-Bond interaction energy in the mix              :        -2.61473 kcal/mol
 VdW interaction energy in the mix                 :       -14.02229 kcal/mol
 Gas liquid transition energy in the mix (H_glt)   :         8.25184 kcal/mol
 Normalized weight factor of molecule in compound  :         0.02386
 Normalized weight factor of molecule in gas phase :         0.01022

 Compound: 3 Conformer: 3 (lacticacid_c2)
 Chemical potential of the molecule in the mixture :         3.38368 kcal/mol
 Log10(partial pressure [mbar])                    :        -0.43750
 Free energy of molecule in mix (E_COSMO+dE+Mu)    :   -215744.22278 kcal/mol
 Total mean interaction energy in the mix          :        -6.98733 kcal/mol
 Misfit interaction energy in the mix              :         2.34721 kcal/mol
 H-Bond interaction energy in the mix              :        -3.49543 kcal/mol
 VdW interaction energy in the mix                 :       -14.09095 kcal/mol
 Gas liquid transition energy in the mix (H_glt)   :         8.25184 kcal/mol
 Normalized weight factor of molecule in compound  :         0.55351
 Normalized weight factor of molecule in gas phase :         0.94275

 Compound: 3 Conformer: 4 (lacticacid_c3)
 Chemical potential of the molecule in the mixture :         2.74275 kcal/mol
 Log10(partial pressure [mbar])                    :        -1.97744
 Free energy of molecule in mix (E_COSMO+dE+Mu)    :   -215743.44268 kcal/mol
 Total mean interaction energy in the mix          :        -8.23068 kcal/mol
 Misfit interaction energy in the mix              :         2.54971 kcal/mol
 H-Bond interaction energy in the mix              :        -4.96803 kcal/mol
 VdW interaction energy in the mix                 :       -14.06421 kcal/mol
 Gas liquid transition energy in the mix (H_glt)   :         8.25184 kcal/mol
 Normalized weight factor of molecule in compound  :         0.15072
 Normalized weight factor of molecule in gas phase :         0.02391

 Compound: 3 Conformer: 5 (lacticacid_c4)
 Chemical potential of the molecule in the mixture :         2.95608 kcal/mol
 Log10(partial pressure [mbar])                    :        -3.44257
 Free energy of molecule in mix (E_COSMO+dE+Mu)    :   -215743.14275 kcal/mol
 Total mean interaction energy in the mix          :        -8.66098 kcal/mol
 Misfit interaction energy in the mix              :         2.83869 kcal/mol
 H-Bond interaction energy in the mix              :        -5.64817 kcal/mol
 VdW interaction energy in the mix                 :       -14.10334 kcal/mol
 Gas liquid transition energy in the mix (H_glt)   :         8.25184 kcal/mol
 Normalized weight factor of molecule in compound  :         0.09140
 Normalized weight factor of molecule in gas phase :         0.00050

 Compound: 3 Conformer: 6 (lacticacid_c5)
 Chemical potential of the molecule in the mixture :         2.66766 kcal/mol
 Log10(partial pressure [mbar])                    :        -2.06259
 Free energy of molecule in mix (E_COSMO+dE+Mu)    :   -215743.36781 kcal/mol
 Total mean interaction energy in the mix          :        -8.37387 kcal/mol
 Misfit interaction energy in the mix              :         2.52535 kcal/mol
 H-Bond interaction energy in the mix              :        -5.06173 kcal/mol
 VdW interaction energy in the mix                 :       -14.08934 kcal/mol
 Gas liquid transition energy in the mix (H_glt)   :         8.25184 kcal/mol
 Normalized weight factor of molecule in compound  :         0.13302
 Normalized weight factor of molecule in gas phase :         0.01733




 Results for mixture 7 - LIQ_EX Phase 1 Iteration    3
 ---------------------
 Temperature          :    301.765 K
 Compound Nr.         :         1         2         3
 Compound             :       h2o 1-octanol lacticaci
 Mole Fraction        :    0.9975    0.0000    0.0024

 Compound: 1  (h2o)
 Chemical potential of the compound in the mixture :         3.13807 kcal/mol
 Log10(partial pressure [mbar])                    :         1.23335
 Free energy of molecule in mix (E_COSMO+dE+Mu)    :    -47990.11520 kcal/mol
 Total mean interaction energy in the mix (H_int)  :        -5.72602 kcal/mol
 Misfit interaction energy in the mix (H_MF)       :         0.56681 kcal/mol
 H-Bond interaction energy in the mix (H_HB)       :        -4.86983 kcal/mol
 VdW interaction energy in the mix (H_vdW)         :        -4.35505 kcal/mol
 Gas liquid transition energy in the mix (H_glt)   :         2.93205 kcal/mol

 Compound: 2  (1-octanol)
 Chemical potential of the compound in the mixture :         4.66934 kcal/mol
 Log10(partial pressure [mbar])                    :         3.31291
 Free energy of molecule in mix (E_COSMO+dE+Mu)    :   -245424.24609 kcal/mol
 Total mean interaction energy in the mix (H_int)  :       -10.26508 kcal/mol
 Misfit interaction energy in the mix (H_MF)       :         3.29845 kcal/mol
 H-Bond interaction energy in the mix (H_HB)       :        -3.96383 kcal/mol
 VdW interaction energy in the mix (H_vdW)         :       -23.55300 kcal/mol
 Gas liquid transition energy in the mix (H_glt)   :        13.79313 kcal/mol

 Compound: 3  (lacticacid)
 Chemical potential of the compound in the mixture :         3.97709 kcal/mol
 Log10(partial pressure [mbar])                    :        -1.26880
 Free energy of molecule in mix (E_COSMO+dE+Mu)    :   -215744.70305 kcal/mol
 Total mean interaction energy in the mix (H_int)  :        -8.24064 kcal/mol
 Misfit interaction energy in the mix (H_MF)       :         1.86820 kcal/mol
 H-Bond interaction energy in the mix (H_HB)       :        -7.26507 kcal/mol
 VdW interaction energy in the mix (H_vdW)         :       -13.34324 kcal/mol
 Gas liquid transition energy in the mix (H_glt)   :         8.25184 kcal/mol



 Compound: 1 Conformer: 1 (h2o_c0)
 Chemical potential of the molecule in the mixture :         3.13807 kcal/mol
 Log10(partial pressure [mbar])                    :         1.23335
 Free energy of molecule in mix (E_COSMO+dE+Mu)    :    -47990.11520 kcal/mol
 Total mean interaction energy in the mix          :        -5.72602 kcal/mol
 Misfit interaction energy in the mix              :         0.56681 kcal/mol
 H-Bond interaction energy in the mix              :        -4.86983 kcal/mol
 VdW interaction energy in the mix                 :        -4.35505 kcal/mol
 Gas liquid transition energy in the mix (H_glt)   :         2.93205 kcal/mol
 Normalized weight factor of molecule in compound  :         1.00000
 Normalized weight factor of molecule in gas phase :         1.00000

 Compound: 2 Conformer: 1 (1-octanol_c0)
 Chemical potential of the molecule in the mixture :         5.40491 kcal/mol
 Log10(partial pressure [mbar])                    :         3.16255
 Free energy of molecule in mix (E_COSMO+dE+Mu)    :   -245423.51052 kcal/mol
 Total mean interaction energy in the mix          :       -10.45287 kcal/mol
 Misfit interaction energy in the mix              :         3.31605 kcal/mol
 H-Bond interaction energy in the mix              :        -3.97181 kcal/mol
 VdW interaction energy in the mix                 :       -23.59024 kcal/mol
 Gas liquid transition energy in the mix (H_glt)   :        13.79313 kcal/mol
 Normalized weight factor of molecule in compound  :         0.29328
 Normalized weight factor of molecule in gas phase :         0.20746

 Compound: 2 Conformer: 2 (1-octanol_c1)
 Chemical potential of the molecule in the mixture :         5.24275 kcal/mol
 Log10(partial pressure [mbar])                    :         3.06962
 Free energy of molecule in mix (E_COSMO+dE+Mu)    :   -245423.48449 kcal/mol
 Total mean interaction energy in the mix          :       -10.60504 kcal/mol
 Misfit interaction energy in the mix              :         3.36279 kcal/mol
 H-Bond interaction energy in the mix              :        -4.14256 kcal/mol
 VdW interaction energy in the mix                 :       -23.61841 kcal/mol
 Gas liquid transition energy in the mix (H_glt)   :        13.79313 kcal/mol
 Normalized weight factor of molecule in compound  :         0.28082
 Normalized weight factor of molecule in gas phase :         0.16038

 Compound: 2 Conformer: 3 (1-octanol_c2)
 Chemical potential of the molecule in the mixture :         5.55878 kcal/mol
 Log10(partial pressure [mbar])                    :         3.46897
 Free energy of molecule in mix (E_COSMO+dE+Mu)    :   -245423.21957 kcal/mol
 Total mean interaction energy in the mix          :       -10.23148 kcal/mol
 Misfit interaction energy in the mix              :         3.26071 kcal/mol
 H-Bond interaction energy in the mix              :        -3.84546 kcal/mol
 VdW interaction energy in the mix                 :       -23.43986 kcal/mol
 Gas liquid transition energy in the mix (H_glt)   :        13.79313 kcal/mol
 Normalized weight factor of molecule in compound  :         0.18054
 Normalized weight factor of molecule in gas phase :         0.24928

 Compound: 2 Conformer: 4 (1-octanol_c3)
 Chemical potential of the molecule in the mixture :         5.65973 kcal/mol
 Log10(partial pressure [mbar])                    :         3.50108
 Free energy of molecule in mix (E_COSMO+dE+Mu)    :   -245423.03197 kcal/mol
 Total mean interaction energy in the mix          :       -10.25986 kcal/mol
 Misfit interaction energy in the mix              :         3.23500 kcal/mol
 H-Bond interaction energy in the mix              :        -3.79280 kcal/mol
 VdW interaction energy in the mix                 :       -23.49519 kcal/mol
 Gas liquid transition energy in the mix (H_glt)   :        13.79313 kcal/mol
 Normalized weight factor of molecule in compound  :         0.13204
 Normalized weight factor of molecule in gas phase :         0.20365

 Compound: 2 Conformer: 5 (1-octanol_c4)
 Chemical potential of the molecule in the mixture :         5.50717 kcal/mol
 Log10(partial pressure [mbar])                    :         3.51455
 Free energy of molecule in mix (E_COSMO+dE+Mu)    :   -245422.94025 kcal/mol
 Total mean interaction energy in the mix          :       -10.40962 kcal/mol
 Misfit interaction energy in the mix              :         3.22746 kcal/mol
 H-Bond interaction energy in the mix              :        -3.88810 kcal/mol
 VdW interaction energy in the mix                 :       -23.54212 kcal/mol
 Gas liquid transition energy in the mix (H_glt)   :        13.79313 kcal/mol
 Normalized weight factor of molecule in compound  :         0.11331
 Normalized weight factor of molecule in gas phase :         0.17924

 Compound: 3 Conformer: 1 (lacticacid_c0)
 Chemical potential of the molecule in the mixture :         5.91856 kcal/mol
 Log10(partial pressure [mbar])                    :        -1.05721
 Free energy of molecule in mix (E_COSMO+dE+Mu)    :   -215742.76158 kcal/mol
 Total mean interaction energy in the mix          :        -7.64063 kcal/mol
 Misfit interaction energy in the mix              :         1.90408 kcal/mol
 H-Bond interaction energy in the mix              :        -4.50407 kcal/mol
 VdW interaction energy in the mix                 :       -13.29247 kcal/mol
 Gas liquid transition energy in the mix (H_glt)   :         8.25184 kcal/mol
 Normalized weight factor of molecule in compound  :         0.03926
 Normalized weight factor of molecule in gas phase :         0.00530

 Compound: 3 Conformer: 2 (lacticacid_c1)
 Chemical potential of the molecule in the mixture :         6.05908 kcal/mol
 Log10(partial pressure [mbar])                    :        -0.55033
 Free energy of molecule in mix (E_COSMO+dE+Mu)    :   -215742.43957 kcal/mol
 Total mean interaction energy in the mix          :        -7.18658 kcal/mol
 Misfit interaction energy in the mix              :         2.02126 kcal/mol
 H-Bond interaction energy in the mix              :        -4.18937 kcal/mol
 VdW interaction energy in the mix                 :       -13.27031 kcal/mol
 Gas liquid transition energy in the mix (H_glt)   :         8.25184 kcal/mol
 Normalized weight factor of molecule in compound  :         0.02295
 Normalized weight factor of molecule in gas phase :         0.01022

 Compound: 3 Conformer: 3 (lacticacid_c2)
 Chemical potential of the molecule in the mixture :         4.21123 kcal/mol
 Log10(partial pressure [mbar])                    :         0.16183
 Free energy of molecule in mix (E_COSMO+dE+Mu)    :   -215743.39524 kcal/mol
 Total mean interaction energy in the mix          :        -8.30087 kcal/mol
 Misfit interaction energy in the mix              :         1.94669 kcal/mol
 H-Bond interaction energy in the mix              :        -5.14337 kcal/mol
 VdW interaction energy in the mix                 :       -13.35603 kcal/mol
 Gas liquid transition energy in the mix (H_glt)   :         8.25184 kcal/mol
 Normalized weight factor of molecule in compound  :         0.11294
 Normalized weight factor of molecule in gas phase :         0.94275

 Compound: 3 Conformer: 4 (lacticacid_c3)
 Chemical potential of the molecule in the mixture :         2.42697 kcal/mol
 Log10(partial pressure [mbar])                    :        -2.20613
 Free energy of molecule in mix (E_COSMO+dE+Mu)    :   -215743.75846 kcal/mol
 Total mean interaction energy in the mix          :       -10.47829 kcal/mol
 Misfit interaction energy in the mix              :         1.86877 kcal/mol
 H-Bond interaction energy in the mix              :        -7.26857 kcal/mol
 VdW interaction energy in the mix                 :       -13.33034 kcal/mol
 Gas liquid transition energy in the mix (H_glt)   :         8.25184 kcal/mol
 Normalized weight factor of molecule in compound  :         0.20697
 Normalized weight factor of molecule in gas phase :         0.02391

 Compound: 3 Conformer: 5 (lacticacid_c4)
 Chemical potential of the molecule in the mixture :         1.88037 kcal/mol
 Log10(partial pressure [mbar])                    :        -4.22162
 Free energy of molecule in mix (E_COSMO+dE+Mu)    :   -215744.21846 kcal/mol
 Total mean interaction energy in the mix          :       -11.44151 kcal/mol
 Misfit interaction energy in the mix              :         1.84676 kcal/mol
 H-Bond interaction energy in the mix              :        -8.18929 kcal/mol
 VdW interaction energy in the mix                 :       -13.35082 kcal/mol
 Gas liquid transition energy in the mix (H_glt)   :         8.25184 kcal/mol
 Normalized weight factor of molecule in compound  :         0.44570
 Normalized weight factor of molecule in gas phase :         0.00050

 Compound: 3 Conformer: 6 (lacticacid_c5)
 Chemical potential of the molecule in the mixture :         2.38736 kcal/mol
 Log10(partial pressure [mbar])                    :        -2.26559
 Free energy of molecule in mix (E_COSMO+dE+Mu)    :   -215743.64811 kcal/mol
 Total mean interaction energy in the mix          :       -10.55679 kcal/mol
 Misfit interaction energy in the mix              :         1.84297 kcal/mol
 H-Bond interaction energy in the mix              :        -7.29959 kcal/mol
 VdW interaction energy in the mix                 :       -13.35202 kcal/mol
 Gas liquid transition energy in the mix (H_glt)   :         8.25184 kcal/mol
 Normalized weight factor of molecule in compound  :         0.17218
 Normalized weight factor of molecule in gas phase :         0.01733




 Results for mixture 8 - LIQ_EX Phase 2 Iteration    3
 ---------------------
 Temperature          :    301.765 K
 Compound Nr.         :         1         2         3
 Compound             :       h2o 1-octanol lacticaci
 Mole Fraction        :    0.1301    0.8680    0.0019

 Compound: 1  (h2o)
 Chemical potential of the compound in the mixture :         4.32852 kcal/mol
 Log10(partial pressure [mbar])                    :         2.09550
 Free energy of molecule in mix (E_COSMO+dE+Mu)    :    -47988.92475 kcal/mol
 Total mean interaction energy in the mix (H_int)  :        -4.78185 kcal/mol
 Misfit interaction energy in the mix (H_MF)       :         1.15684 kcal/mol
 H-Bond interaction energy in the mix (H_HB)       :        -4.26745 kcal/mol
 VdW interaction energy in the mix (H_vdW)         :        -4.60329 kcal/mol
 Gas liquid transition energy in the mix (H_glt)   :         2.93205 kcal/mol
 Equilibrium constant Kx(1,2)                      :         7.28037
 Equilibrium concentration x_k(1,2)                :         0.87923

 Compound: 2  (1-octanol)
 Chemical potential of the compound in the mixture :        -0.86314 kcal/mol
 Log10(partial pressure [mbar])                    :        -0.69385
 Free energy of molecule in mix (E_COSMO+dE+Mu)    :   -245429.77857 kcal/mol
 Total mean interaction energy in the mix (H_int)  :       -11.07159 kcal/mol
 Misfit interaction energy in the mix (H_MF)       :         2.26792 kcal/mol
 H-Bond interaction energy in the mix (H_HB)       :        -2.87893 kcal/mol
 VdW interaction energy in the mix (H_vdW)         :       -24.43399 kcal/mol
 Gas liquid transition energy in the mix (H_glt)   :        13.79313 kcal/mol
 Equilibrium constant Kx(1,2)                      :  9.84548576E-05
 Equilibrium concentration x_k(1,2)                :         0.00010

 Compound: 3  (lacticacid)
 Chemical potential of the compound in the mixture :         4.08461 kcal/mol
 Log10(partial pressure [mbar])                    :        -1.19093
 Free energy of molecule in mix (E_COSMO+dE+Mu)    :   -215744.59553 kcal/mol
 Total mean interaction energy in the mix (H_int)  :        -5.87807 kcal/mol
 Misfit interaction energy in the mix (H_MF)       :         2.48200 kcal/mol
 H-Bond interaction energy in the mix (H_HB)       :        -4.10011 kcal/mol
 VdW interaction energy in the mix (H_vdW)         :       -14.08058 kcal/mol
 Gas liquid transition energy in the mix (H_glt)   :         8.25184 kcal/mol
 Equilibrium constant Kx(1,2)                      :         1.19637
 Equilibrium concentration x_k(1,2)                :         0.54470



 Compound: 1 Conformer: 1 (h2o_c0)
 Chemical potential of the molecule in the mixture :         4.32852 kcal/mol
 Log10(partial pressure [mbar])                    :         2.09550
 Free energy of molecule in mix (E_COSMO+dE+Mu)    :    -47988.92475 kcal/mol
 Total mean interaction energy in the mix          :        -4.78185 kcal/mol
 Misfit interaction energy in the mix              :         1.15684 kcal/mol
 H-Bond interaction energy in the mix              :        -4.26745 kcal/mol
 VdW interaction energy in the mix                 :        -4.60329 kcal/mol
 Gas liquid transition energy in the mix (H_glt)   :         2.93205 kcal/mol
 Normalized weight factor of molecule in compound  :         1.00000
 Normalized weight factor of molecule in gas phase :         1.00000

 Compound: 2 Conformer: 1 (1-octanol_c0)
 Chemical potential of the molecule in the mixture :        -0.10195 kcal/mol
 Log10(partial pressure [mbar])                    :        -0.82565
 Free energy of molecule in mix (E_COSMO+dE+Mu)    :   -245429.01738 kcal/mol
 Total mean interaction energy in the mix          :       -11.28537 kcal/mol
 Misfit interaction energy in the mix              :         2.30534 kcal/mol
 H-Bond interaction energy in the mix              :        -2.91380 kcal/mol
 VdW interaction energy in the mix                 :       -24.47004 kcal/mol
 Gas liquid transition energy in the mix (H_glt)   :        13.79313 kcal/mol
 Normalized weight factor of molecule in compound  :         0.28101
 Normalized weight factor of molecule in gas phase :         0.20746

 Compound: 2 Conformer: 2 (1-octanol_c1)
 Chemical potential of the molecule in the mixture :        -0.26255 kcal/mol
 Log10(partial pressure [mbar])                    :        -0.91746
 Free energy of molecule in mix (E_COSMO+dE+Mu)    :   -245428.98979 kcal/mol
 Total mean interaction energy in the mix          :       -11.55744 kcal/mol
 Misfit interaction energy in the mix              :         2.25650 kcal/mol
 H-Bond interaction energy in the mix              :        -3.10769 kcal/mol
 VdW interaction energy in the mix                 :       -24.49937 kcal/mol
 Gas liquid transition energy in the mix (H_glt)   :        13.79313 kcal/mol
 Normalized weight factor of molecule in compound  :         0.26838
 Normalized weight factor of molecule in gas phase :         0.16038

 Compound: 2 Conformer: 3 (1-octanol_c2)
 Chemical potential of the molecule in the mixture :         0.29549 kcal/mol
 Log10(partial pressure [mbar])                    :        -0.34283
 Free energy of molecule in mix (E_COSMO+dE+Mu)    :   -245428.48286 kcal/mol
 Total mean interaction energy in the mix          :       -10.76664 kcal/mol
 Misfit interaction energy in the mix              :         2.33769 kcal/mol
 H-Bond interaction energy in the mix              :        -2.57629 kcal/mol
 VdW interaction energy in the mix                 :       -24.32117 kcal/mol
 Gas liquid transition energy in the mix (H_glt)   :        13.79313 kcal/mol
 Normalized weight factor of molecule in compound  :         0.11524
 Normalized weight factor of molecule in gas phase :         0.24928

 Compound: 2 Conformer: 4 (1-octanol_c3)
 Chemical potential of the molecule in the mixture :        -0.04481 kcal/mol
 Log10(partial pressure [mbar])                    :        -0.63030
 Free energy of molecule in mix (E_COSMO+dE+Mu)    :   -245428.73652 kcal/mol
 Total mean interaction energy in the mix          :       -11.03589 kcal/mol
 Misfit interaction energy in the mix              :         2.25527 kcal/mol
 H-Bond interaction energy in the mix              :        -2.71552 kcal/mol
 VdW interaction energy in the mix                 :       -24.36878 kcal/mol
 Gas liquid transition energy in the mix (H_glt)   :        13.79313 kcal/mol
 Normalized weight factor of molecule in compound  :         0.17592
 Normalized weight factor of molecule in gas phase :         0.20365

 Compound: 2 Conformer: 5 (1-octanol_c4)
 Chemical potential of the molecule in the mixture :        -0.23011 kcal/mol
 Log10(partial pressure [mbar])                    :        -0.64054
 Free energy of molecule in mix (E_COSMO+dE+Mu)    :   -245428.67753 kcal/mol
 Total mean interaction energy in the mix          :       -11.26752 kcal/mol
 Misfit interaction energy in the mix              :         2.18475 kcal/mol
 H-Bond interaction energy in the mix              :        -2.83149 kcal/mol
 VdW interaction energy in the mix                 :       -24.41392 kcal/mol
 Gas liquid transition energy in the mix (H_glt)   :        13.79313 kcal/mol
 Normalized weight factor of molecule in compound  :         0.15944
 Normalized weight factor of molecule in gas phase :         0.17924

 Compound: 3 Conformer: 1 (lacticacid_c0)
 Chemical potential of the molecule in the mixture :         5.90882 kcal/mol
 Log10(partial pressure [mbar])                    :        -1.06427
 Free energy of molecule in mix (E_COSMO+dE+Mu)    :   -215742.77132 kcal/mol
 Total mean interaction energy in the mix          :        -5.71094 kcal/mol
 Misfit interaction energy in the mix              :         3.00518 kcal/mol
 H-Bond interaction energy in the mix              :        -2.92235 kcal/mol
 VdW interaction energy in the mix                 :       -14.04560 kcal/mol
 Gas liquid transition energy in the mix (H_glt)   :         8.25184 kcal/mol
 Normalized weight factor of molecule in compound  :         0.04774
 Normalized weight factor of molecule in gas phase :         0.00530

 Compound: 3 Conformer: 2 (lacticacid_c1)
 Chemical potential of the molecule in the mixture :         6.13888 kcal/mol
 Log10(partial pressure [mbar])                    :        -0.49254
 Free energy of molecule in mix (E_COSMO+dE+Mu)    :   -215742.35977 kcal/mol
 Total mean interaction energy in the mix          :        -5.37161 kcal/mol
 Misfit interaction energy in the mix              :         3.02367 kcal/mol
 H-Bond interaction energy in the mix              :        -2.62836 kcal/mol
 VdW interaction energy in the mix                 :       -14.01876 kcal/mol
 Gas liquid transition energy in the mix (H_glt)   :         8.25184 kcal/mol
 Normalized weight factor of molecule in compound  :         0.02403
 Normalized weight factor of molecule in gas phase :         0.01022

 Compound: 3 Conformer: 3 (lacticacid_c2)
 Chemical potential of the molecule in the mixture :         3.37106 kcal/mol
 Log10(partial pressure [mbar])                    :        -0.44665
 Free energy of molecule in mix (E_COSMO+dE+Mu)    :   -215744.23541 kcal/mol
 Total mean interaction energy in the mix          :        -7.01115 kcal/mol
 Misfit interaction energy in the mix              :         2.33603 kcal/mol
 H-Bond interaction energy in the mix              :        -3.51137 kcal/mol
 VdW interaction energy in the mix                 :       -14.08765 kcal/mol
 Gas liquid transition energy in the mix (H_glt)   :         8.25184 kcal/mol
 Normalized weight factor of molecule in compound  :         0.54851
 Normalized weight factor of molecule in gas phase :         0.94275

 Compound: 3 Conformer: 4 (lacticacid_c3)
 Chemical potential of the molecule in the mixture :         2.71847 kcal/mol
 Log10(partial pressure [mbar])                    :        -1.99502
 Free energy of molecule in mix (E_COSMO+dE+Mu)    :   -215743.46696 kcal/mol
 Total mean interaction energy in the mix          :        -8.26681 kcal/mol
 Misfit interaction energy in the mix              :         2.53139 kcal/mol
 H-Bond interaction energy in the mix              :        -4.98975 kcal/mol
 VdW interaction energy in the mix                 :       -14.06028 kcal/mol
 Gas liquid transition energy in the mix (H_glt)   :         8.25184 kcal/mol
 Normalized weight factor of molecule in compound  :         0.15229
 Normalized weight factor of molecule in gas phase :         0.02391

 Compound: 3 Conformer: 5 (lacticacid_c4)
 Chemical potential of the molecule in the mixture :         2.92673 kcal/mol
 Log10(partial pressure [mbar])                    :        -3.46382
 Free energy of molecule in mix (E_COSMO+dE+Mu)    :   -215743.17210 kcal/mol
 Total mean interaction energy in the mix          :        -8.70877 kcal/mol
 Misfit interaction energy in the mix              :         2.81733 kcal/mol
 H-Bond interaction energy in the mix              :        -5.67888 kcal/mol
 VdW interaction energy in the mix                 :       -14.09906 kcal/mol
 Gas liquid transition energy in the mix (H_glt)   :         8.25184 kcal/mol
 Normalized weight factor of molecule in compound  :         0.09314
 Normalized weight factor of molecule in gas phase :         0.00050

 Compound: 3 Conformer: 6 (lacticacid_c5)
 Chemical potential of the molecule in the mixture :         2.64390 kcal/mol
 Log10(partial pressure [mbar])                    :        -2.07980
 Free energy of molecule in mix (E_COSMO+dE+Mu)    :   -215743.39157 kcal/mol
 Total mean interaction energy in the mix          :        -8.40986 kcal/mol
 Misfit interaction energy in the mix              :         2.50671 kcal/mol
 H-Bond interaction energy in the mix              :        -5.08303 kcal/mol
 VdW interaction energy in the mix                 :       -14.08538 kcal/mol
 Gas liquid transition energy in the mix (H_glt)   :         8.25184 kcal/mol
 Normalized weight factor of molecule in compound  :         0.13429
 Normalized weight factor of molecule in gas phase :         0.01733




 Results for mixture 9 - LIQ_EX Phase 1 Iteration    4
 ---------------------
 Temperature          :    301.765 K
 Compound Nr.         :         1         2         3
 Compound             :       h2o 1-octanol lacticaci
 Mole Fraction        :    0.9976    0.0000    0.0023

 Compound: 1  (h2o)
 Chemical potential of the compound in the mixture :         3.13807 kcal/mol
 Log10(partial pressure [mbar])                    :         1.23335
 Free energy of molecule in mix (E_COSMO+dE+Mu)    :    -47990.11520 kcal/mol
 Total mean interaction energy in the mix (H_int)  :        -5.72598 kcal/mol
 Misfit interaction energy in the mix (H_MF)       :         0.56681 kcal/mol
 H-Bond interaction energy in the mix (H_HB)       :        -4.86983 kcal/mol
 VdW interaction energy in the mix (H_vdW)         :        -4.35501 kcal/mol
 Gas liquid transition energy in the mix (H_glt)   :         2.93205 kcal/mol

 Compound: 2  (1-octanol)
 Chemical potential of the compound in the mixture :         4.67022 kcal/mol
 Log10(partial pressure [mbar])                    :         3.31355
 Free energy of molecule in mix (E_COSMO+dE+Mu)    :   -245424.24521 kcal/mol
 Total mean interaction energy in the mix (H_int)  :       -10.26506 kcal/mol
 Misfit interaction energy in the mix (H_MF)       :         3.29827 kcal/mol
 H-Bond interaction energy in the mix (H_HB)       :        -3.96386 kcal/mol
 VdW interaction energy in the mix (H_vdW)         :       -23.55277 kcal/mol
 Gas liquid transition energy in the mix (H_glt)   :        13.79313 kcal/mol

 Compound: 3  (lacticacid)
 Chemical potential of the compound in the mixture :         3.97722 kcal/mol
 Log10(partial pressure [mbar])                    :        -1.26870
 Free energy of molecule in mix (E_COSMO+dE+Mu)    :   -215744.70292 kcal/mol
 Total mean interaction energy in the mix (H_int)  :        -8.24084 kcal/mol
 Misfit interaction energy in the mix (H_MF)       :         1.86809 kcal/mol
 H-Bond interaction energy in the mix (H_HB)       :        -7.26533 kcal/mol
 VdW interaction energy in the mix (H_vdW)         :       -13.34310 kcal/mol
 Gas liquid transition energy in the mix (H_glt)   :         8.25184 kcal/mol



 Compound: 1 Conformer: 1 (h2o_c0)
 Chemical potential of the molecule in the mixture :         3.13807 kcal/mol
 Log10(partial pressure [mbar])                    :         1.23335
 Free energy of molecule in mix (E_COSMO+dE+Mu)    :    -47990.11520 kcal/mol
 Total mean interaction energy in the mix          :        -5.72598 kcal/mol
 Misfit interaction energy in the mix              :         0.56681 kcal/mol
 H-Bond interaction energy in the mix              :        -4.86983 kcal/mol
 VdW interaction energy in the mix                 :        -4.35501 kcal/mol
 Gas liquid transition energy in the mix (H_glt)   :         2.93205 kcal/mol
 Normalized weight factor of molecule in compound  :         1.00000
 Normalized weight factor of molecule in gas phase :         1.00000

 Compound: 2 Conformer: 1 (1-octanol_c0)
 Chemical potential of the molecule in the mixture :         5.40579 kcal/mol
 Log10(partial pressure [mbar])                    :         3.16319
 Free energy of molecule in mix (E_COSMO+dE+Mu)    :   -245423.50964 kcal/mol
 Total mean interaction energy in the mix          :       -10.45284 kcal/mol
 Misfit interaction energy in the mix              :         3.31588 kcal/mol
 H-Bond interaction energy in the mix              :        -3.97184 kcal/mol
 VdW interaction energy in the mix                 :       -23.59001 kcal/mol
 Gas liquid transition energy in the mix (H_glt)   :        13.79313 kcal/mol
 Normalized weight factor of molecule in compound  :         0.29328
 Normalized weight factor of molecule in gas phase :         0.20746

 Compound: 2 Conformer: 2 (1-octanol_c1)
 Chemical potential of the molecule in the mixture :         5.24363 kcal/mol
 Log10(partial pressure [mbar])                    :         3.07025
 Free energy of molecule in mix (E_COSMO+dE+Mu)    :   -245423.48361 kcal/mol
 Total mean interaction energy in the mix          :       -10.60500 kcal/mol
 Misfit interaction energy in the mix              :         3.36263 kcal/mol
 H-Bond interaction energy in the mix              :        -4.14258 kcal/mol
 VdW interaction energy in the mix                 :       -23.61817 kcal/mol
 Gas liquid transition energy in the mix (H_glt)   :        13.79313 kcal/mol
 Normalized weight factor of molecule in compound  :         0.28082
 Normalized weight factor of molecule in gas phase :         0.16038

 Compound: 2 Conformer: 3 (1-octanol_c2)
 Chemical potential of the molecule in the mixture :         5.55963 kcal/mol
 Log10(partial pressure [mbar])                    :         3.46959
 Free energy of molecule in mix (E_COSMO+dE+Mu)    :   -245423.21872 kcal/mol
 Total mean interaction energy in the mix          :       -10.23147 kcal/mol
 Misfit interaction energy in the mix              :         3.26052 kcal/mol
 H-Bond interaction energy in the mix              :        -3.84549 kcal/mol
 VdW interaction energy in the mix                 :       -23.43963 kcal/mol
 Gas liquid transition energy in the mix (H_glt)   :        13.79313 kcal/mol
 Normalized weight factor of molecule in compound  :         0.18055
 Normalized weight factor of molecule in gas phase :         0.24928

 Compound: 2 Conformer: 4 (1-octanol_c3)
 Chemical potential of the molecule in the mixture :         5.66062 kcal/mol
 Log10(partial pressure [mbar])                    :         3.50172
 Free energy of molecule in mix (E_COSMO+dE+Mu)    :   -245423.03109 kcal/mol
 Total mean interaction energy in the mix          :       -10.25986 kcal/mol
 Misfit interaction energy in the mix              :         3.23482 kcal/mol
 H-Bond interaction energy in the mix              :        -3.79284 kcal/mol
 VdW interaction energy in the mix                 :       -23.49496 kcal/mol
 Gas liquid transition energy in the mix (H_glt)   :        13.79313 kcal/mol
 Normalized weight factor of molecule in compound  :         0.13204
 Normalized weight factor of molecule in gas phase :         0.20365

 Compound: 2 Conformer: 5 (1-octanol_c4)
 Chemical potential of the molecule in the mixture :         5.50806 kcal/mol
 Log10(partial pressure [mbar])                    :         3.51519
 Free energy of molecule in mix (E_COSMO+dE+Mu)    :   -245422.93937 kcal/mol
 Total mean interaction energy in the mix          :       -10.40963 kcal/mol
 Misfit interaction energy in the mix              :         3.22728 kcal/mol
 H-Bond interaction energy in the mix              :        -3.88815 kcal/mol
 VdW interaction energy in the mix                 :       -23.54189 kcal/mol
 Gas liquid transition energy in the mix (H_glt)   :        13.79313 kcal/mol
 Normalized weight factor of molecule in compound  :         0.11331
 Normalized weight factor of molecule in gas phase :         0.17924

 Compound: 3 Conformer: 1 (lacticacid_c0)
 Chemical potential of the molecule in the mixture :         5.91875 kcal/mol
 Log10(partial pressure [mbar])                    :        -1.05708
 Free energy of molecule in mix (E_COSMO+dE+Mu)    :   -215742.76139 kcal/mol
 Total mean interaction energy in the mix          :        -7.64075 kcal/mol
 Misfit interaction energy in the mix              :         1.90395 kcal/mol
 H-Bond interaction energy in the mix              :        -4.50421 kcal/mol
 VdW interaction energy in the mix                 :       -13.29233 kcal/mol
 Gas liquid transition energy in the mix (H_glt)   :         8.25184 kcal/mol
 Normalized weight factor of molecule in compound  :         0.03926
 Normalized weight factor of molecule in gas phase :         0.00530

 Compound: 3 Conformer: 2 (lacticacid_c1)
 Chemical potential of the molecule in the mixture :         6.05927 kcal/mol
 Log10(partial pressure [mbar])                    :        -0.55020
 Free energy of molecule in mix (E_COSMO+dE+Mu)    :   -215742.43938 kcal/mol
 Total mean interaction energy in the mix          :        -7.18669 kcal/mol
 Misfit interaction energy in the mix              :         2.02116 kcal/mol
 H-Bond interaction energy in the mix              :        -4.18952 kcal/mol
 VdW interaction energy in the mix                 :       -13.27017 kcal/mol
 Gas liquid transition energy in the mix (H_glt)   :         8.25184 kcal/mol
 Normalized weight factor of molecule in compound  :         0.02295
 Normalized weight factor of molecule in gas phase :         0.01022

 Compound: 3 Conformer: 3 (lacticacid_c2)
 Chemical potential of the molecule in the mixture :         4.21147 kcal/mol
 Log10(partial pressure [mbar])                    :         0.16200
 Free energy of molecule in mix (E_COSMO+dE+Mu)    :   -215743.39499 kcal/mol
 Total mean interaction energy in the mix          :        -8.30094 kcal/mol
 Misfit interaction energy in the mix              :         1.94660 kcal/mol
 H-Bond interaction energy in the mix              :        -5.14349 kcal/mol
 VdW interaction energy in the mix                 :       -13.35589 kcal/mol
 Gas liquid transition energy in the mix (H_glt)   :         8.25184 kcal/mol
 Normalized weight factor of molecule in compound  :         0.11292
 Normalized weight factor of molecule in gas phase :         0.94275

 Compound: 3 Conformer: 4 (lacticacid_c3)
 Chemical potential of the molecule in the mixture :         2.42711 kcal/mol
 Log10(partial pressure [mbar])                    :        -2.20603
 Free energy of molecule in mix (E_COSMO+dE+Mu)    :   -215743.75832 kcal/mol
 Total mean interaction energy in the mix          :       -10.47846 kcal/mol
 Misfit interaction energy in the mix              :         1.86866 kcal/mol
 H-Bond interaction energy in the mix              :        -7.26876 kcal/mol
 VdW interaction energy in the mix                 :       -13.33020 kcal/mol
 Gas liquid transition energy in the mix (H_glt)   :         8.25184 kcal/mol
 Normalized weight factor of molecule in compound  :         0.20697
 Normalized weight factor of molecule in gas phase :         0.02391

 Compound: 3 Conformer: 5 (lacticacid_c4)
 Chemical potential of the molecule in the mixture :         1.88046 kcal/mol
 Log10(partial pressure [mbar])                    :        -4.22156
 Free energy of molecule in mix (E_COSMO+dE+Mu)    :   -215744.21837 kcal/mol
 Total mean interaction energy in the mix          :       -11.44167 kcal/mol
 Misfit interaction energy in the mix              :         1.84664 kcal/mol
 H-Bond interaction energy in the mix              :        -8.18946 kcal/mol
 VdW interaction energy in the mix                 :       -13.35068 kcal/mol
 Gas liquid transition energy in the mix (H_glt)   :         8.25184 kcal/mol
 Normalized weight factor of molecule in compound  :         0.44573
 Normalized weight factor of molecule in gas phase :         0.00050

 Compound: 3 Conformer: 6 (lacticacid_c5)
 Chemical potential of the molecule in the mixture :         2.38749 kcal/mol
 Log10(partial pressure [mbar])                    :        -2.26549
 Free energy of molecule in mix (E_COSMO+dE+Mu)    :   -215743.64797 kcal/mol
 Total mean interaction energy in the mix          :       -10.55696 kcal/mol
 Misfit interaction energy in the mix              :         1.84286 kcal/mol
 H-Bond interaction energy in the mix              :        -7.29978 kcal/mol
 VdW interaction energy in the mix                 :       -13.35188 kcal/mol
 Gas liquid transition energy in the mix (H_glt)   :         8.25184 kcal/mol
 Normalized weight factor of molecule in compound  :         0.17218
 Normalized weight factor of molecule in gas phase :         0.01733




 Results for mixture 10 - LIQ_EX Phase 2 Iteration    4
 ----------------------
 Temperature          :    301.765 K
 Compound Nr.         :         1         2         3
 Compound             :       h2o 1-octanol lacticaci
 Mole Fraction        :    0.1354    0.8627    0.0019

 Compound: 1  (h2o)
 Chemical potential of the compound in the mixture :         4.32279 kcal/mol
 Log10(partial pressure [mbar])                    :         2.09135
 Free energy of molecule in mix (E_COSMO+dE+Mu)    :    -47988.93048 kcal/mol
 Total mean interaction energy in the mix (H_int)  :        -4.79069 kcal/mol
 Misfit interaction energy in the mix (H_MF)       :         1.15121 kcal/mol
 H-Bond interaction energy in the mix (H_HB)       :        -4.27144 kcal/mol
 VdW interaction energy in the mix (H_vdW)         :        -4.60251 kcal/mol
 Gas liquid transition energy in the mix (H_glt)   :         2.93205 kcal/mol
 Equilibrium constant Kx(1,2)                      :         7.21117
 Equilibrium concentration x_k(1,2)                :         0.87821

 Compound: 2  (1-octanol)
 Chemical potential of the compound in the mixture :        -0.86226 kcal/mol
 Log10(partial pressure [mbar])                    :        -0.69321
 Free energy of molecule in mix (E_COSMO+dE+Mu)    :   -245429.77768 kcal/mol
 Total mean interaction energy in the mix (H_int)  :       -11.07542 kcal/mol
 Misfit interaction energy in the mix (H_MF)       :         2.26987 kcal/mol
 H-Bond interaction energy in the mix (H_HB)       :        -2.88612 kcal/mol
 VdW interaction energy in the mix (H_vdW)         :       -24.43251 kcal/mol
 Gas liquid transition energy in the mix (H_glt)   :        13.79313 kcal/mol
 Equilibrium constant Kx(1,2)                      :  9.84561881E-05
 Equilibrium concentration x_k(1,2)                :         0.00010

 Compound: 3  (lacticacid)
 Chemical potential of the compound in the mixture :         4.07702 kcal/mol
 Log10(partial pressure [mbar])                    :        -1.19643
 Free energy of molecule in mix (E_COSMO+dE+Mu)    :   -215744.60312 kcal/mol
 Total mean interaction energy in the mix (H_int)  :        -5.89067 kcal/mol
 Misfit interaction energy in the mix (H_MF)       :         2.47643 kcal/mol
 H-Bond interaction energy in the mix (H_HB)       :        -4.11140 kcal/mol
 VdW interaction energy in the mix (H_vdW)         :       -14.07903 kcal/mol
 Gas liquid transition energy in the mix (H_glt)   :         8.25184 kcal/mol
 Equilibrium constant Kx(1,2)                      :         1.18107
 Equilibrium concentration x_k(1,2)                :         0.54151



 Compound: 1 Conformer: 1 (h2o_c0)
 Chemical potential of the molecule in the mixture :         4.32279 kcal/mol
 Log10(partial pressure [mbar])                    :         2.09135
 Free energy of molecule in mix (E_COSMO+dE+Mu)    :    -47988.93048 kcal/mol
 Total mean interaction energy in the mix          :        -4.79069 kcal/mol
 Misfit interaction energy in the mix              :         1.15121 kcal/mol
 H-Bond interaction energy in the mix              :        -4.27144 kcal/mol
 VdW interaction energy in the mix                 :        -4.60251 kcal/mol
 Gas liquid transition energy in the mix (H_glt)   :         2.93205 kcal/mol
 Normalized weight factor of molecule in compound  :         1.00000
 Normalized weight factor of molecule in gas phase :         1.00000

 Compound: 2 Conformer: 1 (1-octanol_c0)
 Chemical potential of the molecule in the mixture :        -0.10114 kcal/mol
 Log10(partial pressure [mbar])                    :        -0.82506
 Free energy of molecule in mix (E_COSMO+dE+Mu)    :   -245429.01657 kcal/mol
 Total mean interaction energy in the mix          :       -11.28934 kcal/mol
 Misfit interaction energy in the mix              :         2.30718 kcal/mol
 H-Bond interaction energy in the mix              :        -2.92111 kcal/mol
 VdW interaction energy in the mix                 :       -24.46854 kcal/mol
 Gas liquid transition energy in the mix (H_glt)   :        13.79313 kcal/mol
 Normalized weight factor of molecule in compound  :         0.28105
 Normalized weight factor of molecule in gas phase :         0.20746

 Compound: 2 Conformer: 2 (1-octanol_c1)
 Chemical potential of the molecule in the mixture :        -0.26202 kcal/mol
 Log10(partial pressure [mbar])                    :        -0.91708
 Free energy of molecule in mix (E_COSMO+dE+Mu)    :   -245428.98926 kcal/mol
 Total mean interaction energy in the mix          :       -11.56155 kcal/mol
 Misfit interaction energy in the mix              :         2.25840 kcal/mol
 H-Bond interaction energy in the mix              :        -3.11523 kcal/mol
 VdW interaction energy in the mix                 :       -24.49786 kcal/mol
 Gas liquid transition energy in the mix (H_glt)   :        13.79313 kcal/mol
 Normalized weight factor of molecule in compound  :         0.26854
 Normalized weight factor of molecule in gas phase :         0.16038

 Compound: 2 Conformer: 3 (1-octanol_c2)
 Chemical potential of the molecule in the mixture :         0.29503 kcal/mol
 Log10(partial pressure [mbar])                    :        -0.34317
 Free energy of molecule in mix (E_COSMO+dE+Mu)    :   -245428.48332 kcal/mol
 Total mean interaction energy in the mix          :       -10.77163 kcal/mol
 Misfit interaction energy in the mix              :         2.33978 kcal/mol
 H-Bond interaction energy in the mix              :        -2.58495 kcal/mol
 VdW interaction energy in the mix                 :       -24.31960 kcal/mol
 Gas liquid transition energy in the mix (H_glt)   :        13.79313 kcal/mol
 Normalized weight factor of molecule in compound  :         0.11550
 Normalized weight factor of molecule in gas phase :         0.24928

 Compound: 2 Conformer: 4 (1-octanol_c3)
 Chemical potential of the molecule in the mixture :        -0.04294 kcal/mol
 Log10(partial pressure [mbar])                    :        -0.62894
 Free energy of molecule in mix (E_COSMO+dE+Mu)    :   -245428.73464 kcal/mol
 Total mean interaction energy in the mix          :       -11.03857 kcal/mol
 Misfit interaction energy in the mix              :         2.25724 kcal/mol
 H-Bond interaction energy in the mix              :        -2.72159 kcal/mol
 VdW interaction energy in the mix                 :       -24.36735 kcal/mol
 Gas liquid transition energy in the mix (H_glt)   :        13.79313 kcal/mol
 Normalized weight factor of molecule in compound  :         0.17563
 Normalized weight factor of molecule in gas phase :         0.20365

 Compound: 2 Conformer: 5 (1-octanol_c4)
 Chemical potential of the molecule in the mixture :        -0.22861 kcal/mol
 Log10(partial pressure [mbar])                    :        -0.63945
 Free energy of molecule in mix (E_COSMO+dE+Mu)    :   -245428.67604 kcal/mol
 Total mean interaction energy in the mix          :       -11.27065 kcal/mol
 Misfit interaction energy in the mix              :         2.18662 kcal/mol
 H-Bond interaction energy in the mix              :        -2.83793 kcal/mol
 VdW interaction energy in the mix                 :       -24.41247 kcal/mol
 Gas liquid transition energy in the mix (H_glt)   :        13.79313 kcal/mol
 Normalized weight factor of molecule in compound  :         0.15928
 Normalized weight factor of molecule in gas phase :         0.17924

 Compound: 3 Conformer: 1 (lacticacid_c0)
 Chemical potential of the molecule in the mixture :         5.89995 kcal/mol
 Log10(partial pressure [mbar])                    :        -1.07069
 Free energy of molecule in mix (E_COSMO+dE+Mu)    :   -215742.78019 kcal/mol
 Total mean interaction energy in the mix          :        -5.72457 kcal/mol
 Misfit interaction energy in the mix              :         2.99607 kcal/mol
 H-Bond interaction energy in the mix              :        -2.92834 kcal/mol
 VdW interaction energy in the mix                 :       -14.04414 kcal/mol
 Gas liquid transition energy in the mix (H_glt)   :         8.25184 kcal/mol
 Normalized weight factor of molecule in compound  :         0.04784
 Normalized weight factor of molecule in gas phase :         0.00530

 Compound: 3 Conformer: 2 (lacticacid_c1)
 Chemical potential of the molecule in the mixture :         6.12951 kcal/mol
 Log10(partial pressure [mbar])                    :        -0.49932
 Free energy of molecule in mix (E_COSMO+dE+Mu)    :   -215742.36914 kcal/mol
 Total mean interaction energy in the mix          :        -5.38360 kcal/mol
 Misfit interaction energy in the mix              :         3.01600 kcal/mol
 H-Bond interaction energy in the mix              :        -2.63418 kcal/mol
 VdW interaction energy in the mix                 :       -14.01726 kcal/mol
 Gas liquid transition energy in the mix (H_glt)   :         8.25184 kcal/mol
 Normalized weight factor of molecule in compound  :         0.02410
 Normalized weight factor of molecule in gas phase :         0.01022

 Compound: 3 Conformer: 3 (lacticacid_c2)
 Chemical potential of the molecule in the mixture :         3.36578 kcal/mol
 Log10(partial pressure [mbar])                    :        -0.45047
 Free energy of molecule in mix (E_COSMO+dE+Mu)    :   -215744.24068 kcal/mol
 Total mean interaction energy in the mix          :        -7.02123 kcal/mol
 Misfit interaction energy in the mix              :         2.33133 kcal/mol
 H-Bond interaction energy in the mix              :        -3.51816 kcal/mol
 VdW interaction energy in the mix                 :       -14.08625 kcal/mol
 Gas liquid transition energy in the mix (H_glt)   :         8.25184 kcal/mol
 Normalized weight factor of molecule in compound  :         0.54641
 Normalized weight factor of molecule in gas phase :         0.94275

 Compound: 3 Conformer: 4 (lacticacid_c3)
 Chemical potential of the molecule in the mixture :         2.70830 kcal/mol
 Log10(partial pressure [mbar])                    :        -2.00239
 Free energy of molecule in mix (E_COSMO+dE+Mu)    :   -215743.47714 kcal/mol
 Total mean interaction energy in the mix          :        -8.28210 kcal/mol
 Misfit interaction energy in the mix              :         2.52369 kcal/mol
 H-Bond interaction energy in the mix              :        -4.99901 kcal/mol
 VdW interaction energy in the mix                 :       -14.05862 kcal/mol
 Gas liquid transition energy in the mix (H_glt)   :         8.25184 kcal/mol
 Normalized weight factor of molecule in compound  :         0.15294
 Normalized weight factor of molecule in gas phase :         0.02391

 Compound: 3 Conformer: 5 (lacticacid_c4)
 Chemical potential of the molecule in the mixture :         2.91438 kcal/mol
 Log10(partial pressure [mbar])                    :        -3.47277
 Free energy of molecule in mix (E_COSMO+dE+Mu)    :   -215743.18445 kcal/mol
 Total mean interaction energy in the mix          :        -8.72893 kcal/mol
 Misfit interaction energy in the mix              :         2.80838 kcal/mol
 H-Bond interaction energy in the mix              :        -5.69191 kcal/mol
 VdW interaction energy in the mix                 :       -14.09724 kcal/mol
 Gas liquid transition energy in the mix (H_glt)   :         8.25184 kcal/mol
 Normalized weight factor of molecule in compound  :         0.09388
 Normalized weight factor of molecule in gas phase :         0.00050

 Compound: 3 Conformer: 6 (lacticacid_c5)
 Chemical potential of the molecule in the mixture :         2.63394 kcal/mol
 Log10(partial pressure [mbar])                    :        -2.08701
 Free energy of molecule in mix (E_COSMO+dE+Mu)    :   -215743.40153 kcal/mol
 Total mean interaction energy in the mix          :        -8.42509 kcal/mol
 Misfit interaction energy in the mix              :         2.49887 kcal/mol
 H-Bond interaction energy in the mix              :        -5.09211 kcal/mol
 VdW interaction energy in the mix                 :       -14.08370 kcal/mol
 Gas liquid transition energy in the mix (H_glt)   :         8.25184 kcal/mol
 Normalized weight factor of molecule in compound  :         0.13483
 Normalized weight factor of molecule in gas phase :         0.01733




 Results for mixture 11 - LIQ_EX Phase 1 Iteration    5
 ----------------------
 Temperature          :    301.765 K
 Compound Nr.         :         1         2         3
 Compound             :       h2o 1-octanol lacticaci
 Mole Fraction        :    0.9976    0.0000    0.0023

 Compound: 1  (h2o)
 Chemical potential of the compound in the mixture :         3.13807 kcal/mol
 Log10(partial pressure [mbar])                    :         1.23335
 Free energy of molecule in mix (E_COSMO+dE+Mu)    :    -47990.11520 kcal/mol
 Total mean interaction energy in the mix (H_int)  :        -5.72596 kcal/mol
 Misfit interaction energy in the mix (H_MF)       :         0.56682 kcal/mol
 H-Bond interaction energy in the mix (H_HB)       :        -4.86983 kcal/mol
 VdW interaction energy in the mix (H_vdW)         :        -4.35499 kcal/mol
 Gas liquid transition energy in the mix (H_glt)   :         2.93205 kcal/mol

 Compound: 2  (1-octanol)
 Chemical potential of the compound in the mixture :         4.67059 kcal/mol
 Log10(partial pressure [mbar])                    :         3.31381
 Free energy of molecule in mix (E_COSMO+dE+Mu)    :   -245424.24484 kcal/mol
 Total mean interaction energy in the mix (H_int)  :       -10.26505 kcal/mol
 Misfit interaction energy in the mix (H_MF)       :         3.29820 kcal/mol
 H-Bond interaction energy in the mix (H_HB)       :        -3.96387 kcal/mol
 VdW interaction energy in the mix (H_vdW)         :       -23.55267 kcal/mol
 Gas liquid transition energy in the mix (H_glt)   :        13.79313 kcal/mol

 Compound: 3  (lacticacid)
 Chemical potential of the compound in the mixture :         3.97728 kcal/mol
 Log10(partial pressure [mbar])                    :        -1.26866
 Free energy of molecule in mix (E_COSMO+dE+Mu)    :   -215744.70286 kcal/mol
 Total mean interaction energy in the mix (H_int)  :        -8.24092 kcal/mol
 Misfit interaction energy in the mix (H_MF)       :         1.86804 kcal/mol
 H-Bond interaction energy in the mix (H_HB)       :        -7.26544 kcal/mol
 VdW interaction energy in the mix (H_vdW)         :       -13.34304 kcal/mol
 Gas liquid transition energy in the mix (H_glt)   :         8.25184 kcal/mol



 Compound: 1 Conformer: 1 (h2o_c0)
 Chemical potential of the molecule in the mixture :         3.13807 kcal/mol
 Log10(partial pressure [mbar])                    :         1.23335
 Free energy of molecule in mix (E_COSMO+dE+Mu)    :    -47990.11520 kcal/mol
 Total mean interaction energy in the mix          :        -5.72596 kcal/mol
 Misfit interaction energy in the mix              :         0.56682 kcal/mol
 H-Bond interaction energy in the mix              :        -4.86983 kcal/mol
 VdW interaction energy in the mix                 :        -4.35499 kcal/mol
 Gas liquid transition energy in the mix (H_glt)   :         2.93205 kcal/mol
 Normalized weight factor of molecule in compound  :         1.00000
 Normalized weight factor of molecule in gas phase :         1.00000

 Compound: 2 Conformer: 1 (1-octanol_c0)
 Chemical potential of the molecule in the mixture :         5.40616 kcal/mol
 Log10(partial pressure [mbar])                    :         3.16346
 Free energy of molecule in mix (E_COSMO+dE+Mu)    :   -245423.50927 kcal/mol
 Total mean interaction energy in the mix          :       -10.45283 kcal/mol
 Misfit interaction energy in the mix              :         3.31581 kcal/mol
 H-Bond interaction energy in the mix              :        -3.97185 kcal/mol
 VdW interaction energy in the mix                 :       -23.58991 kcal/mol
 Gas liquid transition energy in the mix (H_glt)   :        13.79313 kcal/mol
 Normalized weight factor of molecule in compound  :         0.29328
 Normalized weight factor of molecule in gas phase :         0.20746

 Compound: 2 Conformer: 2 (1-octanol_c1)
 Chemical potential of the molecule in the mixture :         5.24401 kcal/mol
 Log10(partial pressure [mbar])                    :         3.07052
 Free energy of molecule in mix (E_COSMO+dE+Mu)    :   -245423.48324 kcal/mol
 Total mean interaction energy in the mix          :       -10.60498 kcal/mol
 Misfit interaction energy in the mix              :         3.36256 kcal/mol
 H-Bond interaction energy in the mix              :        -4.14259 kcal/mol
 VdW interaction energy in the mix                 :       -23.61808 kcal/mol
 Gas liquid transition energy in the mix (H_glt)   :        13.79313 kcal/mol
 Normalized weight factor of molecule in compound  :         0.28082
 Normalized weight factor of molecule in gas phase :         0.16038

 Compound: 2 Conformer: 3 (1-octanol_c2)
 Chemical potential of the molecule in the mixture :         5.55999 kcal/mol
 Log10(partial pressure [mbar])                    :         3.46985
 Free energy of molecule in mix (E_COSMO+dE+Mu)    :   -245423.21836 kcal/mol
 Total mean interaction energy in the mix          :       -10.23147 kcal/mol
 Misfit interaction energy in the mix              :         3.26044 kcal/mol
 H-Bond interaction energy in the mix              :        -3.84551 kcal/mol
 VdW interaction energy in the mix                 :       -23.43953 kcal/mol
 Gas liquid transition energy in the mix (H_glt)   :        13.79313 kcal/mol
 Normalized weight factor of molecule in compound  :         0.18055
 Normalized weight factor of molecule in gas phase :         0.24928

 Compound: 2 Conformer: 4 (1-octanol_c3)
 Chemical potential of the molecule in the mixture :         5.66099 kcal/mol
 Log10(partial pressure [mbar])                    :         3.50199
 Free energy of molecule in mix (E_COSMO+dE+Mu)    :   -245423.03072 kcal/mol
 Total mean interaction energy in the mix          :       -10.25986 kcal/mol
 Misfit interaction energy in the mix              :         3.23474 kcal/mol
 H-Bond interaction energy in the mix              :        -3.79286 kcal/mol
 VdW interaction energy in the mix                 :       -23.49487 kcal/mol
 Gas liquid transition energy in the mix (H_glt)   :        13.79313 kcal/mol
 Normalized weight factor of molecule in compound  :         0.13204
 Normalized weight factor of molecule in gas phase :         0.20365

 Compound: 2 Conformer: 5 (1-octanol_c4)
 Chemical potential of the molecule in the mixture :         5.50843 kcal/mol
 Log10(partial pressure [mbar])                    :         3.51546
 Free energy of molecule in mix (E_COSMO+dE+Mu)    :   -245422.93899 kcal/mol
 Total mean interaction energy in the mix          :       -10.40963 kcal/mol
 Misfit interaction energy in the mix              :         3.22720 kcal/mol
 H-Bond interaction energy in the mix              :        -3.88817 kcal/mol
 VdW interaction energy in the mix                 :       -23.54179 kcal/mol
 Gas liquid transition energy in the mix (H_glt)   :        13.79313 kcal/mol
 Normalized weight factor of molecule in compound  :         0.11331
 Normalized weight factor of molecule in gas phase :         0.17924

 Compound: 3 Conformer: 1 (lacticacid_c0)
 Chemical potential of the molecule in the mixture :         5.91883 kcal/mol
 Log10(partial pressure [mbar])                    :        -1.05702
 Free energy of molecule in mix (E_COSMO+dE+Mu)    :   -215742.76131 kcal/mol
 Total mean interaction energy in the mix          :        -7.64080 kcal/mol
 Misfit interaction energy in the mix              :         1.90390 kcal/mol
 H-Bond interaction energy in the mix              :        -4.50427 kcal/mol
 VdW interaction energy in the mix                 :       -13.29227 kcal/mol
 Gas liquid transition energy in the mix (H_glt)   :         8.25184 kcal/mol
 Normalized weight factor of molecule in compound  :         0.03925
 Normalized weight factor of molecule in gas phase :         0.00530

 Compound: 3 Conformer: 2 (lacticacid_c1)
 Chemical potential of the molecule in the mixture :         6.05934 kcal/mol
 Log10(partial pressure [mbar])                    :        -0.55014
 Free energy of molecule in mix (E_COSMO+dE+Mu)    :   -215742.43931 kcal/mol
 Total mean interaction energy in the mix          :        -7.18673 kcal/mol
 Misfit interaction energy in the mix              :         2.02112 kcal/mol
 H-Bond interaction energy in the mix              :        -4.18958 kcal/mol
 VdW interaction energy in the mix                 :       -13.27011 kcal/mol
 Gas liquid transition energy in the mix (H_glt)   :         8.25184 kcal/mol
 Normalized weight factor of molecule in compound  :         0.02294
 Normalized weight factor of molecule in gas phase :         0.01022

 Compound: 3 Conformer: 3 (lacticacid_c2)
 Chemical potential of the molecule in the mixture :         4.21158 kcal/mol
 Log10(partial pressure [mbar])                    :         0.16208
 Free energy of molecule in mix (E_COSMO+dE+Mu)    :   -215743.39489 kcal/mol
 Total mean interaction energy in the mix          :        -8.30098 kcal/mol
 Misfit interaction energy in the mix              :         1.94656 kcal/mol
 H-Bond interaction energy in the mix              :        -5.14354 kcal/mol
 VdW interaction energy in the mix                 :       -13.35583 kcal/mol
 Gas liquid transition energy in the mix (H_glt)   :         8.25184 kcal/mol
 Normalized weight factor of molecule in compound  :         0.11291
 Normalized weight factor of molecule in gas phase :         0.94275

 Compound: 3 Conformer: 4 (lacticacid_c3)
 Chemical potential of the molecule in the mixture :         2.42716 kcal/mol
 Log10(partial pressure [mbar])                    :        -2.20599
 Free energy of molecule in mix (E_COSMO+dE+Mu)    :   -215743.75827 kcal/mol
 Total mean interaction energy in the mix          :       -10.47852 kcal/mol
 Misfit interaction energy in the mix              :         1.86862 kcal/mol
 H-Bond interaction energy in the mix              :        -7.26884 kcal/mol
 VdW interaction energy in the mix                 :       -13.33015 kcal/mol
 Gas liquid transition energy in the mix (H_glt)   :         8.25184 kcal/mol
 Normalized weight factor of molecule in compound  :         0.20697
 Normalized weight factor of molecule in gas phase :         0.02391

 Compound: 3 Conformer: 5 (lacticacid_c4)
 Chemical potential of the molecule in the mixture :         1.88050 kcal/mol
 Log10(partial pressure [mbar])                    :        -4.22153
 Free energy of molecule in mix (E_COSMO+dE+Mu)    :   -215744.21833 kcal/mol
 Total mean interaction energy in the mix          :       -11.44173 kcal/mol
 Misfit interaction energy in the mix              :         1.84659 kcal/mol
 H-Bond interaction energy in the mix              :        -8.18954 kcal/mol
 VdW interaction energy in the mix                 :       -13.35062 kcal/mol
 Gas liquid transition energy in the mix (H_glt)   :         8.25184 kcal/mol
 Normalized weight factor of molecule in compound  :         0.44575
 Normalized weight factor of molecule in gas phase :         0.00050

 Compound: 3 Conformer: 6 (lacticacid_c5)
 Chemical potential of the molecule in the mixture :         2.38755 kcal/mol
 Log10(partial pressure [mbar])                    :        -2.26545
 Free energy of molecule in mix (E_COSMO+dE+Mu)    :   -215743.64791 kcal/mol
 Total mean interaction energy in the mix          :       -10.55703 kcal/mol
 Misfit interaction energy in the mix              :         1.84281 kcal/mol
 H-Bond interaction energy in the mix              :        -7.29986 kcal/mol
 VdW interaction energy in the mix                 :       -13.35182 kcal/mol
 Gas liquid transition energy in the mix (H_glt)   :         8.25184 kcal/mol
 Normalized weight factor of molecule in compound  :         0.17218
 Normalized weight factor of molecule in gas phase :         0.01733




 Results for mixture 12 - LIQ_EX Phase 2 Iteration    5
 ----------------------
 Temperature          :    301.765 K
 Compound Nr.         :         1         2         3
 Compound             :       h2o 1-octanol lacticaci
 Mole Fraction        :    0.1376    0.8605    0.0019

 Compound: 1  (h2o)
 Chemical potential of the compound in the mixture :         4.32033 kcal/mol
 Log10(partial pressure [mbar])                    :         2.08957
 Free energy of molecule in mix (E_COSMO+dE+Mu)    :    -47988.93294 kcal/mol
 Total mean interaction energy in the mix (H_int)  :        -4.79451 kcal/mol
 Misfit interaction energy in the mix (H_MF)       :         1.14878 kcal/mol
 H-Bond interaction energy in the mix (H_HB)       :        -4.27316 kcal/mol
 VdW interaction energy in the mix (H_vdW)         :        -4.60217 kcal/mol
 Gas liquid transition energy in the mix (H_glt)   :         2.93205 kcal/mol
 Equilibrium constant Kx(1,2)                      :         7.18164
 Equilibrium concentration x_k(1,2)                :         0.87778

 Compound: 2  (1-octanol)
 Chemical potential of the compound in the mixture :        -0.86186 kcal/mol
 Log10(partial pressure [mbar])                    :        -0.69293
 Free energy of molecule in mix (E_COSMO+dE+Mu)    :   -245429.77729 kcal/mol
 Total mean interaction energy in the mix (H_int)  :       -11.07705 kcal/mol
 Misfit interaction energy in the mix (H_MF)       :         2.27073 kcal/mol
 H-Bond interaction energy in the mix (H_HB)       :        -2.88922 kcal/mol
 VdW interaction energy in the mix (H_vdW)         :       -24.43186 kcal/mol
 Gas liquid transition energy in the mix (H_glt)   :        13.79313 kcal/mol
 Equilibrium constant Kx(1,2)                      :  9.84602010E-05
 Equilibrium concentration x_k(1,2)                :         0.00010

 Compound: 3  (lacticacid)
 Chemical potential of the compound in the mixture :         4.07376 kcal/mol
 Log10(partial pressure [mbar])                    :        -1.19879
 Free energy of molecule in mix (E_COSMO+dE+Mu)    :   -215744.60638 kcal/mol
 Total mean interaction energy in the mix (H_int)  :        -5.89611 kcal/mol
 Misfit interaction energy in the mix (H_MF)       :         2.47403 kcal/mol
 H-Bond interaction energy in the mix (H_HB)       :        -4.11629 kcal/mol
 VdW interaction energy in the mix (H_vdW)         :       -14.07836 kcal/mol
 Gas liquid transition energy in the mix (H_glt)   :         8.25184 kcal/mol
 Equilibrium constant Kx(1,2)                      :         1.17456
 Equilibrium concentration x_k(1,2)                :         0.54014



 Compound: 1 Conformer: 1 (h2o_c0)
 Chemical potential of the molecule in the mixture :         4.32033 kcal/mol
 Log10(partial pressure [mbar])                    :         2.08957
 Free energy of molecule in mix (E_COSMO+dE+Mu)    :    -47988.93294 kcal/mol
 Total mean interaction energy in the mix          :        -4.79451 kcal/mol
 Misfit interaction energy in the mix              :         1.14878 kcal/mol
 H-Bond interaction energy in the mix              :        -4.27316 kcal/mol
 VdW interaction energy in the mix                 :        -4.60217 kcal/mol
 Gas liquid transition energy in the mix (H_glt)   :         2.93205 kcal/mol
 Normalized weight factor of molecule in compound  :         1.00000
 Normalized weight factor of molecule in gas phase :         1.00000

 Compound: 2 Conformer: 1 (1-octanol_c0)
 Chemical potential of the molecule in the mixture :        -0.10078 kcal/mol
 Log10(partial pressure [mbar])                    :        -0.82480
 Free energy of molecule in mix (E_COSMO+dE+Mu)    :   -245429.01621 kcal/mol
 Total mean interaction energy in the mix          :       -11.29103 kcal/mol
 Misfit interaction energy in the mix              :         2.30799 kcal/mol
 H-Bond interaction energy in the mix              :        -2.92426 kcal/mol
 VdW interaction energy in the mix                 :       -24.46789 kcal/mol
 Gas liquid transition energy in the mix (H_glt)   :        13.79313 kcal/mol
 Normalized weight factor of molecule in compound  :         0.28106
 Normalized weight factor of molecule in gas phase :         0.20746

 Compound: 2 Conformer: 2 (1-octanol_c1)
 Chemical potential of the molecule in the mixture :        -0.26178 kcal/mol
 Log10(partial pressure [mbar])                    :        -0.91690
 Free energy of molecule in mix (E_COSMO+dE+Mu)    :   -245428.98902 kcal/mol
 Total mean interaction energy in the mix          :       -11.56330 kcal/mol
 Misfit interaction energy in the mix              :         2.25924 kcal/mol
 H-Bond interaction energy in the mix              :        -3.11848 kcal/mol
 VdW interaction energy in the mix                 :       -24.49720 kcal/mol
 Gas liquid transition energy in the mix (H_glt)   :        13.79313 kcal/mol
 Normalized weight factor of molecule in compound  :         0.26861
 Normalized weight factor of molecule in gas phase :         0.16038

 Compound: 2 Conformer: 3 (1-octanol_c2)
 Chemical potential of the molecule in the mixture :         0.29484 kcal/mol
 Log10(partial pressure [mbar])                    :        -0.34330
 Free energy of molecule in mix (E_COSMO+dE+Mu)    :   -245428.48351 kcal/mol
 Total mean interaction energy in the mix          :       -10.77376 kcal/mol
 Misfit interaction energy in the mix              :         2.34071 kcal/mol
 H-Bond interaction energy in the mix              :        -2.58868 kcal/mol
 VdW interaction energy in the mix                 :       -24.31892 kcal/mol
 Gas liquid transition energy in the mix (H_glt)   :        13.79313 kcal/mol
 Normalized weight factor of molecule in compound  :         0.11561
 Normalized weight factor of molecule in gas phase :         0.24928

 Compound: 2 Conformer: 4 (1-octanol_c3)
 Chemical potential of the molecule in the mixture :        -0.04212 kcal/mol
 Log10(partial pressure [mbar])                    :        -0.62834
 Free energy of molecule in mix (E_COSMO+dE+Mu)    :   -245428.73382 kcal/mol
 Total mean interaction energy in the mix          :       -11.03971 kcal/mol
 Misfit interaction energy in the mix              :         2.25810 kcal/mol
 H-Bond interaction energy in the mix              :        -2.72421 kcal/mol
 VdW interaction energy in the mix                 :       -24.36673 kcal/mol
 Gas liquid transition energy in the mix (H_glt)   :        13.79313 kcal/mol
 Normalized weight factor of molecule in compound  :         0.17551
 Normalized weight factor of molecule in gas phase :         0.20365

 Compound: 2 Conformer: 5 (1-octanol_c4)
 Chemical potential of the molecule in the mixture :        -0.22795 kcal/mol
 Log10(partial pressure [mbar])                    :        -0.63897
 Free energy of molecule in mix (E_COSMO+dE+Mu)    :   -245428.67538 kcal/mol
 Total mean interaction energy in the mix          :       -11.27199 kcal/mol
 Misfit interaction energy in the mix              :         2.18744 kcal/mol
 H-Bond interaction energy in the mix              :        -2.84071 kcal/mol
 VdW interaction energy in the mix                 :       -24.41184 kcal/mol
 Gas liquid transition energy in the mix (H_glt)   :        13.79313 kcal/mol
 Normalized weight factor of molecule in compound  :         0.15921
 Normalized weight factor of molecule in gas phase :         0.17924

 Compound: 3 Conformer: 1 (lacticacid_c0)
 Chemical potential of the molecule in the mixture :         5.89614 kcal/mol
 Log10(partial pressure [mbar])                    :        -1.07345
 Free energy of molecule in mix (E_COSMO+dE+Mu)    :   -215742.78400 kcal/mol
 Total mean interaction energy in the mix          :        -5.73046 kcal/mol
 Misfit interaction energy in the mix              :         2.99215 kcal/mol
 H-Bond interaction energy in the mix              :        -2.93094 kcal/mol
 VdW interaction energy in the mix                 :       -14.04351 kcal/mol
 Gas liquid transition energy in the mix (H_glt)   :         8.25184 kcal/mol
 Normalized weight factor of molecule in compound  :         0.04788
 Normalized weight factor of molecule in gas phase :         0.00530

 Compound: 3 Conformer: 2 (lacticacid_c1)
 Chemical potential of the molecule in the mixture :         6.12548 kcal/mol
 Log10(partial pressure [mbar])                    :        -0.50224
 Free energy of molecule in mix (E_COSMO+dE+Mu)    :   -215742.37316 kcal/mol
 Total mean interaction energy in the mix          :        -5.38878 kcal/mol
 Misfit interaction energy in the mix              :         3.01269 kcal/mol
 H-Bond interaction energy in the mix              :        -2.63669 kcal/mol
 VdW interaction energy in the mix                 :       -14.01661 kcal/mol
 Gas liquid transition energy in the mix (H_glt)   :         8.25184 kcal/mol
 Normalized weight factor of molecule in compound  :         0.02414
 Normalized weight factor of molecule in gas phase :         0.01022

 Compound: 3 Conformer: 3 (lacticacid_c2)
 Chemical potential of the molecule in the mixture :         3.36352 kcal/mol
 Log10(partial pressure [mbar])                    :        -0.45211
 Free energy of molecule in mix (E_COSMO+dE+Mu)    :   -215744.24295 kcal/mol
 Total mean interaction energy in the mix          :        -7.02558 kcal/mol
 Misfit interaction energy in the mix              :         2.32931 kcal/mol
 H-Bond interaction energy in the mix              :        -3.52110 kcal/mol
 VdW interaction energy in the mix                 :       -14.08564 kcal/mol
 Gas liquid transition energy in the mix (H_glt)   :         8.25184 kcal/mol
 Normalized weight factor of molecule in compound  :         0.54550
 Normalized weight factor of molecule in gas phase :         0.94275

 Compound: 3 Conformer: 4 (lacticacid_c3)
 Chemical potential of the molecule in the mixture :         2.70392 kcal/mol
 Log10(partial pressure [mbar])                    :        -2.00556
 Free energy of molecule in mix (E_COSMO+dE+Mu)    :   -215743.48151 kcal/mol
 Total mean interaction energy in the mix          :        -8.28869 kcal/mol
 Misfit interaction energy in the mix              :         2.52038 kcal/mol
 H-Bond interaction energy in the mix              :        -5.00302 kcal/mol
 VdW interaction energy in the mix                 :       -14.05789 kcal/mol
 Gas liquid transition energy in the mix (H_glt)   :         8.25184 kcal/mol
 Normalized weight factor of molecule in compound  :         0.15323
 Normalized weight factor of molecule in gas phase :         0.02391

 Compound: 3 Conformer: 5 (lacticacid_c4)
 Chemical potential of the molecule in the mixture :         2.90907 kcal/mol
 Log10(partial pressure [mbar])                    :        -3.47662
 Free energy of molecule in mix (E_COSMO+dE+Mu)    :   -215743.18976 kcal/mol
 Total mean interaction energy in the mix          :        -8.73762 kcal/mol
 Misfit interaction energy in the mix              :         2.80453 kcal/mol
 H-Bond interaction energy in the mix              :        -5.69754 kcal/mol
 VdW interaction energy in the mix                 :       -14.09645 kcal/mol
 Gas liquid transition energy in the mix (H_glt)   :         8.25184 kcal/mol
 Normalized weight factor of molecule in compound  :         0.09420
 Normalized weight factor of molecule in gas phase :         0.00050

 Compound: 3 Conformer: 6 (lacticacid_c5)
 Chemical potential of the molecule in the mixture :         2.62966 kcal/mol
 Log10(partial pressure [mbar])                    :        -2.09011
 Free energy of molecule in mix (E_COSMO+dE+Mu)    :   -215743.40580 kcal/mol
 Total mean interaction energy in the mix          :        -8.43166 kcal/mol
 Misfit interaction energy in the mix              :         2.49550 kcal/mol
 H-Bond interaction energy in the mix              :        -5.09604 kcal/mol
 VdW interaction energy in the mix                 :       -14.08297 kcal/mol
 Gas liquid transition energy in the mix (H_glt)   :         8.25184 kcal/mol
 Normalized weight factor of molecule in compound  :         0.13506
 Normalized weight factor of molecule in gas phase :         0.01733




 Results for mixture 13 - LIQ_EX Phase 1 Iteration    6
 ----------------------
 Temperature          :    301.765 K
 Compound Nr.         :         1         2         3
 Compound             :       h2o 1-octanol lacticaci
 Mole Fraction        :    0.9976    0.0000    0.0023

 Compound: 1  (h2o)
 Chemical potential of the compound in the mixture :         3.13807 kcal/mol
 Log10(partial pressure [mbar])                    :         1.23335
 Free energy of molecule in mix (E_COSMO+dE+Mu)    :    -47990.11520 kcal/mol
 Total mean interaction energy in the mix (H_int)  :        -5.72595 kcal/mol
 Misfit interaction energy in the mix (H_MF)       :         0.56682 kcal/mol
 H-Bond interaction energy in the mix (H_HB)       :        -4.86983 kcal/mol
 VdW interaction energy in the mix (H_vdW)         :        -4.35499 kcal/mol
 Gas liquid transition energy in the mix (H_glt)   :         2.93205 kcal/mol

 Compound: 2  (1-octanol)
 Chemical potential of the compound in the mixture :         4.67075 kcal/mol
 Log10(partial pressure [mbar])                    :         3.31393
 Free energy of molecule in mix (E_COSMO+dE+Mu)    :   -245424.24468 kcal/mol
 Total mean interaction energy in the mix (H_int)  :       -10.26504 kcal/mol
 Misfit interaction energy in the mix (H_MF)       :         3.29816 kcal/mol
 H-Bond interaction energy in the mix (H_HB)       :        -3.96388 kcal/mol
 VdW interaction energy in the mix (H_vdW)         :       -23.55263 kcal/mol
 Gas liquid transition energy in the mix (H_glt)   :        13.79313 kcal/mol

 Compound: 3  (lacticacid)
 Chemical potential of the compound in the mixture :         3.97730 kcal/mol
 Log10(partial pressure [mbar])                    :        -1.26865
 Free energy of molecule in mix (E_COSMO+dE+Mu)    :   -215744.70284 kcal/mol
 Total mean interaction energy in the mix (H_int)  :        -8.24095 kcal/mol
 Misfit interaction energy in the mix (H_MF)       :         1.86802 kcal/mol
 H-Bond interaction energy in the mix (H_HB)       :        -7.26549 kcal/mol
 VdW interaction energy in the mix (H_vdW)         :       -13.34302 kcal/mol
 Gas liquid transition energy in the mix (H_glt)   :         8.25184 kcal/mol



 Compound: 1 Conformer: 1 (h2o_c0)
 Chemical potential of the molecule in the mixture :         3.13807 kcal/mol
 Log10(partial pressure [mbar])                    :         1.23335
 Free energy of molecule in mix (E_COSMO+dE+Mu)    :    -47990.11520 kcal/mol
 Total mean interaction energy in the mix          :        -5.72595 kcal/mol
 Misfit interaction energy in the mix              :         0.56682 kcal/mol
 H-Bond interaction energy in the mix              :        -4.86983 kcal/mol
 VdW interaction energy in the mix                 :        -4.35499 kcal/mol
 Gas liquid transition energy in the mix (H_glt)   :         2.93205 kcal/mol
 Normalized weight factor of molecule in compound  :         1.00000
 Normalized weight factor of molecule in gas phase :         1.00000

 Compound: 2 Conformer: 1 (1-octanol_c0)
 Chemical potential of the molecule in the mixture :         5.40631 kcal/mol
 Log10(partial pressure [mbar])                    :         3.16357
 Free energy of molecule in mix (E_COSMO+dE+Mu)    :   -245423.50911 kcal/mol
 Total mean interaction energy in the mix          :       -10.45282 kcal/mol
 Misfit interaction energy in the mix              :         3.31577 kcal/mol
 H-Bond interaction energy in the mix              :        -3.97185 kcal/mol
 VdW interaction energy in the mix                 :       -23.58987 kcal/mol
 Gas liquid transition energy in the mix (H_glt)   :        13.79313 kcal/mol
 Normalized weight factor of molecule in compound  :         0.29328
 Normalized weight factor of molecule in gas phase :         0.20746

 Compound: 2 Conformer: 2 (1-octanol_c1)
 Chemical potential of the molecule in the mixture :         5.24416 kcal/mol
 Log10(partial pressure [mbar])                    :         3.07064
 Free energy of molecule in mix (E_COSMO+dE+Mu)    :   -245423.48308 kcal/mol
 Total mean interaction energy in the mix          :       -10.60497 kcal/mol
 Misfit interaction energy in the mix              :         3.36253 kcal/mol
 H-Bond interaction energy in the mix              :        -4.14260 kcal/mol
 VdW interaction energy in the mix                 :       -23.61803 kcal/mol
 Gas liquid transition energy in the mix (H_glt)   :        13.79313 kcal/mol
 Normalized weight factor of molecule in compound  :         0.28082
 Normalized weight factor of molecule in gas phase :         0.16038

 Compound: 2 Conformer: 3 (1-octanol_c2)
 Chemical potential of the molecule in the mixture :         5.56015 kcal/mol
 Log10(partial pressure [mbar])                    :         3.46996
 Free energy of molecule in mix (E_COSMO+dE+Mu)    :   -245423.21820 kcal/mol
 Total mean interaction energy in the mix          :       -10.23147 kcal/mol
 Misfit interaction energy in the mix              :         3.26041 kcal/mol
 H-Bond interaction energy in the mix              :        -3.84552 kcal/mol
 VdW interaction energy in the mix                 :       -23.43949 kcal/mol
 Gas liquid transition energy in the mix (H_glt)   :        13.79313 kcal/mol
 Normalized weight factor of molecule in compound  :         0.18055
 Normalized weight factor of molecule in gas phase :         0.24928

 Compound: 2 Conformer: 4 (1-octanol_c3)
 Chemical potential of the molecule in the mixture :         5.66115 kcal/mol
 Log10(partial pressure [mbar])                    :         3.50210
 Free energy of molecule in mix (E_COSMO+dE+Mu)    :   -245423.03056 kcal/mol
 Total mean interaction energy in the mix          :       -10.25986 kcal/mol
 Misfit interaction energy in the mix              :         3.23470 kcal/mol
 H-Bond interaction energy in the mix              :        -3.79287 kcal/mol
 VdW interaction energy in the mix                 :       -23.49482 kcal/mol
 Gas liquid transition energy in the mix (H_glt)   :        13.79313 kcal/mol
 Normalized weight factor of molecule in compound  :         0.13204
 Normalized weight factor of molecule in gas phase :         0.20365

 Compound: 2 Conformer: 5 (1-octanol_c4)
 Chemical potential of the molecule in the mixture :         5.50859 kcal/mol
 Log10(partial pressure [mbar])                    :         3.51557
 Free energy of molecule in mix (E_COSMO+dE+Mu)    :   -245422.93883 kcal/mol
 Total mean interaction energy in the mix          :       -10.40963 kcal/mol
 Misfit interaction energy in the mix              :         3.22717 kcal/mol
 H-Bond interaction energy in the mix              :        -3.88817 kcal/mol
 VdW interaction energy in the mix                 :       -23.54175 kcal/mol
 Gas liquid transition energy in the mix (H_glt)   :        13.79313 kcal/mol
 Normalized weight factor of molecule in compound  :         0.11331
 Normalized weight factor of molecule in gas phase :         0.17924

 Compound: 3 Conformer: 1 (lacticacid_c0)
 Chemical potential of the molecule in the mixture :         5.91886 kcal/mol
 Log10(partial pressure [mbar])                    :        -1.05700
 Free energy of molecule in mix (E_COSMO+dE+Mu)    :   -215742.76128 kcal/mol
 Total mean interaction energy in the mix          :        -7.64082 kcal/mol
 Misfit interaction energy in the mix              :         1.90388 kcal/mol
 H-Bond interaction energy in the mix              :        -4.50430 kcal/mol
 VdW interaction energy in the mix                 :       -13.29224 kcal/mol
 Gas liquid transition energy in the mix (H_glt)   :         8.25184 kcal/mol
 Normalized weight factor of molecule in compound  :         0.03925
 Normalized weight factor of molecule in gas phase :         0.00530

 Compound: 3 Conformer: 2 (lacticacid_c1)
 Chemical potential of the molecule in the mixture :         6.05937 kcal/mol
 Log10(partial pressure [mbar])                    :        -0.55012
 Free energy of molecule in mix (E_COSMO+dE+Mu)    :   -215742.43927 kcal/mol
 Total mean interaction energy in the mix          :        -7.18675 kcal/mol
 Misfit interaction energy in the mix              :         2.02110 kcal/mol
 H-Bond interaction energy in the mix              :        -4.18960 kcal/mol
 VdW interaction energy in the mix                 :       -13.27008 kcal/mol
 Gas liquid transition energy in the mix (H_glt)   :         8.25184 kcal/mol
 Normalized weight factor of molecule in compound  :         0.02294
 Normalized weight factor of molecule in gas phase :         0.01022

 Compound: 3 Conformer: 3 (lacticacid_c2)
 Chemical potential of the molecule in the mixture :         4.21162 kcal/mol
 Log10(partial pressure [mbar])                    :         0.16211
 Free energy of molecule in mix (E_COSMO+dE+Mu)    :   -215743.39484 kcal/mol
 Total mean interaction energy in the mix          :        -8.30099 kcal/mol
 Misfit interaction energy in the mix              :         1.94654 kcal/mol
 H-Bond interaction energy in the mix              :        -5.14357 kcal/mol
 VdW interaction energy in the mix                 :       -13.35581 kcal/mol
 Gas liquid transition energy in the mix (H_glt)   :         8.25184 kcal/mol
 Normalized weight factor of molecule in compound  :         0.11291
 Normalized weight factor of molecule in gas phase :         0.94275

 Compound: 3 Conformer: 4 (lacticacid_c3)
 Chemical potential of the molecule in the mixture :         2.42719 kcal/mol
 Log10(partial pressure [mbar])                    :        -2.20598
 Free energy of molecule in mix (E_COSMO+dE+Mu)    :   -215743.75824 kcal/mol
 Total mean interaction energy in the mix          :       -10.47855 kcal/mol
 Misfit interaction energy in the mix              :         1.86860 kcal/mol
 H-Bond interaction energy in the mix              :        -7.26887 kcal/mol
 VdW interaction energy in the mix                 :       -13.33012 kcal/mol
 Gas liquid transition energy in the mix (H_glt)   :         8.25184 kcal/mol
 Normalized weight factor of molecule in compound  :         0.20697
 Normalized weight factor of molecule in gas phase :         0.02391

 Compound: 3 Conformer: 5 (lacticacid_c4)
 Chemical potential of the molecule in the mixture :         1.88052 kcal/mol
 Log10(partial pressure [mbar])                    :        -4.22152
 Free energy of molecule in mix (E_COSMO+dE+Mu)    :   -215744.21831 kcal/mol
 Total mean interaction energy in the mix          :       -11.44176 kcal/mol
 Misfit interaction energy in the mix              :         1.84657 kcal/mol
 H-Bond interaction energy in the mix              :        -8.18957 kcal/mol
 VdW interaction energy in the mix                 :       -13.35060 kcal/mol
 Gas liquid transition energy in the mix (H_glt)   :         8.25184 kcal/mol
 Normalized weight factor of molecule in compound  :         0.44575
 Normalized weight factor of molecule in gas phase :         0.00050

 Compound: 3 Conformer: 6 (lacticacid_c5)
 Chemical potential of the molecule in the mixture :         2.38758 kcal/mol
 Log10(partial pressure [mbar])                    :        -2.26543
 Free energy of molecule in mix (E_COSMO+dE+Mu)    :   -215743.64789 kcal/mol
 Total mean interaction energy in the mix          :       -10.55706 kcal/mol
 Misfit interaction energy in the mix              :         1.84279 kcal/mol
 H-Bond interaction energy in the mix              :        -7.29989 kcal/mol
 VdW interaction energy in the mix                 :       -13.35180 kcal/mol
 Gas liquid transition energy in the mix (H_glt)   :         8.25184 kcal/mol
 Normalized weight factor of molecule in compound  :         0.17218
 Normalized weight factor of molecule in gas phase :         0.01733




 Results for mixture 14 - LIQ_EX Phase 2 Iteration    6
 ----------------------
 Temperature          :    301.765 K
 Compound Nr.         :         1         2         3
 Compound             :       h2o 1-octanol lacticaci
 Mole Fraction        :    0.1386    0.8595    0.0019

 Compound: 1  (h2o)
 Chemical potential of the compound in the mixture :         4.31926 kcal/mol
 Log10(partial pressure [mbar])                    :         2.08880
 Free energy of molecule in mix (E_COSMO+dE+Mu)    :    -47988.93401 kcal/mol
 Total mean interaction energy in the mix (H_int)  :        -4.79617 kcal/mol
 Misfit interaction energy in the mix (H_MF)       :         1.14772 kcal/mol
 H-Bond interaction energy in the mix (H_HB)       :        -4.27391 kcal/mol
 VdW interaction energy in the mix (H_vdW)         :        -4.60203 kcal/mol
 Gas liquid transition energy in the mix (H_glt)   :         2.93205 kcal/mol
 Equilibrium constant Kx(1,2)                      :         7.16885
 Equilibrium concentration x_k(1,2)                :         0.87758

 Compound: 2  (1-octanol)
 Chemical potential of the compound in the mixture :        -0.86169 kcal/mol
 Log10(partial pressure [mbar])                    :        -0.69280
 Free energy of molecule in mix (E_COSMO+dE+Mu)    :   -245429.77712 kcal/mol
 Total mean interaction energy in the mix (H_int)  :       -11.07776 kcal/mol
 Misfit interaction energy in the mix (H_MF)       :         2.27111 kcal/mol
 H-Bond interaction energy in the mix (H_HB)       :        -2.89057 kcal/mol
 VdW interaction energy in the mix (H_vdW)         :       -24.43158 kcal/mol
 Gas liquid transition energy in the mix (H_glt)   :        13.79313 kcal/mol
 Equilibrium constant Kx(1,2)                      :  9.84625864E-05
 Equilibrium concentration x_k(1,2)                :         0.00010

 Compound: 3  (lacticacid)
 Chemical potential of the compound in the mixture :         4.07234 kcal/mol
 Log10(partial pressure [mbar])                    :        -1.19981
 Free energy of molecule in mix (E_COSMO+dE+Mu)    :   -215744.60780 kcal/mol
 Total mean interaction energy in the mix (H_int)  :        -5.89848 kcal/mol
 Misfit interaction energy in the mix (H_MF)       :         2.47299 kcal/mol
 H-Bond interaction energy in the mix (H_HB)       :        -4.11842 kcal/mol
 VdW interaction energy in the mix (H_vdW)         :       -14.07807 kcal/mol
 Gas liquid transition energy in the mix (H_glt)   :         8.25184 kcal/mol
 Equilibrium constant Kx(1,2)                      :         1.17174
 Equilibrium concentration x_k(1,2)                :         0.53954



 Compound: 1 Conformer: 1 (h2o_c0)
 Chemical potential of the molecule in the mixture :         4.31926 kcal/mol
 Log10(partial pressure [mbar])                    :         2.08880
 Free energy of molecule in mix (E_COSMO+dE+Mu)    :    -47988.93401 kcal/mol
 Total mean interaction energy in the mix          :        -4.79617 kcal/mol
 Misfit interaction energy in the mix              :         1.14772 kcal/mol
 H-Bond interaction energy in the mix              :        -4.27391 kcal/mol
 VdW interaction energy in the mix                 :        -4.60203 kcal/mol
 Gas liquid transition energy in the mix (H_glt)   :         2.93205 kcal/mol
 Normalized weight factor of molecule in compound  :         1.00000
 Normalized weight factor of molecule in gas phase :         1.00000

 Compound: 2 Conformer: 1 (1-octanol_c0)
 Chemical potential of the molecule in the mixture :        -0.10062 kcal/mol
 Log10(partial pressure [mbar])                    :        -0.82469
 Free energy of molecule in mix (E_COSMO+dE+Mu)    :   -245429.01605 kcal/mol
 Total mean interaction energy in the mix          :       -11.29176 kcal/mol
 Misfit interaction energy in the mix              :         2.30835 kcal/mol
 H-Bond interaction energy in the mix              :        -2.92563 kcal/mol
 VdW interaction energy in the mix                 :       -24.46761 kcal/mol
 Gas liquid transition energy in the mix (H_glt)   :        13.79313 kcal/mol
 Normalized weight factor of molecule in compound  :         0.28107
 Normalized weight factor of molecule in gas phase :         0.20746

 Compound: 2 Conformer: 2 (1-octanol_c1)
 Chemical potential of the molecule in the mixture :        -0.26167 kcal/mol
 Log10(partial pressure [mbar])                    :        -0.91683
 Free energy of molecule in mix (E_COSMO+dE+Mu)    :   -245428.98892 kcal/mol
 Total mean interaction energy in the mix          :       -11.56406 kcal/mol
 Misfit interaction energy in the mix              :         2.25961 kcal/mol
 H-Bond interaction energy in the mix              :        -3.11989 kcal/mol
 VdW interaction energy in the mix                 :       -24.49691 kcal/mol
 Gas liquid transition energy in the mix (H_glt)   :        13.79313 kcal/mol
 Normalized weight factor of molecule in compound  :         0.26864
 Normalized weight factor of molecule in gas phase :         0.16038

 Compound: 2 Conformer: 3 (1-octanol_c2)
 Chemical potential of the molecule in the mixture :         0.29476 kcal/mol
 Log10(partial pressure [mbar])                    :        -0.34336
 Free energy of molecule in mix (E_COSMO+dE+Mu)    :   -245428.48358 kcal/mol
 Total mean interaction energy in the mix          :       -10.77469 kcal/mol
 Misfit interaction energy in the mix              :         2.34111 kcal/mol
 H-Bond interaction energy in the mix              :        -2.59030 kcal/mol
 VdW interaction energy in the mix                 :       -24.31863 kcal/mol
 Gas liquid transition energy in the mix (H_glt)   :        13.79313 kcal/mol
 Normalized weight factor of molecule in compound  :         0.11566
 Normalized weight factor of molecule in gas phase :         0.24928

 Compound: 2 Conformer: 4 (1-octanol_c3)
 Chemical potential of the molecule in the mixture :        -0.04176 kcal/mol
 Log10(partial pressure [mbar])                    :        -0.62808
 Free energy of molecule in mix (E_COSMO+dE+Mu)    :   -245428.73346 kcal/mol
 Total mean interaction energy in the mix          :       -11.04020 kcal/mol
 Misfit interaction energy in the mix              :         2.25848 kcal/mol
 H-Bond interaction energy in the mix              :        -2.72535 kcal/mol
 VdW interaction energy in the mix                 :       -24.36646 kcal/mol
 Gas liquid transition energy in the mix (H_glt)   :        13.79313 kcal/mol
 Normalized weight factor of molecule in compound  :         0.17545
 Normalized weight factor of molecule in gas phase :         0.20365

 Compound: 2 Conformer: 5 (1-octanol_c4)
 Chemical potential of the molecule in the mixture :        -0.22766 kcal/mol
 Log10(partial pressure [mbar])                    :        -0.63877
 Free energy of molecule in mix (E_COSMO+dE+Mu)    :   -245428.67509 kcal/mol
 Total mean interaction energy in the mix          :       -11.27257 kcal/mol
 Misfit interaction energy in the mix              :         2.18779 kcal/mol
 H-Bond interaction energy in the mix              :        -2.84192 kcal/mol
 VdW interaction energy in the mix                 :       -24.41157 kcal/mol
 Gas liquid transition energy in the mix (H_glt)   :        13.79313 kcal/mol
 Normalized weight factor of molecule in compound  :         0.15918
 Normalized weight factor of molecule in gas phase :         0.17924

 Compound: 3 Conformer: 1 (lacticacid_c0)
 Chemical potential of the molecule in the mixture :         5.89449 kcal/mol
 Log10(partial pressure [mbar])                    :        -1.07465
 Free energy of molecule in mix (E_COSMO+dE+Mu)    :   -215742.78566 kcal/mol
 Total mean interaction energy in the mix          :        -5.73302 kcal/mol
 Misfit interaction energy in the mix              :         2.99044 kcal/mol
 H-Bond interaction energy in the mix              :        -2.93207 kcal/mol
 VdW interaction energy in the mix                 :       -14.04324 kcal/mol
 Gas liquid transition energy in the mix (H_glt)   :         8.25184 kcal/mol
 Normalized weight factor of molecule in compound  :         0.04790
 Normalized weight factor of molecule in gas phase :         0.00530

 Compound: 3 Conformer: 2 (lacticacid_c1)
 Chemical potential of the molecule in the mixture :         6.12374 kcal/mol
 Log10(partial pressure [mbar])                    :        -0.50351
 Free energy of molecule in mix (E_COSMO+dE+Mu)    :   -215742.37491 kcal/mol
 Total mean interaction energy in the mix          :        -5.39103 kcal/mol
 Misfit interaction energy in the mix              :         3.01125 kcal/mol
 H-Bond interaction energy in the mix              :        -2.63779 kcal/mol
 VdW interaction energy in the mix                 :       -14.01633 kcal/mol
 Gas liquid transition energy in the mix (H_glt)   :         8.25184 kcal/mol
 Normalized weight factor of molecule in compound  :         0.02415
 Normalized weight factor of molecule in gas phase :         0.01022

 Compound: 3 Conformer: 3 (lacticacid_c2)
 Chemical potential of the molecule in the mixture :         3.36253 kcal/mol
 Log10(partial pressure [mbar])                    :        -0.45282
 Free energy of molecule in mix (E_COSMO+dE+Mu)    :   -215744.24393 kcal/mol
 Total mean interaction energy in the mix          :        -7.02747 kcal/mol
 Misfit interaction energy in the mix              :         2.32843 kcal/mol
 H-Bond interaction energy in the mix              :        -3.52237 kcal/mol
 VdW interaction energy in the mix                 :       -14.08537 kcal/mol
 Gas liquid transition energy in the mix (H_glt)   :         8.25184 kcal/mol
 Normalized weight factor of molecule in compound  :         0.54510
 Normalized weight factor of molecule in gas phase :         0.94275

 Compound: 3 Conformer: 4 (lacticacid_c3)
 Chemical potential of the molecule in the mixture :         2.70203 kcal/mol
 Log10(partial pressure [mbar])                    :        -2.00693
 Free energy of molecule in mix (E_COSMO+dE+Mu)    :   -215743.48340 kcal/mol
 Total mean interaction energy in the mix          :        -8.29156 kcal/mol
 Misfit interaction energy in the mix              :         2.51894 kcal/mol
 H-Bond interaction energy in the mix              :        -5.00477 kcal/mol
 VdW interaction energy in the mix                 :       -14.05758 kcal/mol
 Gas liquid transition energy in the mix (H_glt)   :         8.25184 kcal/mol
 Normalized weight factor of molecule in compound  :         0.15335
 Normalized weight factor of molecule in gas phase :         0.02391

 Compound: 3 Conformer: 5 (lacticacid_c4)
 Chemical potential of the molecule in the mixture :         2.90676 kcal/mol
 Log10(partial pressure [mbar])                    :        -3.47829
 Free energy of molecule in mix (E_COSMO+dE+Mu)    :   -215743.19207 kcal/mol
 Total mean interaction energy in the mix          :        -8.74139 kcal/mol
 Misfit interaction energy in the mix              :         2.80286 kcal/mol
 H-Bond interaction energy in the mix              :        -5.69999 kcal/mol
 VdW interaction energy in the mix                 :       -14.09611 kcal/mol
 Gas liquid transition energy in the mix (H_glt)   :         8.25184 kcal/mol
 Normalized weight factor of molecule in compound  :         0.09434
 Normalized weight factor of molecule in gas phase :         0.00050

 Compound: 3 Conformer: 6 (lacticacid_c5)
 Chemical potential of the molecule in the mixture :         2.62780 kcal/mol
 Log10(partial pressure [mbar])                    :        -2.09145
 Free energy of molecule in mix (E_COSMO+dE+Mu)    :   -215743.40766 kcal/mol
 Total mean interaction energy in the mix          :        -8.43452 kcal/mol
 Misfit interaction energy in the mix              :         2.49404 kcal/mol
 H-Bond interaction energy in the mix              :        -5.09775 kcal/mol
 VdW interaction energy in the mix                 :       -14.08265 kcal/mol
 Gas liquid transition energy in the mix (H_glt)   :         8.25184 kcal/mol
 Normalized weight factor of molecule in compound  :         0.13516
 Normalized weight factor of molecule in gas phase :         0.01733




 Results for mixture 15 - LIQ_EX Phase 1 Iteration    7
 ----------------------
 Temperature          :    301.765 K
 Compound Nr.         :         1         2         3
 Compound             :       h2o 1-octanol lacticaci
 Mole Fraction        :    0.9976    0.0000    0.0023

 Compound: 1  (h2o)
 Chemical potential of the compound in the mixture :         3.13807 kcal/mol
 Log10(partial pressure [mbar])                    :         1.23335
 Free energy of molecule in mix (E_COSMO+dE+Mu)    :    -47990.11520 kcal/mol
 Total mean interaction energy in the mix (H_int)  :        -5.72595 kcal/mol
 Misfit interaction energy in the mix (H_MF)       :         0.56682 kcal/mol
 H-Bond interaction energy in the mix (H_HB)       :        -4.86983 kcal/mol
 VdW interaction energy in the mix (H_vdW)         :        -4.35498 kcal/mol
 Gas liquid transition energy in the mix (H_glt)   :         2.93205 kcal/mol

 Compound: 2  (1-octanol)
 Chemical potential of the compound in the mixture :         4.67081 kcal/mol
 Log10(partial pressure [mbar])                    :         3.31398
 Free energy of molecule in mix (E_COSMO+dE+Mu)    :   -245424.24461 kcal/mol
 Total mean interaction energy in the mix (H_int)  :       -10.26504 kcal/mol
 Misfit interaction energy in the mix (H_MF)       :         3.29815 kcal/mol
 H-Bond interaction energy in the mix (H_HB)       :        -3.96388 kcal/mol
 VdW interaction energy in the mix (H_vdW)         :       -23.55261 kcal/mol
 Gas liquid transition energy in the mix (H_glt)   :        13.79313 kcal/mol

 Compound: 3  (lacticacid)
 Chemical potential of the compound in the mixture :         3.97731 kcal/mol
 Log10(partial pressure [mbar])                    :        -1.26864
 Free energy of molecule in mix (E_COSMO+dE+Mu)    :   -215744.70283 kcal/mol
 Total mean interaction energy in the mix (H_int)  :        -8.24097 kcal/mol
 Misfit interaction energy in the mix (H_MF)       :         1.86801 kcal/mol
 H-Bond interaction energy in the mix (H_HB)       :        -7.26551 kcal/mol
 VdW interaction energy in the mix (H_vdW)         :       -13.34301 kcal/mol
 Gas liquid transition energy in the mix (H_glt)   :         8.25184 kcal/mol



 Compound: 1 Conformer: 1 (h2o_c0)
 Chemical potential of the molecule in the mixture :         3.13807 kcal/mol
 Log10(partial pressure [mbar])                    :         1.23335
 Free energy of molecule in mix (E_COSMO+dE+Mu)    :    -47990.11520 kcal/mol
 Total mean interaction energy in the mix          :        -5.72595 kcal/mol
 Misfit interaction energy in the mix              :         0.56682 kcal/mol
 H-Bond interaction energy in the mix              :        -4.86983 kcal/mol
 VdW interaction energy in the mix                 :        -4.35498 kcal/mol
 Gas liquid transition energy in the mix (H_glt)   :         2.93205 kcal/mol
 Normalized weight factor of molecule in compound  :         1.00000
 Normalized weight factor of molecule in gas phase :         1.00000

 Compound: 2 Conformer: 1 (1-octanol_c0)
 Chemical potential of the molecule in the mixture :         5.40638 kcal/mol
 Log10(partial pressure [mbar])                    :         3.16362
 Free energy of molecule in mix (E_COSMO+dE+Mu)    :   -245423.50904 kcal/mol
 Total mean interaction energy in the mix          :       -10.45282 kcal/mol
 Misfit interaction energy in the mix              :         3.31576 kcal/mol
 H-Bond interaction energy in the mix              :        -3.97186 kcal/mol
 VdW interaction energy in the mix                 :       -23.58985 kcal/mol
 Gas liquid transition energy in the mix (H_glt)   :        13.79313 kcal/mol
 Normalized weight factor of molecule in compound  :         0.29328
 Normalized weight factor of molecule in gas phase :         0.20746

 Compound: 2 Conformer: 2 (1-octanol_c1)
 Chemical potential of the molecule in the mixture :         5.24423 kcal/mol
 Log10(partial pressure [mbar])                    :         3.07069
 Free energy of molecule in mix (E_COSMO+dE+Mu)    :   -245423.48301 kcal/mol
 Total mean interaction energy in the mix          :       -10.60497 kcal/mol
 Misfit interaction energy in the mix              :         3.36252 kcal/mol
 H-Bond interaction energy in the mix              :        -4.14260 kcal/mol
 VdW interaction energy in the mix                 :       -23.61802 kcal/mol
 Gas liquid transition energy in the mix (H_glt)   :        13.79313 kcal/mol
 Normalized weight factor of molecule in compound  :         0.28082
 Normalized weight factor of molecule in gas phase :         0.16038

 Compound: 2 Conformer: 3 (1-octanol_c2)
 Chemical potential of the molecule in the mixture :         5.56021 kcal/mol
 Log10(partial pressure [mbar])                    :         3.47001
 Free energy of molecule in mix (E_COSMO+dE+Mu)    :   -245423.21813 kcal/mol
 Total mean interaction energy in the mix          :       -10.23147 kcal/mol
 Misfit interaction energy in the mix              :         3.26039 kcal/mol
 H-Bond interaction energy in the mix              :        -3.84552 kcal/mol
 VdW interaction energy in the mix                 :       -23.43947 kcal/mol
 Gas liquid transition energy in the mix (H_glt)   :        13.79313 kcal/mol
 Normalized weight factor of molecule in compound  :         0.18055
 Normalized weight factor of molecule in gas phase :         0.24928

 Compound: 2 Conformer: 4 (1-octanol_c3)
 Chemical potential of the molecule in the mixture :         5.66121 kcal/mol
 Log10(partial pressure [mbar])                    :         3.50215
 Free energy of molecule in mix (E_COSMO+dE+Mu)    :   -245423.03049 kcal/mol
 Total mean interaction energy in the mix          :       -10.25986 kcal/mol
 Misfit interaction energy in the mix              :         3.23469 kcal/mol
 H-Bond interaction energy in the mix              :        -3.79287 kcal/mol
 VdW interaction energy in the mix                 :       -23.49481 kcal/mol
 Gas liquid transition energy in the mix (H_glt)   :        13.79313 kcal/mol
 Normalized weight factor of molecule in compound  :         0.13204
 Normalized weight factor of molecule in gas phase :         0.20365

 Compound: 2 Conformer: 5 (1-octanol_c4)
 Chemical potential of the molecule in the mixture :         5.50866 kcal/mol
 Log10(partial pressure [mbar])                    :         3.51562
 Free energy of molecule in mix (E_COSMO+dE+Mu)    :   -245422.93876 kcal/mol
 Total mean interaction energy in the mix          :       -10.40963 kcal/mol
 Misfit interaction energy in the mix              :         3.22715 kcal/mol
 H-Bond interaction energy in the mix              :        -3.88818 kcal/mol
 VdW interaction energy in the mix                 :       -23.54173 kcal/mol
 Gas liquid transition energy in the mix (H_glt)   :        13.79313 kcal/mol
 Normalized weight factor of molecule in compound  :         0.11331
 Normalized weight factor of molecule in gas phase :         0.17924

 Compound: 3 Conformer: 1 (lacticacid_c0)
 Chemical potential of the molecule in the mixture :         5.91888 kcal/mol
 Log10(partial pressure [mbar])                    :        -1.05699
 Free energy of molecule in mix (E_COSMO+dE+Mu)    :   -215742.76126 kcal/mol
 Total mean interaction energy in the mix          :        -7.64083 kcal/mol
 Misfit interaction energy in the mix              :         1.90387 kcal/mol
 H-Bond interaction energy in the mix              :        -4.50431 kcal/mol
 VdW interaction energy in the mix                 :       -13.29223 kcal/mol
 Gas liquid transition energy in the mix (H_glt)   :         8.25184 kcal/mol
 Normalized weight factor of molecule in compound  :         0.03925
 Normalized weight factor of molecule in gas phase :         0.00530

 Compound: 3 Conformer: 2 (lacticacid_c1)
 Chemical potential of the molecule in the mixture :         6.05939 kcal/mol
 Log10(partial pressure [mbar])                    :        -0.55011
 Free energy of molecule in mix (E_COSMO+dE+Mu)    :   -215742.43926 kcal/mol
 Total mean interaction energy in the mix          :        -7.18675 kcal/mol
 Misfit interaction energy in the mix              :         2.02109 kcal/mol
 H-Bond interaction energy in the mix              :        -4.18962 kcal/mol
 VdW interaction energy in the mix                 :       -13.27007 kcal/mol
 Gas liquid transition energy in the mix (H_glt)   :         8.25184 kcal/mol
 Normalized weight factor of molecule in compound  :         0.02294
 Normalized weight factor of molecule in gas phase :         0.01022

 Compound: 3 Conformer: 3 (lacticacid_c2)
 Chemical potential of the molecule in the mixture :         4.21164 kcal/mol
 Log10(partial pressure [mbar])                    :         0.16213
 Free energy of molecule in mix (E_COSMO+dE+Mu)    :   -215743.39482 kcal/mol
 Total mean interaction energy in the mix          :        -8.30100 kcal/mol
 Misfit interaction energy in the mix              :         1.94653 kcal/mol
 H-Bond interaction energy in the mix              :        -5.14358 kcal/mol
 VdW interaction energy in the mix                 :       -13.35579 kcal/mol
 Gas liquid transition energy in the mix (H_glt)   :         8.25184 kcal/mol
 Normalized weight factor of molecule in compound  :         0.11290
 Normalized weight factor of molecule in gas phase :         0.94275

 Compound: 3 Conformer: 4 (lacticacid_c3)
 Chemical potential of the molecule in the mixture :         2.42720 kcal/mol
 Log10(partial pressure [mbar])                    :        -2.20597
 Free energy of molecule in mix (E_COSMO+dE+Mu)    :   -215743.75823 kcal/mol
 Total mean interaction energy in the mix          :       -10.47857 kcal/mol
 Misfit interaction energy in the mix              :         1.86859 kcal/mol
 H-Bond interaction energy in the mix              :        -7.26888 kcal/mol
 VdW interaction energy in the mix                 :       -13.33011 kcal/mol
 Gas liquid transition energy in the mix (H_glt)   :         8.25184 kcal/mol
 Normalized weight factor of molecule in compound  :         0.20697
 Normalized weight factor of molecule in gas phase :         0.02391

 Compound: 3 Conformer: 5 (lacticacid_c4)
 Chemical potential of the molecule in the mixture :         1.88052 kcal/mol
 Log10(partial pressure [mbar])                    :        -4.22151
 Free energy of molecule in mix (E_COSMO+dE+Mu)    :   -215744.21831 kcal/mol
 Total mean interaction energy in the mix          :       -11.44177 kcal/mol
 Misfit interaction energy in the mix              :         1.84656 kcal/mol
 H-Bond interaction energy in the mix              :        -8.18958 kcal/mol
 VdW interaction energy in the mix                 :       -13.35059 kcal/mol
 Gas liquid transition energy in the mix (H_glt)   :         8.25184 kcal/mol
 Normalized weight factor of molecule in compound  :         0.44576
 Normalized weight factor of molecule in gas phase :         0.00050

 Compound: 3 Conformer: 6 (lacticacid_c5)
 Chemical potential of the molecule in the mixture :         2.38759 kcal/mol
 Log10(partial pressure [mbar])                    :        -2.26542
 Free energy of molecule in mix (E_COSMO+dE+Mu)    :   -215743.64788 kcal/mol
 Total mean interaction energy in the mix          :       -10.55707 kcal/mol
 Misfit interaction energy in the mix              :         1.84278 kcal/mol
 H-Bond interaction energy in the mix              :        -7.29990 kcal/mol
 VdW interaction energy in the mix                 :       -13.35179 kcal/mol
 Gas liquid transition energy in the mix (H_glt)   :         8.25184 kcal/mol
 Normalized weight factor of molecule in compound  :         0.17218
 Normalized weight factor of molecule in gas phase :         0.01733




 Results for mixture 16 - LIQ_EX Phase 2 Iteration    7
 ----------------------
 Temperature          :    301.765 K
 Compound Nr.         :         1         2         3
 Compound             :       h2o 1-octanol lacticaci
 Mole Fraction        :    0.1390    0.8590    0.0019

 Compound: 1  (h2o)
 Chemical potential of the compound in the mixture :         4.31880 kcal/mol
 Log10(partial pressure [mbar])                    :         2.08846
 Free energy of molecule in mix (E_COSMO+dE+Mu)    :    -47988.93447 kcal/mol
 Total mean interaction energy in the mix (H_int)  :        -4.79689 kcal/mol
 Misfit interaction energy in the mix (H_MF)       :         1.14725 kcal/mol
 H-Bond interaction energy in the mix (H_HB)       :        -4.27423 kcal/mol
 VdW interaction energy in the mix (H_vdW)         :        -4.60196 kcal/mol
 Gas liquid transition energy in the mix (H_glt)   :         2.93205 kcal/mol
 Equilibrium constant Kx(1,2)                      :         7.16328
 Equilibrium concentration x_k(1,2)                :         0.87750

 Compound: 2  (1-octanol)
 Chemical potential of the compound in the mixture :        -0.86161 kcal/mol
 Log10(partial pressure [mbar])                    :        -0.69275
 Free energy of molecule in mix (E_COSMO+dE+Mu)    :   -245429.77704 kcal/mol
 Total mean interaction energy in the mix (H_int)  :       -11.07806 kcal/mol
 Misfit interaction energy in the mix (H_MF)       :         2.27127 kcal/mol
 H-Bond interaction energy in the mix (H_HB)       :        -2.89115 kcal/mol
 VdW interaction energy in the mix (H_vdW)         :       -24.43146 kcal/mol
 Gas liquid transition energy in the mix (H_glt)   :        13.79313 kcal/mol
 Equilibrium constant Kx(1,2)                      :  9.84637486E-05
 Equilibrium concentration x_k(1,2)                :         0.00010

 Compound: 3  (lacticacid)
 Chemical potential of the compound in the mixture :         4.07173 kcal/mol
 Log10(partial pressure [mbar])                    :        -1.20026
 Free energy of molecule in mix (E_COSMO+dE+Mu)    :   -215744.60841 kcal/mol
 Total mean interaction energy in the mix (H_int)  :        -5.89952 kcal/mol
 Misfit interaction energy in the mix (H_MF)       :         2.47253 kcal/mol
 H-Bond interaction energy in the mix (H_HB)       :        -4.11935 kcal/mol
 VdW interaction energy in the mix (H_vdW)         :       -14.07794 kcal/mol
 Gas liquid transition energy in the mix (H_glt)   :         8.25184 kcal/mol
 Equilibrium constant Kx(1,2)                      :         1.17051
 Equilibrium concentration x_k(1,2)                :         0.53928



 Compound: 1 Conformer: 1 (h2o_c0)
 Chemical potential of the molecule in the mixture :         4.31880 kcal/mol
 Log10(partial pressure [mbar])                    :         2.08846
 Free energy of molecule in mix (E_COSMO+dE+Mu)    :    -47988.93447 kcal/mol
 Total mean interaction energy in the mix          :        -4.79689 kcal/mol
 Misfit interaction energy in the mix              :         1.14725 kcal/mol
 H-Bond interaction energy in the mix              :        -4.27423 kcal/mol
 VdW interaction energy in the mix                 :        -4.60196 kcal/mol
 Gas liquid transition energy in the mix (H_glt)   :         2.93205 kcal/mol
 Normalized weight factor of molecule in compound  :         1.00000
 Normalized weight factor of molecule in gas phase :         1.00000

 Compound: 2 Conformer: 1 (1-octanol_c0)
 Chemical potential of the molecule in the mixture :        -0.10055 kcal/mol
 Log10(partial pressure [mbar])                    :        -0.82464
 Free energy of molecule in mix (E_COSMO+dE+Mu)    :   -245429.01598 kcal/mol
 Total mean interaction energy in the mix          :       -11.29208 kcal/mol
 Misfit interaction energy in the mix              :         2.30850 kcal/mol
 H-Bond interaction energy in the mix              :        -2.92623 kcal/mol
 VdW interaction energy in the mix                 :       -24.46749 kcal/mol
 Gas liquid transition energy in the mix (H_glt)   :        13.79313 kcal/mol
 Normalized weight factor of molecule in compound  :         0.28107
 Normalized weight factor of molecule in gas phase :         0.20746

 Compound: 2 Conformer: 2 (1-octanol_c1)
 Chemical potential of the molecule in the mixture :        -0.26163 kcal/mol
 Log10(partial pressure [mbar])                    :        -0.91679
 Free energy of molecule in mix (E_COSMO+dE+Mu)    :   -245428.98887 kcal/mol
 Total mean interaction energy in the mix          :       -11.56439 kcal/mol
 Misfit interaction energy in the mix              :         2.25977 kcal/mol
 H-Bond interaction energy in the mix              :        -3.12050 kcal/mol
 VdW interaction energy in the mix                 :       -24.49679 kcal/mol
 Gas liquid transition energy in the mix (H_glt)   :        13.79313 kcal/mol
 Normalized weight factor of molecule in compound  :         0.26865
 Normalized weight factor of molecule in gas phase :         0.16038

 Compound: 2 Conformer: 3 (1-octanol_c2)
 Chemical potential of the molecule in the mixture :         0.29473 kcal/mol
 Log10(partial pressure [mbar])                    :        -0.34338
 Free energy of molecule in mix (E_COSMO+dE+Mu)    :   -245428.48362 kcal/mol
 Total mean interaction energy in the mix          :       -10.77509 kcal/mol
 Misfit interaction energy in the mix              :         2.34129 kcal/mol
 H-Bond interaction energy in the mix              :        -2.59101 kcal/mol
 VdW interaction energy in the mix                 :       -24.31850 kcal/mol
 Gas liquid transition energy in the mix (H_glt)   :        13.79313 kcal/mol
 Normalized weight factor of molecule in compound  :         0.11568
 Normalized weight factor of molecule in gas phase :         0.24928

 Compound: 2 Conformer: 4 (1-octanol_c3)
 Chemical potential of the molecule in the mixture :        -0.04160 kcal/mol
 Log10(partial pressure [mbar])                    :        -0.62797
 Free energy of molecule in mix (E_COSMO+dE+Mu)    :   -245428.73331 kcal/mol
 Total mean interaction energy in the mix          :       -11.04042 kcal/mol
 Misfit interaction energy in the mix              :         2.25865 kcal/mol
 H-Bond interaction energy in the mix              :        -2.72585 kcal/mol
 VdW interaction energy in the mix                 :       -24.36635 kcal/mol
 Gas liquid transition energy in the mix (H_glt)   :        13.79313 kcal/mol
 Normalized weight factor of molecule in compound  :         0.17543
 Normalized weight factor of molecule in gas phase :         0.20365

 Compound: 2 Conformer: 5 (1-octanol_c4)
 Chemical potential of the molecule in the mixture :        -0.22753 kcal/mol
 Log10(partial pressure [mbar])                    :        -0.63867
 Free energy of molecule in mix (E_COSMO+dE+Mu)    :   -245428.67496 kcal/mol
 Total mean interaction energy in the mix          :       -11.27282 kcal/mol
 Misfit interaction energy in the mix              :         2.18795 kcal/mol
 H-Bond interaction energy in the mix              :        -2.84245 kcal/mol
 VdW interaction energy in the mix                 :       -24.41145 kcal/mol
 Gas liquid transition energy in the mix (H_glt)   :        13.79313 kcal/mol
 Normalized weight factor of molecule in compound  :         0.15916
 Normalized weight factor of molecule in gas phase :         0.17924

 Compound: 3 Conformer: 1 (lacticacid_c0)
 Chemical potential of the molecule in the mixture :         5.89376 kcal/mol
 Log10(partial pressure [mbar])                    :        -1.07517
 Free energy of molecule in mix (E_COSMO+dE+Mu)    :   -215742.78638 kcal/mol
 Total mean interaction energy in the mix          :        -5.73414 kcal/mol
 Misfit interaction energy in the mix              :         2.98970 kcal/mol
 H-Bond interaction energy in the mix              :        -2.93256 kcal/mol
 VdW interaction energy in the mix                 :       -14.04312 kcal/mol
 Gas liquid transition energy in the mix (H_glt)   :         8.25184 kcal/mol
 Normalized weight factor of molecule in compound  :         0.04791
 Normalized weight factor of molecule in gas phase :         0.00530

 Compound: 3 Conformer: 2 (lacticacid_c1)
 Chemical potential of the molecule in the mixture :         6.12297 kcal/mol
 Log10(partial pressure [mbar])                    :        -0.50406
 Free energy of molecule in mix (E_COSMO+dE+Mu)    :   -215742.37567 kcal/mol
 Total mean interaction energy in the mix          :        -5.39201 kcal/mol
 Misfit interaction energy in the mix              :         3.01062 kcal/mol
 H-Bond interaction energy in the mix              :        -2.63827 kcal/mol
 VdW interaction energy in the mix                 :       -14.01621 kcal/mol
 Gas liquid transition energy in the mix (H_glt)   :         8.25184 kcal/mol
 Normalized weight factor of molecule in compound  :         0.02415
 Normalized weight factor of molecule in gas phase :         0.01022

 Compound: 3 Conformer: 3 (lacticacid_c2)
 Chemical potential of the molecule in the mixture :         3.36210 kcal/mol
 Log10(partial pressure [mbar])                    :        -0.45313
 Free energy of molecule in mix (E_COSMO+dE+Mu)    :   -215744.24436 kcal/mol
 Total mean interaction energy in the mix          :        -7.02830 kcal/mol
 Misfit interaction energy in the mix              :         2.32805 kcal/mol
 H-Bond interaction energy in the mix              :        -3.52293 kcal/mol
 VdW interaction energy in the mix                 :       -14.08526 kcal/mol
 Gas liquid transition energy in the mix (H_glt)   :         8.25184 kcal/mol
 Normalized weight factor of molecule in compound  :         0.54493
 Normalized weight factor of molecule in gas phase :         0.94275

 Compound: 3 Conformer: 4 (lacticacid_c3)
 Chemical potential of the molecule in the mixture :         2.70120 kcal/mol
 Log10(partial pressure [mbar])                    :        -2.00753
 Free energy of molecule in mix (E_COSMO+dE+Mu)    :   -215743.48423 kcal/mol
 Total mean interaction energy in the mix          :        -8.29282 kcal/mol
 Misfit interaction energy in the mix              :         2.51832 kcal/mol
 H-Bond interaction energy in the mix              :        -5.00553 kcal/mol
 VdW interaction energy in the mix                 :       -14.05744 kcal/mol
 Gas liquid transition energy in the mix (H_glt)   :         8.25184 kcal/mol
 Normalized weight factor of molecule in compound  :         0.15340
 Normalized weight factor of molecule in gas phase :         0.02391

 Compound: 3 Conformer: 5 (lacticacid_c4)
 Chemical potential of the molecule in the mixture :         2.90575 kcal/mol
 Log10(partial pressure [mbar])                    :        -3.47902
 Free energy of molecule in mix (E_COSMO+dE+Mu)    :   -215743.19308 kcal/mol
 Total mean interaction energy in the mix          :        -8.74304 kcal/mol
 Misfit interaction energy in the mix              :         2.80213 kcal/mol
 H-Bond interaction energy in the mix              :        -5.70106 kcal/mol
 VdW interaction energy in the mix                 :       -14.09596 kcal/mol
 Gas liquid transition energy in the mix (H_glt)   :         8.25184 kcal/mol
 Normalized weight factor of molecule in compound  :         0.09440
 Normalized weight factor of molecule in gas phase :         0.00050

 Compound: 3 Conformer: 6 (lacticacid_c5)
 Chemical potential of the molecule in the mixture :         2.62699 kcal/mol
 Log10(partial pressure [mbar])                    :        -2.09204
 Free energy of molecule in mix (E_COSMO+dE+Mu)    :   -215743.40847 kcal/mol
 Total mean interaction energy in the mix          :        -8.43577 kcal/mol
 Misfit interaction energy in the mix              :         2.49340 kcal/mol
 H-Bond interaction energy in the mix              :        -5.09850 kcal/mol
 VdW interaction energy in the mix                 :       -14.08251 kcal/mol
 Gas liquid transition energy in the mix (H_glt)   :         8.25184 kcal/mol
 Normalized weight factor of molecule in compound  :         0.13520
 Normalized weight factor of molecule in gas phase :         0.01733




 Results for mixture 17 - LIQ_EX Phase 1 Iteration    8
 ----------------------
 Temperature          :    301.765 K
 Compound Nr.         :         1         2         3
 Compound             :       h2o 1-octanol lacticaci
 Mole Fraction        :    0.9976    0.0000    0.0023

 Compound: 1  (h2o)
 Chemical potential of the compound in the mixture :         3.13807 kcal/mol
 Log10(partial pressure [mbar])                    :         1.23335
 Free energy of molecule in mix (E_COSMO+dE+Mu)    :    -47990.11520 kcal/mol
 Total mean interaction energy in the mix (H_int)  :        -5.72594 kcal/mol
 Misfit interaction energy in the mix (H_MF)       :         0.56682 kcal/mol
 H-Bond interaction energy in the mix (H_HB)       :        -4.86983 kcal/mol
 VdW interaction energy in the mix (H_vdW)         :        -4.35498 kcal/mol
 Gas liquid transition energy in the mix (H_glt)   :         2.93205 kcal/mol

 Compound: 2  (1-octanol)
 Chemical potential of the compound in the mixture :         4.67084 kcal/mol
 Log10(partial pressure [mbar])                    :         3.31400
 Free energy of molecule in mix (E_COSMO+dE+Mu)    :   -245424.24458 kcal/mol
 Total mean interaction energy in the mix (H_int)  :       -10.26504 kcal/mol
 Misfit interaction energy in the mix (H_MF)       :         3.29814 kcal/mol
 H-Bond interaction energy in the mix (H_HB)       :        -3.96388 kcal/mol
 VdW interaction energy in the mix (H_vdW)         :       -23.55260 kcal/mol
 Gas liquid transition energy in the mix (H_glt)   :        13.79313 kcal/mol

 Compound: 3  (lacticacid)
 Chemical potential of the compound in the mixture :         3.97732 kcal/mol
 Log10(partial pressure [mbar])                    :        -1.26863
 Free energy of molecule in mix (E_COSMO+dE+Mu)    :   -215744.70282 kcal/mol
 Total mean interaction energy in the mix (H_int)  :        -8.24098 kcal/mol
 Misfit interaction energy in the mix (H_MF)       :         1.86800 kcal/mol
 H-Bond interaction energy in the mix (H_HB)       :        -7.26552 kcal/mol
 VdW interaction energy in the mix (H_vdW)         :       -13.34300 kcal/mol
 Gas liquid transition energy in the mix (H_glt)   :         8.25184 kcal/mol



 Compound: 1 Conformer: 1 (h2o_c0)
 Chemical potential of the molecule in the mixture :         3.13807 kcal/mol
 Log10(partial pressure [mbar])                    :         1.23335
 Free energy of molecule in mix (E_COSMO+dE+Mu)    :    -47990.11520 kcal/mol
 Total mean interaction energy in the mix          :        -5.72594 kcal/mol
 Misfit interaction energy in the mix              :         0.56682 kcal/mol
 H-Bond interaction energy in the mix              :        -4.86983 kcal/mol
 VdW interaction energy in the mix                 :        -4.35498 kcal/mol
 Gas liquid transition energy in the mix (H_glt)   :         2.93205 kcal/mol
 Normalized weight factor of molecule in compound  :         1.00000
 Normalized weight factor of molecule in gas phase :         1.00000

 Compound: 2 Conformer: 1 (1-octanol_c0)
 Chemical potential of the molecule in the mixture :         5.40641 kcal/mol
 Log10(partial pressure [mbar])                    :         3.16364
 Free energy of molecule in mix (E_COSMO+dE+Mu)    :   -245423.50901 kcal/mol
 Total mean interaction energy in the mix          :       -10.45282 kcal/mol
 Misfit interaction energy in the mix              :         3.31575 kcal/mol
 H-Bond interaction energy in the mix              :        -3.97186 kcal/mol
 VdW interaction energy in the mix                 :       -23.58985 kcal/mol
 Gas liquid transition energy in the mix (H_glt)   :        13.79313 kcal/mol
 Normalized weight factor of molecule in compound  :         0.29328
 Normalized weight factor of molecule in gas phase :         0.20746

 Compound: 2 Conformer: 2 (1-octanol_c1)
 Chemical potential of the molecule in the mixture :         5.24426 kcal/mol
 Log10(partial pressure [mbar])                    :         3.07071
 Free energy of molecule in mix (E_COSMO+dE+Mu)    :   -245423.48298 kcal/mol
 Total mean interaction energy in the mix          :       -10.60496 kcal/mol
 Misfit interaction energy in the mix              :         3.36251 kcal/mol
 H-Bond interaction energy in the mix              :        -4.14260 kcal/mol
 VdW interaction energy in the mix                 :       -23.61801 kcal/mol
 Gas liquid transition energy in the mix (H_glt)   :        13.79313 kcal/mol
 Normalized weight factor of molecule in compound  :         0.28082
 Normalized weight factor of molecule in gas phase :         0.16038

 Compound: 2 Conformer: 3 (1-octanol_c2)
 Chemical potential of the molecule in the mixture :         5.56024 kcal/mol
 Log10(partial pressure [mbar])                    :         3.47003
 Free energy of molecule in mix (E_COSMO+dE+Mu)    :   -245423.21810 kcal/mol
 Total mean interaction energy in the mix          :       -10.23147 kcal/mol
 Misfit interaction energy in the mix              :         3.26039 kcal/mol
 H-Bond interaction energy in the mix              :        -3.84552 kcal/mol
 VdW interaction energy in the mix                 :       -23.43947 kcal/mol
 Gas liquid transition energy in the mix (H_glt)   :        13.79313 kcal/mol
 Normalized weight factor of molecule in compound  :         0.18055
 Normalized weight factor of molecule in gas phase :         0.24928

 Compound: 2 Conformer: 4 (1-octanol_c3)
 Chemical potential of the molecule in the mixture :         5.66125 kcal/mol
 Log10(partial pressure [mbar])                    :         3.50218
 Free energy of molecule in mix (E_COSMO+dE+Mu)    :   -245423.03046 kcal/mol
 Total mean interaction energy in the mix          :       -10.25986 kcal/mol
 Misfit interaction energy in the mix              :         3.23468 kcal/mol
 H-Bond interaction energy in the mix              :        -3.79287 kcal/mol
 VdW interaction energy in the mix                 :       -23.49480 kcal/mol
 Gas liquid transition energy in the mix (H_glt)   :        13.79313 kcal/mol
 Normalized weight factor of molecule in compound  :         0.13204
 Normalized weight factor of molecule in gas phase :         0.20365

 Compound: 2 Conformer: 5 (1-octanol_c4)
 Chemical potential of the molecule in the mixture :         5.50869 kcal/mol
 Log10(partial pressure [mbar])                    :         3.51565
 Free energy of molecule in mix (E_COSMO+dE+Mu)    :   -245422.93873 kcal/mol
 Total mean interaction energy in the mix          :       -10.40963 kcal/mol
 Misfit interaction energy in the mix              :         3.22714 kcal/mol
 H-Bond interaction energy in the mix              :        -3.88818 kcal/mol
 VdW interaction energy in the mix                 :       -23.54173 kcal/mol
 Gas liquid transition energy in the mix (H_glt)   :        13.79313 kcal/mol
 Normalized weight factor of molecule in compound  :         0.11331
 Normalized weight factor of molecule in gas phase :         0.17924

 Compound: 3 Conformer: 1 (lacticacid_c0)
 Chemical potential of the molecule in the mixture :         5.91888 kcal/mol
 Log10(partial pressure [mbar])                    :        -1.05698
 Free energy of molecule in mix (E_COSMO+dE+Mu)    :   -215742.76126 kcal/mol
 Total mean interaction energy in the mix          :        -7.64084 kcal/mol
 Misfit interaction energy in the mix              :         1.90386 kcal/mol
 H-Bond interaction energy in the mix              :        -4.50431 kcal/mol
 VdW interaction energy in the mix                 :       -13.29223 kcal/mol
 Gas liquid transition energy in the mix (H_glt)   :         8.25184 kcal/mol
 Normalized weight factor of molecule in compound  :         0.03925
 Normalized weight factor of molecule in gas phase :         0.00530

 Compound: 3 Conformer: 2 (lacticacid_c1)
 Chemical potential of the molecule in the mixture :         6.05940 kcal/mol
 Log10(partial pressure [mbar])                    :        -0.55010
 Free energy of molecule in mix (E_COSMO+dE+Mu)    :   -215742.43925 kcal/mol
 Total mean interaction energy in the mix          :        -7.18676 kcal/mol
 Misfit interaction energy in the mix              :         2.02109 kcal/mol
 H-Bond interaction energy in the mix              :        -4.18962 kcal/mol
 VdW interaction energy in the mix                 :       -13.27007 kcal/mol
 Gas liquid transition energy in the mix (H_glt)   :         8.25184 kcal/mol
 Normalized weight factor of molecule in compound  :         0.02294
 Normalized weight factor of molecule in gas phase :         0.01022

 Compound: 3 Conformer: 3 (lacticacid_c2)
 Chemical potential of the molecule in the mixture :         4.21165 kcal/mol
 Log10(partial pressure [mbar])                    :         0.16213
 Free energy of molecule in mix (E_COSMO+dE+Mu)    :   -215743.39481 kcal/mol
 Total mean interaction energy in the mix          :        -8.30100 kcal/mol
 Misfit interaction energy in the mix              :         1.94653 kcal/mol
 H-Bond interaction energy in the mix              :        -5.14358 kcal/mol
 VdW interaction energy in the mix                 :       -13.35579 kcal/mol
 Gas liquid transition energy in the mix (H_glt)   :         8.25184 kcal/mol
 Normalized weight factor of molecule in compound  :         0.11290
 Normalized weight factor of molecule in gas phase :         0.94275

 Compound: 3 Conformer: 4 (lacticacid_c3)
 Chemical potential of the molecule in the mixture :         2.42720 kcal/mol
 Log10(partial pressure [mbar])                    :        -2.20596
 Free energy of molecule in mix (E_COSMO+dE+Mu)    :   -215743.75823 kcal/mol
 Total mean interaction energy in the mix          :       -10.47857 kcal/mol
 Misfit interaction energy in the mix              :         1.86859 kcal/mol
 H-Bond interaction energy in the mix              :        -7.26889 kcal/mol
 VdW interaction energy in the mix                 :       -13.33011 kcal/mol
 Gas liquid transition energy in the mix (H_glt)   :         8.25184 kcal/mol
 Normalized weight factor of molecule in compound  :         0.20697
 Normalized weight factor of molecule in gas phase :         0.02391

 Compound: 3 Conformer: 5 (lacticacid_c4)
 Chemical potential of the molecule in the mixture :         1.88053 kcal/mol
 Log10(partial pressure [mbar])                    :        -4.22151
 Free energy of molecule in mix (E_COSMO+dE+Mu)    :   -215744.21830 kcal/mol
 Total mean interaction energy in the mix          :       -11.44178 kcal/mol
 Misfit interaction energy in the mix              :         1.84655 kcal/mol
 H-Bond interaction energy in the mix              :        -8.18959 kcal/mol
 VdW interaction energy in the mix                 :       -13.35058 kcal/mol
 Gas liquid transition energy in the mix (H_glt)   :         8.25184 kcal/mol
 Normalized weight factor of molecule in compound  :         0.44576
 Normalized weight factor of molecule in gas phase :         0.00050

 Compound: 3 Conformer: 6 (lacticacid_c5)
 Chemical potential of the molecule in the mixture :         2.38759 kcal/mol
 Log10(partial pressure [mbar])                    :        -2.26542
 Free energy of molecule in mix (E_COSMO+dE+Mu)    :   -215743.64787 kcal/mol
 Total mean interaction energy in the mix          :       -10.55708 kcal/mol
 Misfit interaction energy in the mix              :         1.84278 kcal/mol
 H-Bond interaction energy in the mix              :        -7.29991 kcal/mol
 VdW interaction energy in the mix                 :       -13.35178 kcal/mol
 Gas liquid transition energy in the mix (H_glt)   :         8.25184 kcal/mol
 Normalized weight factor of molecule in compound  :         0.17218
 Normalized weight factor of molecule in gas phase :         0.01733




 Results for mixture 18 - LIQ_EX Phase 2 Iteration    8
 ----------------------
 Temperature          :    301.765 K
 Compound Nr.         :         1         2         3
 Compound             :       h2o 1-octanol lacticaci
 Mole Fraction        :    0.1392    0.8588    0.0019

 Compound: 1  (h2o)
 Chemical potential of the compound in the mixture :         4.31859 kcal/mol
 Log10(partial pressure [mbar])                    :         2.08831
 Free energy of molecule in mix (E_COSMO+dE+Mu)    :    -47988.93468 kcal/mol
 Total mean interaction energy in the mix (H_int)  :        -4.79721 kcal/mol
 Misfit interaction energy in the mix (H_MF)       :         1.14705 kcal/mol
 H-Bond interaction energy in the mix (H_HB)       :        -4.27438 kcal/mol
 VdW interaction energy in the mix (H_vdW)         :        -4.60194 kcal/mol
 Gas liquid transition energy in the mix (H_glt)   :         2.93205 kcal/mol
 Equilibrium constant Kx(1,2)                      :         7.16084
 Equilibrium concentration x_k(1,2)                :         0.87746

 Compound: 2  (1-octanol)
 Chemical potential of the compound in the mixture :        -0.86158 kcal/mol
 Log10(partial pressure [mbar])                    :        -0.69272
 Free energy of molecule in mix (E_COSMO+dE+Mu)    :   -245429.77701 kcal/mol
 Total mean interaction energy in the mix (H_int)  :       -11.07820 kcal/mol
 Misfit interaction energy in the mix (H_MF)       :         2.27134 kcal/mol
 H-Bond interaction energy in the mix (H_HB)       :        -2.89141 kcal/mol
 VdW interaction energy in the mix (H_vdW)         :       -24.43141 kcal/mol
 Gas liquid transition energy in the mix (H_glt)   :        13.79313 kcal/mol
 Equilibrium constant Kx(1,2)                      :  9.84642798E-05
 Equilibrium concentration x_k(1,2)                :         0.00010

 Compound: 3  (lacticacid)
 Chemical potential of the compound in the mixture :         4.07146 kcal/mol
 Log10(partial pressure [mbar])                    :        -1.20046
 Free energy of molecule in mix (E_COSMO+dE+Mu)    :   -215744.60868 kcal/mol
 Total mean interaction energy in the mix (H_int)  :        -5.89997 kcal/mol
 Misfit interaction energy in the mix (H_MF)       :         2.47233 kcal/mol
 H-Bond interaction energy in the mix (H_HB)       :        -4.11975 kcal/mol
 VdW interaction energy in the mix (H_vdW)         :       -14.07789 kcal/mol
 Gas liquid transition energy in the mix (H_glt)   :         8.25184 kcal/mol
 Equilibrium constant Kx(1,2)                      :         1.16998
 Equilibrium concentration x_k(1,2)                :         0.53917



 Compound: 1 Conformer: 1 (h2o_c0)
 Chemical potential of the molecule in the mixture :         4.31859 kcal/mol
 Log10(partial pressure [mbar])                    :         2.08831
 Free energy of molecule in mix (E_COSMO+dE+Mu)    :    -47988.93468 kcal/mol
 Total mean interaction energy in the mix          :        -4.79721 kcal/mol
 Misfit interaction energy in the mix              :         1.14705 kcal/mol
 H-Bond interaction energy in the mix              :        -4.27438 kcal/mol
 VdW interaction energy in the mix                 :        -4.60194 kcal/mol
 Gas liquid transition energy in the mix (H_glt)   :         2.93205 kcal/mol
 Normalized weight factor of molecule in compound  :         1.00000
 Normalized weight factor of molecule in gas phase :         1.00000

 Compound: 2 Conformer: 1 (1-octanol_c0)
 Chemical potential of the molecule in the mixture :        -0.10052 kcal/mol
 Log10(partial pressure [mbar])                    :        -0.82461
 Free energy of molecule in mix (E_COSMO+dE+Mu)    :   -245429.01595 kcal/mol
 Total mean interaction energy in the mix          :       -11.29222 kcal/mol
 Misfit interaction energy in the mix              :         2.30857 kcal/mol
 H-Bond interaction energy in the mix              :        -2.92649 kcal/mol
 VdW interaction energy in the mix                 :       -24.46743 kcal/mol
 Gas liquid transition energy in the mix (H_glt)   :        13.79313 kcal/mol
 Normalized weight factor of molecule in compound  :         0.28107
 Normalized weight factor of molecule in gas phase :         0.20746

 Compound: 2 Conformer: 2 (1-octanol_c1)
 Chemical potential of the molecule in the mixture :        -0.26161 kcal/mol
 Log10(partial pressure [mbar])                    :        -0.91678
 Free energy of molecule in mix (E_COSMO+dE+Mu)    :   -245428.98885 kcal/mol
 Total mean interaction energy in the mix          :       -11.56454 kcal/mol
 Misfit interaction energy in the mix              :         2.25984 kcal/mol
 H-Bond interaction energy in the mix              :        -3.12077 kcal/mol
 VdW interaction energy in the mix                 :       -24.49673 kcal/mol
 Gas liquid transition energy in the mix (H_glt)   :        13.79313 kcal/mol
 Normalized weight factor of molecule in compound  :         0.26866
 Normalized weight factor of molecule in gas phase :         0.16038

 Compound: 2 Conformer: 3 (1-octanol_c2)
 Chemical potential of the molecule in the mixture :         0.29471 kcal/mol
 Log10(partial pressure [mbar])                    :        -0.34339
 Free energy of molecule in mix (E_COSMO+dE+Mu)    :   -245428.48363 kcal/mol
 Total mean interaction energy in the mix          :       -10.77526 kcal/mol
 Misfit interaction energy in the mix              :         2.34137 kcal/mol
 H-Bond interaction energy in the mix              :        -2.59132 kcal/mol
 VdW interaction energy in the mix                 :       -24.31844 kcal/mol
 Gas liquid transition energy in the mix (H_glt)   :        13.79313 kcal/mol
 Normalized weight factor of molecule in compound  :         0.11569
 Normalized weight factor of molecule in gas phase :         0.24928

 Compound: 2 Conformer: 4 (1-octanol_c3)
 Chemical potential of the molecule in the mixture :        -0.04153 kcal/mol
 Log10(partial pressure [mbar])                    :        -0.62792
 Free energy of molecule in mix (E_COSMO+dE+Mu)    :   -245428.73324 kcal/mol
 Total mean interaction energy in the mix          :       -11.04051 kcal/mol
 Misfit interaction energy in the mix              :         2.25872 kcal/mol
 H-Bond interaction energy in the mix              :        -2.72607 kcal/mol
 VdW interaction energy in the mix                 :       -24.36629 kcal/mol
 Gas liquid transition energy in the mix (H_glt)   :        13.79313 kcal/mol
 Normalized weight factor of molecule in compound  :         0.17542
 Normalized weight factor of molecule in gas phase :         0.20365

 Compound: 2 Conformer: 5 (1-octanol_c4)
 Chemical potential of the molecule in the mixture :        -0.22748 kcal/mol
 Log10(partial pressure [mbar])                    :        -0.63863
 Free energy of molecule in mix (E_COSMO+dE+Mu)    :   -245428.67491 kcal/mol
 Total mean interaction energy in the mix          :       -11.27293 kcal/mol
 Misfit interaction energy in the mix              :         2.18802 kcal/mol
 H-Bond interaction energy in the mix              :        -2.84268 kcal/mol
 VdW interaction energy in the mix                 :       -24.41140 kcal/mol
 Gas liquid transition energy in the mix (H_glt)   :        13.79313 kcal/mol
 Normalized weight factor of molecule in compound  :         0.15916
 Normalized weight factor of molecule in gas phase :         0.17924

 Compound: 3 Conformer: 1 (lacticacid_c0)
 Chemical potential of the molecule in the mixture :         5.89345 kcal/mol
 Log10(partial pressure [mbar])                    :        -1.07540
 Free energy of molecule in mix (E_COSMO+dE+Mu)    :   -215742.78669 kcal/mol
 Total mean interaction energy in the mix          :        -5.73463 kcal/mol
 Misfit interaction energy in the mix              :         2.98937 kcal/mol
 H-Bond interaction energy in the mix              :        -2.93278 kcal/mol
 VdW interaction energy in the mix                 :       -14.04306 kcal/mol
 Gas liquid transition energy in the mix (H_glt)   :         8.25184 kcal/mol
 Normalized weight factor of molecule in compound  :         0.04791
 Normalized weight factor of molecule in gas phase :         0.00530

 Compound: 3 Conformer: 2 (lacticacid_c1)
 Chemical potential of the molecule in the mixture :         6.12264 kcal/mol
 Log10(partial pressure [mbar])                    :        -0.50430
 Free energy of molecule in mix (E_COSMO+dE+Mu)    :   -215742.37601 kcal/mol
 Total mean interaction energy in the mix          :        -5.39244 kcal/mol
 Misfit interaction energy in the mix              :         3.01035 kcal/mol
 H-Bond interaction energy in the mix              :        -2.63848 kcal/mol
 VdW interaction energy in the mix                 :       -14.01615 kcal/mol
 Gas liquid transition energy in the mix (H_glt)   :         8.25184 kcal/mol
 Normalized weight factor of molecule in compound  :         0.02416
 Normalized weight factor of molecule in gas phase :         0.01022

 Compound: 3 Conformer: 3 (lacticacid_c2)
 Chemical potential of the molecule in the mixture :         3.36192 kcal/mol
 Log10(partial pressure [mbar])                    :        -0.45326
 Free energy of molecule in mix (E_COSMO+dE+Mu)    :   -215744.24455 kcal/mol
 Total mean interaction energy in the mix          :        -7.02866 kcal/mol
 Misfit interaction energy in the mix              :         2.32788 kcal/mol
 H-Bond interaction energy in the mix              :        -3.52318 kcal/mol
 VdW interaction energy in the mix                 :       -14.08520 kcal/mol
 Gas liquid transition energy in the mix (H_glt)   :         8.25184 kcal/mol
 Normalized weight factor of molecule in compound  :         0.54486
 Normalized weight factor of molecule in gas phase :         0.94275

 Compound: 3 Conformer: 4 (lacticacid_c3)
 Chemical potential of the molecule in the mixture :         2.70084 kcal/mol
 Log10(partial pressure [mbar])                    :        -2.00779
 Free energy of molecule in mix (E_COSMO+dE+Mu)    :   -215743.48459 kcal/mol
 Total mean interaction energy in the mix          :        -8.29336 kcal/mol
 Misfit interaction energy in the mix              :         2.51804 kcal/mol
 H-Bond interaction energy in the mix              :        -5.00586 kcal/mol
 VdW interaction energy in the mix                 :       -14.05738 kcal/mol
 Gas liquid transition energy in the mix (H_glt)   :         8.25184 kcal/mol
 Normalized weight factor of molecule in compound  :         0.15343
 Normalized weight factor of molecule in gas phase :         0.02391

 Compound: 3 Conformer: 5 (lacticacid_c4)
 Chemical potential of the molecule in the mixture :         2.90531 kcal/mol
 Log10(partial pressure [mbar])                    :        -3.47934
 Free energy of molecule in mix (E_COSMO+dE+Mu)    :   -215743.19352 kcal/mol
 Total mean interaction energy in the mix          :        -8.74376 kcal/mol
 Misfit interaction energy in the mix              :         2.80182 kcal/mol
 H-Bond interaction energy in the mix              :        -5.70153 kcal/mol
 VdW interaction energy in the mix                 :       -14.09589 kcal/mol
 Gas liquid transition energy in the mix (H_glt)   :         8.25184 kcal/mol
 Normalized weight factor of molecule in compound  :         0.09443
 Normalized weight factor of molecule in gas phase :         0.00050

 Compound: 3 Conformer: 6 (lacticacid_c5)
 Chemical potential of the molecule in the mixture :         2.62664 kcal/mol
 Log10(partial pressure [mbar])                    :        -2.09230
 Free energy of molecule in mix (E_COSMO+dE+Mu)    :   -215743.40883 kcal/mol
 Total mean interaction energy in the mix          :        -8.43632 kcal/mol
 Misfit interaction energy in the mix              :         2.49312 kcal/mol
 H-Bond interaction energy in the mix              :        -5.09882 kcal/mol
 VdW interaction energy in the mix                 :       -14.08245 kcal/mol
 Gas liquid transition energy in the mix (H_glt)   :         8.25184 kcal/mol
 Normalized weight factor of molecule in compound  :         0.13522
 Normalized weight factor of molecule in gas phase :         0.01733




 Results for mixture 19 - LIQ_EX Phase 1 Iteration    9
 ----------------------
 Temperature          :    301.765 K
 Compound Nr.         :         1         2         3
 Compound             :       h2o 1-octanol lacticaci
 Mole Fraction        :    0.9976    0.0000    0.0023

 Compound: 1  (h2o)
 Chemical potential of the compound in the mixture :         3.13807 kcal/mol
 Log10(partial pressure [mbar])                    :         1.23335
 Free energy of molecule in mix (E_COSMO+dE+Mu)    :    -47990.11520 kcal/mol
 Total mean interaction energy in the mix (H_int)  :        -5.72594 kcal/mol
 Misfit interaction energy in the mix (H_MF)       :         0.56682 kcal/mol
 H-Bond interaction energy in the mix (H_HB)       :        -4.86983 kcal/mol
 VdW interaction energy in the mix (H_vdW)         :        -4.35498 kcal/mol
 Gas liquid transition energy in the mix (H_glt)   :         2.93205 kcal/mol

 Compound: 2  (1-octanol)
 Chemical potential of the compound in the mixture :         4.67086 kcal/mol
 Log10(partial pressure [mbar])                    :         3.31401
 Free energy of molecule in mix (E_COSMO+dE+Mu)    :   -245424.24457 kcal/mol
 Total mean interaction energy in the mix (H_int)  :       -10.26504 kcal/mol
 Misfit interaction energy in the mix (H_MF)       :         3.29814 kcal/mol
 H-Bond interaction energy in the mix (H_HB)       :        -3.96388 kcal/mol
 VdW interaction energy in the mix (H_vdW)         :       -23.55260 kcal/mol
 Gas liquid transition energy in the mix (H_glt)   :        13.79313 kcal/mol

 Compound: 3  (lacticacid)
 Chemical potential of the compound in the mixture :         3.97732 kcal/mol
 Log10(partial pressure [mbar])                    :        -1.26863
 Free energy of molecule in mix (E_COSMO+dE+Mu)    :   -215744.70282 kcal/mol
 Total mean interaction energy in the mix (H_int)  :        -8.24098 kcal/mol
 Misfit interaction energy in the mix (H_MF)       :         1.86800 kcal/mol
 H-Bond interaction energy in the mix (H_HB)       :        -7.26552 kcal/mol
 VdW interaction energy in the mix (H_vdW)         :       -13.34300 kcal/mol
 Gas liquid transition energy in the mix (H_glt)   :         8.25184 kcal/mol



 Compound: 1 Conformer: 1 (h2o_c0)
 Chemical potential of the molecule in the mixture :         3.13807 kcal/mol
 Log10(partial pressure [mbar])                    :         1.23335
 Free energy of molecule in mix (E_COSMO+dE+Mu)    :    -47990.11520 kcal/mol
 Total mean interaction energy in the mix          :        -5.72594 kcal/mol
 Misfit interaction energy in the mix              :         0.56682 kcal/mol
 H-Bond interaction energy in the mix              :        -4.86983 kcal/mol
 VdW interaction energy in the mix                 :        -4.35498 kcal/mol
 Gas liquid transition energy in the mix (H_glt)   :         2.93205 kcal/mol
 Normalized weight factor of molecule in compound  :         1.00000
 Normalized weight factor of molecule in gas phase :         1.00000

 Compound: 2 Conformer: 1 (1-octanol_c0)
 Chemical potential of the molecule in the mixture :         5.40643 kcal/mol
 Log10(partial pressure [mbar])                    :         3.16365
 Free energy of molecule in mix (E_COSMO+dE+Mu)    :   -245423.50900 kcal/mol
 Total mean interaction energy in the mix          :       -10.45282 kcal/mol
 Misfit interaction energy in the mix              :         3.31575 kcal/mol
 H-Bond interaction energy in the mix              :        -3.97186 kcal/mol
 VdW interaction energy in the mix                 :       -23.58984 kcal/mol
 Gas liquid transition energy in the mix (H_glt)   :        13.79313 kcal/mol
 Normalized weight factor of molecule in compound  :         0.29328
 Normalized weight factor of molecule in gas phase :         0.20746

 Compound: 2 Conformer: 2 (1-octanol_c1)
 Chemical potential of the molecule in the mixture :         5.24428 kcal/mol
 Log10(partial pressure [mbar])                    :         3.07072
 Free energy of molecule in mix (E_COSMO+dE+Mu)    :   -245423.48296 kcal/mol
 Total mean interaction energy in the mix          :       -10.60496 kcal/mol
 Misfit interaction energy in the mix              :         3.36251 kcal/mol
 H-Bond interaction energy in the mix              :        -4.14260 kcal/mol
 VdW interaction energy in the mix                 :       -23.61800 kcal/mol
 Gas liquid transition energy in the mix (H_glt)   :        13.79313 kcal/mol
 Normalized weight factor of molecule in compound  :         0.28082
 Normalized weight factor of molecule in gas phase :         0.16038

 Compound: 2 Conformer: 3 (1-octanol_c2)
 Chemical potential of the molecule in the mixture :         5.56026 kcal/mol
 Log10(partial pressure [mbar])                    :         3.47004
 Free energy of molecule in mix (E_COSMO+dE+Mu)    :   -245423.21809 kcal/mol
 Total mean interaction energy in the mix          :       -10.23147 kcal/mol
 Misfit interaction energy in the mix              :         3.26038 kcal/mol
 H-Bond interaction energy in the mix              :        -3.84552 kcal/mol
 VdW interaction energy in the mix                 :       -23.43946 kcal/mol
 Gas liquid transition energy in the mix (H_glt)   :        13.79313 kcal/mol
 Normalized weight factor of molecule in compound  :         0.18055
 Normalized weight factor of molecule in gas phase :         0.24928

 Compound: 2 Conformer: 4 (1-octanol_c3)
 Chemical potential of the molecule in the mixture :         5.66126 kcal/mol
 Log10(partial pressure [mbar])                    :         3.50219
 Free energy of molecule in mix (E_COSMO+dE+Mu)    :   -245423.03045 kcal/mol
 Total mean interaction energy in the mix          :       -10.25986 kcal/mol
 Misfit interaction energy in the mix              :         3.23468 kcal/mol
 H-Bond interaction energy in the mix              :        -3.79287 kcal/mol
 VdW interaction energy in the mix                 :       -23.49479 kcal/mol
 Gas liquid transition energy in the mix (H_glt)   :        13.79313 kcal/mol
 Normalized weight factor of molecule in compound  :         0.13204
 Normalized weight factor of molecule in gas phase :         0.20365

 Compound: 2 Conformer: 5 (1-octanol_c4)
 Chemical potential of the molecule in the mixture :         5.50871 kcal/mol
 Log10(partial pressure [mbar])                    :         3.51566
 Free energy of molecule in mix (E_COSMO+dE+Mu)    :   -245422.93872 kcal/mol
 Total mean interaction energy in the mix          :       -10.40963 kcal/mol
 Misfit interaction energy in the mix              :         3.22714 kcal/mol
 H-Bond interaction energy in the mix              :        -3.88818 kcal/mol
 VdW interaction energy in the mix                 :       -23.54172 kcal/mol
 Gas liquid transition energy in the mix (H_glt)   :        13.79313 kcal/mol
 Normalized weight factor of molecule in compound  :         0.11331
 Normalized weight factor of molecule in gas phase :         0.17924

 Compound: 3 Conformer: 1 (lacticacid_c0)
 Chemical potential of the molecule in the mixture :         5.91889 kcal/mol
 Log10(partial pressure [mbar])                    :        -1.05698
 Free energy of molecule in mix (E_COSMO+dE+Mu)    :   -215742.76125 kcal/mol
 Total mean interaction energy in the mix          :        -7.64084 kcal/mol
 Misfit interaction energy in the mix              :         1.90386 kcal/mol
 H-Bond interaction energy in the mix              :        -4.50431 kcal/mol
 VdW interaction energy in the mix                 :       -13.29223 kcal/mol
 Gas liquid transition energy in the mix (H_glt)   :         8.25184 kcal/mol
 Normalized weight factor of molecule in compound  :         0.03925
 Normalized weight factor of molecule in gas phase :         0.00530

 Compound: 3 Conformer: 2 (lacticacid_c1)
 Chemical potential of the molecule in the mixture :         6.05940 kcal/mol
 Log10(partial pressure [mbar])                    :        -0.55010
 Free energy of molecule in mix (E_COSMO+dE+Mu)    :   -215742.43925 kcal/mol
 Total mean interaction energy in the mix          :        -7.18676 kcal/mol
 Misfit interaction energy in the mix              :         2.02109 kcal/mol
 H-Bond interaction energy in the mix              :        -4.18962 kcal/mol
 VdW interaction energy in the mix                 :       -13.27006 kcal/mol
 Gas liquid transition energy in the mix (H_glt)   :         8.25184 kcal/mol
 Normalized weight factor of molecule in compound  :         0.02294
 Normalized weight factor of molecule in gas phase :         0.01022

 Compound: 3 Conformer: 3 (lacticacid_c2)
 Chemical potential of the molecule in the mixture :         4.21165 kcal/mol
 Log10(partial pressure [mbar])                    :         0.16214
 Free energy of molecule in mix (E_COSMO+dE+Mu)    :   -215743.39481 kcal/mol
 Total mean interaction energy in the mix          :        -8.30100 kcal/mol
 Misfit interaction energy in the mix              :         1.94653 kcal/mol
 H-Bond interaction energy in the mix              :        -5.14358 kcal/mol
 VdW interaction energy in the mix                 :       -13.35579 kcal/mol
 Gas liquid transition energy in the mix (H_glt)   :         8.25184 kcal/mol
 Normalized weight factor of molecule in compound  :         0.11290
 Normalized weight factor of molecule in gas phase :         0.94275

 Compound: 3 Conformer: 4 (lacticacid_c3)
 Chemical potential of the molecule in the mixture :         2.42721 kcal/mol
 Log10(partial pressure [mbar])                    :        -2.20596
 Free energy of molecule in mix (E_COSMO+dE+Mu)    :   -215743.75822 kcal/mol
 Total mean interaction energy in the mix          :       -10.47857 kcal/mol
 Misfit interaction energy in the mix              :         1.86858 kcal/mol
 H-Bond interaction energy in the mix              :        -7.26889 kcal/mol
 VdW interaction energy in the mix                 :       -13.33011 kcal/mol
 Gas liquid transition energy in the mix (H_glt)   :         8.25184 kcal/mol
 Normalized weight factor of molecule in compound  :         0.20697
 Normalized weight factor of molecule in gas phase :         0.02391

 Compound: 3 Conformer: 5 (lacticacid_c4)
 Chemical potential of the molecule in the mixture :         1.88053 kcal/mol
 Log10(partial pressure [mbar])                    :        -4.22151
 Free energy of molecule in mix (E_COSMO+dE+Mu)    :   -215744.21830 kcal/mol
 Total mean interaction energy in the mix          :       -11.44178 kcal/mol
 Misfit interaction energy in the mix              :         1.84655 kcal/mol
 H-Bond interaction energy in the mix              :        -8.18959 kcal/mol
 VdW interaction energy in the mix                 :       -13.35058 kcal/mol
 Gas liquid transition energy in the mix (H_glt)   :         8.25184 kcal/mol
 Normalized weight factor of molecule in compound  :         0.44576
 Normalized weight factor of molecule in gas phase :         0.00050

 Compound: 3 Conformer: 6 (lacticacid_c5)
 Chemical potential of the molecule in the mixture :         2.38759 kcal/mol
 Log10(partial pressure [mbar])                    :        -2.26542
 Free energy of molecule in mix (E_COSMO+dE+Mu)    :   -215743.64787 kcal/mol
 Total mean interaction energy in the mix          :       -10.55708 kcal/mol
 Misfit interaction energy in the mix              :         1.84278 kcal/mol
 H-Bond interaction energy in the mix              :        -7.29991 kcal/mol
 VdW interaction energy in the mix                 :       -13.35178 kcal/mol
 Gas liquid transition energy in the mix (H_glt)   :         8.25184 kcal/mol
 Normalized weight factor of molecule in compound  :         0.17218
 Normalized weight factor of molecule in gas phase :         0.01733




 Results for mixture 20 - LIQ_EX Phase 2 Iteration    9
 ----------------------
 Temperature          :    301.765 K
 Compound Nr.         :         1         2         3
 Compound             :       h2o 1-octanol lacticaci
 Mole Fraction        :    0.1393    0.8588    0.0019

 Compound: 1  (h2o)
 Chemical potential of the compound in the mixture :         4.31851 kcal/mol
 Log10(partial pressure [mbar])                    :         2.08825
 Free energy of molecule in mix (E_COSMO+dE+Mu)    :    -47988.93477 kcal/mol
 Total mean interaction energy in the mix (H_int)  :        -4.79735 kcal/mol
 Misfit interaction energy in the mix (H_MF)       :         1.14696 kcal/mol
 H-Bond interaction energy in the mix (H_HB)       :        -4.27444 kcal/mol
 VdW interaction energy in the mix (H_vdW)         :        -4.60192 kcal/mol
 Gas liquid transition energy in the mix (H_glt)   :         2.93205 kcal/mol
 Equilibrium constant Kx(1,2)                      :         7.15978
 Equilibrium concentration x_k(1,2)                :         0.87745

 Compound: 2  (1-octanol)
 Chemical potential of the compound in the mixture :        -0.86157 kcal/mol
 Log10(partial pressure [mbar])                    :        -0.69271
 Free energy of molecule in mix (E_COSMO+dE+Mu)    :   -245429.77699 kcal/mol
 Total mean interaction energy in the mix (H_int)  :       -11.07826 kcal/mol
 Misfit interaction energy in the mix (H_MF)       :         2.27137 kcal/mol
 H-Bond interaction energy in the mix (H_HB)       :        -2.89152 kcal/mol
 VdW interaction energy in the mix (H_vdW)         :       -24.43138 kcal/mol
 Gas liquid transition energy in the mix (H_glt)   :        13.79313 kcal/mol
 Equilibrium constant Kx(1,2)                      :  9.84645167E-05
 Equilibrium concentration x_k(1,2)                :         0.00010

 Compound: 3  (lacticacid)
 Chemical potential of the compound in the mixture :         4.07134 kcal/mol
 Log10(partial pressure [mbar])                    :        -1.20054
 Free energy of molecule in mix (E_COSMO+dE+Mu)    :   -215744.60880 kcal/mol
 Total mean interaction energy in the mix (H_int)  :        -5.90017 kcal/mol
 Misfit interaction energy in the mix (H_MF)       :         2.47225 kcal/mol
 H-Bond interaction energy in the mix (H_HB)       :        -4.11993 kcal/mol
 VdW interaction energy in the mix (H_vdW)         :       -14.07786 kcal/mol
 Gas liquid transition energy in the mix (H_glt)   :         8.25184 kcal/mol
 Equilibrium constant Kx(1,2)                      :         1.16974
 Equilibrium concentration x_k(1,2)                :         0.53912



 Compound: 1 Conformer: 1 (h2o_c0)
 Chemical potential of the molecule in the mixture :         4.31851 kcal/mol
 Log10(partial pressure [mbar])                    :         2.08825
 Free energy of molecule in mix (E_COSMO+dE+Mu)    :    -47988.93477 kcal/mol
 Total mean interaction energy in the mix          :        -4.79735 kcal/mol
 Misfit interaction energy in the mix              :         1.14696 kcal/mol
 H-Bond interaction energy in the mix              :        -4.27444 kcal/mol
 VdW interaction energy in the mix                 :        -4.60192 kcal/mol
 Gas liquid transition energy in the mix (H_glt)   :         2.93205 kcal/mol
 Normalized weight factor of molecule in compound  :         1.00000
 Normalized weight factor of molecule in gas phase :         1.00000

 Compound: 2 Conformer: 1 (1-octanol_c0)
 Chemical potential of the molecule in the mixture :        -0.10051 kcal/mol
 Log10(partial pressure [mbar])                    :        -0.82461
 Free energy of molecule in mix (E_COSMO+dE+Mu)    :   -245429.01593 kcal/mol
 Total mean interaction energy in the mix          :       -11.29228 kcal/mol
 Misfit interaction energy in the mix              :         2.30860 kcal/mol
 H-Bond interaction energy in the mix              :        -2.92661 kcal/mol
 VdW interaction energy in the mix                 :       -24.46741 kcal/mol
 Gas liquid transition energy in the mix (H_glt)   :        13.79313 kcal/mol
 Normalized weight factor of molecule in compound  :         0.28107
 Normalized weight factor of molecule in gas phase :         0.20746

 Compound: 2 Conformer: 2 (1-octanol_c1)
 Chemical potential of the molecule in the mixture :        -0.26160 kcal/mol
 Log10(partial pressure [mbar])                    :        -0.91677
 Free energy of molecule in mix (E_COSMO+dE+Mu)    :   -245428.98884 kcal/mol
 Total mean interaction energy in the mix          :       -11.56460 kcal/mol
 Misfit interaction energy in the mix              :         2.25987 kcal/mol
 H-Bond interaction energy in the mix              :        -3.12089 kcal/mol
 VdW interaction energy in the mix                 :       -24.49671 kcal/mol
 Gas liquid transition energy in the mix (H_glt)   :        13.79313 kcal/mol
 Normalized weight factor of molecule in compound  :         0.26866
 Normalized weight factor of molecule in gas phase :         0.16038

 Compound: 2 Conformer: 3 (1-octanol_c2)
 Chemical potential of the molecule in the mixture :         0.29471 kcal/mol
 Log10(partial pressure [mbar])                    :        -0.34340
 Free energy of molecule in mix (E_COSMO+dE+Mu)    :   -245428.48364 kcal/mol
 Total mean interaction energy in the mix          :       -10.77534 kcal/mol
 Misfit interaction energy in the mix              :         2.34140 kcal/mol
 H-Bond interaction energy in the mix              :        -2.59145 kcal/mol
 VdW interaction energy in the mix                 :       -24.31842 kcal/mol
 Gas liquid transition energy in the mix (H_glt)   :        13.79313 kcal/mol
 Normalized weight factor of molecule in compound  :         0.11570
 Normalized weight factor of molecule in gas phase :         0.24928

 Compound: 2 Conformer: 4 (1-octanol_c3)
 Chemical potential of the molecule in the mixture :        -0.04150 kcal/mol
 Log10(partial pressure [mbar])                    :        -0.62790
 Free energy of molecule in mix (E_COSMO+dE+Mu)    :   -245428.73321 kcal/mol
 Total mean interaction energy in the mix          :       -11.04055 kcal/mol
 Misfit interaction energy in the mix              :         2.25875 kcal/mol
 H-Bond interaction energy in the mix              :        -2.72616 kcal/mol
 VdW interaction energy in the mix                 :       -24.36627 kcal/mol
 Gas liquid transition energy in the mix (H_glt)   :        13.79313 kcal/mol
 Normalized weight factor of molecule in compound  :         0.17541
 Normalized weight factor of molecule in gas phase :         0.20365

 Compound: 2 Conformer: 5 (1-octanol_c4)
 Chemical potential of the molecule in the mixture :        -0.22746 kcal/mol
 Log10(partial pressure [mbar])                    :        -0.63862
 Free energy of molecule in mix (E_COSMO+dE+Mu)    :   -245428.67488 kcal/mol
 Total mean interaction energy in the mix          :       -11.27298 kcal/mol
 Misfit interaction energy in the mix              :         2.18805 kcal/mol
 H-Bond interaction energy in the mix              :        -2.84278 kcal/mol
 VdW interaction energy in the mix                 :       -24.41137 kcal/mol
 Gas liquid transition energy in the mix (H_glt)   :        13.79313 kcal/mol
 Normalized weight factor of molecule in compound  :         0.15916
 Normalized weight factor of molecule in gas phase :         0.17924

 Compound: 3 Conformer: 1 (lacticacid_c0)
 Chemical potential of the molecule in the mixture :         5.89331 kcal/mol
 Log10(partial pressure [mbar])                    :        -1.07550
 Free energy of molecule in mix (E_COSMO+dE+Mu)    :   -215742.78683 kcal/mol
 Total mean interaction energy in the mix          :        -5.73484 kcal/mol
 Misfit interaction energy in the mix              :         2.98923 kcal/mol
 H-Bond interaction energy in the mix              :        -2.93287 kcal/mol
 VdW interaction energy in the mix                 :       -14.04304 kcal/mol
 Gas liquid transition energy in the mix (H_glt)   :         8.25184 kcal/mol
 Normalized weight factor of molecule in compound  :         0.04792
 Normalized weight factor of molecule in gas phase :         0.00530

 Compound: 3 Conformer: 2 (lacticacid_c1)
 Chemical potential of the molecule in the mixture :         6.12250 kcal/mol
 Log10(partial pressure [mbar])                    :        -0.50440
 Free energy of molecule in mix (E_COSMO+dE+Mu)    :   -215742.37615 kcal/mol
 Total mean interaction energy in the mix          :        -5.39263 kcal/mol
 Misfit interaction energy in the mix              :         3.01023 kcal/mol
 H-Bond interaction energy in the mix              :        -2.63857 kcal/mol
 VdW interaction energy in the mix                 :       -14.01613 kcal/mol
 Gas liquid transition energy in the mix (H_glt)   :         8.25184 kcal/mol
 Normalized weight factor of molecule in compound  :         0.02416
 Normalized weight factor of molecule in gas phase :         0.01022

 Compound: 3 Conformer: 3 (lacticacid_c2)
 Chemical potential of the molecule in the mixture :         3.36184 kcal/mol
 Log10(partial pressure [mbar])                    :        -0.45332
 Free energy of molecule in mix (E_COSMO+dE+Mu)    :   -215744.24463 kcal/mol
 Total mean interaction energy in the mix          :        -7.02882 kcal/mol
 Misfit interaction energy in the mix              :         2.32781 kcal/mol
 H-Bond interaction energy in the mix              :        -3.52328 kcal/mol
 VdW interaction energy in the mix                 :       -14.08518 kcal/mol
 Gas liquid transition energy in the mix (H_glt)   :         8.25184 kcal/mol
 Normalized weight factor of molecule in compound  :         0.54482
 Normalized weight factor of molecule in gas phase :         0.94275

 Compound: 3 Conformer: 4 (lacticacid_c3)
 Chemical potential of the molecule in the mixture :         2.70068 kcal/mol
 Log10(partial pressure [mbar])                    :        -2.00791
 Free energy of molecule in mix (E_COSMO+dE+Mu)    :   -215743.48475 kcal/mol
 Total mean interaction energy in the mix          :        -8.29360 kcal/mol
 Misfit interaction energy in the mix              :         2.51792 kcal/mol
 H-Bond interaction energy in the mix              :        -5.00601 kcal/mol
 VdW interaction energy in the mix                 :       -14.05736 kcal/mol
 Gas liquid transition energy in the mix (H_glt)   :         8.25184 kcal/mol
 Normalized weight factor of molecule in compound  :         0.15344
 Normalized weight factor of molecule in gas phase :         0.02391

 Compound: 3 Conformer: 5 (lacticacid_c4)
 Chemical potential of the molecule in the mixture :         2.90512 kcal/mol
 Log10(partial pressure [mbar])                    :        -3.47948
 Free energy of molecule in mix (E_COSMO+dE+Mu)    :   -215743.19371 kcal/mol
 Total mean interaction energy in the mix          :        -8.74408 kcal/mol
 Misfit interaction energy in the mix              :         2.80168 kcal/mol
 H-Bond interaction energy in the mix              :        -5.70173 kcal/mol
 VdW interaction energy in the mix                 :       -14.09587 kcal/mol
 Gas liquid transition energy in the mix (H_glt)   :         8.25184 kcal/mol
 Normalized weight factor of molecule in compound  :         0.09444
 Normalized weight factor of molecule in gas phase :         0.00050

 Compound: 3 Conformer: 6 (lacticacid_c5)
 Chemical potential of the molecule in the mixture :         2.62648 kcal/mol
 Log10(partial pressure [mbar])                    :        -2.09241
 Free energy of molecule in mix (E_COSMO+dE+Mu)    :   -215743.40898 kcal/mol
 Total mean interaction energy in the mix          :        -8.43655 kcal/mol
 Misfit interaction energy in the mix              :         2.49299 kcal/mol
 H-Bond interaction energy in the mix              :        -5.09896 kcal/mol
 VdW interaction energy in the mix                 :       -14.08242 kcal/mol
 Gas liquid transition energy in the mix (H_glt)   :         8.25184 kcal/mol
 Normalized weight factor of molecule in compound  :         0.13523
 Normalized weight factor of molecule in gas phase :         0.01733




 Results for mixture 21 - LIQ_EX Phase 1 Iteration   10
 ----------------------
 Temperature          :    301.765 K
 Compound Nr.         :         1         2         3
 Compound             :       h2o 1-octanol lacticaci
 Mole Fraction        :    0.9976    0.0000    0.0023

 Compound: 1  (h2o)
 Chemical potential of the compound in the mixture :         3.13807 kcal/mol
 Log10(partial pressure [mbar])                    :         1.23335
 Free energy of molecule in mix (E_COSMO+dE+Mu)    :    -47990.11520 kcal/mol
 Total mean interaction energy in the mix (H_int)  :        -5.72594 kcal/mol
 Misfit interaction energy in the mix (H_MF)       :         0.56682 kcal/mol
 H-Bond interaction energy in the mix (H_HB)       :        -4.86983 kcal/mol
 VdW interaction energy in the mix (H_vdW)         :        -4.35498 kcal/mol
 Gas liquid transition energy in the mix (H_glt)   :         2.93205 kcal/mol

 Compound: 2  (1-octanol)
 Chemical potential of the compound in the mixture :         4.67086 kcal/mol
 Log10(partial pressure [mbar])                    :         3.31401
 Free energy of molecule in mix (E_COSMO+dE+Mu)    :   -245424.24456 kcal/mol
 Total mean interaction energy in the mix (H_int)  :       -10.26504 kcal/mol
 Misfit interaction energy in the mix (H_MF)       :         3.29814 kcal/mol
 H-Bond interaction energy in the mix (H_HB)       :        -3.96388 kcal/mol
 VdW interaction energy in the mix (H_vdW)         :       -23.55260 kcal/mol
 Gas liquid transition energy in the mix (H_glt)   :        13.79313 kcal/mol

 Compound: 3  (lacticacid)
 Chemical potential of the compound in the mixture :         3.97732 kcal/mol
 Log10(partial pressure [mbar])                    :        -1.26863
 Free energy of molecule in mix (E_COSMO+dE+Mu)    :   -215744.70282 kcal/mol
 Total mean interaction energy in the mix (H_int)  :        -8.24098 kcal/mol
 Misfit interaction energy in the mix (H_MF)       :         1.86800 kcal/mol
 H-Bond interaction energy in the mix (H_HB)       :        -7.26552 kcal/mol
 VdW interaction energy in the mix (H_vdW)         :       -13.34300 kcal/mol
 Gas liquid transition energy in the mix (H_glt)   :         8.25184 kcal/mol



 Compound: 1 Conformer: 1 (h2o_c0)
 Chemical potential of the molecule in the mixture :         3.13807 kcal/mol
 Log10(partial pressure [mbar])                    :         1.23335
 Free energy of molecule in mix (E_COSMO+dE+Mu)    :    -47990.11520 kcal/mol
 Total mean interaction energy in the mix          :        -5.72594 kcal/mol
 Misfit interaction energy in the mix              :         0.56682 kcal/mol
 H-Bond interaction energy in the mix              :        -4.86983 kcal/mol
 VdW interaction energy in the mix                 :        -4.35498 kcal/mol
 Gas liquid transition energy in the mix (H_glt)   :         2.93205 kcal/mol
 Normalized weight factor of molecule in compound  :         1.00000
 Normalized weight factor of molecule in gas phase :         1.00000

 Compound: 2 Conformer: 1 (1-octanol_c0)
 Chemical potential of the molecule in the mixture :         5.40643 kcal/mol
 Log10(partial pressure [mbar])                    :         3.16366
 Free energy of molecule in mix (E_COSMO+dE+Mu)    :   -245423.50899 kcal/mol
 Total mean interaction energy in the mix          :       -10.45282 kcal/mol
 Misfit interaction energy in the mix              :         3.31575 kcal/mol
 H-Bond interaction energy in the mix              :        -3.97186 kcal/mol
 VdW interaction energy in the mix                 :       -23.58984 kcal/mol
 Gas liquid transition energy in the mix (H_glt)   :        13.79313 kcal/mol
 Normalized weight factor of molecule in compound  :         0.29328
 Normalized weight factor of molecule in gas phase :         0.20746

 Compound: 2 Conformer: 2 (1-octanol_c1)
 Chemical potential of the molecule in the mixture :         5.24428 kcal/mol
 Log10(partial pressure [mbar])                    :         3.07072
 Free energy of molecule in mix (E_COSMO+dE+Mu)    :   -245423.48296 kcal/mol
 Total mean interaction energy in the mix          :       -10.60496 kcal/mol
 Misfit interaction energy in the mix              :         3.36251 kcal/mol
 H-Bond interaction energy in the mix              :        -4.14260 kcal/mol
 VdW interaction energy in the mix                 :       -23.61800 kcal/mol
 Gas liquid transition energy in the mix (H_glt)   :        13.79313 kcal/mol
 Normalized weight factor of molecule in compound  :         0.28082
 Normalized weight factor of molecule in gas phase :         0.16038

 Compound: 2 Conformer: 3 (1-octanol_c2)
 Chemical potential of the molecule in the mixture :         5.56026 kcal/mol
 Log10(partial pressure [mbar])                    :         3.47005
 Free energy of molecule in mix (E_COSMO+dE+Mu)    :   -245423.21809 kcal/mol
 Total mean interaction energy in the mix          :       -10.23147 kcal/mol
 Misfit interaction energy in the mix              :         3.26038 kcal/mol
 H-Bond interaction energy in the mix              :        -3.84552 kcal/mol
 VdW interaction energy in the mix                 :       -23.43946 kcal/mol
 Gas liquid transition energy in the mix (H_glt)   :        13.79313 kcal/mol
 Normalized weight factor of molecule in compound  :         0.18055
 Normalized weight factor of molecule in gas phase :         0.24928

 Compound: 2 Conformer: 4 (1-octanol_c3)
 Chemical potential of the molecule in the mixture :         5.66126 kcal/mol
 Log10(partial pressure [mbar])                    :         3.50219
 Free energy of molecule in mix (E_COSMO+dE+Mu)    :   -245423.03044 kcal/mol
 Total mean interaction energy in the mix          :       -10.25986 kcal/mol
 Misfit interaction energy in the mix              :         3.23468 kcal/mol
 H-Bond interaction energy in the mix              :        -3.79287 kcal/mol
 VdW interaction energy in the mix                 :       -23.49479 kcal/mol
 Gas liquid transition energy in the mix (H_glt)   :        13.79313 kcal/mol
 Normalized weight factor of molecule in compound  :         0.13204
 Normalized weight factor of molecule in gas phase :         0.20365

 Compound: 2 Conformer: 5 (1-octanol_c4)
 Chemical potential of the molecule in the mixture :         5.50871 kcal/mol
 Log10(partial pressure [mbar])                    :         3.51566
 Free energy of molecule in mix (E_COSMO+dE+Mu)    :   -245422.93872 kcal/mol
 Total mean interaction energy in the mix          :       -10.40963 kcal/mol
 Misfit interaction energy in the mix              :         3.22714 kcal/mol
 H-Bond interaction energy in the mix              :        -3.88818 kcal/mol
 VdW interaction energy in the mix                 :       -23.54172 kcal/mol
 Gas liquid transition energy in the mix (H_glt)   :        13.79313 kcal/mol
 Normalized weight factor of molecule in compound  :         0.11331
 Normalized weight factor of molecule in gas phase :         0.17924

 Compound: 3 Conformer: 1 (lacticacid_c0)
 Chemical potential of the molecule in the mixture :         5.91889 kcal/mol
 Log10(partial pressure [mbar])                    :        -1.05698
 Free energy of molecule in mix (E_COSMO+dE+Mu)    :   -215742.76125 kcal/mol
 Total mean interaction energy in the mix          :        -7.64084 kcal/mol
 Misfit interaction energy in the mix              :         1.90386 kcal/mol
 H-Bond interaction energy in the mix              :        -4.50431 kcal/mol
 VdW interaction energy in the mix                 :       -13.29223 kcal/mol
 Gas liquid transition energy in the mix (H_glt)   :         8.25184 kcal/mol
 Normalized weight factor of molecule in compound  :         0.03925
 Normalized weight factor of molecule in gas phase :         0.00530

 Compound: 3 Conformer: 2 (lacticacid_c1)
 Chemical potential of the molecule in the mixture :         6.05940 kcal/mol
 Log10(partial pressure [mbar])                    :        -0.55010
 Free energy of molecule in mix (E_COSMO+dE+Mu)    :   -215742.43925 kcal/mol
 Total mean interaction energy in the mix          :        -7.18676 kcal/mol
 Misfit interaction energy in the mix              :         2.02108 kcal/mol
 H-Bond interaction energy in the mix              :        -4.18962 kcal/mol
 VdW interaction energy in the mix                 :       -13.27006 kcal/mol
 Gas liquid transition energy in the mix (H_glt)   :         8.25184 kcal/mol
 Normalized weight factor of molecule in compound  :         0.02294
 Normalized weight factor of molecule in gas phase :         0.01022

 Compound: 3 Conformer: 3 (lacticacid_c2)
 Chemical potential of the molecule in the mixture :         4.21165 kcal/mol
 Log10(partial pressure [mbar])                    :         0.16214
 Free energy of molecule in mix (E_COSMO+dE+Mu)    :   -215743.39481 kcal/mol
 Total mean interaction energy in the mix          :        -8.30100 kcal/mol
 Misfit interaction energy in the mix              :         1.94653 kcal/mol
 H-Bond interaction energy in the mix              :        -5.14358 kcal/mol
 VdW interaction energy in the mix                 :       -13.35579 kcal/mol
 Gas liquid transition energy in the mix (H_glt)   :         8.25184 kcal/mol
 Normalized weight factor of molecule in compound  :         0.11290
 Normalized weight factor of molecule in gas phase :         0.94275

 Compound: 3 Conformer: 4 (lacticacid_c3)
 Chemical potential of the molecule in the mixture :         2.42721 kcal/mol
 Log10(partial pressure [mbar])                    :        -2.20596
 Free energy of molecule in mix (E_COSMO+dE+Mu)    :   -215743.75822 kcal/mol
 Total mean interaction energy in the mix          :       -10.47858 kcal/mol
 Misfit interaction energy in the mix              :         1.86858 kcal/mol
 H-Bond interaction energy in the mix              :        -7.26890 kcal/mol
 VdW interaction energy in the mix                 :       -13.33011 kcal/mol
 Gas liquid transition energy in the mix (H_glt)   :         8.25184 kcal/mol
 Normalized weight factor of molecule in compound  :         0.20697
 Normalized weight factor of molecule in gas phase :         0.02391

 Compound: 3 Conformer: 5 (lacticacid_c4)
 Chemical potential of the molecule in the mixture :         1.88053 kcal/mol
 Log10(partial pressure [mbar])                    :        -4.22151
 Free energy of molecule in mix (E_COSMO+dE+Mu)    :   -215744.21830 kcal/mol
 Total mean interaction energy in the mix          :       -11.44178 kcal/mol
 Misfit interaction energy in the mix              :         1.84655 kcal/mol
 H-Bond interaction energy in the mix              :        -8.18959 kcal/mol
 VdW interaction energy in the mix                 :       -13.35058 kcal/mol
 Gas liquid transition energy in the mix (H_glt)   :         8.25184 kcal/mol
 Normalized weight factor of molecule in compound  :         0.44576
 Normalized weight factor of molecule in gas phase :         0.00050

 Compound: 3 Conformer: 6 (lacticacid_c5)
 Chemical potential of the molecule in the mixture :         2.38760 kcal/mol
 Log10(partial pressure [mbar])                    :        -2.26542
 Free energy of molecule in mix (E_COSMO+dE+Mu)    :   -215743.64787 kcal/mol
 Total mean interaction energy in the mix          :       -10.55708 kcal/mol
 Misfit interaction energy in the mix              :         1.84278 kcal/mol
 H-Bond interaction energy in the mix              :        -7.29991 kcal/mol
 VdW interaction energy in the mix                 :       -13.35178 kcal/mol
 Gas liquid transition energy in the mix (H_glt)   :         8.25184 kcal/mol
 Normalized weight factor of molecule in compound  :         0.17218
 Normalized weight factor of molecule in gas phase :         0.01733




 Results for mixture 22 - LIQ_EX Phase 2 Iteration   10
 ----------------------
 Temperature          :    301.765 K
 Compound Nr.         :         1         2         3
 Compound             :       h2o 1-octanol lacticaci
 Mole Fraction        :    0.1393    0.8587    0.0019

 Compound: 1  (h2o)
 Chemical potential of the compound in the mixture :         4.31847 kcal/mol
 Log10(partial pressure [mbar])                    :         2.08822
 Free energy of molecule in mix (E_COSMO+dE+Mu)    :    -47988.93481 kcal/mol
 Total mean interaction energy in the mix (H_int)  :        -4.79741 kcal/mol
 Misfit interaction energy in the mix (H_MF)       :         1.14693 kcal/mol
 H-Bond interaction energy in the mix (H_HB)       :        -4.27447 kcal/mol
 VdW interaction energy in the mix (H_vdW)         :        -4.60192 kcal/mol
 Gas liquid transition energy in the mix (H_glt)   :         2.93205 kcal/mol
 Equilibrium constant Kx(1,2)                      :         7.15931
 Equilibrium concentration x_k(1,2)                :         0.87744

 Compound: 2  (1-octanol)
 Chemical potential of the compound in the mixture :        -0.86156 kcal/mol
 Log10(partial pressure [mbar])                    :        -0.69271
 Free energy of molecule in mix (E_COSMO+dE+Mu)    :   -245429.77699 kcal/mol
 Total mean interaction energy in the mix (H_int)  :       -11.07828 kcal/mol
 Misfit interaction energy in the mix (H_MF)       :         2.27139 kcal/mol
 H-Bond interaction energy in the mix (H_HB)       :        -2.89157 kcal/mol
 VdW interaction energy in the mix (H_vdW)         :       -24.43137 kcal/mol
 Gas liquid transition energy in the mix (H_glt)   :        13.79313 kcal/mol
 Equilibrium constant Kx(1,2)                      :  9.84646211E-05
 Equilibrium concentration x_k(1,2)                :         0.00010

 Compound: 3  (lacticacid)
 Chemical potential of the compound in the mixture :         4.07129 kcal/mol
 Log10(partial pressure [mbar])                    :        -1.20058
 Free energy of molecule in mix (E_COSMO+dE+Mu)    :   -215744.60885 kcal/mol
 Total mean interaction energy in the mix (H_int)  :        -5.90025 kcal/mol
 Misfit interaction energy in the mix (H_MF)       :         2.47221 kcal/mol
 H-Bond interaction energy in the mix (H_HB)       :        -4.12001 kcal/mol
 VdW interaction energy in the mix (H_vdW)         :       -14.07785 kcal/mol
 Gas liquid transition energy in the mix (H_glt)   :         8.25184 kcal/mol
 Equilibrium constant Kx(1,2)                      :         1.16964
 Equilibrium concentration x_k(1,2)                :         0.53909



 Compound: 1 Conformer: 1 (h2o_c0)
 Chemical potential of the molecule in the mixture :         4.31847 kcal/mol
 Log10(partial pressure [mbar])                    :         2.08822
 Free energy of molecule in mix (E_COSMO+dE+Mu)    :    -47988.93481 kcal/mol
 Total mean interaction energy in the mix          :        -4.79741 kcal/mol
 Misfit interaction energy in the mix              :         1.14693 kcal/mol
 H-Bond interaction energy in the mix              :        -4.27447 kcal/mol
 VdW interaction energy in the mix                 :        -4.60192 kcal/mol
 Gas liquid transition energy in the mix (H_glt)   :         2.93205 kcal/mol
 Normalized weight factor of molecule in compound  :         1.00000
 Normalized weight factor of molecule in gas phase :         1.00000

 Compound: 2 Conformer: 1 (1-octanol_c0)
 Chemical potential of the molecule in the mixture :        -0.10050 kcal/mol
 Log10(partial pressure [mbar])                    :        -0.82460
 Free energy of molecule in mix (E_COSMO+dE+Mu)    :   -245429.01593 kcal/mol
 Total mean interaction energy in the mix          :       -11.29231 kcal/mol
 Misfit interaction energy in the mix              :         2.30862 kcal/mol
 H-Bond interaction energy in the mix              :        -2.92666 kcal/mol
 VdW interaction energy in the mix                 :       -24.46740 kcal/mol
 Gas liquid transition energy in the mix (H_glt)   :        13.79313 kcal/mol
 Normalized weight factor of molecule in compound  :         0.28107
 Normalized weight factor of molecule in gas phase :         0.20746

 Compound: 2 Conformer: 2 (1-octanol_c1)
 Chemical potential of the molecule in the mixture :        -0.26159 kcal/mol
 Log10(partial pressure [mbar])                    :        -0.91677
 Free energy of molecule in mix (E_COSMO+dE+Mu)    :   -245428.98884 kcal/mol
 Total mean interaction energy in the mix          :       -11.56463 kcal/mol
 Misfit interaction energy in the mix              :         2.25989 kcal/mol
 H-Bond interaction energy in the mix              :        -3.12094 kcal/mol
 VdW interaction energy in the mix                 :       -24.49670 kcal/mol
 Gas liquid transition energy in the mix (H_glt)   :        13.79313 kcal/mol
 Normalized weight factor of molecule in compound  :         0.26866
 Normalized weight factor of molecule in gas phase :         0.16038

 Compound: 2 Conformer: 3 (1-octanol_c2)
 Chemical potential of the molecule in the mixture :         0.29471 kcal/mol
 Log10(partial pressure [mbar])                    :        -0.34340
 Free energy of molecule in mix (E_COSMO+dE+Mu)    :   -245428.48364 kcal/mol
 Total mean interaction energy in the mix          :       -10.77538 kcal/mol
 Misfit interaction energy in the mix              :         2.34142 kcal/mol
 H-Bond interaction energy in the mix              :        -2.59151 kcal/mol
 VdW interaction energy in the mix                 :       -24.31841 kcal/mol
 Gas liquid transition energy in the mix (H_glt)   :        13.79313 kcal/mol
 Normalized weight factor of molecule in compound  :         0.11570
 Normalized weight factor of molecule in gas phase :         0.24928

 Compound: 2 Conformer: 4 (1-octanol_c3)
 Chemical potential of the molecule in the mixture :        -0.04149 kcal/mol
 Log10(partial pressure [mbar])                    :        -0.62789
 Free energy of molecule in mix (E_COSMO+dE+Mu)    :   -245428.73319 kcal/mol
 Total mean interaction energy in the mix          :       -11.04057 kcal/mol
 Misfit interaction energy in the mix              :         2.25876 kcal/mol
 H-Bond interaction energy in the mix              :        -2.72620 kcal/mol
 VdW interaction energy in the mix                 :       -24.36626 kcal/mol
 Gas liquid transition energy in the mix (H_glt)   :        13.79313 kcal/mol
 Normalized weight factor of molecule in compound  :         0.17541
 Normalized weight factor of molecule in gas phase :         0.20365

 Compound: 2 Conformer: 5 (1-octanol_c4)
 Chemical potential of the molecule in the mixture :        -0.22744 kcal/mol
 Log10(partial pressure [mbar])                    :        -0.63861
 Free energy of molecule in mix (E_COSMO+dE+Mu)    :   -245428.67487 kcal/mol
 Total mean interaction energy in the mix          :       -11.27300 kcal/mol
 Misfit interaction energy in the mix              :         2.18806 kcal/mol
 H-Bond interaction energy in the mix              :        -2.84283 kcal/mol
 VdW interaction energy in the mix                 :       -24.41136 kcal/mol
 Gas liquid transition energy in the mix (H_glt)   :        13.79313 kcal/mol
 Normalized weight factor of molecule in compound  :         0.15916
 Normalized weight factor of molecule in gas phase :         0.17924

 Compound: 3 Conformer: 1 (lacticacid_c0)
 Chemical potential of the molecule in the mixture :         5.89325 kcal/mol
 Log10(partial pressure [mbar])                    :        -1.07555
 Free energy of molecule in mix (E_COSMO+dE+Mu)    :   -215742.78689 kcal/mol
 Total mean interaction energy in the mix          :        -5.73493 kcal/mol
 Misfit interaction energy in the mix              :         2.98917 kcal/mol
 H-Bond interaction energy in the mix              :        -2.93291 kcal/mol
 VdW interaction energy in the mix                 :       -14.04303 kcal/mol
 Gas liquid transition energy in the mix (H_glt)   :         8.25184 kcal/mol
 Normalized weight factor of molecule in compound  :         0.04792
 Normalized weight factor of molecule in gas phase :         0.00530

 Compound: 3 Conformer: 2 (lacticacid_c1)
 Chemical potential of the molecule in the mixture :         6.12243 kcal/mol
 Log10(partial pressure [mbar])                    :        -0.50445
 Free energy of molecule in mix (E_COSMO+dE+Mu)    :   -215742.37622 kcal/mol
 Total mean interaction energy in the mix          :        -5.39271 kcal/mol
 Misfit interaction energy in the mix              :         3.01018 kcal/mol
 H-Bond interaction energy in the mix              :        -2.63861 kcal/mol
 VdW interaction energy in the mix                 :       -14.01612 kcal/mol
 Gas liquid transition energy in the mix (H_glt)   :         8.25184 kcal/mol
 Normalized weight factor of molecule in compound  :         0.02416
 Normalized weight factor of molecule in gas phase :         0.01022

 Compound: 3 Conformer: 3 (lacticacid_c2)
 Chemical potential of the molecule in the mixture :         3.36180 kcal/mol
 Log10(partial pressure [mbar])                    :        -0.45335
 Free energy of molecule in mix (E_COSMO+dE+Mu)    :   -215744.24466 kcal/mol
 Total mean interaction energy in the mix          :        -7.02889 kcal/mol
 Misfit interaction energy in the mix              :         2.32777 kcal/mol
 H-Bond interaction energy in the mix              :        -3.52333 kcal/mol
 VdW interaction energy in the mix                 :       -14.08517 kcal/mol
 Gas liquid transition energy in the mix (H_glt)   :         8.25184 kcal/mol
 Normalized weight factor of molecule in compound  :         0.54481
 Normalized weight factor of molecule in gas phase :         0.94275

 Compound: 3 Conformer: 4 (lacticacid_c3)
 Chemical potential of the molecule in the mixture :         2.70061 kcal/mol
 Log10(partial pressure [mbar])                    :        -2.00796
 Free energy of molecule in mix (E_COSMO+dE+Mu)    :   -215743.48482 kcal/mol
 Total mean interaction energy in the mix          :        -8.29371 kcal/mol
 Misfit interaction energy in the mix              :         2.51787 kcal/mol
 H-Bond interaction energy in the mix              :        -5.00607 kcal/mol
 VdW interaction energy in the mix                 :       -14.05735 kcal/mol
 Gas liquid transition energy in the mix (H_glt)   :         8.25184 kcal/mol
 Normalized weight factor of molecule in compound  :         0.15344
 Normalized weight factor of molecule in gas phase :         0.02391

 Compound: 3 Conformer: 5 (lacticacid_c4)
 Chemical potential of the molecule in the mixture :         2.90503 kcal/mol
 Log10(partial pressure [mbar])                    :        -3.47954
 Free energy of molecule in mix (E_COSMO+dE+Mu)    :   -215743.19379 kcal/mol
 Total mean interaction energy in the mix          :        -8.74422 kcal/mol
 Misfit interaction energy in the mix              :         2.80162 kcal/mol
 H-Bond interaction energy in the mix              :        -5.70182 kcal/mol
 VdW interaction energy in the mix                 :       -14.09585 kcal/mol
 Gas liquid transition energy in the mix (H_glt)   :         8.25184 kcal/mol
 Normalized weight factor of molecule in compound  :         0.09444
 Normalized weight factor of molecule in gas phase :         0.00050

 Compound: 3 Conformer: 6 (lacticacid_c5)
 Chemical potential of the molecule in the mixture :         2.62641 kcal/mol
 Log10(partial pressure [mbar])                    :        -2.09246
 Free energy of molecule in mix (E_COSMO+dE+Mu)    :   -215743.40905 kcal/mol
 Total mean interaction energy in the mix          :        -8.43666 kcal/mol
 Misfit interaction energy in the mix              :         2.49294 kcal/mol
 H-Bond interaction energy in the mix              :        -5.09903 kcal/mol
 VdW interaction energy in the mix                 :       -14.08241 kcal/mol
 Gas liquid transition energy in the mix (H_glt)   :         8.25184 kcal/mol
 Normalized weight factor of molecule in compound  :         0.13523
 Normalized weight factor of molecule in gas phase :         0.01733




 Results for mixture 23 - LIQ_EX Phase 1 Iteration   11
 ----------------------
 Temperature          :    301.765 K
 Compound Nr.         :         1         2         3
 Compound             :       h2o 1-octanol lacticaci
 Mole Fraction        :    0.9976    0.0000    0.0023

 Compound: 1  (h2o)
 Chemical potential of the compound in the mixture :         3.13807 kcal/mol
 Log10(partial pressure [mbar])                    :         1.23335
 Free energy of molecule in mix (E_COSMO+dE+Mu)    :    -47990.11520 kcal/mol
 Total mean interaction energy in the mix (H_int)  :        -5.72594 kcal/mol
 Misfit interaction energy in the mix (H_MF)       :         0.56682 kcal/mol
 H-Bond interaction energy in the mix (H_HB)       :        -4.86983 kcal/mol
 VdW interaction energy in the mix (H_vdW)         :        -4.35498 kcal/mol
 Gas liquid transition energy in the mix (H_glt)   :         2.93205 kcal/mol

 Compound: 2  (1-octanol)
 Chemical potential of the compound in the mixture :         4.67087 kcal/mol
 Log10(partial pressure [mbar])                    :         3.31402
 Free energy of molecule in mix (E_COSMO+dE+Mu)    :   -245424.24456 kcal/mol
 Total mean interaction energy in the mix (H_int)  :       -10.26504 kcal/mol
 Misfit interaction energy in the mix (H_MF)       :         3.29814 kcal/mol
 H-Bond interaction energy in the mix (H_HB)       :        -3.96388 kcal/mol
 VdW interaction energy in the mix (H_vdW)         :       -23.55259 kcal/mol
 Gas liquid transition energy in the mix (H_glt)   :        13.79313 kcal/mol

 Compound: 3  (lacticacid)
 Chemical potential of the compound in the mixture :         3.97732 kcal/mol
 Log10(partial pressure [mbar])                    :        -1.26863
 Free energy of molecule in mix (E_COSMO+dE+Mu)    :   -215744.70282 kcal/mol
 Total mean interaction energy in the mix (H_int)  :        -8.24098 kcal/mol
 Misfit interaction energy in the mix (H_MF)       :         1.86800 kcal/mol
 H-Bond interaction energy in the mix (H_HB)       :        -7.26552 kcal/mol
 VdW interaction energy in the mix (H_vdW)         :       -13.34300 kcal/mol
 Gas liquid transition energy in the mix (H_glt)   :         8.25184 kcal/mol



 Compound: 1 Conformer: 1 (h2o_c0)
 Chemical potential of the molecule in the mixture :         3.13807 kcal/mol
 Log10(partial pressure [mbar])                    :         1.23335
 Free energy of molecule in mix (E_COSMO+dE+Mu)    :    -47990.11520 kcal/mol
 Total mean interaction energy in the mix          :        -5.72594 kcal/mol
 Misfit interaction energy in the mix              :         0.56682 kcal/mol
 H-Bond interaction energy in the mix              :        -4.86983 kcal/mol
 VdW interaction energy in the mix                 :        -4.35498 kcal/mol
 Gas liquid transition energy in the mix (H_glt)   :         2.93205 kcal/mol
 Normalized weight factor of molecule in compound  :         1.00000
 Normalized weight factor of molecule in gas phase :         1.00000

 Compound: 2 Conformer: 1 (1-octanol_c0)
 Chemical potential of the molecule in the mixture :         5.40643 kcal/mol
 Log10(partial pressure [mbar])                    :         3.16366
 Free energy of molecule in mix (E_COSMO+dE+Mu)    :   -245423.50899 kcal/mol
 Total mean interaction energy in the mix          :       -10.45282 kcal/mol
 Misfit interaction energy in the mix              :         3.31575 kcal/mol
 H-Bond interaction energy in the mix              :        -3.97186 kcal/mol
 VdW interaction energy in the mix                 :       -23.58984 kcal/mol
 Gas liquid transition energy in the mix (H_glt)   :        13.79313 kcal/mol
 Normalized weight factor of molecule in compound  :         0.29328
 Normalized weight factor of molecule in gas phase :         0.20746

 Compound: 2 Conformer: 2 (1-octanol_c1)
 Chemical potential of the molecule in the mixture :         5.24429 kcal/mol
 Log10(partial pressure [mbar])                    :         3.07073
 Free energy of molecule in mix (E_COSMO+dE+Mu)    :   -245423.48296 kcal/mol
 Total mean interaction energy in the mix          :       -10.60496 kcal/mol
 Misfit interaction energy in the mix              :         3.36251 kcal/mol
 H-Bond interaction energy in the mix              :        -4.14260 kcal/mol
 VdW interaction energy in the mix                 :       -23.61800 kcal/mol
 Gas liquid transition energy in the mix (H_glt)   :        13.79313 kcal/mol
 Normalized weight factor of molecule in compound  :         0.28082
 Normalized weight factor of molecule in gas phase :         0.16038

 Compound: 2 Conformer: 3 (1-octanol_c2)
 Chemical potential of the molecule in the mixture :         5.56026 kcal/mol
 Log10(partial pressure [mbar])                    :         3.47005
 Free energy of molecule in mix (E_COSMO+dE+Mu)    :   -245423.21808 kcal/mol
 Total mean interaction energy in the mix          :       -10.23147 kcal/mol
 Misfit interaction energy in the mix              :         3.26038 kcal/mol
 H-Bond interaction energy in the mix              :        -3.84552 kcal/mol
 VdW interaction energy in the mix                 :       -23.43946 kcal/mol
 Gas liquid transition energy in the mix (H_glt)   :        13.79313 kcal/mol
 Normalized weight factor of molecule in compound  :         0.18055
 Normalized weight factor of molecule in gas phase :         0.24928

 Compound: 2 Conformer: 4 (1-octanol_c3)
 Chemical potential of the molecule in the mixture :         5.66127 kcal/mol
 Log10(partial pressure [mbar])                    :         3.50219
 Free energy of molecule in mix (E_COSMO+dE+Mu)    :   -245423.03044 kcal/mol
 Total mean interaction energy in the mix          :       -10.25986 kcal/mol
 Misfit interaction energy in the mix              :         3.23468 kcal/mol
 H-Bond interaction energy in the mix              :        -3.79287 kcal/mol
 VdW interaction energy in the mix                 :       -23.49479 kcal/mol
 Gas liquid transition energy in the mix (H_glt)   :        13.79313 kcal/mol
 Normalized weight factor of molecule in compound  :         0.13204
 Normalized weight factor of molecule in gas phase :         0.20365

 Compound: 2 Conformer: 5 (1-octanol_c4)
 Chemical potential of the molecule in the mixture :         5.50871 kcal/mol
 Log10(partial pressure [mbar])                    :         3.51566
 Free energy of molecule in mix (E_COSMO+dE+Mu)    :   -245422.93871 kcal/mol
 Total mean interaction energy in the mix          :       -10.40963 kcal/mol
 Misfit interaction energy in the mix              :         3.22714 kcal/mol
 H-Bond interaction energy in the mix              :        -3.88818 kcal/mol
 VdW interaction energy in the mix                 :       -23.54172 kcal/mol
 Gas liquid transition energy in the mix (H_glt)   :        13.79313 kcal/mol
 Normalized weight factor of molecule in compound  :         0.11331
 Normalized weight factor of molecule in gas phase :         0.17924

 Compound: 3 Conformer: 1 (lacticacid_c0)
 Chemical potential of the molecule in the mixture :         5.91889 kcal/mol
 Log10(partial pressure [mbar])                    :        -1.05698
 Free energy of molecule in mix (E_COSMO+dE+Mu)    :   -215742.76125 kcal/mol
 Total mean interaction energy in the mix          :        -7.64084 kcal/mol
 Misfit interaction energy in the mix              :         1.90386 kcal/mol
 H-Bond interaction energy in the mix              :        -4.50431 kcal/mol
 VdW interaction energy in the mix                 :       -13.29223 kcal/mol
 Gas liquid transition energy in the mix (H_glt)   :         8.25184 kcal/mol
 Normalized weight factor of molecule in compound  :         0.03925
 Normalized weight factor of molecule in gas phase :         0.00530

 Compound: 3 Conformer: 2 (lacticacid_c1)
 Chemical potential of the molecule in the mixture :         6.05940 kcal/mol
 Log10(partial pressure [mbar])                    :        -0.55010
 Free energy of molecule in mix (E_COSMO+dE+Mu)    :   -215742.43925 kcal/mol
 Total mean interaction energy in the mix          :        -7.18676 kcal/mol
 Misfit interaction energy in the mix              :         2.02108 kcal/mol
 H-Bond interaction energy in the mix              :        -4.18962 kcal/mol
 VdW interaction energy in the mix                 :       -13.27006 kcal/mol
 Gas liquid transition energy in the mix (H_glt)   :         8.25184 kcal/mol
 Normalized weight factor of molecule in compound  :         0.02294
 Normalized weight factor of molecule in gas phase :         0.01022

 Compound: 3 Conformer: 3 (lacticacid_c2)
 Chemical potential of the molecule in the mixture :         4.21166 kcal/mol
 Log10(partial pressure [mbar])                    :         0.16214
 Free energy of molecule in mix (E_COSMO+dE+Mu)    :   -215743.39481 kcal/mol
 Total mean interaction energy in the mix          :        -8.30100 kcal/mol
 Misfit interaction energy in the mix              :         1.94653 kcal/mol
 H-Bond interaction energy in the mix              :        -5.14358 kcal/mol
 VdW interaction energy in the mix                 :       -13.35579 kcal/mol
 Gas liquid transition energy in the mix (H_glt)   :         8.25184 kcal/mol
 Normalized weight factor of molecule in compound  :         0.11290
 Normalized weight factor of molecule in gas phase :         0.94275

 Compound: 3 Conformer: 4 (lacticacid_c3)
 Chemical potential of the molecule in the mixture :         2.42721 kcal/mol
 Log10(partial pressure [mbar])                    :        -2.20596
 Free energy of molecule in mix (E_COSMO+dE+Mu)    :   -215743.75822 kcal/mol
 Total mean interaction energy in the mix          :       -10.47858 kcal/mol
 Misfit interaction energy in the mix              :         1.86858 kcal/mol
 H-Bond interaction energy in the mix              :        -7.26890 kcal/mol
 VdW interaction energy in the mix                 :       -13.33010 kcal/mol
 Gas liquid transition energy in the mix (H_glt)   :         8.25184 kcal/mol
 Normalized weight factor of molecule in compound  :         0.20697
 Normalized weight factor of molecule in gas phase :         0.02391

 Compound: 3 Conformer: 5 (lacticacid_c4)
 Chemical potential of the molecule in the mixture :         1.88053 kcal/mol
 Log10(partial pressure [mbar])                    :        -4.22151
 Free energy of molecule in mix (E_COSMO+dE+Mu)    :   -215744.21830 kcal/mol
 Total mean interaction energy in the mix          :       -11.44178 kcal/mol
 Misfit interaction energy in the mix              :         1.84655 kcal/mol
 H-Bond interaction energy in the mix              :        -8.18959 kcal/mol
 VdW interaction energy in the mix                 :       -13.35058 kcal/mol
 Gas liquid transition energy in the mix (H_glt)   :         8.25184 kcal/mol
 Normalized weight factor of molecule in compound  :         0.44576
 Normalized weight factor of molecule in gas phase :         0.00050

 Compound: 3 Conformer: 6 (lacticacid_c5)
 Chemical potential of the molecule in the mixture :         2.38760 kcal/mol
 Log10(partial pressure [mbar])                    :        -2.26542
 Free energy of molecule in mix (E_COSMO+dE+Mu)    :   -215743.64787 kcal/mol
 Total mean interaction energy in the mix          :       -10.55708 kcal/mol
 Misfit interaction energy in the mix              :         1.84278 kcal/mol
 H-Bond interaction energy in the mix              :        -7.29992 kcal/mol
 VdW interaction energy in the mix                 :       -13.35178 kcal/mol
 Gas liquid transition energy in the mix (H_glt)   :         8.25184 kcal/mol
 Normalized weight factor of molecule in compound  :         0.17218
 Normalized weight factor of molecule in gas phase :         0.01733




 Results for mixture 24 - LIQ_EX Phase 2 Iteration   11
 ----------------------
 Temperature          :    301.765 K
 Compound Nr.         :         1         2         3
 Compound             :       h2o 1-octanol lacticaci
 Mole Fraction        :    0.1393    0.8587    0.0019

 Compound: 1  (h2o)
 Chemical potential of the compound in the mixture :         4.31845 kcal/mol
 Log10(partial pressure [mbar])                    :         2.08820
 Free energy of molecule in mix (E_COSMO+dE+Mu)    :    -47988.93482 kcal/mol
 Total mean interaction energy in the mix (H_int)  :        -4.79744 kcal/mol
 Misfit interaction energy in the mix (H_MF)       :         1.14691 kcal/mol
 H-Bond interaction energy in the mix (H_HB)       :        -4.27448 kcal/mol
 VdW interaction energy in the mix (H_vdW)         :        -4.60192 kcal/mol
 Gas liquid transition energy in the mix (H_glt)   :         2.93205 kcal/mol
 Equilibrium constant Kx(1,2)                      :         7.15911
 Equilibrium concentration x_k(1,2)                :         0.87744

 Compound: 2  (1-octanol)
 Chemical potential of the compound in the mixture :        -0.86156 kcal/mol
 Log10(partial pressure [mbar])                    :        -0.69270
 Free energy of molecule in mix (E_COSMO+dE+Mu)    :   -245429.77698 kcal/mol
 Total mean interaction energy in the mix (H_int)  :       -11.07829 kcal/mol
 Misfit interaction energy in the mix (H_MF)       :         2.27139 kcal/mol
 H-Bond interaction energy in the mix (H_HB)       :        -2.89160 kcal/mol
 VdW interaction energy in the mix (H_vdW)         :       -24.43137 kcal/mol
 Gas liquid transition energy in the mix (H_glt)   :        13.79313 kcal/mol
 Equilibrium constant Kx(1,2)                      :  9.84646670E-05
 Equilibrium concentration x_k(1,2)                :         0.00010

 Compound: 3  (lacticacid)
 Chemical potential of the compound in the mixture :         4.07126 kcal/mol
 Log10(partial pressure [mbar])                    :        -1.20060
 Free energy of molecule in mix (E_COSMO+dE+Mu)    :   -215744.60888 kcal/mol
 Total mean interaction energy in the mix (H_int)  :        -5.90029 kcal/mol
 Misfit interaction energy in the mix (H_MF)       :         2.47219 kcal/mol
 H-Bond interaction energy in the mix (H_HB)       :        -4.12004 kcal/mol
 VdW interaction energy in the mix (H_vdW)         :       -14.07785 kcal/mol
 Gas liquid transition energy in the mix (H_glt)   :         8.25184 kcal/mol
 Equilibrium constant Kx(1,2)                      :         1.16960
 Equilibrium concentration x_k(1,2)                :         0.53908



 Compound: 1 Conformer: 1 (h2o_c0)
 Chemical potential of the molecule in the mixture :         4.31845 kcal/mol
 Log10(partial pressure [mbar])                    :         2.08820
 Free energy of molecule in mix (E_COSMO+dE+Mu)    :    -47988.93482 kcal/mol
 Total mean interaction energy in the mix          :        -4.79744 kcal/mol
 Misfit interaction energy in the mix              :         1.14691 kcal/mol
 H-Bond interaction energy in the mix              :        -4.27448 kcal/mol
 VdW interaction energy in the mix                 :        -4.60192 kcal/mol
 Gas liquid transition energy in the mix (H_glt)   :         2.93205 kcal/mol
 Normalized weight factor of molecule in compound  :         1.00000
 Normalized weight factor of molecule in gas phase :         1.00000

 Compound: 2 Conformer: 1 (1-octanol_c0)
 Chemical potential of the molecule in the mixture :        -0.10050 kcal/mol
 Log10(partial pressure [mbar])                    :        -0.82460
 Free energy of molecule in mix (E_COSMO+dE+Mu)    :   -245429.01592 kcal/mol
 Total mean interaction energy in the mix          :       -11.29232 kcal/mol
 Misfit interaction energy in the mix              :         2.30862 kcal/mol
 H-Bond interaction energy in the mix              :        -2.92668 kcal/mol
 VdW interaction energy in the mix                 :       -24.46739 kcal/mol
 Gas liquid transition energy in the mix (H_glt)   :        13.79313 kcal/mol
 Normalized weight factor of molecule in compound  :         0.28107
 Normalized weight factor of molecule in gas phase :         0.20746

 Compound: 2 Conformer: 2 (1-octanol_c1)
 Chemical potential of the molecule in the mixture :        -0.26159 kcal/mol
 Log10(partial pressure [mbar])                    :        -0.91677
 Free energy of molecule in mix (E_COSMO+dE+Mu)    :   -245428.98883 kcal/mol
 Total mean interaction energy in the mix          :       -11.56464 kcal/mol
 Misfit interaction energy in the mix              :         2.25989 kcal/mol
 H-Bond interaction energy in the mix              :        -3.12096 kcal/mol
 VdW interaction energy in the mix                 :       -24.49670 kcal/mol
 Gas liquid transition energy in the mix (H_glt)   :        13.79313 kcal/mol
 Normalized weight factor of molecule in compound  :         0.26866
 Normalized weight factor of molecule in gas phase :         0.16038

 Compound: 2 Conformer: 3 (1-octanol_c2)
 Chemical potential of the molecule in the mixture :         0.29470 kcal/mol
 Log10(partial pressure [mbar])                    :        -0.34340
 Free energy of molecule in mix (E_COSMO+dE+Mu)    :   -245428.48364 kcal/mol
 Total mean interaction energy in the mix          :       -10.77539 kcal/mol
 Misfit interaction energy in the mix              :         2.34142 kcal/mol
 H-Bond interaction energy in the mix              :        -2.59154 kcal/mol
 VdW interaction energy in the mix                 :       -24.31840 kcal/mol
 Gas liquid transition energy in the mix (H_glt)   :        13.79313 kcal/mol
 Normalized weight factor of molecule in compound  :         0.11570
 Normalized weight factor of molecule in gas phase :         0.24928

 Compound: 2 Conformer: 4 (1-octanol_c3)
 Chemical potential of the molecule in the mixture :        -0.04148 kcal/mol
 Log10(partial pressure [mbar])                    :        -0.62788
 Free energy of molecule in mix (E_COSMO+dE+Mu)    :   -245428.73319 kcal/mol
 Total mean interaction energy in the mix          :       -11.04058 kcal/mol
 Misfit interaction energy in the mix              :         2.25877 kcal/mol
 H-Bond interaction energy in the mix              :        -2.72622 kcal/mol
 VdW interaction energy in the mix                 :       -24.36626 kcal/mol
 Gas liquid transition energy in the mix (H_glt)   :        13.79313 kcal/mol
 Normalized weight factor of molecule in compound  :         0.17541
 Normalized weight factor of molecule in gas phase :         0.20365

 Compound: 2 Conformer: 5 (1-octanol_c4)
 Chemical potential of the molecule in the mixture :        -0.22744 kcal/mol
 Log10(partial pressure [mbar])                    :        -0.63861
 Free energy of molecule in mix (E_COSMO+dE+Mu)    :   -245428.67487 kcal/mol
 Total mean interaction energy in the mix          :       -11.27301 kcal/mol
 Misfit interaction energy in the mix              :         2.18807 kcal/mol
 H-Bond interaction energy in the mix              :        -2.84285 kcal/mol
 VdW interaction energy in the mix                 :       -24.41136 kcal/mol
 Gas liquid transition energy in the mix (H_glt)   :        13.79313 kcal/mol
 Normalized weight factor of molecule in compound  :         0.15915
 Normalized weight factor of molecule in gas phase :         0.17924

 Compound: 3 Conformer: 1 (lacticacid_c0)
 Chemical potential of the molecule in the mixture :         5.89322 kcal/mol
 Log10(partial pressure [mbar])                    :        -1.07557
 Free energy of molecule in mix (E_COSMO+dE+Mu)    :   -215742.78692 kcal/mol
 Total mean interaction energy in the mix          :        -5.73497 kcal/mol
 Misfit interaction energy in the mix              :         2.98914 kcal/mol
 H-Bond interaction energy in the mix              :        -2.93293 kcal/mol
 VdW interaction energy in the mix                 :       -14.04303 kcal/mol
 Gas liquid transition energy in the mix (H_glt)   :         8.25184 kcal/mol
 Normalized weight factor of molecule in compound  :         0.04792
 Normalized weight factor of molecule in gas phase :         0.00530

 Compound: 3 Conformer: 2 (lacticacid_c1)
 Chemical potential of the molecule in the mixture :         6.12240 kcal/mol
 Log10(partial pressure [mbar])                    :        -0.50447
 Free energy of molecule in mix (E_COSMO+dE+Mu)    :   -215742.37624 kcal/mol
 Total mean interaction energy in the mix          :        -5.39275 kcal/mol
 Misfit interaction energy in the mix              :         3.01015 kcal/mol
 H-Bond interaction energy in the mix              :        -2.63863 kcal/mol
 VdW interaction energy in the mix                 :       -14.01612 kcal/mol
 Gas liquid transition energy in the mix (H_glt)   :         8.25184 kcal/mol
 Normalized weight factor of molecule in compound  :         0.02416
 Normalized weight factor of molecule in gas phase :         0.01022

 Compound: 3 Conformer: 3 (lacticacid_c2)
 Chemical potential of the molecule in the mixture :         3.36178 kcal/mol
 Log10(partial pressure [mbar])                    :        -0.45336
 Free energy of molecule in mix (E_COSMO+dE+Mu)    :   -215744.24468 kcal/mol
 Total mean interaction energy in the mix          :        -7.02892 kcal/mol
 Misfit interaction energy in the mix              :         2.32776 kcal/mol
 H-Bond interaction energy in the mix              :        -3.52335 kcal/mol
 VdW interaction energy in the mix                 :       -14.08517 kcal/mol
 Gas liquid transition energy in the mix (H_glt)   :         8.25184 kcal/mol
 Normalized weight factor of molecule in compound  :         0.54480
 Normalized weight factor of molecule in gas phase :         0.94275

 Compound: 3 Conformer: 4 (lacticacid_c3)
 Chemical potential of the molecule in the mixture :         2.70058 kcal/mol
 Log10(partial pressure [mbar])                    :        -2.00798
 Free energy of molecule in mix (E_COSMO+dE+Mu)    :   -215743.48485 kcal/mol
 Total mean interaction energy in the mix          :        -8.29375 kcal/mol
 Misfit interaction energy in the mix              :         2.51785 kcal/mol
 H-Bond interaction energy in the mix              :        -5.00610 kcal/mol
 VdW interaction energy in the mix                 :       -14.05734 kcal/mol
 Gas liquid transition energy in the mix (H_glt)   :         8.25184 kcal/mol
 Normalized weight factor of molecule in compound  :         0.15344
 Normalized weight factor of molecule in gas phase :         0.02391

 Compound: 3 Conformer: 5 (lacticacid_c4)
 Chemical potential of the molecule in the mixture :         2.90500 kcal/mol
 Log10(partial pressure [mbar])                    :        -3.47956
 Free energy of molecule in mix (E_COSMO+dE+Mu)    :   -215743.19383 kcal/mol
 Total mean interaction energy in the mix          :        -8.74428 kcal/mol
 Misfit interaction energy in the mix              :         2.80159 kcal/mol
 H-Bond interaction energy in the mix              :        -5.70186 kcal/mol
 VdW interaction energy in the mix                 :       -14.09585 kcal/mol
 Gas liquid transition energy in the mix (H_glt)   :         8.25184 kcal/mol
 Normalized weight factor of molecule in compound  :         0.09445
 Normalized weight factor of molecule in gas phase :         0.00050

 Compound: 3 Conformer: 6 (lacticacid_c5)
 Chemical potential of the molecule in the mixture :         2.62639 kcal/mol
 Log10(partial pressure [mbar])                    :        -2.09248
 Free energy of molecule in mix (E_COSMO+dE+Mu)    :   -215743.40908 kcal/mol
 Total mean interaction energy in the mix          :        -8.43670 kcal/mol
 Misfit interaction energy in the mix              :         2.49292 kcal/mol
 H-Bond interaction energy in the mix              :        -5.09905 kcal/mol
 VdW interaction energy in the mix                 :       -14.08241 kcal/mol
 Gas liquid transition energy in the mix (H_glt)   :         8.25184 kcal/mol
 Normalized weight factor of molecule in compound  :         0.13523
 Normalized weight factor of molecule in gas phase :         0.01733


 Iterative computation of Multi-Component-2-Phase-Equilibrium (LIQ_EX) converged !


----------------
 END job       1
----------------
