 -----------------------------------------
 COSMOtherm Version 19.0.0 (Revision 5259)
 -----------------------------------------
 written by Frank Eckert, Andreas Klamt, Larissa Koch, Selman Terzi
 Copyright (C) 1999-2018, COSMOlogic GmbH & Co. KG

 Job name   : !! Multi-Component-2-Phase-Equilibrium calculation                        
 Job date   : 04/14/2025
 Job time   : 16:03:19
 Hostname   : unknown
 OS type    : Windows_NT
 Executable : Windows 64-bit

 Reading COSMOtherm parameter file BP_TZVPD_FINE_19.ctd from directory C:/Program Files/COSMOlogic/COSMOthermX19/COSMOtherm/CTDATA-FILES/
 Info: # COSMOtherm parameter file ./BP_TZVPD_FINE_19.ctd for BP-TZVPD-FINE (BP-TZVP optimized) COSMO files                                                  

 Reading COSMOtherm license key license.txt from directory C:/Program Files/COSMOlogic/COSMOthermX19/licensefiles/

 COSMOtherm license key expiration date 12/03/2025
 COSMOtherm license key version 24
 Customer : 200000000035108
 ID       : LKO2613120

 License keys:
  product                   |    licensed version    | status
 ------------------------------------------------------------------------------ 
  COSMOtherm                |          24            | active
  TURBOMOLE                 |          21            | active
  COSMOquick                |          24            | active
  COSMOconf                 |          24            | active
  COSMOmic                  |          24            | active
  COSMObase                 |          24            | active
  COSMOperm                 |          24            | active
  COSMOplex                 |          24            | active
 ------------------------------------------------------------------------------ 
 
 Reading vapor pressure and property information for compound 1 from file V:\groups\COSMOTHERM-Datenbank\COSMObase-1901\BP-TZVPD-FINE/h/h2o.vap
 Reading COSMO information for compound 1 conformer 1 from file V:\groups\COSMOTHERM-Datenbank\COSMObase-1901\BP-TZVPD-FINE/h/h2o_c0.cosmo
 
 Reading vapor pressure and property information for compound 2 from file V:\groups\COSMOTHERM-Datenbank\COSMObase-1901\BP-TZVPD-FINE/3/3-hexanone.vap
 Reading COSMO information for compound 2 conformer 1 from file V:\groups\COSMOTHERM-Datenbank\COSMObase-1901\BP-TZVPD-FINE/3/3-hexanone_c0.cosmo
 Reading COSMO information for compound 2 conformer 2 from file V:\groups\COSMOTHERM-Datenbank\COSMObase-1901\BP-TZVPD-FINE/3/3-hexanone_c1.cosmo
 Reading COSMO information for compound 2 conformer 3 from file V:\groups\COSMOTHERM-Datenbank\COSMObase-1901\BP-TZVPD-FINE/3/3-hexanone_c2.cosmo
 
 Reading vapor pressure and property information for compound 3 from file V:\groups\COSMOTHERM-Datenbank\COSMObase-1901\BP-TZVPD-FINE/l/lacticacid.vap
 Reading COSMO information for compound 3 conformer 1 from file V:\groups\COSMOTHERM-Datenbank\COSMObase-1901\BP-TZVPD-FINE/l/lacticacid_c0.cosmo
 Reading COSMO information for compound 3 conformer 2 from file V:\groups\COSMOTHERM-Datenbank\COSMObase-1901\BP-TZVPD-FINE/l/lacticacid_c1.cosmo
 Reading COSMO information for compound 3 conformer 3 from file V:\groups\COSMOTHERM-Datenbank\COSMObase-1901\BP-TZVPD-FINE/l/lacticacid_c2.cosmo
 Reading COSMO information for compound 3 conformer 4 from file V:\groups\COSMOTHERM-Datenbank\COSMObase-1901\BP-TZVPD-FINE/l/lacticacid_c3.cosmo
 Reading COSMO information for compound 3 conformer 5 from file V:\groups\COSMOTHERM-Datenbank\COSMObase-1901\BP-TZVPD-FINE/l/lacticacid_c4.cosmo
 Reading COSMO information for compound 3 conformer 6 from file V:\groups\COSMOTHERM-Datenbank\COSMObase-1901\BP-TZVPD-FINE/l/lacticacid_c5.cosmo


 --- Compound 1 (h2o) ---

 Experimental data for compound 1 (h2o) :
 CAS registry number for compound 1 (CAS-RN = 7732-18-5)
 Antoine equation coefficients ([mbar]/[K]) for compound 1:        18.8198      3956.2903       -40.6247
 Wagner equation coefficients ([mbar]/[K]) for compound 1:    220600.0000       647.1400        -7.7645         1.4584        -2.7758        -1.2330
 Vapor Pressure [mbar] / Temperature [°C] input for compound 1:
               10.0000            7.0000
              100.0000           45.8000
             1000.0000           99.6000
 Minimum temperature for vapor pressure estimation of compound 1 (TPVMIN = 275.00000 K)
 Maximum temperature for vapor pressure estimation of compound 1 (TPVMAX = 647.00000 K)
 UNIQUAC volume parameter for compound 1 (UNIQUAC_RI = 0.92000)
 UNIQUAC surface parameter for compound 1 (UNIQUAC_QI = 1.40000)
 Boiling temperature of compound 1 (TBOIL = 373.15000 K)
 Melting temperature of compound 1 (TMELT = 273.15000 K)
 Experimental dielectric constant for compound 1 (EPSILON = 78.20000)
 Critical temperature of compound 1 (TCRIT = 647.09600 K)
 Critical pressure of compound 1 (PCRIT = 220640.00000 mbar)
 Critical density of compound 1 (DCRIT = 0.32239 g/ml)
 DIPPR 116 density parameters for compound 1 (EXPDENSDIPPR116 = {0.92619 -1.15605 3.01718 -2.12561 273.16000 647.09500})

 Compound Information for compound 1 conformer 1 (COSMO file V:\groups\COSMOTHERM-Datenbank\COSMObase-1901\BP-TZVPD-FINE/h/h2o_c0.cosmo)
 Atomic weights         : 111
 E_COSMO+dE             :     -47993.2533 kcal/mol
 E_gas                  :     -47987.6758 kcal/mol
 E_COSMO-E_gas+dE       :         -5.5774 kcal/mol
 E_diel                 :         -8.0924 kcal/mol
 E_disp_intramolecular  :         -0.2880 kcal/mol
 Averaging corr dE      :          0.4368 kcal/mol
 Area                   :         43.1419 A^2
 Volume                 :         25.8553 A^3
 Molecular Weight       :         18.0153 a.m.u.
 Total COSMO charge     :         -0.0001 a.u.
 Dipole moment (t,x,y,z):          2.2004  0.001108  0.000271 -2.200437 Debye                            
 Sigma moments (1-6)    :          0.0000  6.40E+01  2.982917  1.35E+02  1.50E+01  3.17E+02              
 H-bond moment (accept) :          3.0054
 H-bond moment (donor)  :          2.9616
 
 No gas phase energy file for compound 1 conformer 1 found, using single point gas phase energy from cosmo file


 --- Compound 2 (3-hexanone) ---

 Experimental data for compound 2 (3-hexanone) :
 CAS registry number for compound 2 (CAS-RN = 589-38-8)
 Antoine equation coefficients ([mbar]/[K]) for compound 2:        16.4477      3167.5901       -64.2140
 Vapor Pressure [mbar] / Temperature [°C] input for compound 2:
                0.1000          -40.0000
               10.0000           15.0000
             1000.0000          123.1000
 Minimum temperature for vapor pressure estimation of compound 2 (TPVMIN = 233.15000 K)
 Maximum temperature for vapor pressure estimation of compound 2 (TPVMAX = 396.25000 K)
 Boiling temperature of compound 2 (TBOIL = 396.65000 K)
 Melting temperature of compound 2 (TMELT = 217.65000 K)

 Compound Information for compound 2 conformer 1 (COSMO file V:\groups\COSMOTHERM-Datenbank\COSMObase-1901\BP-TZVPD-FINE/3/3-hexanone_c0.cosmo)
 Atomic weights         : 1111111111111111111
 E_COSMO+dE             :    -195315.2212 kcal/mol
 E_gas                  :    -195309.8331 kcal/mol
 E_COSMO-E_gas+dE       :         -5.3881 kcal/mol
 E_diel                 :         -7.4592 kcal/mol
 E_disp_intramolecular  :        -13.5452 kcal/mol
 Averaging corr dE      :          0.3262 kcal/mol
 Area                   :        161.8343 A^2
 Volume                 :        151.8493 A^3
 Molecular Weight       :        100.1595 a.m.u.
 Total COSMO charge     :          0.0002 a.u.
 Dipole moment (t,x,y,z):          4.0219 -0.703543 -1.812683  3.520598 Debye                            
 Sigma moments (1-6)    :          0.0000  4.42E+01  3.28E+01  5.67E+01  7.29E+01  1.09E+02              
 H-bond moment (accept) :          2.2206
 H-bond moment (donor)  :          0.0000
 
 No gas phase energy file for compound 2 conformer 1 found, using single point gas phase energy from cosmo file

 Compound Information for compound 2 conformer 2 (COSMO file V:\groups\COSMOTHERM-Datenbank\COSMObase-1901\BP-TZVPD-FINE/3/3-hexanone_c1.cosmo)
 Atomic weights         : 1111111111111111111
 E_COSMO+dE             :    -195314.9101 kcal/mol
 E_gas                  :    -195309.3612 kcal/mol
 E_COSMO-E_gas+dE       :         -5.5490 kcal/mol
 E_diel                 :         -7.5876 kcal/mol
 E_disp_intramolecular  :        -13.7338 kcal/mol
 Averaging corr dE      :          0.3268 kcal/mol
 Area                   :        161.7129 A^2
 Volume                 :        152.4732 A^3
 Molecular Weight       :        100.1595 a.m.u.
 Total COSMO charge     :          0.0005 a.u.
 Dipole moment (t,x,y,z):          4.1227 -1.173136  2.017011  3.398785 Debye                            
 Sigma moments (1-6)    :          0.0000  4.52E+01  3.64E+01  6.21E+01  8.32E+01  1.26E+02              
 H-bond moment (accept) :          2.5191
 H-bond moment (donor)  :          0.0000
 
 No gas phase energy file for compound 2 conformer 2 found, using single point gas phase energy from cosmo file

 Compound Information for compound 2 conformer 3 (COSMO file V:\groups\COSMOTHERM-Datenbank\COSMObase-1901\BP-TZVPD-FINE/3/3-hexanone_c2.cosmo)
 Atomic weights         : 1111111111111111111
 E_COSMO+dE             :    -195314.5191 kcal/mol
 E_gas                  :    -195308.9667 kcal/mol
 E_COSMO-E_gas+dE       :         -5.5524 kcal/mol
 E_diel                 :         -7.5819 kcal/mol
 E_disp_intramolecular  :        -13.7498 kcal/mol
 Averaging corr dE      :          0.3247 kcal/mol
 Area                   :        161.6812 A^2
 Volume                 :        152.5013 A^3
 Molecular Weight       :        100.1595 a.m.u.
 Total COSMO charge     :          0.0005 a.u.
 Dipole moment (t,x,y,z):          4.0585  0.172967  1.148709  3.888717 Debye                            
 Sigma moments (1-6)    :          0.0000  4.52E+01  3.62E+01  6.17E+01  8.24E+01  1.25E+02              
 H-bond moment (accept) :          2.4626
 H-bond moment (donor)  :          0.0000
 
 No gas phase energy file for compound 2 conformer 3 found, using single point gas phase energy from cosmo file


 --- Compound 3 (lacticacid) ---

 Compound Information for compound 3 conformer 1 (COSMO file V:\groups\COSMOTHERM-Datenbank\COSMObase-1901\BP-TZVPD-FINE/l/lacticacid_c0.cosmo)
 Atomic weights         : 111111111111
 E_COSMO+dE             :    -215748.6801 kcal/mol
 E_gas                  :    -215737.1594 kcal/mol
 E_COSMO-E_gas+dE       :        -11.5207 kcal/mol
 E_diel                 :        -14.9233 kcal/mol
 E_disp_intramolecular  :         -7.9216 kcal/mol
 Averaging corr dE      :          0.6215 kcal/mol
 Area                   :        120.1634 A^2
 Volume                 :        106.5048 A^3
 Molecular Weight       :         90.0783 a.m.u.
 Total COSMO charge     :          0.0003 a.u.
 Dipole moment (t,x,y,z):          5.6342 -4.962581 -1.954290  1.815876 Debye                            
 Sigma moments (1-6)    :          0.0000  9.26E+01 -4.184013  1.56E+02 -5.10E+01  3.43E+02              
 H-bond moment (accept) :          2.0855
 H-bond moment (donor)  :          2.8372
 
 No gas phase energy file for compound 3 conformer 1 found, using single point gas phase energy from cosmo file

 Compound Information for compound 3 conformer 2 (COSMO file V:\groups\COSMOTHERM-Datenbank\COSMObase-1901\BP-TZVPD-FINE/l/lacticacid_c1.cosmo)
 Atomic weights         : 111111111111
 E_COSMO+dE             :    -215748.4986 kcal/mol
 E_gas                  :    -215737.5373 kcal/mol
 E_COSMO-E_gas+dE       :        -10.9613 kcal/mol
 E_diel                 :        -14.1864 kcal/mol
 E_disp_intramolecular  :         -7.9782 kcal/mol
 Averaging corr dE      :          0.6372 kcal/mol
 Area                   :        119.5838 A^2
 Volume                 :        106.3744 A^3
 Molecular Weight       :         90.0783 a.m.u.
 Total COSMO charge     :          0.0003 a.u.
 Dipole moment (t,x,y,z):          5.6432 -4.887041  2.797840  0.367402 Debye                            
 Sigma moments (1-6)    :          0.0000  8.87E+01  1.972080  1.40E+02 -2.98E+01  2.93E+02              
 H-bond moment (accept) :          1.8771
 H-bond moment (donor)  :          2.4847
 
 No gas phase energy file for compound 3 conformer 2 found, using single point gas phase energy from cosmo file

 Compound Information for compound 3 conformer 3 (COSMO file V:\groups\COSMOTHERM-Datenbank\COSMObase-1901\BP-TZVPD-FINE/l/lacticacid_c2.cosmo)
 Atomic weights         : 111111111111
 E_COSMO+dE             :    -215747.6065 kcal/mol
 E_gas                  :    -215739.4763 kcal/mol
 E_COSMO-E_gas+dE       :         -8.1301 kcal/mol
 E_diel                 :        -10.2144 kcal/mol
 E_disp_intramolecular  :         -7.8101 kcal/mol
 Averaging corr dE      :          0.7457 kcal/mol
 Area                   :        120.2417 A^2
 Volume                 :        106.5759 A^3
 Molecular Weight       :         90.0783 a.m.u.
 Total COSMO charge     :          0.0004 a.u.
 Dipole moment (t,x,y,z):          3.4208 -2.782781 -1.975225 -0.237114 Debye                            
 Sigma moments (1-6)    :          0.0000  8.17E+01 -9.493434  1.52E+02 -8.52E+01  4.02E+02              
 H-bond moment (accept) :          2.0796
 H-bond moment (donor)  :          3.5488
 
 No gas phase energy file for compound 3 conformer 3 found, using single point gas phase energy from cosmo file

 Compound Information for compound 3 conformer 4 (COSMO file V:\groups\COSMOTHERM-Datenbank\COSMObase-1901\BP-TZVPD-FINE/l/lacticacid_c3.cosmo)
 Atomic weights         : 111111111111
 E_COSMO+dE             :    -215746.1854 kcal/mol
 E_gas                  :    -215736.5699 kcal/mol
 E_COSMO-E_gas+dE       :         -9.6155 kcal/mol
 E_diel                 :        -12.0403 kcal/mol
 E_disp_intramolecular  :         -7.8263 kcal/mol
 Averaging corr dE      :          0.7985 kcal/mol
 Area                   :        121.2359 A^2
 Volume                 :        107.7258 A^3
 Molecular Weight       :         90.0783 a.m.u.
 Total COSMO charge     :          0.0004 a.u.
 Dipole moment (t,x,y,z):          2.6808  0.687585  1.222652  2.284563 Debye                            
 Sigma moments (1-6)    :          0.0000  9.52E+01 -9.279924  1.79E+02 -8.57E+01  4.42E+02              
 H-bond moment (accept) :          2.4742
 H-bond moment (donor)  :          4.7099
 
 No gas phase energy file for compound 3 conformer 4 found, using single point gas phase energy from cosmo file

 Compound Information for compound 3 conformer 5 (COSMO file V:\groups\COSMOTHERM-Datenbank\COSMObase-1901\BP-TZVPD-FINE/l/lacticacid_c4.cosmo)
 Atomic weights         : 111111111111
 E_COSMO+dE             :    -215746.0988 kcal/mol
 E_gas                  :    -215734.2469 kcal/mol
 E_COSMO-E_gas+dE       :        -11.8519 kcal/mol
 E_diel                 :        -15.4923 kcal/mol
 E_disp_intramolecular  :         -7.7365 kcal/mol
 Averaging corr dE      :          0.7497 kcal/mol
 Area                   :        121.4869 A^2
 Volume                 :        107.5139 A^3
 Molecular Weight       :         90.0783 a.m.u.
 Total COSMO charge     :          0.0001 a.u.
 Dipole moment (t,x,y,z):          4.5492 -2.507745 -3.769835  0.441697 Debye                            
 Sigma moments (1-6)    :          0.0000  1.05E+02 -0.628692  2.13E+02 -4.53E+01  5.50E+02              
 H-bond moment (accept) :          3.9249
 H-bond moment (donor)  :          4.9729
 
 No gas phase energy file for compound 3 conformer 5 found, using single point gas phase energy from cosmo file

 Compound Information for compound 3 conformer 6 (COSMO file V:\groups\COSMOTHERM-Datenbank\COSMObase-1901\BP-TZVPD-FINE/l/lacticacid_c5.cosmo)
 Atomic weights         : 111111111111
 E_COSMO+dE             :    -215746.0355 kcal/mol
 E_gas                  :    -215736.3775 kcal/mol
 E_COSMO-E_gas+dE       :         -9.6580 kcal/mol
 E_diel                 :        -12.1366 kcal/mol
 E_disp_intramolecular  :         -7.7279 kcal/mol
 Averaging corr dE      :          0.8020 kcal/mol
 Area                   :        121.1546 A^2
 Volume                 :        107.2976 A^3
 Molecular Weight       :         90.0783 a.m.u.
 Total COSMO charge     :          0.0004 a.u.
 Dipole moment (t,x,y,z):          1.9935 -1.037490 -1.370029  1.010343 Debye                            
 Sigma moments (1-6)    :          0.0000  9.63E+01 -1.07E+01  1.83E+02 -8.84E+01  4.53E+02              
 H-bond moment (accept) :          2.5251
 H-bond moment (donor)  :          4.6396
 
 No gas phase energy file for compound 3 conformer 6 found, using single point gas phase energy from cosmo file


 Total number of processed compounds:    3
 Total number of processed molecules:   10


----------------
 START job     1
----------------

 ---------------------------------------------------------------------
 Multi-Component-2-Phase-Equilibrium (Liquid Extraction) calculation
 Initial phase 1: X1={0.995949 0 0.004051}
 Initial phase 2: X2={0 1}
 ---------------------------------------------------------------------



 Results for mixture 1 - LIQ_EX Phase 1 Iteration    0
 ---------------------
 Temperature          :    312.668 K
 Compound Nr.         :         1         2         3
 Compound             :       h2o 3-hexanon lacticaci
 Mole Fraction        :    0.9959    0.0000    0.0041

 Compound: 1  (h2o)
 Chemical potential of the compound in the mixture :         3.45525 kcal/mol
 Log10(partial pressure [mbar])                    :         1.51665
 Free energy of molecule in mix (E_COSMO+dE+Mu)    :    -47989.79802 kcal/mol
 Total mean interaction energy in the mix (H_int)  :        -5.55411 kcal/mol
 Misfit interaction energy in the mix (H_MF)       :         0.59046 kcal/mol
 H-Bond interaction energy in the mix (H_HB)       :        -4.73505 kcal/mol
 VdW interaction energy in the mix (H_vdW)         :        -4.34158 kcal/mol
 Gas liquid transition energy in the mix (H_glt)   :         2.93205 kcal/mol

 Compound: 2  (3-hexanone)
 Chemical potential of the compound in the mixture :         6.67058 kcal/mol
 Log10(partial pressure [mbar])                    :         4.13091
 Free energy of molecule in mix (E_COSMO+dE+Mu)    :   -195308.55063 kcal/mol
 Total mean interaction energy in the mix (H_int)  :        -6.34175 kcal/mol
 Misfit interaction energy in the mix (H_MF)       :         2.45360 kcal/mol
 H-Bond interaction energy in the mix (H_HB)       :        -2.10122 kcal/mol
 VdW interaction energy in the mix (H_vdW)         :       -17.91169 kcal/mol
 Gas liquid transition energy in the mix (H_glt)   :        10.98474 kcal/mol

 Compound: 3  (lacticacid)
 Chemical potential of the compound in the mixture :         4.43922 kcal/mol
 Log10(partial pressure [mbar])                    :        -0.80947
 Free energy of molecule in mix (E_COSMO+dE+Mu)    :   -215744.24092 kcal/mol
 Total mean interaction energy in the mix (H_int)  :        -7.87626 kcal/mol
 Misfit interaction energy in the mix (H_MF)       :         1.98637 kcal/mol
 H-Bond interaction energy in the mix (H_HB)       :        -7.03512 kcal/mol
 VdW interaction energy in the mix (H_vdW)         :       -13.29090 kcal/mol
 Gas liquid transition energy in the mix (H_glt)   :         8.25184 kcal/mol



 Compound: 1 Conformer: 1 (h2o_c0)
 Chemical potential of the molecule in the mixture :         3.45525 kcal/mol
 Log10(partial pressure [mbar])                    :         1.51665
 Free energy of molecule in mix (E_COSMO+dE+Mu)    :    -47989.79802 kcal/mol
 Total mean interaction energy in the mix          :        -5.55411 kcal/mol
 Misfit interaction energy in the mix              :         0.59046 kcal/mol
 H-Bond interaction energy in the mix              :        -4.73505 kcal/mol
 VdW interaction energy in the mix                 :        -4.34158 kcal/mol
 Gas liquid transition energy in the mix (H_glt)   :         2.93205 kcal/mol
 Normalized weight factor of molecule in compound  :         1.00000
 Normalized weight factor of molecule in gas phase :         1.00000

 Compound: 2 Conformer: 1 (3-hexanone_c0)
 Chemical potential of the molecule in the mixture :         7.14241 kcal/mol
 Log10(partial pressure [mbar])                    :         4.22622
 Free energy of molecule in mix (E_COSMO+dE+Mu)    :   -195308.07880 kcal/mol
 Total mean interaction energy in the mix          :        -6.42671 kcal/mol
 Misfit interaction energy in the mix              :         2.48495 kcal/mol
 H-Bond interaction energy in the mix              :        -1.92980 kcal/mol
 VdW interaction energy in the mix                 :       -17.96661 kcal/mol
 Gas liquid transition energy in the mix (H_glt)   :        10.98474 kcal/mol
 Normalized weight factor of molecule in compound  :         0.46796
 Normalized weight factor of molecule in gas phase :         0.58280

 Compound: 2 Conformer: 2 (3-hexanone_c1)
 Chemical potential of the molecule in the mixture :         6.99448 kcal/mol
 Log10(partial pressure [mbar])                    :         4.01036
 Free energy of molecule in mix (E_COSMO+dE+Mu)    :   -195307.91567 kcal/mol
 Total mean interaction energy in the mix          :        -6.72915 kcal/mol
 Misfit interaction energy in the mix              :         2.42549 kcal/mol
 H-Bond interaction energy in the mix              :        -2.26988 kcal/mol
 VdW interaction energy in the mix                 :       -17.86950 kcal/mol
 Gas liquid transition energy in the mix (H_glt)   :        10.98474 kcal/mol
 Normalized weight factor of molecule in compound  :         0.35990
 Normalized weight factor of molecule in gas phase :         0.27267

 Compound: 2 Conformer: 3 (3-hexanone_c2)
 Chemical potential of the molecule in the mixture :         7.06167 kcal/mol
 Log10(partial pressure [mbar])                    :         4.05496
 Free energy of molecule in mix (E_COSMO+dE+Mu)    :   -195307.45744 kcal/mol
 Total mean interaction energy in the mix          :        -6.65331 kcal/mol
 Misfit interaction energy in the mix              :         2.42715 kcal/mol
 H-Bond interaction energy in the mix              :        -2.21461 kcal/mol
 VdW interaction energy in the mix                 :       -17.85060 kcal/mol
 Gas liquid transition energy in the mix (H_glt)   :        10.98474 kcal/mol
 Normalized weight factor of molecule in compound  :         0.17214
 Normalized weight factor of molecule in gas phase :         0.14453

 Compound: 3 Conformer: 1 (lacticacid_c0)
 Chemical potential of the molecule in the mixture :         6.38670 kcal/mol
 Log10(partial pressure [mbar])                    :        -0.58852
 Free energy of molecule in mix (E_COSMO+dE+Mu)    :   -215742.29344 kcal/mol
 Total mean interaction energy in the mix          :        -7.36344 kcal/mol
 Misfit interaction energy in the mix              :         2.02130 kcal/mol
 H-Bond interaction energy in the mix              :        -4.39656 kcal/mol
 VdW interaction energy in the mix                 :       -13.24001 kcal/mol
 Gas liquid transition energy in the mix (H_glt)   :         8.25184 kcal/mol
 Normalized weight factor of molecule in compound  :         0.04353
 Normalized weight factor of molecule in gas phase :         0.00600

 Compound: 3 Conformer: 2 (lacticacid_c1)
 Chemical potential of the molecule in the mixture :         6.50921 kcal/mol
 Log10(partial pressure [mbar])                    :        -0.11190
 Free energy of molecule in mix (E_COSMO+dE+Mu)    :   -215741.98944 kcal/mol
 Total mean interaction energy in the mix          :        -6.92682 kcal/mol
 Misfit interaction energy in the mix              :         2.13020 kcal/mol
 H-Bond interaction energy in the mix              :        -4.09181 kcal/mol
 VdW interaction energy in the mix                 :       -13.21705 kcal/mol
 Gas liquid transition energy in the mix (H_glt)   :         8.25184 kcal/mol
 Normalized weight factor of molecule in compound  :         0.02669
 Normalized weight factor of molecule in gas phase :         0.01132

 Compound: 3 Conformer: 3 (lacticacid_c2)
 Chemical potential of the molecule in the mixture :         4.66505 kcal/mol
 Log10(partial pressure [mbar])                    :         0.57801
 Free energy of molecule in mix (E_COSMO+dE+Mu)    :   -215742.94141 kcal/mol
 Total mean interaction energy in the mix          :        -8.03050 kcal/mol
 Misfit interaction energy in the mix              :         2.06320 kcal/mol
 H-Bond interaction energy in the mix              :        -5.04330 kcal/mol
 VdW interaction energy in the mix                 :       -13.30224 kcal/mol
 Gas liquid transition energy in the mix (H_glt)   :         8.25184 kcal/mol
 Normalized weight factor of molecule in compound  :         0.12350
 Normalized weight factor of molecule in gas phase :         0.93343

 Compound: 3 Conformer: 4 (lacticacid_c3)
 Chemical potential of the molecule in the mixture :         2.91086 kcal/mol
 Log10(partial pressure [mbar])                    :        -1.68636
 Free energy of molecule in mix (E_COSMO+dE+Mu)    :   -215743.27457 kcal/mol
 Total mean interaction energy in the mix          :       -10.14444 kcal/mol
 Misfit interaction energy in the mix              :         1.98405 kcal/mol
 H-Bond interaction energy in the mix              :        -7.10175 kcal/mol
 VdW interaction energy in the mix                 :       -13.27858 kcal/mol
 Gas liquid transition energy in the mix (H_glt)   :         8.25184 kcal/mol
 Normalized weight factor of molecule in compound  :         0.21113
 Normalized weight factor of molecule in gas phase :         0.02803

 Compound: 3 Conformer: 5 (lacticacid_c4)
 Chemical potential of the molecule in the mixture :         2.39753 kcal/mol
 Log10(partial pressure [mbar])                    :        -3.60831
 Free energy of molecule in mix (E_COSMO+dE+Mu)    :   -215743.70130 kcal/mol
 Total mean interaction energy in the mix          :       -11.09335 kcal/mol
 Misfit interaction energy in the mix              :         1.96323 kcal/mol
 H-Bond interaction energy in the mix              :        -8.00858 kcal/mol
 VdW interaction energy in the mix                 :       -13.29984 kcal/mol
 Gas liquid transition energy in the mix (H_glt)   :         8.25184 kcal/mol
 Normalized weight factor of molecule in compound  :         0.41958
 Normalized weight factor of molecule in gas phase :         0.00067

 Compound: 3 Conformer: 6 (lacticacid_c5)
 Chemical potential of the molecule in the mixture :         2.87549 kcal/mol
 Log10(partial pressure [mbar])                    :        -1.74077
 Free energy of molecule in mix (E_COSMO+dE+Mu)    :   -215743.15997 kcal/mol
 Total mean interaction energy in the mix          :       -10.21972 kcal/mol
 Misfit interaction energy in the mix              :         1.95988 kcal/mol
 H-Bond interaction energy in the mix              :        -7.13123 kcal/mol
 VdW interaction energy in the mix                 :       -13.30022 kcal/mol
 Gas liquid transition energy in the mix (H_glt)   :         8.25184 kcal/mol
 Normalized weight factor of molecule in compound  :         0.17557
 Normalized weight factor of molecule in gas phase :         0.02055




 Results for mixture 2 - LIQ_EX Phase 2 Iteration    0
 ---------------------
 Temperature          :    312.668 K
 Compound Nr.         :         1         2         3
 Compound             :       h2o 3-hexanon lacticaci
 Mole Fraction        :    0.0000    1.0000    0.0000

 Compound: 1  (h2o)
 Chemical potential of the compound in the mixture :         5.49817 kcal/mol
 Log10(partial pressure [mbar])                    :         2.94459
 Free energy of molecule in mix (E_COSMO+dE+Mu)    :    -47987.75510 kcal/mol
 Total mean interaction energy in the mix (H_int)  :        -2.02573 kcal/mol
 Misfit interaction energy in the mix (H_MF)       :         1.91554 kcal/mol
 H-Bond interaction energy in the mix (H_HB)       :        -2.29415 kcal/mol
 VdW interaction energy in the mix (H_vdW)         :        -4.57917 kcal/mol
 Gas liquid transition energy in the mix (H_glt)   :         2.93205 kcal/mol
 Equilibrium constant Kx(1,2)                      :        26.78796
 Equilibrium concentration x_k(1,2)                :         0.96401

 Compound: 2  (3-hexanone)
 Chemical potential of the compound in the mixture :         3.01711 kcal/mol
 Log10(partial pressure [mbar])                    :         1.57724
 Free energy of molecule in mix (E_COSMO+dE+Mu)    :   -195312.20411 kcal/mol
 Total mean interaction energy in the mix (H_int)  :        -4.13932 kcal/mol
 Misfit interaction energy in the mix (H_MF)       :         3.27726 kcal/mol
 H-Bond interaction energy in the mix (H_HB)       :         0.00014 kcal/mol
 VdW interaction energy in the mix (H_vdW)         :       -18.56879 kcal/mol
 Gas liquid transition energy in the mix (H_glt)   :        10.98474 kcal/mol
 Equilibrium constant Kx(1,2)                      :  2.79467706E-03
 Equilibrium concentration x_k(1,2)                :         0.00279

 Compound: 3  (lacticacid)
 Chemical potential of the compound in the mixture :         4.62629 kcal/mol
 Log10(partial pressure [mbar])                    :        -0.67871
 Free energy of molecule in mix (E_COSMO+dE+Mu)    :   -215744.05385 kcal/mol
 Total mean interaction energy in the mix (H_int)  :        -3.87307 kcal/mol
 Misfit interaction energy in the mix (H_MF)       :         2.81451 kcal/mol
 H-Bond interaction energy in the mix (H_HB)       :        -2.23902 kcal/mol
 VdW interaction energy in the mix (H_vdW)         :       -13.93713 kcal/mol
 Gas liquid transition energy in the mix (H_glt)   :         8.25184 kcal/mol
 Equilibrium constant Kx(1,2)                      :         1.35133
 Equilibrium concentration x_k(1,2)                :         0.57471



 Compound: 1 Conformer: 1 (h2o_c0)
 Chemical potential of the molecule in the mixture :         5.49817 kcal/mol
 Log10(partial pressure [mbar])                    :         2.94459
 Free energy of molecule in mix (E_COSMO+dE+Mu)    :    -47987.75510 kcal/mol
 Total mean interaction energy in the mix          :        -2.02573 kcal/mol
 Misfit interaction energy in the mix              :         1.91554 kcal/mol
 H-Bond interaction energy in the mix              :        -2.29415 kcal/mol
 VdW interaction energy in the mix                 :        -4.57917 kcal/mol
 Gas liquid transition energy in the mix (H_glt)   :         2.93205 kcal/mol
 Normalized weight factor of molecule in compound  :         1.00000
 Normalized weight factor of molecule in gas phase :         1.00000

 Compound: 2 Conformer: 1 (3-hexanone_c0)
 Chemical potential of the molecule in the mixture :         3.31166 kcal/mol
 Log10(partial pressure [mbar])                    :         1.54864
 Free energy of molecule in mix (E_COSMO+dE+Mu)    :   -195311.90956 kcal/mol
 Total mean interaction energy in the mix          :        -4.37897 kcal/mol
 Misfit interaction energy in the mix              :         3.24272 kcal/mol
 H-Bond interaction energy in the mix              :         0.00009 kcal/mol
 VdW interaction energy in the mix                 :       -18.60652 kcal/mol
 Gas liquid transition energy in the mix (H_glt)   :        10.98474 kcal/mol
 Normalized weight factor of molecule in compound  :         0.62247
 Normalized weight factor of molecule in gas phase :         0.58280

 Compound: 2 Conformer: 2 (3-hexanone_c1)
 Chemical potential of the molecule in the mixture :         3.56754 kcal/mol
 Log10(partial pressure [mbar])                    :         1.61504
 Free energy of molecule in mix (E_COSMO+dE+Mu)    :   -195311.34260 kcal/mol
 Total mean interaction energy in the mix          :        -4.19528 kcal/mol
 Misfit interaction energy in the mix              :         3.33319 kcal/mol
 H-Bond interaction energy in the mix              :         0.00010 kcal/mol
 VdW interaction energy in the mix                 :       -18.51331 kcal/mol
 Gas liquid transition energy in the mix (H_glt)   :        10.98474 kcal/mol
 Normalized weight factor of molecule in compound  :         0.24994
 Normalized weight factor of molecule in gas phase :         0.27267

 Compound: 2 Conformer: 3 (3-hexanone_c2)
 Chemical potential of the molecule in the mixture :         3.59430 kcal/mol
 Log10(partial pressure [mbar])                    :         1.63137
 Free energy of molecule in mix (E_COSMO+dE+Mu)    :   -195310.92481 kcal/mol
 Total mean interaction energy in the mix          :        -4.17202 kcal/mol
 Misfit interaction energy in the mix              :         3.33620 kcal/mol
 H-Bond interaction energy in the mix              :         0.00045 kcal/mol
 VdW interaction energy in the mix                 :       -18.49341 kcal/mol
 Gas liquid transition energy in the mix (H_glt)   :        10.98474 kcal/mol
 Normalized weight factor of molecule in compound  :         0.12759
 Normalized weight factor of molecule in gas phase :         0.14453

 Compound: 3 Conformer: 1 (lacticacid_c0)
 Chemical potential of the molecule in the mixture :         6.16961 kcal/mol
 Log10(partial pressure [mbar])                    :        -0.74026
 Free energy of molecule in mix (E_COSMO+dE+Mu)    :   -215742.51053 kcal/mol
 Total mean interaction energy in the mix          :        -4.09186 kcal/mol
 Misfit interaction energy in the mix              :         3.36756 kcal/mol
 H-Bond interaction energy in the mix              :        -1.81515 kcal/mol
 VdW interaction energy in the mix                 :       -13.89611 kcal/mol
 Gas liquid transition energy in the mix (H_glt)   :         8.25184 kcal/mol
 Normalized weight factor of molecule in compound  :         0.08342
 Normalized weight factor of molecule in gas phase :         0.00600

 Compound: 3 Conformer: 2 (lacticacid_c1)
 Chemical potential of the molecule in the mixture :         6.62328 kcal/mol
 Log10(partial pressure [mbar])                    :        -0.03216
 Free energy of molecule in mix (E_COSMO+dE+Mu)    :   -215741.87536 kcal/mol
 Total mean interaction energy in the mix          :        -3.75985 kcal/mol
 Misfit interaction energy in the mix              :         3.28551 kcal/mol
 H-Bond interaction energy in the mix              :        -1.42651 kcal/mol
 VdW interaction energy in the mix                 :       -13.87069 kcal/mol
 Gas liquid transition energy in the mix (H_glt)   :         8.25184 kcal/mol
 Normalized weight factor of molecule in compound  :         0.03001
 Normalized weight factor of molecule in gas phase :         0.01132

 Compound: 3 Conformer: 3 (lacticacid_c2)
 Chemical potential of the molecule in the mixture :         3.77481 kcal/mol
 Log10(partial pressure [mbar])                    :        -0.04424
 Free energy of molecule in mix (E_COSMO+dE+Mu)    :   -215743.83165 kcal/mol
 Total mean interaction energy in the mix          :        -5.16132 kcal/mol
 Misfit interaction energy in the mix              :         2.64179 kcal/mol
 H-Bond interaction energy in the mix              :        -2.11337 kcal/mol
 VdW interaction energy in the mix                 :       -13.94158 kcal/mol
 Gas liquid transition energy in the mix (H_glt)   :         8.25184 kcal/mol
 Normalized weight factor of molecule in compound  :         0.69935
 Normalized weight factor of molecule in gas phase :         0.93343

 Compound: 3 Conformer: 4 (lacticacid_c3)
 Chemical potential of the molecule in the mixture :         3.65951 kcal/mol
 Log10(partial pressure [mbar])                    :        -1.16307
 Free energy of molecule in mix (E_COSMO+dE+Mu)    :   -215742.52592 kcal/mol
 Total mean interaction energy in the mix          :        -5.61079 kcal/mol
 Misfit interaction energy in the mix              :         3.03247 kcal/mol
 H-Bond interaction energy in the mix              :        -2.96192 kcal/mol
 VdW interaction energy in the mix                 :       -13.93317 kcal/mol
 Gas liquid transition energy in the mix (H_glt)   :         8.25184 kcal/mol
 Normalized weight factor of molecule in compound  :         0.08551
 Normalized weight factor of molecule in gas phase :         0.02803

 Compound: 3 Conformer: 5 (lacticacid_c4)
 Chemical potential of the molecule in the mixture :         4.22498 kcal/mol
 Log10(partial pressure [mbar])                    :        -2.33098
 Free energy of molecule in mix (E_COSMO+dE+Mu)    :   -215741.87385 kcal/mol
 Total mean interaction energy in the mix          :        -5.32969 kcal/mol
 Misfit interaction energy in the mix              :         3.70222 kcal/mol
 H-Bond interaction energy in the mix              :        -3.30743 kcal/mol
 VdW interaction energy in the mix                 :       -13.97632 kcal/mol
 Gas liquid transition energy in the mix (H_glt)   :         8.25184 kcal/mol
 Normalized weight factor of molecule in compound  :         0.02994
 Normalized weight factor of molecule in gas phase :         0.00067

 Compound: 3 Conformer: 6 (lacticacid_c5)
 Chemical potential of the molecule in the mixture :         3.61841 kcal/mol
 Log10(partial pressure [mbar])                    :        -1.22150
 Free energy of molecule in mix (E_COSMO+dE+Mu)    :   -215742.41705 kcal/mol
 Total mean interaction energy in the mix          :        -5.66691 kcal/mol
 Misfit interaction energy in the mix              :         3.02772 kcal/mol
 H-Bond interaction energy in the mix              :        -2.98891 kcal/mol
 VdW interaction energy in the mix                 :       -13.95756 kcal/mol
 Gas liquid transition energy in the mix (H_glt)   :         8.25184 kcal/mol
 Normalized weight factor of molecule in compound  :         0.07177
 Normalized weight factor of molecule in gas phase :         0.02055




 Results for mixture 3 - LIQ_EX Phase 1 Iteration    1
 ---------------------
 Temperature          :    312.668 K
 Compound Nr.         :         1         2         3
 Compound             :       h2o 3-hexanon lacticaci
 Mole Fraction        :    0.9947    0.0029    0.0024

 Compound: 1  (h2o)
 Chemical potential of the compound in the mixture :         3.45543 kcal/mol
 Log10(partial pressure [mbar])                    :         1.51678
 Free energy of molecule in mix (E_COSMO+dE+Mu)    :    -47989.79784 kcal/mol
 Total mean interaction energy in the mix (H_int)  :        -5.55335 kcal/mol
 Misfit interaction energy in the mix (H_MF)       :         0.58921 kcal/mol
 H-Bond interaction energy in the mix (H_HB)       :        -4.73167 kcal/mol
 VdW interaction energy in the mix (H_vdW)         :        -4.34294 kcal/mol
 Gas liquid transition energy in the mix (H_glt)   :         2.93205 kcal/mol

 Compound: 2  (3-hexanone)
 Chemical potential of the compound in the mixture :         6.60682 kcal/mol
 Log10(partial pressure [mbar])                    :         4.08634
 Free energy of molecule in mix (E_COSMO+dE+Mu)    :   -195308.61439 kcal/mol
 Total mean interaction energy in the mix (H_int)  :        -6.32207 kcal/mol
 Misfit interaction energy in the mix (H_MF)       :         2.47597 kcal/mol
 H-Bond interaction energy in the mix (H_HB)       :        -2.09701 kcal/mol
 VdW interaction energy in the mix (H_vdW)         :       -17.91832 kcal/mol
 Gas liquid transition energy in the mix (H_glt)   :        10.98474 kcal/mol

 Compound: 3  (lacticacid)
 Chemical potential of the compound in the mixture :         4.41143 kcal/mol
 Log10(partial pressure [mbar])                    :        -0.82889
 Free energy of molecule in mix (E_COSMO+dE+Mu)    :   -215744.26871 kcal/mol
 Total mean interaction energy in the mix (H_int)  :        -7.85992 kcal/mol
 Misfit interaction energy in the mix (H_MF)       :         1.99701 kcal/mol
 H-Bond interaction energy in the mix (H_HB)       :        -7.02119 kcal/mol
 VdW interaction energy in the mix (H_vdW)         :       -13.29657 kcal/mol
 Gas liquid transition energy in the mix (H_glt)   :         8.25184 kcal/mol



 Compound: 1 Conformer: 1 (h2o_c0)
 Chemical potential of the molecule in the mixture :         3.45543 kcal/mol
 Log10(partial pressure [mbar])                    :         1.51678
 Free energy of molecule in mix (E_COSMO+dE+Mu)    :    -47989.79784 kcal/mol
 Total mean interaction energy in the mix          :        -5.55335 kcal/mol
 Misfit interaction energy in the mix              :         0.58921 kcal/mol
 H-Bond interaction energy in the mix              :        -4.73167 kcal/mol
 VdW interaction energy in the mix                 :        -4.34294 kcal/mol
 Gas liquid transition energy in the mix (H_glt)   :         2.93205 kcal/mol
 Normalized weight factor of molecule in compound  :         1.00000
 Normalized weight factor of molecule in gas phase :         1.00000

 Compound: 2 Conformer: 1 (3-hexanone_c0)
 Chemical potential of the molecule in the mixture :         7.07781 kcal/mol
 Log10(partial pressure [mbar])                    :         4.18107
 Free energy of molecule in mix (E_COSMO+dE+Mu)    :   -195308.14341 kcal/mol
 Total mean interaction energy in the mix          :        -6.40753 kcal/mol
 Misfit interaction energy in the mix              :         2.50652 kcal/mol
 H-Bond interaction energy in the mix              :        -1.92563 kcal/mol
 VdW interaction energy in the mix                 :       -17.97316 kcal/mol
 Gas liquid transition energy in the mix (H_glt)   :        10.98474 kcal/mol
 Normalized weight factor of molecule in compound  :         0.46859
 Normalized weight factor of molecule in gas phase :         0.58280

 Compound: 2 Conformer: 2 (3-hexanone_c1)
 Chemical potential of the molecule in the mixture :         6.93149 kcal/mol
 Log10(partial pressure [mbar])                    :         3.96634
 Free energy of molecule in mix (E_COSMO+dE+Mu)    :   -195307.97865 kcal/mol
 Total mean interaction energy in the mix          :        -6.70888 kcal/mol
 Misfit interaction energy in the mix              :         2.44844 kcal/mol
 H-Bond interaction energy in the mix              :        -2.26599 kcal/mol
 VdW interaction energy in the mix                 :       -17.87608 kcal/mol
 Gas liquid transition energy in the mix (H_glt)   :        10.98474 kcal/mol
 Normalized weight factor of molecule in compound  :         0.35945
 Normalized weight factor of molecule in gas phase :         0.27267

 Compound: 2 Conformer: 3 (3-hexanone_c2)
 Chemical potential of the molecule in the mixture :         6.99858 kcal/mol
 Log10(partial pressure [mbar])                    :         4.01086
 Free energy of molecule in mix (E_COSMO+dE+Mu)    :   -195307.52054 kcal/mol
 Total mean interaction energy in the mix          :        -6.63294 kcal/mol
 Misfit interaction energy in the mix              :         2.45029 kcal/mol
 H-Bond interaction energy in the mix              :        -2.21078 kcal/mol
 VdW interaction energy in the mix                 :       -17.85719 kcal/mol
 Gas liquid transition energy in the mix (H_glt)   :        10.98474 kcal/mol
 Normalized weight factor of molecule in compound  :         0.17196
 Normalized weight factor of molecule in gas phase :         0.14453

 Compound: 3 Conformer: 1 (lacticacid_c0)
 Chemical potential of the molecule in the mixture :         6.35777 kcal/mol
 Log10(partial pressure [mbar])                    :        -0.60874
 Free energy of molecule in mix (E_COSMO+dE+Mu)    :   -215742.32237 kcal/mol
 Total mean interaction energy in the mix          :        -7.35035 kcal/mol
 Misfit interaction energy in the mix              :         2.03305 kcal/mol
 H-Bond interaction energy in the mix              :        -4.38932 kcal/mol
 VdW interaction energy in the mix                 :       -13.24593 kcal/mol
 Gas liquid transition energy in the mix (H_glt)   :         8.25184 kcal/mol
 Normalized weight factor of molecule in compound  :         0.04361
 Normalized weight factor of molecule in gas phase :         0.00600

 Compound: 3 Conformer: 2 (lacticacid_c1)
 Chemical potential of the molecule in the mixture :         6.48116 kcal/mol
 Log10(partial pressure [mbar])                    :        -0.13150
 Free energy of molecule in mix (E_COSMO+dE+Mu)    :   -215742.01749 kcal/mol
 Total mean interaction energy in the mix          :        -6.91549 kcal/mol
 Misfit interaction energy in the mix              :         2.14026 kcal/mol
 H-Bond interaction energy in the mix              :        -4.08450 kcal/mol
 VdW interaction energy in the mix                 :       -13.22310 kcal/mol
 Gas liquid transition energy in the mix (H_glt)   :         8.25184 kcal/mol
 Normalized weight factor of molecule in compound  :         0.02670
 Normalized weight factor of molecule in gas phase :         0.01132

 Compound: 3 Conformer: 3 (lacticacid_c2)
 Chemical potential of the molecule in the mixture :         4.62955 kcal/mol
 Log10(partial pressure [mbar])                    :         0.55319
 Free energy of molecule in mix (E_COSMO+dE+Mu)    :   -215742.97692 kcal/mol
 Total mean interaction energy in the mix          :        -8.01991 kcal/mol
 Misfit interaction energy in the mix              :         2.07204 kcal/mol
 H-Bond interaction energy in the mix              :        -5.03545 kcal/mol
 VdW interaction energy in the mix                 :       -13.30834 kcal/mol
 Gas liquid transition energy in the mix (H_glt)   :         8.25184 kcal/mol
 Normalized weight factor of molecule in compound  :         0.12505
 Normalized weight factor of molecule in gas phase :         0.93343

 Compound: 3 Conformer: 4 (lacticacid_c3)
 Chemical potential of the molecule in the mixture :         2.88228 kcal/mol
 Log10(partial pressure [mbar])                    :        -1.70633
 Free energy of molecule in mix (E_COSMO+dE+Mu)    :   -215743.30315 kcal/mol
 Total mean interaction energy in the mix          :       -10.13090 kcal/mol
 Misfit interaction energy in the mix              :         1.99422 kcal/mol
 H-Bond interaction energy in the mix              :        -7.09272 kcal/mol
 VdW interaction energy in the mix                 :       -13.28423 kcal/mol
 Gas liquid transition energy in the mix (H_glt)   :         8.25184 kcal/mol
 Normalized weight factor of molecule in compound  :         0.21140
 Normalized weight factor of molecule in gas phase :         0.02803

 Compound: 3 Conformer: 5 (lacticacid_c4)
 Chemical potential of the molecule in the mixture :         2.37295 kcal/mol
 Log10(partial pressure [mbar])                    :        -3.62549
 Free energy of molecule in mix (E_COSMO+dE+Mu)    :   -215743.72588 kcal/mol
 Total mean interaction energy in the mix          :       -11.07922 kcal/mol
 Misfit interaction energy in the mix              :         1.97450 kcal/mol
 H-Bond interaction energy in the mix              :        -8.00015 kcal/mol
 VdW interaction energy in the mix                 :       -13.30541 kcal/mol
 Gas liquid transition energy in the mix (H_glt)   :         8.25184 kcal/mol
 Normalized weight factor of molecule in compound  :         0.41742
 Normalized weight factor of molecule in gas phase :         0.00067

 Compound: 3 Conformer: 6 (lacticacid_c5)
 Chemical potential of the molecule in the mixture :         2.84679 kcal/mol
 Log10(partial pressure [mbar])                    :        -1.76083
 Free energy of molecule in mix (E_COSMO+dE+Mu)    :   -215743.18867 kcal/mol
 Total mean interaction energy in the mix          :       -10.20612 kcal/mol
 Misfit interaction energy in the mix              :         1.96979 kcal/mol
 H-Bond interaction energy in the mix              :        -7.12198 kcal/mol
 VdW interaction energy in the mix                 :       -13.30577 kcal/mol
 Gas liquid transition energy in the mix (H_glt)   :         8.25184 kcal/mol
 Normalized weight factor of molecule in compound  :         0.17583
 Normalized weight factor of molecule in gas phase :         0.02055




 Results for mixture 4 - LIQ_EX Phase 2 Iteration    1
 ---------------------
 Temperature          :    312.668 K
 Compound Nr.         :         1         2         3
 Compound             :       h2o 3-hexanon lacticaci
 Mole Fraction        :    0.0346    0.9637    0.0017

 Compound: 1  (h2o)
 Chemical potential of the compound in the mixture :         5.16052 kcal/mol
 Log10(partial pressure [mbar])                    :         2.70858
 Free energy of molecule in mix (E_COSMO+dE+Mu)    :    -47988.09276 kcal/mol
 Total mean interaction energy in the mix (H_int)  :        -2.50356 kcal/mol
 Misfit interaction energy in the mix (H_MF)       :         1.60314 kcal/mol
 H-Bond interaction energy in the mix (H_HB)       :        -2.46805 kcal/mol
 VdW interaction energy in the mix (H_vdW)         :        -4.57070 kcal/mol
 Gas liquid transition energy in the mix (H_glt)   :         2.93205 kcal/mol
 Equilibrium constant Kx(1,2)                      :        15.55250
 Equilibrium concentration x_k(1,2)                :         0.93959

 Compound: 2  (3-hexanone)
 Chemical potential of the compound in the mixture :         3.02225 kcal/mol
 Log10(partial pressure [mbar])                    :         1.58083
 Free energy of molecule in mix (E_COSMO+dE+Mu)    :   -195312.19897 kcal/mol
 Total mean interaction energy in the mix (H_int)  :        -4.21318 kcal/mol
 Misfit interaction energy in the mix (H_MF)       :         3.27222 kcal/mol
 H-Bond interaction energy in the mix (H_HB)       :        -0.07991 kcal/mol
 VdW interaction energy in the mix (H_vdW)         :       -18.55979 kcal/mol
 Gas liquid transition energy in the mix (H_glt)   :        10.98474 kcal/mol
 Equilibrium constant Kx(1,2)                      :  3.12242452E-03
 Equilibrium concentration x_k(1,2)                :         0.00311

 Compound: 3  (lacticacid)
 Chemical potential of the compound in the mixture :         4.36040 kcal/mol
 Log10(partial pressure [mbar])                    :        -0.86456
 Free energy of molecule in mix (E_COSMO+dE+Mu)    :   -215744.31974 kcal/mol
 Total mean interaction energy in the mix (H_int)  :        -4.18874 kcal/mol
 Misfit interaction energy in the mix (H_MF)       :         2.60181 kcal/mol
 H-Bond interaction energy in the mix (H_HB)       :        -2.41349 kcal/mol
 VdW interaction energy in the mix (H_vdW)         :       -13.92405 kcal/mol
 Gas liquid transition energy in the mix (H_glt)   :         8.25184 kcal/mol
 Equilibrium constant Kx(1,2)                      :         0.92116
 Equilibrium concentration x_k(1,2)                :         0.47948



 Compound: 1 Conformer: 1 (h2o_c0)
 Chemical potential of the molecule in the mixture :         5.16052 kcal/mol
 Log10(partial pressure [mbar])                    :         2.70858
 Free energy of molecule in mix (E_COSMO+dE+Mu)    :    -47988.09276 kcal/mol
 Total mean interaction energy in the mix          :        -2.50356 kcal/mol
 Misfit interaction energy in the mix              :         1.60314 kcal/mol
 H-Bond interaction energy in the mix              :        -2.46805 kcal/mol
 VdW interaction energy in the mix                 :        -4.57070 kcal/mol
 Gas liquid transition energy in the mix (H_glt)   :         2.93205 kcal/mol
 Normalized weight factor of molecule in compound  :         1.00000
 Normalized weight factor of molecule in gas phase :         1.00000

 Compound: 2 Conformer: 1 (3-hexanone_c0)
 Chemical potential of the molecule in the mixture :         3.32168 kcal/mol
 Log10(partial pressure [mbar])                    :         1.55565
 Free energy of molecule in mix (E_COSMO+dE+Mu)    :   -195311.89954 kcal/mol
 Total mean interaction energy in the mix          :        -4.43706 kcal/mol
 Misfit interaction energy in the mix              :         3.23901 kcal/mol
 H-Bond interaction energy in the mix              :        -0.06236 kcal/mol
 VdW interaction energy in the mix                 :       -18.59845 kcal/mol
 Gas liquid transition energy in the mix (H_glt)   :        10.98474 kcal/mol
 Normalized weight factor of molecule in compound  :         0.61760
 Normalized weight factor of molecule in gas phase :         0.58280

 Compound: 2 Conformer: 2 (3-hexanone_c1)
 Chemical potential of the molecule in the mixture :         3.56519 kcal/mol
 Log10(partial pressure [mbar])                    :         1.61339
 Free energy of molecule in mix (E_COSMO+dE+Mu)    :   -195311.34496 kcal/mol
 Total mean interaction energy in the mix          :        -4.30157 kcal/mol
 Misfit interaction energy in the mix              :         3.32515 kcal/mol
 H-Bond interaction energy in the mix              :        -0.10734 kcal/mol
 VdW interaction energy in the mix                 :       -18.50412 kcal/mol
 Gas liquid transition energy in the mix (H_glt)   :        10.98474 kcal/mol
 Normalized weight factor of molecule in compound  :         0.25297
 Normalized weight factor of molecule in gas phase :         0.27267

 Compound: 2 Conformer: 3 (3-hexanone_c2)
 Chemical potential of the molecule in the mixture :         3.59056 kcal/mol
 Log10(partial pressure [mbar])                    :         1.62875
 Free energy of molecule in mix (E_COSMO+dE+Mu)    :   -195310.92855 kcal/mol
 Total mean interaction energy in the mix          :        -4.28223 kcal/mol
 Misfit interaction energy in the mix              :         3.32724 kcal/mol
 H-Bond interaction energy in the mix              :        -0.11007 kcal/mol
 VdW interaction energy in the mix                 :       -18.48414 kcal/mol
 Gas liquid transition energy in the mix (H_glt)   :        10.98474 kcal/mol
 Normalized weight factor of molecule in compound  :         0.12943
 Normalized weight factor of molecule in gas phase :         0.14453

 Compound: 3 Conformer: 1 (lacticacid_c0)
 Chemical potential of the molecule in the mixture :         5.92224 kcal/mol
 Log10(partial pressure [mbar])                    :        -0.91316
 Free energy of molecule in mix (E_COSMO+dE+Mu)    :   -215742.75790 kcal/mol
 Total mean interaction energy in the mix          :        -4.40619 kcal/mol
 Misfit interaction energy in the mix              :         3.12387 kcal/mol
 H-Bond interaction energy in the mix              :        -1.89751 kcal/mol
 VdW interaction energy in the mix                 :       -13.88439 kcal/mol
 Gas liquid transition energy in the mix (H_glt)   :         8.25184 kcal/mol
 Normalized weight factor of molecule in compound  :         0.08097
 Normalized weight factor of molecule in gas phase :         0.00600

 Compound: 3 Conformer: 2 (lacticacid_c1)
 Chemical potential of the molecule in the mixture :         6.35895 kcal/mol
 Log10(partial pressure [mbar])                    :        -0.21693
 Free energy of molecule in mix (E_COSMO+dE+Mu)    :   -215742.13970 kcal/mol
 Total mean interaction energy in the mix          :        -4.08623 kcal/mol
 Misfit interaction energy in the mix              :         3.08344 kcal/mol
 H-Bond interaction energy in the mix              :        -1.56641 kcal/mol
 VdW interaction energy in the mix                 :       -13.85510 kcal/mol
 Gas liquid transition energy in the mix (H_glt)   :         8.25184 kcal/mol
 Normalized weight factor of molecule in compound  :         0.02994
 Normalized weight factor of molecule in gas phase :         0.01132

 Compound: 3 Conformer: 3 (lacticacid_c2)
 Chemical potential of the molecule in the mixture :         3.54056 kcal/mol
 Log10(partial pressure [mbar])                    :        -0.20798
 Free energy of molecule in mix (E_COSMO+dE+Mu)    :   -215744.06591 kcal/mol
 Total mean interaction energy in the mix          :        -5.47697 kcal/mol
 Misfit interaction energy in the mix              :         2.43149 kcal/mol
 H-Bond interaction energy in the mix              :        -2.23113 kcal/mol
 VdW interaction energy in the mix                 :       -13.92917 kcal/mol
 Gas liquid transition energy in the mix (H_glt)   :         8.25184 kcal/mol
 Normalized weight factor of molecule in compound  :         0.66463
 Normalized weight factor of molecule in gas phase :         0.93343

 Compound: 3 Conformer: 4 (lacticacid_c3)
 Chemical potential of the molecule in the mixture :         3.30252 kcal/mol
 Log10(partial pressure [mbar])                    :        -1.41260
 Free energy of molecule in mix (E_COSMO+dE+Mu)    :   -215742.88291 kcal/mol
 Total mean interaction energy in the mix          :        -6.07871 kcal/mol
 Misfit interaction energy in the mix              :         2.76050 kcal/mol
 H-Bond interaction energy in the mix              :        -3.17592 kcal/mol
 VdW interaction energy in the mix                 :       -13.91513 kcal/mol
 Gas liquid transition energy in the mix (H_glt)   :         8.25184 kcal/mol
 Normalized weight factor of molecule in compound  :         0.09902
 Normalized weight factor of molecule in gas phase :         0.02803

 Compound: 3 Conformer: 5 (lacticacid_c4)
 Chemical potential of the molecule in the mixture :         3.75005 kcal/mol
 Log10(partial pressure [mbar])                    :        -2.66294
 Free energy of molecule in mix (E_COSMO+dE+Mu)    :   -215742.34878 kcal/mol
 Total mean interaction energy in the mix          :        -5.97361 kcal/mol
 Misfit interaction energy in the mix              :         3.29220 kcal/mol
 H-Bond interaction energy in the mix              :        -3.55946 kcal/mol
 VdW interaction energy in the mix                 :       -13.95818 kcal/mol
 Gas liquid transition energy in the mix (H_glt)   :         8.25184 kcal/mol
 Normalized weight factor of molecule in compound  :         0.04191
 Normalized weight factor of molecule in gas phase :         0.00067

 Compound: 3 Conformer: 6 (lacticacid_c5)
 Chemical potential of the molecule in the mixture :         3.25821 kcal/mol
 Log10(partial pressure [mbar])                    :        -1.47327
 Free energy of molecule in mix (E_COSMO+dE+Mu)    :   -215742.77725 kcal/mol
 Total mean interaction energy in the mix          :        -6.13375 kcal/mol
 Misfit interaction energy in the mix              :         2.74382 kcal/mol
 H-Bond interaction energy in the mix              :        -3.18948 kcal/mol
 VdW interaction energy in the mix                 :       -13.93994 kcal/mol
 Gas liquid transition energy in the mix (H_glt)   :         8.25184 kcal/mol
 Normalized weight factor of molecule in compound  :         0.08353
 Normalized weight factor of molecule in gas phase :         0.02055




 Results for mixture 5 - LIQ_EX Phase 1 Iteration    2
 ---------------------
 Temperature          :    312.668 K
 Compound Nr.         :         1         2         3
 Compound             :       h2o 3-hexanon lacticaci
 Mole Fraction        :    0.9949    0.0031    0.0020

 Compound: 1  (h2o)
 Chemical potential of the compound in the mixture :         3.45544 kcal/mol
 Log10(partial pressure [mbar])                    :         1.51678
 Free energy of molecule in mix (E_COSMO+dE+Mu)    :    -47989.79783 kcal/mol
 Total mean interaction energy in the mix (H_int)  :        -5.55308 kcal/mol
 Misfit interaction energy in the mix (H_MF)       :         0.58912 kcal/mol
 H-Bond interaction energy in the mix (H_HB)       :        -4.73142 kcal/mol
 VdW interaction energy in the mix (H_vdW)         :        -4.34283 kcal/mol
 Gas liquid transition energy in the mix (H_glt)   :         2.93205 kcal/mol

 Compound: 2  (3-hexanone)
 Chemical potential of the compound in the mixture :         6.60538 kcal/mol
 Log10(partial pressure [mbar])                    :         4.08533
 Free energy of molecule in mix (E_COSMO+dE+Mu)    :   -195308.61583 kcal/mol
 Total mean interaction energy in the mix (H_int)  :        -6.32170 kcal/mol
 Misfit interaction energy in the mix (H_MF)       :         2.47586 kcal/mol
 H-Bond interaction energy in the mix (H_HB)       :        -2.09705 kcal/mol
 VdW interaction energy in the mix (H_vdW)         :       -17.91780 kcal/mol
 Gas liquid transition energy in the mix (H_glt)   :        10.98474 kcal/mol

 Compound: 3  (lacticacid)
 Chemical potential of the compound in the mixture :         4.41017 kcal/mol
 Log10(partial pressure [mbar])                    :        -0.82977
 Free energy of molecule in mix (E_COSMO+dE+Mu)    :   -215744.26997 kcal/mol
 Total mean interaction energy in the mix (H_int)  :        -7.85986 kcal/mol
 Misfit interaction energy in the mix (H_MF)       :         1.99709 kcal/mol
 H-Bond interaction energy in the mix (H_HB)       :        -7.02161 kcal/mol
 VdW interaction energy in the mix (H_vdW)         :       -13.29625 kcal/mol
 Gas liquid transition energy in the mix (H_glt)   :         8.25184 kcal/mol



 Compound: 1 Conformer: 1 (h2o_c0)
 Chemical potential of the molecule in the mixture :         3.45544 kcal/mol
 Log10(partial pressure [mbar])                    :         1.51678
 Free energy of molecule in mix (E_COSMO+dE+Mu)    :    -47989.79783 kcal/mol
 Total mean interaction energy in the mix          :        -5.55308 kcal/mol
 Misfit interaction energy in the mix              :         0.58912 kcal/mol
 H-Bond interaction energy in the mix              :        -4.73142 kcal/mol
 VdW interaction energy in the mix                 :        -4.34283 kcal/mol
 Gas liquid transition energy in the mix (H_glt)   :         2.93205 kcal/mol
 Normalized weight factor of molecule in compound  :         1.00000
 Normalized weight factor of molecule in gas phase :         1.00000

 Compound: 2 Conformer: 1 (3-hexanone_c0)
 Chemical potential of the molecule in the mixture :         7.07636 kcal/mol
 Log10(partial pressure [mbar])                    :         4.18005
 Free energy of molecule in mix (E_COSMO+dE+Mu)    :   -195308.14486 kcal/mol
 Total mean interaction energy in the mix          :        -6.40718 kcal/mol
 Misfit interaction energy in the mix              :         2.50640 kcal/mol
 H-Bond interaction energy in the mix              :        -1.92570 kcal/mol
 VdW interaction energy in the mix                 :       -17.97263 kcal/mol
 Gas liquid transition energy in the mix (H_glt)   :        10.98474 kcal/mol
 Normalized weight factor of molecule in compound  :         0.46860
 Normalized weight factor of molecule in gas phase :         0.58280

 Compound: 2 Conformer: 2 (3-hexanone_c1)
 Chemical potential of the molecule in the mixture :         6.93006 kcal/mol
 Log10(partial pressure [mbar])                    :         3.96534
 Free energy of molecule in mix (E_COSMO+dE+Mu)    :   -195307.98008 kcal/mol
 Total mean interaction energy in the mix          :        -6.70849 kcal/mol
 Misfit interaction energy in the mix              :         2.44833 kcal/mol
 H-Bond interaction energy in the mix              :        -2.26600 kcal/mol
 VdW interaction energy in the mix                 :       -17.87557 kcal/mol
 Gas liquid transition energy in the mix (H_glt)   :        10.98474 kcal/mol
 Normalized weight factor of molecule in compound  :         0.35944
 Normalized weight factor of molecule in gas phase :         0.27267

 Compound: 2 Conformer: 3 (3-hexanone_c2)
 Chemical potential of the molecule in the mixture :         6.99714 kcal/mol
 Log10(partial pressure [mbar])                    :         4.00985
 Free energy of molecule in mix (E_COSMO+dE+Mu)    :   -195307.52197 kcal/mol
 Total mean interaction energy in the mix          :        -6.63258 kcal/mol
 Misfit interaction energy in the mix              :         2.45019 kcal/mol
 H-Bond interaction energy in the mix              :        -2.21082 kcal/mol
 VdW interaction energy in the mix                 :       -17.85668 kcal/mol
 Gas liquid transition energy in the mix (H_glt)   :        10.98474 kcal/mol
 Normalized weight factor of molecule in compound  :         0.17196
 Normalized weight factor of molecule in gas phase :         0.14453

 Compound: 3 Conformer: 1 (lacticacid_c0)
 Chemical potential of the molecule in the mixture :         6.35674 kcal/mol
 Log10(partial pressure [mbar])                    :        -0.60946
 Free energy of molecule in mix (E_COSMO+dE+Mu)    :   -215742.32340 kcal/mol
 Total mean interaction energy in the mix          :        -7.35011 kcal/mol
 Misfit interaction energy in the mix              :         2.03318 kcal/mol
 H-Bond interaction energy in the mix              :        -4.38953 kcal/mol
 VdW interaction energy in the mix                 :       -13.24559 kcal/mol
 Gas liquid transition energy in the mix (H_glt)   :         8.25184 kcal/mol
 Normalized weight factor of molecule in compound  :         0.04359
 Normalized weight factor of molecule in gas phase :         0.00600

 Compound: 3 Conformer: 2 (lacticacid_c1)
 Chemical potential of the molecule in the mixture :         6.48015 kcal/mol
 Log10(partial pressure [mbar])                    :        -0.13221
 Free energy of molecule in mix (E_COSMO+dE+Mu)    :   -215742.01850 kcal/mol
 Total mean interaction energy in the mix          :        -6.91527 kcal/mol
 Misfit interaction energy in the mix              :         2.14040 kcal/mol
 H-Bond interaction energy in the mix              :        -4.08474 kcal/mol
 VdW interaction energy in the mix                 :       -13.22278 kcal/mol
 Gas liquid transition energy in the mix (H_glt)   :         8.25184 kcal/mol
 Normalized weight factor of molecule in compound  :         0.02669
 Normalized weight factor of molecule in gas phase :         0.01132

 Compound: 3 Conformer: 3 (lacticacid_c2)
 Chemical potential of the molecule in the mixture :         4.62834 kcal/mol
 Log10(partial pressure [mbar])                    :         0.55235
 Free energy of molecule in mix (E_COSMO+dE+Mu)    :   -215742.97812 kcal/mol
 Total mean interaction energy in the mix          :        -8.01964 kcal/mol
 Misfit interaction energy in the mix              :         2.07208 kcal/mol
 H-Bond interaction energy in the mix              :        -5.03554 kcal/mol
 VdW interaction energy in the mix                 :       -13.30802 kcal/mol
 Gas liquid transition energy in the mix (H_glt)   :         8.25184 kcal/mol
 Normalized weight factor of molecule in compound  :         0.12504
 Normalized weight factor of molecule in gas phase :         0.93343

 Compound: 3 Conformer: 4 (lacticacid_c3)
 Chemical potential of the molecule in the mixture :         2.88096 kcal/mol
 Log10(partial pressure [mbar])                    :        -1.70726
 Free energy of molecule in mix (E_COSMO+dE+Mu)    :   -215743.30447 kcal/mol
 Total mean interaction energy in the mix          :       -10.13089 kcal/mol
 Misfit interaction energy in the mix              :         1.99430 kcal/mol
 H-Bond interaction energy in the mix              :        -7.09310 kcal/mol
 VdW interaction energy in the mix                 :       -13.28392 kcal/mol
 Gas liquid transition energy in the mix (H_glt)   :         8.25184 kcal/mol
 Normalized weight factor of molecule in compound  :         0.21142
 Normalized weight factor of molecule in gas phase :         0.02803

 Compound: 3 Conformer: 5 (lacticacid_c4)
 Chemical potential of the molecule in the mixture :         2.37168 kcal/mol
 Log10(partial pressure [mbar])                    :        -3.62638
 Free energy of molecule in mix (E_COSMO+dE+Mu)    :   -215743.72715 kcal/mol
 Total mean interaction energy in the mix          :       -11.07915 kcal/mol
 Misfit interaction energy in the mix              :         1.97459 kcal/mol
 H-Bond interaction energy in the mix              :        -8.00050 kcal/mol
 VdW interaction energy in the mix                 :       -13.30508 kcal/mol
 Gas liquid transition energy in the mix (H_glt)   :         8.25184 kcal/mol
 Normalized weight factor of molecule in compound  :         0.41743
 Normalized weight factor of molecule in gas phase :         0.00067

 Compound: 3 Conformer: 6 (lacticacid_c5)
 Chemical potential of the molecule in the mixture :         2.84549 kcal/mol
 Log10(partial pressure [mbar])                    :        -1.76174
 Free energy of molecule in mix (E_COSMO+dE+Mu)    :   -215743.18997 kcal/mol
 Total mean interaction energy in the mix          :       -10.20610 kcal/mol
 Misfit interaction energy in the mix              :         1.96984 kcal/mol
 H-Bond interaction energy in the mix              :        -7.12234 kcal/mol
 VdW interaction energy in the mix                 :       -13.30544 kcal/mol
 Gas liquid transition energy in the mix (H_glt)   :         8.25184 kcal/mol
 Normalized weight factor of molecule in compound  :         0.17584
 Normalized weight factor of molecule in gas phase :         0.02055




 Results for mixture 6 - LIQ_EX Phase 2 Iteration    2
 ---------------------
 Temperature          :    312.668 K
 Compound Nr.         :         1         2         3
 Compound             :       h2o 3-hexanon lacticaci
 Mole Fraction        :    0.0605    0.9374    0.0021

 Compound: 1  (h2o)
 Chemical potential of the compound in the mixture :         5.01977 kcal/mol
 Log10(partial pressure [mbar])                    :         2.61020
 Free energy of molecule in mix (E_COSMO+dE+Mu)    :    -47988.23350 kcal/mol
 Total mean interaction energy in the mix (H_int)  :        -2.73002 kcal/mol
 Misfit interaction energy in the mix (H_MF)       :         1.48401 kcal/mol
 H-Bond interaction energy in the mix (H_HB)       :        -2.58128 kcal/mol
 VdW interaction energy in the mix (H_vdW)         :        -4.56480 kcal/mol
 Gas liquid transition energy in the mix (H_glt)   :         2.93205 kcal/mol
 Equilibrium constant Kx(1,2)                      :        12.39993
 Equilibrium concentration x_k(1,2)                :         0.92537

 Compound: 2  (3-hexanone)
 Chemical potential of the compound in the mixture :         3.02946 kcal/mol
 Log10(partial pressure [mbar])                    :         1.58587
 Free energy of molecule in mix (E_COSMO+dE+Mu)    :   -195312.19176 kcal/mol
 Total mean interaction energy in the mix (H_int)  :        -4.26196 kcal/mol
 Misfit interaction energy in the mix (H_MF)       :         3.27132 kcal/mol
 H-Bond interaction energy in the mix (H_HB)       :        -0.13614 kcal/mol
 VdW interaction energy in the mix (H_vdW)         :       -18.55301 kcal/mol
 Gas liquid transition energy in the mix (H_glt)   :        10.98474 kcal/mol
 Equilibrium constant Kx(1,2)                      :  3.16619802E-03
 Equilibrium concentration x_k(1,2)                :         0.00316

 Compound: 3  (lacticacid)
 Chemical potential of the compound in the mixture :         4.25252 kcal/mol
 Log10(partial pressure [mbar])                    :        -0.93996
 Free energy of molecule in mix (E_COSMO+dE+Mu)    :   -215744.42762 kcal/mol
 Total mean interaction energy in the mix (H_int)  :        -4.33725 kcal/mol
 Misfit interaction energy in the mix (H_MF)       :         2.52887 kcal/mol
 H-Bond interaction energy in the mix (H_HB)       :        -2.53073 kcal/mol
 VdW interaction energy in the mix (H_vdW)         :       -13.91445 kcal/mol
 Gas liquid transition energy in the mix (H_glt)   :         8.25184 kcal/mol
 Equilibrium constant Kx(1,2)                      :         0.77590
 Equilibrium concentration x_k(1,2)                :         0.43691



 Compound: 1 Conformer: 1 (h2o_c0)
 Chemical potential of the molecule in the mixture :         5.01977 kcal/mol
 Log10(partial pressure [mbar])                    :         2.61020
 Free energy of molecule in mix (E_COSMO+dE+Mu)    :    -47988.23350 kcal/mol
 Total mean interaction energy in the mix          :        -2.73002 kcal/mol
 Misfit interaction energy in the mix              :         1.48401 kcal/mol
 H-Bond interaction energy in the mix              :        -2.58128 kcal/mol
 VdW interaction energy in the mix                 :        -4.56480 kcal/mol
 Gas liquid transition energy in the mix (H_glt)   :         2.93205 kcal/mol
 Normalized weight factor of molecule in compound  :         1.00000
 Normalized weight factor of molecule in gas phase :         1.00000

 Compound: 2 Conformer: 1 (3-hexanone_c0)
 Chemical potential of the molecule in the mixture :         3.33233 kcal/mol
 Log10(partial pressure [mbar])                    :         1.56309
 Free energy of molecule in mix (E_COSMO+dE+Mu)    :   -195311.88888 kcal/mol
 Total mean interaction energy in the mix          :        -4.47567 kcal/mol
 Misfit interaction energy in the mix              :         3.23888 kcal/mol
 H-Bond interaction energy in the mix              :        -0.10699 kcal/mol
 VdW interaction energy in the mix                 :       -18.59230 kcal/mol
 Gas liquid transition energy in the mix (H_glt)   :        10.98474 kcal/mol
 Normalized weight factor of molecule in compound  :         0.61419
 Normalized weight factor of molecule in gas phase :         0.58280

 Compound: 2 Conformer: 2 (3-hexanone_c1)
 Chemical potential of the molecule in the mixture :         3.56712 kcal/mol
 Log10(partial pressure [mbar])                    :         1.61474
 Free energy of molecule in mix (E_COSMO+dE+Mu)    :   -195311.34303 kcal/mol
 Total mean interaction energy in the mix          :        -4.37127 kcal/mol
 Misfit interaction energy in the mix              :         3.32240 kcal/mol
 H-Bond interaction energy in the mix              :        -0.18118 kcal/mol
 VdW interaction energy in the mix                 :       -18.49723 kcal/mol
 Gas liquid transition energy in the mix (H_glt)   :        10.98474 kcal/mol
 Normalized weight factor of molecule in compound  :         0.25513
 Normalized weight factor of molecule in gas phase :         0.27267

 Compound: 2 Conformer: 3 (3-hexanone_c2)
 Chemical potential of the molecule in the mixture :         3.59176 kcal/mol
 Log10(partial pressure [mbar])                    :         1.62960
 Free energy of molecule in mix (E_COSMO+dE+Mu)    :   -195310.92735 kcal/mol
 Total mean interaction energy in the mix          :        -4.35358 kcal/mol
 Misfit interaction energy in the mix              :         3.32408 kcal/mol
 H-Bond interaction energy in the mix              :        -0.18517 kcal/mol
 VdW interaction energy in the mix                 :       -18.47723 kcal/mol
 Gas liquid transition energy in the mix (H_glt)   :        10.98474 kcal/mol
 Normalized weight factor of molecule in compound  :         0.13068
 Normalized weight factor of molecule in gas phase :         0.14453

 Compound: 3 Conformer: 1 (lacticacid_c0)
 Chemical potential of the molecule in the mixture :         5.82540 kcal/mol
 Log10(partial pressure [mbar])                    :        -0.98085
 Free energy of molecule in mix (E_COSMO+dE+Mu)    :   -215742.85474 kcal/mol
 Total mean interaction energy in the mix          :        -4.54703 kcal/mol
 Misfit interaction energy in the mix              :         3.03274 kcal/mol
 H-Bond interaction energy in the mix              :        -1.95582 kcal/mol
 VdW interaction energy in the mix                 :       -13.87580 kcal/mol
 Gas liquid transition energy in the mix (H_glt)   :         8.25184 kcal/mol
 Normalized weight factor of molecule in compound  :         0.07954
 Normalized weight factor of molecule in gas phase :         0.00600

 Compound: 3 Conformer: 2 (lacticacid_c1)
 Chemical potential of the molecule in the mixture :         6.24115 kcal/mol
 Log10(partial pressure [mbar])                    :        -0.29926
 Free energy of molecule in mix (E_COSMO+dE+Mu)    :   -215742.25750 kcal/mol
 Total mean interaction energy in the mix          :        -4.24075 kcal/mol
 Misfit interaction energy in the mix              :         3.00755 kcal/mol
 H-Bond interaction energy in the mix              :        -1.65552 kcal/mol
 VdW interaction energy in the mix                 :       -13.84462 kcal/mol
 Gas liquid transition energy in the mix (H_glt)   :         8.25184 kcal/mol
 Normalized weight factor of molecule in compound  :         0.03042
 Normalized weight factor of molecule in gas phase :         0.01132

 Compound: 3 Conformer: 3 (lacticacid_c2)
 Chemical potential of the molecule in the mixture :         3.45144 kcal/mol
 Log10(partial pressure [mbar])                    :        -0.27027
 Free energy of molecule in mix (E_COSMO+dE+Mu)    :   -215744.15503 kcal/mol
 Total mean interaction energy in the mix          :        -5.62087 kcal/mol
 Misfit interaction energy in the mix              :         2.35991 kcal/mol
 H-Bond interaction energy in the mix              :        -2.31239 kcal/mol
 VdW interaction energy in the mix                 :       -13.92023 kcal/mol
 Gas liquid transition energy in the mix (H_glt)   :         8.25184 kcal/mol
 Normalized weight factor of molecule in compound  :         0.64486
 Normalized weight factor of molecule in gas phase :         0.93343

 Compound: 3 Conformer: 4 (lacticacid_c3)
 Chemical potential of the molecule in the mixture :         3.14775 kcal/mol
 Log10(partial pressure [mbar])                    :        -1.52078
 Free energy of molecule in mix (E_COSMO+dE+Mu)    :   -215743.03768 kcal/mol
 Total mean interaction energy in the mix          :        -6.30347 kcal/mol
 Misfit interaction energy in the mix              :         2.66354 kcal/mol
 H-Bond interaction energy in the mix              :        -3.31593 kcal/mol
 VdW interaction energy in the mix                 :       -13.90292 kcal/mol
 Gas liquid transition energy in the mix (H_glt)   :         8.25184 kcal/mol
 Normalized weight factor of molecule in compound  :         0.10678
 Normalized weight factor of molecule in gas phase :         0.02803

 Compound: 3 Conformer: 5 (lacticacid_c4)
 Chemical potential of the molecule in the mixture :         3.55252 kcal/mol
 Log10(partial pressure [mbar])                    :        -2.80101
 Free energy of molecule in mix (E_COSMO+dE+Mu)    :   -215742.54631 kcal/mol
 Total mean interaction energy in the mix          :        -6.27926 kcal/mol
 Misfit interaction energy in the mix              :         3.14246 kcal/mol
 H-Bond interaction energy in the mix              :        -3.72806 kcal/mol
 VdW interaction energy in the mix                 :       -13.94550 kcal/mol
 Gas liquid transition energy in the mix (H_glt)   :         8.25184 kcal/mol
 Normalized weight factor of molecule in compound  :         0.04842
 Normalized weight factor of molecule in gas phase :         0.00067

 Compound: 3 Conformer: 6 (lacticacid_c5)
 Chemical potential of the molecule in the mixture :         3.10413 kcal/mol
 Log10(partial pressure [mbar])                    :        -1.58096
 Free energy of molecule in mix (E_COSMO+dE+Mu)    :   -215742.93134 kcal/mol
 Total mean interaction energy in the mix          :        -6.35705 kcal/mol
 Misfit interaction energy in the mix              :         2.64251 kcal/mol
 H-Bond interaction energy in the mix              :        -3.32358 kcal/mol
 VdW interaction energy in the mix                 :       -13.92782 kcal/mol
 Gas liquid transition energy in the mix (H_glt)   :         8.25184 kcal/mol
 Normalized weight factor of molecule in compound  :         0.08998
 Normalized weight factor of molecule in gas phase :         0.02055




 Results for mixture 7 - LIQ_EX Phase 1 Iteration    3
 ---------------------
 Temperature          :    312.668 K
 Compound Nr.         :         1         2         3
 Compound             :       h2o 3-hexanon lacticaci
 Mole Fraction        :    0.9952    0.0030    0.0018

 Compound: 1  (h2o)
 Chemical potential of the compound in the mixture :         3.45543 kcal/mol
 Log10(partial pressure [mbar])                    :         1.51677
 Free energy of molecule in mix (E_COSMO+dE+Mu)    :    -47989.79785 kcal/mol
 Total mean interaction energy in the mix (H_int)  :        -5.55293 kcal/mol
 Misfit interaction energy in the mix (H_MF)       :         0.58916 kcal/mol
 H-Bond interaction energy in the mix (H_HB)       :        -4.73150 kcal/mol
 VdW interaction energy in the mix (H_vdW)         :        -4.34264 kcal/mol
 Gas liquid transition energy in the mix (H_glt)   :         2.93205 kcal/mol

 Compound: 2  (3-hexanone)
 Chemical potential of the compound in the mixture :         6.60948 kcal/mol
 Log10(partial pressure [mbar])                    :         4.08820
 Free energy of molecule in mix (E_COSMO+dE+Mu)    :   -195308.61173 kcal/mol
 Total mean interaction energy in the mix (H_int)  :        -6.32306 kcal/mol
 Misfit interaction energy in the mix (H_MF)       :         2.47389 kcal/mol
 H-Bond interaction energy in the mix (H_HB)       :        -2.09744 kcal/mol
 VdW interaction energy in the mix (H_vdW)         :       -17.91682 kcal/mol
 Gas liquid transition energy in the mix (H_glt)   :        10.98474 kcal/mol

 Compound: 3  (lacticacid)
 Chemical potential of the compound in the mixture :         4.41143 kcal/mol
 Log10(partial pressure [mbar])                    :        -0.82889
 Free energy of molecule in mix (E_COSMO+dE+Mu)    :   -215744.26871 kcal/mol
 Total mean interaction energy in the mix (H_int)  :        -7.86119 kcal/mol
 Misfit interaction energy in the mix (H_MF)       :         1.99626 kcal/mol
 H-Bond interaction energy in the mix (H_HB)       :        -7.02314 kcal/mol
 VdW interaction energy in the mix (H_vdW)         :       -13.29551 kcal/mol
 Gas liquid transition energy in the mix (H_glt)   :         8.25184 kcal/mol



 Compound: 1 Conformer: 1 (h2o_c0)
 Chemical potential of the molecule in the mixture :         3.45543 kcal/mol
 Log10(partial pressure [mbar])                    :         1.51677
 Free energy of molecule in mix (E_COSMO+dE+Mu)    :    -47989.79785 kcal/mol
 Total mean interaction energy in the mix          :        -5.55293 kcal/mol
 Misfit interaction energy in the mix              :         0.58916 kcal/mol
 H-Bond interaction energy in the mix              :        -4.73150 kcal/mol
 VdW interaction energy in the mix                 :        -4.34264 kcal/mol
 Gas liquid transition energy in the mix (H_glt)   :         2.93205 kcal/mol
 Normalized weight factor of molecule in compound  :         1.00000
 Normalized weight factor of molecule in gas phase :         1.00000

 Compound: 2 Conformer: 1 (3-hexanone_c0)
 Chemical potential of the molecule in the mixture :         7.08052 kcal/mol
 Log10(partial pressure [mbar])                    :         4.18296
 Free energy of molecule in mix (E_COSMO+dE+Mu)    :   -195308.14070 kcal/mol
 Total mean interaction energy in the mix          :        -6.40852 kcal/mol
 Misfit interaction energy in the mix              :         2.50449 kcal/mol
 H-Bond interaction energy in the mix              :        -1.92611 kcal/mol
 VdW interaction energy in the mix                 :       -17.97165 kcal/mol
 Gas liquid transition energy in the mix (H_glt)   :        10.98474 kcal/mol
 Normalized weight factor of molecule in compound  :         0.46855
 Normalized weight factor of molecule in gas phase :         0.58280

 Compound: 2 Conformer: 2 (3-hexanone_c1)
 Chemical potential of the molecule in the mixture :         6.93411 kcal/mol
 Log10(partial pressure [mbar])                    :         3.96816
 Free energy of molecule in mix (E_COSMO+dE+Mu)    :   -195307.97604 kcal/mol
 Total mean interaction energy in the mix          :        -6.70989 kcal/mol
 Misfit interaction energy in the mix              :         2.44631 kcal/mol
 H-Bond interaction energy in the mix              :        -2.26634 kcal/mol
 VdW interaction energy in the mix                 :       -17.87460 kcal/mol
 Gas liquid transition energy in the mix (H_glt)   :        10.98474 kcal/mol
 Normalized weight factor of molecule in compound  :         0.35947
 Normalized weight factor of molecule in gas phase :         0.27267

 Compound: 2 Conformer: 3 (3-hexanone_c2)
 Chemical potential of the molecule in the mixture :         7.00118 kcal/mol
 Log10(partial pressure [mbar])                    :         4.01268
 Free energy of molecule in mix (E_COSMO+dE+Mu)    :   -195307.51793 kcal/mol
 Total mean interaction energy in the mix          :        -6.63400 kcal/mol
 Misfit interaction energy in the mix              :         2.44815 kcal/mol
 H-Bond interaction energy in the mix              :        -2.21118 kcal/mol
 VdW interaction energy in the mix                 :       -17.85571 kcal/mol
 Gas liquid transition energy in the mix (H_glt)   :        10.98474 kcal/mol
 Normalized weight factor of molecule in compound  :         0.17197
 Normalized weight factor of molecule in gas phase :         0.14453

 Compound: 3 Conformer: 1 (lacticacid_c0)
 Chemical potential of the molecule in the mixture :         6.35828 kcal/mol
 Log10(partial pressure [mbar])                    :        -0.60838
 Free energy of molecule in mix (E_COSMO+dE+Mu)    :   -215742.32186 kcal/mol
 Total mean interaction energy in the mix          :        -7.35102 kcal/mol
 Misfit interaction energy in the mix              :         2.03230 kcal/mol
 H-Bond interaction energy in the mix              :        -4.39033 kcal/mol
 VdW interaction energy in the mix                 :       -13.24483 kcal/mol
 Gas liquid transition energy in the mix (H_glt)   :         8.25184 kcal/mol
 Normalized weight factor of molecule in compound  :         0.04357
 Normalized weight factor of molecule in gas phase :         0.00600

 Compound: 3 Conformer: 2 (lacticacid_c1)
 Chemical potential of the molecule in the mixture :         6.48164 kcal/mol
 Log10(partial pressure [mbar])                    :        -0.13117
 Free energy of molecule in mix (E_COSMO+dE+Mu)    :   -215742.01701 kcal/mol
 Total mean interaction energy in the mix          :        -6.91605 kcal/mol
 Misfit interaction energy in the mix              :         2.13967 kcal/mol
 H-Bond interaction energy in the mix              :        -4.08556 kcal/mol
 VdW interaction energy in the mix                 :       -13.22201 kcal/mol
 Gas liquid transition energy in the mix (H_glt)   :         8.25184 kcal/mol
 Normalized weight factor of molecule in compound  :         0.02668
 Normalized weight factor of molecule in gas phase :         0.01132

 Compound: 3 Conformer: 3 (lacticacid_c2)
 Chemical potential of the molecule in the mixture :         4.63029 kcal/mol
 Log10(partial pressure [mbar])                    :         0.55371
 Free energy of molecule in mix (E_COSMO+dE+Mu)    :   -215742.97617 kcal/mol
 Total mean interaction energy in the mix          :        -8.02031 kcal/mol
 Misfit interaction energy in the mix              :         2.07137 kcal/mol
 H-Bond interaction energy in the mix              :        -5.03628 kcal/mol
 VdW interaction energy in the mix                 :       -13.30724 kcal/mol
 Gas liquid transition energy in the mix (H_glt)   :         8.25184 kcal/mol
 Normalized weight factor of molecule in compound  :         0.12490
 Normalized weight factor of molecule in gas phase :         0.93343

 Compound: 3 Conformer: 4 (lacticacid_c3)
 Chemical potential of the molecule in the mixture :         2.88223 kcal/mol
 Log10(partial pressure [mbar])                    :        -1.70637
 Free energy of molecule in mix (E_COSMO+dE+Mu)    :   -215743.30320 kcal/mol
 Total mean interaction energy in the mix          :       -10.13202 kcal/mol
 Misfit interaction energy in the mix              :         1.99351 kcal/mol
 H-Bond interaction energy in the mix              :        -7.09418 kcal/mol
 VdW interaction energy in the mix                 :       -13.28319 kcal/mol
 Gas liquid transition energy in the mix (H_glt)   :         8.25184 kcal/mol
 Normalized weight factor of molecule in compound  :         0.21141
 Normalized weight factor of molecule in gas phase :         0.02803

 Compound: 3 Conformer: 5 (lacticacid_c4)
 Chemical potential of the molecule in the mixture :         2.37266 kcal/mol
 Log10(partial pressure [mbar])                    :        -3.62569
 Free energy of molecule in mix (E_COSMO+dE+Mu)    :   -215743.72617 kcal/mol
 Total mean interaction energy in the mix          :       -11.08028 kcal/mol
 Misfit interaction energy in the mix              :         1.97373 kcal/mol
 H-Bond interaction energy in the mix              :        -8.00150 kcal/mol
 VdW interaction energy in the mix                 :       -13.30435 kcal/mol
 Gas liquid transition energy in the mix (H_glt)   :         8.25184 kcal/mol
 Normalized weight factor of molecule in compound  :         0.41761
 Normalized weight factor of molecule in gas phase :         0.00067

 Compound: 3 Conformer: 6 (lacticacid_c5)
 Chemical potential of the molecule in the mixture :         2.84679 kcal/mol
 Log10(partial pressure [mbar])                    :        -1.76084
 Free energy of molecule in mix (E_COSMO+dE+Mu)    :   -215743.18867 kcal/mol
 Total mean interaction energy in the mix          :       -10.20724 kcal/mol
 Misfit interaction energy in the mix              :         1.96905 kcal/mol
 H-Bond interaction energy in the mix              :        -7.12342 kcal/mol
 VdW interaction energy in the mix                 :       -13.30471 kcal/mol
 Gas liquid transition energy in the mix (H_glt)   :         8.25184 kcal/mol
 Normalized weight factor of molecule in compound  :         0.17583
 Normalized weight factor of molecule in gas phase :         0.02055




 Results for mixture 8 - LIQ_EX Phase 2 Iteration    3
 ---------------------
 Temperature          :    312.668 K
 Compound Nr.         :         1         2         3
 Compound             :       h2o 3-hexanon lacticaci
 Mole Fraction        :    0.0773    0.9204    0.0023

 Compound: 1  (h2o)
 Chemical potential of the compound in the mixture :         4.94609 kcal/mol
 Log10(partial pressure [mbar])                    :         2.55870
 Free energy of molecule in mix (E_COSMO+dE+Mu)    :    -47988.30718 kcal/mol
 Total mean interaction energy in the mix (H_int)  :        -2.85581 kcal/mol
 Misfit interaction energy in the mix (H_MF)       :         1.42375 kcal/mol
 H-Bond interaction energy in the mix (H_HB)       :        -2.65049 kcal/mol
 VdW interaction energy in the mix (H_vdW)         :        -4.56112 kcal/mol
 Gas liquid transition energy in the mix (H_glt)   :         2.93205 kcal/mol
 Equilibrium constant Kx(1,2)                      :        11.01363
 Equilibrium concentration x_k(1,2)                :         0.91676

 Compound: 2  (3-hexanone)
 Chemical potential of the compound in the mixture :         3.03510 kcal/mol
 Log10(partial pressure [mbar])                    :         1.58981
 Free energy of molecule in mix (E_COSMO+dE+Mu)    :   -195312.18612 kcal/mol
 Total mean interaction energy in the mix (H_int)  :        -4.29229 kcal/mol
 Misfit interaction energy in the mix (H_MF)       :         3.27143 kcal/mol
 H-Bond interaction energy in the mix (H_HB)       :        -0.17196 kcal/mol
 VdW interaction energy in the mix (H_vdW)         :       -18.54860 kcal/mol
 Gas liquid transition energy in the mix (H_glt)   :        10.98474 kcal/mol
 Equilibrium constant Kx(1,2)                      :  3.17406253E-03
 Equilibrium concentration x_k(1,2)                :         0.00316

 Compound: 3  (lacticacid)
 Chemical potential of the compound in the mixture :         4.19561 kcal/mol
 Log10(partial pressure [mbar])                    :        -0.97975
 Free energy of molecule in mix (E_COSMO+dE+Mu)    :   -215744.48454 kcal/mol
 Total mean interaction energy in the mix (H_int)  :        -4.42194 kcal/mol
 Misfit interaction energy in the mix (H_MF)       :         2.49256 kcal/mol
 H-Bond interaction energy in the mix (H_HB)       :        -2.60436 kcal/mol
 VdW interaction energy in the mix (H_vdW)         :       -13.90834 kcal/mol
 Gas liquid transition energy in the mix (H_glt)   :         8.25184 kcal/mol
 Equilibrium constant Kx(1,2)                      :         0.70656
 Equilibrium concentration x_k(1,2)                :         0.41402



 Compound: 1 Conformer: 1 (h2o_c0)
 Chemical potential of the molecule in the mixture :         4.94609 kcal/mol
 Log10(partial pressure [mbar])                    :         2.55870
 Free energy of molecule in mix (E_COSMO+dE+Mu)    :    -47988.30718 kcal/mol
 Total mean interaction energy in the mix          :        -2.85581 kcal/mol
 Misfit interaction energy in the mix              :         1.42375 kcal/mol
 H-Bond interaction energy in the mix              :        -2.65049 kcal/mol
 VdW interaction energy in the mix                 :        -4.56112 kcal/mol
 Gas liquid transition energy in the mix (H_glt)   :         2.93205 kcal/mol
 Normalized weight factor of molecule in compound  :         1.00000
 Normalized weight factor of molecule in gas phase :         1.00000

 Compound: 2 Conformer: 1 (3-hexanone_c0)
 Chemical potential of the molecule in the mixture :         3.34019 kcal/mol
 Log10(partial pressure [mbar])                    :         1.56859
 Free energy of molecule in mix (E_COSMO+dE+Mu)    :   -195311.88102 kcal/mol
 Total mean interaction energy in the mix          :        -4.49988 kcal/mol
 Misfit interaction energy in the mix              :         3.23943 kcal/mol
 H-Bond interaction energy in the mix              :        -0.13577 kcal/mol
 VdW interaction energy in the mix                 :       -18.58829 kcal/mol
 Gas liquid transition energy in the mix (H_glt)   :        10.98474 kcal/mol
 Normalized weight factor of molecule in compound  :         0.61200
 Normalized weight factor of molecule in gas phase :         0.58280

 Compound: 2 Conformer: 2 (3-hexanone_c1)
 Chemical potential of the molecule in the mixture :         3.56936 kcal/mol
 Log10(partial pressure [mbar])                    :         1.61631
 Free energy of molecule in mix (E_COSMO+dE+Mu)    :   -195311.34079 kcal/mol
 Total mean interaction energy in the mix          :        -4.41424 kcal/mol
 Misfit interaction energy in the mix              :         3.32138 kcal/mol
 H-Bond interaction energy in the mix              :        -0.22757 kcal/mol
 VdW interaction energy in the mix                 :       -18.49279 kcal/mol
 Gas liquid transition energy in the mix (H_glt)   :        10.98474 kcal/mol
 Normalized weight factor of molecule in compound  :         0.25653
 Normalized weight factor of molecule in gas phase :         0.27267

 Compound: 2 Conformer: 3 (3-hexanone_c2)
 Chemical potential of the molecule in the mixture :         3.59366 kcal/mol
 Log10(partial pressure [mbar])                    :         1.63092
 Free energy of molecule in mix (E_COSMO+dE+Mu)    :   -195310.92545 kcal/mol
 Total mean interaction energy in the mix          :        -4.39711 kcal/mol
 Misfit interaction energy in the mix              :         3.32288 kcal/mol
 H-Bond interaction energy in the mix              :        -0.23195 kcal/mol
 VdW interaction energy in the mix                 :       -18.47278 kcal/mol
 Gas liquid transition energy in the mix (H_glt)   :        10.98474 kcal/mol
 Normalized weight factor of molecule in compound  :         0.13147
 Normalized weight factor of molecule in gas phase :         0.14453

 Compound: 3 Conformer: 1 (lacticacid_c0)
 Chemical potential of the molecule in the mixture :         5.77525 kcal/mol
 Log10(partial pressure [mbar])                    :        -1.01590
 Free energy of molecule in mix (E_COSMO+dE+Mu)    :   -215742.90489 kcal/mol
 Total mean interaction energy in the mix          :        -4.62605 kcal/mol
 Misfit interaction energy in the mix              :         2.98539 kcal/mol
 H-Bond interaction energy in the mix              :        -1.99300 kcal/mol
 VdW interaction energy in the mix                 :       -13.87028 kcal/mol
 Gas liquid transition energy in the mix (H_glt)   :         8.25184 kcal/mol
 Normalized weight factor of molecule in compound  :         0.07868
 Normalized weight factor of molecule in gas phase :         0.00600

 Compound: 3 Conformer: 2 (lacticacid_c1)
 Chemical potential of the molecule in the mixture :         6.17774 kcal/mol
 Log10(partial pressure [mbar])                    :        -0.34359
 Free energy of molecule in mix (E_COSMO+dE+Mu)    :   -215742.32091 kcal/mol
 Total mean interaction energy in the mix          :        -4.32692 kcal/mol
 Misfit interaction energy in the mix              :         2.96818 kcal/mol
 H-Bond interaction energy in the mix              :        -1.70874 kcal/mol
 VdW interaction energy in the mix                 :       -13.83820 kcal/mol
 Gas liquid transition energy in the mix (H_glt)   :         8.25184 kcal/mol
 Normalized weight factor of molecule in compound  :         0.03074
 Normalized weight factor of molecule in gas phase :         0.01132

 Compound: 3 Conformer: 3 (lacticacid_c2)
 Chemical potential of the molecule in the mixture :         3.40602 kcal/mol
 Log10(partial pressure [mbar])                    :        -0.30201
 Free energy of molecule in mix (E_COSMO+dE+Mu)    :   -215744.20044 kcal/mol
 Total mean interaction energy in the mix          :        -5.70146 kcal/mol
 Misfit interaction energy in the mix              :         2.32468 kcal/mol
 H-Bond interaction energy in the mix              :        -2.36344 kcal/mol
 VdW interaction energy in the mix                 :       -13.91455 kcal/mol
 Gas liquid transition energy in the mix (H_glt)   :         8.25184 kcal/mol
 Normalized weight factor of molecule in compound  :         0.63303
 Normalized weight factor of molecule in gas phase :         0.93343

 Compound: 3 Conformer: 4 (lacticacid_c3)
 Chemical potential of the molecule in the mixture :         3.06434 kcal/mol
 Log10(partial pressure [mbar])                    :        -1.57909
 Free energy of molecule in mix (E_COSMO+dE+Mu)    :   -215743.12109 kcal/mol
 Total mean interaction energy in the mix          :        -6.43002 kcal/mol
 Misfit interaction energy in the mix              :         2.61437 kcal/mol
 H-Bond interaction energy in the mix              :        -3.40080 kcal/mol
 VdW interaction energy in the mix                 :       -13.89543 kcal/mol
 Gas liquid transition energy in the mix (H_glt)   :         8.25184 kcal/mol
 Normalized weight factor of molecule in compound  :         0.11143
 Normalized weight factor of molecule in gas phase :         0.02803

 Compound: 3 Conformer: 5 (lacticacid_c4)
 Chemical potential of the molecule in the mixture :         3.44749 kcal/mol
 Log10(partial pressure [mbar])                    :        -2.87442
 Free energy of molecule in mix (E_COSMO+dE+Mu)    :   -215742.65134 kcal/mol
 Total mean interaction energy in the mix          :        -6.45059 kcal/mol
 Misfit interaction energy in the mix              :         3.06692 kcal/mol
 H-Bond interaction energy in the mix              :        -3.83176 kcal/mol
 VdW interaction energy in the mix                 :       -13.93759 kcal/mol
 Gas liquid transition energy in the mix (H_glt)   :         8.25184 kcal/mol
 Normalized weight factor of molecule in compound  :         0.05232
 Normalized weight factor of molecule in gas phase :         0.00067

 Compound: 3 Conformer: 6 (lacticacid_c5)
 Chemical potential of the molecule in the mixture :         3.02136 kcal/mol
 Log10(partial pressure [mbar])                    :        -1.63881
 Free energy of molecule in mix (E_COSMO+dE+Mu)    :   -215743.01410 kcal/mol
 Total mean interaction energy in the mix          :        -6.48317 kcal/mol
 Misfit interaction energy in the mix              :         2.59122 kcal/mol
 H-Bond interaction energy in the mix              :        -3.40590 kcal/mol
 VdW interaction energy in the mix                 :       -13.92033 kcal/mol
 Gas liquid transition energy in the mix (H_glt)   :         8.25184 kcal/mol
 Normalized weight factor of molecule in compound  :         0.09380
 Normalized weight factor of molecule in gas phase :         0.02055




 Results for mixture 9 - LIQ_EX Phase 1 Iteration    4
 ---------------------
 Temperature          :    312.668 K
 Compound Nr.         :         1         2         3
 Compound             :       h2o 3-hexanon lacticaci
 Mole Fraction        :    0.9953    0.0030    0.0017

 Compound: 1  (h2o)
 Chemical potential of the compound in the mixture :         3.45542 kcal/mol
 Log10(partial pressure [mbar])                    :         1.51677
 Free energy of molecule in mix (E_COSMO+dE+Mu)    :    -47989.79786 kcal/mol
 Total mean interaction energy in the mix (H_int)  :        -5.55283 kcal/mol
 Misfit interaction energy in the mix (H_MF)       :         0.58919 kcal/mol
 H-Bond interaction energy in the mix (H_HB)       :        -4.73158 kcal/mol
 VdW interaction energy in the mix (H_vdW)         :        -4.34250 kcal/mol
 Gas liquid transition energy in the mix (H_glt)   :         2.93205 kcal/mol

 Compound: 2  (3-hexanone)
 Chemical potential of the compound in the mixture :         6.61255 kcal/mol
 Log10(partial pressure [mbar])                    :         4.09034
 Free energy of molecule in mix (E_COSMO+dE+Mu)    :   -195308.60866 kcal/mol
 Total mean interaction energy in the mix (H_int)  :        -6.32408 kcal/mol
 Misfit interaction energy in the mix (H_MF)       :         2.47247 kcal/mol
 H-Bond interaction energy in the mix (H_HB)       :        -2.09772 kcal/mol
 VdW interaction energy in the mix (H_vdW)         :       -17.91615 kcal/mol
 Gas liquid transition energy in the mix (H_glt)   :        10.98474 kcal/mol

 Compound: 3  (lacticacid)
 Chemical potential of the compound in the mixture :         4.41243 kcal/mol
 Log10(partial pressure [mbar])                    :        -0.82819
 Free energy of molecule in mix (E_COSMO+dE+Mu)    :   -215744.26771 kcal/mol
 Total mean interaction energy in the mix (H_int)  :        -7.86215 kcal/mol
 Misfit interaction energy in the mix (H_MF)       :         1.99566 kcal/mol
 H-Bond interaction energy in the mix (H_HB)       :        -7.02420 kcal/mol
 VdW interaction energy in the mix (H_vdW)         :       -13.29501 kcal/mol
 Gas liquid transition energy in the mix (H_glt)   :         8.25184 kcal/mol



 Compound: 1 Conformer: 1 (h2o_c0)
 Chemical potential of the molecule in the mixture :         3.45542 kcal/mol
 Log10(partial pressure [mbar])                    :         1.51677
 Free energy of molecule in mix (E_COSMO+dE+Mu)    :    -47989.79786 kcal/mol
 Total mean interaction energy in the mix          :        -5.55283 kcal/mol
 Misfit interaction energy in the mix              :         0.58919 kcal/mol
 H-Bond interaction energy in the mix              :        -4.73158 kcal/mol
 VdW interaction energy in the mix                 :        -4.34250 kcal/mol
 Gas liquid transition energy in the mix (H_glt)   :         2.93205 kcal/mol
 Normalized weight factor of molecule in compound  :         1.00000
 Normalized weight factor of molecule in gas phase :         1.00000

 Compound: 2 Conformer: 1 (3-hexanone_c0)
 Chemical potential of the molecule in the mixture :         7.08364 kcal/mol
 Log10(partial pressure [mbar])                    :         4.18514
 Free energy of molecule in mix (E_COSMO+dE+Mu)    :   -195308.13758 kcal/mol
 Total mean interaction energy in the mix          :        -6.40951 kcal/mol
 Misfit interaction energy in the mix              :         2.50313 kcal/mol
 H-Bond interaction energy in the mix              :        -1.92640 kcal/mol
 VdW interaction energy in the mix                 :       -17.97098 kcal/mol
 Gas liquid transition energy in the mix (H_glt)   :        10.98474 kcal/mol
 Normalized weight factor of molecule in compound  :         0.46852
 Normalized weight factor of molecule in gas phase :         0.58280

 Compound: 2 Conformer: 2 (3-hexanone_c1)
 Chemical potential of the molecule in the mixture :         6.93714 kcal/mol
 Log10(partial pressure [mbar])                    :         3.97028
 Free energy of molecule in mix (E_COSMO+dE+Mu)    :   -195307.97301 kcal/mol
 Total mean interaction energy in the mix          :        -6.71092 kcal/mol
 Misfit interaction energy in the mix              :         2.44486 kcal/mol
 H-Bond interaction energy in the mix              :        -2.26659 kcal/mol
 VdW interaction energy in the mix                 :       -17.87393 kcal/mol
 Gas liquid transition energy in the mix (H_glt)   :        10.98474 kcal/mol
 Normalized weight factor of molecule in compound  :         0.35950
 Normalized weight factor of molecule in gas phase :         0.27267

 Compound: 2 Conformer: 3 (3-hexanone_c2)
 Chemical potential of the molecule in the mixture :         7.00421 kcal/mol
 Log10(partial pressure [mbar])                    :         4.01480
 Free energy of molecule in mix (E_COSMO+dE+Mu)    :   -195307.51490 kcal/mol
 Total mean interaction energy in the mix          :        -6.63505 kcal/mol
 Misfit interaction energy in the mix              :         2.44669 kcal/mol
 H-Bond interaction energy in the mix              :        -2.21144 kcal/mol
 VdW interaction energy in the mix                 :       -17.85505 kcal/mol
 Gas liquid transition energy in the mix (H_glt)   :        10.98474 kcal/mol
 Normalized weight factor of molecule in compound  :         0.17198
 Normalized weight factor of molecule in gas phase :         0.14453

 Compound: 3 Conformer: 1 (lacticacid_c0)
 Chemical potential of the molecule in the mixture :         6.35947 kcal/mol
 Log10(partial pressure [mbar])                    :        -0.60755
 Free energy of molecule in mix (E_COSMO+dE+Mu)    :   -215742.32067 kcal/mol
 Total mean interaction energy in the mix          :        -7.35169 kcal/mol
 Misfit interaction energy in the mix              :         2.03166 kcal/mol
 H-Bond interaction energy in the mix              :        -4.39088 kcal/mol
 VdW interaction energy in the mix                 :       -13.24430 kcal/mol
 Gas liquid transition energy in the mix (H_glt)   :         8.25184 kcal/mol
 Normalized weight factor of molecule in compound  :         0.04356
 Normalized weight factor of molecule in gas phase :         0.00600

 Compound: 3 Conformer: 2 (lacticacid_c1)
 Chemical potential of the molecule in the mixture :         6.48279 kcal/mol
 Log10(partial pressure [mbar])                    :        -0.13037
 Free energy of molecule in mix (E_COSMO+dE+Mu)    :   -215742.01586 kcal/mol
 Total mean interaction energy in the mix          :        -6.91663 kcal/mol
 Misfit interaction energy in the mix              :         2.13913 kcal/mol
 H-Bond interaction energy in the mix              :        -4.08613 kcal/mol
 VdW interaction energy in the mix                 :       -13.22148 kcal/mol
 Gas liquid transition energy in the mix (H_glt)   :         8.25184 kcal/mol
 Normalized weight factor of molecule in compound  :         0.02667
 Normalized weight factor of molecule in gas phase :         0.01132

 Compound: 3 Conformer: 3 (lacticacid_c2)
 Chemical potential of the molecule in the mixture :         4.63179 kcal/mol
 Log10(partial pressure [mbar])                    :         0.55476
 Free energy of molecule in mix (E_COSMO+dE+Mu)    :   -215742.97467 kcal/mol
 Total mean interaction energy in the mix          :        -8.02081 kcal/mol
 Misfit interaction energy in the mix              :         2.07086 kcal/mol
 H-Bond interaction energy in the mix              :        -5.03681 kcal/mol
 VdW interaction energy in the mix                 :       -13.30671 kcal/mol
 Gas liquid transition energy in the mix (H_glt)   :         8.25184 kcal/mol
 Normalized weight factor of molecule in compound  :         0.12480
 Normalized weight factor of molecule in gas phase :         0.93343

 Compound: 3 Conformer: 4 (lacticacid_c3)
 Chemical potential of the molecule in the mixture :         2.88325 kcal/mol
 Log10(partial pressure [mbar])                    :        -1.70566
 Free energy of molecule in mix (E_COSMO+dE+Mu)    :   -215743.30218 kcal/mol
 Total mean interaction energy in the mix          :       -10.13283 kcal/mol
 Misfit interaction energy in the mix              :         1.99294 kcal/mol
 H-Bond interaction energy in the mix              :        -7.09493 kcal/mol
 VdW interaction energy in the mix                 :       -13.28269 kcal/mol
 Gas liquid transition energy in the mix (H_glt)   :         8.25184 kcal/mol
 Normalized weight factor of molecule in compound  :         0.21141
 Normalized weight factor of molecule in gas phase :         0.02803

 Compound: 3 Conformer: 5 (lacticacid_c4)
 Chemical potential of the molecule in the mixture :         2.37347 kcal/mol
 Log10(partial pressure [mbar])                    :        -3.62513
 Free energy of molecule in mix (E_COSMO+dE+Mu)    :   -215743.72536 kcal/mol
 Total mean interaction energy in the mix          :       -11.08111 kcal/mol
 Misfit interaction energy in the mix              :         1.97310 kcal/mol
 H-Bond interaction energy in the mix              :        -8.00219 kcal/mol
 VdW interaction energy in the mix                 :       -13.30385 kcal/mol
 Gas liquid transition energy in the mix (H_glt)   :         8.25184 kcal/mol
 Normalized weight factor of molecule in compound  :         0.41775
 Normalized weight factor of molecule in gas phase :         0.00067

 Compound: 3 Conformer: 6 (lacticacid_c5)
 Chemical potential of the molecule in the mixture :         2.84783 kcal/mol
 Log10(partial pressure [mbar])                    :        -1.76011
 Free energy of molecule in mix (E_COSMO+dE+Mu)    :   -215743.18764 kcal/mol
 Total mean interaction energy in the mix          :       -10.20806 kcal/mol
 Misfit interaction energy in the mix              :         1.96848 kcal/mol
 H-Bond interaction energy in the mix              :        -7.12417 kcal/mol
 VdW interaction energy in the mix                 :       -13.30421 kcal/mol
 Gas liquid transition energy in the mix (H_glt)   :         8.25184 kcal/mol
 Normalized weight factor of molecule in compound  :         0.17582
 Normalized weight factor of molecule in gas phase :         0.02055




 Results for mixture 10 - LIQ_EX Phase 2 Iteration    4
 ----------------------
 Temperature          :    312.668 K
 Compound Nr.         :         1         2         3
 Compound             :       h2o 3-hexanon lacticaci
 Mole Fraction        :    0.0882    0.9094    0.0024

 Compound: 1  (h2o)
 Chemical potential of the compound in the mixture :         4.90354 kcal/mol
 Log10(partial pressure [mbar])                    :         2.52896
 Free energy of molecule in mix (E_COSMO+dE+Mu)    :    -47988.34974 kcal/mol
 Total mean interaction energy in the mix (H_int)  :        -2.93074 kcal/mol
 Misfit interaction energy in the mix (H_MF)       :         1.38965 kcal/mol
 H-Bond interaction energy in the mix (H_HB)       :        -2.69364 kcal/mol
 VdW interaction energy in the mix (H_vdW)         :        -4.55881 kcal/mol
 Gas liquid transition energy in the mix (H_glt)   :         2.93205 kcal/mol
 Equilibrium constant Kx(1,2)                      :        10.28475
 Equilibrium concentration x_k(1,2)                :         0.91138

 Compound: 2  (3-hexanone)
 Chemical potential of the compound in the mixture :         3.03908 kcal/mol
 Log10(partial pressure [mbar])                    :         1.59259
 Free energy of molecule in mix (E_COSMO+dE+Mu)    :   -195312.18214 kcal/mol
 Total mean interaction energy in the mix (H_int)  :        -4.31143 kcal/mol
 Misfit interaction energy in the mix (H_MF)       :         3.27171 kcal/mol
 H-Bond interaction energy in the mix (H_HB)       :        -0.19487 kcal/mol
 VdW interaction energy in the mix (H_vdW)         :       -18.54576 kcal/mol
 Gas liquid transition energy in the mix (H_glt)   :        10.98474 kcal/mol
 Equilibrium constant Kx(1,2)                      :  3.17870132E-03
 Equilibrium concentration x_k(1,2)                :         0.00317

 Compound: 3  (lacticacid)
 Chemical potential of the compound in the mixture :         4.16262 kcal/mol
 Log10(partial pressure [mbar])                    :        -1.00280
 Free energy of molecule in mix (E_COSMO+dE+Mu)    :   -215744.51752 kcal/mol
 Total mean interaction energy in the mix (H_int)  :        -4.47330 kcal/mol
 Misfit interaction energy in the mix (H_MF)       :         2.47218 kcal/mol
 H-Bond interaction energy in the mix (H_HB)       :        -2.65111 kcal/mol
 VdW interaction energy in the mix (H_vdW)         :       -13.90444 kcal/mol
 Gas liquid transition energy in the mix (H_glt)   :         8.25184 kcal/mol
 Equilibrium constant Kx(1,2)                      :         0.66894
 Equilibrium concentration x_k(1,2)                :         0.40082



 Compound: 1 Conformer: 1 (h2o_c0)
 Chemical potential of the molecule in the mixture :         4.90354 kcal/mol
 Log10(partial pressure [mbar])                    :         2.52896
 Free energy of molecule in mix (E_COSMO+dE+Mu)    :    -47988.34974 kcal/mol
 Total mean interaction energy in the mix          :        -2.93074 kcal/mol
 Misfit interaction energy in the mix              :         1.38965 kcal/mol
 H-Bond interaction energy in the mix              :        -2.69364 kcal/mol
 VdW interaction energy in the mix                 :        -4.55881 kcal/mol
 Gas liquid transition energy in the mix (H_glt)   :         2.93205 kcal/mol
 Normalized weight factor of molecule in compound  :         1.00000
 Normalized weight factor of molecule in gas phase :         1.00000

 Compound: 2 Conformer: 1 (3-hexanone_c0)
 Chemical potential of the molecule in the mixture :         3.34560 kcal/mol
 Log10(partial pressure [mbar])                    :         1.57237
 Free energy of molecule in mix (E_COSMO+dE+Mu)    :   -195311.87561 kcal/mol
 Total mean interaction energy in the mix          :        -4.51525 kcal/mol
 Misfit interaction energy in the mix              :         3.23999 kcal/mol
 H-Bond interaction energy in the mix              :        -0.15430 kcal/mol
 VdW interaction energy in the mix                 :       -18.58569 kcal/mol
 Gas liquid transition energy in the mix (H_glt)   :        10.98474 kcal/mol
 Normalized weight factor of molecule in compound  :         0.61059
 Normalized weight factor of molecule in gas phase :         0.58280

 Compound: 2 Conformer: 2 (3-hexanone_c1)
 Chemical potential of the molecule in the mixture :         3.57114 kcal/mol
 Log10(partial pressure [mbar])                    :         1.61755
 Free energy of molecule in mix (E_COSMO+dE+Mu)    :   -195311.33900 kcal/mol
 Total mean interaction energy in the mix          :        -4.44120 kcal/mol
 Misfit interaction energy in the mix              :         3.32096 kcal/mol
 H-Bond interaction energy in the mix              :        -0.25698 kcal/mol
 VdW interaction energy in the mix                 :       -18.48992 kcal/mol
 Gas liquid transition energy in the mix (H_glt)   :        10.98474 kcal/mol
 Normalized weight factor of molecule in compound  :         0.25744
 Normalized weight factor of molecule in gas phase :         0.27267

 Compound: 2 Conformer: 3 (3-hexanone_c2)
 Chemical potential of the molecule in the mixture :         3.59528 kcal/mol
 Log10(partial pressure [mbar])                    :         1.63206
 Free energy of molecule in mix (E_COSMO+dE+Mu)    :   -195310.92383 kcal/mol
 Total mean interaction energy in the mix          :        -4.42423 kcal/mol
 Misfit interaction energy in the mix              :         3.32240 kcal/mol
 H-Bond interaction energy in the mix              :        -0.26145 kcal/mol
 VdW interaction energy in the mix                 :       -18.46992 kcal/mol
 Gas liquid transition energy in the mix (H_glt)   :        10.98474 kcal/mol
 Normalized weight factor of molecule in compound  :         0.13197
 Normalized weight factor of molecule in gas phase :         0.14453

 Compound: 3 Conformer: 1 (lacticacid_c0)
 Chemical potential of the molecule in the mixture :         5.74646 kcal/mol
 Log10(partial pressure [mbar])                    :        -1.03602
 Free energy of molecule in mix (E_COSMO+dE+Mu)    :   -215742.93368 kcal/mol
 Total mean interaction energy in the mix          :        -4.67363 kcal/mol
 Misfit interaction energy in the mix              :         2.95806 kcal/mol
 H-Bond interaction energy in the mix              :        -2.01678 kcal/mol
 VdW interaction energy in the mix                 :       -13.86675 kcal/mol
 Gas liquid transition energy in the mix (H_glt)   :         8.25184 kcal/mol
 Normalized weight factor of molecule in compound  :         0.07815
 Normalized weight factor of molecule in gas phase :         0.00600

 Compound: 3 Conformer: 2 (lacticacid_c1)
 Chemical potential of the molecule in the mixture :         6.14066 kcal/mol
 Log10(partial pressure [mbar])                    :        -0.36950
 Free energy of molecule in mix (E_COSMO+dE+Mu)    :   -215742.35799 kcal/mol
 Total mean interaction energy in the mix          :        -4.37840 kcal/mol
 Misfit interaction energy in the mix              :         2.94549 kcal/mol
 H-Bond interaction energy in the mix              :        -1.74155 kcal/mol
 VdW interaction energy in the mix                 :       -13.83418 kcal/mol
 Gas liquid transition energy in the mix (H_glt)   :         8.25184 kcal/mol
 Normalized weight factor of molecule in compound  :         0.03094
 Normalized weight factor of molecule in gas phase :         0.01132

 Compound: 3 Conformer: 3 (lacticacid_c2)
 Chemical potential of the molecule in the mixture :         3.38029 kcal/mol
 Log10(partial pressure [mbar])                    :        -0.32000
 Free energy of molecule in mix (E_COSMO+dE+Mu)    :   -215744.22617 kcal/mol
 Total mean interaction energy in the mix          :        -5.74980 kcal/mol
 Misfit interaction energy in the mix              :         2.30509 kcal/mol
 H-Bond interaction energy in the mix              :        -2.39580 kcal/mol
 VdW interaction energy in the mix                 :       -13.91093 kcal/mol
 Gas liquid transition energy in the mix (H_glt)   :         8.25184 kcal/mol
 Normalized weight factor of molecule in compound  :         0.62568
 Normalized weight factor of molecule in gas phase :         0.93343

 Compound: 3 Conformer: 4 (lacticacid_c3)
 Chemical potential of the molecule in the mixture :         3.01546 kcal/mol
 Log10(partial pressure [mbar])                    :        -1.61325
 Free energy of molecule in mix (E_COSMO+dE+Mu)    :   -215743.16997 kcal/mol
 Total mean interaction energy in the mix          :        -6.50603 kcal/mol
 Misfit interaction energy in the mix              :         2.58643 kcal/mol
 H-Bond interaction energy in the mix              :        -3.45355 kcal/mol
 VdW interaction energy in the mix                 :       -13.89075 kcal/mol
 Gas liquid transition energy in the mix (H_glt)   :         8.25184 kcal/mol
 Normalized weight factor of molecule in compound  :         0.11431
 Normalized weight factor of molecule in gas phase :         0.02803

 Compound: 3 Conformer: 5 (lacticacid_c4)
 Chemical potential of the molecule in the mixture :         3.38628 kcal/mol
 Log10(partial pressure [mbar])                    :        -2.91721
 Free energy of molecule in mix (E_COSMO+dE+Mu)    :   -215742.71255 kcal/mol
 Total mean interaction energy in the mix          :        -6.55323 kcal/mol
 Misfit interaction energy in the mix              :         3.02420 kcal/mol
 H-Bond interaction energy in the mix              :        -3.89668 kcal/mol
 VdW interaction energy in the mix                 :       -13.93260 kcal/mol
 Gas liquid transition energy in the mix (H_glt)   :         8.25184 kcal/mol
 Normalized weight factor of molecule in compound  :         0.05475
 Normalized weight factor of molecule in gas phase :         0.00067

 Compound: 3 Conformer: 6 (lacticacid_c5)
 Chemical potential of the molecule in the mixture :         2.97294 kcal/mol
 Log10(partial pressure [mbar])                    :        -1.67266
 Free energy of molecule in mix (E_COSMO+dE+Mu)    :   -215743.06253 kcal/mol
 Total mean interaction energy in the mix          :        -6.55908 kcal/mol
 Misfit interaction energy in the mix              :         2.56211 kcal/mol
 H-Bond interaction energy in the mix              :        -3.45740 kcal/mol
 VdW interaction energy in the mix                 :       -13.91563 kcal/mol
 Gas liquid transition energy in the mix (H_glt)   :         8.25184 kcal/mol
 Normalized weight factor of molecule in compound  :         0.09616
 Normalized weight factor of molecule in gas phase :         0.02055




 Results for mixture 11 - LIQ_EX Phase 1 Iteration    5
 ----------------------
 Temperature          :    312.668 K
 Compound Nr.         :         1         2         3
 Compound             :       h2o 3-hexanon lacticaci
 Mole Fraction        :    0.9954    0.0029    0.0016

 Compound: 1  (h2o)
 Chemical potential of the compound in the mixture :         3.45541 kcal/mol
 Log10(partial pressure [mbar])                    :         1.51676
 Free energy of molecule in mix (E_COSMO+dE+Mu)    :    -47989.79786 kcal/mol
 Total mean interaction energy in the mix (H_int)  :        -5.55278 kcal/mol
 Misfit interaction energy in the mix (H_MF)       :         0.58921 kcal/mol
 H-Bond interaction energy in the mix (H_HB)       :        -4.73163 kcal/mol
 VdW interaction energy in the mix (H_vdW)         :        -4.34242 kcal/mol
 Gas liquid transition energy in the mix (H_glt)   :         2.93205 kcal/mol

 Compound: 2  (3-hexanone)
 Chemical potential of the compound in the mixture :         6.61448 kcal/mol
 Log10(partial pressure [mbar])                    :         4.09169
 Free energy of molecule in mix (E_COSMO+dE+Mu)    :   -195308.60674 kcal/mol
 Total mean interaction energy in the mix (H_int)  :        -6.32471 kcal/mol
 Misfit interaction energy in the mix (H_MF)       :         2.47159 kcal/mol
 H-Bond interaction energy in the mix (H_HB)       :        -2.09789 kcal/mol
 VdW interaction energy in the mix (H_vdW)         :       -17.91574 kcal/mol
 Gas liquid transition energy in the mix (H_glt)   :        10.98474 kcal/mol

 Compound: 3  (lacticacid)
 Chemical potential of the compound in the mixture :         4.41307 kcal/mol
 Log10(partial pressure [mbar])                    :        -0.82774
 Free energy of molecule in mix (E_COSMO+dE+Mu)    :   -215744.26707 kcal/mol
 Total mean interaction energy in the mix (H_int)  :        -7.86275 kcal/mol
 Misfit interaction energy in the mix (H_MF)       :         1.99528 kcal/mol
 H-Bond interaction energy in the mix (H_HB)       :        -7.02486 kcal/mol
 VdW interaction energy in the mix (H_vdW)         :       -13.29469 kcal/mol
 Gas liquid transition energy in the mix (H_glt)   :         8.25184 kcal/mol



 Compound: 1 Conformer: 1 (h2o_c0)
 Chemical potential of the molecule in the mixture :         3.45541 kcal/mol
 Log10(partial pressure [mbar])                    :         1.51676
 Free energy of molecule in mix (E_COSMO+dE+Mu)    :    -47989.79786 kcal/mol
 Total mean interaction energy in the mix          :        -5.55278 kcal/mol
 Misfit interaction energy in the mix              :         0.58921 kcal/mol
 H-Bond interaction energy in the mix              :        -4.73163 kcal/mol
 VdW interaction energy in the mix                 :        -4.34242 kcal/mol
 Gas liquid transition energy in the mix (H_glt)   :         2.93205 kcal/mol
 Normalized weight factor of molecule in compound  :         1.00000
 Normalized weight factor of molecule in gas phase :         1.00000

 Compound: 2 Conformer: 1 (3-hexanone_c0)
 Chemical potential of the molecule in the mixture :         7.08559 kcal/mol
 Log10(partial pressure [mbar])                    :         4.18651
 Free energy of molecule in mix (E_COSMO+dE+Mu)    :   -195308.13562 kcal/mol
 Total mean interaction energy in the mix          :        -6.41013 kcal/mol
 Misfit interaction energy in the mix              :         2.50228 kcal/mol
 H-Bond interaction energy in the mix              :        -1.92658 kcal/mol
 VdW interaction energy in the mix                 :       -17.97057 kcal/mol
 Gas liquid transition energy in the mix (H_glt)   :        10.98474 kcal/mol
 Normalized weight factor of molecule in compound  :         0.46850
 Normalized weight factor of molecule in gas phase :         0.58280

 Compound: 2 Conformer: 2 (3-hexanone_c1)
 Chemical potential of the molecule in the mixture :         6.93904 kcal/mol
 Log10(partial pressure [mbar])                    :         3.97161
 Free energy of molecule in mix (E_COSMO+dE+Mu)    :   -195307.97111 kcal/mol
 Total mean interaction energy in the mix          :        -6.71157 kcal/mol
 Misfit interaction energy in the mix              :         2.44396 kcal/mol
 H-Bond interaction energy in the mix              :        -2.26674 kcal/mol
 VdW interaction energy in the mix                 :       -17.87353 kcal/mol
 Gas liquid transition energy in the mix (H_glt)   :        10.98474 kcal/mol
 Normalized weight factor of molecule in compound  :         0.35951
 Normalized weight factor of molecule in gas phase :         0.27267

 Compound: 2 Conformer: 3 (3-hexanone_c2)
 Chemical potential of the molecule in the mixture :         7.00612 kcal/mol
 Log10(partial pressure [mbar])                    :         4.01613
 Free energy of molecule in mix (E_COSMO+dE+Mu)    :   -195307.51299 kcal/mol
 Total mean interaction energy in the mix          :        -6.63571 kcal/mol
 Misfit interaction energy in the mix              :         2.44579 kcal/mol
 H-Bond interaction energy in the mix              :        -2.21160 kcal/mol
 VdW interaction energy in the mix                 :       -17.85464 kcal/mol
 Gas liquid transition energy in the mix (H_glt)   :        10.98474 kcal/mol
 Normalized weight factor of molecule in compound  :         0.17199
 Normalized weight factor of molecule in gas phase :         0.14453

 Compound: 3 Conformer: 1 (lacticacid_c0)
 Chemical potential of the molecule in the mixture :         6.36023 kcal/mol
 Log10(partial pressure [mbar])                    :        -0.60702
 Free energy of molecule in mix (E_COSMO+dE+Mu)    :   -215742.31991 kcal/mol
 Total mean interaction energy in the mix          :        -7.35211 kcal/mol
 Misfit interaction energy in the mix              :         2.03126 kcal/mol
 H-Bond interaction energy in the mix              :        -4.39123 kcal/mol
 VdW interaction energy in the mix                 :       -13.24398 kcal/mol
 Gas liquid transition energy in the mix (H_glt)   :         8.25184 kcal/mol
 Normalized weight factor of molecule in compound  :         0.04355
 Normalized weight factor of molecule in gas phase :         0.00600

 Compound: 3 Conformer: 2 (lacticacid_c1)
 Chemical potential of the molecule in the mixture :         6.48351 kcal/mol
 Log10(partial pressure [mbar])                    :        -0.12986
 Free energy of molecule in mix (E_COSMO+dE+Mu)    :   -215742.01513 kcal/mol
 Total mean interaction energy in the mix          :        -6.91699 kcal/mol
 Misfit interaction energy in the mix              :         2.13880 kcal/mol
 H-Bond interaction energy in the mix              :        -4.08648 kcal/mol
 VdW interaction energy in the mix                 :       -13.22115 kcal/mol
 Gas liquid transition energy in the mix (H_glt)   :         8.25184 kcal/mol
 Normalized weight factor of molecule in compound  :         0.02667
 Normalized weight factor of molecule in gas phase :         0.01132

 Compound: 3 Conformer: 3 (lacticacid_c2)
 Chemical potential of the molecule in the mixture :         4.63274 kcal/mol
 Log10(partial pressure [mbar])                    :         0.55542
 Free energy of molecule in mix (E_COSMO+dE+Mu)    :   -215742.97372 kcal/mol
 Total mean interaction energy in the mix          :        -8.02112 kcal/mol
 Misfit interaction energy in the mix              :         2.07055 kcal/mol
 H-Bond interaction energy in the mix              :        -5.03713 kcal/mol
 VdW interaction energy in the mix                 :       -13.30638 kcal/mol
 Gas liquid transition energy in the mix (H_glt)   :         8.25184 kcal/mol
 Normalized weight factor of molecule in compound  :         0.12474
 Normalized weight factor of molecule in gas phase :         0.93343

 Compound: 3 Conformer: 4 (lacticacid_c3)
 Chemical potential of the molecule in the mixture :         2.88390 kcal/mol
 Log10(partial pressure [mbar])                    :        -1.70520
 Free energy of molecule in mix (E_COSMO+dE+Mu)    :   -215743.30153 kcal/mol
 Total mean interaction energy in the mix          :       -10.13334 kcal/mol
 Misfit interaction energy in the mix              :         1.99259 kcal/mol
 H-Bond interaction energy in the mix              :        -7.09539 kcal/mol
 VdW interaction energy in the mix                 :       -13.28238 kcal/mol
 Gas liquid transition energy in the mix (H_glt)   :         8.25184 kcal/mol
 Normalized weight factor of molecule in compound  :         0.21140
 Normalized weight factor of molecule in gas phase :         0.02803

 Compound: 3 Conformer: 5 (lacticacid_c4)
 Chemical potential of the molecule in the mixture :         2.37398 kcal/mol
 Log10(partial pressure [mbar])                    :        -3.62477
 Free energy of molecule in mix (E_COSMO+dE+Mu)    :   -215743.72484 kcal/mol
 Total mean interaction energy in the mix          :       -11.08162 kcal/mol
 Misfit interaction energy in the mix              :         1.97271 kcal/mol
 H-Bond interaction energy in the mix              :        -8.00262 kcal/mol
 VdW interaction energy in the mix                 :       -13.30355 kcal/mol
 Gas liquid transition energy in the mix (H_glt)   :         8.25184 kcal/mol
 Normalized weight factor of molecule in compound  :         0.41783
 Normalized weight factor of molecule in gas phase :         0.00067

 Compound: 3 Conformer: 6 (lacticacid_c5)
 Chemical potential of the molecule in the mixture :         2.84849 kcal/mol
 Log10(partial pressure [mbar])                    :        -1.75965
 Free energy of molecule in mix (E_COSMO+dE+Mu)    :   -215743.18698 kcal/mol
 Total mean interaction energy in the mix          :       -10.20857 kcal/mol
 Misfit interaction energy in the mix              :         1.96812 kcal/mol
 H-Bond interaction energy in the mix              :        -7.12463 kcal/mol
 VdW interaction energy in the mix                 :       -13.30390 kcal/mol
 Gas liquid transition energy in the mix (H_glt)   :         8.25184 kcal/mol
 Normalized weight factor of molecule in compound  :         0.17581
 Normalized weight factor of molecule in gas phase :         0.02055




 Results for mixture 12 - LIQ_EX Phase 2 Iteration    5
 ----------------------
 Temperature          :    312.668 K
 Compound Nr.         :         1         2         3
 Compound             :       h2o 3-hexanon lacticaci
 Mole Fraction        :    0.0953    0.9023    0.0024

 Compound: 1  (h2o)
 Chemical potential of the compound in the mixture :         4.87764 kcal/mol
 Log10(partial pressure [mbar])                    :         2.51086
 Free energy of molecule in mix (E_COSMO+dE+Mu)    :    -47988.37563 kcal/mol
 Total mean interaction energy in the mix (H_int)  :        -2.97714 kcal/mol
 Misfit interaction energy in the mix (H_MF)       :         1.36917 kcal/mol
 H-Bond interaction energy in the mix (H_HB)       :        -2.72103 kcal/mol
 VdW interaction energy in the mix (H_vdW)         :        -4.55733 kcal/mol
 Gas liquid transition energy in the mix (H_glt)   :         2.93205 kcal/mol
 Equilibrium constant Kx(1,2)                      :         9.86500
 Equilibrium concentration x_k(1,2)                :         0.90796

 Compound: 2  (3-hexanone)
 Chemical potential of the compound in the mixture :         3.04179 kcal/mol
 Log10(partial pressure [mbar])                    :         1.59449
 Free energy of molecule in mix (E_COSMO+dE+Mu)    :   -195312.17943 kcal/mol
 Total mean interaction energy in the mix (H_int)  :        -4.32369 kcal/mol
 Misfit interaction energy in the mix (H_MF)       :         3.27198 kcal/mol
 H-Bond interaction energy in the mix (H_HB)       :        -0.20966 kcal/mol
 VdW interaction energy in the mix (H_vdW)         :       -18.54391 kcal/mol
 Gas liquid transition energy in the mix (H_glt)   :        10.98474 kcal/mol
 Equilibrium constant Kx(1,2)                      :  3.18271410E-03
 Equilibrium concentration x_k(1,2)                :         0.00317

 Compound: 3  (lacticacid)
 Chemical potential of the compound in the mixture :         4.14250 kcal/mol
 Log10(partial pressure [mbar])                    :        -1.01686
 Free energy of molecule in mix (E_COSMO+dE+Mu)    :   -215744.53764 kcal/mol
 Total mean interaction energy in the mix (H_int)  :        -4.50549 kcal/mol
 Misfit interaction energy in the mix (H_MF)       :         2.45999 kcal/mol
 H-Bond interaction energy in the mix (H_HB)       :        -2.68114 kcal/mol
 VdW interaction energy in the mix (H_vdW)         :       -13.90192 kcal/mol
 Gas liquid transition energy in the mix (H_glt)   :         8.25184 kcal/mol
 Equilibrium constant Kx(1,2)                      :         0.64697
 Equilibrium concentration x_k(1,2)                :         0.39282



 Compound: 1 Conformer: 1 (h2o_c0)
 Chemical potential of the molecule in the mixture :         4.87764 kcal/mol
 Log10(partial pressure [mbar])                    :         2.51086
 Free energy of molecule in mix (E_COSMO+dE+Mu)    :    -47988.37563 kcal/mol
 Total mean interaction energy in the mix          :        -2.97714 kcal/mol
 Misfit interaction energy in the mix              :         1.36917 kcal/mol
 H-Bond interaction energy in the mix              :        -2.72103 kcal/mol
 VdW interaction energy in the mix                 :        -4.55733 kcal/mol
 Gas liquid transition energy in the mix (H_glt)   :         2.93205 kcal/mol
 Normalized weight factor of molecule in compound  :         1.00000
 Normalized weight factor of molecule in gas phase :         1.00000

 Compound: 2 Conformer: 1 (3-hexanone_c0)
 Chemical potential of the molecule in the mixture :         3.34924 kcal/mol
 Log10(partial pressure [mbar])                    :         1.57491
 Free energy of molecule in mix (E_COSMO+dE+Mu)    :   -195311.87198 kcal/mol
 Total mean interaction energy in the mix          :        -4.52513 kcal/mol
 Misfit interaction energy in the mix              :         3.24044 kcal/mol
 H-Bond interaction energy in the mix              :        -0.16631 kcal/mol
 VdW interaction energy in the mix                 :       -18.58400 kcal/mol
 Gas liquid transition energy in the mix (H_glt)   :        10.98474 kcal/mol
 Normalized weight factor of molecule in compound  :         0.60968
 Normalized weight factor of molecule in gas phase :         0.58280

 Compound: 2 Conformer: 2 (3-hexanone_c1)
 Chemical potential of the molecule in the mixture :         3.57243 kcal/mol
 Log10(partial pressure [mbar])                    :         1.61846
 Free energy of molecule in mix (E_COSMO+dE+Mu)    :   -195311.33771 kcal/mol
 Total mean interaction energy in the mix          :        -4.45839 kcal/mol
 Misfit interaction energy in the mix              :         3.32079 kcal/mol
 H-Bond interaction energy in the mix              :        -0.27585 kcal/mol
 VdW interaction energy in the mix                 :       -18.48806 kcal/mol
 Gas liquid transition energy in the mix (H_glt)   :        10.98474 kcal/mol
 Normalized weight factor of molecule in compound  :         0.25803
 Normalized weight factor of molecule in gas phase :         0.27267

 Compound: 2 Conformer: 3 (3-hexanone_c2)
 Chemical potential of the molecule in the mixture :         3.59648 kcal/mol
 Log10(partial pressure [mbar])                    :         1.63290
 Free energy of molecule in mix (E_COSMO+dE+Mu)    :   -195310.92263 kcal/mol
 Total mean interaction energy in the mix          :        -4.44146 kcal/mol
 Misfit interaction energy in the mix              :         3.32219 kcal/mol
 H-Bond interaction energy in the mix              :        -0.28032 kcal/mol
 VdW interaction energy in the mix                 :       -18.46807 kcal/mol
 Gas liquid transition energy in the mix (H_glt)   :        10.98474 kcal/mol
 Normalized weight factor of molecule in compound  :         0.13229
 Normalized weight factor of molecule in gas phase :         0.14453

 Compound: 3 Conformer: 1 (lacticacid_c0)
 Chemical potential of the molecule in the mixture :         5.72900 kcal/mol
 Log10(partial pressure [mbar])                    :        -1.04823
 Free energy of molecule in mix (E_COSMO+dE+Mu)    :   -215742.95114 kcal/mol
 Total mean interaction energy in the mix          :        -4.70334 kcal/mol
 Misfit interaction energy in the mix              :         2.94141 kcal/mol
 H-Bond interaction energy in the mix              :        -2.03214 kcal/mol
 VdW interaction energy in the mix                 :       -13.86446 kcal/mol
 Gas liquid transition energy in the mix (H_glt)   :         8.25184 kcal/mol
 Normalized weight factor of molecule in compound  :         0.07782
 Normalized weight factor of molecule in gas phase :         0.00600

 Compound: 3 Conformer: 2 (lacticacid_c1)
 Chemical potential of the molecule in the mixture :         6.11795 kcal/mol
 Log10(partial pressure [mbar])                    :        -0.38537
 Free energy of molecule in mix (E_COSMO+dE+Mu)    :   -215742.38069 kcal/mol
 Total mean interaction energy in the mix          :        -4.41035 kcal/mol
 Misfit interaction energy in the mix              :         2.93168 kcal/mol
 H-Bond interaction energy in the mix              :        -1.76225 kcal/mol
 VdW interaction energy in the mix                 :       -13.83162 kcal/mol
 Gas liquid transition energy in the mix (H_glt)   :         8.25184 kcal/mol
 Normalized weight factor of molecule in compound  :         0.03107
 Normalized weight factor of molecule in gas phase :         0.01132

 Compound: 3 Conformer: 3 (lacticacid_c2)
 Chemical potential of the molecule in the mixture :         3.36483 kcal/mol
 Log10(partial pressure [mbar])                    :        -0.33080
 Free energy of molecule in mix (E_COSMO+dE+Mu)    :   -215744.24163 kcal/mol
 Total mean interaction energy in the mix          :        -5.77988 kcal/mol
 Misfit interaction energy in the mix              :         2.29345 kcal/mol
 H-Bond interaction energy in the mix              :        -2.41656 kcal/mol
 VdW interaction energy in the mix                 :       -13.90860 kcal/mol
 Gas liquid transition energy in the mix (H_glt)   :         8.25184 kcal/mol
 Normalized weight factor of molecule in compound  :         0.62101
 Normalized weight factor of molecule in gas phase :         0.93343

 Compound: 3 Conformer: 4 (lacticacid_c3)
 Chemical potential of the molecule in the mixture :         2.98548 kcal/mol
 Log10(partial pressure [mbar])                    :        -1.63421
 Free energy of molecule in mix (E_COSMO+dE+Mu)    :   -215743.19995 kcal/mol
 Total mean interaction energy in the mix          :        -6.55335 kcal/mol
 Misfit interaction energy in the mix              :         2.56957 kcal/mol
 H-Bond interaction energy in the mix              :        -3.48700 kcal/mol
 VdW interaction energy in the mix                 :       -13.88776 kcal/mol
 Gas liquid transition energy in the mix (H_glt)   :         8.25184 kcal/mol
 Normalized weight factor of molecule in compound  :         0.11614
 Normalized weight factor of molecule in gas phase :         0.02803

 Compound: 3 Conformer: 5 (lacticacid_c4)
 Chemical potential of the molecule in the mixture :         3.34883 kcal/mol
 Log10(partial pressure [mbar])                    :        -2.94338
 Free energy of molecule in mix (E_COSMO+dE+Mu)    :   -215742.75000 kcal/mol
 Total mean interaction energy in the mix          :        -6.61703 kcal/mol
 Misfit interaction energy in the mix              :         2.99854 kcal/mol
 H-Bond interaction energy in the mix              :        -3.93800 kcal/mol
 VdW interaction energy in the mix                 :       -13.92941 kcal/mol
 Gas liquid transition energy in the mix (H_glt)   :         8.25184 kcal/mol
 Normalized weight factor of molecule in compound  :         0.05630
 Normalized weight factor of molecule in gas phase :         0.00067

 Compound: 3 Conformer: 6 (lacticacid_c5)
 Chemical potential of the molecule in the mixture :         2.94325 kcal/mol
 Log10(partial pressure [mbar])                    :        -1.69341
 Free energy of molecule in mix (E_COSMO+dE+Mu)    :   -215743.09222 kcal/mol
 Total mean interaction energy in the mix          :        -6.60641 kcal/mol
 Misfit interaction energy in the mix              :         2.54456 kcal/mol
 H-Bond interaction energy in the mix              :        -3.49018 kcal/mol
 VdW interaction energy in the mix                 :       -13.91263 kcal/mol
 Gas liquid transition energy in the mix (H_glt)   :         8.25184 kcal/mol
 Normalized weight factor of molecule in compound  :         0.09765
 Normalized weight factor of molecule in gas phase :         0.02055




 Results for mixture 13 - LIQ_EX Phase 1 Iteration    6
 ----------------------
 Temperature          :    312.668 K
 Compound Nr.         :         1         2         3
 Compound             :       h2o 3-hexanon lacticaci
 Mole Fraction        :    0.9955    0.0029    0.0016

 Compound: 1  (h2o)
 Chemical potential of the compound in the mixture :         3.45540 kcal/mol
 Log10(partial pressure [mbar])                    :         1.51676
 Free energy of molecule in mix (E_COSMO+dE+Mu)    :    -47989.79787 kcal/mol
 Total mean interaction energy in the mix (H_int)  :        -5.55275 kcal/mol
 Misfit interaction energy in the mix (H_MF)       :         0.58923 kcal/mol
 H-Bond interaction energy in the mix (H_HB)       :        -4.73166 kcal/mol
 VdW interaction energy in the mix (H_vdW)         :        -4.34237 kcal/mol
 Gas liquid transition energy in the mix (H_glt)   :         2.93205 kcal/mol

 Compound: 2  (3-hexanone)
 Chemical potential of the compound in the mixture :         6.61568 kcal/mol
 Log10(partial pressure [mbar])                    :         4.09253
 Free energy of molecule in mix (E_COSMO+dE+Mu)    :   -195308.60554 kcal/mol
 Total mean interaction energy in the mix (H_int)  :        -6.32510 kcal/mol
 Misfit interaction energy in the mix (H_MF)       :         2.47105 kcal/mol
 H-Bond interaction energy in the mix (H_HB)       :        -2.09800 kcal/mol
 VdW interaction energy in the mix (H_vdW)         :       -17.91549 kcal/mol
 Gas liquid transition energy in the mix (H_glt)   :        10.98474 kcal/mol

 Compound: 3  (lacticacid)
 Chemical potential of the compound in the mixture :         4.41347 kcal/mol
 Log10(partial pressure [mbar])                    :        -0.82747
 Free energy of molecule in mix (E_COSMO+dE+Mu)    :   -215744.26667 kcal/mol
 Total mean interaction energy in the mix (H_int)  :        -7.86312 kcal/mol
 Misfit interaction energy in the mix (H_MF)       :         1.99505 kcal/mol
 H-Bond interaction energy in the mix (H_HB)       :        -7.02527 kcal/mol
 VdW interaction energy in the mix (H_vdW)         :       -13.29450 kcal/mol
 Gas liquid transition energy in the mix (H_glt)   :         8.25184 kcal/mol



 Compound: 1 Conformer: 1 (h2o_c0)
 Chemical potential of the molecule in the mixture :         3.45540 kcal/mol
 Log10(partial pressure [mbar])                    :         1.51676
 Free energy of molecule in mix (E_COSMO+dE+Mu)    :    -47989.79787 kcal/mol
 Total mean interaction energy in the mix          :        -5.55275 kcal/mol
 Misfit interaction energy in the mix              :         0.58923 kcal/mol
 H-Bond interaction energy in the mix              :        -4.73166 kcal/mol
 VdW interaction energy in the mix                 :        -4.34237 kcal/mol
 Gas liquid transition energy in the mix (H_glt)   :         2.93205 kcal/mol
 Normalized weight factor of molecule in compound  :         1.00000
 Normalized weight factor of molecule in gas phase :         1.00000

 Compound: 2 Conformer: 1 (3-hexanone_c0)
 Chemical potential of the molecule in the mixture :         7.08681 kcal/mol
 Log10(partial pressure [mbar])                    :         4.18736
 Free energy of molecule in mix (E_COSMO+dE+Mu)    :   -195308.13441 kcal/mol
 Total mean interaction energy in the mix          :        -6.41051 kcal/mol
 Misfit interaction energy in the mix              :         2.50175 kcal/mol
 H-Bond interaction energy in the mix              :        -1.92669 kcal/mol
 VdW interaction energy in the mix                 :       -17.97032 kcal/mol
 Gas liquid transition energy in the mix (H_glt)   :        10.98474 kcal/mol
 Normalized weight factor of molecule in compound  :         0.46848
 Normalized weight factor of molecule in gas phase :         0.58280

 Compound: 2 Conformer: 2 (3-hexanone_c1)
 Chemical potential of the molecule in the mixture :         6.94022 kcal/mol
 Log10(partial pressure [mbar])                    :         3.97244
 Free energy of molecule in mix (E_COSMO+dE+Mu)    :   -195307.96993 kcal/mol
 Total mean interaction energy in the mix          :        -6.71197 kcal/mol
 Misfit interaction energy in the mix              :         2.44340 kcal/mol
 H-Bond interaction energy in the mix              :        -2.26684 kcal/mol
 VdW interaction energy in the mix                 :       -17.87328 kcal/mol
 Gas liquid transition energy in the mix (H_glt)   :        10.98474 kcal/mol
 Normalized weight factor of molecule in compound  :         0.35952
 Normalized weight factor of molecule in gas phase :         0.27267

 Compound: 2 Conformer: 3 (3-hexanone_c2)
 Chemical potential of the molecule in the mixture :         7.00730 kcal/mol
 Log10(partial pressure [mbar])                    :         4.01695
 Free energy of molecule in mix (E_COSMO+dE+Mu)    :   -195307.51181 kcal/mol
 Total mean interaction energy in the mix          :        -6.63612 kcal/mol
 Misfit interaction energy in the mix              :         2.44523 kcal/mol
 H-Bond interaction energy in the mix              :        -2.21170 kcal/mol
 VdW interaction energy in the mix                 :       -17.85439 kcal/mol
 Gas liquid transition energy in the mix (H_glt)   :        10.98474 kcal/mol
 Normalized weight factor of molecule in compound  :         0.17200
 Normalized weight factor of molecule in gas phase :         0.14453

 Compound: 3 Conformer: 1 (lacticacid_c0)
 Chemical potential of the molecule in the mixture :         6.36070 kcal/mol
 Log10(partial pressure [mbar])                    :        -0.60669
 Free energy of molecule in mix (E_COSMO+dE+Mu)    :   -215742.31944 kcal/mol
 Total mean interaction energy in the mix          :        -7.35237 kcal/mol
 Misfit interaction energy in the mix              :         2.03101 kcal/mol
 H-Bond interaction energy in the mix              :        -4.39144 kcal/mol
 VdW interaction energy in the mix                 :       -13.24378 kcal/mol
 Gas liquid transition energy in the mix (H_glt)   :         8.25184 kcal/mol
 Normalized weight factor of molecule in compound  :         0.04355
 Normalized weight factor of molecule in gas phase :         0.00600

 Compound: 3 Conformer: 2 (lacticacid_c1)
 Chemical potential of the molecule in the mixture :         6.48397 kcal/mol
 Log10(partial pressure [mbar])                    :        -0.12954
 Free energy of molecule in mix (E_COSMO+dE+Mu)    :   -215742.01468 kcal/mol
 Total mean interaction energy in the mix          :        -6.91722 kcal/mol
 Misfit interaction energy in the mix              :         2.13859 kcal/mol
 H-Bond interaction energy in the mix              :        -4.08670 kcal/mol
 VdW interaction energy in the mix                 :       -13.22095 kcal/mol
 Gas liquid transition energy in the mix (H_glt)   :         8.25184 kcal/mol
 Normalized weight factor of molecule in compound  :         0.02666
 Normalized weight factor of molecule in gas phase :         0.01132

 Compound: 3 Conformer: 3 (lacticacid_c2)
 Chemical potential of the molecule in the mixture :         4.63333 kcal/mol
 Log10(partial pressure [mbar])                    :         0.55584
 Free energy of molecule in mix (E_COSMO+dE+Mu)    :   -215742.97313 kcal/mol
 Total mean interaction energy in the mix          :        -8.02132 kcal/mol
 Misfit interaction energy in the mix              :         2.07035 kcal/mol
 H-Bond interaction energy in the mix              :        -5.03733 kcal/mol
 VdW interaction energy in the mix                 :       -13.30618 kcal/mol
 Gas liquid transition energy in the mix (H_glt)   :         8.25184 kcal/mol
 Normalized weight factor of molecule in compound  :         0.12470
 Normalized weight factor of molecule in gas phase :         0.93343

 Compound: 3 Conformer: 4 (lacticacid_c3)
 Chemical potential of the molecule in the mixture :         2.88431 kcal/mol
 Log10(partial pressure [mbar])                    :        -1.70492
 Free energy of molecule in mix (E_COSMO+dE+Mu)    :   -215743.30112 kcal/mol
 Total mean interaction energy in the mix          :       -10.13366 kcal/mol
 Misfit interaction energy in the mix              :         1.99236 kcal/mol
 H-Bond interaction energy in the mix              :        -7.09568 kcal/mol
 VdW interaction energy in the mix                 :       -13.28218 kcal/mol
 Gas liquid transition energy in the mix (H_glt)   :         8.25184 kcal/mol
 Normalized weight factor of molecule in compound  :         0.21140
 Normalized weight factor of molecule in gas phase :         0.02803

 Compound: 3 Conformer: 5 (lacticacid_c4)
 Chemical potential of the molecule in the mixture :         2.37431 kcal/mol
 Log10(partial pressure [mbar])                    :        -3.62455
 Free energy of molecule in mix (E_COSMO+dE+Mu)    :   -215743.72452 kcal/mol
 Total mean interaction energy in the mix          :       -11.08194 kcal/mol
 Misfit interaction energy in the mix              :         1.97246 kcal/mol
 H-Bond interaction energy in the mix              :        -8.00288 kcal/mol
 VdW interaction energy in the mix                 :       -13.30335 kcal/mol
 Gas liquid transition energy in the mix (H_glt)   :         8.25184 kcal/mol
 Normalized weight factor of molecule in compound  :         0.41788
 Normalized weight factor of molecule in gas phase :         0.00067

 Compound: 3 Conformer: 6 (lacticacid_c5)
 Chemical potential of the molecule in the mixture :         2.84890 kcal/mol
 Log10(partial pressure [mbar])                    :        -1.75936
 Free energy of molecule in mix (E_COSMO+dE+Mu)    :   -215743.18657 kcal/mol
 Total mean interaction energy in the mix          :       -10.20889 kcal/mol
 Misfit interaction energy in the mix              :         1.96790 kcal/mol
 H-Bond interaction energy in the mix              :        -7.12492 kcal/mol
 VdW interaction energy in the mix                 :       -13.30371 kcal/mol
 Gas liquid transition energy in the mix (H_glt)   :         8.25184 kcal/mol
 Normalized weight factor of molecule in compound  :         0.17581
 Normalized weight factor of molecule in gas phase :         0.02055




 Results for mixture 14 - LIQ_EX Phase 2 Iteration    6
 ----------------------
 Temperature          :    312.668 K
 Compound Nr.         :         1         2         3
 Compound             :       h2o 3-hexanon lacticaci
 Mole Fraction        :    0.0999    0.8977    0.0024

 Compound: 1  (h2o)
 Chemical potential of the compound in the mixture :         4.86139 kcal/mol
 Log10(partial pressure [mbar])                    :         2.49950
 Free energy of molecule in mix (E_COSMO+dE+Mu)    :    -47988.39188 kcal/mol
 Total mean interaction energy in the mix (H_int)  :        -3.00656 kcal/mol
 Misfit interaction energy in the mix (H_MF)       :         1.35642 kcal/mol
 H-Bond interaction energy in the mix (H_HB)       :        -2.73866 kcal/mol
 VdW interaction energy in the mix (H_vdW)         :        -4.55637 kcal/mol
 Gas liquid transition energy in the mix (H_glt)   :         2.93205 kcal/mol
 Equilibrium constant Kx(1,2)                      :         9.61047
 Equilibrium concentration x_k(1,2)                :         0.90575

 Compound: 2  (3-hexanone)
 Chemical potential of the compound in the mixture :         3.04361 kcal/mol
 Log10(partial pressure [mbar])                    :         1.59576
 Free energy of molecule in mix (E_COSMO+dE+Mu)    :   -195312.17761 kcal/mol
 Total mean interaction energy in the mix (H_int)  :        -4.33162 kcal/mol
 Misfit interaction energy in the mix (H_MF)       :         3.27219 kcal/mol
 H-Bond interaction energy in the mix (H_HB)       :        -0.21926 kcal/mol
 VdW interaction energy in the mix (H_vdW)         :       -18.54270 kcal/mol
 Gas liquid transition energy in the mix (H_glt)   :        10.98474 kcal/mol
 Equilibrium constant Kx(1,2)                      :  3.18591035E-03
 Equilibrium concentration x_k(1,2)                :         0.00318

 Compound: 3  (lacticacid)
 Chemical potential of the compound in the mixture :         4.12987 kcal/mol
 Log10(partial pressure [mbar])                    :        -1.02569
 Free energy of molecule in mix (E_COSMO+dE+Mu)    :   -215744.55027 kcal/mol
 Total mean interaction energy in the mix (H_int)  :        -4.52605 kcal/mol
 Misfit interaction energy in the mix (H_MF)       :         2.45242 kcal/mol
 H-Bond interaction energy in the mix (H_HB)       :        -2.70061 kcal/mol
 VdW interaction energy in the mix (H_vdW)         :       -13.90028 kcal/mol
 Gas liquid transition energy in the mix (H_glt)   :         8.25184 kcal/mol
 Equilibrium constant Kx(1,2)                      :         0.63354
 Equilibrium concentration x_k(1,2)                :         0.38783



 Compound: 1 Conformer: 1 (h2o_c0)
 Chemical potential of the molecule in the mixture :         4.86139 kcal/mol
 Log10(partial pressure [mbar])                    :         2.49950
 Free energy of molecule in mix (E_COSMO+dE+Mu)    :    -47988.39188 kcal/mol
 Total mean interaction energy in the mix          :        -3.00656 kcal/mol
 Misfit interaction energy in the mix              :         1.35642 kcal/mol
 H-Bond interaction energy in the mix              :        -2.73866 kcal/mol
 VdW interaction energy in the mix                 :        -4.55637 kcal/mol
 Gas liquid transition energy in the mix (H_glt)   :         2.93205 kcal/mol
 Normalized weight factor of molecule in compound  :         1.00000
 Normalized weight factor of molecule in gas phase :         1.00000

 Compound: 2 Conformer: 1 (3-hexanone_c0)
 Chemical potential of the molecule in the mixture :         3.35167 kcal/mol
 Log10(partial pressure [mbar])                    :         1.57660
 Free energy of molecule in mix (E_COSMO+dE+Mu)    :   -195311.86955 kcal/mol
 Total mean interaction energy in the mix          :        -4.53153 kcal/mol
 Misfit interaction energy in the mix              :         3.24075 kcal/mol
 H-Bond interaction energy in the mix              :        -0.17413 kcal/mol
 VdW interaction energy in the mix                 :       -18.58290 kcal/mol
 Gas liquid transition energy in the mix (H_glt)   :        10.98474 kcal/mol
 Normalized weight factor of molecule in compound  :         0.60909
 Normalized weight factor of molecule in gas phase :         0.58280

 Compound: 2 Conformer: 2 (3-hexanone_c1)
 Chemical potential of the molecule in the mixture :         3.57332 kcal/mol
 Log10(partial pressure [mbar])                    :         1.61908
 Free energy of molecule in mix (E_COSMO+dE+Mu)    :   -195311.33682 kcal/mol
 Total mean interaction energy in the mix          :        -4.46948 kcal/mol
 Misfit interaction energy in the mix              :         3.32071 kcal/mol
 H-Bond interaction energy in the mix              :        -0.28808 kcal/mol
 VdW interaction energy in the mix                 :       -18.48685 kcal/mol
 Gas liquid transition energy in the mix (H_glt)   :        10.98474 kcal/mol
 Normalized weight factor of molecule in compound  :         0.25841
 Normalized weight factor of molecule in gas phase :         0.27267

 Compound: 2 Conformer: 3 (3-hexanone_c2)
 Chemical potential of the molecule in the mixture :         3.59733 kcal/mol
 Log10(partial pressure [mbar])                    :         1.63349
 Free energy of molecule in mix (E_COSMO+dE+Mu)    :   -195310.92178 kcal/mol
 Total mean interaction energy in the mix          :        -4.45254 kcal/mol
 Misfit interaction energy in the mix              :         3.32209 kcal/mol
 H-Bond interaction energy in the mix              :        -0.29252 kcal/mol
 VdW interaction energy in the mix                 :       -18.46686 kcal/mol
 Gas liquid transition energy in the mix (H_glt)   :        10.98474 kcal/mol
 Normalized weight factor of molecule in compound  :         0.13250
 Normalized weight factor of molecule in gas phase :         0.14453

 Compound: 3 Conformer: 1 (lacticacid_c0)
 Chemical potential of the molecule in the mixture :         5.71806 kcal/mol
 Log10(partial pressure [mbar])                    :        -1.05587
 Free energy of molecule in mix (E_COSMO+dE+Mu)    :   -215742.96208 kcal/mol
 Total mean interaction energy in the mix          :        -4.72228 kcal/mol
 Misfit interaction energy in the mix              :         2.93097 kcal/mol
 H-Bond interaction energy in the mix              :        -2.04212 kcal/mol
 VdW interaction energy in the mix                 :       -13.86297 kcal/mol
 Gas liquid transition energy in the mix (H_glt)   :         8.25184 kcal/mol
 Normalized weight factor of molecule in compound  :         0.07761
 Normalized weight factor of molecule in gas phase :         0.00600

 Compound: 3 Conformer: 2 (lacticacid_c1)
 Chemical potential of the molecule in the mixture :         6.10366 kcal/mol
 Log10(partial pressure [mbar])                    :        -0.39536
 Free energy of molecule in mix (E_COSMO+dE+Mu)    :   -215742.39499 kcal/mol
 Total mean interaction energy in the mix          :        -4.43064 kcal/mol
 Misfit interaction energy in the mix              :         2.92301 kcal/mol
 H-Bond interaction energy in the mix              :        -1.77552 kcal/mol
 VdW interaction energy in the mix                 :       -13.82997 kcal/mol
 Gas liquid transition energy in the mix (H_glt)   :         8.25184 kcal/mol
 Normalized weight factor of molecule in compound  :         0.03115
 Normalized weight factor of molecule in gas phase :         0.01132

 Compound: 3 Conformer: 3 (lacticacid_c2)
 Chemical potential of the molecule in the mixture :         3.35522 kcal/mol
 Log10(partial pressure [mbar])                    :        -0.33752
 Free energy of molecule in mix (E_COSMO+dE+Mu)    :   -215744.25124 kcal/mol
 Total mean interaction energy in the mix          :        -5.79901 kcal/mol
 Misfit interaction energy in the mix              :         2.28625 kcal/mol
 H-Bond interaction energy in the mix              :        -2.43001 kcal/mol
 VdW interaction energy in the mix                 :       -13.90709 kcal/mol
 Gas liquid transition energy in the mix (H_glt)   :         8.25184 kcal/mol
 Normalized weight factor of molecule in compound  :         0.61800
 Normalized weight factor of molecule in gas phase :         0.93343

 Compound: 3 Conformer: 4 (lacticacid_c3)
 Chemical potential of the molecule in the mixture :         2.96658 kcal/mol
 Log10(partial pressure [mbar])                    :        -1.64741
 Free energy of molecule in mix (E_COSMO+dE+Mu)    :   -215743.21885 kcal/mol
 Total mean interaction energy in the mix          :        -6.58346 kcal/mol
 Misfit interaction energy in the mix              :         2.55905 kcal/mol
 H-Bond interaction energy in the mix              :        -3.50851 kcal/mol
 VdW interaction energy in the mix                 :       -13.88584 kcal/mol
 Gas liquid transition energy in the mix (H_glt)   :         8.25184 kcal/mol
 Normalized weight factor of molecule in compound  :         0.11732
 Normalized weight factor of molecule in gas phase :         0.02803

 Compound: 3 Conformer: 5 (lacticacid_c4)
 Chemical potential of the molecule in the mixture :         3.32526 kcal/mol
 Log10(partial pressure [mbar])                    :        -2.95986
 Free energy of molecule in mix (E_COSMO+dE+Mu)    :   -215742.77357 kcal/mol
 Total mean interaction energy in the mix          :        -6.65757 kcal/mol
 Misfit interaction energy in the mix              :         2.98256 kcal/mol
 H-Bond interaction energy in the mix              :        -3.96464 kcal/mol
 VdW interaction energy in the mix                 :       -13.92734 kcal/mol
 Gas liquid transition energy in the mix (H_glt)   :         8.25184 kcal/mol
 Normalized weight factor of molecule in compound  :         0.05730
 Normalized weight factor of molecule in gas phase :         0.00067

 Compound: 3 Conformer: 6 (lacticacid_c5)
 Chemical potential of the molecule in the mixture :         2.92455 kcal/mol
 Log10(partial pressure [mbar])                    :        -1.70649
 Free energy of molecule in mix (E_COSMO+dE+Mu)    :   -215743.11092 kcal/mol
 Total mean interaction energy in the mix          :        -6.63654 kcal/mol
 Misfit interaction energy in the mix              :         2.53363 kcal/mol
 H-Bond interaction energy in the mix              :        -3.51131 kcal/mol
 VdW interaction energy in the mix                 :       -13.91069 kcal/mol
 Gas liquid transition energy in the mix (H_glt)   :         8.25184 kcal/mol
 Normalized weight factor of molecule in compound  :         0.09861
 Normalized weight factor of molecule in gas phase :         0.02055




 Results for mixture 15 - LIQ_EX Phase 1 Iteration    7
 ----------------------
 Temperature          :    312.668 K
 Compound Nr.         :         1         2         3
 Compound             :       h2o 3-hexanon lacticaci
 Mole Fraction        :    0.9956    0.0029    0.0016

 Compound: 1  (h2o)
 Chemical potential of the compound in the mixture :         3.45540 kcal/mol
 Log10(partial pressure [mbar])                    :         1.51676
 Free energy of molecule in mix (E_COSMO+dE+Mu)    :    -47989.79787 kcal/mol
 Total mean interaction energy in the mix (H_int)  :        -5.55273 kcal/mol
 Misfit interaction energy in the mix (H_MF)       :         0.58924 kcal/mol
 H-Bond interaction energy in the mix (H_HB)       :        -4.73168 kcal/mol
 VdW interaction energy in the mix (H_vdW)         :        -4.34233 kcal/mol
 Gas liquid transition energy in the mix (H_glt)   :         2.93205 kcal/mol

 Compound: 2  (3-hexanone)
 Chemical potential of the compound in the mixture :         6.61643 kcal/mol
 Log10(partial pressure [mbar])                    :         4.09305
 Free energy of molecule in mix (E_COSMO+dE+Mu)    :   -195308.60479 kcal/mol
 Total mean interaction energy in the mix (H_int)  :        -6.32535 kcal/mol
 Misfit interaction energy in the mix (H_MF)       :         2.47070 kcal/mol
 H-Bond interaction energy in the mix (H_HB)       :        -2.09807 kcal/mol
 VdW interaction energy in the mix (H_vdW)         :       -17.91533 kcal/mol
 Gas liquid transition energy in the mix (H_glt)   :        10.98474 kcal/mol

 Compound: 3  (lacticacid)
 Chemical potential of the compound in the mixture :         4.41372 kcal/mol
 Log10(partial pressure [mbar])                    :        -0.82729
 Free energy of molecule in mix (E_COSMO+dE+Mu)    :   -215744.26642 kcal/mol
 Total mean interaction energy in the mix (H_int)  :        -7.86336 kcal/mol
 Misfit interaction energy in the mix (H_MF)       :         1.99490 kcal/mol
 H-Bond interaction energy in the mix (H_HB)       :        -7.02552 kcal/mol
 VdW interaction energy in the mix (H_vdW)         :       -13.29438 kcal/mol
 Gas liquid transition energy in the mix (H_glt)   :         8.25184 kcal/mol



 Compound: 1 Conformer: 1 (h2o_c0)
 Chemical potential of the molecule in the mixture :         3.45540 kcal/mol
 Log10(partial pressure [mbar])                    :         1.51676
 Free energy of molecule in mix (E_COSMO+dE+Mu)    :    -47989.79787 kcal/mol
 Total mean interaction energy in the mix          :        -5.55273 kcal/mol
 Misfit interaction energy in the mix              :         0.58924 kcal/mol
 H-Bond interaction energy in the mix              :        -4.73168 kcal/mol
 VdW interaction energy in the mix                 :        -4.34233 kcal/mol
 Gas liquid transition energy in the mix (H_glt)   :         2.93205 kcal/mol
 Normalized weight factor of molecule in compound  :         1.00000
 Normalized weight factor of molecule in gas phase :         1.00000

 Compound: 2 Conformer: 1 (3-hexanone_c0)
 Chemical potential of the molecule in the mixture :         7.08757 kcal/mol
 Log10(partial pressure [mbar])                    :         4.18789
 Free energy of molecule in mix (E_COSMO+dE+Mu)    :   -195308.13364 kcal/mol
 Total mean interaction energy in the mix          :        -6.41075 kcal/mol
 Misfit interaction energy in the mix              :         2.50142 kcal/mol
 H-Bond interaction energy in the mix              :        -1.92676 kcal/mol
 VdW interaction energy in the mix                 :       -17.97016 kcal/mol
 Gas liquid transition energy in the mix (H_glt)   :        10.98474 kcal/mol
 Normalized weight factor of molecule in compound  :         0.46847
 Normalized weight factor of molecule in gas phase :         0.58280

 Compound: 2 Conformer: 2 (3-hexanone_c1)
 Chemical potential of the molecule in the mixture :         6.94096 kcal/mol
 Log10(partial pressure [mbar])                    :         3.97296
 Free energy of molecule in mix (E_COSMO+dE+Mu)    :   -195307.96918 kcal/mol
 Total mean interaction energy in the mix          :        -6.71223 kcal/mol
 Misfit interaction energy in the mix              :         2.44304 kcal/mol
 H-Bond interaction energy in the mix              :        -2.26690 kcal/mol
 VdW interaction energy in the mix                 :       -17.87312 kcal/mol
 Gas liquid transition energy in the mix (H_glt)   :        10.98474 kcal/mol
 Normalized weight factor of molecule in compound  :         0.35953
 Normalized weight factor of molecule in gas phase :         0.27267

 Compound: 2 Conformer: 3 (3-hexanone_c2)
 Chemical potential of the molecule in the mixture :         7.00804 kcal/mol
 Log10(partial pressure [mbar])                    :         4.01747
 Free energy of molecule in mix (E_COSMO+dE+Mu)    :   -195307.51107 kcal/mol
 Total mean interaction energy in the mix          :        -6.63638 kcal/mol
 Misfit interaction energy in the mix              :         2.44487 kcal/mol
 H-Bond interaction energy in the mix              :        -2.21176 kcal/mol
 VdW interaction energy in the mix                 :       -17.85423 kcal/mol
 Gas liquid transition energy in the mix (H_glt)   :        10.98474 kcal/mol
 Normalized weight factor of molecule in compound  :         0.17200
 Normalized weight factor of molecule in gas phase :         0.14453

 Compound: 3 Conformer: 1 (lacticacid_c0)
 Chemical potential of the molecule in the mixture :         6.36099 kcal/mol
 Log10(partial pressure [mbar])                    :        -0.60649
 Free energy of molecule in mix (E_COSMO+dE+Mu)    :   -215742.31915 kcal/mol
 Total mean interaction energy in the mix          :        -7.35253 kcal/mol
 Misfit interaction energy in the mix              :         2.03085 kcal/mol
 H-Bond interaction energy in the mix              :        -4.39157 kcal/mol
 VdW interaction energy in the mix                 :       -13.24365 kcal/mol
 Gas liquid transition energy in the mix (H_glt)   :         8.25184 kcal/mol
 Normalized weight factor of molecule in compound  :         0.04354
 Normalized weight factor of molecule in gas phase :         0.00600

 Compound: 3 Conformer: 2 (lacticacid_c1)
 Chemical potential of the molecule in the mixture :         6.48425 kcal/mol
 Log10(partial pressure [mbar])                    :        -0.12934
 Free energy of molecule in mix (E_COSMO+dE+Mu)    :   -215742.01440 kcal/mol
 Total mean interaction energy in the mix          :        -6.91736 kcal/mol
 Misfit interaction energy in the mix              :         2.13846 kcal/mol
 H-Bond interaction energy in the mix              :        -4.08684 kcal/mol
 VdW interaction energy in the mix                 :       -13.22082 kcal/mol
 Gas liquid transition energy in the mix (H_glt)   :         8.25184 kcal/mol
 Normalized weight factor of molecule in compound  :         0.02666
 Normalized weight factor of molecule in gas phase :         0.01132

 Compound: 3 Conformer: 3 (lacticacid_c2)
 Chemical potential of the molecule in the mixture :         4.63370 kcal/mol
 Log10(partial pressure [mbar])                    :         0.55610
 Free energy of molecule in mix (E_COSMO+dE+Mu)    :   -215742.97276 kcal/mol
 Total mean interaction energy in the mix          :        -8.02144 kcal/mol
 Misfit interaction energy in the mix              :         2.07022 kcal/mol
 H-Bond interaction energy in the mix              :        -5.03746 kcal/mol
 VdW interaction energy in the mix                 :       -13.30605 kcal/mol
 Gas liquid transition energy in the mix (H_glt)   :         8.25184 kcal/mol
 Normalized weight factor of molecule in compound  :         0.12467
 Normalized weight factor of molecule in gas phase :         0.93343

 Compound: 3 Conformer: 4 (lacticacid_c3)
 Chemical potential of the molecule in the mixture :         2.88456 kcal/mol
 Log10(partial pressure [mbar])                    :        -1.70474
 Free energy of molecule in mix (E_COSMO+dE+Mu)    :   -215743.30087 kcal/mol
 Total mean interaction energy in the mix          :       -10.13386 kcal/mol
 Misfit interaction energy in the mix              :         1.99223 kcal/mol
 H-Bond interaction energy in the mix              :        -7.09586 kcal/mol
 VdW interaction energy in the mix                 :       -13.28206 kcal/mol
 Gas liquid transition energy in the mix (H_glt)   :         8.25184 kcal/mol
 Normalized weight factor of molecule in compound  :         0.21140
 Normalized weight factor of molecule in gas phase :         0.02803

 Compound: 3 Conformer: 5 (lacticacid_c4)
 Chemical potential of the molecule in the mixture :         2.37451 kcal/mol
 Log10(partial pressure [mbar])                    :        -3.62440
 Free energy of molecule in mix (E_COSMO+dE+Mu)    :   -215743.72432 kcal/mol
 Total mean interaction energy in the mix          :       -11.08214 kcal/mol
 Misfit interaction energy in the mix              :         1.97231 kcal/mol
 H-Bond interaction energy in the mix              :        -8.00305 kcal/mol
 VdW interaction energy in the mix                 :       -13.30323 kcal/mol
 Gas liquid transition energy in the mix (H_glt)   :         8.25184 kcal/mol
 Normalized weight factor of molecule in compound  :         0.41792
 Normalized weight factor of molecule in gas phase :         0.00067

 Compound: 3 Conformer: 6 (lacticacid_c5)
 Chemical potential of the molecule in the mixture :         2.84916 kcal/mol
 Log10(partial pressure [mbar])                    :        -1.75918
 Free energy of molecule in mix (E_COSMO+dE+Mu)    :   -215743.18631 kcal/mol
 Total mean interaction energy in the mix          :       -10.20908 kcal/mol
 Misfit interaction energy in the mix              :         1.96776 kcal/mol
 H-Bond interaction energy in the mix              :        -7.12510 kcal/mol
 VdW interaction energy in the mix                 :       -13.30358 kcal/mol
 Gas liquid transition energy in the mix (H_glt)   :         8.25184 kcal/mol
 Normalized weight factor of molecule in compound  :         0.17581
 Normalized weight factor of molecule in gas phase :         0.02055




 Results for mixture 16 - LIQ_EX Phase 2 Iteration    7
 ----------------------
 Temperature          :    312.668 K
 Compound Nr.         :         1         2         3
 Compound             :       h2o 3-hexanon lacticaci
 Mole Fraction        :    0.1029    0.8946    0.0025

 Compound: 1  (h2o)
 Chemical potential of the compound in the mixture :         4.85101 kcal/mol
 Log10(partial pressure [mbar])                    :         2.49225
 Free energy of molecule in mix (E_COSMO+dE+Mu)    :    -47988.40226 kcal/mol
 Total mean interaction energy in the mix (H_int)  :        -3.02547 kcal/mol
 Misfit interaction energy in the mix (H_MF)       :         1.34832 kcal/mol
 H-Bond interaction energy in the mix (H_HB)       :        -2.75010 kcal/mol
 VdW interaction energy in the mix (H_vdW)         :        -4.55575 kcal/mol
 Gas liquid transition energy in the mix (H_glt)   :         2.93205 kcal/mol
 Equilibrium constant Kx(1,2)                      :         9.45128
 Equilibrium concentration x_k(1,2)                :         0.90432

 Compound: 2  (3-hexanone)
 Chemical potential of the compound in the mixture :         3.04482 kcal/mol
 Log10(partial pressure [mbar])                    :         1.59661
 Free energy of molecule in mix (E_COSMO+dE+Mu)    :   -195312.17639 kcal/mol
 Total mean interaction energy in the mix (H_int)  :        -4.33678 kcal/mol
 Misfit interaction energy in the mix (H_MF)       :         3.27234 kcal/mol
 H-Bond interaction energy in the mix (H_HB)       :        -0.22554 kcal/mol
 VdW interaction energy in the mix (H_vdW)         :       -18.54191 kcal/mol
 Gas liquid transition energy in the mix (H_glt)   :        10.98474 kcal/mol
 Equilibrium constant Kx(1,2)                      :  3.18826579E-03
 Equilibrium concentration x_k(1,2)                :         0.00318

 Compound: 3  (lacticacid)
 Chemical potential of the compound in the mixture :         4.12180 kcal/mol
 Log10(partial pressure [mbar])                    :        -1.03133
 Free energy of molecule in mix (E_COSMO+dE+Mu)    :   -215744.55834 kcal/mol
 Total mean interaction energy in the mix (H_int)  :        -4.53934 kcal/mol
 Misfit interaction energy in the mix (H_MF)       :         2.44762 kcal/mol
 H-Bond interaction energy in the mix (H_HB)       :        -2.71332 kcal/mol
 VdW interaction energy in the mix (H_vdW)         :       -13.89922 kcal/mol
 Gas liquid transition energy in the mix (H_glt)   :         8.25184 kcal/mol
 Equilibrium constant Kx(1,2)                      :         0.62511
 Equilibrium concentration x_k(1,2)                :         0.38466



 Compound: 1 Conformer: 1 (h2o_c0)
 Chemical potential of the molecule in the mixture :         4.85101 kcal/mol
 Log10(partial pressure [mbar])                    :         2.49225
 Free energy of molecule in mix (E_COSMO+dE+Mu)    :    -47988.40226 kcal/mol
 Total mean interaction energy in the mix          :        -3.02547 kcal/mol
 Misfit interaction energy in the mix              :         1.34832 kcal/mol
 H-Bond interaction energy in the mix              :        -2.75010 kcal/mol
 VdW interaction energy in the mix                 :        -4.55575 kcal/mol
 Gas liquid transition energy in the mix (H_glt)   :         2.93205 kcal/mol
 Normalized weight factor of molecule in compound  :         1.00000
 Normalized weight factor of molecule in gas phase :         1.00000

 Compound: 2 Conformer: 1 (3-hexanone_c0)
 Chemical potential of the molecule in the mixture :         3.35327 kcal/mol
 Log10(partial pressure [mbar])                    :         1.57773
 Free energy of molecule in mix (E_COSMO+dE+Mu)    :   -195311.86794 kcal/mol
 Total mean interaction energy in the mix          :        -4.53571 kcal/mol
 Misfit interaction energy in the mix              :         3.24097 kcal/mol
 H-Bond interaction energy in the mix              :        -0.17925 kcal/mol
 VdW interaction energy in the mix                 :       -18.58217 kcal/mol
 Gas liquid transition energy in the mix (H_glt)   :        10.98474 kcal/mol
 Normalized weight factor of molecule in compound  :         0.60870
 Normalized weight factor of molecule in gas phase :         0.58280

 Compound: 2 Conformer: 2 (3-hexanone_c1)
 Chemical potential of the molecule in the mixture :         3.57393 kcal/mol
 Log10(partial pressure [mbar])                    :         1.61950
 Free energy of molecule in mix (E_COSMO+dE+Mu)    :   -195311.33621 kcal/mol
 Total mean interaction energy in the mix          :        -4.47669 kcal/mol
 Misfit interaction energy in the mix              :         3.32067 kcal/mol
 H-Bond interaction energy in the mix              :        -0.29604 kcal/mol
 VdW interaction energy in the mix                 :       -18.48606 kcal/mol
 Gas liquid transition energy in the mix (H_glt)   :        10.98474 kcal/mol
 Normalized weight factor of molecule in compound  :         0.25867
 Normalized weight factor of molecule in gas phase :         0.27267

 Compound: 2 Conformer: 3 (3-hexanone_c2)
 Chemical potential of the molecule in the mixture :         3.59791 kcal/mol
 Log10(partial pressure [mbar])                    :         1.63389
 Free energy of molecule in mix (E_COSMO+dE+Mu)    :   -195310.92120 kcal/mol
 Total mean interaction energy in the mix          :        -4.45973 kcal/mol
 Misfit interaction energy in the mix              :         3.32205 kcal/mol
 H-Bond interaction energy in the mix              :        -0.30046 kcal/mol
 VdW interaction energy in the mix                 :       -18.46607 kcal/mol
 Gas liquid transition energy in the mix (H_glt)   :        10.98474 kcal/mol
 Normalized weight factor of molecule in compound  :         0.13264
 Normalized weight factor of molecule in gas phase :         0.14453

 Compound: 3 Conformer: 1 (lacticacid_c0)
 Chemical potential of the molecule in the mixture :         5.71109 kcal/mol
 Log10(partial pressure [mbar])                    :        -1.06075
 Free energy of molecule in mix (E_COSMO+dE+Mu)    :   -215742.96905 kcal/mol
 Total mean interaction energy in the mix          :        -4.73450 kcal/mol
 Misfit interaction energy in the mix              :         2.92429 kcal/mol
 H-Bond interaction energy in the mix              :        -2.04864 kcal/mol
 VdW interaction energy in the mix                 :       -13.86200 kcal/mol
 Gas liquid transition energy in the mix (H_glt)   :         8.25184 kcal/mol
 Normalized weight factor of molecule in compound  :         0.07747
 Normalized weight factor of molecule in gas phase :         0.00600

 Compound: 3 Conformer: 2 (lacticacid_c1)
 Chemical potential of the molecule in the mixture :         6.09451 kcal/mol
 Log10(partial pressure [mbar])                    :        -0.40176
 Free energy of molecule in mix (E_COSMO+dE+Mu)    :   -215742.40414 kcal/mol
 Total mean interaction energy in the mix          :        -4.44371 kcal/mol
 Misfit interaction energy in the mix              :         2.91747 kcal/mol
 H-Bond interaction energy in the mix              :        -1.78412 kcal/mol
 VdW interaction energy in the mix                 :       -13.82890 kcal/mol
 Gas liquid transition energy in the mix (H_glt)   :         8.25184 kcal/mol
 Normalized weight factor of molecule in compound  :         0.03121
 Normalized weight factor of molecule in gas phase :         0.01132

 Compound: 3 Conformer: 3 (lacticacid_c2)
 Chemical potential of the molecule in the mixture :         3.34911 kcal/mol
 Log10(partial pressure [mbar])                    :        -0.34179
 Free energy of molecule in mix (E_COSMO+dE+Mu)    :   -215744.25735 kcal/mol
 Total mean interaction energy in the mix          :        -5.81134 kcal/mol
 Misfit interaction energy in the mix              :         2.28170 kcal/mol
 H-Bond interaction energy in the mix              :        -2.43878 kcal/mol
 VdW interaction energy in the mix                 :       -13.90610 kcal/mol
 Gas liquid transition energy in the mix (H_glt)   :         8.25184 kcal/mol
 Normalized weight factor of molecule in compound  :         0.61605
 Normalized weight factor of molecule in gas phase :         0.93343

 Compound: 3 Conformer: 4 (lacticacid_c3)
 Chemical potential of the molecule in the mixture :         2.95447 kcal/mol
 Log10(partial pressure [mbar])                    :        -1.65588
 Free energy of molecule in mix (E_COSMO+dE+Mu)    :   -215743.23096 kcal/mol
 Total mean interaction energy in the mix          :        -6.60286 kcal/mol
 Misfit interaction energy in the mix              :         2.55235 kcal/mol
 H-Bond interaction energy in the mix              :        -3.52246 kcal/mol
 VdW interaction energy in the mix                 :       -13.88459 kcal/mol
 Gas liquid transition energy in the mix (H_glt)   :         8.25184 kcal/mol
 Normalized weight factor of molecule in compound  :         0.11809
 Normalized weight factor of molecule in gas phase :         0.02803

 Compound: 3 Conformer: 5 (lacticacid_c4)
 Chemical potential of the molecule in the mixture :         3.31016 kcal/mol
 Log10(partial pressure [mbar])                    :        -2.97041
 Free energy of molecule in mix (E_COSMO+dE+Mu)    :   -215742.78867 kcal/mol
 Total mean interaction energy in the mix          :        -6.68369 kcal/mol
 Misfit interaction energy in the mix              :         2.97241 kcal/mol
 H-Bond interaction energy in the mix              :        -3.98194 kcal/mol
 VdW interaction energy in the mix                 :       -13.92600 kcal/mol
 Gas liquid transition energy in the mix (H_glt)   :         8.25184 kcal/mol
 Normalized weight factor of molecule in compound  :         0.05795
 Normalized weight factor of molecule in gas phase :         0.00067

 Compound: 3 Conformer: 6 (lacticacid_c5)
 Chemical potential of the molecule in the mixture :         2.91256 kcal/mol
 Log10(partial pressure [mbar])                    :        -1.71486
 Free energy of molecule in mix (E_COSMO+dE+Mu)    :   -215743.12290 kcal/mol
 Total mean interaction energy in the mix          :        -6.65597 kcal/mol
 Misfit interaction energy in the mix              :         2.52666 kcal/mol
 H-Bond interaction energy in the mix              :        -3.52504 kcal/mol
 VdW interaction energy in the mix                 :       -13.90943 kcal/mol
 Gas liquid transition energy in the mix (H_glt)   :         8.25184 kcal/mol
 Normalized weight factor of molecule in compound  :         0.09924
 Normalized weight factor of molecule in gas phase :         0.02055




 Results for mixture 17 - LIQ_EX Phase 1 Iteration    8
 ----------------------
 Temperature          :    312.668 K
 Compound Nr.         :         1         2         3
 Compound             :       h2o 3-hexanon lacticaci
 Mole Fraction        :    0.9956    0.0029    0.0016

 Compound: 1  (h2o)
 Chemical potential of the compound in the mixture :         3.45540 kcal/mol
 Log10(partial pressure [mbar])                    :         1.51676
 Free energy of molecule in mix (E_COSMO+dE+Mu)    :    -47989.79787 kcal/mol
 Total mean interaction energy in the mix (H_int)  :        -5.55271 kcal/mol
 Misfit interaction energy in the mix (H_MF)       :         0.58924 kcal/mol
 H-Bond interaction energy in the mix (H_HB)       :        -4.73169 kcal/mol
 VdW interaction energy in the mix (H_vdW)         :        -4.34231 kcal/mol
 Gas liquid transition energy in the mix (H_glt)   :         2.93205 kcal/mol

 Compound: 2  (3-hexanone)
 Chemical potential of the compound in the mixture :         6.61691 kcal/mol
 Log10(partial pressure [mbar])                    :         4.09339
 Free energy of molecule in mix (E_COSMO+dE+Mu)    :   -195308.60430 kcal/mol
 Total mean interaction energy in the mix (H_int)  :        -6.32551 kcal/mol
 Misfit interaction energy in the mix (H_MF)       :         2.47048 kcal/mol
 H-Bond interaction energy in the mix (H_HB)       :        -2.09811 kcal/mol
 VdW interaction energy in the mix (H_vdW)         :       -17.91523 kcal/mol
 Gas liquid transition energy in the mix (H_glt)   :        10.98474 kcal/mol

 Compound: 3  (lacticacid)
 Chemical potential of the compound in the mixture :         4.41388 kcal/mol
 Log10(partial pressure [mbar])                    :        -0.82718
 Free energy of molecule in mix (E_COSMO+dE+Mu)    :   -215744.26626 kcal/mol
 Total mean interaction energy in the mix (H_int)  :        -7.86351 kcal/mol
 Misfit interaction energy in the mix (H_MF)       :         1.99481 kcal/mol
 H-Bond interaction energy in the mix (H_HB)       :        -7.02569 kcal/mol
 VdW interaction energy in the mix (H_vdW)         :       -13.29430 kcal/mol
 Gas liquid transition energy in the mix (H_glt)   :         8.25184 kcal/mol



 Compound: 1 Conformer: 1 (h2o_c0)
 Chemical potential of the molecule in the mixture :         3.45540 kcal/mol
 Log10(partial pressure [mbar])                    :         1.51676
 Free energy of molecule in mix (E_COSMO+dE+Mu)    :    -47989.79787 kcal/mol
 Total mean interaction energy in the mix          :        -5.55271 kcal/mol
 Misfit interaction energy in the mix              :         0.58924 kcal/mol
 H-Bond interaction energy in the mix              :        -4.73169 kcal/mol
 VdW interaction energy in the mix                 :        -4.34231 kcal/mol
 Gas liquid transition energy in the mix (H_glt)   :         2.93205 kcal/mol
 Normalized weight factor of molecule in compound  :         1.00000
 Normalized weight factor of molecule in gas phase :         1.00000

 Compound: 2 Conformer: 1 (3-hexanone_c0)
 Chemical potential of the molecule in the mixture :         7.08806 kcal/mol
 Log10(partial pressure [mbar])                    :         4.18823
 Free energy of molecule in mix (E_COSMO+dE+Mu)    :   -195308.13315 kcal/mol
 Total mean interaction energy in the mix          :        -6.41091 kcal/mol
 Misfit interaction energy in the mix              :         2.50120 kcal/mol
 H-Bond interaction energy in the mix              :        -1.92680 kcal/mol
 VdW interaction energy in the mix                 :       -17.97005 kcal/mol
 Gas liquid transition energy in the mix (H_glt)   :        10.98474 kcal/mol
 Normalized weight factor of molecule in compound  :         0.46847
 Normalized weight factor of molecule in gas phase :         0.58280

 Compound: 2 Conformer: 2 (3-hexanone_c1)
 Chemical potential of the molecule in the mixture :         6.94144 kcal/mol
 Log10(partial pressure [mbar])                    :         3.97329
 Free energy of molecule in mix (E_COSMO+dE+Mu)    :   -195307.96871 kcal/mol
 Total mean interaction energy in the mix          :        -6.71239 kcal/mol
 Misfit interaction energy in the mix              :         2.44282 kcal/mol
 H-Bond interaction energy in the mix              :        -2.26693 kcal/mol
 VdW interaction energy in the mix                 :       -17.87301 kcal/mol
 Gas liquid transition energy in the mix (H_glt)   :        10.98474 kcal/mol
 Normalized weight factor of molecule in compound  :         0.35953
 Normalized weight factor of molecule in gas phase :         0.27267

 Compound: 2 Conformer: 3 (3-hexanone_c2)
 Chemical potential of the molecule in the mixture :         7.00852 kcal/mol
 Log10(partial pressure [mbar])                    :         4.01781
 Free energy of molecule in mix (E_COSMO+dE+Mu)    :   -195307.51059 kcal/mol
 Total mean interaction energy in the mix          :        -6.63654 kcal/mol
 Misfit interaction energy in the mix              :         2.44464 kcal/mol
 H-Bond interaction energy in the mix              :        -2.21180 kcal/mol
 VdW interaction energy in the mix                 :       -17.85413 kcal/mol
 Gas liquid transition energy in the mix (H_glt)   :        10.98474 kcal/mol
 Normalized weight factor of molecule in compound  :         0.17200
 Normalized weight factor of molecule in gas phase :         0.14453

 Compound: 3 Conformer: 1 (lacticacid_c0)
 Chemical potential of the molecule in the mixture :         6.36118 kcal/mol
 Log10(partial pressure [mbar])                    :        -0.60635
 Free energy of molecule in mix (E_COSMO+dE+Mu)    :   -215742.31896 kcal/mol
 Total mean interaction energy in the mix          :        -7.35264 kcal/mol
 Misfit interaction energy in the mix              :         2.03075 kcal/mol
 H-Bond interaction energy in the mix              :        -4.39166 kcal/mol
 VdW interaction energy in the mix                 :       -13.24357 kcal/mol
 Gas liquid transition energy in the mix (H_glt)   :         8.25184 kcal/mol
 Normalized weight factor of molecule in compound  :         0.04354
 Normalized weight factor of molecule in gas phase :         0.00600

 Compound: 3 Conformer: 2 (lacticacid_c1)
 Chemical potential of the molecule in the mixture :         6.48443 kcal/mol
 Log10(partial pressure [mbar])                    :        -0.12921
 Free energy of molecule in mix (E_COSMO+dE+Mu)    :   -215742.01421 kcal/mol
 Total mean interaction energy in the mix          :        -6.91745 kcal/mol
 Misfit interaction energy in the mix              :         2.13837 kcal/mol
 H-Bond interaction energy in the mix              :        -4.08692 kcal/mol
 VdW interaction energy in the mix                 :       -13.22074 kcal/mol
 Gas liquid transition energy in the mix (H_glt)   :         8.25184 kcal/mol
 Normalized weight factor of molecule in compound  :         0.02666
 Normalized weight factor of molecule in gas phase :         0.01132

 Compound: 3 Conformer: 3 (lacticacid_c2)
 Chemical potential of the molecule in the mixture :         4.63394 kcal/mol
 Log10(partial pressure [mbar])                    :         0.55626
 Free energy of molecule in mix (E_COSMO+dE+Mu)    :   -215742.97253 kcal/mol
 Total mean interaction energy in the mix          :        -8.02152 kcal/mol
 Misfit interaction energy in the mix              :         2.07014 kcal/mol
 H-Bond interaction energy in the mix              :        -5.03754 kcal/mol
 VdW interaction energy in the mix                 :       -13.30597 kcal/mol
 Gas liquid transition energy in the mix (H_glt)   :         8.25184 kcal/mol
 Normalized weight factor of molecule in compound  :         0.12466
 Normalized weight factor of molecule in gas phase :         0.93343

 Compound: 3 Conformer: 4 (lacticacid_c3)
 Chemical potential of the molecule in the mixture :         2.88473 kcal/mol
 Log10(partial pressure [mbar])                    :        -1.70463
 Free energy of molecule in mix (E_COSMO+dE+Mu)    :   -215743.30071 kcal/mol
 Total mean interaction energy in the mix          :       -10.13398 kcal/mol
 Misfit interaction energy in the mix              :         1.99214 kcal/mol
 H-Bond interaction energy in the mix              :        -7.09597 kcal/mol
 VdW interaction energy in the mix                 :       -13.28199 kcal/mol
 Gas liquid transition energy in the mix (H_glt)   :         8.25184 kcal/mol
 Normalized weight factor of molecule in compound  :         0.21140
 Normalized weight factor of molecule in gas phase :         0.02803

 Compound: 3 Conformer: 5 (lacticacid_c4)
 Chemical potential of the molecule in the mixture :         2.37464 kcal/mol
 Log10(partial pressure [mbar])                    :        -3.62431
 Free energy of molecule in mix (E_COSMO+dE+Mu)    :   -215743.72419 kcal/mol
 Total mean interaction energy in the mix          :       -11.08226 kcal/mol
 Misfit interaction energy in the mix              :         1.97221 kcal/mol
 H-Bond interaction energy in the mix              :        -8.00316 kcal/mol
 VdW interaction energy in the mix                 :       -13.30316 kcal/mol
 Gas liquid transition energy in the mix (H_glt)   :         8.25184 kcal/mol
 Normalized weight factor of molecule in compound  :         0.41794
 Normalized weight factor of molecule in gas phase :         0.00067

 Compound: 3 Conformer: 6 (lacticacid_c5)
 Chemical potential of the molecule in the mixture :         2.84932 kcal/mol
 Log10(partial pressure [mbar])                    :        -1.75907
 Free energy of molecule in mix (E_COSMO+dE+Mu)    :   -215743.18614 kcal/mol
 Total mean interaction energy in the mix          :       -10.20921 kcal/mol
 Misfit interaction energy in the mix              :         1.96767 kcal/mol
 H-Bond interaction energy in the mix              :        -7.12521 kcal/mol
 VdW interaction energy in the mix                 :       -13.30351 kcal/mol
 Gas liquid transition energy in the mix (H_glt)   :         8.25184 kcal/mol
 Normalized weight factor of molecule in compound  :         0.17580
 Normalized weight factor of molecule in gas phase :         0.02055




 Results for mixture 18 - LIQ_EX Phase 2 Iteration    8
 ----------------------
 Temperature          :    312.668 K
 Compound Nr.         :         1         2         3
 Compound             :       h2o 3-hexanon lacticaci
 Mole Fraction        :    0.1049    0.8927    0.0025

 Compound: 1  (h2o)
 Chemical potential of the compound in the mixture :         4.84430 kcal/mol
 Log10(partial pressure [mbar])                    :         2.48756
 Free energy of molecule in mix (E_COSMO+dE+Mu)    :    -47988.40897 kcal/mol
 Total mean interaction energy in the mix (H_int)  :        -3.03775 kcal/mol
 Misfit interaction energy in the mix (H_MF)       :         1.34310 kcal/mol
 H-Bond interaction energy in the mix (H_HB)       :        -2.75757 kcal/mol
 VdW interaction energy in the mix (H_vdW)         :        -4.55534 kcal/mol
 Gas liquid transition energy in the mix (H_glt)   :         2.93205 kcal/mol
 Equilibrium constant Kx(1,2)                      :         9.34976
 Equilibrium concentration x_k(1,2)                :         0.90338

 Compound: 2  (3-hexanone)
 Chemical potential of the compound in the mixture :         3.04563 kcal/mol
 Log10(partial pressure [mbar])                    :         1.59717
 Free energy of molecule in mix (E_COSMO+dE+Mu)    :   -195312.17559 kcal/mol
 Total mean interaction energy in the mix (H_int)  :        -4.34016 kcal/mol
 Misfit interaction energy in the mix (H_MF)       :         3.27244 kcal/mol
 H-Bond interaction energy in the mix (H_HB)       :        -0.22965 kcal/mol
 VdW interaction energy in the mix (H_vdW)         :       -18.54139 kcal/mol
 Gas liquid transition energy in the mix (H_glt)   :        10.98474 kcal/mol
 Equilibrium constant Kx(1,2)                      :  3.18992540E-03
 Equilibrium concentration x_k(1,2)                :         0.00318

 Compound: 3  (lacticacid)
 Chemical potential of the compound in the mixture :         4.11658 kcal/mol
 Log10(partial pressure [mbar])                    :        -1.03499
 Free energy of molecule in mix (E_COSMO+dE+Mu)    :   -215744.56356 kcal/mol
 Total mean interaction energy in the mix (H_int)  :        -4.54800 kcal/mol
 Misfit interaction energy in the mix (H_MF)       :         2.44453 kcal/mol
 H-Bond interaction energy in the mix (H_HB)       :        -2.72164 kcal/mol
 VdW interaction energy in the mix (H_vdW)         :       -13.89852 kcal/mol
 Gas liquid transition energy in the mix (H_glt)   :         8.25184 kcal/mol
 Equilibrium constant Kx(1,2)                      :         0.61972
 Equilibrium concentration x_k(1,2)                :         0.38261



 Compound: 1 Conformer: 1 (h2o_c0)
 Chemical potential of the molecule in the mixture :         4.84430 kcal/mol
 Log10(partial pressure [mbar])                    :         2.48756
 Free energy of molecule in mix (E_COSMO+dE+Mu)    :    -47988.40897 kcal/mol
 Total mean interaction energy in the mix          :        -3.03775 kcal/mol
 Misfit interaction energy in the mix              :         1.34310 kcal/mol
 H-Bond interaction energy in the mix              :        -2.75757 kcal/mol
 VdW interaction energy in the mix                 :        -4.55534 kcal/mol
 Gas liquid transition energy in the mix (H_glt)   :         2.93205 kcal/mol
 Normalized weight factor of molecule in compound  :         1.00000
 Normalized weight factor of molecule in gas phase :         1.00000

 Compound: 2 Conformer: 1 (3-hexanone_c0)
 Chemical potential of the molecule in the mixture :         3.35434 kcal/mol
 Log10(partial pressure [mbar])                    :         1.57847
 Free energy of molecule in mix (E_COSMO+dE+Mu)    :   -195311.86688 kcal/mol
 Total mean interaction energy in the mix          :        -4.53845 kcal/mol
 Misfit interaction energy in the mix              :         3.24112 kcal/mol
 H-Bond interaction energy in the mix              :        -0.18262 kcal/mol
 VdW interaction energy in the mix                 :       -18.58170 kcal/mol
 Gas liquid transition energy in the mix (H_glt)   :        10.98474 kcal/mol
 Normalized weight factor of molecule in compound  :         0.60844
 Normalized weight factor of molecule in gas phase :         0.58280

 Compound: 2 Conformer: 2 (3-hexanone_c1)
 Chemical potential of the molecule in the mixture :         3.57434 kcal/mol
 Log10(partial pressure [mbar])                    :         1.61979
 Free energy of molecule in mix (E_COSMO+dE+Mu)    :   -195311.33581 kcal/mol
 Total mean interaction energy in the mix          :        -4.48140 kcal/mol
 Misfit interaction energy in the mix              :         3.32065 kcal/mol
 H-Bond interaction energy in the mix              :        -0.30126 kcal/mol
 VdW interaction energy in the mix                 :       -18.48554 kcal/mol
 Gas liquid transition energy in the mix (H_glt)   :        10.98474 kcal/mol
 Normalized weight factor of molecule in compound  :         0.25883
 Normalized weight factor of molecule in gas phase :         0.27267

 Compound: 2 Conformer: 3 (3-hexanone_c2)
 Chemical potential of the molecule in the mixture :         3.59830 kcal/mol
 Log10(partial pressure [mbar])                    :         1.63417
 Free energy of molecule in mix (E_COSMO+dE+Mu)    :   -195310.92081 kcal/mol
 Total mean interaction energy in the mix          :        -4.46443 kcal/mol
 Misfit interaction energy in the mix              :         3.32203 kcal/mol
 H-Bond interaction energy in the mix              :        -0.30565 kcal/mol
 VdW interaction energy in the mix                 :       -18.46555 kcal/mol
 Gas liquid transition energy in the mix (H_glt)   :        10.98474 kcal/mol
 Normalized weight factor of molecule in compound  :         0.13272
 Normalized weight factor of molecule in gas phase :         0.14453

 Compound: 3 Conformer: 1 (lacticacid_c0)
 Chemical potential of the molecule in the mixture :         5.70658 kcal/mol
 Log10(partial pressure [mbar])                    :        -1.06390
 Free energy of molecule in mix (E_COSMO+dE+Mu)    :   -215742.97356 kcal/mol
 Total mean interaction energy in the mix          :        -4.74246 kcal/mol
 Misfit interaction energy in the mix              :         2.91997 kcal/mol
 H-Bond interaction energy in the mix              :        -2.05291 kcal/mol
 VdW interaction energy in the mix                 :       -13.86136 kcal/mol
 Gas liquid transition energy in the mix (H_glt)   :         8.25184 kcal/mol
 Normalized weight factor of molecule in compound  :         0.07738
 Normalized weight factor of molecule in gas phase :         0.00600

 Compound: 3 Conformer: 2 (lacticacid_c1)
 Chemical potential of the molecule in the mixture :         6.08858 kcal/mol
 Log10(partial pressure [mbar])                    :        -0.40590
 Free energy of molecule in mix (E_COSMO+dE+Mu)    :   -215742.41006 kcal/mol
 Total mean interaction energy in the mix          :        -4.45219 kcal/mol
 Misfit interaction energy in the mix              :         2.91389 kcal/mol
 H-Bond interaction energy in the mix              :        -1.78973 kcal/mol
 VdW interaction energy in the mix                 :       -13.82820 kcal/mol
 Gas liquid transition energy in the mix (H_glt)   :         8.25184 kcal/mol
 Normalized weight factor of molecule in compound  :         0.03124
 Normalized weight factor of molecule in gas phase :         0.01132

 Compound: 3 Conformer: 3 (lacticacid_c2)
 Chemical potential of the molecule in the mixture :         3.34518 kcal/mol
 Log10(partial pressure [mbar])                    :        -0.34454
 Free energy of molecule in mix (E_COSMO+dE+Mu)    :   -215744.26128 kcal/mol
 Total mean interaction energy in the mix          :        -5.81935 kcal/mol
 Misfit interaction energy in the mix              :         2.27878 kcal/mol
 H-Bond interaction energy in the mix              :        -2.44452 kcal/mol
 VdW interaction energy in the mix                 :       -13.90545 kcal/mol
 Gas liquid transition energy in the mix (H_glt)   :         8.25184 kcal/mol
 Normalized weight factor of molecule in compound  :         0.61477
 Normalized weight factor of molecule in gas phase :         0.93343

 Compound: 3 Conformer: 4 (lacticacid_c3)
 Chemical potential of the molecule in the mixture :         2.94663 kcal/mol
 Log10(partial pressure [mbar])                    :        -1.66136
 Free energy of molecule in mix (E_COSMO+dE+Mu)    :   -215743.23880 kcal/mol
 Total mean interaction energy in the mix          :        -6.61548 kcal/mol
 Misfit interaction energy in the mix              :         2.54803 kcal/mol
 H-Bond interaction energy in the mix              :        -3.53158 kcal/mol
 VdW interaction energy in the mix                 :       -13.88377 kcal/mol
 Gas liquid transition energy in the mix (H_glt)   :         8.25184 kcal/mol
 Normalized weight factor of molecule in compound  :         0.11859
 Normalized weight factor of molecule in gas phase :         0.02803

 Compound: 3 Conformer: 5 (lacticacid_c4)
 Chemical potential of the molecule in the mixture :         3.30039 kcal/mol
 Log10(partial pressure [mbar])                    :        -2.97724
 Free energy of molecule in mix (E_COSMO+dE+Mu)    :   -215742.79844 kcal/mol
 Total mean interaction energy in the mix          :        -6.70066 kcal/mol
 Misfit interaction energy in the mix              :         2.96587 kcal/mol
 H-Bond interaction energy in the mix              :        -3.99325 kcal/mol
 VdW interaction energy in the mix                 :       -13.92512 kcal/mol
 Gas liquid transition energy in the mix (H_glt)   :         8.25184 kcal/mol
 Normalized weight factor of molecule in compound  :         0.05838
 Normalized weight factor of molecule in gas phase :         0.00067

 Compound: 3 Conformer: 6 (lacticacid_c5)
 Chemical potential of the molecule in the mixture :         2.90480 kcal/mol
 Log10(partial pressure [mbar])                    :        -1.72029
 Free energy of molecule in mix (E_COSMO+dE+Mu)    :   -215743.13066 kcal/mol
 Total mean interaction energy in the mix          :        -6.66861 kcal/mol
 Misfit interaction energy in the mix              :         2.52217 kcal/mol
 H-Bond interaction energy in the mix              :        -3.53402 kcal/mol
 VdW interaction energy in the mix                 :       -13.90861 kcal/mol
 Gas liquid transition energy in the mix (H_glt)   :         8.25184 kcal/mol
 Normalized weight factor of molecule in compound  :         0.09964
 Normalized weight factor of molecule in gas phase :         0.02055




 Results for mixture 19 - LIQ_EX Phase 1 Iteration    9
 ----------------------
 Temperature          :    312.668 K
 Compound Nr.         :         1         2         3
 Compound             :       h2o 3-hexanon lacticaci
 Mole Fraction        :    0.9956    0.0029    0.0015

 Compound: 1  (h2o)
 Chemical potential of the compound in the mixture :         3.45540 kcal/mol
 Log10(partial pressure [mbar])                    :         1.51675
 Free energy of molecule in mix (E_COSMO+dE+Mu)    :    -47989.79787 kcal/mol
 Total mean interaction energy in the mix (H_int)  :        -5.55270 kcal/mol
 Misfit interaction energy in the mix (H_MF)       :         0.58924 kcal/mol
 H-Bond interaction energy in the mix (H_HB)       :        -4.73170 kcal/mol
 VdW interaction energy in the mix (H_vdW)         :        -4.34230 kcal/mol
 Gas liquid transition energy in the mix (H_glt)   :         2.93205 kcal/mol

 Compound: 2  (3-hexanone)
 Chemical potential of the compound in the mixture :         6.61723 kcal/mol
 Log10(partial pressure [mbar])                    :         4.09361
 Free energy of molecule in mix (E_COSMO+dE+Mu)    :   -195308.60399 kcal/mol
 Total mean interaction energy in the mix (H_int)  :        -6.32561 kcal/mol
 Misfit interaction energy in the mix (H_MF)       :         2.47034 kcal/mol
 H-Bond interaction energy in the mix (H_HB)       :        -2.09814 kcal/mol
 VdW interaction energy in the mix (H_vdW)         :       -17.91516 kcal/mol
 Gas liquid transition energy in the mix (H_glt)   :        10.98474 kcal/mol

 Compound: 3  (lacticacid)
 Chemical potential of the compound in the mixture :         4.41398 kcal/mol
 Log10(partial pressure [mbar])                    :        -0.82711
 Free energy of molecule in mix (E_COSMO+dE+Mu)    :   -215744.26616 kcal/mol
 Total mean interaction energy in the mix (H_int)  :        -7.86360 kcal/mol
 Misfit interaction energy in the mix (H_MF)       :         1.99475 kcal/mol
 H-Bond interaction energy in the mix (H_HB)       :        -7.02579 kcal/mol
 VdW interaction energy in the mix (H_vdW)         :       -13.29425 kcal/mol
 Gas liquid transition energy in the mix (H_glt)   :         8.25184 kcal/mol



 Compound: 1 Conformer: 1 (h2o_c0)
 Chemical potential of the molecule in the mixture :         3.45540 kcal/mol
 Log10(partial pressure [mbar])                    :         1.51675
 Free energy of molecule in mix (E_COSMO+dE+Mu)    :    -47989.79787 kcal/mol
 Total mean interaction energy in the mix          :        -5.55270 kcal/mol
 Misfit interaction energy in the mix              :         0.58924 kcal/mol
 H-Bond interaction energy in the mix              :        -4.73170 kcal/mol
 VdW interaction energy in the mix                 :        -4.34230 kcal/mol
 Gas liquid transition energy in the mix (H_glt)   :         2.93205 kcal/mol
 Normalized weight factor of molecule in compound  :         1.00000
 Normalized weight factor of molecule in gas phase :         1.00000

 Compound: 2 Conformer: 1 (3-hexanone_c0)
 Chemical potential of the molecule in the mixture :         7.08838 kcal/mol
 Log10(partial pressure [mbar])                    :         4.18846
 Free energy of molecule in mix (E_COSMO+dE+Mu)    :   -195308.13284 kcal/mol
 Total mean interaction energy in the mix          :        -6.41101 kcal/mol
 Misfit interaction energy in the mix              :         2.50107 kcal/mol
 H-Bond interaction energy in the mix              :        -1.92683 kcal/mol
 VdW interaction energy in the mix                 :       -17.96999 kcal/mol
 Gas liquid transition energy in the mix (H_glt)   :        10.98474 kcal/mol
 Normalized weight factor of molecule in compound  :         0.46846
 Normalized weight factor of molecule in gas phase :         0.58280

 Compound: 2 Conformer: 2 (3-hexanone_c1)
 Chemical potential of the molecule in the mixture :         6.94175 kcal/mol
 Log10(partial pressure [mbar])                    :         3.97350
 Free energy of molecule in mix (E_COSMO+dE+Mu)    :   -195307.96840 kcal/mol
 Total mean interaction energy in the mix          :        -6.71249 kcal/mol
 Misfit interaction energy in the mix              :         2.44267 kcal/mol
 H-Bond interaction energy in the mix              :        -2.26696 kcal/mol
 VdW interaction energy in the mix                 :       -17.87295 kcal/mol
 Gas liquid transition energy in the mix (H_glt)   :        10.98474 kcal/mol
 Normalized weight factor of molecule in compound  :         0.35953
 Normalized weight factor of molecule in gas phase :         0.27267

 Compound: 2 Conformer: 3 (3-hexanone_c2)
 Chemical potential of the molecule in the mixture :         7.00883 kcal/mol
 Log10(partial pressure [mbar])                    :         4.01802
 Free energy of molecule in mix (E_COSMO+dE+Mu)    :   -195307.51028 kcal/mol
 Total mean interaction energy in the mix          :        -6.63665 kcal/mol
 Misfit interaction energy in the mix              :         2.44450 kcal/mol
 H-Bond interaction energy in the mix              :        -2.21182 kcal/mol
 VdW interaction energy in the mix                 :       -17.85407 kcal/mol
 Gas liquid transition energy in the mix (H_glt)   :        10.98474 kcal/mol
 Normalized weight factor of molecule in compound  :         0.17200
 Normalized weight factor of molecule in gas phase :         0.14453

 Compound: 3 Conformer: 1 (lacticacid_c0)
 Chemical potential of the molecule in the mixture :         6.36130 kcal/mol
 Log10(partial pressure [mbar])                    :        -0.60627
 Free energy of molecule in mix (E_COSMO+dE+Mu)    :   -215742.31884 kcal/mol
 Total mean interaction energy in the mix          :        -7.35271 kcal/mol
 Misfit interaction energy in the mix              :         2.03068 kcal/mol
 H-Bond interaction energy in the mix              :        -4.39171 kcal/mol
 VdW interaction energy in the mix                 :       -13.24352 kcal/mol
 Gas liquid transition energy in the mix (H_glt)   :         8.25184 kcal/mol
 Normalized weight factor of molecule in compound  :         0.04354
 Normalized weight factor of molecule in gas phase :         0.00600

 Compound: 3 Conformer: 2 (lacticacid_c1)
 Chemical potential of the molecule in the mixture :         6.48455 kcal/mol
 Log10(partial pressure [mbar])                    :        -0.12913
 Free energy of molecule in mix (E_COSMO+dE+Mu)    :   -215742.01410 kcal/mol
 Total mean interaction energy in the mix          :        -6.91751 kcal/mol
 Misfit interaction energy in the mix              :         2.13832 kcal/mol
 H-Bond interaction energy in the mix              :        -4.08698 kcal/mol
 VdW interaction energy in the mix                 :       -13.22069 kcal/mol
 Gas liquid transition energy in the mix (H_glt)   :         8.25184 kcal/mol
 Normalized weight factor of molecule in compound  :         0.02666
 Normalized weight factor of molecule in gas phase :         0.01132

 Compound: 3 Conformer: 3 (lacticacid_c2)
 Chemical potential of the molecule in the mixture :         4.63409 kcal/mol
 Log10(partial pressure [mbar])                    :         0.55637
 Free energy of molecule in mix (E_COSMO+dE+Mu)    :   -215742.97237 kcal/mol
 Total mean interaction energy in the mix          :        -8.02157 kcal/mol
 Misfit interaction energy in the mix              :         2.07009 kcal/mol
 H-Bond interaction energy in the mix              :        -5.03759 kcal/mol
 VdW interaction energy in the mix                 :       -13.30591 kcal/mol
 Gas liquid transition energy in the mix (H_glt)   :         8.25184 kcal/mol
 Normalized weight factor of molecule in compound  :         0.12465
 Normalized weight factor of molecule in gas phase :         0.93343

 Compound: 3 Conformer: 4 (lacticacid_c3)
 Chemical potential of the molecule in the mixture :         2.88483 kcal/mol
 Log10(partial pressure [mbar])                    :        -1.70455
 Free energy of molecule in mix (E_COSMO+dE+Mu)    :   -215743.30060 kcal/mol
 Total mean interaction energy in the mix          :       -10.13407 kcal/mol
 Misfit interaction energy in the mix              :         1.99208 kcal/mol
 H-Bond interaction energy in the mix              :        -7.09605 kcal/mol
 VdW interaction energy in the mix                 :       -13.28194 kcal/mol
 Gas liquid transition energy in the mix (H_glt)   :         8.25184 kcal/mol
 Normalized weight factor of molecule in compound  :         0.21140
 Normalized weight factor of molecule in gas phase :         0.02803

 Compound: 3 Conformer: 5 (lacticacid_c4)
 Chemical potential of the molecule in the mixture :         2.37472 kcal/mol
 Log10(partial pressure [mbar])                    :        -3.62425
 Free energy of molecule in mix (E_COSMO+dE+Mu)    :   -215743.72411 kcal/mol
 Total mean interaction energy in the mix          :       -11.08235 kcal/mol
 Misfit interaction energy in the mix              :         1.97215 kcal/mol
 H-Bond interaction energy in the mix              :        -8.00323 kcal/mol
 VdW interaction energy in the mix                 :       -13.30311 kcal/mol
 Gas liquid transition energy in the mix (H_glt)   :         8.25184 kcal/mol
 Normalized weight factor of molecule in compound  :         0.41795
 Normalized weight factor of molecule in gas phase :         0.00067

 Compound: 3 Conformer: 6 (lacticacid_c5)
 Chemical potential of the molecule in the mixture :         2.84943 kcal/mol
 Log10(partial pressure [mbar])                    :        -1.75899
 Free energy of molecule in mix (E_COSMO+dE+Mu)    :   -215743.18603 kcal/mol
 Total mean interaction energy in the mix          :       -10.20929 kcal/mol
 Misfit interaction energy in the mix              :         1.96761 kcal/mol
 H-Bond interaction energy in the mix              :        -7.12529 kcal/mol
 VdW interaction energy in the mix                 :       -13.30346 kcal/mol
 Gas liquid transition energy in the mix (H_glt)   :         8.25184 kcal/mol
 Normalized weight factor of molecule in compound  :         0.17580
 Normalized weight factor of molecule in gas phase :         0.02055




 Results for mixture 20 - LIQ_EX Phase 2 Iteration    9
 ----------------------
 Temperature          :    312.668 K
 Compound Nr.         :         1         2         3
 Compound             :       h2o 3-hexanon lacticaci
 Mole Fraction        :    0.1062    0.8913    0.0025

 Compound: 1  (h2o)
 Chemical potential of the compound in the mixture :         4.83993 kcal/mol
 Log10(partial pressure [mbar])                    :         2.48450
 Free energy of molecule in mix (E_COSMO+dE+Mu)    :    -47988.41334 kcal/mol
 Total mean interaction energy in the mix (H_int)  :        -3.04577 kcal/mol
 Misfit interaction energy in the mix (H_MF)       :         1.33971 kcal/mol
 H-Bond interaction energy in the mix (H_HB)       :        -2.76246 kcal/mol
 VdW interaction energy in the mix (H_vdW)         :        -4.55508 kcal/mol
 Gas liquid transition energy in the mix (H_glt)   :         2.93205 kcal/mol
 Equilibrium constant Kx(1,2)                      :         9.28423
 Equilibrium concentration x_k(1,2)                :         0.90276

 Compound: 2  (3-hexanone)
 Chemical potential of the compound in the mixture :         3.04616 kcal/mol
 Log10(partial pressure [mbar])                    :         1.59754
 Free energy of molecule in mix (E_COSMO+dE+Mu)    :   -195312.17505 kcal/mol
 Total mean interaction energy in the mix (H_int)  :        -4.34238 kcal/mol
 Misfit interaction energy in the mix (H_MF)       :         3.27252 kcal/mol
 H-Bond interaction energy in the mix (H_HB)       :        -0.23236 kcal/mol
 VdW interaction energy in the mix (H_vdW)         :       -18.54105 kcal/mol
 Gas liquid transition energy in the mix (H_glt)   :        10.98474 kcal/mol
 Equilibrium constant Kx(1,2)                      :  3.19106547E-03
 Equilibrium concentration x_k(1,2)                :         0.00318

 Compound: 3  (lacticacid)
 Chemical potential of the compound in the mixture :         4.11317 kcal/mol
 Log10(partial pressure [mbar])                    :        -1.03736
 Free energy of molecule in mix (E_COSMO+dE+Mu)    :   -215744.56697 kcal/mol
 Total mean interaction energy in the mix (H_int)  :        -4.55367 kcal/mol
 Misfit interaction energy in the mix (H_MF)       :         2.44252 kcal/mol
 H-Bond interaction energy in the mix (H_HB)       :        -2.72710 kcal/mol
 VdW interaction energy in the mix (H_vdW)         :       -13.89806 kcal/mol
 Gas liquid transition energy in the mix (H_glt)   :         8.25184 kcal/mol
 Equilibrium constant Kx(1,2)                      :         0.61623
 Equilibrium concentration x_k(1,2)                :         0.38128



 Compound: 1 Conformer: 1 (h2o_c0)
 Chemical potential of the molecule in the mixture :         4.83993 kcal/mol
 Log10(partial pressure [mbar])                    :         2.48450
 Free energy of molecule in mix (E_COSMO+dE+Mu)    :    -47988.41334 kcal/mol
 Total mean interaction energy in the mix          :        -3.04577 kcal/mol
 Misfit interaction energy in the mix              :         1.33971 kcal/mol
 H-Bond interaction energy in the mix              :        -2.76246 kcal/mol
 VdW interaction energy in the mix                 :        -4.55508 kcal/mol
 Gas liquid transition energy in the mix (H_glt)   :         2.93205 kcal/mol
 Normalized weight factor of molecule in compound  :         1.00000
 Normalized weight factor of molecule in gas phase :         1.00000

 Compound: 2 Conformer: 1 (3-hexanone_c0)
 Chemical potential of the molecule in the mixture :         3.35505 kcal/mol
 Log10(partial pressure [mbar])                    :         1.57897
 Free energy of molecule in mix (E_COSMO+dE+Mu)    :   -195311.86617 kcal/mol
 Total mean interaction energy in the mix          :        -4.54025 kcal/mol
 Misfit interaction energy in the mix              :         3.24122 kcal/mol
 H-Bond interaction energy in the mix              :        -0.18483 kcal/mol
 VdW interaction energy in the mix                 :       -18.58138 kcal/mol
 Gas liquid transition energy in the mix (H_glt)   :        10.98474 kcal/mol
 Normalized weight factor of molecule in compound  :         0.60828
 Normalized weight factor of molecule in gas phase :         0.58280

 Compound: 2 Conformer: 2 (3-hexanone_c1)
 Chemical potential of the molecule in the mixture :         3.57461 kcal/mol
 Log10(partial pressure [mbar])                    :         1.61998
 Free energy of molecule in mix (E_COSMO+dE+Mu)    :   -195311.33553 kcal/mol
 Total mean interaction energy in the mix          :        -4.48450 kcal/mol
 Misfit interaction energy in the mix              :         3.32064 kcal/mol
 H-Bond interaction energy in the mix              :        -0.30468 kcal/mol
 VdW interaction energy in the mix                 :       -18.48520 kcal/mol
 Gas liquid transition energy in the mix (H_glt)   :        10.98474 kcal/mol
 Normalized weight factor of molecule in compound  :         0.25894
 Normalized weight factor of molecule in gas phase :         0.27267

 Compound: 2 Conformer: 3 (3-hexanone_c2)
 Chemical potential of the molecule in the mixture :         3.59856 kcal/mol
 Log10(partial pressure [mbar])                    :         1.63435
 Free energy of molecule in mix (E_COSMO+dE+Mu)    :   -195310.92055 kcal/mol
 Total mean interaction energy in the mix          :        -4.46751 kcal/mol
 Misfit interaction energy in the mix              :         3.32202 kcal/mol
 H-Bond interaction energy in the mix              :        -0.30906 kcal/mol
 VdW interaction energy in the mix                 :       -18.46521 kcal/mol
 Gas liquid transition energy in the mix (H_glt)   :        10.98474 kcal/mol
 Normalized weight factor of molecule in compound  :         0.13278
 Normalized weight factor of molecule in gas phase :         0.14453

 Compound: 3 Conformer: 1 (lacticacid_c0)
 Chemical potential of the molecule in the mixture :         5.70365 kcal/mol
 Log10(partial pressure [mbar])                    :        -1.06595
 Free energy of molecule in mix (E_COSMO+dE+Mu)    :   -215742.97650 kcal/mol
 Total mean interaction energy in the mix          :        -4.74767 kcal/mol
 Misfit interaction energy in the mix              :         2.91715 kcal/mol
 H-Bond interaction energy in the mix              :        -2.05573 kcal/mol
 VdW interaction energy in the mix                 :       -13.86094 kcal/mol
 Gas liquid transition energy in the mix (H_glt)   :         8.25184 kcal/mol
 Normalized weight factor of molecule in compound  :         0.07732
 Normalized weight factor of molecule in gas phase :         0.00600

 Compound: 3 Conformer: 2 (lacticacid_c1)
 Chemical potential of the molecule in the mixture :         6.08472 kcal/mol
 Log10(partial pressure [mbar])                    :        -0.40860
 Free energy of molecule in mix (E_COSMO+dE+Mu)    :   -215742.41393 kcal/mol
 Total mean interaction energy in the mix          :        -4.45774 kcal/mol
 Misfit interaction energy in the mix              :         2.91156 kcal/mol
 H-Bond interaction energy in the mix              :        -1.79340 kcal/mol
 VdW interaction energy in the mix                 :       -13.82773 kcal/mol
 Gas liquid transition energy in the mix (H_glt)   :         8.25184 kcal/mol
 Normalized weight factor of molecule in compound  :         0.03127
 Normalized weight factor of molecule in gas phase :         0.01132

 Compound: 3 Conformer: 3 (lacticacid_c2)
 Chemical potential of the molecule in the mixture :         3.34263 kcal/mol
 Log10(partial pressure [mbar])                    :        -0.34633
 Free energy of molecule in mix (E_COSMO+dE+Mu)    :   -215744.26384 kcal/mol
 Total mean interaction energy in the mix          :        -5.82459 kcal/mol
 Misfit interaction energy in the mix              :         2.27689 kcal/mol
 H-Bond interaction energy in the mix              :        -2.44829 kcal/mol
 VdW interaction energy in the mix                 :       -13.90503 kcal/mol
 Gas liquid transition energy in the mix (H_glt)   :         8.25184 kcal/mol
 Normalized weight factor of molecule in compound  :         0.61393
 Normalized weight factor of molecule in gas phase :         0.93343

 Compound: 3 Conformer: 4 (lacticacid_c3)
 Chemical potential of the molecule in the mixture :         2.94152 kcal/mol
 Log10(partial pressure [mbar])                    :        -1.66493
 Free energy of molecule in mix (E_COSMO+dE+Mu)    :   -215743.24392 kcal/mol
 Total mean interaction energy in the mix          :        -6.62373 kcal/mol
 Misfit interaction energy in the mix              :         2.54522 kcal/mol
 H-Bond interaction energy in the mix              :        -3.53755 kcal/mol
 VdW interaction energy in the mix                 :       -13.88323 kcal/mol
 Gas liquid transition energy in the mix (H_glt)   :         8.25184 kcal/mol
 Normalized weight factor of molecule in compound  :         0.11891
 Normalized weight factor of molecule in gas phase :         0.02803

 Compound: 3 Conformer: 5 (lacticacid_c4)
 Chemical potential of the molecule in the mixture :         3.29402 kcal/mol
 Log10(partial pressure [mbar])                    :        -2.98169
 Free energy of molecule in mix (E_COSMO+dE+Mu)    :   -215742.80481 kcal/mol
 Total mean interaction energy in the mix          :        -6.71175 kcal/mol
 Misfit interaction energy in the mix              :         2.96161 kcal/mol
 H-Bond interaction energy in the mix              :        -4.00067 kcal/mol
 VdW interaction energy in the mix                 :       -13.92454 kcal/mol
 Gas liquid transition energy in the mix (H_glt)   :         8.25184 kcal/mol
 Normalized weight factor of molecule in compound  :         0.05866
 Normalized weight factor of molecule in gas phase :         0.00067

 Compound: 3 Conformer: 6 (lacticacid_c5)
 Chemical potential of the molecule in the mixture :         2.89975 kcal/mol
 Log10(partial pressure [mbar])                    :        -1.72382
 Free energy of molecule in mix (E_COSMO+dE+Mu)    :   -215743.13572 kcal/mol
 Total mean interaction energy in the mix          :        -6.67687 kcal/mol
 Misfit interaction energy in the mix              :         2.51925 kcal/mol
 H-Bond interaction energy in the mix              :        -3.53990 kcal/mol
 VdW interaction energy in the mix                 :       -13.90807 kcal/mol
 Gas liquid transition energy in the mix (H_glt)   :         8.25184 kcal/mol
 Normalized weight factor of molecule in compound  :         0.09991
 Normalized weight factor of molecule in gas phase :         0.02055




 Results for mixture 21 - LIQ_EX Phase 1 Iteration   10
 ----------------------
 Temperature          :    312.668 K
 Compound Nr.         :         1         2         3
 Compound             :       h2o 3-hexanon lacticaci
 Mole Fraction        :    0.9956    0.0028    0.0015

 Compound: 1  (h2o)
 Chemical potential of the compound in the mixture :         3.45540 kcal/mol
 Log10(partial pressure [mbar])                    :         1.51675
 Free energy of molecule in mix (E_COSMO+dE+Mu)    :    -47989.79787 kcal/mol
 Total mean interaction energy in the mix (H_int)  :        -5.55270 kcal/mol
 Misfit interaction energy in the mix (H_MF)       :         0.58925 kcal/mol
 H-Bond interaction energy in the mix (H_HB)       :        -4.73171 kcal/mol
 VdW interaction energy in the mix (H_vdW)         :        -4.34229 kcal/mol
 Gas liquid transition energy in the mix (H_glt)   :         2.93205 kcal/mol

 Compound: 2  (3-hexanone)
 Chemical potential of the compound in the mixture :         6.61743 kcal/mol
 Log10(partial pressure [mbar])                    :         4.09375
 Free energy of molecule in mix (E_COSMO+dE+Mu)    :   -195308.60379 kcal/mol
 Total mean interaction energy in the mix (H_int)  :        -6.32568 kcal/mol
 Misfit interaction energy in the mix (H_MF)       :         2.47025 kcal/mol
 H-Bond interaction energy in the mix (H_HB)       :        -2.09816 kcal/mol
 VdW interaction energy in the mix (H_vdW)         :       -17.91512 kcal/mol
 Gas liquid transition energy in the mix (H_glt)   :        10.98474 kcal/mol

 Compound: 3  (lacticacid)
 Chemical potential of the compound in the mixture :         4.41405 kcal/mol
 Log10(partial pressure [mbar])                    :        -0.82706
 Free energy of molecule in mix (E_COSMO+dE+Mu)    :   -215744.26609 kcal/mol
 Total mean interaction energy in the mix (H_int)  :        -7.86367 kcal/mol
 Misfit interaction energy in the mix (H_MF)       :         1.99471 kcal/mol
 H-Bond interaction energy in the mix (H_HB)       :        -7.02586 kcal/mol
 VdW interaction energy in the mix (H_vdW)         :       -13.29422 kcal/mol
 Gas liquid transition energy in the mix (H_glt)   :         8.25184 kcal/mol



 Compound: 1 Conformer: 1 (h2o_c0)
 Chemical potential of the molecule in the mixture :         3.45540 kcal/mol
 Log10(partial pressure [mbar])                    :         1.51675
 Free energy of molecule in mix (E_COSMO+dE+Mu)    :    -47989.79787 kcal/mol
 Total mean interaction energy in the mix          :        -5.55270 kcal/mol
 Misfit interaction energy in the mix              :         0.58925 kcal/mol
 H-Bond interaction energy in the mix              :        -4.73171 kcal/mol
 VdW interaction energy in the mix                 :        -4.34229 kcal/mol
 Gas liquid transition energy in the mix (H_glt)   :         2.93205 kcal/mol
 Normalized weight factor of molecule in compound  :         1.00000
 Normalized weight factor of molecule in gas phase :         1.00000

 Compound: 2 Conformer: 1 (3-hexanone_c0)
 Chemical potential of the molecule in the mixture :         7.08859 kcal/mol
 Log10(partial pressure [mbar])                    :         4.18860
 Free energy of molecule in mix (E_COSMO+dE+Mu)    :   -195308.13263 kcal/mol
 Total mean interaction energy in the mix          :        -6.41108 kcal/mol
 Misfit interaction energy in the mix              :         2.50098 kcal/mol
 H-Bond interaction energy in the mix              :        -1.92685 kcal/mol
 VdW interaction energy in the mix                 :       -17.96994 kcal/mol
 Gas liquid transition energy in the mix (H_glt)   :        10.98474 kcal/mol
 Normalized weight factor of molecule in compound  :         0.46846
 Normalized weight factor of molecule in gas phase :         0.58280

 Compound: 2 Conformer: 2 (3-hexanone_c1)
 Chemical potential of the molecule in the mixture :         6.94195 kcal/mol
 Log10(partial pressure [mbar])                    :         3.97365
 Free energy of molecule in mix (E_COSMO+dE+Mu)    :   -195307.96820 kcal/mol
 Total mean interaction energy in the mix          :        -6.71256 kcal/mol
 Misfit interaction energy in the mix              :         2.44258 kcal/mol
 H-Bond interaction energy in the mix              :        -2.26697 kcal/mol
 VdW interaction energy in the mix                 :       -17.87291 kcal/mol
 Gas liquid transition energy in the mix (H_glt)   :        10.98474 kcal/mol
 Normalized weight factor of molecule in compound  :         0.35954
 Normalized weight factor of molecule in gas phase :         0.27267

 Compound: 2 Conformer: 3 (3-hexanone_c2)
 Chemical potential of the molecule in the mixture :         7.00903 kcal/mol
 Log10(partial pressure [mbar])                    :         4.01816
 Free energy of molecule in mix (E_COSMO+dE+Mu)    :   -195307.51008 kcal/mol
 Total mean interaction energy in the mix          :        -6.63672 kcal/mol
 Misfit interaction energy in the mix              :         2.44440 kcal/mol
 H-Bond interaction energy in the mix              :        -2.21184 kcal/mol
 VdW interaction energy in the mix                 :       -17.85402 kcal/mol
 Gas liquid transition energy in the mix (H_glt)   :        10.98474 kcal/mol
 Normalized weight factor of molecule in compound  :         0.17200
 Normalized weight factor of molecule in gas phase :         0.14453

 Compound: 3 Conformer: 1 (lacticacid_c0)
 Chemical potential of the molecule in the mixture :         6.36138 kcal/mol
 Log10(partial pressure [mbar])                    :        -0.60621
 Free energy of molecule in mix (E_COSMO+dE+Mu)    :   -215742.31876 kcal/mol
 Total mean interaction energy in the mix          :        -7.35275 kcal/mol
 Misfit interaction energy in the mix              :         2.03064 kcal/mol
 H-Bond interaction energy in the mix              :        -4.39175 kcal/mol
 VdW interaction energy in the mix                 :       -13.24348 kcal/mol
 Gas liquid transition energy in the mix (H_glt)   :         8.25184 kcal/mol
 Normalized weight factor of molecule in compound  :         0.04354
 Normalized weight factor of molecule in gas phase :         0.00600

 Compound: 3 Conformer: 2 (lacticacid_c1)
 Chemical potential of the molecule in the mixture :         6.48463 kcal/mol
 Log10(partial pressure [mbar])                    :        -0.12908
 Free energy of molecule in mix (E_COSMO+dE+Mu)    :   -215742.01402 kcal/mol
 Total mean interaction energy in the mix          :        -6.91755 kcal/mol
 Misfit interaction energy in the mix              :         2.13828 kcal/mol
 H-Bond interaction energy in the mix              :        -4.08702 kcal/mol
 VdW interaction energy in the mix                 :       -13.22065 kcal/mol
 Gas liquid transition energy in the mix (H_glt)   :         8.25184 kcal/mol
 Normalized weight factor of molecule in compound  :         0.02666
 Normalized weight factor of molecule in gas phase :         0.01132

 Compound: 3 Conformer: 3 (lacticacid_c2)
 Chemical potential of the molecule in the mixture :         4.63419 kcal/mol
 Log10(partial pressure [mbar])                    :         0.55644
 Free energy of molecule in mix (E_COSMO+dE+Mu)    :   -215742.97227 kcal/mol
 Total mean interaction energy in the mix          :        -8.02161 kcal/mol
 Misfit interaction energy in the mix              :         2.07006 kcal/mol
 H-Bond interaction energy in the mix              :        -5.03763 kcal/mol
 VdW interaction energy in the mix                 :       -13.30588 kcal/mol
 Gas liquid transition energy in the mix (H_glt)   :         8.25184 kcal/mol
 Normalized weight factor of molecule in compound  :         0.12464
 Normalized weight factor of molecule in gas phase :         0.93343

 Compound: 3 Conformer: 4 (lacticacid_c3)
 Chemical potential of the molecule in the mixture :         2.88490 kcal/mol
 Log10(partial pressure [mbar])                    :        -1.70451
 Free energy of molecule in mix (E_COSMO+dE+Mu)    :   -215743.30053 kcal/mol
 Total mean interaction energy in the mix          :       -10.13412 kcal/mol
 Misfit interaction energy in the mix              :         1.99204 kcal/mol
 H-Bond interaction energy in the mix              :        -7.09610 kcal/mol
 VdW interaction energy in the mix                 :       -13.28190 kcal/mol
 Gas liquid transition energy in the mix (H_glt)   :         8.25184 kcal/mol
 Normalized weight factor of molecule in compound  :         0.21140
 Normalized weight factor of molecule in gas phase :         0.02803

 Compound: 3 Conformer: 5 (lacticacid_c4)
 Chemical potential of the molecule in the mixture :         2.37478 kcal/mol
 Log10(partial pressure [mbar])                    :        -3.62422
 Free energy of molecule in mix (E_COSMO+dE+Mu)    :   -215743.72405 kcal/mol
 Total mean interaction energy in the mix          :       -11.08240 kcal/mol
 Misfit interaction energy in the mix              :         1.97210 kcal/mol
 H-Bond interaction energy in the mix              :        -8.00327 kcal/mol
 VdW interaction energy in the mix                 :       -13.30307 kcal/mol
 Gas liquid transition energy in the mix (H_glt)   :         8.25184 kcal/mol
 Normalized weight factor of molecule in compound  :         0.41796
 Normalized weight factor of molecule in gas phase :         0.00067

 Compound: 3 Conformer: 6 (lacticacid_c5)
 Chemical potential of the molecule in the mixture :         2.84950 kcal/mol
 Log10(partial pressure [mbar])                    :        -1.75894
 Free energy of molecule in mix (E_COSMO+dE+Mu)    :   -215743.18596 kcal/mol
 Total mean interaction energy in the mix          :       -10.20935 kcal/mol
 Misfit interaction energy in the mix              :         1.96757 kcal/mol
 H-Bond interaction energy in the mix              :        -7.12534 kcal/mol
 VdW interaction energy in the mix                 :       -13.30342 kcal/mol
 Gas liquid transition energy in the mix (H_glt)   :         8.25184 kcal/mol
 Normalized weight factor of molecule in compound  :         0.17580
 Normalized weight factor of molecule in gas phase :         0.02055




 Results for mixture 22 - LIQ_EX Phase 2 Iteration   10
 ----------------------
 Temperature          :    312.668 K
 Compound Nr.         :         1         2         3
 Compound             :       h2o 3-hexanon lacticaci
 Mole Fraction        :    0.1070    0.8905    0.0025

 Compound: 1  (h2o)
 Chemical potential of the compound in the mixture :         4.83707 kcal/mol
 Log10(partial pressure [mbar])                    :         2.48250
 Free energy of molecule in mix (E_COSMO+dE+Mu)    :    -47988.41620 kcal/mol
 Total mean interaction energy in the mix (H_int)  :        -3.05103 kcal/mol
 Misfit interaction energy in the mix (H_MF)       :         1.33750 kcal/mol
 H-Bond interaction energy in the mix (H_HB)       :        -2.76568 kcal/mol
 VdW interaction energy in the mix (H_vdW)         :        -4.55490 kcal/mol
 Gas liquid transition energy in the mix (H_glt)   :         2.93205 kcal/mol
 Equilibrium constant Kx(1,2)                      :         9.24159
 Equilibrium concentration x_k(1,2)                :         0.90236

 Compound: 2  (3-hexanone)
 Chemical potential of the compound in the mixture :         3.04652 kcal/mol
 Log10(partial pressure [mbar])                    :         1.59779
 Free energy of molecule in mix (E_COSMO+dE+Mu)    :   -195312.17470 kcal/mol
 Total mean interaction energy in the mix (H_int)  :        -4.34384 kcal/mol
 Misfit interaction energy in the mix (H_MF)       :         3.27256 kcal/mol
 H-Bond interaction energy in the mix (H_HB)       :        -0.23414 kcal/mol
 VdW interaction energy in the mix (H_vdW)         :       -18.54083 kcal/mol
 Gas liquid transition energy in the mix (H_glt)   :        10.98474 kcal/mol
 Equilibrium constant Kx(1,2)                      :  3.19183715E-03
 Equilibrium concentration x_k(1,2)                :         0.00318

 Compound: 3  (lacticacid)
 Chemical potential of the compound in the mixture :         4.11095 kcal/mol
 Log10(partial pressure [mbar])                    :        -1.03892
 Free energy of molecule in mix (E_COSMO+dE+Mu)    :   -215744.56919 kcal/mol
 Total mean interaction energy in the mix (H_int)  :        -4.55739 kcal/mol
 Misfit interaction energy in the mix (H_MF)       :         2.44121 kcal/mol
 H-Bond interaction energy in the mix (H_HB)       :        -2.73070 kcal/mol
 VdW interaction energy in the mix (H_vdW)         :       -13.89775 kcal/mol
 Gas liquid transition energy in the mix (H_glt)   :         8.25184 kcal/mol
 Equilibrium constant Kx(1,2)                      :         0.61396
 Equilibrium concentration x_k(1,2)                :         0.38041



 Compound: 1 Conformer: 1 (h2o_c0)
 Chemical potential of the molecule in the mixture :         4.83707 kcal/mol
 Log10(partial pressure [mbar])                    :         2.48250
 Free energy of molecule in mix (E_COSMO+dE+Mu)    :    -47988.41620 kcal/mol
 Total mean interaction energy in the mix          :        -3.05103 kcal/mol
 Misfit interaction energy in the mix              :         1.33750 kcal/mol
 H-Bond interaction energy in the mix              :        -2.76568 kcal/mol
 VdW interaction energy in the mix                 :        -4.55490 kcal/mol
 Gas liquid transition energy in the mix (H_glt)   :         2.93205 kcal/mol
 Normalized weight factor of molecule in compound  :         1.00000
 Normalized weight factor of molecule in gas phase :         1.00000

 Compound: 2 Conformer: 1 (3-hexanone_c0)
 Chemical potential of the molecule in the mixture :         3.35551 kcal/mol
 Log10(partial pressure [mbar])                    :         1.57929
 Free energy of molecule in mix (E_COSMO+dE+Mu)    :   -195311.86570 kcal/mol
 Total mean interaction energy in the mix          :        -4.54143 kcal/mol
 Misfit interaction energy in the mix              :         3.24129 kcal/mol
 H-Bond interaction energy in the mix              :        -0.18628 kcal/mol
 VdW interaction energy in the mix                 :       -18.58118 kcal/mol
 Gas liquid transition energy in the mix (H_glt)   :        10.98474 kcal/mol
 Normalized weight factor of molecule in compound  :         0.60817
 Normalized weight factor of molecule in gas phase :         0.58280

 Compound: 2 Conformer: 2 (3-hexanone_c1)
 Chemical potential of the molecule in the mixture :         3.57479 kcal/mol
 Log10(partial pressure [mbar])                    :         1.62011
 Free energy of molecule in mix (E_COSMO+dE+Mu)    :   -195311.33535 kcal/mol
 Total mean interaction energy in the mix          :        -4.48653 kcal/mol
 Misfit interaction energy in the mix              :         3.32064 kcal/mol
 H-Bond interaction energy in the mix              :        -0.30694 kcal/mol
 VdW interaction energy in the mix                 :       -18.48497 kcal/mol
 Gas liquid transition energy in the mix (H_glt)   :        10.98474 kcal/mol
 Normalized weight factor of molecule in compound  :         0.25901
 Normalized weight factor of molecule in gas phase :         0.27267

 Compound: 2 Conformer: 3 (3-hexanone_c2)
 Chemical potential of the molecule in the mixture :         3.59874 kcal/mol
 Log10(partial pressure [mbar])                    :         1.63447
 Free energy of molecule in mix (E_COSMO+dE+Mu)    :   -195310.92037 kcal/mol
 Total mean interaction energy in the mix          :        -4.46953 kcal/mol
 Misfit interaction energy in the mix              :         3.32201 kcal/mol
 H-Bond interaction energy in the mix              :        -0.31130 kcal/mol
 VdW interaction energy in the mix                 :       -18.46498 kcal/mol
 Gas liquid transition energy in the mix (H_glt)   :        10.98474 kcal/mol
 Normalized weight factor of molecule in compound  :         0.13282
 Normalized weight factor of molecule in gas phase :         0.14453

 Compound: 3 Conformer: 1 (lacticacid_c0)
 Chemical potential of the molecule in the mixture :         5.70173 kcal/mol
 Log10(partial pressure [mbar])                    :        -1.06729
 Free energy of molecule in mix (E_COSMO+dE+Mu)    :   -215742.97841 kcal/mol
 Total mean interaction energy in the mix          :        -4.75108 kcal/mol
 Misfit interaction energy in the mix              :         2.91531 kcal/mol
 H-Bond interaction energy in the mix              :        -2.05758 kcal/mol
 VdW interaction energy in the mix                 :       -13.86066 kcal/mol
 Gas liquid transition energy in the mix (H_glt)   :         8.25184 kcal/mol
 Normalized weight factor of molecule in compound  :         0.07728
 Normalized weight factor of molecule in gas phase :         0.00600

 Compound: 3 Conformer: 2 (lacticacid_c1)
 Chemical potential of the molecule in the mixture :         6.08219 kcal/mol
 Log10(partial pressure [mbar])                    :        -0.41037
 Free energy of molecule in mix (E_COSMO+dE+Mu)    :   -215742.41645 kcal/mol
 Total mean interaction energy in the mix          :        -4.46138 kcal/mol
 Misfit interaction energy in the mix              :         2.91003 kcal/mol
 H-Bond interaction energy in the mix              :        -1.79582 kcal/mol
 VdW interaction energy in the mix                 :       -13.82743 kcal/mol
 Gas liquid transition energy in the mix (H_glt)   :         8.25184 kcal/mol
 Normalized weight factor of molecule in compound  :         0.03128
 Normalized weight factor of molecule in gas phase :         0.01132

 Compound: 3 Conformer: 3 (lacticacid_c2)
 Chemical potential of the molecule in the mixture :         3.34096 kcal/mol
 Log10(partial pressure [mbar])                    :        -0.34749
 Free energy of molecule in mix (E_COSMO+dE+Mu)    :   -215744.26551 kcal/mol
 Total mean interaction energy in the mix          :        -5.82803 kcal/mol
 Misfit interaction energy in the mix              :         2.27565 kcal/mol
 H-Bond interaction energy in the mix              :        -2.45077 kcal/mol
 VdW interaction energy in the mix                 :       -13.90474 kcal/mol
 Gas liquid transition energy in the mix (H_glt)   :         8.25184 kcal/mol
 Normalized weight factor of molecule in compound  :         0.61338
 Normalized weight factor of molecule in gas phase :         0.93343

 Compound: 3 Conformer: 4 (lacticacid_c3)
 Chemical potential of the molecule in the mixture :         2.93817 kcal/mol
 Log10(partial pressure [mbar])                    :        -1.66727
 Free energy of molecule in mix (E_COSMO+dE+Mu)    :   -215743.24727 kcal/mol
 Total mean interaction energy in the mix          :        -6.62914 kcal/mol
 Misfit interaction energy in the mix              :         2.54338 kcal/mol
 H-Bond interaction energy in the mix              :        -3.54148 kcal/mol
 VdW interaction energy in the mix                 :       -13.88288 kcal/mol
 Gas liquid transition energy in the mix (H_glt)   :         8.25184 kcal/mol
 Normalized weight factor of molecule in compound  :         0.11913
 Normalized weight factor of molecule in gas phase :         0.02803

 Compound: 3 Conformer: 5 (lacticacid_c4)
 Chemical potential of the molecule in the mixture :         3.28985 kcal/mol
 Log10(partial pressure [mbar])                    :        -2.98461
 Free energy of molecule in mix (E_COSMO+dE+Mu)    :   -215742.80898 kcal/mol
 Total mean interaction energy in the mix          :        -6.71903 kcal/mol
 Misfit interaction energy in the mix              :         2.95883 kcal/mol
 H-Bond interaction energy in the mix              :        -4.00554 kcal/mol
 VdW interaction energy in the mix                 :       -13.92416 kcal/mol
 Gas liquid transition energy in the mix (H_glt)   :         8.25184 kcal/mol
 Normalized weight factor of molecule in compound  :         0.05884
 Normalized weight factor of molecule in gas phase :         0.00067

 Compound: 3 Conformer: 6 (lacticacid_c5)
 Chemical potential of the molecule in the mixture :         2.89643 kcal/mol
 Log10(partial pressure [mbar])                    :        -1.72614
 Free energy of molecule in mix (E_COSMO+dE+Mu)    :   -215743.13903 kcal/mol
 Total mean interaction energy in the mix          :        -6.68229 kcal/mol
 Misfit interaction energy in the mix              :         2.51734 kcal/mol
 H-Bond interaction energy in the mix              :        -3.54377 kcal/mol
 VdW interaction energy in the mix                 :       -13.90771 kcal/mol
 Gas liquid transition energy in the mix (H_glt)   :         8.25184 kcal/mol
 Normalized weight factor of molecule in compound  :         0.10008
 Normalized weight factor of molecule in gas phase :         0.02055




 Results for mixture 23 - LIQ_EX Phase 1 Iteration   11
 ----------------------
 Temperature          :    312.668 K
 Compound Nr.         :         1         2         3
 Compound             :       h2o 3-hexanon lacticaci
 Mole Fraction        :    0.9956    0.0028    0.0015

 Compound: 1  (h2o)
 Chemical potential of the compound in the mixture :         3.45540 kcal/mol
 Log10(partial pressure [mbar])                    :         1.51675
 Free energy of molecule in mix (E_COSMO+dE+Mu)    :    -47989.79787 kcal/mol
 Total mean interaction energy in the mix (H_int)  :        -5.55269 kcal/mol
 Misfit interaction energy in the mix (H_MF)       :         0.58925 kcal/mol
 H-Bond interaction energy in the mix (H_HB)       :        -4.73171 kcal/mol
 VdW interaction energy in the mix (H_vdW)         :        -4.34228 kcal/mol
 Gas liquid transition energy in the mix (H_glt)   :         2.93205 kcal/mol

 Compound: 2  (3-hexanone)
 Chemical potential of the compound in the mixture :         6.61756 kcal/mol
 Log10(partial pressure [mbar])                    :         4.09384
 Free energy of molecule in mix (E_COSMO+dE+Mu)    :   -195308.60365 kcal/mol
 Total mean interaction energy in the mix (H_int)  :        -6.32572 kcal/mol
 Misfit interaction energy in the mix (H_MF)       :         2.47019 kcal/mol
 H-Bond interaction energy in the mix (H_HB)       :        -2.09817 kcal/mol
 VdW interaction energy in the mix (H_vdW)         :       -17.91509 kcal/mol
 Gas liquid transition energy in the mix (H_glt)   :        10.98474 kcal/mol

 Compound: 3  (lacticacid)
 Chemical potential of the compound in the mixture :         4.41410 kcal/mol
 Log10(partial pressure [mbar])                    :        -0.82703
 Free energy of molecule in mix (E_COSMO+dE+Mu)    :   -215744.26605 kcal/mol
 Total mean interaction energy in the mix (H_int)  :        -7.86371 kcal/mol
 Misfit interaction energy in the mix (H_MF)       :         1.99468 kcal/mol
 H-Bond interaction energy in the mix (H_HB)       :        -7.02591 kcal/mol
 VdW interaction energy in the mix (H_vdW)         :       -13.29420 kcal/mol
 Gas liquid transition energy in the mix (H_glt)   :         8.25184 kcal/mol



 Compound: 1 Conformer: 1 (h2o_c0)
 Chemical potential of the molecule in the mixture :         3.45540 kcal/mol
 Log10(partial pressure [mbar])                    :         1.51675
 Free energy of molecule in mix (E_COSMO+dE+Mu)    :    -47989.79787 kcal/mol
 Total mean interaction energy in the mix          :        -5.55269 kcal/mol
 Misfit interaction energy in the mix              :         0.58925 kcal/mol
 H-Bond interaction energy in the mix              :        -4.73171 kcal/mol
 VdW interaction energy in the mix                 :        -4.34228 kcal/mol
 Gas liquid transition energy in the mix (H_glt)   :         2.93205 kcal/mol
 Normalized weight factor of molecule in compound  :         1.00000
 Normalized weight factor of molecule in gas phase :         1.00000

 Compound: 2 Conformer: 1 (3-hexanone_c0)
 Chemical potential of the molecule in the mixture :         7.08872 kcal/mol
 Log10(partial pressure [mbar])                    :         4.18869
 Free energy of molecule in mix (E_COSMO+dE+Mu)    :   -195308.13249 kcal/mol
 Total mean interaction energy in the mix          :        -6.41112 kcal/mol
 Misfit interaction energy in the mix              :         2.50092 kcal/mol
 H-Bond interaction energy in the mix              :        -1.92686 kcal/mol
 VdW interaction energy in the mix                 :       -17.96992 kcal/mol
 Gas liquid transition energy in the mix (H_glt)   :        10.98474 kcal/mol
 Normalized weight factor of molecule in compound  :         0.46846
 Normalized weight factor of molecule in gas phase :         0.58280

 Compound: 2 Conformer: 2 (3-hexanone_c1)
 Chemical potential of the molecule in the mixture :         6.94208 kcal/mol
 Log10(partial pressure [mbar])                    :         3.97374
 Free energy of molecule in mix (E_COSMO+dE+Mu)    :   -195307.96807 kcal/mol
 Total mean interaction energy in the mix          :        -6.71261 kcal/mol
 Misfit interaction energy in the mix              :         2.44251 kcal/mol
 H-Bond interaction energy in the mix              :        -2.26698 kcal/mol
 VdW interaction energy in the mix                 :       -17.87288 kcal/mol
 Gas liquid transition energy in the mix (H_glt)   :        10.98474 kcal/mol
 Normalized weight factor of molecule in compound  :         0.35954
 Normalized weight factor of molecule in gas phase :         0.27267

 Compound: 2 Conformer: 3 (3-hexanone_c2)
 Chemical potential of the molecule in the mixture :         7.00916 kcal/mol
 Log10(partial pressure [mbar])                    :         4.01826
 Free energy of molecule in mix (E_COSMO+dE+Mu)    :   -195307.50995 kcal/mol
 Total mean interaction energy in the mix          :        -6.63676 kcal/mol
 Misfit interaction energy in the mix              :         2.44434 kcal/mol
 H-Bond interaction energy in the mix              :        -2.21185 kcal/mol
 VdW interaction energy in the mix                 :       -17.85400 kcal/mol
 Gas liquid transition energy in the mix (H_glt)   :        10.98474 kcal/mol
 Normalized weight factor of molecule in compound  :         0.17200
 Normalized weight factor of molecule in gas phase :         0.14453

 Compound: 3 Conformer: 1 (lacticacid_c0)
 Chemical potential of the molecule in the mixture :         6.36144 kcal/mol
 Log10(partial pressure [mbar])                    :        -0.60618
 Free energy of molecule in mix (E_COSMO+dE+Mu)    :   -215742.31870 kcal/mol
 Total mean interaction energy in the mix          :        -7.35278 kcal/mol
 Misfit interaction energy in the mix              :         2.03061 kcal/mol
 H-Bond interaction energy in the mix              :        -4.39177 kcal/mol
 VdW interaction energy in the mix                 :       -13.24346 kcal/mol
 Gas liquid transition energy in the mix (H_glt)   :         8.25184 kcal/mol
 Normalized weight factor of molecule in compound  :         0.04354
 Normalized weight factor of molecule in gas phase :         0.00600

 Compound: 3 Conformer: 2 (lacticacid_c1)
 Chemical potential of the molecule in the mixture :         6.48468 kcal/mol
 Log10(partial pressure [mbar])                    :        -0.12904
 Free energy of molecule in mix (E_COSMO+dE+Mu)    :   -215742.01397 kcal/mol
 Total mean interaction energy in the mix          :        -6.91757 kcal/mol
 Misfit interaction energy in the mix              :         2.13826 kcal/mol
 H-Bond interaction energy in the mix              :        -4.08704 kcal/mol
 VdW interaction energy in the mix                 :       -13.22063 kcal/mol
 Gas liquid transition energy in the mix (H_glt)   :         8.25184 kcal/mol
 Normalized weight factor of molecule in compound  :         0.02666
 Normalized weight factor of molecule in gas phase :         0.01132

 Compound: 3 Conformer: 3 (lacticacid_c2)
 Chemical potential of the molecule in the mixture :         4.63426 kcal/mol
 Log10(partial pressure [mbar])                    :         0.55648
 Free energy of molecule in mix (E_COSMO+dE+Mu)    :   -215742.97221 kcal/mol
 Total mean interaction energy in the mix          :        -8.02163 kcal/mol
 Misfit interaction energy in the mix              :         2.07004 kcal/mol
 H-Bond interaction energy in the mix              :        -5.03765 kcal/mol
 VdW interaction energy in the mix                 :       -13.30586 kcal/mol
 Gas liquid transition energy in the mix (H_glt)   :         8.25184 kcal/mol
 Normalized weight factor of molecule in compound  :         0.12464
 Normalized weight factor of molecule in gas phase :         0.93343

 Compound: 3 Conformer: 4 (lacticacid_c3)
 Chemical potential of the molecule in the mixture :         2.88494 kcal/mol
 Log10(partial pressure [mbar])                    :        -1.70448
 Free energy of molecule in mix (E_COSMO+dE+Mu)    :   -215743.30049 kcal/mol
 Total mean interaction energy in the mix          :       -10.13415 kcal/mol
 Misfit interaction energy in the mix              :         1.99202 kcal/mol
 H-Bond interaction energy in the mix              :        -7.09613 kcal/mol
 VdW interaction energy in the mix                 :       -13.28188 kcal/mol
 Gas liquid transition energy in the mix (H_glt)   :         8.25184 kcal/mol
 Normalized weight factor of molecule in compound  :         0.21140
 Normalized weight factor of molecule in gas phase :         0.02803

 Compound: 3 Conformer: 5 (lacticacid_c4)
 Chemical potential of the molecule in the mixture :         2.37481 kcal/mol
 Log10(partial pressure [mbar])                    :        -3.62419
 Free energy of molecule in mix (E_COSMO+dE+Mu)    :   -215743.72402 kcal/mol
 Total mean interaction energy in the mix          :       -11.08244 kcal/mol
 Misfit interaction energy in the mix              :         1.97208 kcal/mol
 H-Bond interaction energy in the mix              :        -8.00330 kcal/mol
 VdW interaction energy in the mix                 :       -13.30305 kcal/mol
 Gas liquid transition energy in the mix (H_glt)   :         8.25184 kcal/mol
 Normalized weight factor of molecule in compound  :         0.41796
 Normalized weight factor of molecule in gas phase :         0.00067

 Compound: 3 Conformer: 6 (lacticacid_c5)
 Chemical potential of the molecule in the mixture :         2.84955 kcal/mol
 Log10(partial pressure [mbar])                    :        -1.75891
 Free energy of molecule in mix (E_COSMO+dE+Mu)    :   -215743.18592 kcal/mol
 Total mean interaction energy in the mix          :       -10.20938 kcal/mol
 Misfit interaction energy in the mix              :         1.96755 kcal/mol
 H-Bond interaction energy in the mix              :        -7.12537 kcal/mol
 VdW interaction energy in the mix                 :       -13.30340 kcal/mol
 Gas liquid transition energy in the mix (H_glt)   :         8.25184 kcal/mol
 Normalized weight factor of molecule in compound  :         0.17580
 Normalized weight factor of molecule in gas phase :         0.02055




 Results for mixture 24 - LIQ_EX Phase 2 Iteration   11
 ----------------------
 Temperature          :    312.668 K
 Compound Nr.         :         1         2         3
 Compound             :       h2o 3-hexanon lacticaci
 Mole Fraction        :    0.1076    0.8899    0.0025

 Compound: 1  (h2o)
 Chemical potential of the compound in the mixture :         4.83519 kcal/mol
 Log10(partial pressure [mbar])                    :         2.48119
 Free energy of molecule in mix (E_COSMO+dE+Mu)    :    -47988.41808 kcal/mol
 Total mean interaction energy in the mix (H_int)  :        -3.05449 kcal/mol
 Misfit interaction energy in the mix (H_MF)       :         1.33604 kcal/mol
 H-Bond interaction energy in the mix (H_HB)       :        -2.76780 kcal/mol
 VdW interaction energy in the mix (H_vdW)         :        -4.55478 kcal/mol
 Gas liquid transition energy in the mix (H_glt)   :         2.93205 kcal/mol
 Equilibrium constant Kx(1,2)                      :         9.21371
 Equilibrium concentration x_k(1,2)                :         0.90209

 Compound: 2  (3-hexanone)
 Chemical potential of the compound in the mixture :         3.04675 kcal/mol
 Log10(partial pressure [mbar])                    :         1.59796
 Free energy of molecule in mix (E_COSMO+dE+Mu)    :   -195312.17446 kcal/mol
 Total mean interaction energy in the mix (H_int)  :        -4.34480 kcal/mol
 Misfit interaction energy in the mix (H_MF)       :         3.27259 kcal/mol
 H-Bond interaction energy in the mix (H_HB)       :        -0.23531 kcal/mol
 VdW interaction energy in the mix (H_vdW)         :       -18.54068 kcal/mol
 Gas liquid transition energy in the mix (H_glt)   :        10.98474 kcal/mol
 Equilibrium constant Kx(1,2)                      :  3.19235484E-03
 Equilibrium concentration x_k(1,2)                :         0.00318

 Compound: 3  (lacticacid)
 Chemical potential of the compound in the mixture :         4.10949 kcal/mol
 Log10(partial pressure [mbar])                    :        -1.03994
 Free energy of molecule in mix (E_COSMO+dE+Mu)    :   -215744.57066 kcal/mol
 Total mean interaction energy in the mix (H_int)  :        -4.55984 kcal/mol
 Misfit interaction energy in the mix (H_MF)       :         2.44035 kcal/mol
 H-Bond interaction energy in the mix (H_HB)       :        -2.73307 kcal/mol
 VdW interaction energy in the mix (H_vdW)         :       -13.89755 kcal/mol
 Gas liquid transition energy in the mix (H_glt)   :         8.25184 kcal/mol
 Equilibrium constant Kx(1,2)                      :         0.61247
 Equilibrium concentration x_k(1,2)                :         0.37983



 Compound: 1 Conformer: 1 (h2o_c0)
 Chemical potential of the molecule in the mixture :         4.83519 kcal/mol
 Log10(partial pressure [mbar])                    :         2.48119
 Free energy of molecule in mix (E_COSMO+dE+Mu)    :    -47988.41808 kcal/mol
 Total mean interaction energy in the mix          :        -3.05449 kcal/mol
 Misfit interaction energy in the mix              :         1.33604 kcal/mol
 H-Bond interaction energy in the mix              :        -2.76780 kcal/mol
 VdW interaction energy in the mix                 :        -4.55478 kcal/mol
 Gas liquid transition energy in the mix (H_glt)   :         2.93205 kcal/mol
 Normalized weight factor of molecule in compound  :         1.00000
 Normalized weight factor of molecule in gas phase :         1.00000

 Compound: 2 Conformer: 1 (3-hexanone_c0)
 Chemical potential of the molecule in the mixture :         3.35582 kcal/mol
 Log10(partial pressure [mbar])                    :         1.57951
 Free energy of molecule in mix (E_COSMO+dE+Mu)    :   -195311.86540 kcal/mol
 Total mean interaction energy in the mix          :        -4.54221 kcal/mol
 Misfit interaction energy in the mix              :         3.24133 kcal/mol
 H-Bond interaction energy in the mix              :        -0.18724 kcal/mol
 VdW interaction energy in the mix                 :       -18.58104 kcal/mol
 Gas liquid transition energy in the mix (H_glt)   :        10.98474 kcal/mol
 Normalized weight factor of molecule in compound  :         0.60809
 Normalized weight factor of molecule in gas phase :         0.58280

 Compound: 2 Conformer: 2 (3-hexanone_c1)
 Chemical potential of the molecule in the mixture :         3.57491 kcal/mol
 Log10(partial pressure [mbar])                    :         1.62019
 Free energy of molecule in mix (E_COSMO+dE+Mu)    :   -195311.33523 kcal/mol
 Total mean interaction energy in the mix          :        -4.48787 kcal/mol
 Misfit interaction energy in the mix              :         3.32063 kcal/mol
 H-Bond interaction energy in the mix              :        -0.30842 kcal/mol
 VdW interaction energy in the mix                 :       -18.48482 kcal/mol
 Gas liquid transition energy in the mix (H_glt)   :        10.98474 kcal/mol
 Normalized weight factor of molecule in compound  :         0.25906
 Normalized weight factor of molecule in gas phase :         0.27267

 Compound: 2 Conformer: 3 (3-hexanone_c2)
 Chemical potential of the molecule in the mixture :         3.59885 kcal/mol
 Log10(partial pressure [mbar])                    :         1.63455
 Free energy of molecule in mix (E_COSMO+dE+Mu)    :   -195310.92026 kcal/mol
 Total mean interaction energy in the mix          :        -4.47086 kcal/mol
 Misfit interaction energy in the mix              :         3.32201 kcal/mol
 H-Bond interaction energy in the mix              :        -0.31278 kcal/mol
 VdW interaction energy in the mix                 :       -18.46483 kcal/mol
 Gas liquid transition energy in the mix (H_glt)   :        10.98474 kcal/mol
 Normalized weight factor of molecule in compound  :         0.13285
 Normalized weight factor of molecule in gas phase :         0.14453

 Compound: 3 Conformer: 1 (lacticacid_c0)
 Chemical potential of the molecule in the mixture :         5.70047 kcal/mol
 Log10(partial pressure [mbar])                    :        -1.06817
 Free energy of molecule in mix (E_COSMO+dE+Mu)    :   -215742.97967 kcal/mol
 Total mean interaction energy in the mix          :        -4.75333 kcal/mol
 Misfit interaction energy in the mix              :         2.91410 kcal/mol
 H-Bond interaction energy in the mix              :        -2.05880 kcal/mol
 VdW interaction energy in the mix                 :       -13.86048 kcal/mol
 Gas liquid transition energy in the mix (H_glt)   :         8.25184 kcal/mol
 Normalized weight factor of molecule in compound  :         0.07726
 Normalized weight factor of molecule in gas phase :         0.00600

 Compound: 3 Conformer: 2 (lacticacid_c1)
 Chemical potential of the molecule in the mixture :         6.08053 kcal/mol
 Log10(partial pressure [mbar])                    :        -0.41153
 Free energy of molecule in mix (E_COSMO+dE+Mu)    :   -215742.41812 kcal/mol
 Total mean interaction energy in the mix          :        -4.46377 kcal/mol
 Misfit interaction energy in the mix              :         2.90903 kcal/mol
 H-Bond interaction energy in the mix              :        -1.79740 kcal/mol
 VdW interaction energy in the mix                 :       -13.82723 kcal/mol
 Gas liquid transition energy in the mix (H_glt)   :         8.25184 kcal/mol
 Normalized weight factor of molecule in compound  :         0.03129
 Normalized weight factor of molecule in gas phase :         0.01132

 Compound: 3 Conformer: 3 (lacticacid_c2)
 Chemical potential of the molecule in the mixture :         3.33986 kcal/mol
 Log10(partial pressure [mbar])                    :        -0.34826
 Free energy of molecule in mix (E_COSMO+dE+Mu)    :   -215744.26660 kcal/mol
 Total mean interaction energy in the mix          :        -5.83029 kcal/mol
 Misfit interaction energy in the mix              :         2.27484 kcal/mol
 H-Bond interaction energy in the mix              :        -2.45241 kcal/mol
 VdW interaction energy in the mix                 :       -13.90456 kcal/mol
 Gas liquid transition energy in the mix (H_glt)   :         8.25184 kcal/mol
 Normalized weight factor of molecule in compound  :         0.61302
 Normalized weight factor of molecule in gas phase :         0.93343

 Compound: 3 Conformer: 4 (lacticacid_c3)
 Chemical potential of the molecule in the mixture :         2.93597 kcal/mol
 Log10(partial pressure [mbar])                    :        -1.66881
 Free energy of molecule in mix (E_COSMO+dE+Mu)    :   -215743.24947 kcal/mol
 Total mean interaction energy in the mix          :        -6.63270 kcal/mol
 Misfit interaction energy in the mix              :         2.54217 kcal/mol
 H-Bond interaction energy in the mix              :        -3.54406 kcal/mol
 VdW interaction energy in the mix                 :       -13.88265 kcal/mol
 Gas liquid transition energy in the mix (H_glt)   :         8.25184 kcal/mol
 Normalized weight factor of molecule in compound  :         0.11927
 Normalized weight factor of molecule in gas phase :         0.02803

 Compound: 3 Conformer: 5 (lacticacid_c4)
 Chemical potential of the molecule in the mixture :         3.28711 kcal/mol
 Log10(partial pressure [mbar])                    :        -2.98653
 Free energy of molecule in mix (E_COSMO+dE+Mu)    :   -215742.81172 kcal/mol
 Total mean interaction energy in the mix          :        -6.72381 kcal/mol
 Misfit interaction energy in the mix              :         2.95701 kcal/mol
 H-Bond interaction energy in the mix              :        -4.00875 kcal/mol
 VdW interaction energy in the mix                 :       -13.92391 kcal/mol
 Gas liquid transition energy in the mix (H_glt)   :         8.25184 kcal/mol
 Normalized weight factor of molecule in compound  :         0.05896
 Normalized weight factor of molecule in gas phase :         0.00067

 Compound: 3 Conformer: 6 (lacticacid_c5)
 Chemical potential of the molecule in the mixture :         2.89426 kcal/mol
 Log10(partial pressure [mbar])                    :        -1.72766
 Free energy of molecule in mix (E_COSMO+dE+Mu)    :   -215743.14121 kcal/mol
 Total mean interaction energy in the mix          :        -6.68586 kcal/mol
 Misfit interaction energy in the mix              :         2.51609 kcal/mol
 H-Bond interaction energy in the mix              :        -3.54632 kcal/mol
 VdW interaction energy in the mix                 :       -13.90748 kcal/mol
 Gas liquid transition energy in the mix (H_glt)   :         8.25184 kcal/mol
 Normalized weight factor of molecule in compound  :         0.10020
 Normalized weight factor of molecule in gas phase :         0.02055




 Results for mixture 25 - LIQ_EX Phase 1 Iteration   12
 ----------------------
 Temperature          :    312.668 K
 Compound Nr.         :         1         2         3
 Compound             :       h2o 3-hexanon lacticaci
 Mole Fraction        :    0.9956    0.0028    0.0015

 Compound: 1  (h2o)
 Chemical potential of the compound in the mixture :         3.45540 kcal/mol
 Log10(partial pressure [mbar])                    :         1.51675
 Free energy of molecule in mix (E_COSMO+dE+Mu)    :    -47989.79788 kcal/mol
 Total mean interaction energy in the mix (H_int)  :        -5.55269 kcal/mol
 Misfit interaction energy in the mix (H_MF)       :         0.58925 kcal/mol
 H-Bond interaction energy in the mix (H_HB)       :        -4.73171 kcal/mol
 VdW interaction energy in the mix (H_vdW)         :        -4.34228 kcal/mol
 Gas liquid transition energy in the mix (H_glt)   :         2.93205 kcal/mol

 Compound: 2  (3-hexanone)
 Chemical potential of the compound in the mixture :         6.61765 kcal/mol
 Log10(partial pressure [mbar])                    :         4.09391
 Free energy of molecule in mix (E_COSMO+dE+Mu)    :   -195308.60357 kcal/mol
 Total mean interaction energy in the mix (H_int)  :        -6.32575 kcal/mol
 Misfit interaction energy in the mix (H_MF)       :         2.47015 kcal/mol
 H-Bond interaction energy in the mix (H_HB)       :        -2.09818 kcal/mol
 VdW interaction energy in the mix (H_vdW)         :       -17.91507 kcal/mol
 Gas liquid transition energy in the mix (H_glt)   :        10.98474 kcal/mol

 Compound: 3  (lacticacid)
 Chemical potential of the compound in the mixture :         4.41412 kcal/mol
 Log10(partial pressure [mbar])                    :        -0.82701
 Free energy of molecule in mix (E_COSMO+dE+Mu)    :   -215744.26602 kcal/mol
 Total mean interaction energy in the mix (H_int)  :        -7.86373 kcal/mol
 Misfit interaction energy in the mix (H_MF)       :         1.99467 kcal/mol
 H-Bond interaction energy in the mix (H_HB)       :        -7.02594 kcal/mol
 VdW interaction energy in the mix (H_vdW)         :       -13.29418 kcal/mol
 Gas liquid transition energy in the mix (H_glt)   :         8.25184 kcal/mol



 Compound: 1 Conformer: 1 (h2o_c0)
 Chemical potential of the molecule in the mixture :         3.45540 kcal/mol
 Log10(partial pressure [mbar])                    :         1.51675
 Free energy of molecule in mix (E_COSMO+dE+Mu)    :    -47989.79788 kcal/mol
 Total mean interaction energy in the mix          :        -5.55269 kcal/mol
 Misfit interaction energy in the mix              :         0.58925 kcal/mol
 H-Bond interaction energy in the mix              :        -4.73171 kcal/mol
 VdW interaction energy in the mix                 :        -4.34228 kcal/mol
 Gas liquid transition energy in the mix (H_glt)   :         2.93205 kcal/mol
 Normalized weight factor of molecule in compound  :         1.00000
 Normalized weight factor of molecule in gas phase :         1.00000

 Compound: 2 Conformer: 1 (3-hexanone_c0)
 Chemical potential of the molecule in the mixture :         7.08881 kcal/mol
 Log10(partial pressure [mbar])                    :         4.18876
 Free energy of molecule in mix (E_COSMO+dE+Mu)    :   -195308.13241 kcal/mol
 Total mean interaction energy in the mix          :        -6.41115 kcal/mol
 Misfit interaction energy in the mix              :         2.50088 kcal/mol
 H-Bond interaction energy in the mix              :        -1.92687 kcal/mol
 VdW interaction energy in the mix                 :       -17.96990 kcal/mol
 Gas liquid transition energy in the mix (H_glt)   :        10.98474 kcal/mol
 Normalized weight factor of molecule in compound  :         0.46846
 Normalized weight factor of molecule in gas phase :         0.58280

 Compound: 2 Conformer: 2 (3-hexanone_c1)
 Chemical potential of the molecule in the mixture :         6.94216 kcal/mol
 Log10(partial pressure [mbar])                    :         3.97380
 Free energy of molecule in mix (E_COSMO+dE+Mu)    :   -195307.96798 kcal/mol
 Total mean interaction energy in the mix          :        -6.71264 kcal/mol
 Misfit interaction energy in the mix              :         2.44247 kcal/mol
 H-Bond interaction energy in the mix              :        -2.26699 kcal/mol
 VdW interaction energy in the mix                 :       -17.87286 kcal/mol
 Gas liquid transition energy in the mix (H_glt)   :        10.98474 kcal/mol
 Normalized weight factor of molecule in compound  :         0.35954
 Normalized weight factor of molecule in gas phase :         0.27267

 Compound: 2 Conformer: 3 (3-hexanone_c2)
 Chemical potential of the molecule in the mixture :         7.00925 kcal/mol
 Log10(partial pressure [mbar])                    :         4.01832
 Free energy of molecule in mix (E_COSMO+dE+Mu)    :   -195307.50986 kcal/mol
 Total mean interaction energy in the mix          :        -6.63679 kcal/mol
 Misfit interaction energy in the mix              :         2.44430 kcal/mol
 H-Bond interaction energy in the mix              :        -2.21186 kcal/mol
 VdW interaction energy in the mix                 :       -17.85398 kcal/mol
 Gas liquid transition energy in the mix (H_glt)   :        10.98474 kcal/mol
 Normalized weight factor of molecule in compound  :         0.17200
 Normalized weight factor of molecule in gas phase :         0.14453

 Compound: 3 Conformer: 1 (lacticacid_c0)
 Chemical potential of the molecule in the mixture :         6.36147 kcal/mol
 Log10(partial pressure [mbar])                    :        -0.60615
 Free energy of molecule in mix (E_COSMO+dE+Mu)    :   -215742.31867 kcal/mol
 Total mean interaction energy in the mix          :        -7.35280 kcal/mol
 Misfit interaction energy in the mix              :         2.03060 kcal/mol
 H-Bond interaction energy in the mix              :        -4.39179 kcal/mol
 VdW interaction energy in the mix                 :       -13.24345 kcal/mol
 Gas liquid transition energy in the mix (H_glt)   :         8.25184 kcal/mol
 Normalized weight factor of molecule in compound  :         0.04354
 Normalized weight factor of molecule in gas phase :         0.00600

 Compound: 3 Conformer: 2 (lacticacid_c1)
 Chemical potential of the molecule in the mixture :         6.48471 kcal/mol
 Log10(partial pressure [mbar])                    :        -0.12902
 Free energy of molecule in mix (E_COSMO+dE+Mu)    :   -215742.01394 kcal/mol
 Total mean interaction energy in the mix          :        -6.91759 kcal/mol
 Misfit interaction energy in the mix              :         2.13824 kcal/mol
 H-Bond interaction energy in the mix              :        -4.08706 kcal/mol
 VdW interaction energy in the mix                 :       -13.22062 kcal/mol
 Gas liquid transition energy in the mix (H_glt)   :         8.25184 kcal/mol
 Normalized weight factor of molecule in compound  :         0.02666
 Normalized weight factor of molecule in gas phase :         0.01132

 Compound: 3 Conformer: 3 (lacticacid_c2)
 Chemical potential of the molecule in the mixture :         4.63430 kcal/mol
 Log10(partial pressure [mbar])                    :         0.55651
 Free energy of molecule in mix (E_COSMO+dE+Mu)    :   -215742.97216 kcal/mol
 Total mean interaction energy in the mix          :        -8.02164 kcal/mol
 Misfit interaction energy in the mix              :         2.07002 kcal/mol
 H-Bond interaction energy in the mix              :        -5.03766 kcal/mol
 VdW interaction energy in the mix                 :       -13.30584 kcal/mol
 Gas liquid transition energy in the mix (H_glt)   :         8.25184 kcal/mol
 Normalized weight factor of molecule in compound  :         0.12463
 Normalized weight factor of molecule in gas phase :         0.93343

 Compound: 3 Conformer: 4 (lacticacid_c3)
 Chemical potential of the molecule in the mixture :         2.88497 kcal/mol
 Log10(partial pressure [mbar])                    :        -1.70445
 Free energy of molecule in mix (E_COSMO+dE+Mu)    :   -215743.30046 kcal/mol
 Total mean interaction energy in the mix          :       -10.13418 kcal/mol
 Misfit interaction energy in the mix              :         1.99200 kcal/mol
 H-Bond interaction energy in the mix              :        -7.09615 kcal/mol
 VdW interaction energy in the mix                 :       -13.28187 kcal/mol
 Gas liquid transition energy in the mix (H_glt)   :         8.25184 kcal/mol
 Normalized weight factor of molecule in compound  :         0.21140
 Normalized weight factor of molecule in gas phase :         0.02803

 Compound: 3 Conformer: 5 (lacticacid_c4)
 Chemical potential of the molecule in the mixture :         2.37484 kcal/mol
 Log10(partial pressure [mbar])                    :        -3.62417
 Free energy of molecule in mix (E_COSMO+dE+Mu)    :   -215743.72399 kcal/mol
 Total mean interaction energy in the mix          :       -11.08246 kcal/mol
 Misfit interaction energy in the mix              :         1.97206 kcal/mol
 H-Bond interaction energy in the mix              :        -8.00332 kcal/mol
 VdW interaction energy in the mix                 :       -13.30304 kcal/mol
 Gas liquid transition energy in the mix (H_glt)   :         8.25184 kcal/mol
 Normalized weight factor of molecule in compound  :         0.41797
 Normalized weight factor of molecule in gas phase :         0.00067

 Compound: 3 Conformer: 6 (lacticacid_c5)
 Chemical potential of the molecule in the mixture :         2.84958 kcal/mol
 Log10(partial pressure [mbar])                    :        -1.75889
 Free energy of molecule in mix (E_COSMO+dE+Mu)    :   -215743.18589 kcal/mol
 Total mean interaction energy in the mix          :       -10.20941 kcal/mol
 Misfit interaction energy in the mix              :         1.96753 kcal/mol
 H-Bond interaction energy in the mix              :        -7.12539 kcal/mol
 VdW interaction energy in the mix                 :       -13.30339 kcal/mol
 Gas liquid transition energy in the mix (H_glt)   :         8.25184 kcal/mol
 Normalized weight factor of molecule in compound  :         0.17580
 Normalized weight factor of molecule in gas phase :         0.02055




 Results for mixture 26 - LIQ_EX Phase 2 Iteration   12
 ----------------------
 Temperature          :    312.668 K
 Compound Nr.         :         1         2         3
 Compound             :       h2o 3-hexanon lacticaci
 Mole Fraction        :    0.1080    0.8895    0.0025

 Compound: 1  (h2o)
 Chemical potential of the compound in the mixture :         4.83396 kcal/mol
 Log10(partial pressure [mbar])                    :         2.48032
 Free energy of molecule in mix (E_COSMO+dE+Mu)    :    -47988.41932 kcal/mol
 Total mean interaction energy in the mix (H_int)  :        -3.05676 kcal/mol
 Misfit interaction energy in the mix (H_MF)       :         1.33509 kcal/mol
 H-Bond interaction energy in the mix (H_HB)       :        -2.76919 kcal/mol
 VdW interaction energy in the mix (H_vdW)         :        -4.55471 kcal/mol
 Gas liquid transition energy in the mix (H_glt)   :         2.93205 kcal/mol
 Equilibrium constant Kx(1,2)                      :         9.19540
 Equilibrium concentration x_k(1,2)                :         0.90192

 Compound: 2  (3-hexanone)
 Chemical potential of the compound in the mixture :         3.04691 kcal/mol
 Log10(partial pressure [mbar])                    :         1.59806
 Free energy of molecule in mix (E_COSMO+dE+Mu)    :   -195312.17431 kcal/mol
 Total mean interaction energy in the mix (H_int)  :        -4.34543 kcal/mol
 Misfit interaction energy in the mix (H_MF)       :         3.27262 kcal/mol
 H-Bond interaction energy in the mix (H_HB)       :        -0.23609 kcal/mol
 VdW interaction energy in the mix (H_vdW)         :       -18.54058 kcal/mol
 Gas liquid transition energy in the mix (H_glt)   :        10.98474 kcal/mol
 Equilibrium constant Kx(1,2)                      :  3.19270022E-03
 Equilibrium concentration x_k(1,2)                :         0.00318

 Compound: 3  (lacticacid)
 Chemical potential of the compound in the mixture :         4.10852 kcal/mol
 Log10(partial pressure [mbar])                    :        -1.04061
 Free energy of molecule in mix (E_COSMO+dE+Mu)    :   -215744.57162 kcal/mol
 Total mean interaction energy in the mix (H_int)  :        -4.56145 kcal/mol
 Misfit interaction energy in the mix (H_MF)       :         2.43979 kcal/mol
 H-Bond interaction energy in the mix (H_HB)       :        -2.73464 kcal/mol
 VdW interaction energy in the mix (H_vdW)         :       -13.89742 kcal/mol
 Gas liquid transition energy in the mix (H_glt)   :         8.25184 kcal/mol
 Equilibrium constant Kx(1,2)                      :         0.61150
 Equilibrium concentration x_k(1,2)                :         0.37946



 Compound: 1 Conformer: 1 (h2o_c0)
 Chemical potential of the molecule in the mixture :         4.83396 kcal/mol
 Log10(partial pressure [mbar])                    :         2.48032
 Free energy of molecule in mix (E_COSMO+dE+Mu)    :    -47988.41932 kcal/mol
 Total mean interaction energy in the mix          :        -3.05676 kcal/mol
 Misfit interaction energy in the mix              :         1.33509 kcal/mol
 H-Bond interaction energy in the mix              :        -2.76919 kcal/mol
 VdW interaction energy in the mix                 :        -4.55471 kcal/mol
 Gas liquid transition energy in the mix (H_glt)   :         2.93205 kcal/mol
 Normalized weight factor of molecule in compound  :         1.00000
 Normalized weight factor of molecule in gas phase :         1.00000

 Compound: 2 Conformer: 1 (3-hexanone_c0)
 Chemical potential of the molecule in the mixture :         3.35602 kcal/mol
 Log10(partial pressure [mbar])                    :         1.57965
 Free energy of molecule in mix (E_COSMO+dE+Mu)    :   -195311.86519 kcal/mol
 Total mean interaction energy in the mix          :        -4.54272 kcal/mol
 Misfit interaction energy in the mix              :         3.24136 kcal/mol
 H-Bond interaction energy in the mix              :        -0.18788 kcal/mol
 VdW interaction energy in the mix                 :       -18.58095 kcal/mol
 Gas liquid transition energy in the mix (H_glt)   :        10.98474 kcal/mol
 Normalized weight factor of molecule in compound  :         0.60805
 Normalized weight factor of molecule in gas phase :         0.58280

 Compound: 2 Conformer: 2 (3-hexanone_c1)
 Chemical potential of the molecule in the mixture :         3.57499 kcal/mol
 Log10(partial pressure [mbar])                    :         1.62025
 Free energy of molecule in mix (E_COSMO+dE+Mu)    :   -195311.33515 kcal/mol
 Total mean interaction energy in the mix          :        -4.48875 kcal/mol
 Misfit interaction energy in the mix              :         3.32063 kcal/mol
 H-Bond interaction energy in the mix              :        -0.30940 kcal/mol
 VdW interaction energy in the mix                 :       -18.48472 kcal/mol
 Gas liquid transition energy in the mix (H_glt)   :        10.98474 kcal/mol
 Normalized weight factor of molecule in compound  :         0.25909
 Normalized weight factor of molecule in gas phase :         0.27267

 Compound: 2 Conformer: 3 (3-hexanone_c2)
 Chemical potential of the molecule in the mixture :         3.59893 kcal/mol
 Log10(partial pressure [mbar])                    :         1.63461
 Free energy of molecule in mix (E_COSMO+dE+Mu)    :   -195310.92018 kcal/mol
 Total mean interaction energy in the mix          :        -4.47174 kcal/mol
 Misfit interaction energy in the mix              :         3.32201 kcal/mol
 H-Bond interaction energy in the mix              :        -0.31376 kcal/mol
 VdW interaction energy in the mix                 :       -18.46473 kcal/mol
 Gas liquid transition energy in the mix (H_glt)   :        10.98474 kcal/mol
 Normalized weight factor of molecule in compound  :         0.13286
 Normalized weight factor of molecule in gas phase :         0.14453

 Compound: 3 Conformer: 1 (lacticacid_c0)
 Chemical potential of the molecule in the mixture :         5.69964 kcal/mol
 Log10(partial pressure [mbar])                    :        -1.06875
 Free energy of molecule in mix (E_COSMO+dE+Mu)    :   -215742.98050 kcal/mol
 Total mean interaction energy in the mix          :        -4.75481 kcal/mol
 Misfit interaction energy in the mix              :         2.91331 kcal/mol
 H-Bond interaction energy in the mix              :        -2.05960 kcal/mol
 VdW interaction energy in the mix                 :       -13.86036 kcal/mol
 Gas liquid transition energy in the mix (H_glt)   :         8.25184 kcal/mol
 Normalized weight factor of molecule in compound  :         0.07724
 Normalized weight factor of molecule in gas phase :         0.00600

 Compound: 3 Conformer: 2 (lacticacid_c1)
 Chemical potential of the molecule in the mixture :         6.07944 kcal/mol
 Log10(partial pressure [mbar])                    :        -0.41229
 Free energy of molecule in mix (E_COSMO+dE+Mu)    :   -215742.41921 kcal/mol
 Total mean interaction energy in the mix          :        -4.46534 kcal/mol
 Misfit interaction energy in the mix              :         2.90837 kcal/mol
 H-Bond interaction energy in the mix              :        -1.79845 kcal/mol
 VdW interaction energy in the mix                 :       -13.82710 kcal/mol
 Gas liquid transition energy in the mix (H_glt)   :         8.25184 kcal/mol
 Normalized weight factor of molecule in compound  :         0.03130
 Normalized weight factor of molecule in gas phase :         0.01132

 Compound: 3 Conformer: 3 (lacticacid_c2)
 Chemical potential of the molecule in the mixture :         3.33914 kcal/mol
 Log10(partial pressure [mbar])                    :        -0.34876
 Free energy of molecule in mix (E_COSMO+dE+Mu)    :   -215744.26732 kcal/mol
 Total mean interaction energy in the mix          :        -5.83178 kcal/mol
 Misfit interaction energy in the mix              :         2.27431 kcal/mol
 H-Bond interaction energy in the mix              :        -2.45349 kcal/mol
 VdW interaction energy in the mix                 :       -13.90444 kcal/mol
 Gas liquid transition energy in the mix (H_glt)   :         8.25184 kcal/mol
 Normalized weight factor of molecule in compound  :         0.61278
 Normalized weight factor of molecule in gas phase :         0.93343

 Compound: 3 Conformer: 4 (lacticacid_c3)
 Chemical potential of the molecule in the mixture :         2.93452 kcal/mol
 Log10(partial pressure [mbar])                    :        -1.66982
 Free energy of molecule in mix (E_COSMO+dE+Mu)    :   -215743.25091 kcal/mol
 Total mean interaction energy in the mix          :        -6.63504 kcal/mol
 Misfit interaction energy in the mix              :         2.54138 kcal/mol
 H-Bond interaction energy in the mix              :        -3.54576 kcal/mol
 VdW interaction energy in the mix                 :       -13.88250 kcal/mol
 Gas liquid transition energy in the mix (H_glt)   :         8.25184 kcal/mol
 Normalized weight factor of molecule in compound  :         0.11936
 Normalized weight factor of molecule in gas phase :         0.02803

 Compound: 3 Conformer: 5 (lacticacid_c4)
 Chemical potential of the molecule in the mixture :         3.28530 kcal/mol
 Log10(partial pressure [mbar])                    :        -2.98779
 Free energy of molecule in mix (E_COSMO+dE+Mu)    :   -215742.81353 kcal/mol
 Total mean interaction energy in the mix          :        -6.72696 kcal/mol
 Misfit interaction energy in the mix              :         2.95581 kcal/mol
 H-Bond interaction energy in the mix              :        -4.01087 kcal/mol
 VdW interaction energy in the mix                 :       -13.92374 kcal/mol
 Gas liquid transition energy in the mix (H_glt)   :         8.25184 kcal/mol
 Normalized weight factor of molecule in compound  :         0.05904
 Normalized weight factor of molecule in gas phase :         0.00067

 Compound: 3 Conformer: 6 (lacticacid_c5)
 Chemical potential of the molecule in the mixture :         2.89282 kcal/mol
 Log10(partial pressure [mbar])                    :        -1.72866
 Free energy of molecule in mix (E_COSMO+dE+Mu)    :   -215743.14264 kcal/mol
 Total mean interaction energy in the mix          :        -6.68821 kcal/mol
 Misfit interaction energy in the mix              :         2.51527 kcal/mol
 H-Bond interaction energy in the mix              :        -3.54800 kcal/mol
 VdW interaction energy in the mix                 :       -13.90732 kcal/mol
 Gas liquid transition energy in the mix (H_glt)   :         8.25184 kcal/mol
 Normalized weight factor of molecule in compound  :         0.10027
 Normalized weight factor of molecule in gas phase :         0.02055




 Results for mixture 27 - LIQ_EX Phase 1 Iteration   13
 ----------------------
 Temperature          :    312.668 K
 Compound Nr.         :         1         2         3
 Compound             :       h2o 3-hexanon lacticaci
 Mole Fraction        :    0.9956    0.0028    0.0015

 Compound: 1  (h2o)
 Chemical potential of the compound in the mixture :         3.45540 kcal/mol
 Log10(partial pressure [mbar])                    :         1.51675
 Free energy of molecule in mix (E_COSMO+dE+Mu)    :    -47989.79788 kcal/mol
 Total mean interaction energy in the mix (H_int)  :        -5.55269 kcal/mol
 Misfit interaction energy in the mix (H_MF)       :         0.58925 kcal/mol
 H-Bond interaction energy in the mix (H_HB)       :        -4.73171 kcal/mol
 VdW interaction energy in the mix (H_vdW)         :        -4.34228 kcal/mol
 Gas liquid transition energy in the mix (H_glt)   :         2.93205 kcal/mol

 Compound: 2  (3-hexanone)
 Chemical potential of the compound in the mixture :         6.61771 kcal/mol
 Log10(partial pressure [mbar])                    :         4.09395
 Free energy of molecule in mix (E_COSMO+dE+Mu)    :   -195308.60351 kcal/mol
 Total mean interaction energy in the mix (H_int)  :        -6.32577 kcal/mol
 Misfit interaction energy in the mix (H_MF)       :         2.47012 kcal/mol
 H-Bond interaction energy in the mix (H_HB)       :        -2.09818 kcal/mol
 VdW interaction energy in the mix (H_vdW)         :       -17.91506 kcal/mol
 Gas liquid transition energy in the mix (H_glt)   :        10.98474 kcal/mol

 Compound: 3  (lacticacid)
 Chemical potential of the compound in the mixture :         4.41414 kcal/mol
 Log10(partial pressure [mbar])                    :        -0.82699
 Free energy of molecule in mix (E_COSMO+dE+Mu)    :   -215744.26600 kcal/mol
 Total mean interaction energy in the mix (H_int)  :        -7.86375 kcal/mol
 Misfit interaction energy in the mix (H_MF)       :         1.99466 kcal/mol
 H-Bond interaction energy in the mix (H_HB)       :        -7.02596 kcal/mol
 VdW interaction energy in the mix (H_vdW)         :       -13.29417 kcal/mol
 Gas liquid transition energy in the mix (H_glt)   :         8.25184 kcal/mol



 Compound: 1 Conformer: 1 (h2o_c0)
 Chemical potential of the molecule in the mixture :         3.45540 kcal/mol
 Log10(partial pressure [mbar])                    :         1.51675
 Free energy of molecule in mix (E_COSMO+dE+Mu)    :    -47989.79788 kcal/mol
 Total mean interaction energy in the mix          :        -5.55269 kcal/mol
 Misfit interaction energy in the mix              :         0.58925 kcal/mol
 H-Bond interaction energy in the mix              :        -4.73171 kcal/mol
 VdW interaction energy in the mix                 :        -4.34228 kcal/mol
 Gas liquid transition energy in the mix (H_glt)   :         2.93205 kcal/mol
 Normalized weight factor of molecule in compound  :         1.00000
 Normalized weight factor of molecule in gas phase :         1.00000

 Compound: 2 Conformer: 1 (3-hexanone_c0)
 Chemical potential of the molecule in the mixture :         7.08887 kcal/mol
 Log10(partial pressure [mbar])                    :         4.18880
 Free energy of molecule in mix (E_COSMO+dE+Mu)    :   -195308.13235 kcal/mol
 Total mean interaction energy in the mix          :        -6.41116 kcal/mol
 Misfit interaction energy in the mix              :         2.50085 kcal/mol
 H-Bond interaction energy in the mix              :        -1.92687 kcal/mol
 VdW interaction energy in the mix                 :       -17.96988 kcal/mol
 Gas liquid transition energy in the mix (H_glt)   :        10.98474 kcal/mol
 Normalized weight factor of molecule in compound  :         0.46846
 Normalized weight factor of molecule in gas phase :         0.58280

 Compound: 2 Conformer: 2 (3-hexanone_c1)
 Chemical potential of the molecule in the mixture :         6.94222 kcal/mol
 Log10(partial pressure [mbar])                    :         3.97384
 Free energy of molecule in mix (E_COSMO+dE+Mu)    :   -195307.96792 kcal/mol
 Total mean interaction energy in the mix          :        -6.71266 kcal/mol
 Misfit interaction energy in the mix              :         2.44245 kcal/mol
 H-Bond interaction energy in the mix              :        -2.26700 kcal/mol
 VdW interaction energy in the mix                 :       -17.87285 kcal/mol
 Gas liquid transition energy in the mix (H_glt)   :        10.98474 kcal/mol
 Normalized weight factor of molecule in compound  :         0.35954
 Normalized weight factor of molecule in gas phase :         0.27267

 Compound: 2 Conformer: 3 (3-hexanone_c2)
 Chemical potential of the molecule in the mixture :         7.00930 kcal/mol
 Log10(partial pressure [mbar])                    :         4.01836
 Free energy of molecule in mix (E_COSMO+dE+Mu)    :   -195307.50981 kcal/mol
 Total mean interaction energy in the mix          :        -6.63681 kcal/mol
 Misfit interaction energy in the mix              :         2.44427 kcal/mol
 H-Bond interaction energy in the mix              :        -2.21186 kcal/mol
 VdW interaction energy in the mix                 :       -17.85396 kcal/mol
 Gas liquid transition energy in the mix (H_glt)   :        10.98474 kcal/mol
 Normalized weight factor of molecule in compound  :         0.17200
 Normalized weight factor of molecule in gas phase :         0.14453

 Compound: 3 Conformer: 1 (lacticacid_c0)
 Chemical potential of the molecule in the mixture :         6.36149 kcal/mol
 Log10(partial pressure [mbar])                    :        -0.60614
 Free energy of molecule in mix (E_COSMO+dE+Mu)    :   -215742.31865 kcal/mol
 Total mean interaction energy in the mix          :        -7.35281 kcal/mol
 Misfit interaction energy in the mix              :         2.03058 kcal/mol
 H-Bond interaction energy in the mix              :        -4.39180 kcal/mol
 VdW interaction energy in the mix                 :       -13.24344 kcal/mol
 Gas liquid transition energy in the mix (H_glt)   :         8.25184 kcal/mol
 Normalized weight factor of molecule in compound  :         0.04354
 Normalized weight factor of molecule in gas phase :         0.00600

 Compound: 3 Conformer: 2 (lacticacid_c1)
 Chemical potential of the molecule in the mixture :         6.48473 kcal/mol
 Log10(partial pressure [mbar])                    :        -0.12900
 Free energy of molecule in mix (E_COSMO+dE+Mu)    :   -215742.01391 kcal/mol
 Total mean interaction energy in the mix          :        -6.91760 kcal/mol
 Misfit interaction energy in the mix              :         2.13823 kcal/mol
 H-Bond interaction energy in the mix              :        -4.08707 kcal/mol
 VdW interaction energy in the mix                 :       -13.22061 kcal/mol
 Gas liquid transition energy in the mix (H_glt)   :         8.25184 kcal/mol
 Normalized weight factor of molecule in compound  :         0.02666
 Normalized weight factor of molecule in gas phase :         0.01132

 Compound: 3 Conformer: 3 (lacticacid_c2)
 Chemical potential of the molecule in the mixture :         4.63433 kcal/mol
 Log10(partial pressure [mbar])                    :         0.55653
 Free energy of molecule in mix (E_COSMO+dE+Mu)    :   -215742.97214 kcal/mol
 Total mean interaction energy in the mix          :        -8.02165 kcal/mol
 Misfit interaction energy in the mix              :         2.07001 kcal/mol
 H-Bond interaction energy in the mix              :        -5.03767 kcal/mol
 VdW interaction energy in the mix                 :       -13.30583 kcal/mol
 Gas liquid transition energy in the mix (H_glt)   :         8.25184 kcal/mol
 Normalized weight factor of molecule in compound  :         0.12463
 Normalized weight factor of molecule in gas phase :         0.93343

 Compound: 3 Conformer: 4 (lacticacid_c3)
 Chemical potential of the molecule in the mixture :         2.88499 kcal/mol
 Log10(partial pressure [mbar])                    :        -1.70444
 Free energy of molecule in mix (E_COSMO+dE+Mu)    :   -215743.30044 kcal/mol
 Total mean interaction energy in the mix          :       -10.13419 kcal/mol
 Misfit interaction energy in the mix              :         1.99199 kcal/mol
 H-Bond interaction energy in the mix              :        -7.09616 kcal/mol
 VdW interaction energy in the mix                 :       -13.28186 kcal/mol
 Gas liquid transition energy in the mix (H_glt)   :         8.25184 kcal/mol
 Normalized weight factor of molecule in compound  :         0.21140
 Normalized weight factor of molecule in gas phase :         0.02803

 Compound: 3 Conformer: 5 (lacticacid_c4)
 Chemical potential of the molecule in the mixture :         2.37485 kcal/mol
 Log10(partial pressure [mbar])                    :        -3.62416
 Free energy of molecule in mix (E_COSMO+dE+Mu)    :   -215743.72398 kcal/mol
 Total mean interaction energy in the mix          :       -11.08248 kcal/mol
 Misfit interaction energy in the mix              :         1.97205 kcal/mol
 H-Bond interaction energy in the mix              :        -8.00333 kcal/mol
 VdW interaction energy in the mix                 :       -13.30303 kcal/mol
 Gas liquid transition energy in the mix (H_glt)   :         8.25184 kcal/mol
 Normalized weight factor of molecule in compound  :         0.41797
 Normalized weight factor of molecule in gas phase :         0.00067

 Compound: 3 Conformer: 6 (lacticacid_c5)
 Chemical potential of the molecule in the mixture :         2.84960 kcal/mol
 Log10(partial pressure [mbar])                    :        -1.75887
 Free energy of molecule in mix (E_COSMO+dE+Mu)    :   -215743.18587 kcal/mol
 Total mean interaction energy in the mix          :       -10.20942 kcal/mol
 Misfit interaction energy in the mix              :         1.96752 kcal/mol
 H-Bond interaction energy in the mix              :        -7.12540 kcal/mol
 VdW interaction energy in the mix                 :       -13.30338 kcal/mol
 Gas liquid transition energy in the mix (H_glt)   :         8.25184 kcal/mol
 Normalized weight factor of molecule in compound  :         0.17580
 Normalized weight factor of molecule in gas phase :         0.02055




 Results for mixture 28 - LIQ_EX Phase 2 Iteration   13
 ----------------------
 Temperature          :    312.668 K
 Compound Nr.         :         1         2         3
 Compound             :       h2o 3-hexanon lacticaci
 Mole Fraction        :    0.1082    0.8893    0.0025

 Compound: 1  (h2o)
 Chemical potential of the compound in the mixture :         4.83314 kcal/mol
 Log10(partial pressure [mbar])                    :         2.47976
 Free energy of molecule in mix (E_COSMO+dE+Mu)    :    -47988.42013 kcal/mol
 Total mean interaction energy in the mix (H_int)  :        -3.05826 kcal/mol
 Misfit interaction energy in the mix (H_MF)       :         1.33446 kcal/mol
 H-Bond interaction energy in the mix (H_HB)       :        -2.77011 kcal/mol
 VdW interaction energy in the mix (H_vdW)         :        -4.55466 kcal/mol
 Gas liquid transition energy in the mix (H_glt)   :         2.93205 kcal/mol
 Equilibrium constant Kx(1,2)                      :         9.18337
 Equilibrium concentration x_k(1,2)                :         0.90180

 Compound: 2  (3-hexanone)
 Chemical potential of the compound in the mixture :         3.04701 kcal/mol
 Log10(partial pressure [mbar])                    :         1.59814
 Free energy of molecule in mix (E_COSMO+dE+Mu)    :   -195312.17421 kcal/mol
 Total mean interaction energy in the mix (H_int)  :        -4.34585 kcal/mol
 Misfit interaction energy in the mix (H_MF)       :         3.27263 kcal/mol
 H-Bond interaction energy in the mix (H_HB)       :        -0.23660 kcal/mol
 VdW interaction energy in the mix (H_vdW)         :       -18.54051 kcal/mol
 Gas liquid transition energy in the mix (H_glt)   :        10.98474 kcal/mol
 Equilibrium constant Kx(1,2)                      :  3.19292984E-03
 Equilibrium concentration x_k(1,2)                :         0.00318

 Compound: 3  (lacticacid)
 Chemical potential of the compound in the mixture :         4.10789 kcal/mol
 Log10(partial pressure [mbar])                    :        -1.04106
 Free energy of molecule in mix (E_COSMO+dE+Mu)    :   -215744.57225 kcal/mol
 Total mean interaction energy in the mix (H_int)  :        -4.56251 kcal/mol
 Misfit interaction energy in the mix (H_MF)       :         2.43942 kcal/mol
 H-Bond interaction energy in the mix (H_HB)       :        -2.73567 kcal/mol
 VdW interaction energy in the mix (H_vdW)         :       -13.89734 kcal/mol
 Gas liquid transition energy in the mix (H_glt)   :         8.25184 kcal/mol
 Equilibrium constant Kx(1,2)                      :         0.61085
 Equilibrium concentration x_k(1,2)                :         0.37921



 Compound: 1 Conformer: 1 (h2o_c0)
 Chemical potential of the molecule in the mixture :         4.83314 kcal/mol
 Log10(partial pressure [mbar])                    :         2.47976
 Free energy of molecule in mix (E_COSMO+dE+Mu)    :    -47988.42013 kcal/mol
 Total mean interaction energy in the mix          :        -3.05826 kcal/mol
 Misfit interaction energy in the mix              :         1.33446 kcal/mol
 H-Bond interaction energy in the mix              :        -2.77011 kcal/mol
 VdW interaction energy in the mix                 :        -4.55466 kcal/mol
 Gas liquid transition energy in the mix (H_glt)   :         2.93205 kcal/mol
 Normalized weight factor of molecule in compound  :         1.00000
 Normalized weight factor of molecule in gas phase :         1.00000

 Compound: 2 Conformer: 1 (3-hexanone_c0)
 Chemical potential of the molecule in the mixture :         3.35616 kcal/mol
 Log10(partial pressure [mbar])                    :         1.57974
 Free energy of molecule in mix (E_COSMO+dE+Mu)    :   -195311.86506 kcal/mol
 Total mean interaction energy in the mix          :        -4.54306 kcal/mol
 Misfit interaction energy in the mix              :         3.24138 kcal/mol
 H-Bond interaction energy in the mix              :        -0.18830 kcal/mol
 VdW interaction energy in the mix                 :       -18.58089 kcal/mol
 Gas liquid transition energy in the mix (H_glt)   :        10.98474 kcal/mol
 Normalized weight factor of molecule in compound  :         0.60801
 Normalized weight factor of molecule in gas phase :         0.58280

 Compound: 2 Conformer: 2 (3-hexanone_c1)
 Chemical potential of the molecule in the mixture :         3.57505 kcal/mol
 Log10(partial pressure [mbar])                    :         1.62028
 Free energy of molecule in mix (E_COSMO+dE+Mu)    :   -195311.33510 kcal/mol
 Total mean interaction energy in the mix          :        -4.48933 kcal/mol
 Misfit interaction energy in the mix              :         3.32063 kcal/mol
 H-Bond interaction energy in the mix              :        -0.31005 kcal/mol
 VdW interaction energy in the mix                 :       -18.48466 kcal/mol
 Gas liquid transition energy in the mix (H_glt)   :        10.98474 kcal/mol
 Normalized weight factor of molecule in compound  :         0.25911
 Normalized weight factor of molecule in gas phase :         0.27267

 Compound: 2 Conformer: 3 (3-hexanone_c2)
 Chemical potential of the molecule in the mixture :         3.59898 kcal/mol
 Log10(partial pressure [mbar])                    :         1.63464
 Free energy of molecule in mix (E_COSMO+dE+Mu)    :   -195310.92013 kcal/mol
 Total mean interaction energy in the mix          :        -4.47232 kcal/mol
 Misfit interaction energy in the mix              :         3.32200 kcal/mol
 H-Bond interaction energy in the mix              :        -0.31440 kcal/mol
 VdW interaction energy in the mix                 :       -18.46467 kcal/mol
 Gas liquid transition energy in the mix (H_glt)   :        10.98474 kcal/mol
 Normalized weight factor of molecule in compound  :         0.13287
 Normalized weight factor of molecule in gas phase :         0.14453

 Compound: 3 Conformer: 1 (lacticacid_c0)
 Chemical potential of the molecule in the mixture :         5.69909 kcal/mol
 Log10(partial pressure [mbar])                    :        -1.06913
 Free energy of molecule in mix (E_COSMO+dE+Mu)    :   -215742.98105 kcal/mol
 Total mean interaction energy in the mix          :        -4.75579 kcal/mol
 Misfit interaction energy in the mix              :         2.91278 kcal/mol
 H-Bond interaction energy in the mix              :        -2.06013 kcal/mol
 VdW interaction energy in the mix                 :       -13.86028 kcal/mol
 Gas liquid transition energy in the mix (H_glt)   :         8.25184 kcal/mol
 Normalized weight factor of molecule in compound  :         0.07723
 Normalized weight factor of molecule in gas phase :         0.00600

 Compound: 3 Conformer: 2 (lacticacid_c1)
 Chemical potential of the molecule in the mixture :         6.07872 kcal/mol
 Log10(partial pressure [mbar])                    :        -0.41280
 Free energy of molecule in mix (E_COSMO+dE+Mu)    :   -215742.41993 kcal/mol
 Total mean interaction energy in the mix          :        -4.46638 kcal/mol
 Misfit interaction energy in the mix              :         2.90793 kcal/mol
 H-Bond interaction energy in the mix              :        -1.79914 kcal/mol
 VdW interaction energy in the mix                 :       -13.82701 kcal/mol
 Gas liquid transition energy in the mix (H_glt)   :         8.25184 kcal/mol
 Normalized weight factor of molecule in compound  :         0.03130
 Normalized weight factor of molecule in gas phase :         0.01132

 Compound: 3 Conformer: 3 (lacticacid_c2)
 Chemical potential of the molecule in the mixture :         3.33867 kcal/mol
 Log10(partial pressure [mbar])                    :        -0.34909
 Free energy of molecule in mix (E_COSMO+dE+Mu)    :   -215744.26779 kcal/mol
 Total mean interaction energy in the mix          :        -5.83276 kcal/mol
 Misfit interaction energy in the mix              :         2.27396 kcal/mol
 H-Bond interaction energy in the mix              :        -2.45420 kcal/mol
 VdW interaction energy in the mix                 :       -13.90436 kcal/mol
 Gas liquid transition energy in the mix (H_glt)   :         8.25184 kcal/mol
 Normalized weight factor of molecule in compound  :         0.61262
 Normalized weight factor of molecule in gas phase :         0.93343

 Compound: 3 Conformer: 4 (lacticacid_c3)
 Chemical potential of the molecule in the mixture :         2.93356 kcal/mol
 Log10(partial pressure [mbar])                    :        -1.67049
 Free energy of molecule in mix (E_COSMO+dE+Mu)    :   -215743.25187 kcal/mol
 Total mean interaction energy in the mix          :        -6.63658 kcal/mol
 Misfit interaction energy in the mix              :         2.54086 kcal/mol
 H-Bond interaction energy in the mix              :        -3.54689 kcal/mol
 VdW interaction energy in the mix                 :       -13.88240 kcal/mol
 Gas liquid transition energy in the mix (H_glt)   :         8.25184 kcal/mol
 Normalized weight factor of molecule in compound  :         0.11942
 Normalized weight factor of molecule in gas phase :         0.02803

 Compound: 3 Conformer: 5 (lacticacid_c4)
 Chemical potential of the molecule in the mixture :         3.28411 kcal/mol
 Log10(partial pressure [mbar])                    :        -2.98862
 Free energy of molecule in mix (E_COSMO+dE+Mu)    :   -215742.81472 kcal/mol
 Total mean interaction energy in the mix          :        -6.72904 kcal/mol
 Misfit interaction energy in the mix              :         2.95502 kcal/mol
 H-Bond interaction energy in the mix              :        -4.01227 kcal/mol
 VdW interaction energy in the mix                 :       -13.92364 kcal/mol
 Gas liquid transition energy in the mix (H_glt)   :         8.25184 kcal/mol
 Normalized weight factor of molecule in compound  :         0.05909
 Normalized weight factor of molecule in gas phase :         0.00067

 Compound: 3 Conformer: 6 (lacticacid_c5)
 Chemical potential of the molecule in the mixture :         2.89188 kcal/mol
 Log10(partial pressure [mbar])                    :        -1.72932
 Free energy of molecule in mix (E_COSMO+dE+Mu)    :   -215743.14358 kcal/mol
 Total mean interaction energy in the mix          :        -6.68976 kcal/mol
 Misfit interaction energy in the mix              :         2.51473 kcal/mol
 H-Bond interaction energy in the mix              :        -3.54910 kcal/mol
 VdW interaction energy in the mix                 :       -13.90722 kcal/mol
 Gas liquid transition energy in the mix (H_glt)   :         8.25184 kcal/mol
 Normalized weight factor of molecule in compound  :         0.10032
 Normalized weight factor of molecule in gas phase :         0.02055




 Results for mixture 29 - LIQ_EX Phase 1 Iteration   14
 ----------------------
 Temperature          :    312.668 K
 Compound Nr.         :         1         2         3
 Compound             :       h2o 3-hexanon lacticaci
 Mole Fraction        :    0.9956    0.0028    0.0015

 Compound: 1  (h2o)
 Chemical potential of the compound in the mixture :         3.45540 kcal/mol
 Log10(partial pressure [mbar])                    :         1.51675
 Free energy of molecule in mix (E_COSMO+dE+Mu)    :    -47989.79788 kcal/mol
 Total mean interaction energy in the mix (H_int)  :        -5.55269 kcal/mol
 Misfit interaction energy in the mix (H_MF)       :         0.58925 kcal/mol
 H-Bond interaction energy in the mix (H_HB)       :        -4.73171 kcal/mol
 VdW interaction energy in the mix (H_vdW)         :        -4.34228 kcal/mol
 Gas liquid transition energy in the mix (H_glt)   :         2.93205 kcal/mol

 Compound: 2  (3-hexanone)
 Chemical potential of the compound in the mixture :         6.61774 kcal/mol
 Log10(partial pressure [mbar])                    :         4.09397
 Free energy of molecule in mix (E_COSMO+dE+Mu)    :   -195308.60347 kcal/mol
 Total mean interaction energy in the mix (H_int)  :        -6.32578 kcal/mol
 Misfit interaction energy in the mix (H_MF)       :         2.47010 kcal/mol
 H-Bond interaction energy in the mix (H_HB)       :        -2.09818 kcal/mol
 VdW interaction energy in the mix (H_vdW)         :       -17.91505 kcal/mol
 Gas liquid transition energy in the mix (H_glt)   :        10.98474 kcal/mol

 Compound: 3  (lacticacid)
 Chemical potential of the compound in the mixture :         4.41416 kcal/mol
 Log10(partial pressure [mbar])                    :        -0.82699
 Free energy of molecule in mix (E_COSMO+dE+Mu)    :   -215744.26598 kcal/mol
 Total mean interaction energy in the mix (H_int)  :        -7.86376 kcal/mol
 Misfit interaction energy in the mix (H_MF)       :         1.99465 kcal/mol
 H-Bond interaction energy in the mix (H_HB)       :        -7.02597 kcal/mol
 VdW interaction energy in the mix (H_vdW)         :       -13.29417 kcal/mol
 Gas liquid transition energy in the mix (H_glt)   :         8.25184 kcal/mol



 Compound: 1 Conformer: 1 (h2o_c0)
 Chemical potential of the molecule in the mixture :         3.45540 kcal/mol
 Log10(partial pressure [mbar])                    :         1.51675
 Free energy of molecule in mix (E_COSMO+dE+Mu)    :    -47989.79788 kcal/mol
 Total mean interaction energy in the mix          :        -5.55269 kcal/mol
 Misfit interaction energy in the mix              :         0.58925 kcal/mol
 H-Bond interaction energy in the mix              :        -4.73171 kcal/mol
 VdW interaction energy in the mix                 :        -4.34228 kcal/mol
 Gas liquid transition energy in the mix (H_glt)   :         2.93205 kcal/mol
 Normalized weight factor of molecule in compound  :         1.00000
 Normalized weight factor of molecule in gas phase :         1.00000

 Compound: 2 Conformer: 1 (3-hexanone_c0)
 Chemical potential of the molecule in the mixture :         7.08891 kcal/mol
 Log10(partial pressure [mbar])                    :         4.18882
 Free energy of molecule in mix (E_COSMO+dE+Mu)    :   -195308.13231 kcal/mol
 Total mean interaction energy in the mix          :        -6.41118 kcal/mol
 Misfit interaction energy in the mix              :         2.50084 kcal/mol
 H-Bond interaction energy in the mix              :        -1.92688 kcal/mol
 VdW interaction energy in the mix                 :       -17.96988 kcal/mol
 Gas liquid transition energy in the mix (H_glt)   :        10.98474 kcal/mol
 Normalized weight factor of molecule in compound  :         0.46846
 Normalized weight factor of molecule in gas phase :         0.58280

 Compound: 2 Conformer: 2 (3-hexanone_c1)
 Chemical potential of the molecule in the mixture :         6.94226 kcal/mol
 Log10(partial pressure [mbar])                    :         3.97386
 Free energy of molecule in mix (E_COSMO+dE+Mu)    :   -195307.96789 kcal/mol
 Total mean interaction energy in the mix          :        -6.71267 kcal/mol
 Misfit interaction energy in the mix              :         2.44243 kcal/mol
 H-Bond interaction energy in the mix              :        -2.26700 kcal/mol
 VdW interaction energy in the mix                 :       -17.87284 kcal/mol
 Gas liquid transition energy in the mix (H_glt)   :        10.98474 kcal/mol
 Normalized weight factor of molecule in compound  :         0.35954
 Normalized weight factor of molecule in gas phase :         0.27267

 Compound: 2 Conformer: 3 (3-hexanone_c2)
 Chemical potential of the molecule in the mixture :         7.00934 kcal/mol
 Log10(partial pressure [mbar])                    :         4.01838
 Free energy of molecule in mix (E_COSMO+dE+Mu)    :   -195307.50977 kcal/mol
 Total mean interaction energy in the mix          :        -6.63683 kcal/mol
 Misfit interaction energy in the mix              :         2.44425 kcal/mol
 H-Bond interaction energy in the mix              :        -2.21187 kcal/mol
 VdW interaction energy in the mix                 :       -17.85396 kcal/mol
 Gas liquid transition energy in the mix (H_glt)   :        10.98474 kcal/mol
 Normalized weight factor of molecule in compound  :         0.17200
 Normalized weight factor of molecule in gas phase :         0.14453

 Compound: 3 Conformer: 1 (lacticacid_c0)
 Chemical potential of the molecule in the mixture :         6.36151 kcal/mol
 Log10(partial pressure [mbar])                    :        -0.60613
 Free energy of molecule in mix (E_COSMO+dE+Mu)    :   -215742.31863 kcal/mol
 Total mean interaction energy in the mix          :        -7.35282 kcal/mol
 Misfit interaction energy in the mix              :         2.03058 kcal/mol
 H-Bond interaction energy in the mix              :        -4.39181 kcal/mol
 VdW interaction energy in the mix                 :       -13.24343 kcal/mol
 Gas liquid transition energy in the mix (H_glt)   :         8.25184 kcal/mol
 Normalized weight factor of molecule in compound  :         0.04354
 Normalized weight factor of molecule in gas phase :         0.00600

 Compound: 3 Conformer: 2 (lacticacid_c1)
 Chemical potential of the molecule in the mixture :         6.48475 kcal/mol
 Log10(partial pressure [mbar])                    :        -0.12899
 Free energy of molecule in mix (E_COSMO+dE+Mu)    :   -215742.01390 kcal/mol
 Total mean interaction energy in the mix          :        -6.91761 kcal/mol
 Misfit interaction energy in the mix              :         2.13823 kcal/mol
 H-Bond interaction energy in the mix              :        -4.08708 kcal/mol
 VdW interaction energy in the mix                 :       -13.22060 kcal/mol
 Gas liquid transition energy in the mix (H_glt)   :         8.25184 kcal/mol
 Normalized weight factor of molecule in compound  :         0.02666
 Normalized weight factor of molecule in gas phase :         0.01132

 Compound: 3 Conformer: 3 (lacticacid_c2)
 Chemical potential of the molecule in the mixture :         4.63435 kcal/mol
 Log10(partial pressure [mbar])                    :         0.55655
 Free energy of molecule in mix (E_COSMO+dE+Mu)    :   -215742.97212 kcal/mol
 Total mean interaction energy in the mix          :        -8.02166 kcal/mol
 Misfit interaction energy in the mix              :         2.07001 kcal/mol
 H-Bond interaction energy in the mix              :        -5.03768 kcal/mol
 VdW interaction energy in the mix                 :       -13.30582 kcal/mol
 Gas liquid transition energy in the mix (H_glt)   :         8.25184 kcal/mol
 Normalized weight factor of molecule in compound  :         0.12463
 Normalized weight factor of molecule in gas phase :         0.93343

 Compound: 3 Conformer: 4 (lacticacid_c3)
 Chemical potential of the molecule in the mixture :         2.88501 kcal/mol
 Log10(partial pressure [mbar])                    :        -1.70443
 Free energy of molecule in mix (E_COSMO+dE+Mu)    :   -215743.30042 kcal/mol
 Total mean interaction energy in the mix          :       -10.13420 kcal/mol
 Misfit interaction energy in the mix              :         1.99198 kcal/mol
 H-Bond interaction energy in the mix              :        -7.09617 kcal/mol
 VdW interaction energy in the mix                 :       -13.28185 kcal/mol
 Gas liquid transition energy in the mix (H_glt)   :         8.25184 kcal/mol
 Normalized weight factor of molecule in compound  :         0.21140
 Normalized weight factor of molecule in gas phase :         0.02803

 Compound: 3 Conformer: 5 (lacticacid_c4)
 Chemical potential of the molecule in the mixture :         2.37486 kcal/mol
 Log10(partial pressure [mbar])                    :        -3.62416
 Free energy of molecule in mix (E_COSMO+dE+Mu)    :   -215743.72397 kcal/mol
 Total mean interaction energy in the mix          :       -11.08249 kcal/mol
 Misfit interaction energy in the mix              :         1.97204 kcal/mol
 H-Bond interaction energy in the mix              :        -8.00334 kcal/mol
 VdW interaction energy in the mix                 :       -13.30302 kcal/mol
 Gas liquid transition energy in the mix (H_glt)   :         8.25184 kcal/mol
 Normalized weight factor of molecule in compound  :         0.41797
 Normalized weight factor of molecule in gas phase :         0.00067

 Compound: 3 Conformer: 6 (lacticacid_c5)
 Chemical potential of the molecule in the mixture :         2.84961 kcal/mol
 Log10(partial pressure [mbar])                    :        -1.75887
 Free energy of molecule in mix (E_COSMO+dE+Mu)    :   -215743.18585 kcal/mol
 Total mean interaction energy in the mix          :       -10.20943 kcal/mol
 Misfit interaction energy in the mix              :         1.96751 kcal/mol
 H-Bond interaction energy in the mix              :        -7.12541 kcal/mol
 VdW interaction energy in the mix                 :       -13.30337 kcal/mol
 Gas liquid transition energy in the mix (H_glt)   :         8.25184 kcal/mol
 Normalized weight factor of molecule in compound  :         0.17580
 Normalized weight factor of molecule in gas phase :         0.02055




 Results for mixture 30 - LIQ_EX Phase 2 Iteration   14
 ----------------------
 Temperature          :    312.668 K
 Compound Nr.         :         1         2         3
 Compound             :       h2o 3-hexanon lacticaci
 Mole Fraction        :    0.1084    0.8891    0.0025

 Compound: 1  (h2o)
 Chemical potential of the compound in the mixture :         4.83261 kcal/mol
 Log10(partial pressure [mbar])                    :         2.47938
 Free energy of molecule in mix (E_COSMO+dE+Mu)    :    -47988.42067 kcal/mol
 Total mean interaction energy in the mix (H_int)  :        -3.05925 kcal/mol
 Misfit interaction energy in the mix (H_MF)       :         1.33405 kcal/mol
 H-Bond interaction energy in the mix (H_HB)       :        -2.77072 kcal/mol
 VdW interaction energy in the mix (H_vdW)         :        -4.55462 kcal/mol
 Gas liquid transition energy in the mix (H_glt)   :         2.93205 kcal/mol
 Equilibrium constant Kx(1,2)                      :         9.17544
 Equilibrium concentration x_k(1,2)                :         0.90172

 Compound: 2  (3-hexanone)
 Chemical potential of the compound in the mixture :         3.04708 kcal/mol
 Log10(partial pressure [mbar])                    :         1.59818
 Free energy of molecule in mix (E_COSMO+dE+Mu)    :   -195312.17414 kcal/mol
 Total mean interaction energy in the mix (H_int)  :        -4.34612 kcal/mol
 Misfit interaction energy in the mix (H_MF)       :         3.27264 kcal/mol
 H-Bond interaction energy in the mix (H_HB)       :        -0.23694 kcal/mol
 VdW interaction energy in the mix (H_vdW)         :       -18.54047 kcal/mol
 Gas liquid transition energy in the mix (H_glt)   :        10.98474 kcal/mol
 Equilibrium constant Kx(1,2)                      :  3.19308214E-03
 Equilibrium concentration x_k(1,2)                :         0.00318

 Compound: 3  (lacticacid)
 Chemical potential of the compound in the mixture :         4.10747 kcal/mol
 Log10(partial pressure [mbar])                    :        -1.04135
 Free energy of molecule in mix (E_COSMO+dE+Mu)    :   -215744.57267 kcal/mol
 Total mean interaction energy in the mix (H_int)  :        -4.56321 kcal/mol
 Misfit interaction energy in the mix (H_MF)       :         2.43917 kcal/mol
 H-Bond interaction energy in the mix (H_HB)       :        -2.73635 kcal/mol
 VdW interaction energy in the mix (H_vdW)         :       -13.89728 kcal/mol
 Gas liquid transition energy in the mix (H_glt)   :         8.25184 kcal/mol
 Equilibrium constant Kx(1,2)                      :         0.61043
 Equilibrium concentration x_k(1,2)                :         0.37905



 Compound: 1 Conformer: 1 (h2o_c0)
 Chemical potential of the molecule in the mixture :         4.83261 kcal/mol
 Log10(partial pressure [mbar])                    :         2.47938
 Free energy of molecule in mix (E_COSMO+dE+Mu)    :    -47988.42067 kcal/mol
 Total mean interaction energy in the mix          :        -3.05925 kcal/mol
 Misfit interaction energy in the mix              :         1.33405 kcal/mol
 H-Bond interaction energy in the mix              :        -2.77072 kcal/mol
 VdW interaction energy in the mix                 :        -4.55462 kcal/mol
 Gas liquid transition energy in the mix (H_glt)   :         2.93205 kcal/mol
 Normalized weight factor of molecule in compound  :         1.00000
 Normalized weight factor of molecule in gas phase :         1.00000

 Compound: 2 Conformer: 1 (3-hexanone_c0)
 Chemical potential of the molecule in the mixture :         3.35625 kcal/mol
 Log10(partial pressure [mbar])                    :         1.57981
 Free energy of molecule in mix (E_COSMO+dE+Mu)    :   -195311.86497 kcal/mol
 Total mean interaction energy in the mix          :        -4.54329 kcal/mol
 Misfit interaction energy in the mix              :         3.24140 kcal/mol
 H-Bond interaction energy in the mix              :        -0.18857 kcal/mol
 VdW interaction energy in the mix                 :       -18.58085 kcal/mol
 Gas liquid transition energy in the mix (H_glt)   :        10.98474 kcal/mol
 Normalized weight factor of molecule in compound  :         0.60799
 Normalized weight factor of molecule in gas phase :         0.58280

 Compound: 2 Conformer: 2 (3-hexanone_c1)
 Chemical potential of the molecule in the mixture :         3.57508 kcal/mol
 Log10(partial pressure [mbar])                    :         1.62031
 Free energy of molecule in mix (E_COSMO+dE+Mu)    :   -195311.33507 kcal/mol
 Total mean interaction energy in the mix          :        -4.48972 kcal/mol
 Misfit interaction energy in the mix              :         3.32063 kcal/mol
 H-Bond interaction energy in the mix              :        -0.31047 kcal/mol
 VdW interaction energy in the mix                 :       -18.48462 kcal/mol
 Gas liquid transition energy in the mix (H_glt)   :        10.98474 kcal/mol
 Normalized weight factor of molecule in compound  :         0.25913
 Normalized weight factor of molecule in gas phase :         0.27267

 Compound: 2 Conformer: 3 (3-hexanone_c2)
 Chemical potential of the molecule in the mixture :         3.59902 kcal/mol
 Log10(partial pressure [mbar])                    :         1.63467
 Free energy of molecule in mix (E_COSMO+dE+Mu)    :   -195310.92009 kcal/mol
 Total mean interaction energy in the mix          :        -4.47270 kcal/mol
 Misfit interaction energy in the mix              :         3.32200 kcal/mol
 H-Bond interaction energy in the mix              :        -0.31482 kcal/mol
 VdW interaction energy in the mix                 :       -18.46463 kcal/mol
 Gas liquid transition energy in the mix (H_glt)   :        10.98474 kcal/mol
 Normalized weight factor of molecule in compound  :         0.13288
 Normalized weight factor of molecule in gas phase :         0.14453

 Compound: 3 Conformer: 1 (lacticacid_c0)
 Chemical potential of the molecule in the mixture :         5.69873 kcal/mol
 Log10(partial pressure [mbar])                    :        -1.06939
 Free energy of molecule in mix (E_COSMO+dE+Mu)    :   -215742.98141 kcal/mol
 Total mean interaction energy in the mix          :        -4.75643 kcal/mol
 Misfit interaction energy in the mix              :         2.91244 kcal/mol
 H-Bond interaction energy in the mix              :        -2.06048 kcal/mol
 VdW interaction energy in the mix                 :       -13.86023 kcal/mol
 Gas liquid transition energy in the mix (H_glt)   :         8.25184 kcal/mol
 Normalized weight factor of molecule in compound  :         0.07722
 Normalized weight factor of molecule in gas phase :         0.00600

 Compound: 3 Conformer: 2 (lacticacid_c1)
 Chemical potential of the molecule in the mixture :         6.07825 kcal/mol
 Log10(partial pressure [mbar])                    :        -0.41313
 Free energy of molecule in mix (E_COSMO+dE+Mu)    :   -215742.42040 kcal/mol
 Total mean interaction energy in the mix          :        -4.46706 kcal/mol
 Misfit interaction energy in the mix              :         2.90765 kcal/mol
 H-Bond interaction energy in the mix              :        -1.79960 kcal/mol
 VdW interaction energy in the mix                 :       -13.82696 kcal/mol
 Gas liquid transition energy in the mix (H_glt)   :         8.25184 kcal/mol
 Normalized weight factor of molecule in compound  :         0.03131
 Normalized weight factor of molecule in gas phase :         0.01132

 Compound: 3 Conformer: 3 (lacticacid_c2)
 Chemical potential of the molecule in the mixture :         3.33836 kcal/mol
 Log10(partial pressure [mbar])                    :        -0.34931
 Free energy of molecule in mix (E_COSMO+dE+Mu)    :   -215744.26811 kcal/mol
 Total mean interaction energy in the mix          :        -5.83340 kcal/mol
 Misfit interaction energy in the mix              :         2.27373 kcal/mol
 H-Bond interaction energy in the mix              :        -2.45467 kcal/mol
 VdW interaction energy in the mix                 :       -13.90430 kcal/mol
 Gas liquid transition energy in the mix (H_glt)   :         8.25184 kcal/mol
 Normalized weight factor of molecule in compound  :         0.61252
 Normalized weight factor of molecule in gas phase :         0.93343

 Compound: 3 Conformer: 4 (lacticacid_c3)
 Chemical potential of the molecule in the mixture :         2.93294 kcal/mol
 Log10(partial pressure [mbar])                    :        -1.67093
 Free energy of molecule in mix (E_COSMO+dE+Mu)    :   -215743.25250 kcal/mol
 Total mean interaction energy in the mix          :        -6.63760 kcal/mol
 Misfit interaction energy in the mix              :         2.54051 kcal/mol
 H-Bond interaction energy in the mix              :        -3.54763 kcal/mol
 VdW interaction energy in the mix                 :       -13.88233 kcal/mol
 Gas liquid transition energy in the mix (H_glt)   :         8.25184 kcal/mol
 Normalized weight factor of molecule in compound  :         0.11946
 Normalized weight factor of molecule in gas phase :         0.02803

 Compound: 3 Conformer: 5 (lacticacid_c4)
 Chemical potential of the molecule in the mixture :         3.28333 kcal/mol
 Log10(partial pressure [mbar])                    :        -2.98916
 Free energy of molecule in mix (E_COSMO+dE+Mu)    :   -215742.81550 kcal/mol
 Total mean interaction energy in the mix          :        -6.73041 kcal/mol
 Misfit interaction energy in the mix              :         2.95450 kcal/mol
 H-Bond interaction energy in the mix              :        -4.01319 kcal/mol
 VdW interaction energy in the mix                 :       -13.92356 kcal/mol
 Gas liquid transition energy in the mix (H_glt)   :         8.25184 kcal/mol
 Normalized weight factor of molecule in compound  :         0.05913
 Normalized weight factor of molecule in gas phase :         0.00067

 Compound: 3 Conformer: 6 (lacticacid_c5)
 Chemical potential of the molecule in the mixture :         2.89126 kcal/mol
 Log10(partial pressure [mbar])                    :        -1.72975
 Free energy of molecule in mix (E_COSMO+dE+Mu)    :   -215743.14421 kcal/mol
 Total mean interaction energy in the mix          :        -6.69078 kcal/mol
 Misfit interaction energy in the mix              :         2.51437 kcal/mol
 H-Bond interaction energy in the mix              :        -3.54984 kcal/mol
 VdW interaction energy in the mix                 :       -13.90715 kcal/mol
 Gas liquid transition energy in the mix (H_glt)   :         8.25184 kcal/mol
 Normalized weight factor of molecule in compound  :         0.10036
 Normalized weight factor of molecule in gas phase :         0.02055




 Results for mixture 31 - LIQ_EX Phase 1 Iteration   15
 ----------------------
 Temperature          :    312.668 K
 Compound Nr.         :         1         2         3
 Compound             :       h2o 3-hexanon lacticaci
 Mole Fraction        :    0.9956    0.0028    0.0015

 Compound: 1  (h2o)
 Chemical potential of the compound in the mixture :         3.45540 kcal/mol
 Log10(partial pressure [mbar])                    :         1.51675
 Free energy of molecule in mix (E_COSMO+dE+Mu)    :    -47989.79788 kcal/mol
 Total mean interaction energy in the mix (H_int)  :        -5.55269 kcal/mol
 Misfit interaction energy in the mix (H_MF)       :         0.58925 kcal/mol
 H-Bond interaction energy in the mix (H_HB)       :        -4.73171 kcal/mol
 VdW interaction energy in the mix (H_vdW)         :        -4.34227 kcal/mol
 Gas liquid transition energy in the mix (H_glt)   :         2.93205 kcal/mol

 Compound: 2  (3-hexanone)
 Chemical potential of the compound in the mixture :         6.61777 kcal/mol
 Log10(partial pressure [mbar])                    :         4.09399
 Free energy of molecule in mix (E_COSMO+dE+Mu)    :   -195308.60345 kcal/mol
 Total mean interaction energy in the mix (H_int)  :        -6.32579 kcal/mol
 Misfit interaction energy in the mix (H_MF)       :         2.47009 kcal/mol
 H-Bond interaction energy in the mix (H_HB)       :        -2.09819 kcal/mol
 VdW interaction energy in the mix (H_vdW)         :       -17.91504 kcal/mol
 Gas liquid transition energy in the mix (H_glt)   :        10.98474 kcal/mol

 Compound: 3  (lacticacid)
 Chemical potential of the compound in the mixture :         4.41416 kcal/mol
 Log10(partial pressure [mbar])                    :        -0.82698
 Free energy of molecule in mix (E_COSMO+dE+Mu)    :   -215744.26598 kcal/mol
 Total mean interaction energy in the mix (H_int)  :        -7.86377 kcal/mol
 Misfit interaction energy in the mix (H_MF)       :         1.99464 kcal/mol
 H-Bond interaction energy in the mix (H_HB)       :        -7.02598 kcal/mol
 VdW interaction energy in the mix (H_vdW)         :       -13.29416 kcal/mol
 Gas liquid transition energy in the mix (H_glt)   :         8.25184 kcal/mol



 Compound: 1 Conformer: 1 (h2o_c0)
 Chemical potential of the molecule in the mixture :         3.45540 kcal/mol
 Log10(partial pressure [mbar])                    :         1.51675
 Free energy of molecule in mix (E_COSMO+dE+Mu)    :    -47989.79788 kcal/mol
 Total mean interaction energy in the mix          :        -5.55269 kcal/mol
 Misfit interaction energy in the mix              :         0.58925 kcal/mol
 H-Bond interaction energy in the mix              :        -4.73171 kcal/mol
 VdW interaction energy in the mix                 :        -4.34227 kcal/mol
 Gas liquid transition energy in the mix (H_glt)   :         2.93205 kcal/mol
 Normalized weight factor of molecule in compound  :         1.00000
 Normalized weight factor of molecule in gas phase :         1.00000

 Compound: 2 Conformer: 1 (3-hexanone_c0)
 Chemical potential of the molecule in the mixture :         7.08893 kcal/mol
 Log10(partial pressure [mbar])                    :         4.18884
 Free energy of molecule in mix (E_COSMO+dE+Mu)    :   -195308.13228 kcal/mol
 Total mean interaction energy in the mix          :        -6.41118 kcal/mol
 Misfit interaction energy in the mix              :         2.50083 kcal/mol
 H-Bond interaction energy in the mix              :        -1.92688 kcal/mol
 VdW interaction energy in the mix                 :       -17.96987 kcal/mol
 Gas liquid transition energy in the mix (H_glt)   :        10.98474 kcal/mol
 Normalized weight factor of molecule in compound  :         0.46846
 Normalized weight factor of molecule in gas phase :         0.58280

 Compound: 2 Conformer: 2 (3-hexanone_c1)
 Chemical potential of the molecule in the mixture :         6.94228 kcal/mol
 Log10(partial pressure [mbar])                    :         3.97388
 Free energy of molecule in mix (E_COSMO+dE+Mu)    :   -195307.96786 kcal/mol
 Total mean interaction energy in the mix          :        -6.71268 kcal/mol
 Misfit interaction energy in the mix              :         2.44242 kcal/mol
 H-Bond interaction energy in the mix              :        -2.26700 kcal/mol
 VdW interaction energy in the mix                 :       -17.87283 kcal/mol
 Gas liquid transition energy in the mix (H_glt)   :        10.98474 kcal/mol
 Normalized weight factor of molecule in compound  :         0.35954
 Normalized weight factor of molecule in gas phase :         0.27267

 Compound: 2 Conformer: 3 (3-hexanone_c2)
 Chemical potential of the molecule in the mixture :         7.00937 kcal/mol
 Log10(partial pressure [mbar])                    :         4.01840
 Free energy of molecule in mix (E_COSMO+dE+Mu)    :   -195307.50975 kcal/mol
 Total mean interaction energy in the mix          :        -6.63684 kcal/mol
 Misfit interaction energy in the mix              :         2.44424 kcal/mol
 H-Bond interaction energy in the mix              :        -2.21187 kcal/mol
 VdW interaction energy in the mix                 :       -17.85395 kcal/mol
 Gas liquid transition energy in the mix (H_glt)   :        10.98474 kcal/mol
 Normalized weight factor of molecule in compound  :         0.17200
 Normalized weight factor of molecule in gas phase :         0.14453

 Compound: 3 Conformer: 1 (lacticacid_c0)
 Chemical potential of the molecule in the mixture :         6.36152 kcal/mol
 Log10(partial pressure [mbar])                    :        -0.60612
 Free energy of molecule in mix (E_COSMO+dE+Mu)    :   -215742.31862 kcal/mol
 Total mean interaction energy in the mix          :        -7.35282 kcal/mol
 Misfit interaction energy in the mix              :         2.03057 kcal/mol
 H-Bond interaction energy in the mix              :        -4.39181 kcal/mol
 VdW interaction energy in the mix                 :       -13.24343 kcal/mol
 Gas liquid transition energy in the mix (H_glt)   :         8.25184 kcal/mol
 Normalized weight factor of molecule in compound  :         0.04354
 Normalized weight factor of molecule in gas phase :         0.00600

 Compound: 3 Conformer: 2 (lacticacid_c1)
 Chemical potential of the molecule in the mixture :         6.48476 kcal/mol
 Log10(partial pressure [mbar])                    :        -0.12899
 Free energy of molecule in mix (E_COSMO+dE+Mu)    :   -215742.01389 kcal/mol
 Total mean interaction energy in the mix          :        -6.91761 kcal/mol
 Misfit interaction energy in the mix              :         2.13822 kcal/mol
 H-Bond interaction energy in the mix              :        -4.08708 kcal/mol
 VdW interaction energy in the mix                 :       -13.22060 kcal/mol
 Gas liquid transition energy in the mix (H_glt)   :         8.25184 kcal/mol
 Normalized weight factor of molecule in compound  :         0.02666
 Normalized weight factor of molecule in gas phase :         0.01132

 Compound: 3 Conformer: 3 (lacticacid_c2)
 Chemical potential of the molecule in the mixture :         4.63436 kcal/mol
 Log10(partial pressure [mbar])                    :         0.55656
 Free energy of molecule in mix (E_COSMO+dE+Mu)    :   -215742.97210 kcal/mol
 Total mean interaction energy in the mix          :        -8.02166 kcal/mol
 Misfit interaction energy in the mix              :         2.07000 kcal/mol
 H-Bond interaction energy in the mix              :        -5.03768 kcal/mol
 VdW interaction energy in the mix                 :       -13.30582 kcal/mol
 Gas liquid transition energy in the mix (H_glt)   :         8.25184 kcal/mol
 Normalized weight factor of molecule in compound  :         0.12463
 Normalized weight factor of molecule in gas phase :         0.93343

 Compound: 3 Conformer: 4 (lacticacid_c3)
 Chemical potential of the molecule in the mixture :         2.88501 kcal/mol
 Log10(partial pressure [mbar])                    :        -1.70443
 Free energy of molecule in mix (E_COSMO+dE+Mu)    :   -215743.30042 kcal/mol
 Total mean interaction energy in the mix          :       -10.13421 kcal/mol
 Misfit interaction energy in the mix              :         1.99198 kcal/mol
 H-Bond interaction energy in the mix              :        -7.09618 kcal/mol
 VdW interaction energy in the mix                 :       -13.28185 kcal/mol
 Gas liquid transition energy in the mix (H_glt)   :         8.25184 kcal/mol
 Normalized weight factor of molecule in compound  :         0.21140
 Normalized weight factor of molecule in gas phase :         0.02803

 Compound: 3 Conformer: 5 (lacticacid_c4)
 Chemical potential of the molecule in the mixture :         2.37487 kcal/mol
 Log10(partial pressure [mbar])                    :        -3.62415
 Free energy of molecule in mix (E_COSMO+dE+Mu)    :   -215743.72396 kcal/mol
 Total mean interaction energy in the mix          :       -11.08249 kcal/mol
 Misfit interaction energy in the mix              :         1.97203 kcal/mol
 H-Bond interaction energy in the mix              :        -8.00335 kcal/mol
 VdW interaction energy in the mix                 :       -13.30302 kcal/mol
 Gas liquid transition energy in the mix (H_glt)   :         8.25184 kcal/mol
 Normalized weight factor of molecule in compound  :         0.41797
 Normalized weight factor of molecule in gas phase :         0.00067

 Compound: 3 Conformer: 6 (lacticacid_c5)
 Chemical potential of the molecule in the mixture :         2.84962 kcal/mol
 Log10(partial pressure [mbar])                    :        -1.75886
 Free energy of molecule in mix (E_COSMO+dE+Mu)    :   -215743.18585 kcal/mol
 Total mean interaction energy in the mix          :       -10.20944 kcal/mol
 Misfit interaction energy in the mix              :         1.96751 kcal/mol
 H-Bond interaction energy in the mix              :        -7.12542 kcal/mol
 VdW interaction energy in the mix                 :       -13.30337 kcal/mol
 Gas liquid transition energy in the mix (H_glt)   :         8.25184 kcal/mol
 Normalized weight factor of molecule in compound  :         0.17580
 Normalized weight factor of molecule in gas phase :         0.02055




 Results for mixture 32 - LIQ_EX Phase 2 Iteration   15
 ----------------------
 Temperature          :    312.668 K
 Compound Nr.         :         1         2         3
 Compound             :       h2o 3-hexanon lacticaci
 Mole Fraction        :    0.1085    0.8890    0.0025

 Compound: 1  (h2o)
 Chemical potential of the compound in the mixture :         4.83225 kcal/mol
 Log10(partial pressure [mbar])                    :         2.47913
 Free energy of molecule in mix (E_COSMO+dE+Mu)    :    -47988.42102 kcal/mol
 Total mean interaction energy in the mix (H_int)  :        -3.05990 kcal/mol
 Misfit interaction energy in the mix (H_MF)       :         1.33377 kcal/mol
 H-Bond interaction energy in the mix (H_HB)       :        -2.77112 kcal/mol
 VdW interaction energy in the mix (H_vdW)         :        -4.55460 kcal/mol
 Gas liquid transition energy in the mix (H_glt)   :         2.93205 kcal/mol
 Equilibrium constant Kx(1,2)                      :         9.17021
 Equilibrium concentration x_k(1,2)                :         0.90167

 Compound: 2  (3-hexanone)
 Chemical potential of the compound in the mixture :         3.04712 kcal/mol
 Log10(partial pressure [mbar])                    :         1.59821
 Free energy of molecule in mix (E_COSMO+dE+Mu)    :   -195312.17410 kcal/mol
 Total mean interaction energy in the mix (H_int)  :        -4.34631 kcal/mol
 Misfit interaction energy in the mix (H_MF)       :         3.27264 kcal/mol
 H-Bond interaction energy in the mix (H_HB)       :        -0.23716 kcal/mol
 VdW interaction energy in the mix (H_vdW)         :       -18.54044 kcal/mol
 Gas liquid transition energy in the mix (H_glt)   :        10.98474 kcal/mol
 Equilibrium constant Kx(1,2)                      :  3.19318302E-03
 Equilibrium concentration x_k(1,2)                :         0.00318

 Compound: 3  (lacticacid)
 Chemical potential of the compound in the mixture :         4.10720 kcal/mol
 Log10(partial pressure [mbar])                    :        -1.04154
 Free energy of molecule in mix (E_COSMO+dE+Mu)    :   -215744.57294 kcal/mol
 Total mean interaction energy in the mix (H_int)  :        -4.56368 kcal/mol
 Misfit interaction energy in the mix (H_MF)       :         2.43901 kcal/mol
 H-Bond interaction energy in the mix (H_HB)       :        -2.73680 kcal/mol
 VdW interaction energy in the mix (H_vdW)         :       -13.89724 kcal/mol
 Gas liquid transition energy in the mix (H_glt)   :         8.25184 kcal/mol
 Equilibrium constant Kx(1,2)                      :         0.61015
 Equilibrium concentration x_k(1,2)                :         0.37894



 Compound: 1 Conformer: 1 (h2o_c0)
 Chemical potential of the molecule in the mixture :         4.83225 kcal/mol
 Log10(partial pressure [mbar])                    :         2.47913
 Free energy of molecule in mix (E_COSMO+dE+Mu)    :    -47988.42102 kcal/mol
 Total mean interaction energy in the mix          :        -3.05990 kcal/mol
 Misfit interaction energy in the mix              :         1.33377 kcal/mol
 H-Bond interaction energy in the mix              :        -2.77112 kcal/mol
 VdW interaction energy in the mix                 :        -4.55460 kcal/mol
 Gas liquid transition energy in the mix (H_glt)   :         2.93205 kcal/mol
 Normalized weight factor of molecule in compound  :         1.00000
 Normalized weight factor of molecule in gas phase :         1.00000

 Compound: 2 Conformer: 1 (3-hexanone_c0)
 Chemical potential of the molecule in the mixture :         3.35631 kcal/mol
 Log10(partial pressure [mbar])                    :         1.57985
 Free energy of molecule in mix (E_COSMO+dE+Mu)    :   -195311.86491 kcal/mol
 Total mean interaction energy in the mix          :        -4.54344 kcal/mol
 Misfit interaction energy in the mix              :         3.24140 kcal/mol
 H-Bond interaction energy in the mix              :        -0.18876 kcal/mol
 VdW interaction energy in the mix                 :       -18.58083 kcal/mol
 Gas liquid transition energy in the mix (H_glt)   :        10.98474 kcal/mol
 Normalized weight factor of molecule in compound  :         0.60798
 Normalized weight factor of molecule in gas phase :         0.58280

 Compound: 2 Conformer: 2 (3-hexanone_c1)
 Chemical potential of the molecule in the mixture :         3.57510 kcal/mol
 Log10(partial pressure [mbar])                    :         1.62032
 Free energy of molecule in mix (E_COSMO+dE+Mu)    :   -195311.33504 kcal/mol
 Total mean interaction energy in the mix          :        -4.48997 kcal/mol
 Misfit interaction energy in the mix              :         3.32063 kcal/mol
 H-Bond interaction energy in the mix              :        -0.31075 kcal/mol
 VdW interaction energy in the mix                 :       -18.48459 kcal/mol
 Gas liquid transition energy in the mix (H_glt)   :        10.98474 kcal/mol
 Normalized weight factor of molecule in compound  :         0.25914
 Normalized weight factor of molecule in gas phase :         0.27267

 Compound: 2 Conformer: 3 (3-hexanone_c2)
 Chemical potential of the molecule in the mixture :         3.59904 kcal/mol
 Log10(partial pressure [mbar])                    :         1.63468
 Free energy of molecule in mix (E_COSMO+dE+Mu)    :   -195310.92007 kcal/mol
 Total mean interaction energy in the mix          :        -4.47296 kcal/mol
 Misfit interaction energy in the mix              :         3.32200 kcal/mol
 H-Bond interaction energy in the mix              :        -0.31510 kcal/mol
 VdW interaction energy in the mix                 :       -18.46460 kcal/mol
 Gas liquid transition energy in the mix (H_glt)   :        10.98474 kcal/mol
 Normalized weight factor of molecule in compound  :         0.13288
 Normalized weight factor of molecule in gas phase :         0.14453

 Compound: 3 Conformer: 1 (lacticacid_c0)
 Chemical potential of the molecule in the mixture :         5.69849 kcal/mol
 Log10(partial pressure [mbar])                    :        -1.06955
 Free energy of molecule in mix (E_COSMO+dE+Mu)    :   -215742.98165 kcal/mol
 Total mean interaction energy in the mix          :        -4.75686 kcal/mol
 Misfit interaction energy in the mix              :         2.91221 kcal/mol
 H-Bond interaction energy in the mix              :        -2.06072 kcal/mol
 VdW interaction energy in the mix                 :       -13.86019 kcal/mol
 Gas liquid transition energy in the mix (H_glt)   :         8.25184 kcal/mol
 Normalized weight factor of molecule in compound  :         0.07722
 Normalized weight factor of molecule in gas phase :         0.00600

 Compound: 3 Conformer: 2 (lacticacid_c1)
 Chemical potential of the molecule in the mixture :         6.07793 kcal/mol
 Log10(partial pressure [mbar])                    :        -0.41335
 Free energy of molecule in mix (E_COSMO+dE+Mu)    :   -215742.42072 kcal/mol
 Total mean interaction energy in the mix          :        -4.46752 kcal/mol
 Misfit interaction energy in the mix              :         2.90746 kcal/mol
 H-Bond interaction energy in the mix              :        -1.79990 kcal/mol
 VdW interaction energy in the mix                 :       -13.82692 kcal/mol
 Gas liquid transition energy in the mix (H_glt)   :         8.25184 kcal/mol
 Normalized weight factor of molecule in compound  :         0.03131
 Normalized weight factor of molecule in gas phase :         0.01132

 Compound: 3 Conformer: 3 (lacticacid_c2)
 Chemical potential of the molecule in the mixture :         3.33815 kcal/mol
 Log10(partial pressure [mbar])                    :        -0.34945
 Free energy of molecule in mix (E_COSMO+dE+Mu)    :   -215744.26831 kcal/mol
 Total mean interaction energy in the mix          :        -5.83383 kcal/mol
 Misfit interaction energy in the mix              :         2.27357 kcal/mol
 H-Bond interaction energy in the mix              :        -2.45498 kcal/mol
 VdW interaction energy in the mix                 :       -13.90427 kcal/mol
 Gas liquid transition energy in the mix (H_glt)   :         8.25184 kcal/mol
 Normalized weight factor of molecule in compound  :         0.61245
 Normalized weight factor of molecule in gas phase :         0.93343

 Compound: 3 Conformer: 4 (lacticacid_c3)
 Chemical potential of the molecule in the mixture :         2.93252 kcal/mol
 Log10(partial pressure [mbar])                    :        -1.67122
 Free energy of molecule in mix (E_COSMO+dE+Mu)    :   -215743.25291 kcal/mol
 Total mean interaction energy in the mix          :        -6.63827 kcal/mol
 Misfit interaction energy in the mix              :         2.54029 kcal/mol
 H-Bond interaction energy in the mix              :        -3.54812 kcal/mol
 VdW interaction energy in the mix                 :       -13.88229 kcal/mol
 Gas liquid transition energy in the mix (H_glt)   :         8.25184 kcal/mol
 Normalized weight factor of molecule in compound  :         0.11949
 Normalized weight factor of molecule in gas phase :         0.02803

 Compound: 3 Conformer: 5 (lacticacid_c4)
 Chemical potential of the molecule in the mixture :         3.28281 kcal/mol
 Log10(partial pressure [mbar])                    :        -2.98953
 Free energy of molecule in mix (E_COSMO+dE+Mu)    :   -215742.81602 kcal/mol
 Total mean interaction energy in the mix          :        -6.73131 kcal/mol
 Misfit interaction energy in the mix              :         2.95416 kcal/mol
 H-Bond interaction energy in the mix              :        -4.01380 kcal/mol
 VdW interaction energy in the mix                 :       -13.92352 kcal/mol
 Gas liquid transition energy in the mix (H_glt)   :         8.25184 kcal/mol
 Normalized weight factor of molecule in compound  :         0.05915
 Normalized weight factor of molecule in gas phase :         0.00067

 Compound: 3 Conformer: 6 (lacticacid_c5)
 Chemical potential of the molecule in the mixture :         2.89085 kcal/mol
 Log10(partial pressure [mbar])                    :        -1.73004
 Free energy of molecule in mix (E_COSMO+dE+Mu)    :   -215743.14462 kcal/mol
 Total mean interaction energy in the mix          :        -6.69145 kcal/mol
 Misfit interaction energy in the mix              :         2.51413 kcal/mol
 H-Bond interaction energy in the mix              :        -3.55032 kcal/mol
 VdW interaction energy in the mix                 :       -13.90711 kcal/mol
 Gas liquid transition energy in the mix (H_glt)   :         8.25184 kcal/mol
 Normalized weight factor of molecule in compound  :         0.10038
 Normalized weight factor of molecule in gas phase :         0.02055




 Results for mixture 33 - LIQ_EX Phase 1 Iteration   16
 ----------------------
 Temperature          :    312.668 K
 Compound Nr.         :         1         2         3
 Compound             :       h2o 3-hexanon lacticaci
 Mole Fraction        :    0.9956    0.0028    0.0015

 Compound: 1  (h2o)
 Chemical potential of the compound in the mixture :         3.45540 kcal/mol
 Log10(partial pressure [mbar])                    :         1.51675
 Free energy of molecule in mix (E_COSMO+dE+Mu)    :    -47989.79788 kcal/mol
 Total mean interaction energy in the mix (H_int)  :        -5.55269 kcal/mol
 Misfit interaction energy in the mix (H_MF)       :         0.58925 kcal/mol
 H-Bond interaction energy in the mix (H_HB)       :        -4.73171 kcal/mol
 VdW interaction energy in the mix (H_vdW)         :        -4.34227 kcal/mol
 Gas liquid transition energy in the mix (H_glt)   :         2.93205 kcal/mol

 Compound: 2  (3-hexanone)
 Chemical potential of the compound in the mixture :         6.61779 kcal/mol
 Log10(partial pressure [mbar])                    :         4.09400
 Free energy of molecule in mix (E_COSMO+dE+Mu)    :   -195308.60343 kcal/mol
 Total mean interaction energy in the mix (H_int)  :        -6.32580 kcal/mol
 Misfit interaction energy in the mix (H_MF)       :         2.47008 kcal/mol
 H-Bond interaction energy in the mix (H_HB)       :        -2.09819 kcal/mol
 VdW interaction energy in the mix (H_vdW)         :       -17.91504 kcal/mol
 Gas liquid transition energy in the mix (H_glt)   :        10.98474 kcal/mol

 Compound: 3  (lacticacid)
 Chemical potential of the compound in the mixture :         4.41417 kcal/mol
 Log10(partial pressure [mbar])                    :        -0.82698
 Free energy of molecule in mix (E_COSMO+dE+Mu)    :   -215744.26597 kcal/mol
 Total mean interaction energy in the mix (H_int)  :        -7.86378 kcal/mol
 Misfit interaction energy in the mix (H_MF)       :         1.99464 kcal/mol
 H-Bond interaction energy in the mix (H_HB)       :        -7.02598 kcal/mol
 VdW interaction energy in the mix (H_vdW)         :       -13.29416 kcal/mol
 Gas liquid transition energy in the mix (H_glt)   :         8.25184 kcal/mol



 Compound: 1 Conformer: 1 (h2o_c0)
 Chemical potential of the molecule in the mixture :         3.45540 kcal/mol
 Log10(partial pressure [mbar])                    :         1.51675
 Free energy of molecule in mix (E_COSMO+dE+Mu)    :    -47989.79788 kcal/mol
 Total mean interaction energy in the mix          :        -5.55269 kcal/mol
 Misfit interaction energy in the mix              :         0.58925 kcal/mol
 H-Bond interaction energy in the mix              :        -4.73171 kcal/mol
 VdW interaction energy in the mix                 :        -4.34227 kcal/mol
 Gas liquid transition energy in the mix (H_glt)   :         2.93205 kcal/mol
 Normalized weight factor of molecule in compound  :         1.00000
 Normalized weight factor of molecule in gas phase :         1.00000

 Compound: 2 Conformer: 1 (3-hexanone_c0)
 Chemical potential of the molecule in the mixture :         7.08895 kcal/mol
 Log10(partial pressure [mbar])                    :         4.18885
 Free energy of molecule in mix (E_COSMO+dE+Mu)    :   -195308.13227 kcal/mol
 Total mean interaction energy in the mix          :        -6.41119 kcal/mol
 Misfit interaction energy in the mix              :         2.50082 kcal/mol
 H-Bond interaction energy in the mix              :        -1.92688 kcal/mol
 VdW interaction energy in the mix                 :       -17.96987 kcal/mol
 Gas liquid transition energy in the mix (H_glt)   :        10.98474 kcal/mol
 Normalized weight factor of molecule in compound  :         0.46846
 Normalized weight factor of molecule in gas phase :         0.58280

 Compound: 2 Conformer: 2 (3-hexanone_c1)
 Chemical potential of the molecule in the mixture :         6.94230 kcal/mol
 Log10(partial pressure [mbar])                    :         3.97389
 Free energy of molecule in mix (E_COSMO+dE+Mu)    :   -195307.96785 kcal/mol
 Total mean interaction energy in the mix          :        -6.71268 kcal/mol
 Misfit interaction energy in the mix              :         2.44241 kcal/mol
 H-Bond interaction energy in the mix              :        -2.26700 kcal/mol
 VdW interaction energy in the mix                 :       -17.87283 kcal/mol
 Gas liquid transition energy in the mix (H_glt)   :        10.98474 kcal/mol
 Normalized weight factor of molecule in compound  :         0.35954
 Normalized weight factor of molecule in gas phase :         0.27267

 Compound: 2 Conformer: 3 (3-hexanone_c2)
 Chemical potential of the molecule in the mixture :         7.00938 kcal/mol
 Log10(partial pressure [mbar])                    :         4.01841
 Free energy of molecule in mix (E_COSMO+dE+Mu)    :   -195307.50973 kcal/mol
 Total mean interaction energy in the mix          :        -6.63684 kcal/mol
 Misfit interaction energy in the mix              :         2.44423 kcal/mol
 H-Bond interaction energy in the mix              :        -2.21187 kcal/mol
 VdW interaction energy in the mix                 :       -17.85395 kcal/mol
 Gas liquid transition energy in the mix (H_glt)   :        10.98474 kcal/mol
 Normalized weight factor of molecule in compound  :         0.17200
 Normalized weight factor of molecule in gas phase :         0.14453

 Compound: 3 Conformer: 1 (lacticacid_c0)
 Chemical potential of the molecule in the mixture :         6.36152 kcal/mol
 Log10(partial pressure [mbar])                    :        -0.60611
 Free energy of molecule in mix (E_COSMO+dE+Mu)    :   -215742.31862 kcal/mol
 Total mean interaction energy in the mix          :        -7.35283 kcal/mol
 Misfit interaction energy in the mix              :         2.03057 kcal/mol
 H-Bond interaction energy in the mix              :        -4.39181 kcal/mol
 VdW interaction energy in the mix                 :       -13.24342 kcal/mol
 Gas liquid transition energy in the mix (H_glt)   :         8.25184 kcal/mol
 Normalized weight factor of molecule in compound  :         0.04354
 Normalized weight factor of molecule in gas phase :         0.00600

 Compound: 3 Conformer: 2 (lacticacid_c1)
 Chemical potential of the molecule in the mixture :         6.48476 kcal/mol
 Log10(partial pressure [mbar])                    :        -0.12898
 Free energy of molecule in mix (E_COSMO+dE+Mu)    :   -215742.01388 kcal/mol
 Total mean interaction energy in the mix          :        -6.91761 kcal/mol
 Misfit interaction energy in the mix              :         2.13822 kcal/mol
 H-Bond interaction energy in the mix              :        -4.08708 kcal/mol
 VdW interaction energy in the mix                 :       -13.22059 kcal/mol
 Gas liquid transition energy in the mix (H_glt)   :         8.25184 kcal/mol
 Normalized weight factor of molecule in compound  :         0.02666
 Normalized weight factor of molecule in gas phase :         0.01132

 Compound: 3 Conformer: 3 (lacticacid_c2)
 Chemical potential of the molecule in the mixture :         4.63437 kcal/mol
 Log10(partial pressure [mbar])                    :         0.55656
 Free energy of molecule in mix (E_COSMO+dE+Mu)    :   -215742.97210 kcal/mol
 Total mean interaction energy in the mix          :        -8.02166 kcal/mol
 Misfit interaction energy in the mix              :         2.07000 kcal/mol
 H-Bond interaction energy in the mix              :        -5.03769 kcal/mol
 VdW interaction energy in the mix                 :       -13.30582 kcal/mol
 Gas liquid transition energy in the mix (H_glt)   :         8.25184 kcal/mol
 Normalized weight factor of molecule in compound  :         0.12463
 Normalized weight factor of molecule in gas phase :         0.93343

 Compound: 3 Conformer: 4 (lacticacid_c3)
 Chemical potential of the molecule in the mixture :         2.88502 kcal/mol
 Log10(partial pressure [mbar])                    :        -1.70442
 Free energy of molecule in mix (E_COSMO+dE+Mu)    :   -215743.30041 kcal/mol
 Total mean interaction energy in the mix          :       -10.13421 kcal/mol
 Misfit interaction energy in the mix              :         1.99197 kcal/mol
 H-Bond interaction energy in the mix              :        -7.09618 kcal/mol
 VdW interaction energy in the mix                 :       -13.28185 kcal/mol
 Gas liquid transition energy in the mix (H_glt)   :         8.25184 kcal/mol
 Normalized weight factor of molecule in compound  :         0.21140
 Normalized weight factor of molecule in gas phase :         0.02803

 Compound: 3 Conformer: 5 (lacticacid_c4)
 Chemical potential of the molecule in the mixture :         2.37487 kcal/mol
 Log10(partial pressure [mbar])                    :        -3.62415
 Free energy of molecule in mix (E_COSMO+dE+Mu)    :   -215743.72396 kcal/mol
 Total mean interaction energy in the mix          :       -11.08250 kcal/mol
 Misfit interaction energy in the mix              :         1.97203 kcal/mol
 H-Bond interaction energy in the mix              :        -8.00335 kcal/mol
 VdW interaction energy in the mix                 :       -13.30302 kcal/mol
 Gas liquid transition energy in the mix (H_glt)   :         8.25184 kcal/mol
 Normalized weight factor of molecule in compound  :         0.41797
 Normalized weight factor of molecule in gas phase :         0.00067

 Compound: 3 Conformer: 6 (lacticacid_c5)
 Chemical potential of the molecule in the mixture :         2.84962 kcal/mol
 Log10(partial pressure [mbar])                    :        -1.75886
 Free energy of molecule in mix (E_COSMO+dE+Mu)    :   -215743.18584 kcal/mol
 Total mean interaction energy in the mix          :       -10.20944 kcal/mol
 Misfit interaction energy in the mix              :         1.96751 kcal/mol
 H-Bond interaction energy in the mix              :        -7.12542 kcal/mol
 VdW interaction energy in the mix                 :       -13.30337 kcal/mol
 Gas liquid transition energy in the mix (H_glt)   :         8.25184 kcal/mol
 Normalized weight factor of molecule in compound  :         0.17580
 Normalized weight factor of molecule in gas phase :         0.02055




 Results for mixture 34 - LIQ_EX Phase 2 Iteration   16
 ----------------------
 Temperature          :    312.668 K
 Compound Nr.         :         1         2         3
 Compound             :       h2o 3-hexanon lacticaci
 Mole Fraction        :    0.1086    0.8889    0.0025

 Compound: 1  (h2o)
 Chemical potential of the compound in the mixture :         4.83202 kcal/mol
 Log10(partial pressure [mbar])                    :         2.47897
 Free energy of molecule in mix (E_COSMO+dE+Mu)    :    -47988.42126 kcal/mol
 Total mean interaction energy in the mix (H_int)  :        -3.06033 kcal/mol
 Misfit interaction energy in the mix (H_MF)       :         1.33359 kcal/mol
 H-Bond interaction energy in the mix (H_HB)       :        -2.77139 kcal/mol
 VdW interaction energy in the mix (H_vdW)         :        -4.55459 kcal/mol
 Gas liquid transition energy in the mix (H_glt)   :         2.93205 kcal/mol
 Equilibrium constant Kx(1,2)                      :         9.16677
 Equilibrium concentration x_k(1,2)                :         0.90164

 Compound: 2  (3-hexanone)
 Chemical potential of the compound in the mixture :         3.04715 kcal/mol
 Log10(partial pressure [mbar])                    :         1.59823
 Free energy of molecule in mix (E_COSMO+dE+Mu)    :   -195312.17407 kcal/mol
 Total mean interaction energy in the mix (H_int)  :        -4.34643 kcal/mol
 Misfit interaction energy in the mix (H_MF)       :         3.27265 kcal/mol
 H-Bond interaction energy in the mix (H_HB)       :        -0.23731 kcal/mol
 VdW interaction energy in the mix (H_vdW)         :       -18.54042 kcal/mol
 Gas liquid transition energy in the mix (H_glt)   :        10.98474 kcal/mol
 Equilibrium constant Kx(1,2)                      :  3.19324977E-03
 Equilibrium concentration x_k(1,2)                :         0.00318

 Compound: 3  (lacticacid)
 Chemical potential of the compound in the mixture :         4.10701 kcal/mol
 Log10(partial pressure [mbar])                    :        -1.04167
 Free energy of molecule in mix (E_COSMO+dE+Mu)    :   -215744.57313 kcal/mol
 Total mean interaction energy in the mix (H_int)  :        -4.56398 kcal/mol
 Misfit interaction energy in the mix (H_MF)       :         2.43890 kcal/mol
 H-Bond interaction energy in the mix (H_HB)       :        -2.73709 kcal/mol
 VdW interaction energy in the mix (H_vdW)         :       -13.89722 kcal/mol
 Gas liquid transition energy in the mix (H_glt)   :         8.25184 kcal/mol
 Equilibrium constant Kx(1,2)                      :         0.60997
 Equilibrium concentration x_k(1,2)                :         0.37887



 Compound: 1 Conformer: 1 (h2o_c0)
 Chemical potential of the molecule in the mixture :         4.83202 kcal/mol
 Log10(partial pressure [mbar])                    :         2.47897
 Free energy of molecule in mix (E_COSMO+dE+Mu)    :    -47988.42126 kcal/mol
 Total mean interaction energy in the mix          :        -3.06033 kcal/mol
 Misfit interaction energy in the mix              :         1.33359 kcal/mol
 H-Bond interaction energy in the mix              :        -2.77139 kcal/mol
 VdW interaction energy in the mix                 :        -4.55459 kcal/mol
 Gas liquid transition energy in the mix (H_glt)   :         2.93205 kcal/mol
 Normalized weight factor of molecule in compound  :         1.00000
 Normalized weight factor of molecule in gas phase :         1.00000

 Compound: 2 Conformer: 1 (3-hexanone_c0)
 Chemical potential of the molecule in the mixture :         3.35634 kcal/mol
 Log10(partial pressure [mbar])                    :         1.57987
 Free energy of molecule in mix (E_COSMO+dE+Mu)    :   -195311.86487 kcal/mol
 Total mean interaction energy in the mix          :        -4.54353 kcal/mol
 Misfit interaction energy in the mix              :         3.24141 kcal/mol
 H-Bond interaction energy in the mix              :        -0.18888 kcal/mol
 VdW interaction energy in the mix                 :       -18.58081 kcal/mol
 Gas liquid transition energy in the mix (H_glt)   :        10.98474 kcal/mol
 Normalized weight factor of molecule in compound  :         0.60797
 Normalized weight factor of molecule in gas phase :         0.58280

 Compound: 2 Conformer: 2 (3-hexanone_c1)
 Chemical potential of the molecule in the mixture :         3.57512 kcal/mol
 Log10(partial pressure [mbar])                    :         1.62033
 Free energy of molecule in mix (E_COSMO+dE+Mu)    :   -195311.33503 kcal/mol
 Total mean interaction energy in the mix          :        -4.49014 kcal/mol
 Misfit interaction energy in the mix              :         3.32063 kcal/mol
 H-Bond interaction energy in the mix              :        -0.31094 kcal/mol
 VdW interaction energy in the mix                 :       -18.48457 kcal/mol
 Gas liquid transition energy in the mix (H_glt)   :        10.98474 kcal/mol
 Normalized weight factor of molecule in compound  :         0.25914
 Normalized weight factor of molecule in gas phase :         0.27267

 Compound: 2 Conformer: 3 (3-hexanone_c2)
 Chemical potential of the molecule in the mixture :         3.59905 kcal/mol
 Log10(partial pressure [mbar])                    :         1.63469
 Free energy of molecule in mix (E_COSMO+dE+Mu)    :   -195310.92006 kcal/mol
 Total mean interaction energy in the mix          :        -4.47312 kcal/mol
 Misfit interaction energy in the mix              :         3.32200 kcal/mol
 H-Bond interaction energy in the mix              :        -0.31529 kcal/mol
 VdW interaction energy in the mix                 :       -18.46458 kcal/mol
 Gas liquid transition energy in the mix (H_glt)   :        10.98474 kcal/mol
 Normalized weight factor of molecule in compound  :         0.13289
 Normalized weight factor of molecule in gas phase :         0.14453

 Compound: 3 Conformer: 1 (lacticacid_c0)
 Chemical potential of the molecule in the mixture :         5.69834 kcal/mol
 Log10(partial pressure [mbar])                    :        -1.06966
 Free energy of molecule in mix (E_COSMO+dE+Mu)    :   -215742.98180 kcal/mol
 Total mean interaction energy in the mix          :        -4.75714 kcal/mol
 Misfit interaction energy in the mix              :         2.91206 kcal/mol
 H-Bond interaction energy in the mix              :        -2.06087 kcal/mol
 VdW interaction energy in the mix                 :       -13.86017 kcal/mol
 Gas liquid transition energy in the mix (H_glt)   :         8.25184 kcal/mol
 Normalized weight factor of molecule in compound  :         0.07722
 Normalized weight factor of molecule in gas phase :         0.00600

 Compound: 3 Conformer: 2 (lacticacid_c1)
 Chemical potential of the molecule in the mixture :         6.07773 kcal/mol
 Log10(partial pressure [mbar])                    :        -0.41349
 Free energy of molecule in mix (E_COSMO+dE+Mu)    :   -215742.42092 kcal/mol
 Total mean interaction energy in the mix          :        -4.46781 kcal/mol
 Misfit interaction energy in the mix              :         2.90733 kcal/mol
 H-Bond interaction energy in the mix              :        -1.80010 kcal/mol
 VdW interaction energy in the mix                 :       -13.82689 kcal/mol
 Gas liquid transition energy in the mix (H_glt)   :         8.25184 kcal/mol
 Normalized weight factor of molecule in compound  :         0.03131
 Normalized weight factor of molecule in gas phase :         0.01132

 Compound: 3 Conformer: 3 (lacticacid_c2)
 Chemical potential of the molecule in the mixture :         3.33801 kcal/mol
 Log10(partial pressure [mbar])                    :        -0.34955
 Free energy of molecule in mix (E_COSMO+dE+Mu)    :   -215744.26845 kcal/mol
 Total mean interaction energy in the mix          :        -5.83411 kcal/mol
 Misfit interaction energy in the mix              :         2.27347 kcal/mol
 H-Bond interaction energy in the mix              :        -2.45518 kcal/mol
 VdW interaction energy in the mix                 :       -13.90425 kcal/mol
 Gas liquid transition energy in the mix (H_glt)   :         8.25184 kcal/mol
 Normalized weight factor of molecule in compound  :         0.61241
 Normalized weight factor of molecule in gas phase :         0.93343

 Compound: 3 Conformer: 4 (lacticacid_c3)
 Chemical potential of the molecule in the mixture :         2.93225 kcal/mol
 Log10(partial pressure [mbar])                    :        -1.67141
 Free energy of molecule in mix (E_COSMO+dE+Mu)    :   -215743.25319 kcal/mol
 Total mean interaction energy in the mix          :        -6.63872 kcal/mol
 Misfit interaction energy in the mix              :         2.54014 kcal/mol
 H-Bond interaction energy in the mix              :        -3.54844 kcal/mol
 VdW interaction energy in the mix                 :       -13.88226 kcal/mol
 Gas liquid transition energy in the mix (H_glt)   :         8.25184 kcal/mol
 Normalized weight factor of molecule in compound  :         0.11951
 Normalized weight factor of molecule in gas phase :         0.02803

 Compound: 3 Conformer: 5 (lacticacid_c4)
 Chemical potential of the molecule in the mixture :         3.28247 kcal/mol
 Log10(partial pressure [mbar])                    :        -2.98976
 Free energy of molecule in mix (E_COSMO+dE+Mu)    :   -215742.81636 kcal/mol
 Total mean interaction energy in the mix          :        -6.73191 kcal/mol
 Misfit interaction energy in the mix              :         2.95393 kcal/mol
 H-Bond interaction energy in the mix              :        -4.01420 kcal/mol
 VdW interaction energy in the mix                 :       -13.92348 kcal/mol
 Gas liquid transition energy in the mix (H_glt)   :         8.25184 kcal/mol
 Normalized weight factor of molecule in compound  :         0.05917
 Normalized weight factor of molecule in gas phase :         0.00067

 Compound: 3 Conformer: 6 (lacticacid_c5)
 Chemical potential of the molecule in the mixture :         2.89058 kcal/mol
 Log10(partial pressure [mbar])                    :        -1.73023
 Free energy of molecule in mix (E_COSMO+dE+Mu)    :   -215743.14489 kcal/mol
 Total mean interaction energy in the mix          :        -6.69190 kcal/mol
 Misfit interaction energy in the mix              :         2.51398 kcal/mol
 H-Bond interaction energy in the mix              :        -3.55064 kcal/mol
 VdW interaction energy in the mix                 :       -13.90708 kcal/mol
 Gas liquid transition energy in the mix (H_glt)   :         8.25184 kcal/mol
 Normalized weight factor of molecule in compound  :         0.10039
 Normalized weight factor of molecule in gas phase :         0.02055




 Results for mixture 35 - LIQ_EX Phase 1 Iteration   17
 ----------------------
 Temperature          :    312.668 K
 Compound Nr.         :         1         2         3
 Compound             :       h2o 3-hexanon lacticaci
 Mole Fraction        :    0.9956    0.0028    0.0015

 Compound: 1  (h2o)
 Chemical potential of the compound in the mixture :         3.45540 kcal/mol
 Log10(partial pressure [mbar])                    :         1.51675
 Free energy of molecule in mix (E_COSMO+dE+Mu)    :    -47989.79788 kcal/mol
 Total mean interaction energy in the mix (H_int)  :        -5.55269 kcal/mol
 Misfit interaction energy in the mix (H_MF)       :         0.58925 kcal/mol
 H-Bond interaction energy in the mix (H_HB)       :        -4.73172 kcal/mol
 VdW interaction energy in the mix (H_vdW)         :        -4.34227 kcal/mol
 Gas liquid transition energy in the mix (H_glt)   :         2.93205 kcal/mol

 Compound: 2  (3-hexanone)
 Chemical potential of the compound in the mixture :         6.61780 kcal/mol
 Log10(partial pressure [mbar])                    :         4.09401
 Free energy of molecule in mix (E_COSMO+dE+Mu)    :   -195308.60342 kcal/mol
 Total mean interaction energy in the mix (H_int)  :        -6.32580 kcal/mol
 Misfit interaction energy in the mix (H_MF)       :         2.47008 kcal/mol
 H-Bond interaction energy in the mix (H_HB)       :        -2.09819 kcal/mol
 VdW interaction energy in the mix (H_vdW)         :       -17.91504 kcal/mol
 Gas liquid transition energy in the mix (H_glt)   :        10.98474 kcal/mol

 Compound: 3  (lacticacid)
 Chemical potential of the compound in the mixture :         4.41417 kcal/mol
 Log10(partial pressure [mbar])                    :        -0.82697
 Free energy of molecule in mix (E_COSMO+dE+Mu)    :   -215744.26597 kcal/mol
 Total mean interaction energy in the mix (H_int)  :        -7.86378 kcal/mol
 Misfit interaction energy in the mix (H_MF)       :         1.99464 kcal/mol
 H-Bond interaction energy in the mix (H_HB)       :        -7.02599 kcal/mol
 VdW interaction energy in the mix (H_vdW)         :       -13.29416 kcal/mol
 Gas liquid transition energy in the mix (H_glt)   :         8.25184 kcal/mol



 Compound: 1 Conformer: 1 (h2o_c0)
 Chemical potential of the molecule in the mixture :         3.45540 kcal/mol
 Log10(partial pressure [mbar])                    :         1.51675
 Free energy of molecule in mix (E_COSMO+dE+Mu)    :    -47989.79788 kcal/mol
 Total mean interaction energy in the mix          :        -5.55269 kcal/mol
 Misfit interaction energy in the mix              :         0.58925 kcal/mol
 H-Bond interaction energy in the mix              :        -4.73172 kcal/mol
 VdW interaction energy in the mix                 :        -4.34227 kcal/mol
 Gas liquid transition energy in the mix (H_glt)   :         2.93205 kcal/mol
 Normalized weight factor of molecule in compound  :         1.00000
 Normalized weight factor of molecule in gas phase :         1.00000

 Compound: 2 Conformer: 1 (3-hexanone_c0)
 Chemical potential of the molecule in the mixture :         7.08896 kcal/mol
 Log10(partial pressure [mbar])                    :         4.18886
 Free energy of molecule in mix (E_COSMO+dE+Mu)    :   -195308.13226 kcal/mol
 Total mean interaction energy in the mix          :        -6.41119 kcal/mol
 Misfit interaction energy in the mix              :         2.50081 kcal/mol
 H-Bond interaction energy in the mix              :        -1.92688 kcal/mol
 VdW interaction energy in the mix                 :       -17.96987 kcal/mol
 Gas liquid transition energy in the mix (H_glt)   :        10.98474 kcal/mol
 Normalized weight factor of molecule in compound  :         0.46846
 Normalized weight factor of molecule in gas phase :         0.58280

 Compound: 2 Conformer: 2 (3-hexanone_c1)
 Chemical potential of the molecule in the mixture :         6.94231 kcal/mol
 Log10(partial pressure [mbar])                    :         3.97390
 Free energy of molecule in mix (E_COSMO+dE+Mu)    :   -195307.96784 kcal/mol
 Total mean interaction energy in the mix          :        -6.71269 kcal/mol
 Misfit interaction energy in the mix              :         2.44240 kcal/mol
 H-Bond interaction energy in the mix              :        -2.26700 kcal/mol
 VdW interaction energy in the mix                 :       -17.87283 kcal/mol
 Gas liquid transition energy in the mix (H_glt)   :        10.98474 kcal/mol
 Normalized weight factor of molecule in compound  :         0.35954
 Normalized weight factor of molecule in gas phase :         0.27267

 Compound: 2 Conformer: 3 (3-hexanone_c2)
 Chemical potential of the molecule in the mixture :         7.00939 kcal/mol
 Log10(partial pressure [mbar])                    :         4.01842
 Free energy of molecule in mix (E_COSMO+dE+Mu)    :   -195307.50972 kcal/mol
 Total mean interaction energy in the mix          :        -6.63685 kcal/mol
 Misfit interaction energy in the mix              :         2.44423 kcal/mol
 H-Bond interaction energy in the mix              :        -2.21187 kcal/mol
 VdW interaction energy in the mix                 :       -17.85395 kcal/mol
 Gas liquid transition energy in the mix (H_glt)   :        10.98474 kcal/mol
 Normalized weight factor of molecule in compound  :         0.17200
 Normalized weight factor of molecule in gas phase :         0.14453

 Compound: 3 Conformer: 1 (lacticacid_c0)
 Chemical potential of the molecule in the mixture :         6.36153 kcal/mol
 Log10(partial pressure [mbar])                    :        -0.60611
 Free energy of molecule in mix (E_COSMO+dE+Mu)    :   -215742.31861 kcal/mol
 Total mean interaction energy in the mix          :        -7.35283 kcal/mol
 Misfit interaction energy in the mix              :         2.03057 kcal/mol
 H-Bond interaction energy in the mix              :        -4.39182 kcal/mol
 VdW interaction energy in the mix                 :       -13.24342 kcal/mol
 Gas liquid transition energy in the mix (H_glt)   :         8.25184 kcal/mol
 Normalized weight factor of molecule in compound  :         0.04354
 Normalized weight factor of molecule in gas phase :         0.00600

 Compound: 3 Conformer: 2 (lacticacid_c1)
 Chemical potential of the molecule in the mixture :         6.48477 kcal/mol
 Log10(partial pressure [mbar])                    :        -0.12898
 Free energy of molecule in mix (E_COSMO+dE+Mu)    :   -215742.01388 kcal/mol
 Total mean interaction energy in the mix          :        -6.91761 kcal/mol
 Misfit interaction energy in the mix              :         2.13822 kcal/mol
 H-Bond interaction energy in the mix              :        -4.08708 kcal/mol
 VdW interaction energy in the mix                 :       -13.22059 kcal/mol
 Gas liquid transition energy in the mix (H_glt)   :         8.25184 kcal/mol
 Normalized weight factor of molecule in compound  :         0.02666
 Normalized weight factor of molecule in gas phase :         0.01132

 Compound: 3 Conformer: 3 (lacticacid_c2)
 Chemical potential of the molecule in the mixture :         4.63437 kcal/mol
 Log10(partial pressure [mbar])                    :         0.55656
 Free energy of molecule in mix (E_COSMO+dE+Mu)    :   -215742.97209 kcal/mol
 Total mean interaction energy in the mix          :        -8.02167 kcal/mol
 Misfit interaction energy in the mix              :         2.07000 kcal/mol
 H-Bond interaction energy in the mix              :        -5.03769 kcal/mol
 VdW interaction energy in the mix                 :       -13.30582 kcal/mol
 Gas liquid transition energy in the mix (H_glt)   :         8.25184 kcal/mol
 Normalized weight factor of molecule in compound  :         0.12463
 Normalized weight factor of molecule in gas phase :         0.93343

 Compound: 3 Conformer: 4 (lacticacid_c3)
 Chemical potential of the molecule in the mixture :         2.88502 kcal/mol
 Log10(partial pressure [mbar])                    :        -1.70442
 Free energy of molecule in mix (E_COSMO+dE+Mu)    :   -215743.30041 kcal/mol
 Total mean interaction energy in the mix          :       -10.13422 kcal/mol
 Misfit interaction energy in the mix              :         1.99197 kcal/mol
 H-Bond interaction energy in the mix              :        -7.09619 kcal/mol
 VdW interaction energy in the mix                 :       -13.28184 kcal/mol
 Gas liquid transition energy in the mix (H_glt)   :         8.25184 kcal/mol
 Normalized weight factor of molecule in compound  :         0.21140
 Normalized weight factor of molecule in gas phase :         0.02803

 Compound: 3 Conformer: 5 (lacticacid_c4)
 Chemical potential of the molecule in the mixture :         2.37488 kcal/mol
 Log10(partial pressure [mbar])                    :        -3.62415
 Free energy of molecule in mix (E_COSMO+dE+Mu)    :   -215743.72395 kcal/mol
 Total mean interaction energy in the mix          :       -11.08250 kcal/mol
 Misfit interaction energy in the mix              :         1.97203 kcal/mol
 H-Bond interaction energy in the mix              :        -8.00335 kcal/mol
 VdW interaction energy in the mix                 :       -13.30301 kcal/mol
 Gas liquid transition energy in the mix (H_glt)   :         8.25184 kcal/mol
 Normalized weight factor of molecule in compound  :         0.41797
 Normalized weight factor of molecule in gas phase :         0.00067

 Compound: 3 Conformer: 6 (lacticacid_c5)
 Chemical potential of the molecule in the mixture :         2.84963 kcal/mol
 Log10(partial pressure [mbar])                    :        -1.75885
 Free energy of molecule in mix (E_COSMO+dE+Mu)    :   -215743.18584 kcal/mol
 Total mean interaction energy in the mix          :       -10.20945 kcal/mol
 Misfit interaction energy in the mix              :         1.96750 kcal/mol
 H-Bond interaction energy in the mix              :        -7.12542 kcal/mol
 VdW interaction energy in the mix                 :       -13.30337 kcal/mol
 Gas liquid transition energy in the mix (H_glt)   :         8.25184 kcal/mol
 Normalized weight factor of molecule in compound  :         0.17580
 Normalized weight factor of molecule in gas phase :         0.02055




 Results for mixture 36 - LIQ_EX Phase 2 Iteration   17
 ----------------------
 Temperature          :    312.668 K
 Compound Nr.         :         1         2         3
 Compound             :       h2o 3-hexanon lacticaci
 Mole Fraction        :    0.1086    0.8889    0.0025

 Compound: 1  (h2o)
 Chemical potential of the compound in the mixture :         4.83186 kcal/mol
 Log10(partial pressure [mbar])                    :         2.47886
 Free energy of molecule in mix (E_COSMO+dE+Mu)    :    -47988.42141 kcal/mol
 Total mean interaction energy in the mix (H_int)  :        -3.06062 kcal/mol
 Misfit interaction energy in the mix (H_MF)       :         1.33347 kcal/mol
 H-Bond interaction energy in the mix (H_HB)       :        -2.77156 kcal/mol
 VdW interaction energy in the mix (H_vdW)         :        -4.55458 kcal/mol
 Gas liquid transition energy in the mix (H_glt)   :         2.93205 kcal/mol
 Equilibrium constant Kx(1,2)                      :         9.16449
 Equilibrium concentration x_k(1,2)                :         0.90162

 Compound: 2  (3-hexanone)
 Chemical potential of the compound in the mixture :         3.04717 kcal/mol
 Log10(partial pressure [mbar])                    :         1.59825
 Free energy of molecule in mix (E_COSMO+dE+Mu)    :   -195312.17405 kcal/mol
 Total mean interaction energy in the mix (H_int)  :        -4.34651 kcal/mol
 Misfit interaction energy in the mix (H_MF)       :         3.27265 kcal/mol
 H-Bond interaction energy in the mix (H_HB)       :        -0.23740 kcal/mol
 VdW interaction energy in the mix (H_vdW)         :       -18.54041 kcal/mol
 Gas liquid transition energy in the mix (H_glt)   :        10.98474 kcal/mol
 Equilibrium constant Kx(1,2)                      :  3.19329392E-03
 Equilibrium concentration x_k(1,2)                :         0.00318

 Compound: 3  (lacticacid)
 Chemical potential of the compound in the mixture :         4.10689 kcal/mol
 Log10(partial pressure [mbar])                    :        -1.04175
 Free energy of molecule in mix (E_COSMO+dE+Mu)    :   -215744.57325 kcal/mol
 Total mean interaction energy in the mix (H_int)  :        -4.56419 kcal/mol
 Misfit interaction energy in the mix (H_MF)       :         2.43883 kcal/mol
 H-Bond interaction energy in the mix (H_HB)       :        -2.73729 kcal/mol
 VdW interaction energy in the mix (H_vdW)         :       -13.89720 kcal/mol
 Gas liquid transition energy in the mix (H_glt)   :         8.25184 kcal/mol
 Equilibrium constant Kx(1,2)                      :         0.60985
 Equilibrium concentration x_k(1,2)                :         0.37882



 Compound: 1 Conformer: 1 (h2o_c0)
 Chemical potential of the molecule in the mixture :         4.83186 kcal/mol
 Log10(partial pressure [mbar])                    :         2.47886
 Free energy of molecule in mix (E_COSMO+dE+Mu)    :    -47988.42141 kcal/mol
 Total mean interaction energy in the mix          :        -3.06062 kcal/mol
 Misfit interaction energy in the mix              :         1.33347 kcal/mol
 H-Bond interaction energy in the mix              :        -2.77156 kcal/mol
 VdW interaction energy in the mix                 :        -4.55458 kcal/mol
 Gas liquid transition energy in the mix (H_glt)   :         2.93205 kcal/mol
 Normalized weight factor of molecule in compound  :         1.00000
 Normalized weight factor of molecule in gas phase :         1.00000

 Compound: 2 Conformer: 1 (3-hexanone_c0)
 Chemical potential of the molecule in the mixture :         3.35637 kcal/mol
 Log10(partial pressure [mbar])                    :         1.57989
 Free energy of molecule in mix (E_COSMO+dE+Mu)    :   -195311.86485 kcal/mol
 Total mean interaction energy in the mix          :        -4.54360 kcal/mol
 Misfit interaction energy in the mix              :         3.24141 kcal/mol
 H-Bond interaction energy in the mix              :        -0.18896 kcal/mol
 VdW interaction energy in the mix                 :       -18.58080 kcal/mol
 Gas liquid transition energy in the mix (H_glt)   :        10.98474 kcal/mol
 Normalized weight factor of molecule in compound  :         0.60796
 Normalized weight factor of molecule in gas phase :         0.58280

 Compound: 2 Conformer: 2 (3-hexanone_c1)
 Chemical potential of the molecule in the mixture :         3.57513 kcal/mol
 Log10(partial pressure [mbar])                    :         1.62034
 Free energy of molecule in mix (E_COSMO+dE+Mu)    :   -195311.33502 kcal/mol
 Total mean interaction energy in the mix          :        -4.49025 kcal/mol
 Misfit interaction energy in the mix              :         3.32063 kcal/mol
 H-Bond interaction energy in the mix              :        -0.31106 kcal/mol
 VdW interaction energy in the mix                 :       -18.48456 kcal/mol
 Gas liquid transition energy in the mix (H_glt)   :        10.98474 kcal/mol
 Normalized weight factor of molecule in compound  :         0.25915
 Normalized weight factor of molecule in gas phase :         0.27267

 Compound: 2 Conformer: 3 (3-hexanone_c2)
 Chemical potential of the molecule in the mixture :         3.59906 kcal/mol
 Log10(partial pressure [mbar])                    :         1.63470
 Free energy of molecule in mix (E_COSMO+dE+Mu)    :   -195310.92005 kcal/mol
 Total mean interaction energy in the mix          :        -4.47323 kcal/mol
 Misfit interaction energy in the mix              :         3.32200 kcal/mol
 H-Bond interaction energy in the mix              :        -0.31541 kcal/mol
 VdW interaction energy in the mix                 :       -18.46457 kcal/mol
 Gas liquid transition energy in the mix (H_glt)   :        10.98474 kcal/mol
 Normalized weight factor of molecule in compound  :         0.13289
 Normalized weight factor of molecule in gas phase :         0.14453

 Compound: 3 Conformer: 1 (lacticacid_c0)
 Chemical potential of the molecule in the mixture :         5.69823 kcal/mol
 Log10(partial pressure [mbar])                    :        -1.06973
 Free energy of molecule in mix (E_COSMO+dE+Mu)    :   -215742.98191 kcal/mol
 Total mean interaction energy in the mix          :        -4.75732 kcal/mol
 Misfit interaction energy in the mix              :         2.91196 kcal/mol
 H-Bond interaction energy in the mix              :        -2.06097 kcal/mol
 VdW interaction energy in the mix                 :       -13.86015 kcal/mol
 Gas liquid transition energy in the mix (H_glt)   :         8.25184 kcal/mol
 Normalized weight factor of molecule in compound  :         0.07721
 Normalized weight factor of molecule in gas phase :         0.00600

 Compound: 3 Conformer: 2 (lacticacid_c1)
 Chemical potential of the molecule in the mixture :         6.07759 kcal/mol
 Log10(partial pressure [mbar])                    :        -0.41359
 Free energy of molecule in mix (E_COSMO+dE+Mu)    :   -215742.42106 kcal/mol
 Total mean interaction energy in the mix          :        -4.46801 kcal/mol
 Misfit interaction energy in the mix              :         2.90725 kcal/mol
 H-Bond interaction energy in the mix              :        -1.80023 kcal/mol
 VdW interaction energy in the mix                 :       -13.82688 kcal/mol
 Gas liquid transition energy in the mix (H_glt)   :         8.25184 kcal/mol
 Normalized weight factor of molecule in compound  :         0.03131
 Normalized weight factor of molecule in gas phase :         0.01132

 Compound: 3 Conformer: 3 (lacticacid_c2)
 Chemical potential of the molecule in the mixture :         3.33792 kcal/mol
 Log10(partial pressure [mbar])                    :        -0.34961
 Free energy of molecule in mix (E_COSMO+dE+Mu)    :   -215744.26854 kcal/mol
 Total mean interaction energy in the mix          :        -5.83430 kcal/mol
 Misfit interaction energy in the mix              :         2.27341 kcal/mol
 H-Bond interaction energy in the mix              :        -2.45532 kcal/mol
 VdW interaction energy in the mix                 :       -13.90423 kcal/mol
 Gas liquid transition energy in the mix (H_glt)   :         8.25184 kcal/mol
 Normalized weight factor of molecule in compound  :         0.61238
 Normalized weight factor of molecule in gas phase :         0.93343

 Compound: 3 Conformer: 4 (lacticacid_c3)
 Chemical potential of the molecule in the mixture :         2.93207 kcal/mol
 Log10(partial pressure [mbar])                    :        -1.67154
 Free energy of molecule in mix (E_COSMO+dE+Mu)    :   -215743.25337 kcal/mol
 Total mean interaction energy in the mix          :        -6.63901 kcal/mol
 Misfit interaction energy in the mix              :         2.54004 kcal/mol
 H-Bond interaction energy in the mix              :        -3.54865 kcal/mol
 VdW interaction energy in the mix                 :       -13.88224 kcal/mol
 Gas liquid transition energy in the mix (H_glt)   :         8.25184 kcal/mol
 Normalized weight factor of molecule in compound  :         0.11952
 Normalized weight factor of molecule in gas phase :         0.02803

 Compound: 3 Conformer: 5 (lacticacid_c4)
 Chemical potential of the molecule in the mixture :         3.28225 kcal/mol
 Log10(partial pressure [mbar])                    :        -2.98992
 Free energy of molecule in mix (E_COSMO+dE+Mu)    :   -215742.81658 kcal/mol
 Total mean interaction energy in the mix          :        -6.73230 kcal/mol
 Misfit interaction energy in the mix              :         2.95378 kcal/mol
 H-Bond interaction energy in the mix              :        -4.01446 kcal/mol
 VdW interaction energy in the mix                 :       -13.92346 kcal/mol
 Gas liquid transition energy in the mix (H_glt)   :         8.25184 kcal/mol
 Normalized weight factor of molecule in compound  :         0.05918
 Normalized weight factor of molecule in gas phase :         0.00067

 Compound: 3 Conformer: 6 (lacticacid_c5)
 Chemical potential of the molecule in the mixture :         2.89040 kcal/mol
 Log10(partial pressure [mbar])                    :        -1.73036
 Free energy of molecule in mix (E_COSMO+dE+Mu)    :   -215743.14507 kcal/mol
 Total mean interaction energy in the mix          :        -6.69219 kcal/mol
 Misfit interaction energy in the mix              :         2.51388 kcal/mol
 H-Bond interaction energy in the mix              :        -3.55085 kcal/mol
 VdW interaction energy in the mix                 :       -13.90706 kcal/mol
 Gas liquid transition energy in the mix (H_glt)   :         8.25184 kcal/mol
 Normalized weight factor of molecule in compound  :         0.10040
 Normalized weight factor of molecule in gas phase :         0.02055




 Results for mixture 37 - LIQ_EX Phase 1 Iteration   18
 ----------------------
 Temperature          :    312.668 K
 Compound Nr.         :         1         2         3
 Compound             :       h2o 3-hexanon lacticaci
 Mole Fraction        :    0.9956    0.0028    0.0015

 Compound: 1  (h2o)
 Chemical potential of the compound in the mixture :         3.45540 kcal/mol
 Log10(partial pressure [mbar])                    :         1.51675
 Free energy of molecule in mix (E_COSMO+dE+Mu)    :    -47989.79788 kcal/mol
 Total mean interaction energy in the mix (H_int)  :        -5.55269 kcal/mol
 Misfit interaction energy in the mix (H_MF)       :         0.58925 kcal/mol
 H-Bond interaction energy in the mix (H_HB)       :        -4.73172 kcal/mol
 VdW interaction energy in the mix (H_vdW)         :        -4.34227 kcal/mol
 Gas liquid transition energy in the mix (H_glt)   :         2.93205 kcal/mol

 Compound: 2  (3-hexanone)
 Chemical potential of the compound in the mixture :         6.61780 kcal/mol
 Log10(partial pressure [mbar])                    :         4.09401
 Free energy of molecule in mix (E_COSMO+dE+Mu)    :   -195308.60341 kcal/mol
 Total mean interaction energy in the mix (H_int)  :        -6.32580 kcal/mol
 Misfit interaction energy in the mix (H_MF)       :         2.47008 kcal/mol
 H-Bond interaction energy in the mix (H_HB)       :        -2.09819 kcal/mol
 VdW interaction energy in the mix (H_vdW)         :       -17.91504 kcal/mol
 Gas liquid transition energy in the mix (H_glt)   :        10.98474 kcal/mol

 Compound: 3  (lacticacid)
 Chemical potential of the compound in the mixture :         4.41418 kcal/mol
 Log10(partial pressure [mbar])                    :        -0.82697
 Free energy of molecule in mix (E_COSMO+dE+Mu)    :   -215744.26596 kcal/mol
 Total mean interaction energy in the mix (H_int)  :        -7.86378 kcal/mol
 Misfit interaction energy in the mix (H_MF)       :         1.99464 kcal/mol
 H-Bond interaction energy in the mix (H_HB)       :        -7.02599 kcal/mol
 VdW interaction energy in the mix (H_vdW)         :       -13.29416 kcal/mol
 Gas liquid transition energy in the mix (H_glt)   :         8.25184 kcal/mol



 Compound: 1 Conformer: 1 (h2o_c0)
 Chemical potential of the molecule in the mixture :         3.45540 kcal/mol
 Log10(partial pressure [mbar])                    :         1.51675
 Free energy of molecule in mix (E_COSMO+dE+Mu)    :    -47989.79788 kcal/mol
 Total mean interaction energy in the mix          :        -5.55269 kcal/mol
 Misfit interaction energy in the mix              :         0.58925 kcal/mol
 H-Bond interaction energy in the mix              :        -4.73172 kcal/mol
 VdW interaction energy in the mix                 :        -4.34227 kcal/mol
 Gas liquid transition energy in the mix (H_glt)   :         2.93205 kcal/mol
 Normalized weight factor of molecule in compound  :         1.00000
 Normalized weight factor of molecule in gas phase :         1.00000

 Compound: 2 Conformer: 1 (3-hexanone_c0)
 Chemical potential of the molecule in the mixture :         7.08897 kcal/mol
 Log10(partial pressure [mbar])                    :         4.18887
 Free energy of molecule in mix (E_COSMO+dE+Mu)    :   -195308.13225 kcal/mol
 Total mean interaction energy in the mix          :        -6.41120 kcal/mol
 Misfit interaction energy in the mix              :         2.50081 kcal/mol
 H-Bond interaction energy in the mix              :        -1.92688 kcal/mol
 VdW interaction energy in the mix                 :       -17.96986 kcal/mol
 Gas liquid transition energy in the mix (H_glt)   :        10.98474 kcal/mol
 Normalized weight factor of molecule in compound  :         0.46846
 Normalized weight factor of molecule in gas phase :         0.58280

 Compound: 2 Conformer: 2 (3-hexanone_c1)
 Chemical potential of the molecule in the mixture :         6.94232 kcal/mol
 Log10(partial pressure [mbar])                    :         3.97390
 Free energy of molecule in mix (E_COSMO+dE+Mu)    :   -195307.96783 kcal/mol
 Total mean interaction energy in the mix          :        -6.71269 kcal/mol
 Misfit interaction energy in the mix              :         2.44240 kcal/mol
 H-Bond interaction energy in the mix              :        -2.26700 kcal/mol
 VdW interaction energy in the mix                 :       -17.87283 kcal/mol
 Gas liquid transition energy in the mix (H_glt)   :        10.98474 kcal/mol
 Normalized weight factor of molecule in compound  :         0.35954
 Normalized weight factor of molecule in gas phase :         0.27267

 Compound: 2 Conformer: 3 (3-hexanone_c2)
 Chemical potential of the molecule in the mixture :         7.00940 kcal/mol
 Log10(partial pressure [mbar])                    :         4.01842
 Free energy of molecule in mix (E_COSMO+dE+Mu)    :   -195307.50971 kcal/mol
 Total mean interaction energy in the mix          :        -6.63685 kcal/mol
 Misfit interaction energy in the mix              :         2.44423 kcal/mol
 H-Bond interaction energy in the mix              :        -2.21187 kcal/mol
 VdW interaction energy in the mix                 :       -17.85394 kcal/mol
 Gas liquid transition energy in the mix (H_glt)   :        10.98474 kcal/mol
 Normalized weight factor of molecule in compound  :         0.17200
 Normalized weight factor of molecule in gas phase :         0.14453

 Compound: 3 Conformer: 1 (lacticacid_c0)
 Chemical potential of the molecule in the mixture :         6.36153 kcal/mol
 Log10(partial pressure [mbar])                    :        -0.60611
 Free energy of molecule in mix (E_COSMO+dE+Mu)    :   -215742.31861 kcal/mol
 Total mean interaction energy in the mix          :        -7.35283 kcal/mol
 Misfit interaction energy in the mix              :         2.03056 kcal/mol
 H-Bond interaction energy in the mix              :        -4.39182 kcal/mol
 VdW interaction energy in the mix                 :       -13.24342 kcal/mol
 Gas liquid transition energy in the mix (H_glt)   :         8.25184 kcal/mol
 Normalized weight factor of molecule in compound  :         0.04354
 Normalized weight factor of molecule in gas phase :         0.00600

 Compound: 3 Conformer: 2 (lacticacid_c1)
 Chemical potential of the molecule in the mixture :         6.48477 kcal/mol
 Log10(partial pressure [mbar])                    :        -0.12898
 Free energy of molecule in mix (E_COSMO+dE+Mu)    :   -215742.01388 kcal/mol
 Total mean interaction energy in the mix          :        -6.91762 kcal/mol
 Misfit interaction energy in the mix              :         2.13822 kcal/mol
 H-Bond interaction energy in the mix              :        -4.08709 kcal/mol
 VdW interaction energy in the mix                 :       -13.22059 kcal/mol
 Gas liquid transition energy in the mix (H_glt)   :         8.25184 kcal/mol
 Normalized weight factor of molecule in compound  :         0.02666
 Normalized weight factor of molecule in gas phase :         0.01132

 Compound: 3 Conformer: 3 (lacticacid_c2)
 Chemical potential of the molecule in the mixture :         4.63437 kcal/mol
 Log10(partial pressure [mbar])                    :         0.55657
 Free energy of molecule in mix (E_COSMO+dE+Mu)    :   -215742.97209 kcal/mol
 Total mean interaction energy in the mix          :        -8.02167 kcal/mol
 Misfit interaction energy in the mix              :         2.07000 kcal/mol
 H-Bond interaction energy in the mix              :        -5.03769 kcal/mol
 VdW interaction energy in the mix                 :       -13.30581 kcal/mol
 Gas liquid transition energy in the mix (H_glt)   :         8.25184 kcal/mol
 Normalized weight factor of molecule in compound  :         0.12463
 Normalized weight factor of molecule in gas phase :         0.93343

 Compound: 3 Conformer: 4 (lacticacid_c3)
 Chemical potential of the molecule in the mixture :         2.88503 kcal/mol
 Log10(partial pressure [mbar])                    :        -1.70442
 Free energy of molecule in mix (E_COSMO+dE+Mu)    :   -215743.30040 kcal/mol
 Total mean interaction energy in the mix          :       -10.13422 kcal/mol
 Misfit interaction energy in the mix              :         1.99197 kcal/mol
 H-Bond interaction energy in the mix              :        -7.09619 kcal/mol
 VdW interaction energy in the mix                 :       -13.28184 kcal/mol
 Gas liquid transition energy in the mix (H_glt)   :         8.25184 kcal/mol
 Normalized weight factor of molecule in compound  :         0.21140
 Normalized weight factor of molecule in gas phase :         0.02803

 Compound: 3 Conformer: 5 (lacticacid_c4)
 Chemical potential of the molecule in the mixture :         2.37488 kcal/mol
 Log10(partial pressure [mbar])                    :        -3.62415
 Free energy of molecule in mix (E_COSMO+dE+Mu)    :   -215743.72395 kcal/mol
 Total mean interaction energy in the mix          :       -11.08250 kcal/mol
 Misfit interaction energy in the mix              :         1.97203 kcal/mol
 H-Bond interaction energy in the mix              :        -8.00336 kcal/mol
 VdW interaction energy in the mix                 :       -13.30301 kcal/mol
 Gas liquid transition energy in the mix (H_glt)   :         8.25184 kcal/mol
 Normalized weight factor of molecule in compound  :         0.41797
 Normalized weight factor of molecule in gas phase :         0.00067

 Compound: 3 Conformer: 6 (lacticacid_c5)
 Chemical potential of the molecule in the mixture :         2.84963 kcal/mol
 Log10(partial pressure [mbar])                    :        -1.75885
 Free energy of molecule in mix (E_COSMO+dE+Mu)    :   -215743.18583 kcal/mol
 Total mean interaction energy in the mix          :       -10.20945 kcal/mol
 Misfit interaction energy in the mix              :         1.96750 kcal/mol
 H-Bond interaction energy in the mix              :        -7.12543 kcal/mol
 VdW interaction energy in the mix                 :       -13.30336 kcal/mol
 Gas liquid transition energy in the mix (H_glt)   :         8.25184 kcal/mol
 Normalized weight factor of molecule in compound  :         0.17580
 Normalized weight factor of molecule in gas phase :         0.02055




 Results for mixture 38 - LIQ_EX Phase 2 Iteration   18
 ----------------------
 Temperature          :    312.668 K
 Compound Nr.         :         1         2         3
 Compound             :       h2o 3-hexanon lacticaci
 Mole Fraction        :    0.1086    0.8889    0.0025

 Compound: 1  (h2o)
 Chemical potential of the compound in the mixture :         4.83176 kcal/mol
 Log10(partial pressure [mbar])                    :         2.47879
 Free energy of molecule in mix (E_COSMO+dE+Mu)    :    -47988.42151 kcal/mol
 Total mean interaction energy in the mix (H_int)  :        -3.06081 kcal/mol
 Misfit interaction energy in the mix (H_MF)       :         1.33339 kcal/mol
 H-Bond interaction energy in the mix (H_HB)       :        -2.77168 kcal/mol
 VdW interaction energy in the mix (H_vdW)         :        -4.55457 kcal/mol
 Gas liquid transition energy in the mix (H_glt)   :         2.93205 kcal/mol
 Equilibrium constant Kx(1,2)                      :         9.16299
 Equilibrium concentration x_k(1,2)                :         0.90160

 Compound: 2  (3-hexanone)
 Chemical potential of the compound in the mixture :         3.04718 kcal/mol
 Log10(partial pressure [mbar])                    :         1.59826
 Free energy of molecule in mix (E_COSMO+dE+Mu)    :   -195312.17403 kcal/mol
 Total mean interaction energy in the mix (H_int)  :        -4.34656 kcal/mol
 Misfit interaction energy in the mix (H_MF)       :         3.27265 kcal/mol
 H-Bond interaction energy in the mix (H_HB)       :        -0.23747 kcal/mol
 VdW interaction energy in the mix (H_vdW)         :       -18.54040 kcal/mol
 Gas liquid transition energy in the mix (H_glt)   :        10.98474 kcal/mol
 Equilibrium constant Kx(1,2)                      :  3.19332310E-03
 Equilibrium concentration x_k(1,2)                :         0.00318

 Compound: 3  (lacticacid)
 Chemical potential of the compound in the mixture :         4.10682 kcal/mol
 Log10(partial pressure [mbar])                    :        -1.04181
 Free energy of molecule in mix (E_COSMO+dE+Mu)    :   -215744.57333 kcal/mol
 Total mean interaction energy in the mix (H_int)  :        -4.56432 kcal/mol
 Misfit interaction energy in the mix (H_MF)       :         2.43879 kcal/mol
 H-Bond interaction energy in the mix (H_HB)       :        -2.73742 kcal/mol
 VdW interaction energy in the mix (H_vdW)         :       -13.89719 kcal/mol
 Gas liquid transition energy in the mix (H_glt)   :         8.25184 kcal/mol
 Equilibrium constant Kx(1,2)                      :         0.60977
 Equilibrium concentration x_k(1,2)                :         0.37879



 Compound: 1 Conformer: 1 (h2o_c0)
 Chemical potential of the molecule in the mixture :         4.83176 kcal/mol
 Log10(partial pressure [mbar])                    :         2.47879
 Free energy of molecule in mix (E_COSMO+dE+Mu)    :    -47988.42151 kcal/mol
 Total mean interaction energy in the mix          :        -3.06081 kcal/mol
 Misfit interaction energy in the mix              :         1.33339 kcal/mol
 H-Bond interaction energy in the mix              :        -2.77168 kcal/mol
 VdW interaction energy in the mix                 :        -4.55457 kcal/mol
 Gas liquid transition energy in the mix (H_glt)   :         2.93205 kcal/mol
 Normalized weight factor of molecule in compound  :         1.00000
 Normalized weight factor of molecule in gas phase :         1.00000

 Compound: 2 Conformer: 1 (3-hexanone_c0)
 Chemical potential of the molecule in the mixture :         3.35639 kcal/mol
 Log10(partial pressure [mbar])                    :         1.57990
 Free energy of molecule in mix (E_COSMO+dE+Mu)    :   -195311.86483 kcal/mol
 Total mean interaction energy in the mix          :        -4.54364 kcal/mol
 Misfit interaction energy in the mix              :         3.24142 kcal/mol
 H-Bond interaction energy in the mix              :        -0.18901 kcal/mol
 VdW interaction energy in the mix                 :       -18.58079 kcal/mol
 Gas liquid transition energy in the mix (H_glt)   :        10.98474 kcal/mol
 Normalized weight factor of molecule in compound  :         0.60796
 Normalized weight factor of molecule in gas phase :         0.58280

 Compound: 2 Conformer: 2 (3-hexanone_c1)
 Chemical potential of the molecule in the mixture :         3.57513 kcal/mol
 Log10(partial pressure [mbar])                    :         1.62034
 Free energy of molecule in mix (E_COSMO+dE+Mu)    :   -195311.33501 kcal/mol
 Total mean interaction energy in the mix          :        -4.49032 kcal/mol
 Misfit interaction energy in the mix              :         3.32063 kcal/mol
 H-Bond interaction energy in the mix              :        -0.31114 kcal/mol
 VdW interaction energy in the mix                 :       -18.48455 kcal/mol
 Gas liquid transition energy in the mix (H_glt)   :        10.98474 kcal/mol
 Normalized weight factor of molecule in compound  :         0.25915
 Normalized weight factor of molecule in gas phase :         0.27267

 Compound: 2 Conformer: 3 (3-hexanone_c2)
 Chemical potential of the molecule in the mixture :         3.59907 kcal/mol
 Log10(partial pressure [mbar])                    :         1.63470
 Free energy of molecule in mix (E_COSMO+dE+Mu)    :   -195310.92004 kcal/mol
 Total mean interaction energy in the mix          :        -4.47330 kcal/mol
 Misfit interaction energy in the mix              :         3.32200 kcal/mol
 H-Bond interaction energy in the mix              :        -0.31549 kcal/mol
 VdW interaction energy in the mix                 :       -18.46456 kcal/mol
 Gas liquid transition energy in the mix (H_glt)   :        10.98474 kcal/mol
 Normalized weight factor of molecule in compound  :         0.13289
 Normalized weight factor of molecule in gas phase :         0.14453

 Compound: 3 Conformer: 1 (lacticacid_c0)
 Chemical potential of the molecule in the mixture :         5.69817 kcal/mol
 Log10(partial pressure [mbar])                    :        -1.06978
 Free energy of molecule in mix (E_COSMO+dE+Mu)    :   -215742.98198 kcal/mol
 Total mean interaction energy in the mix          :        -4.75744 kcal/mol
 Misfit interaction energy in the mix              :         2.91189 kcal/mol
 H-Bond interaction energy in the mix              :        -2.06104 kcal/mol
 VdW interaction energy in the mix                 :       -13.86014 kcal/mol
 Gas liquid transition energy in the mix (H_glt)   :         8.25184 kcal/mol
 Normalized weight factor of molecule in compound  :         0.07721
 Normalized weight factor of molecule in gas phase :         0.00600

 Compound: 3 Conformer: 2 (lacticacid_c1)
 Chemical potential of the molecule in the mixture :         6.07750 kcal/mol
 Log10(partial pressure [mbar])                    :        -0.41365
 Free energy of molecule in mix (E_COSMO+dE+Mu)    :   -215742.42115 kcal/mol
 Total mean interaction energy in the mix          :        -4.46814 kcal/mol
 Misfit interaction energy in the mix              :         2.90720 kcal/mol
 H-Bond interaction energy in the mix              :        -1.80031 kcal/mol
 VdW interaction energy in the mix                 :       -13.82687 kcal/mol
 Gas liquid transition energy in the mix (H_glt)   :         8.25184 kcal/mol
 Normalized weight factor of molecule in compound  :         0.03131
 Normalized weight factor of molecule in gas phase :         0.01132

 Compound: 3 Conformer: 3 (lacticacid_c2)
 Chemical potential of the molecule in the mixture :         3.33787 kcal/mol
 Log10(partial pressure [mbar])                    :        -0.34965
 Free energy of molecule in mix (E_COSMO+dE+Mu)    :   -215744.26860 kcal/mol
 Total mean interaction energy in the mix          :        -5.83442 kcal/mol
 Misfit interaction energy in the mix              :         2.27336 kcal/mol
 H-Bond interaction energy in the mix              :        -2.45541 kcal/mol
 VdW interaction energy in the mix                 :       -13.90422 kcal/mol
 Gas liquid transition energy in the mix (H_glt)   :         8.25184 kcal/mol
 Normalized weight factor of molecule in compound  :         0.61236
 Normalized weight factor of molecule in gas phase :         0.93343

 Compound: 3 Conformer: 4 (lacticacid_c3)
 Chemical potential of the molecule in the mixture :         2.93195 kcal/mol
 Log10(partial pressure [mbar])                    :        -1.67162
 Free energy of molecule in mix (E_COSMO+dE+Mu)    :   -215743.25349 kcal/mol
 Total mean interaction energy in the mix          :        -6.63920 kcal/mol
 Misfit interaction energy in the mix              :         2.53997 kcal/mol
 H-Bond interaction energy in the mix              :        -3.54879 kcal/mol
 VdW interaction energy in the mix                 :       -13.88222 kcal/mol
 Gas liquid transition energy in the mix (H_glt)   :         8.25184 kcal/mol
 Normalized weight factor of molecule in compound  :         0.11953
 Normalized weight factor of molecule in gas phase :         0.02803

 Compound: 3 Conformer: 5 (lacticacid_c4)
 Chemical potential of the molecule in the mixture :         3.28210 kcal/mol
 Log10(partial pressure [mbar])                    :        -2.99003
 Free energy of molecule in mix (E_COSMO+dE+Mu)    :   -215742.81673 kcal/mol
 Total mean interaction energy in the mix          :        -6.73256 kcal/mol
 Misfit interaction energy in the mix              :         2.95368 kcal/mol
 H-Bond interaction energy in the mix              :        -4.01464 kcal/mol
 VdW interaction energy in the mix                 :       -13.92345 kcal/mol
 Gas liquid transition energy in the mix (H_glt)   :         8.25184 kcal/mol
 Normalized weight factor of molecule in compound  :         0.05918
 Normalized weight factor of molecule in gas phase :         0.00067

 Compound: 3 Conformer: 6 (lacticacid_c5)
 Chemical potential of the molecule in the mixture :         2.89028 kcal/mol
 Log10(partial pressure [mbar])                    :        -1.73044
 Free energy of molecule in mix (E_COSMO+dE+Mu)    :   -215743.14518 kcal/mol
 Total mean interaction energy in the mix          :        -6.69238 kcal/mol
 Misfit interaction energy in the mix              :         2.51381 kcal/mol
 H-Bond interaction energy in the mix              :        -3.55099 kcal/mol
 VdW interaction energy in the mix                 :       -13.90705 kcal/mol
 Gas liquid transition energy in the mix (H_glt)   :         8.25184 kcal/mol
 Normalized weight factor of molecule in compound  :         0.10041
 Normalized weight factor of molecule in gas phase :         0.02055




 Results for mixture 39 - LIQ_EX Phase 1 Iteration   19
 ----------------------
 Temperature          :    312.668 K
 Compound Nr.         :         1         2         3
 Compound             :       h2o 3-hexanon lacticaci
 Mole Fraction        :    0.9956    0.0028    0.0015

 Compound: 1  (h2o)
 Chemical potential of the compound in the mixture :         3.45540 kcal/mol
 Log10(partial pressure [mbar])                    :         1.51675
 Free energy of molecule in mix (E_COSMO+dE+Mu)    :    -47989.79788 kcal/mol
 Total mean interaction energy in the mix (H_int)  :        -5.55269 kcal/mol
 Misfit interaction energy in the mix (H_MF)       :         0.58925 kcal/mol
 H-Bond interaction energy in the mix (H_HB)       :        -4.73172 kcal/mol
 VdW interaction energy in the mix (H_vdW)         :        -4.34227 kcal/mol
 Gas liquid transition energy in the mix (H_glt)   :         2.93205 kcal/mol

 Compound: 2  (3-hexanone)
 Chemical potential of the compound in the mixture :         6.61781 kcal/mol
 Log10(partial pressure [mbar])                    :         4.09402
 Free energy of molecule in mix (E_COSMO+dE+Mu)    :   -195308.60341 kcal/mol
 Total mean interaction energy in the mix (H_int)  :        -6.32580 kcal/mol
 Misfit interaction energy in the mix (H_MF)       :         2.47007 kcal/mol
 H-Bond interaction energy in the mix (H_HB)       :        -2.09819 kcal/mol
 VdW interaction energy in the mix (H_vdW)         :       -17.91504 kcal/mol
 Gas liquid transition energy in the mix (H_glt)   :        10.98474 kcal/mol

 Compound: 3  (lacticacid)
 Chemical potential of the compound in the mixture :         4.41418 kcal/mol
 Log10(partial pressure [mbar])                    :        -0.82697
 Free energy of molecule in mix (E_COSMO+dE+Mu)    :   -215744.26596 kcal/mol
 Total mean interaction energy in the mix (H_int)  :        -7.86378 kcal/mol
 Misfit interaction energy in the mix (H_MF)       :         1.99464 kcal/mol
 H-Bond interaction energy in the mix (H_HB)       :        -7.02599 kcal/mol
 VdW interaction energy in the mix (H_vdW)         :       -13.29416 kcal/mol
 Gas liquid transition energy in the mix (H_glt)   :         8.25184 kcal/mol



 Compound: 1 Conformer: 1 (h2o_c0)
 Chemical potential of the molecule in the mixture :         3.45540 kcal/mol
 Log10(partial pressure [mbar])                    :         1.51675
 Free energy of molecule in mix (E_COSMO+dE+Mu)    :    -47989.79788 kcal/mol
 Total mean interaction energy in the mix          :        -5.55269 kcal/mol
 Misfit interaction energy in the mix              :         0.58925 kcal/mol
 H-Bond interaction energy in the mix              :        -4.73172 kcal/mol
 VdW interaction energy in the mix                 :        -4.34227 kcal/mol
 Gas liquid transition energy in the mix (H_glt)   :         2.93205 kcal/mol
 Normalized weight factor of molecule in compound  :         1.00000
 Normalized weight factor of molecule in gas phase :         1.00000

 Compound: 2 Conformer: 1 (3-hexanone_c0)
 Chemical potential of the molecule in the mixture :         7.08897 kcal/mol
 Log10(partial pressure [mbar])                    :         4.18887
 Free energy of molecule in mix (E_COSMO+dE+Mu)    :   -195308.13224 kcal/mol
 Total mean interaction energy in the mix          :        -6.41120 kcal/mol
 Misfit interaction energy in the mix              :         2.50081 kcal/mol
 H-Bond interaction energy in the mix              :        -1.92688 kcal/mol
 VdW interaction energy in the mix                 :       -17.96986 kcal/mol
 Gas liquid transition energy in the mix (H_glt)   :        10.98474 kcal/mol
 Normalized weight factor of molecule in compound  :         0.46846
 Normalized weight factor of molecule in gas phase :         0.58280

 Compound: 2 Conformer: 2 (3-hexanone_c1)
 Chemical potential of the molecule in the mixture :         6.94232 kcal/mol
 Log10(partial pressure [mbar])                    :         3.97391
 Free energy of molecule in mix (E_COSMO+dE+Mu)    :   -195307.96782 kcal/mol
 Total mean interaction energy in the mix          :        -6.71269 kcal/mol
 Misfit interaction energy in the mix              :         2.44240 kcal/mol
 H-Bond interaction energy in the mix              :        -2.26700 kcal/mol
 VdW interaction energy in the mix                 :       -17.87283 kcal/mol
 Gas liquid transition energy in the mix (H_glt)   :        10.98474 kcal/mol
 Normalized weight factor of molecule in compound  :         0.35954
 Normalized weight factor of molecule in gas phase :         0.27267

 Compound: 2 Conformer: 3 (3-hexanone_c2)
 Chemical potential of the molecule in the mixture :         7.00940 kcal/mol
 Log10(partial pressure [mbar])                    :         4.01843
 Free energy of molecule in mix (E_COSMO+dE+Mu)    :   -195307.50971 kcal/mol
 Total mean interaction energy in the mix          :        -6.63685 kcal/mol
 Misfit interaction energy in the mix              :         2.44422 kcal/mol
 H-Bond interaction energy in the mix              :        -2.21187 kcal/mol
 VdW interaction energy in the mix                 :       -17.85394 kcal/mol
 Gas liquid transition energy in the mix (H_glt)   :        10.98474 kcal/mol
 Normalized weight factor of molecule in compound  :         0.17200
 Normalized weight factor of molecule in gas phase :         0.14453

 Compound: 3 Conformer: 1 (lacticacid_c0)
 Chemical potential of the molecule in the mixture :         6.36153 kcal/mol
 Log10(partial pressure [mbar])                    :        -0.60611
 Free energy of molecule in mix (E_COSMO+dE+Mu)    :   -215742.31861 kcal/mol
 Total mean interaction energy in the mix          :        -7.35283 kcal/mol
 Misfit interaction energy in the mix              :         2.03056 kcal/mol
 H-Bond interaction energy in the mix              :        -4.39182 kcal/mol
 VdW interaction energy in the mix                 :       -13.24342 kcal/mol
 Gas liquid transition energy in the mix (H_glt)   :         8.25184 kcal/mol
 Normalized weight factor of molecule in compound  :         0.04354
 Normalized weight factor of molecule in gas phase :         0.00600

 Compound: 3 Conformer: 2 (lacticacid_c1)
 Chemical potential of the molecule in the mixture :         6.48477 kcal/mol
 Log10(partial pressure [mbar])                    :        -0.12898
 Free energy of molecule in mix (E_COSMO+dE+Mu)    :   -215742.01387 kcal/mol
 Total mean interaction energy in the mix          :        -6.91762 kcal/mol
 Misfit interaction energy in the mix              :         2.13822 kcal/mol
 H-Bond interaction energy in the mix              :        -4.08709 kcal/mol
 VdW interaction energy in the mix                 :       -13.22059 kcal/mol
 Gas liquid transition energy in the mix (H_glt)   :         8.25184 kcal/mol
 Normalized weight factor of molecule in compound  :         0.02666
 Normalized weight factor of molecule in gas phase :         0.01132

 Compound: 3 Conformer: 3 (lacticacid_c2)
 Chemical potential of the molecule in the mixture :         4.63438 kcal/mol
 Log10(partial pressure [mbar])                    :         0.55657
 Free energy of molecule in mix (E_COSMO+dE+Mu)    :   -215742.97209 kcal/mol
 Total mean interaction energy in the mix          :        -8.02167 kcal/mol
 Misfit interaction energy in the mix              :         2.07000 kcal/mol
 H-Bond interaction energy in the mix              :        -5.03769 kcal/mol
 VdW interaction energy in the mix                 :       -13.30581 kcal/mol
 Gas liquid transition energy in the mix (H_glt)   :         8.25184 kcal/mol
 Normalized weight factor of molecule in compound  :         0.12463
 Normalized weight factor of molecule in gas phase :         0.93343

 Compound: 3 Conformer: 4 (lacticacid_c3)
 Chemical potential of the molecule in the mixture :         2.88503 kcal/mol
 Log10(partial pressure [mbar])                    :        -1.70442
 Free energy of molecule in mix (E_COSMO+dE+Mu)    :   -215743.30040 kcal/mol
 Total mean interaction energy in the mix          :       -10.13422 kcal/mol
 Misfit interaction energy in the mix              :         1.99197 kcal/mol
 H-Bond interaction energy in the mix              :        -7.09619 kcal/mol
 VdW interaction energy in the mix                 :       -13.28184 kcal/mol
 Gas liquid transition energy in the mix (H_glt)   :         8.25184 kcal/mol
 Normalized weight factor of molecule in compound  :         0.21140
 Normalized weight factor of molecule in gas phase :         0.02803

 Compound: 3 Conformer: 5 (lacticacid_c4)
 Chemical potential of the molecule in the mixture :         2.37488 kcal/mol
 Log10(partial pressure [mbar])                    :        -3.62414
 Free energy of molecule in mix (E_COSMO+dE+Mu)    :   -215743.72395 kcal/mol
 Total mean interaction energy in the mix          :       -11.08250 kcal/mol
 Misfit interaction energy in the mix              :         1.97203 kcal/mol
 H-Bond interaction energy in the mix              :        -8.00336 kcal/mol
 VdW interaction energy in the mix                 :       -13.30301 kcal/mol
 Gas liquid transition energy in the mix (H_glt)   :         8.25184 kcal/mol
 Normalized weight factor of molecule in compound  :         0.41797
 Normalized weight factor of molecule in gas phase :         0.00067

 Compound: 3 Conformer: 6 (lacticacid_c5)
 Chemical potential of the molecule in the mixture :         2.84963 kcal/mol
 Log10(partial pressure [mbar])                    :        -1.75885
 Free energy of molecule in mix (E_COSMO+dE+Mu)    :   -215743.18583 kcal/mol
 Total mean interaction energy in the mix          :       -10.20945 kcal/mol
 Misfit interaction energy in the mix              :         1.96750 kcal/mol
 H-Bond interaction energy in the mix              :        -7.12543 kcal/mol
 VdW interaction energy in the mix                 :       -13.30336 kcal/mol
 Gas liquid transition energy in the mix (H_glt)   :         8.25184 kcal/mol
 Normalized weight factor of molecule in compound  :         0.17580
 Normalized weight factor of molecule in gas phase :         0.02055




 Results for mixture 40 - LIQ_EX Phase 2 Iteration   19
 ----------------------
 Temperature          :    312.668 K
 Compound Nr.         :         1         2         3
 Compound             :       h2o 3-hexanon lacticaci
 Mole Fraction        :    0.1087    0.8888    0.0025

 Compound: 1  (h2o)
 Chemical potential of the compound in the mixture :         4.83169 kcal/mol
 Log10(partial pressure [mbar])                    :         2.47874
 Free energy of molecule in mix (E_COSMO+dE+Mu)    :    -47988.42158 kcal/mol
 Total mean interaction energy in the mix (H_int)  :        -3.06093 kcal/mol
 Misfit interaction energy in the mix (H_MF)       :         1.33334 kcal/mol
 H-Bond interaction energy in the mix (H_HB)       :        -2.77175 kcal/mol
 VdW interaction energy in the mix (H_vdW)         :        -4.55457 kcal/mol
 Gas liquid transition energy in the mix (H_glt)   :         2.93205 kcal/mol
 Equilibrium constant Kx(1,2)                      :         9.16200
 Equilibrium concentration x_k(1,2)                :         0.90159

 Compound: 2  (3-hexanone)
 Chemical potential of the compound in the mixture :         3.04719 kcal/mol
 Log10(partial pressure [mbar])                    :         1.59826
 Free energy of molecule in mix (E_COSMO+dE+Mu)    :   -195312.17403 kcal/mol
 Total mean interaction energy in the mix (H_int)  :        -4.34659 kcal/mol
 Misfit interaction energy in the mix (H_MF)       :         3.27265 kcal/mol
 H-Bond interaction energy in the mix (H_HB)       :        -0.23751 kcal/mol
 VdW interaction energy in the mix (H_vdW)         :       -18.54040 kcal/mol
 Gas liquid transition energy in the mix (H_glt)   :        10.98474 kcal/mol
 Equilibrium constant Kx(1,2)                      :  3.19334238E-03
 Equilibrium concentration x_k(1,2)                :         0.00318

 Compound: 3  (lacticacid)
 Chemical potential of the compound in the mixture :         4.10676 kcal/mol
 Log10(partial pressure [mbar])                    :        -1.04184
 Free energy of molecule in mix (E_COSMO+dE+Mu)    :   -215744.57338 kcal/mol
 Total mean interaction energy in the mix (H_int)  :        -4.56441 kcal/mol
 Misfit interaction energy in the mix (H_MF)       :         2.43876 kcal/mol
 H-Bond interaction energy in the mix (H_HB)       :        -2.73751 kcal/mol
 VdW interaction energy in the mix (H_vdW)         :       -13.89718 kcal/mol
 Gas liquid transition energy in the mix (H_glt)   :         8.25184 kcal/mol
 Equilibrium constant Kx(1,2)                      :         0.60971
 Equilibrium concentration x_k(1,2)                :         0.37877



 Compound: 1 Conformer: 1 (h2o_c0)
 Chemical potential of the molecule in the mixture :         4.83169 kcal/mol
 Log10(partial pressure [mbar])                    :         2.47874
 Free energy of molecule in mix (E_COSMO+dE+Mu)    :    -47988.42158 kcal/mol
 Total mean interaction energy in the mix          :        -3.06093 kcal/mol
 Misfit interaction energy in the mix              :         1.33334 kcal/mol
 H-Bond interaction energy in the mix              :        -2.77175 kcal/mol
 VdW interaction energy in the mix                 :        -4.55457 kcal/mol
 Gas liquid transition energy in the mix (H_glt)   :         2.93205 kcal/mol
 Normalized weight factor of molecule in compound  :         1.00000
 Normalized weight factor of molecule in gas phase :         1.00000

 Compound: 2 Conformer: 1 (3-hexanone_c0)
 Chemical potential of the molecule in the mixture :         3.35640 kcal/mol
 Log10(partial pressure [mbar])                    :         1.57991
 Free energy of molecule in mix (E_COSMO+dE+Mu)    :   -195311.86482 kcal/mol
 Total mean interaction energy in the mix          :        -4.54367 kcal/mol
 Misfit interaction energy in the mix              :         3.24142 kcal/mol
 H-Bond interaction energy in the mix              :        -0.18904 kcal/mol
 VdW interaction energy in the mix                 :       -18.58079 kcal/mol
 Gas liquid transition energy in the mix (H_glt)   :        10.98474 kcal/mol
 Normalized weight factor of molecule in compound  :         0.60796
 Normalized weight factor of molecule in gas phase :         0.58280

 Compound: 2 Conformer: 2 (3-hexanone_c1)
 Chemical potential of the molecule in the mixture :         3.57514 kcal/mol
 Log10(partial pressure [mbar])                    :         1.62035
 Free energy of molecule in mix (E_COSMO+dE+Mu)    :   -195311.33501 kcal/mol
 Total mean interaction energy in the mix          :        -4.49037 kcal/mol
 Misfit interaction energy in the mix              :         3.32063 kcal/mol
 H-Bond interaction energy in the mix              :        -0.31120 kcal/mol
 VdW interaction energy in the mix                 :       -18.48454 kcal/mol
 Gas liquid transition energy in the mix (H_glt)   :        10.98474 kcal/mol
 Normalized weight factor of molecule in compound  :         0.25915
 Normalized weight factor of molecule in gas phase :         0.27267

 Compound: 2 Conformer: 3 (3-hexanone_c2)
 Chemical potential of the molecule in the mixture :         3.59907 kcal/mol
 Log10(partial pressure [mbar])                    :         1.63471
 Free energy of molecule in mix (E_COSMO+dE+Mu)    :   -195310.92004 kcal/mol
 Total mean interaction energy in the mix          :        -4.47335 kcal/mol
 Misfit interaction energy in the mix              :         3.32200 kcal/mol
 H-Bond interaction energy in the mix              :        -0.31554 kcal/mol
 VdW interaction energy in the mix                 :       -18.46455 kcal/mol
 Gas liquid transition energy in the mix (H_glt)   :        10.98474 kcal/mol
 Normalized weight factor of molecule in compound  :         0.13289
 Normalized weight factor of molecule in gas phase :         0.14453

 Compound: 3 Conformer: 1 (lacticacid_c0)
 Chemical potential of the molecule in the mixture :         5.69812 kcal/mol
 Log10(partial pressure [mbar])                    :        -1.06981
 Free energy of molecule in mix (E_COSMO+dE+Mu)    :   -215742.98202 kcal/mol
 Total mean interaction energy in the mix          :        -4.75752 kcal/mol
 Misfit interaction energy in the mix              :         2.91185 kcal/mol
 H-Bond interaction energy in the mix              :        -2.06108 kcal/mol
 VdW interaction energy in the mix                 :       -13.86014 kcal/mol
 Gas liquid transition energy in the mix (H_glt)   :         8.25184 kcal/mol
 Normalized weight factor of molecule in compound  :         0.07721
 Normalized weight factor of molecule in gas phase :         0.00600

 Compound: 3 Conformer: 2 (lacticacid_c1)
 Chemical potential of the molecule in the mixture :         6.07744 kcal/mol
 Log10(partial pressure [mbar])                    :        -0.41369
 Free energy of molecule in mix (E_COSMO+dE+Mu)    :   -215742.42121 kcal/mol
 Total mean interaction energy in the mix          :        -4.46823 kcal/mol
 Misfit interaction energy in the mix              :         2.90716 kcal/mol
 H-Bond interaction energy in the mix              :        -1.80037 kcal/mol
 VdW interaction energy in the mix                 :       -13.82686 kcal/mol
 Gas liquid transition energy in the mix (H_glt)   :         8.25184 kcal/mol
 Normalized weight factor of molecule in compound  :         0.03131
 Normalized weight factor of molecule in gas phase :         0.01132

 Compound: 3 Conformer: 3 (lacticacid_c2)
 Chemical potential of the molecule in the mixture :         3.33783 kcal/mol
 Log10(partial pressure [mbar])                    :        -0.34968
 Free energy of molecule in mix (E_COSMO+dE+Mu)    :   -215744.26864 kcal/mol
 Total mean interaction energy in the mix          :        -5.83450 kcal/mol
 Misfit interaction energy in the mix              :         2.27334 kcal/mol
 H-Bond interaction energy in the mix              :        -2.45547 kcal/mol
 VdW interaction energy in the mix                 :       -13.90421 kcal/mol
 Gas liquid transition energy in the mix (H_glt)   :         8.25184 kcal/mol
 Normalized weight factor of molecule in compound  :         0.61234
 Normalized weight factor of molecule in gas phase :         0.93343

 Compound: 3 Conformer: 4 (lacticacid_c3)
 Chemical potential of the molecule in the mixture :         2.93187 kcal/mol
 Log10(partial pressure [mbar])                    :        -1.67168
 Free energy of molecule in mix (E_COSMO+dE+Mu)    :   -215743.25356 kcal/mol
 Total mean interaction energy in the mix          :        -6.63933 kcal/mol
 Misfit interaction energy in the mix              :         2.53993 kcal/mol
 H-Bond interaction energy in the mix              :        -3.54889 kcal/mol
 VdW interaction energy in the mix                 :       -13.88222 kcal/mol
 Gas liquid transition energy in the mix (H_glt)   :         8.25184 kcal/mol
 Normalized weight factor of molecule in compound  :         0.11953
 Normalized weight factor of molecule in gas phase :         0.02803

 Compound: 3 Conformer: 5 (lacticacid_c4)
 Chemical potential of the molecule in the mixture :         3.28200 kcal/mol
 Log10(partial pressure [mbar])                    :        -2.99009
 Free energy of molecule in mix (E_COSMO+dE+Mu)    :   -215742.81683 kcal/mol
 Total mean interaction energy in the mix          :        -6.73273 kcal/mol
 Misfit interaction energy in the mix              :         2.95362 kcal/mol
 H-Bond interaction energy in the mix              :        -4.01475 kcal/mol
 VdW interaction energy in the mix                 :       -13.92344 kcal/mol
 Gas liquid transition energy in the mix (H_glt)   :         8.25184 kcal/mol
 Normalized weight factor of molecule in compound  :         0.05919
 Normalized weight factor of molecule in gas phase :         0.00067

 Compound: 3 Conformer: 6 (lacticacid_c5)
 Chemical potential of the molecule in the mixture :         2.89020 kcal/mol
 Log10(partial pressure [mbar])                    :        -1.73049
 Free energy of molecule in mix (E_COSMO+dE+Mu)    :   -215743.14526 kcal/mol
 Total mean interaction energy in the mix          :        -6.69251 kcal/mol
 Misfit interaction energy in the mix              :         2.51376 kcal/mol
 H-Bond interaction energy in the mix              :        -3.55108 kcal/mol
 VdW interaction energy in the mix                 :       -13.90704 kcal/mol
 Gas liquid transition energy in the mix (H_glt)   :         8.25184 kcal/mol
 Normalized weight factor of molecule in compound  :         0.10041
 Normalized weight factor of molecule in gas phase :         0.02055




 Results for mixture 41 - LIQ_EX Phase 1 Iteration   20
 ----------------------
 Temperature          :    312.668 K
 Compound Nr.         :         1         2         3
 Compound             :       h2o 3-hexanon lacticaci
 Mole Fraction        :    0.9956    0.0028    0.0015

 Compound: 1  (h2o)
 Chemical potential of the compound in the mixture :         3.45540 kcal/mol
 Log10(partial pressure [mbar])                    :         1.51675
 Free energy of molecule in mix (E_COSMO+dE+Mu)    :    -47989.79788 kcal/mol
 Total mean interaction energy in the mix (H_int)  :        -5.55269 kcal/mol
 Misfit interaction energy in the mix (H_MF)       :         0.58925 kcal/mol
 H-Bond interaction energy in the mix (H_HB)       :        -4.73172 kcal/mol
 VdW interaction energy in the mix (H_vdW)         :        -4.34227 kcal/mol
 Gas liquid transition energy in the mix (H_glt)   :         2.93205 kcal/mol

 Compound: 2  (3-hexanone)
 Chemical potential of the compound in the mixture :         6.61781 kcal/mol
 Log10(partial pressure [mbar])                    :         4.09402
 Free energy of molecule in mix (E_COSMO+dE+Mu)    :   -195308.60340 kcal/mol
 Total mean interaction energy in the mix (H_int)  :        -6.32580 kcal/mol
 Misfit interaction energy in the mix (H_MF)       :         2.47007 kcal/mol
 H-Bond interaction energy in the mix (H_HB)       :        -2.09819 kcal/mol
 VdW interaction energy in the mix (H_vdW)         :       -17.91504 kcal/mol
 Gas liquid transition energy in the mix (H_glt)   :        10.98474 kcal/mol

 Compound: 3  (lacticacid)
 Chemical potential of the compound in the mixture :         4.41418 kcal/mol
 Log10(partial pressure [mbar])                    :        -0.82697
 Free energy of molecule in mix (E_COSMO+dE+Mu)    :   -215744.26596 kcal/mol
 Total mean interaction energy in the mix (H_int)  :        -7.86378 kcal/mol
 Misfit interaction energy in the mix (H_MF)       :         1.99464 kcal/mol
 H-Bond interaction energy in the mix (H_HB)       :        -7.02599 kcal/mol
 VdW interaction energy in the mix (H_vdW)         :       -13.29416 kcal/mol
 Gas liquid transition energy in the mix (H_glt)   :         8.25184 kcal/mol



 Compound: 1 Conformer: 1 (h2o_c0)
 Chemical potential of the molecule in the mixture :         3.45540 kcal/mol
 Log10(partial pressure [mbar])                    :         1.51675
 Free energy of molecule in mix (E_COSMO+dE+Mu)    :    -47989.79788 kcal/mol
 Total mean interaction energy in the mix          :        -5.55269 kcal/mol
 Misfit interaction energy in the mix              :         0.58925 kcal/mol
 H-Bond interaction energy in the mix              :        -4.73172 kcal/mol
 VdW interaction energy in the mix                 :        -4.34227 kcal/mol
 Gas liquid transition energy in the mix (H_glt)   :         2.93205 kcal/mol
 Normalized weight factor of molecule in compound  :         1.00000
 Normalized weight factor of molecule in gas phase :         1.00000

 Compound: 2 Conformer: 1 (3-hexanone_c0)
 Chemical potential of the molecule in the mixture :         7.08898 kcal/mol
 Log10(partial pressure [mbar])                    :         4.18887
 Free energy of molecule in mix (E_COSMO+dE+Mu)    :   -195308.13224 kcal/mol
 Total mean interaction energy in the mix          :        -6.41120 kcal/mol
 Misfit interaction energy in the mix              :         2.50081 kcal/mol
 H-Bond interaction energy in the mix              :        -1.92688 kcal/mol
 VdW interaction energy in the mix                 :       -17.96986 kcal/mol
 Gas liquid transition energy in the mix (H_glt)   :        10.98474 kcal/mol
 Normalized weight factor of molecule in compound  :         0.46846
 Normalized weight factor of molecule in gas phase :         0.58280

 Compound: 2 Conformer: 2 (3-hexanone_c1)
 Chemical potential of the molecule in the mixture :         6.94233 kcal/mol
 Log10(partial pressure [mbar])                    :         3.97391
 Free energy of molecule in mix (E_COSMO+dE+Mu)    :   -195307.96782 kcal/mol
 Total mean interaction energy in the mix          :        -6.71269 kcal/mol
 Misfit interaction energy in the mix              :         2.44240 kcal/mol
 H-Bond interaction energy in the mix              :        -2.26700 kcal/mol
 VdW interaction energy in the mix                 :       -17.87283 kcal/mol
 Gas liquid transition energy in the mix (H_glt)   :        10.98474 kcal/mol
 Normalized weight factor of molecule in compound  :         0.35954
 Normalized weight factor of molecule in gas phase :         0.27267

 Compound: 2 Conformer: 3 (3-hexanone_c2)
 Chemical potential of the molecule in the mixture :         7.00941 kcal/mol
 Log10(partial pressure [mbar])                    :         4.01843
 Free energy of molecule in mix (E_COSMO+dE+Mu)    :   -195307.50970 kcal/mol
 Total mean interaction energy in the mix          :        -6.63685 kcal/mol
 Misfit interaction energy in the mix              :         2.44422 kcal/mol
 H-Bond interaction energy in the mix              :        -2.21187 kcal/mol
 VdW interaction energy in the mix                 :       -17.85394 kcal/mol
 Gas liquid transition energy in the mix (H_glt)   :        10.98474 kcal/mol
 Normalized weight factor of molecule in compound  :         0.17200
 Normalized weight factor of molecule in gas phase :         0.14453

 Compound: 3 Conformer: 1 (lacticacid_c0)
 Chemical potential of the molecule in the mixture :         6.36153 kcal/mol
 Log10(partial pressure [mbar])                    :        -0.60611
 Free energy of molecule in mix (E_COSMO+dE+Mu)    :   -215742.31861 kcal/mol
 Total mean interaction energy in the mix          :        -7.35283 kcal/mol
 Misfit interaction energy in the mix              :         2.03056 kcal/mol
 H-Bond interaction energy in the mix              :        -4.39182 kcal/mol
 VdW interaction energy in the mix                 :       -13.24342 kcal/mol
 Gas liquid transition energy in the mix (H_glt)   :         8.25184 kcal/mol
 Normalized weight factor of molecule in compound  :         0.04354
 Normalized weight factor of molecule in gas phase :         0.00600

 Compound: 3 Conformer: 2 (lacticacid_c1)
 Chemical potential of the molecule in the mixture :         6.48477 kcal/mol
 Log10(partial pressure [mbar])                    :        -0.12898
 Free energy of molecule in mix (E_COSMO+dE+Mu)    :   -215742.01387 kcal/mol
 Total mean interaction energy in the mix          :        -6.91762 kcal/mol
 Misfit interaction energy in the mix              :         2.13822 kcal/mol
 H-Bond interaction energy in the mix              :        -4.08709 kcal/mol
 VdW interaction energy in the mix                 :       -13.22059 kcal/mol
 Gas liquid transition energy in the mix (H_glt)   :         8.25184 kcal/mol
 Normalized weight factor of molecule in compound  :         0.02666
 Normalized weight factor of molecule in gas phase :         0.01132

 Compound: 3 Conformer: 3 (lacticacid_c2)
 Chemical potential of the molecule in the mixture :         4.63438 kcal/mol
 Log10(partial pressure [mbar])                    :         0.55657
 Free energy of molecule in mix (E_COSMO+dE+Mu)    :   -215742.97208 kcal/mol
 Total mean interaction energy in the mix          :        -8.02167 kcal/mol
 Misfit interaction energy in the mix              :         2.07000 kcal/mol
 H-Bond interaction energy in the mix              :        -5.03769 kcal/mol
 VdW interaction energy in the mix                 :       -13.30581 kcal/mol
 Gas liquid transition energy in the mix (H_glt)   :         8.25184 kcal/mol
 Normalized weight factor of molecule in compound  :         0.12463
 Normalized weight factor of molecule in gas phase :         0.93343

 Compound: 3 Conformer: 4 (lacticacid_c3)
 Chemical potential of the molecule in the mixture :         2.88503 kcal/mol
 Log10(partial pressure [mbar])                    :        -1.70442
 Free energy of molecule in mix (E_COSMO+dE+Mu)    :   -215743.30040 kcal/mol
 Total mean interaction energy in the mix          :       -10.13422 kcal/mol
 Misfit interaction energy in the mix              :         1.99197 kcal/mol
 H-Bond interaction energy in the mix              :        -7.09619 kcal/mol
 VdW interaction energy in the mix                 :       -13.28184 kcal/mol
 Gas liquid transition energy in the mix (H_glt)   :         8.25184 kcal/mol
 Normalized weight factor of molecule in compound  :         0.21140
 Normalized weight factor of molecule in gas phase :         0.02803

 Compound: 3 Conformer: 5 (lacticacid_c4)
 Chemical potential of the molecule in the mixture :         2.37488 kcal/mol
 Log10(partial pressure [mbar])                    :        -3.62414
 Free energy of molecule in mix (E_COSMO+dE+Mu)    :   -215743.72395 kcal/mol
 Total mean interaction energy in the mix          :       -11.08250 kcal/mol
 Misfit interaction energy in the mix              :         1.97203 kcal/mol
 H-Bond interaction energy in the mix              :        -8.00336 kcal/mol
 VdW interaction energy in the mix                 :       -13.30301 kcal/mol
 Gas liquid transition energy in the mix (H_glt)   :         8.25184 kcal/mol
 Normalized weight factor of molecule in compound  :         0.41797
 Normalized weight factor of molecule in gas phase :         0.00067

 Compound: 3 Conformer: 6 (lacticacid_c5)
 Chemical potential of the molecule in the mixture :         2.84963 kcal/mol
 Log10(partial pressure [mbar])                    :        -1.75885
 Free energy of molecule in mix (E_COSMO+dE+Mu)    :   -215743.18583 kcal/mol
 Total mean interaction energy in the mix          :       -10.20945 kcal/mol
 Misfit interaction energy in the mix              :         1.96750 kcal/mol
 H-Bond interaction energy in the mix              :        -7.12543 kcal/mol
 VdW interaction energy in the mix                 :       -13.30336 kcal/mol
 Gas liquid transition energy in the mix (H_glt)   :         8.25184 kcal/mol
 Normalized weight factor of molecule in compound  :         0.17580
 Normalized weight factor of molecule in gas phase :         0.02055




 Results for mixture 42 - LIQ_EX Phase 2 Iteration   20
 ----------------------
 Temperature          :    312.668 K
 Compound Nr.         :         1         2         3
 Compound             :       h2o 3-hexanon lacticaci
 Mole Fraction        :    0.1087    0.8888    0.0025

 Compound: 1  (h2o)
 Chemical potential of the compound in the mixture :         4.83165 kcal/mol
 Log10(partial pressure [mbar])                    :         2.47871
 Free energy of molecule in mix (E_COSMO+dE+Mu)    :    -47988.42162 kcal/mol
 Total mean interaction energy in the mix (H_int)  :        -3.06101 kcal/mol
 Misfit interaction energy in the mix (H_MF)       :         1.33331 kcal/mol
 H-Bond interaction energy in the mix (H_HB)       :        -2.77180 kcal/mol
 VdW interaction energy in the mix (H_vdW)         :        -4.55457 kcal/mol
 Gas liquid transition energy in the mix (H_glt)   :         2.93205 kcal/mol
 Equilibrium constant Kx(1,2)                      :         9.16134
 Equilibrium concentration x_k(1,2)                :         0.90159

 Compound: 2  (3-hexanone)
 Chemical potential of the compound in the mixture :         3.04720 kcal/mol
 Log10(partial pressure [mbar])                    :         1.59827
 Free energy of molecule in mix (E_COSMO+dE+Mu)    :   -195312.17402 kcal/mol
 Total mean interaction energy in the mix (H_int)  :        -4.34662 kcal/mol
 Misfit interaction energy in the mix (H_MF)       :         3.27266 kcal/mol
 H-Bond interaction energy in the mix (H_HB)       :        -0.23754 kcal/mol
 VdW interaction energy in the mix (H_vdW)         :       -18.54040 kcal/mol
 Gas liquid transition energy in the mix (H_glt)   :        10.98474 kcal/mol
 Equilibrium constant Kx(1,2)                      :  3.19335512E-03
 Equilibrium concentration x_k(1,2)                :         0.00318

 Compound: 3  (lacticacid)
 Chemical potential of the compound in the mixture :         4.10673 kcal/mol
 Log10(partial pressure [mbar])                    :        -1.04187
 Free energy of molecule in mix (E_COSMO+dE+Mu)    :   -215744.57341 kcal/mol
 Total mean interaction energy in the mix (H_int)  :        -4.56446 kcal/mol
 Misfit interaction energy in the mix (H_MF)       :         2.43874 kcal/mol
 H-Bond interaction energy in the mix (H_HB)       :        -2.73756 kcal/mol
 VdW interaction energy in the mix (H_vdW)         :       -13.89718 kcal/mol
 Gas liquid transition energy in the mix (H_glt)   :         8.25184 kcal/mol
 Equilibrium constant Kx(1,2)                      :         0.60968
 Equilibrium concentration x_k(1,2)                :         0.37876



 Compound: 1 Conformer: 1 (h2o_c0)
 Chemical potential of the molecule in the mixture :         4.83165 kcal/mol
 Log10(partial pressure [mbar])                    :         2.47871
 Free energy of molecule in mix (E_COSMO+dE+Mu)    :    -47988.42162 kcal/mol
 Total mean interaction energy in the mix          :        -3.06101 kcal/mol
 Misfit interaction energy in the mix              :         1.33331 kcal/mol
 H-Bond interaction energy in the mix              :        -2.77180 kcal/mol
 VdW interaction energy in the mix                 :        -4.55457 kcal/mol
 Gas liquid transition energy in the mix (H_glt)   :         2.93205 kcal/mol
 Normalized weight factor of molecule in compound  :         1.00000
 Normalized weight factor of molecule in gas phase :         1.00000

 Compound: 2 Conformer: 1 (3-hexanone_c0)
 Chemical potential of the molecule in the mixture :         3.35641 kcal/mol
 Log10(partial pressure [mbar])                    :         1.57992
 Free energy of molecule in mix (E_COSMO+dE+Mu)    :   -195311.86481 kcal/mol
 Total mean interaction energy in the mix          :        -4.54369 kcal/mol
 Misfit interaction energy in the mix              :         3.24142 kcal/mol
 H-Bond interaction energy in the mix              :        -0.18907 kcal/mol
 VdW interaction energy in the mix                 :       -18.58078 kcal/mol
 Gas liquid transition energy in the mix (H_glt)   :        10.98474 kcal/mol
 Normalized weight factor of molecule in compound  :         0.60796
 Normalized weight factor of molecule in gas phase :         0.58280

 Compound: 2 Conformer: 2 (3-hexanone_c1)
 Chemical potential of the molecule in the mixture :         3.57514 kcal/mol
 Log10(partial pressure [mbar])                    :         1.62035
 Free energy of molecule in mix (E_COSMO+dE+Mu)    :   -195311.33500 kcal/mol
 Total mean interaction energy in the mix          :        -4.49040 kcal/mol
 Misfit interaction energy in the mix              :         3.32063 kcal/mol
 H-Bond interaction energy in the mix              :        -0.31123 kcal/mol
 VdW interaction energy in the mix                 :       -18.48454 kcal/mol
 Gas liquid transition energy in the mix (H_glt)   :        10.98474 kcal/mol
 Normalized weight factor of molecule in compound  :         0.25915
 Normalized weight factor of molecule in gas phase :         0.27267

 Compound: 2 Conformer: 3 (3-hexanone_c2)
 Chemical potential of the molecule in the mixture :         3.59908 kcal/mol
 Log10(partial pressure [mbar])                    :         1.63471
 Free energy of molecule in mix (E_COSMO+dE+Mu)    :   -195310.92003 kcal/mol
 Total mean interaction energy in the mix          :        -4.47338 kcal/mol
 Misfit interaction energy in the mix              :         3.32200 kcal/mol
 H-Bond interaction energy in the mix              :        -0.31558 kcal/mol
 VdW interaction energy in the mix                 :       -18.46455 kcal/mol
 Gas liquid transition energy in the mix (H_glt)   :        10.98474 kcal/mol
 Normalized weight factor of molecule in compound  :         0.13289
 Normalized weight factor of molecule in gas phase :         0.14453

 Compound: 3 Conformer: 1 (lacticacid_c0)
 Chemical potential of the molecule in the mixture :         5.69809 kcal/mol
 Log10(partial pressure [mbar])                    :        -1.06983
 Free energy of molecule in mix (E_COSMO+dE+Mu)    :   -215742.98205 kcal/mol
 Total mean interaction energy in the mix          :        -4.75758 kcal/mol
 Misfit interaction energy in the mix              :         2.91182 kcal/mol
 H-Bond interaction energy in the mix              :        -2.06111 kcal/mol
 VdW interaction energy in the mix                 :       -13.86013 kcal/mol
 Gas liquid transition energy in the mix (H_glt)   :         8.25184 kcal/mol
 Normalized weight factor of molecule in compound  :         0.07721
 Normalized weight factor of molecule in gas phase :         0.00600

 Compound: 3 Conformer: 2 (lacticacid_c1)
 Chemical potential of the molecule in the mixture :         6.07740 kcal/mol
 Log10(partial pressure [mbar])                    :        -0.41372
 Free energy of molecule in mix (E_COSMO+dE+Mu)    :   -215742.42125 kcal/mol
 Total mean interaction energy in the mix          :        -4.46828 kcal/mol
 Misfit interaction energy in the mix              :         2.90714 kcal/mol
 H-Bond interaction energy in the mix              :        -1.80041 kcal/mol
 VdW interaction energy in the mix                 :       -13.82685 kcal/mol
 Gas liquid transition energy in the mix (H_glt)   :         8.25184 kcal/mol
 Normalized weight factor of molecule in compound  :         0.03131
 Normalized weight factor of molecule in gas phase :         0.01132

 Compound: 3 Conformer: 3 (lacticacid_c2)
 Chemical potential of the molecule in the mixture :         3.33780 kcal/mol
 Log10(partial pressure [mbar])                    :        -0.34970
 Free energy of molecule in mix (E_COSMO+dE+Mu)    :   -215744.26866 kcal/mol
 Total mean interaction energy in the mix          :        -5.83456 kcal/mol
 Misfit interaction energy in the mix              :         2.27332 kcal/mol
 H-Bond interaction energy in the mix              :        -2.45550 kcal/mol
 VdW interaction energy in the mix                 :       -13.90421 kcal/mol
 Gas liquid transition energy in the mix (H_glt)   :         8.25184 kcal/mol
 Normalized weight factor of molecule in compound  :         0.61233
 Normalized weight factor of molecule in gas phase :         0.93343

 Compound: 3 Conformer: 4 (lacticacid_c3)
 Chemical potential of the molecule in the mixture :         2.93181 kcal/mol
 Log10(partial pressure [mbar])                    :        -1.67171
 Free energy of molecule in mix (E_COSMO+dE+Mu)    :   -215743.25362 kcal/mol
 Total mean interaction energy in the mix          :        -6.63942 kcal/mol
 Misfit interaction energy in the mix              :         2.53990 kcal/mol
 H-Bond interaction energy in the mix              :        -3.54895 kcal/mol
 VdW interaction energy in the mix                 :       -13.88221 kcal/mol
 Gas liquid transition energy in the mix (H_glt)   :         8.25184 kcal/mol
 Normalized weight factor of molecule in compound  :         0.11954
 Normalized weight factor of molecule in gas phase :         0.02803

 Compound: 3 Conformer: 5 (lacticacid_c4)
 Chemical potential of the molecule in the mixture :         3.28194 kcal/mol
 Log10(partial pressure [mbar])                    :        -2.99014
 Free energy of molecule in mix (E_COSMO+dE+Mu)    :   -215742.81689 kcal/mol
 Total mean interaction energy in the mix          :        -6.73285 kcal/mol
 Misfit interaction energy in the mix              :         2.95358 kcal/mol
 H-Bond interaction energy in the mix              :        -4.01483 kcal/mol
 VdW interaction energy in the mix                 :       -13.92344 kcal/mol
 Gas liquid transition energy in the mix (H_glt)   :         8.25184 kcal/mol
 Normalized weight factor of molecule in compound  :         0.05919
 Normalized weight factor of molecule in gas phase :         0.00067

 Compound: 3 Conformer: 6 (lacticacid_c5)
 Chemical potential of the molecule in the mixture :         2.89015 kcal/mol
 Log10(partial pressure [mbar])                    :        -1.73053
 Free energy of molecule in mix (E_COSMO+dE+Mu)    :   -215743.14531 kcal/mol
 Total mean interaction energy in the mix          :        -6.69260 kcal/mol
 Misfit interaction energy in the mix              :         2.51373 kcal/mol
 H-Bond interaction energy in the mix              :        -3.55114 kcal/mol
 VdW interaction energy in the mix                 :       -13.90703 kcal/mol
 Gas liquid transition energy in the mix (H_glt)   :         8.25184 kcal/mol
 Normalized weight factor of molecule in compound  :         0.10042
 Normalized weight factor of molecule in gas phase :         0.02055


 Iterative computation of Multi-Component-2-Phase-Equilibrium (LIQ_EX) converged !


----------------
 END job       1
----------------
